08-07-2026 07:02:35,GPU temperature,GPU usage,Memory usage,Core clock,Memory clock,Fan tachometer,CPU1 temperature,CPU2 temperature,CPU3 temperature,CPU4 temperature,CPU5 temperature,CPU6 temperature,CPU7 temperature,CPU8 temperature,CPU temperature,CPU1 usage,CPU2 usage,CPU3 usage,CPU4 usage,CPU5 usage,CPU6 usage,CPU7 usage,CPU8 usage,CPU usage,CPU1 clock,CPU2 clock,CPU3 clock,CPU4 clock,CPU5 clock,CPU6 clock,CPU7 clock,CPU8 clock,CPU clock,CPU1 power,CPU2 power,CPU3 power,CPU4 power,CPU5 power,CPU6 power,CPU7 power,CPU8 power,CPU power,RAM usage,Commit charge,frametime,elapsed,fps
2026-07-08 07:02:35,0.0,°C                  ,0.0,100.0,10.0,,,,,,,,,,,,,,,,,,,,,,,,,,,,,,,,,,,,,,,,,0.0,
2026-07-08 07:02:35,1.0,%                   ,0.0,100.0,10.0,,,,,,,,,,,,,,,,,,,,,,,,,,,,,,,,,,,,,,,,,0.0,
2026-07-08 07:02:35,2.0,MB                  ,0.0,8192.0,10.0,,,,,,,,,,,,,,,,,,,,,,,,,,,,,,,,,,,,,,,,,0.0,
2026-07-08 07:02:35,3.0,MHz                 ,0.0,2500.0,10.0,,,,,,,,,,,,,,,,,,,,,,,,,,,,,,,,,,,,,,,,,0.0,
2026-07-08 07:02:35,4.0,MHz                 ,0.0,7500.0,10.0,,,,,,,,,,,,,,,,,,,,,,,,,,,,,,,,,,,,,,,,,0.0,
2026-07-08 07:02:35,5.0,RPM                 ,0.0,10000.0,10.0,,,,,,,,,,,,,,,,,,,,,,,,,,,,,,,,,,,,,,,,,0.0,
2026-07-08 07:02:35,6.0,°C                  ,0.0,100.0,10.0,,,,,,,,,,,,,,,,,,,,,,,,,,,,,,,,,,,,,,,,,0.0,
2026-07-08 07:02:35,7.0,°C                  ,0.0,100.0,10.0,,,,,,,,,,,,,,,,,,,,,,,,,,,,,,,,,,,,,,,,,0.0,
2026-07-08 07:02:35,8.0,°C                  ,0.0,100.0,10.0,,,,,,,,,,,,,,,,,,,,,,,,,,,,,,,,,,,,,,,,,0.0,
2026-07-08 07:02:35,9.0,°C                  ,0.0,100.0,10.0,,,,,,,,,,,,,,,,,,,,,,,,,,,,,,,,,,,,,,,,,0.0,
2026-07-08 07:02:35,10.0,°C                  ,0.0,100.0,10.0,,,,,,,,,,,,,,,,,,,,,,,,,,,,,,,,,,,,,,,,,0.0,
2026-07-08 07:02:35,11.0,°C                  ,0.0,100.0,10.0,,,,,,,,,,,,,,,,,,,,,,,,,,,,,,,,,,,,,,,,,0.0,
2026-07-08 07:02:35,12.0,°C                  ,0.0,100.0,10.0,,,,,,,,,,,,,,,,,,,,,,,,,,,,,,,,,,,,,,,,,0.0,
2026-07-08 07:02:35,13.0,°C                  ,0.0,100.0,10.0,,,,,,,,,,,,,,,,,,,,,,,,,,,,,,,,,,,,,,,,,0.0,
2026-07-08 07:02:35,14.0,°C                  ,0.0,100.0,10.0,,,,,,,,,,,,,,,,,,,,,,,,,,,,,,,,,,,,,,,,,0.0,
2026-07-08 07:02:35,15.0,%                   ,0.0,100.0,10.0,,,,,,,,,,,,,,,,,,,,,,,,,,,,,,,,,,,,,,,,,0.0,
2026-07-08 07:02:35,16.0,%                   ,0.0,100.0,10.0,,,,,,,,,,,,,,,,,,,,,,,,,,,,,,,,,,,,,,,,,0.0,
2026-07-08 07:02:35,17.0,%                   ,0.0,100.0,10.0,,,,,,,,,,,,,,,,,,,,,,,,,,,,,,,,,,,,,,,,,0.0,
2026-07-08 07:02:35,18.0,%                   ,0.0,100.0,10.0,,,,,,,,,,,,,,,,,,,,,,,,,,,,,,,,,,,,,,,,,0.0,
2026-07-08 07:02:35,19.0,%                   ,0.0,100.0,10.0,,,,,,,,,,,,,,,,,,,,,,,,,,,,,,,,,,,,,,,,,0.0,
2026-07-08 07:02:35,20.0,%                   ,0.0,100.0,10.0,,,,,,,,,,,,,,,,,,,,,,,,,,,,,,,,,,,,,,,,,0.0,
2026-07-08 07:02:35,21.0,%                   ,0.0,100.0,10.0,,,,,,,,,,,,,,,,,,,,,,,,,,,,,,,,,,,,,,,,,0.0,
2026-07-08 07:02:35,22.0,%                   ,0.0,100.0,10.0,,,,,,,,,,,,,,,,,,,,,,,,,,,,,,,,,,,,,,,,,0.0,
2026-07-08 07:02:35,23.0,%                   ,0.0,100.0,10.0,,,,,,,,,,,,,,,,,,,,,,,,,,,,,,,,,,,,,,,,,0.0,
2026-07-08 07:02:35,24.0,MHz                 ,0.0,5000.0,10.0,,,,,,,,,,,,,,,,,,,,,,,,,,,,,,,,,,,,,,,,,0.0,
2026-07-08 07:02:35,25.0,MHz                 ,0.0,5000.0,10.0,,,,,,,,,,,,,,,,,,,,,,,,,,,,,,,,,,,,,,,,,0.0,
2026-07-08 07:02:35,26.0,MHz                 ,0.0,5000.0,10.0,,,,,,,,,,,,,,,,,,,,,,,,,,,,,,,,,,,,,,,,,0.0,
2026-07-08 07:02:35,27.0,MHz                 ,0.0,5000.0,10.0,,,,,,,,,,,,,,,,,,,,,,,,,,,,,,,,,,,,,,,,,0.0,
2026-07-08 07:02:35,28.0,MHz                 ,0.0,5000.0,10.0,,,,,,,,,,,,,,,,,,,,,,,,,,,,,,,,,,,,,,,,,0.0,
2026-07-08 07:02:35,29.0,MHz                 ,0.0,5000.0,10.0,,,,,,,,,,,,,,,,,,,,,,,,,,,,,,,,,,,,,,,,,0.0,
2026-07-08 07:02:35,30.0,MHz                 ,0.0,5000.0,10.0,,,,,,,,,,,,,,,,,,,,,,,,,,,,,,,,,,,,,,,,,0.0,
2026-07-08 07:02:35,31.0,MHz                 ,0.0,5000.0,10.0,,,,,,,,,,,,,,,,,,,,,,,,,,,,,,,,,,,,,,,,,0.0,
2026-07-08 07:02:35,32.0,MHz                 ,0.0,5000.0,10.0,,,,,,,,,,,,,,,,,,,,,,,,,,,,,,,,,,,,,,,,,0.0,
2026-07-08 07:02:35,33.0,W                   ,0.0,200.0,10.0,,,%.1f                ,,,,,,,,,,,,,,,,,,,,,,,,,,,,,,,,,,,,,,0.0,
2026-07-08 07:02:35,34.0,W                   ,0.0,200.0,10.0,,,%.1f                ,,,,,,,,,,,,,,,,,,,,,,,,,,,,,,,,,,,,,,0.0,
2026-07-08 07:02:35,35.0,W                   ,0.0,200.0,10.0,,,%.1f                ,,,,,,,,,,,,,,,,,,,,,,,,,,,,,,,,,,,,,,0.0,
2026-07-08 07:02:35,36.0,W                   ,0.0,200.0,10.0,,,%.1f                ,,,,,,,,,,,,,,,,,,,,,,,,,,,,,,,,,,,,,,0.0,
2026-07-08 07:02:35,37.0,W                   ,0.0,200.0,10.0,,,%.1f                ,,,,,,,,,,,,,,,,,,,,,,,,,,,,,,,,,,,,,,0.0,
2026-07-08 07:02:35,38.0,W                   ,0.0,200.0,10.0,,,%.1f                ,,,,,,,,,,,,,,,,,,,,,,,,,,,,,,,,,,,,,,0.0,
2026-07-08 07:02:35,39.0,W                   ,0.0,200.0,10.0,,,%.1f                ,,,,,,,,,,,,,,,,,,,,,,,,,,,,,,,,,,,,,,0.0,
2026-07-08 07:02:35,40.0,W                   ,0.0,200.0,10.0,,,%.1f                ,,,,,,,,,,,,,,,,,,,,,,,,,,,,,,,,,,,,,,0.0,
2026-07-08 07:02:35,41.0,W                   ,0.0,200.0,10.0,,,%.1f                ,,,,,,,,,,,,,,,,,,,,,,,,,,,,,,,,,,,,,,0.0,
2026-07-08 07:02:35,42.0,MB                  ,0.0,16384.0,10.0,,,,,,,,,,,,,,,,,,,,,,,,,,,,,,,,,,,,,,,,,0.0,
2026-07-08 07:02:35,43.0,MB                  ,0.0,16384.0,10.0,,,,,,,,,,,,,,,,,,,,,,,,,,,,,,,,,,,,,,,,,0.0,
2026-07-08 07:02:35,44.0,ms                  ,0.0,50.0,10.0,,,%.1f                ,,,,,,,,,,,,,,,,,,,,,,,,,,,,,,,,,,,,,,0.0,
2026-07-08 07:02:35,59.0,0.000               ,490.086,200.0,933.0,0.0,59.875,59.875              ,59.875,59.875,59.875,59.875,59.875,59.875,59.875,41.155,28.394,40.453,26.938,37.795,30.087,39.577,26.063,33.808,2780.0,2780.0,2780.0,2780.0,2780.0,3500.0,3500.0,3500.0,3500.0,1.948,1.948,2.022,2.022,1.925,1.925,1.877,1.868,15.815,3160.0,8738.0,,0.0,
2026-07-08 07:02:36,58.0,1.000               ,486.305,200.0,933.0,0.0,58.375,58.375              ,58.375,58.375,58.375,58.375,58.375,58.375,58.375,17.672,8.37,22.137,10.021,22.684,8.03,12.197,8.598,13.714,2650.0,2650.0,2650.0,2650.0,2650.0,2650.0,2650.0,2650.0,2650.0,0.845,0.845,1.153,1.153,1.127,1.128,0.824,0.824,10.467,3205.0,8830.0,,1.0,
2026-07-08 07:02:37,57.0,5.000               ,492.254,200.0,1200.0,0.0,57.125,57.125              ,57.125,57.125,57.125,57.125,57.125,57.125,57.125,74.988,66.777,78.882,75.749,79.386,66.825,76.33,69.798,73.592,2800.0,2800.0,3500.0,3500.0,2800.0,2800.0,2800.0,2800.0,3500.0,2.479,2.479,3.104,3.104,2.727,2.704,2.529,2.531,20.316,3273.0,8873.0,,2.0,
2026-07-08 07:02:38,56.0,4.000               ,492.254,200.0,1200.0,0.0,56.375,56.375              ,56.375,56.375,56.375,56.375,56.375,56.375,56.375,72.245,66.821,68.7,76.468,79.988,56.683,69.147,66.332,69.548,2925.0,2925.0,2340.0,2975.0,2380.0,2380.0,2380.0,2380.0,2975.0,2.328,2.328,2.523,2.523,2.159,2.173,2.218,2.187,17.976,3318.0,8892.0,,3.0,
2026-07-08 07:02:39,57.0,0.000               ,500.215,200.0,933.0,0.0,57.125,57.125              ,57.125,57.125,57.125,57.125,57.125,57.125,57.125,30.296,27.795,39.642,26.825,45.136,12.702,22.908,46.448,31.469,3375.0,3375.0,2700.0,2700.0,2250.0,2250.0,2700.0,2700.0,3375.0,2.025,2.025,2.464,2.464,2.09,2.09,2.581,2.705,16.931,3391.0,8963.0,,4.0,
2026-07-08 07:02:40,57.0,0.000               ,498.637,200.0,1067.0,0.0,57.0,57.000              ,57.0,57.0,57.0,57.0,57.0,57.0,57.0,10.852,5.151,2.297,73.401,14.802,2.487,10.315,9.02,16.041,2333.333,2333.333,3500.0,3500.0,2333.333,2333.333,2333.333,2333.333,3500.0,0.72,0.72,2.927,2.927,0.827,0.827,0.95,0.83,13.328,3725.0,9284.0,,5.0,
2026-07-08 07:02:41,56.0,0.000               ,498.637,200.0,933.0,0.0,56.75,56.750              ,56.75,56.75,56.75,56.75,56.75,56.75,56.75,10.236,7.179,0.678,77.301,12.896,1.167,16.722,1.263,15.93,1325.0,1325.0,2650.0,2650.0,2650.0,2650.0,2650.0,2650.0,2650.0,0.839,0.839,2.976,2.982,0.768,0.768,0.918,0.918,13.735,3995.0,9561.0,,6.0,
2026-07-08 07:02:42,57.0,0.000               ,498.637,200.0,933.0,0.0,57.875,57.875              ,57.875,57.875,57.875,57.875,57.875,57.875,57.875,7.78,6.275,2.64,94.818,22.772,2.808,9.411,2.93,18.679,2333.333,2333.333,3500.0,3500.0,2333.333,2333.333,2333.333,2333.333,3500.0,0.701,0.701,4.596,4.61,1.107,1.107,0.605,0.605,14.446,4015.0,9575.0,,7.0,
2026-07-08 07:02:43,58.0,0.000               ,498.637,200.0,933.0,0.0,58.25,58.250              ,58.25,58.25,58.25,58.25,58.25,58.25,58.25,9.499,12.704,0.928,94.444,19.187,2.008,3.349,1.708,17.978,2333.333,2333.333,3500.0,3500.0,2333.333,2333.333,2333.333,2333.333,3500.0,1.02,1.025,4.28,4.26,1.098,1.098,0.597,0.597,14.374,4091.0,9654.0,,8.0,
2026-07-08 07:02:44,57.0,0.000               ,498.637,200.0,1067.0,0.0,57.875,57.875              ,57.875,57.875,57.875,57.875,57.875,57.875,57.875,16.539,4.22,3.641,75.892,15.411,2.522,5.003,3.285,15.814,2333.333,2333.333,3500.0,3500.0,2333.333,2333.333,2333.333,2333.333,3500.0,0.862,0.858,3.518,3.518,0.803,0.803,0.459,0.46,12.981,4293.0,9741.0,,9.0,
2026-07-08 07:02:45,58.0,0.000               ,536.191,200.0,1067.0,0.0,58.0,58.000              ,58.0,58.0,58.0,58.0,58.0,58.0,58.0,29.296,11.443,8.47,82.815,32.603,4.454,22.248,4.489,24.477,2333.333,2333.333,3500.0,3500.0,2333.333,2333.333,2333.333,2333.333,3500.0,1.61,1.61,4.011,4.012,1.525,1.53,1.245,1.244,16.832,4266.0,9974.0,0.0,10.0,
2026-07-08 07:02:46,58.0,0.000               ,549.844,200.0,1067.0,0.0,58.875,58.875              ,58.875,58.875,58.875,58.875,58.875,58.875,58.875,51.407,23.86,68.654,26.277,35.09,8.777,25.612,7.031,30.838,2800.0,2800.0,2333.333,2333.333,3500.0,3500.0,2333.333,2333.333,3500.0,2.398,2.405,4.126,4.066,1.636,1.66,1.142,1.142,18.983,4367.0,10092.0,0.0,11.0,
2026-07-08 07:02:47,59.0,19.000              ,555.391,200.0,933.0,0.0,59.375,59.375              ,59.375,59.375,59.375,59.375,59.375,59.375,59.375,31.769,20.059,5.368,78.656,29.471,8.117,22.649,5.675,25.221,2760.0,2760.0,3450.0,3450.0,2300.0,2300.0,2300.0,2300.0,3450.0,1.656,1.649,3.457,3.578,1.487,1.45,1.112,1.112,15.78,4454.0,10188.0,0.0,12.0,
2026-07-08 07:02:48,58.0,19.000              ,541.883,200.0,933.0,0.0,58.75,58.750              ,58.75,58.75,58.75,58.75,58.75,58.75,58.75,14.311,5.909,19.803,37.622,32.45,12.653,11.352,2.666,17.096,2333.333,2333.333,3500.0,3500.0,2333.333,2333.333,2333.333,2333.333,3500.0,0.98,0.98,2.577,2.505,1.774,1.774,0.838,0.838,13.287,4536.0,10253.0,0.0,13.0,
2026-07-08 07:02:49,58.0,0.000               ,575.117,200.0,933.0,0.0,58.375,58.375              ,58.375,58.375,58.375,58.375,58.375,58.375,58.375,37.688,24.263,36.706,56.962,35.765,15.816,53.342,17.602,34.768,2333.333,2333.333,3500.0,3500.0,2333.333,2333.333,2333.333,2333.333,3500.0,1.593,1.615,2.886,2.875,1.417,1.417,2.718,2.718,17.809,4543.0,10319.0,0.0,14.0,
2026-07-08 07:02:50,57.0,22.000              ,586.582,200.0,933.0,0.0,57.5,57.500              ,57.5,57.5,57.5,57.5,57.5,57.5,57.5,49.829,36.552,58.509,32.3,61.117,13.412,73.447,21.804,43.371,2460.0,2460.0,2460.0,2460.0,2460.0,2460.0,3075.0,3075.0,3075.0,1.769,1.75,2.084,2.085,1.564,1.564,2.882,2.882,17.706,4571.0,10343.0,0.0,15.0,
2026-07-08 07:02:51,57.0,46.000              ,586.602,200.0,933.0,0.0,57.875,57.875              ,57.875,57.875,57.875,57.875,57.875,57.875,57.875,32.646,19.601,46.713,37.164,59.442,7.965,73.167,7.519,35.527,2250.0,2250.0,3375.0,3375.0,2250.0,2250.0,2700.0,2700.0,3375.0,1.356,1.356,2.292,2.291,2.211,2.247,3.377,3.377,17.666,4567.0,10390.0,17.793,16.0,56.2
2026-07-08 07:02:52,57.0,49.000              ,586.598,200.0,933.0,0.0,57.75,57.750              ,57.75,57.75,57.75,57.75,57.75,57.75,57.75,43.074,30.378,58.996,25.854,58.887,11.252,51.318,10.059,36.227,2620.0,2620.0,3300.0,3300.0,2640.0,2640.0,2640.0,2640.0,3300.0,2.234,2.234,2.134,2.134,2.374,2.345,1.826,1.822,17.167,4569.0,10387.0,29.175,17.0,34.28
2026-07-08 07:02:53,56.0,51.000              ,616.547,200.0,1067.0,0.0,56.875,56.875              ,56.875,56.875,56.875,56.875,56.875,56.875,56.875,40.369,20.456,49.54,38.687,46.752,9.634,52.154,52.449,38.755,2216.667,2216.667,2660.0,2660.0,2216.667,2216.667,3325.0,3325.0,3325.0,1.179,1.183,1.54,1.54,1.272,1.269,3.533,3.577,17.46,4587.0,10436.0,29.853,18.0,33.5
2026-07-08 07:02:54,57.0,59.000              ,638.133,200.0,933.0,0.0,57.0,57.000              ,57.0,57.0,57.0,57.0,57.0,57.0,57.0,38.844,21.45,57.369,22.288,29.814,8.323,80.85,7.537,33.309,2150.0,2150.0,2580.0,2580.0,2150.0,2150.0,3225.0,3225.0,3225.0,1.518,1.518,1.781,1.781,0.965,0.965,3.28,3.285,17.012,4589.0,10444.0,33.531,19.0,29.82
2026-07-08 07:02:55,57.0,58.000              ,635.547,200.0,1067.0,0.0,57.5,57.500              ,57.5,57.5,57.5,57.5,57.5,57.5,57.5,37.6,20.853,34.694,27.301,35.478,17.205,72.615,10.891,32.08,2216.667,2216.667,3325.0,3325.0,2660.0,2660.0,2660.0,2660.0,3325.0,1.391,1.388,1.843,1.844,1.485,1.485,3.287,3.272,17.322,4591.0,10457.0,25.144,20.0,39.77
2026-07-08 07:02:56,58.0,52.000              ,635.574,200.0,933.0,0.0,58.0,58.000              ,58.0,58.0,58.0,58.0,58.0,58.0,58.0,8.54,34.531,53.347,6.635,15.176,2.017,12.678,6.886,17.476,3300.0,3300.0,2640.0,2640.0,2640.0,2640.0,2640.0,2640.0,3300.0,1.912,1.912,2.679,2.679,0.72,0.72,0.859,0.855,14.058,4617.0,10484.0,674.569,21.0,1.48
2026-07-08 07:02:57,56.0,53.000              ,634.762,200.0,933.0,0.0,56.875,56.875              ,56.875,56.875,56.875,56.875,56.875,56.875,56.875,14.169,8.91,44.799,14.079,37.98,1.233,13.608,4.805,17.448,2333.333,2333.333,3500.0,3500.0,2950.0,2950.0,2360.0,2360.0,3500.0,0.937,0.937,1.824,1.824,1.209,1.209,0.853,0.853,13.78,4619.0,10485.0,21.945,22.0,45.57
2026-07-08 07:02:58,56.0,53.000              ,634.801,200.0,933.0,0.0,56.875,56.875              ,56.875,56.875,56.875,56.875,56.875,56.875,56.875,27.461,19.696,61.206,20.823,41.283,15.217,36.302,18.42,30.051,2333.333,2333.333,3500.0,3500.0,2333.333,2333.333,2333.333,2333.333,3500.0,1.305,1.309,2.22,2.22,1.542,1.546,1.435,1.435,16.336,4603.0,10449.0,23.194,23.0,43.11
2026-07-08 07:02:59,56.0,55.000              ,634.801,200.0,933.0,0.0,56.625,56.625              ,56.625,56.625,56.625,56.625,56.625,56.625,56.625,37.959,11.524,44.138,10.219,30.737,2.266,20.907,5.862,20.452,3500.0,3500.0,2333.333,2333.333,2333.333,2333.333,2333.333,2333.333,3500.0,1.45,1.446,1.717,1.721,1.177,1.174,1.036,1.036,14.663,4600.0,10453.0,18.005,24.0,55.54
2026-07-08 07:03:00,56.0,47.000              ,627.688,200.0,933.0,0.0,56.75,56.750              ,56.75,56.75,56.75,56.75,56.75,56.75,56.75,45.159,25.807,56.221,51.127,52.644,20.405,57.615,22.77,41.469,2800.0,2800.0,3500.0,3500.0,2800.0,2800.0,2800.0,2800.0,3500.0,1.572,1.572,2.525,2.526,1.756,1.756,1.743,1.743,18.025,4634.0,10503.0,93.927,25.0,10.65
2026-07-08 07:03:01,57.0,47.000              ,627.688,200.0,1200.0,0.0,57.125,57.125              ,57.125,57.125,57.125,57.125,57.125,57.125,57.125,45.725,28.998,49.981,40.575,54.984,32.398,66.281,22.604,42.693,2283.333,2283.333,2283.333,2283.333,3425.0,3425.0,2283.333,2283.333,3425.0,1.59,1.592,2.107,2.101,1.888,1.888,2.003,2.003,17.677,4652.0,10596.0,18.294,26.0,54.66
2026-07-08 07:03:02,56.0,53.000              ,627.688,200.0,1200.0,0.0,56.25,56.250              ,56.25,56.25,56.25,56.25,56.25,56.25,56.25,67.206,54.14,61.165,72.2,68.139,58.001,69.289,63.493,64.204,2375.0,2375.0,2375.0,2375.0,2375.0,2375.0,2375.0,2375.0,2375.0,1.198,1.196,1.407,1.393,1.452,1.452,1.447,1.447,16.582,4798.0,10780.0,28.029,27.0,35.68
2026-07-08 07:03:03,56.0,54.000              ,627.688,200.0,1067.0,0.0,56.25,56.250              ,56.25,56.25,56.25,56.25,56.25,56.25,56.25,55.265,56.234,47.851,54.18,63.098,42.246,53.966,58.59,53.929,2080.0,2080.0,2600.0,2600.0,2600.0,2600.0,2080.0,2080.0,2600.0,1.388,1.388,1.364,1.378,1.335,1.326,1.539,1.539,16.466,4892.0,10874.0,23.621,28.0,42.34
2026-07-08 07:03:04,56.0,58.000              ,627.688,200.0,933.0,0.0,56.375,56.375              ,56.375,56.375,56.375,56.375,56.375,56.375,56.375,46.174,44.352,53.436,45.411,54.687,46.285,55.724,60.924,50.874,2320.0,2320.0,2320.0,2320.0,2320.0,2320.0,2900.0,2900.0,2900.0,1.213,1.213,1.372,1.372,1.328,1.338,1.753,1.753,16.528,4905.0,10885.0,21.544,29.0,46.42
2026-07-08 07:03:05,56.0,59.000              ,607.125,200.0,1200.0,0.0,56.625,56.625              ,56.625,56.625,56.625,56.625,56.625,56.625,56.625,57.302,27.215,60.78,46.282,60.912,39.143,67.813,23.388,47.854,2300.0,2300.0,2300.0,2300.0,2875.0,2875.0,2300.0,2300.0,2875.0,1.464,1.464,1.912,1.912,1.621,1.621,1.63,1.63,16.431,4966.0,10942.0,21.32,30.0,46.9
2026-07-08 07:03:06,56.0,63.000              ,607.125,200.0,1200.0,0.0,56.375,56.375              ,56.375,56.375,56.375,56.375,56.375,56.375,56.375,49.335,41.483,38.181,53.43,49.291,34.595,60.634,35.936,45.361,2380.0,2380.0,2380.0,2380.0,2975.0,2975.0,2380.0,2380.0,2975.0,1.342,1.342,1.364,1.364,1.271,1.271,1.554,1.554,16.576,4946.0,10922.0,23.633,31.0,42.31
2026-07-08 07:03:07,56.0,63.000              ,607.125,200.0,1067.0,0.0,56.25,56.250              ,56.25,56.25,56.25,56.25,56.25,56.25,56.25,54.602,33.27,48.836,46.943,41.397,52.18,69.03,47.744,49.25,2200.0,2200.0,2200.0,2200.0,2200.0,2200.0,2750.0,2750.0,2750.0,1.164,1.164,1.205,1.21,1.34,1.34,1.782,1.782,16.184,4969.0,10951.0,17.957,32.0,55.69
2026-07-08 07:03:08,56.0,60.000              ,607.125,200.0,1067.0,0.0,56.375,56.375              ,56.375,56.375,56.375,56.375,56.375,56.375,56.375,41.151,25.094,53.285,36.06,48.871,35.97,45.299,39.93,40.707,2340.0,2340.0,2340.0,2340.0,2340.0,2340.0,2925.0,2925.0,2925.0,1.05,1.051,1.557,1.553,1.519,1.519,1.477,1.477,16.25,5085.0,11048.0,26.548,33.0,37.67
2026-07-08 07:03:09,56.0,59.000              ,607.125,200.0,1200.0,0.0,56.5,56.500              ,56.5,56.5,56.5,56.5,56.5,56.5,56.5,43.757,51.224,42.828,39.803,50.739,38.332,52.348,37.239,44.534,2240.0,2240.0,2240.0,2240.0,2240.0,2240.0,2800.0,2800.0,2800.0,1.4,1.398,1.16,1.16,1.493,1.494,1.258,1.258,15.982,5158.0,11116.0,17.83,34.0,56.09
2026-07-08 07:03:10,56.0,61.000              ,577.105,200.0,1200.0,0.0,56.375,56.375              ,56.375,56.375,56.375,56.375,56.375,56.375,56.375,50.246,30.0,51.169,52.027,50.416,40.586,36.247,74.205,48.112,2340.0,2340.0,2340.0,2340.0,2340.0,2340.0,2900.0,2900.0,2900.0,1.024,1.024,1.341,1.341,1.128,1.127,1.573,1.573,16.106,5218.0,11157.0,22.42,35.0,44.6
2026-07-08 07:03:11,56.0,61.000              ,577.105,200.0,1200.0,0.0,56.25,56.250              ,56.25,56.25,56.25,56.25,56.25,56.25,56.25,51.144,27.082,47.294,42.951,64.119,33.053,57.053,44.234,45.866,2200.0,2200.0,2200.0,2200.0,2200.0,2200.0,2750.0,2750.0,2750.0,1.032,1.032,1.223,1.223,1.243,1.243,1.255,1.257,15.956,4945.0,10903.0,17.9,36.0,55.87
2026-07-08 07:03:12,56.0,59.000              ,577.105,200.0,1067.0,0.0,56.25,56.250              ,56.25,56.25,56.25,56.25,56.25,56.25,56.25,52.728,38.875,43.806,48.293,49.816,48.291,54.344,51.628,48.472,2240.0,2240.0,2240.0,2240.0,2800.0,2775.0,2750.0,2750.0,2800.0,1.253,1.253,1.294,1.294,1.381,1.366,1.595,1.592,15.918,5057.0,11019.0,17.606,37.0,56.8
2026-07-08 07:03:13,56.0,57.000              ,577.105,200.0,933.0,0.0,56.375,56.375              ,56.375,56.375,56.375,56.375,56.375,56.375,56.375,56.569,26.964,54.549,46.097,52.693,44.502,56.672,34.34,46.548,2280.0,2280.0,2280.0,2280.0,2280.0,2280.0,2850.0,2850.0,2850.0,1.33,1.33,1.698,1.701,1.745,1.756,1.752,1.756,15.908,5073.0,11012.0,21.591,38.0,46.32
2026-07-08 07:03:14,56.0,56.000              ,577.105,200.0,1067.0,0.0,56.375,56.375              ,56.375,56.375,56.375,56.375,56.375,56.375,56.375,48.067,32.534,63.751,43.918,53.751,55.148,56.575,47.709,50.181,2180.0,2140.0,2700.0,2700.0,2700.0,2775.0,2220.0,2220.0,2775.0,1.104,1.104,1.451,1.45,1.353,1.356,1.44,1.427,15.876,5009.0,10933.0,24.745,39.0,40.41
2026-07-08 07:03:15,56.0,58.000              ,577.105,200.0,1067.0,0.0,56.375,56.375              ,56.375,56.375,56.375,56.375,56.375,56.375,56.375,60.539,22.727,64.966,35.768,52.948,46.738,72.038,18.518,46.78,2120.0,2120.0,2120.0,2140.0,2675.0,2675.0,2120.0,2120.0,2675.0,1.346,1.346,1.624,1.621,1.467,1.467,1.532,1.543,15.764,5011.0,10952.0,19.926,40.0,50.19
2026-07-08 07:03:16,56.0,62.000              ,577.105,200.0,1067.0,0.0,56.375,56.375              ,56.375,56.375,56.375,56.375,56.375,56.375,56.375,60.502,22.834,72.153,32.235,59.209,45.468,61.1,22.111,46.951,2200.0,2200.0,2200.0,2200.0,2725.0,2725.0,2180.0,2180.0,2725.0,1.289,1.289,1.658,1.658,1.554,1.554,1.301,1.301,15.923,5055.0,11097.0,18.735,41.0,53.38
2026-07-08 07:03:17,56.0,63.000              ,577.105,200.0,1067.0,0.0,56.375,56.375              ,56.375,56.375,56.375,56.375,56.375,56.375,56.375,48.872,37.295,64.614,35.241,47.872,53.887,61.22,32.386,47.673,2040.0,2040.0,2040.0,2040.0,2550.0,2550.0,2600.0,2600.0,2600.0,1.242,1.242,1.442,1.446,1.366,1.366,1.464,1.464,15.515,5114.0,11153.0,17.573,42.0,56.91
2026-07-08 07:03:18,56.0,62.000              ,577.105,200.0,1067.0,0.0,56.5,56.500              ,56.5,56.5,56.5,56.5,56.5,56.5,56.5,50.619,40.449,61.186,43.839,46.924,46.424,55.548,34.198,47.398,2180.0,2200.0,2220.0,2220.0,2220.0,2240.0,2800.0,2800.0,2800.0,1.302,1.302,1.571,1.567,1.229,1.232,1.39,1.39,15.749,5199.0,11246.0,17.37,43.0,57.57
2026-07-08 07:03:19,56.0,63.000              ,577.105,200.0,1067.0,0.0,56.5,56.500              ,56.5,56.5,56.5,56.5,56.5,56.5,56.5,56.024,41.59,61.34,50.488,45.752,46.97,46.135,38.696,48.374,2040.0,2040.0,2575.0,2575.0,2060.0,2060.0,2080.0,2080.0,2575.0,1.149,1.149,1.331,1.331,1.161,1.16,1.178,1.18,15.649,5210.0,11256.0,18.33,44.0,54.56
2026-07-08 07:03:21,56.0,64.000              ,566.965,200.0,1200.0,0.0,56.375,56.375              ,56.375,56.375,56.375,56.375,56.375,56.375,56.375,63.993,41.127,71.571,50.045,52.423,55.485,54.856,37.151,53.331,2080.0,2080.0,2575.0,2575.0,2060.0,2080.0,2060.0,2060.0,2575.0,1.072,1.058,1.285,1.287,1.074,1.072,1.005,1.006,15.731,5050.0,11288.0,17.66,46.0,56.63
2026-07-08 07:03:21,56.0,65.000              ,566.965,200.0,1200.0,0.0,56.25,56.250              ,56.25,56.25,56.25,56.25,56.25,56.25,56.25,50.405,50.086,63.876,51.94,63.432,31.473,43.883,72.049,53.393,2000.0,2000.0,2000.0,2000.0,2000.0,2000.0,2500.0,2500.0,2500.0,0.943,0.93,1.076,1.073,0.953,0.957,1.406,1.4,15.202,5076.0,11306.0,23.123,46.0,43.25
2026-07-08 07:03:22,56.0,63.000              ,566.965,200.0,1067.0,0.0,56.125,56.125              ,56.125,56.125,56.125,56.125,56.125,56.125,56.125,50.92,24.88,63.149,43.26,62.445,42.048,54.71,42.493,47.988,2100.0,2100.0,2100.0,2100.0,2625.0,2625.0,2100.0,2080.0,2625.0,0.912,0.912,1.166,1.166,1.219,1.216,1.217,1.218,15.436,5088.0,11327.0,17.716,47.0,56.45
2026-07-08 07:03:23,56.0,59.000              ,566.965,200.0,1200.0,0.0,56.125,56.125              ,56.125,56.125,56.125,56.125,56.125,56.125,56.125,58.216,32.575,65.202,38.02,48.287,48.809,63.337,30.659,48.138,2625.0,2625.0,2100.0,2100.0,2625.0,2650.0,2120.0,2120.0,2650.0,1.036,1.036,1.217,1.217,1.12,1.116,1.099,1.097,15.577,5095.0,11325.0,20.483,48.0,48.82
2026-07-08 07:03:24,56.0,61.000              ,566.965,200.0,1067.0,0.0,56.125,56.125              ,56.125,56.125,56.125,56.125,56.125,56.125,56.125,51.296,28.487,59.068,49.814,54.026,48.365,60.378,27.988,47.428,2020.0,2020.0,2525.0,2550.0,2040.0,2040.0,2040.0,2040.0,2550.0,0.926,0.926,1.227,1.227,1.121,1.125,1.064,1.066,15.487,5151.0,11356.0,20.59,49.0,48.57
2026-07-08 07:03:25,56.0,65.000              ,566.965,200.0,1200.0,0.0,56.125,56.125              ,56.125,56.125,56.125,56.125,56.125,56.125,56.125,56.633,28.028,63.901,56.517,65.269,43.162,54.437,22.645,48.824,2000.0,2000.0,2525.0,2525.0,2000.0,2000.0,2000.0,2020.0,2525.0,0.932,0.933,1.262,1.264,1.175,1.175,0.896,0.894,15.457,5165.0,11371.0,20.294,50.0,49.28
2026-07-08 07:03:26,56.0,65.000              ,566.965,200.0,1200.0,0.0,56.125,56.125              ,56.125,56.125,56.125,56.125,56.125,56.125,56.125,44.319,34.856,68.608,37.588,66.637,21.863,62.444,24.632,45.118,2020.0,2020.0,2525.0,2525.0,2020.0,2020.0,2020.0,2040.0,2525.0,0.889,0.889,1.302,1.302,1.04,1.04,1.041,1.041,15.4,5177.0,11403.0,24.669,51.0,40.54
2026-07-08 07:03:27,56.0,64.000              ,566.965,200.0,1067.0,0.0,56.125,56.125              ,56.125,56.125,56.125,56.125,56.125,56.125,56.125,48.177,28.276,60.644,42.872,64.222,20.864,68.163,26.857,45.009,2060.0,2060.0,2575.0,2575.0,2060.0,2060.0,2060.0,2080.0,2575.0,0.887,0.889,1.293,1.291,1.045,1.045,1.126,1.126,15.395,5194.0,11423.0,17.409,52.0,57.44
2026-07-08 07:03:28,56.0,63.000              ,566.965,200.0,1200.0,0.0,56.125,56.125              ,56.125,56.125,56.125,56.125,56.125,56.125,56.125,61.657,25.575,58.385,44.578,67.17,24.759,44.97,28.638,44.466,2040.0,2040.0,2040.0,2040.0,2550.0,2550.0,2040.0,2040.0,2550.0,1.027,1.026,1.23,1.23,1.131,1.133,0.894,0.894,15.429,5283.0,11484.0,22.504,53.0,44.44
2026-07-08 07:03:29,56.0,60.000              ,566.965,200.0,1200.0,0.0,56.125,56.125              ,56.125,56.125,56.125,56.125,56.125,56.125,56.125,62.82,32.794,57.579,57.293,63.935,25.672,65.529,26.42,49.005,2000.0,2000.0,2000.0,1980.0,2475.0,2500.0,2000.0,2000.0,2500.0,1.023,1.022,1.251,1.251,1.032,1.032,1.001,1.001,15.33,5298.0,11507.0,22.44,54.0,44.56
2026-07-08 07:03:30,56.0,59.000              ,566.715,200.0,1200.0,0.0,56.125,56.125              ,56.125,56.125,56.125,56.125,56.125,56.125,56.125,65.336,30.769,42.158,56.153,58.539,39.894,57.384,45.388,49.452,1980.0,1980.0,2475.0,2500.0,2000.0,2000.0,2000.0,2000.0,2500.0,1.009,1.009,1.066,1.066,1.05,1.05,1.209,1.209,15.307,5322.0,11542.0,18.252,55.0,54.79
2026-07-08 07:03:31,56.0,60.000              ,566.715,200.0,1067.0,0.0,56.125,56.125              ,56.125,56.125,56.125,56.125,56.125,56.125,56.125,54.584,34.888,56.711,52.073,54.474,51.48,53.172,42.0,49.923,2575.0,2575.0,2060.0,2060.0,2060.0,2060.0,2080.0,2080.0,2575.0,1.01,1.01,1.118,1.128,1.172,1.154,1.073,1.093,15.366,5343.0,11574.0,17.649,56.0,56.66
2026-07-08 07:03:32,56.0,60.000              ,566.715,200.0,1067.0,0.0,56.125,56.125              ,56.125,56.125,56.125,56.125,56.125,56.125,56.125,45.049,49.912,58.499,55.73,44.113,54.678,49.813,49.264,50.882,1980.0,1980.0,2000.0,2000.0,2500.0,2500.0,2000.0,2000.0,2500.0,0.962,0.962,1.195,1.185,0.993,1.007,1.045,1.025,15.212,5400.0,11606.0,22.541,57.0,44.36
2026-07-08 07:03:33,56.0,62.000              ,566.715,200.0,1067.0,0.0,56.125,56.125              ,56.125,56.125,56.125,56.125,56.125,56.125,56.125,56.374,37.326,60.062,52.753,52.93,47.778,56.48,43.411,50.889,1920.0,1940.0,1960.0,1960.0,1960.0,1980.0,2475.0,2450.0,2475.0,0.911,0.911,1.158,1.158,1.018,1.02,1.041,1.041,15.241,5424.0,11642.0,17.813,58.0,56.14
2026-07-08 07:03:34,56.0,65.000              ,566.715,200.0,1200.0,0.0,56.125,56.125              ,56.125,56.125,56.125,56.125,56.125,56.125,56.125,60.023,32.23,61.214,50.032,45.809,53.704,55.681,30.833,48.691,2000.0,2000.0,2500.0,2525.0,2020.0,2000.0,2000.0,2000.0,2525.0,0.977,0.977,1.151,1.163,1.072,1.071,0.993,0.995,15.326,5465.0,11681.0,18.068,59.0,55.35
2026-07-08 07:03:35,56.0,66.000              ,566.715,200.0,1200.0,0.0,56.125,56.125              ,56.125,56.125,56.125,56.125,56.125,56.125,56.125,50.762,42.638,57.793,48.048,66.16,31.273,58.622,54.199,51.187,1900.0,1900.0,2375.0,2375.0,1900.0,1900.0,2425.0,2425.0,2425.0,0.917,0.917,1.05,1.041,0.983,0.983,1.188,1.186,15.193,5557.0,11733.0,23.487,60.0,42.58
2026-07-08 07:03:36,56.0,64.000              ,566.715,200.0,1067.0,0.0,56.125,56.125              ,56.125,56.125,56.125,56.125,56.125,56.125,56.125,52.502,29.685,59.162,51.849,57.605,35.161,43.479,63.779,49.153,1980.0,1980.0,1980.0,1980.0,1980.0,1980.0,2475.0,2475.0,2475.0,0.881,0.881,1.114,1.112,1.007,1.007,1.217,1.217,15.386,5551.0,11756.0,17.974,61.0,55.64
2026-07-08 07:03:37,56.0,61.000              ,566.715,200.0,1200.0,0.0,56.125,56.125              ,56.125,56.125,56.125,56.125,56.125,56.125,56.125,50.177,41.276,54.844,56.081,59.47,36.743,72.278,25.269,49.517,1980.0,1980.0,1980.0,1960.0,1980.0,1980.0,2475.0,2475.0,2475.0,0.971,0.971,1.16,1.143,0.973,0.978,1.102,1.102,15.255,5569.0,11776.0,24.922,62.0,40.13
2026-07-08 07:03:38,56.0,61.000              ,566.715,200.0,1200.0,0.0,56.0,56.000              ,56.0,56.0,56.0,56.0,56.0,56.0,56.0,65.107,40.816,52.296,60.557,69.741,47.931,57.546,48.265,55.282,1860.0,1860.0,2325.0,2325.0,1880.0,2325.0,1860.0,2400.0,2400.0,0.989,0.996,1.049,1.063,1.088,1.083,1.061,1.061,15.151,5586.0,11804.0,26.412,63.0,37.86
2026-07-08 07:03:39,56.0,61.000              ,566.715,200.0,1200.0,0.0,56.0,56.000              ,56.0,56.0,56.0,56.0,56.0,56.0,56.0,57.842,35.201,61.126,52.676,70.046,43.39,69.638,38.302,53.528,1860.0,1860.0,1860.0,1860.0,2375.0,2375.0,1900.0,1900.0,2375.0,0.895,0.888,1.038,1.04,1.059,1.059,1.098,1.1,15.014,5636.0,11837.0,18.401,64.0,54.34
2026-07-08 07:03:40,56.0,62.000              ,566.465,200.0,1200.0,0.0,56.0,56.000              ,56.0,56.0,56.0,56.0,56.0,56.0,56.0,60.22,36.587,73.517,53.656,57.811,43.702,62.235,35.627,52.92,2000.0,2000.0,2000.0,2500.0,2500.0,2500.0,2000.0,2000.0,2500.0,0.973,0.973,1.314,1.311,0.976,0.976,0.952,0.961,15.414,5517.0,11862.0,18.078,65.0,55.32
2026-07-08 07:03:41,56.0,63.000              ,566.465,200.0,1200.0,0.0,56.0,56.000              ,56.0,56.0,56.0,56.0,56.0,56.0,56.0,79.499,78.762,88.004,85.869,80.554,76.64,79.682,80.896,81.238,1783.333,1783.333,2120.0,2120.0,2120.0,2120.0,2120.0,2120.0,2120.0,0.953,0.953,1.096,1.097,1.026,1.026,1.082,1.068,15.411,5355.0,11873.0,18.555,66.0,53.89
2026-07-08 07:03:42,56.0,65.000              ,566.465,200.0,1200.0,0.0,56.0,56.000              ,56.0,56.0,56.0,56.0,56.0,56.0,56.0,71.257,57.98,79.945,77.141,67.198,70.98,64.921,64.799,69.278,1666.667,1666.667,1666.667,1666.667,2000.0,2000.0,2000.0,2000.0,2000.0,0.872,0.872,1.076,1.074,0.957,0.957,0.888,0.889,14.949,5359.0,11884.0,17.751,67.0,56.33
2026-07-08 07:03:43,56.0,67.000              ,566.465,200.0,1200.0,0.0,56.0,56.000              ,56.0,56.0,56.0,56.0,56.0,56.0,56.0,66.561,53.303,65.893,72.359,61.251,57.94,62.83,61.312,62.681,1820.0,1840.0,1840.0,1840.0,2325.0,2325.0,1860.0,1860.0,2325.0,0.899,0.899,1.087,1.087,0.923,0.924,0.968,0.967,15.071,5406.0,11911.0,17.787,68.0,56.22
2026-07-08 07:03:44,56.0,68.000              ,566.465,200.0,1200.0,0.0,56.0,56.000              ,56.0,56.0,56.0,56.0,56.0,56.0,56.0,67.067,53.722,74.249,74.042,67.809,64.886,66.336,56.959,65.634,1840.0,1840.0,2300.0,2300.0,2300.0,2300.0,1840.0,1840.0,2300.0,0.9,0.902,1.149,1.149,1.014,1.012,0.982,0.982,15.306,5379.0,11922.0,17.908,69.0,55.84
2026-07-08 07:03:45,56.0,66.000              ,566.215,200.0,1200.0,0.0,56.0,56.000              ,56.0,56.0,56.0,56.0,56.0,56.0,56.0,70.977,65.179,72.679,74.437,64.017,65.703,66.451,68.149,68.449,1783.333,1783.333,2140.0,2140.0,1783.333,1766.667,1766.667,1783.333,2140.0,0.897,0.896,1.032,1.034,0.89,0.89,1.022,1.024,15.04,5362.0,11929.0,18.0,70.0,55.56
2026-07-08 07:03:47,56.0,66.000              ,566.215,200.0,1200.0,0.0,56.0,56.000              ,56.0,56.0,56.0,56.0,56.0,56.0,56.0,57.002,71.625,72.158,73.317,74.147,62.618,66.597,60.374,67.23,1783.333,1783.333,2140.0,2140.0,1783.333,1783.333,2140.0,2140.0,2140.0,0.892,0.916,1.042,1.041,0.954,0.954,0.874,0.873,15.08,4964.0,11947.0,18.258,72.0,54.77
2026-07-08 07:03:47,56.0,66.000              ,566.215,200.0,1067.0,0.0,56.0,56.000              ,56.0,56.0,56.0,56.0,56.0,56.0,56.0,38.928,54.833,60.617,50.397,65.531,53.674,47.621,44.849,52.057,1860.0,1860.0,1860.0,1860.0,2350.0,2350.0,1900.0,1900.0,2350.0,0.877,0.839,0.983,0.983,1.136,1.136,0.921,0.921,14.926,4946.0,11958.0,17.993,72.0,55.58
2026-07-08 07:03:48,56.0,65.000              ,566.215,200.0,1200.0,0.0,56.0,56.000              ,56.0,56.0,56.0,56.0,56.0,56.0,56.0,52.771,39.98,59.47,44.527,51.32,53.158,57.168,32.987,48.923,2020.0,2525.0,2020.0,2020.0,2020.0,2020.0,2020.0,2020.0,2525.0,0.971,0.969,1.059,1.06,1.045,1.045,0.964,0.964,15.119,4963.0,11984.0,21.263,73.0,47.03
2026-07-08 07:03:49,56.0,66.000              ,566.215,200.0,1200.0,0.0,56.0,56.000              ,56.0,56.0,56.0,56.0,56.0,56.0,56.0,48.275,34.07,57.415,43.607,56.476,51.6,68.118,29.983,48.693,2000.0,2000.0,2000.0,2000.0,2000.0,2000.0,2500.0,2500.0,2500.0,0.882,0.868,1.007,1.009,1.064,1.066,1.068,1.068,15.143,4966.0,11990.0,20.739,74.0,48.22
2026-07-08 07:03:50,56.0,66.000              ,566.215,200.0,1200.0,0.0,56.0,56.000              ,56.0,56.0,56.0,56.0,56.0,56.0,56.0,51.722,37.859,60.291,48.461,55.74,43.561,61.127,43.451,50.277,1960.0,2425.0,1940.0,1940.0,2450.0,2450.0,1960.0,1980.0,2450.0,0.897,0.912,1.05,1.047,1.005,1.005,1.066,1.066,15.151,5010.0,12012.0,17.527,75.0,57.05
2026-07-08 07:03:51,56.0,64.000              ,566.215,200.0,1200.0,0.0,56.0,56.000              ,56.0,56.0,56.0,56.0,56.0,56.0,56.0,57.021,36.452,50.723,43.144,61.305,44.416,68.258,25.567,48.361,1940.0,1940.0,1940.0,1940.0,2425.0,2425.0,1940.0,1940.0,2425.0,0.947,0.947,0.945,0.945,1.102,1.101,1.027,1.027,15.098,5001.0,12017.0,17.778,76.0,56.25
2026-07-08 07:03:52,56.0,64.000              ,566.215,200.0,1200.0,0.0,56.0,56.000              ,56.0,56.0,56.0,56.0,56.0,56.0,56.0,46.707,30.836,50.31,48.932,50.403,56.932,63.591,28.596,47.038,2020.0,2020.0,2020.0,2020.0,2020.0,2525.0,2020.0,2020.0,2525.0,1.01,1.019,1.207,1.207,1.313,1.313,1.328,1.328,15.144,5066.0,12082.0,18.035,77.0,55.45
2026-07-08 07:03:53,56.0,64.000              ,566.215,200.0,1200.0,0.0,56.0,56.000              ,56.0,56.0,56.0,56.0,56.0,56.0,56.0,57.525,29.148,72.217,53.476,54.742,44.453,64.113,36.576,51.531,1960.0,1960.0,2450.0,2450.0,1960.0,1980.0,1980.0,1980.0,2450.0,0.885,0.878,1.307,1.287,0.954,0.954,0.949,0.95,15.083,5159.0,12179.0,18.942,78.0,52.79
2026-07-08 07:03:54,56.0,64.000              ,566.215,200.0,1067.0,0.0,56.0,56.000              ,56.0,56.0,56.0,56.0,56.0,56.0,56.0,53.982,31.365,72.674,45.032,55.905,49.504,68.301,21.876,49.83,1920.0,1920.0,1900.0,1920.0,1920.0,1920.0,2425.0,2425.0,2425.0,0.882,0.88,1.206,1.224,1.062,1.062,0.954,0.948,15.086,5245.0,12237.0,17.998,79.0,55.56
2026-07-08 07:03:55,56.0,66.000              ,566.215,200.0,933.0,0.0,56.125,56.125              ,56.125,56.125,56.125,56.125,56.125,56.125,56.125,55.973,41.052,63.175,46.658,54.181,48.901,65.399,47.518,52.857,2525.0,2550.0,2040.0,2040.0,2020.0,2020.0,2020.0,2020.0,2550.0,1.072,1.099,1.245,1.245,1.186,1.188,1.415,1.426,15.001,5060.0,12270.0,22.788,80.0,43.88
2026-07-08 07:03:56,56.0,63.000              ,566.215,200.0,933.0,0.0,56.25,56.250              ,56.25,56.25,56.25,56.25,56.25,56.25,56.25,49.86,42.114,43.921,51.756,48.489,50.01,49.603,60.749,49.563,2180.0,2200.0,2200.0,2200.0,2220.0,2220.0,2775.0,2775.0,2775.0,1.226,1.201,1.518,1.518,1.325,1.322,1.588,1.59,14.947,5083.0,12296.0,23.797,81.0,42.02
2026-07-08 07:03:57,56.0,61.000              ,566.215,200.0,933.0,0.0,56.25,56.250              ,56.25,56.25,56.25,56.25,56.25,56.25,56.25,40.266,42.67,43.828,46.761,53.897,50.279,58.6,44.598,47.612,2260.0,2260.0,2825.0,2825.0,2260.0,2825.0,2850.0,2850.0,2850.0,1.226,1.23,1.354,1.357,1.448,1.448,1.756,1.754,15.081,5138.0,12354.0,17.491,82.0,57.17
2026-07-08 07:03:58,56.0,63.000              ,566.215,200.0,933.0,0.0,56.375,56.375              ,56.375,56.375,56.375,56.375,56.375,56.375,56.375,44.239,30.71,43.357,43.897,50.116,49.337,42.879,72.544,47.135,2300.0,2300.0,2300.0,2300.0,2875.0,2875.0,2300.0,2280.0,2875.0,1.127,1.127,1.294,1.29,1.425,1.425,1.9,1.9,15.067,5195.0,12411.0,17.6,83.0,56.82
2026-07-08 07:03:59,56.0,63.000              ,566.215,200.0,933.0,0.0,56.375,56.375              ,56.375,56.375,56.375,56.375,56.375,56.375,56.375,42.307,39.391,40.07,50.889,48.047,45.864,54.303,61.208,47.76,2320.0,2320.0,2320.0,2320.0,2320.0,2320.0,2900.0,2900.0,2900.0,1.188,1.188,1.303,1.301,1.307,1.307,1.939,1.942,15.098,5246.0,12467.0,17.307,84.0,57.78
2026-07-08 07:04:00,56.0,64.000              ,566.215,200.0,933.0,0.0,56.5,56.500              ,56.5,56.5,56.5,56.5,56.5,56.5,56.5,52.896,51.275,48.533,45.197,49.059,39.935,51.241,55.854,49.249,2320.0,2320.0,2340.0,2340.0,2340.0,2340.0,2925.0,2925.0,2925.0,1.503,1.503,1.291,1.296,1.228,1.228,1.701,1.7,15.096,5307.0,12524.0,22.863,85.0,43.74
2026-07-08 07:04:01,56.0,61.000              ,566.215,200.0,933.0,0.0,56.25,56.250              ,56.25,56.25,56.25,56.25,56.25,56.25,56.25,46.459,44.506,35.562,48.668,50.228,25.638,34.259,65.506,43.853,2160.0,2160.0,2180.0,2180.0,2200.0,2220.0,2220.0,2220.0,2220.0,1.375,1.378,1.265,1.262,1.228,1.237,1.693,1.69,15.074,5368.0,12578.0,18.002,86.0,55.55
2026-07-08 07:04:02,56.0,57.000              ,566.215,200.0,1067.0,0.0,56.125,56.125              ,56.125,56.125,56.125,56.125,56.125,56.125,56.125,44.621,52.94,36.574,58.032,53.9,25.903,40.793,63.867,47.079,2320.0,2320.0,2320.0,2320.0,2320.0,2320.0,2900.0,2925.0,2925.0,1.492,1.489,1.343,1.343,1.155,1.139,1.647,1.647,15.335,5427.0,12644.0,17.544,87.0,57.0
2026-07-08 07:04:03,55.0,57.000              ,566.215,200.0,1067.0,0.0,55.875,55.875              ,55.875,55.875,55.875,55.875,55.875,55.875,55.875,58.219,38.711,53.307,46.008,56.58,51.509,60.376,65.301,53.751,1960.0,1960.0,1960.0,1960.0,1960.0,1980.0,2475.0,2475.0,2475.0,0.995,0.995,0.992,0.995,1.135,1.13,1.44,1.442,15.072,5434.0,12736.0,25.658,88.0,38.97
2026-07-08 07:04:04,55.0,58.000              ,566.215,200.0,1200.0,0.0,55.75,55.750              ,55.75,55.75,55.75,55.75,55.75,55.75,55.75,59.102,55.436,82.818,56.642,79.908,60.822,71.002,81.342,68.384,1880.0,1880.0,2275.0,2275.0,2325.0,2325.0,1860.0,1860.0,2325.0,0.889,0.889,1.074,1.072,1.174,1.168,1.242,1.239,15.475,5384.0,12800.0,22.803,89.0,43.85
2026-07-08 07:04:05,55.0,61.000              ,566.215,200.0,1200.0,0.0,55.75,55.750              ,55.75,55.75,55.75,55.75,55.75,55.75,55.75,69.436,68.016,72.001,73.273,75.109,62.004,70.87,75.573,70.785,1683.333,1683.333,1683.333,1683.333,2020.0,2020.0,1683.333,1683.333,2020.0,0.891,0.893,0.975,0.973,0.98,1.001,0.997,0.997,14.78,5359.0,12849.0,23.128,90.0,43.24
2026-07-08 07:04:06,55.0,64.000              ,566.215,200.0,1200.0,0.0,55.75,55.750              ,55.75,55.75,55.75,55.75,55.75,55.75,55.75,48.408,38.806,45.537,47.351,54.672,41.598,49.653,67.716,49.218,1920.0,1920.0,1920.0,1920.0,2400.0,2400.0,1920.0,1920.0,2400.0,0.886,0.884,0.955,0.955,0.948,0.943,1.257,1.257,14.961,5413.0,12894.0,18.019,91.0,55.5
2026-07-08 07:04:07,55.0,64.000              ,566.215,200.0,933.0,0.0,55.875,55.875              ,55.875,55.875,55.875,55.875,55.875,55.875,55.875,47.701,25.522,45.207,38.65,55.416,34.85,48.961,44.515,42.603,1960.0,1960.0,1960.0,1960.0,1960.0,1960.0,2450.0,2450.0,2450.0,0.891,0.891,0.986,0.989,1.192,1.192,1.422,1.422,14.764,5451.0,12932.0,17.734,92.0,56.39
2026-07-08 07:04:08,55.0,64.000              ,566.215,200.0,933.0,0.0,55.625,55.625              ,55.625,55.625,55.625,55.625,55.625,55.625,55.625,28.6,16.313,35.764,39.386,53.643,12.666,37.101,27.076,31.319,2540.0,2540.0,2540.0,2540.0,2540.0,2540.0,3175.0,3175.0,3175.0,0.847,0.847,1.253,1.255,1.162,1.162,1.071,1.071,14.784,5449.0,12933.0,25.776,93.0,38.8
2026-07-08 07:04:09,55.0,62.000              ,566.203,200.0,933.0,0.0,55.375,55.375              ,55.375,55.375,55.375,55.375,55.375,55.375,55.375,20.268,17.855,33.71,18.042,41.894,5.685,30.877,3.948,21.535,2600.0,2600.0,3250.0,3250.0,2600.0,2600.0,2600.0,2600.0,3250.0,1.004,1.004,1.3,1.301,1.15,1.15,0.905,0.905,13.263,5452.0,12941.0,59.822,94.0,16.72
2026-07-08 07:04:10,56.0,50.000              ,566.082,200.0,933.0,0.0,56.375,56.375              ,56.375,56.375,56.375,56.375,56.375,56.375,56.375,25.115,12.376,31.635,43.936,45.821,6.718,32.067,6.151,25.477,3475.0,3475.0,2316.667,2316.667,2316.667,2316.667,2316.667,2316.667,3475.0,1.145,1.145,2.457,2.451,1.517,1.517,1.158,1.158,15.302,5333.0,12776.0,17.6,95.0,56.82
2026-07-08 07:04:11,57.0,20.000              ,566.082,200.0,933.0,0.0,57.25,57.250              ,57.25,57.25,57.25,57.25,57.25,57.25,57.25,7.19,9.072,15.882,62.952,49.09,2.6,24.593,4.055,21.929,2333.333,2333.333,3500.0,3500.0,2333.333,2333.333,2333.333,2333.333,3500.0,0.796,0.796,3.409,3.42,2.057,2.063,1.053,1.053,14.655,5263.0,12833.0,0.0,96.0,
2026-07-08 07:04:12,57.0,0.000               ,567.078,200.0,933.0,0.0,57.875,57.875              ,57.875,57.875,57.875,57.875,57.875,57.875,57.875,11.178,4.168,9.353,70.549,33.351,1.548,19.464,1.753,18.921,2333.333,2333.333,3500.0,3500.0,2333.333,2333.333,2333.333,2333.333,3500.0,0.876,0.876,3.883,3.891,1.587,1.582,0.978,0.979,14.166,5246.0,12801.0,2341.953,97.0,0.43
2026-07-08 07:04:13,59.0,1.000               ,567.078,200.0,933.0,0.0,59.125,59.125              ,59.125,59.125,59.125,59.125,59.125,59.125,59.125,6.28,4.678,7.505,95.747,21.075,3.131,15.792,2.463,19.584,2333.333,2333.333,3500.0,3500.0,2333.333,2333.333,2333.333,2333.333,3500.0,0.705,0.711,5.527,5.633,1.038,1.045,0.94,0.939,15.111,5260.0,12817.0,0.0,98.0,
2026-07-08 07:04:14,59.0,1.000               ,567.078,200.0,933.0,0.0,59.625,59.625              ,59.625,59.625,59.625,59.625,59.625,59.625,59.625,6.647,23.952,22.406,67.443,23.809,2.283,20.982,2.237,21.22,2316.667,2316.667,2316.667,2316.667,2316.667,2316.667,3475.0,3475.0,3475.0,1.661,1.655,4.094,4.013,1.151,1.133,1.017,1.017,14.815,5299.0,12862.0,0.0,99.0,
2026-07-08 07:04:15,59.0,0.000               ,567.078,200.0,933.0,0.0,59.375,59.375              ,59.375,59.375,59.375,59.375,59.375,59.375,59.375,16.693,5.65,13.465,60.552,39.977,2.704,23.312,3.095,20.681,2333.333,2333.333,3500.0,3500.0,2333.333,2333.333,2800.0,2800.0,3500.0,1.026,1.026,2.94,2.922,1.81,1.833,1.113,1.113,14.315,5327.0,12883.0,0.0,100.0,
2026-07-08 07:04:16,58.0,0.000               ,561.777,200.0,1200.0,0.0,58.875,58.875              ,58.875,58.875,58.875,58.875,58.875,58.875,58.875,14.616,16.648,17.608,70.973,32.926,9.337,32.851,11.361,25.79,2316.667,2316.667,2316.667,2316.667,3475.0,3475.0,2316.667,2316.667,3475.0,1.17,1.17,3.325,3.321,1.444,1.444,1.466,1.498,15.948,5246.0,12932.0,3180.684,101.0,0.31
2026-07-08 07:04:17,57.0,0.000               ,561.777,200.0,933.0,0.0,57.875,57.875              ,57.875,57.875,57.875,57.875,57.875,57.875,57.875,37.154,39.204,50.192,50.874,61.518,24.107,59.27,24.313,43.329,2420.0,2420.0,2420.0,2420.0,2420.0,2420.0,3025.0,3025.0,3025.0,1.277,1.277,1.907,1.894,1.662,1.662,1.49,1.458,14.756,5174.0,12976.0,0.0,102.0,
2026-07-08 07:04:18,58.0,0.000               ,561.777,200.0,933.0,0.0,58.25,58.250              ,58.25,58.25,58.25,58.25,58.25,58.25,58.25,13.559,10.943,17.943,78.571,33.379,3.988,20.842,6.734,23.245,2333.333,2333.333,3500.0,3500.0,2333.333,2333.333,2333.333,2333.333,3500.0,0.972,0.972,3.369,3.396,1.225,1.225,1.039,1.039,14.733,5097.0,13016.0,0.0,103.0,
2026-07-08 07:04:19,58.0,0.000               ,561.777,200.0,933.0,0.0,58.25,58.250              ,58.25,58.25,58.25,58.25,58.25,58.25,58.25,12.362,2.714,10.985,73.653,27.943,5.613,15.817,7.266,19.544,2600.0,2600.0,2600.0,2600.0,2600.0,2600.0,3250.0,3250.0,3250.0,0.766,0.766,3.051,3.056,1.155,1.163,0.924,0.924,13.773,5150.0,13048.0,0.0,104.0,
2026-07-08 07:04:20,58.0,0.000               ,561.777,200.0,933.0,0.0,58.125,58.125              ,58.125,58.125,58.125,58.125,58.125,58.125,58.125,8.406,10.415,13.52,69.118,36.406,2.219,16.365,1.237,19.711,2333.333,2333.333,3500.0,3500.0,2800.0,2800.0,2333.333,2333.333,3500.0,0.942,0.942,3.036,3.033,1.384,1.377,0.831,0.831,13.652,5241.0,13108.0,0.0,105.0,
2026-07-08 07:04:21,58.0,0.000               ,561.777,200.0,933.0,0.0,58.125,58.125              ,58.125,58.125,58.125,58.125,58.125,58.125,58.125,14.895,5.227,7.556,85.415,21.223,3.999,19.446,4.963,20.34,2333.333,2333.333,3500.0,3500.0,2333.333,2333.333,2333.333,2333.333,3500.0,0.888,0.888,3.38,3.384,0.968,0.968,0.941,0.941,13.736,5254.0,13155.0,0.0,106.0,
2026-07-08 07:04:22,58.0,0.000               ,561.777,200.0,933.0,0.0,58.375,58.375              ,58.375,58.375,58.375,58.375,58.375,58.375,58.375,12.713,3.849,10.113,84.214,32.325,6.509,25.201,3.305,22.279,2333.333,2333.333,3500.0,3500.0,2333.333,2333.333,2333.333,2333.333,3500.0,0.76,0.76,3.426,3.433,1.28,1.28,1.038,1.038,14.379,5331.0,13231.0,0.0,107.0,
2026-07-08 07:04:23,58.0,0.000               ,561.777,200.0,1200.0,0.0,58.625,58.625              ,58.625,58.625,58.625,58.625,58.625,58.625,58.625,21.016,2.241,17.64,77.848,24.538,3.867,44.874,3.18,24.4,2333.333,2333.333,3500.0,3500.0,2333.333,2333.333,2333.333,2333.333,3500.0,0.988,0.988,3.366,3.306,1.042,1.042,1.823,1.842,15.697,5357.0,13287.0,0.0,108.0,
2026-07-08 07:04:24,57.0,0.000               ,561.777,200.0,1200.0,0.0,57.875,57.875              ,57.875,57.875,57.875,57.875,57.875,57.875,57.875,49.827,42.981,59.092,65.459,69.718,31.613,56.362,30.463,50.689,2233.333,2233.333,2680.0,2680.0,2680.0,2680.0,3350.0,3350.0,3350.0,1.568,1.569,2.232,2.268,1.805,1.805,1.628,1.609,16.408,5232.0,13333.0,0.0,109.0,
2026-07-08 07:04:25,57.0,0.000               ,561.777,200.0,933.0,0.0,57.375,57.375              ,57.375,57.375,57.375,57.375,57.375,57.375,57.375,18.238,8.664,34.084,19.657,65.907,4.536,29.327,4.173,23.073,2100.0,2100.0,3150.0,3150.0,2520.0,2520.0,2520.0,2520.0,3150.0,0.943,0.941,1.406,1.406,2.287,2.287,1.052,1.05,13.509,5182.0,13382.0,0.0,110.0,
2026-07-08 07:04:26,57.0,0.000               ,561.777,200.0,933.0,0.0,57.375,57.375              ,57.375,57.375,57.375,57.375,57.375,57.375,57.375,16.956,4.394,21.411,17.927,58.11,5.361,36.934,3.733,20.603,2300.0,2300.0,2300.0,2300.0,3500.0,3500.0,2333.333,2333.333,3500.0,0.89,0.89,1.23,1.235,2.144,2.144,1.35,1.351,12.99,5235.0,13438.0,0.0,111.0,
2026-07-08 07:04:27,57.0,0.000               ,561.777,200.0,933.0,0.0,57.375,57.375              ,57.375,57.375,57.375,57.375,57.375,57.375,57.375,14.508,3.269,21.661,36.841,53.823,2.598,34.194,2.287,21.148,2333.333,2333.333,2333.333,2333.333,2333.333,2333.333,3500.0,3500.0,3500.0,0.841,0.841,2.063,2.058,1.984,1.984,1.351,1.353,13.704,5300.0,13504.0,0.0,112.0,
2026-07-08 07:04:28,57.0,0.000               ,561.777,200.0,1067.0,0.0,57.625,57.625              ,57.625,57.625,57.625,57.625,57.625,57.625,57.625,12.127,7.789,15.198,56.5,50.872,5.293,32.696,6.225,23.337,2333.333,2333.333,2333.333,2333.333,3500.0,3500.0,2333.333,2333.333,3500.0,0.825,0.825,2.447,2.453,1.872,1.872,1.347,1.344,14.33,5391.0,13572.0,0.0,113.0,
2026-07-08 07:04:29,57.0,0.000               ,561.777,200.0,1067.0,0.0,57.875,57.875              ,57.875,57.875,57.875,57.875,57.875,57.875,57.875,25.252,5.1,17.095,58.246,29.894,28.288,36.189,5.097,25.645,2283.333,2283.333,2283.333,2283.333,2300.0,2300.0,3450.0,3450.0,3450.0,1.121,1.125,2.535,2.529,1.834,1.834,1.473,1.473,15.171,5424.0,13627.0,0.0,114.0,
2026-07-08 07:04:30,57.0,0.000               ,561.777,200.0,933.0,0.0,57.5,57.500              ,57.5,57.5,57.5,57.5,57.5,57.5,57.5,37.177,38.226,38.302,71.456,53.055,23.151,48.266,21.515,41.394,2333.333,2333.333,3500.0,3500.0,2800.0,2800.0,2333.333,2333.333,3500.0,1.531,1.527,2.524,2.582,1.584,1.585,1.394,1.394,16.134,5350.0,13682.0,0.0,115.0,
2026-07-08 07:04:31,57.0,0.000               ,561.777,200.0,1067.0,0.0,57.625,57.625              ,57.625,57.625,57.625,57.625,57.625,57.625,57.625,14.583,4.382,15.723,61.262,57.926,3.702,22.72,6.679,23.372,2800.0,2800.0,3500.0,3500.0,3500.0,3500.0,2333.333,2333.333,3500.0,0.771,0.771,2.518,2.47,2.005,2.004,0.972,0.972,14.604,5386.0,13724.0,15706.652,116.0,0.06
2026-07-08 07:04:32,57.0,0.000               ,561.777,200.0,1067.0,0.0,57.875,57.875              ,57.875,57.875,57.875,57.875,57.875,57.875,57.875,10.252,1.31,7.533,83.77,27.869,1.492,32.28,4.7,21.151,2250.0,2250.0,2250.0,3500.0,2800.0,2800.0,2333.333,2333.333,3500.0,0.75,0.75,3.413,3.403,1.093,1.093,1.379,1.379,14.861,5452.0,13765.0,0.0,117.0,
2026-07-08 07:04:33,57.0,0.000               ,561.777,200.0,1200.0,0.0,57.875,57.875              ,57.875,57.875,57.875,57.875,57.875,57.875,57.875,19.699,5.592,19.549,39.411,67.075,4.841,37.872,3.578,24.702,2333.333,2333.333,3500.0,3500.0,2333.333,2333.333,2333.333,2333.333,3500.0,0.979,0.979,2.022,2.034,2.613,2.613,1.453,1.453,15.526,5475.0,13813.0,0.0,118.0,
2026-07-08 07:04:34,57.0,0.000               ,561.777,200.0,933.0,0.0,57.375,57.375              ,57.375,57.375,57.375,57.375,57.375,57.375,57.375,39.888,32.618,43.962,57.395,60.168,24.327,56.357,20.746,41.933,2460.0,2460.0,2460.0,2460.0,3075.0,3075.0,2460.0,2460.0,3075.0,1.388,1.388,1.978,1.966,1.656,1.656,1.508,1.508,15.538,5358.0,13858.0,0.0,119.0,
2026-07-08 07:04:35,57.0,0.000               ,561.777,200.0,933.0,0.0,57.5,57.500              ,57.5,57.5,57.5,57.5,57.5,57.5,57.5,17.856,9.636,22.086,70.273,34.25,2.76,19.701,4.348,22.614,2333.333,2333.333,3500.0,3500.0,2333.333,2333.333,2333.333,2333.333,3500.0,1.048,1.048,3.205,3.23,1.196,1.196,0.983,0.983,14.907,5264.0,13899.0,0.0,120.0,
2026-07-08 07:04:36,57.0,0.000               ,561.777,200.0,933.0,0.0,57.25,57.250              ,57.25,57.25,57.25,57.25,57.25,57.25,57.25,17.662,2.323,19.247,15.421,61.944,3.098,31.821,2.311,19.228,2333.333,2333.333,2333.333,2333.333,3500.0,3500.0,2333.333,2333.333,3500.0,0.862,0.863,1.103,1.078,2.169,2.169,1.134,1.134,12.66,5301.0,13948.0,0.0,121.0,
2026-07-08 07:04:37,57.0,0.000               ,561.777,200.0,933.0,0.0,57.375,57.375              ,57.375,57.375,57.375,57.375,57.375,57.375,57.375,7.701,5.488,11.247,70.038,38.686,3.095,24.048,1.709,20.251,2333.333,2333.333,2333.333,2333.333,3500.0,3500.0,2333.333,2333.333,3500.0,0.769,0.759,3.019,3.035,1.411,1.411,1.003,1.003,13.71,5350.0,13996.0,0.0,122.0,
2026-07-08 07:04:38,57.0,0.000               ,561.777,200.0,933.0,0.0,57.75,57.750              ,57.75,57.75,57.75,57.75,57.75,57.75,57.75,8.774,4.911,14.097,64.744,37.043,4.307,31.372,2.819,21.008,2333.333,2333.333,3500.0,3500.0,2333.333,2333.333,2333.333,2333.333,3500.0,0.714,0.722,2.771,2.732,1.381,1.384,1.208,1.208,13.653,5397.0,14045.0,0.0,123.0,
2026-07-08 07:04:39,57.0,0.000               ,561.777,200.0,1067.0,0.0,57.875,57.875              ,57.875,57.875,57.875,57.875,57.875,57.875,57.875,15.941,7.066,16.614,65.991,35.533,7.516,45.384,6.052,25.012,2333.333,2333.333,3500.0,3500.0,2333.333,2333.333,2333.333,2333.333,3500.0,0.945,0.945,2.97,2.997,1.461,1.457,1.999,1.999,15.596,5479.0,14146.0,7314.561,124.0,0.14
2026-07-08 07:04:40,57.0,0.000               ,561.777,200.0,1200.0,0.0,57.625,57.625              ,57.625,57.625,57.625,57.625,57.625,57.625,57.625,44.288,39.987,51.246,71.574,58.7,28.85,63.063,23.884,47.699,2333.333,2333.333,3500.0,3450.0,2760.0,2760.0,2300.0,2300.0,3500.0,1.583,1.585,2.522,2.522,1.667,1.668,1.694,1.694,17.4,5388.0,14210.0,0.0,125.0,
2026-07-08 07:04:41,58.0,0.000               ,561.777,200.0,933.0,0.0,58.5,58.500              ,58.5,58.5,58.5,58.5,58.5,58.5,58.5,8.089,3.247,18.987,50.145,13.26,53.051,24.108,3.849,21.842,2266.667,2266.667,3400.0,3400.0,2266.667,2266.667,2266.667,2266.667,3400.0,0.624,0.622,2.587,2.587,2.565,2.593,0.963,0.963,14.837,5393.0,14225.0,0.0,126.0,
2026-07-08 07:04:42,59.0,0.000               ,561.777,200.0,933.0,0.0,59.75,59.750              ,59.75,59.75,59.75,59.75,59.75,59.75,59.75,3.296,0.574,18.2,23.992,72.908,4.255,20.089,5.924,18.655,2333.333,2333.333,3500.0,3500.0,2333.333,2333.333,2333.333,2333.333,3500.0,0.196,0.196,1.59,1.59,3.316,3.309,1.175,1.175,14.211,5391.0,14224.0,0.0,127.0,
2026-07-08 07:04:43,60.0,0.000               ,561.777,200.0,933.0,0.0,60.75,60.750              ,60.75,60.75,60.75,60.75,60.75,60.75,60.75,20.705,3.785,21.21,28.85,40.607,2.704,48.764,3.146,21.222,2333.333,2333.333,2333.333,2333.333,2333.333,2333.333,3500.0,3500.0,3500.0,1.08,1.08,1.843,1.843,1.716,1.716,2.039,2.039,14.741,5396.0,14227.0,0.0,128.0,
2026-07-08 07:04:44,62.0,0.000               ,561.777,200.0,933.0,0.0,62.125,62.125              ,62.125,62.125,62.125,62.125,62.125,62.125,62.125,5.25,0.76,17.889,24.52,5.356,78.952,19.381,2.096,19.276,2333.333,2333.333,3500.0,3500.0,2333.333,2333.333,2333.333,2333.333,3500.0,0.417,0.417,1.711,1.711,3.671,3.694,0.911,0.911,15.028,5402.0,14225.0,0.0,129.0,
2026-07-08 07:04:45,63.0,0.000               ,621.5,200.0,933.0,0.0,63.0,63.000              ,63.0,63.0,63.0,63.0,63.0,63.0,63.0,7.362,1.783,42.565,52.455,19.97,14.806,16.561,2.31,19.726,2333.333,2333.333,3500.0,3500.0,2333.333,2333.333,2333.333,2333.333,3500.0,0.285,0.285,4.018,4.018,1.354,1.308,0.88,0.88,14.705,5449.0,14327.0,0.0,130.0,
2026-07-08 07:04:46,62.0,0.000               ,621.5,200.0,933.0,0.0,62.875,62.875              ,62.875,62.875,62.875,62.875,62.875,62.875,62.875,14.918,4.539,25.444,14.466,65.168,19.337,31.188,3.874,22.367,3500.0,3500.0,2333.333,2333.333,2333.333,2333.333,2333.333,2333.333,3500.0,0.966,0.966,1.315,1.315,3.401,3.415,1.427,1.427,15.41,5457.0,14327.0,0.0,131.0,
2026-07-08 07:04:47,63.0,0.000               ,621.5,200.0,933.0,0.0,63.75,63.750              ,63.75,63.75,63.75,63.75,63.75,63.75,63.75,3.92,0.661,7.663,98.075,18.303,4.36,21.481,1.174,19.455,2333.333,2333.333,3500.0,3500.0,2333.333,2333.333,2333.333,2333.333,3500.0,0.264,0.264,4.541,4.604,1.037,0.977,0.989,0.989,15.089,5457.0,14325.0,0.0,132.0,
2026-07-08 07:04:48,63.0,0.000               ,621.5,200.0,933.0,0.0,63.75,63.750              ,63.75,63.75,63.75,63.75,63.75,63.75,63.75,4.519,2.322,49.096,33.698,47.984,4.343,21.779,3.079,20.852,2333.333,2333.333,3500.0,3500.0,2333.333,2333.333,2333.333,2333.333,3500.0,0.16,0.16,3.494,3.41,2.187,2.18,1.044,1.044,15.072,5468.0,14328.0,0.0,133.0,
2026-07-08 07:04:49,63.0,0.000               ,621.5,200.0,933.0,0.0,63.625,63.625              ,63.625,63.625,63.625,63.625,63.625,63.625,63.625,7.061,2.978,20.81,27.651,82.183,3.944,18.008,3.206,20.73,2333.333,2333.333,3500.0,3500.0,2333.333,2333.333,2333.333,2333.333,3500.0,0.427,0.427,1.766,1.828,3.536,3.536,0.86,0.86,14.801,5468.0,14325.0,0.0,134.0,
2026-07-08 07:04:50,63.0,0.000               ,625.008,200.0,933.0,0.0,63.375,63.375              ,63.375,63.375,63.375,63.375,63.375,63.375,63.375,6.646,3.017,18.739,19.68,88.662,1.802,17.416,1.514,19.684,2333.333,2333.333,3500.0,3500.0,2333.333,2333.333,2333.333,2333.333,3500.0,0.665,0.665,1.487,1.417,4.013,4.013,0.893,0.893,15.373,5466.0,14333.0,0.0,135.0,
2026-07-08 07:04:51,63.0,0.000               ,625.008,200.0,933.0,0.0,63.25,63.250              ,63.25,63.25,63.25,63.25,63.25,63.25,63.25,9.349,4.666,22.73,23.871,19.981,70.373,20.5,4.318,21.974,2333.333,2333.333,3500.0,3500.0,2333.333,2333.333,2333.333,2333.333,3500.0,0.737,0.737,1.681,1.677,3.785,3.785,1.014,1.014,15.592,5479.0,14329.0,0.0,136.0,
2026-07-08 07:04:52,63.0,0.000               ,625.008,200.0,933.0,0.0,63.625,63.625              ,63.625,63.625,63.625,63.625,63.625,63.625,63.625,13.432,2.614,11.771,75.065,24.276,14.294,15.738,2.479,19.959,2333.333,2333.333,2333.333,2333.333,3500.0,3500.0,2333.333,2333.333,3500.0,0.847,0.847,3.634,3.656,1.664,1.664,0.821,0.821,15.609,5489.0,14326.0,0.0,137.0,
2026-07-08 07:04:53,63.0,0.000               ,625.008,200.0,933.0,0.0,63.625,63.625              ,63.625,63.625,63.625,63.625,63.625,63.625,63.625,10.824,2.906,48.316,32.557,16.042,3.285,42.464,2.056,19.806,2333.333,2333.333,3500.0,3500.0,2333.333,2333.333,2333.333,2333.333,3500.0,0.757,0.757,3.364,3.342,0.891,0.891,1.767,1.767,14.925,5486.0,14328.0,0.0,138.0,
2026-07-08 07:04:54,62.0,0.000               ,635.137,200.0,933.0,0.0,62.5,62.500              ,62.5,62.5,62.5,62.5,62.5,62.5,62.5,8.554,48.318,29.149,24.719,21.188,2.838,11.255,15.957,20.247,3500.0,3500.0,2333.333,2333.333,2333.333,2333.333,2333.333,2333.333,3500.0,2.304,2.304,1.992,1.992,0.867,0.867,1.223,1.249,14.409,5497.0,14337.0,15252.323,139.0,0.07
2026-07-08 07:04:55,61.0,0.000               ,635.137,200.0,933.0,0.0,61.0,61.000              ,61.0,61.0,61.0,61.0,61.0,61.0,61.0,5.562,8.991,20.706,6.784,71.506,1.027,36.655,2.176,19.176,2333.333,2333.333,2333.333,2333.333,3500.0,3500.0,2333.333,2333.333,3500.0,0.889,0.892,1.016,1.016,3.271,3.271,1.793,1.775,14.168,5496.0,14337.0,0.0,140.0,
2026-07-08 07:04:56,60.0,0.000               ,635.137,200.0,933.0,0.0,60.75,60.750              ,60.75,60.75,60.75,60.75,60.75,60.75,60.75,6.971,51.978,26.447,17.362,35.75,2.354,15.73,2.89,19.935,2333.333,2333.333,3500.0,3500.0,2333.333,2333.333,2333.333,2333.333,3500.0,2.614,2.611,1.709,1.709,1.798,1.798,0.79,0.783,14.501,5503.0,14338.0,0.0,141.0,
2026-07-08 07:04:57,60.0,0.000               ,635.137,200.0,933.0,0.0,60.5,60.500              ,60.5,60.5,60.5,60.5,60.5,60.5,60.5,12.148,12.865,22.82,7.754,13.587,59.345,27.885,1.945,19.794,3500.0,3500.0,2333.333,2333.333,2333.333,2333.333,2333.333,2333.333,3500.0,1.32,1.32,1.092,1.092,3.358,3.358,1.416,1.416,14.679,5505.0,14336.0,0.0,142.0,
2026-07-08 07:04:58,60.0,0.000               ,635.137,200.0,933.0,0.0,60.875,60.875              ,60.875,60.875,60.875,60.875,60.875,60.875,60.875,14.062,73.209,34.033,6.666,13.531,2.543,11.254,2.647,19.743,3500.0,3500.0,2333.333,2333.333,2333.333,2333.333,2333.333,2333.333,3500.0,3.93,3.93,1.581,1.581,0.701,0.701,0.698,0.7,14.562,5506.0,14335.0,0.0,143.0,
2026-07-08 07:04:59,61.0,0.000               ,635.137,200.0,933.0,0.0,61.0,61.000              ,61.0,61.0,61.0,61.0,61.0,61.0,61.0,4.62,56.76,49.03,6.026,20.079,2.382,13.382,1.093,19.172,2333.333,2333.333,2333.333,2333.333,3500.0,3500.0,2333.333,2333.333,3500.0,2.917,2.96,2.366,2.366,1.04,1.04,0.741,0.739,14.509,5509.0,14335.0,0.0,144.0,
2026-07-08 07:05:00,60.0,0.000               ,635.137,200.0,933.0,0.0,60.875,60.875              ,60.875,60.875,60.875,60.875,60.875,60.875,60.875,5.17,73.85,27.128,8.246,34.143,3.271,12.232,4.068,21.013,3500.0,3500.0,2333.333,2333.333,2333.333,2333.333,2333.333,2333.333,3500.0,3.548,3.549,1.165,1.165,1.637,1.637,0.728,0.728,14.571,5520.0,14340.0,0.0,145.0,
2026-07-08 07:05:01,61.0,0.000               ,635.137,200.0,933.0,0.0,61.0,61.000              ,61.0,61.0,61.0,61.0,61.0,61.0,61.0,11.226,59.683,44.72,12.209,17.409,2.107,8.745,2.018,19.765,3500.0,3500.0,2333.333,2333.333,2333.333,2333.333,2333.333,2333.333,3500.0,3.338,3.305,2.373,2.371,0.918,0.918,0.687,0.687,14.954,5522.0,14348.0,0.0,146.0,
2026-07-08 07:05:03,60.0,0.000               ,662.609,200.0,1200.0,0.0,60.625,60.625              ,60.625,60.625,60.625,60.625,60.625,60.625,60.625,28.461,34.282,38.656,54.451,75.415,12.13,34.916,11.817,36.266,2333.333,2333.333,3500.0,3500.0,3500.0,3500.0,2800.0,2800.0,3500.0,1.675,1.678,3.229,3.244,2.501,2.505,1.455,1.456,17.714,5700.0,14587.0,8387.343,148.0,0.12
2026-07-08 07:05:03,59.0,0.000               ,775.648,400.0,1200.0,0.0,59.125,59.125              ,59.125,59.125,59.125,59.125,59.125,59.125,59.125,82.414,81.248,83.52,88.353,87.627,76.365,91.987,74.089,83.2,2060.0,2060.0,2575.0,2575.0,2060.0,2060.0,2060.0,2060.0,2575.0,1.415,1.413,1.588,1.564,1.296,1.293,1.34,1.295,16.409,5625.0,14752.0,196.171,148.0,5.1
2026-07-08 07:05:04,57.0,38.000              ,777.152,338.0,1200.0,0.0,57.5,57.500              ,57.5,57.5,57.5,57.5,57.5,57.5,57.5,88.547,85.53,91.312,93.544,89.371,91.897,89.07,84.95,89.278,1500.0,1500.0,1750.0,1750.0,1750.0,1750.0,1780.0,1780.0,1780.0,0.908,0.899,0.992,1.008,0.996,0.993,0.917,0.918,15.789,5464.0,14752.0,29.732,149.0,33.63
2026-07-08 07:05:05,56.0,73.000              ,775.969,200.0,1200.0,0.0,56.25,56.250              ,56.25,56.25,56.25,56.25,56.25,56.25,56.25,84.926,80.327,89.502,89.926,85.284,83.51,86.488,78.56,84.815,2250.0,2250.0,2250.0,2250.0,2250.0,2250.0,1800.0,1800.0,2250.0,0.972,0.983,1.102,1.101,1.032,1.039,1.006,1.01,15.745,5348.0,14753.0,108.671,150.0,9.2
2026-07-08 07:05:06,55.0,75.000              ,775.469,364.0,1200.0,0.0,55.75,55.750              ,55.75,55.75,55.75,55.75,55.75,55.75,55.75,82.629,77.341,87.027,87.171,83.831,79.863,82.337,74.174,81.797,1840.0,1840.0,1840.0,1840.0,1840.0,1840.0,1533.333,1533.333,1840.0,0.871,0.87,0.984,0.984,0.922,0.93,0.893,0.89,15.631,5221.0,14757.0,41.7,151.0,23.98
2026-07-08 07:05:07,55.0,79.000              ,775.465,375.0,1200.0,0.0,55.75,55.750              ,55.75,55.75,55.75,55.75,55.75,55.75,55.75,82.576,76.913,85.986,86.821,84.741,76.156,84.104,72.752,81.256,1840.0,1840.0,1840.0,1840.0,1840.0,1840.0,1840.0,1840.0,1840.0,0.853,0.853,0.963,0.969,0.908,0.902,0.89,0.888,15.84,5080.0,14760.0,29.089,152.0,34.38
2026-07-08 07:05:08,55.0,79.000              ,778.457,442.0,1200.0,0.0,55.625,55.625              ,55.625,55.625,55.625,55.625,55.625,55.625,55.625,74.244,65.492,79.163,80.266,80.949,63.486,76.845,57.691,72.267,1616.667,1616.667,1940.0,1940.0,1616.667,1616.667,1616.667,1616.667,1940.0,0.822,0.824,1.015,0.994,0.909,0.905,0.806,0.812,15.349,4963.0,14765.0,28.21,153.0,35.45
2026-07-08 07:05:09,55.0,76.000              ,780.477,200.0,1200.0,0.0,55.5,55.500              ,55.5,55.5,55.5,55.5,55.5,55.5,55.5,46.995,39.583,47.411,59.491,53.607,29.234,61.379,25.526,45.403,1800.0,1800.0,2160.0,2160.0,1800.0,1800.0,1800.0,1800.0,2160.0,0.811,0.81,1.048,1.063,0.783,0.783,0.878,0.871,15.372,4955.0,14767.0,26.997,154.0,37.04
2026-07-08 07:05:10,55.0,72.000              ,788.289,508.0,1200.0,0.0,55.5,55.500              ,55.5,55.5,55.5,55.5,55.5,55.5,55.5,50.35,41.974,48.979,63.733,60.017,25.765,58.97,33.765,47.944,2250.0,2250.0,2250.0,2250.0,1800.0,1820.0,1820.0,1820.0,2250.0,0.8,0.801,1.05,1.05,0.81,0.81,0.847,0.849,15.777,4947.0,14783.0,22.701,155.0,44.05
2026-07-08 07:05:11,55.0,71.000              ,789.914,200.0,1200.0,0.0,55.5,55.500              ,55.5,55.5,55.5,55.5,55.5,55.5,55.5,51.757,37.956,57.863,51.064,55.156,31.682,64.477,27.833,47.224,1816.667,1816.667,2180.0,2180.0,1816.667,1816.667,1816.667,1816.667,2180.0,0.829,0.828,1.073,1.073,0.838,0.838,0.88,0.88,15.369,4930.0,14797.0,31.108,156.0,32.15
2026-07-08 07:05:12,55.0,66.000              ,795.941,428.0,1200.0,0.0,55.5,55.500              ,55.5,55.5,55.5,55.5,55.5,55.5,55.5,51.795,40.019,52.776,54.305,65.22,27.755,63.161,26.863,47.737,1880.0,1900.0,2375.0,2375.0,1900.0,1900.0,1900.0,1900.0,2375.0,0.89,0.889,1.081,1.081,0.917,0.917,0.901,0.902,15.473,4883.0,14797.0,32.489,157.0,30.78
2026-07-08 07:05:13,55.0,65.000              ,797.453,461.0,1200.0,0.0,55.5,55.500              ,55.5,55.5,55.5,55.5,55.5,55.5,55.5,64.995,55.416,67.855,59.813,73.684,46.651,70.986,41.185,60.073,1820.0,1840.0,2300.0,2300.0,1840.0,1840.0,1840.0,1840.0,2300.0,0.894,0.894,1.04,1.027,0.924,0.924,0.898,0.897,15.718,4795.0,14799.0,26.243,158.0,38.11
2026-07-08 07:05:14,55.0,70.000              ,771.715,200.0,1200.0,0.0,55.5,55.500              ,55.5,55.5,55.5,55.5,55.5,55.5,55.5,61.78,55.137,61.57,63.335,69.851,44.853,66.062,38.874,57.683,1750.0,1750.0,2100.0,2100.0,2100.0,2100.0,1750.0,1733.333,2100.0,0.826,0.826,0.988,1.001,0.89,0.89,0.794,0.793,15.341,4722.0,14783.0,25.547,159.0,39.14
2026-07-08 07:05:15,55.0,68.000              ,770.977,420.0,1200.0,0.0,55.5,55.500              ,55.5,55.5,55.5,55.5,55.5,55.5,55.5,60.566,54.465,59.797,68.997,65.861,45.344,69.514,41.765,58.289,1783.333,1783.333,2140.0,2140.0,1783.333,1783.333,1783.333,1783.333,2140.0,0.844,0.833,1.037,1.036,0.819,0.819,0.857,0.858,15.622,4609.0,14784.0,27.236,160.0,36.72
2026-07-08 07:05:16,55.0,70.000              ,770.73,469.0,1200.0,0.0,55.5,55.500              ,55.5,55.5,55.5,55.5,55.5,55.5,55.5,65.378,60.887,63.471,71.51,67.958,53.081,78.853,69.262,66.3,1666.667,1666.667,2000.0,2000.0,1666.667,1666.667,2000.0,2000.0,2000.0,0.825,0.836,0.934,0.936,0.791,0.792,1.073,1.071,15.361,4490.0,14786.0,26.532,161.0,37.69
2026-07-08 07:05:17,55.0,72.000              ,770.73,442.0,1200.0,0.0,55.5,55.500              ,55.5,55.5,55.5,55.5,55.5,55.5,55.5,62.254,50.95,66.242,71.771,68.55,43.013,76.424,60.973,62.522,1716.667,1716.667,1716.667,1716.667,1716.667,1716.667,2040.0,2040.0,2040.0,0.792,0.792,1.033,1.03,0.787,0.787,0.97,0.956,15.28,4376.0,14772.0,24.973,162.0,40.04
2026-07-08 07:05:18,55.0,72.000              ,771.75,484.0,1200.0,0.0,55.5,55.500              ,55.5,55.5,55.5,55.5,55.5,55.5,55.5,45.817,38.69,56.749,64.561,62.093,23.75,59.691,37.555,48.613,1666.667,1683.333,2020.0,2020.0,1683.333,1683.333,2020.0,2020.0,2020.0,0.697,0.697,1.034,1.034,0.71,0.709,0.767,0.778,15.265,4231.0,14765.0,22.87,163.0,43.73
2026-07-08 07:05:19,55.0,66.000              ,782.422,200.0,1200.0,0.0,55.5,55.500              ,55.5,55.5,55.5,55.5,55.5,55.5,55.5,42.977,31.028,56.734,35.406,52.125,17.819,56.442,18.798,38.916,1920.0,1920.0,2375.0,2375.0,1900.0,1940.0,1940.0,1940.0,2375.0,0.844,0.844,1.113,1.115,0.809,0.809,0.898,0.898,15.272,4249.0,14783.0,33.636,164.0,29.73
2026-07-08 07:05:20,55.0,64.000              ,782.395,428.0,1200.0,0.0,55.5,55.500              ,55.5,55.5,55.5,55.5,55.5,55.5,55.5,40.179,28.936,54.094,27.008,48.314,10.996,60.866,14.108,35.563,1940.0,1940.0,2425.0,2425.0,1940.0,1940.0,1940.0,1940.0,2425.0,0.866,0.866,1.04,1.038,0.781,0.781,1.0,0.99,15.146,4259.0,14782.0,24.404,165.0,40.98
2026-07-08 07:05:21,55.0,69.000              ,782.398,420.0,1067.0,0.0,55.5,55.500              ,55.5,55.5,55.5,55.5,55.5,55.5,55.5,37.713,31.723,55.261,33.413,45.483,15.524,61.377,17.598,37.261,1980.0,1980.0,1980.0,1980.0,1980.0,1980.0,2475.0,2475.0,2475.0,0.833,0.833,1.021,1.021,0.802,0.802,1.043,1.055,15.474,4255.0,14782.0,20.233,166.0,49.42
2026-07-08 07:05:22,55.0,69.000              ,782.398,500.0,1200.0,0.0,55.5,55.500              ,55.5,55.5,55.5,55.5,55.5,55.5,55.5,39.397,28.935,53.519,44.905,55.869,11.092,50.3,24.861,38.609,2020.0,2020.0,2525.0,2525.0,2020.0,2020.0,2020.0,2020.0,2525.0,0.743,0.743,1.122,1.126,0.743,0.742,0.849,0.849,15.544,4256.0,14782.0,25.567,167.0,39.11
2026-07-08 07:05:23,55.0,70.000              ,782.402,413.0,1067.0,0.0,55.5,55.500              ,55.5,55.5,55.5,55.5,55.5,55.5,55.5,32.862,35.315,42.865,58.324,50.438,15.462,47.271,19.056,37.699,1800.0,1800.0,2250.0,2250.0,1800.0,1800.0,1800.0,1800.0,2250.0,0.765,0.765,1.26,1.264,0.756,0.745,0.794,0.794,14.89,4266.0,14784.0,23.957,168.0,41.74
2026-07-08 07:05:24,55.0,71.000              ,780.902,469.0,1200.0,0.0,55.5,55.500              ,55.5,55.5,55.5,55.5,55.5,55.5,55.5,31.428,30.232,36.707,59.71,50.272,11.617,46.717,12.983,34.958,2020.0,2020.0,2550.0,2550.0,2040.0,2040.0,2040.0,2040.0,2550.0,0.733,0.733,1.218,1.211,0.743,0.753,0.799,0.801,15.528,4270.0,14784.0,24.214,169.0,41.3
2026-07-08 07:05:25,55.0,69.000              ,780.402,435.0,1200.0,0.0,55.5,55.500              ,55.5,55.5,55.5,55.5,55.5,55.5,55.5,35.102,28.031,41.119,35.92,56.534,10.467,49.165,21.344,34.71,1940.0,1940.0,2425.0,2425.0,1920.0,1920.0,1920.0,1920.0,2425.0,0.766,0.767,0.992,0.992,0.795,0.795,0.872,0.87,15.141,4273.0,14784.0,26.512,170.0,37.72
2026-07-08 07:05:26,55.0,68.000              ,780.398,426.0,1200.0,0.0,55.5,55.500              ,55.5,55.5,55.5,55.5,55.5,55.5,55.5,30.922,30.092,49.364,34.565,58.418,7.732,48.092,14.351,34.192,2000.0,2000.0,2500.0,2500.0,2000.0,2000.0,2000.0,2000.0,2500.0,0.783,0.782,1.117,1.117,0.872,0.875,0.876,0.876,15.19,4274.0,14782.0,21.523,171.0,46.46
2026-07-08 07:05:27,55.0,69.000              ,782.316,450.0,1067.0,0.0,55.5,55.500              ,55.5,55.5,55.5,55.5,55.5,55.5,55.5,35.619,31.373,57.687,39.482,59.667,17.161,46.261,19.077,38.291,1960.0,1960.0,2450.0,2450.0,2475.0,2475.0,1980.0,1980.0,2475.0,0.807,0.795,1.188,1.197,0.911,0.908,0.825,0.825,15.292,4271.0,14783.0,24.304,172.0,41.15
2026-07-08 07:05:28,55.0,70.000              ,770.281,413.0,1067.0,0.0,55.5,55.500              ,55.5,55.5,55.5,55.5,55.5,55.5,55.5,40.415,29.74,45.556,36.441,60.67,12.733,46.933,17.898,36.298,1980.0,1980.0,2475.0,2475.0,1980.0,1980.0,1980.0,1980.0,2475.0,0.851,0.864,1.086,1.078,0.924,0.926,0.874,0.874,15.033,4266.0,14772.0,29.145,173.0,34.31
2026-07-08 07:05:29,55.0,70.000              ,770.238,413.0,1067.0,0.0,55.5,55.500              ,55.5,55.5,55.5,55.5,55.5,55.5,55.5,40.058,26.877,49.252,38.145,59.284,13.936,42.725,18.158,36.054,2080.0,2080.0,2600.0,2600.0,2080.0,2080.0,2080.0,2080.0,2600.0,0.837,0.836,1.147,1.147,0.971,0.969,0.852,0.852,15.252,4273.0,14773.0,24.711,174.0,40.47
2026-07-08 07:05:30,55.0,70.000              ,770.176,420.0,1200.0,0.0,55.5,55.500              ,55.5,55.5,55.5,55.5,55.5,55.5,55.5,47.036,29.977,46.347,35.148,66.814,11.753,38.941,20.308,37.04,2000.0,2000.0,2500.0,2500.0,2500.0,2475.0,1980.0,1980.0,2500.0,0.882,0.882,0.957,0.957,1.07,1.07,0.834,0.834,15.32,4274.0,14774.0,19.076,175.0,52.42
2026-07-08 07:05:31,55.0,70.000              ,769.176,420.0,1200.0,0.0,55.5,55.500              ,55.5,55.5,55.5,55.5,55.5,55.5,55.5,29.947,27.678,40.583,35.314,55.006,8.637,40.056,16.376,31.7,2060.0,2060.0,2575.0,2575.0,2060.0,2060.0,2080.0,2080.0,2575.0,0.747,0.747,1.033,1.042,0.908,0.909,0.803,0.803,15.147,4275.0,14761.0,23.437,176.0,42.67
2026-07-08 07:05:32,55.0,69.000              ,776.656,554.0,1067.0,0.0,55.5,55.500              ,55.5,55.5,55.5,55.5,55.5,55.5,55.5,42.574,27.807,40.603,57.909,50.218,14.055,42.698,22.584,37.306,2040.0,2040.0,2550.0,2550.0,2040.0,2040.0,2040.0,2040.0,2550.0,0.844,0.844,1.326,1.317,0.763,0.763,0.811,0.811,15.356,4273.0,14776.0,26.508,177.0,37.72
2026-07-08 07:05:33,55.0,70.000              ,776.652,461.0,1200.0,0.0,55.5,55.500              ,55.5,55.5,55.5,55.5,55.5,55.5,55.5,36.531,26.543,37.179,47.298,48.629,12.208,46.251,20.892,34.441,1840.0,1840.0,2300.0,2300.0,1840.0,1840.0,1840.0,1840.0,2300.0,0.738,0.738,1.116,1.116,0.746,0.745,0.84,0.84,15.057,4280.0,14776.0,21.618,178.0,46.26
2026-07-08 07:05:34,55.0,70.000              ,776.637,492.0,1200.0,0.0,55.5,55.500              ,55.5,55.5,55.5,55.5,55.5,55.5,55.5,30.568,29.45,36.184,60.708,44.067,15.409,38.719,17.231,34.042,2060.0,2060.0,2575.0,2575.0,2060.0,2060.0,2060.0,2060.0,2575.0,0.745,0.745,1.258,1.26,0.736,0.738,0.738,0.738,15.192,4281.0,14775.0,25.668,179.0,38.96
2026-07-08 07:05:35,55.0,68.000              ,776.574,469.0,1067.0,0.0,55.5,55.500              ,55.5,55.5,55.5,55.5,55.5,55.5,55.5,38.849,33.151,53.019,38.813,57.639,11.317,54.672,18.592,38.257,1880.0,1880.0,2350.0,2350.0,1880.0,1880.0,1880.0,1880.0,2350.0,0.796,0.796,1.052,1.05,0.806,0.805,0.841,0.856,15.116,4282.0,14774.0,25.302,180.0,39.52
2026-07-08 07:05:36,55.0,68.000              ,776.574,400.0,1067.0,0.0,55.5,55.500              ,55.5,55.5,55.5,55.5,55.5,55.5,55.5,46.606,19.85,51.21,31.524,55.613,13.139,44.69,14.844,34.685,1980.0,1980.0,2475.0,2475.0,1980.0,1980.0,1980.0,1980.0,2475.0,0.911,0.913,1.005,1.0,0.883,0.881,0.812,0.797,14.986,4280.0,14775.0,27.817,181.0,35.95
2026-07-08 07:05:37,55.0,69.000              ,776.582,381.0,1067.0,0.0,55.5,55.500              ,55.5,55.5,55.5,55.5,55.5,55.5,55.5,44.669,26.748,50.999,36.092,52.227,17.328,52.905,22.909,37.985,1920.0,1920.0,2400.0,2400.0,1920.0,1920.0,1920.0,1920.0,2400.0,0.863,0.861,1.001,1.006,0.894,0.894,0.919,0.92,15.321,4283.0,14774.0,23.813,182.0,41.99
2026-07-08 07:05:38,55.0,69.000              ,776.582,420.0,1067.0,0.0,55.5,55.500              ,55.5,55.5,55.5,55.5,55.5,55.5,55.5,37.567,27.296,47.643,45.635,42.833,15.05,54.741,18.844,36.201,2020.0,2020.0,2525.0,2525.0,2020.0,2020.0,2020.0,2020.0,2525.0,0.822,0.822,1.188,1.188,0.776,0.783,0.927,0.926,14.948,4289.0,14774.0,20.766,183.0,48.16
2026-07-08 07:05:39,55.0,69.000              ,776.082,200.0,1200.0,0.0,55.5,55.500              ,55.5,55.5,55.5,55.5,55.5,55.5,55.5,43.305,29.489,45.851,33.855,58.234,15.085,51.652,17.009,36.81,1980.0,1980.0,2475.0,2475.0,2475.0,2475.0,2475.0,2475.0,2475.0,0.838,0.838,0.972,0.974,0.914,0.907,0.836,0.827,15.226,4290.0,14773.0,22.767,184.0,43.92
2026-07-08 07:05:40,55.0,68.000              ,776.082,200.0,1200.0,0.0,55.5,55.500              ,55.5,55.5,55.5,55.5,55.5,55.5,55.5,36.216,29.646,43.554,33.172,54.508,12.855,52.211,18.671,35.104,1900.0,1900.0,2375.0,2375.0,1900.0,1900.0,1900.0,1900.0,2375.0,0.716,0.716,0.884,0.883,0.744,0.745,0.821,0.831,15.259,4287.0,14772.0,25.69,185.0,38.93
2026-07-08 07:05:41,55.0,66.000              ,776.094,200.0,1200.0,0.0,55.5,55.500              ,55.5,55.5,55.5,55.5,55.5,55.5,55.5,30.968,28.49,46.552,33.839,51.175,12.576,45.088,15.335,33.003,1940.0,1940.0,1940.0,1940.0,1940.0,1940.0,2425.0,2425.0,2425.0,0.785,0.785,1.088,1.088,0.856,0.856,0.843,0.843,14.939,4289.0,14773.0,17.252,186.0,57.96
2026-07-08 07:05:42,55.0,68.000              ,776.457,420.0,1067.0,0.0,55.5,55.500              ,55.5,55.5,55.5,55.5,55.5,55.5,55.5,31.132,23.652,58.126,29.007,47.13,9.528,49.166,11.189,32.366,2100.0,2100.0,2625.0,2625.0,2100.0,2100.0,2100.0,2100.0,2625.0,0.808,0.808,1.213,1.22,0.831,0.831,0.875,0.875,15.133,4290.0,14773.0,17.626,187.0,56.73
2026-07-08 07:05:43,55.0,70.000              ,775.039,200.0,1067.0,0.0,55.5,55.500              ,55.5,55.5,55.5,55.5,55.5,55.5,55.5,54.864,37.297,63.022,34.706,59.556,22.894,53.197,26.991,44.066,1980.0,1980.0,2475.0,2475.0,1980.0,1980.0,1980.0,1980.0,2475.0,0.946,0.946,0.992,0.985,0.846,0.846,0.791,0.793,15.034,4311.0,14772.0,24.3,188.0,41.15
2026-07-08 07:05:44,55.0,70.000              ,763.012,420.0,1200.0,0.0,55.5,55.500              ,55.5,55.5,55.5,55.5,55.5,55.5,55.5,46.426,22.533,64.838,28.154,60.992,11.4,46.394,15.925,37.083,1960.0,1960.0,2450.0,2450.0,1960.0,1960.0,1960.0,1960.0,2450.0,0.91,0.912,1.09,1.089,0.885,0.885,0.784,0.783,15.051,4310.0,14762.0,21.128,189.0,47.33
2026-07-08 07:05:45,55.0,69.000              ,763.074,200.0,1200.0,0.0,55.5,55.500              ,55.5,55.5,55.5,55.5,55.5,55.5,55.5,40.748,22.503,56.721,28.6,54.047,20.135,50.89,16.337,36.248,2020.0,2020.0,2020.0,2020.0,2525.0,2525.0,2020.0,2020.0,2525.0,0.854,0.852,1.073,1.073,0.908,0.908,0.844,0.844,15.224,4310.0,14762.0,19.663,190.0,50.86
2026-07-08 07:05:46,55.0,68.000              ,763.059,484.0,1067.0,0.0,55.5,55.500              ,55.5,55.5,55.5,55.5,55.5,55.5,55.5,42.106,26.812,52.974,30.41,53.418,14.508,42.319,15.806,34.794,1980.0,1980.0,2475.0,2475.0,1980.0,1980.0,1980.0,1980.0,2475.0,0.84,0.844,1.046,1.046,0.827,0.827,0.746,0.746,15.108,4309.0,14761.0,21.945,191.0,45.57
2026-07-08 07:05:47,55.0,69.000              ,763.063,420.0,1200.0,0.0,55.5,55.500              ,55.5,55.5,55.5,55.5,55.5,55.5,55.5,44.284,23.553,52.761,34.736,66.03,9.286,48.049,13.224,36.49,1920.0,1920.0,2400.0,2400.0,1920.0,1920.0,1920.0,1920.0,2400.0,0.894,0.893,1.039,1.039,0.908,0.908,0.8,0.8,14.955,4307.0,14755.0,21.267,192.0,47.02
2026-07-08 07:05:48,55.0,70.000              ,763.059,461.0,1067.0,0.0,55.5,55.500              ,55.5,55.5,55.5,55.5,55.5,55.5,55.5,39.306,24.892,41.502,36.27,46.599,14.041,46.334,11.776,32.59,2020.0,2020.0,2525.0,2525.0,2020.0,2020.0,2020.0,2020.0,2525.0,0.814,0.811,1.039,1.039,0.768,0.768,0.776,0.776,15.265,4306.0,14749.0,23.781,193.0,42.05
2026-07-08 07:05:49,55.0,69.000              ,763.063,442.0,1067.0,0.0,55.5,55.500              ,55.5,55.5,55.5,55.5,55.5,55.5,55.5,44.609,22.153,57.368,27.437,63.93,12.845,52.673,11.457,36.559,1940.0,1940.0,2425.0,2425.0,1940.0,1940.0,1940.0,1940.0,2425.0,0.88,0.88,0.967,0.97,0.976,0.96,0.826,0.826,14.841,4307.0,14749.0,23.003,194.0,43.47
2026-07-08 07:05:50,55.0,69.000              ,762.934,533.0,1067.0,0.0,55.5,55.500              ,55.5,55.5,55.5,55.5,55.5,55.5,55.5,36.807,27.771,58.631,24.224,64.389,11.659,54.76,12.144,36.298,2020.0,2020.0,2020.0,2020.0,2525.0,2525.0,2020.0,2020.0,2525.0,0.824,0.824,0.94,0.93,0.93,0.947,0.874,0.876,15.284,4308.0,14748.0,19.381,195.0,51.6
2026-07-08 07:05:51,55.0,70.000              ,762.813,413.0,1200.0,0.0,55.5,55.500              ,55.5,55.5,55.5,55.5,55.5,55.5,55.5,56.438,25.789,52.651,35.822,54.835,14.066,43.389,15.407,37.3,1900.0,1900.0,2375.0,2375.0,1900.0,1900.0,1900.0,1900.0,2375.0,0.957,0.957,0.987,0.994,0.78,0.779,0.73,0.728,15.15,4309.0,14748.0,23.995,196.0,41.68
2026-07-08 07:05:52,55.0,69.000              ,760.684,450.0,1067.0,0.0,55.5,55.500              ,55.5,55.5,55.5,55.5,55.5,55.5,55.5,45.039,27.407,55.207,33.731,58.755,17.194,58.082,21.511,39.616,1860.0,1860.0,2325.0,2325.0,1860.0,1860.0,1840.0,1840.0,2325.0,0.826,0.826,1.011,1.019,0.884,0.883,0.892,0.892,14.892,4308.0,14747.0,26.478,197.0,37.77
2026-07-08 07:05:53,55.0,69.000              ,762.934,533.0,1200.0,0.0,55.5,55.500              ,55.5,55.5,55.5,55.5,55.5,55.5,55.5,39.145,29.18,56.511,27.046,58.881,17.905,52.474,15.671,37.102,1980.0,1980.0,2475.0,2475.0,1980.0,1980.0,1980.0,1980.0,2475.0,0.807,0.809,0.977,0.968,0.958,0.958,0.876,0.878,15.156,4309.0,14748.0,22.387,198.0,44.67
2026-07-08 07:05:54,55.0,70.000              ,762.938,442.0,1200.0,0.0,55.5,55.500              ,55.5,55.5,55.5,55.5,55.5,55.5,55.5,45.44,30.025,48.384,29.557,61.241,15.723,51.335,17.221,37.366,1900.0,1900.0,2375.0,2375.0,2375.0,2375.0,1900.0,1900.0,2375.0,0.837,0.835,0.829,0.831,0.961,0.961,0.801,0.799,15.005,4313.0,14748.0,25.332,199.0,39.48
2026-07-08 07:05:55,55.0,69.000              ,762.934,387.0,1200.0,0.0,55.5,55.500              ,55.5,55.5,55.5,55.5,55.5,55.5,55.5,44.205,22.151,57.838,27.405,62.796,11.669,55.406,13.474,36.868,1960.0,1960.0,1960.0,1960.0,1960.0,1960.0,2450.0,2450.0,2450.0,0.833,0.835,0.977,0.975,0.875,0.875,0.874,0.874,15.189,4312.0,14749.0,24.002,200.0,41.66
2026-07-08 07:05:56,55.0,69.000              ,762.934,375.0,1200.0,0.0,55.5,55.500              ,55.5,55.5,55.5,55.5,55.5,55.5,55.5,39.576,33.474,48.078,34.797,62.381,13.361,58.902,13.304,37.984,1860.0,1860.0,1880.0,1880.0,1880.0,1880.0,2350.0,2350.0,2350.0,0.826,0.826,0.988,0.988,0.879,0.88,0.874,0.874,15.055,4317.0,14748.0,22.076,201.0,45.3
2026-07-08 07:05:57,55.0,68.000              ,762.934,461.0,1067.0,0.0,55.5,55.500              ,55.5,55.5,55.5,55.5,55.5,55.5,55.5,33.536,29.624,54.462,28.138,66.354,10.088,51.974,12.462,35.83,1960.0,1960.0,2450.0,2450.0,1960.0,1960.0,1960.0,1960.0,2450.0,0.787,0.785,0.972,0.966,0.963,0.961,0.824,0.824,14.902,4317.0,14747.0,19.514,202.0,51.25
2026-07-08 07:05:58,55.0,69.000              ,769.008,461.0,1067.0,0.0,55.5,55.500              ,55.5,55.5,55.5,55.5,55.5,55.5,55.5,34.498,32.896,50.77,40.455,55.673,16.102,49.428,15.945,36.971,2000.0,2000.0,2500.0,2500.0,2000.0,2000.0,2000.0,2000.0,2500.0,0.832,0.834,1.114,1.124,0.891,0.891,0.827,0.827,15.242,4321.0,14759.0,26.706,203.0,37.44
2026-07-08 07:05:59,55.0,71.000              ,769.008,442.0,1200.0,0.0,55.5,55.500              ,55.5,55.5,55.5,55.5,55.5,55.5,55.5,35.329,29.525,59.787,32.136,65.681,14.387,46.142,26.776,38.72,1940.0,1940.0,2425.0,2425.0,2425.0,2425.0,1940.0,1940.0,2425.0,0.758,0.758,1.05,1.05,0.889,0.889,0.867,0.867,14.97,4330.0,14759.0,21.227,204.0,47.11
2026-07-08 07:06:00,55.0,70.000              ,769.777,545.0,1200.0,0.0,55.5,55.500              ,55.5,55.5,55.5,55.5,55.5,55.5,55.5,43.257,32.201,64.263,31.177,53.523,18.462,42.763,28.433,39.26,1980.0,1980.0,2475.0,2475.0,1980.0,1980.0,1980.0,1980.0,2475.0,0.818,0.818,1.09,1.09,0.81,0.81,0.839,0.84,15.189,4334.0,14763.0,23.312,205.0,42.9
2026-07-08 07:06:01,55.0,70.000              ,772.027,435.0,1200.0,0.0,55.5,55.500              ,55.5,55.5,55.5,55.5,55.5,55.5,55.5,37.602,27.445,51.132,26.975,53.258,11.507,51.095,20.76,34.972,1820.0,1820.0,2275.0,2275.0,1820.0,1820.0,1800.0,1800.0,2275.0,0.795,0.793,0.963,0.963,0.763,0.763,0.86,0.851,14.723,4335.0,14763.0,21.565,206.0,46.37
2026-07-08 07:06:02,55.0,71.000              ,784.063,375.0,1200.0,0.0,55.5,55.500              ,55.5,55.5,55.5,55.5,55.5,55.5,55.5,43.791,27.256,52.263,34.517,60.434,9.492,47.486,19.202,36.805,2060.0,2060.0,2575.0,2575.0,2060.0,2060.0,2575.0,2575.0,2575.0,0.867,0.867,1.123,1.123,0.872,0.872,0.883,0.892,15.369,4341.0,14785.0,22.407,207.0,44.63
2026-07-08 07:06:03,55.0,69.000              ,784.063,387.0,1200.0,0.0,55.5,55.500              ,55.5,55.5,55.5,55.5,55.5,55.5,55.5,38.344,29.238,56.767,30.74,53.627,15.638,53.487,14.327,36.521,1940.0,1940.0,2425.0,2425.0,1940.0,1940.0,1940.0,1940.0,2425.0,0.8,0.802,1.059,1.062,0.811,0.811,0.858,0.858,14.944,4348.0,14785.0,24.442,208.0,40.91
2026-07-08 07:06:04,55.0,68.000              ,784.066,476.0,1200.0,0.0,55.5,55.500              ,55.5,55.5,55.5,55.5,55.5,55.5,55.5,45.014,32.313,55.64,32.396,58.602,14.501,44.081,29.559,39.013,1840.0,1840.0,2300.0,2300.0,1840.0,1840.0,1840.0,1840.0,2300.0,0.82,0.819,0.972,0.969,0.801,0.802,0.876,0.876,15.041,4348.0,14784.0,19.535,209.0,51.19
2026-07-08 07:06:05,55.0,69.000              ,784.066,200.0,1067.0,0.0,55.5,55.500              ,55.5,55.5,55.5,55.5,55.5,55.5,55.5,36.344,25.531,62.542,35.774,51.085,13.762,44.801,22.076,36.489,1900.0,1920.0,2400.0,2400.0,1920.0,1920.0,1920.0,1920.0,2400.0,0.762,0.762,1.125,1.125,0.772,0.771,0.82,0.82,14.9,4348.0,14784.0,25.621,210.0,39.03
2026-07-08 07:06:06,55.0,69.000              ,781.691,200.0,1200.0,0.0,55.5,55.500              ,55.5,55.5,55.5,55.5,55.5,55.5,55.5,26.1,28.685,41.555,28.532,58.73,6.64,39.519,12.642,30.3,2020.0,2020.0,2525.0,2525.0,2020.0,2020.0,2020.0,2020.0,2525.0,0.712,0.712,1.03,1.03,0.859,0.858,0.758,0.758,15.204,4348.0,14782.0,23.825,211.0,41.97
2026-07-08 07:06:07,55.0,69.000              ,777.695,413.0,1067.0,0.0,55.5,55.500              ,55.5,55.5,55.5,55.5,55.5,55.5,55.5,35.987,30.12,52.545,34.648,59.726,15.499,44.779,17.109,36.302,1860.0,1860.0,2325.0,2325.0,1860.0,1860.0,2325.0,2325.0,2325.0,0.796,0.796,1.035,1.035,0.911,0.911,0.85,0.856,15.082,4349.0,14778.0,22.278,212.0,44.89
2026-07-08 07:06:08,55.0,70.000              ,777.633,200.0,1200.0,0.0,55.5,55.500              ,55.5,55.5,55.5,55.5,55.5,55.5,55.5,34.915,30.542,42.081,33.375,54.174,15.301,47.47,18.652,34.564,2060.0,2060.0,2575.0,2600.0,2080.0,2080.0,2060.0,2060.0,2600.0,0.753,0.753,0.934,0.934,0.895,0.895,0.835,0.83,15.101,4351.0,14779.0,26.059,213.0,38.37
2026-07-08 07:06:09,55.0,70.000              ,779.066,375.0,1200.0,0.0,55.5,55.500              ,55.5,55.5,55.5,55.5,55.5,55.5,55.5,44.53,26.8,48.632,30.378,55.971,14.357,52.0,13.829,35.812,2350.0,2350.0,1880.0,1880.0,2350.0,2350.0,1880.0,1880.0,2350.0,0.877,0.877,0.948,0.948,0.895,0.895,0.868,0.868,14.89,4353.0,14777.0,24.055,214.0,41.57
2026-07-08 07:06:10,55.0,69.000              ,779.074,413.0,1200.0,0.0,55.5,55.500              ,55.5,55.5,55.5,55.5,55.5,55.5,55.5,40.443,27.621,49.486,30.482,57.517,21.374,56.424,16.248,37.449,1980.0,1980.0,2475.0,2475.0,1980.0,1980.0,1980.0,1980.0,2475.0,0.81,0.81,0.909,0.909,0.97,0.973,0.885,0.885,15.006,4354.0,14777.0,20.586,215.0,48.58
2026-07-08 07:06:11,55.0,68.000              ,774.828,450.0,1200.0,0.0,55.5,55.500              ,55.5,55.5,55.5,55.5,55.5,55.5,55.5,52.355,26.058,53.71,39.333,54.839,21.043,58.099,15.333,40.096,2475.0,2475.0,1980.0,1980.0,1980.0,1980.0,1980.0,1980.0,2475.0,0.849,0.851,1.054,1.054,0.882,0.884,0.835,0.839,15.209,4358.0,14779.0,19.477,216.0,51.34
2026-07-08 07:06:12,55.0,69.000              ,778.078,200.0,1200.0,0.0,55.5,55.500              ,55.5,55.5,55.5,55.5,55.5,55.5,55.5,28.266,32.803,36.069,47.128,47.702,14.198,39.916,12.845,32.366,1900.0,1900.0,2375.0,2400.0,1920.0,1920.0,1900.0,1900.0,2400.0,0.753,0.751,1.046,1.046,0.784,0.78,0.7,0.696,14.842,4359.0,14779.0,18.222,217.0,54.88
2026-07-08 07:06:13,55.0,68.000              ,779.305,393.0,1200.0,0.0,55.5,55.500              ,55.5,55.5,55.5,55.5,55.5,55.5,55.5,39.156,32.317,56.715,34.239,55.717,14.025,43.868,20.988,37.128,1980.0,1980.0,2475.0,2475.0,1960.0,1960.0,1960.0,1960.0,2475.0,0.851,0.851,1.101,1.104,0.865,0.865,0.831,0.831,15.183,4360.0,14779.0,22.769,218.0,43.92
2026-07-08 07:06:14,55.0,67.000              ,780.422,200.0,1200.0,0.0,55.5,55.500              ,55.5,55.5,55.5,55.5,55.5,55.5,55.5,36.462,26.597,59.933,32.336,59.547,16.877,41.599,24.595,37.243,2020.0,2020.0,2550.0,2550.0,2040.0,2040.0,2040.0,2040.0,2550.0,0.789,0.789,1.065,1.062,0.885,0.885,0.847,0.847,15.079,4361.0,14779.0,22.895,219.0,43.68
2026-07-08 07:06:15,55.0,68.000              ,780.465,469.0,1200.0,0.0,55.375,55.375              ,55.375,55.375,55.375,55.375,55.375,55.375,55.375,37.414,35.037,42.83,34.286,62.172,10.332,50.293,17.569,36.241,1960.0,1960.0,2450.0,2450.0,2450.0,2450.0,1960.0,1960.0,2450.0,0.78,0.78,0.862,0.862,0.891,0.891,0.836,0.824,15.03,4361.0,14779.0,26.056,220.0,38.38
2026-07-08 07:06:16,55.0,68.000              ,789.184,400.0,1067.0,0.0,55.375,55.375              ,55.375,55.375,55.375,55.375,55.375,55.375,55.375,40.844,31.566,49.733,36.769,61.941,14.379,44.974,22.122,37.791,1860.0,1860.0,2325.0,2325.0,1860.0,1860.0,1860.0,1860.0,2325.0,0.824,0.824,0.976,0.981,0.918,0.918,0.815,0.827,15.187,4359.0,14788.0,23.967,221.0,41.72
2026-07-08 07:06:17,55.0,69.000              ,788.688,435.0,1200.0,0.0,55.375,55.375              ,55.375,55.375,55.375,55.375,55.375,55.375,55.375,37.915,29.153,39.476,42.328,52.583,14.749,46.678,22.587,35.684,1980.0,1980.0,2475.0,2475.0,1980.0,1980.0,1980.0,1980.0,2475.0,0.769,0.771,1.012,1.008,0.808,0.808,0.857,0.857,15.006,4370.0,14788.0,22.855,222.0,43.75
2026-07-08 07:06:18,55.0,69.000              ,788.438,413.0,1067.0,0.0,55.25,55.250              ,55.25,55.25,55.25,55.25,55.25,55.25,55.25,42.233,35.639,59.6,34.002,61.332,19.518,50.12,34.698,42.143,1780.0,1760.0,2200.0,2200.0,1760.0,1760.0,1760.0,1760.0,2200.0,0.798,0.796,0.964,0.964,0.84,0.84,0.897,0.897,14.832,4390.0,14789.0,26.986,223.0,37.06
2026-07-08 07:06:19,55.0,68.000              ,788.313,476.0,1200.0,0.0,55.25,55.250              ,55.25,55.25,55.25,55.25,55.25,55.25,55.25,41.138,28.216,64.679,26.769,54.288,13.185,47.934,17.973,36.773,2040.0,2040.0,2525.0,2525.0,2020.0,2020.0,2020.0,2020.0,2525.0,0.823,0.825,1.14,1.14,0.829,0.829,0.846,0.848,15.033,4390.0,14790.0,20.606,224.0,48.53
2026-07-08 07:06:20,55.0,68.000              ,788.313,516.0,1200.0,0.0,55.25,55.250              ,55.25,55.25,55.25,55.25,55.25,55.25,55.25,31.994,25.878,41.738,27.488,64.536,8.367,51.77,10.881,32.831,1940.0,1940.0,2425.0,2425.0,2425.0,2425.0,2425.0,1940.0,2425.0,0.713,0.714,0.829,0.829,0.945,0.945,0.809,0.808,15.196,4394.0,14789.0,24.623,225.0,40.61
2026-07-08 07:06:21,55.0,69.000              ,789.316,310.0,1200.0,0.0,55.25,55.250              ,55.25,55.25,55.25,55.25,55.25,55.25,55.25,33.062,28.347,46.502,32.415,48.667,13.542,52.728,11.844,33.388,2040.0,2040.0,2040.0,2040.0,2550.0,2550.0,2040.0,2040.0,2550.0,0.827,0.827,1.004,1.004,0.885,0.885,0.953,0.953,14.938,4395.0,14789.0,22.442,226.0,44.56
2026-07-08 07:06:22,55.0,67.000              ,774.285,400.0,1067.0,0.0,55.25,55.250              ,55.25,55.25,55.25,55.25,55.25,55.25,55.25,37.45,26.678,47.278,34.888,48.929,14.618,52.842,17.805,35.061,1980.0,1980.0,2475.0,2475.0,1980.0,1980.0,2000.0,2000.0,2475.0,0.837,0.835,1.014,1.014,0.861,0.861,0.968,0.956,14.884,4393.0,14777.0,20.267,227.0,49.34
2026-07-08 07:06:23,55.0,67.000              ,773.305,200.0,1200.0,0.0,55.25,55.250              ,55.25,55.25,55.25,55.25,55.25,55.25,55.25,34.773,30.654,37.336,35.504,44.514,13.952,45.153,20.526,32.801,2080.0,2080.0,2600.0,2600.0,2060.0,2060.0,2060.0,2060.0,2600.0,0.815,0.815,0.953,0.953,0.794,0.795,0.919,0.931,15.124,4394.0,14777.0,24.146,228.0,41.41
2026-07-08 07:06:24,55.0,69.000              ,773.305,457.0,1200.0,0.0,55.25,55.250              ,55.25,55.25,55.25,55.25,55.25,55.25,55.25,40.834,28.618,46.49,40.189,61.677,14.873,61.159,12.829,38.334,2060.0,2060.0,2575.0,2575.0,2060.0,2060.0,2060.0,2060.0,2575.0,0.817,0.817,1.068,1.068,0.939,0.938,0.909,0.911,15.408,4404.0,14777.0,21.095,229.0,47.4
2026-07-08 07:06:25,55.0,69.000              ,773.309,200.0,1200.0,0.0,55.25,55.250              ,55.25,55.25,55.25,55.25,55.25,55.25,55.25,57.51,46.398,55.054,60.192,58.336,29.028,58.799,24.99,48.789,1816.667,1816.667,2160.0,2160.0,1816.667,1816.667,1816.667,1816.667,2160.0,0.825,0.827,0.985,0.985,0.734,0.734,0.723,0.721,14.98,4431.0,14772.0,28.572,230.0,35.0
2026-07-08 07:06:26,55.0,70.000              ,773.309,200.0,1200.0,0.0,55.25,55.250              ,55.25,55.25,55.25,55.25,55.25,55.25,55.25,66.195,53.097,63.579,62.711,67.366,33.775,60.885,31.034,54.83,2060.0,2060.0,1716.667,1716.667,1716.667,1716.667,1700.0,1700.0,2060.0,0.904,0.903,0.973,0.973,0.76,0.76,0.708,0.708,14.958,4461.0,14776.0,35.653,231.0,28.05
2026-07-08 07:06:27,55.0,71.000              ,773.305,533.0,1067.0,0.0,55.25,55.250              ,55.25,55.25,55.25,55.25,55.25,55.25,55.25,46.027,41.171,61.778,40.883,58.604,18.449,55.361,19.496,42.721,1816.667,1816.667,2160.0,2160.0,1800.0,1800.0,1800.0,1800.0,2160.0,0.81,0.809,1.025,1.025,0.775,0.764,0.759,0.761,15.046,4466.0,14769.0,23.227,232.0,43.05
2026-07-08 07:06:28,55.0,70.000              ,773.305,428.0,1200.0,0.0,55.25,55.250              ,55.25,55.25,55.25,55.25,55.25,55.25,55.25,55.839,34.035,59.596,36.619,64.672,21.329,58.334,20.707,43.891,1840.0,1840.0,2300.0,2300.0,2275.0,2275.0,1820.0,1820.0,2300.0,0.863,0.863,0.914,0.914,0.866,0.878,0.835,0.835,15.077,4472.0,14769.0,23.536,233.0,42.49
2026-07-08 07:06:29,55.0,70.000              ,773.305,413.0,1067.0,0.0,55.25,55.250              ,55.25,55.25,55.25,55.25,55.25,55.25,55.25,45.675,33.774,49.97,42.095,63.492,12.87,46.374,19.764,39.252,1816.667,1816.667,2180.0,2180.0,1760.0,1760.0,1760.0,1760.0,2180.0,0.837,0.837,0.98,0.983,0.841,0.842,0.786,0.784,14.718,4475.0,14768.0,27.402,234.0,36.49
2026-07-08 07:06:30,55.0,70.000              ,788.98,711.0,1067.0,0.0,55.25,55.250              ,55.25,55.25,55.25,55.25,55.25,55.25,55.25,40.346,25.502,40.938,35.475,54.465,13.501,47.56,16.081,34.234,1980.0,1980.0,1980.0,1980.0,2475.0,2475.0,1960.0,1940.0,2475.0,0.799,0.799,0.931,0.928,0.865,0.863,0.828,0.828,14.964,4489.0,14793.0,45.265,235.0,22.09
2026-07-08 07:06:31,55.0,70.000              ,788.949,461.0,1067.0,0.0,55.25,55.250              ,55.25,55.25,55.25,55.25,55.25,55.25,55.25,26.692,24.418,51.472,37.373,48.338,12.217,42.277,14.945,32.216,2060.0,2040.0,2550.0,2550.0,2040.0,2040.0,2040.0,2040.0,2550.0,0.715,0.715,1.192,1.194,0.834,0.834,0.795,0.782,15.052,4496.0,14792.0,21.28,236.0,46.99
2026-07-08 07:06:32,55.0,70.000              ,788.828,200.0,1200.0,0.0,55.25,55.250              ,55.25,55.25,55.25,55.25,55.25,55.25,55.25,34.461,24.864,57.72,27.227,54.205,12.808,48.169,27.345,35.85,1960.0,1960.0,2450.0,2450.0,1960.0,1960.0,1960.0,1960.0,2450.0,0.735,0.737,1.051,1.049,0.827,0.827,0.946,0.963,15.181,4501.0,14782.0,25.28,237.0,39.56
2026-07-08 07:06:33,55.0,69.000              ,794.242,352.0,1067.0,0.0,55.25,55.250              ,55.25,55.25,55.25,55.25,55.25,55.25,55.25,38.911,35.908,51.988,43.078,59.838,23.927,54.944,23.842,41.554,2040.0,2040.0,2550.0,2550.0,2040.0,2040.0,2040.0,2040.0,2550.0,0.743,0.741,1.043,1.043,0.884,0.884,0.82,0.82,14.91,4510.0,14778.0,23.654,238.0,42.28
2026-07-08 07:06:34,55.0,67.000              ,794.109,426.0,1200.0,0.0,55.25,55.250              ,55.25,55.25,55.25,55.25,55.25,55.25,55.25,39.725,32.967,45.71,38.43,58.376,16.161,54.116,21.576,38.383,1900.0,1900.0,2375.0,2375.0,1900.0,1900.0,1900.0,1900.0,2375.0,0.755,0.755,0.949,0.952,0.808,0.808,0.879,0.877,15.108,4531.0,14783.0,25.645,239.0,38.99
2026-07-08 07:06:35,55.0,68.000              ,793.98,375.0,1200.0,0.0,55.25,55.250              ,55.25,55.25,55.25,55.25,55.25,55.25,55.25,40.725,30.077,42.037,35.142,47.796,12.704,53.52,11.432,34.179,2040.0,2040.0,2550.0,2550.0,2040.0,2040.0,2040.0,2040.0,2550.0,0.873,0.873,0.998,0.995,0.827,0.827,0.915,0.915,15.048,4532.0,14783.0,24.028,240.0,41.62
2026-07-08 07:06:36,55.0,69.000              ,793.984,375.0,1200.0,0.0,55.25,55.250              ,55.25,55.25,55.25,55.25,55.25,55.25,55.25,38.705,33.079,46.34,35.044,54.125,18.6,57.289,15.222,37.301,1960.0,1960.0,2450.0,2450.0,1960.0,1960.0,1960.0,1960.0,2450.0,0.823,0.825,0.968,0.959,0.889,0.889,0.896,0.896,14.895,4533.0,14782.0,25.728,241.0,38.87
2026-07-08 07:06:37,55.0,69.000              ,794.008,428.0,1067.0,0.0,55.125,55.125              ,55.125,55.125,55.125,55.125,55.125,55.125,55.125,31.997,27.991,39.223,31.043,50.314,11.434,57.149,8.824,32.247,1980.0,1980.0,2475.0,2475.0,2475.0,2475.0,1980.0,1980.0,2475.0,0.742,0.74,0.903,0.911,0.796,0.796,0.891,0.891,15.154,4533.0,14780.0,22.544,242.0,44.36
2026-07-08 07:06:38,55.0,69.000              ,793.922,750.0,1200.0,0.0,55.125,55.125              ,55.125,55.125,55.125,55.125,55.125,55.125,55.125,31.82,22.604,33.813,30.54,55.554,7.4,48.373,9.491,29.949,2060.0,2060.0,2060.0,2060.0,2060.0,2060.0,2575.0,2575.0,2575.0,0.724,0.724,0.847,0.847,0.922,0.933,0.84,0.84,15.214,4535.0,14779.0,24.736,243.0,40.43
2026-07-08 07:06:39,55.0,68.000              ,792.934,420.0,1200.0,0.0,55.125,55.125              ,55.125,55.125,55.125,55.125,55.125,55.125,55.125,40.545,29.663,43.863,45.308,58.045,16.773,58.032,14.142,38.296,1880.0,1880.0,2350.0,2350.0,1880.0,1880.0,1880.0,1880.0,2350.0,0.801,0.801,1.068,1.07,0.914,0.903,0.836,0.837,15.095,4534.0,14779.0,22.383,244.0,44.68
2026-07-08 07:06:40,55.0,69.000              ,792.813,469.0,1200.0,0.0,55.125,55.125              ,55.125,55.125,55.125,55.125,55.125,55.125,55.125,41.55,37.343,45.332,46.796,57.148,18.102,62.76,14.076,40.388,1880.0,1880.0,2350.0,2350.0,1880.0,1880.0,1880.0,1880.0,2350.0,0.793,0.787,1.069,1.072,0.811,0.812,0.854,0.853,15.032,4495.0,14783.0,22.486,245.0,44.47
2026-07-08 07:06:41,55.0,71.000              ,792.793,533.0,1200.0,0.0,55.25,55.250              ,55.25,55.25,55.25,55.25,55.25,55.25,55.25,62.981,62.885,65.706,72.514,73.429,56.196,65.412,34.735,61.732,1800.0,1800.0,2160.0,2160.0,2160.0,2140.0,1783.333,1783.333,2160.0,0.796,0.801,0.948,0.945,0.888,0.889,0.712,0.712,15.197,4362.0,14780.0,21.807,246.0,45.86
2026-07-08 07:06:42,55.0,72.000              ,792.797,533.0,1200.0,0.0,55.25,55.250              ,55.25,55.25,55.25,55.25,55.25,55.25,55.25,30.054,28.402,38.671,38.464,51.336,7.946,44.722,7.316,30.864,1840.0,1840.0,2300.0,2300.0,1840.0,1840.0,1840.0,1840.0,2300.0,0.668,0.668,0.987,0.988,0.742,0.741,0.663,0.665,14.652,4362.0,14780.0,21.363,247.0,46.81
2026-07-08 07:06:43,55.0,69.000              ,788.277,420.0,1200.0,0.0,55.25,55.250              ,55.25,55.25,55.25,55.25,55.25,55.25,55.25,35.489,24.244,42.021,28.332,57.629,7.478,43.019,9.2,30.927,1960.0,1960.0,2450.0,2450.0,1960.0,1960.0,1960.0,1960.0,2450.0,0.844,0.844,0.99,0.988,0.94,0.94,0.802,0.799,14.97,4363.0,14777.0,17.258,248.0,57.94
2026-07-08 07:06:44,55.0,67.000              ,788.277,393.0,1067.0,0.0,55.25,55.250              ,55.25,55.25,55.25,55.25,55.25,55.25,55.25,34.323,30.614,40.522,34.634,55.858,12.423,50.98,12.846,34.025,2100.0,2100.0,2100.0,2100.0,2625.0,2625.0,2100.0,2100.0,2625.0,0.848,0.848,0.994,0.994,0.955,0.955,0.931,0.931,14.941,4363.0,14777.0,22.358,249.0,44.73
2026-07-08 07:06:45,55.0,69.000              ,788.281,476.0,1200.0,0.0,55.25,55.250              ,55.25,55.25,55.25,55.25,55.25,55.25,55.25,30.913,27.886,35.692,32.185,55.511,8.609,47.478,10.649,31.115,2100.0,2100.0,2625.0,2625.0,2100.0,2100.0,2100.0,2100.0,2625.0,0.769,0.769,0.899,0.893,0.893,0.895,0.841,0.841,15.148,4363.0,14777.0,26.618,250.0,37.57
2026-07-08 07:06:46,55.0,70.000              ,789.324,428.0,1200.0,0.0,55.25,55.250              ,55.25,55.25,55.25,55.25,55.25,55.25,55.25,35.011,27.028,40.879,32.713,55.603,9.016,50.81,10.695,32.719,2080.0,2080.0,2080.0,2080.0,2600.0,2600.0,2080.0,2080.0,2600.0,0.832,0.832,0.983,0.991,0.874,0.872,0.926,0.929,15.096,4363.0,14772.0,21.874,251.0,45.72
2026-07-08 07:06:47,55.0,69.000              ,789.297,406.0,1067.0,0.0,55.25,55.250              ,55.25,55.25,55.25,55.25,55.25,55.25,55.25,33.338,21.365,30.359,45.986,53.294,10.394,45.554,10.454,31.343,2020.0,2020.0,2525.0,2525.0,2525.0,2525.0,2020.0,2020.0,2525.0,0.702,0.704,1.041,1.041,0.891,0.893,0.762,0.76,14.929,4363.0,14772.0,26.512,252.0,37.72
2026-07-08 07:06:48,55.0,69.000              ,789.297,484.0,1067.0,0.0,55.25,55.250              ,55.25,55.25,55.25,55.25,55.25,55.25,55.25,30.927,26.788,36.499,35.928,54.12,8.893,42.343,12.325,30.978,2120.0,2120.0,2650.0,2675.0,2140.0,2140.0,2140.0,2140.0,2675.0,0.746,0.744,1.042,1.048,0.897,0.895,0.754,0.756,14.963,4363.0,14772.0,25.073,253.0,39.88
2026-07-08 07:06:49,55.0,69.000              ,789.301,442.0,1067.0,0.0,55.25,55.250              ,55.25,55.25,55.25,55.25,55.25,55.25,55.25,36.772,24.88,41.808,36.418,63.923,11.887,47.893,15.288,34.859,2100.0,2100.0,2100.0,2100.0,2625.0,2625.0,2100.0,2100.0,2625.0,0.818,0.818,1.018,1.013,1.099,1.099,0.895,0.892,15.05,4365.0,14772.0,22.163,254.0,45.12
2026-07-08 07:06:50,55.0,70.000              ,789.285,413.0,1067.0,0.0,55.25,55.250              ,55.25,55.25,55.25,55.25,55.25,55.25,55.25,35.538,22.526,36.465,33.021,62.887,12.804,55.251,17.786,34.535,1980.0,1980.0,2475.0,2475.0,1980.0,1980.0,1980.0,1980.0,2475.0,0.786,0.786,0.895,0.896,1.044,1.048,0.972,0.974,14.966,4368.0,14771.0,21.622,255.0,46.25
2026-07-08 07:06:51,55.0,71.000              ,789.285,420.0,1200.0,0.0,55.25,55.250              ,55.25,55.25,55.25,55.25,55.25,55.25,55.25,32.061,25.128,34.443,28.756,61.678,12.586,61.112,12.34,33.513,2650.0,2650.0,2650.0,2650.0,2625.0,2625.0,2100.0,2100.0,2650.0,0.78,0.78,0.84,0.838,1.06,1.057,1.034,1.047,15.213,4368.0,14771.0,22.094,256.0,45.26
2026-07-08 07:06:52,55.0,71.000              ,789.289,200.0,1200.0,0.0,55.25,55.250              ,55.25,55.25,55.25,55.25,55.25,55.25,55.25,34.554,27.195,39.899,41.458,56.403,10.776,45.387,13.558,33.654,2100.0,2100.0,2100.0,2100.0,2625.0,2625.0,2625.0,2625.0,2625.0,0.743,0.743,1.047,1.047,0.845,0.846,0.823,0.807,15.088,4369.0,14771.0,24.638,257.0,40.59
2026-07-08 07:06:53,55.0,70.000              ,793.293,420.0,1200.0,0.0,55.25,55.250              ,55.25,55.25,55.25,55.25,55.25,55.25,55.25,35.759,24.783,41.725,29.154,52.007,8.671,54.57,7.503,31.772,2040.0,2040.0,2550.0,2525.0,2020.0,2020.0,2020.0,2020.0,2550.0,0.816,0.817,0.966,0.966,0.861,0.86,0.926,0.926,14.937,4370.0,14777.0,20.841,258.0,47.98
2026-07-08 07:06:54,55.0,69.000              ,793.297,375.0,1067.0,0.0,55.25,55.250              ,55.25,55.25,55.25,55.25,55.25,55.25,55.25,36.768,28.678,50.763,28.081,48.469,11.01,55.755,11.885,33.926,2020.0,2020.0,2525.0,2550.0,2020.0,2020.0,2020.0,2020.0,2550.0,0.872,0.873,1.096,1.096,0.816,0.816,0.961,0.961,14.97,4372.0,14778.0,23.804,259.0,42.01
2026-07-08 07:06:55,55.0,69.000              ,792.797,400.0,1200.0,0.0,55.25,55.250              ,55.25,55.25,55.25,55.25,55.25,55.25,55.25,41.56,22.439,53.04,25.522,47.329,11.969,49.185,12.745,32.974,2100.0,2100.0,2625.0,2625.0,2100.0,2100.0,2100.0,2100.0,2625.0,0.873,0.871,1.104,1.104,0.849,0.849,0.932,0.932,15.17,4371.0,14777.0,21.426,260.0,46.67
2026-07-08 07:06:56,55.0,68.000              ,792.797,364.0,1200.0,0.0,55.25,55.250              ,55.25,55.25,55.25,55.25,55.25,55.25,55.25,30.705,24.115,45.969,34.262,50.128,8.738,38.778,16.614,31.164,2100.0,2100.0,2625.0,2600.0,2080.0,2080.0,2080.0,2080.0,2625.0,0.799,0.799,1.197,1.199,0.834,0.834,0.871,0.871,14.96,4378.0,14776.0,23.823,261.0,41.98
2026-07-08 07:06:57,55.0,68.000              ,780.898,413.0,1067.0,0.0,55.25,55.250              ,55.25,55.25,55.25,55.25,55.25,55.25,55.25,27.613,22.255,49.784,28.193,51.361,6.975,49.201,9.095,30.56,2160.0,2160.0,2700.0,2700.0,2160.0,2160.0,2160.0,2180.0,2700.0,0.788,0.788,1.153,1.154,0.933,0.936,0.903,0.903,14.91,4377.0,14769.0,22.692,262.0,44.07
2026-07-08 07:06:58,55.0,69.000              ,781.895,400.0,1067.0,0.0,55.25,55.250              ,55.25,55.25,55.25,55.25,55.25,55.25,55.25,32.265,21.466,59.507,27.025,58.082,9.468,44.431,19.661,33.988,2060.0,2060.0,2575.0,2575.0,2060.0,2060.0,2060.0,2060.0,2575.0,0.783,0.783,1.156,1.154,0.914,0.911,0.933,0.931,15.079,4377.0,14769.0,24.511,263.0,40.8
2026-07-08 07:06:59,55.0,71.000              ,781.898,393.0,1067.0,0.0,55.25,55.250              ,55.25,55.25,55.25,55.25,55.25,55.25,55.25,29.007,21.625,55.441,26.849,49.157,10.637,53.882,8.522,31.89,2120.0,2120.0,2675.0,2675.0,2140.0,2140.0,2140.0,2140.0,2675.0,0.786,0.786,1.128,1.128,0.872,0.872,0.965,0.968,15.129,4377.0,14768.0,19.159,264.0,52.19
2026-07-08 07:07:00,55.0,69.000              ,781.52,428.0,1067.0,0.0,55.25,55.250              ,55.25,55.25,55.25,55.25,55.25,55.25,55.25,33.105,26.511,40.345,30.746,53.848,15.963,49.748,12.968,32.904,2080.0,2080.0,2600.0,2600.0,2550.0,2550.0,2060.0,2060.0,2600.0,0.741,0.741,0.918,0.921,0.886,0.886,0.822,0.823,15.1,4377.0,14767.0,25.537,265.0,39.16
2026-07-08 07:07:01,55.0,68.000              ,781.52,428.0,1200.0,0.0,55.25,55.250              ,55.25,55.25,55.25,55.25,55.25,55.25,55.25,42.595,30.373,48.0,32.349,51.418,9.418,54.19,14.672,35.377,1920.0,1920.0,2400.0,2400.0,1920.0,1920.0,1920.0,1920.0,2400.0,0.834,0.834,1.006,1.003,0.776,0.776,0.931,0.93,15.101,4377.0,14764.0,21.094,266.0,47.41
2026-07-08 07:07:02,55.0,69.000              ,781.52,387.0,1200.0,0.0,55.25,55.250              ,55.25,55.25,55.25,55.25,55.25,55.25,55.25,38.59,27.654,49.495,23.17,48.501,8.566,61.595,11.763,33.667,1960.0,1960.0,2450.0,2450.0,1960.0,1960.0,2450.0,2450.0,2450.0,0.865,0.865,0.938,0.923,0.784,0.784,1.067,1.067,14.753,4377.0,14764.0,24.024,267.0,41.63
2026-07-08 07:07:03,55.0,70.000              ,781.523,400.0,1200.0,0.0,55.25,55.250              ,55.25,55.25,55.25,55.25,55.25,55.25,55.25,37.549,29.695,48.569,26.961,50.056,11.826,60.582,10.923,34.52,2120.0,2120.0,2120.0,2120.0,2120.0,2120.0,2650.0,2650.0,2650.0,0.839,0.839,0.992,1.008,0.857,0.857,1.026,1.026,15.165,4378.0,14765.0,21.541,268.0,46.42
2026-07-08 07:07:04,55.0,69.000              ,781.523,442.0,1200.0,0.0,55.25,55.250              ,55.25,55.25,55.25,55.25,55.25,55.25,55.25,32.388,29.124,54.981,25.178,52.66,9.062,61.98,12.088,34.683,2020.0,2020.0,2020.0,2020.0,2020.0,2020.0,2500.0,2500.0,2500.0,0.754,0.754,1.05,1.052,0.808,0.808,0.996,0.996,15.123,4377.0,14758.0,19.068,269.0,52.44
2026-07-08 07:07:05,55.0,69.000              ,781.52,387.0,1200.0,0.0,55.25,55.250              ,55.25,55.25,55.25,55.25,55.25,55.25,55.25,31.432,24.262,57.052,29.909,45.086,4.454,52.089,7.756,31.505,2040.0,2060.0,2550.0,2550.0,2040.0,2040.0,2040.0,2040.0,2550.0,0.822,0.822,1.255,1.252,0.749,0.749,0.862,0.862,15.032,4376.0,14758.0,31.208,270.0,32.04
2026-07-08 07:07:06,55.0,69.000              ,781.527,338.0,1200.0,0.0,55.25,55.250              ,55.25,55.25,55.25,55.25,55.25,55.25,55.25,30.231,24.8,63.683,23.318,54.468,6.405,51.679,8.21,32.849,2080.0,2080.0,2600.0,2600.0,2100.0,2100.0,2100.0,2100.0,2600.0,0.831,0.831,1.211,1.213,0.884,0.884,0.878,0.88,15.025,4377.0,14758.0,23.873,271.0,41.89
2026-07-08 07:07:07,55.0,67.000              ,782.793,200.0,1067.0,0.0,55.25,55.250              ,55.25,55.25,55.25,55.25,55.25,55.25,55.25,31.981,27.916,63.653,23.022,49.251,7.024,54.748,16.356,34.244,2020.0,2020.0,2525.0,2525.0,2020.0,2020.0,2020.0,2020.0,2525.0,0.82,0.823,1.195,1.175,0.82,0.82,0.955,0.954,14.93,4376.0,14758.0,20.49,272.0,48.8
2026-07-08 07:07:08,55.0,67.000              ,782.793,572.0,1067.0,0.0,55.25,55.250              ,55.25,55.25,55.25,55.25,55.25,55.25,55.25,33.477,30.503,42.572,30.204,53.363,12.208,48.513,13.337,33.022,2020.0,2020.0,2525.0,2525.0,2020.0,2020.0,2020.0,2020.0,2525.0,0.793,0.79,0.956,0.973,0.905,0.905,0.827,0.828,15.374,4377.0,14758.0,24.854,273.0,40.23
2026-07-08 07:07:09,55.0,68.000              ,782.789,406.0,1200.0,0.0,55.25,55.250              ,55.25,55.25,55.25,55.25,55.25,55.25,55.25,41.856,30.331,50.717,38.615,50.632,13.426,49.266,18.344,36.648,1920.0,1920.0,2400.0,2400.0,1920.0,1920.0,1920.0,1920.0,2400.0,0.847,0.846,1.123,1.121,0.793,0.793,0.873,0.874,14.874,4377.0,14759.0,23.41,274.0,42.72
2026-07-08 07:07:10,55.0,69.000              ,778.406,200.0,1200.0,0.0,55.25,55.250              ,55.25,55.25,55.25,55.25,55.25,55.25,55.25,37.068,31.434,41.761,50.633,46.962,12.41,43.281,11.127,34.334,2000.0,2000.0,2500.0,2500.0,2000.0,2000.0,2000.0,2000.0,2500.0,0.818,0.818,1.28,1.28,0.799,0.81,0.757,0.754,14.916,4379.0,14757.0,23.803,275.0,42.01
2026-07-08 07:07:11,55.0,69.000              ,778.406,381.0,1200.0,0.0,55.25,55.250              ,55.25,55.25,55.25,55.25,55.25,55.25,55.25,34.922,26.487,50.621,35.022,45.154,18.551,54.045,19.089,35.486,2060.0,2060.0,2575.0,2575.0,2060.0,2060.0,2060.0,2060.0,2575.0,0.81,0.81,1.146,1.146,0.828,0.817,1.008,1.008,15.126,4379.0,14757.0,22.902,276.0,43.66
2026-07-08 07:07:12,55.0,68.000              ,782.91,400.0,1067.0,0.0,55.25,55.250              ,55.25,55.25,55.25,55.25,55.25,55.25,55.25,35.108,24.76,62.86,33.91,46.072,11.985,49.175,15.46,34.916,2080.0,2080.0,2600.0,2600.0,2080.0,2080.0,2080.0,2080.0,2600.0,0.815,0.815,1.289,1.289,0.807,0.81,0.883,0.883,14.911,4380.0,14760.0,22.929,277.0,43.61
2026-07-08 07:07:13,55.0,70.000              ,782.656,400.0,1067.0,0.0,55.25,55.250              ,55.25,55.25,55.25,55.25,55.25,55.25,55.25,36.927,24.618,58.978,33.663,48.063,12.637,53.435,12.725,35.131,2100.0,2100.0,2625.0,2625.0,2100.0,2100.0,2100.0,2100.0,2625.0,0.824,0.816,1.212,1.212,0.87,0.867,0.91,0.912,15.088,4382.0,14760.0,21.929,278.0,45.6
2026-07-08 07:07:14,55.0,71.000              ,782.656,393.0,1200.0,0.0,55.25,55.250              ,55.25,55.25,55.25,55.25,55.25,55.25,55.25,40.233,34.604,47.705,37.082,56.711,18.382,55.429,22.149,39.037,1940.0,1940.0,2425.0,2425.0,1940.0,1940.0,1940.0,1940.0,2425.0,0.834,0.845,1.03,1.037,0.88,0.88,0.941,0.94,15.19,4383.0,14760.0,22.461,279.0,44.52
2026-07-08 07:07:15,55.0,70.000              ,782.66,200.0,1067.0,0.0,55.25,55.250              ,55.25,55.25,55.25,55.25,55.25,55.25,55.25,38.62,33.695,51.026,43.55,51.33,18.431,53.444,20.127,38.778,1920.0,1920.0,2400.0,2400.0,1920.0,1920.0,2400.0,2400.0,2400.0,0.812,0.81,1.117,1.111,0.805,0.805,0.867,0.867,14.891,4388.0,14759.0,25.57,280.0,39.11
2026-07-08 07:07:16,55.0,69.000              ,782.41,572.0,1200.0,0.0,55.25,55.250              ,55.25,55.25,55.25,55.25,55.25,55.25,55.25,34.326,26.459,42.964,28.358,53.4,11.525,47.626,15.353,32.501,2000.0,2000.0,2500.0,2500.0,2000.0,2000.0,2000.0,2000.0,2500.0,0.739,0.739,0.934,0.934,0.836,0.838,0.835,0.835,15.082,4393.0,14759.0,23.685,281.0,42.22
2026-07-08 07:07:17,55.0,69.000              ,782.406,381.0,1200.0,0.0,55.25,55.250              ,55.25,55.25,55.25,55.25,55.25,55.25,55.25,43.73,30.32,45.781,36.505,51.0,10.191,48.696,12.861,34.886,1940.0,1940.0,2425.0,2425.0,1940.0,1940.0,1940.0,1940.0,2425.0,0.877,0.877,1.138,1.138,0.796,0.793,0.846,0.846,14.945,4393.0,14760.0,23.371,282.0,42.79
2026-07-08 07:07:18,55.0,69.000              ,785.664,406.0,1200.0,0.0,55.25,55.250              ,55.25,55.25,55.25,55.25,55.25,55.25,55.25,44.325,26.645,43.785,36.483,47.181,9.397,51.653,8.833,33.538,2100.0,2100.0,2625.0,2625.0,2100.0,2100.0,2100.0,2100.0,2625.0,0.879,0.879,1.12,1.124,0.791,0.791,0.874,0.874,15.118,4393.0,14765.0,21.44,283.0,46.64
2026-07-08 07:07:19,55.0,69.000              ,785.668,200.0,1067.0,0.0,55.25,55.250              ,55.25,55.25,55.25,55.25,55.25,55.25,55.25,41.192,32.348,48.591,37.845,46.687,12.576,48.648,16.744,35.579,1960.0,1960.0,2450.0,2450.0,1960.0,1960.0,1960.0,1960.0,2450.0,0.836,0.836,1.132,1.128,0.779,0.779,0.861,0.861,14.982,4396.0,14764.0,19.214,284.0,52.05
2026-07-08 07:07:20,55.0,68.000              ,785.664,500.0,1200.0,0.0,55.25,55.250              ,55.25,55.25,55.25,55.25,55.25,55.25,55.25,31.495,30.146,49.384,34.963,49.796,14.273,43.95,14.521,33.566,1980.0,1980.0,2500.0,2500.0,2000.0,2000.0,2000.0,2000.0,2500.0,0.808,0.808,1.126,1.117,0.877,0.877,0.861,0.863,15.218,4404.0,14766.0,26.432,285.0,37.83
2026-07-08 07:07:21,55.0,70.000              ,785.668,364.0,1067.0,0.0,55.25,55.250              ,55.25,55.25,55.25,55.25,55.25,55.25,55.25,35.137,35.464,47.384,47.655,47.187,17.749,49.957,17.44,37.247,1820.0,1820.0,2275.0,2275.0,1820.0,1820.0,1800.0,1800.0,2275.0,0.796,0.796,1.189,1.199,0.753,0.754,0.786,0.784,14.941,4412.0,14767.0,27.103,286.0,36.9
2026-07-08 07:07:22,55.0,70.000              ,785.715,545.0,1200.0,0.0,55.25,55.250              ,55.25,55.25,55.25,55.25,55.25,55.25,55.25,36.156,25.429,39.55,29.618,54.901,12.953,43.667,12.392,31.833,2000.0,2020.0,2020.0,2020.0,2550.0,2550.0,2040.0,2040.0,2550.0,0.787,0.787,0.885,0.885,0.944,0.942,0.78,0.78,14.984,4419.0,14767.0,25.914,287.0,38.59
2026-07-08 07:07:23,55.0,68.000              ,785.715,442.0,1200.0,0.0,55.25,55.250              ,55.25,55.25,55.25,55.25,55.25,55.25,55.25,50.915,51.27,58.944,51.609,61.842,30.241,58.809,37.389,50.127,1820.0,1820.0,2275.0,2275.0,1820.0,1820.0,1820.0,1820.0,2275.0,0.921,0.922,1.016,1.016,0.801,0.802,0.867,0.867,15.351,4454.0,14770.0,26.676,288.0,37.49
2026-07-08 07:07:24,55.0,71.000              ,784.711,442.0,1200.0,0.0,55.25,55.250              ,55.25,55.25,55.25,55.25,55.25,55.25,55.25,66.866,52.067,72.403,67.981,74.173,48.488,70.819,44.741,62.192,1840.0,1840.0,1840.0,1840.0,1840.0,1840.0,1533.333,1533.333,1840.0,0.779,0.779,0.985,0.985,0.847,0.845,0.791,0.791,15.075,4499.0,14794.0,26.674,289.0,37.49
2026-07-08 07:07:25,55.0,71.000              ,784.715,200.0,1200.0,0.0,55.25,55.250              ,55.25,55.25,55.25,55.25,55.25,55.25,55.25,65.17,50.566,66.527,61.803,62.077,48.767,68.067,40.177,57.894,1666.667,1666.667,2000.0,2000.0,1650.0,1650.0,1650.0,1650.0,2000.0,0.806,0.804,0.959,0.96,0.786,0.788,0.766,0.769,14.967,4534.0,14810.0,22.431,290.0,44.58
2026-07-08 07:07:26,55.0,72.000              ,784.715,200.0,1067.0,0.0,55.25,55.250              ,55.25,55.25,55.25,55.25,55.25,55.25,55.25,46.146,31.882,47.499,36.574,51.647,21.074,57.751,17.786,38.795,1733.333,1733.333,2080.0,2080.0,1733.333,1733.333,1733.333,1733.333,2080.0,0.807,0.807,0.899,0.898,0.785,0.783,0.869,0.871,14.694,4541.0,14809.0,22.162,291.0,45.12
2026-07-08 07:07:27,55.0,72.000              ,785.496,428.0,1200.0,0.0,55.375,55.375              ,55.375,55.375,55.375,55.375,55.375,55.375,55.375,52.411,39.591,59.912,42.727,59.329,37.257,61.649,41.247,49.265,1940.0,1940.0,2425.0,2425.0,1940.0,1940.0,2425.0,2425.0,2425.0,0.878,0.885,0.971,0.971,0.931,0.931,1.1,1.097,15.488,4546.0,14809.0,29.471,292.0,33.93
2026-07-08 07:07:28,55.0,71.000              ,785.488,508.0,1200.0,0.0,55.25,55.250              ,55.25,55.25,55.25,55.25,55.25,55.25,55.25,62.753,55.947,62.965,65.619,74.887,58.687,68.424,55.704,63.123,1700.0,1700.0,1700.0,1700.0,2040.0,2040.0,1700.0,1700.0,2040.0,0.777,0.771,0.886,0.886,0.934,0.934,0.815,0.816,14.704,4565.0,14811.0,41.112,293.0,24.32
2026-07-08 07:07:29,55.0,70.000              ,785.473,450.0,1200.0,0.0,55.25,55.250              ,55.25,55.25,55.25,55.25,55.25,55.25,55.25,40.168,29.719,39.923,48.937,56.526,24.083,54.578,23.455,39.674,1780.0,1800.0,2250.0,2250.0,1800.0,1800.0,1800.0,1800.0,2250.0,0.723,0.723,0.968,0.968,0.821,0.821,0.813,0.813,14.972,4562.0,14810.0,23.622,294.0,42.33
2026-07-08 07:07:30,55.0,68.000              ,785.469,442.0,1200.0,0.0,55.25,55.250              ,55.25,55.25,55.25,55.25,55.25,55.25,55.25,41.789,34.099,43.357,49.995,55.248,18.945,50.468,20.875,39.347,2000.0,2000.0,2500.0,2500.0,2000.0,2000.0,1980.0,1980.0,2500.0,0.787,0.788,1.098,1.098,0.824,0.824,0.825,0.825,14.921,4520.0,14770.0,28.573,295.0,35.0
2026-07-08 07:07:31,55.0,70.000              ,785.477,315.0,1200.0,0.0,55.25,55.250              ,55.25,55.25,55.25,55.25,55.25,55.25,55.25,40.499,30.853,51.864,34.886,55.952,17.605,52.727,18.693,37.885,2020.0,2020.0,2525.0,2525.0,2020.0,2020.0,2020.0,2020.0,2525.0,0.837,0.837,1.073,1.073,0.926,0.926,0.902,0.902,15.219,4519.0,14768.0,0.0,296.0,
2026-07-08 07:07:32,55.0,69.000              ,783.313,413.0,1067.0,0.0,55.25,55.250              ,55.25,55.25,55.25,55.25,55.25,55.25,55.25,44.848,30.297,50.142,48.273,64.621,50.755,49.784,24.957,45.46,1760.0,1760.0,2180.0,2180.0,1816.667,1816.667,1816.667,1816.667,2180.0,0.719,0.719,0.955,0.956,1.027,1.027,0.731,0.731,14.905,4545.0,14767.0,0.0,297.0,
2026-07-08 07:07:33,55.0,70.000              ,780.879,387.0,1067.0,0.0,55.25,55.250              ,55.25,55.25,55.25,55.25,55.25,55.25,55.25,32.23,26.281,51.063,45.747,56.334,25.052,49.317,16.712,37.842,1960.0,1960.0,1960.0,1960.0,2450.0,2450.0,1960.0,1960.0,2450.0,0.719,0.721,1.08,1.079,0.954,0.954,0.796,0.796,14.797,4552.0,14766.0,0.0,298.0,
2026-07-08 07:07:34,55.0,70.000              ,780.883,393.0,1200.0,0.0,55.25,55.250              ,55.25,55.25,55.25,55.25,55.25,55.25,55.25,28.715,20.855,36.984,42.004,56.542,13.584,44.942,15.935,32.445,2200.0,2200.0,2200.0,2200.0,2750.0,2750.0,2200.0,2200.0,2750.0,0.772,0.771,1.032,1.032,1.091,1.091,0.973,0.973,14.973,4552.0,14767.0,0.0,299.0,
2026-07-08 07:07:35,55.0,69.000              ,780.234,200.0,1200.0,0.0,55.25,55.250              ,55.25,55.25,55.25,55.25,55.25,55.25,55.25,40.599,32.412,58.873,50.725,57.402,23.269,59.772,23.447,43.313,1980.0,1980.0,2475.0,2475.0,1980.0,1980.0,1980.0,1980.0,2475.0,0.785,0.785,1.137,1.137,0.908,0.908,0.913,0.914,15.341,4581.0,14765.0,38.016,300.0,26.3
2026-07-08 07:07:36,55.0,70.000              ,777.977,400.0,1200.0,0.0,55.25,55.250              ,55.25,55.25,55.25,55.25,55.25,55.25,55.25,30.415,33.557,63.63,33.863,53.174,16.959,47.081,21.836,37.564,1860.0,1860.0,2325.0,2325.0,1860.0,1860.0,1860.0,1860.0,2325.0,0.781,0.781,1.156,1.156,0.832,0.834,0.855,0.853,14.992,4578.0,14762.0,22.683,301.0,44.09
2026-07-08 07:07:37,55.0,71.000              ,780.223,420.0,1200.0,0.0,55.25,55.250              ,55.25,55.25,55.25,55.25,55.25,55.25,55.25,67.509,58.599,67.689,66.099,72.278,43.685,64.162,41.272,60.162,1840.0,1840.0,2300.0,2300.0,1840.0,1840.0,1840.0,1840.0,2300.0,0.934,0.934,1.083,1.083,0.872,0.87,0.818,0.818,15.317,4620.0,14770.0,29.762,302.0,33.6
2026-07-08 07:07:38,55.0,71.000              ,776.895,461.0,1200.0,0.0,55.375,55.375              ,55.375,55.375,55.375,55.375,55.375,55.375,55.375,61.214,53.726,53.989,68.735,62.275,37.522,65.863,34.988,54.789,2180.0,2180.0,2180.0,2200.0,1760.0,1760.0,1760.0,1760.0,2200.0,0.897,0.897,1.048,1.048,0.786,0.786,0.788,0.788,14.938,4636.0,14725.0,21.929,303.0,45.6
2026-07-08 07:07:39,55.0,71.000              ,776.898,344.0,1200.0,0.0,55.25,55.250              ,55.25,55.25,55.25,55.25,55.25,55.25,55.25,36.25,37.75,46.465,40.529,58.119,11.845,50.767,14.228,36.994,1780.0,1780.0,2225.0,2225.0,1780.0,1780.0,1780.0,1780.0,2225.0,0.819,0.819,1.061,1.061,0.8,0.802,0.83,0.83,14.685,4638.0,14718.0,25.862,304.0,38.67
2026-07-08 07:07:40,55.0,69.000              ,776.938,387.0,1200.0,0.0,55.25,55.250              ,55.25,55.25,55.25,55.25,55.25,55.25,55.25,26.144,29.412,30.634,38.569,45.58,8.272,38.666,11.947,28.653,2100.0,2100.0,2625.0,2100.0,2625.0,2625.0,2100.0,2100.0,2625.0,0.822,0.822,1.183,1.19,0.827,0.824,0.814,0.814,14.976,4638.0,14718.0,25.825,305.0,38.72
2026-07-08 07:07:41,55.0,69.000              ,766.922,358.0,1200.0,0.0,55.25,55.250              ,55.25,55.25,55.25,55.25,55.25,55.25,55.25,33.782,31.959,47.272,34.463,62.182,13.781,57.562,13.498,36.812,2140.0,2140.0,2675.0,2675.0,2140.0,2140.0,2140.0,2140.0,2675.0,0.872,0.872,1.04,1.033,1.048,1.048,0.999,0.999,15.114,4637.0,14707.0,23.113,306.0,43.27
2026-07-08 07:07:42,55.0,70.000              ,764.672,420.0,1200.0,0.0,55.25,55.250              ,55.25,55.25,55.25,55.25,55.25,55.25,55.25,27.142,27.708,37.806,33.27,51.578,9.333,46.802,9.961,30.45,2160.0,2160.0,2700.0,2700.0,2160.0,2160.0,2160.0,2160.0,2700.0,0.777,0.777,1.052,1.062,0.898,0.898,0.866,0.866,15.011,4636.0,14707.0,28.545,307.0,35.03
2026-07-08 07:07:43,55.0,70.000              ,770.922,387.0,1200.0,0.0,55.25,55.250              ,55.25,55.25,55.25,55.25,55.25,55.25,55.25,38.721,33.201,41.612,34.712,56.95,14.618,56.57,14.821,36.401,2120.0,2120.0,2120.0,2120.0,2120.0,2120.0,2650.0,2650.0,2650.0,0.929,0.929,0.964,0.954,0.943,0.944,0.987,0.987,15.053,4636.0,14710.0,22.064,308.0,45.32
2026-07-08 07:07:44,55.0,70.000              ,776.938,450.0,1200.0,0.0,55.25,55.250              ,55.25,55.25,55.25,55.25,55.25,55.25,55.25,30.841,27.123,34.882,43.471,47.969,5.527,42.254,12.866,30.617,2100.0,2100.0,2625.0,2625.0,2100.0,2100.0,2100.0,2100.0,2625.0,0.79,0.79,1.132,1.142,0.748,0.746,0.797,0.797,14.947,4640.0,14720.0,25.363,309.0,39.43
2026-07-08 07:07:45,55.0,69.000              ,776.941,200.0,1200.0,0.0,55.25,55.250              ,55.25,55.25,55.25,55.25,55.25,55.25,55.25,36.583,28.692,45.5,40.221,60.334,13.983,52.181,13.705,36.4,2060.0,2060.0,2575.0,2575.0,2060.0,2060.0,2060.0,2060.0,2575.0,0.81,0.81,1.107,1.097,0.95,0.95,0.894,0.894,15.108,4639.0,14720.0,21.793,310.0,45.89
2026-07-08 07:07:46,55.0,68.000              ,776.949,200.0,1067.0,0.0,55.25,55.250              ,55.25,55.25,55.25,55.25,55.25,55.25,55.25,30.537,29.014,43.126,31.274,58.658,11.933,58.966,10.709,34.277,2020.0,2020.0,2525.0,2525.0,2020.0,2020.0,2020.0,2020.0,2525.0,0.744,0.744,0.952,0.952,0.933,0.933,0.957,0.957,15.073,4639.0,14715.0,20.218,311.0,49.46
2026-07-08 07:07:47,55.0,69.000              ,777.188,469.0,1067.0,0.0,55.25,55.250              ,55.25,55.25,55.25,55.25,55.25,55.25,55.25,32.697,28.784,50.193,35.818,47.435,14.068,58.42,12.231,34.956,2000.0,2000.0,2500.0,2500.0,1980.0,1980.0,2000.0,2000.0,2500.0,0.782,0.782,1.147,1.148,0.801,0.801,0.955,0.955,15.052,4640.0,14718.0,21.64,312.0,46.21
2026-07-08 07:07:48,55.0,70.000              ,777.191,393.0,1067.0,0.0,55.25,55.250              ,55.25,55.25,55.25,55.25,55.25,55.25,55.25,27.766,28.437,48.277,33.47,47.287,11.152,41.132,10.327,30.981,2120.0,2120.0,2650.0,2650.0,2120.0,2120.0,2120.0,2120.0,2650.0,0.836,0.826,1.217,1.215,0.849,0.849,0.823,0.823,14.894,4640.0,14718.0,31.82,313.0,31.43
2026-07-08 07:07:49,55.0,71.000              ,777.188,358.0,1200.0,0.0,55.25,55.250              ,55.25,55.25,55.25,55.25,55.25,55.25,55.25,34.046,32.735,49.435,31.716,54.486,11.95,53.032,14.892,35.287,2060.0,2060.0,2575.0,2575.0,2575.0,2575.0,2060.0,2060.0,2575.0,0.89,0.901,1.084,1.084,0.928,0.93,0.933,0.933,15.152,4640.0,14717.0,24.773,314.0,40.37
2026-07-08 07:07:50,55.0,69.000              ,777.438,393.0,1200.0,0.0,55.25,55.250              ,55.25,55.25,55.25,55.25,55.25,55.25,55.25,32.906,31.585,48.584,34.154,61.704,15.431,48.302,13.497,35.77,2080.0,2100.0,2100.0,2100.0,2625.0,2600.0,2080.0,2080.0,2625.0,0.835,0.835,1.022,1.024,0.996,0.994,0.881,0.881,15.091,4642.0,14716.0,19.967,315.0,50.08
2026-07-08 07:07:51,55.0,68.000              ,777.441,461.0,1200.0,0.0,55.25,55.250              ,55.25,55.25,55.25,55.25,55.25,55.25,55.25,34.307,29.632,56.388,27.493,52.912,13.295,49.997,14.537,34.82,2100.0,2100.0,2100.0,2120.0,2650.0,2650.0,2120.0,2120.0,2650.0,0.859,0.859,1.093,1.092,0.889,0.889,0.872,0.874,15.087,4640.0,14712.0,18.701,316.0,53.47
2026-07-08 07:07:52,55.0,69.000              ,775.188,508.0,1067.0,0.0,55.25,55.250              ,55.25,55.25,55.25,55.25,55.25,55.25,55.25,37.405,24.154,41.24,30.774,49.715,9.114,43.073,14.443,31.24,2040.0,2040.0,2040.0,2040.0,2040.0,2040.0,2550.0,2550.0,2550.0,0.842,0.844,0.984,0.987,0.804,0.804,0.812,0.81,14.837,4640.0,14712.0,23.71,317.0,42.18
2026-07-08 07:07:53,55.0,70.000              ,775.191,200.0,1200.0,0.0,55.25,55.250              ,55.25,55.25,55.25,55.25,55.25,55.25,55.25,35.322,20.294,49.625,29.684,58.412,6.761,47.965,9.499,32.195,2060.0,2060.0,2575.0,2575.0,2060.0,2060.0,2060.0,2060.0,2575.0,0.912,0.909,1.113,1.109,0.933,0.933,0.847,0.847,15.017,4640.0,14711.0,22.456,318.0,44.53
2026-07-08 07:07:54,55.0,69.000              ,775.188,508.0,1067.0,0.0,55.25,55.250              ,55.25,55.25,55.25,55.25,55.25,55.25,55.25,35.486,20.844,44.615,28.487,50.915,9.178,43.327,10.831,30.46,2060.0,2060.0,2575.0,2575.0,2600.0,2600.0,2080.0,2080.0,2600.0,0.774,0.774,0.988,0.988,0.868,0.868,0.766,0.766,15.157,4640.0,14711.0,25.766,319.0,38.81
2026-07-08 07:07:55,55.0,68.000              ,774.195,428.0,1067.0,0.0,55.25,55.250              ,55.25,55.25,55.25,55.25,55.25,55.25,55.25,32.228,33.923,53.961,32.206,52.154,9.822,52.003,11.39,34.711,1940.0,1940.0,2425.0,2425.0,1940.0,1940.0,1920.0,1920.0,2425.0,0.855,0.855,1.173,1.176,0.806,0.806,0.872,0.872,14.981,4640.0,14708.0,23.449,320.0,42.65
2026-07-08 07:07:56,55.0,69.000              ,774.191,364.0,1200.0,0.0,55.25,55.250              ,55.25,55.25,55.25,55.25,55.25,55.25,55.25,51.042,15.147,60.057,25.642,55.002,9.747,40.408,12.623,33.708,2080.0,2080.0,2600.0,2600.0,2080.0,2080.0,2080.0,2080.0,2600.0,1.034,1.034,1.111,1.107,0.879,0.879,0.797,0.809,15.119,4638.0,14709.0,23.118,321.0,43.26
2026-07-08 07:07:57,55.0,69.000              ,773.184,476.0,1067.0,0.0,55.25,55.250              ,55.25,55.25,55.25,55.25,55.25,55.25,55.25,38.971,29.485,44.998,32.758,53.393,10.509,45.475,14.859,33.806,2040.0,2040.0,2550.0,2550.0,2040.0,2040.0,2040.0,2040.0,2550.0,0.83,0.83,1.059,1.059,0.816,0.816,0.824,0.811,15.152,4638.0,14708.0,22.885,322.0,43.7
2026-07-08 07:07:58,55.0,68.000              ,773.184,387.0,1200.0,0.0,55.25,55.250              ,55.25,55.25,55.25,55.25,55.25,55.25,55.25,41.341,18.451,39.121,40.464,58.249,11.529,47.6,11.021,33.472,1960.0,1960.0,2450.0,2425.0,1940.0,1940.0,1940.0,1940.0,2450.0,0.865,0.868,1.068,1.068,0.913,0.913,0.783,0.783,14.877,4638.0,14707.0,23.564,323.0,42.44
2026-07-08 07:07:59,55.0,69.000              ,773.184,352.0,1200.0,0.0,55.25,55.250              ,55.25,55.25,55.25,55.25,55.25,55.25,55.25,42.081,14.631,55.474,25.571,55.245,8.744,45.589,10.655,32.249,2120.0,2120.0,2650.0,2650.0,2120.0,2120.0,2120.0,2120.0,2650.0,0.9,0.9,1.096,1.096,0.88,0.88,0.843,0.843,15.063,4638.0,14707.0,21.558,324.0,46.39
2026-07-08 07:08:00,55.0,69.000              ,773.188,428.0,1200.0,0.0,55.25,55.250              ,55.25,55.25,55.25,55.25,55.25,55.25,55.25,45.857,25.326,55.687,30.019,57.933,11.504,52.829,18.786,37.243,2000.0,2000.0,2500.0,2500.0,2500.0,2500.0,2000.0,2000.0,2500.0,0.916,0.916,0.959,0.959,0.857,0.857,0.864,0.864,15.086,4638.0,14707.0,20.799,325.0,48.08
2026-07-08 07:08:01,55.0,69.000              ,773.184,500.0,1200.0,0.0,55.25,55.250              ,55.25,55.25,55.25,55.25,55.25,55.25,55.25,35.67,21.603,53.159,27.375,55.289,12.361,54.233,12.844,34.067,1980.0,1980.0,2475.0,2475.0,1980.0,1980.0,1980.0,1980.0,2475.0,0.814,0.812,0.987,0.987,0.862,0.862,0.891,0.891,14.99,4638.0,14706.0,17.961,326.0,55.68
2026-07-08 07:08:02,55.0,69.000              ,773.188,525.0,1200.0,0.0,55.25,55.250              ,55.25,55.25,55.25,55.25,55.25,55.25,55.25,36.878,18.879,58.78,23.843,59.613,8.607,51.198,8.997,33.349,2060.0,2060.0,2060.0,2060.0,2575.0,2575.0,2060.0,2060.0,2575.0,0.788,0.788,1.015,1.015,0.9,0.901,0.818,0.818,14.993,4638.0,14706.0,18.724,327.0,53.41
2026-07-08 07:08:03,55.0,69.000              ,773.184,413.0,1200.0,0.0,55.25,55.250              ,55.25,55.25,55.25,55.25,55.25,55.25,55.25,50.468,20.706,55.919,23.517,60.956,9.952,42.304,11.567,34.424,2000.0,2000.0,2500.0,2500.0,2000.0,2000.0,2000.0,2000.0,2500.0,1.005,1.005,0.979,0.979,0.922,0.921,0.792,0.792,14.937,4637.0,14705.0,23.141,328.0,43.21
2026-07-08 07:08:04,55.0,70.000              ,773.184,393.0,1200.0,0.0,55.25,55.250              ,55.25,55.25,55.25,55.25,55.25,55.25,55.25,50.449,16.62,58.726,23.541,62.481,9.612,44.39,13.298,34.89,2020.0,2020.0,2525.0,2525.0,2020.0,2020.0,2020.0,2020.0,2525.0,0.996,0.996,1.03,1.03,0.912,0.912,0.802,0.804,14.997,4637.0,14706.0,23.38,329.0,42.77
2026-07-08 07:08:05,55.0,69.000              ,774.473,393.0,1067.0,0.0,55.25,55.250              ,55.25,55.25,55.25,55.25,55.25,55.25,55.25,46.633,12.086,54.959,20.036,55.16,7.188,41.473,9.735,30.909,2120.0,2120.0,2650.0,2650.0,2120.0,2120.0,2100.0,2100.0,2650.0,0.977,0.977,1.092,1.092,0.879,0.879,0.802,0.803,15.075,4638.0,14708.0,22.356,330.0,44.73
2026-07-08 07:08:06,55.0,69.000              ,774.473,435.0,1067.0,0.0,55.25,55.250              ,55.25,55.25,55.25,55.25,55.25,55.25,55.25,47.015,14.282,55.672,20.886,51.98,5.851,37.31,8.72,30.215,2100.0,2100.0,2625.0,2625.0,2080.0,2080.0,2080.0,2080.0,2625.0,1.012,1.015,1.066,1.066,0.865,0.866,0.774,0.771,15.11,4637.0,14707.0,20.76,331.0,48.17
2026-07-08 07:08:07,55.0,69.000              ,774.469,476.0,1067.0,0.0,55.125,55.125              ,55.125,55.125,55.125,55.125,55.125,55.125,55.125,31.004,16.196,59.234,18.905,55.983,5.789,47.652,9.045,30.476,2180.0,2180.0,2725.0,2725.0,2180.0,2180.0,2180.0,2180.0,2725.0,0.753,0.75,1.155,1.155,0.872,0.87,0.842,0.844,14.968,4637.0,14707.0,19.121,332.0,52.3
2026-07-08 07:08:08,55.0,69.000              ,774.254,581.0,1067.0,0.0,55.125,55.125              ,55.125,55.125,55.125,55.125,55.125,55.125,55.125,36.35,23.889,36.653,39.004,51.224,13.316,45.502,26.716,34.082,2475.0,2475.0,2475.0,2475.0,1980.0,2000.0,2500.0,2500.0,2500.0,0.772,0.773,0.959,0.944,0.822,0.822,0.951,0.95,15.228,4636.0,14702.0,23.232,333.0,43.04
2026-07-08 07:08:09,55.0,69.000              ,774.266,420.0,1067.0,0.0,55.125,55.125              ,55.125,55.125,55.125,55.125,55.125,55.125,55.125,32.868,21.673,40.966,36.207,41.641,6.932,44.819,11.086,29.524,1860.0,1860.0,2300.0,2300.0,1840.0,1840.0,1860.0,1860.0,2300.0,0.722,0.724,1.126,1.144,0.7,0.7,0.877,0.876,14.932,4636.0,14702.0,21.991,334.0,45.47
2026-07-08 07:08:10,55.0,69.000              ,782.465,590.0,1200.0,0.0,55.125,55.125              ,55.125,55.125,55.125,55.125,55.125,55.125,55.125,36.55,24.543,43.113,34.085,56.41,9.953,45.762,19.99,33.801,2100.0,2100.0,2625.0,2625.0,2600.0,2600.0,2080.0,2080.0,2625.0,0.734,0.731,0.968,0.973,0.809,0.811,0.858,0.858,15.359,4648.0,14713.0,29.58,335.0,33.81
2026-07-08 07:08:11,55.0,73.000              ,782.461,200.0,933.0,0.0,55.25,55.250              ,55.25,55.25,55.25,55.25,55.25,55.25,55.25,28.225,21.082,36.947,24.869,52.411,26.259,37.417,19.542,30.844,1816.667,1816.667,2180.0,2180.0,1816.667,1816.667,1816.667,1816.667,2180.0,0.595,0.595,0.735,0.73,1.426,1.425,0.69,0.69,13.66,4651.0,14705.0,24.741,336.0,40.42
2026-07-08 07:08:12,55.0,39.000              ,782.461,200.0,933.0,0.0,55.75,55.750              ,55.75,55.75,55.75,55.75,55.75,55.75,55.75,12.012,13.853,43.446,17.835,22.523,2.411,24.727,15.366,19.022,2333.333,2333.333,3500.0,3500.0,2316.667,2316.667,2316.667,2316.667,3500.0,1.0,1.005,2.252,2.252,0.942,0.941,1.262,1.262,12.639,4663.0,14632.0,0.0,337.0,
2026-07-08 07:08:13,56.0,1.000               ,782.461,200.0,933.0,0.0,56.375,56.375              ,56.375,56.375,56.375,56.375,56.375,56.375,56.375,11.186,3.829,63.725,13.107,24.345,8.963,36.283,15.174,22.076,2333.333,2333.333,2316.667,2316.667,3475.0,3500.0,2333.333,2333.333,3500.0,0.766,0.761,2.524,2.524,1.117,1.117,1.601,1.601,14.542,4196.0,13986.0,0.0,338.0,
2026-07-08 07:08:14,56.0,0.000               ,782.461,200.0,933.0,0.0,56.875,56.875              ,56.875,56.875,56.875,56.875,56.875,56.875,56.875,21.726,16.013,63.774,5.619,25.625,3.645,21.837,9.481,20.965,2333.333,2333.333,3500.0,3500.0,2333.333,2333.333,2333.333,2333.333,3500.0,1.282,1.304,2.666,2.666,1.084,1.084,1.187,1.187,13.681,4111.0,13310.0,0.0,339.0,
2026-07-08 07:08:15,57.0,0.000               ,782.461,200.0,933.0,0.0,57.25,57.250              ,57.25,57.25,57.25,57.25,57.25,57.25,57.25,18.627,10.43,55.364,16.47,15.76,7.522,37.415,19.803,22.674,2650.0,1325.0,2650.0,2650.0,2650.0,2650.0,2650.0,2650.0,2650.0,1.053,1.031,2.506,2.506,0.885,0.885,1.942,1.942,14.688,3761.0,12962.0,0.0,340.0,
2026-07-08 07:08:16,57.0,0.000               ,782.457,200.0,1200.0,0.0,57.125,57.125              ,57.125,57.125,57.125,57.125,57.125,57.125,57.125,30.273,11.956,59.499,4.945,13.849,2.681,24.483,5.909,19.199,2333.333,2333.333,3500.0,3500.0,2333.333,2333.333,2333.333,2333.333,3500.0,1.461,1.481,2.677,2.677,0.824,0.824,1.101,1.105,13.672,3678.0,12122.0,5212.409,341.0,0.19
2026-07-08 07:08:17,58.0,0.000               ,734.617,200.0,933.0,0.0,58.125,58.125              ,58.125,58.125,58.125,58.125,58.125,58.125,58.125,16.016,8.943,8.441,85.346,16.725,17.509,28.402,9.645,23.878,2333.333,2333.333,3500.0,3500.0,2333.333,2333.333,2333.333,2333.333,3500.0,1.097,1.077,3.957,3.957,1.312,1.312,1.484,1.48,15.787,3420.0,11910.0,0.0,342.0,
2026-07-08 07:08:18,58.0,0.000               ,734.617,200.0,933.0,0.0,58.875,58.875              ,58.875,58.875,58.875,58.875,58.875,58.875,58.875,18.567,2.579,4.066,78.749,19.949,0.519,23.658,4.044,19.016,2333.333,2333.333,3500.0,3500.0,2333.333,2333.333,2800.0,2800.0,3500.0,1.104,1.109,4.374,4.38,1.318,1.318,1.456,1.446,15.091,3335.0,11913.0,0.0,343.0,
2026-07-08 07:08:19,59.0,0.000               ,694.344,200.0,933.0,0.0,59.375,59.375              ,59.375,59.375,59.375,59.375,59.375,59.375,59.375,24.127,6.802,4.314,84.828,14.485,2.102,49.036,13.218,24.864,2333.333,2333.333,3500.0,3500.0,2333.333,2333.333,2333.333,2333.333,3500.0,1.31,1.305,4.26,4.231,0.928,0.931,2.005,2.025,16.531,3151.0,11345.0,2222.42,344.0,0.45
2026-07-08 07:08:20,59.0,0.000               ,694.344,200.0,933.0,0.0,59.5,59.500              ,59.5,59.5,59.5,59.5,59.5,59.5,59.5,12.344,6.662,2.112,98.401,5.358,0.641,5.346,2.987,16.731,2283.333,2283.333,3425.0,3500.0,1750.0,1750.0,1750.0,1750.0,3500.0,0.875,0.875,5.477,5.527,0.56,0.558,0.654,0.654,14.259,3161.0,11325.0,0.0,345.0,
2026-07-08 07:08:21,59.0,0.000               ,694.344,200.0,933.0,0.0,59.75,59.750              ,59.75,59.75,59.75,59.75,59.75,59.75,59.75,12.884,17.521,10.794,64.843,11.347,24.597,24.743,12.766,22.437,3500.0,3500.0,2333.333,2333.333,3475.0,3475.0,2316.667,2316.667,3500.0,1.386,1.386,3.67,3.66,1.669,1.755,1.546,1.546,15.68,3232.0,11393.0,0.0,346.0,
2026-07-08 07:08:22,59.0,0.000               ,682.715,200.0,933.0,0.0,59.0,59.000              ,59.0,59.0,59.0,59.0,59.0,59.0,59.0,28.703,7.566,3.466,59.769,15.624,5.516,23.518,6.891,18.881,2333.333,2333.333,3500.0,3500.0,2333.333,2333.333,2333.333,2333.333,3500.0,1.304,1.304,2.613,2.613,0.999,0.883,1.16,1.141,13.44,3251.0,11144.0,3372.206,347.0,0.3
2026-07-08 07:08:23,58.0,0.000               ,609.992,200.0,1200.0,0.0,58.5,58.500              ,58.5,58.5,58.5,58.5,58.5,58.5,58.5,15.278,10.396,9.615,71.971,25.25,2.891,19.579,12.743,20.965,3500.0,3500.0,2333.333,2333.333,3500.0,3500.0,2333.333,2333.333,3500.0,1.034,1.036,3.057,3.057,1.039,1.039,1.147,1.165,14.784,3210.0,10603.0,1263.901,348.0,0.79
2026-07-08 07:08:24,57.0,20.000              ,609.992,200.0,933.0,0.0,57.375,57.375              ,57.375,57.375,57.375,57.375,57.375,57.375,57.375,24.604,15.888,51.523,22.143,41.082,12.59,44.745,18.314,28.861,2333.333,2333.333,3450.0,3450.0,2300.0,2300.0,2760.0,2760.0,3450.0,1.102,1.101,1.728,1.729,1.292,1.292,1.657,1.658,15.79,3095.0,10605.0,51.754,349.0,19.32
2026-07-08 07:08:25,57.0,45.000              ,609.965,200.0,933.0,0.0,57.125,57.125              ,57.125,57.125,57.125,57.125,57.125,57.125,57.125,16.302,14.172,63.469,11.08,40.837,2.176,14.095,7.124,21.157,2300.0,2300.0,3450.0,3475.0,2316.667,2316.667,2316.667,2316.667,3475.0,1.039,1.039,2.049,2.048,1.261,1.261,0.904,0.903,14.257,3083.0,10595.0,33.256,350.0,30.07
2026-07-08 07:08:26,57.0,50.000              ,639.691,200.0,933.0,0.0,57.0,57.000              ,57.0,57.0,57.0,57.0,57.0,57.0,57.0,23.637,12.976,55.78,10.555,44.209,3.711,17.842,4.055,21.596,3475.0,3475.0,3500.0,3500.0,2333.333,2333.333,2333.333,2333.333,3500.0,1.205,1.22,1.948,1.948,1.518,1.518,0.944,0.942,15.281,3109.0,10583.0,30.379,351.0,32.92
2026-07-08 07:08:27,57.0,56.000              ,639.691,200.0,933.0,0.0,57.25,57.250              ,57.25,57.25,57.25,57.25,57.25,57.25,57.25,18.667,14.27,63.429,11.975,38.095,2.292,18.411,8.556,21.962,2333.333,2333.333,3500.0,3500.0,2333.333,2333.333,2333.333,2333.333,3500.0,1.142,1.126,2.192,2.192,1.304,1.304,0.995,1.004,15.312,3105.0,10583.0,17.239,352.0,58.01
2026-07-08 07:08:28,57.0,64.000              ,639.691,200.0,933.0,0.0,57.25,57.250              ,57.25,57.25,57.25,57.25,57.25,57.25,57.25,21.268,12.87,56.459,16.638,40.18,3.523,18.242,6.205,21.923,2333.333,2333.333,3500.0,3500.0,2333.333,2333.333,2333.333,2333.333,3500.0,1.144,1.144,2.103,2.125,1.43,1.43,1.014,1.012,15.393,3105.0,10583.0,17.139,353.0,58.35
2026-07-08 07:08:29,57.0,63.000              ,639.691,200.0,933.0,0.0,57.125,57.125              ,57.125,57.125,57.125,57.125,57.125,57.125,57.125,23.222,7.898,51.743,15.815,38.878,1.227,18.832,3.08,20.087,2440.0,2440.0,2440.0,2440.0,3425.0,3425.0,2283.333,2283.333,3425.0,1.026,1.026,1.93,1.908,1.33,1.33,0.89,0.886,14.82,3104.0,10567.0,17.333,354.0,57.69
2026-07-08 07:08:30,56.0,62.000              ,639.691,200.0,933.0,0.0,56.875,56.875              ,56.875,56.875,56.875,56.875,56.875,56.875,56.875,20.126,9.829,45.027,12.567,48.185,1.811,16.911,3.8,19.782,2640.0,2640.0,3300.0,3300.0,2640.0,2640.0,2640.0,2640.0,3300.0,1.088,1.088,1.725,1.725,1.558,1.559,0.908,0.908,14.831,3104.0,10567.0,17.254,355.0,57.96
2026-07-08 07:08:31,56.0,63.000              ,639.691,200.0,933.0,0.0,56.25,56.250              ,56.25,56.25,56.25,56.25,56.25,56.25,56.25,14.067,12.525,44.253,16.005,29.001,1.962,13.079,4.206,16.887,2333.333,2333.333,2333.333,2333.333,3500.0,3500.0,2333.333,2333.333,3500.0,0.885,0.885,1.741,1.741,0.902,0.887,0.704,0.704,13.265,3103.0,10567.0,26.253,356.0,38.09
2026-07-08 07:08:32,56.0,60.000              ,639.691,200.0,933.0,0.0,56.25,56.250              ,56.25,56.25,56.25,56.25,56.25,56.25,56.25,13.237,9.508,51.23,11.588,33.662,0.399,13.499,3.363,17.061,1555.556,1555.556,3500.0,3500.0,2333.333,2333.333,2333.333,2333.333,3500.0,0.962,0.962,1.924,1.924,1.166,1.185,0.849,0.849,14.408,3104.0,10567.0,17.686,357.0,56.54
2026-07-08 07:08:33,56.0,58.000              ,586.605,200.0,933.0,0.0,56.25,56.250              ,56.25,56.25,56.25,56.25,56.25,56.25,56.25,15.021,11.544,50.318,12.992,47.272,1.71,15.376,5.163,19.925,2333.333,2316.667,2316.667,2316.667,3500.0,3500.0,2333.333,2333.333,3500.0,0.92,0.92,1.787,1.787,1.393,1.393,0.846,0.846,14.256,3062.0,10528.0,20.919,358.0,47.8
2026-07-08 07:08:34,56.0,59.000              ,586.605,200.0,933.0,0.0,56.25,56.250              ,56.25,56.25,56.25,56.25,56.25,56.25,56.25,22.05,14.245,50.971,14.453,39.913,2.085,27.143,6.197,22.132,2316.667,2316.667,2316.667,2316.667,3475.0,3475.0,2316.667,2316.667,3475.0,1.094,1.094,1.829,1.829,1.311,1.311,1.147,1.147,15.11,3065.0,10527.0,17.439,359.0,57.34
2026-07-08 07:08:35,56.0,59.000              ,585.605,200.0,933.0,0.0,56.75,56.750              ,56.75,56.75,56.75,56.75,56.75,56.75,56.75,14.659,10.581,67.449,14.689,33.059,2.53,15.557,3.595,20.265,2333.333,2333.333,3500.0,3500.0,2333.333,2333.333,2333.333,2333.333,3500.0,0.984,0.984,2.48,2.48,1.261,1.261,0.855,0.855,15.161,3065.0,10526.0,17.166,360.0,58.25
2026-07-08 07:08:36,56.0,61.000              ,579.598,200.0,933.0,0.0,56.875,56.875              ,56.875,56.875,56.875,56.875,56.875,56.875,56.875,13.753,11.662,65.851,8.118,40.156,1.984,15.518,3.652,20.087,2333.333,2333.333,3500.0,3500.0,2333.333,2333.333,2333.333,2333.333,3500.0,1.048,1.048,2.159,2.159,1.449,1.45,0.889,0.894,15.312,3064.0,10469.0,17.559,361.0,56.95
2026-07-08 07:08:37,56.0,64.000              ,579.598,200.0,933.0,0.0,56.875,56.875              ,56.875,56.875,56.875,56.875,56.875,56.875,56.875,13.48,10.884,72.757,9.425,32.95,1.697,17.881,4.626,20.462,2333.333,2333.333,2333.333,2333.333,2333.333,2333.333,3500.0,3500.0,3500.0,0.926,0.926,2.441,2.441,1.256,1.255,0.938,0.933,15.251,3064.0,10470.0,17.378,362.0,57.54
2026-07-08 07:08:38,56.0,63.000              ,579.594,200.0,933.0,0.0,56.75,56.750              ,56.75,56.75,56.75,56.75,56.75,56.75,56.75,22.613,14.416,53.548,17.653,45.23,4.149,20.048,7.105,23.095,2333.333,2333.333,3500.0,3500.0,2333.333,2333.333,2333.333,2333.333,3500.0,1.266,1.266,2.079,2.105,1.6,1.6,1.065,1.065,15.826,3064.0,10466.0,17.216,363.0,58.09
2026-07-08 07:08:39,57.0,62.000              ,603.191,200.0,933.0,0.0,57.0,57.000              ,57.0,57.0,57.0,57.0,57.0,57.0,57.0,28.717,14.481,59.042,14.128,31.409,3.034,19.328,3.749,21.736,2333.333,2333.333,3500.0,3500.0,2333.333,2333.333,2333.333,2333.333,3500.0,1.349,1.354,2.098,2.072,1.206,1.206,0.894,0.894,15.339,3074.0,10499.0,28.77,364.0,34.76
2026-07-08 07:08:40,56.0,60.000              ,603.191,200.0,933.0,0.0,56.875,56.875              ,56.875,56.875,56.875,56.875,56.875,56.875,56.875,20.884,13.73,46.72,13.32,36.622,0.498,28.742,2.135,20.331,2333.333,2333.333,3500.0,3500.0,2333.333,2333.333,2333.333,2333.333,3500.0,1.178,1.174,1.808,1.808,1.236,1.236,1.067,1.067,14.002,3078.0,10499.0,21.054,365.0,47.5
2026-07-08 07:08:41,56.0,52.000              ,603.129,200.0,933.0,0.0,56.5,56.500              ,56.5,56.5,56.5,56.5,56.5,56.5,56.5,17.382,12.527,47.524,16.46,44.667,3.453,25.18,3.584,21.347,2360.0,2360.0,2950.0,2950.0,2360.0,2360.0,2360.0,2360.0,2950.0,0.984,0.984,1.744,1.744,1.373,1.373,0.967,0.967,14.303,3078.0,10499.0,21.801,366.0,45.87
2026-07-08 07:08:42,56.0,54.000              ,603.129,200.0,933.0,0.0,56.625,56.625              ,56.625,56.625,56.625,56.625,56.625,56.625,56.625,15.533,13.447,61.479,12.53,38.78,1.819,13.997,0.707,19.787,2316.667,2316.667,2316.667,2316.667,3475.0,3475.0,2316.667,2316.667,3475.0,1.117,1.117,2.228,2.228,1.401,1.401,0.811,0.811,15.255,3078.0,10499.0,17.571,367.0,56.91
2026-07-08 07:08:43,56.0,63.000              ,603.129,200.0,933.0,0.0,56.875,56.875              ,56.875,56.875,56.875,56.875,56.875,56.875,56.875,15.181,14.761,55.72,11.313,41.318,2.726,26.088,2.395,21.188,2333.333,2333.333,3500.0,3500.0,2333.333,2333.333,2333.333,2333.333,3500.0,1.036,1.036,1.954,1.954,1.413,1.418,1.009,1.009,15.434,3077.0,10499.0,19.21,368.0,52.06
2026-07-08 07:08:44,56.0,63.000              ,603.191,200.0,933.0,0.0,56.75,56.750              ,56.75,56.75,56.75,56.75,56.75,56.75,56.75,23.711,12.381,54.834,19.64,27.129,3.062,28.529,4.106,21.674,2600.0,2600.0,3250.0,3250.0,2600.0,2600.0,3325.0,3325.0,3325.0,1.16,1.16,2.157,2.157,1.153,1.148,1.088,1.088,14.808,3076.0,10498.0,28.505,369.0,35.08
2026-07-08 07:08:45,56.0,59.000              ,604.148,200.0,933.0,0.0,56.75,56.750              ,56.75,56.75,56.75,56.75,56.75,56.75,56.75,25.928,11.509,57.871,14.625,24.369,3.987,21.03,1.664,20.123,2316.667,2316.667,2316.667,2316.667,2316.667,2316.667,3475.0,3475.0,3475.0,1.283,1.283,2.194,2.194,1.136,1.136,0.94,0.941,15.155,3076.0,10500.0,23.554,370.0,42.46
2026-07-08 07:08:46,56.0,60.000              ,604.148,200.0,933.0,0.0,56.125,56.125              ,56.125,56.125,56.125,56.125,56.125,56.125,56.125,12.627,24.657,37.175,12.52,18.448,3.849,16.756,1.646,15.96,2650.0,2650.0,3500.0,3500.0,2333.333,2333.333,2333.333,2333.333,3500.0,1.132,1.192,1.435,1.437,0.807,0.807,0.692,0.692,12.733,2942.0,10361.0,17.325,371.0,57.72
2026-07-08 07:08:47,55.0,36.000              ,604.148,200.0,933.0,0.0,55.0,55.000              ,55.0,55.0,55.0,55.0,55.0,55.0,55.0,5.515,6.101,25.961,2.403,5.313,2.066,3.395,1.505,6.532,1400.0,1400.0,1400.0,1400.0,1400.0,1400.0,1400.0,1400.0,1400.0,0.404,0.316,0.993,0.991,0.243,0.243,0.094,0.094,7.095,2868.0,9672.0,0.0,372.0,
2026-07-08 07:08:48,56.0,4.000               ,528.105,200.0,933.0,0.0,56.0,56.000              ,56.0,56.0,56.0,56.0,56.0,56.0,56.0,36.446,27.01,52.251,39.323,44.47,22.815,37.134,24.892,35.542,2333.333,2333.333,3500.0,3500.0,2333.333,2333.333,1555.556,1555.556,3500.0,1.732,1.732,3.185,3.185,1.869,1.869,1.413,1.413,16.473,2760.0,8911.0,0.0,373.0,
