08-07-2026 07:15:49,GPU temperature,GPU usage,Memory usage,Core clock,Memory clock,Fan tachometer,CPU1 temperature,CPU2 temperature,CPU3 temperature,CPU4 temperature,CPU5 temperature,CPU6 temperature,CPU7 temperature,CPU8 temperature,CPU temperature,CPU1 usage,CPU2 usage,CPU3 usage,CPU4 usage,CPU5 usage,CPU6 usage,CPU7 usage,CPU8 usage,CPU usage,CPU1 clock,CPU2 clock,CPU3 clock,CPU4 clock,CPU5 clock,CPU6 clock,CPU7 clock,CPU8 clock,CPU clock,CPU1 power,CPU2 power,CPU3 power,CPU4 power,CPU5 power,CPU6 power,CPU7 power,CPU8 power,CPU power,RAM usage,Commit charge,frametime,elapsed,fps
2026-07-08 07:15:49,0.0,°C                  ,0.0,100.0,10.0,,,,,,,,,,,,,,,,,,,,,,,,,,,,,,,,,,,,,,,,,0.0,
2026-07-08 07:15:49,1.0,%                   ,0.0,100.0,10.0,,,,,,,,,,,,,,,,,,,,,,,,,,,,,,,,,,,,,,,,,0.0,
2026-07-08 07:15:49,2.0,MB                  ,0.0,8192.0,10.0,,,,,,,,,,,,,,,,,,,,,,,,,,,,,,,,,,,,,,,,,0.0,
2026-07-08 07:15:49,3.0,MHz                 ,0.0,2500.0,10.0,,,,,,,,,,,,,,,,,,,,,,,,,,,,,,,,,,,,,,,,,0.0,
2026-07-08 07:15:49,4.0,MHz                 ,0.0,7500.0,10.0,,,,,,,,,,,,,,,,,,,,,,,,,,,,,,,,,,,,,,,,,0.0,
2026-07-08 07:15:49,5.0,RPM                 ,0.0,10000.0,10.0,,,,,,,,,,,,,,,,,,,,,,,,,,,,,,,,,,,,,,,,,0.0,
2026-07-08 07:15:49,6.0,°C                  ,0.0,100.0,10.0,,,,,,,,,,,,,,,,,,,,,,,,,,,,,,,,,,,,,,,,,0.0,
2026-07-08 07:15:49,7.0,°C                  ,0.0,100.0,10.0,,,,,,,,,,,,,,,,,,,,,,,,,,,,,,,,,,,,,,,,,0.0,
2026-07-08 07:15:49,8.0,°C                  ,0.0,100.0,10.0,,,,,,,,,,,,,,,,,,,,,,,,,,,,,,,,,,,,,,,,,0.0,
2026-07-08 07:15:49,9.0,°C                  ,0.0,100.0,10.0,,,,,,,,,,,,,,,,,,,,,,,,,,,,,,,,,,,,,,,,,0.0,
2026-07-08 07:15:49,10.0,°C                  ,0.0,100.0,10.0,,,,,,,,,,,,,,,,,,,,,,,,,,,,,,,,,,,,,,,,,0.0,
2026-07-08 07:15:49,11.0,°C                  ,0.0,100.0,10.0,,,,,,,,,,,,,,,,,,,,,,,,,,,,,,,,,,,,,,,,,0.0,
2026-07-08 07:15:49,12.0,°C                  ,0.0,100.0,10.0,,,,,,,,,,,,,,,,,,,,,,,,,,,,,,,,,,,,,,,,,0.0,
2026-07-08 07:15:49,13.0,°C                  ,0.0,100.0,10.0,,,,,,,,,,,,,,,,,,,,,,,,,,,,,,,,,,,,,,,,,0.0,
2026-07-08 07:15:49,14.0,°C                  ,0.0,100.0,10.0,,,,,,,,,,,,,,,,,,,,,,,,,,,,,,,,,,,,,,,,,0.0,
2026-07-08 07:15:49,15.0,%                   ,0.0,100.0,10.0,,,,,,,,,,,,,,,,,,,,,,,,,,,,,,,,,,,,,,,,,0.0,
2026-07-08 07:15:49,16.0,%                   ,0.0,100.0,10.0,,,,,,,,,,,,,,,,,,,,,,,,,,,,,,,,,,,,,,,,,0.0,
2026-07-08 07:15:49,17.0,%                   ,0.0,100.0,10.0,,,,,,,,,,,,,,,,,,,,,,,,,,,,,,,,,,,,,,,,,0.0,
2026-07-08 07:15:49,18.0,%                   ,0.0,100.0,10.0,,,,,,,,,,,,,,,,,,,,,,,,,,,,,,,,,,,,,,,,,0.0,
2026-07-08 07:15:49,19.0,%                   ,0.0,100.0,10.0,,,,,,,,,,,,,,,,,,,,,,,,,,,,,,,,,,,,,,,,,0.0,
2026-07-08 07:15:49,20.0,%                   ,0.0,100.0,10.0,,,,,,,,,,,,,,,,,,,,,,,,,,,,,,,,,,,,,,,,,0.0,
2026-07-08 07:15:49,21.0,%                   ,0.0,100.0,10.0,,,,,,,,,,,,,,,,,,,,,,,,,,,,,,,,,,,,,,,,,0.0,
2026-07-08 07:15:49,22.0,%                   ,0.0,100.0,10.0,,,,,,,,,,,,,,,,,,,,,,,,,,,,,,,,,,,,,,,,,0.0,
2026-07-08 07:15:49,23.0,%                   ,0.0,100.0,10.0,,,,,,,,,,,,,,,,,,,,,,,,,,,,,,,,,,,,,,,,,0.0,
2026-07-08 07:15:49,24.0,MHz                 ,0.0,5000.0,10.0,,,,,,,,,,,,,,,,,,,,,,,,,,,,,,,,,,,,,,,,,0.0,
2026-07-08 07:15:49,25.0,MHz                 ,0.0,5000.0,10.0,,,,,,,,,,,,,,,,,,,,,,,,,,,,,,,,,,,,,,,,,0.0,
2026-07-08 07:15:49,26.0,MHz                 ,0.0,5000.0,10.0,,,,,,,,,,,,,,,,,,,,,,,,,,,,,,,,,,,,,,,,,0.0,
2026-07-08 07:15:49,27.0,MHz                 ,0.0,5000.0,10.0,,,,,,,,,,,,,,,,,,,,,,,,,,,,,,,,,,,,,,,,,0.0,
2026-07-08 07:15:49,28.0,MHz                 ,0.0,5000.0,10.0,,,,,,,,,,,,,,,,,,,,,,,,,,,,,,,,,,,,,,,,,0.0,
2026-07-08 07:15:49,29.0,MHz                 ,0.0,5000.0,10.0,,,,,,,,,,,,,,,,,,,,,,,,,,,,,,,,,,,,,,,,,0.0,
2026-07-08 07:15:49,30.0,MHz                 ,0.0,5000.0,10.0,,,,,,,,,,,,,,,,,,,,,,,,,,,,,,,,,,,,,,,,,0.0,
2026-07-08 07:15:49,31.0,MHz                 ,0.0,5000.0,10.0,,,,,,,,,,,,,,,,,,,,,,,,,,,,,,,,,,,,,,,,,0.0,
2026-07-08 07:15:49,32.0,MHz                 ,0.0,5000.0,10.0,,,,,,,,,,,,,,,,,,,,,,,,,,,,,,,,,,,,,,,,,0.0,
2026-07-08 07:15:49,33.0,W                   ,0.0,200.0,10.0,,,%.1f                ,,,,,,,,,,,,,,,,,,,,,,,,,,,,,,,,,,,,,,0.0,
2026-07-08 07:15:49,34.0,W                   ,0.0,200.0,10.0,,,%.1f                ,,,,,,,,,,,,,,,,,,,,,,,,,,,,,,,,,,,,,,0.0,
2026-07-08 07:15:49,35.0,W                   ,0.0,200.0,10.0,,,%.1f                ,,,,,,,,,,,,,,,,,,,,,,,,,,,,,,,,,,,,,,0.0,
2026-07-08 07:15:49,36.0,W                   ,0.0,200.0,10.0,,,%.1f                ,,,,,,,,,,,,,,,,,,,,,,,,,,,,,,,,,,,,,,0.0,
2026-07-08 07:15:49,37.0,W                   ,0.0,200.0,10.0,,,%.1f                ,,,,,,,,,,,,,,,,,,,,,,,,,,,,,,,,,,,,,,0.0,
2026-07-08 07:15:49,38.0,W                   ,0.0,200.0,10.0,,,%.1f                ,,,,,,,,,,,,,,,,,,,,,,,,,,,,,,,,,,,,,,0.0,
2026-07-08 07:15:49,39.0,W                   ,0.0,200.0,10.0,,,%.1f                ,,,,,,,,,,,,,,,,,,,,,,,,,,,,,,,,,,,,,,0.0,
2026-07-08 07:15:49,40.0,W                   ,0.0,200.0,10.0,,,%.1f                ,,,,,,,,,,,,,,,,,,,,,,,,,,,,,,,,,,,,,,0.0,
2026-07-08 07:15:49,41.0,W                   ,0.0,200.0,10.0,,,%.1f                ,,,,,,,,,,,,,,,,,,,,,,,,,,,,,,,,,,,,,,0.0,
2026-07-08 07:15:49,42.0,MB                  ,0.0,16384.0,10.0,,,,,,,,,,,,,,,,,,,,,,,,,,,,,,,,,,,,,,,,,0.0,
2026-07-08 07:15:49,43.0,MB                  ,0.0,16384.0,10.0,,,,,,,,,,,,,,,,,,,,,,,,,,,,,,,,,,,,,,,,,0.0,
2026-07-08 07:15:49,44.0,ms                  ,0.0,50.0,10.0,,,%.1f                ,,,,,,,,,,,,,,,,,,,,,,,,,,,,,,,,,,,,,,0.0,
2026-07-08 07:15:49,46.0,3.000               ,489.0,200.0,933.0,0.0,46.25,46.250              ,46.25,46.25,46.25,46.25,46.25,46.25,46.25,31.867,22.999,32.681,23.887,38.885,33.465,26.335,20.009,28.766,1700.0,1275.0,1700.0,1700.0,1700.0,1700.0,1700.0,1700.0,1700.0,1.363,1.363,1.448,1.448,1.85,1.849,1.228,1.231,13.129,3200.0,8836.0,,0.0,
2026-07-08 07:15:50,45.0,5.000               ,489.0,200.0,933.0,0.0,45.75,45.750              ,45.75,45.75,45.75,45.75,45.75,45.75,45.75,12.13,5.237,11.565,8.639,13.494,7.371,7.429,5.633,8.938,2333.333,2333.333,2800.0,2800.0,3500.0,3500.0,2333.333,2333.333,3500.0,0.508,0.508,0.676,0.676,0.678,0.678,0.471,0.469,7.63,3201.0,8838.0,,1.0,
2026-07-08 07:15:51,47.0,2.000               ,493.637,200.0,1200.0,0.0,47.25,47.250              ,47.25,47.25,47.25,47.25,47.25,47.25,47.25,54.48,48.839,63.057,57.501,63.608,46.201,51.438,37.424,52.819,2333.333,2333.333,3500.0,3500.0,2333.333,2333.333,2333.333,2333.333,3500.0,2.42,2.439,3.209,3.216,2.809,2.816,2.268,2.268,19.538,3306.0,8983.0,,2.0,
2026-07-08 07:15:52,57.0,1.000               ,494.18,200.0,1200.0,0.0,57.125,57.125              ,57.125,57.125,57.125,57.125,57.125,57.125,57.125,73.703,58.284,77.166,87.395,77.734,65.13,74.923,69.074,72.926,3450.0,3450.0,3450.0,3450.0,3450.0,3450.0,3450.0,3450.0,3450.0,3.489,3.473,5.13,5.123,3.826,3.819,3.849,3.785,25.552,3358.0,9005.0,,3.0,
2026-07-08 07:15:53,56.0,2.000               ,497.965,200.0,933.0,0.0,56.375,56.375              ,56.375,56.375,56.375,56.375,56.375,56.375,56.375,44.85,9.744,26.906,60.535,44.859,26.004,37.018,17.204,33.39,3500.0,3500.0,3500.0,3500.0,2333.333,2333.333,3500.0,3500.0,3500.0,2.333,2.33,3.581,3.559,2.895,2.895,2.079,2.111,18.712,3422.0,9091.0,,4.0,
2026-07-08 07:15:54,55.0,1.000               ,496.309,200.0,1200.0,0.0,55.0,55.000              ,55.0,55.0,55.0,55.0,55.0,55.0,55.0,7.541,3.883,3.351,63.373,26.293,7.547,10.994,4.445,15.928,2180.0,2180.0,2725.0,2725.0,3500.0,3500.0,2333.333,2333.333,3500.0,0.54,0.54,2.416,2.422,1.288,1.376,0.657,0.658,13.01,3728.0,9390.0,,5.0,
2026-07-08 07:15:55,54.0,2.000               ,496.309,200.0,933.0,0.0,54.0,54.000              ,54.0,54.0,54.0,54.0,54.0,54.0,54.0,5.229,3.856,3.37,76.881,12.186,6.826,11.94,6.676,15.871,2333.333,2333.333,3500.0,3500.0,2333.333,2333.333,2333.333,2333.333,3500.0,0.532,0.532,2.897,2.893,1.102,1.01,0.858,0.858,13.479,4036.0,9680.0,,6.0,
2026-07-08 07:15:56,55.0,1.000               ,496.309,200.0,933.0,0.0,55.0,55.000              ,55.0,55.0,55.0,55.0,55.0,55.0,55.0,4.898,5.816,21.598,75.424,18.043,1.993,4.549,3.682,17.0,2333.333,2333.333,3500.0,3500.0,2333.333,2333.333,2333.333,2333.333,3500.0,0.615,0.615,4.518,4.501,1.026,1.026,0.627,0.626,14.072,4033.0,9692.0,,7.0,
2026-07-08 07:15:57,54.0,0.000               ,496.309,200.0,933.0,0.0,54.875,54.875              ,54.875,54.875,54.875,54.875,54.875,54.875,54.875,10.217,2.776,3.279,86.37,22.171,4.198,5.21,6.879,17.638,2333.333,2333.333,3500.0,3500.0,2333.333,2333.333,2333.333,2333.333,3500.0,0.752,0.752,3.883,3.893,1.145,1.145,0.668,0.668,13.606,4107.0,9764.0,,8.0,
2026-07-08 07:15:58,54.0,0.000               ,496.309,200.0,933.0,0.0,54.375,54.375              ,54.375,54.375,54.375,54.375,54.375,54.375,54.375,3.749,4.809,2.19,81.737,13.231,4.075,7.331,6.535,15.457,2333.333,2333.333,3500.0,3500.0,2333.333,2333.333,2333.333,2333.333,3500.0,0.321,0.321,3.74,3.725,1.047,1.052,0.689,0.689,12.71,4234.0,9857.0,,9.0,
2026-07-08 07:15:59,54.0,0.000               ,537.879,200.0,1200.0,0.0,54.625,54.625              ,54.625,54.625,54.625,54.625,54.625,54.625,54.625,22.61,18.306,33.786,54.875,39.414,18.367,27.323,36.914,31.449,2333.333,2333.333,3500.0,3500.0,2333.333,2333.333,2333.333,2333.333,3500.0,1.228,1.228,3.131,3.131,1.621,1.616,2.559,2.578,17.293,4395.0,10092.0,0.0,10.0,
2026-07-08 07:16:00,55.0,0.000               ,552.383,200.0,1200.0,0.0,55.75,55.750              ,55.75,55.75,55.75,55.75,55.75,55.75,55.75,37.694,41.471,50.864,34.793,86.363,28.366,56.525,33.979,46.257,3450.0,3450.0,3450.0,3450.0,3500.0,3500.0,3500.0,3500.0,3500.0,2.159,2.159,2.213,2.213,3.726,3.781,2.453,2.489,20.754,4385.0,10200.0,0.0,11.0,
2026-07-08 07:16:01,57.0,16.000              ,556.977,200.0,933.0,0.0,57.0,57.000              ,57.0,57.0,57.0,57.0,57.0,57.0,57.0,18.281,6.83,11.103,84.461,22.702,17.345,12.258,10.564,22.943,2333.333,2333.333,3500.0,3500.0,2333.333,2333.333,2333.333,2333.333,3500.0,1.134,1.134,4.33,4.27,1.484,1.35,1.182,1.083,15.204,4474.0,10296.0,0.0,12.0,
2026-07-08 07:16:02,56.0,16.000              ,544.457,200.0,933.0,0.0,56.25,56.250              ,56.25,56.25,56.25,56.25,56.25,56.25,56.25,6.78,5.053,3.8,40.716,64.008,5.178,12.09,4.358,17.748,2333.333,2333.333,3500.0,3500.0,2333.333,2333.333,2333.333,2333.333,3500.0,0.847,0.847,1.815,1.836,2.543,2.549,0.631,0.651,13.151,4527.0,10362.0,0.0,13.0,
2026-07-08 07:16:03,56.0,0.000               ,588.859,200.0,1067.0,0.0,56.25,56.250              ,56.25,56.25,56.25,56.25,56.25,56.25,56.25,39.891,18.196,31.904,55.89,52.777,15.116,40.002,19.695,34.184,2333.333,2333.333,3500.0,3500.0,2333.333,2333.333,2333.333,2333.333,3500.0,1.721,1.721,2.776,2.778,2.599,2.599,2.317,2.319,18.505,4605.0,10457.0,0.0,14.0,
2026-07-08 07:16:04,56.0,24.000              ,589.02,200.0,933.0,0.0,56.625,56.625              ,56.625,56.625,56.625,56.625,56.625,56.625,56.625,46.935,31.631,52.293,23.167,31.398,15.846,62.685,10.724,34.335,3425.0,3425.0,3450.0,3450.0,1971.429,1971.429,1971.429,1971.429,3450.0,3.124,3.124,2.287,2.298,1.92,1.94,3.417,3.411,19.654,4598.0,10454.0,0.0,15.0,
2026-07-08 07:16:05,57.0,47.000              ,588.012,200.0,933.0,0.0,57.0,57.000              ,57.0,57.0,57.0,57.0,57.0,57.0,57.0,40.911,29.559,39.226,24.182,30.739,10.791,58.716,24.022,32.268,3500.0,3500.0,2333.333,2333.333,3500.0,3500.0,2333.333,2333.333,3500.0,2.585,2.585,1.887,1.887,1.6,1.563,4.301,4.367,19.15,4600.0,10446.0,0.0,16.0,
2026-07-08 07:16:06,57.0,45.000              ,619.332,200.0,1067.0,0.0,57.625,57.625              ,57.625,57.625,57.625,57.625,57.625,57.625,57.625,53.533,15.703,47.401,46.201,66.289,8.245,45.896,13.761,37.129,3500.0,3500.0,2333.333,2333.333,3500.0,3500.0,2333.333,2333.333,3500.0,2.017,2.017,3.643,3.629,3.276,3.276,2.166,2.1,21.157,4603.0,10524.0,49.53,17.0,20.19
2026-07-08 07:16:07,57.0,57.000              ,619.332,200.0,1067.0,0.0,58.0,58.000              ,58.0,58.0,58.0,58.0,58.0,58.0,58.0,41.265,13.654,34.126,36.529,58.023,10.602,55.957,33.102,35.407,2333.333,2333.333,3500.0,3500.0,3500.0,3500.0,2800.0,2800.0,3500.0,2.048,2.053,2.197,2.197,2.214,2.214,4.445,4.485,21.005,4597.0,10523.0,21.611,18.0,46.27
2026-07-08 07:16:08,58.0,69.000              ,640.918,200.0,933.0,0.0,58.25,58.250              ,58.25,58.25,58.25,58.25,58.25,58.25,58.25,42.885,18.524,33.026,48.485,27.522,34.216,52.071,13.571,33.788,3375.0,3375.0,2700.0,2700.0,2700.0,2700.0,3375.0,3375.0,3375.0,1.988,1.983,3.341,3.396,2.621,2.621,2.714,2.619,20.084,4603.0,10558.0,37.802,19.0,26.45
2026-07-08 07:16:09,58.0,57.000              ,640.918,200.0,933.0,0.0,58.75,58.750              ,58.75,58.75,58.75,58.75,58.75,58.75,58.75,43.828,37.234,43.405,25.96,33.229,40.222,51.945,16.087,36.489,3500.0,3500.0,2333.333,2333.333,2333.333,2333.333,3500.0,3500.0,3500.0,2.503,2.503,2.161,2.063,2.357,2.435,2.427,2.427,19.27,4632.0,10585.0,20.838,20.0,47.99
2026-07-08 07:16:10,58.0,23.000              ,640.945,200.0,933.0,0.0,58.0,58.000              ,58.0,58.0,58.0,58.0,58.0,58.0,58.0,13.978,20.377,30.792,10.623,21.682,9.296,20.021,3.019,16.223,3500.0,3500.0,2333.333,2333.333,2333.333,2333.333,2333.333,2333.333,3500.0,1.202,1.202,1.416,1.416,1.009,0.884,0.818,0.818,12.332,4643.0,10605.0,702.853,21.0,1.42
2026-07-08 07:16:11,56.0,28.000              ,634.391,200.0,933.0,0.0,56.5,56.500              ,56.5,56.5,56.5,56.5,56.5,56.5,56.5,13.921,9.674,37.71,14.815,17.063,4.05,21.125,2.424,15.098,2333.333,2333.333,3500.0,3500.0,2333.333,2333.333,2333.333,2333.333,3500.0,0.741,0.757,1.4,1.404,0.737,0.737,0.708,0.712,12.222,4643.0,10605.0,17.386,22.0,57.52
2026-07-08 07:16:12,56.0,57.000              ,634.391,200.0,933.0,0.0,56.25,56.250              ,56.25,56.25,56.25,56.25,56.25,56.25,56.25,18.088,14.951,53.206,18.239,20.487,5.002,15.502,3.877,18.669,2333.333,2333.333,3500.0,3500.0,2333.333,2333.333,2333.333,2333.333,3500.0,1.137,1.121,2.287,2.282,1.023,1.023,0.837,0.834,14.28,4634.0,10581.0,21.706,23.0,46.07
2026-07-08 07:16:13,57.0,47.000              ,634.363,200.0,933.0,0.0,57.0,57.000              ,57.0,57.0,57.0,57.0,57.0,57.0,57.0,37.616,27.8,62.24,33.249,44.217,24.001,37.092,25.016,36.404,2800.0,2800.0,3500.0,3500.0,2800.0,2800.0,2800.0,2800.0,3500.0,1.947,1.947,2.941,2.941,2.108,2.108,1.828,1.828,19.473,4672.0,10634.0,89.529,24.0,11.17
2026-07-08 07:16:14,57.0,46.000              ,627.293,200.0,1200.0,0.0,57.5,57.500              ,57.5,57.5,57.5,57.5,57.5,57.5,57.5,46.527,31.1,64.286,42.559,49.155,27.271,48.101,27.654,42.082,2333.333,2333.333,3500.0,3500.0,2333.333,2333.333,2333.333,2333.333,3500.0,1.843,1.843,2.875,2.886,1.937,1.937,1.94,1.926,19.052,4701.0,10754.0,21.146,25.0,47.29
2026-07-08 07:16:15,59.0,52.000              ,627.281,200.0,1200.0,0.0,59.0,59.000              ,59.0,59.0,59.0,59.0,59.0,59.0,59.0,63.271,45.165,61.767,71.817,66.115,45.11,71.265,49.173,59.21,2420.0,2420.0,2420.0,2800.0,2800.0,2800.0,3500.0,3500.0,3500.0,2.596,2.596,3.361,3.35,2.68,2.698,2.911,2.94,24.598,4863.0,10939.0,26.223,26.0,38.13
2026-07-08 07:16:16,60.0,53.000              ,627.293,200.0,1200.0,0.0,60.25,60.250              ,60.25,60.25,60.25,60.25,60.25,60.25,60.25,48.369,34.58,63.409,65.306,55.234,42.255,70.291,55.037,54.31,2680.0,2680.0,2680.0,2680.0,2680.0,2680.0,3350.0,3350.0,3350.0,1.816,1.816,2.9,2.904,2.368,2.35,3.123,3.13,22.592,4948.0,11060.0,23.465,27.0,42.62
2026-07-08 07:16:17,60.0,61.000              ,627.293,200.0,1200.0,0.0,60.75,60.750              ,60.75,60.75,60.75,60.75,60.75,60.75,60.75,45.579,29.349,60.43,48.246,54.554,45.621,60.146,32.43,47.044,2700.0,2700.0,3375.0,3375.0,2250.0,2250.0,2700.0,2700.0,3375.0,1.999,2.004,2.847,2.847,3.072,3.072,2.721,2.734,22.403,4975.0,11038.0,22.434,28.0,44.58
2026-07-08 07:16:18,61.0,62.000              ,606.734,200.0,1200.0,0.0,61.125,61.125              ,61.125,61.125,61.125,61.125,61.125,61.125,61.125,61.152,27.617,62.83,59.826,57.109,41.309,56.226,47.188,51.657,2760.0,2760.0,3450.0,3450.0,2760.0,2760.0,2760.0,2760.0,3450.0,2.197,2.192,2.772,2.768,2.428,2.428,2.528,2.529,21.883,4948.0,11031.0,18.927,29.0,52.83
2026-07-08 07:16:19,61.0,65.000              ,606.738,200.0,1200.0,0.0,61.0,61.000              ,61.0,61.0,61.0,61.0,61.0,61.0,61.0,54.749,35.939,69.389,51.055,55.23,46.996,59.541,50.87,52.971,2600.0,2600.0,3250.0,3250.0,2600.0,2600.0,2600.0,2600.0,3250.0,1.946,1.924,2.369,2.369,2.185,2.192,2.824,2.806,21.359,4966.0,11036.0,19.07,30.0,52.44
2026-07-08 07:16:20,61.0,66.000              ,606.738,200.0,1067.0,0.0,61.0,61.000              ,61.0,61.0,61.0,61.0,61.0,61.0,61.0,55.243,25.272,62.468,55.772,43.556,45.464,64.446,28.148,47.546,2600.0,2600.0,3250.0,3250.0,2600.0,2600.0,3250.0,3250.0,3250.0,1.973,1.973,2.611,2.611,2.213,2.207,2.471,2.467,20.885,5082.0,11170.0,18.1,31.0,55.25
2026-07-08 07:16:21,61.0,63.000              ,576.609,200.0,1200.0,0.0,61.0,61.000              ,61.0,61.0,61.0,61.0,61.0,61.0,61.0,44.763,24.915,53.028,48.422,52.554,33.766,57.549,56.261,46.407,2250.0,2250.0,2700.0,2700.0,2700.0,2700.0,3375.0,3375.0,3375.0,1.504,1.504,2.21,2.215,2.115,2.115,2.713,2.713,20.583,5179.0,11238.0,24.474,32.0,40.86
2026-07-08 07:16:22,60.0,61.000              ,576.613,200.0,1200.0,0.0,60.875,60.875              ,60.875,60.875,60.875,60.875,60.875,60.875,60.875,50.555,31.292,53.057,61.063,56.106,35.91,66.85,34.338,48.646,2600.0,2600.0,3250.0,3225.0,2580.0,2580.0,2580.0,2580.0,3250.0,1.619,1.619,2.245,2.243,2.144,2.144,2.101,2.101,20.171,5243.0,11272.0,22.315,33.0,44.81
2026-07-08 07:16:23,60.0,59.000              ,576.488,200.0,1200.0,0.0,60.75,60.750              ,60.75,60.75,60.75,60.75,60.75,60.75,60.75,47.329,32.51,54.028,64.745,66.352,29.474,49.458,46.999,48.862,2580.0,2580.0,2580.0,2580.0,2580.0,2580.0,3225.0,3225.0,3225.0,1.695,1.695,2.269,2.266,1.867,1.867,1.932,1.937,20.145,4977.0,11039.0,21.999,34.0,45.46
2026-07-08 07:16:24,61.0,59.000              ,576.484,200.0,1067.0,0.0,61.25,61.250              ,61.25,61.25,61.25,61.25,61.25,61.25,61.25,48.591,29.684,57.013,58.746,44.875,28.195,64.125,52.119,47.919,2540.0,2540.0,2540.0,2540.0,2540.0,2540.0,3175.0,3175.0,3175.0,1.631,1.639,2.385,2.389,1.729,1.729,2.687,2.683,19.788,5079.0,11114.0,17.884,35.0,55.92
2026-07-08 07:16:25,61.0,58.000              ,576.488,200.0,1067.0,0.0,61.25,61.250              ,61.25,61.25,61.25,61.25,61.25,61.25,61.25,47.558,28.377,71.32,41.177,56.396,44.886,59.031,29.985,47.341,2520.0,2520.0,3150.0,3150.0,2520.0,3075.0,3075.0,3075.0,3150.0,1.694,1.689,2.54,2.536,2.4,2.4,2.399,2.399,19.526,5139.0,11168.0,21.654,36.0,46.18
2026-07-08 07:16:26,61.0,59.000              ,576.488,200.0,1200.0,0.0,61.0,61.000              ,61.0,61.0,61.0,61.0,61.0,61.0,61.0,53.637,20.253,61.81,56.427,66.502,32.381,67.158,26.965,48.142,2520.0,2520.0,3150.0,3175.0,2540.0,2540.0,2540.0,2560.0,3175.0,1.556,1.554,2.365,2.365,2.103,2.103,2.083,2.083,19.219,5025.0,11045.0,18.104,37.0,55.24
2026-07-08 07:16:27,61.0,64.000              ,576.484,200.0,1067.0,0.0,61.0,61.000              ,61.0,61.0,61.0,61.0,61.0,61.0,61.0,60.587,22.797,59.364,56.68,57.348,31.941,65.497,24.137,47.294,2420.0,2420.0,3025.0,3025.0,2420.0,2420.0,2440.0,2440.0,3025.0,1.826,1.827,2.351,2.351,2.024,1.998,2.117,2.13,18.917,5059.0,11073.0,21.469,38.0,46.58
2026-07-08 07:16:28,60.0,65.000              ,576.488,200.0,1200.0,0.0,60.875,60.875              ,60.875,60.875,60.875,60.875,60.875,60.875,60.875,51.785,26.757,70.726,34.08,70.202,15.092,62.077,18.198,43.615,2380.0,2380.0,3075.0,3075.0,2460.0,2460.0,2460.0,2460.0,3075.0,1.523,1.519,2.496,2.496,2.048,2.076,1.826,1.813,18.633,5107.0,11123.0,25.65,39.0,38.99
2026-07-08 07:16:29,60.0,63.000              ,576.488,200.0,1067.0,0.0,60.875,60.875              ,60.875,60.875,60.875,60.875,60.875,60.875,60.875,48.899,22.019,52.45,53.817,53.881,21.984,54.975,35.725,42.969,2440.0,2440.0,2440.0,2440.0,2440.0,2440.0,3050.0,3050.0,3050.0,1.449,1.452,2.076,2.082,1.735,1.735,2.121,2.121,18.654,5210.0,11345.0,21.867,40.0,45.73
2026-07-08 07:16:30,60.0,62.000              ,576.484,200.0,1200.0,0.0,60.5,60.500              ,60.5,60.5,60.5,60.5,60.5,60.5,60.5,51.863,24.062,47.623,56.979,66.755,14.027,59.935,26.543,43.473,2400.0,2400.0,3000.0,3025.0,2420.0,2420.0,2440.0,2440.0,3025.0,1.445,1.442,1.978,1.972,1.813,1.813,1.671,1.671,18.03,5237.0,11374.0,22.197,41.0,45.05
2026-07-08 07:16:31,60.0,60.000              ,566.348,200.0,1200.0,0.0,60.5,60.500              ,60.5,60.5,60.5,60.5,60.5,60.5,60.5,47.204,28.439,51.586,59.478,65.074,25.331,75.666,19.591,46.546,2300.0,2300.0,2900.0,2900.0,2320.0,2320.0,2320.0,2320.0,2900.0,1.252,1.252,1.811,1.818,1.554,1.583,1.58,1.58,18.245,5265.0,11396.0,26.376,42.0,37.91
2026-07-08 07:16:32,60.0,60.000              ,566.348,200.0,1200.0,0.0,60.25,60.250              ,60.25,60.25,60.25,60.25,60.25,60.25,60.25,53.809,39.566,62.018,59.714,63.341,47.249,71.236,33.409,53.793,2180.0,2180.0,2725.0,2200.0,2775.0,2775.0,2220.0,2220.0,2775.0,1.239,1.239,1.624,1.623,1.451,1.411,1.584,1.587,17.527,5129.0,11416.0,18.068,43.0,55.35
2026-07-08 07:16:33,60.0,60.000              ,566.344,200.0,1200.0,0.0,60.25,60.250              ,60.25,60.25,60.25,60.25,60.25,60.25,60.25,46.086,26.492,77.613,45.304,56.88,41.739,68.025,22.83,48.121,2320.0,2320.0,2925.0,2925.0,2320.0,2320.0,2320.0,2320.0,2925.0,1.091,1.091,1.86,1.855,1.499,1.499,1.471,1.468,17.971,5141.0,11443.0,18.048,44.0,55.41
2026-07-08 07:16:34,60.0,61.000              ,566.348,200.0,1200.0,0.0,60.25,60.250              ,60.25,60.25,60.25,60.25,60.25,60.25,60.25,50.811,20.308,49.6,57.299,62.741,28.763,77.166,15.725,45.302,2280.0,2280.0,2280.0,2280.0,2850.0,2850.0,2280.0,2280.0,2850.0,1.142,1.143,1.569,1.571,1.436,1.436,1.49,1.49,17.535,5142.0,11452.0,18.202,45.0,54.94
2026-07-08 07:16:35,60.0,64.000              ,566.348,200.0,1200.0,0.0,60.25,60.250              ,60.25,60.25,60.25,60.25,60.25,60.25,60.25,44.511,25.95,67.801,48.319,60.264,36.383,76.854,20.392,47.559,2220.0,2220.0,2775.0,2800.0,2240.0,2240.0,2240.0,2240.0,2800.0,1.068,1.067,1.603,1.604,1.329,1.329,1.488,1.464,17.04,5182.0,11486.0,17.582,46.0,56.88
2026-07-08 07:16:36,60.0,65.000              ,566.344,200.0,1200.0,0.0,60.25,60.250              ,60.25,60.25,60.25,60.25,60.25,60.25,60.25,65.722,19.959,72.354,56.044,39.966,35.119,56.212,28.515,46.736,2260.0,2260.0,2850.0,2825.0,2260.0,2260.0,2260.0,2260.0,2850.0,1.241,1.244,1.796,1.794,1.049,1.064,1.255,1.275,17.409,5236.0,11507.0,17.505,47.0,57.13
2026-07-08 07:16:37,60.0,66.000              ,566.348,200.0,1200.0,0.0,60.25,60.250              ,60.25,60.25,60.25,60.25,60.25,60.25,60.25,52.919,24.628,69.634,59.569,49.277,40.559,64.452,31.079,49.015,2180.0,2180.0,2725.0,2725.0,2180.0,2180.0,2200.0,2200.0,2725.0,1.068,1.065,1.612,1.609,1.221,1.208,1.392,1.394,17.241,5232.0,11527.0,17.487,48.0,57.19
2026-07-08 07:16:38,60.0,65.000              ,566.348,200.0,1200.0,0.0,60.25,60.250              ,60.25,60.25,60.25,60.25,60.25,60.25,60.25,56.57,26.97,58.262,57.503,61.374,31.596,67.91,28.453,48.58,2220.0,2220.0,2775.0,2775.0,2240.0,2240.0,2220.0,2220.0,2775.0,1.156,1.158,1.53,1.533,1.284,1.284,1.329,1.326,17.159,5268.0,11557.0,18.001,49.0,55.55
2026-07-08 07:16:39,60.0,66.000              ,566.344,200.0,1200.0,0.0,60.125,60.125              ,60.125,60.125,60.125,60.125,60.125,60.125,60.125,62.09,41.181,79.265,64.538,57.921,50.577,71.791,38.894,58.282,2200.0,2200.0,2750.0,2750.0,2200.0,2200.0,2200.0,2200.0,2750.0,1.123,1.126,1.594,1.591,1.158,1.158,1.232,1.232,16.9,5299.0,11601.0,18.591,50.0,53.79
2026-07-08 07:16:40,60.0,68.000              ,566.348,200.0,1200.0,0.0,60.0,60.000              ,60.0,60.0,60.0,60.0,60.0,60.0,60.0,60.722,39.715,61.104,71.036,62.972,53.536,65.911,49.038,58.004,2140.0,2140.0,2675.0,2700.0,2160.0,2160.0,2160.0,2160.0,2700.0,1.079,1.074,1.349,1.354,1.302,1.281,1.348,1.348,16.848,5359.0,11639.0,30.393,51.0,32.9
2026-07-08 07:16:41,60.0,66.000              ,566.098,200.0,1200.0,0.0,60.0,60.000              ,60.0,60.0,60.0,60.0,60.0,60.0,60.0,62.35,29.667,68.602,58.397,54.061,48.039,57.617,67.184,55.74,2180.0,2180.0,2725.0,2700.0,2675.0,2675.0,2140.0,2120.0,2725.0,1.052,1.052,1.342,1.337,1.145,1.201,1.343,1.346,16.75,5369.0,11681.0,18.149,52.0,55.1
2026-07-08 07:16:42,60.0,64.000              ,566.094,200.0,1200.0,0.0,60.0,60.000              ,60.0,60.0,60.0,60.0,60.0,60.0,60.0,78.311,70.653,77.215,82.937,72.02,75.127,75.686,74.075,75.753,1960.0,1960.0,1960.0,1960.0,2450.0,2450.0,1960.0,1960.0,2450.0,1.196,1.198,1.345,1.347,1.246,1.215,1.238,1.237,16.839,5282.0,11712.0,17.839,53.0,56.06
2026-07-08 07:16:43,59.0,67.000              ,566.098,200.0,1200.0,0.0,59.75,59.750              ,59.75,59.75,59.75,59.75,59.75,59.75,59.75,65.077,46.961,74.322,68.375,61.024,55.585,63.669,69.828,63.105,1780.0,2225.0,2225.0,2225.0,1780.0,1780.0,2225.0,2250.0,2250.0,0.982,0.98,1.223,1.223,1.048,1.04,1.238,1.239,16.123,5140.0,11736.0,17.862,54.0,55.98
2026-07-08 07:16:44,59.0,67.000              ,566.098,200.0,1200.0,0.0,59.75,59.750              ,59.75,59.75,59.75,59.75,59.75,59.75,59.75,55.525,17.303,48.203,48.19,47.522,31.115,72.093,32.023,43.997,2220.0,2220.0,2220.0,2220.0,2220.0,2220.0,2775.0,2775.0,2775.0,0.959,0.962,1.168,1.166,1.113,1.113,1.552,1.549,16.461,5216.0,11773.0,29.922,55.0,33.42
2026-07-08 07:16:45,59.0,64.000              ,566.094,200.0,1200.0,0.0,59.75,59.750              ,59.75,59.75,59.75,59.75,59.75,59.75,59.75,46.669,23.645,49.704,53.452,50.921,32.23,69.397,31.251,44.659,2160.0,2160.0,2160.0,2160.0,2160.0,2160.0,2700.0,2725.0,2725.0,0.979,0.976,1.307,1.312,1.134,1.144,1.417,1.417,16.468,5253.0,11818.0,17.86,56.0,55.99
2026-07-08 07:16:46,59.0,61.000              ,566.098,200.0,1200.0,0.0,59.75,59.750              ,59.75,59.75,59.75,59.75,59.75,59.75,59.75,44.876,25.298,58.211,61.571,52.657,32.977,56.194,41.779,46.695,2160.0,2160.0,2160.0,2160.0,2160.0,2160.0,2725.0,2725.0,2725.0,0.895,0.918,1.469,1.464,1.126,1.117,1.291,1.291,16.312,5285.0,11867.0,17.746,57.0,56.35
2026-07-08 07:16:47,59.0,60.000              ,566.098,200.0,1200.0,0.0,59.75,59.750              ,59.75,59.75,59.75,59.75,59.75,59.75,59.75,45.863,30.546,58.223,58.668,48.689,45.567,58.83,46.242,49.079,2080.0,2080.0,2080.0,2625.0,2100.0,2100.0,2100.0,2120.0,2625.0,0.954,0.932,1.355,1.36,1.165,1.166,1.295,1.295,15.999,5329.0,11886.0,18.774,58.0,53.27
2026-07-08 07:16:48,59.0,61.000              ,566.094,200.0,1200.0,0.0,59.5,59.500              ,59.5,59.5,59.5,59.5,59.5,59.5,59.5,63.805,48.563,65.624,70.921,55.343,55.958,64.818,70.501,61.942,1960.0,1960.0,2450.0,2450.0,2450.0,2450.0,2450.0,2425.0,2450.0,1.017,1.001,1.218,1.263,1.099,1.093,1.389,1.389,16.374,5323.0,11907.0,18.015,59.0,55.51
2026-07-08 07:16:49,59.0,62.000              ,566.098,200.0,1200.0,0.0,59.5,59.500              ,59.5,59.5,59.5,59.5,59.5,59.5,59.5,48.833,26.075,62.022,53.233,57.738,34.803,67.298,56.132,50.767,2120.0,2120.0,2675.0,2675.0,2120.0,2140.0,2140.0,2160.0,2675.0,0.886,0.9,1.246,1.198,1.092,1.092,1.53,1.53,15.922,5349.0,11949.0,18.573,60.0,53.84
2026-07-08 07:16:50,59.0,64.000              ,566.098,200.0,1200.0,0.0,59.5,59.500              ,59.5,59.5,59.5,59.5,59.5,59.5,59.5,51.597,36.62,68.872,65.084,48.243,42.363,70.285,49.878,54.118,1960.0,1960.0,1960.0,1960.0,1960.0,1960.0,2450.0,2450.0,2450.0,0.943,0.943,1.255,1.25,0.952,0.952,1.319,1.319,15.982,5260.0,11974.0,17.741,61.0,56.37
2026-07-08 07:16:51,59.0,66.000              ,565.844,200.0,1200.0,0.0,59.5,59.500              ,59.5,59.5,59.5,59.5,59.5,59.5,59.5,50.513,27.248,66.05,57.268,57.44,29.202,53.34,43.653,48.089,2060.0,2060.0,2575.0,2575.0,2040.0,2040.0,2525.0,2040.0,2575.0,0.933,0.935,1.329,1.329,1.0,0.997,1.191,1.191,15.983,5294.0,11991.0,18.114,62.0,55.21
2026-07-08 07:16:52,59.0,66.000              ,565.848,200.0,1200.0,0.0,59.375,59.375              ,59.375,59.375,59.375,59.375,59.375,59.375,59.375,48.851,33.957,60.771,53.764,44.339,46.038,51.61,48.483,48.476,2040.0,2040.0,2040.0,2040.0,2040.0,2040.0,2550.0,2550.0,2550.0,0.979,0.978,1.261,1.261,1.015,1.019,1.145,1.145,15.839,5306.0,12009.0,17.866,63.0,55.97
2026-07-08 07:16:53,59.0,65.000              ,565.848,200.0,1200.0,0.0,59.25,59.250              ,59.25,59.25,59.25,59.25,59.25,59.25,59.25,44.885,24.483,66.151,55.603,67.138,31.785,42.424,57.837,48.788,2000.0,2000.0,2500.0,2500.0,2020.0,2020.0,2020.0,2000.0,2500.0,0.817,0.816,1.289,1.291,1.092,1.095,1.203,1.203,15.92,5310.0,12009.0,17.522,64.0,57.07
2026-07-08 07:16:54,59.0,64.000              ,565.844,200.0,1200.0,0.0,59.25,59.250              ,59.25,59.25,59.25,59.25,59.25,59.25,59.25,54.12,27.072,57.183,55.639,53.907,38.684,45.804,56.946,48.669,2060.0,2060.0,2060.0,2060.0,2575.0,2575.0,2550.0,2550.0,2575.0,0.939,0.939,1.17,1.168,1.021,1.023,1.195,1.197,15.812,5329.0,12034.0,18.449,65.0,54.2
2026-07-08 07:16:55,59.0,65.000              ,565.848,200.0,1200.0,0.0,59.25,59.250              ,59.25,59.25,59.25,59.25,59.25,59.25,59.25,39.759,27.386,70.925,61.046,59.569,40.476,56.118,37.667,49.118,1980.0,1980.0,2475.0,2475.0,2475.0,2475.0,1980.0,1980.0,2475.0,0.795,0.814,1.378,1.38,1.09,1.086,1.083,1.084,15.853,5370.0,12055.0,17.64,66.0,56.69
2026-07-08 07:16:56,59.0,66.000              ,565.848,200.0,1200.0,0.0,59.25,59.250              ,59.25,59.25,59.25,59.25,59.25,59.25,59.25,39.861,25.56,71.01,50.583,63.166,31.934,47.716,57.244,48.384,2020.0,2020.0,2550.0,2550.0,2040.0,2040.0,2040.0,2040.0,2550.0,0.773,0.752,1.212,1.213,1.077,1.077,1.248,1.245,15.572,5371.0,12073.0,17.771,67.0,56.27
2026-07-08 07:16:57,59.0,66.000              ,565.844,200.0,1200.0,0.0,59.125,59.125              ,59.125,59.125,59.125,59.125,59.125,59.125,59.125,51.968,25.473,66.884,54.857,55.551,35.502,70.618,28.485,48.667,2000.0,2000.0,2475.0,2475.0,1980.0,1980.0,2000.0,2000.0,2475.0,0.888,0.876,1.315,1.313,1.013,1.013,1.169,1.169,15.651,5385.0,12079.0,18.307,68.0,54.62
2026-07-08 07:16:58,59.0,66.000              ,565.848,200.0,1200.0,0.0,59.0,59.000              ,59.0,59.0,59.0,59.0,59.0,59.0,59.0,52.361,26.811,62.292,53.398,52.691,40.831,68.164,25.661,47.776,2020.0,2020.0,2525.0,2525.0,2550.0,2550.0,2040.0,2040.0,2550.0,0.921,0.934,1.247,1.247,1.028,1.025,1.059,1.059,15.589,5391.0,12102.0,17.914,69.0,55.82
2026-07-08 07:16:59,59.0,66.000              ,565.848,200.0,1200.0,0.0,59.0,59.000              ,59.0,59.0,59.0,59.0,59.0,59.0,59.0,58.877,26.252,58.635,53.176,59.433,37.007,70.747,20.769,48.112,1940.0,1940.0,2450.0,2450.0,1960.0,1960.0,1960.0,1960.0,2450.0,0.95,0.95,1.198,1.198,1.02,1.025,1.072,1.072,15.657,5428.0,12123.0,17.906,70.0,55.85
2026-07-08 07:17:00,59.0,65.000              ,565.844,200.0,1200.0,0.0,59.0,59.000              ,59.0,59.0,59.0,59.0,59.0,59.0,59.0,48.831,31.549,65.0,50.483,64.052,30.333,58.394,44.205,49.106,1980.0,1980.0,1980.0,1980.0,2475.0,2475.0,2000.0,2000.0,2475.0,0.869,0.869,1.206,1.206,1.05,1.042,1.065,1.065,15.434,5432.0,12126.0,25.293,71.0,39.54
2026-07-08 07:17:01,59.0,64.000              ,565.598,200.0,1200.0,0.0,59.0,59.000              ,59.0,59.0,59.0,59.0,59.0,59.0,59.0,43.912,25.607,50.118,52.499,52.097,32.317,73.182,26.787,44.565,2000.0,2000.0,1980.0,1980.0,1980.0,1980.0,2475.0,2475.0,2475.0,0.933,0.933,1.295,1.295,1.193,1.228,1.48,1.48,15.669,5498.0,12191.0,17.973,72.0,55.64
2026-07-08 07:17:02,58.0,64.000              ,565.598,200.0,1200.0,0.0,58.875,58.875              ,58.875,58.875,58.875,58.875,58.875,58.875,58.875,51.43,28.392,58.154,55.651,66.37,31.038,69.618,21.196,47.731,1980.0,1980.0,1980.0,1980.0,2475.0,2475.0,2000.0,2000.0,2475.0,0.912,0.912,1.218,1.22,1.161,1.125,1.037,1.037,15.352,5571.0,12292.0,17.942,73.0,55.74
2026-07-08 07:17:04,58.0,62.000              ,565.598,200.0,1200.0,0.0,58.875,58.875              ,58.875,58.875,58.875,58.875,58.875,58.875,58.875,59.766,34.586,71.038,52.575,63.146,39.087,39.476,83.845,55.44,1900.0,1900.0,2375.0,2350.0,2350.0,2350.0,2350.0,2450.0,2450.0,0.901,0.901,1.149,1.15,1.068,1.068,1.201,1.207,15.602,5547.0,12362.0,25.387,75.0,39.39
2026-07-08 07:17:04,59.0,60.000              ,565.598,200.0,933.0,0.0,59.125,59.125              ,59.125,59.125,59.125,59.125,59.125,59.125,59.125,54.168,29.864,58.367,50.593,71.512,31.739,59.793,43.36,49.925,1900.0,1900.0,2350.0,2350.0,2350.0,2350.0,2375.0,2375.0,2375.0,0.844,0.844,1.154,1.155,1.255,1.288,1.349,1.376,14.848,5556.0,12384.0,17.539,75.0,57.02
2026-07-08 07:17:05,59.0,60.000              ,565.598,200.0,1067.0,0.0,59.625,59.625              ,59.625,59.625,59.625,59.625,59.625,59.625,59.625,41.79,34.508,56.098,27.104,36.309,42.625,73.636,35.633,43.463,2200.0,2180.0,1816.667,1816.667,2725.0,2725.0,2180.0,2180.0,2725.0,1.101,1.101,1.362,1.359,1.381,1.365,1.88,1.876,15.342,5581.0,12407.0,25.97,76.0,38.51
2026-07-08 07:17:07,59.0,60.000              ,565.598,200.0,1067.0,0.0,59.875,59.875              ,59.875,59.875,59.875,59.875,59.875,59.875,59.875,37.332,24.009,60.491,53.696,46.623,19.141,28.176,64.758,41.778,1933.333,1933.333,2900.0,2900.0,2320.0,2320.0,2320.0,2320.0,2900.0,1.05,1.05,1.959,1.959,1.252,1.258,1.662,1.662,15.6,5484.0,12479.0,22.734,78.0,43.99
2026-07-08 07:17:07,59.0,60.000              ,565.598,200.0,1067.0,0.0,59.25,59.250              ,59.25,59.25,59.25,59.25,59.25,59.25,59.25,71.987,63.972,75.387,82.975,82.078,78.204,88.042,68.009,76.332,1760.0,1760.0,2200.0,2200.0,1760.0,1760.0,1760.0,1760.0,2200.0,0.997,0.998,1.267,1.267,1.263,1.254,1.226,1.228,16.171,5380.0,12506.0,17.715,78.0,56.45
2026-07-08 07:17:08,58.0,60.000              ,565.598,200.0,1200.0,0.0,58.75,58.750              ,58.75,58.75,58.75,58.75,58.75,58.75,58.75,64.485,54.698,62.451,76.571,71.529,44.374,68.62,70.924,64.207,1816.667,1816.667,1816.667,1816.667,1816.667,1816.667,2180.0,2180.0,2180.0,0.94,0.94,1.13,1.132,0.997,0.999,1.292,1.291,15.132,5375.0,12544.0,17.822,79.0,56.11
2026-07-08 07:17:09,58.0,59.000              ,565.598,200.0,1067.0,0.0,58.75,58.750              ,58.75,58.75,58.75,58.75,58.75,58.75,58.75,59.779,55.413,63.814,63.913,62.766,49.28,62.228,79.727,62.115,1920.0,1920.0,1920.0,1920.0,1920.0,1920.0,2400.0,2400.0,2400.0,0.953,0.951,1.059,1.057,0.968,0.966,1.333,1.335,15.121,5397.0,12585.0,26.765,80.0,37.36
2026-07-08 07:17:10,58.0,58.000              ,565.598,200.0,1200.0,0.0,58.625,58.625              ,58.625,58.625,58.625,58.625,58.625,58.625,58.625,63.001,56.217,53.886,75.133,64.931,52.19,66.383,73.503,63.155,1900.0,1900.0,1900.0,1900.0,1900.0,1900.0,2375.0,2375.0,2375.0,0.955,0.957,1.097,1.082,0.991,0.993,1.306,1.303,15.243,5409.0,12623.0,26.597,81.0,37.6
2026-07-08 07:17:11,58.0,59.000              ,565.598,200.0,1200.0,0.0,58.625,58.625              ,58.625,58.625,58.625,58.625,58.625,58.625,58.625,56.894,67.282,60.402,74.478,57.5,40.277,56.009,55.818,58.582,1880.0,1880.0,2325.0,2325.0,1860.0,1860.0,1860.0,1860.0,2325.0,1.064,1.056,1.242,1.261,0.979,0.977,1.165,1.165,15.468,5190.0,12667.0,23.067,82.0,43.35
2026-07-08 07:17:12,59.0,58.000              ,565.598,200.0,1067.0,0.0,59.0,59.000              ,59.0,59.0,59.0,59.0,59.0,59.0,59.0,48.966,26.589,51.877,54.932,59.638,21.273,53.809,60.72,47.226,2080.0,2080.0,2600.0,2600.0,2080.0,2080.0,2600.0,2600.0,2600.0,1.043,1.05,1.524,1.521,1.248,1.248,1.801,1.804,14.778,5235.0,12715.0,17.945,83.0,55.73
2026-07-08 07:17:13,58.0,58.000              ,565.598,200.0,1200.0,0.0,58.75,58.750              ,58.75,58.75,58.75,58.75,58.75,58.75,58.75,38.99,33.505,58.503,59.549,53.907,31.503,49.196,58.561,47.964,2060.0,2060.0,2060.0,2060.0,2060.0,2060.0,2575.0,2575.0,2575.0,0.952,0.952,1.346,1.352,1.144,1.144,1.528,1.525,15.462,5331.0,12795.0,21.344,84.0,46.85
2026-07-08 07:17:14,58.0,59.000              ,565.598,200.0,1200.0,0.0,58.625,58.625              ,58.625,58.625,58.625,58.625,58.625,58.625,58.625,47.03,39.121,64.281,55.337,41.09,58.311,55.112,48.282,51.07,2020.0,2020.0,2020.0,2020.0,2020.0,2020.0,2525.0,2525.0,2525.0,0.947,0.938,1.281,1.275,1.165,1.165,1.293,1.293,15.294,5410.0,12886.0,24.415,85.0,40.96
2026-07-08 07:17:15,58.0,58.000              ,565.598,200.0,1200.0,0.0,58.5,58.500              ,58.5,58.5,58.5,58.5,58.5,58.5,58.5,48.195,44.216,68.25,56.336,72.859,43.194,75.108,61.792,58.744,1820.0,1820.0,2275.0,2275.0,2300.0,2300.0,2300.0,2300.0,2300.0,0.867,0.874,1.161,1.161,1.072,1.073,1.274,1.274,14.966,5158.0,12964.0,17.859,86.0,55.99
2026-07-08 07:17:16,58.0,62.000              ,565.598,200.0,1200.0,0.0,58.375,58.375              ,58.375,58.375,58.375,58.375,58.375,58.375,58.375,49.783,34.623,65.329,57.332,51.859,40.354,50.309,55.841,50.679,2040.0,2040.0,2550.0,2550.0,2040.0,2040.0,2040.0,2040.0,2550.0,0.915,0.915,1.238,1.238,0.961,0.96,1.094,1.094,15.427,5206.0,13004.0,19.845,87.0,50.39
2026-07-08 07:17:17,58.0,64.000              ,565.598,200.0,933.0,0.0,58.25,58.250              ,58.25,58.25,58.25,58.25,58.25,58.25,58.25,36.769,24.455,56.158,51.683,49.65,38.239,63.524,50.022,46.313,1980.0,1980.0,1980.0,1980.0,2475.0,2475.0,1980.0,1980.0,2475.0,0.759,0.759,1.002,1.002,1.018,1.018,1.483,1.483,15.043,5243.0,13046.0,17.679,88.0,56.56
2026-07-08 07:17:18,58.0,64.000              ,565.598,200.0,1200.0,0.0,58.375,58.375              ,58.375,58.375,58.375,58.375,58.375,58.375,58.375,37.65,22.527,53.931,29.582,45.66,18.629,42.08,19.677,33.717,2220.0,2220.0,2220.0,2220.0,2220.0,2220.0,2775.0,2775.0,2775.0,0.945,0.945,1.25,1.25,1.045,1.045,1.075,1.075,15.234,5246.0,13046.0,26.304,89.0,38.02
2026-07-08 07:17:19,58.0,63.000              ,565.598,200.0,933.0,0.0,58.625,58.625              ,58.625,58.625,58.625,58.625,58.625,58.625,58.625,26.486,11.531,51.794,18.191,29.026,6.848,28.195,4.429,22.063,2400.0,2400.0,3000.0,3000.0,2400.0,2400.0,2400.0,2400.0,3000.0,1.079,1.079,1.956,1.956,1.048,1.048,0.99,0.99,14.746,5255.0,13047.0,23.188,90.0,43.13
2026-07-08 07:17:20,58.0,61.000              ,566.598,200.0,1200.0,0.0,58.75,58.750              ,58.75,58.75,58.75,58.75,58.75,58.75,58.75,22.841,15.056,41.841,20.857,40.45,7.658,38.732,6.819,24.282,2660.0,2580.0,3225.0,3225.0,2580.0,2580.0,2580.0,2580.0,3225.0,1.17,1.17,1.719,1.728,1.414,1.414,1.374,1.374,14.995,5193.0,12966.0,61.535,91.0,16.25
2026-07-08 07:17:21,59.0,32.000              ,565.449,200.0,933.0,0.0,59.875,59.875              ,59.875,59.875,59.875,59.875,59.875,59.875,59.875,22.72,6.812,12.943,75.106,38.841,8.948,23.647,8.957,24.747,2540.0,2540.0,2540.0,2540.0,3150.0,3150.0,2520.0,2520.0,3150.0,0.996,0.996,3.453,3.46,1.603,1.603,1.086,1.086,14.928,5185.0,12943.0,0.0,92.0,
2026-07-08 07:17:22,60.0,2.000               ,565.449,200.0,933.0,0.0,60.625,60.625              ,60.625,60.625,60.625,60.625,60.625,60.625,60.625,9.744,6.949,7.263,80.274,26.099,5.216,18.843,4.756,19.893,2333.333,2333.333,3500.0,3500.0,2333.333,2333.333,2333.333,2333.333,3500.0,0.9,0.938,4.422,4.448,1.358,1.358,1.008,1.008,14.843,5164.0,12920.0,2290.191,93.0,0.44
2026-07-08 07:17:23,62.0,3.000               ,566.453,200.0,933.0,0.0,62.0,62.000              ,62.0,62.0,62.0,62.0,62.0,62.0,62.0,12.656,5.307,10.464,89.156,20.331,4.686,14.796,2.819,20.027,2333.333,2333.333,3500.0,3500.0,2333.333,2333.333,2333.333,2333.333,3500.0,1.129,1.091,5.224,5.14,1.061,1.061,0.903,0.903,15.236,5169.0,12929.0,0.0,94.0,
2026-07-08 07:17:24,62.0,3.000               ,566.453,200.0,933.0,0.0,62.25,62.250              ,62.25,62.25,62.25,62.25,62.25,62.25,62.25,13.247,11.413,6.371,83.02,15.656,2.159,16.739,5.7,19.288,2660.0,2660.0,2660.0,2660.0,2660.0,2660.0,3400.0,3400.0,3400.0,1.133,1.133,4.736,4.764,0.929,0.929,1.001,1.001,14.813,5199.0,12961.0,0.0,95.0,
2026-07-08 07:17:25,62.0,0.000               ,566.453,200.0,933.0,0.0,62.625,62.625              ,62.625,62.625,62.625,62.625,62.625,62.625,62.625,25.998,3.268,7.95,72.781,24.528,4.223,13.653,3.81,19.526,2333.333,2333.333,3500.0,3500.0,2333.333,2333.333,2333.333,2333.333,3500.0,1.531,1.531,4.013,4.029,1.109,1.109,0.887,0.887,14.982,5255.0,13016.0,0.0,96.0,
2026-07-08 07:17:26,61.0,0.000               ,561.137,200.0,933.0,0.0,61.5,61.500              ,61.5,61.5,61.5,61.5,61.5,61.5,61.5,9.136,13.919,19.646,22.119,51.242,5.415,25.567,3.549,18.824,3500.0,3500.0,2333.333,2333.333,2333.333,2333.333,2333.333,2333.333,3500.0,1.01,1.01,1.477,1.375,2.268,2.268,1.172,1.172,13.824,5327.0,13030.0,3211.889,97.0,0.31
2026-07-08 07:17:27,60.0,0.000               ,561.137,200.0,933.0,0.0,60.875,60.875              ,60.875,60.875,60.875,60.875,60.875,60.875,60.875,15.812,3.076,16.109,29.206,56.099,5.6,23.88,7.489,19.659,2333.333,2333.333,2333.333,2333.333,3500.0,3500.0,2333.333,2333.333,3500.0,0.947,0.947,1.719,1.725,2.274,2.274,1.229,1.229,13.816,5322.0,13078.0,0.0,98.0,
2026-07-08 07:17:28,60.0,0.000               ,561.137,200.0,933.0,0.0,60.5,60.500              ,60.5,60.5,60.5,60.5,60.5,60.5,60.5,15.223,13.141,25.631,41.429,55.215,9.952,40.277,8.334,26.15,2333.333,2333.333,3500.0,3500.0,2800.0,2800.0,3175.0,3175.0,3500.0,1.065,1.065,2.179,2.152,2.12,2.12,1.511,1.511,15.172,5310.0,13126.0,0.0,99.0,
2026-07-08 07:17:29,60.0,0.000               ,561.137,200.0,933.0,0.0,60.5,60.500              ,60.5,60.5,60.5,60.5,60.5,60.5,60.5,11.046,4.064,15.601,67.4,31.943,4.49,22.775,5.29,20.326,2333.333,2333.333,3500.0,3500.0,2800.0,2800.0,2800.0,2800.0,3500.0,0.838,0.843,3.046,3.087,1.676,1.676,1.381,1.381,14.658,5337.0,13172.0,0.0,100.0,
2026-07-08 07:17:30,60.0,0.000               ,561.137,200.0,933.0,0.0,60.375,60.375              ,60.375,60.375,60.375,60.375,60.375,60.375,60.375,27.754,33.231,28.957,60.743,66.303,21.015,53.55,17.682,38.654,2800.0,2800.0,2800.0,2800.0,3500.0,3500.0,2800.0,2800.0,3500.0,1.405,1.4,2.241,2.237,1.99,1.99,1.545,1.545,16.032,5230.0,13216.0,0.0,101.0,
2026-07-08 07:17:31,60.0,0.000               ,561.137,200.0,933.0,0.0,60.375,60.375              ,60.375,60.375,60.375,60.375,60.375,60.375,60.375,10.416,6.81,14.508,50.58,50.118,6.497,17.982,10.036,20.868,2620.0,2620.0,2620.0,2620.0,2620.0,2620.0,3275.0,3300.0,3300.0,0.843,1.023,2.355,2.359,1.823,1.823,1.067,1.068,14.018,5164.0,13263.0,0.0,102.0,
2026-07-08 07:17:32,60.0,0.000               ,561.137,200.0,933.0,0.0,60.5,60.500              ,60.5,60.5,60.5,60.5,60.5,60.5,60.5,7.274,14.235,17.076,44.35,50.614,6.873,25.953,3.75,21.266,2333.333,2333.333,3500.0,3500.0,2333.333,2333.333,2333.333,2333.333,3500.0,0.971,0.769,1.987,1.982,2.072,2.072,1.121,1.119,13.542,5251.0,13322.0,0.0,103.0,
2026-07-08 07:17:33,60.0,0.000               ,561.137,200.0,933.0,0.0,60.125,60.125              ,60.125,60.125,60.125,60.125,60.125,60.125,60.125,15.551,4.424,19.74,25.677,60.341,5.643,31.521,4.337,20.904,2800.0,2800.0,2800.0,2800.0,3500.0,3500.0,2333.333,2333.333,3500.0,0.937,0.937,1.506,1.506,2.387,2.387,1.206,1.206,13.62,5311.0,13388.0,0.0,104.0,
2026-07-08 07:17:34,60.0,0.000               ,561.137,200.0,933.0,0.0,60.0,60.000              ,60.0,60.0,60.0,60.0,60.0,60.0,60.0,11.673,2.811,17.105,31.806,58.77,6.914,24.563,1.474,19.39,2333.333,2333.333,2333.333,2333.333,3500.0,3500.0,2333.333,2333.333,3500.0,0.91,0.91,1.77,1.77,2.387,2.387,1.157,1.157,13.754,5355.0,13442.0,0.0,105.0,
2026-07-08 07:17:35,60.0,0.000               ,561.137,200.0,933.0,0.0,60.25,60.250              ,60.25,60.25,60.25,60.25,60.25,60.25,60.25,15.315,7.811,12.958,60.729,45.844,7.79,23.37,4.543,22.295,2333.333,2333.333,3500.0,3500.0,2800.0,2800.0,2333.333,2333.333,3500.0,0.869,0.869,2.666,2.666,1.754,2.03,1.14,1.14,14.47,5368.0,13504.0,0.0,106.0,
2026-07-08 07:17:36,60.0,0.000               ,561.137,200.0,933.0,0.0,60.125,60.125              ,60.125,60.125,60.125,60.125,60.125,60.125,60.125,37.418,27.324,30.11,65.567,41.926,38.079,48.163,17.186,38.222,2800.0,2800.0,2800.0,2800.0,3500.0,3500.0,2800.0,2800.0,3500.0,1.452,1.452,2.464,2.464,2.079,1.883,1.551,1.551,16.439,5328.0,13554.0,0.0,107.0,
2026-07-08 07:17:37,60.0,0.000               ,561.137,200.0,1200.0,0.0,60.5,60.500              ,60.5,60.5,60.5,60.5,60.5,60.5,60.5,17.547,13.333,17.272,70.033,35.7,16.585,28.345,7.743,25.82,2333.333,2333.333,3500.0,3500.0,2333.333,2333.333,2333.333,2333.333,3500.0,1.373,1.373,3.321,3.306,1.815,1.715,1.5,1.5,16.022,5401.0,13617.0,0.0,108.0,
2026-07-08 07:17:39,60.0,0.000               ,561.137,200.0,933.0,0.0,60.0,60.000              ,60.0,60.0,60.0,60.0,60.0,60.0,60.0,22.893,8.168,30.09,24.406,70.701,6.269,45.744,6.018,26.786,2540.0,2540.0,2540.0,2540.0,2540.0,2540.0,3175.0,3175.0,3175.0,0.973,0.973,2.11,2.107,2.135,2.135,1.681,1.681,15.764,5480.0,13709.0,0.0,110.0,
2026-07-08 07:17:39,60.0,0.000               ,561.137,200.0,1200.0,0.0,59.875,59.875              ,59.875,59.875,59.875,59.875,59.875,59.875,59.875,53.935,35.352,71.549,35.1,61.433,24.059,60.402,20.855,45.336,2420.0,2420.0,2420.0,2950.0,2360.0,2360.0,2360.0,2360.0,2950.0,1.764,1.764,1.709,1.709,1.83,1.83,1.47,1.47,15.985,5357.0,13736.0,0.0,110.0,
2026-07-08 07:17:40,60.0,0.000               ,561.137,200.0,933.0,0.0,60.0,60.000              ,60.0,60.0,60.0,60.0,60.0,60.0,60.0,17.812,13.936,16.968,74.638,47.568,10.21,30.587,8.742,27.558,2300.0,2300.0,2875.0,2875.0,2300.0,2300.0,2300.0,2300.0,2875.0,0.858,0.858,2.744,2.749,1.367,1.367,1.151,1.151,14.221,5399.0,13781.0,0.0,111.0,
2026-07-08 07:17:41,60.0,0.000               ,561.137,200.0,933.0,0.0,60.0,60.000              ,60.0,60.0,60.0,60.0,60.0,60.0,60.0,6.755,20.265,12.035,60.237,39.045,6.367,35.133,4.537,23.047,3500.0,3500.0,2333.333,2333.333,2333.333,2333.333,2800.0,2800.0,3500.0,1.049,1.049,2.569,2.602,1.45,1.45,1.254,1.257,14.563,5310.0,13838.0,15689.042,112.0,0.06
2026-07-08 07:17:42,60.0,3.000               ,561.137,200.0,933.0,0.0,60.0,60.000              ,60.0,60.0,60.0,60.0,60.0,60.0,60.0,9.059,4.262,15.362,38.551,58.441,5.348,25.783,4.794,20.2,2333.333,2333.333,3500.0,3500.0,2333.333,2333.333,2333.333,2333.333,3500.0,0.758,0.758,1.941,1.916,2.254,2.254,1.148,1.144,13.842,5338.0,13873.0,0.0,113.0,
2026-07-08 07:17:43,59.0,3.000               ,561.137,200.0,933.0,0.0,59.875,59.875              ,59.875,59.875,59.875,59.875,59.875,59.875,59.875,6.92,3.786,15.59,38.492,52.455,1.599,31.109,0.602,18.819,2333.333,2333.333,3500.0,3500.0,3500.0,3500.0,2333.333,2333.333,3500.0,0.737,0.759,1.994,1.981,1.912,1.912,1.283,1.289,13.619,5375.0,13922.0,0.0,114.0,
2026-07-08 07:17:44,59.0,0.000               ,561.137,200.0,933.0,0.0,59.625,59.625              ,59.625,59.625,59.625,59.625,59.625,59.625,59.625,9.3,6.43,21.097,32.223,55.172,6.289,36.175,6.963,21.706,2400.0,2400.0,3150.0,3150.0,2520.0,2520.0,2520.0,2520.0,3150.0,0.783,0.761,1.765,1.765,2.042,2.046,1.371,1.578,13.84,5447.0,13967.0,0.0,115.0,
2026-07-08 07:17:46,59.0,0.000               ,561.137,200.0,933.0,0.0,59.75,59.750              ,59.75,59.75,59.75,59.75,59.75,59.75,59.75,8.306,8.171,6.853,78.841,35.729,3.648,17.784,14.502,21.729,2333.333,2333.333,3500.0,3500.0,2333.333,2333.333,2333.333,2333.333,3500.0,0.847,0.847,3.155,3.155,1.308,1.306,1.877,1.746,15.442,5505.0,14033.0,0.0,117.0,
2026-07-08 07:17:46,59.0,0.000               ,561.137,200.0,1067.0,0.0,59.875,59.875              ,59.875,59.875,59.875,59.875,59.875,59.875,59.875,39.319,37.957,37.471,72.437,60.963,25.168,76.005,24.265,46.698,2500.0,2500.0,3075.0,3075.0,2460.0,2460.0,2460.0,2460.0,3075.0,1.513,1.513,2.265,2.267,1.729,1.733,1.783,1.783,17.26,5364.0,14061.0,0.0,117.0,
2026-07-08 07:17:47,59.0,0.000               ,561.137,200.0,933.0,0.0,59.75,59.750              ,59.75,59.75,59.75,59.75,59.75,59.75,59.75,16.094,11.119,11.225,74.543,34.228,10.128,40.143,7.069,25.569,2380.0,2380.0,2380.0,2380.0,2975.0,2975.0,2380.0,2380.0,2975.0,0.839,0.839,2.625,2.622,1.229,1.225,1.343,1.343,14.091,5385.0,14104.0,0.0,118.0,
2026-07-08 07:17:48,59.0,0.000               ,561.137,200.0,933.0,0.0,59.75,59.750              ,59.75,59.75,59.75,59.75,59.75,59.75,59.75,10.207,4.186,23.517,10.318,70.43,5.844,36.199,5.726,20.804,2333.333,2333.333,2333.333,3475.0,2780.0,2780.0,2316.667,2316.667,3475.0,0.698,0.698,1.081,1.081,2.614,2.614,1.346,1.519,13.799,5455.0,14160.0,0.0,119.0,
2026-07-08 07:17:49,59.0,0.000               ,561.137,200.0,933.0,0.0,59.75,59.750              ,59.75,59.75,59.75,59.75,59.75,59.75,59.75,13.976,9.098,17.608,49.315,45.085,5.818,25.522,14.899,22.665,2333.333,2333.333,2333.333,2333.333,3500.0,3500.0,2333.333,2333.333,3500.0,1.012,1.012,2.454,2.454,1.78,1.78,1.458,1.652,14.443,5546.0,14259.0,7337.662,120.0,0.14
2026-07-08 07:17:50,59.0,0.000               ,561.137,200.0,1200.0,0.0,59.75,59.750              ,59.75,59.75,59.75,59.75,59.75,59.75,59.75,43.647,37.161,49.313,54.262,75.632,41.587,53.608,36.944,49.019,2333.333,2333.333,2800.0,2800.0,3500.0,3500.0,2333.333,2333.333,3500.0,1.6,1.6,1.901,1.904,2.594,2.594,2.089,1.764,18.243,5363.0,14304.0,0.0,121.0,
2026-07-08 07:17:51,60.0,0.000               ,561.137,200.0,933.0,0.0,60.5,60.500              ,60.5,60.5,60.5,60.5,60.5,60.5,60.5,13.064,9.979,11.931,85.687,31.487,6.963,27.76,8.198,24.383,2440.0,2440.0,3050.0,3125.0,2500.0,2500.0,2500.0,2500.0,3125.0,0.819,0.819,3.743,3.695,1.187,1.19,1.088,1.088,14.929,5373.0,14343.0,0.0,122.0,
2026-07-08 07:17:52,61.0,0.000               ,561.137,200.0,933.0,0.0,61.625,61.625              ,61.625,61.625,61.625,61.625,61.625,61.625,61.625,7.875,17.123,12.032,57.842,47.222,18.832,14.562,11.204,23.337,3425.0,3425.0,2740.0,3425.0,2283.333,3500.0,2333.333,2333.333,3500.0,0.795,0.795,2.653,2.681,2.49,2.487,0.937,0.937,15.265,5213.0,14346.0,0.0,123.0,
2026-07-08 07:17:53,62.0,0.000               ,561.137,200.0,933.0,0.0,62.625,62.625              ,62.625,62.625,62.625,62.625,62.625,62.625,62.625,29.522,3.321,21.331,13.934,36.884,3.741,47.906,3.5,20.017,2333.333,2333.333,3500.0,3500.0,2333.333,2333.333,2333.333,2333.333,3500.0,1.492,1.492,1.195,1.195,1.498,1.498,2.234,2.234,14.538,5213.0,14346.0,0.0,124.0,
2026-07-08 07:17:54,63.0,0.000               ,561.137,200.0,933.0,0.0,63.875,63.875              ,63.875,63.875,63.875,63.875,63.875,63.875,63.875,4.753,27.587,17.153,40.045,19.91,4.908,10.112,35.652,20.015,2333.333,2333.333,3500.0,3500.0,2333.333,2333.333,2333.333,2333.333,3500.0,1.362,1.433,2.345,2.387,1.096,1.096,1.878,1.878,15.309,5212.0,14342.0,0.0,125.0,
2026-07-08 07:17:55,65.0,0.000               ,561.137,200.0,933.0,0.0,65.125,65.125              ,65.125,65.125,65.125,65.125,65.125,65.125,65.125,12.087,6.876,16.993,13.871,88.569,3.101,13.705,4.301,19.938,2316.667,2316.667,2316.667,2316.667,3475.0,3475.0,2316.667,2316.667,3475.0,1.046,0.968,1.215,1.132,4.053,4.053,0.887,0.887,15.441,5221.0,14345.0,0.0,126.0,
2026-07-08 07:17:56,65.0,0.000               ,620.871,200.0,933.0,0.0,65.75,65.750              ,65.75,65.75,65.75,65.75,65.75,65.75,65.75,15.008,7.411,20.833,24.305,13.429,81.498,25.213,9.124,24.602,2800.0,2800.0,2800.0,3500.0,2333.333,2333.333,2333.333,2333.333,3500.0,1.052,1.052,1.708,1.708,3.997,4.029,1.452,1.452,16.802,5278.0,14443.0,0.0,127.0,
2026-07-08 07:17:57,65.0,0.000               ,620.871,200.0,933.0,0.0,65.875,65.875              ,65.875,65.875,65.875,65.875,65.875,65.875,65.875,9.964,7.516,13.587,60.252,32.536,30.634,23.128,6.841,23.057,2333.333,2333.333,2333.333,2333.333,3500.0,3500.0,2333.333,2333.333,3500.0,0.847,0.847,2.998,2.998,2.365,2.332,1.201,1.206,15.977,5300.0,14445.0,0.0,128.0,
2026-07-08 07:17:58,65.0,0.000               ,620.871,200.0,933.0,0.0,65.25,65.250              ,65.25,65.25,65.25,65.25,65.25,65.25,65.25,19.87,9.373,22.612,18.86,23.175,40.18,61.205,6.566,25.23,2200.0,2200.0,3300.0,3300.0,2640.0,2640.0,2640.0,2640.0,3300.0,1.029,1.029,1.292,1.292,2.353,2.396,2.544,2.539,15.719,5313.0,14446.0,0.0,129.0,
2026-07-08 07:17:59,65.0,0.000               ,620.871,200.0,933.0,0.0,65.5,65.500              ,65.5,65.5,65.5,65.5,65.5,65.5,65.5,21.972,3.465,19.645,15.233,82.502,7.6,17.071,7.032,21.815,1555.556,1555.556,3500.0,3500.0,2333.333,2333.333,2333.333,2333.333,3500.0,1.113,1.113,1.232,1.232,3.684,3.639,0.905,0.907,15.146,5323.0,14446.0,0.0,130.0,
2026-07-08 07:18:00,65.0,0.000               ,624.379,200.0,933.0,0.0,65.75,65.750              ,65.75,65.75,65.75,65.75,65.75,65.75,65.75,22.602,4.793,14.71,53.815,53.355,3.868,21.087,4.661,22.361,3075.0,3075.0,2460.0,2460.0,2460.0,2460.0,2050.0,2050.0,3075.0,1.078,1.081,2.803,2.803,2.17,2.17,0.998,0.996,15.28,5347.0,14460.0,0.0,131.0,
2026-07-08 07:18:01,65.0,1.000               ,624.379,200.0,933.0,0.0,65.875,65.875              ,65.875,65.875,65.875,65.875,65.875,65.875,65.875,13.761,1.844,4.45,83.285,30.571,2.013,17.653,1.437,19.377,2333.333,2333.333,2333.333,2333.333,3500.0,3500.0,2333.333,2333.333,3500.0,0.801,0.799,3.909,3.908,1.33,1.33,0.8,0.8,15.526,5346.0,14457.0,0.0,132.0,
2026-07-08 07:18:02,65.0,1.000               ,624.379,200.0,933.0,0.0,65.75,65.750              ,65.75,65.75,65.75,65.75,65.75,65.75,65.75,18.824,5.639,19.215,9.857,89.722,3.45,13.567,2.027,20.288,3500.0,3500.0,2333.333,2333.333,2333.333,2333.333,2333.333,2333.333,3500.0,1.121,1.121,1.088,0.979,3.993,4.04,0.851,0.854,15.23,5346.0,14457.0,0.0,133.0,
2026-07-08 07:18:03,65.0,0.000               ,624.379,200.0,933.0,0.0,65.625,65.625              ,65.625,65.625,65.625,65.625,65.625,65.625,65.625,7.147,3.213,13.972,47.267,66.208,6.751,16.853,5.126,20.817,2333.333,2333.333,3500.0,3500.0,2800.0,2800.0,2333.333,2333.333,3500.0,0.464,0.464,2.335,2.405,2.987,2.947,0.911,0.909,14.911,5344.0,14456.0,0.0,134.0,
2026-07-08 07:18:04,65.0,0.000               ,634.504,200.0,933.0,0.0,65.625,65.625              ,65.625,65.625,65.625,65.625,65.625,65.625,65.625,3.091,30.659,24.967,49.027,17.568,3.355,22.383,2.401,19.181,2333.333,2333.333,3500.0,3500.0,2333.333,2333.333,2333.333,2333.333,3500.0,1.329,1.378,3.34,3.33,0.973,0.968,0.986,0.986,14.838,5352.0,14467.0,15412.8,135.0,0.06
2026-07-08 07:18:05,64.0,0.000               ,634.504,200.0,933.0,0.0,64.25,64.250              ,64.25,64.25,64.25,64.25,64.25,64.25,64.25,22.827,54.53,24.886,5.422,42.336,4.148,11.102,4.071,21.165,3500.0,3500.0,2333.333,2333.333,2333.333,2333.333,2333.333,2333.333,3500.0,3.294,3.277,0.965,0.959,2.063,2.063,0.774,0.774,14.775,5358.0,14466.0,0.0,136.0,
2026-07-08 07:18:06,63.0,0.000               ,634.504,200.0,933.0,0.0,63.5,63.500              ,63.5,63.5,63.5,63.5,63.5,63.5,63.5,3.362,12.966,66.726,3.951,48.078,1.173,13.515,2.947,19.09,3500.0,3500.0,2333.333,2333.333,2800.0,2800.0,2333.333,2333.333,3500.0,0.852,0.851,3.218,3.218,2.16,2.16,0.861,0.861,14.463,5356.0,14465.0,0.0,137.0,
2026-07-08 07:18:07,63.0,0.000               ,634.504,200.0,933.0,0.0,63.75,63.750              ,63.75,63.75,63.75,63.75,63.75,63.75,63.75,2.604,96.725,19.244,4.692,20.208,4.078,7.494,2.805,19.731,3500.0,3500.0,2333.333,2333.333,2333.333,2333.333,2333.333,2333.333,3500.0,4.673,4.673,0.918,0.918,0.918,0.918,0.765,0.765,14.973,5361.0,14467.0,0.0,138.0,
2026-07-08 07:18:08,63.0,0.000               ,634.504,200.0,933.0,0.0,63.625,63.625              ,63.625,63.625,63.625,63.625,63.625,63.625,63.625,28.998,44.779,22.313,5.336,45.144,4.533,10.265,3.11,20.56,3500.0,3500.0,2333.333,2333.333,2333.333,2333.333,2333.333,2333.333,3500.0,3.448,3.448,1.026,1.026,2.229,2.229,0.683,0.684,15.284,5357.0,14465.0,0.0,139.0,
2026-07-08 07:18:09,63.0,0.000               ,634.504,200.0,933.0,0.0,63.375,63.375              ,63.375,63.375,63.375,63.375,63.375,63.375,63.375,5.669,8.689,18.038,3.405,85.476,10.383,12.459,2.26,18.297,2333.333,2333.333,2333.333,2333.333,3500.0,3500.0,2333.333,2333.333,3500.0,0.907,0.907,0.854,0.854,4.512,4.512,0.88,0.879,14.624,5366.0,14465.0,0.0,140.0,
2026-07-08 07:18:10,63.0,0.000               ,634.504,200.0,933.0,0.0,63.5,63.500              ,63.5,63.5,63.5,63.5,63.5,63.5,63.5,3.925,96.022,19.748,4.897,22.588,4.748,9.488,2.764,20.522,3500.0,3500.0,2333.333,2333.333,2333.333,2333.333,2333.333,2333.333,3500.0,4.589,4.618,0.907,0.907,1.025,1.011,0.744,0.75,14.889,5365.0,14465.0,0.0,141.0,
2026-07-08 07:18:11,63.0,0.000               ,634.504,200.0,933.0,0.0,63.125,63.125              ,63.125,63.125,63.125,63.125,63.125,63.125,63.125,11.955,66.88,24.5,1.709,14.848,18.828,8.197,2.299,18.652,2333.333,2333.333,3500.0,3500.0,2333.333,2333.333,2333.333,2333.333,3500.0,3.711,3.681,1.081,1.081,1.489,1.603,0.52,0.514,14.297,5365.0,14465.0,0.0,142.0,
2026-07-08 07:18:13,63.0,0.000               ,635.637,200.0,933.0,0.0,63.0,63.000              ,63.0,63.0,63.0,63.0,63.0,63.0,63.0,16.261,24.235,56.866,23.223,39.904,10.632,31.927,12.287,26.917,3500.0,3500.0,2333.333,2333.333,2333.333,2333.333,1555.556,1555.556,3500.0,1.708,1.708,3.422,3.428,1.899,1.842,1.507,1.507,16.386,5494.0,14666.0,8483.922,144.0,0.12
2026-07-08 07:18:14,61.0,0.000               ,727.969,200.0,1200.0,0.0,61.5,61.500              ,61.5,61.5,61.5,61.5,61.5,61.5,61.5,50.943,62.252,59.212,49.882,86.791,34.89,55.365,30.314,53.706,2300.0,2300.0,2300.0,2300.0,2875.0,2875.0,2300.0,2300.0,2875.0,1.675,1.675,1.445,1.441,1.51,1.411,1.043,1.044,15.948,5540.0,14846.0,477.404,145.0,2.09
2026-07-08 07:18:14,60.0,29.000              ,758.891,200.0,1200.0,0.0,59.875,59.875              ,59.875,59.875,59.875,59.875,59.875,59.875,59.875,72.931,71.821,77.666,76.656,80.038,68.036,85.377,59.8,74.041,1650.0,1650.0,1650.0,1650.0,1960.0,1960.0,1633.333,1633.333,1960.0,0.867,0.856,0.93,0.931,0.912,0.857,0.885,0.883,15.7,5468.0,14846.0,29.008,145.0,34.47
2026-07-08 07:18:15,58.0,64.000              ,757.41,358.0,1200.0,0.0,58.375,58.375              ,58.375,58.375,58.375,58.375,58.375,58.375,58.375,89.456,86.257,89.546,91.019,91.379,81.912,87.643,87.783,88.124,1780.0,1780.0,1780.0,1780.0,1780.0,1780.0,1780.0,1700.0,1780.0,0.866,0.878,0.92,0.918,0.889,0.888,0.917,0.913,15.27,5372.0,14846.0,37.084,146.0,26.97
2026-07-08 07:18:16,57.0,75.000              ,755.902,476.0,1200.0,0.0,57.25,57.250              ,57.25,57.25,57.25,57.25,57.25,57.25,57.25,63.984,57.177,64.759,63.868,68.29,39.224,63.961,40.138,57.675,1633.333,1633.333,1960.0,1960.0,1633.333,1633.333,1633.333,1633.333,1960.0,0.855,0.855,0.962,0.964,0.792,0.792,0.789,0.791,15.154,5303.0,14847.0,29.267,147.0,34.17
2026-07-08 07:18:17,57.0,75.000              ,756.902,200.0,1067.0,0.0,57.0,57.000              ,57.0,57.0,57.0,57.0,57.0,57.0,57.0,57.043,49.552,63.105,57.275,72.379,33.199,57.464,33.557,52.947,1766.667,1766.667,2120.0,2100.0,1750.0,1750.0,1750.0,1750.0,2120.0,0.811,0.811,0.989,0.987,0.812,0.812,0.754,0.757,15.182,5142.0,14846.0,41.466,148.0,24.12
2026-07-08 07:18:18,56.0,71.000              ,757.375,413.0,1200.0,0.0,56.75,56.750              ,56.75,56.75,56.75,56.75,56.75,56.75,56.75,45.736,30.964,51.98,44.385,53.302,17.703,53.25,18.529,39.481,1780.0,1780.0,2225.0,2250.0,1800.0,1800.0,1800.0,1800.0,2250.0,0.781,0.781,1.034,1.034,0.787,0.787,0.79,0.788,15.236,5148.0,14841.0,22.639,149.0,44.17
2026-07-08 07:18:19,56.0,70.000              ,757.41,400.0,1200.0,0.0,56.75,56.750              ,56.75,56.75,56.75,56.75,56.75,56.75,56.75,39.504,26.441,54.709,39.62,51.125,8.414,43.777,15.713,34.913,1940.0,1940.0,2425.0,2425.0,1940.0,1940.0,1940.0,1940.0,2425.0,0.81,0.81,1.173,1.173,0.772,0.772,0.811,0.813,15.22,5156.0,14841.0,25.229,150.0,39.64
2026-07-08 07:18:20,56.0,70.000              ,757.426,200.0,1067.0,0.0,56.75,56.750              ,56.75,56.75,56.75,56.75,56.75,56.75,56.75,33.177,25.503,64.744,27.565,53.624,11.574,42.553,15.13,34.234,2020.0,2020.0,2525.0,2525.0,2020.0,2020.0,2020.0,2020.0,2525.0,0.787,0.785,1.152,1.152,0.857,0.859,0.801,0.799,15.272,5162.0,14840.0,21.317,151.0,46.91
2026-07-08 07:18:21,56.0,69.000              ,760.352,442.0,1067.0,0.0,56.75,56.750              ,56.75,56.75,56.75,56.75,56.75,56.75,56.75,42.065,29.308,61.372,32.119,55.607,13.364,51.354,15.165,37.544,1940.0,1940.0,2425.0,2425.0,1940.0,1940.0,1940.0,1940.0,2425.0,0.864,0.867,1.073,1.075,0.838,0.835,0.819,0.82,15.312,5161.0,14846.0,22.999,152.0,43.48
2026-07-08 07:18:22,56.0,69.000              ,761.621,375.0,1200.0,0.0,56.75,56.750              ,56.75,56.75,56.75,56.75,56.75,56.75,56.75,41.662,24.764,51.009,36.02,60.176,13.1,44.36,16.25,35.917,2000.0,2000.0,2500.0,2500.0,2000.0,2000.0,2000.0,2000.0,2500.0,0.876,0.876,1.065,1.063,0.964,0.966,0.819,0.826,15.153,5172.0,14847.0,21.853,153.0,45.76
2026-07-08 07:18:23,56.0,70.000              ,761.621,352.0,1200.0,0.0,56.75,56.750              ,56.75,56.75,56.75,56.75,56.75,56.75,56.75,38.66,21.421,50.402,33.745,56.146,13.397,49.824,13.907,34.688,2100.0,2100.0,2625.0,2650.0,2120.0,2120.0,2120.0,2120.0,2650.0,0.885,0.885,1.075,1.075,0.944,0.942,0.917,0.909,15.145,5172.0,14847.0,20.767,154.0,48.15
2026-07-08 07:18:24,56.0,69.000              ,734.152,393.0,1067.0,0.0,56.5,56.500              ,56.5,56.5,56.5,56.5,56.5,56.5,56.5,38.271,22.646,51.078,27.932,56.536,17.083,56.656,13.583,35.473,2040.0,2040.0,2550.0,2550.0,2040.0,2040.0,2040.0,2040.0,2550.0,0.878,0.881,0.947,0.947,0.988,0.988,1.03,1.03,15.315,5170.0,14828.0,20.964,155.0,47.7
2026-07-08 07:18:25,56.0,69.000              ,734.145,381.0,1200.0,0.0,56.5,56.500              ,56.5,56.5,56.5,56.5,56.5,56.5,56.5,31.158,28.792,47.224,38.289,42.511,13.062,44.568,12.411,32.252,2180.0,2180.0,2725.0,2725.0,2180.0,2180.0,2180.0,2180.0,2725.0,0.846,0.843,1.243,1.244,0.819,0.82,0.847,0.847,15.388,5170.0,14827.0,28.144,156.0,35.53
2026-07-08 07:18:26,56.0,69.000              ,734.148,387.0,1067.0,0.0,56.5,56.500              ,56.5,56.5,56.5,56.5,56.5,56.5,56.5,35.389,28.144,53.234,38.604,55.299,10.469,46.741,13.099,35.123,2040.0,2040.0,2550.0,2550.0,2040.0,2040.0,2040.0,2060.0,2550.0,0.816,0.82,1.2,1.198,0.861,0.859,0.812,0.813,15.057,5169.0,14827.0,23.895,157.0,41.85
2026-07-08 07:18:27,56.0,70.000              ,737.281,413.0,1200.0,0.0,56.5,56.500              ,56.5,56.5,56.5,56.5,56.5,56.5,56.5,36.195,33.135,54.601,46.65,48.133,18.926,47.046,18.888,37.947,1940.0,1940.0,2425.0,2425.0,1940.0,1940.0,1940.0,1940.0,2425.0,0.835,0.832,1.264,1.264,0.835,0.836,0.855,0.854,15.425,5165.0,14813.0,27.027,158.0,37.0
2026-07-08 07:18:28,56.0,71.000              ,739.18,200.0,1200.0,0.0,56.5,56.500              ,56.5,56.5,56.5,56.5,56.5,56.5,56.5,35.227,37.637,60.178,42.72,51.84,16.957,53.131,21.978,39.959,1980.0,1980.0,2500.0,2500.0,2000.0,2000.0,2000.0,2000.0,2500.0,0.834,0.836,1.167,1.167,0.828,0.828,0.87,0.87,15.286,5174.0,14813.0,22.931,159.0,43.61
2026-07-08 07:18:29,56.0,71.000              ,740.77,200.0,1067.0,0.0,56.5,56.500              ,56.5,56.5,56.5,56.5,56.5,56.5,56.5,42.472,39.453,47.929,52.173,59.042,19.897,57.465,25.58,43.001,1816.667,1816.667,2180.0,2200.0,1760.0,1760.0,1760.0,1760.0,2200.0,0.842,0.843,1.079,1.065,0.853,0.852,0.849,0.849,14.94,5162.0,14816.0,24.596,160.0,40.66
2026-07-08 07:18:30,56.0,70.000              ,740.766,387.0,1067.0,0.0,56.5,56.500              ,56.5,56.5,56.5,56.5,56.5,56.5,56.5,29.155,27.744,35.052,40.379,47.226,10.335,39.718,9.466,29.885,2000.0,2020.0,2525.0,2525.0,2020.0,2020.0,2020.0,2020.0,2525.0,0.84,0.828,1.143,1.158,0.845,0.846,0.817,0.82,14.981,5167.0,14811.0,24.63,161.0,40.6
2026-07-08 07:18:31,56.0,69.000              ,749.449,400.0,1067.0,0.0,56.5,56.500              ,56.5,56.5,56.5,56.5,56.5,56.5,56.5,38.797,36.455,57.821,42.81,50.221,16.256,55.354,17.881,39.449,1940.0,1940.0,2425.0,2425.0,1940.0,1940.0,1940.0,1940.0,2425.0,0.876,0.888,1.204,1.204,0.862,0.862,0.909,0.908,15.469,5171.0,14823.0,22.61,162.0,44.23
2026-07-08 07:18:32,56.0,70.000              ,758.281,200.0,1067.0,0.0,56.5,56.500              ,56.5,56.5,56.5,56.5,56.5,56.5,56.5,45.592,33.731,46.565,47.198,46.924,22.968,46.495,20.562,38.754,1900.0,1900.0,2375.0,2375.0,1900.0,1900.0,1900.0,1900.0,2375.0,0.871,0.872,1.144,1.144,0.818,0.818,0.824,0.824,14.933,5197.0,14841.0,21.839,163.0,45.79
2026-07-08 07:18:33,56.0,69.000              ,761.766,364.0,1200.0,0.0,56.5,56.500              ,56.5,56.5,56.5,56.5,56.5,56.5,56.5,43.041,31.08,49.558,51.494,49.234,15.966,53.116,17.875,38.92,1960.0,1960.0,2450.0,2450.0,1960.0,1960.0,1960.0,1960.0,2450.0,0.862,0.859,1.234,1.234,0.822,0.822,0.876,0.874,15.175,5195.0,14843.0,24.626,164.0,40.61
2026-07-08 07:18:34,56.0,68.000              ,761.77,200.0,1200.0,0.0,56.5,56.500              ,56.5,56.5,56.5,56.5,56.5,56.5,56.5,38.027,29.299,53.84,35.616,59.525,12.83,52.563,10.852,36.569,1980.0,1980.0,2475.0,2475.0,1980.0,1980.0,2000.0,2000.0,2475.0,0.839,0.839,1.157,1.159,0.936,0.939,0.83,0.83,15.219,5195.0,14843.0,25.106,165.0,39.83
2026-07-08 07:18:35,56.0,68.000              ,761.77,469.0,1200.0,0.0,56.375,56.375              ,56.375,56.375,56.375,56.375,56.375,56.375,56.375,29.846,20.683,42.094,30.515,56.023,13.84,48.378,11.858,31.655,2060.0,2060.0,2040.0,2040.0,2040.0,2550.0,2550.0,2550.0,2550.0,0.765,0.765,0.953,0.936,0.997,0.994,0.899,0.899,14.985,5205.0,14842.0,27.651,166.0,36.17
2026-07-08 07:18:36,56.0,68.000              ,761.82,370.0,1067.0,0.0,56.375,56.375              ,56.375,56.375,56.375,56.375,56.375,56.375,56.375,38.975,25.734,54.358,35.126,62.46,12.869,50.005,14.561,36.761,2040.0,2040.0,2550.0,2550.0,2040.0,2040.0,2040.0,2040.0,2550.0,0.851,0.854,1.084,1.102,1.027,1.027,0.849,0.85,15.339,5202.0,14842.0,21.862,167.0,45.74
2026-07-08 07:18:37,56.0,70.000              ,762.422,200.0,1200.0,0.0,56.25,56.250              ,56.25,56.25,56.25,56.25,56.25,56.25,56.25,41.213,27.257,39.409,37.868,53.774,15.262,45.272,16.067,34.515,2060.0,2060.0,2575.0,2575.0,2040.0,2040.0,2040.0,2040.0,2575.0,0.826,0.823,1.012,1.014,0.889,0.889,0.782,0.78,15.164,5221.0,14844.0,24.478,168.0,40.85
2026-07-08 07:18:38,56.0,70.000              ,762.168,420.0,1200.0,0.0,56.25,56.250              ,56.25,56.25,56.25,56.25,56.25,56.25,56.25,41.351,29.974,47.455,48.138,56.091,25.993,53.305,19.53,40.23,1860.0,1860.0,2325.0,2325.0,1860.0,1860.0,1840.0,1840.0,2325.0,0.726,0.728,1.04,1.041,0.876,0.878,0.793,0.793,15.26,5234.0,14845.0,26.556,169.0,37.66
2026-07-08 07:18:39,56.0,69.000              ,760.672,364.0,1067.0,0.0,56.25,56.250              ,56.25,56.25,56.25,56.25,56.25,56.25,56.25,40.282,34.347,54.982,43.569,56.1,16.221,49.965,16.907,39.047,1800.0,1820.0,2275.0,2275.0,1820.0,1820.0,1820.0,1820.0,2275.0,0.809,0.807,1.113,1.116,0.869,0.87,0.81,0.811,14.792,5244.0,14845.0,24.307,170.0,41.14
2026-07-08 07:18:40,56.0,70.000              ,760.676,352.0,1200.0,0.0,56.25,56.250              ,56.25,56.25,56.25,56.25,56.25,56.25,56.25,40.24,29.463,44.037,45.676,51.782,15.215,50.195,20.82,37.179,1980.0,1980.0,2500.0,2500.0,2000.0,2000.0,2000.0,1980.0,2500.0,0.776,0.778,1.088,1.088,0.739,0.736,0.821,0.814,15.248,5257.0,14846.0,23.852,171.0,41.93
2026-07-08 07:18:41,56.0,69.000              ,760.152,420.0,1200.0,0.0,56.25,56.250              ,56.25,56.25,56.25,56.25,56.25,56.25,56.25,39.872,32.811,47.239,52.44,52.146,17.144,52.512,19.513,39.21,1780.0,1780.0,2225.0,2225.0,1780.0,1780.0,1780.0,1780.0,2225.0,0.788,0.786,1.124,1.119,0.754,0.754,0.79,0.795,14.992,5264.0,14845.0,22.93,172.0,43.61
2026-07-08 07:18:42,56.0,69.000              ,760.152,364.0,1200.0,0.0,56.25,56.250              ,56.25,56.25,56.25,56.25,56.25,56.25,56.25,38.923,27.84,59.617,35.618,66.942,13.072,64.478,15.318,40.226,1920.0,1920.0,2400.0,2400.0,1920.0,1920.0,1920.0,1920.0,2400.0,0.775,0.775,1.066,1.068,0.927,0.919,0.92,0.92,15.188,5267.0,14845.0,22.063,173.0,45.32
2026-07-08 07:18:43,56.0,69.000              ,760.191,200.0,1200.0,0.0,56.25,56.250              ,56.25,56.25,56.25,56.25,56.25,56.25,56.25,41.977,29.013,61.15,42.068,59.558,19.058,65.914,20.154,42.361,1840.0,1840.0,2300.0,2300.0,1840.0,1840.0,2300.0,2300.0,2300.0,0.794,0.794,1.121,1.119,0.8,0.807,0.927,0.927,15.155,5268.0,14844.0,22.503,174.0,44.44
2026-07-08 07:18:44,56.0,69.000              ,760.188,406.0,1200.0,0.0,56.25,56.250              ,56.25,56.25,56.25,56.25,56.25,56.25,56.25,42.262,38.375,45.873,48.427,61.74,22.98,47.336,23.277,41.284,1920.0,1920.0,2400.0,2400.0,1920.0,1920.0,1920.0,1920.0,2400.0,0.89,0.89,1.113,1.113,0.944,0.947,0.817,0.817,14.915,5268.0,14845.0,28.087,175.0,35.6
2026-07-08 07:18:45,56.0,70.000              ,760.191,200.0,1200.0,0.0,56.25,56.250              ,56.25,56.25,56.25,56.25,56.25,56.25,56.25,43.896,35.868,58.828,45.012,65.869,17.002,61.447,18.299,43.277,1840.0,1840.0,1840.0,1840.0,2300.0,2300.0,1860.0,1860.0,2300.0,0.855,0.86,1.098,1.098,0.896,0.892,0.876,0.876,15.171,5267.0,14845.0,23.771,176.0,42.07
2026-07-08 07:18:46,56.0,71.000              ,753.172,400.0,1067.0,0.0,56.25,56.250              ,56.25,56.25,56.25,56.25,56.25,56.25,56.25,43.641,30.784,52.93,35.839,65.719,17.594,52.693,20.95,40.019,1980.0,1980.0,1980.0,2475.0,2000.0,2500.0,2000.0,2000.0,2500.0,0.887,0.881,1.049,1.049,1.049,1.049,0.892,0.892,14.946,5267.0,14840.0,19.39,177.0,51.57
2026-07-08 07:18:47,56.0,71.000              ,753.176,352.0,1067.0,0.0,56.125,56.125              ,56.125,56.125,56.125,56.125,56.125,56.125,56.125,37.041,21.716,46.405,24.742,55.88,9.204,56.737,10.137,32.733,1980.0,1980.0,2475.0,2475.0,1980.0,1980.0,1980.0,1980.0,2475.0,0.847,0.847,0.941,0.947,0.879,0.879,1.044,1.044,14.971,5268.0,14839.0,26.371,178.0,37.92
2026-07-08 07:18:48,56.0,71.000              ,753.422,333.0,1200.0,0.0,56.0,56.000              ,56.0,56.0,56.0,56.0,56.0,56.0,56.0,37.586,16.233,43.311,26.025,50.271,10.172,54.193,9.633,30.928,2180.0,2180.0,2180.0,2180.0,2180.0,2180.0,2725.0,2725.0,2725.0,0.898,0.905,0.99,0.986,0.926,0.926,1.101,1.101,15.196,5271.0,14840.0,21.501,179.0,46.51
2026-07-08 07:18:49,56.0,70.000              ,753.43,300.0,1067.0,0.0,56.125,56.125              ,56.125,56.125,56.125,56.125,56.125,56.125,56.125,39.44,24.569,46.85,36.291,47.485,12.373,52.098,14.96,34.258,2140.0,2140.0,2675.0,2675.0,2140.0,2140.0,2160.0,2160.0,2675.0,0.965,0.957,1.156,1.153,0.851,0.851,0.985,0.985,14.913,5273.0,14834.0,23.212,180.0,43.08
2026-07-08 07:18:50,56.0,69.000              ,756.766,333.0,1200.0,0.0,56.125,56.125              ,56.125,56.125,56.125,56.125,56.125,56.125,56.125,40.0,33.753,40.413,41.128,39.998,13.65,43.07,16.454,33.558,2160.0,2160.0,2700.0,2700.0,2160.0,2160.0,2160.0,2160.0,2700.0,1.035,1.038,1.257,1.257,0.795,0.795,0.905,0.905,15.247,5280.0,14837.0,25.914,181.0,38.59
2026-07-08 07:18:51,56.0,69.000              ,760.316,352.0,1067.0,0.0,56.125,56.125              ,56.125,56.125,56.125,56.125,56.125,56.125,56.125,37.206,16.374,55.844,31.232,55.649,8.587,47.899,8.908,32.712,2100.0,2100.0,2625.0,2625.0,2100.0,2100.0,2100.0,2100.0,2625.0,0.863,0.86,1.259,1.259,0.914,0.914,0.867,0.869,15.116,5283.0,14844.0,24.454,182.0,40.89
2026-07-08 07:18:52,56.0,70.000              ,760.633,393.0,1067.0,0.0,56.125,56.125              ,56.125,56.125,56.125,56.125,56.125,56.125,56.125,43.409,24.224,62.886,29.687,55.342,8.638,53.373,13.23,36.349,2080.0,2080.0,2600.0,2600.0,2080.0,2080.0,2080.0,2080.0,2600.0,0.954,0.954,1.214,1.214,0.882,0.882,0.923,0.924,15.076,5286.0,14845.0,21.088,183.0,47.42
2026-07-08 07:18:53,56.0,71.000              ,760.672,315.0,1200.0,0.0,56.0,56.000              ,56.0,56.0,56.0,56.0,56.0,56.0,56.0,27.417,28.144,49.647,36.916,42.015,14.149,43.414,12.512,31.777,2160.0,2160.0,2700.0,2700.0,2160.0,2160.0,2180.0,2180.0,2700.0,0.82,0.82,1.25,1.25,0.872,0.873,0.866,0.863,14.917,5287.0,14845.0,23.979,184.0,41.7
2026-07-08 07:18:54,56.0,70.000              ,760.82,326.0,1200.0,0.0,56.0,56.000              ,56.0,56.0,56.0,56.0,56.0,56.0,56.0,27.71,24.836,57.476,36.077,38.95,15.735,42.546,16.11,32.43,2160.0,2160.0,2700.0,2700.0,2675.0,2675.0,2675.0,2675.0,2700.0,0.869,0.869,1.407,1.407,0.884,0.883,0.942,0.942,15.085,5290.0,14845.0,24.06,185.0,41.56
2026-07-08 07:18:55,56.0,68.000              ,760.441,200.0,1067.0,0.0,56.0,56.000              ,56.0,56.0,56.0,56.0,56.0,56.0,56.0,36.809,26.262,53.282,35.79,39.783,13.982,46.824,16.061,33.599,2180.0,2180.0,2725.0,2725.0,2180.0,2180.0,2180.0,2180.0,2725.0,0.927,0.927,1.274,1.274,0.855,0.855,0.949,0.934,14.923,5292.0,14845.0,20.312,186.0,49.23
2026-07-08 07:18:56,56.0,69.000              ,753.422,310.0,1200.0,0.0,56.0,56.000              ,56.0,56.0,56.0,56.0,56.0,56.0,56.0,46.855,30.078,37.788,45.662,56.835,23.895,58.042,21.904,40.132,2060.0,2060.0,2575.0,2575.0,2060.0,2060.0,2060.0,2060.0,2575.0,0.888,0.888,1.024,1.025,0.975,0.971,1.023,1.04,15.527,5304.0,14840.0,23.426,187.0,42.69
2026-07-08 07:18:57,56.0,68.000              ,753.426,200.0,1200.0,0.0,56.0,56.000              ,56.0,56.0,56.0,56.0,56.0,56.0,56.0,39.321,28.976,41.192,38.388,49.594,14.471,48.593,12.581,34.14,1920.0,1920.0,1920.0,1920.0,2400.0,2400.0,1920.0,1920.0,2400.0,0.837,0.837,1.056,1.047,0.854,0.856,0.828,0.828,14.807,5304.0,14839.0,23.624,188.0,42.33
2026-07-08 07:18:58,56.0,67.000              ,752.734,326.0,1200.0,0.0,56.0,56.000              ,56.0,56.0,56.0,56.0,56.0,56.0,56.0,34.541,30.187,48.006,36.652,45.586,12.589,54.333,14.672,34.571,2080.0,2080.0,2575.0,2575.0,2060.0,2060.0,2060.0,2060.0,2575.0,0.859,0.859,1.159,1.168,0.867,0.867,0.992,0.992,15.113,5312.0,14839.0,18.827,189.0,53.12
2026-07-08 07:18:59,56.0,69.000              ,751.566,344.0,1200.0,0.0,56.0,56.000              ,56.0,56.0,56.0,56.0,56.0,56.0,56.0,33.483,29.169,58.681,37.213,38.042,15.201,46.968,12.484,33.905,2080.0,2080.0,2600.0,2600.0,2080.0,2080.0,2600.0,2600.0,2600.0,0.847,0.847,1.311,1.311,0.799,0.799,0.903,0.903,14.987,5315.0,14835.0,19.348,190.0,51.68
2026-07-08 07:19:00,56.0,69.000              ,751.691,393.0,1200.0,0.0,56.0,56.000              ,56.0,56.0,56.0,56.0,56.0,56.0,56.0,37.948,26.974,55.84,30.615,44.837,12.18,51.668,15.277,34.417,2100.0,2100.0,2625.0,2625.0,2100.0,2100.0,2100.0,2100.0,2625.0,0.865,0.865,1.242,1.245,0.821,0.821,0.952,0.952,15.12,5319.0,14838.0,19.424,191.0,51.48
2026-07-08 07:19:01,56.0,69.000              ,745.367,333.0,1200.0,0.0,56.0,56.000              ,56.0,56.0,56.0,56.0,56.0,56.0,56.0,30.31,29.702,38.819,39.446,35.572,14.415,54.673,15.848,32.348,2080.0,2080.0,2600.0,2625.0,2100.0,2100.0,2100.0,2100.0,2625.0,0.874,0.874,1.164,1.161,0.789,0.789,1.09,1.103,14.981,5318.0,14833.0,24.498,192.0,40.82
2026-07-08 07:19:02,56.0,70.000              ,745.059,200.0,1067.0,0.0,56.0,56.000              ,56.0,56.0,56.0,56.0,56.0,56.0,56.0,41.999,30.361,54.045,33.756,42.599,13.31,47.955,12.426,34.556,2000.0,2000.0,2500.0,2500.0,2000.0,2000.0,2000.0,2000.0,2500.0,0.97,0.97,1.189,1.189,0.814,0.814,0.926,0.914,14.872,5266.0,14831.0,22.302,193.0,44.84
2026-07-08 07:19:03,56.0,69.000              ,752.438,387.0,1200.0,0.0,56.0,56.000              ,56.0,56.0,56.0,56.0,56.0,56.0,56.0,33.687,22.369,36.431,33.755,45.624,13.54,40.796,15.792,30.249,2120.0,2120.0,2650.0,2650.0,2120.0,2100.0,2100.0,2100.0,2650.0,0.85,0.85,1.131,1.131,0.917,0.917,0.912,0.913,15.17,5271.0,14836.0,26.003,194.0,38.46
2026-07-08 07:19:04,56.0,69.000              ,752.41,338.0,1067.0,0.0,56.0,56.000              ,56.0,56.0,56.0,56.0,56.0,56.0,56.0,29.551,25.963,49.988,29.501,46.689,6.346,42.753,7.327,29.765,2280.0,2280.0,2850.0,2850.0,2280.0,2280.0,2280.0,2280.0,2850.0,0.878,0.878,1.304,1.308,0.916,0.916,0.869,0.868,15.148,5273.0,14835.0,22.165,195.0,45.12
2026-07-08 07:19:05,56.0,70.000              ,759.938,321.0,1200.0,0.0,56.0,56.000              ,56.0,56.0,56.0,56.0,56.0,56.0,56.0,39.767,28.734,45.122,34.31,55.924,11.088,43.362,12.653,33.87,2120.0,2140.0,2675.0,2675.0,2140.0,2140.0,2140.0,2140.0,2675.0,0.858,0.858,1.152,1.153,0.981,0.981,0.842,0.842,15.054,5277.0,14847.0,26.532,196.0,37.69
2026-07-08 07:19:06,56.0,69.000              ,759.941,406.0,1067.0,0.0,56.0,56.000              ,56.0,56.0,56.0,56.0,56.0,56.0,56.0,39.271,27.463,36.666,38.681,47.698,9.446,49.9,12.628,32.719,2100.0,2100.0,2100.0,2100.0,2100.0,2100.0,2625.0,2625.0,2625.0,0.891,0.891,1.085,1.08,0.813,0.815,0.973,0.973,15.218,5276.0,14845.0,18.741,197.0,53.36
2026-07-08 07:19:07,56.0,69.000              ,762.199,393.0,1200.0,0.0,56.0,56.000              ,56.0,56.0,56.0,56.0,56.0,56.0,56.0,29.014,30.168,36.357,42.72,42.965,11.285,41.381,10.792,30.585,1960.0,1960.0,2450.0,2450.0,1960.0,1960.0,1960.0,1960.0,2450.0,0.772,0.772,1.136,1.136,0.758,0.755,0.762,0.762,14.884,5283.0,14848.0,21.667,198.0,46.15
2026-07-08 07:19:08,56.0,69.000              ,762.191,364.0,1067.0,0.0,56.0,56.000              ,56.0,56.0,56.0,56.0,56.0,56.0,56.0,25.47,26.385,52.454,43.436,45.302,11.679,41.893,12.883,32.438,2160.0,2160.0,2700.0,2700.0,2160.0,2160.0,2160.0,2160.0,2700.0,0.799,0.799,1.415,1.415,0.873,0.875,0.882,0.884,15.068,5282.0,14847.0,21.461,199.0,46.6
2026-07-08 07:19:09,56.0,69.000              ,762.188,352.0,1067.0,0.0,56.0,56.000              ,56.0,56.0,56.0,56.0,56.0,56.0,56.0,38.325,25.155,46.977,37.212,50.924,10.381,43.824,13.116,33.239,2040.0,2040.0,2550.0,2550.0,2040.0,2040.0,2040.0,2040.0,2550.0,0.888,0.888,1.211,1.211,0.898,0.897,0.863,0.863,14.907,5280.0,14846.0,21.959,200.0,45.54
2026-07-08 07:19:10,56.0,70.000              ,762.191,333.0,1200.0,0.0,56.0,56.000              ,56.0,56.0,56.0,56.0,56.0,56.0,56.0,43.31,30.3,41.862,32.001,44.865,14.411,57.805,14.953,34.938,2650.0,2650.0,2120.0,2120.0,2120.0,2120.0,2120.0,2120.0,2650.0,1.007,1.008,0.946,0.946,0.88,0.88,1.068,1.066,15.156,5278.0,14845.0,23.132,201.0,43.23
2026-07-08 07:19:11,56.0,70.000              ,762.211,375.0,1067.0,0.0,56.0,56.000              ,56.0,56.0,56.0,56.0,56.0,56.0,56.0,36.566,25.028,39.657,33.616,48.138,7.927,44.915,8.152,30.5,2140.0,2140.0,2675.0,2675.0,2160.0,2160.0,2160.0,2160.0,2675.0,0.916,0.914,1.151,1.154,0.875,0.875,0.873,0.867,14.845,5280.0,14846.0,28.74,202.0,34.79
2026-07-08 07:19:12,56.0,70.000              ,762.211,352.0,1200.0,0.0,56.0,56.000              ,56.0,56.0,56.0,56.0,56.0,56.0,56.0,43.361,25.566,44.978,31.758,50.815,10.543,50.863,8.643,33.316,2700.0,2700.0,2700.0,2700.0,2160.0,2160.0,2160.0,2160.0,2700.0,0.946,0.946,1.091,1.087,0.903,0.903,0.938,0.945,15.36,5280.0,14846.0,25.169,203.0,39.73
2026-07-08 07:19:13,56.0,71.000              ,762.211,352.0,1200.0,0.0,56.0,56.000              ,56.0,56.0,56.0,56.0,56.0,56.0,56.0,37.886,36.378,45.217,40.403,53.314,14.722,46.747,17.445,36.514,2550.0,2550.0,2040.0,2525.0,2020.0,2020.0,2020.0,2020.0,2550.0,0.879,0.88,1.1,1.1,0.918,0.918,0.865,0.865,14.989,5282.0,14848.0,23.502,204.0,42.55
2026-07-08 07:19:14,56.0,70.000              ,762.215,400.0,1067.0,0.0,56.0,56.000              ,56.0,56.0,56.0,56.0,56.0,56.0,56.0,42.784,34.974,48.975,40.684,50.099,13.366,45.142,20.0,37.003,2040.0,2040.0,2550.0,2550.0,2040.0,2040.0,2040.0,2040.0,2550.0,0.937,0.935,1.134,1.136,0.864,0.866,0.884,0.884,15.035,5286.0,14846.0,19.329,205.0,51.74
2026-07-08 07:19:15,56.0,69.000              ,761.84,375.0,1200.0,0.0,56.0,56.000              ,56.0,56.0,56.0,56.0,56.0,56.0,56.0,38.839,26.287,48.928,39.612,46.416,14.877,46.523,22.14,35.453,2020.0,2020.0,2500.0,2500.0,2000.0,2000.0,2000.0,2000.0,2500.0,0.84,0.84,1.187,1.185,0.819,0.817,0.932,0.932,14.909,5289.0,14849.0,29.154,206.0,34.3
2026-07-08 07:19:16,56.0,70.000              ,759.586,350.0,1200.0,0.0,56.0,56.000              ,56.0,56.0,56.0,56.0,56.0,56.0,56.0,39.086,29.132,55.153,39.521,45.536,12.765,49.303,18.112,36.076,2060.0,2060.0,2575.0,2575.0,2060.0,2060.0,2060.0,2060.0,2575.0,0.89,0.89,1.314,1.314,0.815,0.815,0.943,0.943,15.183,5287.0,14845.0,22.582,207.0,44.28
2026-07-08 07:19:17,56.0,70.000              ,760.84,387.0,1200.0,0.0,56.0,56.000              ,56.0,56.0,56.0,56.0,56.0,56.0,56.0,45.132,45.469,57.558,39.44,60.041,28.017,53.159,25.096,44.239,2140.0,2140.0,2675.0,2650.0,2140.0,2140.0,2140.0,2140.0,2675.0,1.014,1.014,1.065,1.065,0.987,0.99,0.912,0.913,15.324,5299.0,14848.0,22.89,208.0,43.69
2026-07-08 07:19:18,55.0,70.000              ,760.844,370.0,1200.0,0.0,55.75,55.750              ,55.75,55.75,55.75,55.75,55.75,55.75,55.75,34.941,32.856,37.33,34.544,55.922,15.855,50.463,13.95,34.483,1840.0,1840.0,1840.0,2325.0,2325.0,2325.0,1860.0,1860.0,2325.0,0.821,0.821,0.894,0.896,0.922,0.925,0.881,0.879,14.684,5307.0,14847.0,24.669,209.0,40.54
2026-07-08 07:19:19,55.0,69.000              ,760.844,358.0,1200.0,0.0,55.75,55.750              ,55.75,55.75,55.75,55.75,55.75,55.75,55.75,30.849,32.247,37.809,50.505,41.635,11.61,43.021,16.178,32.982,2100.0,2100.0,2625.0,2625.0,2100.0,2100.0,2100.0,2100.0,2625.0,0.85,0.853,1.364,1.362,0.761,0.754,0.864,0.864,14.853,5311.0,14848.0,24.719,210.0,40.45
2026-07-08 07:19:20,55.0,68.000              ,760.848,344.0,1200.0,0.0,55.75,55.750              ,55.75,55.75,55.75,55.75,55.75,55.75,55.75,36.669,24.283,43.455,43.226,36.365,11.935,42.002,6.593,30.566,2140.0,2140.0,2675.0,2675.0,2140.0,2140.0,2140.0,2140.0,2675.0,0.886,0.884,1.363,1.366,0.797,0.797,0.84,0.832,15.071,5310.0,14847.0,24.04,211.0,41.6
2026-07-08 07:19:21,55.0,70.000              ,760.844,358.0,1200.0,0.0,55.75,55.750              ,55.75,55.75,55.75,55.75,55.75,55.75,55.75,42.417,26.807,43.69,38.696,46.018,13.724,47.868,14.713,34.242,2020.0,2020.0,2525.0,2525.0,2020.0,2020.0,2020.0,2020.0,2525.0,0.915,0.915,1.148,1.146,0.865,0.865,0.913,0.924,15.155,5314.0,14847.0,23.799,212.0,42.02
2026-07-08 07:19:22,55.0,71.000              ,760.82,420.0,1067.0,0.0,55.75,55.750              ,55.75,55.75,55.75,55.75,55.75,55.75,55.75,40.129,26.04,42.669,34.594,38.992,12.088,45.669,15.605,31.973,2140.0,2140.0,2675.0,2675.0,2160.0,2140.0,2140.0,2140.0,2675.0,0.874,0.874,1.12,1.12,0.777,0.787,0.92,0.918,14.938,5311.0,14846.0,26.688,213.0,37.47
2026-07-08 07:19:23,55.0,71.000              ,760.82,315.0,1200.0,0.0,55.75,55.750              ,55.75,55.75,55.75,55.75,55.75,55.75,55.75,34.828,20.005,58.402,32.011,42.791,12.632,43.639,17.26,32.696,2180.0,2180.0,2725.0,2725.0,2180.0,2180.0,2180.0,2180.0,2725.0,0.856,0.856,1.372,1.372,0.846,0.836,0.941,0.941,14.953,5317.0,14846.0,21.532,214.0,46.44
2026-07-08 07:19:24,55.0,69.000              ,754.914,420.0,1200.0,0.0,55.75,55.750              ,55.75,55.75,55.75,55.75,55.75,55.75,55.75,25.684,27.557,34.197,38.464,40.724,9.087,40.219,11.119,28.382,2160.0,2160.0,2700.0,2700.0,2160.0,2160.0,2160.0,2160.0,2700.0,0.788,0.788,1.202,1.202,0.794,0.793,0.851,0.847,15.089,5318.0,14841.0,24.943,215.0,40.09
2026-07-08 07:19:25,55.0,69.000              ,754.859,331.0,1200.0,0.0,55.75,55.750              ,55.75,55.75,55.75,55.75,55.75,55.75,55.75,25.76,26.35,42.663,34.678,44.776,7.388,38.943,10.696,28.907,2180.0,2180.0,2725.0,2725.0,2180.0,2180.0,2180.0,2180.0,2725.0,0.849,0.849,1.229,1.23,0.825,0.825,0.915,0.92,15.193,5314.0,14841.0,20.571,216.0,48.61
2026-07-08 07:19:26,55.0,70.000              ,754.914,333.0,1200.0,0.0,55.75,55.750              ,55.75,55.75,55.75,55.75,55.75,55.75,55.75,34.583,27.241,52.312,37.358,53.173,10.757,37.768,11.911,33.138,2160.0,2160.0,2700.0,2725.0,2180.0,2180.0,2180.0,2180.0,2725.0,0.879,0.879,1.28,1.279,0.912,0.912,0.83,0.83,15.102,5315.0,14840.0,23.082,217.0,43.32
2026-07-08 07:19:27,55.0,69.000              ,755.043,435.0,1067.0,0.0,55.75,55.750              ,55.75,55.75,55.75,55.75,55.75,55.75,55.75,32.558,26.962,31.184,41.115,50.372,8.748,43.857,9.719,30.564,2160.0,2160.0,2700.0,2700.0,2160.0,2160.0,2160.0,2160.0,2700.0,0.81,0.81,1.107,1.107,0.844,0.844,0.831,0.833,14.918,5315.0,14835.0,24.786,218.0,40.35
2026-07-08 07:19:28,55.0,69.000              ,757.293,352.0,1067.0,0.0,55.75,55.750              ,55.75,55.75,55.75,55.75,55.75,55.75,55.75,43.016,24.006,39.035,42.951,57.787,12.416,38.874,11.328,33.677,2060.0,2060.0,2575.0,2575.0,2060.0,2060.0,2060.0,2060.0,2575.0,0.944,0.944,1.164,1.167,1.01,0.994,0.788,0.787,14.977,5314.0,14837.0,23.925,219.0,41.8
2026-07-08 07:19:29,55.0,70.000              ,757.543,370.0,1200.0,0.0,55.75,55.750              ,55.75,55.75,55.75,55.75,55.75,55.75,55.75,32.957,30.438,44.404,39.462,59.945,8.563,37.039,11.987,33.099,2120.0,2120.0,2650.0,2650.0,2120.0,2120.0,2120.0,2120.0,2650.0,0.848,0.848,1.215,1.212,0.964,0.979,0.789,0.789,15.297,5321.0,14837.0,23.501,220.0,42.55
2026-07-08 07:19:30,55.0,71.000              ,757.418,352.0,1067.0,0.0,55.75,55.750              ,55.75,55.75,55.75,55.75,55.75,55.75,55.75,37.386,30.563,44.368,40.079,51.807,13.857,42.275,20.944,35.16,2060.0,2060.0,2575.0,2575.0,2060.0,2060.0,2060.0,2060.0,2575.0,0.872,0.874,1.15,1.15,0.892,0.894,0.887,0.887,14.897,5318.0,14836.0,27.677,221.0,36.13
2026-07-08 07:19:31,55.0,70.000              ,755.168,344.0,1067.0,0.0,55.75,55.750              ,55.75,55.75,55.75,55.75,55.75,55.75,55.75,32.531,26.992,58.054,31.764,51.364,10.101,40.029,16.689,33.44,2140.0,2140.0,2675.0,2675.0,2140.0,2140.0,2140.0,2140.0,2675.0,0.86,0.873,1.31,1.31,0.904,0.902,0.87,0.886,15.064,5318.0,14835.0,24.61,222.0,40.63
2026-07-08 07:19:32,55.0,70.000              ,757.43,338.0,1067.0,0.0,55.75,55.750              ,55.75,55.75,55.75,55.75,55.75,55.75,55.75,32.322,26.594,62.778,33.326,56.637,10.193,40.71,18.871,35.179,2120.0,2120.0,2650.0,2650.0,2120.0,2120.0,2120.0,2120.0,2650.0,0.777,0.763,1.255,1.256,0.869,0.869,0.852,0.835,15.0,5317.0,14836.0,21.917,223.0,45.63
2026-07-08 07:19:33,55.0,69.000              ,759.676,200.0,1067.0,0.0,55.75,55.750              ,55.75,55.75,55.75,55.75,55.75,55.75,55.75,29.161,29.538,37.931,36.884,51.642,7.936,43.795,9.393,30.785,1980.0,1980.0,2475.0,2475.0,1980.0,1980.0,1980.0,1980.0,2475.0,0.774,0.774,1.116,1.115,0.817,0.817,0.82,0.82,14.925,5326.0,14840.0,25.539,224.0,39.16
2026-07-08 07:19:34,55.0,68.000              ,759.68,358.0,1067.0,0.0,55.75,55.750              ,55.75,55.75,55.75,55.75,55.75,55.75,55.75,32.592,28.223,41.621,42.03,50.386,9.762,41.708,9.031,31.919,2200.0,2200.0,2750.0,2750.0,2180.0,2180.0,2180.0,2180.0,2750.0,0.903,0.903,1.295,1.295,0.883,0.885,0.891,0.891,15.061,5326.0,14839.0,21.878,225.0,45.71
2026-07-08 07:19:35,55.0,69.000              ,759.613,344.0,1200.0,0.0,55.75,55.750              ,55.75,55.75,55.75,55.75,55.75,55.75,55.75,44.799,29.485,40.531,43.426,55.709,11.209,39.728,12.391,34.66,2080.0,2080.0,2600.0,2600.0,2600.0,2600.0,2080.0,2080.0,2600.0,0.97,0.97,1.105,1.105,0.965,0.963,0.822,0.825,15.093,5325.0,14840.0,23.873,226.0,41.89
2026-07-08 07:19:36,55.0,70.000              ,759.621,413.0,1067.0,0.0,55.625,55.625              ,55.625,55.625,55.625,55.625,55.625,55.625,55.625,33.185,23.336,32.872,39.446,37.321,13.512,37.526,18.181,29.422,2080.0,2080.0,2600.0,2600.0,2080.0,2080.0,2080.0,2080.0,2600.0,0.829,0.834,1.135,1.135,0.781,0.781,0.888,0.886,14.905,5325.0,14840.0,24.918,227.0,40.13
2026-07-08 07:19:37,55.0,70.000              ,757.367,364.0,1067.0,0.0,55.625,55.625              ,55.625,55.625,55.625,55.625,55.625,55.625,55.625,30.241,24.669,50.335,27.91,58.732,5.489,43.847,7.542,31.096,2180.0,2180.0,2725.0,2725.0,2200.0,2200.0,2200.0,2200.0,2725.0,0.883,0.878,1.28,1.28,0.983,0.983,0.928,0.928,14.988,5324.0,14839.0,24.302,228.0,41.15
2026-07-08 07:19:38,55.0,69.000              ,754.051,352.0,1067.0,0.0,55.625,55.625              ,55.625,55.625,55.625,55.625,55.625,55.625,55.625,29.912,25.295,57.449,29.437,57.098,7.695,50.032,11.306,33.528,2240.0,2240.0,2800.0,2800.0,2220.0,2220.0,2220.0,2220.0,2800.0,0.819,0.82,1.267,1.267,0.927,0.927,0.946,0.946,15.093,5324.0,14836.0,22.695,229.0,44.06
2026-07-08 07:19:39,55.0,69.000              ,754.051,344.0,1200.0,0.0,55.625,55.625              ,55.625,55.625,55.625,55.625,55.625,55.625,55.625,28.379,28.502,52.36,31.189,57.953,6.326,48.46,10.595,32.971,2060.0,2060.0,2575.0,2575.0,2060.0,2060.0,2060.0,2060.0,2575.0,0.811,0.81,1.201,1.203,0.886,0.886,0.955,0.955,15.218,5324.0,14836.0,20.178,230.0,49.56
2026-07-08 07:19:40,55.0,69.000              ,754.055,406.0,1200.0,0.0,55.625,55.625              ,55.625,55.625,55.625,55.625,55.625,55.625,55.625,28.147,27.252,67.133,19.009,51.169,7.998,49.922,9.621,32.531,2140.0,2140.0,2675.0,2675.0,2140.0,2140.0,2140.0,2140.0,2675.0,0.798,0.798,1.285,1.291,0.858,0.858,0.94,0.94,14.977,5324.0,14836.0,19.166,231.0,52.18
2026-07-08 07:19:41,55.0,68.000              ,752.551,428.0,1067.0,0.0,55.75,55.750              ,55.75,55.75,55.75,55.75,55.75,55.75,55.75,27.932,30.138,39.262,25.748,50.73,7.292,42.92,7.018,28.88,2060.0,2060.0,2575.0,2575.0,2550.0,2550.0,2060.0,2060.0,2575.0,0.848,0.851,1.011,0.993,0.906,0.906,0.847,0.848,14.932,5323.0,14834.0,24.191,232.0,41.34
2026-07-08 07:19:42,55.0,68.000              ,749.926,200.0,1067.0,0.0,55.75,55.750              ,55.75,55.75,55.75,55.75,55.75,55.75,55.75,29.292,28.753,40.949,34.352,56.305,8.649,42.615,12.851,31.721,2120.0,2120.0,2650.0,2650.0,2120.0,2120.0,2120.0,2120.0,2650.0,0.872,0.868,1.098,1.118,0.946,0.946,0.957,0.955,15.012,5323.0,14833.0,20.419,233.0,48.97
2026-07-08 07:19:43,55.0,68.000              ,749.926,344.0,1067.0,0.0,55.75,55.750              ,55.75,55.75,55.75,55.75,55.75,55.75,55.75,37.987,27.765,40.881,32.012,49.194,10.928,44.977,14.69,32.304,2240.0,2240.0,2800.0,2800.0,2240.0,2240.0,2240.0,2240.0,2800.0,0.96,0.96,1.114,1.113,0.884,0.884,0.984,0.984,15.034,5323.0,14833.0,22.228,234.0,44.99
2026-07-08 07:19:44,55.0,69.000              ,749.926,310.0,1200.0,0.0,55.75,55.750              ,55.75,55.75,55.75,55.75,55.75,55.75,55.75,37.602,27.784,40.25,30.149,54.427,9.382,44.415,12.005,32.002,2140.0,2140.0,2675.0,2675.0,2140.0,2140.0,2140.0,2140.0,2675.0,0.973,0.973,1.108,1.101,0.996,0.996,0.988,0.991,15.162,5323.0,14827.0,22.736,235.0,43.98
2026-07-08 07:19:45,55.0,70.000              ,749.93,358.0,1067.0,0.0,55.75,55.750              ,55.75,55.75,55.75,55.75,55.75,55.75,55.75,35.453,27.071,52.923,26.863,50.369,9.965,48.968,10.779,32.799,2180.0,2180.0,2725.0,2725.0,2725.0,2725.0,2180.0,2180.0,2725.0,0.886,0.889,1.149,1.151,0.923,0.909,0.937,0.944,14.937,5323.0,14826.0,18.529,236.0,53.97
2026-07-08 07:19:46,55.0,69.000              ,743.902,310.0,1200.0,0.0,55.75,55.750              ,55.75,55.75,55.75,55.75,55.75,55.75,55.75,26.965,24.686,52.748,29.303,42.123,9.089,38.784,11.262,29.37,2200.0,2220.0,2775.0,2775.0,2220.0,2220.0,2220.0,2220.0,2775.0,0.888,0.886,1.337,1.338,0.834,0.848,0.986,0.977,15.2,5322.0,14820.0,26.337,237.0,37.97
2026-07-08 07:19:47,55.0,68.000              ,743.969,200.0,1067.0,0.0,55.625,55.625              ,55.625,55.625,55.625,55.625,55.625,55.625,55.625,33.538,25.284,49.05,33.038,53.998,10.802,36.627,17.617,32.494,2120.0,2120.0,2650.0,2650.0,2120.0,2120.0,2120.0,2120.0,2650.0,0.882,0.882,1.216,1.214,0.964,0.964,0.894,0.894,14.972,5322.0,14819.0,23.474,238.0,42.6
2026-07-08 07:19:48,55.0,68.000              ,743.965,350.0,1067.0,0.0,55.625,55.625              ,55.625,55.625,55.625,55.625,55.625,55.625,55.625,31.952,25.15,49.26,33.092,56.704,10.275,37.65,18.18,32.783,2200.0,2200.0,2750.0,2750.0,2200.0,2200.0,2200.0,2200.0,2750.0,0.866,0.866,1.18,1.182,0.979,0.979,0.905,0.905,15.019,5322.0,14819.0,22.559,239.0,44.33
2026-07-08 07:19:49,55.0,70.000              ,743.969,200.0,1067.0,0.0,55.625,55.625              ,55.625,55.625,55.625,55.625,55.625,55.625,55.625,41.025,26.341,44.364,35.84,50.376,14.827,33.384,20.108,33.283,2650.0,2650.0,2120.0,2120.0,2140.0,2140.0,2140.0,2140.0,2650.0,0.958,0.961,1.143,1.141,0.972,0.972,0.914,0.914,15.025,5321.0,14814.0,24.61,240.0,40.63
2026-07-08 07:19:50,55.0,70.000              ,743.965,375.0,1067.0,0.0,55.625,55.625              ,55.625,55.625,55.625,55.625,55.625,55.625,55.625,41.35,26.301,44.959,35.373,51.177,12.364,36.479,18.238,33.28,2220.0,2220.0,2800.0,2800.0,2240.0,2240.0,2240.0,2240.0,2800.0,0.951,0.954,1.166,1.166,0.918,0.918,0.919,0.926,14.994,5321.0,14813.0,19.34,241.0,51.71
2026-07-08 07:19:51,55.0,69.000              ,743.965,400.0,1067.0,0.0,55.5,55.500              ,55.5,55.5,55.5,55.5,55.5,55.5,55.5,30.369,24.432,36.332,34.145,43.548,12.6,38.226,14.129,29.223,2200.0,2200.0,2750.0,2750.0,2200.0,2200.0,2220.0,2220.0,2750.0,0.832,0.826,1.13,1.131,0.893,0.893,0.88,0.873,14.965,5320.0,14813.0,25.294,242.0,39.54
2026-07-08 07:19:52,55.0,69.000              ,743.965,352.0,1067.0,0.0,55.5,55.500              ,55.5,55.5,55.5,55.5,55.5,55.5,55.5,26.284,21.969,49.107,23.451,57.445,4.566,36.025,16.948,29.475,2240.0,2240.0,2800.0,2800.0,2220.0,2220.0,2220.0,2220.0,2800.0,0.85,0.841,1.177,1.175,0.994,0.994,0.958,0.964,15.108,5319.0,14812.0,22.389,243.0,44.66
2026-07-08 07:19:53,55.0,70.000              ,743.965,315.0,1200.0,0.0,55.5,55.500              ,55.5,55.5,55.5,55.5,55.5,55.5,55.5,29.785,25.786,60.053,29.924,58.208,6.239,42.055,19.452,33.938,2140.0,2140.0,2675.0,2675.0,2140.0,2140.0,2140.0,2140.0,2675.0,0.821,0.83,1.31,1.31,0.958,0.958,0.949,0.943,15.128,5319.0,14812.0,24.278,244.0,41.19
2026-07-08 07:19:54,55.0,69.000              ,743.969,200.0,1200.0,0.0,55.5,55.500              ,55.5,55.5,55.5,55.5,55.5,55.5,55.5,31.785,24.421,64.178,24.551,49.222,8.219,45.34,16.022,32.967,2100.0,2100.0,2625.0,2625.0,2100.0,2100.0,2100.0,2100.0,2625.0,0.866,0.868,1.303,1.303,0.86,0.86,0.963,0.963,15.018,5318.0,14812.0,19.531,245.0,51.2
2026-07-08 07:19:55,55.0,68.000              ,743.965,393.0,1067.0,0.0,55.5,55.500              ,55.5,55.5,55.5,55.5,55.5,55.5,55.5,28.049,25.592,70.576,19.1,44.099,8.44,42.824,14.571,31.656,2180.0,2180.0,2725.0,2725.0,2180.0,2180.0,2180.0,2180.0,2725.0,0.84,0.837,1.375,1.375,0.811,0.813,0.944,0.948,14.919,5318.0,14813.0,18.639,246.0,53.65
2026-07-08 07:19:56,55.0,70.000              ,743.969,200.0,1067.0,0.0,55.5,55.500              ,55.5,55.5,55.5,55.5,55.5,55.5,55.5,31.119,26.65,44.971,33.715,53.169,6.271,41.716,11.424,31.129,2180.0,2180.0,2725.0,2725.0,2180.0,2180.0,2180.0,2180.0,2725.0,0.863,0.863,1.252,1.253,0.882,0.88,0.874,0.871,15.155,5318.0,14813.0,28.251,247.0,35.4
2026-07-08 07:19:57,55.0,69.000              ,743.969,344.0,1067.0,0.0,55.5,55.500              ,55.5,55.5,55.5,55.5,55.5,55.5,55.5,33.206,24.56,46.693,27.765,54.658,9.419,44.607,12.576,31.685,2080.0,2080.0,2080.0,2080.0,2600.0,2600.0,2080.0,2080.0,2600.0,0.853,0.855,1.131,1.13,0.913,0.913,0.956,0.956,15.01,5317.0,14812.0,22.624,248.0,44.2
2026-07-08 07:19:58,55.0,69.000              ,743.965,358.0,1067.0,0.0,55.5,55.500              ,55.5,55.5,55.5,55.5,55.5,55.5,55.5,36.258,26.233,43.997,30.032,56.407,4.888,46.333,9.499,31.706,2200.0,2200.0,2750.0,2750.0,2180.0,2180.0,2180.0,2180.0,2750.0,0.894,0.893,1.141,1.144,0.926,0.926,0.918,0.918,14.887,5317.0,14813.0,23.729,249.0,42.14
2026-07-08 07:19:59,55.0,70.000              ,743.977,358.0,1067.0,0.0,55.5,55.500              ,55.5,55.5,55.5,55.5,55.5,55.5,55.5,33.097,22.302,37.001,34.62,39.89,12.446,39.54,15.583,29.31,2160.0,2160.0,2700.0,2700.0,2160.0,2160.0,2160.0,2160.0,2700.0,0.827,0.825,1.147,1.144,0.817,0.817,0.873,0.873,14.975,5317.0,14810.0,25.017,250.0,39.97
2026-07-08 07:20:00,55.0,70.000              ,744.969,200.0,1200.0,0.0,55.5,55.500              ,55.5,55.5,55.5,55.5,55.5,55.5,55.5,29.014,25.859,44.097,39.047,43.767,10.121,35.696,18.076,30.709,2220.0,2220.0,2775.0,2825.0,2260.0,2260.0,2260.0,2260.0,2825.0,0.905,0.905,1.365,1.364,0.839,0.839,0.917,0.917,15.121,5324.0,14813.0,20.026,251.0,49.94
2026-07-08 07:20:01,55.0,69.000              ,744.965,350.0,1067.0,0.0,55.5,55.500              ,55.5,55.5,55.5,55.5,55.5,55.5,55.5,25.257,23.964,48.744,26.81,57.096,12.519,35.271,20.624,31.286,2180.0,2180.0,2725.0,2725.0,2180.0,2180.0,2180.0,2180.0,2725.0,0.816,0.815,1.108,1.117,1.045,1.045,0.944,0.935,15.097,5321.0,14812.0,22.942,252.0,43.59
2026-07-08 07:20:02,55.0,70.000              ,744.965,305.0,1200.0,0.0,55.5,55.500              ,55.5,55.5,55.5,55.5,55.5,55.5,55.5,33.814,29.522,59.663,30.662,55.362,12.89,40.188,19.895,35.249,2060.0,2060.0,2575.0,2575.0,2575.0,2575.0,2060.0,2060.0,2575.0,0.839,0.841,1.183,1.173,0.908,0.913,0.856,0.864,15.066,5324.0,14812.0,22.945,253.0,43.58
2026-07-08 07:20:03,55.0,69.000              ,744.965,435.0,1067.0,0.0,55.5,55.500              ,55.5,55.5,55.5,55.5,55.5,55.5,55.5,27.809,25.454,44.404,31.635,44.578,9.01,38.15,14.69,29.466,2100.0,2100.0,2625.0,2625.0,2100.0,2100.0,2100.0,2100.0,2625.0,0.797,0.801,1.206,1.206,0.77,0.765,0.854,0.854,15.02,5322.0,14812.0,23.848,254.0,41.93
2026-07-08 07:20:04,55.0,69.000              ,744.965,315.0,1200.0,0.0,55.5,55.500              ,55.5,55.5,55.5,55.5,55.5,55.5,55.5,28.944,25.737,44.401,29.183,53.633,9.345,40.687,7.848,29.972,2240.0,2240.0,2240.0,2240.0,2800.0,2800.0,2240.0,2240.0,2800.0,0.869,0.866,1.138,1.139,0.972,0.972,0.902,0.902,15.037,5321.0,14812.0,21.587,255.0,46.32
2026-07-08 07:20:05,55.0,69.000              ,744.969,200.0,1067.0,0.0,55.5,55.500              ,55.5,55.5,55.5,55.5,55.5,55.5,55.5,38.868,28.042,44.685,30.494,61.109,7.692,44.0,11.161,33.256,2120.0,2120.0,2650.0,2650.0,2120.0,2120.0,2120.0,2120.0,2650.0,0.936,0.936,1.088,1.089,1.028,1.028,0.904,0.904,14.89,5321.0,14812.0,24.439,256.0,40.92
2026-07-08 07:20:06,55.0,69.000              ,744.965,375.0,1067.0,0.0,55.5,55.500              ,55.5,55.5,55.5,55.5,55.5,55.5,55.5,35.363,26.72,44.033,32.591,61.422,8.842,43.698,12.626,33.162,2080.0,2080.0,2600.0,2600.0,2600.0,2600.0,2080.0,2080.0,2600.0,0.881,0.883,1.11,1.114,1.008,0.992,0.916,0.916,15.033,5321.0,14812.0,21.764,257.0,45.95
2026-07-08 07:20:07,55.0,70.000              ,744.965,387.0,1200.0,0.0,55.5,55.500              ,55.5,55.5,55.5,55.5,55.5,55.5,55.5,39.929,24.383,44.437,29.176,59.725,10.678,39.364,21.903,33.699,2140.0,2140.0,2140.0,2160.0,2700.0,2700.0,2140.0,2140.0,2700.0,0.876,0.874,1.024,1.018,1.034,1.051,0.983,0.983,15.181,5331.0,14812.0,18.89,258.0,52.94
2026-07-08 07:20:08,55.0,70.000              ,744.965,393.0,1200.0,0.0,55.5,55.500              ,55.5,55.5,55.5,55.5,55.5,55.5,55.5,27.791,29.689,33.877,34.52,47.701,7.763,36.283,12.4,28.753,2140.0,2140.0,2675.0,2675.0,2140.0,2140.0,2140.0,2140.0,2675.0,0.877,0.877,1.177,1.177,0.87,0.873,0.827,0.827,14.986,5330.0,14812.0,22.679,259.0,44.09
2026-07-08 07:20:09,55.0,70.000              ,744.965,344.0,1067.0,0.0,55.5,55.500              ,55.5,55.5,55.5,55.5,55.5,55.5,55.5,25.773,23.58,52.344,30.471,45.059,5.536,33.885,14.833,28.935,2120.0,2650.0,2650.0,2650.0,2200.0,2200.0,2200.0,2200.0,2650.0,0.827,0.827,1.318,1.318,0.865,0.862,0.912,0.897,14.876,5329.0,14811.0,20.245,260.0,49.39
2026-07-08 07:20:10,55.0,70.000              ,744.965,321.0,1200.0,0.0,55.5,55.500              ,55.5,55.5,55.5,55.5,55.5,55.5,55.5,35.042,30.057,48.118,31.617,58.923,8.594,39.914,16.201,33.558,2675.0,2675.0,2675.0,2700.0,2160.0,2160.0,2160.0,2160.0,2700.0,0.951,0.951,1.202,1.202,1.038,1.038,0.935,0.952,15.304,5328.0,14811.0,21.342,261.0,46.86
2026-07-08 07:20:11,55.0,70.000              ,746.039,200.0,1200.0,0.0,55.5,55.500              ,55.5,55.5,55.5,55.5,55.5,55.5,55.5,43.3,26.586,59.473,33.637,60.88,12.59,41.105,22.927,37.562,2040.0,2040.0,2550.0,2550.0,2040.0,2040.0,2040.0,2040.0,2550.0,0.85,0.85,1.131,1.131,0.929,0.929,0.889,0.887,15.169,5327.0,14813.0,21.67,262.0,46.15
2026-07-08 07:20:12,55.0,68.000              ,747.035,450.0,1200.0,0.0,55.5,55.500              ,55.5,55.5,55.5,55.5,55.5,55.5,55.5,45.281,45.442,59.925,59.061,64.936,36.714,68.081,56.404,54.481,1820.0,1820.0,2275.0,2275.0,1800.0,1800.0,1800.0,1800.0,2275.0,0.788,0.79,1.036,1.036,0.915,0.915,1.132,1.132,15.11,5361.0,14832.0,20.819,263.0,48.03
2026-07-08 07:20:13,55.0,68.000              ,747.039,426.0,1200.0,0.0,55.5,55.500              ,55.5,55.5,55.5,55.5,55.5,55.5,55.5,48.434,35.994,55.244,52.546,59.254,24.142,50.42,38.796,45.604,1760.0,1760.0,1760.0,1780.0,1780.0,1780.0,1780.0,1780.0,1780.0,0.731,0.729,1.012,1.014,0.796,0.796,0.829,0.829,14.844,5358.0,14826.0,21.649,264.0,46.19
2026-07-08 07:20:14,55.0,69.000              ,747.035,375.0,1200.0,0.0,55.5,55.500              ,55.5,55.5,55.5,55.5,55.5,55.5,55.5,39.943,27.881,53.283,33.007,65.655,11.414,44.994,17.051,36.654,1940.0,1940.0,2425.0,2450.0,1960.0,1960.0,1960.0,1960.0,2450.0,0.805,0.805,1.009,1.007,0.956,0.968,0.811,0.811,14.879,5356.0,14826.0,22.889,265.0,43.69
2026-07-08 07:20:15,55.0,69.000              ,746.91,370.0,1200.0,0.0,55.5,55.500              ,55.5,55.5,55.5,55.5,55.5,55.5,55.5,40.589,22.505,52.194,28.225,60.575,8.777,41.946,18.089,34.113,2040.0,2040.0,2040.0,2040.0,2575.0,2575.0,2060.0,2060.0,2575.0,0.808,0.808,1.039,1.039,0.989,0.978,0.862,0.862,15.078,5355.0,14825.0,21.744,266.0,45.99
2026-07-08 07:20:16,55.0,68.000              ,747.297,400.0,1200.0,0.0,55.5,55.500              ,55.5,55.5,55.5,55.5,55.5,55.5,55.5,41.395,29.428,49.604,31.632,67.616,12.124,44.377,18.486,36.833,2000.0,2000.0,2500.0,2500.0,2500.0,2500.0,2000.0,2000.0,2500.0,0.826,0.826,0.958,0.959,1.059,1.059,0.838,0.838,15.063,5355.0,14826.0,24.622,267.0,40.61
2026-07-08 07:20:17,55.0,68.000              ,747.285,469.0,1067.0,0.0,55.5,55.500              ,55.5,55.5,55.5,55.5,55.5,55.5,55.5,43.097,25.745,54.446,29.292,65.25,12.571,39.464,18.365,36.029,1980.0,1980.0,1980.0,1980.0,2475.0,2475.0,1980.0,1980.0,2475.0,0.799,0.802,0.962,0.96,1.011,1.011,0.785,0.788,15.1,5353.0,14826.0,19.692,268.0,50.78
2026-07-08 07:20:18,55.0,70.000              ,747.289,435.0,1200.0,0.0,55.5,55.500              ,55.5,55.5,55.5,55.5,55.5,55.5,55.5,37.417,30.298,36.39,38.578,46.489,9.353,45.166,16.509,32.525,1940.0,1960.0,1960.0,2450.0,2450.0,2450.0,1960.0,1960.0,2450.0,0.835,0.833,1.053,1.053,0.737,0.737,0.882,0.879,14.789,5353.0,14826.0,25.283,269.0,39.55
2026-07-08 07:20:19,55.0,71.000              ,747.285,387.0,1200.0,0.0,55.5,55.500              ,55.5,55.5,55.5,55.5,55.5,55.5,55.5,33.919,25.014,36.191,37.922,57.605,7.675,45.635,11.229,31.899,2120.0,2120.0,2650.0,2650.0,2120.0,2120.0,2120.0,2120.0,2650.0,0.832,0.832,1.082,1.084,0.922,0.922,0.901,0.901,15.26,5352.0,14826.0,25.141,270.0,39.78
2026-07-08 07:20:20,55.0,71.000              ,747.285,420.0,1200.0,0.0,55.5,55.500              ,55.5,55.5,55.5,55.5,55.5,55.5,55.5,37.146,30.443,49.424,36.963,57.347,11.244,51.652,13.617,35.98,1980.0,1980.0,1980.0,1980.0,2475.0,2475.0,1960.0,1960.0,2475.0,0.807,0.808,1.088,1.086,0.844,0.846,0.859,0.859,15.027,5352.0,14823.0,22.486,271.0,44.47
2026-07-08 07:20:21,55.0,71.000              ,746.406,420.0,1067.0,0.0,55.5,55.500              ,55.5,55.5,55.5,55.5,55.5,55.5,55.5,34.496,24.54,39.574,43.023,45.494,12.333,38.752,17.158,31.921,2000.0,2000.0,2500.0,2500.0,2000.0,2000.0,2000.0,2000.0,2500.0,0.805,0.804,1.191,1.191,0.793,0.791,0.816,0.82,14.941,5352.0,14824.0,25.899,272.0,38.61
2026-07-08 07:20:22,55.0,70.000              ,746.527,381.0,1200.0,0.0,55.5,55.500              ,55.5,55.5,55.5,55.5,55.5,55.5,55.5,34.958,27.327,55.084,35.448,50.471,14.46,37.722,21.237,34.588,2060.0,2060.0,2575.0,2575.0,2060.0,2060.0,2060.0,2060.0,2575.0,0.8,0.813,1.176,1.179,0.836,0.825,0.83,0.827,14.868,5357.0,14824.0,21.178,273.0,47.22
2026-07-08 07:20:23,55.0,69.000              ,749.027,387.0,1200.0,0.0,55.5,55.500              ,55.5,55.5,55.5,55.5,55.5,55.5,55.5,35.837,30.69,53.026,32.446,49.929,14.44,47.112,16.535,35.002,2020.0,2020.0,2525.0,2525.0,2020.0,2020.0,2020.0,2020.0,2525.0,0.85,0.841,1.126,1.122,0.825,0.837,0.899,0.899,15.219,5357.0,14831.0,24.132,274.0,41.44
2026-07-08 07:20:24,55.0,69.000              ,748.027,352.0,1200.0,0.0,55.5,55.500              ,55.5,55.5,55.5,55.5,55.5,55.5,55.5,35.386,29.48,64.849,33.341,43.631,16.809,43.477,18.382,35.669,2040.0,2040.0,2575.0,2575.0,2060.0,2060.0,2060.0,2060.0,2575.0,0.836,0.832,1.208,1.209,0.799,0.799,0.87,0.871,14.961,5361.0,14830.0,24.884,275.0,40.19
2026-07-08 07:20:25,55.0,69.000              ,748.031,413.0,1067.0,0.0,55.5,55.500              ,55.5,55.5,55.5,55.5,55.5,55.5,55.5,39.655,29.169,50.567,29.944,40.449,16.021,49.337,17.732,34.109,2060.0,2060.0,2575.0,2575.0,2060.0,2060.0,2060.0,2060.0,2575.0,0.907,0.907,1.043,1.042,0.785,0.785,0.977,0.977,14.947,5362.0,14830.0,19.319,276.0,51.76
2026-07-08 07:20:26,55.0,69.000              ,748.027,442.0,1067.0,0.0,55.5,55.500              ,55.5,55.5,55.5,55.5,55.5,55.5,55.5,33.504,24.726,36.51,38.082,39.803,12.202,44.153,16.545,30.691,2120.0,2120.0,2650.0,2650.0,2120.0,2120.0,2120.0,2120.0,2650.0,0.842,0.842,1.071,1.071,0.717,0.717,0.904,0.904,15.084,5362.0,14830.0,26.218,277.0,38.14
2026-07-08 07:20:27,55.0,70.000              ,748.066,406.0,1067.0,0.0,55.5,55.500              ,55.5,55.5,55.5,55.5,55.5,55.5,55.5,33.158,21.372,58.179,30.726,39.511,11.358,49.755,9.576,31.704,2160.0,2160.0,2700.0,2700.0,2160.0,2160.0,2160.0,2160.0,2700.0,0.813,0.813,1.264,1.264,0.782,0.783,0.879,0.877,15.189,5361.0,14828.0,22.019,278.0,45.42
2026-07-08 07:20:28,55.0,69.000              ,748.066,442.0,1067.0,0.0,55.5,55.500              ,55.5,55.5,55.5,55.5,55.5,55.5,55.5,42.726,18.852,62.438,28.555,50.967,11.848,53.399,10.608,34.924,2060.0,2060.0,2575.0,2575.0,2060.0,2080.0,2080.0,2080.0,2575.0,0.828,0.828,1.183,1.185,0.822,0.821,0.858,0.858,15.07,5362.0,14829.0,22.887,279.0,43.69
2026-07-08 07:20:29,55.0,70.000              ,745.816,400.0,1200.0,0.0,55.5,55.500              ,55.5,55.5,55.5,55.5,55.5,55.5,55.5,43.88,17.138,64.902,17.114,54.668,8.311,52.672,10.306,33.624,2325.0,2325.0,1860.0,1860.0,1860.0,1860.0,1860.0,1860.0,2325.0,0.819,0.819,0.98,0.978,0.784,0.786,0.788,0.797,14.976,5365.0,14828.0,20.114,280.0,49.72
2026-07-08 07:20:30,55.0,69.000              ,748.066,400.0,1200.0,0.0,55.5,55.500              ,55.5,55.5,55.5,55.5,55.5,55.5,55.5,33.771,22.897,54.403,28.123,44.32,8.846,43.53,8.525,30.552,2000.0,2000.0,2500.0,2500.0,2000.0,2000.0,2000.0,2000.0,2500.0,0.812,0.812,1.106,1.107,0.765,0.764,0.792,0.783,14.847,5365.0,14829.0,26.874,281.0,37.21
2026-07-08 07:20:31,55.0,69.000              ,748.066,364.0,1067.0,0.0,55.5,55.500              ,55.5,55.5,55.5,55.5,55.5,55.5,55.5,35.565,26.061,57.255,26.276,47.308,7.354,43.599,12.645,32.008,2060.0,2080.0,2600.0,2600.0,2080.0,2080.0,2080.0,2080.0,2600.0,0.887,0.887,1.162,1.161,0.819,0.819,0.908,0.908,15.027,5363.0,14828.0,20.065,282.0,49.84
2026-07-08 07:20:32,55.0,70.000              ,748.066,364.0,1200.0,0.0,55.5,55.500              ,55.5,55.5,55.5,55.5,55.5,55.5,55.5,37.782,26.27,53.149,30.383,43.497,9.198,50.827,10.703,32.726,2160.0,2160.0,2700.0,2700.0,2160.0,2160.0,2160.0,2160.0,2700.0,0.902,0.904,1.187,1.187,0.808,0.808,0.924,0.928,15.049,5363.0,14828.0,22.831,283.0,43.8
2026-07-08 07:20:33,55.0,68.000              ,748.066,387.0,1200.0,0.0,55.5,55.500              ,55.5,55.5,55.5,55.5,55.5,55.5,55.5,45.162,24.628,54.237,28.082,41.304,12.062,55.736,14.416,34.453,2040.0,2040.0,2550.0,2550.0,2040.0,2040.0,2020.0,2020.0,2550.0,0.945,0.944,1.035,1.035,0.815,0.815,1.002,1.001,15.055,5363.0,14827.0,21.943,284.0,45.57
2026-07-08 07:20:34,55.0,68.000              ,745.301,457.0,1067.0,0.0,55.5,55.500              ,55.5,55.5,55.5,55.5,55.5,55.5,55.5,41.149,25.507,52.41,30.552,44.164,18.072,59.312,13.194,35.545,1960.0,1960.0,2425.0,2425.0,1940.0,1940.0,1940.0,1940.0,2425.0,0.833,0.833,1.039,1.039,0.858,0.867,0.977,0.976,15.096,5362.0,14827.0,19.006,285.0,52.61
2026-07-08 07:20:35,55.0,70.000              ,745.254,450.0,1067.0,0.0,55.5,55.500              ,55.5,55.5,55.5,55.5,55.5,55.5,55.5,34.048,19.142,55.039,30.585,37.972,11.992,50.228,8.54,30.943,2140.0,2140.0,2675.0,2675.0,2140.0,2140.0,2140.0,2140.0,2675.0,0.821,0.821,1.262,1.262,0.769,0.761,0.876,0.876,14.956,5362.0,14826.0,29.402,286.0,34.01
2026-07-08 07:20:36,55.0,71.000              ,745.254,413.0,1067.0,0.0,55.5,55.500              ,55.5,55.5,55.5,55.5,55.5,55.5,55.5,37.089,25.573,56.922,30.404,46.279,11.365,62.164,9.131,34.866,2040.0,2040.0,2040.0,2040.0,2040.0,2040.0,2550.0,2550.0,2550.0,0.843,0.843,1.146,1.146,0.782,0.782,0.929,0.929,14.962,5364.0,14826.0,25.269,287.0,39.57
2026-07-08 07:20:37,55.0,70.000              ,746.254,420.0,1200.0,0.0,55.5,55.500              ,55.5,55.5,55.5,55.5,55.5,55.5,55.5,33.375,29.449,48.266,33.508,50.918,12.2,63.16,9.031,34.988,1960.0,1960.0,2450.0,2450.0,1960.0,1960.0,1960.0,1960.0,2450.0,0.783,0.783,1.036,1.036,0.801,0.801,0.958,0.958,15.004,5366.0,14824.0,20.921,288.0,47.8
2026-07-08 07:20:38,55.0,69.000              ,746.258,484.0,1200.0,0.0,55.5,55.500              ,55.5,55.5,55.5,55.5,55.5,55.5,55.5,24.285,26.949,37.017,34.852,39.206,10.0,45.652,9.806,28.471,2060.0,2060.0,2575.0,2575.0,2060.0,2060.0,2060.0,2060.0,2575.0,0.729,0.731,1.08,1.084,0.751,0.751,0.864,0.864,15.259,5365.0,14825.0,25.783,289.0,38.79
2026-07-08 07:20:39,55.0,69.000              ,746.25,387.0,1200.0,0.0,55.5,55.500              ,55.5,55.5,55.5,55.5,55.5,55.5,55.5,33.181,28.418,55.506,32.206,40.597,13.907,53.166,11.967,33.619,2020.0,2020.0,2020.0,2020.0,2020.0,2020.0,2525.0,2525.0,2525.0,0.851,0.849,1.159,1.156,0.793,0.793,0.963,0.963,14.927,5367.0,14825.0,22.291,290.0,44.86
2026-07-08 07:20:40,55.0,69.000              ,746.254,492.0,1067.0,0.0,55.5,55.500              ,55.5,55.5,55.5,55.5,55.5,55.5,55.5,30.364,28.673,40.116,24.101,56.95,9.665,46.067,11.58,30.94,2120.0,2120.0,2650.0,2650.0,2120.0,2120.0,2120.0,2120.0,2650.0,0.787,0.802,0.869,0.869,0.938,0.965,0.856,0.856,15.159,5367.0,14825.0,24.896,291.0,40.17
2026-07-08 07:20:41,55.0,69.000              ,746.254,381.0,1067.0,0.0,55.5,55.500              ,55.5,55.5,55.5,55.5,55.5,55.5,55.5,46.988,29.352,50.259,31.559,44.757,15.322,48.96,14.271,35.183,1980.0,1980.0,2475.0,2475.0,1980.0,1980.0,1980.0,1980.0,2475.0,0.941,0.927,1.015,1.015,0.843,0.815,0.873,0.874,14.916,5365.0,14825.0,22.215,292.0,45.01
2026-07-08 07:20:42,55.0,69.000              ,746.258,200.0,1067.0,0.0,55.5,55.500              ,55.5,55.5,55.5,55.5,55.5,55.5,55.5,35.281,28.197,42.85,29.352,39.852,16.375,64.29,13.042,33.655,2000.0,2000.0,2000.0,2000.0,2525.0,2525.0,2020.0,2020.0,2525.0,0.837,0.837,0.908,0.915,0.791,0.791,1.159,1.158,15.025,5365.0,14823.0,20.142,293.0,49.65
2026-07-08 07:20:43,55.0,69.000              ,746.258,461.0,1067.0,0.0,55.5,55.500              ,55.5,55.5,55.5,55.5,55.5,55.5,55.5,35.524,26.784,44.678,35.654,41.102,9.635,57.473,10.748,32.7,2140.0,2140.0,2675.0,2675.0,2140.0,2140.0,2140.0,2140.0,2675.0,0.854,0.854,1.048,1.041,0.766,0.768,0.986,0.989,14.958,5364.0,14823.0,19.926,294.0,50.19
2026-07-08 07:20:44,55.0,70.000              ,746.383,200.0,1067.0,0.0,55.5,55.500              ,55.5,55.5,55.5,55.5,55.5,55.5,55.5,27.166,26.529,41.917,35.253,37.749,10.747,43.784,15.498,29.831,2040.0,2040.0,2550.0,2575.0,2060.0,2060.0,2600.0,2600.0,2600.0,0.766,0.766,1.077,1.077,0.711,0.708,0.9,0.898,14.948,5364.0,14823.0,25.501,295.0,39.21
2026-07-08 07:20:45,55.0,69.000              ,746.348,428.0,1200.0,0.0,55.5,55.500              ,55.5,55.5,55.5,55.5,55.5,55.5,55.5,32.547,23.367,58.905,31.013,37.097,13.647,39.283,13.469,31.166,2080.0,2080.0,2600.0,2600.0,2080.0,2080.0,2080.0,2080.0,2600.0,0.863,0.868,1.324,1.324,0.799,0.799,0.841,0.841,15.04,5363.0,14823.0,20.808,296.0,48.06
2026-07-08 07:20:46,55.0,70.000              ,748.879,375.0,1200.0,0.0,55.5,55.500              ,55.5,55.5,55.5,55.5,55.5,55.5,55.5,31.65,24.218,54.179,31.317,42.271,14.411,53.355,14.983,33.298,2140.0,2140.0,2675.0,2675.0,2140.0,2140.0,2140.0,2140.0,2675.0,0.817,0.812,1.166,1.166,0.821,0.829,0.962,0.962,15.284,5362.0,14827.0,22.948,297.0,43.58
2026-07-08 07:20:47,55.0,70.000              ,750.383,200.0,1067.0,0.0,55.5,55.500              ,55.5,55.5,55.5,55.5,55.5,55.5,55.5,32.904,27.233,55.59,30.661,43.702,13.479,51.015,20.228,34.351,2040.0,2040.0,2550.0,2550.0,2040.0,2040.0,2040.0,2040.0,2550.0,0.841,0.843,1.133,1.133,0.821,0.813,0.975,0.975,15.004,5361.0,14829.0,22.696,298.0,44.06
2026-07-08 07:20:48,55.0,68.000              ,749.383,442.0,1067.0,0.0,55.5,55.500              ,55.5,55.5,55.5,55.5,55.5,55.5,55.5,38.443,25.08,55.794,28.147,39.26,8.973,46.691,18.057,32.556,2100.0,2100.0,2625.0,2625.0,2100.0,2100.0,2100.0,2100.0,2625.0,0.902,0.9,1.122,1.122,0.763,0.763,0.933,0.933,14.897,5361.0,14828.0,19.426,299.0,51.48
2026-07-08 07:20:49,55.0,70.000              ,749.387,533.0,1200.0,0.0,55.5,55.500              ,55.5,55.5,55.5,55.5,55.5,55.5,55.5,36.767,27.915,49.172,28.413,57.392,16.369,51.729,21.197,36.119,2020.0,2020.0,2525.0,2525.0,2020.0,2020.0,2020.0,2020.0,2525.0,0.756,0.758,0.908,0.908,0.94,0.94,0.885,0.885,15.097,5368.0,14828.0,26.244,300.0,38.1
2026-07-08 07:20:50,55.0,70.000              ,747.137,420.0,1067.0,0.0,55.5,55.500              ,55.5,55.5,55.5,55.5,55.5,55.5,55.5,47.3,24.548,49.226,37.247,55.015,15.041,49.964,24.696,37.88,2000.0,2000.0,2500.0,2500.0,2500.0,2500.0,1980.0,1980.0,2500.0,0.807,0.805,0.991,0.991,0.81,0.81,0.928,0.928,15.072,5378.0,14825.0,22.56,301.0,44.33
2026-07-08 07:20:51,55.0,70.000              ,747.137,469.0,1200.0,0.0,55.5,55.500              ,55.5,55.5,55.5,55.5,55.5,55.5,55.5,41.743,31.752,56.378,37.731,54.602,15.096,51.774,22.527,38.95,1960.0,1960.0,2450.0,2450.0,1960.0,1960.0,1960.0,1960.0,2450.0,0.835,0.835,1.131,1.136,0.832,0.832,0.925,0.925,15.261,5391.0,14825.0,20.6,302.0,48.54
2026-07-08 07:20:52,55.0,72.000              ,744.988,435.0,1200.0,0.0,55.5,55.500              ,55.5,55.5,55.5,55.5,55.5,55.5,55.5,51.512,38.632,60.916,47.789,61.998,30.132,65.782,40.592,49.669,1760.0,1760.0,1760.0,1760.0,1760.0,1760.0,2200.0,2200.0,2200.0,0.795,0.796,0.957,0.952,0.814,0.816,0.961,0.961,15.184,5411.0,14820.0,26.062,303.0,38.37
2026-07-08 07:20:53,55.0,71.000              ,742.309,428.0,1200.0,0.0,55.5,55.500              ,55.5,55.5,55.5,55.5,55.5,55.5,55.5,60.461,42.582,64.453,51.641,69.02,37.258,63.023,33.845,52.785,1860.0,1840.0,1860.0,1860.0,1550.0,1550.0,1840.0,1840.0,1860.0,0.788,0.786,0.911,0.911,0.834,0.857,0.75,0.751,14.677,5415.0,14777.0,29.873,304.0,33.48
2026-07-08 07:20:54,55.0,69.000              ,742.309,364.0,1200.0,0.0,55.5,55.500              ,55.5,55.5,55.5,55.5,55.5,55.5,55.5,38.628,23.406,47.445,37.018,50.017,14.171,56.426,15.537,35.331,1940.0,1940.0,2425.0,2425.0,1940.0,1940.0,1940.0,1940.0,2425.0,0.794,0.794,1.023,1.023,0.829,0.804,0.99,0.991,15.03,5412.0,14775.0,22.582,305.0,44.28
2026-07-08 07:20:55,55.0,69.000              ,744.324,200.0,1067.0,0.0,55.5,55.500              ,55.5,55.5,55.5,55.5,55.5,55.5,55.5,44.743,25.207,41.686,32.412,45.776,16.006,67.668,12.222,35.715,1940.0,1940.0,2425.0,2425.0,1940.0,1940.0,1940.0,1940.0,2425.0,0.86,0.862,0.893,0.893,0.805,0.82,1.081,1.078,14.893,5411.0,14778.0,21.984,306.0,45.49
2026-07-08 07:20:56,55.0,69.000              ,744.324,200.0,1200.0,0.0,55.5,55.500              ,55.5,55.5,55.5,55.5,55.5,55.5,55.5,33.074,22.813,47.859,22.76,50.48,11.151,43.869,13.083,30.636,2080.0,2080.0,2080.0,2080.0,2080.0,2080.0,2600.0,2600.0,2600.0,0.773,0.77,0.954,0.956,0.844,0.821,0.816,0.816,15.151,5407.0,14775.0,24.978,307.0,40.04
2026-07-08 07:20:57,55.0,69.000              ,744.32,428.0,1067.0,0.0,55.5,55.500              ,55.5,55.5,55.5,55.5,55.5,55.5,55.5,46.744,19.607,50.495,29.236,50.538,13.14,53.47,11.424,34.332,1980.0,1980.0,1980.0,1980.0,2475.0,2475.0,1960.0,1960.0,2475.0,0.895,0.899,1.003,1.002,0.843,0.84,0.891,0.891,14.983,5406.0,14774.0,22.423,308.0,44.6
2026-07-08 07:20:58,55.0,69.000              ,744.324,525.0,1200.0,0.0,55.5,55.500              ,55.5,55.5,55.5,55.5,55.5,55.5,55.5,29.544,25.812,38.945,39.46,45.697,9.795,47.031,10.025,30.789,2080.0,2080.0,2600.0,2600.0,2080.0,2080.0,2080.0,2080.0,2600.0,0.747,0.744,1.08,1.083,0.797,0.807,0.787,0.787,15.134,5406.0,14776.0,26.982,309.0,37.06
2026-07-08 07:20:59,55.0,70.000              ,744.324,200.0,1067.0,0.0,55.5,55.500              ,55.5,55.5,55.5,55.5,55.5,55.5,55.5,36.932,23.886,58.387,29.314,53.737,10.984,51.469,12.734,34.68,1900.0,1900.0,2375.0,2375.0,1900.0,1900.0,1900.0,1920.0,2375.0,0.803,0.803,1.089,1.086,0.796,0.796,0.815,0.815,14.942,5405.0,14776.0,23.528,310.0,42.5
2026-07-08 07:21:00,55.0,69.000              ,744.32,375.0,1200.0,0.0,55.5,55.500              ,55.5,55.5,55.5,55.5,55.5,55.5,55.5,37.175,27.312,60.145,30.211,52.041,11.998,53.691,14.514,35.886,2040.0,2040.0,2550.0,2550.0,2040.0,2040.0,2040.0,2040.0,2550.0,0.79,0.79,1.121,1.121,0.794,0.794,0.879,0.879,15.074,5405.0,14776.0,26.203,311.0,38.16
2026-07-08 07:21:01,55.0,69.000              ,744.324,406.0,1067.0,0.0,55.5,55.500              ,55.5,55.5,55.5,55.5,55.5,55.5,55.5,31.264,26.773,61.904,29.733,42.139,10.66,54.501,9.231,33.276,1980.0,1980.0,2475.0,2475.0,1980.0,1980.0,1980.0,1980.0,2475.0,0.806,0.806,1.182,1.182,0.766,0.766,0.871,0.871,14.845,5404.0,14776.0,25.162,312.0,39.74
2026-07-08 07:21:02,55.0,69.000              ,744.328,406.0,1200.0,0.0,55.5,55.500              ,55.5,55.5,55.5,55.5,55.5,55.5,55.5,36.146,24.486,57.912,23.195,42.222,10.299,57.048,10.085,32.674,2100.0,2100.0,2625.0,2625.0,2120.0,2120.0,2120.0,2120.0,2625.0,0.859,0.859,1.126,1.127,0.797,0.797,0.991,0.991,15.035,5403.0,14776.0,21.374,313.0,46.79
2026-07-08 07:21:03,55.0,69.000              ,744.328,420.0,1200.0,0.0,55.5,55.500              ,55.5,55.5,55.5,55.5,55.5,55.5,55.5,32.097,24.106,47.199,33.926,47.507,9.041,41.501,11.799,30.897,2060.0,2060.0,2575.0,2575.0,2060.0,2060.0,2060.0,2060.0,2575.0,0.761,0.761,1.191,1.19,0.741,0.741,0.79,0.79,15.16,5404.0,14777.0,22.577,314.0,44.29
2026-07-08 07:21:04,55.0,69.000              ,744.32,406.0,1067.0,0.0,55.5,55.500              ,55.5,55.5,55.5,55.5,55.5,55.5,55.5,30.595,26.631,55.1,24.314,56.119,5.944,45.152,9.221,31.634,2100.0,2080.0,2600.0,2600.0,2080.0,2080.0,2080.0,2080.0,2600.0,0.805,0.805,1.138,1.14,0.839,0.839,0.849,0.849,14.946,5403.0,14776.0,23.343,315.0,42.84
2026-07-08 07:21:05,55.0,69.000              ,745.617,461.0,1200.0,0.0,55.5,55.500              ,55.5,55.5,55.5,55.5,55.5,55.5,55.5,33.43,22.861,37.632,38.811,43.9,8.755,42.307,23.421,31.389,2000.0,2000.0,2500.0,2500.0,2000.0,2000.0,2500.0,2500.0,2500.0,0.765,0.765,1.072,1.07,0.704,0.704,0.893,0.893,14.968,5415.0,14778.0,26.989,316.0,37.05
2026-07-08 07:21:06,55.0,70.000              ,745.648,435.0,1067.0,0.0,55.375,55.375              ,55.375,55.375,55.375,55.375,55.375,55.375,55.375,39.792,21.459,49.456,24.615,51.983,9.161,45.569,14.812,32.106,2040.0,2040.0,2550.0,2550.0,2040.0,2040.0,2040.0,2040.0,2550.0,0.835,0.837,1.004,1.004,0.861,0.863,0.912,0.912,15.132,5413.0,14778.0,25.222,317.0,39.65
2026-07-08 07:21:07,55.0,70.000              ,753.855,563.0,1200.0,0.0,55.5,55.500              ,55.5,55.5,55.5,55.5,55.5,55.5,55.5,38.022,24.362,49.314,31.857,48.149,15.969,51.178,13.536,34.049,2120.0,2120.0,2650.0,2650.0,2120.0,2120.0,2120.0,2120.0,2650.0,0.734,0.739,0.993,0.993,0.774,0.781,0.831,0.833,15.5,5416.0,14790.0,29.991,318.0,33.34
2026-07-08 07:21:08,56.0,72.000              ,753.855,200.0,933.0,0.0,56.0,56.000              ,56.0,56.0,56.0,56.0,56.0,56.0,56.0,24.861,24.423,40.264,29.684,51.963,18.916,41.985,12.277,30.547,1766.667,1766.667,2120.0,2120.0,1783.333,1783.333,1783.333,1783.333,2120.0,0.748,0.741,0.994,0.994,1.514,1.517,0.966,0.964,13.349,5415.0,14789.0,25.77,319.0,38.8
2026-07-08 07:21:09,56.0,37.000              ,753.855,200.0,1200.0,0.0,56.25,56.250              ,56.25,56.25,56.25,56.25,56.25,56.25,56.25,8.032,11.413,41.19,10.444,17.857,18.598,36.815,2.898,18.406,2333.333,2333.333,2333.333,2333.333,3500.0,3500.0,2333.333,2333.333,3500.0,0.914,0.914,1.828,1.828,1.462,1.462,1.224,1.224,12.978,5377.0,14708.0,0.0,320.0,
2026-07-08 07:21:10,56.0,0.000               ,753.855,200.0,933.0,0.0,56.875,56.875              ,56.875,56.875,56.875,56.875,56.875,56.875,56.875,10.732,4.705,72.24,7.596,28.056,2.94,12.601,11.544,18.802,2333.333,2333.333,2333.333,2333.333,3500.0,3500.0,2333.333,2333.333,3500.0,0.757,0.757,2.745,2.745,0.988,0.988,0.974,0.979,13.089,4954.0,13963.0,0.0,321.0,
2026-07-08 07:21:11,57.0,0.000               ,753.855,200.0,933.0,0.0,57.125,57.125              ,57.125,57.125,57.125,57.125,57.125,57.125,57.125,26.742,8.511,58.931,9.406,22.882,6.989,25.788,16.793,22.005,2333.333,2333.333,2800.0,2800.0,2333.333,2333.333,3500.0,3500.0,3500.0,1.4,1.408,2.739,2.739,1.24,1.24,1.587,1.581,14.632,4868.0,13376.0,0.0,322.0,
2026-07-08 07:21:12,57.0,0.000               ,753.855,200.0,933.0,0.0,57.125,57.125              ,57.125,57.125,57.125,57.125,57.125,57.125,57.125,16.048,4.006,50.874,9.613,31.644,12.932,24.057,5.091,19.283,2333.333,2333.333,3500.0,3500.0,2333.333,2333.333,2333.333,2333.333,3500.0,0.921,0.914,2.235,2.243,1.361,1.361,1.194,1.194,13.729,4479.0,12984.0,0.0,323.0,
2026-07-08 07:21:13,57.0,0.000               ,753.852,200.0,1200.0,0.0,57.25,57.250              ,57.25,57.25,57.25,57.25,57.25,57.25,57.25,22.053,8.241,48.045,17.424,30.343,16.376,19.14,10.908,21.566,2333.333,2333.333,3500.0,3500.0,2333.333,2333.333,2333.333,2333.333,3500.0,1.201,1.201,2.618,2.597,1.669,1.669,1.279,1.259,14.205,4399.0,12141.0,5375.992,324.0,0.19
2026-07-08 07:21:14,58.0,0.000               ,706.262,200.0,933.0,0.0,58.375,58.375              ,58.375,58.375,58.375,58.375,58.375,58.375,58.375,10.08,2.863,6.323,83.746,39.603,0.264,28.235,7.918,22.379,2250.0,2250.0,3375.0,3500.0,2333.333,2333.333,2333.333,2333.333,3500.0,0.918,0.918,3.842,3.875,1.668,1.668,1.508,1.537,16.074,4133.0,11976.0,0.0,325.0,
2026-07-08 07:21:15,59.0,0.000               ,706.262,200.0,933.0,0.0,59.0,59.000              ,59.0,59.0,59.0,59.0,59.0,59.0,59.0,5.386,8.072,12.734,81.488,20.432,2.454,12.236,3.541,18.293,2333.333,2333.333,3500.0,3500.0,2333.333,2333.333,2333.333,2333.333,3500.0,0.715,0.715,4.824,4.824,1.188,1.188,0.845,0.845,14.372,4068.0,11884.0,2181.089,326.0,0.46
2026-07-08 07:21:16,59.0,2.000               ,665.98,200.0,933.0,0.0,59.5,59.500              ,59.5,59.5,59.5,59.5,59.5,59.5,59.5,5.271,7.68,2.578,80.365,17.585,3.609,7.669,3.583,16.043,2333.333,2333.333,2333.333,2333.333,3500.0,3500.0,2333.333,2333.333,3500.0,0.757,0.757,4.544,4.537,1.272,1.272,0.762,0.757,13.911,3617.0,11446.0,53.966,327.0,18.53
2026-07-08 07:21:17,59.0,2.000               ,665.98,200.0,933.0,0.0,59.5,59.500              ,59.5,59.5,59.5,59.5,59.5,59.5,59.5,4.199,4.683,1.373,79.443,6.216,15.681,25.241,2.874,17.464,2333.333,2333.333,2333.333,2333.333,2333.333,2333.333,3500.0,3500.0,3500.0,0.669,0.669,4.429,4.459,0.942,0.942,1.465,1.465,14.366,3640.0,11439.0,0.0,328.0,
2026-07-08 07:21:18,60.0,0.000               ,665.98,200.0,933.0,0.0,60.0,60.000              ,60.0,60.0,60.0,60.0,60.0,60.0,60.0,12.057,10.508,7.064,87.513,20.542,7.07,25.478,10.811,22.63,2333.333,2333.333,3500.0,3500.0,2333.333,2333.333,2333.333,2333.333,3500.0,0.879,0.879,4.575,4.551,1.225,1.261,1.601,1.601,15.645,3717.0,11500.0,0.0,329.0,
2026-07-08 07:21:19,59.0,0.000               ,665.383,200.0,933.0,0.0,59.375,59.375              ,59.375,59.375,59.375,59.375,59.375,59.375,59.375,19.105,9.414,6.269,79.467,13.804,10.666,17.479,8.565,20.596,2680.0,2680.0,3350.0,3350.0,2680.0,2680.0,2680.0,2680.0,3350.0,1.174,1.174,3.148,3.148,1.182,1.152,1.151,1.151,14.317,3573.0,11271.0,3318.807,330.0,0.3
2026-07-08 07:21:20,58.0,0.000               ,605.484,200.0,933.0,0.0,58.5,58.500              ,58.5,58.5,58.5,58.5,58.5,58.5,58.5,25.234,17.446,17.738,46.208,48.957,8.998,16.647,9.679,23.864,2333.333,2333.333,2333.333,2333.333,3500.0,3500.0,2333.333,2333.333,3500.0,1.376,1.38,2.21,2.21,1.943,1.941,1.068,1.068,14.839,2992.0,10729.0,1229.82,331.0,0.81
2026-07-08 07:21:21,58.0,25.000              ,605.484,200.0,933.0,0.0,58.125,58.125              ,58.125,58.125,58.125,58.125,58.125,58.125,58.125,25.219,12.191,37.535,22.252,46.8,23.028,23.514,8.512,24.881,2333.333,2333.333,2800.0,2800.0,3500.0,3500.0,2333.333,2333.333,3500.0,1.18,1.176,1.744,1.744,2.042,2.037,1.184,1.184,15.834,3001.0,10731.0,59.831,332.0,16.71
2026-07-08 07:21:22,57.0,49.000              ,605.469,200.0,933.0,0.0,57.25,57.250              ,57.25,57.25,57.25,57.25,57.25,57.25,57.25,16.325,13.921,47.084,17.723,30.242,2.977,14.621,6.841,18.717,2800.0,2800.0,2800.0,2800.0,3500.0,3500.0,2283.333,2283.333,3500.0,1.079,1.079,1.841,1.846,1.013,1.013,0.848,0.853,13.274,2994.0,10733.0,36.621,333.0,27.31
2026-07-08 07:21:23,57.0,47.000              ,635.199,200.0,933.0,0.0,56.875,56.875              ,56.875,56.875,56.875,56.875,56.875,56.875,56.875,28.679,22.25,38.359,27.823,56.026,12.311,35.267,14.251,29.371,2800.0,2800.0,3500.0,3500.0,2800.0,2800.0,2800.0,2800.0,3500.0,1.388,1.388,1.791,1.787,1.786,1.786,1.415,1.41,16.626,3025.0,10726.0,33.053,334.0,30.25
2026-07-08 07:21:24,56.0,53.000              ,635.199,200.0,933.0,0.0,56.5,56.500              ,56.5,56.5,56.5,56.5,56.5,56.5,56.5,25.181,10.555,33.52,17.904,53.06,4.268,16.493,2.525,20.438,3275.0,3275.0,2620.0,2640.0,2660.0,2660.0,2660.0,2660.0,3275.0,0.994,0.994,1.395,1.395,1.615,1.615,0.756,0.756,14.216,3025.0,10724.0,17.412,335.0,57.43
2026-07-08 07:21:25,56.0,62.000              ,635.199,200.0,933.0,0.0,56.375,56.375              ,56.375,56.375,56.375,56.375,56.375,56.375,56.375,12.658,11.236,46.31,16.271,22.739,1.481,12.159,2.823,15.71,2333.333,2333.333,3500.0,3500.0,2333.333,2333.333,2333.333,2333.333,3500.0,0.92,0.92,1.899,1.899,0.877,0.877,0.761,0.766,13.598,3025.0,10723.0,27.658,336.0,36.16
2026-07-08 07:21:26,56.0,60.000              ,635.188,200.0,933.0,0.0,56.25,56.250              ,56.25,56.25,56.25,56.25,56.25,56.25,56.25,14.028,11.177,49.95,14.346,35.283,2.696,14.616,3.881,18.247,2380.0,2180.0,2725.0,2725.0,2180.0,2200.0,2200.0,3000.0,3000.0,0.917,0.92,1.94,1.94,1.225,1.225,0.823,0.817,14.143,3025.0,10709.0,17.602,337.0,56.81
2026-07-08 07:21:27,56.0,57.000              ,635.199,200.0,933.0,0.0,56.25,56.250              ,56.25,56.25,56.25,56.25,56.25,56.25,56.25,23.227,13.761,48.928,19.144,43.63,4.266,20.656,6.093,22.463,2640.0,2640.0,3500.0,3500.0,2333.333,2333.333,2333.333,2333.333,3500.0,1.21,1.208,2.035,2.035,1.458,1.458,1.033,1.033,15.412,3028.0,10708.0,17.642,338.0,56.68
2026-07-08 07:21:28,56.0,59.000              ,635.219,200.0,933.0,0.0,56.25,56.250              ,56.25,56.25,56.25,56.25,56.25,56.25,56.25,24.24,14.842,35.096,17.603,45.227,2.971,24.738,3.039,20.969,2333.333,2333.333,3500.0,3500.0,2333.333,2333.333,2333.333,2333.333,3500.0,1.248,1.248,1.616,1.616,1.457,1.457,1.012,1.012,14.907,3030.0,10708.0,18.481,339.0,54.11
2026-07-08 07:21:29,56.0,61.000              ,635.219,200.0,933.0,0.0,56.25,56.250              ,56.25,56.25,56.25,56.25,56.25,56.25,56.25,17.338,11.99,56.814,10.108,48.134,3.635,20.723,2.036,21.347,2333.333,2333.333,3500.0,3500.0,2333.333,2333.333,2333.333,2333.333,3500.0,1.035,1.035,1.924,1.924,1.623,1.623,0.898,0.898,15.352,3032.0,10707.0,17.986,340.0,55.6
2026-07-08 07:21:30,55.0,64.000              ,635.219,200.0,933.0,0.0,55.5,55.500              ,55.5,55.5,55.5,55.5,55.5,55.5,55.5,8.408,4.248,37.444,3.36,11.548,2.379,9.778,1.248,9.801,2333.333,2333.333,3500.0,3500.0,2333.333,2333.333,3425.0,3425.0,3500.0,0.49,0.49,1.231,1.231,0.562,0.567,0.492,0.492,9.373,2873.0,10525.0,16.944,341.0,59.02
2026-07-08 07:21:31,56.0,33.000              ,449.121,200.0,1067.0,0.0,56.25,56.250              ,56.25,56.25,56.25,56.25,56.25,56.25,56.25,32.279,22.899,48.22,41.804,39.634,27.184,33.797,23.836,33.706,2333.333,2333.333,3500.0,3500.0,2333.333,2333.333,2333.333,2333.333,3500.0,1.481,1.481,3.023,3.023,1.883,1.882,1.565,1.565,15.77,2615.0,9003.0,0.0,342.0,
