08-07-2026 07:09:51,GPU temperature,GPU usage,Memory usage,Core clock,Memory clock,Fan tachometer,CPU1 temperature,CPU2 temperature,CPU3 temperature,CPU4 temperature,CPU5 temperature,CPU6 temperature,CPU7 temperature,CPU8 temperature,CPU temperature,CPU1 usage,CPU2 usage,CPU3 usage,CPU4 usage,CPU5 usage,CPU6 usage,CPU7 usage,CPU8 usage,CPU usage,CPU1 clock,CPU2 clock,CPU3 clock,CPU4 clock,CPU5 clock,CPU6 clock,CPU7 clock,CPU8 clock,CPU clock,CPU1 power,CPU2 power,CPU3 power,CPU4 power,CPU5 power,CPU6 power,CPU7 power,CPU8 power,CPU power,RAM usage,Commit charge,frametime,elapsed,fps
2026-07-08 07:09:51,0.0,°C                  ,0.0,100.0,10.0,,,,,,,,,,,,,,,,,,,,,,,,,,,,,,,,,,,,,,,,,0.0,
2026-07-08 07:09:51,1.0,%                   ,0.0,100.0,10.0,,,,,,,,,,,,,,,,,,,,,,,,,,,,,,,,,,,,,,,,,0.0,
2026-07-08 07:09:51,2.0,MB                  ,0.0,8192.0,10.0,,,,,,,,,,,,,,,,,,,,,,,,,,,,,,,,,,,,,,,,,0.0,
2026-07-08 07:09:51,3.0,MHz                 ,0.0,2500.0,10.0,,,,,,,,,,,,,,,,,,,,,,,,,,,,,,,,,,,,,,,,,0.0,
2026-07-08 07:09:51,4.0,MHz                 ,0.0,7500.0,10.0,,,,,,,,,,,,,,,,,,,,,,,,,,,,,,,,,,,,,,,,,0.0,
2026-07-08 07:09:51,5.0,RPM                 ,0.0,10000.0,10.0,,,,,,,,,,,,,,,,,,,,,,,,,,,,,,,,,,,,,,,,,0.0,
2026-07-08 07:09:51,6.0,°C                  ,0.0,100.0,10.0,,,,,,,,,,,,,,,,,,,,,,,,,,,,,,,,,,,,,,,,,0.0,
2026-07-08 07:09:51,7.0,°C                  ,0.0,100.0,10.0,,,,,,,,,,,,,,,,,,,,,,,,,,,,,,,,,,,,,,,,,0.0,
2026-07-08 07:09:51,8.0,°C                  ,0.0,100.0,10.0,,,,,,,,,,,,,,,,,,,,,,,,,,,,,,,,,,,,,,,,,0.0,
2026-07-08 07:09:51,9.0,°C                  ,0.0,100.0,10.0,,,,,,,,,,,,,,,,,,,,,,,,,,,,,,,,,,,,,,,,,0.0,
2026-07-08 07:09:51,10.0,°C                  ,0.0,100.0,10.0,,,,,,,,,,,,,,,,,,,,,,,,,,,,,,,,,,,,,,,,,0.0,
2026-07-08 07:09:51,11.0,°C                  ,0.0,100.0,10.0,,,,,,,,,,,,,,,,,,,,,,,,,,,,,,,,,,,,,,,,,0.0,
2026-07-08 07:09:51,12.0,°C                  ,0.0,100.0,10.0,,,,,,,,,,,,,,,,,,,,,,,,,,,,,,,,,,,,,,,,,0.0,
2026-07-08 07:09:51,13.0,°C                  ,0.0,100.0,10.0,,,,,,,,,,,,,,,,,,,,,,,,,,,,,,,,,,,,,,,,,0.0,
2026-07-08 07:09:51,14.0,°C                  ,0.0,100.0,10.0,,,,,,,,,,,,,,,,,,,,,,,,,,,,,,,,,,,,,,,,,0.0,
2026-07-08 07:09:51,15.0,%                   ,0.0,100.0,10.0,,,,,,,,,,,,,,,,,,,,,,,,,,,,,,,,,,,,,,,,,0.0,
2026-07-08 07:09:51,16.0,%                   ,0.0,100.0,10.0,,,,,,,,,,,,,,,,,,,,,,,,,,,,,,,,,,,,,,,,,0.0,
2026-07-08 07:09:51,17.0,%                   ,0.0,100.0,10.0,,,,,,,,,,,,,,,,,,,,,,,,,,,,,,,,,,,,,,,,,0.0,
2026-07-08 07:09:51,18.0,%                   ,0.0,100.0,10.0,,,,,,,,,,,,,,,,,,,,,,,,,,,,,,,,,,,,,,,,,0.0,
2026-07-08 07:09:51,19.0,%                   ,0.0,100.0,10.0,,,,,,,,,,,,,,,,,,,,,,,,,,,,,,,,,,,,,,,,,0.0,
2026-07-08 07:09:51,20.0,%                   ,0.0,100.0,10.0,,,,,,,,,,,,,,,,,,,,,,,,,,,,,,,,,,,,,,,,,0.0,
2026-07-08 07:09:51,21.0,%                   ,0.0,100.0,10.0,,,,,,,,,,,,,,,,,,,,,,,,,,,,,,,,,,,,,,,,,0.0,
2026-07-08 07:09:51,22.0,%                   ,0.0,100.0,10.0,,,,,,,,,,,,,,,,,,,,,,,,,,,,,,,,,,,,,,,,,0.0,
2026-07-08 07:09:51,23.0,%                   ,0.0,100.0,10.0,,,,,,,,,,,,,,,,,,,,,,,,,,,,,,,,,,,,,,,,,0.0,
2026-07-08 07:09:51,24.0,MHz                 ,0.0,5000.0,10.0,,,,,,,,,,,,,,,,,,,,,,,,,,,,,,,,,,,,,,,,,0.0,
2026-07-08 07:09:51,25.0,MHz                 ,0.0,5000.0,10.0,,,,,,,,,,,,,,,,,,,,,,,,,,,,,,,,,,,,,,,,,0.0,
2026-07-08 07:09:51,26.0,MHz                 ,0.0,5000.0,10.0,,,,,,,,,,,,,,,,,,,,,,,,,,,,,,,,,,,,,,,,,0.0,
2026-07-08 07:09:51,27.0,MHz                 ,0.0,5000.0,10.0,,,,,,,,,,,,,,,,,,,,,,,,,,,,,,,,,,,,,,,,,0.0,
2026-07-08 07:09:51,28.0,MHz                 ,0.0,5000.0,10.0,,,,,,,,,,,,,,,,,,,,,,,,,,,,,,,,,,,,,,,,,0.0,
2026-07-08 07:09:51,29.0,MHz                 ,0.0,5000.0,10.0,,,,,,,,,,,,,,,,,,,,,,,,,,,,,,,,,,,,,,,,,0.0,
2026-07-08 07:09:51,30.0,MHz                 ,0.0,5000.0,10.0,,,,,,,,,,,,,,,,,,,,,,,,,,,,,,,,,,,,,,,,,0.0,
2026-07-08 07:09:51,31.0,MHz                 ,0.0,5000.0,10.0,,,,,,,,,,,,,,,,,,,,,,,,,,,,,,,,,,,,,,,,,0.0,
2026-07-08 07:09:51,32.0,MHz                 ,0.0,5000.0,10.0,,,,,,,,,,,,,,,,,,,,,,,,,,,,,,,,,,,,,,,,,0.0,
2026-07-08 07:09:51,33.0,W                   ,0.0,200.0,10.0,,,%.1f                ,,,,,,,,,,,,,,,,,,,,,,,,,,,,,,,,,,,,,,0.0,
2026-07-08 07:09:51,34.0,W                   ,0.0,200.0,10.0,,,%.1f                ,,,,,,,,,,,,,,,,,,,,,,,,,,,,,,,,,,,,,,0.0,
2026-07-08 07:09:51,35.0,W                   ,0.0,200.0,10.0,,,%.1f                ,,,,,,,,,,,,,,,,,,,,,,,,,,,,,,,,,,,,,,0.0,
2026-07-08 07:09:51,36.0,W                   ,0.0,200.0,10.0,,,%.1f                ,,,,,,,,,,,,,,,,,,,,,,,,,,,,,,,,,,,,,,0.0,
2026-07-08 07:09:51,37.0,W                   ,0.0,200.0,10.0,,,%.1f                ,,,,,,,,,,,,,,,,,,,,,,,,,,,,,,,,,,,,,,0.0,
2026-07-08 07:09:51,38.0,W                   ,0.0,200.0,10.0,,,%.1f                ,,,,,,,,,,,,,,,,,,,,,,,,,,,,,,,,,,,,,,0.0,
2026-07-08 07:09:51,39.0,W                   ,0.0,200.0,10.0,,,%.1f                ,,,,,,,,,,,,,,,,,,,,,,,,,,,,,,,,,,,,,,0.0,
2026-07-08 07:09:51,40.0,W                   ,0.0,200.0,10.0,,,%.1f                ,,,,,,,,,,,,,,,,,,,,,,,,,,,,,,,,,,,,,,0.0,
2026-07-08 07:09:51,41.0,W                   ,0.0,200.0,10.0,,,%.1f                ,,,,,,,,,,,,,,,,,,,,,,,,,,,,,,,,,,,,,,0.0,
2026-07-08 07:09:51,42.0,MB                  ,0.0,16384.0,10.0,,,,,,,,,,,,,,,,,,,,,,,,,,,,,,,,,,,,,,,,,0.0,
2026-07-08 07:09:51,43.0,MB                  ,0.0,16384.0,10.0,,,,,,,,,,,,,,,,,,,,,,,,,,,,,,,,,,,,,,,,,0.0,
2026-07-08 07:09:51,44.0,ms                  ,0.0,50.0,10.0,,,%.1f                ,,,,,,,,,,,,,,,,,,,,,,,,,,,,,,,,,,,,,,0.0,
2026-07-08 07:09:51,43.0,8.000               ,475.719,200.0,1200.0,0.0,43.125,43.125              ,43.125,43.125,43.125,43.125,43.125,43.125,43.125,14.429,10.203,20.707,11.929,21.415,13.502,15.339,9.608,14.641,2650.0,2650.0,2650.0,2650.0,2650.0,2650.0,2650.0,1700.0,2650.0,0.73,0.73,0.929,0.929,1.053,1.053,0.726,0.726,9.489,3144.0,8806.0,0.0,0.0,
2026-07-08 07:09:52,51.0,14.000              ,475.906,200.0,933.0,0.0,51.25,51.250              ,51.25,51.25,51.25,51.25,51.25,51.25,51.25,26.914,19.51,24.023,20.189,22.071,19.349,32.36,29.147,24.195,2316.667,2316.667,2780.0,2780.0,2680.0,3350.0,3350.0,3350.0,3350.0,1.149,1.149,1.156,1.156,1.02,1.02,1.661,1.661,11.535,3179.0,8811.0,0.0,1.0,
2026-07-08 07:09:53,50.0,11.000              ,484.605,200.0,1200.0,0.0,50.125,50.125              ,50.125,50.125,50.125,50.125,50.125,50.125,50.125,27.522,22.654,36.936,24.359,26.842,19.715,32.087,20.919,26.379,1275.0,1275.0,1700.0,1700.0,1700.0,1700.0,1700.0,1700.0,1700.0,1.293,1.293,1.672,1.677,1.195,1.195,1.316,1.316,12.486,3220.0,8878.0,0.0,2.0,
2026-07-08 07:09:54,51.0,11.000              ,485.672,200.0,1200.0,0.0,51.25,51.250              ,51.25,51.25,51.25,51.25,51.25,51.25,51.25,81.488,68.656,78.26,84.923,83.123,71.29,82.656,71.124,77.69,2680.0,2680.0,3350.0,3350.0,3350.0,3350.0,2680.0,2680.0,3350.0,3.84,3.84,4.371,4.373,3.896,3.877,3.865,3.865,25.134,3325.0,8982.0,0.0,3.0,
2026-07-08 07:09:55,52.0,12.000              ,492.184,200.0,1067.0,0.0,52.625,52.625              ,52.625,52.625,52.625,52.625,52.625,52.625,52.625,65.648,22.77,65.843,38.681,45.216,34.835,40.446,51.728,45.646,3450.0,3450.0,3450.0,3450.0,2760.0,2760.0,3450.0,3450.0,3450.0,3.062,3.062,3.571,3.564,2.725,2.718,3.386,3.391,21.278,3386.0,9038.0,0.0,4.0,
2026-07-08 07:09:56,53.0,1.000               ,490.523,200.0,1200.0,0.0,53.0,53.000              ,53.0,53.0,53.0,53.0,53.0,53.0,53.0,29.448,7.694,8.323,71.41,11.914,8.199,16.837,5.75,19.947,2800.0,2800.0,3500.0,3500.0,2333.333,2333.333,2333.333,2333.333,3500.0,1.607,1.611,3.007,3.007,0.847,0.794,0.946,0.941,13.695,3528.0,9178.0,0.0,5.0,
2026-07-08 07:09:57,51.0,0.000               ,490.523,200.0,1067.0,0.0,51.75,51.750              ,51.75,51.75,51.75,51.75,51.75,51.75,51.75,5.708,6.711,1.242,59.424,18.249,3.97,16.417,1.757,14.185,2580.0,2580.0,3225.0,3500.0,2333.333,2333.333,2333.333,2333.333,3500.0,0.649,0.644,2.064,2.064,0.981,0.981,0.959,0.959,13.073,4000.0,9647.0,0.0,6.0,
2026-07-08 07:09:58,52.0,0.000               ,490.523,200.0,933.0,0.0,52.875,52.875              ,52.875,52.875,52.875,52.875,52.875,52.875,52.875,4.369,4.018,26.249,66.183,21.931,2.43,11.551,7.104,17.979,2333.333,2333.333,2333.333,2333.333,3500.0,3500.0,2333.333,2333.333,3500.0,0.547,0.547,4.147,4.083,1.13,1.13,0.755,0.755,13.766,4028.0,9668.0,0.0,7.0,
2026-07-08 07:09:59,53.0,0.000               ,490.523,200.0,933.0,0.0,53.25,53.250              ,53.25,53.25,53.25,53.25,53.25,53.25,53.25,8.32,8.729,6.694,76.768,24.15,13.821,8.041,4.155,18.835,2333.333,2333.333,2333.333,2333.333,3500.0,3500.0,2333.333,2333.333,3500.0,0.744,0.744,3.248,3.347,1.562,1.562,0.648,0.648,13.655,4106.0,9759.0,0.0,8.0,
2026-07-08 07:10:00,53.0,0.000               ,490.523,200.0,933.0,0.0,54.0,54.000              ,54.0,54.0,54.0,54.0,54.0,54.0,54.0,5.194,6.076,1.843,79.243,28.861,2.524,13.905,2.346,17.499,2333.333,2333.333,3500.0,3500.0,2333.333,2333.333,2333.333,2333.333,3500.0,0.61,0.61,3.558,3.556,1.481,1.481,0.846,0.846,13.628,4149.0,9818.0,0.0,9.0,
2026-07-08 07:10:01,53.0,0.000               ,506.188,200.0,1067.0,0.0,53.125,53.125              ,53.125,53.125,53.125,53.125,53.125,53.125,53.125,11.503,1.602,4.294,22.506,55.256,1.504,20.512,3.056,15.029,2333.333,2333.333,2333.333,2333.333,3500.0,3500.0,2333.333,2333.333,3500.0,0.568,0.568,1.278,1.239,2.245,2.245,1.276,1.365,12.644,4175.0,9890.0,0.0,10.0,
2026-07-08 07:10:02,54.0,0.000               ,535.313,200.0,933.0,0.0,54.375,54.375              ,54.375,54.375,54.375,54.375,54.375,54.375,54.375,22.28,10.225,86.269,12.248,54.775,15.603,38.457,12.985,31.605,2660.0,2660.0,3325.0,3325.0,3325.0,3325.0,2660.0,2660.0,3325.0,1.173,1.173,4.232,4.232,2.685,2.685,1.945,1.861,19.694,4311.0,10122.0,0.0,11.0,
2026-07-08 07:10:03,55.0,0.000               ,552.469,200.0,1067.0,0.0,55.125,55.125              ,55.125,55.125,55.125,55.125,55.125,55.125,55.125,36.562,15.743,35.13,37.16,39.675,14.176,26.592,53.455,32.312,2333.333,2333.333,3500.0,3500.0,2800.0,2800.0,2800.0,2800.0,3500.0,1.771,1.771,2.565,2.565,1.984,1.989,2.944,2.962,18.227,4399.0,10274.0,0.0,12.0,
2026-07-08 07:10:04,55.0,0.000               ,558.016,200.0,933.0,0.0,55.625,55.625              ,55.625,55.625,55.625,55.625,55.625,55.625,55.625,7.124,4.761,3.225,38.084,53.173,13.45,12.561,10.23,17.826,2333.333,2333.333,2333.333,2333.333,3500.0,3500.0,2333.333,2333.333,3500.0,0.684,0.684,1.646,1.649,2.837,2.832,1.055,1.009,13.672,4500.0,10366.0,0.0,13.0,
2026-07-08 07:10:05,55.0,1.000               ,574.469,200.0,1067.0,0.0,55.5,55.500              ,55.5,55.5,55.5,55.5,55.5,55.5,55.5,18.9,12.973,18.001,65.688,38.77,8.504,22.873,14.288,25.0,2333.333,2333.333,3500.0,3500.0,2333.333,2333.333,2333.333,2333.333,3500.0,1.164,1.164,3.167,3.189,1.719,1.719,1.633,1.642,15.3,4543.0,10452.0,0.0,14.0,
2026-07-08 07:10:06,56.0,24.000              ,585.367,200.0,933.0,0.0,56.5,56.500              ,56.5,56.5,56.5,56.5,56.5,56.5,56.5,34.416,29.566,59.435,41.157,43.388,28.571,69.342,31.792,42.208,2333.333,2333.333,3500.0,3500.0,2333.333,2333.333,3500.0,3500.0,3500.0,1.92,1.92,2.658,2.662,2.464,2.464,4.498,4.499,21.675,4548.0,10446.0,0.0,15.0,
2026-07-08 07:10:07,57.0,48.000              ,585.367,200.0,933.0,0.0,57.75,57.750              ,57.75,57.75,57.75,57.75,57.75,57.75,57.75,27.208,15.087,55.599,40.904,44.768,5.97,69.047,19.792,34.797,2333.333,2333.333,3500.0,3500.0,2333.333,2333.333,3500.0,3500.0,3500.0,1.436,1.436,2.713,2.722,2.413,2.413,4.908,4.898,20.106,4550.0,10444.0,0.0,16.0,
2026-07-08 07:10:08,58.0,51.000              ,585.387,200.0,933.0,0.0,58.25,58.250              ,58.25,58.25,58.25,58.25,58.25,58.25,58.25,33.682,20.32,51.697,43.752,27.944,20.665,41.276,51.333,36.334,2333.333,2333.333,3500.0,3500.0,2333.333,2333.333,3500.0,3500.0,3500.0,1.963,1.963,2.652,2.656,1.998,2.007,4.596,4.596,20.086,4548.0,10486.0,19.057,17.0,52.47
2026-07-08 07:10:09,58.0,53.000              ,616.695,200.0,1067.0,0.0,58.25,58.250              ,58.25,58.25,58.25,58.25,58.25,58.25,58.25,45.762,18.456,35.944,31.131,30.527,18.035,73.907,8.498,32.782,2800.0,2800.0,2333.333,2333.333,3500.0,3500.0,2333.333,2333.333,3500.0,2.245,2.245,1.904,1.889,1.863,1.853,3.83,3.83,19.553,4569.0,10535.0,32.1,18.0,31.15
2026-07-08 07:10:10,59.0,59.000              ,616.695,200.0,933.0,0.0,59.0,59.000              ,59.0,59.0,59.0,59.0,59.0,59.0,59.0,23.379,27.904,34.035,41.204,43.206,5.83,51.539,8.261,29.42,3325.0,3325.0,2660.0,2660.0,3325.0,3325.0,3325.0,3325.0,3325.0,1.952,1.952,3.153,3.156,2.32,2.33,2.928,2.928,20.62,4563.0,10531.0,21.689,19.0,46.11
2026-07-08 07:10:11,58.0,64.000              ,613.977,200.0,1200.0,0.0,58.625,58.625              ,58.625,58.625,58.625,58.625,58.625,58.625,58.625,28.29,18.079,52.854,21.181,52.194,8.688,36.629,13.405,28.915,2333.333,2333.333,2800.0,2800.0,3500.0,3500.0,2333.333,2333.333,3500.0,1.407,1.416,2.212,2.207,2.883,2.878,1.933,1.933,18.45,4556.0,10519.0,22.206,20.0,45.03
2026-07-08 07:10:12,57.0,62.000              ,613.871,200.0,933.0,0.0,57.375,57.375              ,57.375,57.375,57.375,57.375,57.375,57.375,57.375,25.765,21.573,47.691,27.84,27.423,15.294,31.512,14.718,26.477,2660.0,2660.0,2660.0,2660.0,2660.0,2660.0,3325.0,3325.0,3325.0,1.101,1.093,1.857,1.857,1.061,1.057,1.038,1.038,14.961,4556.0,10519.0,25.895,21.0,38.62
2026-07-08 07:10:13,56.0,60.000              ,633.406,200.0,1067.0,0.0,56.125,56.125              ,56.125,56.125,56.125,56.125,56.125,56.125,56.125,14.222,10.838,22.969,15.688,15.762,1.769,15.449,3.653,12.544,2650.0,2650.0,2650.0,2650.0,2650.0,2650.0,2650.0,2650.0,2650.0,0.669,0.669,1.052,1.052,0.594,0.594,0.614,0.614,11.443,4557.0,10555.0,27.16,22.0,36.82
2026-07-08 07:10:14,55.0,60.000              ,633.406,200.0,933.0,0.0,55.75,55.750              ,55.75,55.75,55.75,55.75,55.75,55.75,55.75,15.583,13.134,41.871,15.518,18.305,4.0,12.373,5.932,15.839,2333.333,2333.333,3500.0,3500.0,2333.333,2333.333,2333.333,2333.333,3500.0,0.977,0.977,1.627,1.627,0.833,0.834,0.789,0.789,12.604,4570.0,10553.0,20.98,23.0,47.66
2026-07-08 07:10:15,55.0,54.000              ,626.195,200.0,933.0,0.0,55.75,55.750              ,55.75,55.75,55.75,55.75,55.75,55.75,55.75,12.615,11.336,52.155,13.928,13.106,3.615,12.247,4.344,15.418,2333.333,2333.333,3500.0,3500.0,2333.333,2333.333,2333.333,2333.333,3500.0,0.928,0.929,1.983,1.983,0.774,0.772,0.766,0.766,13.111,4564.0,10549.0,23.285,24.0,42.95
2026-07-08 07:10:16,56.0,44.000              ,626.328,200.0,933.0,0.0,56.75,56.750              ,56.75,56.75,56.75,56.75,56.75,56.75,56.75,9.563,9.041,25.603,7.192,70.158,2.088,8.673,4.509,17.103,2333.333,2333.333,3500.0,3500.0,2333.333,2333.333,2333.333,2333.333,3500.0,0.856,0.855,1.247,1.247,3.576,3.576,0.746,0.746,14.691,4574.0,10568.0,667.184,25.0,1.5
2026-07-08 07:10:17,57.0,44.000              ,626.328,200.0,933.0,0.0,57.375,57.375              ,57.375,57.375,57.375,57.375,57.375,57.375,57.375,16.447,11.558,62.385,14.369,37.951,4.662,18.608,5.265,21.406,2333.333,2333.333,3500.0,3500.0,2333.333,2333.333,2333.333,2333.333,3500.0,1.128,1.128,2.389,2.389,1.558,1.561,1.113,1.113,15.771,4576.0,10572.0,19.293,26.0,51.83
2026-07-08 07:10:18,56.0,52.000              ,626.367,200.0,933.0,0.0,56.375,56.375              ,56.375,56.375,56.375,56.375,56.375,56.375,56.375,15.132,12.403,36.044,17.191,19.117,5.344,19.116,4.687,16.129,2650.0,2650.0,2650.0,2650.0,2650.0,2650.0,2650.0,2650.0,2650.0,0.754,0.755,1.335,1.335,0.793,0.81,0.705,0.728,12.236,4582.0,10573.0,29.0,27.0,34.48
2026-07-08 07:10:19,57.0,58.000              ,626.34,200.0,933.0,0.0,57.0,57.000              ,57.0,57.0,57.0,57.0,57.0,57.0,57.0,31.852,26.377,49.517,28.708,48.553,38.499,37.309,16.724,34.693,2540.0,2540.0,3175.0,3175.0,2540.0,2540.0,2540.0,2540.0,3175.0,1.589,1.588,2.125,2.125,2.266,2.246,1.551,1.541,17.868,4627.0,10628.0,88.413,28.0,11.31
2026-07-08 07:10:20,57.0,58.000              ,626.34,200.0,1200.0,0.0,57.75,57.750              ,57.75,57.75,57.75,57.75,57.75,57.75,57.75,32.417,24.02,57.044,28.204,54.467,39.856,32.783,18.985,35.972,2333.333,2333.333,3500.0,3500.0,3500.0,3500.0,2333.333,2333.333,3500.0,1.539,1.539,2.297,2.297,2.623,2.623,1.439,1.439,18.972,4593.0,10590.0,21.53,29.0,46.45
2026-07-08 07:10:21,59.0,58.000              ,626.34,200.0,1200.0,0.0,59.0,59.000              ,59.0,59.0,59.0,59.0,59.0,59.0,59.0,66.795,53.931,70.164,68.145,77.243,69.334,77.435,61.86,68.113,2180.0,2180.0,2725.0,2725.0,2180.0,2180.0,2180.0,2180.0,2725.0,2.119,2.119,2.678,2.678,2.757,2.763,2.607,2.607,23.041,4731.0,10822.0,27.511,30.0,36.35
2026-07-08 07:10:22,60.0,62.000              ,626.34,200.0,1200.0,0.0,60.625,60.625              ,60.625,60.625,60.625,60.625,60.625,60.625,60.625,57.992,41.955,55.873,53.764,65.9,41.258,57.919,54.799,53.683,3300.0,3300.0,3300.0,3300.0,2640.0,2640.0,3350.0,3350.0,3350.0,2.585,2.585,2.799,2.799,2.929,2.924,2.891,2.891,24.007,4847.0,10931.0,22.461,31.0,44.52
2026-07-08 07:10:23,62.0,62.000              ,626.34,200.0,1067.0,0.0,62.0,62.000              ,62.0,62.0,62.0,62.0,62.0,62.0,62.0,32.68,29.328,65.205,29.227,51.823,31.541,41.671,50.06,41.442,3500.0,3500.0,3500.0,3500.0,2333.333,2333.333,2333.333,2333.333,3500.0,1.729,1.733,3.198,3.198,2.801,2.801,3.046,3.046,23.073,4874.0,10961.0,26.921,32.0,37.15
2026-07-08 07:10:24,62.0,58.000              ,605.785,200.0,1200.0,0.0,62.5,62.500              ,62.5,62.5,62.5,62.5,62.5,62.5,62.5,43.912,26.272,60.993,38.821,67.774,23.795,51.071,38.627,43.908,2300.0,2300.0,3450.0,3450.0,3450.0,3450.0,2300.0,2300.0,3450.0,1.893,1.889,3.232,3.232,2.775,2.775,2.727,2.731,22.996,4901.0,10999.0,26.811,33.0,37.3
2026-07-08 07:10:25,63.0,60.000              ,605.785,200.0,1067.0,0.0,63.5,63.500              ,63.5,63.5,63.5,63.5,63.5,63.5,63.5,50.364,31.97,60.303,35.665,56.325,36.134,53.556,36.126,45.055,3450.0,3450.0,3450.0,3450.0,1971.429,1971.429,1725.0,1725.0,3450.0,2.412,2.412,2.885,2.885,2.946,2.946,3.003,2.998,24.046,4887.0,10975.0,26.512,34.0,37.72
2026-07-08 07:10:26,64.0,61.000              ,605.781,200.0,1200.0,0.0,64.625,64.625              ,64.625,64.625,64.625,64.625,64.625,64.625,64.625,35.57,23.376,65.85,31.311,39.407,38.742,67.118,32.912,41.786,2300.0,2300.0,3450.0,3450.0,1725.0,1725.0,3450.0,3450.0,3450.0,1.697,1.697,3.427,3.427,2.464,2.464,3.503,3.509,23.823,5005.0,11100.0,26.512,35.0,37.72
2026-07-08 07:10:27,64.0,60.000              ,605.785,200.0,1200.0,0.0,64.875,64.875              ,64.875,64.875,64.875,64.875,64.875,64.875,64.875,32.11,33.447,42.022,38.385,66.063,26.121,53.366,43.591,41.888,1985.714,1985.714,1737.5,1737.5,3475.0,3475.0,3475.0,3475.0,3475.0,1.776,1.78,2.462,2.467,3.08,3.086,2.977,2.971,23.089,5095.0,11160.0,24.768,36.0,40.37
2026-07-08 07:10:28,65.0,60.000              ,605.785,200.0,1200.0,0.0,65.125,65.125              ,65.125,65.125,65.125,65.125,65.125,65.125,65.125,48.008,27.774,45.295,51.703,49.537,30.571,67.168,40.686,45.093,3325.0,3325.0,3325.0,3325.0,2216.667,2216.667,2216.667,2216.667,3325.0,1.97,1.936,2.671,2.666,2.197,2.191,2.954,2.954,22.511,5183.0,11233.0,17.416,37.0,57.42
2026-07-08 07:10:29,65.0,63.000              ,605.781,200.0,1200.0,0.0,65.125,65.125              ,65.125,65.125,65.125,65.125,65.125,65.125,65.125,53.419,34.968,58.649,47.595,66.144,47.232,55.529,68.451,53.998,3375.0,3375.0,3375.0,3375.0,2700.0,2700.0,1928.571,1928.571,3375.0,2.034,2.067,2.485,2.485,2.826,2.826,2.765,2.765,23.21,4961.0,11035.0,24.081,38.0,41.53
2026-07-08 07:10:30,66.0,62.000              ,605.785,200.0,1067.0,0.0,66.0,66.000              ,66.0,66.0,66.0,66.0,66.0,66.0,66.0,53.433,24.163,69.854,40.813,66.746,27.784,68.648,22.563,46.75,2700.0,2700.0,3375.0,3375.0,3375.0,3375.0,3375.0,3325.0,3375.0,2.096,2.1,3.357,3.368,3.244,3.244,3.024,3.031,23.623,5019.0,11086.0,17.351,39.0,57.63
2026-07-08 07:10:31,66.0,58.000              ,605.785,200.0,1067.0,0.0,66.25,66.250              ,66.25,66.25,66.25,66.25,66.25,66.25,66.25,54.146,24.278,60.89,44.87,62.764,37.428,65.908,31.343,47.703,3350.0,3350.0,1914.286,2233.333,2620.0,3275.0,3275.0,3275.0,3350.0,2.211,2.206,3.045,3.013,3.145,3.145,2.766,2.76,22.971,4944.0,11011.0,21.732,40.0,46.02
2026-07-08 07:10:32,66.0,56.000              ,605.781,200.0,1067.0,0.0,66.5,66.500              ,66.5,66.5,66.5,66.5,66.5,66.5,66.5,57.263,26.251,71.729,46.373,74.771,22.97,63.714,27.686,48.845,1942.857,1942.857,3425.0,3375.0,1957.143,3350.0,3350.0,3350.0,3425.0,2.282,2.282,3.221,3.26,3.44,3.44,2.844,2.844,23.154,4963.0,11033.0,17.617,41.0,56.76
2026-07-08 07:10:33,66.0,59.000              ,605.785,200.0,1067.0,0.0,66.75,66.750              ,66.75,66.75,66.75,66.75,66.75,66.75,66.75,59.904,18.859,70.022,36.554,73.809,20.497,68.026,22.298,46.246,3350.0,3350.0,3350.0,3350.0,3350.0,3350.0,3500.0,3500.0,3500.0,2.222,2.222,3.057,3.043,3.397,3.382,3.006,3.006,23.254,5018.0,11091.0,17.729,42.0,56.4
2026-07-08 07:10:34,67.0,63.000              ,605.785,200.0,1067.0,0.0,67.625,67.625              ,67.625,67.625,67.625,67.625,67.625,67.625,67.625,58.1,21.91,67.212,52.369,63.046,35.52,48.43,41.324,48.489,3350.0,3350.0,3325.0,3375.0,3325.0,3400.0,3400.0,3375.0,3400.0,2.291,2.291,3.191,3.199,3.204,3.216,2.912,2.912,24.183,5137.0,11207.0,17.658,43.0,56.63
2026-07-08 07:10:35,68.0,64.000              ,576.43,200.0,1200.0,0.0,68.0,68.000              ,68.0,68.0,68.0,68.0,68.0,68.0,68.0,50.207,18.689,64.698,55.387,50.589,37.494,52.514,55.816,48.174,3300.0,3300.0,3325.0,3325.0,3325.0,3325.0,2216.667,2216.667,3325.0,1.861,1.861,3.13,3.122,2.394,2.394,2.867,2.867,22.995,5173.0,11251.0,18.243,44.0,54.82
2026-07-08 07:10:36,68.0,63.000              ,576.434,200.0,1200.0,0.0,68.0,68.000              ,68.0,68.0,68.0,68.0,68.0,68.0,68.0,53.571,27.664,62.68,42.915,52.542,19.912,51.913,49.48,45.085,1942.857,1942.857,2720.0,2720.0,3325.0,3325.0,3325.0,3325.0,3325.0,2.055,2.055,2.648,2.648,1.919,1.923,2.727,2.727,22.656,5230.0,11392.0,30.568,45.0,32.71
2026-07-08 07:10:37,67.0,64.000              ,576.434,200.0,1200.0,0.0,67.875,67.875              ,67.875,67.875,67.875,67.875,67.875,67.875,67.875,52.639,20.89,68.542,29.884,64.686,32.515,62.852,23.238,44.406,3325.0,3325.0,2660.0,3325.0,3325.0,3325.0,2216.667,2216.667,3325.0,1.883,1.887,2.647,2.647,2.706,2.703,2.358,2.358,23.14,5241.0,11405.0,18.41,46.0,54.32
2026-07-08 07:10:38,67.0,62.000              ,576.43,200.0,1200.0,0.0,67.875,67.875              ,67.875,67.875,67.875,67.875,67.875,67.875,67.875,50.704,26.666,66.7,34.8,64.192,20.324,78.301,14.618,44.538,2620.0,2620.0,2620.0,2620.0,3275.0,3275.0,2620.0,2620.0,3275.0,1.964,1.961,2.607,2.62,2.313,2.313,2.534,2.534,22.772,5245.0,11404.0,22.228,47.0,44.99
2026-07-08 07:10:39,68.0,60.000              ,576.434,200.0,1200.0,0.0,68.0,68.000              ,68.0,68.0,68.0,68.0,68.0,68.0,68.0,56.697,21.077,66.526,48.644,57.436,29.419,74.511,25.66,47.496,2233.333,3300.0,3375.0,3375.0,3350.0,3350.0,3300.0,3300.0,3375.0,1.924,1.924,2.751,2.753,2.336,2.34,2.709,2.709,23.111,5266.0,11432.0,17.614,48.0,56.77
2026-07-08 07:10:40,68.0,60.000              ,576.434,200.0,1200.0,0.0,68.125,68.125              ,68.125,68.125,68.125,68.125,68.125,68.125,68.125,57.956,24.835,59.064,58.119,58.972,35.493,62.685,25.77,47.862,3325.0,3325.0,3325.0,3325.0,2216.667,2660.0,3325.0,3250.0,3325.0,2.098,2.098,2.729,2.715,2.452,2.459,2.264,2.264,22.958,5343.0,11465.0,23.039,49.0,43.4
2026-07-08 07:10:41,68.0,61.000              ,576.43,200.0,1200.0,0.0,68.5,68.500              ,68.5,68.5,68.5,68.5,68.5,68.5,68.5,57.221,30.517,61.631,55.933,62.276,33.762,57.543,28.041,48.365,3400.0,3400.0,2680.0,3250.0,3250.0,3350.0,3250.0,3250.0,3400.0,2.233,2.233,2.824,2.83,2.577,2.566,2.263,2.263,23.737,5349.0,11485.0,18.138,50.0,55.13
2026-07-08 07:10:42,68.0,64.000              ,576.434,200.0,1200.0,0.0,68.75,68.750              ,68.75,68.75,68.75,68.75,68.75,68.75,68.75,52.782,32.142,67.961,50.558,66.322,30.313,65.094,24.267,48.68,3350.0,3350.0,3300.0,3300.0,2640.0,2640.0,3300.0,3300.0,3350.0,2.099,2.103,2.769,2.766,2.495,2.495,2.375,2.375,23.599,5401.0,11552.0,18.124,51.0,55.18
2026-07-08 07:10:43,69.0,66.000              ,576.434,200.0,1200.0,0.0,69.25,69.250              ,69.25,69.25,69.25,69.25,69.25,69.25,69.25,45.147,29.29,66.307,58.273,61.114,34.975,72.213,30.906,49.778,1885.714,1885.714,3300.0,3300.0,3300.0,3300.0,3300.0,3300.0,3300.0,1.849,1.845,2.921,2.918,2.521,2.521,2.906,2.906,24.194,5458.0,11588.0,18.844,52.0,53.07
2026-07-08 07:10:44,69.0,65.000              ,576.43,200.0,1200.0,0.0,69.625,69.625              ,69.625,69.625,69.625,69.625,69.625,69.625,69.625,58.32,41.949,54.337,52.847,63.588,48.309,68.94,34.319,52.826,2233.333,2233.333,3350.0,3350.0,3350.0,3450.0,3450.0,3450.0,3450.0,2.362,2.362,2.464,2.476,2.77,2.77,2.665,2.671,24.458,5434.0,11634.0,25.36,53.0,39.43
2026-07-08 07:10:45,69.0,66.000              ,566.309,200.0,1200.0,0.0,69.875,69.875              ,69.875,69.875,69.875,69.875,69.875,69.875,69.875,52.045,20.698,52.784,42.443,50.708,36.405,52.272,50.226,44.698,2333.333,2333.333,2800.0,2800.0,2800.0,2800.0,3500.0,3500.0,3500.0,2.011,2.015,2.549,2.548,2.556,2.568,3.093,3.092,24.352,5455.0,11674.0,17.68,54.0,56.56
2026-07-08 07:10:46,70.0,63.000              ,566.309,200.0,1067.0,0.0,70.375,70.375              ,70.375,70.375,70.375,70.375,70.375,70.375,70.375,54.648,27.825,61.893,44.784,55.884,46.719,54.298,47.318,49.171,1885.714,1885.714,3300.0,3350.0,3300.0,3300.0,2640.0,2640.0,3350.0,2.212,2.207,2.668,2.684,2.724,2.711,3.045,3.039,24.637,5483.0,11708.0,18.582,55.0,53.82
2026-07-08 07:10:47,70.0,61.000              ,566.305,200.0,1200.0,0.0,70.875,70.875              ,70.875,70.875,70.875,70.875,70.875,70.875,70.875,57.075,35.243,58.892,50.953,51.599,23.286,62.298,41.474,47.602,2800.0,2800.0,2800.0,2800.0,2800.0,2800.0,3500.0,3500.0,3500.0,2.54,2.54,2.997,2.976,2.203,2.207,3.218,3.218,25.254,5586.0,11773.0,21.013,56.0,47.59
2026-07-08 07:10:48,71.0,61.000              ,566.309,200.0,1200.0,0.0,71.0,71.000              ,71.0,71.0,71.0,71.0,71.0,71.0,71.0,61.177,29.495,60.418,52.128,64.25,55.738,66.267,49.617,54.886,2760.0,2760.0,3450.0,3450.0,2700.0,2700.0,3450.0,3450.0,3450.0,2.105,2.105,2.391,2.382,2.743,2.739,2.874,2.874,24.103,5549.0,11817.0,21.932,57.0,45.6
2026-07-08 07:10:49,70.0,61.000              ,566.309,200.0,1200.0,0.0,70.375,70.375              ,70.375,70.375,70.375,70.375,70.375,70.375,70.375,72.541,56.15,80.818,74.563,65.202,65.163,77.194,62.416,69.256,2520.0,2540.0,3175.0,3200.0,2560.0,2560.0,2560.0,3225.0,3225.0,2.12,2.12,2.56,2.56,2.175,2.193,2.511,2.511,23.235,5457.0,11832.0,21.329,58.0,46.88
2026-07-08 07:10:50,70.0,64.000              ,566.305,200.0,1200.0,0.0,70.0,70.000              ,70.0,70.0,70.0,70.0,70.0,70.0,70.0,67.956,68.997,75.735,67.502,71.086,70.206,71.501,64.656,69.705,2420.0,2420.0,3025.0,3050.0,2440.0,2440.0,2440.0,2440.0,3050.0,2.074,2.058,2.233,2.233,2.207,2.193,2.306,2.316,22.623,5378.0,11858.0,23.1,59.0,43.29
2026-07-08 07:10:51,69.0,68.000              ,566.309,200.0,1200.0,0.0,69.875,69.875              ,69.875,69.875,69.875,69.875,69.875,69.875,69.875,60.305,40.917,66.028,51.438,47.724,40.987,58.936,48.034,51.796,3150.0,3150.0,3150.0,3150.0,2520.0,2520.0,3125.0,3125.0,3150.0,2.024,2.038,2.327,2.327,1.94,1.938,2.403,2.391,22.457,5303.0,11885.0,17.526,60.0,57.06
2026-07-08 07:10:52,69.0,68.000              ,566.309,200.0,1200.0,0.0,69.75,69.750              ,69.75,69.75,69.75,69.75,69.75,69.75,69.75,51.768,27.234,58.712,46.813,63.8,30.096,56.453,27.37,45.281,2660.0,2660.0,2660.0,2660.0,2660.0,2680.0,3350.0,3325.0,3350.0,1.813,1.813,2.481,2.481,2.109,2.109,2.015,2.013,21.672,5328.0,11926.0,26.61,61.0,37.58
2026-07-08 07:10:53,69.0,65.000              ,566.305,200.0,1200.0,0.0,69.375,69.375              ,69.375,69.375,69.375,69.375,69.375,69.375,69.375,53.692,23.054,57.561,46.776,50.988,39.016,70.025,23.61,45.59,2620.0,2620.0,3275.0,3275.0,2620.0,2640.0,2620.0,2620.0,3275.0,1.739,1.739,2.15,2.153,2.046,2.046,2.303,2.303,21.771,5250.0,11939.0,17.553,62.0,56.97
2026-07-08 07:10:54,69.0,64.000              ,566.309,200.0,1200.0,0.0,69.125,69.125              ,69.125,69.125,69.125,69.125,69.125,69.125,69.125,46.254,23.27,47.598,52.123,66.762,32.833,59.697,27.913,44.556,2540.0,2540.0,2540.0,2540.0,3200.0,3200.0,2560.0,3225.0,3225.0,1.568,1.568,2.128,2.135,2.275,2.278,1.977,1.977,21.086,5254.0,11960.0,18.072,63.0,55.33
2026-07-08 07:10:55,68.0,61.000              ,566.059,200.0,1200.0,0.0,68.625,68.625              ,68.625,68.625,68.625,68.625,68.625,68.625,68.625,43.395,29.999,56.404,42.543,66.082,22.213,80.303,17.352,44.786,2540.0,2540.0,2540.0,2540.0,2540.0,2540.0,3175.0,3175.0,3175.0,1.537,1.537,2.006,1.997,1.913,1.914,2.275,2.275,20.638,5312.0,11971.0,17.631,64.0,56.72
2026-07-08 07:10:56,68.0,59.000              ,566.055,200.0,1200.0,0.0,68.5,68.500              ,68.5,68.5,68.5,68.5,68.5,68.5,68.5,60.752,23.899,60.366,48.905,55.671,28.155,52.788,52.76,47.912,2460.0,2480.0,2480.0,2480.0,2480.0,2480.0,3100.0,3100.0,3100.0,1.629,1.629,1.927,1.947,1.654,1.65,2.263,2.263,20.115,5326.0,12004.0,20.906,65.0,47.83
2026-07-08 07:10:57,68.0,59.000              ,566.059,200.0,1067.0,0.0,68.25,68.250              ,68.25,68.25,68.25,68.25,68.25,68.25,68.25,59.962,29.343,54.861,61.479,55.883,41.502,54.649,39.169,49.606,2480.0,2480.0,2500.0,2500.0,2500.0,2500.0,3125.0,3125.0,3125.0,1.636,1.636,2.131,2.11,1.831,1.831,1.742,1.742,20.085,5329.0,12022.0,18.04,66.0,55.43
2026-07-08 07:10:58,68.0,60.000              ,566.059,200.0,1200.0,0.0,68.0,68.000              ,68.0,68.0,68.0,68.0,68.0,68.0,68.0,60.17,21.889,67.696,47.777,56.363,30.315,54.081,51.62,48.739,2400.0,2400.0,2400.0,2400.0,3000.0,3025.0,2420.0,2420.0,3025.0,1.481,1.481,1.932,1.932,1.664,1.664,1.959,1.963,20.082,5366.0,12035.0,22.334,67.0,44.77
2026-07-08 07:10:59,67.0,63.000              ,566.055,200.0,1200.0,0.0,67.75,67.750              ,67.75,67.75,67.75,67.75,67.75,67.75,67.75,52.261,30.72,60.59,50.34,63.095,35.482,60.338,34.154,48.373,2460.0,2460.0,3075.0,3075.0,2460.0,2460.0,2460.0,2460.0,3075.0,1.43,1.43,1.918,1.933,1.709,1.712,1.705,1.701,19.623,5375.0,12048.0,20.689,68.0,48.33
2026-07-08 07:11:00,67.0,66.000              ,566.059,200.0,1200.0,0.0,67.375,67.375              ,67.375,67.375,67.375,67.375,67.375,67.375,67.375,44.93,25.491,57.206,42.415,70.143,33.709,63.819,33.048,46.345,2400.0,2400.0,2400.0,2420.0,3025.0,3000.0,2400.0,2400.0,3025.0,1.259,1.259,1.716,1.705,1.857,1.853,1.652,1.652,18.959,5382.0,12070.0,31.415,69.0,31.83
2026-07-08 07:11:01,67.0,65.000              ,566.059,200.0,1200.0,0.0,67.25,67.250              ,67.25,67.25,67.25,67.25,67.25,67.25,67.25,50.117,21.56,59.708,39.891,57.306,31.448,70.175,30.283,45.061,2400.0,2400.0,2400.0,2400.0,2400.0,2400.0,3000.0,3000.0,3000.0,1.409,1.409,1.969,1.965,1.805,1.81,2.136,2.136,18.984,5458.0,12136.0,17.412,70.0,57.43
2026-07-08 07:11:03,67.0,63.000              ,566.055,200.0,1200.0,0.0,67.0,67.000              ,67.0,67.0,67.0,67.0,67.0,67.0,67.0,59.67,29.02,63.034,50.176,77.633,39.501,75.039,28.018,52.761,2400.0,2400.0,2400.0,3000.0,2400.0,2400.0,2400.0,2400.0,3000.0,1.38,1.382,1.664,1.664,1.897,1.894,1.571,1.573,18.936,5516.0,12272.0,18.122,72.0,55.18
2026-07-08 07:11:03,66.0,60.000              ,566.059,200.0,1200.0,0.0,66.5,66.500              ,66.5,66.5,66.5,66.5,66.5,66.5,66.5,79.392,53.576,76.283,71.14,87.689,58.717,76.358,52.698,69.482,2120.0,2120.0,2650.0,2650.0,2120.0,2120.0,2120.0,2120.0,2650.0,1.416,1.416,1.571,1.571,1.693,1.693,1.448,1.444,18.436,5478.0,12310.0,18.549,72.0,53.91
2026-07-08 07:11:04,66.0,61.000              ,566.059,200.0,933.0,0.0,66.875,66.875              ,66.875,66.875,66.875,66.875,66.875,66.875,66.875,50.978,28.62,57.547,53.82,54.444,41.098,64.858,51.32,50.336,2180.0,2180.0,2725.0,2725.0,2180.0,2180.0,2180.0,2180.0,2725.0,1.392,1.39,1.863,1.863,1.739,1.742,2.273,2.273,17.817,5487.0,12327.0,23.809,73.0,42.0
2026-07-08 07:11:05,67.0,61.000              ,565.805,200.0,933.0,0.0,67.0,67.000              ,67.0,67.0,67.0,67.0,67.0,67.0,67.0,48.532,25.116,61.868,51.917,62.395,28.338,52.514,66.255,49.617,2500.0,2500.0,2500.0,2500.0,2500.0,2500.0,3125.0,3075.0,3125.0,1.345,1.349,1.929,1.929,1.86,1.86,2.493,2.493,18.277,5529.0,12369.0,21.643,74.0,46.2
2026-07-08 07:11:06,66.0,61.000              ,565.809,200.0,1200.0,0.0,66.625,66.625              ,66.625,66.625,66.625,66.625,66.625,66.625,66.625,53.132,26.759,64.534,49.205,60.091,49.527,74.507,43.954,52.713,2280.0,2280.0,2850.0,2875.0,2300.0,2300.0,2300.0,2280.0,2875.0,1.369,1.365,1.856,1.858,1.858,1.855,2.203,2.203,18.184,5595.0,12429.0,18.309,75.0,54.62
2026-07-08 07:11:07,65.0,63.000              ,565.809,200.0,1200.0,0.0,65.875,65.875              ,65.875,65.875,65.875,65.875,65.875,65.875,65.875,53.825,34.855,63.836,57.405,75.858,45.149,49.436,68.276,56.08,2120.0,2140.0,2675.0,2675.0,2140.0,2120.0,2140.0,2140.0,2675.0,1.276,1.276,1.671,1.669,1.775,1.793,1.764,1.764,17.878,5467.0,12483.0,19.209,76.0,52.06
2026-07-08 07:11:08,64.0,65.000              ,565.805,200.0,1067.0,0.0,64.875,64.875              ,64.875,64.875,64.875,64.875,64.875,64.875,64.875,74.39,69.671,76.791,77.223,76.813,82.737,86.284,84.813,78.59,1900.0,1900.0,2375.0,2375.0,2375.0,2375.0,2350.0,2350.0,2375.0,1.173,1.175,1.298,1.298,1.455,1.436,1.647,1.647,17.321,5335.0,12517.0,25.173,77.0,39.73
2026-07-08 07:11:09,64.0,64.000              ,565.809,200.0,1200.0,0.0,64.75,64.750              ,64.75,64.75,64.75,64.75,64.75,64.75,64.75,60.007,45.634,74.568,61.098,55.817,40.16,57.856,79.088,59.278,2160.0,2160.0,2160.0,2160.0,2160.0,2160.0,2725.0,2725.0,2725.0,1.22,1.218,1.538,1.524,1.214,1.214,1.843,1.843,17.286,5374.0,12566.0,23.288,78.0,42.94
2026-07-08 07:11:10,64.0,60.000              ,565.809,200.0,1200.0,0.0,64.5,64.500              ,64.5,64.5,64.5,64.5,64.5,64.5,64.5,60.777,47.821,68.695,65.31,65.832,46.451,62.501,64.867,60.282,2100.0,2100.0,2625.0,2625.0,2100.0,2120.0,2650.0,2650.0,2650.0,1.214,1.216,1.621,1.636,1.365,1.365,1.568,1.568,17.347,5407.0,12605.0,22.409,79.0,44.62
2026-07-08 07:11:11,64.0,59.000              ,565.805,200.0,1200.0,0.0,64.25,64.250              ,64.25,64.25,64.25,64.25,64.25,64.25,64.25,74.175,60.571,80.626,72.987,71.449,66.271,71.853,71.745,71.21,1920.0,1920.0,1920.0,1920.0,2400.0,1940.0,2425.0,2425.0,2425.0,1.204,1.194,1.388,1.392,1.314,1.314,1.614,1.614,17.188,5422.0,12642.0,17.736,80.0,56.38
2026-07-08 07:11:12,64.0,60.000              ,565.809,200.0,1067.0,0.0,64.0,64.000              ,64.0,64.0,64.0,64.0,64.0,64.0,64.0,49.87,49.605,64.47,57.031,56.829,56.357,50.729,79.786,58.084,1920.0,1920.0,2400.0,2400.0,2375.0,2375.0,2375.0,2375.0,2400.0,1.089,1.096,1.312,1.31,1.309,1.309,1.733,1.737,16.856,5325.0,12712.0,17.897,81.0,55.88
2026-07-08 07:11:13,63.0,60.000              ,565.809,200.0,1067.0,0.0,63.75,63.750              ,63.75,63.75,63.75,63.75,63.75,63.75,63.75,46.535,20.923,64.518,44.064,49.668,43.005,54.38,69.471,49.07,2240.0,2240.0,2240.0,2240.0,2240.0,2240.0,2825.0,2825.0,2825.0,0.984,0.984,1.358,1.336,1.317,1.317,1.964,1.96,16.983,5426.0,12809.0,21.905,82.0,45.65
2026-07-08 07:11:14,63.0,63.000              ,565.805,200.0,1067.0,0.0,63.5,63.500              ,63.5,63.5,63.5,63.5,63.5,63.5,63.5,49.083,35.212,57.364,57.705,71.789,51.334,68.669,55.845,55.875,2100.0,2100.0,2100.0,2100.0,2100.0,2080.0,2600.0,2600.0,2600.0,1.079,1.079,1.336,1.356,1.515,1.492,1.646,1.648,17.016,5508.0,12899.0,22.395,83.0,44.65
2026-07-08 07:11:15,63.0,63.000              ,565.809,200.0,1200.0,0.0,63.25,63.250              ,63.25,63.25,63.25,63.25,63.25,63.25,63.25,47.079,68.811,70.987,66.657,75.742,47.189,66.252,65.446,63.52,1980.0,2020.0,2020.0,2020.0,2525.0,2525.0,2525.0,2525.0,2525.0,1.044,1.044,1.295,1.288,1.204,1.224,1.315,1.314,16.767,5121.0,12956.0,20.853,84.0,47.95
2026-07-08 07:11:16,63.0,63.000              ,565.559,200.0,1067.0,0.0,63.0,63.000              ,63.0,63.0,63.0,63.0,63.0,63.0,63.0,41.839,35.707,50.023,61.351,41.615,29.307,50.251,54.765,45.607,2040.0,2040.0,2550.0,2575.0,2060.0,2080.0,2600.0,2600.0,2600.0,1.053,1.053,1.471,1.481,1.029,1.029,1.473,1.472,16.494,5160.0,12992.0,25.03,85.0,39.95
2026-07-08 07:11:17,63.0,60.000              ,565.555,200.0,1067.0,0.0,63.125,63.125              ,63.125,63.125,63.125,63.125,63.125,63.125,63.125,34.673,18.062,58.683,35.119,52.688,26.249,53.916,19.598,37.373,2180.0,2180.0,2725.0,2750.0,2200.0,2200.0,2850.0,2850.0,2850.0,0.97,0.97,1.662,1.662,1.242,1.242,1.333,1.33,16.379,5169.0,12993.0,22.589,86.0,44.27
2026-07-08 07:11:18,63.0,58.000              ,565.559,200.0,933.0,0.0,63.375,63.375              ,63.375,63.375,63.375,63.375,63.375,63.375,63.375,24.662,13.735,64.721,15.911,39.27,13.672,48.766,6.566,28.413,2340.0,2340.0,2950.0,2950.0,2360.0,2360.0,2360.0,2360.0,2950.0,1.101,1.101,2.059,2.059,1.428,1.428,1.408,1.413,16.045,5176.0,12992.0,17.683,87.0,56.55
2026-07-08 07:11:19,63.0,59.000              ,566.559,200.0,933.0,0.0,63.375,63.375              ,63.375,63.375,63.375,63.375,63.375,63.375,63.375,15.018,14.793,56.037,17.727,33.604,10.825,21.726,2.963,21.587,2650.0,2650.0,2650.0,2650.0,2650.0,2650.0,2650.0,2650.0,2650.0,1.161,1.161,2.311,2.311,1.522,1.522,1.022,1.022,15.332,5042.0,12849.0,62.821,88.0,15.92
2026-07-08 07:11:20,64.0,30.000              ,565.426,200.0,933.0,0.0,64.125,64.125              ,64.125,64.125,64.125,64.125,64.125,64.125,64.125,20.474,3.828,9.443,69.109,33.081,13.119,22.244,6.722,22.253,2800.0,2800.0,2800.0,2800.0,3500.0,3500.0,2333.333,2333.333,3500.0,1.121,1.121,3.429,3.429,1.882,1.882,1.169,1.169,15.538,5098.0,12886.0,0.0,89.0,
2026-07-08 07:11:21,64.0,1.000               ,565.426,200.0,933.0,0.0,64.5,64.500              ,64.5,64.5,64.5,64.5,64.5,64.5,64.5,6.144,4.885,5.457,80.457,23.185,5.899,18.729,1.801,18.319,2333.333,2333.333,3500.0,3500.0,2333.333,2333.333,2333.333,2333.333,3500.0,0.822,0.822,4.665,4.654,1.266,1.266,0.963,0.963,14.684,5125.0,12890.0,2365.913,90.0,0.42
2026-07-08 07:11:22,65.0,0.000               ,566.422,200.0,933.0,0.0,65.375,65.375              ,65.375,65.375,65.375,65.375,65.375,65.375,65.375,23.11,5.717,7.944,86.263,47.617,15.784,20.372,3.893,26.337,2333.333,2333.333,3500.0,3500.0,2333.333,2333.333,2333.333,2333.333,3500.0,1.447,1.447,4.842,4.833,2.594,2.594,1.17,1.173,17.586,5104.0,12868.0,15.393,91.0,64.96
2026-07-08 07:11:23,64.0,0.000               ,566.418,200.0,933.0,0.0,64.75,64.750              ,64.75,64.75,64.75,64.75,64.75,64.75,64.75,26.763,19.101,27.955,56.598,54.418,20.53,38.917,13.397,32.21,2460.0,2460.0,2460.0,2460.0,3075.0,3075.0,2460.0,2460.0,3075.0,1.314,1.314,3.091,3.137,2.1,2.1,1.471,1.468,15.76,5153.0,12897.0,0.0,92.0,
2026-07-08 07:11:24,65.0,0.000               ,566.418,200.0,933.0,0.0,65.625,65.625              ,65.625,65.625,65.625,65.625,65.625,65.625,65.625,9.58,3.117,4.662,87.145,35.548,5.424,21.777,3.127,21.298,2333.333,2333.333,3500.0,3500.0,2333.333,2333.333,2333.333,2333.333,3500.0,0.797,0.797,4.67,4.64,1.664,1.671,1.05,1.05,15.708,5211.0,12952.0,0.0,93.0,
2026-07-08 07:11:25,64.0,0.000               ,561.109,200.0,933.0,0.0,64.625,64.625              ,64.625,64.625,64.625,64.625,64.625,64.625,64.625,11.939,3.456,8.134,72.727,32.415,4.779,16.98,1.351,18.973,2333.333,2333.333,3500.0,3500.0,2333.333,2333.333,2333.333,2333.333,3500.0,0.958,0.943,3.462,3.452,1.424,1.417,0.972,0.972,14.901,5290.0,12970.0,3361.463,94.0,0.3
2026-07-08 07:11:26,64.0,0.000               ,561.109,200.0,1067.0,0.0,64.125,64.125              ,64.125,64.125,64.125,64.125,64.125,64.125,64.125,26.534,14.99,14.388,71.677,44.384,9.711,25.818,7.297,26.85,2650.0,2650.0,2650.0,3500.0,2333.333,2333.333,2333.333,2333.333,3500.0,1.408,1.432,3.119,3.143,1.902,1.902,1.234,1.235,16.202,5204.0,13015.0,0.0,95.0,
2026-07-08 07:11:27,63.0,0.000               ,561.109,200.0,933.0,0.0,63.625,63.625              ,63.625,63.625,63.625,63.625,63.625,63.625,63.625,29.962,23.92,22.119,75.258,43.135,20.11,30.394,14.179,32.385,2620.0,2620.0,3275.0,3175.0,2540.0,2540.0,2116.667,2116.667,3275.0,1.288,1.287,2.791,2.76,1.442,1.444,1.125,1.123,15.037,5123.0,13055.0,0.0,96.0,
2026-07-08 07:11:28,63.0,0.000               ,561.109,200.0,933.0,0.0,63.25,63.250              ,63.25,63.25,63.25,63.25,63.25,63.25,63.25,15.74,3.459,15.145,46.639,53.033,7.898,18.064,4.31,20.536,2333.333,2333.333,3500.0,3500.0,2333.333,2333.333,2333.333,2333.333,3500.0,0.975,0.975,2.218,2.24,2.257,2.256,0.944,0.944,14.271,5201.0,13092.0,0.0,97.0,
2026-07-08 07:11:29,62.0,0.000               ,561.109,200.0,933.0,0.0,62.75,62.750              ,62.75,62.75,62.75,62.75,62.75,62.75,62.75,16.133,11.28,14.825,19.023,74.119,7.33,21.133,7.101,21.368,2333.333,2333.333,2333.333,2333.333,3500.0,3500.0,2333.333,2333.333,3500.0,1.016,1.018,1.184,1.165,2.957,2.957,1.125,1.125,13.855,5177.0,13146.0,0.0,98.0,
2026-07-08 07:11:30,62.0,0.000               ,561.109,200.0,933.0,0.0,62.75,62.750              ,62.75,62.75,62.75,62.75,62.75,62.75,62.75,13.655,3.546,10.055,59.4,39.134,5.07,25.917,1.594,19.796,2333.333,2333.333,3500.0,3500.0,2333.333,2333.333,2333.333,2333.333,3500.0,0.906,0.904,2.582,2.611,1.671,1.671,1.071,1.071,14.09,5206.0,13195.0,0.0,99.0,
2026-07-08 07:11:31,62.0,0.000               ,561.109,200.0,933.0,0.0,62.75,62.750              ,62.75,62.75,62.75,62.75,62.75,62.75,62.75,17.489,3.077,8.111,78.441,22.709,5.582,24.836,2.93,20.397,2333.333,2333.333,3500.0,3500.0,2333.333,2333.333,2333.333,2333.333,3500.0,0.952,0.952,3.237,3.223,1.065,1.065,1.085,1.085,14.091,5254.0,13256.0,0.0,100.0,
2026-07-08 07:11:32,62.0,0.000               ,561.109,200.0,933.0,0.0,62.75,62.750              ,62.75,62.75,62.75,62.75,62.75,62.75,62.75,18.707,6.285,10.286,83.642,30.547,7.221,20.218,4.146,22.632,2333.333,2333.333,3500.0,3500.0,2333.333,2333.333,2266.667,2266.667,3500.0,1.044,1.044,3.521,3.528,1.363,1.363,0.992,0.993,14.786,5355.0,13327.0,0.0,101.0,
2026-07-08 07:11:33,62.0,0.000               ,561.109,200.0,933.0,0.0,62.5,62.500              ,62.5,62.5,62.5,62.5,62.5,62.5,62.5,14.433,5.779,8.847,76.54,36.898,7.599,19.644,2.347,21.511,2333.333,2333.333,3500.0,3500.0,2333.333,2333.333,2333.333,2333.333,3500.0,1.016,1.016,3.232,3.187,1.576,1.576,1.014,1.013,14.66,5410.0,13374.0,0.0,102.0,
2026-07-08 07:11:34,62.0,0.000               ,561.109,200.0,1067.0,0.0,62.75,62.750              ,62.75,62.75,62.75,62.75,62.75,62.75,62.75,15.243,10.549,11.887,77.526,29.779,11.675,47.982,5.764,26.301,2420.0,2240.0,2240.0,2240.0,2240.0,2240.0,2800.0,2800.0,2800.0,0.978,0.978,3.064,3.099,1.37,1.371,1.845,1.845,15.172,5422.0,13425.0,0.0,103.0,
2026-07-08 07:11:35,62.0,0.000               ,561.109,200.0,933.0,0.0,62.0,62.000              ,62.0,62.0,62.0,62.0,62.0,62.0,62.0,38.849,32.069,31.326,54.635,65.094,25.11,46.153,18.852,39.011,2800.0,2800.0,3500.0,3500.0,2800.0,2800.0,2800.0,2800.0,3500.0,1.678,1.678,2.044,2.055,2.326,2.325,1.552,1.552,16.734,5352.0,13490.0,0.0,104.0,
2026-07-08 07:11:36,62.0,0.000               ,561.109,200.0,933.0,0.0,62.0,62.000              ,62.0,62.0,62.0,62.0,62.0,62.0,62.0,16.452,5.082,10.145,79.18,39.301,6.064,21.713,4.196,22.767,2333.333,2333.333,3500.0,3500.0,3025.0,3025.0,2420.0,2420.0,3500.0,0.94,0.94,3.332,3.315,1.537,1.537,1.024,1.024,14.672,5437.0,13549.0,0.0,105.0,
2026-07-08 07:11:37,62.0,0.000               ,561.109,200.0,1067.0,0.0,62.375,62.375              ,62.375,62.375,62.375,62.375,62.375,62.375,62.375,18.606,5.129,11.622,79.388,28.551,7.553,46.295,4.388,25.191,2440.0,2440.0,3050.0,3275.0,2620.0,2620.0,2620.0,2620.0,3275.0,0.955,0.955,3.125,3.125,1.246,1.246,1.95,1.956,15.468,5481.0,13619.0,0.0,106.0,
2026-07-08 07:11:38,62.0,0.000               ,561.109,200.0,933.0,0.0,62.125,62.125              ,62.125,62.125,62.125,62.125,62.125,62.125,62.125,37.375,25.248,24.329,87.397,48.206,25.083,36.846,16.519,37.625,2333.333,2333.333,3500.0,3500.0,2800.0,2800.0,2333.333,2333.333,3500.0,1.448,1.448,3.074,3.081,1.728,1.728,1.195,1.188,16.457,5426.0,13669.0,0.0,107.0,
2026-07-08 07:11:39,62.0,0.000               ,561.109,200.0,1200.0,0.0,62.0,62.000              ,62.0,62.0,62.0,62.0,62.0,62.0,62.0,11.58,18.644,12.484,74.102,32.936,24.1,25.167,3.344,25.295,2333.333,2333.333,3500.0,3500.0,2800.0,2800.0,2333.333,2333.333,3500.0,1.194,1.204,3.102,3.095,1.912,1.912,1.149,1.149,16.102,5333.0,13722.0,0.0,108.0,
2026-07-08 07:11:40,61.0,0.000               ,561.109,200.0,933.0,0.0,61.75,61.750              ,61.75,61.75,61.75,61.75,61.75,61.75,61.75,29.332,19.81,22.368,78.299,52.313,29.454,33.004,16.167,35.093,2333.333,2333.333,3500.0,3500.0,3325.0,3325.0,2660.0,2660.0,3500.0,1.248,1.238,2.871,2.876,2.17,2.17,1.302,1.302,17.01,5322.0,13777.0,15366.201,109.0,0.07
2026-07-08 07:11:41,60.0,0.000               ,561.109,200.0,1200.0,0.0,60.625,60.625              ,60.625,60.625,60.625,60.625,60.625,60.625,60.625,46.406,46.782,43.618,78.806,60.967,35.483,54.792,29.572,49.553,2420.0,2420.0,3025.0,3025.0,2420.0,2420.0,2420.0,2420.0,3025.0,1.493,1.496,2.207,2.202,1.588,1.588,1.452,1.452,15.975,5124.0,13810.0,0.0,110.0,
2026-07-08 07:11:42,60.0,0.000               ,561.109,200.0,1200.0,0.0,60.375,60.375              ,60.375,60.375,60.375,60.375,60.375,60.375,60.375,45.514,46.06,42.122,75.466,64.84,31.154,46.566,25.161,47.11,2380.0,2380.0,2975.0,2975.0,2380.0,2380.0,2380.0,2380.0,2975.0,1.531,1.531,2.197,2.197,1.612,1.63,1.306,1.306,15.913,4942.0,13854.0,0.0,111.0,
2026-07-08 07:11:43,60.0,0.000               ,561.109,200.0,933.0,0.0,60.375,60.375              ,60.375,60.375,60.375,60.375,60.375,60.375,60.375,43.083,41.049,35.617,75.834,62.937,34.802,45.463,23.332,45.265,2460.0,2460.0,3075.0,3050.0,2440.0,2440.0,2440.0,2440.0,3075.0,1.417,1.413,2.286,2.286,1.705,1.688,1.296,1.296,15.894,4816.0,13892.0,0.0,112.0,
2026-07-08 07:11:44,60.0,0.000               ,561.109,200.0,933.0,0.0,60.625,60.625              ,60.625,60.625,60.625,60.625,60.625,60.625,60.625,19.638,3.95,9.442,80.587,23.649,13.002,21.103,4.86,22.029,2250.0,2250.0,3375.0,3375.0,2250.0,2250.0,2250.0,2250.0,3375.0,0.899,0.899,3.128,3.134,1.254,1.253,0.927,0.927,13.988,4869.0,13940.0,0.0,113.0,
2026-07-08 07:11:45,61.0,0.000               ,561.109,200.0,933.0,0.0,61.0,61.000              ,61.0,61.0,61.0,61.0,61.0,61.0,61.0,8.335,6.954,7.471,81.809,29.508,4.332,16.535,4.353,19.912,2333.333,2333.333,3500.0,3500.0,2333.333,2333.333,2333.333,2333.333,3500.0,0.848,0.848,3.357,3.341,1.319,1.319,0.918,0.919,14.169,4909.0,13988.0,0.0,114.0,
2026-07-08 07:11:46,60.0,0.000               ,561.109,200.0,933.0,0.0,60.875,60.875              ,60.875,60.875,60.875,60.875,60.875,60.875,60.875,17.19,5.659,11.973,70.422,34.861,11.778,18.122,9.132,22.392,2500.0,2500.0,2500.0,2500.0,2500.0,2316.667,3475.0,3475.0,3475.0,0.946,0.946,2.979,2.983,1.537,1.537,1.049,1.048,14.061,4956.0,14048.0,0.0,115.0,
2026-07-08 07:11:47,60.0,0.000               ,561.109,200.0,933.0,0.0,60.75,60.750              ,60.75,60.75,60.75,60.75,60.75,60.75,60.75,19.353,1.247,10.528,63.426,24.75,6.603,25.654,0.658,19.027,2333.333,2333.333,2333.333,2333.333,3500.0,3500.0,2333.333,2333.333,3500.0,1.029,1.029,2.714,2.721,1.263,1.263,1.118,1.118,13.95,5030.0,14091.0,0.0,116.0,
2026-07-08 07:11:48,60.0,0.000               ,561.109,200.0,933.0,0.0,60.625,60.625              ,60.625,60.625,60.625,60.625,60.625,60.625,60.625,16.149,6.539,10.417,79.706,23.984,9.016,26.408,3.763,21.997,2333.333,3200.0,2560.0,2560.0,2560.0,2560.0,2560.0,2560.0,3200.0,0.971,0.971,3.451,3.458,1.202,1.205,1.191,1.191,14.708,5117.0,14173.0,7603.747,117.0,0.13
2026-07-08 07:11:49,60.0,0.000               ,561.109,200.0,1067.0,0.0,60.625,60.625              ,60.625,60.625,60.625,60.625,60.625,60.625,60.625,16.74,22.495,15.707,71.391,35.723,11.104,33.378,6.241,26.597,2333.333,2333.333,3500.0,3500.0,2333.333,2333.333,2333.333,2333.333,3500.0,1.355,1.369,3.16,3.147,1.562,1.558,1.441,1.441,15.972,5020.0,14247.0,0.0,118.0,
2026-07-08 07:11:50,61.0,0.000               ,561.109,200.0,933.0,0.0,61.25,61.250              ,61.25,61.25,61.25,61.25,61.25,61.25,61.25,7.559,24.521,16.192,58.59,43.553,6.999,17.478,2.406,22.162,2333.333,2333.333,3500.0,3500.0,2333.333,2333.333,2333.333,2333.333,3500.0,1.4,1.474,2.913,2.921,1.866,1.914,0.873,0.876,15.267,4917.0,14283.0,0.0,119.0,
2026-07-08 07:11:51,62.0,0.000               ,561.109,200.0,933.0,0.0,62.5,62.500              ,62.5,62.5,62.5,62.5,62.5,62.5,62.5,9.728,5.784,5.42,90.62,24.565,9.384,15.057,3.066,20.453,2333.333,2333.333,3500.0,3500.0,2333.333,2333.333,2333.333,2333.333,3500.0,0.916,0.81,4.175,4.207,1.289,1.202,0.851,0.849,15.947,4930.0,14286.0,0.0,120.0,
2026-07-08 07:11:52,63.0,0.000               ,561.109,200.0,933.0,0.0,63.75,63.750              ,63.75,63.75,63.75,63.75,63.75,63.75,63.75,8.134,73.369,23.701,17.096,20.947,8.42,11.304,2.641,20.702,2333.333,2333.333,3500.0,3500.0,2333.333,2333.333,2333.333,2333.333,3500.0,3.481,3.481,1.561,1.561,1.068,1.068,0.886,0.884,15.343,4929.0,14283.0,0.0,121.0,
2026-07-08 07:11:53,64.0,0.000               ,561.109,200.0,933.0,0.0,64.0,64.000              ,64.0,64.0,64.0,64.0,64.0,64.0,64.0,8.018,0.271,16.471,14.042,23.367,2.896,84.03,0.822,18.74,2333.333,2333.333,3500.0,3500.0,2333.333,2333.333,2333.333,2333.333,3500.0,0.644,0.644,1.268,1.268,1.127,1.127,3.518,3.525,15.011,4928.0,14286.0,0.0,122.0,
2026-07-08 07:11:54,64.0,0.000               ,620.09,200.0,1067.0,0.0,64.25,64.250              ,64.25,64.25,64.25,64.25,64.25,64.25,64.25,28.13,3.503,15.243,53.211,31.752,11.819,37.846,6.273,23.472,2333.333,2333.333,2333.333,2333.333,3500.0,3500.0,2333.333,2333.333,3500.0,1.36,1.361,2.648,2.648,1.58,1.58,1.718,1.743,15.893,4980.0,14383.0,0.0,123.0,
2026-07-08 07:11:55,65.0,4.000               ,620.844,200.0,933.0,0.0,65.25,65.250              ,65.25,65.25,65.25,65.25,65.25,65.25,65.25,7.087,1.786,88.766,14.958,19.135,4.768,17.047,3.499,19.631,2333.333,2333.333,3500.0,3500.0,2333.333,2333.333,2333.333,2333.333,3500.0,0.688,0.687,4.624,4.631,1.153,1.153,1.011,0.981,15.895,4993.0,14382.0,0.0,124.0,
2026-07-08 07:11:56,65.0,4.000               ,620.844,200.0,933.0,0.0,65.5,65.500              ,65.5,65.5,65.5,65.5,65.5,65.5,65.5,9.696,1.921,8.253,89.827,25.122,4.028,16.608,1.774,19.654,2333.333,2333.333,3500.0,3500.0,2333.333,2333.333,2333.333,2333.333,3500.0,0.813,0.813,4.249,4.27,1.161,1.161,0.883,0.883,15.471,5000.0,14380.0,0.0,125.0,
2026-07-08 07:11:57,65.0,0.000               ,620.844,200.0,933.0,0.0,65.375,65.375              ,65.375,65.375,65.375,65.375,65.375,65.375,65.375,4.524,1.804,5.156,96.89,21.593,4.313,19.949,2.562,19.599,2333.333,2333.333,3500.0,3500.0,2333.333,2333.333,2333.333,2333.333,3500.0,0.157,0.157,4.555,4.554,0.991,0.991,0.935,0.921,14.698,5001.0,14380.0,0.0,126.0,
2026-07-08 07:11:58,65.0,0.000               ,620.844,200.0,933.0,0.0,65.125,65.125              ,65.125,65.125,65.125,65.125,65.125,65.125,65.125,2.817,17.19,7.41,80.787,22.546,4.072,15.831,1.577,19.029,2333.333,2333.333,3500.0,3500.0,2333.333,2333.333,2333.333,2333.333,3500.0,0.792,0.793,3.887,3.84,1.093,1.093,0.858,0.871,14.965,5001.0,14381.0,0.0,127.0,
2026-07-08 07:11:59,64.0,0.000               ,624.367,200.0,933.0,0.0,64.625,64.625              ,64.625,64.625,64.625,64.625,64.625,64.625,64.625,12.03,22.586,24.873,27.077,28.341,53.047,21.204,10.316,24.934,2333.333,2333.333,3500.0,3500.0,2333.333,2333.333,2333.333,2333.333,3500.0,1.49,1.534,1.916,1.911,3.163,3.163,1.209,1.209,16.146,5026.0,14399.0,0.0,128.0,
2026-07-08 07:12:00,63.0,0.000               ,624.367,200.0,933.0,0.0,63.625,63.625              ,63.625,63.625,63.625,63.625,63.625,63.625,63.625,25.801,26.674,33.201,31.86,41.884,22.857,31.05,62.431,34.47,2800.0,2800.0,2800.0,2800.0,3500.0,3500.0,2800.0,2800.0,3500.0,1.559,1.513,1.985,1.95,1.784,1.784,3.207,3.217,16.708,5081.0,14405.0,0.0,129.0,
2026-07-08 07:12:01,63.0,0.000               ,624.367,200.0,933.0,0.0,63.125,63.125              ,63.125,63.125,63.125,63.125,63.125,63.125,63.125,24.345,14.509,26.831,36.679,46.181,15.92,30.594,47.079,30.267,2300.0,2300.0,2760.0,2760.0,3450.0,3425.0,2283.333,2283.333,3450.0,1.149,1.149,1.917,1.995,1.765,1.765,2.486,2.466,15.166,5104.0,14412.0,0.0,130.0,
2026-07-08 07:12:02,63.0,0.000               ,624.367,200.0,933.0,0.0,62.875,62.875              ,62.875,62.875,62.875,62.875,62.875,62.875,62.875,18.257,33.8,50.067,44.507,49.285,26.13,31.926,12.724,33.337,2333.333,2333.333,3500.0,3500.0,2333.333,2333.333,2333.333,2333.333,3500.0,1.479,1.479,3.121,3.032,2.138,2.138,1.256,1.256,16.178,5139.0,14426.0,0.0,131.0,
2026-07-08 07:12:03,62.0,0.000               ,634.484,200.0,933.0,0.0,62.625,62.625              ,62.625,62.625,62.625,62.625,62.625,62.625,62.625,12.244,39.811,19.302,33.613,39.928,26.651,15.621,4.164,23.917,2083.333,2083.333,2500.0,2500.0,3125.0,3125.0,2500.0,2500.0,3125.0,2.037,2.037,1.817,1.825,2.207,2.212,0.787,0.788,14.971,5141.0,14433.0,15357.942,132.0,0.07
2026-07-08 07:12:04,61.0,1.000               ,634.484,200.0,933.0,0.0,61.75,61.750              ,61.75,61.75,61.75,61.75,61.75,61.75,61.75,27.996,14.516,35.409,7.789,25.587,8.422,8.604,50.452,22.347,3500.0,3500.0,2800.0,2800.0,2800.0,2800.0,2333.333,2333.333,3500.0,1.814,1.814,1.501,1.499,1.158,1.118,2.425,2.485,14.376,5147.0,14433.0,0.0,133.0,
2026-07-08 07:12:05,61.0,1.000               ,634.484,200.0,933.0,0.0,61.5,61.500              ,61.5,61.5,61.5,61.5,61.5,61.5,61.5,7.712,35.645,39.636,16.476,36.98,16.816,10.61,36.4,25.034,2333.333,2333.333,3500.0,3500.0,2333.333,2333.333,2333.333,2333.333,3500.0,1.944,1.944,2.274,2.274,1.899,1.899,1.933,1.864,15.399,5155.0,14436.0,0.0,134.0,
2026-07-08 07:12:06,61.0,0.000               ,634.484,200.0,933.0,0.0,61.5,61.500              ,61.5,61.5,61.5,61.5,61.5,61.5,61.5,8.971,37.05,25.727,5.038,26.373,9.03,54.67,2.39,21.156,3500.0,3500.0,2333.333,2333.333,2333.333,2333.333,2333.333,2333.333,3500.0,2.155,2.155,1.006,1.006,1.471,1.462,2.581,2.581,14.499,5151.0,14430.0,0.0,135.0,
2026-07-08 07:12:07,62.0,0.000               ,634.484,200.0,933.0,0.0,62.125,62.125              ,62.125,62.125,62.125,62.125,62.125,62.125,62.125,7.093,90.667,26.744,5.3,22.53,7.674,8.524,2.976,21.438,3500.0,3500.0,2333.333,2333.333,2333.333,2333.333,2333.333,2333.333,3500.0,4.525,4.539,1.261,1.261,1.15,1.154,0.689,0.689,15.325,5149.0,14430.0,0.0,136.0,
2026-07-08 07:12:08,61.0,0.000               ,634.484,200.0,933.0,0.0,61.75,61.750              ,61.75,61.75,61.75,61.75,61.75,61.75,61.75,20.004,31.874,22.436,21.099,41.335,9.826,22.727,3.688,21.624,3500.0,3500.0,2333.333,2333.333,2333.333,2333.333,2333.333,2333.333,3500.0,2.446,2.431,1.682,1.682,2.181,2.181,1.325,1.325,15.172,5152.0,14429.0,0.0,137.0,
2026-07-08 07:12:09,61.0,0.000               ,634.484,200.0,933.0,0.0,61.25,61.250              ,61.25,61.25,61.25,61.25,61.25,61.25,61.25,7.167,37.983,22.287,5.263,20.794,7.031,8.271,62.29,21.386,3500.0,3500.0,2333.333,2333.333,2333.333,2333.333,2333.333,2333.333,3500.0,2.084,2.084,0.938,0.938,0.999,0.999,3.088,3.074,14.369,5152.0,14430.0,0.0,138.0,
2026-07-08 07:12:10,60.0,0.000               ,634.484,200.0,933.0,0.0,61.0,61.000              ,61.0,61.0,61.0,61.0,61.0,61.0,61.0,19.129,33.391,61.281,3.392,20.63,6.541,11.702,4.763,20.104,3500.0,3500.0,2333.333,2333.333,2800.0,2800.0,2333.333,2333.333,3500.0,2.33,2.33,2.745,2.745,1.031,1.031,0.817,0.757,14.372,5153.0,14427.0,0.0,139.0,
2026-07-08 07:12:11,61.0,0.000               ,634.484,200.0,933.0,0.0,61.375,61.375              ,61.375,61.375,61.375,61.375,61.375,61.375,61.375,7.215,62.305,35.773,17.973,36.076,7.604,25.94,5.537,24.803,2333.333,2333.333,3500.0,3500.0,2333.333,2333.333,2333.333,2333.333,3500.0,3.12,3.12,2.089,2.089,1.682,1.682,1.398,1.398,16.247,5219.0,14499.0,0.0,140.0,
2026-07-08 07:12:13,60.0,0.000               ,729.492,381.0,1200.0,0.0,60.125,60.125              ,60.125,60.125,60.125,60.125,60.125,60.125,60.125,49.027,54.368,54.434,45.34,63.74,37.06,60.9,33.98,49.856,2333.333,2333.333,2800.0,2800.0,2333.333,2333.333,3500.0,3500.0,3500.0,2.164,2.168,1.841,1.843,1.71,1.712,1.575,1.576,16.845,5424.0,14826.0,8607.726,142.0,0.12
2026-07-08 07:12:14,58.0,33.000              ,783.496,413.0,1200.0,0.0,58.625,58.625              ,58.625,58.625,58.625,58.625,58.625,58.625,58.625,70.5,70.327,75.672,78.202,77.275,85.106,80.823,61.274,74.897,1616.667,1616.667,1616.667,1600.0,1920.0,1920.0,1600.0,1600.0,1920.0,0.809,0.794,0.917,0.917,0.974,0.998,0.841,0.828,15.279,5317.0,14849.0,44.692,143.0,22.38
2026-07-08 07:12:14,57.0,72.000              ,781.996,200.0,1200.0,0.0,57.125,57.125              ,57.125,57.125,57.125,57.125,57.125,57.125,57.125,71.743,63.249,72.549,72.805,73.372,76.927,79.413,53.326,70.423,2080.0,2080.0,2100.0,2100.0,2100.0,2100.0,1750.0,1750.0,2100.0,0.815,0.824,0.933,0.932,1.003,0.971,0.81,0.833,15.588,5280.0,14854.0,25.184,143.0,39.71
2026-07-08 07:12:15,55.0,76.000              ,780.492,200.0,1200.0,0.0,55.75,55.750              ,55.75,55.75,55.75,55.75,55.75,55.75,55.75,52.035,54.137,66.426,53.928,66.913,43.675,64.012,32.209,54.167,1337.5,1337.5,2140.0,2140.0,1783.333,1783.333,1783.333,1783.333,2140.0,0.806,0.806,0.984,0.984,0.846,0.846,0.776,0.775,15.166,5123.0,14851.0,26.856,144.0,37.24
2026-07-08 07:12:16,55.0,71.000              ,780.492,413.0,1067.0,0.0,55.375,55.375              ,55.375,55.375,55.375,55.375,55.375,55.375,55.375,33.67,23.443,57.183,27.702,45.182,18.858,59.792,15.013,35.105,2080.0,2080.0,2600.0,2600.0,2080.0,2080.0,2080.0,2080.0,2600.0,0.821,0.821,1.109,1.109,0.918,0.92,1.071,1.071,15.197,5128.0,14846.0,21.059,145.0,47.49
2026-07-08 07:12:17,55.0,67.000              ,780.492,525.0,1200.0,0.0,55.25,55.250              ,55.25,55.25,55.25,55.25,55.25,55.25,55.25,36.76,23.261,43.711,29.723,52.665,15.522,49.737,11.654,32.879,2040.0,2040.0,2040.0,2040.0,2550.0,2550.0,2040.0,2040.0,2550.0,0.757,0.759,0.983,0.983,0.893,0.891,0.84,0.84,15.719,5132.0,14845.0,24.788,146.0,40.34
2026-07-08 07:12:18,55.0,69.000              ,780.582,200.0,1200.0,0.0,55.25,55.250              ,55.25,55.25,55.25,55.25,55.25,55.25,55.25,33.994,25.344,47.32,31.835,60.877,18.322,44.594,13.661,34.494,1920.0,1920.0,2400.0,2400.0,2400.0,2400.0,1920.0,1920.0,2400.0,0.736,0.734,0.963,0.963,0.996,0.987,0.749,0.751,15.176,5144.0,14844.0,24.296,147.0,41.16
2026-07-08 07:12:19,55.0,68.000              ,781.09,420.0,1200.0,0.0,55.25,55.250              ,55.25,55.25,55.25,55.25,55.25,55.25,55.25,82.355,66.737,74.449,70.78,79.173,72.727,74.837,63.284,73.043,1800.0,1800.0,1800.0,1800.0,2250.0,2250.0,1800.0,1800.0,2250.0,0.956,0.956,0.957,0.957,0.99,1.002,0.87,0.869,15.781,5203.0,14883.0,25.339,148.0,39.46
2026-07-08 07:12:20,55.0,73.000              ,781.09,484.0,1200.0,0.0,55.25,55.250              ,55.25,55.25,55.25,55.25,55.25,55.25,55.25,63.729,46.955,64.793,55.87,66.215,46.633,63.886,47.403,56.936,1940.0,1940.0,1940.0,1616.667,1616.667,1616.667,1616.667,1616.667,1940.0,0.795,0.795,0.916,0.917,0.847,0.847,0.828,0.828,15.152,5215.0,14882.0,25.509,149.0,39.2
2026-07-08 07:12:21,55.0,73.000              ,781.094,200.0,1200.0,0.0,55.25,55.250              ,55.25,55.25,55.25,55.25,55.25,55.25,55.25,87.834,65.482,74.261,68.417,79.27,70.968,75.507,67.654,73.674,2120.0,2120.0,2120.0,2120.0,2120.0,2120.0,1766.667,1766.667,2120.0,0.919,0.92,0.848,0.848,0.893,0.892,0.83,0.831,15.46,5219.0,14885.0,23.555,150.0,42.45
2026-07-08 07:12:22,55.0,72.000              ,781.094,406.0,1200.0,0.0,55.25,55.250              ,55.25,55.25,55.25,55.25,55.25,55.25,55.25,93.336,80.266,83.767,81.417,86.702,82.599,82.992,79.885,83.87,1940.0,1960.0,1633.333,1633.333,1633.333,1633.333,1633.333,1633.333,1960.0,0.956,0.939,0.866,0.865,0.954,0.954,0.854,0.853,15.282,5249.0,14884.0,41.416,151.0,24.15
2026-07-08 07:12:23,55.0,78.000              ,761.422,413.0,1200.0,0.0,55.25,55.250              ,55.25,55.25,55.25,55.25,55.25,55.25,55.25,92.629,77.103,81.677,79.911,82.009,79.463,82.237,78.88,81.739,1900.0,1900.0,1900.0,1880.0,1880.0,1880.0,1880.0,1880.0,1900.0,0.908,0.923,0.9,0.9,0.874,0.874,0.849,0.849,15.387,5239.0,14840.0,26.222,152.0,38.14
2026-07-08 07:12:24,55.0,79.000              ,753.961,442.0,1200.0,0.0,55.25,55.250              ,55.25,55.25,55.25,55.25,55.25,55.25,55.25,81.147,63.308,72.682,72.73,75.018,64.204,72.643,62.555,70.536,1960.0,1940.0,1940.0,1940.0,1940.0,1960.0,1633.333,1633.333,1960.0,0.849,0.85,0.912,0.912,0.836,0.836,0.801,0.801,15.22,5224.0,14834.0,23.406,153.0,42.72
2026-07-08 07:12:25,55.0,78.000              ,753.957,428.0,1200.0,0.0,55.25,55.250              ,55.25,55.25,55.25,55.25,55.25,55.25,55.25,86.134,72.183,79.399,72.903,79.868,72.672,78.163,72.198,76.69,1683.333,1683.333,1683.333,1683.333,2020.0,2020.0,2020.0,2020.0,2020.0,0.871,0.867,0.872,0.872,0.862,0.862,0.852,0.852,15.073,5232.0,14837.0,22.873,154.0,43.72
2026-07-08 07:12:26,55.0,77.000              ,753.961,469.0,1200.0,0.0,55.25,55.250              ,55.25,55.25,55.25,55.25,55.25,55.25,55.25,81.892,65.852,75.713,71.494,77.194,64.5,73.085,61.889,71.452,1650.0,1960.0,1960.0,1960.0,1960.0,1960.0,1633.333,1633.333,1960.0,0.863,0.868,0.933,0.933,0.867,0.868,0.79,0.791,15.338,5233.0,14824.0,28.574,155.0,35.0
2026-07-08 07:12:27,55.0,75.000              ,753.961,400.0,1200.0,0.0,55.25,55.250              ,55.25,55.25,55.25,55.25,55.25,55.25,55.25,84.54,71.44,79.421,76.542,80.852,73.573,76.037,68.307,76.339,2000.0,2000.0,1980.0,1980.0,1980.0,1980.0,1650.0,1633.333,2000.0,0.873,0.871,0.933,0.933,0.919,0.918,0.798,0.785,15.141,5249.0,14814.0,24.68,156.0,40.52
2026-07-08 07:12:28,55.0,76.000              ,755.48,200.0,1200.0,0.0,55.25,55.250              ,55.25,55.25,55.25,55.25,55.25,55.25,55.25,87.953,73.946,80.4,79.539,80.918,77.015,78.34,74.804,79.114,1600.0,1920.0,1920.0,1920.0,1600.0,1600.0,1600.0,1900.0,1920.0,0.851,0.852,0.905,0.906,0.865,0.869,0.794,0.805,15.206,5257.0,14813.0,23.599,157.0,42.37
2026-07-08 07:12:29,55.0,78.000              ,755.477,358.0,1200.0,0.0,55.25,55.250              ,55.25,55.25,55.25,55.25,55.25,55.25,55.25,93.1,82.264,83.781,86.931,86.887,88.232,85.234,84.82,86.406,1900.0,1920.0,1600.0,1900.0,1900.0,1900.0,1900.0,1900.0,1920.0,0.874,0.872,0.868,0.861,0.909,0.907,0.853,0.853,15.304,5269.0,14815.0,27.242,158.0,36.71
2026-07-08 07:12:30,55.0,78.000              ,755.48,364.0,1200.0,0.0,55.25,55.250              ,55.25,55.25,55.25,55.25,55.25,55.25,55.25,90.812,74.987,81.125,81.86,81.473,77.51,82.433,73.27,80.434,1780.0,1780.0,1780.0,1780.0,1780.0,1780.0,1780.0,1780.0,1780.0,0.868,0.873,0.881,0.887,0.838,0.837,0.803,0.803,15.233,5270.0,14813.0,21.417,159.0,46.69
2026-07-08 07:12:31,55.0,79.000              ,755.477,420.0,1200.0,0.0,55.25,55.250              ,55.25,55.25,55.25,55.25,55.25,55.25,55.25,81.065,66.978,72.381,71.797,79.134,72.891,73.689,60.668,72.326,1900.0,1900.0,1583.333,1583.333,1583.333,1566.667,1880.0,1880.0,1900.0,0.827,0.823,0.843,0.845,0.952,0.952,0.766,0.77,15.007,5270.0,14804.0,28.293,160.0,35.34
2026-07-08 07:12:32,55.0,76.000              ,755.477,450.0,1200.0,0.0,55.25,55.250              ,55.25,55.25,55.25,55.25,55.25,55.25,55.25,48.888,44.871,59.481,53.147,92.477,58.049,61.672,36.723,56.914,1650.0,1650.0,1650.0,1650.0,1980.0,1980.0,1650.0,1650.0,1980.0,0.69,0.69,0.786,0.787,1.41,1.41,0.738,0.735,15.218,5291.0,14803.0,24.774,161.0,40.36
2026-07-08 07:12:33,55.0,73.000              ,755.48,200.0,1200.0,0.0,55.25,55.250              ,55.25,55.25,55.25,55.25,55.25,55.25,55.25,42.301,34.749,49.65,47.749,90.131,50.756,60.825,24.984,50.143,1750.0,1750.0,1750.0,1750.0,2100.0,2100.0,1750.0,1750.0,2100.0,0.638,0.638,0.762,0.76,1.416,1.416,0.728,0.728,14.947,5313.0,14802.0,19.04,162.0,52.52
2026-07-08 07:12:34,55.0,71.000              ,755.48,200.0,1200.0,0.0,55.25,55.250              ,55.25,55.25,55.25,55.25,55.25,55.25,55.25,54.518,34.432,57.033,52.498,76.54,62.582,60.464,26.935,53.125,1766.667,1766.667,1766.667,1766.667,2120.0,2120.0,1750.0,1750.0,2120.0,0.717,0.717,0.827,0.825,1.287,1.289,0.753,0.753,15.156,5321.0,14801.0,25.395,163.0,39.38
2026-07-08 07:12:35,55.0,68.000              ,755.477,492.0,1200.0,0.0,55.0,55.000              ,55.0,55.0,55.0,55.0,55.0,55.0,55.0,49.704,27.863,54.421,34.654,51.858,28.969,61.591,28.427,42.186,1880.0,1880.0,1880.0,1880.0,2350.0,2350.0,2350.0,2350.0,2350.0,0.823,0.825,0.877,0.879,0.948,0.948,1.065,1.077,15.098,5329.0,14800.0,19.579,164.0,51.08
2026-07-08 07:12:36,55.0,69.000              ,755.48,435.0,1200.0,0.0,55.0,55.000              ,55.0,55.0,55.0,55.0,55.0,55.0,55.0,56.237,42.046,58.812,62.781,71.934,64.909,54.689,61.008,59.052,1800.0,1800.0,1800.0,1800.0,1800.0,1800.0,2250.0,2275.0,2275.0,0.713,0.711,0.855,0.853,1.051,1.049,0.943,0.929,15.505,5431.0,14853.0,22.693,165.0,44.07
2026-07-08 07:12:37,55.0,73.000              ,755.477,413.0,1200.0,0.0,55.0,55.000              ,55.0,55.0,55.0,55.0,55.0,55.0,55.0,55.773,38.237,60.826,46.519,78.164,55.876,68.157,32.049,54.45,1683.333,1683.333,1683.333,1683.333,2020.0,2020.0,1683.333,1683.333,2020.0,0.717,0.717,0.791,0.792,1.099,1.099,0.833,0.832,15.163,5414.0,14847.0,21.947,166.0,45.56
2026-07-08 07:12:38,55.0,76.000              ,755.477,492.0,1200.0,0.0,55.0,55.000              ,55.0,55.0,55.0,55.0,55.0,55.0,55.0,59.31,40.285,63.362,58.169,69.483,58.523,70.344,40.435,57.489,1633.333,1633.333,1633.333,1650.0,1980.0,1980.0,2000.0,2060.0,2060.0,0.718,0.72,0.865,0.867,0.952,0.944,0.781,0.783,14.794,5438.0,14944.0,23.959,167.0,41.74
2026-07-08 07:12:39,55.0,69.000              ,755.477,457.0,1200.0,0.0,55.0,55.000              ,55.0,55.0,55.0,55.0,55.0,55.0,55.0,62.244,46.273,60.632,60.173,77.498,60.802,69.428,36.149,59.15,1683.333,1683.333,1683.333,1700.0,2040.0,2040.0,1700.0,1700.0,2040.0,0.74,0.738,0.836,0.833,1.042,1.051,0.741,0.739,15.24,5345.0,14809.0,23.739,168.0,42.12
2026-07-08 07:12:40,55.0,64.000              ,755.477,413.0,1200.0,0.0,55.0,55.000              ,55.0,55.0,55.0,55.0,55.0,55.0,55.0,60.042,45.909,67.423,57.862,71.639,59.603,65.676,37.681,58.229,1750.0,1750.0,2100.0,2100.0,2120.0,2120.0,1766.667,1766.667,2120.0,0.757,0.759,0.939,0.939,1.021,1.021,0.773,0.775,15.177,5355.0,14821.0,28.39,169.0,35.22
2026-07-08 07:12:41,55.0,71.000              ,755.48,457.0,1200.0,0.0,55.0,55.000              ,55.0,55.0,55.0,55.0,55.0,55.0,55.0,63.974,49.01,72.565,61.908,69.311,53.32,68.381,39.852,59.79,1566.667,1566.667,1566.667,1860.0,1860.0,1860.0,1550.0,1550.0,1860.0,0.767,0.767,0.947,0.948,0.937,0.938,0.776,0.774,15.061,5350.0,14813.0,22.507,170.0,44.43
2026-07-08 07:12:42,55.0,69.000              ,755.48,381.0,1200.0,0.0,55.0,55.000              ,55.0,55.0,55.0,55.0,55.0,55.0,55.0,68.201,53.765,73.914,65.296,71.734,50.73,70.397,45.901,62.492,1733.333,1733.333,2080.0,2080.0,1733.333,1733.333,1733.333,1733.333,2080.0,0.862,0.862,1.075,1.075,0.889,0.889,0.811,0.811,15.133,5389.0,14822.0,23.22,171.0,43.07
2026-07-08 07:12:45,55.0,69.000              ,755.48,381.0,1200.0,0.0,55.0,55.000              ,55.0,55.0,55.0,55.0,55.0,55.0,55.0,76.755,68.79,78.993,77.813,80.988,72.245,72.628,73.235,75.181,1550.0,1550.0,1860.0,1860.0,1860.0,1860.0,1550.0,1550.0,1860.0,0.81,0.81,0.948,0.947,0.917,0.917,0.825,0.826,15.204,5178.0,14818.0,23.638,174.0,42.3
2026-07-08 07:12:45,55.0,75.000              ,755.477,375.0,1200.0,0.0,55.0,55.000              ,55.0,55.0,55.0,55.0,55.0,55.0,55.0,86.953,81.802,96.708,84.454,89.653,85.372,86.537,79.567,86.381,1516.667,1516.667,1516.667,1820.0,1820.0,1820.0,1516.667,1516.667,1820.0,0.802,0.802,0.739,0.774,0.841,0.841,0.619,0.625,14.122,5175.0,14820.0,18.809,174.0,53.17
2026-07-08 07:12:46,54.0,76.000              ,755.477,457.0,1200.0,0.0,54.875,54.875              ,54.875,54.875,54.875,54.875,54.875,54.875,54.875,51.304,41.62,58.042,60.016,76.279,56.78,60.544,35.45,55.005,1583.333,1583.333,1600.0,1600.0,1920.0,1920.0,1600.0,1600.0,1920.0,0.656,0.657,0.819,0.813,1.083,1.083,0.706,0.704,14.93,5179.0,14813.0,18.838,175.0,53.08
2026-07-08 07:12:47,54.0,71.000              ,755.484,400.0,1200.0,0.0,54.875,54.875              ,54.875,54.875,54.875,54.875,54.875,54.875,54.875,46.784,35.355,54.511,52.48,83.541,54.716,56.853,34.146,52.298,1760.0,1760.0,1760.0,1760.0,2200.0,2200.0,1760.0,1760.0,2200.0,0.692,0.691,0.788,0.79,1.224,1.224,0.762,0.762,15.002,5192.0,14813.0,25.571,176.0,39.11
2026-07-08 07:12:48,54.0,67.000              ,755.477,428.0,1200.0,0.0,54.875,54.875              ,54.875,54.875,54.875,54.875,54.875,54.875,54.875,48.857,32.636,53.362,50.32,73.24,60.008,63.343,28.01,51.222,1816.667,1816.667,1816.667,1816.667,2180.0,2180.0,1816.667,1816.667,2180.0,0.717,0.717,0.823,0.823,1.314,1.314,0.805,0.815,15.115,5197.0,14811.0,25.561,177.0,39.12
2026-07-08 07:12:49,54.0,68.000              ,755.477,406.0,1200.0,0.0,54.875,54.875              ,54.875,54.875,54.875,54.875,54.875,54.875,54.875,53.154,37.91,60.85,50.968,78.475,67.321,60.627,36.802,55.763,1783.333,1783.333,1783.333,1783.333,2140.0,2140.0,1783.333,1783.333,2140.0,0.726,0.727,0.835,0.834,1.335,1.335,0.786,0.776,14.987,5199.0,14813.0,27.728,178.0,36.06
2026-07-08 07:12:50,54.0,66.000              ,755.48,200.0,1200.0,0.0,54.875,54.875              ,54.875,54.875,54.875,54.875,54.875,54.875,54.875,57.413,38.793,55.096,49.322,81.582,63.524,68.772,33.504,56.001,1783.333,1783.333,1783.333,1783.333,2140.0,2160.0,1783.333,1783.333,2160.0,0.757,0.755,0.768,0.769,1.288,1.289,0.799,0.799,15.187,5225.0,14819.0,21.771,179.0,45.93
2026-07-08 07:12:51,54.0,67.000              ,755.48,370.0,1200.0,0.0,54.875,54.875              ,54.875,54.875,54.875,54.875,54.875,54.875,54.875,67.102,57.103,69.098,70.84,85.443,78.203,70.373,58.286,69.556,1650.0,1650.0,1650.0,1650.0,1980.0,1980.0,1650.0,1650.0,1980.0,0.773,0.773,0.869,0.87,1.148,1.146,0.816,0.804,15.109,5266.0,14825.0,22.04,180.0,45.37
2026-07-08 07:12:52,54.0,74.000              ,755.477,200.0,1200.0,0.0,54.875,54.875              ,54.875,54.875,54.875,54.875,54.875,54.875,54.875,64.38,56.929,62.135,73.146,88.218,85.781,68.603,53.902,69.137,1533.333,1533.333,1550.0,1550.0,1840.0,1840.0,1840.0,1840.0,1840.0,0.72,0.721,0.826,0.823,1.136,1.138,0.765,0.764,14.983,5296.0,14828.0,21.93,181.0,45.6
2026-07-08 07:12:53,54.0,75.000              ,755.48,406.0,1200.0,0.0,54.875,54.875              ,54.875,54.875,54.875,54.875,54.875,54.875,54.875,67.177,52.405,69.076,67.49,76.023,64.041,70.643,47.761,64.327,1583.333,1600.0,1600.0,1600.0,1920.0,1900.0,1900.0,1900.0,1920.0,0.792,0.79,0.978,0.978,0.972,0.969,0.798,0.811,15.17,5307.0,14825.0,23.396,182.0,42.74
2026-07-08 07:12:54,54.0,71.000              ,755.477,453.0,1200.0,0.0,54.75,54.750              ,54.75,54.75,54.75,54.75,54.75,54.75,54.75,50.101,41.726,55.392,50.969,65.401,65.537,64.682,38.961,54.096,1650.0,1650.0,1633.333,1633.333,1960.0,1960.0,1633.333,1633.333,1960.0,0.706,0.706,0.787,0.787,1.114,1.114,0.816,0.816,14.981,5316.0,14826.0,22.418,183.0,44.61
2026-07-08 07:12:55,54.0,68.000              ,755.477,545.0,1200.0,0.0,54.625,54.625              ,54.625,54.625,54.625,54.625,54.625,54.625,54.625,48.565,34.707,48.747,47.685,59.749,52.115,57.641,34.371,47.948,1750.0,1750.0,1750.0,1750.0,2080.0,2080.0,1733.333,1733.333,2080.0,0.698,0.698,0.774,0.782,1.016,1.018,0.808,0.81,15.026,5324.0,14827.0,21.992,184.0,45.47
2026-07-08 07:12:56,54.0,65.000              ,755.477,352.0,1067.0,0.0,54.625,54.625              ,54.625,54.625,54.625,54.625,54.625,54.625,54.625,47.984,38.931,54.398,53.894,69.076,53.245,58.425,33.649,51.2,1800.0,1800.0,1800.0,1800.0,2160.0,2160.0,1800.0,1816.667,2160.0,0.712,0.703,0.879,0.872,1.065,1.063,0.758,0.756,14.875,5324.0,14818.0,28.181,185.0,35.48
2026-07-08 07:12:57,54.0,66.000              ,755.48,200.0,1200.0,0.0,54.5,54.500              ,54.5,54.5,54.5,54.5,54.5,54.5,54.5,36.078,26.134,48.677,31.447,50.024,15.674,43.98,9.301,32.664,1900.0,1900.0,2375.0,2375.0,1900.0,1900.0,1900.0,1900.0,2375.0,0.737,0.747,1.002,1.002,0.789,0.789,0.732,0.732,14.904,5323.0,14815.0,26.464,186.0,37.79
2026-07-08 07:12:58,54.0,69.000              ,755.48,350.0,1067.0,0.0,54.5,54.500              ,54.5,54.5,54.5,54.5,54.5,54.5,54.5,37.574,22.102,58.699,31.891,46.355,20.155,51.646,13.137,35.195,2040.0,2040.0,2550.0,2550.0,2040.0,2040.0,2040.0,2040.0,2550.0,0.794,0.794,1.071,1.076,0.895,0.895,0.858,0.858,15.182,5324.0,14816.0,21.849,187.0,45.77
2026-07-08 07:12:59,54.0,68.000              ,755.438,387.0,1067.0,0.0,54.5,54.500              ,54.5,54.5,54.5,54.5,54.5,54.5,54.5,34.331,22.76,52.757,29.301,37.97,16.626,60.004,14.245,33.499,2000.0,2000.0,2500.0,2500.0,2000.0,2000.0,2000.0,2000.0,2500.0,0.816,0.819,1.054,1.049,0.796,0.796,1.046,1.046,14.927,5322.0,14815.0,21.478,188.0,46.56
2026-07-08 07:13:00,54.0,70.000              ,755.438,400.0,1200.0,0.0,54.5,54.500              ,54.5,54.5,54.5,54.5,54.5,54.5,54.5,38.943,24.102,53.758,28.731,50.835,22.831,66.197,17.469,37.858,2140.0,2140.0,2675.0,2675.0,2140.0,2140.0,2675.0,2675.0,2675.0,0.777,0.775,0.922,0.922,0.913,0.913,1.113,1.113,15.227,5331.0,14818.0,22.167,189.0,45.11
2026-07-08 07:13:01,54.0,71.000              ,755.438,406.0,1067.0,0.0,54.5,54.500              ,54.5,54.5,54.5,54.5,54.5,54.5,54.5,40.809,17.675,56.884,23.693,43.123,17.094,56.28,10.752,33.289,2020.0,2020.0,2525.0,2525.0,2525.0,2525.0,2020.0,2020.0,2525.0,0.85,0.85,1.139,1.139,0.887,0.887,0.946,0.949,14.856,5334.0,14815.0,18.119,190.0,55.19
2026-07-08 07:13:02,54.0,70.000              ,755.441,435.0,1200.0,0.0,54.5,54.500              ,54.5,54.5,54.5,54.5,54.5,54.5,54.5,29.266,25.002,37.837,33.843,41.234,21.405,41.187,18.552,31.041,2020.0,2020.0,2525.0,2525.0,2550.0,2550.0,2040.0,2040.0,2550.0,0.751,0.751,1.055,1.056,0.885,0.885,0.883,0.88,15.145,5338.0,14814.0,23.875,191.0,41.88
2026-07-08 07:13:03,54.0,69.000              ,755.438,393.0,1200.0,0.0,54.5,54.500              ,54.5,54.5,54.5,54.5,54.5,54.5,54.5,34.917,23.108,51.737,31.252,43.934,19.086,47.292,14.368,33.212,2140.0,2140.0,2140.0,2650.0,2650.0,2650.0,2120.0,2120.0,2650.0,0.845,0.845,1.211,1.21,0.902,0.902,0.906,0.908,15.246,5338.0,14814.0,21.888,192.0,45.69
2026-07-08 07:13:04,54.0,69.000              ,755.441,352.0,1200.0,0.0,54.5,54.500              ,54.5,54.5,54.5,54.5,54.5,54.5,54.5,34.654,22.174,68.155,29.976,41.463,21.947,46.62,12.952,34.743,2100.0,2100.0,2625.0,2625.0,2100.0,2100.0,2100.0,2100.0,2625.0,0.775,0.775,1.308,1.31,0.844,0.844,0.821,0.821,14.953,5341.0,14814.0,22.726,193.0,44.0
2026-07-08 07:13:05,54.0,69.000              ,755.438,381.0,1200.0,0.0,54.5,54.500              ,54.5,54.5,54.5,54.5,54.5,54.5,54.5,31.521,22.552,71.608,22.24,41.865,14.184,49.944,11.572,33.186,2040.0,2040.0,2550.0,2550.0,2040.0,2040.0,2040.0,2040.0,2550.0,0.774,0.774,1.309,1.307,0.84,0.84,0.922,0.92,15.052,5344.0,14814.0,22.024,194.0,45.41
2026-07-08 07:13:06,54.0,69.000              ,755.438,400.0,1200.0,0.0,54.375,54.375              ,54.375,54.375,54.375,54.375,54.375,54.375,54.375,31.524,22.71,67.397,24.917,43.165,18.455,48.837,16.438,34.18,2140.0,2160.0,2675.0,2675.0,2140.0,2140.0,2140.0,2140.0,2675.0,0.77,0.77,1.301,1.282,0.874,0.874,0.917,0.917,14.974,5347.0,14814.0,20.042,195.0,49.9
2026-07-08 07:13:07,54.0,70.000              ,755.441,435.0,1067.0,0.0,54.375,54.375              ,54.375,54.375,54.375,54.375,54.375,54.375,54.375,34.454,25.295,70.688,29.457,43.425,17.858,47.465,12.67,35.164,2080.0,2080.0,2600.0,2600.0,2080.0,2080.0,2080.0,2080.0,2600.0,0.753,0.753,1.342,1.362,0.842,0.842,0.848,0.848,15.199,5348.0,14813.0,18.961,196.0,52.74
2026-07-08 07:13:08,54.0,70.000              ,755.441,344.0,1067.0,0.0,54.375,54.375              ,54.375,54.375,54.375,54.375,54.375,54.375,54.375,39.22,22.145,56.299,24.256,50.392,14.82,57.083,10.597,34.352,2160.0,2160.0,2700.0,2700.0,2160.0,2160.0,2160.0,2160.0,2700.0,0.869,0.869,1.091,1.091,0.906,0.906,0.951,0.951,15.263,5347.0,14815.0,23.605,197.0,42.36
2026-07-08 07:13:09,54.0,68.000              ,756.039,200.0,1200.0,0.0,54.375,54.375              ,54.375,54.375,54.375,54.375,54.375,54.375,54.375,39.143,26.256,45.385,36.606,51.678,21.347,50.386,15.988,35.849,1900.0,1900.0,2375.0,2375.0,1900.0,1900.0,1900.0,1900.0,2375.0,0.803,0.803,1.007,1.008,0.948,0.948,0.826,0.826,14.915,5353.0,14813.0,30.286,198.0,33.02
2026-07-08 07:13:10,54.0,67.000              ,758.551,450.0,1200.0,0.0,54.375,54.375              ,54.375,54.375,54.375,54.375,54.375,54.375,54.375,64.198,49.883,65.627,59.868,74.413,56.287,70.261,47.152,60.961,1840.0,1840.0,2300.0,2275.0,2275.0,2275.0,1820.0,1820.0,2300.0,0.835,0.835,0.98,0.981,1.018,1.018,0.881,0.881,15.314,5364.0,14817.0,35.957,199.0,27.81
2026-07-08 07:13:11,54.0,66.000              ,759.816,406.0,1067.0,0.0,54.375,54.375              ,54.375,54.375,54.375,54.375,54.375,54.375,54.375,35.382,29.783,51.159,37.117,48.667,21.62,51.801,16.759,36.536,1766.667,1766.667,1766.667,1766.667,2120.0,2140.0,1783.333,1783.333,2140.0,0.719,0.719,0.993,0.991,0.772,0.772,0.798,0.803,14.741,5353.0,14808.0,24.559,200.0,40.72
2026-07-08 07:13:12,54.0,68.000              ,759.813,387.0,1200.0,0.0,54.375,54.375              ,54.375,54.375,54.375,54.375,54.375,54.375,54.375,41.539,24.586,57.729,30.135,47.251,24.869,60.728,16.348,37.898,1960.0,1960.0,2450.0,2450.0,1960.0,1960.0,2450.0,2450.0,2450.0,0.828,0.828,1.062,1.064,0.894,0.903,0.977,0.972,15.231,5354.0,14808.0,24.872,201.0,40.21
2026-07-08 07:13:13,54.0,71.000              ,762.082,406.0,1067.0,0.0,54.375,54.375              ,54.375,54.375,54.375,54.375,54.375,54.375,54.375,36.76,24.897,48.709,29.438,56.513,13.267,41.656,19.719,33.87,1940.0,1940.0,1940.0,1940.0,1940.0,1940.0,2425.0,2425.0,2425.0,0.802,0.8,0.974,0.974,0.948,0.941,0.859,0.859,14.865,5358.0,14809.0,26.361,202.0,37.93
2026-07-08 07:13:14,54.0,71.000              ,762.129,370.0,1200.0,0.0,54.375,54.375              ,54.375,54.375,54.375,54.375,54.375,54.375,54.375,43.222,27.544,61.131,23.687,55.084,13.628,48.928,16.288,36.189,2020.0,2020.0,2525.0,2525.0,2020.0,2020.0,2020.0,2020.0,2525.0,0.905,0.909,1.113,1.098,0.839,0.838,0.893,0.893,14.984,5358.0,14811.0,25.244,203.0,39.61
2026-07-08 07:13:15,54.0,70.000              ,762.438,406.0,1200.0,0.0,54.375,54.375              ,54.375,54.375,54.375,54.375,54.375,54.375,54.375,29.456,30.886,44.824,36.003,44.096,13.609,43.866,18.302,32.63,1880.0,1880.0,2350.0,2350.0,1880.0,1880.0,1880.0,1880.0,2350.0,0.736,0.736,1.051,1.063,0.737,0.737,0.836,0.836,15.077,5356.0,14809.0,26.996,204.0,37.04
2026-07-08 07:13:16,54.0,69.000              ,766.477,358.0,1200.0,0.0,54.375,54.375              ,54.375,54.375,54.375,54.375,54.375,54.375,54.375,42.009,21.924,57.488,32.005,53.392,12.393,39.602,17.87,34.585,2100.0,2100.0,2625.0,2625.0,2100.0,2100.0,2100.0,2100.0,2625.0,0.903,0.894,1.166,1.166,0.894,0.894,0.816,0.832,15.13,5355.0,14815.0,21.748,205.0,45.98
2026-07-08 07:13:17,54.0,69.000              ,766.484,364.0,1200.0,0.0,54.375,54.375              ,54.375,54.375,54.375,54.375,54.375,54.375,54.375,37.951,30.027,61.098,32.691,54.751,13.335,41.895,25.133,37.11,2060.0,2060.0,2575.0,2575.0,2060.0,2060.0,2060.0,2060.0,2575.0,0.856,0.866,1.183,1.183,0.852,0.852,0.899,0.884,15.025,5360.0,14817.0,19.811,206.0,50.48
2026-07-08 07:13:18,54.0,69.000              ,766.477,364.0,1200.0,0.0,54.25,54.250              ,54.25,54.25,54.25,54.25,54.25,54.25,54.25,39.64,30.009,59.08,31.733,58.802,13.177,46.653,28.451,38.443,2040.0,2040.0,2550.0,2550.0,2040.0,2040.0,2060.0,2060.0,2550.0,0.842,0.84,1.084,1.084,0.887,0.887,0.929,0.927,15.048,5357.0,14809.0,20.471,207.0,48.85
2026-07-08 07:13:19,54.0,69.000              ,769.621,428.0,1067.0,0.0,54.25,54.250              ,54.25,54.25,54.25,54.25,54.25,54.25,54.25,43.233,31.124,47.756,29.078,62.095,16.69,41.279,24.353,36.951,2100.0,2100.0,2100.0,2100.0,2625.0,2625.0,2100.0,2100.0,2625.0,0.902,0.902,0.884,0.889,1.087,1.087,0.863,0.871,14.933,5361.0,14815.0,20.053,208.0,49.87
2026-07-08 07:13:20,54.0,69.000              ,769.617,500.0,1067.0,0.0,54.25,54.250              ,54.25,54.25,54.25,54.25,54.25,54.25,54.25,31.948,29.598,39.787,35.44,44.832,11.886,44.911,17.382,31.973,2100.0,2100.0,2625.0,2625.0,2100.0,2100.0,2100.0,2100.0,2625.0,0.799,0.79,1.066,1.063,0.742,0.742,0.858,0.849,15.102,5362.0,14816.0,22.011,209.0,45.43
2026-07-08 07:13:21,54.0,70.000              ,769.637,200.0,1200.0,0.0,54.25,54.250              ,54.25,54.25,54.25,54.25,54.25,54.25,54.25,35.242,23.003,47.851,39.433,47.155,11.89,52.939,12.599,33.764,2020.0,2020.0,2525.0,2525.0,2020.0,2020.0,2020.0,2020.0,2525.0,0.764,0.773,1.197,1.195,0.808,0.808,0.936,0.936,14.996,5366.0,14817.0,20.404,210.0,49.01
2026-07-08 07:13:22,54.0,69.000              ,768.719,406.0,1067.0,0.0,54.25,54.250              ,54.25,54.25,54.25,54.25,54.25,54.25,54.25,33.749,22.473,65.635,25.669,43.322,8.745,45.897,10.839,32.041,2160.0,2160.0,2700.0,2700.0,2160.0,2160.0,2160.0,2160.0,2700.0,0.8,0.8,1.312,1.316,0.78,0.78,0.898,0.904,15.088,5365.0,14814.0,22.639,211.0,44.17
2026-07-08 07:13:23,54.0,70.000              ,768.469,387.0,1067.0,0.0,54.25,54.250              ,54.25,54.25,54.25,54.25,54.25,54.25,54.25,32.496,29.416,46.54,40.621,42.774,12.762,43.321,17.492,33.178,2060.0,2060.0,2575.0,2575.0,2060.0,2060.0,2060.0,2040.0,2575.0,0.792,0.792,1.166,1.163,0.763,0.763,0.814,0.809,14.96,5366.0,14814.0,24.209,212.0,41.31
2026-07-08 07:13:24,54.0,69.000              ,763.715,350.0,1067.0,0.0,54.25,54.250              ,54.25,54.25,54.25,54.25,54.25,54.25,54.25,30.614,25.17,57.357,29.29,46.522,10.071,46.853,13.484,32.42,2060.0,2060.0,2575.0,2575.0,2060.0,2060.0,2060.0,2060.0,2575.0,0.808,0.808,1.202,1.201,0.799,0.799,0.91,0.91,15.106,5365.0,14810.0,22.283,213.0,44.88
2026-07-08 07:13:25,54.0,68.000              ,758.09,387.0,1067.0,0.0,54.25,54.250              ,54.25,54.25,54.25,54.25,54.25,54.25,54.25,40.242,26.389,46.538,38.047,43.699,14.104,52.85,16.738,34.826,2160.0,2160.0,2160.0,2160.0,2160.0,2160.0,2700.0,2700.0,2700.0,0.867,0.867,1.163,1.163,0.814,0.814,0.943,0.944,15.02,5363.0,14808.0,23.686,214.0,42.22
2026-07-08 07:13:26,54.0,69.000              ,751.004,387.0,1067.0,0.0,54.25,54.250              ,54.25,54.25,54.25,54.25,54.25,54.25,54.25,36.269,28.088,45.833,37.324,47.778,13.738,50.061,13.697,34.098,2060.0,2060.0,2575.0,2575.0,2060.0,2060.0,2060.0,2060.0,2575.0,0.872,0.872,1.15,1.15,0.835,0.836,0.87,0.869,15.144,5361.0,14801.0,29.347,215.0,34.08
2026-07-08 07:13:27,54.0,70.000              ,749.617,413.0,1067.0,0.0,54.25,54.250              ,54.25,54.25,54.25,54.25,54.25,54.25,54.25,43.049,24.851,52.448,26.99,42.026,16.477,55.046,12.129,34.127,2060.0,2060.0,2575.0,2550.0,2040.0,2040.0,2550.0,2550.0,2575.0,0.937,0.939,1.039,1.039,0.824,0.822,0.989,0.989,15.096,5361.0,14797.0,18.285,216.0,54.69
2026-07-08 07:13:28,54.0,70.000              ,743.602,375.0,1200.0,0.0,54.25,54.250              ,54.25,54.25,54.25,54.25,54.25,54.25,54.25,39.995,23.151,53.329,29.834,42.251,12.412,61.077,9.566,33.952,2080.0,2080.0,2600.0,2600.0,2080.0,2080.0,2575.0,2575.0,2600.0,0.888,0.886,1.069,1.069,0.761,0.761,0.965,0.965,14.958,5360.0,14788.0,23.099,217.0,43.29
2026-07-08 07:13:29,54.0,70.000              ,743.602,387.0,1200.0,0.0,54.25,54.250              ,54.25,54.25,54.25,54.25,54.25,54.25,54.25,38.51,23.562,58.932,23.914,44.537,16.516,65.261,10.135,35.171,2000.0,2000.0,2000.0,2000.0,2000.0,2000.0,2500.0,2500.0,2500.0,0.831,0.831,0.969,0.969,0.84,0.84,1.059,1.059,15.099,5358.0,14782.0,20.401,218.0,49.02
2026-07-08 07:13:30,54.0,68.000              ,743.668,450.0,1200.0,0.0,54.25,54.250              ,54.25,54.25,54.25,54.25,54.25,54.25,54.25,32.968,21.276,66.718,25.688,39.345,13.975,57.823,11.268,33.633,2000.0,2000.0,2500.0,2500.0,2000.0,2000.0,2000.0,2000.0,2500.0,0.746,0.746,1.19,1.19,0.725,0.725,0.887,0.887,14.983,5358.0,14776.0,19.107,219.0,52.34
2026-07-08 07:13:31,54.0,68.000              ,743.676,508.0,1067.0,0.0,54.25,54.250              ,54.25,54.25,54.25,54.25,54.25,54.25,54.25,32.657,25.802,51.775,29.543,50.42,19.708,46.421,8.458,33.098,2040.0,2040.0,2550.0,2550.0,2040.0,2040.0,2040.0,2040.0,2550.0,0.737,0.737,1.03,1.031,0.918,0.918,0.775,0.777,15.166,5356.0,14772.0,25.265,220.0,39.58
2026-07-08 07:13:32,54.0,69.000              ,744.188,393.0,1067.0,0.0,54.25,54.250              ,54.25,54.25,54.25,54.25,54.25,54.25,54.25,36.612,26.569,56.593,33.049,53.809,14.626,47.899,14.078,35.404,1980.0,1980.0,1980.0,1980.0,2475.0,2475.0,1980.0,1980.0,2475.0,0.848,0.848,1.101,1.1,0.908,0.908,0.842,0.843,14.82,5357.0,14771.0,22.988,221.0,43.5
2026-07-08 07:13:33,54.0,69.000              ,744.184,358.0,1067.0,0.0,54.25,54.250              ,54.25,54.25,54.25,54.25,54.25,54.25,54.25,35.351,25.868,61.261,28.769,42.06,10.858,50.195,14.043,33.55,2080.0,2080.0,2600.0,2600.0,2080.0,2080.0,2080.0,2080.0,2600.0,0.844,0.846,1.163,1.163,0.791,0.797,0.93,0.93,14.98,5356.0,14771.0,21.443,222.0,46.64
2026-07-08 07:13:34,54.0,69.000              ,744.176,413.0,1200.0,0.0,54.25,54.250              ,54.25,54.25,54.25,54.25,54.25,54.25,54.25,40.695,28.404,53.617,27.602,59.86,16.118,47.267,17.026,36.324,2120.0,2120.0,2650.0,2650.0,2120.0,2120.0,2120.0,2120.0,2650.0,0.936,0.933,0.998,0.998,1.035,1.03,0.907,0.905,15.168,5357.0,14771.0,21.87,223.0,45.72
2026-07-08 07:13:35,54.0,70.000              ,744.176,457.0,1067.0,0.0,54.25,54.250              ,54.25,54.25,54.25,54.25,54.25,54.25,54.25,48.038,28.67,51.773,38.713,63.484,16.286,51.833,21.801,40.075,2525.0,2525.0,2020.0,2020.0,2020.0,2020.0,2020.0,2020.0,2525.0,0.927,0.927,1.008,1.008,0.942,0.942,0.842,0.844,14.996,5363.0,14772.0,19.896,224.0,50.26
2026-07-08 07:13:36,54.0,71.000              ,744.176,344.0,1200.0,0.0,54.25,54.250              ,54.25,54.25,54.25,54.25,54.25,54.25,54.25,33.425,22.768,52.103,28.493,40.508,12.06,41.45,10.833,30.205,2100.0,2100.0,2625.0,2625.0,2100.0,2100.0,2100.0,2100.0,2625.0,0.85,0.836,1.229,1.229,0.774,0.774,0.825,0.823,14.895,5360.0,14779.0,24.999,225.0,40.0
2026-07-08 07:13:37,54.0,69.000              ,744.176,344.0,1200.0,0.0,54.25,54.250              ,54.25,54.25,54.25,54.25,54.25,54.25,54.25,39.606,20.864,56.005,30.08,37.663,11.42,38.802,16.835,31.41,2100.0,2100.0,2650.0,2650.0,2120.0,2120.0,2120.0,2120.0,2650.0,0.925,0.94,1.218,1.22,0.735,0.735,0.839,0.841,15.008,5363.0,14772.0,29.182,226.0,34.27
2026-07-08 07:13:38,54.0,68.000              ,744.18,200.0,1067.0,0.0,54.25,54.250              ,54.25,54.25,54.25,54.25,54.25,54.25,54.25,36.047,15.751,63.63,29.791,40.872,8.776,35.793,11.545,30.275,1900.0,1900.0,2850.0,2850.0,2280.0,2280.0,2280.0,2280.0,2850.0,0.913,0.916,1.452,1.45,0.816,0.816,0.796,0.794,15.084,5366.0,14772.0,17.318,227.0,57.74
2026-07-08 07:13:39,54.0,68.000              ,743.805,461.0,1067.0,0.0,54.25,54.250              ,54.25,54.25,54.25,54.25,54.25,54.25,54.25,33.318,23.292,47.918,28.101,49.212,7.688,41.18,10.131,30.105,2100.0,2100.0,2625.0,2625.0,2080.0,2080.0,2080.0,2080.0,2625.0,0.802,0.799,1.071,1.071,0.808,0.808,0.78,0.78,15.314,5366.0,14771.0,26.382,228.0,37.9
2026-07-08 07:13:40,54.0,69.000              ,743.805,305.0,1200.0,0.0,54.25,54.250              ,54.25,54.25,54.25,54.25,54.25,54.25,54.25,29.473,32.155,58.051,24.93,47.322,9.181,48.409,10.541,32.508,2060.0,2060.0,2060.0,2060.0,2575.0,2575.0,2060.0,2060.0,2575.0,0.836,0.836,1.089,1.104,0.81,0.81,0.902,0.902,15.003,5367.0,14771.0,21.755,229.0,45.97
2026-07-08 07:13:41,54.0,68.000              ,743.805,200.0,1200.0,0.0,54.25,54.250              ,54.25,54.25,54.25,54.25,54.25,54.25,54.25,40.276,27.997,48.56,37.672,51.116,12.12,56.022,17.226,36.373,2120.0,2120.0,2650.0,2625.0,2100.0,2100.0,2100.0,2100.0,2650.0,0.877,0.88,1.127,1.111,0.858,0.859,0.998,0.998,15.206,5366.0,14770.0,26.7,230.0,37.45
2026-07-08 07:13:42,54.0,68.000              ,743.805,413.0,1200.0,0.0,54.25,54.250              ,54.25,54.25,54.25,54.25,54.25,54.25,54.25,46.166,26.568,49.091,40.022,52.698,12.716,53.911,12.27,36.68,1840.0,1840.0,2300.0,2300.0,1880.0,1880.0,1880.0,1880.0,2300.0,0.926,0.923,1.063,1.063,0.747,0.746,0.816,0.816,14.835,5373.0,14771.0,26.873,231.0,37.21
2026-07-08 07:13:43,54.0,69.000              ,745.309,375.0,1200.0,0.0,54.25,54.250              ,54.25,54.25,54.25,54.25,54.25,54.25,54.25,47.686,16.843,52.935,24.705,59.831,9.903,51.795,8.442,34.018,1960.0,1980.0,2475.0,2450.0,1960.0,1960.0,1960.0,1960.0,2475.0,0.867,0.87,0.956,0.956,0.872,0.874,0.798,0.798,15.085,5371.0,14776.0,25.328,232.0,39.48
2026-07-08 07:13:44,54.0,70.000              ,748.707,406.0,1200.0,0.0,54.25,54.250              ,54.25,54.25,54.25,54.25,54.25,54.25,54.25,46.548,24.897,55.254,29.085,59.732,15.186,56.637,12.642,37.497,1980.0,1980.0,2475.0,2475.0,1980.0,1980.0,1980.0,1980.0,2475.0,0.87,0.868,0.929,0.929,0.877,0.874,0.846,0.847,15.034,5382.0,14780.0,23.182,233.0,43.14
2026-07-08 07:13:45,54.0,70.000              ,748.707,200.0,1200.0,0.0,54.0,54.000              ,54.0,54.0,54.0,54.0,54.0,54.0,54.0,49.226,32.126,60.875,34.615,62.173,14.084,51.928,17.844,40.359,2040.0,2040.0,2550.0,2550.0,2020.0,2020.0,2020.0,2020.0,2550.0,0.895,0.895,1.037,1.037,0.804,0.805,0.813,0.812,15.18,5385.0,14779.0,19.927,234.0,50.18
2026-07-08 07:13:46,54.0,70.000              ,748.715,492.0,1067.0,0.0,54.0,54.000              ,54.0,54.0,54.0,54.0,54.0,54.0,54.0,45.842,15.691,52.086,25.253,59.416,9.855,55.628,8.22,33.999,1960.0,1960.0,2425.0,2425.0,1940.0,1940.0,1940.0,1940.0,2425.0,0.832,0.832,0.907,0.907,0.882,0.881,0.809,0.809,14.725,5393.0,14780.0,18.785,235.0,53.23
2026-07-08 07:13:47,54.0,70.000              ,748.715,200.0,1067.0,0.0,54.0,54.000              ,54.0,54.0,54.0,54.0,54.0,54.0,54.0,41.929,18.089,56.791,28.296,52.976,9.467,39.608,9.438,32.074,2000.0,2000.0,2500.0,2500.0,2500.0,2500.0,1980.0,1980.0,2500.0,0.889,0.889,1.106,1.106,0.858,0.858,0.776,0.776,15.054,5394.0,14779.0,29.814,236.0,33.54
2026-07-08 07:13:48,54.0,69.000              ,748.711,387.0,1067.0,0.0,54.0,54.000              ,54.0,54.0,54.0,54.0,54.0,54.0,54.0,34.92,26.37,52.551,29.677,49.773,13.676,48.511,15.682,33.895,2080.0,2080.0,2600.0,2600.0,2080.0,2080.0,2080.0,2080.0,2600.0,0.837,0.837,1.122,1.134,0.829,0.829,0.943,0.943,15.012,5395.0,14778.0,22.916,237.0,43.64
2026-07-08 07:13:49,54.0,69.000              ,748.711,200.0,1067.0,0.0,54.0,54.000              ,54.0,54.0,54.0,54.0,54.0,54.0,54.0,38.948,30.303,46.922,35.661,53.601,18.084,52.289,18.506,36.789,2600.0,2600.0,2080.0,2080.0,2600.0,2600.0,2080.0,2080.0,2600.0,0.914,0.914,1.022,1.011,0.954,0.954,0.938,0.94,15.165,5400.0,14778.0,24.34,238.0,41.08
2026-07-08 07:13:50,54.0,71.000              ,748.711,428.0,1067.0,0.0,54.0,54.000              ,54.0,54.0,54.0,54.0,54.0,54.0,54.0,39.094,31.003,50.459,30.602,50.636,15.025,57.074,20.577,36.809,2060.0,2060.0,2060.0,2060.0,2040.0,2040.0,2550.0,2550.0,2550.0,0.829,0.829,0.95,0.952,0.823,0.826,1.041,1.045,15.12,5406.0,14780.0,20.875,239.0,47.9
2026-07-08 07:13:51,54.0,71.000              ,749.086,435.0,1200.0,0.0,54.0,54.000              ,54.0,54.0,54.0,54.0,54.0,54.0,54.0,34.451,26.923,37.485,45.391,39.94,12.948,49.252,22.754,33.643,2040.0,2040.0,2550.0,2575.0,2060.0,2060.0,2060.0,2060.0,2575.0,0.772,0.772,1.086,1.086,0.678,0.676,0.932,0.925,14.827,5406.0,14780.0,25.504,240.0,39.21
2026-07-08 07:13:52,54.0,69.000              ,749.398,428.0,1067.0,0.0,54.0,54.000              ,54.0,54.0,54.0,54.0,54.0,54.0,54.0,40.005,23.421,57.245,30.809,54.055,10.078,45.965,23.325,35.613,2020.0,2020.0,2500.0,2500.0,2000.0,2000.0,2000.0,2000.0,2500.0,0.801,0.801,1.112,1.113,0.802,0.804,0.908,0.908,14.989,5411.0,14780.0,21.926,241.0,45.61
2026-07-08 07:13:53,54.0,69.000              ,747.02,200.0,1200.0,0.0,54.0,54.000              ,54.0,54.0,54.0,54.0,54.0,54.0,54.0,25.161,27.385,35.514,44.656,38.538,9.991,36.544,20.807,29.825,2060.0,2060.0,2575.0,2575.0,2060.0,2060.0,2060.0,2060.0,2575.0,0.725,0.727,1.181,1.179,0.671,0.669,0.829,0.83,15.108,5414.0,14778.0,25.096,242.0,39.85
2026-07-08 07:13:54,54.0,70.000              ,747.02,393.0,1067.0,0.0,54.0,54.000              ,54.0,54.0,54.0,54.0,54.0,54.0,54.0,33.35,15.473,55.577,28.755,49.87,7.837,36.034,17.829,30.591,2180.0,2180.0,2725.0,2725.0,2180.0,2180.0,2180.0,2180.0,2725.0,0.848,0.85,1.264,1.264,0.853,0.855,0.907,0.906,14.881,5414.0,14778.0,22.211,243.0,45.02
2026-07-08 07:13:55,54.0,70.000              ,747.027,200.0,1200.0,0.0,54.0,54.000              ,54.0,54.0,54.0,54.0,54.0,54.0,54.0,25.858,29.074,48.356,19.783,48.315,12.048,43.949,16.071,30.432,2100.0,2120.0,2650.0,2650.0,2140.0,2140.0,2140.0,2140.0,2650.0,0.75,0.745,0.909,0.909,0.877,0.875,0.899,0.899,15.099,5415.0,14778.0,26.755,244.0,37.38
2026-07-08 07:13:56,54.0,69.000              ,747.031,352.0,1200.0,0.0,54.0,54.000              ,54.0,54.0,54.0,54.0,54.0,54.0,54.0,35.844,21.424,55.383,28.511,46.23,12.03,47.645,16.408,32.934,2140.0,2140.0,2675.0,2675.0,2140.0,2140.0,2140.0,2140.0,2675.0,0.843,0.843,1.163,1.163,0.874,0.874,0.958,0.958,14.993,5417.0,14777.0,22.076,245.0,45.3
2026-07-08 07:13:57,54.0,68.000              ,746.898,406.0,1067.0,0.0,54.0,54.000              ,54.0,54.0,54.0,54.0,54.0,54.0,54.0,37.761,24.716,49.648,29.507,40.955,12.518,64.847,13.517,34.184,2200.0,2200.0,2750.0,2750.0,2200.0,2200.0,2200.0,2200.0,2750.0,0.86,0.86,1.039,1.039,0.756,0.756,1.202,1.202,15.147,5417.0,14777.0,19.912,246.0,50.22
2026-07-08 07:13:58,54.0,69.000              ,746.898,358.0,1067.0,0.0,54.0,54.000              ,54.0,54.0,54.0,54.0,54.0,54.0,54.0,32.801,24.715,48.799,23.583,48.229,7.678,49.191,10.413,30.676,2160.0,2160.0,2700.0,2700.0,2140.0,2140.0,2140.0,2140.0,2700.0,0.852,0.852,1.073,1.073,0.787,0.79,0.957,0.957,14.962,5421.0,14778.0,30.353,247.0,32.95
2026-07-08 07:13:59,54.0,69.000              ,746.891,387.0,1067.0,0.0,54.0,54.000              ,54.0,54.0,54.0,54.0,54.0,54.0,54.0,33.906,21.308,54.256,22.968,48.542,6.035,47.279,6.285,30.072,2180.0,2180.0,2700.0,2700.0,2160.0,2160.0,2160.0,2160.0,2700.0,0.874,0.877,1.178,1.178,0.782,0.78,0.919,0.919,15.09,5422.0,14776.0,22.551,248.0,44.34
2026-07-08 07:14:00,54.0,69.000              ,746.891,338.0,1200.0,0.0,54.0,54.000              ,54.0,54.0,54.0,54.0,54.0,54.0,54.0,46.93,32.826,52.338,28.057,59.783,14.358,48.357,20.573,37.903,2080.0,2080.0,2080.0,2080.0,2600.0,2600.0,2100.0,2100.0,2600.0,0.944,0.942,0.936,0.936,0.916,0.916,0.891,0.891,15.069,5420.0,14778.0,24.678,249.0,40.52
2026-07-08 07:14:01,54.0,69.000              ,766.344,387.0,1200.0,0.0,54.0,54.000              ,54.0,54.0,54.0,54.0,54.0,54.0,54.0,35.849,30.034,43.97,47.676,43.952,12.07,38.904,18.189,33.83,2000.0,2000.0,2500.0,2500.0,2000.0,2000.0,2000.0,2000.0,2500.0,0.796,0.796,1.155,1.157,0.709,0.709,0.772,0.772,15.009,5430.0,14809.0,24.182,250.0,41.35
2026-07-08 07:14:02,54.0,69.000              ,766.348,200.0,1067.0,0.0,54.0,54.000              ,54.0,54.0,54.0,54.0,54.0,54.0,54.0,30.579,20.632,69.588,27.648,47.935,7.067,35.668,18.509,32.203,2160.0,2160.0,2700.0,2700.0,2180.0,2180.0,2180.0,2180.0,2700.0,0.751,0.751,1.336,1.334,0.802,0.802,0.87,0.87,14.963,5430.0,14807.0,24.68,251.0,40.52
2026-07-08 07:14:03,54.0,69.000              ,766.977,333.0,1067.0,0.0,54.0,54.000              ,54.0,54.0,54.0,54.0,54.0,54.0,54.0,29.716,27.956,46.468,23.709,57.947,9.084,40.761,14.52,31.27,2140.0,2140.0,2675.0,2675.0,2140.0,2140.0,2140.0,2140.0,2675.0,0.857,0.857,0.98,0.98,0.994,0.996,0.894,0.894,15.103,5432.0,14808.0,29.405,252.0,34.01
2026-07-08 07:14:04,54.0,68.000              ,766.98,406.0,1067.0,0.0,54.0,54.000              ,54.0,54.0,54.0,54.0,54.0,54.0,54.0,46.238,22.976,47.154,31.035,48.331,17.215,51.44,13.583,34.746,2140.0,2140.0,2675.0,2675.0,2140.0,2140.0,2140.0,2140.0,2675.0,0.914,0.914,1.041,1.043,0.869,0.866,0.96,0.96,15.047,5432.0,14809.0,22.901,253.0,43.67
2026-07-08 07:14:05,54.0,70.000              ,766.969,338.0,1200.0,0.0,54.0,54.000              ,54.0,54.0,54.0,54.0,54.0,54.0,54.0,44.282,24.787,48.928,29.704,41.908,15.102,49.64,13.678,33.504,2675.0,2675.0,2140.0,2140.0,2140.0,2140.0,2140.0,2140.0,2675.0,0.916,0.916,1.051,1.052,0.781,0.786,0.885,0.885,15.046,5434.0,14806.0,23.511,254.0,42.53
2026-07-08 07:14:06,54.0,70.000              ,767.098,358.0,1067.0,0.0,54.0,54.000              ,54.0,54.0,54.0,54.0,54.0,54.0,54.0,48.856,25.54,45.86,37.956,46.908,17.555,53.982,22.958,37.452,2060.0,2060.0,2575.0,2575.0,2060.0,2060.0,2060.0,2060.0,2575.0,0.904,0.904,1.023,1.02,0.832,0.827,0.961,0.961,14.969,5434.0,14806.0,21.607,255.0,46.28
2026-07-08 07:14:07,54.0,68.000              ,767.098,450.0,1067.0,0.0,54.0,54.000              ,54.0,54.0,54.0,54.0,54.0,54.0,54.0,37.504,29.286,59.15,32.397,42.501,14.983,41.303,14.987,34.014,2040.0,2040.0,2550.0,2550.0,2040.0,2040.0,2040.0,2040.0,2550.0,0.818,0.82,1.198,1.198,0.785,0.787,0.837,0.837,15.066,5434.0,14805.0,20.08,256.0,49.8
2026-07-08 07:14:08,54.0,69.000              ,767.094,450.0,1067.0,0.0,54.0,54.000              ,54.0,54.0,54.0,54.0,54.0,54.0,54.0,41.493,25.09,43.577,36.931,41.64,12.912,52.842,14.095,33.572,2200.0,2200.0,2750.0,2725.0,2180.0,2180.0,2180.0,2180.0,2750.0,0.872,0.872,1.129,1.138,0.797,0.796,0.959,0.959,15.18,5434.0,14805.0,19.006,257.0,52.61
2026-07-08 07:14:09,54.0,70.000              ,767.102,387.0,1200.0,0.0,54.0,54.000              ,54.0,54.0,54.0,54.0,54.0,54.0,54.0,39.893,24.339,51.059,31.475,44.095,7.828,50.756,11.695,32.643,2060.0,2060.0,2600.0,2600.0,2080.0,2080.0,2080.0,2080.0,2600.0,0.84,0.838,1.195,1.187,0.796,0.795,0.868,0.868,14.86,5437.0,14805.0,24.849,258.0,40.24
2026-07-08 07:14:10,54.0,68.000              ,767.223,364.0,1067.0,0.0,54.0,54.000              ,54.0,54.0,54.0,54.0,54.0,54.0,54.0,32.447,24.428,56.576,27.526,45.189,7.659,46.531,14.265,31.827,2140.0,2140.0,2675.0,2675.0,2140.0,2140.0,2140.0,2140.0,2675.0,0.811,0.815,1.225,1.228,0.8,0.791,0.921,0.921,14.934,5435.0,14804.0,21.989,259.0,45.48
2026-07-08 07:14:11,54.0,68.000              ,761.207,352.0,1200.0,0.0,54.0,54.000              ,54.0,54.0,54.0,54.0,54.0,54.0,54.0,34.203,27.986,61.336,28.437,53.783,9.854,44.323,18.193,34.764,2060.0,2060.0,2575.0,2575.0,2060.0,2060.0,2060.0,2060.0,2575.0,0.832,0.828,1.212,1.209,0.863,0.874,0.919,0.919,15.122,5432.0,14799.0,24.099,260.0,41.5
2026-07-08 07:14:12,54.0,69.000              ,761.207,387.0,1200.0,0.0,54.0,54.000              ,54.0,54.0,54.0,54.0,54.0,54.0,54.0,33.044,27.914,55.892,27.28,52.309,10.96,53.827,12.262,34.186,2180.0,2180.0,2725.0,2725.0,2180.0,2180.0,2180.0,2180.0,2725.0,0.856,0.859,1.173,1.173,0.926,0.926,0.951,0.951,15.125,5433.0,14798.0,19.609,261.0,51.0
2026-07-08 07:14:13,54.0,68.000              ,761.203,370.0,1067.0,0.0,54.0,54.000              ,54.0,54.0,54.0,54.0,54.0,54.0,54.0,32.274,20.731,46.145,25.294,49.483,7.915,36.829,15.209,29.235,2140.0,2140.0,2675.0,2675.0,2140.0,2140.0,2140.0,2140.0,2675.0,0.835,0.833,1.097,1.097,0.818,0.818,0.851,0.857,14.853,5432.0,14799.0,25.838,262.0,38.7
2026-07-08 07:14:14,54.0,68.000              ,761.203,375.0,1067.0,0.0,54.0,54.000              ,54.0,54.0,54.0,54.0,54.0,54.0,54.0,41.506,27.307,54.537,35.22,55.663,13.669,54.156,20.747,37.851,2140.0,2140.0,2650.0,2650.0,2120.0,2120.0,2140.0,2140.0,2650.0,0.858,0.858,1.119,1.119,0.846,0.846,1.039,1.032,15.254,5432.0,14792.0,22.24,263.0,44.96
2026-07-08 07:14:15,54.0,69.000              ,761.211,406.0,1067.0,0.0,54.0,54.000              ,54.0,54.0,54.0,54.0,54.0,54.0,54.0,39.618,24.74,63.872,22.749,51.051,12.205,42.668,12.468,33.671,2120.0,2120.0,2650.0,2650.0,2650.0,2650.0,2120.0,2120.0,2650.0,0.857,0.857,1.174,1.174,0.841,0.841,0.834,0.838,15.022,5431.0,14792.0,20.921,264.0,47.8
2026-07-08 07:14:16,54.0,70.000              ,757.957,461.0,1200.0,0.0,54.0,54.000              ,54.0,54.0,54.0,54.0,54.0,54.0,54.0,33.705,26.21,70.355,32.409,48.263,9.993,45.936,18.353,35.653,2060.0,2060.0,2575.0,2575.0,2060.0,2060.0,2060.0,2060.0,2575.0,0.8,0.8,1.223,1.226,0.755,0.755,0.891,0.889,15.051,5432.0,14791.0,20.33,265.0,49.19
2026-07-08 07:14:17,54.0,71.000              ,763.969,326.0,1200.0,0.0,54.0,54.000              ,54.0,54.0,54.0,54.0,54.0,54.0,54.0,31.157,26.98,53.261,31.397,42.308,12.67,39.729,16.484,31.748,2100.0,2100.0,2625.0,2625.0,2100.0,2100.0,2100.0,2100.0,2625.0,0.856,0.856,1.229,1.225,0.812,0.812,0.887,0.888,14.897,5436.0,14802.0,27.977,266.0,35.74
2026-07-08 07:14:18,54.0,69.000              ,763.969,364.0,1067.0,0.0,54.0,54.000              ,54.0,54.0,54.0,54.0,54.0,54.0,54.0,30.843,24.056,61.33,28.0,40.857,12.029,49.207,16.014,32.792,2160.0,2160.0,2700.0,2700.0,2160.0,2160.0,2160.0,2160.0,2700.0,0.838,0.842,1.215,1.199,0.829,0.829,0.938,0.936,14.961,5437.0,14802.0,24.803,267.0,40.32
2026-07-08 07:14:19,54.0,69.000              ,765.031,381.0,1200.0,0.0,54.0,54.000              ,54.0,54.0,54.0,54.0,54.0,54.0,54.0,43.712,28.639,51.668,30.839,64.27,36.303,48.506,17.013,40.119,2200.0,2200.0,2750.0,2750.0,2200.0,2200.0,2200.0,2200.0,2750.0,0.821,0.816,0.919,0.933,1.231,1.231,0.821,0.821,15.442,5440.0,14802.0,24.85,268.0,40.24
2026-07-08 07:14:20,54.0,70.000              ,765.031,450.0,1200.0,0.0,54.0,54.000              ,54.0,54.0,54.0,54.0,54.0,54.0,54.0,49.983,36.89,54.187,41.19,79.046,53.128,69.102,30.586,51.764,1780.0,1780.0,1760.0,1760.0,2200.0,2200.0,1760.0,1760.0,2200.0,0.704,0.704,0.75,0.748,1.2,1.2,0.793,0.793,14.991,5447.0,14803.0,24.915,269.0,40.14
2026-07-08 07:14:21,54.0,70.000              ,765.023,428.0,1200.0,0.0,54.0,54.000              ,54.0,54.0,54.0,54.0,54.0,54.0,54.0,45.611,38.697,51.975,63.978,75.728,44.662,56.261,24.249,50.145,1820.0,1820.0,1820.0,1820.0,2275.0,2275.0,1820.0,1820.0,2275.0,0.722,0.723,0.92,0.924,1.202,1.202,0.719,0.719,15.165,5449.0,14804.0,25.716,270.0,38.89
2026-07-08 07:14:22,54.0,71.000              ,766.293,461.0,1200.0,0.0,54.0,54.000              ,54.0,54.0,54.0,54.0,54.0,54.0,54.0,50.304,39.029,55.302,58.547,81.083,56.264,60.809,34.143,54.435,1760.0,1760.0,1760.0,1760.0,2200.0,2200.0,1760.0,1760.0,2200.0,0.684,0.684,0.812,0.81,1.134,1.134,0.732,0.741,15.06,5455.0,14805.0,28.965,271.0,34.52
2026-07-08 07:14:23,54.0,71.000              ,766.609,387.0,1200.0,0.0,54.0,54.000              ,54.0,54.0,54.0,54.0,54.0,54.0,54.0,44.194,32.151,54.694,55.092,63.674,38.799,60.107,19.732,46.055,1760.0,1760.0,1760.0,1760.0,2200.0,2200.0,1760.0,1760.0,2200.0,0.666,0.665,0.914,0.913,0.968,0.969,0.72,0.711,14.606,5458.0,14805.0,26.785,272.0,37.33
2026-07-08 07:14:24,54.0,70.000              ,763.797,200.0,1067.0,0.0,54.0,54.000              ,54.0,54.0,54.0,54.0,54.0,54.0,54.0,39.042,21.664,67.58,23.16,40.771,20.131,56.87,9.692,34.864,1980.0,1980.0,2475.0,2475.0,1980.0,1980.0,1980.0,1980.0,2475.0,0.814,0.814,1.175,1.179,0.844,0.843,0.902,0.902,15.008,5457.0,14802.0,21.453,273.0,46.61
2026-07-08 07:14:25,54.0,70.000              ,763.793,358.0,1200.0,0.0,54.0,54.000              ,54.0,54.0,54.0,54.0,54.0,54.0,54.0,32.936,16.405,57.731,29.117,42.005,14.304,37.77,9.698,29.996,2140.0,2140.0,2675.0,2675.0,2140.0,2140.0,2140.0,2140.0,2675.0,0.845,0.845,1.258,1.255,0.881,0.881,0.809,0.809,14.951,5457.0,14802.0,29.769,274.0,33.59
2026-07-08 07:14:26,54.0,70.000              ,763.422,344.0,1067.0,0.0,54.0,54.000              ,54.0,54.0,54.0,54.0,54.0,54.0,54.0,36.722,20.04,68.762,23.543,40.608,13.384,44.199,15.189,32.806,2140.0,2140.0,2750.0,2750.0,2200.0,2200.0,2200.0,2200.0,2750.0,0.859,0.859,1.289,1.289,0.832,0.832,0.852,0.848,15.005,5456.0,14802.0,24.956,275.0,40.07
2026-07-08 07:14:27,54.0,69.000              ,763.43,200.0,1200.0,0.0,54.0,54.000              ,54.0,54.0,54.0,54.0,54.0,54.0,54.0,36.692,19.488,46.12,25.814,51.653,19.408,44.71,8.946,31.604,2160.0,2160.0,2700.0,2700.0,2180.0,2180.0,2180.0,2180.0,2700.0,0.858,0.858,1.052,1.038,0.972,0.972,0.823,0.826,15.074,5456.0,14799.0,28.15,276.0,35.52
2026-07-08 07:14:28,54.0,68.000              ,766.172,500.0,1200.0,0.0,54.0,54.000              ,54.0,54.0,54.0,54.0,54.0,54.0,54.0,39.678,23.192,46.575,34.459,47.126,19.306,48.484,12.097,33.865,2060.0,2060.0,2575.0,2575.0,2060.0,2060.0,2060.0,2060.0,2575.0,0.822,0.822,1.099,1.115,0.871,0.871,0.869,0.869,15.365,5454.0,14803.0,25.505,277.0,39.21
2026-07-08 07:14:29,54.0,68.000              ,767.918,352.0,1200.0,0.0,54.0,54.000              ,54.0,54.0,54.0,54.0,54.0,54.0,54.0,50.2,16.784,49.947,26.296,43.433,15.645,56.547,10.258,33.639,2000.0,2000.0,2500.0,2500.0,2000.0,2000.0,2000.0,2000.0,2500.0,0.907,0.907,0.967,0.967,0.786,0.794,0.925,0.925,14.824,5458.0,14810.0,24.886,278.0,40.18
2026-07-08 07:14:30,53.0,69.000              ,767.918,370.0,1067.0,0.0,53.75,53.750              ,53.75,53.75,53.75,53.75,53.75,53.75,53.75,41.902,16.981,53.768,23.04,45.32,21.017,72.829,10.985,35.73,2100.0,2100.0,2120.0,2120.0,2120.0,2120.0,2650.0,2650.0,2650.0,0.808,0.808,0.876,0.876,0.854,0.847,1.183,1.183,14.924,5458.0,14809.0,21.472,279.0,46.57
2026-07-08 07:14:31,53.0,69.000              ,767.922,461.0,1200.0,0.0,53.75,53.750              ,53.75,53.75,53.75,53.75,53.75,53.75,53.75,28.34,23.71,40.302,32.937,40.635,11.248,38.032,11.706,28.364,2120.0,2120.0,2650.0,2650.0,2120.0,2120.0,2650.0,2650.0,2650.0,0.784,0.79,1.122,1.122,0.809,0.81,0.819,0.819,15.174,5457.0,14807.0,23.906,280.0,41.83
2026-07-08 07:14:32,53.0,69.000              ,767.918,428.0,1200.0,0.0,53.75,53.750              ,53.75,53.75,53.75,53.75,53.75,53.75,53.75,35.012,24.873,37.019,47.455,41.734,22.896,38.885,14.747,32.828,2060.0,2060.0,2575.0,2575.0,2060.0,2060.0,2060.0,2060.0,2575.0,0.774,0.769,1.15,1.134,0.779,0.777,0.713,0.715,14.892,5459.0,14806.0,25.83,281.0,38.71
2026-07-08 07:14:33,53.0,69.000              ,768.043,350.0,1200.0,0.0,53.75,53.750              ,53.75,53.75,53.75,53.75,53.75,53.75,53.75,30.729,24.566,64.136,30.891,45.444,12.113,44.466,15.979,33.541,2020.0,2020.0,2525.0,2525.0,2020.0,2020.0,2020.0,2020.0,2525.0,0.787,0.787,1.282,1.3,0.847,0.847,0.875,0.875,15.158,5458.0,14803.0,21.68,282.0,46.13
2026-07-08 07:14:34,53.0,69.000              ,767.047,200.0,1200.0,0.0,53.75,53.750              ,53.75,53.75,53.75,53.75,53.75,53.75,53.75,38.387,25.783,65.817,30.434,53.218,23.682,49.958,17.81,38.136,2200.0,2200.0,2750.0,2750.0,2200.0,2200.0,2200.0,2200.0,2750.0,0.809,0.809,1.183,1.185,1.099,1.099,0.869,0.867,15.307,5458.0,14810.0,21.946,283.0,45.57
2026-07-08 07:14:35,53.0,69.000              ,767.047,420.0,1200.0,0.0,53.75,53.750              ,53.75,53.75,53.75,53.75,53.75,53.75,53.75,47.449,36.001,57.483,54.276,83.935,49.121,60.174,28.19,52.079,1760.0,1760.0,1760.0,1760.0,2200.0,2200.0,1760.0,1760.0,2200.0,0.708,0.708,0.854,0.855,1.314,1.314,0.753,0.753,15.069,5473.0,14809.0,26.214,284.0,38.15
2026-07-08 07:14:36,53.0,69.000              ,767.422,450.0,1200.0,0.0,53.75,53.750              ,53.75,53.75,53.75,53.75,53.75,53.75,53.75,51.783,34.705,48.843,59.118,81.503,49.815,54.991,29.701,51.308,1760.0,1760.0,1816.667,1816.667,2180.0,2180.0,1816.667,1816.667,2180.0,0.696,0.696,0.822,0.818,1.241,1.242,0.705,0.705,14.94,5483.0,14809.0,23.076,285.0,43.34
2026-07-08 07:14:37,53.0,69.000              ,767.422,400.0,1200.0,0.0,53.75,53.750              ,53.75,53.75,53.75,53.75,53.75,53.75,53.75,44.08,28.743,50.129,44.474,56.475,52.232,59.97,24.064,45.021,1800.0,1800.0,1800.0,1800.0,2160.0,2160.0,1783.333,1783.333,2160.0,0.672,0.672,0.849,0.849,1.001,0.999,0.782,0.783,14.783,5486.0,14802.0,25.945,286.0,38.54
2026-07-08 07:14:38,53.0,69.000              ,767.043,387.0,1200.0,0.0,53.75,53.750              ,53.75,53.75,53.75,53.75,53.75,53.75,53.75,37.84,22.287,61.006,25.715,50.897,9.603,56.038,6.288,33.709,2120.0,2120.0,2650.0,2650.0,2120.0,2120.0,2120.0,2120.0,2650.0,0.832,0.833,1.167,1.167,0.846,0.846,0.869,0.87,15.055,5488.0,14802.0,23.262,287.0,42.99
2026-07-08 07:14:39,53.0,69.000              ,767.051,420.0,1067.0,0.0,53.75,53.750              ,53.75,53.75,53.75,53.75,53.75,53.75,53.75,40.456,22.318,62.582,26.836,48.542,10.223,53.027,8.965,34.119,2060.0,2060.0,2575.0,2575.0,2060.0,2060.0,2060.0,2060.0,2575.0,0.887,0.89,1.23,1.23,0.822,0.822,0.899,0.896,14.881,5486.0,14802.0,21.908,288.0,45.65
2026-07-08 07:14:40,53.0,70.000              ,750.586,442.0,1200.0,0.0,53.875,53.875              ,53.875,53.875,53.875,53.875,53.875,53.875,53.875,35.936,35.234,61.484,35.108,53.747,19.827,50.82,19.431,38.948,2140.0,2140.0,2675.0,2675.0,2140.0,2140.0,2140.0,2140.0,2675.0,0.805,0.802,1.169,1.169,0.855,0.855,0.867,0.867,15.161,5489.0,14791.0,21.594,289.0,46.31
2026-07-08 07:14:41,53.0,69.000              ,750.586,461.0,1200.0,0.0,53.875,53.875              ,53.875,53.875,53.875,53.875,53.875,53.875,53.875,31.368,26.802,42.294,30.472,47.784,7.869,46.465,10.763,30.477,1920.0,1920.0,2400.0,2400.0,1920.0,1920.0,1920.0,1920.0,2400.0,0.728,0.728,0.985,0.985,0.709,0.71,0.758,0.758,14.845,5489.0,14791.0,25.868,290.0,38.66
2026-07-08 07:14:42,53.0,69.000              ,750.582,338.0,1067.0,0.0,53.875,53.875              ,53.875,53.875,53.875,53.875,53.875,53.875,53.875,29.556,26.495,52.439,27.604,48.874,12.828,40.071,12.305,31.271,2160.0,2160.0,2725.0,2725.0,2180.0,2180.0,2180.0,2180.0,2725.0,0.849,0.849,1.203,1.203,0.923,0.921,0.892,0.892,15.15,5489.0,14791.0,20.82,291.0,48.03
2026-07-08 07:14:43,53.0,69.000              ,750.586,525.0,1200.0,0.0,53.875,53.875              ,53.875,53.875,53.875,53.875,53.875,53.875,53.875,29.195,24.52,39.392,33.516,45.988,8.848,40.448,11.589,29.187,2160.0,2160.0,2700.0,2700.0,2160.0,2160.0,2160.0,2160.0,2700.0,0.789,0.789,1.104,1.104,0.806,0.807,0.846,0.846,15.084,5488.0,14780.0,25.153,292.0,39.76
2026-07-08 07:14:44,53.0,69.000              ,753.516,352.0,1200.0,0.0,53.875,53.875              ,53.875,53.875,53.875,53.875,53.875,53.875,53.875,45.86,26.759,39.96,30.153,54.974,10.084,43.201,15.387,33.297,2140.0,2140.0,2675.0,2675.0,2140.0,2140.0,2140.0,2140.0,2675.0,1.005,1.005,0.935,0.935,0.893,0.894,0.892,0.892,15.035,5489.0,14779.0,20.544,293.0,48.68
2026-07-08 07:14:45,53.0,69.000              ,753.832,344.0,1067.0,0.0,53.875,53.875              ,53.875,53.875,53.875,53.875,53.875,53.875,53.875,40.517,29.847,39.621,36.535,61.828,10.672,42.913,16.198,34.767,2060.0,2060.0,2575.0,2575.0,2060.0,2060.0,2060.0,2060.0,2575.0,0.886,0.886,1.033,1.034,1.007,1.006,0.861,0.861,15.062,5490.0,14779.0,21.241,294.0,47.08
2026-07-08 07:14:46,53.0,68.000              ,753.832,381.0,1067.0,0.0,53.875,53.875              ,53.875,53.875,53.875,53.875,53.875,53.875,53.875,42.051,30.753,46.414,29.761,55.63,13.903,43.44,15.894,34.731,2625.0,2625.0,2100.0,2100.0,2100.0,2100.0,2100.0,2100.0,2625.0,0.919,0.921,1.03,1.029,0.951,0.951,0.859,0.859,15.03,5490.0,14781.0,18.643,295.0,53.64
2026-07-08 07:14:47,53.0,68.000              ,753.836,350.0,1200.0,0.0,53.875,53.875              ,53.875,53.875,53.875,53.875,53.875,53.875,53.875,36.107,28.003,44.966,35.693,50.81,10.986,40.803,16.855,33.028,2020.0,2020.0,2525.0,2525.0,2525.0,2525.0,2020.0,2040.0,2525.0,0.858,0.856,1.149,1.149,0.837,0.837,0.864,0.864,14.959,5490.0,14779.0,24.817,296.0,40.29
2026-07-08 07:14:48,53.0,68.000              ,756.777,375.0,1067.0,0.0,53.875,53.875              ,53.875,53.875,53.875,53.875,53.875,53.875,53.875,36.117,27.832,41.838,41.696,58.637,10.855,38.624,17.494,34.137,2100.0,2100.0,2625.0,2625.0,2120.0,2120.0,2120.0,2120.0,2625.0,0.882,0.885,1.2,1.203,0.953,0.954,0.848,0.848,15.081,5491.0,14782.0,23.115,297.0,43.26
2026-07-08 07:14:49,53.0,69.000              ,757.789,200.0,1200.0,0.0,53.875,53.875              ,53.875,53.875,53.875,53.875,53.875,53.875,53.875,33.244,28.716,41.654,35.534,51.969,10.231,40.753,24.48,33.323,2040.0,2040.0,2550.0,2550.0,2040.0,2040.0,2040.0,2040.0,2550.0,0.797,0.794,1.042,1.039,0.799,0.798,0.876,0.876,14.89,5492.0,14782.0,23.987,298.0,41.69
2026-07-08 07:14:50,53.0,69.000              ,757.789,435.0,1200.0,0.0,53.875,53.875              ,53.875,53.875,53.875,53.875,53.875,53.875,53.875,38.844,27.796,48.287,38.927,61.79,12.251,41.651,31.579,37.641,2100.0,2100.0,2625.0,2625.0,2100.0,2100.0,2100.0,2100.0,2625.0,0.839,0.841,1.14,1.14,0.939,0.943,0.995,0.987,15.263,5491.0,14781.0,20.16,299.0,49.6
2026-07-08 07:14:51,53.0,69.000              ,757.781,200.0,1200.0,0.0,53.875,53.875              ,53.875,53.875,53.875,53.875,53.875,53.875,53.875,60.534,41.401,64.871,58.693,57.579,41.133,58.747,74.542,57.187,1780.0,1780.0,1780.0,1780.0,1780.0,1780.0,2225.0,2225.0,2225.0,0.767,0.765,0.905,0.907,0.739,0.737,1.137,1.151,15.412,5506.0,14784.0,22.124,300.0,45.2
2026-07-08 07:14:52,53.0,72.000              ,757.723,428.0,1200.0,0.0,53.875,53.875              ,53.875,53.875,53.875,53.875,53.875,53.875,53.875,61.674,54.177,67.043,70.761,64.091,54.829,67.802,75.016,64.424,1666.667,1666.667,2000.0,2000.0,1666.667,1666.667,1980.0,1980.0,2000.0,0.746,0.746,0.898,0.902,0.811,0.81,1.005,1.003,14.936,5516.0,14786.0,31.039,301.0,32.22
2026-07-08 07:14:53,53.0,72.000              ,757.723,442.0,1200.0,0.0,53.875,53.875              ,53.875,53.875,53.875,53.875,53.875,53.875,53.875,48.779,42.306,57.258,61.996,65.174,29.993,54.32,78.474,54.787,1716.667,1716.667,2060.0,2060.0,1716.667,1716.667,2060.0,2060.0,2060.0,0.693,0.693,0.868,0.854,0.714,0.713,1.056,1.056,14.861,5521.0,14787.0,23.723,302.0,42.15
2026-07-08 07:14:54,53.0,69.000              ,754.477,200.0,1200.0,0.0,53.875,53.875              ,53.875,53.875,53.875,53.875,53.875,53.875,53.875,69.957,58.024,72.567,76.67,70.722,58.305,71.037,81.006,69.786,1716.667,1716.667,1716.667,2040.0,1700.0,1716.667,2060.0,2060.0,2060.0,0.764,0.765,0.901,0.91,0.79,0.792,1.016,1.017,15.213,5527.0,14783.0,26.501,303.0,37.73
2026-07-08 07:14:55,53.0,69.000              ,751.152,461.0,1200.0,0.0,53.875,53.875              ,53.875,53.875,53.875,53.875,53.875,53.875,53.875,71.71,61.394,73.563,73.24,71.544,57.06,73.073,79.564,70.143,1633.333,1633.333,1960.0,1960.0,1633.333,1633.333,1960.0,1940.0,1960.0,0.812,0.812,0.911,0.912,0.765,0.763,0.996,0.995,14.855,5520.0,14736.0,27.803,304.0,35.97
2026-07-08 07:14:56,53.0,71.000              ,751.152,469.0,1200.0,0.0,53.875,53.875              ,53.875,53.875,53.875,53.875,53.875,53.875,53.875,33.01,32.856,37.868,57.578,44.547,15.194,48.89,24.666,36.826,1783.333,1783.333,1783.333,1783.333,1783.333,1783.333,2140.0,2140.0,2140.0,0.688,0.687,1.092,1.093,0.664,0.664,0.799,0.8,14.701,5516.0,14734.0,23.046,305.0,43.39
2026-07-08 07:14:57,53.0,71.000              ,747.215,352.0,1200.0,0.0,53.875,53.875              ,53.875,53.875,53.875,53.875,53.875,53.875,53.875,28.139,27.503,45.267,37.806,51.579,13.902,36.755,15.337,32.036,2120.0,2120.0,2650.0,2650.0,2120.0,2120.0,2120.0,2120.0,2650.0,0.802,0.802,1.242,1.239,0.896,0.896,0.846,0.861,14.988,5515.0,14728.0,21.738,306.0,46.0
2026-07-08 07:14:58,53.0,69.000              ,748.508,393.0,1067.0,0.0,53.875,53.875              ,53.875,53.875,53.875,53.875,53.875,53.875,53.875,34.495,30.583,64.065,31.456,45.737,13.965,43.624,20.139,35.508,2080.0,2080.0,2600.0,2600.0,2080.0,2080.0,2100.0,2100.0,2600.0,0.882,0.884,1.277,1.286,0.801,0.801,0.911,0.895,15.009,5513.0,14725.0,23.75,307.0,42.11
2026-07-08 07:14:59,53.0,69.000              ,748.5,428.0,1067.0,0.0,53.875,53.875              ,53.875,53.875,53.875,53.875,53.875,53.875,53.875,28.159,22.587,64.269,21.963,38.894,6.905,46.821,13.025,30.328,2120.0,2120.0,2650.0,2650.0,2120.0,2120.0,2140.0,2140.0,2650.0,0.81,0.807,1.271,1.264,0.715,0.715,0.965,0.979,15.046,5512.0,14724.0,19.464,308.0,51.38
2026-07-08 07:15:00,53.0,70.000              ,748.504,200.0,1067.0,0.0,53.875,53.875              ,53.875,53.875,53.875,53.875,53.875,53.875,53.875,35.024,29.192,57.029,33.838,41.429,12.479,39.173,28.645,34.601,2140.0,2140.0,2700.0,2700.0,2160.0,2160.0,2160.0,2160.0,2700.0,0.835,0.837,1.214,1.212,0.748,0.748,0.941,0.927,15.051,5511.0,14725.0,26.438,309.0,37.82
2026-07-08 07:15:01,53.0,69.000              ,755.754,590.0,1200.0,0.0,53.875,53.875              ,53.875,53.875,53.875,53.875,53.875,53.875,53.875,36.897,24.606,42.718,40.399,46.227,12.615,46.797,16.702,33.37,2080.0,2080.0,2600.0,2600.0,2080.0,2080.0,2080.0,2080.0,2600.0,0.831,0.829,1.119,1.119,0.821,0.823,0.888,0.874,15.165,5519.0,14731.0,25.859,310.0,38.67
2026-07-08 07:15:02,53.0,72.000              ,755.75,200.0,933.0,0.0,53.875,53.875              ,53.875,53.875,53.875,53.875,53.875,53.875,53.875,31.977,20.107,52.647,26.673,45.134,20.17,34.906,19.174,31.348,1820.0,1820.0,2275.0,2275.0,1820.0,1820.0,1820.0,1820.0,2275.0,0.623,0.623,1.241,1.241,0.892,0.89,0.686,0.7,13.742,5521.0,14725.0,22.723,311.0,44.01
2026-07-08 07:15:03,55.0,38.000              ,755.75,200.0,933.0,0.0,55.125,55.125              ,55.125,55.125,55.125,55.125,55.125,55.125,55.125,10.437,10.149,71.347,7.069,38.854,7.062,17.417,6.27,21.075,2333.333,2333.333,3500.0,3500.0,2333.333,2333.333,2800.0,2800.0,3500.0,0.96,0.96,3.319,3.319,1.738,1.738,1.047,1.044,14.347,5532.0,14654.0,0.0,312.0,
2026-07-08 07:15:04,55.0,0.000               ,755.75,200.0,933.0,0.0,55.125,55.125              ,55.125,55.125,55.125,55.125,55.125,55.125,55.125,18.082,13.864,59.531,8.649,24.739,13.372,21.377,11.157,21.346,3475.0,3475.0,2316.667,2316.667,2316.667,3475.0,3500.0,3500.0,3500.0,1.146,1.146,2.067,2.067,1.206,1.206,1.051,1.051,13.769,5156.0,14256.0,0.0,313.0,
2026-07-08 07:15:05,55.0,0.000               ,755.75,200.0,933.0,0.0,55.25,55.250              ,55.25,55.25,55.25,55.25,55.25,55.25,55.25,16.475,6.255,67.645,7.746,31.325,6.905,15.477,6.104,19.741,2333.333,2333.333,3500.0,3500.0,2333.333,2333.333,2800.0,2800.0,3500.0,0.971,0.971,2.951,2.951,1.313,1.313,0.922,0.922,13.064,5046.0,13479.0,0.0,314.0,
2026-07-08 07:15:06,55.0,0.000               ,755.75,200.0,933.0,0.0,55.75,55.750              ,55.75,55.75,55.75,55.75,55.75,55.75,55.75,8.795,9.239,78.84,4.245,21.54,7.741,13.099,6.443,18.743,2333.333,2333.333,3500.0,3500.0,2800.0,2800.0,2333.333,2333.333,3500.0,0.9,0.9,3.322,3.322,1.271,1.271,1.002,1.002,13.789,5077.0,13318.0,0.0,315.0,
2026-07-08 07:15:07,55.0,0.000               ,755.75,200.0,933.0,0.0,55.5,55.500              ,55.5,55.5,55.5,55.5,55.5,55.5,55.5,12.197,10.356,63.518,12.027,15.722,27.676,23.417,5.828,21.343,2800.0,2800.0,2333.333,2333.333,3500.0,3500.0,2800.0,2800.0,3500.0,0.95,0.95,2.702,2.702,1.342,1.342,1.135,1.135,14.042,4741.0,12783.0,0.0,316.0,
2026-07-08 07:15:08,55.0,0.000               ,755.746,200.0,933.0,0.0,55.375,55.375              ,55.375,55.375,55.375,55.375,55.375,55.375,55.375,8.972,21.228,35.885,32.187,31.731,8.515,15.209,4.88,19.826,2333.333,2333.333,3500.0,3500.0,2333.333,2333.333,2800.0,2800.0,3500.0,1.291,1.291,2.453,2.472,1.506,1.489,1.001,1.001,14.141,4394.0,11883.0,6033.069,317.0,0.17
2026-07-08 07:15:09,56.0,0.000               ,708.172,200.0,933.0,0.0,56.25,56.250              ,56.25,56.25,56.25,56.25,56.25,56.25,56.25,13.441,10.299,6.374,72.133,36.538,17.195,38.891,6.707,25.197,2333.333,2333.333,3500.0,3500.0,2333.333,2333.333,2333.333,2333.333,3500.0,1.053,1.053,3.403,3.384,1.84,1.863,1.772,1.772,15.81,4356.0,11923.0,0.0,318.0,
2026-07-08 07:15:10,56.0,0.000               ,667.883,200.0,933.0,0.0,56.875,56.875              ,56.875,56.875,56.875,56.875,56.875,56.875,56.875,6.081,4.094,1.73,95.267,12.757,7.441,6.129,2.784,17.035,2333.333,2333.333,3500.0,3500.0,2333.333,2333.333,2333.333,2333.333,3500.0,0.521,0.521,4.875,4.89,0.989,0.989,0.691,0.691,13.86,3815.0,11360.0,2160.714,319.0,0.46
2026-07-08 07:15:11,57.0,2.000               ,667.883,200.0,933.0,0.0,57.5,57.500              ,57.5,57.5,57.5,57.5,57.5,57.5,57.5,3.648,1.405,3.973,94.8,10.606,17.821,7.11,2.108,17.684,2333.333,2333.333,3500.0,3500.0,2333.333,2333.333,2333.333,2333.333,3500.0,0.285,0.285,5.312,5.303,1.088,1.088,0.782,0.782,14.011,3822.0,11347.0,0.0,320.0,
2026-07-08 07:15:12,57.0,2.000               ,667.883,200.0,933.0,0.0,57.625,57.625              ,57.625,57.625,57.625,57.625,57.625,57.625,57.625,3.294,3.093,1.21,96.388,5.97,5.516,8.552,2.714,15.842,2333.333,2333.333,3500.0,3500.0,2333.333,2333.333,2333.333,2333.333,3500.0,0.212,0.212,5.146,5.193,0.751,0.751,0.659,0.659,13.596,3859.0,11378.0,0.0,321.0,
2026-07-08 07:15:13,58.0,0.000               ,667.883,200.0,933.0,0.0,58.0,58.000              ,58.0,58.0,58.0,58.0,58.0,58.0,58.0,3.476,1.543,17.567,82.244,3.776,1.326,4.245,1.615,14.474,2333.333,2333.333,3500.0,3500.0,2333.333,2333.333,2333.333,2333.333,3500.0,0.234,0.234,4.741,4.642,0.647,0.647,0.631,0.631,13.137,3646.0,11115.0,3183.895,322.0,0.31
2026-07-08 07:15:14,57.0,0.000               ,664.355,200.0,933.0,0.0,57.0,57.000              ,57.0,57.0,57.0,57.0,57.0,57.0,57.0,12.562,5.058,3.848,74.186,17.335,4.172,7.347,2.992,15.937,2333.333,2333.333,2333.333,2333.333,3500.0,3500.0,2333.333,2333.333,3500.0,0.776,0.776,2.931,2.947,1.003,1.003,0.636,0.637,12.773,3749.0,11184.0,0.0,323.0,
2026-07-08 07:15:15,56.0,0.000               ,605.352,200.0,1067.0,0.0,56.25,56.250              ,56.25,56.25,56.25,56.25,56.25,56.25,56.25,30.661,14.37,46.066,34.903,31.552,12.539,34.097,8.497,26.586,2333.333,2333.333,3500.0,3500.0,2333.333,2333.333,2333.333,2333.333,3500.0,1.296,1.296,2.381,2.376,1.461,1.461,1.268,1.267,15.587,3155.0,10634.0,1198.372,324.0,0.83
2026-07-08 07:15:16,55.0,23.000              ,605.352,200.0,933.0,0.0,55.75,55.750              ,55.75,55.75,55.75,55.75,55.75,55.75,55.75,20.811,12.467,50.764,16.158,21.195,6.395,34.616,3.895,20.787,2660.0,2660.0,2660.0,2660.0,2660.0,2660.0,3350.0,3350.0,3350.0,1.048,1.052,1.869,1.868,1.041,1.041,1.156,1.156,13.993,3148.0,10630.0,34.325,325.0,29.13
2026-07-08 07:15:17,55.0,48.000              ,635.066,200.0,933.0,0.0,55.5,55.500              ,55.5,55.5,55.5,55.5,55.5,55.5,55.5,27.473,16.431,55.337,16.98,27.232,7.174,33.705,5.673,23.751,2333.333,2333.333,3500.0,3500.0,2333.333,2333.333,2333.333,2333.333,3500.0,1.266,1.262,1.986,1.986,1.176,1.176,1.135,1.135,15.013,3180.0,10663.0,38.961,326.0,25.67
2026-07-08 07:15:18,55.0,60.000              ,635.086,200.0,933.0,0.0,55.25,55.250              ,55.25,55.25,55.25,55.25,55.25,55.25,55.25,20.435,10.823,65.538,10.882,31.405,3.442,20.294,3.993,20.852,2333.333,2333.333,3500.0,3500.0,2333.333,2333.333,2333.333,2333.333,3500.0,1.09,1.09,2.176,2.177,1.222,1.222,0.954,0.954,14.955,3178.0,10642.0,25.334,327.0,39.47
2026-07-08 07:15:19,54.0,66.000              ,635.086,200.0,933.0,0.0,54.375,54.375              ,54.375,54.375,54.375,54.375,54.375,54.375,54.375,12.509,8.975,51.644,13.084,15.422,3.432,19.116,2.953,15.892,2280.0,2280.0,2850.0,2750.0,2200.0,2200.0,3050.0,3050.0,3050.0,0.72,0.72,1.783,1.783,0.697,0.697,0.697,0.697,12.393,3053.0,10511.0,17.321,328.0,57.73
2026-07-08 07:15:20,54.0,33.000              ,465.047,200.0,933.0,0.0,54.0,54.000              ,54.0,54.0,54.0,54.0,54.0,54.0,54.0,11.667,3.746,23.768,21.981,9.337,6.366,6.918,9.978,11.72,2650.0,2650.0,2650.0,2650.0,2650.0,2650.0,2650.0,2650.0,2650.0,0.541,0.541,1.919,1.919,0.639,0.639,0.543,0.543,9.777,2795.0,9358.0,0.0,329.0,
2026-07-08 07:15:21,54.0,2.000               ,529.102,200.0,400.0,0.0,54.375,54.375              ,54.375,54.375,54.375,54.375,54.375,54.375,54.375,33.174,17.993,51.39,18.087,41.0,21.095,38.283,24.312,30.667,2800.0,2800.0,3500.0,3500.0,2800.0,2800.0,2800.0,2800.0,3500.0,1.584,1.584,2.588,2.588,1.949,1.955,1.98,1.98,16.259,2851.0,8996.0,0.0,330.0,
