08-07-2026 05:45:46,GPU temperature,GPU usage,Memory usage,Core clock,Memory clock,Fan tachometer,CPU1 temperature,CPU2 temperature,CPU3 temperature,CPU4 temperature,CPU5 temperature,CPU6 temperature,CPU7 temperature,CPU8 temperature,CPU temperature,CPU1 usage,CPU2 usage,CPU3 usage,CPU4 usage,CPU5 usage,CPU6 usage,CPU7 usage,CPU8 usage,CPU usage,CPU1 clock,CPU2 clock,CPU3 clock,CPU4 clock,CPU5 clock,CPU6 clock,CPU7 clock,CPU8 clock,CPU clock,CPU1 power,CPU2 power,CPU3 power,CPU4 power,CPU5 power,CPU6 power,CPU7 power,CPU8 power,CPU power,RAM usage,Commit charge,frametime,elapsed,fps
2026-07-08 05:45:46,0.0,°C                  ,0.0,100.0,10.0,,,,,,,,,,,,,,,,,,,,,,,,,,,,,,,,,,,,,,,,,0.0,
2026-07-08 05:45:46,1.0,%                   ,0.0,100.0,10.0,,,,,,,,,,,,,,,,,,,,,,,,,,,,,,,,,,,,,,,,,0.0,
2026-07-08 05:45:46,2.0,MB                  ,0.0,8192.0,10.0,,,,,,,,,,,,,,,,,,,,,,,,,,,,,,,,,,,,,,,,,0.0,
2026-07-08 05:45:46,3.0,MHz                 ,0.0,2500.0,10.0,,,,,,,,,,,,,,,,,,,,,,,,,,,,,,,,,,,,,,,,,0.0,
2026-07-08 05:45:46,4.0,MHz                 ,0.0,7500.0,10.0,,,,,,,,,,,,,,,,,,,,,,,,,,,,,,,,,,,,,,,,,0.0,
2026-07-08 05:45:46,5.0,RPM                 ,0.0,10000.0,10.0,,,,,,,,,,,,,,,,,,,,,,,,,,,,,,,,,,,,,,,,,0.0,
2026-07-08 05:45:46,6.0,°C                  ,0.0,100.0,10.0,,,,,,,,,,,,,,,,,,,,,,,,,,,,,,,,,,,,,,,,,0.0,
2026-07-08 05:45:46,7.0,°C                  ,0.0,100.0,10.0,,,,,,,,,,,,,,,,,,,,,,,,,,,,,,,,,,,,,,,,,0.0,
2026-07-08 05:45:46,8.0,°C                  ,0.0,100.0,10.0,,,,,,,,,,,,,,,,,,,,,,,,,,,,,,,,,,,,,,,,,0.0,
2026-07-08 05:45:46,9.0,°C                  ,0.0,100.0,10.0,,,,,,,,,,,,,,,,,,,,,,,,,,,,,,,,,,,,,,,,,0.0,
2026-07-08 05:45:46,10.0,°C                  ,0.0,100.0,10.0,,,,,,,,,,,,,,,,,,,,,,,,,,,,,,,,,,,,,,,,,0.0,
2026-07-08 05:45:46,11.0,°C                  ,0.0,100.0,10.0,,,,,,,,,,,,,,,,,,,,,,,,,,,,,,,,,,,,,,,,,0.0,
2026-07-08 05:45:46,12.0,°C                  ,0.0,100.0,10.0,,,,,,,,,,,,,,,,,,,,,,,,,,,,,,,,,,,,,,,,,0.0,
2026-07-08 05:45:46,13.0,°C                  ,0.0,100.0,10.0,,,,,,,,,,,,,,,,,,,,,,,,,,,,,,,,,,,,,,,,,0.0,
2026-07-08 05:45:46,14.0,°C                  ,0.0,100.0,10.0,,,,,,,,,,,,,,,,,,,,,,,,,,,,,,,,,,,,,,,,,0.0,
2026-07-08 05:45:46,15.0,%                   ,0.0,100.0,10.0,,,,,,,,,,,,,,,,,,,,,,,,,,,,,,,,,,,,,,,,,0.0,
2026-07-08 05:45:46,16.0,%                   ,0.0,100.0,10.0,,,,,,,,,,,,,,,,,,,,,,,,,,,,,,,,,,,,,,,,,0.0,
2026-07-08 05:45:46,17.0,%                   ,0.0,100.0,10.0,,,,,,,,,,,,,,,,,,,,,,,,,,,,,,,,,,,,,,,,,0.0,
2026-07-08 05:45:46,18.0,%                   ,0.0,100.0,10.0,,,,,,,,,,,,,,,,,,,,,,,,,,,,,,,,,,,,,,,,,0.0,
2026-07-08 05:45:46,19.0,%                   ,0.0,100.0,10.0,,,,,,,,,,,,,,,,,,,,,,,,,,,,,,,,,,,,,,,,,0.0,
2026-07-08 05:45:46,20.0,%                   ,0.0,100.0,10.0,,,,,,,,,,,,,,,,,,,,,,,,,,,,,,,,,,,,,,,,,0.0,
2026-07-08 05:45:46,21.0,%                   ,0.0,100.0,10.0,,,,,,,,,,,,,,,,,,,,,,,,,,,,,,,,,,,,,,,,,0.0,
2026-07-08 05:45:46,22.0,%                   ,0.0,100.0,10.0,,,,,,,,,,,,,,,,,,,,,,,,,,,,,,,,,,,,,,,,,0.0,
2026-07-08 05:45:46,23.0,%                   ,0.0,100.0,10.0,,,,,,,,,,,,,,,,,,,,,,,,,,,,,,,,,,,,,,,,,0.0,
2026-07-08 05:45:46,24.0,MHz                 ,0.0,5000.0,10.0,,,,,,,,,,,,,,,,,,,,,,,,,,,,,,,,,,,,,,,,,0.0,
2026-07-08 05:45:46,25.0,MHz                 ,0.0,5000.0,10.0,,,,,,,,,,,,,,,,,,,,,,,,,,,,,,,,,,,,,,,,,0.0,
2026-07-08 05:45:46,26.0,MHz                 ,0.0,5000.0,10.0,,,,,,,,,,,,,,,,,,,,,,,,,,,,,,,,,,,,,,,,,0.0,
2026-07-08 05:45:46,27.0,MHz                 ,0.0,5000.0,10.0,,,,,,,,,,,,,,,,,,,,,,,,,,,,,,,,,,,,,,,,,0.0,
2026-07-08 05:45:46,28.0,MHz                 ,0.0,5000.0,10.0,,,,,,,,,,,,,,,,,,,,,,,,,,,,,,,,,,,,,,,,,0.0,
2026-07-08 05:45:46,29.0,MHz                 ,0.0,5000.0,10.0,,,,,,,,,,,,,,,,,,,,,,,,,,,,,,,,,,,,,,,,,0.0,
2026-07-08 05:45:46,30.0,MHz                 ,0.0,5000.0,10.0,,,,,,,,,,,,,,,,,,,,,,,,,,,,,,,,,,,,,,,,,0.0,
2026-07-08 05:45:46,31.0,MHz                 ,0.0,5000.0,10.0,,,,,,,,,,,,,,,,,,,,,,,,,,,,,,,,,,,,,,,,,0.0,
2026-07-08 05:45:46,32.0,MHz                 ,0.0,5000.0,10.0,,,,,,,,,,,,,,,,,,,,,,,,,,,,,,,,,,,,,,,,,0.0,
2026-07-08 05:45:46,33.0,W                   ,0.0,200.0,10.0,,,%.1f                ,,,,,,,,,,,,,,,,,,,,,,,,,,,,,,,,,,,,,,0.0,
2026-07-08 05:45:46,34.0,W                   ,0.0,200.0,10.0,,,%.1f                ,,,,,,,,,,,,,,,,,,,,,,,,,,,,,,,,,,,,,,0.0,
2026-07-08 05:45:46,35.0,W                   ,0.0,200.0,10.0,,,%.1f                ,,,,,,,,,,,,,,,,,,,,,,,,,,,,,,,,,,,,,,0.0,
2026-07-08 05:45:46,36.0,W                   ,0.0,200.0,10.0,,,%.1f                ,,,,,,,,,,,,,,,,,,,,,,,,,,,,,,,,,,,,,,0.0,
2026-07-08 05:45:46,37.0,W                   ,0.0,200.0,10.0,,,%.1f                ,,,,,,,,,,,,,,,,,,,,,,,,,,,,,,,,,,,,,,0.0,
2026-07-08 05:45:46,38.0,W                   ,0.0,200.0,10.0,,,%.1f                ,,,,,,,,,,,,,,,,,,,,,,,,,,,,,,,,,,,,,,0.0,
2026-07-08 05:45:46,39.0,W                   ,0.0,200.0,10.0,,,%.1f                ,,,,,,,,,,,,,,,,,,,,,,,,,,,,,,,,,,,,,,0.0,
2026-07-08 05:45:46,40.0,W                   ,0.0,200.0,10.0,,,%.1f                ,,,,,,,,,,,,,,,,,,,,,,,,,,,,,,,,,,,,,,0.0,
2026-07-08 05:45:46,41.0,W                   ,0.0,200.0,10.0,,,%.1f                ,,,,,,,,,,,,,,,,,,,,,,,,,,,,,,,,,,,,,,0.0,
2026-07-08 05:45:46,42.0,MB                  ,0.0,16384.0,10.0,,,,,,,,,,,,,,,,,,,,,,,,,,,,,,,,,,,,,,,,,0.0,
2026-07-08 05:45:46,43.0,MB                  ,0.0,16384.0,10.0,,,,,,,,,,,,,,,,,,,,,,,,,,,,,,,,,,,,,,,,,0.0,
2026-07-08 05:45:46,44.0,ms                  ,0.0,50.0,10.0,,,%.1f                ,,,,,,,,,,,,,,,,,,,,,,,,,,,,,,,,,,,,,,0.0,
2026-07-08 05:45:47,62.0,0.000               ,543.383,200.0,1200.0,0.0,62.375,62.375              ,62.375,62.375,62.375,62.375,62.375,62.375,62.375,N/A                 ,N/A                 ,N/A                 ,N/A                 ,N/A                 ,N/A                 ,N/A                 ,N/A                 ,N/A                 ,N/A                 ,N/A                 ,N/A                 ,N/A                 ,N/A                 ,N/A                 ,N/A                 ,N/A                 ,N/A                 ,0.0,0.0,0.0,0.0,0.0,0.0,0.0,0.0,0.0,4178.0,8425.0,,1.0,
2026-07-08 05:45:48,62.0,0.000               ,518.184,200.0,1200.0,0.0,62.125,62.125              ,62.125,62.125,62.125,62.125,62.125,62.125,62.125,16.383              ,8.959               ,15.324              ,52.986              ,53.627              ,9.772               ,30.666              ,9.224               ,24.618              ,3500.000            ,3500.000            ,2333.333            ,2333.333            ,2333.333            ,2333.333            ,3500.000            ,3500.000            ,3500.000            ,1.382,1.382,2.788,2.745,2.608,2.608,1.869,1.869,19.074,4414.0,8642.0,,2.0,
2026-07-08 05:45:49,61.0,0.000               ,518.184,200.0,1200.0,0.0,61.0,61.000              ,61.0,61.0,61.0,61.0,61.0,61.0,61.0,19.456              ,6.682               ,5.582               ,75.595              ,34.766              ,3.864               ,13.311              ,8.437               ,20.962              ,2333.333            ,2333.333            ,3500.000            ,3500.000            ,2333.333            ,2333.333            ,2333.333            ,2333.333            ,3500.000            ,1.04,1.04,2.865,2.917,1.744,1.743,0.963,0.963,18.156,4772.0,9025.0,,3.0,
2026-07-08 05:45:50,62.0,0.000               ,518.184,200.0,1200.0,0.0,62.125,62.125              ,62.125,62.125,62.125,62.125,62.125,62.125,62.125,10.698              ,6.063               ,13.143              ,89.396              ,33.428              ,18.809              ,31.674              ,15.956              ,27.396              ,3500.000            ,3500.000            ,3500.000            ,3500.000            ,3500.000            ,3500.000            ,2800.000            ,2800.000            ,3500.000            ,0.924,0.963,4.628,4.622,2.096,2.096,2.282,2.282,21.26,4746.0,9107.0,0.0,4.0,
2026-07-08 05:45:51,62.0,0.000               ,518.184,200.0,1200.0,0.0,62.75,62.750              ,62.75,62.75,62.75,62.75,62.75,62.75,62.75,12.704              ,7.234               ,9.765               ,85.914              ,25.435              ,7.497               ,26.217              ,21.743              ,24.564              ,1555.556            ,1555.556            ,3500.000            ,3500.000            ,2333.333            ,2333.333            ,2333.333            ,2333.333            ,3500.000            ,0.985,0.946,4.129,4.148,1.407,1.407,2.064,2.064,20.045,4828.0,9162.0,0.0,5.0,
2026-07-08 05:45:52,63.0,0.000               ,518.184,200.0,1200.0,0.0,63.0,63.000              ,63.0,63.0,63.0,63.0,63.0,63.0,63.0,9.527               ,12.552              ,6.403               ,83.309              ,5.436               ,2.224               ,18.190              ,7.580               ,18.153              ,2333.333            ,2333.333            ,3500.000            ,3500.000            ,2333.333            ,2333.333            ,2800.000            ,2800.000            ,3500.000            ,1.203,1.203,4.325,4.264,0.675,0.675,1.326,1.326,18.15,4881.0,9216.0,0.0,6.0,
2026-07-08 05:45:53,62.0,0.000               ,518.184,200.0,1200.0,0.0,62.25,62.250              ,62.25,62.25,62.25,62.25,62.25,62.25,62.25,12.855              ,7.544               ,8.606               ,62.089              ,23.860              ,5.495               ,27.077              ,8.172               ,19.462              ,2333.333            ,2333.333            ,3500.000            ,3500.000            ,2333.333            ,2333.333            ,2333.333            ,2333.333            ,3500.000            ,0.996,0.998,3.197,3.25,1.263,1.263,1.517,1.537,18.06,4941.0,9304.0,0.0,7.0,
2026-07-08 05:45:54,63.0,0.000               ,559.762,200.0,1200.0,0.0,63.25,63.250              ,63.25,63.25,63.25,63.25,63.25,63.25,63.25,21.376              ,10.251              ,33.452              ,28.927              ,73.971              ,8.877               ,70.299              ,24.474              ,33.953              ,2333.333            ,2333.333            ,3500.000            ,3500.000            ,2333.333            ,2333.333            ,3500.000            ,3500.000            ,3500.000            ,1.142,1.14,2.058,2.05,3.515,3.515,3.35,3.323,21.727,5079.0,9530.0,0.0,8.0,
2026-07-08 05:45:55,63.0,0.000               ,580.801,200.0,1200.0,0.0,63.75,63.750              ,63.75,63.75,63.75,63.75,63.75,63.75,63.75,18.756              ,9.608               ,44.741              ,59.473              ,56.036              ,22.964              ,35.749              ,28.962              ,34.536              ,1700.000            ,1700.000            ,3400.000            ,3400.000            ,3400.000            ,3400.000            ,2720.000            ,2720.000            ,3400.000            ,1.198,1.198,3.87,3.878,2.934,2.934,2.273,2.293,22.596,5181.0,9666.0,0.0,9.0,
2026-07-08 05:45:56,64.0,1.000               ,586.965,200.0,1200.0,0.0,64.25,64.250              ,64.25,64.25,64.25,64.25,64.25,64.25,64.25,6.360               ,6.124               ,6.159               ,79.637              ,22.264              ,4.941               ,7.465               ,24.137              ,19.636              ,2333.333            ,2333.333            ,3500.000            ,3500.000            ,2333.333            ,2333.333            ,2333.333            ,2333.333            ,3500.000            ,0.781,0.781,3.695,3.716,1.37,1.371,1.537,1.537,18.843,5267.0,9754.0,0.0,10.0,
2026-07-08 05:45:57,63.0,4.000               ,586.965,200.0,1200.0,0.0,63.75,63.750              ,63.75,63.75,63.75,63.75,63.75,63.75,63.75,4.920               ,6.455               ,3.869               ,88.121              ,10.642              ,2.737               ,20.405              ,7.821               ,18.121              ,2333.333            ,2333.333            ,3500.000            ,3500.000            ,2333.333            ,2333.333            ,2333.333            ,2333.333            ,3500.000            ,0.786,0.786,3.731,3.73,0.842,0.848,1.356,1.356,17.945,5297.0,9768.0,0.0,11.0,
2026-07-08 05:45:58,64.0,3.000               ,565.008,200.0,1200.0,0.0,64.375,64.375              ,64.375,64.375,64.375,64.375,64.375,64.375,64.375,44.970              ,57.552              ,56.283              ,16.977              ,45.738              ,16.698              ,48.685              ,22.544              ,38.681              ,3500.000            ,3500.000            ,3500.000            ,3500.000            ,3500.000            ,3500.000            ,2333.333            ,2333.333            ,3500.000            ,3.539,3.539,2.701,2.687,3.129,3.131,2.832,2.845,22.636,5239.0,9841.0,0.0,12.0,
2026-07-08 05:45:59,64.0,7.000               ,601.313,200.0,1200.0,0.0,65.0,65.000              ,65.0,65.0,65.0,65.0,65.0,65.0,65.0,66.188              ,28.112              ,53.458              ,47.839              ,52.412              ,43.385              ,43.831              ,26.473              ,45.212              ,3300.000            ,3300.000            ,3300.000            ,3300.000            ,2200.000            ,2200.000            ,3300.000            ,3300.000            ,3300.000            ,3.504,3.528,2.831,2.839,3.011,3.001,2.038,2.024,23.974,5192.0,9868.0,0.0,13.0,
2026-07-08 05:46:00,65.0,29.000              ,601.313,200.0,1200.0,0.0,65.25,65.250              ,65.25,65.25,65.25,65.25,65.25,65.25,65.25,35.938              ,20.732              ,49.472              ,32.730              ,52.760              ,25.435              ,36.508              ,53.123              ,38.337              ,2333.333            ,2333.333            ,3500.000            ,3500.000            ,3500.000            ,3475.000            ,1737.500            ,1737.500            ,3500.000            ,1.877,1.799,2.509,2.502,2.8,2.8,4.355,4.359,23.897,5190.0,9849.0,0.0,14.0,
2026-07-08 05:46:01,65.0,45.000              ,601.313,200.0,1200.0,0.0,65.5,65.500              ,65.5,65.5,65.5,65.5,65.5,65.5,65.5,34.718              ,18.387              ,23.100              ,42.969              ,60.266              ,4.090               ,45.268              ,37.363              ,33.270              ,2333.333            ,2333.333            ,3500.000            ,3500.000            ,2333.333            ,2333.333            ,3500.000            ,3500.000            ,3500.000            ,2.023,2.023,2.166,2.161,2.68,2.68,4.541,4.543,24.126,5190.0,9846.0,0.0,15.0,
2026-07-08 05:46:02,66.0,43.000              ,632.613,200.0,1200.0,0.0,66.0,66.000              ,66.0,66.0,66.0,66.0,66.0,66.0,66.0,54.888              ,33.860              ,55.682              ,36.293              ,76.296              ,31.682              ,58.885              ,32.059              ,47.456              ,3500.000            ,3500.000            ,2333.333            ,2333.333            ,3500.000            ,3500.000            ,2333.333            ,2333.333            ,3500.000            ,2.149,2.153,2.377,2.368,4.012,4.012,2.713,2.713,24.521,5212.0,9900.0,0.0,16.0,
2026-07-08 05:46:03,66.0,50.000              ,654.203,200.0,1200.0,0.0,66.5,66.500              ,66.5,66.5,66.5,66.5,66.5,66.5,66.5,40.850              ,16.831              ,54.541              ,21.600              ,45.264              ,5.591               ,58.953              ,6.348               ,31.247              ,2800.000            ,2800.000            ,2800.000            ,2800.000            ,3500.000            ,3500.000            ,2333.333            ,2333.333            ,3500.000            ,2.036,2.032,3.466,3.466,2.127,2.127,3.33,3.341,24.433,5220.0,9934.0,0.0,17.0,
2026-07-08 05:46:04,66.0,59.000              ,654.359,200.0,1200.0,0.0,66.125,66.125              ,66.125,66.125,66.125,66.125,66.125,66.125,66.125,24.340              ,19.328              ,65.796              ,13.842              ,32.676              ,2.266               ,24.721              ,12.866              ,24.480              ,2333.333            ,2333.333            ,3500.000            ,3500.000            ,2333.333            ,2333.333            ,2333.333            ,2333.333            ,3500.000            ,1.578,1.578,2.479,2.479,1.41,1.411,1.512,1.502,20.076,5220.0,9930.0,0.0,18.0,
2026-07-08 05:46:05,66.0,50.000              ,654.383,200.0,1200.0,0.0,66.5,66.500              ,66.5,66.5,66.5,66.5,66.5,66.5,66.5,10.168              ,37.234              ,58.225              ,4.289               ,17.456              ,0.250               ,9.564               ,3.362               ,17.569              ,2333.333            ,2333.333            ,3500.000            ,3500.000            ,2333.333            ,2333.333            ,2333.333            ,2333.333            ,3500.000            ,2.438,2.438,2.866,2.866,1.083,1.081,0.93,0.93,19.399,5240.0,9951.0,0.0,19.0,
2026-07-08 05:46:06,66.0,50.000              ,654.422,200.0,1200.0,0.0,66.0,66.000              ,66.0,66.0,66.0,66.0,66.0,66.0,66.0,23.320              ,12.992              ,57.706              ,15.428              ,41.477              ,2.384               ,17.057              ,5.984               ,22.044              ,2333.333            ,2333.333            ,3500.000            ,3500.000            ,2333.333            ,2333.333            ,2333.333            ,2333.333            ,3500.000            ,1.371,1.371,2.3,2.3,1.609,1.609,1.108,1.108,19.8,5241.0,9950.0,0.0,20.0,
2026-07-08 05:46:07,65.0,60.000              ,654.422,200.0,1200.0,0.0,65.75,65.750              ,65.75,65.75,65.75,65.75,65.75,65.75,65.75,27.686              ,12.812              ,32.123              ,11.750              ,54.513              ,3.260               ,17.890              ,4.427               ,20.558              ,3500.000            ,3500.000            ,2333.333            ,2333.333            ,2333.333            ,2333.333            ,2333.333            ,2333.333            ,3500.000            ,1.455,1.455,1.537,1.537,1.945,1.945,1.062,1.062,19.411,5234.0,9941.0,0.0,21.0,
2026-07-08 05:46:08,65.0,61.000              ,623.949,200.0,1200.0,0.0,65.375,65.375              ,65.375,65.375,65.375,65.375,65.375,65.375,65.375,34.959              ,28.794              ,47.046              ,30.959              ,41.934              ,21.176              ,48.827              ,36.984              ,36.335              ,2600.000            ,2600.000            ,3425.000            ,3425.000            ,2283.333            ,2283.333            ,2283.333            ,2283.333            ,3425.000            ,1.746,1.746,2.063,2.063,1.803,1.803,2.264,2.267,21.203,5264.0,9967.0,0.0,22.0,
2026-07-08 05:46:09,64.0,60.000              ,616.879,200.0,1200.0,0.0,64.375,64.375              ,64.375,64.375,64.375,64.375,64.375,64.375,64.375,21.287              ,10.681              ,42.878              ,19.881              ,38.946              ,4.040               ,24.561              ,11.528              ,21.725              ,2250.000            ,2250.000            ,3375.000            ,3275.000            ,2620.000            ,2620.000            ,2620.000            ,2620.000            ,3375.000            ,1.057,1.057,1.836,1.836,1.354,1.354,1.212,1.209,18.413,5258.0,10003.0,0.0,23.0,
2026-07-08 05:46:10,65.0,59.000              ,616.879,200.0,1200.0,0.0,65.75,65.750              ,65.75,65.75,65.75,65.75,65.75,65.75,65.75,67.847              ,42.146              ,72.442              ,62.008              ,65.575              ,59.137              ,66.249              ,59.364              ,61.846              ,2760.000            ,2760.000            ,3450.000            ,3450.000            ,2760.000            ,2760.000            ,2760.000            ,2760.000            ,3450.000            ,2.247,2.247,2.796,2.803,2.711,2.711,2.679,2.679,24.846,5441.0,10278.0,0.0,24.0,
2026-07-08 05:46:11,67.0,59.000              ,616.879,200.0,1200.0,0.0,67.125,67.125              ,67.125,67.125,67.125,67.125,67.125,67.125,67.125,62.297              ,27.554              ,68.196              ,59.269              ,59.564              ,51.689              ,57.692              ,53.497              ,54.970              ,2216.667            ,2216.667            ,3325.000            ,3325.000            ,3325.000            ,3325.000            ,3325.000            ,3325.000            ,3325.000            ,2.261,2.265,3.197,3.19,2.994,2.994,2.861,2.866,26.246,5487.0,10350.0,0.0,25.0,
2026-07-08 05:46:12,68.0,59.000              ,616.879,200.0,1200.0,0.0,68.375,68.375              ,68.375,68.375,68.375,68.375,68.375,68.375,68.375,75.659              ,48.974              ,73.467              ,69.874              ,81.848              ,49.962              ,74.727              ,70.676              ,68.148              ,2620.000            ,2620.000            ,3275.000            ,3275.000            ,3275.000            ,3275.000            ,3275.000            ,3275.000            ,3275.000            ,2.549,2.545,2.927,2.931,3.046,3.046,3.327,3.327,27.163,5430.0,10361.0,0.0,26.0,
2026-07-08 05:46:13,69.0,59.000              ,616.879,200.0,1200.0,0.0,69.0,69.000              ,69.0,69.0,69.0,69.0,69.0,69.0,69.0,58.354              ,31.461              ,72.014              ,56.683              ,69.076              ,42.912              ,67.149              ,46.219              ,55.484              ,2620.000            ,2620.000            ,3275.000            ,3275.000            ,2620.000            ,2620.000            ,3325.000            ,3325.000            ,3325.000            ,2.059,2.059,3.064,3.06,2.937,2.937,2.752,2.746,25.37,5469.0,10387.0,0.0,27.0,
2026-07-08 05:46:14,70.0,61.000              ,596.316,200.0,1200.0,0.0,70.125,70.125              ,70.125,70.125,70.125,70.125,70.125,70.125,70.125,70.323              ,41.728              ,70.461              ,61.033              ,68.439              ,52.853              ,69.283              ,60.703              ,61.853              ,2620.000            ,2620.000            ,3275.000            ,3275.000            ,2620.000            ,2620.000            ,2620.000            ,3275.000            ,3275.000            ,2.668,2.668,3.241,3.245,3.013,3.013,3.116,3.116,27.088,5384.0,10337.0,0.0,28.0,
2026-07-08 05:46:15,70.0,67.000              ,596.316,200.0,1200.0,0.0,70.875,70.875              ,70.875,70.875,70.875,70.875,70.875,70.875,70.875,74.167              ,68.288              ,81.710              ,74.658              ,76.334              ,65.152              ,83.887              ,77.555              ,75.219              ,2600.000            ,2600.000            ,3250.000            ,3250.000            ,3250.000            ,3250.000            ,3250.000            ,3250.000            ,3250.000            ,2.865,2.819,3.284,3.287,3.38,3.38,3.522,3.522,28.314,5269.0,10402.0,0.0,29.0,
2026-07-08 05:46:16,70.0,68.000              ,596.316,200.0,1200.0,0.0,70.875,70.875              ,70.875,70.875,70.875,70.875,70.875,70.875,70.875,51.453              ,33.322              ,71.312              ,54.702              ,54.215              ,60.373              ,67.015              ,55.468              ,55.983              ,2540.000            ,2560.000            ,3200.000            ,3200.000            ,2560.000            ,2560.000            ,3200.000            ,3200.000            ,3200.000            ,1.852,1.882,2.798,2.8,2.854,2.854,3.175,3.175,25.431,5335.0,10577.0,0.0,30.0,
2026-07-08 05:46:17,70.0,62.000              ,596.336,200.0,1200.0,0.0,70.875,70.875              ,70.875,70.875,70.875,70.875,70.875,70.875,70.875,42.826              ,35.508              ,50.966              ,55.162              ,60.422              ,41.181              ,58.684              ,35.500              ,47.531              ,2680.000            ,2680.000            ,2680.000            ,2680.000            ,3325.000            ,3325.000            ,2660.000            ,2660.000            ,3325.000            ,2.03,2.03,2.976,2.973,2.827,2.827,2.484,2.484,25.144,5303.0,10627.0,17.561,31.0,56.94
2026-07-08 05:46:18,71.0,61.000              ,595.898,200.0,1200.0,0.0,71.125,71.125              ,71.125,71.125,71.125,71.125,71.125,71.125,71.125,53.372              ,17.114              ,65.316              ,37.391              ,57.123              ,47.474              ,62.049              ,22.663              ,45.313              ,2740.000            ,2740.000            ,3425.000            ,3425.000            ,2740.000            ,2740.000            ,2283.333            ,2283.333            ,3425.000            ,1.984,1.984,2.824,2.817,3.037,3.041,2.414,2.414,24.806,5331.0,10662.0,18.554,32.0,53.9
2026-07-08 05:46:19,71.0,62.000              ,595.898,200.0,1200.0,0.0,71.25,71.250              ,71.25,71.25,71.25,71.25,71.25,71.25,71.25,60.193              ,25.210              ,55.002              ,56.952              ,58.096              ,45.363              ,50.368              ,49.549              ,50.091              ,2740.000            ,2740.000            ,3425.000            ,3450.000            ,2300.000            ,2300.000            ,2300.000            ,2300.000            ,3450.000            ,2.172,2.177,2.755,2.755,2.868,2.865,2.406,2.406,24.978,5146.0,10483.0,21.726,33.0,46.03
2026-07-08 05:46:20,71.0,60.000              ,595.898,200.0,1200.0,0.0,71.375,71.375              ,71.375,71.375,71.375,71.375,71.375,71.375,71.375,49.136              ,26.570              ,61.127              ,58.688              ,55.644              ,45.204              ,59.650              ,25.240              ,47.657              ,2660.000            ,2660.000            ,3325.000            ,3325.000            ,2660.000            ,2660.000            ,2660.000            ,2660.000            ,3325.000            ,2.298,2.293,3.392,3.392,3.182,3.182,2.77,2.77,25.012,5189.0,10506.0,17.928,34.0,55.78
2026-07-08 05:46:21,71.0,59.000              ,595.898,200.0,1200.0,0.0,71.5,71.500              ,71.5,71.5,71.5,71.5,71.5,71.5,71.5,50.313              ,23.554              ,66.021              ,61.929              ,61.264              ,47.934              ,46.584              ,31.134              ,48.592              ,2600.000            ,2600.000            ,3250.000            ,3250.000            ,2620.000            ,2620.000            ,2620.000            ,2620.000            ,3250.000            ,2.043,2.043,3.513,3.519,2.881,2.881,2.323,2.329,24.97,5123.0,10433.0,17.714,35.0,56.45
2026-07-08 05:46:22,71.0,61.000              ,595.898,200.0,1200.0,0.0,71.5,71.500              ,71.5,71.5,71.5,71.5,71.5,71.5,71.5,54.391              ,21.016              ,64.206              ,48.172              ,72.972              ,26.625              ,62.671              ,15.339              ,45.674              ,2640.000            ,2640.000            ,3300.000            ,3300.000            ,2640.000            ,2640.000            ,2640.000            ,2640.000            ,3300.000            ,2.444,2.444,3.332,3.287,3.155,3.155,2.775,2.769,24.968,5139.0,10456.0,17.251,36.0,57.97
2026-07-08 05:46:23,71.0,64.000              ,595.898,200.0,1200.0,0.0,71.5,71.500              ,71.5,71.5,71.5,71.5,71.5,71.5,71.5,53.102              ,15.227              ,64.294              ,52.252              ,72.343              ,23.166              ,70.875              ,16.973              ,46.029              ,2216.667            ,2216.667            ,3325.000            ,3325.000            ,2660.000            ,2660.000            ,2660.000            ,2660.000            ,3325.000            ,2.103,2.103,3.247,3.272,3.068,3.068,3.0,3.042,25.187,5190.0,10509.0,17.524,37.0,57.06
2026-07-08 05:46:24,71.0,63.000              ,595.898,200.0,1200.0,0.0,71.875,71.875              ,71.875,71.875,71.875,71.875,71.875,71.875,71.875,42.171              ,20.607              ,66.958              ,51.525              ,67.795              ,34.014              ,63.181              ,36.587              ,47.855              ,2660.000            ,2660.000            ,2660.000            ,2660.000            ,3325.000            ,3325.000            ,2660.000            ,2660.000            ,3325.000            ,1.836,1.836,2.858,2.864,3.234,3.234,2.939,2.895,24.753,5307.0,10619.0,17.851,38.0,56.02
2026-07-08 05:46:25,71.0,62.000              ,595.898,200.0,1200.0,0.0,71.875,71.875              ,71.875,71.875,71.875,71.875,71.875,71.875,71.875,48.030              ,22.646              ,69.265              ,50.962              ,65.823              ,44.464              ,58.625              ,38.570              ,49.798              ,2660.000            ,2660.000            ,2660.000            ,2680.000            ,3350.000            ,3350.000            ,2680.000            ,2680.000            ,3350.000            ,1.976,1.976,2.984,2.984,2.971,2.985,2.62,2.62,24.927,5376.0,10804.0,19.424,39.0,51.48
2026-07-08 05:46:26,71.0,63.000              ,595.898,200.0,1200.0,0.0,71.875,71.875              ,71.875,71.875,71.875,71.875,71.875,71.875,71.875,56.541              ,16.181              ,68.551              ,49.562              ,67.859              ,28.515              ,65.099              ,15.966              ,46.034              ,1737.500            ,1737.500            ,3475.000            ,3475.000            ,2780.000            ,2780.000            ,2780.000            ,2780.000            ,3475.000            ,2.067,2.067,3.081,3.081,2.574,2.561,2.327,2.332,25.164,5408.0,10829.0,18.123,40.0,55.18
2026-07-08 05:46:27,72.0,63.000              ,595.898,200.0,1200.0,0.0,72.0,72.000              ,72.0,72.0,72.0,72.0,72.0,72.0,72.0,54.894              ,20.986              ,71.064              ,48.420              ,71.926              ,29.593              ,50.811              ,44.243              ,48.992              ,2660.000            ,2660.000            ,3325.000            ,3325.000            ,2660.000            ,2660.000            ,2660.000            ,2660.000            ,3325.000            ,1.952,1.952,2.916,2.916,2.595,2.585,2.409,2.404,24.941,5418.0,10848.0,18.109,41.0,55.22
2026-07-08 05:46:28,72.0,65.000              ,595.648,200.0,1200.0,0.0,72.0,72.000              ,72.0,72.0,72.0,72.0,72.0,72.0,72.0,56.170              ,24.564              ,68.649              ,56.475              ,67.888              ,29.258              ,54.397              ,34.708              ,49.013              ,2680.000            ,2680.000            ,3350.000            ,3350.000            ,2680.000            ,2680.000            ,2680.000            ,2680.000            ,3350.000            ,2.054,2.054,3.179,3.19,2.366,2.363,2.307,2.307,25.051,5471.0,10870.0,20.712,42.0,48.28
2026-07-08 05:46:29,72.0,65.000              ,595.648,200.0,1200.0,0.0,72.0,72.000              ,72.0,72.0,72.0,72.0,72.0,72.0,72.0,53.558              ,22.963              ,73.154              ,42.483              ,54.061              ,42.870              ,67.026              ,34.318              ,48.804              ,2780.000            ,2780.000            ,3475.000            ,3475.000            ,2316.667            ,2316.667            ,2780.000            ,2780.000            ,3475.000            ,2.014,2.014,3.047,3.036,2.327,2.347,2.594,2.594,25.051,5483.0,10897.0,18.659,43.0,53.59
2026-07-08 05:46:30,72.0,64.000              ,595.648,200.0,1200.0,0.0,72.0,72.000              ,72.0,72.0,72.0,72.0,72.0,72.0,72.0,54.233              ,29.741              ,66.951              ,51.553              ,60.557              ,32.641              ,65.416              ,25.635              ,48.341              ,2620.000            ,2620.000            ,3275.000            ,3275.000            ,2620.000            ,2620.000            ,2620.000            ,2620.000            ,3275.000            ,2.081,2.081,2.944,2.95,2.326,2.306,2.39,2.39,24.856,5511.0,10930.0,18.401,44.0,54.34
2026-07-08 05:46:31,72.0,66.000              ,595.648,200.0,1200.0,0.0,72.125,72.125              ,72.125,72.125,72.125,72.125,72.125,72.125,72.125,68.658              ,21.102              ,68.318              ,60.454              ,51.286              ,38.621              ,48.706              ,31.255              ,48.550              ,2680.000            ,2680.000            ,3350.000            ,3350.000            ,2680.000            ,2680.000            ,2680.000            ,2680.000            ,3350.000            ,2.272,2.272,3.091,3.086,2.157,2.165,2.072,2.072,24.995,5525.0,10951.0,17.925,45.0,55.79
2026-07-08 05:46:32,72.0,66.000              ,595.648,200.0,1200.0,0.0,72.25,72.250              ,72.25,72.25,72.25,72.25,72.25,72.25,72.25,61.314              ,27.016              ,62.965              ,59.378              ,57.224              ,31.212              ,55.914              ,38.533              ,49.195              ,2660.000            ,2640.000            ,2640.000            ,2640.000            ,3300.000            ,3300.000            ,2640.000            ,2640.000            ,3300.000            ,2.238,2.238,2.881,2.88,2.228,2.24,2.376,2.466,25.137,5465.0,10997.0,18.143,46.0,55.12
2026-07-08 05:46:33,72.0,66.000              ,595.648,200.0,1200.0,0.0,72.25,72.250              ,72.25,72.25,72.25,72.25,72.25,72.25,72.25,66.746              ,44.697              ,76.812              ,67.990              ,63.270              ,49.575              ,61.110              ,55.698              ,60.737              ,2600.000            ,2600.000            ,3250.000            ,3250.000            ,2600.000            ,2600.000            ,2600.000            ,2600.000            ,3250.000            ,2.157,2.157,2.891,2.891,2.208,2.196,2.388,2.229,24.6,5414.0,11024.0,18.596,47.0,53.78
2026-07-08 05:46:34,72.0,64.000              ,595.648,200.0,1200.0,0.0,72.25,72.250              ,72.25,72.25,72.25,72.25,72.25,72.25,72.25,56.776              ,23.653              ,70.349              ,45.533              ,54.542              ,38.054              ,60.609              ,37.626              ,48.393              ,2720.000            ,2720.000            ,3400.000            ,3400.000            ,2720.000            ,2720.000            ,3400.000            ,3400.000            ,3400.000            ,2.071,2.071,2.787,2.787,2.277,2.277,2.515,2.548,25.157,5439.0,11061.0,17.86,48.0,55.99
2026-07-08 05:46:35,72.0,64.000              ,595.648,200.0,1200.0,0.0,72.375,72.375              ,72.375,72.375,72.375,72.375,72.375,72.375,72.375,42.267              ,26.941              ,65.832              ,50.766              ,71.617              ,40.050              ,65.552              ,33.241              ,49.533              ,2250.000            ,2250.000            ,2700.000            ,2700.000            ,3375.000            ,3350.000            ,2700.000            ,2700.000            ,3375.000            ,1.724,1.726,2.619,2.619,2.694,2.694,2.607,2.607,24.984,5519.0,11091.0,18.181,49.0,55.0
2026-07-08 05:46:36,72.0,66.000              ,595.648,200.0,1200.0,0.0,72.625,72.625              ,72.625,72.625,72.625,72.625,72.625,72.625,72.625,51.526              ,28.320              ,61.352              ,54.858              ,54.657              ,51.456              ,43.857              ,63.366              ,51.174              ,2600.000            ,2600.000            ,3250.000            ,3250.000            ,2600.000            ,3325.000            ,2660.000            ,2660.000            ,3325.000            ,1.876,1.874,2.608,2.608,2.494,2.504,2.692,2.696,25.145,5548.0,11147.0,18.851,50.0,53.05
2026-07-08 05:46:37,72.0,64.000              ,595.648,200.0,1200.0,0.0,72.75,72.750              ,72.75,72.75,72.75,72.75,72.75,72.75,72.75,54.118              ,30.012              ,56.122              ,57.867              ,58.412              ,52.635              ,57.089              ,43.972              ,51.278              ,2680.000            ,2680.000            ,2233.333            ,2233.333            ,3350.000            ,3350.000            ,2700.000            ,2660.000            ,3350.000            ,2.047,2.047,2.494,2.494,2.761,2.751,2.423,2.418,24.917,5572.0,11179.0,17.758,51.0,56.31
2026-07-08 05:46:38,72.0,62.000              ,595.398,200.0,1200.0,0.0,72.75,72.750              ,72.75,72.75,72.75,72.75,72.75,72.75,72.75,56.160              ,27.139              ,69.670              ,58.350              ,63.541              ,35.294              ,64.274              ,35.637              ,51.258              ,2660.000            ,2660.000            ,3325.000            ,3325.000            ,3175.000            ,3175.000            ,2660.000            ,2660.000            ,3325.000            ,2.033,2.033,3.0,2.976,2.343,2.343,2.382,2.382,24.949,5541.0,11224.0,17.721,52.0,56.43
2026-07-08 05:46:39,72.0,64.000              ,595.398,200.0,1200.0,0.0,72.75,72.750              ,72.75,72.75,72.75,72.75,72.75,72.75,72.75,70.057              ,62.256              ,77.303              ,81.196              ,72.157              ,65.502              ,81.691              ,68.275              ,72.305              ,2520.000            ,2520.000            ,3175.000            ,3175.000            ,2540.000            ,2540.000            ,2540.000            ,2500.000            ,3175.000            ,2.065,2.065,2.67,2.689,2.257,2.257,2.448,2.452,25.182,5498.0,11275.0,18.092,53.0,55.27
2026-07-08 05:46:40,72.0,68.000              ,595.398,200.0,1200.0,0.0,72.75,72.750              ,72.75,72.75,72.75,72.75,72.75,72.75,72.75,54.508              ,23.060              ,67.690              ,58.042              ,70.104              ,37.540              ,58.145              ,21.625              ,48.839              ,2700.000            ,2700.000            ,2700.000            ,2700.000            ,3325.000            ,3325.000            ,2680.000            ,2680.000            ,3325.000            ,2.006,2.008,2.825,2.825,2.698,2.675,2.146,2.142,24.784,5513.0,11306.0,18.137,54.0,55.14
2026-07-08 05:46:41,72.0,67.000              ,595.398,200.0,1200.0,0.0,72.75,72.750              ,72.75,72.75,72.75,72.75,72.75,72.75,72.75,51.486              ,23.230              ,61.327              ,63.627              ,62.162              ,43.442              ,35.671              ,53.859              ,49.351              ,2620.000            ,2620.000            ,3275.000            ,3300.000            ,2640.000            ,2660.000            ,2680.000            ,2680.000            ,3300.000            ,1.768,1.766,2.667,2.667,2.44,2.46,2.159,2.159,24.287,5520.0,11324.0,18.257,55.0,54.77
2026-07-08 05:46:42,72.0,63.000              ,595.398,200.0,1200.0,0.0,72.375,72.375              ,72.375,72.375,72.375,72.375,72.375,72.375,72.375,51.371              ,19.055              ,72.102              ,54.996              ,58.313              ,55.057              ,74.323              ,31.149              ,52.046              ,2560.000            ,2560.000            ,3200.000            ,3200.000            ,2560.000            ,2560.000            ,2540.000            ,2540.000            ,3200.000            ,1.447,1.447,2.311,2.311,2.328,2.33,2.121,2.121,23.153,5496.0,11361.0,18.58,56.0,53.82
2026-07-08 05:46:43,72.0,65.000              ,595.398,200.0,1200.0,0.0,72.0,72.000              ,72.0,72.0,72.0,72.0,72.0,72.0,72.0,69.172              ,76.588              ,80.679              ,76.866              ,79.783              ,68.670              ,77.826              ,62.428              ,74.002              ,2400.000            ,2400.000            ,2400.000            ,3000.000            ,3000.000            ,3000.000            ,2440.000            ,2440.000            ,3000.000            ,1.93,1.938,2.054,2.054,2.019,2.013,1.955,1.958,22.679,5433.0,11387.0,17.858,57.0,56.0
2026-07-08 05:46:44,71.0,68.000              ,595.398,200.0,1200.0,0.0,71.125,71.125              ,71.125,71.125,71.125,71.125,71.125,71.125,71.125,75.300              ,68.289              ,79.895              ,77.252              ,77.218              ,74.573              ,79.146              ,65.423              ,74.637              ,2260.000            ,2260.000            ,2825.000            ,2825.000            ,2280.000            ,2280.000            ,2280.000            ,2280.000            ,2825.000            ,1.699,1.693,1.98,1.98,1.91,1.91,1.822,1.823,21.929,5410.0,11401.0,18.22,58.0,54.88
2026-07-08 05:46:45,70.0,68.000              ,595.398,200.0,1200.0,0.0,70.5,70.500              ,70.5,70.5,70.5,70.5,70.5,70.5,70.5,63.198              ,50.528              ,68.260              ,70.555              ,63.165              ,59.878              ,67.488              ,53.759              ,62.104              ,2400.000            ,2400.000            ,2950.000            ,2950.000            ,2360.000            ,2360.000            ,2360.000            ,2360.000            ,2950.000            ,1.565,1.562,1.918,1.921,1.843,1.843,1.777,1.774,21.508,5412.0,11415.0,27.492,59.0,36.37
2026-07-08 05:46:46,70.0,64.000              ,595.398,200.0,1200.0,0.0,70.125,70.125              ,70.125,70.125,70.125,70.125,70.125,70.125,70.125,68.216              ,48.282              ,73.263              ,76.149              ,72.029              ,52.371              ,64.893              ,52.142              ,63.418              ,2340.000            ,2340.000            ,2925.000            ,2925.000            ,2340.000            ,2340.000            ,2340.000            ,2340.000            ,2925.000            ,1.584,1.572,2.099,2.107,1.715,1.719,1.656,1.656,21.398,5418.0,11434.0,23.921,60.0,41.8
2026-07-08 05:46:47,69.0,62.000              ,595.398,200.0,1200.0,0.0,69.75,69.750              ,69.75,69.75,69.75,69.75,69.75,69.75,69.75,71.708              ,63.495              ,79.126              ,69.838              ,72.372              ,63.267              ,65.628              ,63.989              ,68.678              ,2320.000            ,2320.000            ,2320.000            ,2320.000            ,2900.000            ,2900.000            ,2320.000            ,2320.000            ,2900.000            ,1.579,1.592,1.847,1.836,1.645,1.643,1.571,1.571,20.737,5335.0,11456.0,18.405,61.0,54.33
2026-07-08 05:46:48,69.0,62.000              ,595.148,200.0,1200.0,0.0,69.375,69.375              ,69.375,69.375,69.375,69.375,69.375,69.375,69.375,57.221              ,38.830              ,72.724              ,58.163              ,57.505              ,50.925              ,50.006              ,41.259              ,53.329              ,2280.000            ,2280.000            ,2850.000            ,2850.000            ,2300.000            ,2300.000            ,2300.000            ,2300.000            ,2850.000            ,1.422,1.422,1.861,1.861,1.597,1.597,1.426,1.426,20.574,5176.0,11467.0,23.623,62.0,42.33
2026-07-08 05:46:49,68.0,62.000              ,595.148,200.0,1200.0,0.0,68.875,68.875              ,68.875,68.875,68.875,68.875,68.875,68.875,68.875,57.054              ,25.113              ,65.542              ,57.277              ,58.490              ,47.095              ,64.201              ,45.138              ,52.489              ,2380.000            ,2380.000            ,2975.000            ,2975.000            ,2380.000            ,2380.000            ,2380.000            ,2380.000            ,2975.000            ,1.309,1.309,1.814,1.837,1.547,1.547,1.597,1.597,20.309,5078.0,11481.0,17.913,63.0,55.83
2026-07-08 05:46:50,68.0,65.000              ,595.148,200.0,1200.0,0.0,68.375,68.375              ,68.375,68.375,68.375,68.375,68.375,68.375,68.375,51.639              ,40.979              ,49.578              ,47.750              ,57.284              ,40.465              ,64.002              ,41.746              ,49.180              ,2260.000            ,2260.000            ,2260.000            ,2260.000            ,2825.000            ,2825.000            ,2900.000            ,2900.000            ,2900.000            ,1.307,1.307,1.421,1.376,1.562,1.562,1.547,1.549,19.658,4924.0,11493.0,24.973,64.0,40.04
2026-07-08 05:46:51,68.0,65.000              ,595.148,200.0,1200.0,0.0,68.125,68.125              ,68.125,68.125,68.125,68.125,68.125,68.125,68.125,42.239              ,26.496              ,52.183              ,37.927              ,52.307              ,45.441              ,66.961              ,22.443              ,43.250              ,2400.000            ,2400.000            ,2400.000            ,2400.000            ,2975.000            ,2950.000            ,2360.000            ,2360.000            ,2975.000            ,1.154,1.154,1.492,1.492,1.755,1.755,1.527,1.524,19.748,4941.0,11520.0,17.764,65.0,56.29
2026-07-08 05:46:52,67.0,63.000              ,595.148,200.0,1200.0,0.0,67.75,67.750              ,67.75,67.75,67.75,67.75,67.75,67.75,67.75,43.786              ,22.274              ,61.499              ,36.760              ,59.671              ,40.075              ,36.785              ,42.235              ,42.886              ,2340.000            ,2340.000            ,2340.000            ,2340.000            ,2925.000            ,2950.000            ,2360.000            ,2360.000            ,2950.000            ,1.113,1.113,1.535,1.535,1.696,1.696,1.325,1.336,19.419,4937.0,11523.0,17.33,66.0,57.7
2026-07-08 05:46:53,67.0,62.000              ,595.148,200.0,1200.0,0.0,67.375,67.375              ,67.375,67.375,67.375,67.375,67.375,67.375,67.375,44.197              ,23.764              ,60.570              ,51.459              ,58.416              ,38.744              ,62.329              ,25.450              ,45.616              ,2240.000            ,2240.000            ,2800.000            ,2825.000            ,2260.000            ,2260.000            ,2280.000            ,2280.000            ,2825.000            ,1.112,1.112,1.815,1.815,1.541,1.544,1.44,1.432,19.129,5005.0,11590.0,22.587,67.0,44.27
2026-07-08 05:46:54,66.0,59.000              ,595.148,200.0,1200.0,0.0,66.75,66.750              ,66.75,66.75,66.75,66.75,66.75,66.75,66.75,59.538              ,20.539              ,62.895              ,41.507              ,64.249              ,32.872              ,62.265              ,37.499              ,47.671              ,2200.000            ,2200.000            ,2750.000            ,2750.000            ,2200.000            ,2200.000            ,2200.000            ,2200.000            ,2750.000            ,1.161,1.161,1.449,1.449,1.36,1.357,1.433,1.433,18.858,5140.0,11703.0,17.662,68.0,56.62
2026-07-08 05:46:55,66.0,59.000              ,595.148,200.0,1200.0,0.0,66.125,66.125              ,66.125,66.125,66.125,66.125,66.125,66.125,66.125,64.136              ,20.182              ,66.703              ,46.653              ,64.820              ,29.888              ,66.369              ,19.478              ,47.279              ,2220.000            ,2220.000            ,2750.000            ,2775.000            ,2220.000            ,2220.000            ,2220.000            ,2220.000            ,2775.000            ,1.143,1.145,1.586,1.586,1.328,1.33,1.249,1.248,18.655,5180.0,11760.0,23.008,69.0,43.46
2026-07-08 05:46:56,66.0,60.000              ,595.148,200.0,1200.0,0.0,66.125,66.125              ,66.125,66.125,66.125,66.125,66.125,66.125,66.125,36.879              ,29.134              ,67.762              ,41.542              ,54.248              ,48.015              ,43.008              ,52.320              ,46.614              ,2160.000            ,2160.000            ,2160.000            ,2160.000            ,2160.000            ,2700.000            ,2180.000            ,2180.000            ,2700.000            ,1.007,1.005,1.619,1.619,1.651,1.651,1.52,1.518,18.295,5195.0,11788.0,17.584,70.0,56.87
2026-07-08 05:46:57,65.0,59.000              ,595.148,200.0,1200.0,0.0,65.75,65.750              ,65.75,65.75,65.75,65.75,65.75,65.75,65.75,54.405              ,33.824              ,60.098              ,51.700              ,57.794              ,47.369              ,54.908              ,46.741              ,50.855              ,2180.000            ,2200.000            ,2750.000            ,2750.000            ,2200.000            ,2200.000            ,2180.000            ,2180.000            ,2750.000            ,1.148,1.161,1.39,1.39,1.495,1.493,1.403,1.403,18.294,5064.0,11836.0,18.333,71.0,54.55
2026-07-08 05:46:58,64.0,60.000              ,594.898,200.0,1200.0,0.0,64.875,64.875              ,64.875,64.875,64.875,64.875,64.875,64.875,64.875,38.271              ,45.129              ,61.044              ,48.347              ,58.061              ,51.758              ,53.876              ,56.864              ,51.669              ,2000.000            ,2000.000            ,2000.000            ,2000.000            ,2000.000            ,2000.000            ,2500.000            ,2500.000            ,2500.000            ,0.959,0.9,1.158,1.158,1.321,1.325,1.572,1.575,17.799,5053.0,11879.0,25.215,72.0,39.66
2026-07-08 05:46:59,64.0,63.000              ,594.898,200.0,1200.0,0.0,64.5,64.500              ,64.5,64.5,64.5,64.5,64.5,64.5,64.5,48.095              ,24.270              ,67.983              ,53.214              ,57.669              ,51.367              ,62.131              ,45.801              ,51.316              ,2060.000            ,2060.000            ,2575.000            ,2575.000            ,2080.000            ,2080.000            ,2060.000            ,2060.000            ,2575.000            ,0.922,0.92,1.281,1.283,1.443,1.439,1.405,1.403,17.928,5116.0,11930.0,17.707,73.0,56.47
2026-07-08 05:47:00,64.0,62.000              ,594.898,200.0,1200.0,0.0,64.25,64.250              ,64.25,64.25,64.25,64.25,64.25,64.25,64.25,32.672              ,23.537              ,63.327              ,63.085              ,52.904              ,42.914              ,56.113              ,50.161              ,48.089              ,2080.000            ,2080.000            ,2600.000            ,2600.000            ,2080.000            ,2080.000            ,2080.000            ,2080.000            ,2600.000            ,0.77,0.77,1.515,1.516,1.184,1.184,1.398,1.398,17.504,5168.0,11981.0,17.728,74.0,56.41
2026-07-08 05:47:01,63.0,62.000              ,594.898,200.0,1200.0,0.0,63.875,63.875              ,63.875,63.875,63.875,63.875,63.875,63.875,63.875,42.256              ,24.101              ,51.454              ,54.989              ,41.461              ,50.085              ,43.640              ,56.846              ,45.604              ,2040.000            ,2040.000            ,2040.000            ,2040.000            ,2040.000            ,2040.000            ,2550.000            ,2550.000            ,2550.000            ,0.86,0.86,1.264,1.263,1.2,1.203,1.47,1.47,17.363,5222.0,12033.0,28.394,75.0,35.22
2026-07-08 05:47:02,63.0,59.000              ,594.898,200.0,1200.0,0.0,63.75,63.750              ,63.75,63.75,63.75,63.75,63.75,63.75,63.75,28.841              ,29.106              ,35.715              ,42.903              ,56.179              ,17.263              ,51.493              ,46.320              ,38.477              ,1800.000            ,1800.000            ,2160.000            ,2160.000            ,2160.000            ,2160.000            ,2700.000            ,2700.000            ,2700.000            ,0.855,0.855,1.206,1.204,1.125,1.123,1.607,1.607,17.204,5276.0,12089.0,27.366,76.0,36.54
2026-07-08 05:47:03,63.0,56.000              ,594.898,200.0,1200.0,0.0,63.375,63.375              ,63.375,63.375,63.375,63.375,63.375,63.375,63.375,34.045              ,25.545              ,40.464              ,35.751              ,53.830              ,31.440              ,48.008              ,67.568              ,42.081              ,2060.000            ,2060.000            ,2060.000            ,2060.000            ,2575.000            ,2575.000            ,2575.000            ,2600.000            ,2600.000            ,0.797,0.799,1.047,1.047,1.207,1.207,1.72,1.72,17.405,5333.0,12146.0,17.537,77.0,57.02
2026-07-08 05:47:04,63.0,58.000              ,594.898,200.0,1200.0,0.0,63.0,63.000              ,63.0,63.0,63.0,63.0,63.0,63.0,63.0,40.037              ,24.384              ,52.989              ,58.876              ,38.911              ,41.293              ,37.816              ,62.651              ,44.619              ,2080.000            ,2080.000            ,2600.000            ,2600.000            ,2080.000            ,2080.000            ,2650.000            ,2650.000            ,2650.000            ,0.792,0.792,1.392,1.392,1.078,1.078,1.381,1.381,17.108,5419.0,12235.0,17.336,78.0,57.68
2026-07-08 05:47:05,62.0,61.000              ,594.898,200.0,1200.0,0.0,62.875,62.875              ,62.875,62.875,62.875,62.875,62.875,62.875,62.875,48.851              ,25.124              ,48.809              ,60.766              ,51.177              ,35.208              ,65.585              ,51.875              ,48.424              ,1980.000            ,1960.000            ,1980.000            ,2000.000            ,2000.000            ,2000.000            ,2475.000            ,2500.000            ,2500.000            ,0.862,0.862,1.185,1.185,1.029,1.029,1.423,1.423,17.145,5464.0,12352.0,17.567,79.0,56.92
2026-07-08 05:47:06,62.0,61.000              ,594.898,200.0,1200.0,0.0,62.875,62.875              ,62.875,62.875,62.875,62.875,62.875,62.875,62.875,62.593              ,51.211              ,69.627              ,63.822              ,73.047              ,59.850              ,68.685              ,78.409              ,65.905              ,1900.000            ,1900.000            ,2400.000            ,2400.000            ,1920.000            ,1920.000            ,2400.000            ,2400.000            ,2400.000            ,0.949,0.947,1.12,1.104,1.098,1.1,1.151,1.154,17.117,5411.0,12384.0,23.734,80.0,42.13
2026-07-08 05:47:07,62.0,59.000              ,594.898,200.0,1200.0,0.0,62.25,62.250              ,62.25,62.25,62.25,62.25,62.25,62.25,62.25,57.322              ,47.274              ,61.642              ,76.183              ,62.117              ,59.091              ,69.367              ,63.311              ,62.038              ,1780.000            ,1780.000            ,2225.000            ,2225.000            ,1780.000            ,1780.000            ,2225.000            ,2225.000            ,2225.000            ,0.847,0.85,1.121,1.137,1.02,1.019,1.188,1.188,16.498,5405.0,12423.0,18.262,81.0,54.76
2026-07-08 05:47:08,62.0,58.000              ,594.648,200.0,1200.0,0.0,62.0,62.000              ,62.0,62.0,62.0,62.0,62.0,62.0,62.0,31.964              ,19.023              ,50.376              ,29.510              ,37.598              ,26.282              ,60.611              ,29.073              ,35.554              ,2060.000            ,2060.000            ,2060.000            ,2060.000            ,2060.000            ,2060.000            ,2575.000            ,2575.000            ,2575.000            ,0.78,0.778,1.1,1.1,1.074,1.074,1.467,1.467,16.319,5455.0,12466.0,17.404,82.0,57.46
2026-07-08 05:47:09,61.0,57.000              ,594.648,200.0,1200.0,0.0,61.625,61.625              ,61.625,61.625,61.625,61.625,61.625,61.625,61.625,30.510              ,18.056              ,52.458              ,35.857              ,40.497              ,22.364              ,48.263              ,38.423              ,35.804              ,2300.000            ,2300.000            ,2300.000            ,2300.000            ,2300.000            ,2300.000            ,2875.000            ,2875.000            ,2875.000            ,0.775,0.775,1.182,1.182,1.003,1.006,1.225,1.225,16.682,5443.0,12442.0,17.978,83.0,55.62
2026-07-08 05:47:10,61.0,59.000              ,594.637,200.0,1200.0,0.0,61.125,61.125              ,61.125,61.125,61.125,61.125,61.125,61.125,61.125,23.693              ,21.247              ,41.794              ,17.959              ,42.852              ,8.756               ,54.232              ,8.976               ,27.439              ,2320.000            ,2320.000            ,2320.000            ,2320.000            ,2320.000            ,2320.000            ,2900.000            ,2900.000            ,2900.000            ,0.88,0.88,1.057,1.057,0.952,0.949,1.069,1.072,15.905,5447.0,12452.0,64.078,84.0,15.61
2026-07-08 05:47:11,61.0,47.000              ,594.516,200.0,1200.0,0.0,61.5,61.500              ,61.5,61.5,61.5,61.5,61.5,61.5,61.5,18.842              ,20.951              ,29.017              ,52.011              ,28.424              ,14.156              ,22.275              ,6.456               ,24.016              ,2700.000            ,2700.000            ,3375.000            ,3375.000            ,2250.000            ,2250.000            ,2250.000            ,2250.000            ,3375.000            ,1.077,1.077,2.003,2.011,1.117,1.129,0.825,0.822,16.758,5300.0,12290.0,22.773,85.0,43.91
2026-07-08 05:47:12,62.0,17.000              ,594.516,200.0,1200.0,0.0,62.5,62.500              ,62.5,62.5,62.5,62.5,62.5,62.5,62.5,12.618              ,9.507               ,5.142               ,88.689              ,24.117              ,4.835               ,18.136              ,4.441               ,20.936              ,2540.000            ,2540.000            ,3175.000            ,3200.000            ,2560.000            ,2560.000            ,2133.333            ,2133.333            ,3200.000            ,0.777,0.777,3.604,3.683,0.879,0.867,0.773,0.773,16.429,5347.0,12340.0,0.0,86.0,
2026-07-08 05:47:13,62.0,0.000               ,595.512,200.0,1200.0,0.0,62.625,62.625              ,62.625,62.625,62.625,62.625,62.625,62.625,62.625,13.043              ,3.982               ,8.591               ,72.115              ,33.048              ,3.089               ,15.461              ,9.899               ,19.903              ,2283.333            ,2283.333            ,3425.000            ,3400.000            ,2266.667            ,2266.667            ,2266.667            ,2266.667            ,3425.000            ,0.747,0.747,2.928,2.883,1.511,1.511,0.847,0.849,16.345,5343.0,12309.0,2265.123,87.0,0.44
2026-07-08 05:47:14,62.0,0.000               ,595.512,200.0,1200.0,0.0,62.75,62.750              ,62.75,62.75,62.75,62.75,62.75,62.75,62.75,18.118              ,5.045               ,6.885               ,72.813              ,32.779              ,9.199               ,13.955              ,3.544               ,20.292              ,1900.000            ,1900.000            ,3325.000            ,3300.000            ,2200.000            ,2200.000            ,1885.714            ,1885.714            ,3325.000            ,0.847,0.847,3.326,3.338,1.441,1.451,0.647,0.645,15.942,5337.0,12321.0,0.0,88.0,
2026-07-08 05:47:15,62.0,0.000               ,595.512,200.0,1200.0,0.0,62.875,62.875              ,62.875,62.875,62.875,62.875,62.875,62.875,62.875,9.844               ,4.309               ,9.812               ,59.571              ,41.797              ,4.969               ,19.039              ,1.586               ,18.866              ,2333.333            ,2333.333            ,3500.000            ,3500.000            ,2333.333            ,2333.333            ,2333.333            ,2333.333            ,3500.000            ,0.688,0.688,2.899,2.899,1.735,1.73,0.858,0.858,16.276,5382.0,12354.0,0.0,89.0,
2026-07-08 05:47:16,63.0,0.000               ,595.512,200.0,1200.0,0.0,63.0,63.000              ,63.0,63.0,63.0,63.0,63.0,63.0,63.0,13.346              ,3.177               ,25.738              ,54.462              ,35.282              ,3.532               ,17.101              ,2.979               ,19.452              ,1928.571            ,1928.571            ,3375.000            ,3375.000            ,2250.000            ,2250.000            ,1928.571            ,1928.571            ,3375.000            ,0.704,0.704,2.93,2.895,1.488,1.488,0.741,0.743,15.873,5426.0,12405.0,0.0,90.0,
2026-07-08 05:47:17,62.0,0.000               ,590.211,200.0,1200.0,0.0,62.125,62.125              ,62.125,62.125,62.125,62.125,62.125,62.125,62.125,20.467              ,5.981               ,14.001              ,63.804              ,28.478              ,7.116               ,38.106              ,3.839               ,22.724              ,2200.000            ,2200.000            ,3300.000            ,3275.000            ,2183.333            ,2183.333            ,2620.000            ,2620.000            ,3300.000            ,0.927,0.927,2.484,2.479,1.093,1.093,1.122,1.12,16.363,5389.0,12430.0,3290.885,91.0,0.3
2026-07-08 05:47:18,60.0,0.000               ,589.961,200.0,1200.0,0.0,60.75,60.750              ,60.75,60.75,60.75,60.75,60.75,60.75,60.75,55.175              ,51.991              ,43.933              ,62.587              ,73.423              ,36.302              ,45.473              ,29.846              ,49.841              ,2160.000            ,2160.000            ,2700.000            ,2700.000            ,2160.000            ,2160.000            ,2160.000            ,2160.000            ,2700.000            ,1.248,1.248,1.399,1.417,1.421,1.421,0.973,0.973,15.797,5142.0,12464.0,0.0,92.0,
2026-07-08 05:47:19,61.0,0.000               ,589.961,200.0,1200.0,0.0,61.0,61.000              ,61.0,61.0,61.0,61.0,61.0,61.0,61.0,9.567               ,6.588               ,11.739              ,69.093              ,33.385              ,3.412               ,15.933              ,2.668               ,19.048              ,2150.000            ,2150.000            ,3225.000            ,3225.000            ,2580.000            ,2580.000            ,2150.000            ,2150.000            ,3225.000            ,0.7,0.701,2.58,2.611,1.097,1.103,0.724,0.724,15.758,5189.0,12503.0,0.0,93.0,
2026-07-08 05:47:20,60.0,0.000               ,589.961,200.0,1200.0,0.0,60.875,60.875              ,60.875,60.875,60.875,60.875,60.875,60.875,60.875,16.749              ,8.793               ,22.656              ,14.535              ,61.743              ,6.454               ,34.232              ,3.725               ,21.111              ,2300.000            ,2300.000            ,2300.000            ,2300.000            ,2300.000            ,2300.000            ,2975.000            ,2975.000            ,2975.000            ,0.93,0.932,1.109,1.096,2.124,2.118,1.11,1.11,15.858,5265.0,12540.0,0.0,94.0,
2026-07-08 05:47:21,60.0,0.000               ,589.961,200.0,1200.0,0.0,60.75,60.750              ,60.75,60.75,60.75,60.75,60.75,60.75,60.75,21.024              ,22.815              ,12.662              ,67.428              ,36.210              ,7.346               ,29.013              ,5.885               ,25.298              ,2560.000            ,2560.000            ,3200.000            ,3200.000            ,2560.000            ,2560.000            ,2133.333            ,2133.333            ,3200.000            ,1.13,1.129,2.186,2.186,1.132,1.134,0.96,0.96,16.161,5240.0,12595.0,0.0,95.0,
2026-07-08 05:47:22,60.0,0.000               ,589.961,200.0,1200.0,0.0,60.25,60.250              ,60.25,60.25,60.25,60.25,60.25,60.25,60.25,28.160              ,23.983              ,18.534              ,65.680              ,47.419              ,19.960              ,36.781              ,10.885              ,31.425              ,2260.000            ,2260.000            ,2260.000            ,2260.000            ,2260.000            ,2260.000            ,2825.000            ,2875.000            ,2875.000            ,1.106,1.103,1.691,1.695,1.398,1.398,0.978,0.978,15.398,5247.0,12642.0,0.0,96.0,
2026-07-08 05:47:23,60.0,0.000               ,589.961,200.0,1200.0,0.0,60.125,60.125              ,60.125,60.125,60.125,60.125,60.125,60.125,60.125,24.644              ,11.070              ,11.571              ,73.876              ,39.191              ,11.011              ,19.039              ,16.184              ,25.823              ,2183.333            ,2183.333            ,3275.000            ,3275.000            ,3025.000            ,3025.000            ,2420.000            ,2420.000            ,3275.000            ,0.95,0.95,2.145,2.142,1.144,1.142,0.88,0.88,15.694,5299.0,12684.0,0.0,97.0,
2026-07-08 05:47:24,60.0,0.000               ,589.961,200.0,1200.0,0.0,60.375,60.375              ,60.375,60.375,60.375,60.375,60.375,60.375,60.375,9.216               ,20.701              ,13.412              ,65.697              ,35.126              ,3.412               ,20.258              ,6.196               ,21.752              ,1675.000            ,1675.000            ,3350.000            ,3350.000            ,1914.286            ,1914.286            ,2233.333            ,2233.333            ,3350.000            ,0.947,0.947,2.38,2.38,1.117,1.117,0.819,0.821,15.939,5342.0,12757.0,0.0,98.0,
2026-07-08 05:47:25,59.0,0.000               ,589.961,200.0,1200.0,0.0,59.375,59.375              ,59.375,59.375,59.375,59.375,59.375,59.375,59.375,32.983              ,38.512              ,30.458              ,77.102              ,60.463              ,24.315              ,48.664              ,19.497              ,41.499              ,2240.000            ,2240.000            ,2240.000            ,2240.000            ,2800.000            ,2800.000            ,2240.000            ,2240.000            ,2800.000            ,0.972,0.972,1.65,1.65,1.213,1.214,0.977,0.974,15.384,5272.0,12830.0,0.0,99.0,
2026-07-08 05:47:26,59.0,0.000               ,589.961,200.0,1200.0,0.0,59.75,59.750              ,59.75,59.75,59.75,59.75,59.75,59.75,59.75,14.357              ,7.246               ,7.345               ,81.266              ,25.304              ,5.041               ,23.536              ,3.252               ,20.918              ,2750.000            ,2750.000            ,2200.000            ,2220.000            ,2220.000            ,2220.000            ,2220.000            ,2220.000            ,2750.000            ,0.717,0.717,2.605,2.595,0.864,0.863,0.789,0.79,15.546,5322.0,12880.0,0.0,100.0,
2026-07-08 05:47:27,60.0,0.000               ,589.961,200.0,1200.0,0.0,60.125,60.125              ,60.125,60.125,60.125,60.125,60.125,60.125,60.125,10.246              ,7.728               ,6.676               ,86.715              ,23.775              ,15.458              ,13.540              ,4.137               ,21.034              ,1687.500            ,1687.500            ,3375.000            ,3375.000            ,2675.000            ,2675.000            ,2140.000            ,2140.000            ,3375.000            ,0.652,0.652,2.771,2.791,1.006,1.006,0.643,0.641,15.774,5376.0,12936.0,0.0,101.0,
2026-07-08 05:47:28,59.0,0.000               ,589.703,200.0,1200.0,0.0,59.875,59.875              ,59.875,59.875,59.875,59.875,59.875,59.875,59.875,12.068              ,10.271              ,11.085              ,73.070              ,36.928              ,3.017               ,32.469              ,4.554               ,22.933              ,2116.667            ,2116.667            ,3175.000            ,3175.000            ,2540.000            ,2540.000            ,2116.667            ,2116.667            ,3175.000            ,0.7,0.7,2.368,2.372,0.97,0.97,0.98,0.983,15.431,5452.0,13001.0,0.0,102.0,
2026-07-08 05:47:29,59.0,0.000               ,589.703,200.0,1200.0,0.0,59.625,59.625              ,59.625,59.625,59.625,59.625,59.625,59.625,59.625,15.686              ,6.876               ,12.648              ,76.367              ,26.533              ,4.950               ,36.858              ,5.949               ,23.233              ,1800.000            ,1800.000            ,3150.000            ,3150.000            ,2100.000            ,2100.000            ,2100.000            ,2100.000            ,3150.000            ,0.672,0.672,2.322,2.316,0.821,0.821,1.144,1.141,15.757,5477.0,13037.0,0.0,103.0,
2026-07-08 05:47:30,58.0,0.000               ,589.703,200.0,1200.0,0.0,58.625,58.625              ,58.625,58.625,58.625,58.625,58.625,58.625,58.625,39.568              ,34.007              ,28.952              ,80.920              ,57.008              ,26.016              ,46.407              ,20.857              ,41.717              ,2220.000            ,2220.000            ,2775.000            ,2775.000            ,2220.000            ,2220.000            ,2220.000            ,2220.000            ,2775.000            ,0.978,0.979,1.683,1.674,1.081,1.081,0.892,0.892,15.064,5383.0,13084.0,0.0,104.0,
2026-07-08 05:47:31,58.0,0.000               ,589.703,200.0,1200.0,0.0,58.75,58.750              ,58.75,58.75,58.75,58.75,58.75,58.75,58.75,18.126              ,13.483              ,14.022              ,72.242              ,45.816              ,3.739               ,20.116              ,3.397               ,23.868              ,2116.667            ,2116.667            ,3175.000            ,3175.000            ,2116.667            ,2116.667            ,2116.667            ,2116.667            ,3175.000            ,0.803,0.809,2.176,2.199,1.201,1.201,0.653,0.652,15.526,5309.0,13130.0,0.0,105.0,
2026-07-08 05:47:32,58.0,0.000               ,589.703,200.0,1200.0,0.0,58.875,58.875              ,58.875,58.875,58.875,58.875,58.875,58.875,58.875,16.869              ,10.628              ,13.103              ,74.489              ,35.620              ,4.805               ,20.170              ,4.539               ,22.528              ,2100.000            ,2100.000            ,3150.000            ,3150.000            ,2100.000            ,2100.000            ,1800.000            ,1800.000            ,3150.000            ,0.75,0.741,2.34,2.331,0.979,0.979,0.677,0.677,15.108,5366.0,13202.0,0.0,106.0,
2026-07-08 05:47:33,58.0,0.000               ,589.703,200.0,1200.0,0.0,58.375,58.375              ,58.375,58.375,58.375,58.375,58.375,58.375,58.375,26.482              ,13.531              ,21.746              ,53.169              ,44.712              ,16.746              ,33.454              ,10.866              ,27.588              ,2560.000            ,2560.000            ,3200.000            ,3375.000            ,2250.000            ,2250.000            ,2250.000            ,2250.000            ,3375.000            ,0.987,0.987,1.705,1.704,1.347,1.347,1.046,1.046,15.619,5394.0,13218.0,16582.641,107.0,0.06
2026-07-08 05:47:34,58.0,0.000               ,589.703,200.0,1200.0,0.0,58.375,58.375              ,58.375,58.375,58.375,58.375,58.375,58.375,58.375,17.728              ,7.502               ,11.425              ,72.821              ,43.711              ,9.812               ,33.146              ,7.144               ,25.411              ,2320.000            ,2320.000            ,2900.000            ,2900.000            ,2320.000            ,2320.000            ,2320.000            ,2320.000            ,2900.000            ,0.731,0.731,2.082,2.082,1.156,1.156,0.989,0.991,15.484,5459.0,13260.0,0.0,108.0,
2026-07-08 05:47:35,58.0,0.000               ,589.703,200.0,1200.0,0.0,58.5,58.500              ,58.5,58.5,58.5,58.5,58.5,58.5,58.5,19.393              ,9.124               ,8.733               ,74.563              ,35.769              ,6.882               ,41.654              ,3.412               ,24.941              ,2050.000            ,2050.000            ,3075.000            ,3100.000            ,2480.000            ,2480.000            ,2066.667            ,2066.667            ,3100.000            ,0.781,0.781,2.212,2.195,0.993,0.993,1.255,1.254,15.479,5497.0,13319.0,0.0,109.0,
2026-07-08 05:47:36,58.0,0.000               ,589.703,200.0,1200.0,0.0,58.0,58.000              ,58.0,58.0,58.0,58.0,58.0,58.0,58.0,55.530              ,36.129              ,39.915              ,65.920              ,63.807              ,32.187              ,68.389              ,25.936              ,48.477              ,2240.000            ,2240.000            ,2775.000            ,2750.000            ,2200.000            ,2200.000            ,2200.000            ,2200.000            ,2775.000            ,1.095,1.098,1.384,1.392,1.203,1.203,1.051,1.051,15.628,5399.0,13345.0,0.0,110.0,
2026-07-08 05:47:37,58.0,0.000               ,589.703,200.0,1200.0,0.0,58.0,58.000              ,58.0,58.0,58.0,58.0,58.0,58.0,58.0,23.777              ,29.536              ,19.868              ,69.869              ,46.518              ,18.585              ,28.450              ,11.404              ,31.001              ,2475.000            ,2475.000            ,1980.000            ,1980.000            ,2475.000            ,2475.000            ,1980.000            ,1980.000            ,2475.000            ,0.896,0.893,1.718,1.714,1.086,1.086,0.695,0.695,14.718,5277.0,13379.0,0.0,111.0,
2026-07-08 05:47:38,58.0,0.000               ,589.453,200.0,1200.0,0.0,58.25,58.250              ,58.25,58.25,58.25,58.25,58.25,58.25,58.25,12.589              ,2.484               ,13.307              ,29.773              ,56.622              ,3.511               ,27.562              ,2.931               ,18.597              ,3125.000            ,3125.000            ,2500.000            ,2500.000            ,2500.000            ,2500.000            ,2500.000            ,2500.000            ,3125.000            ,0.677,0.677,1.325,1.308,1.823,1.823,0.966,0.966,15.204,5322.0,13429.0,0.0,112.0,
2026-07-08 05:47:39,58.0,0.000               ,589.453,200.0,1200.0,0.0,58.25,58.250              ,58.25,58.25,58.25,58.25,58.25,58.25,58.25,11.082              ,12.417              ,10.269              ,75.384              ,40.111              ,4.751               ,16.158              ,3.681               ,21.732              ,2340.000            ,2340.000            ,2340.000            ,3325.000            ,2660.000            ,2660.000            ,2216.667            ,2216.667            ,3325.000            ,0.719,0.719,2.392,2.431,1.101,1.101,0.629,0.629,15.378,5400.0,13476.0,0.0,113.0,
2026-07-08 05:47:40,58.0,0.000               ,589.453,200.0,1200.0,0.0,58.375,58.375              ,58.375,58.375,58.375,58.375,58.375,58.375,58.375,14.544              ,5.971               ,13.499              ,78.031              ,30.067              ,8.269               ,15.614              ,7.172               ,21.646              ,1857.143            ,1857.143            ,3225.000            ,3225.000            ,2150.000            ,2150.000            ,1842.857            ,1842.857            ,3225.000            ,0.665,0.674,2.527,2.524,0.977,0.977,0.69,0.69,15.426,5451.0,13529.0,0.0,114.0,
2026-07-08 05:47:41,58.0,0.000               ,589.453,200.0,1200.0,0.0,58.25,58.250              ,58.25,58.25,58.25,58.25,58.25,58.25,58.25,20.225              ,9.169               ,6.344               ,81.434              ,39.109              ,6.321               ,15.662              ,5.404               ,22.958              ,1857.143            ,1857.143            ,3250.000            ,3250.000            ,2166.667            ,2166.667            ,2166.667            ,2166.667            ,3250.000            ,0.84,0.83,2.462,2.468,1.154,1.154,0.655,0.655,15.331,5515.0,13618.0,7733.788,115.0,0.13
2026-07-08 05:47:42,57.0,0.000               ,589.453,200.0,1200.0,0.0,57.375,57.375              ,57.375,57.375,57.375,57.375,57.375,57.375,57.375,52.368              ,52.095              ,45.730              ,81.516              ,74.987              ,37.900              ,51.300              ,47.929              ,55.478              ,2180.000            ,2180.000            ,2725.000            ,2725.000            ,2180.000            ,2180.000            ,2180.000            ,2180.000            ,2725.000            ,1.099,1.099,1.477,1.474,1.251,1.251,1.162,1.165,15.695,5368.0,13666.0,0.0,116.0,
2026-07-08 05:47:43,57.0,0.000               ,589.453,200.0,1200.0,0.0,57.375,57.375              ,57.375,57.375,57.375,57.375,57.375,57.375,57.375,21.740              ,31.599              ,19.946              ,69.656              ,47.139              ,15.852              ,23.766              ,12.296              ,30.250              ,2040.000            ,2040.000            ,2575.000            ,2575.000            ,2060.000            ,2060.000            ,2060.000            ,2060.000            ,2575.000            ,0.819,0.832,1.822,1.836,1.111,1.111,0.608,0.58,14.764,5284.0,13715.0,0.0,117.0,
2026-07-08 05:47:44,58.0,0.000               ,589.453,200.0,1200.0,0.0,58.5,58.500              ,58.5,58.5,58.5,58.5,58.5,58.5,58.5,9.561               ,5.229               ,20.464              ,7.707               ,75.201              ,2.922               ,32.677              ,1.669               ,19.429              ,2540.000            ,2540.000            ,2540.000            ,2540.000            ,2560.000            ,2560.000            ,3175.000            ,3175.000            ,3175.000            ,0.558,0.54,0.697,0.681,2.321,2.321,1.03,1.029,15.014,5272.0,13721.0,0.0,118.0,
2026-07-08 05:47:45,59.0,0.000               ,589.453,200.0,1200.0,0.0,59.75,59.750              ,59.75,59.75,59.75,59.75,59.75,59.75,59.75,12.553              ,6.905               ,7.453               ,95.982              ,28.028              ,7.048               ,14.917              ,6.225               ,22.389              ,2133.333            ,2133.333            ,2560.000            ,2560.000            ,3200.000            ,3200.000            ,2133.333            ,2133.333            ,3200.000            ,0.54,0.54,2.803,2.774,0.804,0.804,0.581,0.581,15.094,5286.0,13721.0,0.0,119.0,
2026-07-08 05:47:46,60.0,0.000               ,589.453,200.0,1200.0,0.0,60.0,60.000              ,60.0,60.0,60.0,60.0,60.0,60.0,60.0,11.579              ,4.440               ,8.900               ,64.084              ,29.757              ,3.520               ,36.985              ,3.142               ,20.301              ,1842.857            ,1842.857            ,2580.000            ,2580.000            ,3225.000            ,3225.000            ,2150.000            ,2150.000            ,3225.000            ,0.544,0.544,2.04,2.047,0.857,0.857,1.12,1.12,15.349,5291.0,13721.0,0.0,120.0,
2026-07-08 05:47:47,60.0,0.000               ,589.453,200.0,1200.0,0.0,60.0,60.000              ,60.0,60.0,60.0,60.0,60.0,60.0,60.0,29.165              ,4.613               ,40.140              ,44.343              ,20.053              ,5.739               ,15.947              ,3.272               ,20.409              ,3150.000            ,3150.000            ,2520.000            ,2520.000            ,2100.000            ,2100.000            ,2520.000            ,2520.000            ,3150.000            ,0.984,0.984,2.418,2.417,0.711,0.713,0.54,0.54,15.128,5297.0,13718.0,0.0,121.0,
2026-07-08 05:47:48,60.0,0.000               ,648.918,200.0,1200.0,0.0,60.0,60.000              ,60.0,60.0,60.0,60.0,60.0,60.0,60.0,15.583              ,5.064               ,12.506              ,56.712              ,50.147              ,6.130               ,21.665              ,5.039               ,21.606              ,1612.500            ,1612.500            ,3225.000            ,3225.000            ,1842.857            ,1842.857            ,1842.857            ,1842.857            ,3225.000            ,0.62,0.62,1.839,1.839,1.457,1.455,0.663,0.663,15.125,5344.0,13818.0,0.0,122.0,
2026-07-08 05:47:49,60.0,0.000               ,648.918,200.0,1200.0,0.0,60.0,60.000              ,60.0,60.0,60.0,60.0,60.0,60.0,60.0,9.365               ,7.674               ,21.606              ,14.113              ,18.156              ,4.107               ,5.001               ,88.186              ,21.026              ,2083.333            ,2083.333            ,3125.000            ,3125.000            ,2083.333            ,2083.333            ,2083.333            ,2083.333            ,3125.000            ,0.516,0.516,0.853,0.853,0.584,0.584,2.655,2.66,15.277,5353.0,13818.0,0.0,123.0,
2026-07-08 05:47:50,60.0,0.000               ,648.918,200.0,1200.0,0.0,60.75,60.750              ,60.75,60.75,60.75,60.75,60.75,60.75,60.75,6.481               ,75.823              ,27.539              ,13.004              ,14.395              ,7.399               ,7.145               ,2.576               ,19.295              ,1885.714            ,1885.714            ,3300.000            ,3300.000            ,2200.000            ,2200.000            ,2640.000            ,2640.000            ,3300.000            ,2.443,2.458,1.065,1.065,0.683,0.683,0.446,0.442,15.055,5352.0,13817.0,0.0,124.0,
2026-07-08 05:47:51,60.0,0.000               ,648.918,200.0,1200.0,0.0,60.125,60.125              ,60.125,60.125,60.125,60.125,60.125,60.125,60.125,11.137              ,9.128               ,17.829              ,84.002              ,28.337              ,4.039               ,12.887              ,4.204               ,21.445              ,1828.571            ,1828.571            ,3200.000            ,3200.000            ,2133.333            ,2133.333            ,1828.571            ,1828.571            ,3200.000            ,0.58,0.565,2.89,2.916,0.717,0.717,0.489,0.489,15.26,5361.0,13817.0,0.0,125.0,
2026-07-08 05:47:52,60.0,0.000               ,648.918,200.0,1200.0,0.0,60.0,60.000              ,60.0,60.0,60.0,60.0,60.0,60.0,60.0,7.825               ,5.424               ,20.810              ,78.792              ,24.342              ,2.055               ,15.897              ,1.719               ,19.608              ,1612.500            ,1612.500            ,3225.000            ,3225.000            ,2150.000            ,2150.000            ,1842.857            ,1842.857            ,3225.000            ,0.499,0.499,2.936,2.896,0.673,0.673,0.542,0.542,15.048,5358.0,13816.0,0.0,126.0,
2026-07-08 05:47:53,60.0,0.000               ,652.434,200.0,1200.0,0.0,60.25,60.250              ,60.25,60.25,60.25,60.25,60.25,60.25,60.25,9.389               ,31.141              ,7.723               ,73.068              ,20.646              ,5.447               ,13.658              ,3.442               ,20.564              ,1800.000            ,1800.000            ,3150.000            ,3150.000            ,2100.000            ,2100.000            ,1800.000            ,1800.000            ,3150.000            ,1.131,1.149,2.257,2.262,0.65,0.65,0.535,0.535,14.962,5353.0,13828.0,0.0,127.0,
2026-07-08 05:47:54,60.0,0.000               ,652.434,200.0,1200.0,0.0,60.375,60.375              ,60.375,60.375,60.375,60.375,60.375,60.375,60.375,7.997               ,4.911               ,4.288               ,85.721              ,25.005              ,2.602               ,17.720              ,2.571               ,18.852              ,2580.000            ,2580.000            ,2580.000            ,2580.000            ,3225.000            ,3225.000            ,2580.000            ,2580.000            ,3225.000            ,0.561,0.534,2.859,2.897,0.813,0.813,0.602,0.602,15.309,5366.0,13827.0,0.0,128.0,
2026-07-08 05:47:55,60.0,0.000               ,652.434,200.0,1200.0,0.0,60.5,60.500              ,60.5,60.5,60.5,60.5,60.5,60.5,60.5,10.822              ,7.788               ,11.016              ,67.582              ,40.677              ,8.300               ,11.441              ,3.176               ,20.100              ,2200.000            ,2200.000            ,2640.000            ,2640.000            ,3300.000            ,3300.000            ,2200.000            ,2200.000            ,3300.000            ,0.602,0.602,2.388,2.341,1.434,1.434,0.496,0.497,15.097,5365.0,13827.0,0.0,129.0,
2026-07-08 05:47:56,60.0,0.000               ,652.434,200.0,1200.0,0.0,60.75,60.750              ,60.75,60.75,60.75,60.75,60.75,60.75,60.75,8.338               ,4.555               ,23.044              ,16.509              ,15.195              ,2.164               ,5.374               ,80.892              ,19.509              ,1928.571            ,1928.571            ,3375.000            ,3375.000            ,2250.000            ,2250.000            ,1928.571            ,1928.571            ,3375.000            ,0.495,0.495,1.087,1.087,0.524,0.525,2.688,2.719,15.299,5361.0,13827.0,0.0,130.0,
2026-07-08 05:47:57,60.0,0.000               ,652.434,200.0,1200.0,0.0,60.875,60.875              ,60.875,60.875,60.875,60.875,60.875,60.875,60.875,10.937              ,5.050               ,15.373              ,17.526              ,83.506              ,3.547               ,15.643              ,4.268               ,19.481              ,2166.667            ,2166.667            ,3250.000            ,3250.000            ,2166.667            ,2166.667            ,2600.000            ,2600.000            ,3250.000            ,0.587,0.59,0.919,0.919,2.662,2.661,0.618,0.586,14.941,5372.0,13827.0,0.0,131.0,
2026-07-08 05:47:58,60.0,0.000               ,662.305,200.0,1200.0,0.0,60.25,60.250              ,60.25,60.25,60.25,60.25,60.25,60.25,60.25,11.031              ,66.208              ,27.861              ,4.375               ,18.993              ,4.818               ,22.323              ,5.261               ,20.109              ,3225.000            ,3225.000            ,2580.000            ,2580.000            ,2580.000            ,2580.000            ,2580.000            ,2580.000            ,3225.000            ,2.487,2.485,0.84,0.84,0.692,0.692,1.069,1.069,15.036,5387.0,13834.0,16652.844,132.0,0.06
2026-07-08 05:47:59,59.0,0.000               ,662.305,200.0,1200.0,0.0,59.25,59.250              ,59.25,59.25,59.25,59.25,59.25,59.25,59.25,9.838               ,13.936              ,51.274              ,40.825              ,21.457              ,4.735               ,14.604              ,2.321               ,19.874              ,2300.000            ,2300.000            ,3450.000            ,3450.000            ,2300.000            ,2300.000            ,2300.000            ,2300.000            ,3450.000            ,0.835,0.834,3.143,3.152,0.775,0.775,0.552,0.552,15.133,5384.0,13833.0,0.0,133.0,
2026-07-08 05:48:00,58.0,0.000               ,662.305,200.0,1200.0,0.0,58.75,58.750              ,58.75,58.75,58.75,58.75,58.75,58.75,58.75,23.370              ,30.219              ,23.742              ,18.811              ,44.479              ,19.755              ,55.550              ,11.801              ,28.466              ,2066.667            ,2066.667            ,3100.000            ,3100.000            ,2066.667            ,2066.667            ,1771.429            ,1771.429            ,3100.000            ,1.122,1.122,0.995,0.954,1.772,1.772,1.722,1.722,15.673,5421.0,13837.0,0.0,134.0,
2026-07-08 05:48:01,58.0,0.000               ,662.305,200.0,1200.0,0.0,58.0,58.000              ,58.0,58.0,58.0,58.0,58.0,58.0,58.0,18.749              ,29.450              ,30.309              ,7.523               ,27.723              ,16.494              ,67.599              ,5.352               ,25.400              ,2775.000            ,2775.000            ,2220.000            ,2220.000            ,2220.000            ,2220.000            ,2220.000            ,2220.000            ,2775.000            ,0.974,0.974,0.713,0.713,0.939,0.939,2.128,2.128,14.503,5434.0,13838.0,0.0,135.0,
2026-07-08 05:48:02,58.0,0.000               ,662.305,200.0,1200.0,0.0,58.75,58.750              ,58.75,58.75,58.75,58.75,58.75,58.75,58.75,7.431               ,27.507              ,45.949              ,36.895              ,22.205              ,5.765               ,13.616              ,3.489               ,20.357              ,3250.000            ,3250.000            ,2166.667            ,2166.667            ,2166.667            ,2166.667            ,2166.667            ,2166.667            ,3250.000            ,1.214,1.214,2.911,2.911,0.8,0.8,0.534,0.534,14.981,5441.0,13833.0,0.0,136.0,
2026-07-08 05:48:03,59.0,0.000               ,662.305,200.0,1200.0,0.0,59.25,59.250              ,59.25,59.25,59.25,59.25,59.25,59.25,59.25,3.928               ,91.696              ,20.769              ,6.921               ,17.404              ,3.186               ,9.959               ,5.267               ,19.891              ,2316.667            ,2316.667            ,3475.000            ,3475.000            ,2316.667            ,2316.667            ,2316.667            ,2316.667            ,3475.000            ,3.36,3.36,0.729,0.729,0.549,0.549,0.523,0.546,15.169,5442.0,13833.0,0.0,137.0,
2026-07-08 05:48:04,59.0,0.000               ,662.305,200.0,1200.0,0.0,59.25,59.250              ,59.25,59.25,59.25,59.25,59.25,59.25,59.25,6.986               ,41.368              ,20.218              ,1.419               ,10.577              ,58.180              ,9.186               ,5.458               ,19.174              ,3225.000            ,3225.000            ,2150.000            ,1842.857            ,2150.000            ,2150.000            ,1842.857            ,1842.857            ,3225.000            ,1.679,1.679,0.634,0.633,2.355,2.356,0.57,0.565,14.935,5442.0,13837.0,0.0,138.0,
2026-07-08 05:48:05,59.0,0.000               ,662.305,200.0,1200.0,0.0,59.0,59.000              ,59.0,59.0,59.0,59.0,59.0,59.0,59.0,18.125              ,16.823              ,39.940              ,3.616               ,15.011              ,3.272               ,53.639              ,4.831               ,19.407              ,3350.000            ,3350.000            ,1914.286            ,1914.286            ,1914.286            ,1914.286            ,1914.286            ,1914.286            ,3350.000            ,1.264,1.264,1.438,1.438,0.593,0.592,2.065,2.1,15.239,5441.0,13833.0,0.0,139.0,
2026-07-08 05:48:06,59.0,0.000               ,662.305,200.0,1200.0,0.0,59.0,59.000              ,59.0,59.0,59.0,59.0,59.0,59.0,59.0,7.223               ,64.583              ,38.274              ,6.659               ,32.171              ,5.877               ,19.386              ,5.268               ,22.430              ,2200.000            ,2200.000            ,3300.000            ,3300.000            ,2200.000            ,2200.000            ,2640.000            ,2640.000            ,3300.000            ,2.401,2.404,1.141,1.141,1.028,1.028,0.755,0.751,15.36,5483.0,13884.0,0.0,140.0,
2026-07-08 05:48:07,57.0,0.000               ,689.77,200.0,1200.0,0.0,57.375,57.375              ,57.375,57.375,57.375,57.375,57.375,57.375,57.375,34.304              ,41.053              ,51.709              ,22.682              ,56.855              ,25.711              ,50.894              ,18.448              ,37.707              ,1866.667            ,1866.667            ,2240.000            ,2240.000            ,2800.000            ,2800.000            ,2240.000            ,2240.000            ,2800.000            ,1.26,1.257,1.155,1.157,1.502,1.505,1.091,1.09,15.621,5668.0,14125.0,9574.79,141.0,0.1
2026-07-08 05:48:08,56.0,0.000               ,810.078,230.0,1200.0,0.0,56.0,56.000              ,56.0,56.0,56.0,56.0,56.0,56.0,56.0,86.459              ,92.746              ,87.411              ,85.837              ,90.505              ,86.320              ,90.341              ,83.977              ,87.949              ,1960.000            ,1600.000            ,1600.000            ,1600.000            ,1600.000            ,1600.000            ,1600.000            ,1600.000            ,1960.000            ,0.979,0.979,0.903,0.897,0.873,0.864,0.788,0.785,15.41,5624.0,14069.0,102.023,142.0,9.8
2026-07-08 05:48:10,55.0,41.000              ,808.578,200.0,1200.0,0.0,55.75,55.750              ,55.75,55.75,55.75,55.75,55.75,55.75,55.75,85.223              ,82.636              ,89.646              ,87.058              ,90.499              ,86.271              ,83.831              ,79.339              ,85.563              ,1400.000            ,1400.000            ,1400.000            ,1400.000            ,1400.000            ,1400.000            ,1400.000            ,1400.000            ,1400.000            ,0.746,0.747,0.779,0.785,0.785,0.772,0.829,0.829,15.484,5420.0,14070.0,35.993,144.0,27.78
2026-07-08 05:48:11,55.0,87.000              ,807.066,200.0,1200.0,0.0,55.625,55.625              ,55.625,55.625,55.625,55.625,55.625,55.625,55.625,81.474              ,76.277              ,84.271              ,86.853              ,82.627              ,81.214              ,84.836              ,77.678              ,81.904              ,1400.000            ,1400.000            ,1400.000            ,1400.000            ,1400.000            ,1400.000            ,1400.000            ,1400.000            ,1400.000            ,0.713,0.706,0.768,0.764,0.749,0.749,0.729,0.729,15.179,5303.0,14069.0,30.559,145.0,32.72
2026-07-08 05:48:12,55.0,93.000              ,808.066,200.0,1200.0,0.0,55.25,55.250              ,55.25,55.25,55.25,55.25,55.25,55.25,55.25,47.356              ,40.099              ,46.563              ,62.356              ,55.417              ,31.740              ,51.233              ,21.991              ,44.594              ,1400.000            ,1400.000            ,1400.000            ,1400.000            ,1400.000            ,1400.000            ,1400.000            ,1400.000            ,1400.000            ,0.523,0.532,0.639,0.642,0.557,0.548,0.469,0.47,14.117,5310.0,14068.0,54.06,146.0,18.5
2026-07-08 05:48:13,55.0,95.000              ,790.977,387.0,1200.0,0.0,55.25,55.250              ,55.25,55.25,55.25,55.25,55.25,55.25,55.25,56.905              ,42.385              ,57.256              ,52.744              ,63.191              ,29.180              ,57.461              ,23.801              ,47.865              ,1400.000            ,1400.000            ,1400.000            ,1400.000            ,1400.000            ,1400.000            ,1400.000            ,1400.000            ,1400.000            ,0.567,0.566,0.647,0.65,0.587,0.595,0.516,0.516,14.7,5295.0,14068.0,26.701,147.0,37.45
2026-07-08 05:48:14,55.0,85.000              ,792.25,393.0,1200.0,0.0,55.25,55.250              ,55.25,55.25,55.25,55.25,55.25,55.25,55.25,60.736              ,59.856              ,61.226              ,71.460              ,68.782              ,45.341              ,68.562              ,36.731              ,59.087              ,1550.000            ,1550.000            ,1860.000            ,1860.000            ,1550.000            ,1550.000            ,1550.000            ,1550.000            ,1860.000            ,0.645,0.645,0.767,0.762,0.648,0.648,0.61,0.61,14.871,5222.0,14070.0,24.952,148.0,40.08
2026-07-08 05:48:15,55.0,75.000              ,792.25,200.0,1200.0,0.0,55.25,55.250              ,55.25,55.25,55.25,55.25,55.25,55.25,55.25,65.272              ,55.840              ,62.966              ,66.717              ,71.912              ,42.497              ,67.779              ,37.181              ,58.770              ,1471.429            ,1700.000            ,1700.000            ,1716.667            ,1471.429            ,1471.429            ,1471.429            ,1471.429            ,1716.667            ,0.653,0.655,0.773,0.772,0.684,0.673,0.612,0.611,15.026,5164.0,14070.0,24.411,149.0,40.97
2026-07-08 05:48:16,55.0,76.000              ,792.758,200.0,1200.0,0.0,55.25,55.250              ,55.25,55.25,55.25,55.25,55.25,55.25,55.25,68.383              ,60.391              ,62.949              ,66.244              ,73.535              ,50.017              ,66.172              ,41.394              ,61.136              ,1700.000            ,1700.000            ,1457.143            ,1457.143            ,1700.000            ,1700.000            ,1457.143            ,1457.143            ,1700.000            ,0.663,0.661,0.704,0.704,0.679,0.69,0.624,0.624,15.154,5084.0,14045.0,24.94,150.0,40.1
2026-07-08 05:48:17,55.0,75.000              ,792.914,370.0,1200.0,0.0,55.25,55.250              ,55.25,55.25,55.25,55.25,55.25,55.25,55.25,67.908              ,68.240              ,65.110              ,69.310              ,74.081              ,58.694              ,67.769              ,42.765              ,64.234              ,1666.667            ,1666.667            ,1428.571            ,1428.571            ,1666.667            ,1666.667            ,1428.571            ,1428.571            ,1666.667            ,0.692,0.694,0.732,0.732,0.72,0.721,0.606,0.606,15.003,5018.0,14046.0,23.717,151.0,42.16
2026-07-08 05:48:18,55.0,77.000              ,793.051,333.0,1200.0,0.0,55.25,55.250              ,55.25,55.25,55.25,55.25,55.25,55.25,55.25,61.883              ,60.873              ,60.165              ,66.334              ,71.239              ,50.040              ,66.440              ,34.217              ,58.899              ,1483.333            ,1483.333            ,1780.000            ,1780.000            ,1483.333            ,1483.333            ,1483.333            ,1483.333            ,1780.000            ,0.641,0.64,0.732,0.732,0.692,0.691,0.574,0.574,15.034,4943.0,14048.0,28.671,152.0,34.88
2026-07-08 05:48:19,55.0,79.000              ,765.938,338.0,1200.0,0.0,55.25,55.250              ,55.25,55.25,55.25,55.25,55.25,55.25,55.25,55.009              ,58.962              ,59.489              ,68.340              ,67.636              ,45.899              ,71.389              ,34.418              ,57.643              ,1483.333            ,1483.333            ,1780.000            ,1780.000            ,1483.333            ,1483.333            ,1483.333            ,1483.333            ,1780.000            ,0.614,0.613,0.755,0.759,0.663,0.663,0.623,0.623,15.116,4740.0,14025.0,30.531,153.0,32.75
2026-07-08 05:48:20,55.0,78.000              ,766.023,200.0,1200.0,0.0,55.25,55.250              ,55.25,55.25,55.25,55.25,55.25,55.25,55.25,41.670              ,33.032              ,41.801              ,52.966              ,57.440              ,19.623              ,55.397              ,15.013              ,39.618              ,1533.333            ,1533.333            ,1840.000            ,1860.000            ,1566.667            ,1566.667            ,1566.667            ,1566.667            ,1860.000            ,0.563,0.563,0.764,0.761,0.596,0.596,0.485,0.485,14.68,4746.0,14026.0,23.53,154.0,42.5
2026-07-08 05:48:21,55.0,72.000              ,766.023,428.0,1200.0,0.0,55.25,55.250              ,55.25,55.25,55.25,55.25,55.25,55.25,55.25,36.798              ,28.907              ,39.229              ,43.176              ,55.614              ,14.079              ,56.831              ,9.900               ,35.567              ,1733.333            ,1733.333            ,2080.000            ,2080.000            ,1733.333            ,1733.333            ,1733.333            ,1733.333            ,2080.000            ,0.572,0.572,0.747,0.748,0.676,0.676,0.608,0.608,15.008,4749.0,14026.0,22.734,155.0,43.99
2026-07-08 05:48:22,55.0,68.000              ,766.02,393.0,1200.0,0.0,55.0,55.000              ,55.0,55.0,55.0,55.0,55.0,55.0,55.0,35.692              ,28.965              ,43.963              ,34.631              ,50.877              ,16.348              ,59.197              ,9.739               ,34.927              ,1750.000            ,1750.000            ,2100.000            ,2100.000            ,1733.333            ,1733.333            ,1733.333            ,1733.333            ,2100.000            ,0.564,0.564,0.72,0.718,0.657,0.657,0.645,0.645,14.994,4750.0,14011.0,23.434,156.0,42.67
2026-07-08 05:48:23,55.0,70.000              ,766.027,492.0,1200.0,0.0,55.0,55.000              ,55.0,55.0,55.0,55.0,55.0,55.0,55.0,37.383              ,35.565              ,51.869              ,41.272              ,54.149              ,16.876              ,55.284              ,13.168              ,38.196              ,1750.000            ,1750.000            ,2100.000            ,2100.000            ,1750.000            ,1750.000            ,1750.000            ,1750.000            ,2100.000            ,0.63,0.63,0.86,0.862,0.683,0.683,0.631,0.621,14.83,4756.0,14011.0,20.602,157.0,48.54
2026-07-08 05:48:24,55.0,69.000              ,766.023,381.0,1200.0,0.0,55.0,55.000              ,55.0,55.0,55.0,55.0,55.0,55.0,55.0,37.180              ,31.225              ,47.620              ,39.528              ,52.888              ,19.530              ,54.275              ,17.479              ,37.466              ,1766.667            ,1766.667            ,2120.000            ,2120.000            ,1766.667            ,1766.667            ,1766.667            ,1766.667            ,2120.000            ,0.616,0.617,0.8,0.798,0.686,0.686,0.665,0.675,15.179,4756.0,14010.0,25.391,158.0,39.38
2026-07-08 05:48:25,55.0,69.000              ,766.027,352.0,1200.0,0.0,55.0,55.000              ,55.0,55.0,55.0,55.0,55.0,55.0,55.0,36.508              ,29.867              ,59.153              ,30.938              ,50.936              ,17.225              ,47.393              ,11.267              ,35.411              ,1840.000            ,1840.000            ,2300.000            ,2300.000            ,1860.000            ,1860.000            ,1860.000            ,1860.000            ,2300.000            ,0.638,0.642,0.859,0.859,0.712,0.712,0.627,0.627,15.126,4785.0,14035.0,24.947,159.0,40.08
2026-07-08 05:48:26,55.0,68.000              ,765.023,413.0,1200.0,0.0,55.0,55.000              ,55.0,55.0,55.0,55.0,55.0,55.0,55.0,42.140              ,30.086              ,44.202              ,35.234              ,56.877              ,10.825              ,45.498              ,14.132              ,34.874              ,1780.000            ,1780.000            ,2225.000            ,2225.000            ,1780.000            ,1780.000            ,1780.000            ,1780.000            ,2225.000            ,0.675,0.67,0.734,0.734,0.676,0.676,0.578,0.578,14.93,4798.0,14031.0,26.777,160.0,37.35
2026-07-08 05:48:27,55.0,68.000              ,765.027,381.0,1200.0,0.0,55.0,55.000              ,55.0,55.0,55.0,55.0,55.0,55.0,55.0,53.142              ,23.558              ,43.730              ,37.132              ,58.392              ,16.796              ,42.051              ,10.345              ,35.643              ,1783.333            ,1783.333            ,2140.000            ,2140.000            ,2140.000            ,2140.000            ,1783.333            ,1783.333            ,2140.000            ,0.759,0.759,0.749,0.749,0.738,0.739,0.533,0.541,14.987,4804.0,14032.0,23.049,161.0,43.39
2026-07-08 05:48:28,55.0,69.000              ,764.648,406.0,1200.0,0.0,55.0,55.000              ,55.0,55.0,55.0,55.0,55.0,55.0,55.0,54.060              ,20.022              ,45.832              ,34.897              ,54.041              ,17.299              ,42.793              ,11.472              ,35.052              ,1840.000            ,1840.000            ,2275.000            ,2275.000            ,1820.000            ,1820.000            ,1820.000            ,1820.000            ,2275.000            ,0.791,0.791,0.784,0.781,0.703,0.701,0.578,0.57,15.041,4806.0,14028.0,20.165,162.0,49.59
2026-07-08 05:48:29,55.0,70.000              ,765.035,476.0,1200.0,0.0,55.0,55.000              ,55.0,55.0,55.0,55.0,55.0,55.0,55.0,56.671              ,31.043              ,51.816              ,38.323              ,62.913              ,21.185              ,49.401              ,19.013              ,41.295              ,2140.000            ,2140.000            ,1783.333            ,1783.333            ,2140.000            ,2140.000            ,1783.333            ,1783.333            ,2140.000            ,0.759,0.759,0.713,0.715,0.735,0.736,0.586,0.586,15.294,4802.0,14005.0,23.041,163.0,43.4
2026-07-08 05:48:30,54.0,70.000              ,765.035,200.0,1200.0,0.0,54.875,54.875              ,54.875,54.875,54.875,54.875,54.875,54.875,54.875,34.875              ,26.716              ,48.244              ,28.387              ,55.657              ,10.082              ,55.000              ,13.947              ,34.114              ,1700.000            ,1700.000            ,2040.000            ,2040.000            ,2060.000            ,2060.000            ,1716.667            ,1716.667            ,2060.000            ,0.595,0.595,0.718,0.725,0.662,0.661,0.689,0.689,14.845,4799.0,14004.0,26.012,164.0,38.44
2026-07-08 05:48:31,54.0,69.000              ,765.035,393.0,1200.0,0.0,54.875,54.875              ,54.875,54.875,54.875,54.875,54.875,54.875,54.875,45.132              ,34.517              ,44.393              ,57.551              ,56.458              ,20.772              ,60.601              ,32.562              ,43.998              ,1733.333            ,1733.333            ,2080.000            ,2080.000            ,1733.333            ,1733.333            ,2080.000            ,2080.000            ,2080.000            ,0.614,0.614,0.838,0.831,0.628,0.628,0.723,0.723,15.288,4818.0,14004.0,27.573,165.0,36.27
2026-07-08 05:48:32,54.0,68.000              ,765.027,352.0,1200.0,0.0,54.875,54.875              ,54.875,54.875,54.875,54.875,54.875,54.875,54.875,47.677              ,37.064              ,59.329              ,48.975              ,65.142              ,26.384              ,57.826              ,45.009              ,48.426              ,1633.333            ,1633.333            ,1960.000            ,1960.000            ,1633.333            ,1633.333            ,1633.333            ,1616.667            ,1960.000            ,0.607,0.607,0.762,0.762,0.662,0.662,0.723,0.724,15.027,4844.0,14009.0,24.453,166.0,40.89
2026-07-08 05:48:33,54.0,73.000              ,769.066,200.0,1200.0,0.0,54.875,54.875              ,54.875,54.875,54.875,54.875,54.875,54.875,54.875,83.337              ,80.889              ,83.549              ,83.480              ,82.732              ,77.732              ,92.950              ,93.972              ,84.830              ,1500.000            ,1500.000            ,1500.000            ,1500.000            ,1500.000            ,1500.000            ,1750.000            ,1750.000            ,1750.000            ,0.74,0.74,0.771,0.771,0.737,0.737,0.88,0.88,15.445,4896.0,14014.0,30.009,167.0,33.32
2026-07-08 05:48:34,54.0,81.000              ,769.066,200.0,1200.0,0.0,54.875,54.875              ,54.875,54.875,54.875,54.875,54.875,54.875,54.875,79.429              ,74.934              ,79.636              ,78.862              ,81.613              ,76.759              ,94.017              ,95.077              ,82.541              ,1400.000            ,1400.000            ,1400.000            ,1400.000            ,1400.000            ,1400.000            ,1400.000            ,1400.000            ,1400.000            ,0.732,0.732,0.742,0.742,0.786,0.786,0.915,0.914,15.123,4904.0,14011.0,35.499,168.0,28.17
2026-07-08 05:48:35,54.0,84.000              ,769.082,200.0,1200.0,0.0,54.875,54.875              ,54.875,54.875,54.875,54.875,54.875,54.875,54.875,76.857              ,73.606              ,76.880              ,72.416              ,76.449              ,73.906              ,93.995              ,94.412              ,79.815              ,1400.000            ,1400.000            ,1400.000            ,1400.000            ,1400.000            ,1400.000            ,1400.000            ,1400.000            ,1400.000            ,0.746,0.736,0.741,0.741,0.774,0.774,0.942,0.944,15.222,4920.0,14014.0,31.404,169.0,31.84
2026-07-08 05:48:36,54.0,85.000              ,769.16,200.0,1200.0,0.0,54.875,54.875              ,54.875,54.875,54.875,54.875,54.875,54.875,54.875,74.454              ,68.609              ,73.043              ,74.951              ,75.954              ,65.263              ,90.968              ,91.647              ,76.861              ,1400.000            ,1400.000            ,1400.000            ,1400.000            ,1400.000            ,1400.000            ,1400.000            ,1400.000            ,1400.000            ,0.702,0.712,0.75,0.752,0.739,0.74,0.912,0.911,15.214,4922.0,14010.0,30.701,170.0,32.57
2026-07-08 05:48:37,54.0,89.000              ,769.168,200.0,1200.0,0.0,54.875,54.875              ,54.875,54.875,54.875,54.875,54.875,54.875,54.875,66.118              ,53.285              ,58.794              ,69.379              ,69.454              ,53.480              ,87.112              ,86.783              ,68.051              ,1400.000            ,1400.000            ,1400.000            ,1400.000            ,1400.000            ,1400.000            ,1400.000            ,1400.000            ,1400.000            ,0.645,0.644,0.68,0.677,0.686,0.685,0.896,0.896,15.047,4928.0,14011.0,30.038,171.0,33.29
2026-07-08 05:48:38,54.0,92.000              ,769.168,200.0,1200.0,0.0,54.875,54.875              ,54.875,54.875,54.875,54.875,54.875,54.875,54.875,75.427              ,62.023              ,68.782              ,61.487              ,63.476              ,77.609              ,63.578              ,47.010              ,64.924              ,1400.000            ,1400.000            ,1400.000            ,1400.000            ,1400.000            ,1400.000            ,1400.000            ,1400.000            ,1400.000            ,0.75,0.75,0.694,0.696,0.836,0.836,0.628,0.628,15.034,4947.0,14011.0,32.394,172.0,30.87
2026-07-08 05:48:39,54.0,92.000              ,772.098,315.0,1200.0,0.0,54.75,54.750              ,54.75,54.75,54.75,54.75,54.75,54.75,54.75,58.364              ,42.701              ,55.110              ,37.931              ,50.814              ,52.490              ,56.268              ,22.528              ,47.026              ,1400.000            ,1400.000            ,1400.000            ,1400.000            ,1400.000            ,1400.000            ,1400.000            ,1400.000            ,1400.000            ,0.61,0.611,0.544,0.542,0.66,0.66,0.509,0.51,13.973,4948.0,14012.0,30.14,173.0,33.18
2026-07-08 05:48:40,54.0,89.000              ,772.031,469.0,1200.0,0.0,54.625,54.625              ,54.625,54.625,54.625,54.625,54.625,54.625,54.625,35.254              ,28.815              ,54.773              ,36.423              ,47.387              ,19.706              ,56.204              ,11.005              ,36.196              ,1483.333            ,1483.333            ,1780.000            ,1780.000            ,1483.333            ,1483.333            ,1483.333            ,1483.333            ,1780.000            ,0.552,0.552,0.767,0.767,0.612,0.612,0.578,0.577,14.706,4949.0,14011.0,23.117,174.0,43.26
2026-07-08 05:48:41,54.0,78.000              ,772.035,469.0,1200.0,0.0,54.625,54.625              ,54.625,54.625,54.625,54.625,54.625,54.625,54.625,36.129              ,27.375              ,69.525              ,29.398              ,49.466              ,21.650              ,42.824              ,11.764              ,36.016              ,1816.667            ,1816.667            ,2180.000            ,2180.000            ,1816.667            ,1816.667            ,1816.667            ,1816.667            ,2180.000            ,0.63,0.629,0.922,0.922,0.694,0.695,0.538,0.538,14.982,4953.0,14011.0,21.792,175.0,45.89
2026-07-08 05:48:42,54.0,70.000              ,765.023,476.0,1200.0,0.0,54.625,54.625              ,54.625,54.625,54.625,54.625,54.625,54.625,54.625,39.287              ,27.138              ,66.612              ,24.613              ,51.665              ,18.872              ,54.763              ,12.966              ,36.990              ,1780.000            ,1780.000            ,2200.000            ,2200.000            ,1780.000            ,1780.000            ,1780.000            ,1780.000            ,2200.000            ,0.614,0.614,0.8,0.8,0.681,0.679,0.622,0.622,14.995,4955.0,14005.0,20.237,176.0,49.41
2026-07-08 05:48:43,54.0,69.000              ,763.773,435.0,1200.0,0.0,54.625,54.625              ,54.625,54.625,54.625,54.625,54.625,54.625,54.625,38.727              ,33.524              ,50.631              ,43.443              ,49.925              ,21.244              ,53.970              ,18.194              ,38.707              ,1750.000            ,1750.000            ,2100.000            ,2100.000            ,1750.000            ,1750.000            ,1750.000            ,1750.000            ,2100.000            ,0.634,0.634,0.836,0.838,0.666,0.666,0.654,0.654,15.211,4954.0,14007.0,26.155,177.0,38.23
2026-07-08 05:48:44,54.0,71.000              ,755.246,469.0,1200.0,0.0,54.625,54.625              ,54.625,54.625,54.625,54.625,54.625,54.625,54.625,46.975              ,24.366              ,57.992              ,28.243              ,58.144              ,17.752              ,45.542              ,11.710              ,36.340              ,1683.333            ,1683.333            ,2020.000            ,2020.000            ,1683.333            ,1683.333            ,1683.333            ,1683.333            ,2020.000            ,0.694,0.694,0.786,0.784,0.711,0.712,0.566,0.566,14.878,4954.0,14000.0,24.534,178.0,40.76
2026-07-08 05:48:45,54.0,71.000              ,755.258,420.0,1200.0,0.0,54.625,54.625              ,54.625,54.625,54.625,54.625,54.625,54.625,54.625,35.800              ,25.578              ,37.933              ,38.250              ,50.831              ,11.475              ,47.209              ,8.511               ,31.948              ,1820.000            ,1820.000            ,2275.000            ,2275.000            ,1820.000            ,1820.000            ,1800.000            ,1800.000            ,2275.000            ,0.63,0.63,0.843,0.843,0.664,0.665,0.616,0.616,15.131,4954.0,13993.0,24.193,179.0,41.33
2026-07-08 05:48:46,54.0,70.000              ,755.23,400.0,1200.0,0.0,54.625,54.625              ,54.625,54.625,54.625,54.625,54.625,54.625,54.625,35.769              ,29.743              ,55.404              ,33.712              ,59.853              ,12.122              ,44.583              ,10.704              ,35.236              ,1780.000            ,1780.000            ,2225.000            ,2250.000            ,1800.000            ,1800.000            ,1800.000            ,1800.000            ,2250.000            ,0.641,0.642,0.867,0.867,0.734,0.732,0.6,0.601,15.109,4955.0,13992.0,24.953,180.0,40.08
2026-07-08 05:48:47,54.0,70.000              ,755.25,484.0,1200.0,0.0,54.625,54.625              ,54.625,54.625,54.625,54.625,54.625,54.625,54.625,33.332              ,28.990              ,39.241              ,28.660              ,56.203              ,13.419              ,40.884              ,11.591              ,31.540              ,1780.000            ,1780.000            ,2225.000            ,2225.000            ,1780.000            ,1780.000            ,1780.000            ,1780.000            ,2225.000            ,0.62,0.618,0.712,0.712,0.761,0.761,0.577,0.576,15.112,4959.0,13982.0,24.937,181.0,40.1
2026-07-08 05:48:48,54.0,70.000              ,754.25,450.0,1200.0,0.0,54.625,54.625              ,54.625,54.625,54.625,54.625,54.625,54.625,54.625,34.143              ,33.145              ,34.170              ,49.158              ,50.745              ,11.682              ,44.505              ,9.179               ,33.341              ,1800.000            ,1800.000            ,2250.000            ,2250.000            ,2250.000            ,2250.000            ,1800.000            ,1800.000            ,2250.000            ,0.64,0.64,0.874,0.874,0.652,0.652,0.554,0.555,14.919,4960.0,13982.0,24.845,182.0,40.25
2026-07-08 05:48:49,54.0,70.000              ,754.25,381.0,1200.0,0.0,54.625,54.625              ,54.625,54.625,54.625,54.625,54.625,54.625,54.625,37.853              ,27.325              ,45.714              ,27.761              ,61.848              ,11.449              ,46.900              ,12.597              ,33.931              ,1800.000            ,1800.000            ,1800.000            ,1800.000            ,2250.000            ,2250.000            ,1800.000            ,1800.000            ,2250.000            ,0.666,0.67,0.736,0.738,0.813,0.81,0.639,0.639,14.994,4963.0,13981.0,24.071,183.0,41.54
2026-07-08 05:48:50,54.0,70.000              ,754.25,200.0,1200.0,0.0,54.625,54.625              ,54.625,54.625,54.625,54.625,54.625,54.625,54.625,34.744              ,31.065              ,43.907              ,35.388              ,53.872              ,11.157              ,48.511              ,9.811               ,33.557              ,1820.000            ,1820.000            ,2275.000            ,2275.000            ,1820.000            ,1820.000            ,1800.000            ,1800.000            ,2275.000            ,0.678,0.675,0.851,0.85,0.718,0.719,0.64,0.64,15.156,4964.0,13980.0,22.021,184.0,45.41
2026-07-08 05:48:51,54.0,69.000              ,754.254,406.0,1200.0,0.0,54.5,54.500              ,54.5,54.5,54.5,54.5,54.5,54.5,54.5,32.702              ,36.479              ,55.130              ,27.618              ,60.172              ,15.879              ,52.200              ,15.705              ,36.986              ,1733.333            ,1733.333            ,2080.000            ,2080.000            ,2080.000            ,2080.000            ,1733.333            ,1733.333            ,2080.000            ,0.595,0.597,0.696,0.698,0.711,0.711,0.661,0.66,15.188,4964.0,13982.0,25.622,185.0,39.03
2026-07-08 05:48:52,54.0,69.000              ,754.246,435.0,1200.0,0.0,54.5,54.500              ,54.5,54.5,54.5,54.5,54.5,54.5,54.5,33.885              ,34.199              ,59.757              ,28.072              ,46.070              ,15.050              ,46.506              ,9.900               ,34.180              ,1700.000            ,1700.000            ,2040.000            ,2040.000            ,1700.000            ,1700.000            ,1700.000            ,1700.000            ,2040.000            ,0.614,0.611,0.83,0.828,0.622,0.629,0.584,0.584,14.863,4964.0,13982.0,23.711,186.0,42.17
2026-07-08 05:48:53,54.0,70.000              ,754.242,370.0,1200.0,0.0,54.5,54.500              ,54.5,54.5,54.5,54.5,54.5,54.5,54.5,35.185              ,32.488              ,57.568              ,29.519              ,48.754              ,20.203              ,51.405              ,13.407              ,36.066              ,1783.333            ,2160.000            ,2160.000            ,2160.000            ,1800.000            ,1800.000            ,1800.000            ,1800.000            ,2160.000            ,0.663,0.663,0.875,0.875,0.726,0.718,0.647,0.647,15.058,4969.0,13981.0,24.564,187.0,40.71
2026-07-08 05:48:54,54.0,69.000              ,754.242,375.0,1200.0,0.0,54.5,54.500              ,54.5,54.5,54.5,54.5,54.5,54.5,54.5,36.773              ,24.938              ,54.847              ,30.135              ,54.853              ,12.878              ,56.807              ,11.298              ,35.316              ,1800.000            ,1816.667            ,2160.000            ,2160.000            ,1800.000            ,1800.000            ,1800.000            ,1800.000            ,2160.000            ,0.646,0.646,0.855,0.855,0.723,0.723,0.706,0.706,14.985,4972.0,13981.0,21.297,188.0,46.95
2026-07-08 05:48:55,54.0,69.000              ,754.246,461.0,1200.0,0.0,54.5,54.500              ,54.5,54.5,54.5,54.5,54.5,54.5,54.5,35.759              ,28.187              ,53.652              ,23.130              ,63.686              ,15.865              ,50.467              ,11.168              ,35.239              ,1860.000            ,1860.000            ,2325.000            ,2325.000            ,1860.000            ,1860.000            ,1860.000            ,1860.000            ,2325.000            ,0.675,0.675,0.755,0.755,0.897,0.899,0.643,0.643,14.938,4972.0,13981.0,19.511,189.0,51.25
2026-07-08 05:48:56,54.0,69.000              ,754.563,200.0,1200.0,0.0,54.5,54.500              ,54.5,54.5,54.5,54.5,54.5,54.5,54.5,44.069              ,33.885              ,43.462              ,39.832              ,65.120              ,19.051              ,49.102              ,12.954              ,38.434              ,1780.000            ,1780.000            ,1780.000            ,1780.000            ,2225.000            ,2225.000            ,1780.000            ,1780.000            ,2225.000            ,0.708,0.708,0.708,0.709,0.848,0.846,0.598,0.598,15.331,4972.0,13980.0,28.577,190.0,34.99
2026-07-08 05:48:57,54.0,70.000              ,748.555,484.0,1200.0,0.0,54.5,54.500              ,54.5,54.5,54.5,54.5,54.5,54.5,54.5,44.991              ,33.846              ,45.915              ,45.956              ,66.422              ,16.548              ,51.753              ,16.048              ,40.185              ,2160.000            ,2160.000            ,2160.000            ,2140.000            ,2140.000            ,2140.000            ,1783.333            ,1783.333            ,2160.000            ,0.7,0.7,0.807,0.807,0.798,0.787,0.608,0.608,14.958,4972.0,13978.0,21.055,191.0,47.49
2026-07-08 05:48:58,54.0,71.000              ,754.555,200.0,1200.0,0.0,54.5,54.500              ,54.5,54.5,54.5,54.5,54.5,54.5,54.5,41.852              ,32.992              ,45.269              ,41.238              ,60.260              ,13.502              ,46.448              ,11.744              ,36.663              ,2040.000            ,2040.000            ,2040.000            ,2040.000            ,1716.667            ,1716.667            ,1716.667            ,1716.667            ,2040.000            ,0.678,0.678,0.816,0.815,0.692,0.702,0.574,0.575,15.1,4979.0,13982.0,23.676,192.0,42.24
2026-07-08 05:48:59,54.0,70.000              ,770.082,435.0,1200.0,0.0,54.5,54.500              ,54.5,54.5,54.5,54.5,54.5,54.5,54.5,44.123              ,33.765              ,41.925              ,50.778              ,60.014              ,16.738              ,52.470              ,13.142              ,39.119              ,1800.000            ,1783.333            ,2140.000            ,2140.000            ,1783.333            ,1783.333            ,1783.333            ,1783.333            ,2140.000            ,0.685,0.685,0.815,0.822,0.711,0.711,0.618,0.617,15.002,4984.0,14009.0,25.02,193.0,39.97
2026-07-08 05:49:00,54.0,69.000              ,770.039,442.0,1200.0,0.0,54.5,54.500              ,54.5,54.5,54.5,54.5,54.5,54.5,54.5,48.066              ,27.263              ,51.605              ,27.015              ,47.323              ,18.476              ,56.515              ,7.981               ,35.530              ,1783.333            ,1783.333            ,1783.333            ,1783.333            ,2140.000            ,2140.000            ,1783.333            ,1783.333            ,2140.000            ,0.731,0.731,0.704,0.698,0.654,0.654,0.644,0.644,14.946,4992.0,14009.0,24.225,194.0,41.28
2026-07-08 05:49:01,54.0,71.000              ,771.297,426.0,1200.0,0.0,54.5,54.500              ,54.5,54.5,54.5,54.5,54.5,54.5,54.5,39.312              ,25.533              ,51.977              ,34.230              ,47.289              ,20.566              ,43.400              ,11.143              ,34.181              ,1816.667            ,1816.667            ,2180.000            ,2180.000            ,1816.667            ,1816.667            ,1816.667            ,1816.667            ,2180.000            ,0.643,0.647,0.883,0.869,0.691,0.691,0.561,0.561,14.966,4994.0,14009.0,26.2,195.0,38.17
2026-07-08 05:49:02,54.0,70.000              ,771.297,381.0,1200.0,0.0,54.5,54.500              ,54.5,54.5,54.5,54.5,54.5,54.5,54.5,35.486              ,26.520              ,59.108              ,29.670              ,47.987              ,14.972              ,53.129              ,11.022              ,34.737              ,1800.000            ,1800.000            ,2275.000            ,2275.000            ,1820.000            ,1820.000            ,1820.000            ,1820.000            ,2275.000            ,0.648,0.645,0.888,0.902,0.696,0.696,0.649,0.649,15.168,4994.0,14009.0,24.33,196.0,41.1
2026-07-08 05:49:03,54.0,69.000              ,771.301,200.0,1200.0,0.0,54.5,54.500              ,54.5,54.5,54.5,54.5,54.5,54.5,54.5,41.932              ,26.982              ,57.316              ,30.468              ,52.587              ,19.796              ,50.221              ,11.659              ,36.370              ,1816.667            ,1816.667            ,2180.000            ,2180.000            ,1816.667            ,1816.667            ,1816.667            ,1816.667            ,2180.000            ,0.692,0.692,0.833,0.833,0.749,0.749,0.615,0.615,15.065,4994.0,14009.0,22.102,197.0,45.24
2026-07-08 05:49:04,54.0,69.000              ,771.297,484.0,1200.0,0.0,54.375,54.375              ,54.375,54.375,54.375,54.375,54.375,54.375,54.375,39.481              ,25.604              ,64.919              ,23.942              ,42.715              ,17.383              ,49.178              ,10.800              ,34.253              ,1780.000            ,1780.000            ,2225.000            ,2225.000            ,1780.000            ,1780.000            ,1780.000            ,1780.000            ,2225.000            ,0.644,0.644,0.842,0.846,0.655,0.655,0.624,0.627,15.099,4993.0,14009.0,25.654,198.0,38.98
2026-07-08 05:49:05,54.0,69.000              ,771.234,393.0,1200.0,0.0,54.375,54.375              ,54.375,54.375,54.375,54.375,54.375,54.375,54.375,40.787              ,32.986              ,39.703              ,42.696              ,51.734              ,18.921              ,50.861              ,13.315              ,36.375              ,1816.667            ,1816.667            ,2180.000            ,2180.000            ,1760.000            ,1760.000            ,1760.000            ,1760.000            ,2180.000            ,0.67,0.672,0.844,0.839,0.694,0.695,0.617,0.615,15.005,4993.0,14009.0,21.314,199.0,46.92
2026-07-08 05:49:06,54.0,69.000              ,771.238,200.0,1200.0,0.0,54.375,54.375              ,54.375,54.375,54.375,54.375,54.375,54.375,54.375,38.770              ,29.423              ,41.884              ,39.021              ,44.591              ,19.434              ,57.474              ,13.235              ,35.479              ,1750.000            ,1750.000            ,2100.000            ,2100.000            ,1750.000            ,1750.000            ,1733.333            ,1733.333            ,2100.000            ,0.647,0.645,0.785,0.785,0.667,0.666,0.728,0.728,14.982,4993.0,14009.0,24.056,200.0,41.57
2026-07-08 05:49:07,54.0,69.000              ,768.992,435.0,1200.0,0.0,54.375,54.375              ,54.375,54.375,54.375,54.375,54.375,54.375,54.375,34.966              ,30.453              ,45.891              ,36.822              ,46.067              ,12.218              ,51.134              ,8.378               ,33.241              ,1860.000            ,1860.000            ,2300.000            ,2300.000            ,1840.000            ,1840.000            ,1840.000            ,1840.000            ,2300.000            ,0.651,0.653,0.921,0.921,0.657,0.657,0.647,0.647,14.915,4997.0,14007.0,19.679,201.0,50.82
2026-07-08 05:49:08,54.0,69.000              ,768.742,420.0,1200.0,0.0,54.375,54.375              ,54.375,54.375,54.375,54.375,54.375,54.375,54.375,33.466              ,33.112              ,46.957              ,37.357              ,55.107              ,12.935              ,41.268              ,17.319              ,34.690              ,1780.000            ,1780.000            ,1780.000            ,1780.000            ,2225.000            ,2225.000            ,1780.000            ,1780.000            ,2225.000            ,0.646,0.645,0.833,0.833,0.724,0.724,0.6,0.6,15.198,4997.0,14007.0,25.068,202.0,39.89
2026-07-08 05:49:09,54.0,69.000              ,768.738,200.0,1200.0,0.0,54.375,54.375              ,54.375,54.375,54.375,54.375,54.375,54.375,54.375,31.414              ,30.028              ,51.809              ,36.437              ,55.675              ,12.561              ,47.705              ,9.715               ,34.418              ,1820.000            ,1820.000            ,2275.000            ,2275.000            ,1820.000            ,1820.000            ,1820.000            ,1820.000            ,2275.000            ,0.636,0.635,0.944,0.944,0.732,0.733,0.648,0.648,15.05,4997.0,14008.0,23.106,203.0,43.28
2026-07-08 05:49:10,54.0,68.000              ,768.746,400.0,1200.0,0.0,54.375,54.375              ,54.375,54.375,54.375,54.375,54.375,54.375,54.375,38.507              ,27.988              ,57.328              ,26.329              ,52.545              ,16.653              ,56.731              ,11.103              ,35.898              ,1816.667            ,1816.667            ,2160.000            ,2160.000            ,1800.000            ,1800.000            ,1800.000            ,1800.000            ,2160.000            ,0.645,0.645,0.797,0.797,0.686,0.685,0.67,0.67,14.884,5000.0,14006.0,19.605,204.0,51.01
2026-07-08 05:49:11,54.0,69.000              ,768.742,442.0,1200.0,0.0,54.375,54.375              ,54.375,54.375,54.375,54.375,54.375,54.375,54.375,40.727              ,25.457              ,58.452              ,30.862              ,52.864              ,13.752              ,47.351              ,9.466               ,34.866              ,1840.000            ,1840.000            ,2275.000            ,2275.000            ,1820.000            ,1820.000            ,1820.000            ,1820.000            ,2275.000            ,0.696,0.698,0.87,0.87,0.724,0.723,0.598,0.598,15.062,5000.0,14005.0,20.632,205.0,48.47
2026-07-08 05:49:12,54.0,70.000              ,768.371,406.0,1200.0,0.0,54.375,54.375              ,54.375,54.375,54.375,54.375,54.375,54.375,54.375,37.107              ,31.696              ,36.301              ,52.770              ,46.397              ,18.603              ,54.503              ,11.645              ,36.128              ,1816.667            ,1816.667            ,2180.000            ,2180.000            ,1816.667            ,1816.667            ,1816.667            ,1816.667            ,2180.000            ,0.681,0.68,0.98,0.98,0.676,0.676,0.647,0.647,15.195,5003.0,14006.0,27.966,206.0,35.76
2026-07-08 05:49:13,54.0,70.000              ,768.422,381.0,1200.0,0.0,54.375,54.375              ,54.375,54.375,54.375,54.375,54.375,54.375,54.375,37.099              ,29.205              ,46.512              ,35.165              ,43.423              ,24.469              ,57.299              ,8.807               ,35.247              ,1466.667            ,1816.667            ,2180.000            ,2180.000            ,1800.000            ,1800.000            ,1800.000            ,1800.000            ,2180.000            ,0.635,0.638,0.832,0.832,0.707,0.707,0.664,0.664,14.957,5002.0,14006.0,24.134,207.0,41.44
2026-07-08 05:49:14,54.0,71.000              ,768.422,413.0,1200.0,0.0,54.25,54.250              ,54.25,54.25,54.25,54.25,54.25,54.25,54.25,34.317              ,24.619              ,49.786              ,32.610              ,43.342              ,20.465              ,57.073              ,8.923               ,33.892              ,1860.000            ,1860.000            ,2325.000            ,2325.000            ,1860.000            ,1860.000            ,1860.000            ,1860.000            ,2325.000            ,0.64,0.637,0.865,0.865,0.702,0.703,0.685,0.685,14.881,5001.0,14006.0,21.29,208.0,46.97
2026-07-08 05:49:15,54.0,71.000              ,768.797,413.0,1200.0,0.0,54.25,54.250              ,54.25,54.25,54.25,54.25,54.25,54.25,54.25,39.659              ,23.417              ,48.759              ,33.243              ,47.534              ,24.291              ,47.309              ,12.457              ,34.584              ,1840.000            ,1840.000            ,1840.000            ,1840.000            ,2300.000            ,2300.000            ,2275.000            ,2275.000            ,2300.000            ,0.656,0.656,0.915,0.916,0.815,0.814,0.648,0.648,15.073,5004.0,14006.0,25.648,209.0,38.99
2026-07-08 05:49:16,54.0,71.000              ,768.797,375.0,1200.0,0.0,54.25,54.250              ,54.25,54.25,54.25,54.25,54.25,54.25,54.25,36.193              ,21.569              ,48.278              ,30.355              ,59.281              ,14.685              ,48.481              ,6.795               ,33.205              ,1880.000            ,1880.000            ,2350.000            ,2350.000            ,1880.000            ,1880.000            ,1880.000            ,1880.000            ,2350.000            ,0.652,0.652,0.811,0.81,0.825,0.826,0.599,0.599,15.085,5004.0,14005.0,19.122,210.0,52.3
2026-07-08 05:49:17,54.0,70.000              ,768.797,428.0,1200.0,0.0,54.25,54.250              ,54.25,54.25,54.25,54.25,54.25,54.25,54.25,38.120              ,23.019              ,50.126              ,28.626              ,60.113              ,13.229              ,51.956              ,7.870               ,34.132              ,1783.333            ,1783.333            ,1783.333            ,1783.333            ,2140.000            ,2140.000            ,1783.333            ,1783.333            ,2140.000            ,0.608,0.608,0.727,0.727,0.75,0.752,0.58,0.581,15.07,5004.0,14004.0,25.902,211.0,38.61
2026-07-08 05:49:18,54.0,69.000              ,768.797,492.0,1200.0,0.0,54.25,54.250              ,54.25,54.25,54.25,54.25,54.25,54.25,54.25,44.298              ,32.335              ,56.202              ,35.993              ,54.307              ,20.976              ,59.020              ,17.604              ,40.092              ,1760.000            ,1760.000            ,2200.000            ,2200.000            ,1760.000            ,1760.000            ,1760.000            ,1760.000            ,2200.000            ,0.646,0.648,0.869,0.869,0.729,0.726,0.713,0.704,15.102,5004.0,14007.0,19.947,212.0,50.13
2026-07-08 05:49:19,54.0,70.000              ,769.395,358.0,1200.0,0.0,54.25,54.250              ,54.25,54.25,54.25,54.25,54.25,54.25,54.25,56.336              ,52.547              ,62.408              ,67.919              ,67.544              ,41.922              ,67.338              ,37.622              ,56.705              ,1516.667            ,1516.667            ,1800.000            ,1800.000            ,1800.000            ,1800.000            ,1780.000            ,1780.000            ,1800.000            ,0.605,0.606,0.808,0.808,0.67,0.67,0.656,0.662,15.366,5019.0,14010.0,25.397,213.0,39.37
2026-07-08 05:49:20,54.0,76.000              ,769.395,406.0,1200.0,0.0,54.25,54.250              ,54.25,54.25,54.25,54.25,54.25,54.25,54.25,34.364              ,29.426              ,47.859              ,33.985              ,52.455              ,14.618              ,59.654              ,10.070              ,35.304              ,1616.667            ,1616.667            ,1940.000            ,1940.000            ,1616.667            ,1616.667            ,1616.667            ,1616.667            ,1940.000            ,0.568,0.565,0.699,0.7,0.642,0.642,0.671,0.673,14.493,5022.0,14009.0,25.225,214.0,39.64
2026-07-08 05:49:21,54.0,75.000              ,769.395,413.0,1200.0,0.0,54.25,54.250              ,54.25,54.25,54.25,54.25,54.25,54.25,54.25,36.754              ,26.417              ,59.867              ,26.662              ,65.589              ,11.520              ,49.388              ,14.934              ,36.391              ,1760.000            ,1760.000            ,2200.000            ,2200.000            ,1760.000            ,1760.000            ,1760.000            ,1760.000            ,2200.000            ,0.627,0.627,0.797,0.796,0.793,0.793,0.65,0.648,15.264,5021.0,14008.0,25.972,215.0,38.5
2026-07-08 05:49:22,54.0,69.000              ,769.395,500.0,1200.0,0.0,54.25,54.250              ,54.25,54.25,54.25,54.25,54.25,54.25,54.25,29.879              ,28.342              ,46.266              ,28.253              ,59.291              ,9.076               ,41.595              ,12.894              ,31.949              ,1780.000            ,1780.000            ,2225.000            ,2225.000            ,1780.000            ,1780.000            ,1780.000            ,1780.000            ,2225.000            ,0.58,0.58,0.751,0.751,0.743,0.745,0.597,0.597,14.911,5020.0,14008.0,26.777,216.0,37.35
2026-07-08 05:49:23,54.0,69.000              ,764.887,352.0,1200.0,0.0,54.25,54.250              ,54.25,54.25,54.25,54.25,54.25,54.25,54.25,38.263              ,27.070              ,41.856              ,28.387              ,58.329              ,6.546               ,45.884              ,10.523              ,32.107              ,1820.000            ,1820.000            ,2275.000            ,2275.000            ,1820.000            ,1820.000            ,1820.000            ,1820.000            ,2275.000            ,0.701,0.691,0.765,0.765,0.758,0.756,0.691,0.691,15.044,5020.0,14007.0,20.785,217.0,48.11
2026-07-08 05:49:24,54.0,69.000              ,764.891,420.0,1200.0,0.0,54.25,54.250              ,54.25,54.25,54.25,54.25,54.25,54.25,54.25,37.996              ,34.235              ,52.720              ,31.362              ,62.217              ,20.088              ,42.054              ,19.417              ,37.511              ,1800.000            ,1800.000            ,2250.000            ,2250.000            ,1780.000            ,1780.000            ,1780.000            ,1780.000            ,2250.000            ,0.678,0.689,0.754,0.748,0.865,0.865,0.623,0.627,15.073,5020.0,14006.0,25.734,218.0,38.86
2026-07-08 05:49:25,54.0,68.000              ,765.27,420.0,1200.0,0.0,54.25,54.250              ,54.25,54.25,54.25,54.25,54.25,54.25,54.25,33.103              ,32.324              ,51.227              ,37.805              ,55.954              ,20.213              ,45.710              ,15.220              ,36.445              ,1816.667            ,1816.667            ,2160.000            ,2160.000            ,2160.000            ,2160.000            ,1800.000            ,1800.000            ,2160.000            ,0.631,0.63,0.859,0.868,0.756,0.756,0.627,0.623,14.965,5019.0,14007.0,19.588,219.0,51.05
2026-07-08 05:49:26,54.0,68.000              ,766.773,200.0,1200.0,0.0,54.25,54.250              ,54.25,54.25,54.25,54.25,54.25,54.25,54.25,31.829              ,24.613              ,35.073              ,33.957              ,62.373              ,12.455              ,52.022              ,8.568               ,32.611              ,1900.000            ,1900.000            ,1900.000            ,1900.000            ,2375.000            ,2375.000            ,1900.000            ,1900.000            ,2375.000            ,0.629,0.645,0.73,0.728,0.899,0.899,0.681,0.681,15.082,5019.0,14007.0,18.21,220.0,54.91
2026-07-08 05:49:27,54.0,68.000              ,766.77,333.0,1200.0,0.0,54.25,54.250              ,54.25,54.25,54.25,54.25,54.25,54.25,54.25,32.713              ,29.628              ,34.444              ,45.358              ,48.389              ,15.288              ,37.454              ,12.237              ,31.939              ,1820.000            ,1820.000            ,1820.000            ,1820.000            ,2275.000            ,2275.000            ,1820.000            ,1820.000            ,2275.000            ,0.667,0.644,0.901,0.906,0.723,0.723,0.586,0.586,14.977,5024.0,14009.0,22.098,221.0,45.25
2026-07-08 05:49:28,54.0,68.000              ,770.121,375.0,1200.0,0.0,54.25,54.250              ,54.25,54.25,54.25,54.25,54.25,54.25,54.25,35.902              ,29.984              ,60.540              ,29.872              ,58.888              ,11.943              ,44.769              ,16.383              ,36.035              ,1800.000            ,1800.000            ,2250.000            ,2275.000            ,1820.000            ,1820.000            ,1820.000            ,1820.000            ,2275.000            ,0.628,0.635,0.874,0.869,0.682,0.683,0.643,0.643,15.171,5021.0,14009.0,23.275,222.0,42.96
2026-07-08 05:49:29,54.0,67.000              ,770.125,200.0,1200.0,0.0,54.25,54.250              ,54.25,54.25,54.25,54.25,54.25,54.25,54.25,36.466              ,27.850              ,58.268              ,25.862              ,49.828              ,18.878              ,52.653              ,11.224              ,35.128              ,1780.000            ,1780.000            ,2225.000            ,2225.000            ,1780.000            ,1780.000            ,1780.000            ,1780.000            ,2225.000            ,0.647,0.649,0.848,0.848,0.701,0.7,0.643,0.643,14.983,5030.0,14009.0,20.731,223.0,48.24
2026-07-08 05:49:30,54.0,68.000              ,770.121,461.0,1200.0,0.0,54.25,54.250              ,54.25,54.25,54.25,54.25,54.25,54.25,54.25,33.092              ,22.728              ,63.900              ,29.032              ,45.787              ,19.033              ,44.593              ,11.193              ,33.670              ,1820.000            ,1820.000            ,2275.000            ,2275.000            ,1820.000            ,1820.000            ,1820.000            ,1820.000            ,2275.000            ,0.633,0.632,0.93,0.93,0.711,0.711,0.599,0.599,14.916,5029.0,14009.0,19.866,224.0,50.34
2026-07-08 05:49:31,54.0,70.000              ,773.266,400.0,1200.0,0.0,54.25,54.250              ,54.25,54.25,54.25,54.25,54.25,54.25,54.25,35.470              ,29.004              ,44.634              ,41.389              ,47.283              ,14.897              ,44.697              ,12.918              ,33.786              ,1860.000            ,1860.000            ,2300.000            ,2300.000            ,1840.000            ,1840.000            ,1840.000            ,1840.000            ,2300.000            ,0.654,0.654,0.946,0.948,0.701,0.702,0.616,0.616,15.189,5028.0,14013.0,28.843,225.0,34.67
2026-07-08 05:49:32,54.0,70.000              ,773.262,364.0,1200.0,0.0,54.375,54.375              ,54.375,54.375,54.375,54.375,54.375,54.375,54.375,42.684              ,28.749              ,42.244              ,37.161              ,46.404              ,17.393              ,54.570              ,11.595              ,35.100              ,1800.000            ,1800.000            ,2250.000            ,2250.000            ,1800.000            ,1800.000            ,1800.000            ,1800.000            ,2250.000            ,0.662,0.662,0.799,0.798,0.664,0.664,0.679,0.681,14.999,5030.0,14013.0,24.972,226.0,40.04
2026-07-08 05:49:33,54.0,69.000              ,772.324,381.0,1200.0,0.0,54.5,54.500              ,54.5,54.5,54.5,54.5,54.5,54.5,54.5,41.889              ,26.333              ,42.990              ,27.453              ,46.551              ,8.152               ,55.633              ,9.725               ,32.341              ,1840.000            ,1840.000            ,2300.000            ,2300.000            ,1840.000            ,1840.000            ,1820.000            ,1820.000            ,2300.000            ,0.711,0.711,0.746,0.746,0.667,0.666,0.777,0.778,15.032,5035.0,14013.0,23.839,227.0,41.95
2026-07-08 05:49:34,54.0,69.000              ,771.324,450.0,1200.0,0.0,54.5,54.500              ,54.5,54.5,54.5,54.5,54.5,54.5,54.5,44.699              ,37.621              ,44.328              ,41.075              ,53.818              ,24.567              ,57.276              ,18.047              ,40.179              ,1800.000            ,1800.000            ,2160.000            ,2160.000            ,1800.000            ,1800.000            ,2160.000            ,2160.000            ,2160.000            ,0.719,0.72,0.749,0.753,0.767,0.767,0.717,0.713,15.228,5034.0,14022.0,23.329,228.0,42.87
2026-07-08 05:49:35,54.0,70.000              ,769.828,420.0,1200.0,0.0,54.75,54.750              ,54.75,54.75,54.75,54.75,54.75,54.75,54.75,54.160              ,47.681              ,65.098              ,60.623              ,66.738              ,31.961              ,64.065              ,28.467              ,52.349              ,1533.333            ,1533.333            ,1840.000            ,1840.000            ,1533.333            ,1533.333            ,1820.000            ,1820.000            ,1840.000            ,0.607,0.598,0.815,0.809,0.654,0.654,0.598,0.598,15.061,5042.0,14015.0,25.62,229.0,39.03
2026-07-08 05:49:36,54.0,73.000              ,774.766,508.0,1200.0,0.0,54.75,54.750              ,54.75,54.75,54.75,54.75,54.75,54.75,54.75,32.633              ,33.287              ,38.947              ,44.540              ,55.165              ,12.069              ,42.645              ,15.825              ,34.389              ,1683.333            ,1683.333            ,2020.000            ,2020.000            ,1683.333            ,1683.333            ,1666.667            ,1666.667            ,2020.000            ,0.558,0.567,0.805,0.805,0.631,0.631,0.522,0.522,14.83,5048.0,14021.0,23.172,230.0,43.16
2026-07-08 05:49:37,54.0,70.000              ,767.996,442.0,1200.0,0.0,54.75,54.750              ,54.75,54.75,54.75,54.75,54.75,54.75,54.75,40.373              ,33.999              ,50.204              ,44.060              ,49.206              ,18.645              ,48.162              ,16.179              ,37.603              ,1766.667            ,1766.667            ,2120.000            ,2120.000            ,1766.667            ,1766.667            ,1766.667            ,1766.667            ,2120.000            ,0.676,0.676,0.898,0.898,0.669,0.669,0.633,0.633,14.896,5044.0,14017.0,23.542,231.0,42.48
2026-07-08 05:49:38,54.0,69.000              ,774.262,450.0,1200.0,0.0,54.75,54.750              ,54.75,54.75,54.75,54.75,54.75,54.75,54.75,42.312              ,30.080              ,45.639              ,47.089              ,46.187              ,12.664              ,49.424              ,9.882               ,35.409              ,1760.000            ,1760.000            ,2200.000            ,2200.000            ,1760.000            ,1760.000            ,1760.000            ,1760.000            ,2200.000            ,0.684,0.683,0.967,0.972,0.646,0.648,0.609,0.609,15.161,5052.0,14027.0,20.719,232.0,48.26
2026-07-08 05:49:39,54.0,72.000              ,777.523,200.0,1200.0,0.0,54.75,54.750              ,54.75,54.75,54.75,54.75,54.75,54.75,54.75,36.459              ,31.291              ,35.114              ,44.199              ,54.785              ,18.422              ,44.607              ,18.650              ,35.441              ,1800.000            ,1800.000            ,2250.000            ,2250.000            ,1800.000            ,1800.000            ,1800.000            ,1800.000            ,2250.000            ,0.64,0.64,0.808,0.803,0.739,0.737,0.606,0.606,15.127,5053.0,14027.0,25.982,233.0,38.49
2026-07-08 05:49:40,54.0,70.000              ,779.039,381.0,1200.0,0.0,54.75,54.750              ,54.75,54.75,54.75,54.75,54.75,54.75,54.75,44.152              ,34.058              ,48.338              ,58.306              ,57.379              ,18.223              ,50.373              ,18.812              ,41.205              ,1700.000            ,1700.000            ,2040.000            ,2020.000            ,1683.333            ,1683.333            ,1683.333            ,1683.333            ,2040.000            ,0.63,0.631,0.912,0.912,0.648,0.648,0.6,0.6,14.88,5052.0,14027.0,22.924,234.0,43.62
2026-07-08 05:49:41,54.0,68.000              ,776.035,413.0,1200.0,0.0,54.75,54.750              ,54.75,54.75,54.75,54.75,54.75,54.75,54.75,48.417              ,31.830              ,54.936              ,45.631              ,49.778              ,19.815              ,49.012              ,12.885              ,39.038              ,1733.333            ,1733.333            ,2080.000            ,2080.000            ,1733.333            ,1733.333            ,1733.333            ,1733.333            ,2080.000            ,0.649,0.653,0.86,0.86,0.65,0.65,0.584,0.584,15.171,5052.0,14025.0,21.206,235.0,47.16
2026-07-08 05:49:42,54.0,68.000              ,774.535,457.0,1200.0,0.0,54.75,54.750              ,54.75,54.75,54.75,54.75,54.75,54.75,54.75,45.274              ,38.645              ,57.448              ,54.037              ,56.863              ,26.769              ,53.102              ,25.181              ,44.665              ,1666.667            ,1666.667            ,2000.000            ,1980.000            ,1650.000            ,1650.000            ,1650.000            ,1650.000            ,2000.000            ,0.634,0.63,0.859,0.859,0.664,0.664,0.607,0.607,14.933,5051.0,14024.0,19.209,236.0,52.06
2026-07-08 05:49:43,54.0,69.000              ,783.227,200.0,1200.0,0.0,54.875,54.875              ,54.875,54.875,54.875,54.875,54.875,54.875,54.875,41.206              ,31.424              ,48.749              ,42.793              ,57.342              ,19.342              ,57.451              ,14.852              ,39.145              ,1716.667            ,1716.667            ,2060.000            ,2080.000            ,1733.333            ,1733.333            ,1733.333            ,1733.333            ,2080.000            ,0.637,0.635,0.825,0.825,0.692,0.693,0.671,0.671,15.157,5058.0,14034.0,27.7,237.0,36.1
2026-07-08 05:49:44,54.0,69.000              ,783.164,435.0,1200.0,0.0,54.875,54.875              ,54.875,54.875,54.875,54.875,54.875,54.875,54.875,36.677              ,30.252              ,40.758              ,41.865              ,49.625              ,16.675              ,50.035              ,12.481              ,34.796              ,1666.667            ,1666.667            ,2000.000            ,2000.000            ,1666.667            ,1666.667            ,1683.333            ,1683.333            ,2000.000            ,0.615,0.615,0.793,0.793,0.656,0.656,0.599,0.599,14.755,5060.0,14033.0,25.027,238.0,39.96
2026-07-08 05:49:45,54.0,68.000              ,783.168,387.0,1200.0,0.0,54.875,54.875              ,54.875,54.875,54.875,54.875,54.875,54.875,54.875,32.254              ,31.702              ,55.056              ,32.809              ,53.116              ,18.423              ,53.896              ,11.819              ,36.134              ,1780.000            ,1780.000            ,2225.000            ,2225.000            ,1780.000            ,1780.000            ,1780.000            ,1780.000            ,2225.000            ,0.601,0.602,0.793,0.794,0.69,0.688,0.629,0.629,15.394,5061.0,14033.0,23.613,239.0,42.35
2026-07-08 05:49:46,55.0,69.000              ,786.18,370.0,1200.0,0.0,55.0,55.000              ,55.0,55.0,55.0,55.0,55.0,55.0,55.0,36.896              ,33.414              ,40.727              ,37.570              ,54.004              ,13.525              ,42.569              ,14.957              ,34.208              ,1600.000            ,1600.000            ,1920.000            ,1920.000            ,1600.000            ,1600.000            ,1600.000            ,1600.000            ,1920.000            ,0.63,0.629,0.764,0.763,0.68,0.68,0.563,0.564,14.672,5061.0,14038.0,26.512,240.0,37.72
2026-07-08 05:49:47,55.0,68.000              ,783.918,381.0,1200.0,0.0,55.0,55.000              ,55.0,55.0,55.0,55.0,55.0,55.0,55.0,42.773              ,26.075              ,39.360              ,41.305              ,47.030              ,14.362              ,51.187              ,12.987              ,34.385              ,1780.000            ,1780.000            ,2225.000            ,2225.000            ,1780.000            ,1780.000            ,1780.000            ,1780.000            ,2225.000            ,0.669,0.671,0.877,0.877,0.662,0.663,0.658,0.657,15.063,5063.0,14037.0,25.023,241.0,39.96
2026-07-08 05:49:48,55.0,68.000              ,785.418,393.0,1200.0,0.0,55.0,55.000              ,55.0,55.0,55.0,55.0,55.0,55.0,55.0,36.574              ,30.376              ,44.773              ,39.234              ,42.359              ,22.354              ,57.868              ,16.467              ,36.251              ,1750.000            ,1750.000            ,2100.000            ,2100.000            ,1750.000            ,1750.000            ,1750.000            ,1750.000            ,2100.000            ,0.619,0.616,0.783,0.783,0.667,0.665,0.713,0.713,15.101,5063.0,14041.0,23.821,242.0,41.98
2026-07-08 05:49:49,55.0,69.000              ,785.43,469.0,1200.0,0.0,55.0,55.000              ,55.0,55.0,55.0,55.0,55.0,55.0,55.0,42.310              ,27.092              ,47.125              ,35.471              ,42.247              ,17.825              ,54.145              ,14.350              ,35.071              ,1800.000            ,1800.000            ,1800.000            ,1820.000            ,1820.000            ,1820.000            ,2275.000            ,2275.000            ,2275.000            ,0.649,0.649,0.822,0.823,0.652,0.653,0.717,0.72,15.074,5062.0,14040.0,19.497,243.0,51.29
2026-07-08 05:49:50,55.0,69.000              ,785.418,413.0,1200.0,0.0,55.0,55.000              ,55.0,55.0,55.0,55.0,55.0,55.0,55.0,36.342              ,29.777              ,38.331              ,55.634              ,51.441              ,13.671              ,40.981              ,17.420              ,35.450              ,1766.667            ,1766.667            ,2140.000            ,2140.000            ,1783.333            ,1783.333            ,1783.333            ,1783.333            ,2140.000            ,0.63,0.63,0.926,0.925,0.642,0.64,0.583,0.578,15.108,5066.0,14039.0,22.385,244.0,44.67
2026-07-08 05:49:51,55.0,69.000              ,785.422,393.0,1200.0,0.0,55.0,55.000              ,55.0,55.0,55.0,55.0,55.0,55.0,55.0,37.696              ,31.341              ,47.801              ,43.658              ,51.805              ,15.357              ,53.233              ,15.189              ,37.010              ,1800.000            ,1800.000            ,2160.000            ,2160.000            ,1783.333            ,1783.333            ,1783.333            ,1783.333            ,2160.000            ,0.621,0.621,0.881,0.884,0.652,0.652,0.661,0.661,14.972,5066.0,14035.0,21.253,245.0,47.05
2026-07-08 05:49:52,55.0,69.000              ,778.402,435.0,1200.0,0.0,55.125,55.125              ,55.125,55.125,55.125,55.125,55.125,55.125,55.125,47.973              ,34.636              ,53.325              ,44.811              ,60.678              ,26.779              ,56.125              ,22.931              ,43.407              ,1800.000            ,1800.000            ,2160.000            ,2160.000            ,1800.000            ,1800.000            ,1816.667            ,1816.667            ,2160.000            ,0.644,0.645,0.799,0.796,0.712,0.714,0.66,0.661,15.134,5086.0,14032.0,27.787,246.0,35.99
2026-07-08 05:49:53,55.0,70.000              ,780.594,400.0,1200.0,0.0,55.125,55.125              ,55.125,55.125,55.125,55.125,55.125,55.125,55.125,51.285              ,33.132              ,55.811              ,46.092              ,62.035              ,26.255              ,57.173              ,22.739              ,44.315              ,1583.333            ,1583.333            ,1900.000            ,1900.000            ,1583.333            ,1583.333            ,1583.333            ,1583.333            ,1900.000            ,0.629,0.628,0.771,0.771,0.658,0.656,0.639,0.638,15.144,5090.0,14032.0,26.87,247.0,37.22
2026-07-08 05:49:54,55.0,69.000              ,773.457,469.0,1200.0,0.0,55.25,55.250              ,55.25,55.25,55.25,55.25,55.25,55.25,55.25,33.472              ,33.788              ,60.455              ,33.913              ,47.131              ,18.210              ,52.414              ,18.851              ,37.279              ,1940.000            ,1940.000            ,1616.667            ,1616.667            ,1616.667            ,1616.667            ,1616.667            ,1600.000            ,1940.000            ,0.59,0.59,0.823,0.827,0.615,0.615,0.629,0.63,14.793,5092.0,14027.0,23.369,248.0,42.79
2026-07-08 05:49:55,55.0,69.000              ,772.207,435.0,1200.0,0.0,55.25,55.250              ,55.25,55.25,55.25,55.25,55.25,55.25,55.25,39.515              ,25.576              ,47.208              ,37.255              ,48.725              ,13.101              ,42.958              ,14.485              ,33.603              ,1780.000            ,1780.000            ,2225.000            ,2225.000            ,1780.000            ,1780.000            ,1780.000            ,1780.000            ,2225.000            ,0.637,0.646,0.849,0.845,0.67,0.67,0.628,0.627,15.104,5091.0,14027.0,26.018,249.0,38.43
2026-07-08 05:49:56,55.0,71.000              ,763.688,364.0,1200.0,0.0,55.25,55.250              ,55.25,55.25,55.25,55.25,55.25,55.25,55.25,37.649              ,30.551              ,44.093              ,45.485              ,46.351              ,18.079              ,56.108              ,17.270              ,36.948              ,1783.333            ,1783.333            ,2140.000            ,2140.000            ,1783.333            ,1783.333            ,1783.333            ,1783.333            ,2140.000            ,0.634,0.627,0.853,0.844,0.655,0.655,0.681,0.681,14.83,5092.0,14016.0,20.967,250.0,47.69
2026-07-08 05:49:57,55.0,71.000              ,764.711,508.0,1200.0,0.0,55.25,55.250              ,55.25,55.25,55.25,55.25,55.25,55.25,55.25,43.561              ,30.794              ,53.181              ,43.430              ,47.451              ,20.420              ,43.511              ,17.264              ,37.452              ,1780.000            ,1780.000            ,2225.000            ,2225.000            ,1780.000            ,1780.000            ,1780.000            ,1780.000            ,2225.000            ,0.677,0.676,0.941,0.953,0.697,0.697,0.616,0.617,15.072,5085.0,14016.0,22.432,251.0,44.58
2026-07-08 05:49:58,55.0,70.000              ,764.711,406.0,1200.0,0.0,55.25,55.250              ,55.25,55.25,55.25,55.25,55.25,55.25,55.25,33.859              ,24.371              ,38.472              ,33.665              ,50.183              ,9.867               ,45.109              ,13.759              ,31.161              ,1760.000            ,1760.000            ,2200.000            ,2200.000            ,1760.000            ,1816.667            ,1816.667            ,1816.667            ,2200.000            ,0.598,0.598,0.773,0.773,0.63,0.631,0.603,0.603,15.171,5093.0,14016.0,25.884,252.0,38.63
2026-07-08 05:49:59,55.0,70.000              ,764.715,200.0,1200.0,0.0,55.25,55.250              ,55.25,55.25,55.25,55.25,55.25,55.25,55.25,41.268              ,32.974              ,51.583              ,37.489              ,59.382              ,19.070              ,50.598              ,16.224              ,38.573              ,1780.000            ,1780.000            ,2225.000            ,2225.000            ,1780.000            ,1780.000            ,1780.000            ,1780.000            ,2225.000            ,0.686,0.686,0.88,0.881,0.764,0.763,0.637,0.636,15.065,5092.0,14013.0,23.534,253.0,42.49
2026-07-08 05:50:00,55.0,69.000              ,765.762,400.0,1200.0,0.0,55.25,55.250              ,55.25,55.25,55.25,55.25,55.25,55.25,55.25,45.631              ,36.742              ,51.994              ,40.382              ,57.280              ,25.372              ,53.344              ,19.426              ,41.271              ,1800.000            ,1800.000            ,2160.000            ,2140.000            ,2140.000            ,2120.000            ,2120.000            ,1766.667            ,2160.000            ,0.659,0.659,0.763,0.762,0.714,0.714,0.649,0.639,14.94,5093.0,14010.0,21.72,254.0,46.04
2026-07-08 05:50:01,55.0,70.000              ,764.328,358.0,1200.0,0.0,55.25,55.250              ,55.25,55.25,55.25,55.25,55.25,55.25,55.25,34.372              ,28.522              ,41.426              ,36.572              ,55.095              ,12.369              ,44.515              ,12.216              ,33.136              ,1766.667            ,1766.667            ,2100.000            ,2100.000            ,1750.000            ,1750.000            ,1766.667            ,1766.667            ,2100.000            ,0.587,0.587,0.754,0.758,0.702,0.702,0.58,0.59,15.001,5093.0,14008.0,23.6,255.0,42.37
2026-07-08 05:50:02,55.0,70.000              ,764.316,461.0,1200.0,0.0,55.25,55.250              ,55.25,55.25,55.25,55.25,55.25,55.25,55.25,28.042              ,32.569              ,58.712              ,41.582              ,52.424              ,14.962              ,47.782              ,14.877              ,36.369              ,1800.000            ,1800.000            ,2160.000            ,2160.000            ,1800.000            ,1800.000            ,1800.000            ,1800.000            ,2160.000            ,0.6,0.6,0.974,0.968,0.674,0.674,0.612,0.612,14.943,5093.0,14007.0,27.427,256.0,36.46
2026-07-08 05:50:03,55.0,70.000              ,764.07,450.0,1200.0,0.0,55.25,55.250              ,55.25,55.25,55.25,55.25,55.25,55.25,55.25,31.466              ,29.571              ,64.967              ,24.100              ,51.187              ,14.990              ,46.947              ,16.375              ,34.950              ,1800.000            ,1800.000            ,2250.000            ,2250.000            ,1820.000            ,1820.000            ,1820.000            ,1820.000            ,2250.000            ,0.609,0.61,0.919,0.919,0.699,0.699,0.641,0.641,15.011,5092.0,14001.0,19.431,257.0,51.46
2026-07-08 05:50:04,55.0,70.000              ,763.816,375.0,1200.0,0.0,55.25,55.250              ,55.25,55.25,55.25,55.25,55.25,55.25,55.25,35.701              ,29.951              ,53.097              ,30.481              ,58.277              ,18.193              ,58.978              ,16.894              ,37.696              ,1760.000            ,1760.000            ,2200.000            ,2200.000            ,1760.000            ,1760.000            ,1760.000            ,1760.000            ,2200.000            ,0.613,0.612,0.796,0.796,0.723,0.723,0.713,0.714,15.227,5092.0,14001.0,21.119,258.0,47.35
2026-07-08 05:50:05,55.0,69.000              ,760.438,387.0,1200.0,0.0,55.25,55.250              ,55.25,55.25,55.25,55.25,55.25,55.25,55.25,36.845              ,30.594              ,51.783              ,49.237              ,55.298              ,10.739              ,47.950              ,13.300              ,36.968              ,1716.667            ,1716.667            ,2060.000            ,2060.000            ,1716.667            ,1716.667            ,1716.667            ,1700.000            ,2060.000            ,0.63,0.63,0.937,0.939,0.659,0.66,0.601,0.599,15.019,5091.0,13998.0,23.792,259.0,42.03
2026-07-08 05:50:06,55.0,68.000              ,760.434,400.0,1200.0,0.0,55.25,55.250              ,55.25,55.25,55.25,55.25,55.25,55.25,55.25,32.507              ,31.276              ,61.224              ,28.741              ,53.429              ,13.285              ,52.349              ,12.780              ,35.699              ,1766.667            ,1766.667            ,2120.000            ,2120.000            ,1766.667            ,1766.667            ,1766.667            ,1766.667            ,2120.000            ,0.608,0.607,0.837,0.835,0.693,0.693,0.648,0.657,14.946,5091.0,13998.0,20.468,260.0,48.86
2026-07-08 05:50:07,55.0,69.000              ,759.188,426.0,1200.0,0.0,55.25,55.250              ,55.25,55.25,55.25,55.25,55.25,55.25,55.25,33.441              ,31.075              ,48.637              ,48.713              ,52.157              ,19.129              ,50.730              ,15.750              ,37.454              ,1760.000            ,1760.000            ,2200.000            ,2200.000            ,1760.000            ,1760.000            ,1760.000            ,1760.000            ,2200.000            ,0.637,0.638,0.985,0.987,0.709,0.708,0.643,0.638,15.249,5091.0,13997.0,25.492,261.0,39.23
2026-07-08 05:50:08,55.0,70.000              ,758.813,381.0,1200.0,0.0,55.25,55.250              ,55.25,55.25,55.25,55.25,55.25,55.25,55.25,40.389              ,26.781              ,51.055              ,34.129              ,50.143              ,27.009              ,53.726              ,16.509              ,37.468              ,1666.667            ,1666.667            ,2000.000            ,2000.000            ,1666.667            ,1650.000            ,1650.000            ,1650.000            ,2000.000            ,0.638,0.629,0.765,0.763,0.751,0.751,0.639,0.636,14.842,5091.0,13994.0,22.344,262.0,44.75
2026-07-08 05:50:09,55.0,69.000              ,758.809,387.0,1200.0,0.0,55.25,55.250              ,55.25,55.25,55.25,55.25,55.25,55.25,55.25,37.763              ,25.608              ,42.271              ,36.138              ,59.906              ,26.725              ,49.703              ,17.361              ,36.934              ,1783.333            ,1783.333            ,2140.000            ,2140.000            ,2140.000            ,2140.000            ,1800.000            ,1800.000            ,2140.000            ,0.596,0.604,0.668,0.668,0.862,0.862,0.637,0.637,14.948,5089.0,13995.0,26.634,263.0,37.55
2026-07-08 05:50:10,55.0,68.000              ,758.82,426.0,1200.0,0.0,55.25,55.250              ,55.25,55.25,55.25,55.25,55.25,55.25,55.25,35.641              ,27.844              ,38.020              ,42.617              ,53.706              ,20.917              ,43.940              ,18.135              ,35.102              ,1766.667            ,1766.667            ,1766.667            ,1766.667            ,2120.000            ,2120.000            ,1783.333            ,1783.333            ,2120.000            ,0.601,0.601,0.765,0.765,0.753,0.753,0.639,0.639,15.198,5089.0,13993.0,25.376,264.0,39.41
2026-07-08 05:50:11,55.0,69.000              ,758.816,500.0,1200.0,0.0,55.25,55.250              ,55.25,55.25,55.25,55.25,55.25,55.25,55.25,36.695              ,24.992              ,52.340              ,32.334              ,57.976              ,21.467              ,54.280              ,15.729              ,36.976              ,1816.667            ,1816.667            ,2180.000            ,2180.000            ,1816.667            ,1800.000            ,1800.000            ,1800.000            ,2180.000            ,0.606,0.606,0.785,0.791,0.819,0.812,0.703,0.703,15.12,5088.0,13993.0,26.119,265.0,38.29
2026-07-08 05:50:12,55.0,70.000              ,758.809,375.0,1200.0,0.0,55.375,55.375              ,55.375,55.375,55.375,55.375,55.375,55.375,55.375,46.408              ,40.553              ,46.571              ,60.314              ,62.014              ,27.318              ,54.710              ,21.084              ,44.872              ,1616.667            ,1600.000            ,1920.000            ,1920.000            ,1600.000            ,1600.000            ,1600.000            ,1600.000            ,1920.000            ,0.634,0.634,0.857,0.852,0.712,0.718,0.577,0.577,14.936,5092.0,13992.0,24.896,266.0,40.17
2026-07-08 05:50:13,55.0,70.000              ,758.559,406.0,1200.0,0.0,55.375,55.375              ,55.375,55.375,55.375,55.375,55.375,55.375,55.375,40.269              ,32.859              ,54.410              ,49.624              ,51.999              ,31.396              ,51.090              ,21.362              ,41.626              ,1633.333            ,1633.333            ,1960.000            ,1960.000            ,1960.000            ,1960.000            ,1633.333            ,1633.333            ,1960.000            ,0.585,0.585,0.852,0.851,0.665,0.665,0.596,0.596,15.271,5099.0,13993.0,24.883,267.0,40.19
2026-07-08 05:50:14,55.0,70.000              ,758.516,413.0,1200.0,0.0,55.375,55.375              ,55.375,55.375,55.375,55.375,55.375,55.375,55.375,42.796              ,26.488              ,44.064              ,36.877              ,53.094              ,25.098              ,53.990              ,15.369              ,37.222              ,1566.667            ,1566.667            ,1566.667            ,1566.667            ,1880.000            ,1880.000            ,1566.667            ,1566.667            ,1880.000            ,0.578,0.579,0.679,0.679,0.694,0.69,0.612,0.612,14.648,5102.0,13992.0,23.753,268.0,42.1
2026-07-08 05:50:15,55.0,71.000              ,758.563,200.0,1200.0,0.0,55.375,55.375              ,55.375,55.375,55.375,55.375,55.375,55.375,55.375,39.048              ,32.143              ,37.130              ,36.145              ,49.777              ,25.862              ,44.912              ,21.800              ,35.852              ,1816.667            ,1816.667            ,1816.667            ,1816.667            ,2180.000            ,2200.000            ,1760.000            ,1760.000            ,2200.000            ,0.659,0.659,0.709,0.709,0.802,0.808,0.657,0.657,15.136,5102.0,13993.0,25.666,269.0,38.96
2026-07-08 05:50:16,55.0,68.000              ,758.559,420.0,1200.0,0.0,55.375,55.375              ,55.375,55.375,55.375,55.375,55.375,55.375,55.375,40.189              ,31.074              ,49.610              ,47.618              ,60.498              ,19.134              ,49.041              ,19.266              ,39.554              ,2120.000            ,2120.000            ,2100.000            ,2100.000            ,1750.000            ,2100.000            ,1750.000            ,1750.000            ,2120.000            ,0.642,0.64,0.88,0.88,0.704,0.704,0.63,0.631,15.025,5101.0,13992.0,23.454,270.0,42.64
2026-07-08 05:50:17,55.0,69.000              ,758.563,375.0,1200.0,0.0,55.375,55.375              ,55.375,55.375,55.375,55.375,55.375,55.375,55.375,44.919              ,19.612              ,55.397              ,31.349              ,61.115              ,12.212              ,44.720              ,11.360              ,35.085              ,1800.000            ,1800.000            ,2160.000            ,2160.000            ,1816.667            ,1816.667            ,1816.667            ,1816.667            ,2160.000            ,0.669,0.669,0.897,0.897,0.731,0.731,0.573,0.572,14.939,5101.0,13992.0,22.503,271.0,44.44
2026-07-08 05:50:18,55.0,70.000              ,760.063,406.0,1200.0,0.0,55.5,55.500              ,55.5,55.5,55.5,55.5,55.5,55.5,55.5,47.067              ,20.114              ,42.165              ,35.851              ,56.334              ,11.243              ,46.403              ,11.002              ,33.772              ,1780.000            ,1780.000            ,2250.000            ,2250.000            ,1800.000            ,1800.000            ,1800.000            ,1800.000            ,2250.000            ,0.709,0.709,0.812,0.813,0.728,0.728,0.619,0.619,14.902,5101.0,13994.0,25.894,272.0,38.62
2026-07-08 05:50:19,55.0,69.000              ,760.059,387.0,1200.0,0.0,55.5,55.500              ,55.5,55.5,55.5,55.5,55.5,55.5,55.5,39.255              ,26.925              ,54.240              ,37.735              ,49.973              ,18.758              ,49.627              ,13.429              ,36.243              ,1800.000            ,1800.000            ,2250.000            ,2250.000            ,1800.000            ,1800.000            ,1800.000            ,1800.000            ,2250.000            ,0.684,0.684,0.88,0.879,0.717,0.717,0.687,0.687,15.186,5101.0,13994.0,19.753,273.0,50.63
2026-07-08 05:50:20,55.0,70.000              ,765.258,442.0,1200.0,0.0,55.5,55.500              ,55.5,55.5,55.5,55.5,55.5,55.5,55.5,39.375              ,31.424              ,50.439              ,48.994              ,51.274              ,16.438              ,48.687              ,23.613              ,38.780              ,1800.000            ,1800.000            ,2160.000            ,2160.000            ,1800.000            ,1800.000            ,2160.000            ,2160.000            ,2160.000            ,0.67,0.67,0.93,0.93,0.661,0.661,0.706,0.706,15.264,5097.0,14003.0,24.037,274.0,41.6
2026-07-08 05:50:21,55.0,72.000              ,765.262,352.0,1200.0,0.0,55.5,55.500              ,55.5,55.5,55.5,55.5,55.5,55.5,55.5,39.249              ,27.504              ,42.528              ,56.137              ,47.983              ,16.715              ,41.728              ,13.904              ,35.718              ,1750.000            ,1750.000            ,2100.000            ,2100.000            ,1750.000            ,1750.000            ,1750.000            ,1750.000            ,2100.000            ,0.626,0.628,1.005,1.005,0.649,0.649,0.559,0.559,14.878,5102.0,14002.0,21.899,275.0,45.66
2026-07-08 05:50:22,55.0,71.000              ,765.266,442.0,1200.0,0.0,55.5,55.500              ,55.5,55.5,55.5,55.5,55.5,55.5,55.5,41.664              ,33.341              ,40.980              ,46.480              ,50.947              ,17.704              ,44.617              ,16.045              ,36.472              ,1816.667            ,1760.000            ,2200.000            ,2200.000            ,1760.000            ,1760.000            ,1760.000            ,1760.000            ,2200.000            ,0.686,0.685,0.932,0.932,0.708,0.708,0.644,0.644,14.942,5102.0,14002.0,26.221,276.0,38.14
2026-07-08 05:50:23,55.0,71.000              ,764.891,200.0,1200.0,0.0,55.5,55.500              ,55.5,55.5,55.5,55.5,55.5,55.5,55.5,38.043              ,27.377              ,49.130              ,42.237              ,63.140              ,15.616              ,58.720              ,18.408              ,39.084              ,1880.000            ,1880.000            ,1880.000            ,1880.000            ,2350.000            ,2350.000            ,1880.000            ,1880.000            ,2350.000            ,0.641,0.641,0.87,0.87,0.789,0.789,0.734,0.734,15.144,5102.0,14003.0,21.836,277.0,45.8
2026-07-08 05:50:24,55.0,71.000              ,764.883,200.0,1200.0,0.0,55.5,55.500              ,55.5,55.5,55.5,55.5,55.5,55.5,55.5,36.864              ,29.511              ,54.726              ,46.837              ,63.667              ,14.868              ,50.377              ,20.930              ,39.723              ,1716.667            ,1716.667            ,2040.000            ,2040.000            ,1700.000            ,1700.000            ,1700.000            ,1700.000            ,2040.000            ,0.615,0.614,0.898,0.898,0.707,0.707,0.652,0.653,15.049,5102.0,14002.0,21.615,278.0,46.26
2026-07-08 05:50:25,55.0,69.000              ,764.879,400.0,1200.0,0.0,55.5,55.500              ,55.5,55.5,55.5,55.5,55.5,55.5,55.5,36.994              ,30.919              ,61.552              ,27.450              ,63.674              ,14.577              ,46.448              ,15.282              ,37.112              ,1800.000            ,1800.000            ,2160.000            ,2160.000            ,1800.000            ,1800.000            ,1800.000            ,1800.000            ,2160.000            ,0.636,0.636,0.862,0.862,0.78,0.78,0.629,0.63,14.839,5102.0,14002.0,23.569,279.0,42.43
2026-07-08 05:50:26,55.0,70.000              ,764.879,381.0,1200.0,0.0,55.5,55.500              ,55.5,55.5,55.5,55.5,55.5,55.5,55.5,41.558              ,31.971              ,49.361              ,38.182              ,62.708              ,20.567              ,51.863              ,21.951              ,39.770              ,1760.000            ,1760.000            ,2200.000            ,2200.000            ,1760.000            ,1760.000            ,1760.000            ,1760.000            ,2200.000            ,0.655,0.657,0.778,0.78,0.774,0.774,0.713,0.711,15.217,5102.0,14002.0,26.054,280.0,38.38
2026-07-08 05:50:27,55.0,71.000              ,764.887,352.0,1200.0,0.0,55.5,55.500              ,55.5,55.5,55.5,55.5,55.5,55.5,55.5,42.992              ,28.368              ,45.974              ,32.135              ,61.613              ,13.326              ,44.905              ,16.114              ,35.678              ,1766.667            ,1766.667            ,2120.000            ,2120.000            ,2120.000            ,2120.000            ,2100.000            ,2100.000            ,2120.000            ,0.677,0.676,0.727,0.725,0.794,0.794,0.66,0.662,14.888,5102.0,14001.0,22.714,281.0,44.03
2026-07-08 05:50:28,55.0,70.000              ,765.332,200.0,1200.0,0.0,55.5,55.500              ,55.5,55.5,55.5,55.5,55.5,55.5,55.5,38.736              ,31.212              ,46.789              ,33.316              ,67.685              ,14.162              ,46.099              ,17.405              ,36.925              ,1860.000            ,1860.000            ,2325.000            ,2325.000            ,1840.000            ,1840.000            ,1840.000            ,1840.000            ,2325.000            ,0.679,0.681,0.741,0.741,0.859,0.859,0.673,0.673,14.971,5102.0,14003.0,23.222,282.0,43.06
2026-07-08 05:50:29,55.0,68.000              ,765.332,450.0,1200.0,0.0,55.5,55.500              ,55.5,55.5,55.5,55.5,55.5,55.5,55.5,37.942              ,33.734              ,42.605              ,34.119              ,57.822              ,17.280              ,50.206              ,24.284              ,37.249              ,1800.000            ,1800.000            ,1800.000            ,1800.000            ,2225.000            ,2225.000            ,1780.000            ,1780.000            ,2225.000            ,0.659,0.657,0.668,0.668,0.776,0.776,0.715,0.713,15.257,5103.0,14003.0,25.006,283.0,39.99
2026-07-08 05:50:30,55.0,68.000              ,765.328,400.0,1200.0,0.0,55.5,55.500              ,55.5,55.5,55.5,55.5,55.5,55.5,55.5,43.358              ,27.183              ,49.282              ,35.277              ,59.339              ,18.809              ,46.320              ,15.867              ,36.929              ,1800.000            ,1800.000            ,1800.000            ,1800.000            ,2160.000            ,2180.000            ,1816.667            ,1816.667            ,2180.000            ,0.638,0.638,0.761,0.763,0.785,0.786,0.622,0.622,14.921,5104.0,14003.0,22.441,284.0,44.56
2026-07-08 05:50:31,55.0,69.000              ,765.324,358.0,1200.0,0.0,55.5,55.500              ,55.5,55.5,55.5,55.5,55.5,55.5,55.5,39.926              ,31.181              ,49.147              ,48.021              ,62.238              ,14.623              ,49.507              ,18.562              ,39.151              ,1766.667            ,1766.667            ,2120.000            ,2120.000            ,1766.667            ,1766.667            ,1766.667            ,1766.667            ,2120.000            ,0.649,0.649,0.861,0.859,0.746,0.747,0.631,0.631,15.011,5106.0,14003.0,21.789,285.0,45.89
2026-07-08 05:50:32,55.0,70.000              ,769.363,375.0,1200.0,0.0,55.5,55.500              ,55.5,55.5,55.5,55.5,55.5,55.5,55.5,45.356              ,33.186              ,53.093              ,38.395              ,50.587              ,25.311              ,54.041              ,16.238              ,39.526              ,1816.667            ,1816.667            ,1816.667            ,1816.667            ,2180.000            ,2160.000            ,1800.000            ,1800.000            ,2180.000            ,0.68,0.682,0.841,0.841,0.756,0.754,0.685,0.687,14.997,5108.0,14010.0,22.783,286.0,43.89
2026-07-08 05:50:33,55.0,69.000              ,769.117,364.0,1200.0,0.0,55.5,55.500              ,55.5,55.5,55.5,55.5,55.5,55.5,55.5,43.062              ,28.859              ,50.862              ,40.459              ,60.290              ,19.269              ,47.929              ,17.795              ,38.566              ,1800.000            ,1800.000            ,2160.000            ,2160.000            ,1800.000            ,1800.000            ,2160.000            ,2160.000            ,2160.000            ,0.691,0.689,0.878,0.878,0.807,0.807,0.661,0.659,15.136,5107.0,14010.0,26.57,287.0,37.64
2026-07-08 05:50:34,55.0,69.000              ,770.375,457.0,1200.0,0.0,55.5,55.500              ,55.5,55.5,55.5,55.5,55.5,55.5,55.5,41.558              ,30.709              ,53.080              ,35.336              ,63.162              ,16.503              ,51.790              ,14.959              ,38.387              ,1816.667            ,1816.667            ,2180.000            ,2160.000            ,2140.000            ,2140.000            ,1783.333            ,1783.333            ,2180.000            ,0.698,0.699,0.792,0.792,0.811,0.812,0.648,0.648,14.974,5108.0,14011.0,23.641,288.0,42.3
2026-07-08 05:50:35,55.0,71.000              ,770.309,420.0,1200.0,0.0,55.5,55.500              ,55.5,55.5,55.5,55.5,55.5,55.5,55.5,39.128              ,34.897              ,39.886              ,54.490              ,54.407              ,21.887              ,49.270              ,18.094              ,39.007              ,1750.000            ,1750.000            ,2100.000            ,2080.000            ,1733.333            ,1733.333            ,1733.333            ,1733.333            ,2100.000            ,0.643,0.643,0.872,0.872,0.699,0.697,0.609,0.609,15.056,5111.0,14010.0,24.417,289.0,40.96
2026-07-08 05:50:36,55.0,72.000              ,770.313,393.0,1200.0,0.0,55.5,55.500              ,55.5,55.5,55.5,55.5,55.5,55.5,55.5,38.614              ,31.676              ,54.795              ,34.894              ,62.316              ,20.941              ,45.571              ,21.207              ,38.752              ,1750.000            ,1750.000            ,2100.000            ,2100.000            ,1750.000            ,1750.000            ,1750.000            ,1750.000            ,2100.000            ,0.643,0.647,0.813,0.813,0.825,0.825,0.664,0.664,15.091,5111.0,14009.0,23.984,290.0,41.69
2026-07-08 05:50:37,55.0,71.000              ,770.313,400.0,1200.0,0.0,55.5,55.500              ,55.5,55.5,55.5,55.5,55.5,55.5,55.5,32.969              ,28.044              ,37.064              ,41.834              ,56.266              ,13.436              ,41.671              ,13.263              ,33.068              ,1800.000            ,1800.000            ,1800.000            ,1800.000            ,2250.000            ,2250.000            ,1800.000            ,1800.000            ,2250.000            ,0.618,0.612,0.843,0.845,0.738,0.738,0.588,0.588,14.921,5111.0,14009.0,24.648,291.0,40.57
2026-07-08 05:50:38,55.0,69.000              ,770.309,344.0,1200.0,0.0,55.5,55.500              ,55.5,55.5,55.5,55.5,55.5,55.5,55.5,41.219              ,31.006              ,58.059              ,39.871              ,47.805              ,19.452              ,50.921              ,16.146              ,38.060              ,1760.000            ,1760.000            ,2200.000            ,2200.000            ,1816.667            ,1816.667            ,1760.000            ,1760.000            ,2200.000            ,0.691,0.691,0.914,0.914,0.696,0.696,0.63,0.631,15.236,5112.0,14010.0,24.753,292.0,40.4
2026-07-08 05:50:39,55.0,68.000              ,771.566,381.0,1200.0,0.0,55.5,55.500              ,55.5,55.5,55.5,55.5,55.5,55.5,55.5,41.788              ,24.573              ,50.298              ,34.636              ,54.859              ,19.641              ,45.506              ,13.922              ,35.653              ,1800.000            ,1800.000            ,2250.000            ,2250.000            ,1800.000            ,1800.000            ,1800.000            ,1800.000            ,2250.000            ,0.628,0.628,0.842,0.84,0.741,0.742,0.593,0.596,15.047,5112.0,14012.0,25.043,293.0,39.93
2026-07-08 05:50:40,55.0,69.000              ,779.172,200.0,1200.0,0.0,55.5,55.500              ,55.5,55.5,55.5,55.5,55.5,55.5,55.5,44.423              ,29.594              ,59.672              ,36.576              ,51.671              ,20.224              ,52.881              ,18.790              ,39.229              ,1716.667            ,1716.667            ,1716.667            ,1716.667            ,2060.000            ,2060.000            ,1716.667            ,1716.667            ,2060.000            ,0.663,0.663,0.856,0.856,0.681,0.681,0.661,0.657,14.871,5114.0,14024.0,24.921,294.0,40.13
2026-07-08 05:50:41,55.0,69.000              ,779.172,381.0,1200.0,0.0,55.5,55.500              ,55.5,55.5,55.5,55.5,55.5,55.5,55.5,43.384              ,31.427              ,54.054              ,36.690              ,55.234              ,12.203              ,52.903              ,19.757              ,38.206              ,1800.000            ,1800.000            ,2250.000            ,2250.000            ,1800.000            ,1800.000            ,1820.000            ,1820.000            ,2250.000            ,0.726,0.726,0.907,0.909,0.714,0.714,0.721,0.725,15.034,5115.0,14025.0,30.628,295.0,32.65
2026-07-08 05:50:42,55.0,70.000              ,779.191,200.0,1200.0,0.0,55.5,55.500              ,55.5,55.5,55.5,55.5,55.5,55.5,55.5,43.010              ,35.610              ,49.405              ,52.285              ,60.028              ,19.932              ,56.896              ,21.901              ,42.384              ,1716.667            ,1716.667            ,2060.000            ,2060.000            ,1733.333            ,1733.333            ,1733.333            ,1733.333            ,2060.000            ,0.636,0.636,0.822,0.82,0.719,0.72,0.705,0.701,15.086,5117.0,14024.0,25.123,296.0,39.8
2026-07-08 05:50:43,55.0,70.000              ,778.93,442.0,1200.0,0.0,55.5,55.500              ,55.5,55.5,55.5,55.5,55.5,55.5,55.5,31.778              ,29.666              ,37.975              ,39.951              ,51.799              ,12.908              ,41.806              ,13.107              ,32.374              ,1816.667            ,1816.667            ,2180.000            ,2180.000            ,1816.667            ,1816.667            ,1800.000            ,1800.000            ,2180.000            ,0.626,0.619,0.859,0.859,0.686,0.685,0.602,0.603,14.911,5116.0,14024.0,23.27,297.0,42.97
2026-07-08 05:50:44,55.0,69.000              ,775.934,442.0,1200.0,0.0,55.5,55.500              ,55.5,55.5,55.5,55.5,55.5,55.5,55.5,43.793              ,34.713              ,57.452              ,38.075              ,56.898              ,27.327              ,52.984              ,23.247              ,41.811              ,1820.000            ,1820.000            ,2275.000            ,2275.000            ,1820.000            ,1820.000            ,1820.000            ,1820.000            ,2275.000            ,0.637,0.643,0.798,0.803,0.746,0.746,0.658,0.657,15.283,5141.0,14026.0,25.842,298.0,38.7
2026-07-08 05:50:45,55.0,70.000              ,777.945,200.0,1200.0,0.0,55.5,55.500              ,55.5,55.5,55.5,55.5,55.5,55.5,55.5,49.130              ,43.387              ,46.091              ,62.679              ,61.784              ,31.782              ,52.112              ,39.282              ,48.281              ,1533.333            ,1533.333            ,1840.000            ,1840.000            ,1533.333            ,1533.333            ,1516.667            ,1533.333            ,1840.000            ,0.628,0.628,0.834,0.83,0.71,0.71,0.638,0.637,15.206,5150.0,14030.0,18.618,299.0,53.71
2026-07-08 05:50:46,55.0,70.000              ,777.301,281.0,1200.0,0.0,55.5,55.500              ,55.5,55.5,55.5,55.5,55.5,55.5,55.5,59.699              ,54.365              ,61.530              ,62.629              ,69.094              ,47.919              ,65.870              ,47.538              ,58.581              ,1500.000            ,1500.000            ,1750.000            ,1750.000            ,1500.000            ,1733.333            ,1485.714            ,1466.667            ,1750.000            ,0.668,0.668,0.752,0.751,0.72,0.72,0.69,0.69,15.167,5182.0,14016.0,33.414,300.0,29.93
2026-07-08 05:50:47,55.0,72.000              ,774.629,469.0,1200.0,0.0,55.5,55.500              ,55.5,55.5,55.5,55.5,55.5,55.5,55.5,59.738              ,37.534              ,58.989              ,47.770              ,66.171              ,30.129              ,54.277              ,32.045              ,48.332              ,1357.143            ,1357.143            ,1566.667            ,1566.667            ,1566.667            ,1566.667            ,1566.667            ,1566.667            ,1566.667            ,0.673,0.673,0.684,0.684,0.686,0.68,0.595,0.595,14.532,5175.0,13986.0,31.976,301.0,31.27
2026-07-08 05:50:48,55.0,69.000              ,774.629,338.0,1200.0,0.0,55.5,55.500              ,55.5,55.5,55.5,55.5,55.5,55.5,55.5,46.700              ,21.548              ,51.492              ,34.592              ,55.168              ,21.647              ,54.174              ,21.045              ,38.296              ,1700.000            ,1700.000            ,2060.000            ,2060.000            ,1716.667            ,1716.667            ,1716.667            ,1716.667            ,2060.000            ,0.64,0.64,0.75,0.75,0.736,0.744,0.677,0.678,15.11,5175.0,13984.0,23.81,302.0,42.0
2026-07-08 05:50:49,55.0,65.000              ,775.004,200.0,1200.0,0.0,55.5,55.500              ,55.5,55.5,55.5,55.5,55.5,55.5,55.5,48.039              ,22.729              ,50.684              ,42.725              ,55.463              ,21.389              ,43.438              ,15.042              ,37.439              ,2080.000            ,2080.000            ,2080.000            ,2080.000            ,1733.333            ,1733.333            ,1733.333            ,1733.333            ,2080.000            ,0.727,0.727,0.889,0.893,0.717,0.717,0.584,0.583,14.893,5174.0,13985.0,21.234,303.0,47.09
2026-07-08 05:50:50,55.0,68.000              ,774.625,200.0,1200.0,0.0,55.5,55.500              ,55.5,55.5,55.5,55.5,55.5,55.5,55.5,43.427              ,21.487              ,47.460              ,34.928              ,62.703              ,13.035              ,50.074              ,11.936              ,35.631              ,1800.000            ,1800.000            ,2250.000            ,2250.000            ,1800.000            ,1800.000            ,1820.000            ,1800.000            ,2250.000            ,0.681,0.681,0.856,0.851,0.819,0.808,0.646,0.646,15.015,5173.0,13982.0,27.571,304.0,36.27
2026-07-08 05:50:51,55.0,68.000              ,774.434,364.0,1200.0,0.0,55.5,55.500              ,55.5,55.5,55.5,55.5,55.5,55.5,55.5,44.656              ,26.427              ,60.910              ,32.783              ,62.170              ,13.436              ,56.348              ,14.139              ,38.859              ,1800.000            ,1800.000            ,2140.000            ,2140.000            ,1783.333            ,1783.333            ,1783.333            ,1783.333            ,2140.000            ,0.707,0.707,0.899,0.9,0.725,0.736,0.685,0.685,15.101,5174.0,13981.0,18.838,305.0,53.08
2026-07-08 05:50:52,55.0,69.000              ,768.418,435.0,1200.0,0.0,55.5,55.500              ,55.5,55.5,55.5,55.5,55.5,55.5,55.5,47.125              ,20.571              ,41.868              ,40.746              ,54.747              ,11.246              ,38.814              ,12.712              ,33.479              ,1820.000            ,1800.000            ,2250.000            ,2225.000            ,1780.000            ,1780.000            ,1780.000            ,1800.000            ,2250.000            ,0.74,0.74,0.915,0.913,0.695,0.694,0.598,0.598,14.991,5171.0,13976.0,28.953,306.0,34.54
2026-07-08 05:50:53,55.0,70.000              ,767.18,200.0,1200.0,0.0,55.5,55.500              ,55.5,55.5,55.5,55.5,55.5,55.5,55.5,36.973              ,25.773              ,55.248              ,31.952              ,58.581              ,15.920              ,43.625              ,12.079              ,35.019              ,1760.000            ,1780.000            ,2225.000            ,2225.000            ,1780.000            ,1780.000            ,1780.000            ,1780.000            ,2225.000            ,0.671,0.671,0.888,0.89,0.771,0.771,0.604,0.604,14.963,5171.0,13976.0,22.216,307.0,45.01
2026-07-08 05:50:54,55.0,69.000              ,767.18,375.0,1200.0,0.0,55.5,55.500              ,55.5,55.5,55.5,55.5,55.5,55.5,55.5,38.162              ,28.844              ,40.359              ,44.913              ,59.729              ,15.385              ,45.633              ,15.595              ,36.078              ,1816.667            ,1816.667            ,2180.000            ,2200.000            ,1760.000            ,1760.000            ,1760.000            ,1760.000            ,2200.000            ,0.657,0.657,0.861,0.859,0.78,0.782,0.652,0.652,15.05,5171.0,13976.0,26.072,308.0,38.36
2026-07-08 05:50:55,55.0,69.000              ,764.16,375.0,1200.0,0.0,55.5,55.500              ,55.5,55.5,55.5,55.5,55.5,55.5,55.5,36.749              ,29.880              ,47.469              ,39.259              ,46.138              ,20.410              ,52.025              ,14.538              ,35.808              ,1760.000            ,1760.000            ,2200.000            ,2200.000            ,1760.000            ,1760.000            ,1760.000            ,1760.000            ,2200.000            ,0.665,0.666,0.862,0.848,0.69,0.69,0.715,0.715,15.005,5171.0,13973.0,24.293,309.0,41.16
2026-07-08 05:50:56,55.0,70.000              ,764.16,406.0,1200.0,0.0,55.5,55.500              ,55.5,55.5,55.5,55.5,55.5,55.5,55.5,31.573              ,33.449              ,55.686              ,39.327              ,44.093              ,23.291              ,44.816              ,18.904              ,36.392              ,1820.000            ,1820.000            ,2275.000            ,2275.000            ,1820.000            ,1820.000            ,1820.000            ,1820.000            ,2275.000            ,0.625,0.625,0.944,0.961,0.683,0.682,0.625,0.625,15.066,5170.0,13971.0,19.117,310.0,52.31
2026-07-08 05:50:57,55.0,70.000              ,764.16,420.0,1200.0,0.0,55.5,55.500              ,55.5,55.5,55.5,55.5,55.5,55.5,55.5,37.096              ,29.800              ,36.687              ,54.930              ,54.605              ,19.586              ,44.685              ,20.499              ,37.236              ,1783.333            ,1783.333            ,2140.000            ,2140.000            ,1783.333            ,1783.333            ,1783.333            ,1783.333            ,2140.000            ,0.591,0.592,0.849,0.848,0.682,0.682,0.606,0.606,15.067,5169.0,13965.0,23.035,311.0,43.41
2026-07-08 05:50:58,55.0,69.000              ,764.16,352.0,1200.0,0.0,55.5,55.500              ,55.5,55.5,55.5,55.5,55.5,55.5,55.5,41.579              ,25.504              ,43.879              ,37.464              ,57.258              ,13.955              ,55.989              ,11.672              ,35.913              ,1750.000            ,1750.000            ,2100.000            ,2100.000            ,1750.000            ,1750.000            ,1750.000            ,1750.000            ,2100.000            ,0.614,0.612,0.787,0.787,0.719,0.719,0.672,0.672,15.112,5169.0,13965.0,24.397,312.0,40.99
2026-07-08 05:50:59,55.0,69.000              ,764.539,406.0,1200.0,0.0,55.5,55.500              ,55.5,55.5,55.5,55.5,55.5,55.5,55.5,42.803              ,26.814              ,43.189              ,28.794              ,54.488              ,15.682              ,55.879              ,10.946              ,34.824              ,1780.000            ,1780.000            ,1780.000            ,1780.000            ,1780.000            ,1780.000            ,2225.000            ,2225.000            ,2225.000            ,0.662,0.662,0.705,0.705,0.761,0.763,0.7,0.7,15.005,5167.0,13967.0,19.823,313.0,50.45
2026-07-08 05:51:00,55.0,68.000              ,764.547,435.0,1200.0,0.0,55.5,55.500              ,55.5,55.5,55.5,55.5,55.5,55.5,55.5,37.822              ,29.753              ,39.642              ,33.097              ,56.945              ,21.003              ,55.616              ,14.789              ,36.083              ,1816.667            ,1816.667            ,2180.000            ,2160.000            ,1800.000            ,1800.000            ,1800.000            ,1800.000            ,2180.000            ,0.606,0.607,0.681,0.681,0.745,0.743,0.677,0.677,15.285,5166.0,13969.0,22.197,314.0,45.05
2026-07-08 05:51:01,55.0,68.000              ,764.547,393.0,1200.0,0.0,55.5,55.500              ,55.5,55.5,55.5,55.5,55.5,55.5,55.5,37.261              ,27.454              ,57.669              ,35.379              ,49.564              ,25.380              ,46.319              ,14.908              ,36.742              ,1716.667            ,1716.667            ,2040.000            ,2040.000            ,2040.000            ,2060.000            ,1716.667            ,1716.667            ,2060.000            ,0.614,0.613,0.864,0.868,0.712,0.712,0.603,0.603,14.852,5166.0,13962.0,20.758,315.0,48.17
2026-07-08 05:51:02,55.0,68.000              ,764.164,500.0,1200.0,0.0,55.5,55.500              ,55.5,55.5,55.5,55.5,55.5,55.5,55.5,43.561              ,26.443              ,53.231              ,29.647              ,53.562              ,17.131              ,38.276              ,12.039              ,34.236              ,1783.333            ,1783.333            ,2120.000            ,2120.000            ,1766.667            ,1766.667            ,1783.333            ,1783.333            ,2120.000            ,0.707,0.707,0.845,0.843,0.721,0.721,0.557,0.557,14.935,5166.0,13961.0,24.622,316.0,40.61
2026-07-08 05:51:03,55.0,70.000              ,763.914,200.0,1200.0,0.0,55.5,55.500              ,55.5,55.5,55.5,55.5,55.5,55.5,55.5,43.601              ,33.195              ,54.808              ,36.792              ,53.830              ,19.757              ,48.963              ,16.947              ,38.487              ,1816.667            ,1760.000            ,2200.000            ,2200.000            ,1760.000            ,1760.000            ,1760.000            ,1760.000            ,2200.000            ,0.689,0.689,0.855,0.853,0.706,0.706,0.625,0.625,15.04,5165.0,13964.0,24.979,317.0,40.03
2026-07-08 05:51:04,55.0,69.000              ,764.035,420.0,1200.0,0.0,55.5,55.500              ,55.5,55.5,55.5,55.5,55.5,55.5,55.5,36.890              ,32.858              ,40.438              ,32.919              ,61.267              ,18.623              ,56.664              ,11.424              ,36.386              ,1766.667            ,1766.667            ,1766.667            ,1766.667            ,2120.000            ,2120.000            ,1766.667            ,1766.667            ,2120.000            ,0.621,0.622,0.644,0.644,0.828,0.828,0.66,0.66,14.967,5165.0,13961.0,23.255,318.0,43.0
2026-07-08 05:51:05,55.0,69.000              ,763.66,352.0,1200.0,0.0,55.5,55.500              ,55.5,55.5,55.5,55.5,55.5,55.5,55.5,45.672              ,29.661              ,41.151              ,38.220              ,49.209              ,13.444              ,52.292              ,9.577               ,34.903              ,1780.000            ,1780.000            ,2225.000            ,2250.000            ,1800.000            ,1800.000            ,1800.000            ,1800.000            ,2250.000            ,0.733,0.731,0.837,0.837,0.686,0.686,0.654,0.654,15.172,5165.0,13961.0,24.779,319.0,40.36
2026-07-08 05:51:06,55.0,69.000              ,763.664,200.0,1200.0,0.0,55.5,55.500              ,55.5,55.5,55.5,55.5,55.5,55.5,55.5,39.284              ,28.053              ,36.996              ,37.225              ,46.969              ,19.654              ,68.314              ,8.253               ,35.593              ,1816.667            ,1816.667            ,2180.000            ,2180.000            ,1816.667            ,1816.667            ,2180.000            ,2180.000            ,2180.000            ,0.631,0.631,0.721,0.722,0.68,0.68,0.843,0.843,14.995,5164.0,13960.0,20.741,320.0,48.21
2026-07-08 05:51:07,55.0,68.000              ,761.418,428.0,1200.0,0.0,55.5,55.500              ,55.5,55.5,55.5,55.5,55.5,55.5,55.5,32.341              ,26.493              ,34.799              ,44.960              ,43.149              ,12.376              ,40.501              ,8.377               ,30.375              ,1880.000            ,1880.000            ,2350.000            ,2350.000            ,1880.000            ,1880.000            ,1880.000            ,1880.000            ,2350.000            ,0.646,0.647,0.905,0.903,0.651,0.651,0.568,0.568,14.927,5164.0,13959.0,25.384,321.0,39.39
2026-07-08 05:51:08,55.0,69.000              ,761.418,375.0,1200.0,0.0,55.5,55.500              ,55.5,55.5,55.5,55.5,55.5,55.5,55.5,37.963              ,28.011              ,51.234              ,32.434              ,50.664              ,19.858              ,57.622              ,12.904              ,36.336              ,1760.000            ,1760.000            ,2200.000            ,2200.000            ,1760.000            ,1760.000            ,1760.000            ,1760.000            ,2200.000            ,0.618,0.618,0.858,0.858,0.722,0.731,0.711,0.711,15.156,5162.0,13958.0,22.114,322.0,45.22
2026-07-08 05:51:09,55.0,69.000              ,761.418,344.0,1200.0,0.0,55.5,55.500              ,55.5,55.5,55.5,55.5,55.5,55.5,55.5,39.204              ,24.837              ,49.934              ,32.357              ,48.808              ,20.445              ,55.048              ,11.583              ,35.277              ,1880.000            ,1880.000            ,2350.000            ,2350.000            ,1880.000            ,1880.000            ,1880.000            ,1880.000            ,2350.000            ,0.649,0.649,0.816,0.816,0.73,0.722,0.675,0.675,14.966,5162.0,13960.0,22.08,323.0,45.29
2026-07-08 05:51:10,55.0,69.000              ,761.414,370.0,1200.0,0.0,55.5,55.500              ,55.5,55.5,55.5,55.5,55.5,55.5,55.5,41.404              ,26.501              ,43.910              ,26.984              ,56.022              ,22.309              ,60.809              ,12.086              ,36.253              ,1766.667            ,1766.667            ,1766.667            ,1766.667            ,2120.000            ,2120.000            ,2120.000            ,2120.000            ,2120.000            ,0.658,0.658,0.647,0.647,0.829,0.828,0.727,0.727,14.99,5161.0,13958.0,21.932,324.0,45.6
2026-07-08 05:51:11,55.0,68.000              ,761.414,200.0,1200.0,0.0,55.5,55.500              ,55.5,55.5,55.5,55.5,55.5,55.5,55.5,45.610              ,24.557              ,51.414              ,30.857              ,62.976              ,13.068              ,49.435              ,13.101              ,36.377              ,1820.000            ,1820.000            ,2275.000            ,2275.000            ,2300.000            ,2300.000            ,1840.000            ,1840.000            ,2300.000            ,0.644,0.645,0.728,0.729,0.801,0.801,0.612,0.612,15.396,5160.0,13958.0,24.116,325.0,41.47
2026-07-08 05:51:12,55.0,68.000              ,761.418,420.0,1200.0,0.0,55.5,55.500              ,55.5,55.5,55.5,55.5,55.5,55.5,55.5,44.588              ,32.370              ,53.307              ,36.946              ,67.667              ,20.379              ,47.759              ,17.684              ,40.088              ,2000.000            ,2000.000            ,2000.000            ,2000.000            ,1666.667            ,1666.667            ,1650.000            ,1650.000            ,2000.000            ,0.645,0.643,0.724,0.723,0.786,0.787,0.571,0.571,14.773,5160.0,13957.0,26.484,326.0,37.76
2026-07-08 05:51:13,55.0,68.000              ,761.219,200.0,1200.0,0.0,55.5,55.500              ,55.5,55.5,55.5,55.5,55.5,55.5,55.5,37.868              ,28.552              ,38.540              ,29.681              ,62.199              ,10.546              ,54.727              ,11.570              ,34.210              ,1816.667            ,1760.000            ,1760.000            ,1760.000            ,2200.000            ,2200.000            ,1780.000            ,1780.000            ,2200.000            ,0.587,0.587,0.584,0.586,0.759,0.758,0.652,0.654,15.088,5160.0,13957.0,23.008,327.0,43.46
2026-07-08 05:51:14,55.0,68.000              ,760.152,469.0,1200.0,0.0,55.5,55.500              ,55.5,55.5,55.5,55.5,55.5,55.5,55.5,36.859              ,33.209              ,57.004              ,30.946              ,44.745              ,19.904              ,56.289              ,11.094              ,36.256              ,1716.667            ,1700.000            ,2040.000            ,2040.000            ,2040.000            ,2040.000            ,1700.000            ,1700.000            ,2040.000            ,0.609,0.609,0.771,0.769,0.615,0.615,0.644,0.649,15.124,5160.0,13957.0,25.751,328.0,38.83
2026-07-08 05:51:15,55.0,69.000              ,760.145,333.0,1200.0,0.0,55.5,55.500              ,55.5,55.5,55.5,55.5,55.5,55.5,55.5,62.627              ,41.352              ,55.447              ,58.492              ,67.988              ,45.583              ,65.706              ,29.266              ,53.308              ,1766.667            ,1766.667            ,2120.000            ,2120.000            ,1766.667            ,1766.667            ,1766.667            ,1766.667            ,2120.000            ,0.687,0.678,0.791,0.791,0.781,0.786,0.652,0.646,15.267,5126.0,13961.0,24.228,329.0,41.27
2026-07-08 05:51:16,55.0,74.000              ,760.145,258.0,1200.0,0.0,55.5,55.500              ,55.5,55.5,55.5,55.5,55.5,55.5,55.5,76.122              ,70.746              ,71.587              ,78.980              ,76.344              ,64.836              ,71.026              ,55.679              ,70.665              ,1566.667            ,1566.667            ,1566.667            ,1566.667            ,1566.667            ,1566.667            ,1342.857            ,1342.857            ,1566.667            ,0.704,0.716,0.719,0.72,0.71,0.705,0.62,0.619,15.1,5056.0,13962.0,35.933,330.0,27.83
2026-07-08 05:51:17,55.0,82.000              ,760.148,338.0,1200.0,0.0,55.5,55.500              ,55.5,55.5,55.5,55.5,55.5,55.5,55.5,75.730              ,68.827              ,75.483              ,79.132              ,79.134              ,58.683              ,74.297              ,52.471              ,70.470              ,1533.333            ,1533.333            ,1533.333            ,1533.333            ,1533.333            ,1533.333            ,1314.286            ,1314.286            ,1533.333            ,0.724,0.721,0.786,0.784,0.719,0.721,0.635,0.636,14.929,4930.0,13956.0,40.126,331.0,24.92
2026-07-08 05:51:18,55.0,85.000              ,760.148,326.0,1200.0,0.0,55.5,55.500              ,55.5,55.5,55.5,55.5,55.5,55.5,55.5,78.322              ,73.097              ,77.531              ,76.908              ,79.022              ,59.474              ,75.701              ,48.752              ,71.101              ,1457.143            ,1457.143            ,1700.000            ,1716.667            ,1457.143            ,1457.143            ,1457.143            ,1457.143            ,1716.667            ,0.754,0.754,0.808,0.809,0.697,0.695,0.648,0.647,14.946,4783.0,13958.0,22.125,332.0,45.2
2026-07-08 05:51:19,55.0,82.000              ,760.148,295.0,1200.0,0.0,55.5,55.500              ,55.5,55.5,55.5,55.5,55.5,55.5,55.5,84.550              ,77.313              ,72.878              ,75.760              ,76.360              ,54.716              ,72.141              ,47.869              ,70.198              ,1683.333            ,1683.333            ,1442.857            ,1442.857            ,1442.857            ,1442.857            ,1442.857            ,1442.857            ,1683.333            ,0.805,0.805,0.742,0.741,0.687,0.687,0.628,0.628,15.022,4674.0,13959.0,24.555,333.0,40.72
2026-07-08 05:51:20,55.0,84.000              ,760.156,295.0,1200.0,0.0,55.75,55.750              ,55.75,55.75,55.75,55.75,55.75,55.75,55.75,80.175              ,78.723              ,68.437              ,71.186              ,71.285              ,52.717              ,66.751              ,45.636              ,66.864              ,1683.333            ,1683.333            ,1442.857            ,1442.857            ,1442.857            ,1442.857            ,1442.857            ,1442.857            ,1683.333            ,0.826,0.826,0.721,0.721,0.646,0.646,0.626,0.626,15.203,4556.0,13960.0,23.274,334.0,42.97
2026-07-08 05:51:21,55.0,84.000              ,760.152,426.0,1200.0,0.0,55.75,55.750              ,55.75,55.75,55.75,55.75,55.75,55.75,55.75,71.713              ,64.982              ,65.304              ,67.953              ,68.559              ,44.276              ,66.175              ,35.336              ,60.537              ,1650.000            ,1650.000            ,1650.000            ,1650.000            ,1650.000            ,1650.000            ,1650.000            ,1650.000            ,1650.000            ,0.757,0.757,0.698,0.699,0.624,0.624,0.591,0.591,14.687,4486.0,13955.0,20.777,335.0,48.13
2026-07-08 05:51:22,55.0,78.000              ,760.156,200.0,1200.0,0.0,55.75,55.750              ,55.75,55.75,55.75,55.75,55.75,55.75,55.75,40.423              ,19.818              ,29.923              ,46.399              ,43.453              ,6.072               ,37.942              ,10.395              ,29.303              ,1766.667            ,1766.667            ,2120.000            ,2140.000            ,1783.333            ,1783.333            ,1783.333            ,1783.333            ,2140.000            ,0.647,0.647,0.827,0.825,0.571,0.571,0.562,0.562,14.666,4486.0,13950.0,24.491,336.0,40.83
2026-07-08 05:51:23,55.0,70.000              ,760.105,375.0,1200.0,0.0,55.75,55.750              ,55.75,55.75,55.75,55.75,55.75,55.75,55.75,37.717              ,29.129              ,46.678              ,33.964              ,60.459              ,16.518              ,44.575              ,16.073              ,35.639              ,1800.000            ,1800.000            ,2250.000            ,2250.000            ,1800.000            ,2250.000            ,1800.000            ,1800.000            ,2250.000            ,0.667,0.667,0.818,0.818,0.836,0.836,0.66,0.66,15.17,4486.0,13952.0,23.121,337.0,43.25
2026-07-08 05:51:24,55.0,68.000              ,760.148,375.0,1200.0,0.0,55.75,55.750              ,55.75,55.75,55.75,55.75,55.75,55.75,55.75,37.491              ,26.920              ,63.113              ,28.510              ,44.013              ,20.418              ,43.255              ,11.430              ,34.394              ,1840.000            ,1840.000            ,2300.000            ,2300.000            ,1840.000            ,1840.000            ,1840.000            ,1840.000            ,2300.000            ,0.666,0.667,0.927,0.928,0.705,0.706,0.628,0.638,15.098,4485.0,13952.0,25.36,338.0,39.43
2026-07-08 05:51:25,55.0,69.000              ,760.145,406.0,1200.0,0.0,55.75,55.750              ,55.75,55.75,55.75,55.75,55.75,55.75,55.75,41.655              ,25.676              ,62.435              ,31.104              ,46.402              ,20.236              ,42.029              ,22.142              ,36.460              ,1760.000            ,1760.000            ,2200.000            ,2200.000            ,1760.000            ,1760.000            ,1760.000            ,1760.000            ,2200.000            ,0.662,0.66,0.911,0.909,0.688,0.686,0.652,0.642,14.988,4485.0,13952.0,18.066,339.0,55.35
2026-07-08 05:51:26,55.0,70.000              ,757.836,442.0,1200.0,0.0,55.75,55.750              ,55.75,55.75,55.75,55.75,55.75,55.75,55.75,43.927              ,26.819              ,59.504              ,31.961              ,48.441              ,24.545              ,42.903              ,22.850              ,37.619              ,1820.000            ,1820.000            ,2275.000            ,2275.000            ,1820.000            ,1820.000            ,1840.000            ,1840.000            ,2275.000            ,0.692,0.692,0.912,0.912,0.744,0.744,0.667,0.667,15.055,4484.0,13952.0,20.018,340.0,49.96
2026-07-08 05:51:27,55.0,70.000              ,757.398,461.0,1200.0,0.0,55.75,55.750              ,55.75,55.75,55.75,55.75,55.75,55.75,55.75,39.241              ,25.580              ,28.964              ,34.726              ,45.891              ,16.464              ,39.148              ,16.617              ,30.829              ,1800.000            ,1800.000            ,1800.000            ,1800.000            ,2250.000            ,2250.000            ,1800.000            ,1800.000            ,2250.000            ,0.646,0.646,0.695,0.697,0.708,0.708,0.612,0.612,15.022,4484.0,13952.0,22.697,341.0,44.06
2026-07-08 05:51:28,55.0,69.000              ,757.398,400.0,1200.0,0.0,55.75,55.750              ,55.75,55.75,55.75,55.75,55.75,55.75,55.75,34.022              ,26.673              ,53.588              ,29.945              ,56.152              ,13.339              ,53.047              ,10.994              ,34.720              ,1820.000            ,1820.000            ,2275.000            ,2275.000            ,1820.000            ,1820.000            ,1820.000            ,1820.000            ,2275.000            ,0.643,0.643,0.845,0.846,0.773,0.773,0.658,0.658,15.023,4486.0,13949.0,23.741,342.0,42.12
2026-07-08 05:51:29,55.0,70.000              ,757.832,435.0,1200.0,0.0,55.75,55.750              ,55.75,55.75,55.75,55.75,55.75,55.75,55.75,31.059              ,29.644              ,52.873              ,45.704              ,52.885              ,11.693              ,46.181              ,10.008              ,35.006              ,1780.000            ,1780.000            ,2225.000            ,2225.000            ,1780.000            ,1780.000            ,1780.000            ,1780.000            ,2225.000            ,0.598,0.598,0.934,0.941,0.665,0.666,0.587,0.587,15.097,4488.0,13949.0,22.979,343.0,43.52
2026-07-08 05:51:30,55.0,71.000              ,757.836,469.0,1200.0,0.0,55.75,55.750              ,55.75,55.75,55.75,55.75,55.75,55.75,55.75,36.238              ,29.868              ,48.370              ,39.528              ,52.456              ,18.522              ,49.166              ,11.657              ,35.726              ,1816.667            ,1816.667            ,2180.000            ,2180.000            ,1816.667            ,1816.667            ,1816.667            ,1816.667            ,2180.000            ,0.617,0.617,0.824,0.803,0.705,0.704,0.606,0.606,15.002,4489.0,13949.0,21.987,344.0,45.48
2026-07-08 05:51:31,55.0,70.000              ,757.84,200.0,1200.0,0.0,55.75,55.750              ,55.75,55.75,55.75,55.75,55.75,55.75,55.75,35.834              ,24.650              ,38.513              ,33.797              ,54.499              ,11.392              ,52.207              ,8.203               ,32.387              ,1816.667            ,1816.667            ,2180.000            ,2200.000            ,1760.000            ,1760.000            ,1760.000            ,1760.000            ,2200.000            ,0.573,0.573,0.72,0.73,0.689,0.689,0.643,0.643,14.972,4489.0,13950.0,24.27,345.0,41.2
2026-07-08 05:51:32,55.0,69.000              ,760.402,200.0,1200.0,0.0,55.75,55.750              ,55.75,55.75,55.75,55.75,55.75,55.75,55.75,39.828              ,30.262              ,57.506              ,38.087              ,51.602              ,23.329              ,45.325              ,16.704              ,37.830              ,1766.667            ,1766.667            ,2120.000            ,2120.000            ,1783.333            ,1783.333            ,1783.333            ,1783.333            ,2120.000            ,0.629,0.629,0.829,0.829,0.685,0.685,0.614,0.616,15.099,4489.0,13953.0,23.439,346.0,42.66
2026-07-08 05:51:33,55.0,69.000              ,760.395,435.0,1200.0,0.0,55.75,55.750              ,55.75,55.75,55.75,55.75,55.75,55.75,55.75,33.043              ,30.189              ,54.944              ,35.264              ,50.476              ,22.480              ,37.471              ,15.318              ,34.898              ,1760.000            ,1760.000            ,2200.000            ,2200.000            ,1780.000            ,1780.000            ,1780.000            ,1780.000            ,2200.000            ,0.634,0.634,0.891,0.891,0.771,0.771,0.597,0.595,14.834,4488.0,13954.0,23.543,347.0,42.48
2026-07-08 05:51:34,55.0,71.000              ,760.398,200.0,1200.0,0.0,55.75,55.750              ,55.75,55.75,55.75,55.75,55.75,55.75,55.75,36.922              ,28.238              ,36.158              ,35.715              ,54.418              ,19.311              ,53.372              ,13.647              ,34.723              ,1840.000            ,1840.000            ,2275.000            ,2275.000            ,2275.000            ,2275.000            ,1820.000            ,1820.000            ,2275.000            ,0.616,0.617,0.682,0.682,0.788,0.788,0.721,0.722,15.253,4488.0,13951.0,25.695,348.0,38.92
2026-07-08 05:51:35,55.0,70.000              ,760.398,393.0,1200.0,0.0,55.75,55.750              ,55.75,55.75,55.75,55.75,55.75,55.75,55.75,43.441              ,31.285              ,40.073              ,40.413              ,54.103              ,13.729              ,51.920              ,9.582               ,35.568              ,1800.000            ,1800.000            ,1800.000            ,1800.000            ,2250.000            ,2250.000            ,1800.000            ,1800.000            ,2250.000            ,0.712,0.712,0.776,0.776,0.708,0.71,0.678,0.669,14.928,4488.0,13951.0,25.627,349.0,39.02
2026-07-08 05:51:36,55.0,69.000              ,760.531,393.0,1200.0,0.0,55.75,55.750              ,55.75,55.75,55.75,55.75,55.75,55.75,55.75,46.196              ,29.313              ,38.673              ,50.448              ,54.163              ,16.545              ,43.562              ,14.849              ,36.719              ,1783.333            ,1783.333            ,1783.333            ,1783.333            ,2140.000            ,2140.000            ,1783.333            ,1783.333            ,2140.000            ,0.648,0.647,0.898,0.898,0.707,0.706,0.575,0.582,15.08,4487.0,13950.0,20.995,350.0,47.63
2026-07-08 05:51:37,55.0,70.000              ,760.527,200.0,1200.0,0.0,55.75,55.750              ,55.75,55.75,55.75,55.75,55.75,55.75,55.75,49.081              ,26.108              ,44.505              ,37.125              ,51.967              ,18.070              ,41.453              ,10.881              ,34.899              ,2300.000            ,2300.000            ,1840.000            ,1840.000            ,1840.000            ,1840.000            ,1840.000            ,1840.000            ,2300.000            ,0.711,0.711,0.807,0.807,0.772,0.772,0.571,0.574,15.114,4486.0,13950.0,20.627,351.0,48.48
2026-07-08 05:51:38,55.0,68.000              ,760.523,457.0,1200.0,0.0,55.75,55.750              ,55.75,55.75,55.75,55.75,55.75,55.75,55.75,34.659              ,27.547              ,35.884              ,47.186              ,45.800              ,14.878              ,43.054              ,16.695              ,33.213              ,2140.000            ,2140.000            ,2140.000            ,2140.000            ,1783.333            ,1783.333            ,1783.333            ,1783.333            ,2140.000            ,0.624,0.625,0.918,0.908,0.632,0.632,0.616,0.613,14.854,4486.0,13951.0,20.367,352.0,49.1
2026-07-08 05:51:39,55.0,68.000              ,760.523,326.0,1200.0,0.0,55.75,55.750              ,55.75,55.75,55.75,55.75,55.75,55.75,55.75,33.575              ,26.914              ,54.930              ,34.575              ,43.066              ,12.333              ,44.931              ,13.768              ,33.011              ,1780.000            ,1780.000            ,2225.000            ,2225.000            ,1780.000            ,1780.000            ,2225.000            ,2225.000            ,2225.000            ,0.668,0.666,0.94,0.95,0.669,0.669,0.693,0.695,15.033,4486.0,13950.0,21.321,353.0,46.9
2026-07-08 05:51:40,55.0,69.000              ,767.543,387.0,1200.0,0.0,55.75,55.750              ,55.75,55.75,55.75,55.75,55.75,55.75,55.75,31.530              ,31.229              ,60.149              ,32.551              ,43.550              ,18.407              ,44.921              ,14.431              ,34.596              ,1860.000            ,1860.000            ,2300.000            ,2300.000            ,1840.000            ,1840.000            ,1840.000            ,1840.000            ,2300.000            ,0.659,0.66,0.929,0.929,0.688,0.688,0.639,0.637,15.214,4492.0,13963.0,24.133,354.0,41.44
2026-07-08 05:51:41,55.0,69.000              ,769.039,387.0,1200.0,0.0,55.75,55.750              ,55.75,55.75,55.75,55.75,55.75,55.75,55.75,37.763              ,27.181              ,35.673              ,29.516              ,51.848              ,17.148              ,50.714              ,11.576              ,32.677              ,1840.000            ,1840.000            ,2300.000            ,2300.000            ,1840.000            ,1840.000            ,1840.000            ,1840.000            ,2300.000            ,0.669,0.67,0.658,0.658,0.773,0.773,0.684,0.684,14.939,4492.0,13965.0,27.31,355.0,36.62
2026-07-08 05:51:42,55.0,69.000              ,769.031,350.0,1200.0,0.0,55.75,55.750              ,55.75,55.75,55.75,55.75,55.75,55.75,55.75,34.506              ,27.219              ,39.495              ,48.802              ,47.526              ,10.550              ,38.296              ,16.952              ,32.918              ,1920.000            ,1920.000            ,2400.000            ,2400.000            ,1920.000            ,1920.000            ,1920.000            ,1920.000            ,2400.000            ,0.645,0.644,1.0,1.003,0.66,0.66,0.61,0.61,15.024,4492.0,13965.0,17.712,356.0,56.46
2026-07-08 05:51:43,55.0,68.000              ,769.035,200.0,1200.0,0.0,55.75,55.750              ,55.75,55.75,55.75,55.75,55.75,55.75,55.75,38.262              ,26.395              ,46.372              ,36.543              ,52.763              ,10.332              ,50.216              ,8.899               ,33.723              ,1820.000            ,1820.000            ,2275.000            ,2275.000            ,1820.000            ,1820.000            ,1820.000            ,1820.000            ,2275.000            ,0.669,0.668,0.908,0.906,0.701,0.701,0.658,0.659,15.115,4492.0,13966.0,24.762,357.0,40.38
2026-07-08 05:51:44,55.0,68.000              ,769.035,400.0,1200.0,0.0,55.75,55.750              ,55.75,55.75,55.75,55.75,55.75,55.75,55.75,43.595              ,27.527              ,45.402              ,39.283              ,42.132              ,14.450              ,50.024              ,11.529              ,34.243              ,1840.000            ,1840.000            ,2275.000            ,2275.000            ,1820.000            ,1820.000            ,1820.000            ,1820.000            ,2275.000            ,0.708,0.708,0.913,0.9,0.639,0.639,0.66,0.659,14.867,4494.0,13966.0,20.666,358.0,48.39
2026-07-08 05:51:45,55.0,69.000              ,768.973,200.0,1200.0,0.0,55.75,55.750              ,55.75,55.75,55.75,55.75,55.75,55.75,55.75,38.554              ,25.508              ,49.774              ,37.289              ,49.281              ,15.117              ,46.708              ,15.047              ,34.660              ,1780.000            ,1780.000            ,2225.000            ,2225.000            ,2225.000            ,2225.000            ,2225.000            ,2225.000            ,2225.000            ,0.641,0.641,0.903,0.916,0.703,0.703,0.65,0.65,15.187,4493.0,13966.0,25.834,359.0,38.71
2026-07-08 05:51:46,55.0,68.000              ,768.969,364.0,1200.0,0.0,55.75,55.750              ,55.75,55.75,55.75,55.75,55.75,55.75,55.75,46.552              ,26.852              ,45.391              ,41.902              ,45.385              ,19.592              ,52.070              ,15.925              ,36.709              ,1800.000            ,1780.000            ,2225.000            ,2225.000            ,1780.000            ,1780.000            ,1780.000            ,1780.000            ,2225.000            ,0.667,0.669,0.876,0.878,0.65,0.65,0.691,0.691,15.201,4490.0,13963.0,24.413,360.0,40.96
2026-07-08 05:51:47,55.0,68.000              ,766.719,375.0,1200.0,0.0,55.75,55.750              ,55.75,55.75,55.75,55.75,55.75,55.75,55.75,41.437              ,24.010              ,53.981              ,23.849              ,48.758              ,16.169              ,47.772              ,6.935               ,32.864              ,1816.667            ,1760.000            ,2200.000            ,2200.000            ,1760.000            ,1760.000            ,1760.000            ,1760.000            ,2200.000            ,0.668,0.665,0.776,0.774,0.702,0.704,0.594,0.594,14.865,4490.0,13961.0,22.653,361.0,44.14
2026-07-08 05:51:48,55.0,68.000              ,766.723,200.0,1200.0,0.0,55.75,55.750              ,55.75,55.75,55.75,55.75,55.75,55.75,55.75,46.705              ,29.901              ,44.608              ,33.759              ,45.179              ,24.789              ,47.949              ,14.038              ,35.866              ,1700.000            ,1700.000            ,2040.000            ,2040.000            ,1700.000            ,2060.000            ,1716.667            ,1716.667            ,2060.000            ,0.629,0.629,0.68,0.68,0.691,0.691,0.588,0.588,15.129,4489.0,13961.0,20.484,362.0,48.82
2026-07-08 05:51:49,55.0,69.000              ,765.219,352.0,1200.0,0.0,55.75,55.750              ,55.75,55.75,55.75,55.75,55.75,55.75,55.75,36.436              ,25.647              ,41.525              ,40.185              ,41.566              ,9.627               ,42.502              ,9.691               ,30.897              ,1840.000            ,1840.000            ,2300.000            ,2300.000            ,1840.000            ,1840.000            ,1840.000            ,1840.000            ,2300.000            ,0.663,0.663,0.946,0.946,0.646,0.644,0.605,0.605,14.792,4488.0,13960.0,26.796,363.0,37.32
2026-07-08 05:51:50,55.0,69.000              ,764.668,200.0,1200.0,0.0,55.75,55.750              ,55.75,55.75,55.75,55.75,55.75,55.75,55.75,39.018              ,28.467              ,41.380              ,36.999              ,51.469              ,16.709              ,56.065              ,11.039              ,35.143              ,1816.667            ,1816.667            ,2180.000            ,2180.000            ,1800.000            ,1800.000            ,1800.000            ,1800.000            ,2180.000            ,0.639,0.639,0.804,0.806,0.708,0.708,0.717,0.717,15.141,4489.0,13960.0,24.263,364.0,41.22
2026-07-08 05:51:51,55.0,69.000              ,764.496,400.0,1200.0,0.0,55.75,55.750              ,55.75,55.75,55.75,55.75,55.75,55.75,55.75,35.878              ,26.778              ,40.073              ,30.519              ,54.996              ,17.643              ,41.873              ,9.879               ,32.205              ,1760.000            ,1760.000            ,1760.000            ,1780.000            ,2225.000            ,2225.000            ,1760.000            ,1760.000            ,2225.000            ,0.616,0.616,0.699,0.698,0.807,0.807,0.571,0.572,15.002,4491.0,13960.0,24.092,365.0,41.51
2026-07-08 05:51:52,55.0,68.000              ,764.531,428.0,1200.0,0.0,55.75,55.750              ,55.75,55.75,55.75,55.75,55.75,55.75,55.75,39.553              ,29.071              ,44.573              ,33.623              ,58.256              ,14.005              ,50.954              ,7.679               ,34.714              ,1840.000            ,1860.000            ,2325.000            ,2325.000            ,1860.000            ,1860.000            ,1880.000            ,1880.000            ,2325.000            ,0.695,0.695,0.793,0.793,0.777,0.778,0.667,0.666,15.036,4493.0,13960.0,25.376,366.0,39.41
2026-07-08 05:51:53,55.0,69.000              ,764.535,476.0,1200.0,0.0,55.75,55.750              ,55.75,55.75,55.75,55.75,55.75,55.75,55.75,38.553              ,27.798              ,47.208              ,33.598              ,45.385              ,19.282              ,46.429              ,10.256              ,33.563              ,1760.000            ,1760.000            ,1760.000            ,1760.000            ,2200.000            ,2200.000            ,1760.000            ,1760.000            ,2200.000            ,0.623,0.623,0.815,0.816,0.683,0.682,0.585,0.585,15.156,4493.0,13956.0,23.247,367.0,43.02
2026-07-08 05:51:54,55.0,70.000              ,759.531,375.0,1200.0,0.0,55.625,55.625              ,55.625,55.625,55.625,55.625,55.625,55.625,55.625,31.070              ,21.552              ,53.175              ,32.395              ,44.570              ,18.660              ,53.319              ,6.714               ,32.682              ,1760.000            ,1760.000            ,2200.000            ,2200.000            ,1760.000            ,1760.000            ,2200.000            ,2200.000            ,2200.000            ,0.606,0.606,0.922,0.922,0.714,0.715,0.648,0.648,15.032,4492.0,13954.0,24.19,368.0,41.34
2026-07-08 05:51:55,55.0,70.000              ,753.52,352.0,1200.0,0.0,55.625,55.625              ,55.625,55.625,55.625,55.625,55.625,55.625,55.625,38.501              ,20.706              ,57.376              ,27.923              ,50.321              ,22.088              ,48.649              ,8.734               ,34.287              ,1760.000            ,1760.000            ,1760.000            ,1760.000            ,2200.000            ,2200.000            ,1780.000            ,1780.000            ,2200.000            ,0.633,0.633,0.836,0.834,0.765,0.763,0.591,0.591,14.919,4490.0,13949.0,23.51,369.0,42.54
2026-07-08 05:51:56,55.0,69.000              ,753.52,200.0,1200.0,0.0,55.625,55.625              ,55.625,55.625,55.625,55.625,55.625,55.625,55.625,33.919              ,20.944              ,63.391              ,32.668              ,43.788              ,21.668              ,46.678              ,11.011              ,34.258              ,1760.000            ,1760.000            ,2200.000            ,2200.000            ,1760.000            ,1760.000            ,1760.000            ,1760.000            ,2200.000            ,0.605,0.605,0.96,0.962,0.716,0.716,0.612,0.613,15.149,4489.0,13949.0,19.758,370.0,50.61
2026-07-08 05:51:57,55.0,68.000              ,753.52,200.0,1200.0,0.0,55.625,55.625              ,55.625,55.625,55.625,55.625,55.625,55.625,55.625,36.500              ,21.590              ,42.575              ,35.433              ,39.582              ,9.485               ,48.975              ,7.612               ,30.219              ,1860.000            ,1860.000            ,2325.000            ,2325.000            ,1860.000            ,1860.000            ,1860.000            ,1860.000            ,2325.000            ,0.69,0.69,0.944,0.942,0.637,0.637,0.662,0.662,15.018,4489.0,13947.0,30.961,371.0,32.3
2026-07-08 05:51:58,55.0,68.000              ,753.52,387.0,1200.0,0.0,55.625,55.625              ,55.625,55.625,55.625,55.625,55.625,55.625,55.625,36.255              ,21.252              ,52.665              ,31.332              ,41.452              ,18.166              ,53.967              ,9.033               ,33.015              ,1880.000            ,1880.000            ,2350.000            ,2350.000            ,1880.000            ,1880.000            ,1880.000            ,1880.000            ,2350.000            ,0.658,0.658,0.909,0.909,0.714,0.714,0.73,0.731,15.06,4491.0,13948.0,19.101,372.0,52.35
2026-07-08 05:51:59,55.0,69.000              ,753.516,387.0,1200.0,0.0,55.5,55.500              ,55.5,55.5,55.5,55.5,55.5,55.5,55.5,33.826              ,23.124              ,48.275              ,26.242              ,40.473              ,13.063              ,64.467              ,5.602               ,31.884              ,1820.000            ,1820.000            ,2250.000            ,2250.000            ,1800.000            ,1800.000            ,1800.000            ,1800.000            ,2250.000            ,0.652,0.655,0.76,0.76,0.609,0.609,0.802,0.801,14.843,4488.0,13948.0,19.755,373.0,50.62
2026-07-08 05:52:00,55.0,70.000              ,753.516,375.0,1200.0,0.0,55.5,55.500              ,55.5,55.5,55.5,55.5,55.5,55.5,55.5,38.646              ,26.141              ,56.278              ,30.358              ,49.010              ,17.287              ,53.869              ,11.292              ,35.360              ,1800.000            ,1800.000            ,1800.000            ,1800.000            ,1800.000            ,1800.000            ,2250.000            ,2250.000            ,2250.000            ,0.653,0.649,0.826,0.826,0.7,0.7,0.699,0.699,15.245,4488.0,13942.0,20.722,374.0,48.26
2026-07-08 05:52:01,55.0,69.000              ,753.887,476.0,1200.0,0.0,55.5,55.500              ,55.5,55.5,55.5,55.5,55.5,55.5,55.5,35.771              ,23.428              ,60.891              ,32.955              ,42.864              ,16.500              ,52.830              ,11.577              ,34.602              ,1780.000            ,1780.000            ,2225.000            ,2225.000            ,1780.000            ,1780.000            ,1780.000            ,1780.000            ,2225.000            ,0.616,0.617,0.946,0.946,0.65,0.659,0.634,0.634,15.056,4486.0,13940.0,18.287,375.0,54.68
2026-07-08 05:52:02,55.0,69.000              ,755.012,387.0,1200.0,0.0,55.5,55.500              ,55.5,55.5,55.5,55.5,55.5,55.5,55.5,39.477              ,23.893              ,42.199              ,40.416              ,47.885              ,28.612              ,50.348              ,12.407              ,35.655              ,1783.333            ,1783.333            ,2140.000            ,2140.000            ,1783.333            ,2140.000            ,1783.333            ,1783.333            ,2140.000            ,0.608,0.607,0.814,0.814,0.729,0.72,0.61,0.61,15.062,4487.0,13939.0,22.176,376.0,45.09
2026-07-08 05:52:03,55.0,69.000              ,754.961,200.0,1200.0,0.0,55.5,55.500              ,55.5,55.5,55.5,55.5,55.5,55.5,55.5,34.160              ,25.723              ,54.158              ,33.389              ,46.710              ,17.430              ,52.811              ,9.394               ,34.222              ,1780.000            ,1780.000            ,2225.000            ,2225.000            ,1780.000            ,1780.000            ,1780.000            ,1780.000            ,2225.000            ,0.626,0.626,0.875,0.875,0.675,0.676,0.631,0.631,14.96,4486.0,13938.0,23.26,377.0,42.99
2026-07-08 05:52:04,55.0,69.000              ,755.023,420.0,1200.0,0.0,55.5,55.500              ,55.5,55.5,55.5,55.5,55.5,55.5,55.5,46.520              ,16.964              ,59.385              ,27.148              ,52.386              ,19.707              ,50.089              ,8.899               ,35.137              ,1766.667            ,1750.000            ,2100.000            ,2100.000            ,1750.000            ,1750.000            ,1750.000            ,1750.000            ,2100.000            ,0.676,0.677,0.791,0.793,0.732,0.73,0.591,0.591,14.941,4486.0,13937.0,24.212,378.0,41.3
2026-07-08 05:52:05,55.0,70.000              ,755.035,426.0,1200.0,0.0,55.5,55.500              ,55.5,55.5,55.5,55.5,55.5,55.5,55.5,33.126              ,27.628              ,37.903              ,32.665              ,51.515              ,10.263              ,53.069              ,6.629               ,31.600              ,1800.000            ,1800.000            ,2250.000            ,2250.000            ,1800.000            ,1800.000            ,1800.000            ,1800.000            ,2250.000            ,0.592,0.59,0.784,0.783,0.668,0.668,0.632,0.634,15.137,4484.0,13938.0,25.752,379.0,38.83
2026-07-08 05:52:06,55.0,69.000              ,757.527,381.0,1200.0,0.0,55.5,55.500              ,55.5,55.5,55.5,55.5,55.5,55.5,55.5,41.988              ,29.814              ,46.807              ,40.117              ,45.228              ,21.048              ,51.144              ,9.683               ,35.729              ,1783.333            ,1783.333            ,2140.000            ,2140.000            ,1783.333            ,1783.333            ,1783.333            ,1783.333            ,2140.000            ,0.655,0.655,0.888,0.886,0.702,0.702,0.637,0.636,14.926,4485.0,13940.0,23.402,380.0,42.73
2026-07-08 05:52:07,55.0,69.000              ,757.145,387.0,1200.0,0.0,55.5,55.500              ,55.5,55.5,55.5,55.5,55.5,55.5,55.5,37.967              ,27.104              ,46.355              ,31.268              ,47.366              ,14.619              ,50.447              ,9.993               ,33.140              ,1840.000            ,1840.000            ,2300.000            ,2300.000            ,1840.000            ,1840.000            ,1840.000            ,1840.000            ,2300.000            ,0.677,0.679,0.86,0.863,0.711,0.712,0.666,0.666,15.042,4484.0,13940.0,24.671,381.0,40.53
2026-07-08 05:52:08,55.0,70.000              ,760.152,200.0,1200.0,0.0,55.5,55.500              ,55.5,55.5,55.5,55.5,55.5,55.5,55.5,42.538              ,34.309              ,53.055              ,45.731              ,49.153              ,20.583              ,43.691              ,14.937              ,38.000              ,1816.667            ,1816.667            ,2160.000            ,2160.000            ,1800.000            ,1800.000            ,1800.000            ,1800.000            ,2160.000            ,0.694,0.692,0.969,0.967,0.705,0.703,0.57,0.57,15.208,4486.0,13948.0,24.199,382.0,41.32
2026-07-08 05:52:09,55.0,69.000              ,760.152,393.0,1200.0,0.0,55.5,55.500              ,55.5,55.5,55.5,55.5,55.5,55.5,55.5,39.833              ,26.029              ,41.351              ,40.313              ,53.832              ,15.418              ,51.800              ,11.772              ,35.043              ,1800.000            ,1800.000            ,2160.000            ,2160.000            ,1800.000            ,1800.000            ,1800.000            ,1800.000            ,2160.000            ,0.606,0.607,0.82,0.82,0.686,0.686,0.613,0.613,14.851,4485.0,13947.0,21.938,383.0,45.58
2026-07-08 05:52:10,55.0,68.000              ,760.531,200.0,1200.0,0.0,55.5,55.500              ,55.5,55.5,55.5,55.5,55.5,55.5,55.5,35.355              ,23.370              ,59.518              ,31.683              ,48.801              ,14.567              ,40.798              ,9.790               ,32.985              ,1816.667            ,1816.667            ,2180.000            ,2180.000            ,1816.667            ,1816.667            ,1816.667            ,1816.667            ,2180.000            ,0.632,0.63,0.947,0.947,0.691,0.691,0.584,0.585,14.908,4485.0,13947.0,24.873,384.0,40.2
2026-07-08 05:52:11,55.0,68.000              ,760.527,420.0,1200.0,0.0,55.5,55.500              ,55.5,55.5,55.5,55.5,55.5,55.5,55.5,34.611              ,26.929              ,53.497              ,33.901              ,47.625              ,18.752              ,55.970              ,8.866               ,35.019              ,1780.000            ,1780.000            ,2225.000            ,2225.000            ,1780.000            ,1780.000            ,1780.000            ,1780.000            ,2225.000            ,0.635,0.635,0.878,0.878,0.704,0.698,0.685,0.684,15.029,4484.0,13944.0,20.23,385.0,49.43
2026-07-08 05:52:12,55.0,69.000              ,760.531,508.0,1200.0,0.0,55.5,55.500              ,55.5,55.5,55.5,55.5,55.5,55.5,55.5,35.485              ,26.970              ,59.635              ,30.244              ,55.747              ,16.351              ,49.767              ,12.432              ,35.829              ,1820.000            ,1820.000            ,2275.000            ,2275.000            ,1820.000            ,1820.000            ,1820.000            ,1820.000            ,2275.000            ,0.62,0.62,0.902,0.903,0.747,0.753,0.649,0.65,15.098,4484.0,13944.0,19.082,386.0,52.41
2026-07-08 05:52:13,55.0,71.000              ,759.531,364.0,1200.0,0.0,55.5,55.500              ,55.5,55.5,55.5,55.5,55.5,55.5,55.5,37.673              ,30.760              ,46.027              ,29.460              ,58.890              ,16.068              ,53.402              ,14.800              ,35.885              ,1783.333            ,1783.333            ,2140.000            ,2140.000            ,1783.333            ,1783.333            ,1783.333            ,1783.333            ,2140.000            ,0.662,0.662,0.694,0.699,0.825,0.825,0.735,0.734,15.148,4484.0,13945.0,24.898,387.0,40.16
2026-07-08 05:52:14,55.0,70.000              ,759.527,352.0,1200.0,0.0,55.5,55.500              ,55.5,55.5,55.5,55.5,55.5,55.5,55.5,38.257              ,25.990              ,48.838              ,36.197              ,64.955              ,10.904              ,43.894              ,12.472              ,35.188              ,1800.000            ,1800.000            ,1800.000            ,1800.000            ,2250.000            ,2250.000            ,1800.000            ,1800.000            ,2250.000            ,0.646,0.647,0.839,0.833,0.772,0.782,0.626,0.628,15.082,4483.0,13945.0,22.602,388.0,44.24
2026-07-08 05:52:15,55.0,68.000              ,759.527,364.0,1200.0,0.0,55.5,55.500              ,55.5,55.5,55.5,55.5,55.5,55.5,55.5,53.217              ,31.131              ,52.826              ,45.077              ,61.807              ,27.456              ,50.916              ,22.457              ,43.111              ,1783.333            ,1783.333            ,2140.000            ,2140.000            ,1783.333            ,1783.333            ,1783.333            ,1783.333            ,2140.000            ,0.647,0.646,0.803,0.795,0.733,0.723,0.574,0.574,15.333,4488.0,13945.0,24.929,389.0,40.11
2026-07-08 05:52:16,55.0,72.000              ,759.527,375.0,1200.0,0.0,55.5,55.500              ,55.5,55.5,55.5,55.5,55.5,55.5,55.5,50.038              ,28.231              ,48.134              ,31.870              ,61.959              ,20.281              ,50.019              ,12.072              ,37.825              ,1533.333            ,1550.000            ,1860.000            ,1860.000            ,1550.000            ,1550.000            ,1550.000            ,1550.000            ,1860.000            ,0.659,0.659,0.658,0.663,0.75,0.745,0.544,0.544,14.54,4488.0,13945.0,28.608,390.0,34.96
2026-07-08 05:52:17,55.0,73.000              ,759.531,200.0,1200.0,0.0,55.5,55.500              ,55.5,55.5,55.5,55.5,55.5,55.5,55.5,42.990              ,20.967              ,55.045              ,33.082              ,59.837              ,17.163              ,49.491              ,10.738              ,36.164              ,1750.000            ,2100.000            ,1750.000            ,1750.000            ,2100.000            ,2100.000            ,1750.000            ,1750.000            ,2100.000            ,0.654,0.654,0.829,0.829,0.767,0.772,0.627,0.627,15.023,4494.0,13944.0,22.604,391.0,44.24
2026-07-08 05:52:18,55.0,68.000              ,759.531,406.0,1200.0,0.0,55.5,55.500              ,55.5,55.5,55.5,55.5,55.5,55.5,55.5,59.518              ,38.431              ,52.334              ,44.294              ,66.408              ,26.015              ,58.493              ,23.101              ,46.074              ,1900.000            ,1900.000            ,2375.000            ,2375.000            ,1920.000            ,1920.000            ,1920.000            ,1920.000            ,2375.000            ,0.712,0.712,0.757,0.757,0.739,0.731,0.625,0.625,15.348,4501.0,13947.0,24.758,392.0,40.39
2026-07-08 05:52:19,55.0,69.000              ,759.535,310.0,1200.0,0.0,55.5,55.500              ,55.5,55.5,55.5,55.5,55.5,55.5,55.5,59.733              ,39.697              ,57.532              ,48.365              ,61.418              ,31.015              ,54.020              ,21.618              ,46.675              ,1650.000            ,1650.000            ,1980.000            ,1980.000            ,1633.333            ,1633.333            ,1650.000            ,1650.000            ,1980.000            ,0.694,0.694,0.758,0.758,0.691,0.699,0.572,0.572,15.154,4617.0,14037.0,27.339,393.0,36.58
2026-07-08 05:52:20,55.0,76.000              ,759.531,200.0,1200.0,0.0,55.5,55.500              ,55.5,55.5,55.5,55.5,55.5,55.5,55.5,82.535              ,77.726              ,78.014              ,79.036              ,77.507              ,66.341              ,81.068              ,63.155              ,75.673              ,1600.000            ,1600.000            ,1357.143            ,1357.143            ,1357.143            ,1357.143            ,1357.143            ,1357.143            ,1600.000            ,0.786,0.779,0.75,0.751,0.702,0.705,0.692,0.692,15.476,4660.0,14024.0,26.533,394.0,37.69
2026-07-08 05:52:21,55.0,88.000              ,759.531,265.0,1200.0,0.0,55.5,55.500              ,55.5,55.5,55.5,55.5,55.5,55.5,55.5,67.291              ,44.746              ,59.461              ,68.872              ,62.430              ,52.699              ,69.616              ,58.318              ,60.429              ,1400.000            ,1400.000            ,1400.000            ,1400.000            ,1400.000            ,1400.000            ,1400.000            ,1400.000            ,1400.000            ,0.56,0.573,0.648,0.647,0.599,0.596,0.7,0.7,14.607,4744.0,14090.0,34.321,395.0,29.14
2026-07-08 05:52:22,55.0,89.000              ,761.039,442.0,1200.0,0.0,55.5,55.500              ,55.5,55.5,55.5,55.5,55.5,55.5,55.5,45.675              ,41.935              ,56.768              ,51.650              ,53.426              ,27.710              ,53.170              ,20.293              ,43.828              ,1342.857            ,1342.857            ,1583.333            ,1583.333            ,1357.143            ,1357.143            ,1357.143            ,1357.143            ,1583.333            ,0.583,0.571,0.758,0.758,0.584,0.584,0.536,0.536,14.679,4634.0,13972.0,28.07,396.0,35.63
2026-07-08 05:52:23,55.0,75.000              ,761.035,476.0,1200.0,0.0,55.5,55.500              ,55.5,55.5,55.5,55.5,55.5,55.5,55.5,53.058              ,27.180              ,49.413              ,29.985              ,55.850              ,17.992              ,50.453              ,10.531              ,36.808              ,1766.667            ,1766.667            ,2120.000            ,2120.000            ,1766.667            ,1766.667            ,1783.333            ,1783.333            ,2120.000            ,0.706,0.707,0.659,0.659,0.684,0.685,0.575,0.576,14.989,4631.0,13972.0,25.616,397.0,39.04
2026-07-08 05:52:24,55.0,67.000              ,761.035,393.0,1200.0,0.0,55.5,55.500              ,55.5,55.5,55.5,55.5,55.5,55.5,55.5,62.436              ,47.547              ,63.526              ,56.502              ,65.575              ,43.023              ,65.591              ,34.642              ,54.855              ,1960.000            ,1940.000            ,1940.000            ,1940.000            ,1616.667            ,1633.333            ,1633.333            ,1633.333            ,1960.000            ,0.674,0.673,0.74,0.746,0.697,0.686,0.66,0.659,15.153,4642.0,13984.0,22.77,398.0,43.92
2026-07-08 05:52:25,55.0,74.000              ,763.277,400.0,1200.0,0.0,55.5,55.500              ,55.5,55.5,55.5,55.5,55.5,55.5,55.5,61.456              ,41.154              ,48.425              ,62.979              ,65.888              ,25.548              ,50.861              ,29.478              ,48.224              ,1500.000            ,1500.000            ,1800.000            ,1800.000            ,1516.667            ,1516.667            ,1516.667            ,1516.667            ,1800.000            ,0.672,0.672,0.738,0.734,0.614,0.623,0.559,0.56,15.041,4651.0,13984.0,21.083,399.0,47.43
2026-07-08 05:52:26,55.0,77.000              ,760.273,442.0,1200.0,0.0,55.5,55.500              ,55.5,55.5,55.5,55.5,55.5,55.5,55.5,42.400              ,22.460              ,29.660              ,58.396              ,51.422              ,14.994              ,36.604              ,12.639              ,33.572              ,1616.667            ,1616.667            ,1940.000            ,1940.000            ,1616.667            ,1616.667            ,1616.667            ,1616.667            ,1940.000            ,0.59,0.59,0.861,0.862,0.592,0.592,0.478,0.477,14.797,4648.0,13978.0,22.986,400.0,43.5
2026-07-08 05:52:27,55.0,71.000              ,759.895,387.0,1200.0,0.0,55.5,55.500              ,55.5,55.5,55.5,55.5,55.5,55.5,55.5,31.956              ,28.768              ,57.443              ,28.971              ,52.762              ,19.062              ,39.356              ,9.799               ,33.515              ,1840.000            ,1820.000            ,1820.000            ,1820.000            ,2275.000            ,2275.000            ,1820.000            ,1820.000            ,2275.000            ,0.648,0.65,0.919,0.924,0.799,0.799,0.577,0.577,14.945,4650.0,13977.0,22.444,401.0,44.56
2026-07-08 05:52:28,55.0,69.000              ,759.906,200.0,1200.0,0.0,55.5,55.500              ,55.5,55.5,55.5,55.5,55.5,55.5,55.5,40.192              ,31.534              ,61.576              ,29.295              ,51.367              ,16.534              ,40.698              ,15.024              ,35.777              ,1780.000            ,1800.000            ,2250.000            ,2250.000            ,1800.000            ,1800.000            ,1800.000            ,1800.000            ,2250.000            ,0.701,0.689,0.928,0.922,0.688,0.688,0.593,0.593,15.128,4651.0,13977.0,22.539,402.0,44.37
2026-07-08 05:52:29,55.0,69.000              ,759.906,200.0,1200.0,0.0,55.5,55.500              ,55.5,55.5,55.5,55.5,55.5,55.5,55.5,41.599              ,28.634              ,44.142              ,28.091              ,61.717              ,13.456              ,50.188              ,12.434              ,35.033              ,1780.000            ,1780.000            ,2225.000            ,2225.000            ,1780.000            ,1780.000            ,1780.000            ,1780.000            ,2225.000            ,0.638,0.649,0.675,0.675,0.776,0.776,0.616,0.616,15.002,4653.0,13977.0,25.793,403.0,38.77
2026-07-08 05:52:30,55.0,68.000              ,759.895,375.0,1200.0,0.0,55.5,55.500              ,55.5,55.5,55.5,55.5,55.5,55.5,55.5,44.522              ,30.681              ,45.212              ,34.685              ,58.677              ,18.240              ,52.442              ,13.751              ,37.276              ,1780.000            ,1780.000            ,1780.000            ,1780.000            ,2225.000            ,2225.000            ,1780.000            ,1780.000            ,2225.000            ,0.663,0.662,0.665,0.677,0.785,0.787,0.665,0.673,15.035,4638.0,13952.0,21.911,404.0,45.64
2026-07-08 05:52:31,55.0,69.000              ,759.898,375.0,1200.0,0.0,55.5,55.500              ,55.5,55.5,55.5,55.5,55.5,55.5,55.5,43.882              ,35.353              ,49.353              ,39.788              ,54.269              ,24.305              ,51.965              ,20.175              ,39.886              ,1800.000            ,1800.000            ,1800.000            ,1800.000            ,1800.000            ,1800.000            ,2160.000            ,2140.000            ,2160.000            ,0.702,0.702,0.827,0.815,0.719,0.717,0.708,0.702,14.967,4637.0,13951.0,22.918,405.0,43.63
2026-07-08 05:52:32,55.0,69.000              ,763.902,420.0,1200.0,0.0,55.5,55.500              ,55.5,55.5,55.5,55.5,55.5,55.5,55.5,40.747              ,33.319              ,53.502              ,34.982              ,48.150              ,15.181              ,46.360              ,16.618              ,36.107              ,1780.000            ,1780.000            ,2250.000            ,2250.000            ,1800.000            ,1800.000            ,1800.000            ,1800.000            ,2250.000            ,0.679,0.681,0.893,0.893,0.668,0.668,0.676,0.677,15.185,4634.0,13959.0,22.515,406.0,44.41
2026-07-08 05:52:33,55.0,69.000              ,763.906,400.0,1200.0,0.0,55.5,55.500              ,55.5,55.5,55.5,55.5,55.5,55.5,55.5,34.974              ,25.320              ,47.856              ,32.572              ,41.026              ,15.240              ,42.690              ,7.101               ,30.847              ,1840.000            ,1840.000            ,2300.000            ,2300.000            ,1840.000            ,1840.000            ,1840.000            ,1840.000            ,2300.000            ,0.677,0.675,0.953,0.953,0.67,0.67,0.6,0.599,14.838,4638.0,13958.0,24.52,407.0,40.78
2026-07-08 05:52:34,55.0,70.000              ,763.902,370.0,1200.0,0.0,55.5,55.500              ,55.5,55.5,55.5,55.5,55.5,55.5,55.5,37.817              ,26.826              ,56.719              ,35.719              ,47.644              ,21.439              ,50.559              ,14.558              ,36.410              ,1820.000            ,1820.000            ,2275.000            ,2275.000            ,1820.000            ,1820.000            ,1820.000            ,1820.000            ,2275.000            ,0.64,0.641,0.952,0.952,0.717,0.717,0.661,0.661,15.224,4637.0,13958.0,22.611,408.0,44.23
2026-07-08 05:52:35,55.0,69.000              ,763.527,352.0,1200.0,0.0,55.5,55.500              ,55.5,55.5,55.5,55.5,55.5,55.5,55.5,40.668              ,26.844              ,51.222              ,37.297              ,53.981              ,16.795              ,49.193              ,14.657              ,36.332              ,1800.000            ,1800.000            ,2250.000            ,2250.000            ,1800.000            ,1800.000            ,1800.000            ,1780.000            ,2250.000            ,0.651,0.65,0.881,0.881,0.715,0.715,0.647,0.647,15.07,4637.0,13957.0,21.447,409.0,46.63
2026-07-08 05:52:36,55.0,68.000              ,763.906,200.0,1200.0,0.0,55.5,55.500              ,55.5,55.5,55.5,55.5,55.5,55.5,55.5,34.654              ,23.414              ,57.855              ,27.032              ,49.958              ,18.627              ,40.908              ,12.861              ,33.164              ,1820.000            ,1820.000            ,2275.000            ,2300.000            ,1840.000            ,1840.000            ,1840.000            ,1840.000            ,2300.000            ,0.641,0.647,0.938,0.938,0.783,0.783,0.624,0.625,15.021,4637.0,13950.0,19.422,410.0,51.49
2026-07-08 05:52:37,55.0,69.000              ,763.906,413.0,1200.0,0.0,55.5,55.500              ,55.5,55.5,55.5,55.5,55.5,55.5,55.5,42.606              ,28.759              ,60.806              ,27.952              ,52.368              ,20.626              ,46.324              ,19.604              ,37.380              ,1800.000            ,1800.000            ,2250.000            ,2250.000            ,1800.000            ,1800.000            ,1800.000            ,1800.000            ,2250.000            ,0.678,0.672,0.877,0.877,0.724,0.724,0.677,0.675,15.029,4637.0,13950.0,19.074,411.0,52.43
2026-07-08 05:52:38,55.0,69.000              ,763.91,450.0,1200.0,0.0,55.5,55.500              ,55.5,55.5,55.5,55.5,55.5,55.5,55.5,43.003              ,23.382              ,38.835              ,28.282              ,62.163              ,11.996              ,45.016              ,12.120              ,33.100              ,1780.000            ,1780.000            ,1780.000            ,1780.000            ,2225.000            ,2225.000            ,1780.000            ,1780.000            ,2225.000            ,0.647,0.647,0.622,0.622,0.826,0.829,0.577,0.577,15.005,4637.0,13949.0,24.343,412.0,41.08
2026-07-08 05:52:39,55.0,69.000              ,763.906,350.0,1200.0,0.0,55.5,55.500              ,55.5,55.5,55.5,55.5,55.5,55.5,55.5,43.328              ,27.617              ,37.724              ,51.704              ,49.769              ,13.165              ,38.735              ,10.269              ,34.039              ,1840.000            ,1840.000            ,1840.000            ,1840.000            ,2300.000            ,2300.000            ,1840.000            ,1840.000            ,2300.000            ,0.713,0.715,0.948,0.948,0.696,0.694,0.562,0.562,15.068,4636.0,13949.0,25.311,413.0,39.51
2026-07-08 05:52:40,55.0,70.000              ,765.57,200.0,1200.0,0.0,55.5,55.500              ,55.5,55.5,55.5,55.5,55.5,55.5,55.5,47.570              ,29.856              ,52.847              ,44.387              ,55.375              ,24.307              ,56.340              ,12.036              ,40.340              ,1783.333            ,1783.333            ,2140.000            ,2140.000            ,1783.333            ,1783.333            ,1783.333            ,1783.333            ,2140.000            ,0.682,0.68,0.89,0.89,0.75,0.75,0.62,0.62,15.07,4635.0,13950.0,24.114,414.0,41.47
2026-07-08 05:52:41,55.0,68.000              ,766.859,381.0,1200.0,0.0,55.5,55.500              ,55.5,55.5,55.5,55.5,55.5,55.5,55.5,38.457              ,23.116              ,55.672              ,24.924              ,44.204              ,21.153              ,50.557              ,6.581               ,33.083              ,2040.000            ,2040.000            ,1700.000            ,1700.000            ,1700.000            ,1700.000            ,1700.000            ,1700.000            ,2040.000            ,0.633,0.633,0.791,0.791,0.709,0.71,0.602,0.602,14.989,4635.0,13952.0,22.43,415.0,44.58
2026-07-08 05:52:42,55.0,68.000              ,764.273,200.0,1200.0,0.0,55.5,55.500              ,55.5,55.5,55.5,55.5,55.5,55.5,55.5,32.911              ,19.748              ,57.862              ,30.332              ,48.160              ,18.832              ,43.306              ,9.166               ,32.539              ,1860.000            ,1860.000            ,2350.000            ,2350.000            ,1880.000            ,1880.000            ,1880.000            ,1880.000            ,2350.000            ,0.575,0.577,0.906,0.906,0.735,0.734,0.564,0.564,14.969,4634.0,13950.0,20.071,416.0,49.82
2026-07-08 05:52:43,55.0,68.000              ,773.984,435.0,1200.0,0.0,55.5,55.500              ,55.5,55.5,55.5,55.5,55.5,55.5,55.5,46.292              ,27.836              ,47.614              ,34.586              ,62.744              ,25.890              ,52.472              ,26.196              ,40.454              ,1800.000            ,1800.000            ,2250.000            ,2250.000            ,1800.000            ,1800.000            ,1800.000            ,1800.000            ,2250.000            ,0.599,0.591,0.703,0.703,0.777,0.777,0.65,0.65,15.374,4648.0,13962.0,31.36,417.0,31.89
2026-07-08 05:52:44,55.0,75.000              ,773.984,200.0,1200.0,0.0,55.625,55.625              ,55.625,55.625,55.625,55.625,55.625,55.625,55.625,20.746              ,22.229              ,67.290              ,15.254              ,37.963              ,11.749              ,29.244              ,7.064               ,26.442              ,1583.333            ,1583.333            ,1900.000            ,1900.000            ,1900.000            ,1900.000            ,1583.333            ,1583.333            ,1900.000            ,0.645,0.653,1.471,1.471,0.749,0.749,0.547,0.547,13.92,4652.0,13961.0,23.87,418.0,41.89
2026-07-08 05:52:45,56.0,41.000              ,773.984,200.0,1200.0,0.0,56.125,56.125              ,56.125,56.125,56.125,56.125,56.125,56.125,56.125,8.857               ,10.231              ,70.406              ,4.363               ,19.215              ,6.959               ,15.445              ,3.495               ,17.371              ,2540.000            ,2540.000            ,2560.000            ,2560.000            ,2560.000            ,2560.000            ,3275.000            ,3275.000            ,3275.000            ,0.706,0.706,2.228,2.232,0.914,0.9,0.752,0.753,14.868,4656.0,13880.0,0.0,419.0,
2026-07-08 05:52:46,56.0,0.000               ,773.984,200.0,1200.0,0.0,56.375,56.375              ,56.375,56.375,56.375,56.375,56.375,56.375,56.375,16.924              ,8.657               ,70.508              ,8.927               ,22.549              ,5.129               ,14.357              ,3.136               ,18.773              ,2360.000            ,2360.000            ,2400.000            ,2400.000            ,3000.000            ,3000.000            ,3450.000            ,3450.000            ,3450.000            ,0.798,0.798,2.516,2.513,0.837,0.851,0.616,0.615,15.322,4237.0,13129.0,0.0,420.0,
2026-07-08 05:52:47,56.0,0.000               ,773.984,200.0,1200.0,0.0,56.625,56.625              ,56.625,56.625,56.625,56.625,56.625,56.625,56.625,8.746               ,5.283               ,67.591              ,6.835               ,25.316              ,2.924               ,23.852              ,8.215               ,18.595              ,2133.333            ,2133.333            ,3200.000            ,3200.000            ,2133.333            ,2133.333            ,2133.333            ,2150.000            ,3200.000            ,0.614,0.615,2.438,2.438,0.885,0.885,0.969,0.969,15.032,4169.0,12561.0,0.0,421.0,
2026-07-08 05:52:48,56.0,0.000               ,773.984,200.0,1200.0,0.0,56.75,56.750              ,56.75,56.75,56.75,56.75,56.75,56.75,56.75,26.020              ,13.106              ,60.352              ,3.146               ,22.624              ,14.410              ,6.896               ,4.905               ,18.932              ,2000.000            ,2000.000            ,3500.000            ,3500.000            ,2000.000            ,2000.000            ,2000.000            ,2000.000            ,3500.000            ,1.049,1.049,1.966,1.966,1.056,1.056,0.572,0.572,15.306,3832.0,12087.0,0.0,422.0,
2026-07-08 05:52:49,56.0,0.000               ,743.434,200.0,1200.0,0.0,56.5,56.500              ,56.5,56.5,56.5,56.5,56.5,56.5,56.5,15.889              ,18.441              ,53.430              ,30.743              ,23.919              ,5.977               ,25.007              ,16.253              ,23.707              ,2116.667            ,2116.667            ,3175.000            ,3175.000            ,2120.000            ,2120.000            ,2120.000            ,2120.000            ,3175.000            ,1.028,1.028,2.085,2.093,0.824,0.824,0.939,0.942,15.25,3486.0,11114.0,5283.686,423.0,0.19
2026-07-08 05:52:50,56.0,0.000               ,726.359,200.0,1200.0,0.0,56.875,56.875              ,56.875,56.875,56.875,56.875,56.875,56.875,56.875,9.353               ,6.165               ,3.557               ,90.722              ,27.772              ,3.456               ,9.942               ,9.502               ,20.059              ,2050.000            ,2050.000            ,3075.000            ,3100.000            ,2066.667            ,2066.667            ,2066.667            ,2066.667            ,3100.000            ,0.518,0.518,2.918,2.91,0.79,0.792,0.6,0.601,14.925,3431.0,11156.0,0.0,424.0,
2026-07-08 05:52:51,57.0,0.000               ,686.086,200.0,1200.0,0.0,57.125,57.125              ,57.125,57.125,57.125,57.125,57.125,57.125,57.125,9.124               ,2.702               ,2.570               ,84.033              ,25.801              ,3.018               ,14.830              ,6.611               ,18.586              ,2033.333            ,2033.333            ,3050.000            ,3050.000            ,2033.333            ,2033.333            ,2033.333            ,2033.333            ,3050.000            ,0.488,0.488,3.151,3.173,0.878,0.876,0.658,0.654,14.759,3370.0,10896.0,2316.279,425.0,0.43
2026-07-08 05:52:52,56.0,4.000               ,686.086,200.0,1200.0,0.0,56.75,56.750              ,56.75,56.75,56.75,56.75,56.75,56.75,56.75,8.391               ,3.592               ,1.430               ,76.140              ,43.631              ,17.619              ,29.913              ,3.092               ,22.976              ,2440.000            ,2440.000            ,2440.000            ,2440.000            ,2440.000            ,2440.000            ,3350.000            ,3350.000            ,3350.000            ,0.54,0.541,2.417,2.418,1.452,1.452,0.987,0.987,15.332,3193.0,10554.0,0.0,426.0,
2026-07-08 05:52:53,57.0,4.000               ,686.086,200.0,1200.0,0.0,57.0,57.000              ,57.0,57.0,57.0,57.0,57.0,57.0,57.0,9.392               ,7.181               ,2.449               ,96.471              ,16.276              ,13.718              ,21.865              ,15.507              ,22.857              ,1600.000            ,1600.000            ,3200.000            ,3375.000            ,1687.500            ,1687.500            ,1500.000            ,1500.000            ,3375.000            ,0.544,0.543,3.376,3.346,0.827,0.83,0.946,0.946,15.003,3208.0,10576.0,0.0,427.0,
2026-07-08 05:52:54,57.0,0.000               ,686.086,200.0,1200.0,0.0,57.875,57.875              ,57.875,57.875,57.875,57.875,57.875,57.875,57.875,6.159               ,2.872               ,2.871               ,96.941              ,11.052              ,9.191               ,12.876              ,7.602               ,18.695              ,1728.571            ,1728.571            ,3025.000            ,3050.000            ,2033.333            ,2033.333            ,2033.333            ,2033.333            ,3050.000            ,0.258,0.258,3.665,3.736,0.59,0.587,0.613,0.613,14.885,3271.0,10599.0,0.0,428.0,
2026-07-08 05:52:55,57.0,0.000               ,682.652,200.0,1200.0,0.0,57.5,57.500              ,57.5,57.5,57.5,57.5,57.5,57.5,57.5,8.005               ,8.385               ,2.599               ,87.442              ,17.085              ,2.041               ,14.057              ,4.115               ,17.966              ,1612.500            ,1612.500            ,3225.000            ,3250.000            ,1625.000            ,1625.000            ,1857.143            ,1857.143            ,3250.000            ,0.634,0.634,2.916,2.864,0.716,0.716,0.663,0.663,15.178,3278.0,10377.0,3605.179,429.0,0.28
2026-07-08 05:52:56,57.0,0.000               ,613.387,200.0,1200.0,0.0,57.25,57.250              ,57.25,57.25,57.25,57.25,57.25,57.25,57.25,16.943              ,6.201               ,7.968               ,79.431              ,14.379              ,11.312              ,14.757              ,8.215               ,19.901              ,1942.857            ,1942.857            ,3400.000            ,3375.000            ,1928.571            ,1928.571            ,1928.571            ,1928.571            ,3400.000            ,0.69,0.69,2.672,2.672,0.745,0.745,0.702,0.704,15.237,3256.0,9840.0,1313.095,430.0,0.76
2026-07-08 05:52:57,55.0,18.000              ,613.387,200.0,1200.0,0.0,55.75,55.750              ,55.75,55.75,55.75,55.75,55.75,55.75,55.75,32.118              ,15.195              ,47.887              ,33.467              ,44.353              ,12.847              ,44.776              ,11.259              ,30.238              ,2160.000            ,2160.000            ,2700.000            ,2700.000            ,2160.000            ,2160.000            ,2160.000            ,2160.000            ,2700.000            ,0.715,0.715,1.222,1.226,0.906,0.906,0.87,0.868,15.192,3122.0,9846.0,66.804,431.0,14.97
2026-07-08 05:52:58,55.0,42.000              ,613.371,200.0,1200.0,0.0,55.5,55.500              ,55.5,55.5,55.5,55.5,55.5,55.5,55.5,21.539              ,11.494              ,58.701              ,17.926              ,25.476              ,4.285               ,26.672              ,4.525               ,21.327              ,2120.000            ,2120.000            ,2650.000            ,2650.000            ,2120.000            ,2120.000            ,2120.000            ,2120.000            ,2650.000            ,0.69,0.69,1.393,1.394,0.719,0.719,0.674,0.674,14.567,3128.0,9842.0,33.228,432.0,30.1
2026-07-08 05:52:59,55.0,49.000              ,643.094,200.0,1200.0,0.0,55.5,55.500              ,55.5,55.5,55.5,55.5,55.5,55.5,55.5,43.758              ,11.489              ,44.436              ,19.292              ,28.277              ,5.271               ,23.644              ,11.951              ,23.515              ,2480.000            ,2480.000            ,3100.000            ,3100.000            ,2480.000            ,2480.000            ,2480.000            ,2480.000            ,3100.000            ,0.978,0.978,1.149,1.145,0.742,0.742,0.694,0.694,15.161,3155.0,9831.0,43.253,433.0,23.12
2026-07-08 05:53:00,55.0,57.000              ,643.094,200.0,1200.0,0.0,55.5,55.500              ,55.5,55.5,55.5,55.5,55.5,55.5,55.5,26.877              ,9.550               ,43.998              ,17.037              ,31.018              ,4.335               ,21.134              ,1.659               ,19.451              ,2320.000            ,2320.000            ,2925.000            ,2925.000            ,2340.000            ,2340.000            ,2340.000            ,2340.000            ,2925.000            ,0.788,0.788,1.23,1.232,0.832,0.832,0.59,0.59,15.074,3148.0,9833.0,17.471,434.0,57.24
2026-07-08 05:53:01,55.0,64.000              ,643.094,200.0,1200.0,0.0,55.5,55.500              ,55.5,55.5,55.5,55.5,55.5,55.5,55.5,29.729              ,22.204              ,54.300              ,24.764              ,30.655              ,10.414              ,37.468              ,11.627              ,27.645              ,2420.000            ,2420.000            ,3025.000            ,3025.000            ,2420.000            ,2420.000            ,2420.000            ,2420.000            ,3025.000            ,0.83,0.83,1.267,1.265,0.783,0.783,0.756,0.756,15.546,3167.0,9842.0,17.905,435.0,55.85
2026-07-08 05:53:02,55.0,62.000              ,643.094,200.0,1200.0,0.0,55.375,55.375              ,55.375,55.375,55.375,55.375,55.375,55.375,55.375,32.238              ,15.376              ,43.902              ,22.802              ,41.963              ,8.141               ,32.362              ,9.367               ,25.769              ,1840.000            ,1840.000            ,2300.000            ,2300.000            ,1840.000            ,1840.000            ,1840.000            ,1840.000            ,2300.000            ,0.678,0.678,0.971,0.976,0.757,0.757,0.612,0.612,14.609,3200.0,9840.0,19.75,436.0,50.63
2026-07-08 05:53:03,55.0,62.000              ,643.113,200.0,1200.0,0.0,55.25,55.250              ,55.25,55.25,55.25,55.25,55.25,55.25,55.25,16.106              ,10.844              ,40.032              ,14.999              ,30.281              ,0.000               ,12.925              ,5.493               ,16.335              ,2460.000            ,2460.000            ,3075.000            ,3075.000            ,2460.000            ,2460.000            ,2460.000            ,2460.000            ,3075.000            ,0.732,0.732,1.215,1.213,0.762,0.762,0.587,0.591,14.96,3199.0,9840.0,23.024,437.0,43.43
2026-07-08 05:53:04,55.0,60.000              ,643.113,200.0,1200.0,0.0,55.375,55.375              ,55.375,55.375,55.375,55.375,55.375,55.375,55.375,9.760               ,8.202               ,55.923              ,9.966               ,20.421              ,1.407               ,9.912               ,4.804               ,15.049              ,2500.000            ,2500.000            ,3125.000            ,3125.000            ,2500.000            ,2500.000            ,2500.000            ,2500.000            ,3125.000            ,0.583,0.583,1.552,1.552,0.613,0.615,0.533,0.529,14.269,3044.0,9686.0,17.201,438.0,58.14
2026-07-08 05:53:05,55.0,29.000              ,489.609,200.0,1200.0,0.0,55.875,55.875              ,55.875,55.875,55.875,55.875,55.875,55.875,55.875,26.777              ,28.765              ,53.975              ,32.151              ,42.626              ,19.266              ,26.728              ,17.114              ,30.925              ,2333.333            ,2333.333            ,3500.000            ,3500.000            ,2333.333            ,2333.333            ,2333.333            ,2333.333            ,3500.000            ,1.156,1.156,2.53,2.53,1.362,1.362,1.045,1.045,16.486,2837.0,8251.0,0.0,439.0,
2026-07-08 05:53:06,55.0,12.000              ,533.914,200.0,1200.0,0.0,55.25,55.250              ,55.25,55.25,55.25,55.25,55.25,55.25,55.25,25.898              ,13.333              ,32.886              ,12.333              ,44.452              ,25.253              ,36.737              ,17.649              ,26.068              ,1820.000            ,1820.000            ,1820.000            ,1820.000            ,2275.000            ,2275.000            ,1820.000            ,1820.000            ,2275.000            ,0.723,0.723,0.802,0.802,1.377,1.376,0.979,0.979,13.853,2870.0,8209.0,0.0,440.0,
