08-07-2026 06:22:38,GPU temperature,GPU usage,Memory usage,Core clock,Memory clock,Fan tachometer,CPU1 temperature,CPU2 temperature,CPU3 temperature,CPU4 temperature,CPU5 temperature,CPU6 temperature,CPU7 temperature,CPU8 temperature,CPU temperature,CPU1 usage,CPU2 usage,CPU3 usage,CPU4 usage,CPU5 usage,CPU6 usage,CPU7 usage,CPU8 usage,CPU usage,CPU1 clock,CPU2 clock,CPU3 clock,CPU4 clock,CPU5 clock,CPU6 clock,CPU7 clock,CPU8 clock,CPU clock,CPU1 power,CPU2 power,CPU3 power,CPU4 power,CPU5 power,CPU6 power,CPU7 power,CPU8 power,CPU power,RAM usage,Commit charge,frametime,elapsed,fps
2026-07-08 06:22:38,0.0,°C                  ,0.0,100.0,10.0,,,,,,,,,,,,,,,,,,,,,,,,,,,,,,,,,,,,,,,,,0.0,
2026-07-08 06:22:38,1.0,%                   ,0.0,100.0,10.0,,,,,,,,,,,,,,,,,,,,,,,,,,,,,,,,,,,,,,,,,0.0,
2026-07-08 06:22:38,2.0,MB                  ,0.0,8192.0,10.0,,,,,,,,,,,,,,,,,,,,,,,,,,,,,,,,,,,,,,,,,0.0,
2026-07-08 06:22:38,3.0,MHz                 ,0.0,2500.0,10.0,,,,,,,,,,,,,,,,,,,,,,,,,,,,,,,,,,,,,,,,,0.0,
2026-07-08 06:22:38,4.0,MHz                 ,0.0,7500.0,10.0,,,,,,,,,,,,,,,,,,,,,,,,,,,,,,,,,,,,,,,,,0.0,
2026-07-08 06:22:38,5.0,RPM                 ,0.0,10000.0,10.0,,,,,,,,,,,,,,,,,,,,,,,,,,,,,,,,,,,,,,,,,0.0,
2026-07-08 06:22:38,6.0,°C                  ,0.0,100.0,10.0,,,,,,,,,,,,,,,,,,,,,,,,,,,,,,,,,,,,,,,,,0.0,
2026-07-08 06:22:38,7.0,°C                  ,0.0,100.0,10.0,,,,,,,,,,,,,,,,,,,,,,,,,,,,,,,,,,,,,,,,,0.0,
2026-07-08 06:22:38,8.0,°C                  ,0.0,100.0,10.0,,,,,,,,,,,,,,,,,,,,,,,,,,,,,,,,,,,,,,,,,0.0,
2026-07-08 06:22:38,9.0,°C                  ,0.0,100.0,10.0,,,,,,,,,,,,,,,,,,,,,,,,,,,,,,,,,,,,,,,,,0.0,
2026-07-08 06:22:38,10.0,°C                  ,0.0,100.0,10.0,,,,,,,,,,,,,,,,,,,,,,,,,,,,,,,,,,,,,,,,,0.0,
2026-07-08 06:22:38,11.0,°C                  ,0.0,100.0,10.0,,,,,,,,,,,,,,,,,,,,,,,,,,,,,,,,,,,,,,,,,0.0,
2026-07-08 06:22:38,12.0,°C                  ,0.0,100.0,10.0,,,,,,,,,,,,,,,,,,,,,,,,,,,,,,,,,,,,,,,,,0.0,
2026-07-08 06:22:38,13.0,°C                  ,0.0,100.0,10.0,,,,,,,,,,,,,,,,,,,,,,,,,,,,,,,,,,,,,,,,,0.0,
2026-07-08 06:22:38,14.0,°C                  ,0.0,100.0,10.0,,,,,,,,,,,,,,,,,,,,,,,,,,,,,,,,,,,,,,,,,0.0,
2026-07-08 06:22:38,15.0,%                   ,0.0,100.0,10.0,,,,,,,,,,,,,,,,,,,,,,,,,,,,,,,,,,,,,,,,,0.0,
2026-07-08 06:22:38,16.0,%                   ,0.0,100.0,10.0,,,,,,,,,,,,,,,,,,,,,,,,,,,,,,,,,,,,,,,,,0.0,
2026-07-08 06:22:38,17.0,%                   ,0.0,100.0,10.0,,,,,,,,,,,,,,,,,,,,,,,,,,,,,,,,,,,,,,,,,0.0,
2026-07-08 06:22:38,18.0,%                   ,0.0,100.0,10.0,,,,,,,,,,,,,,,,,,,,,,,,,,,,,,,,,,,,,,,,,0.0,
2026-07-08 06:22:38,19.0,%                   ,0.0,100.0,10.0,,,,,,,,,,,,,,,,,,,,,,,,,,,,,,,,,,,,,,,,,0.0,
2026-07-08 06:22:38,20.0,%                   ,0.0,100.0,10.0,,,,,,,,,,,,,,,,,,,,,,,,,,,,,,,,,,,,,,,,,0.0,
2026-07-08 06:22:38,21.0,%                   ,0.0,100.0,10.0,,,,,,,,,,,,,,,,,,,,,,,,,,,,,,,,,,,,,,,,,0.0,
2026-07-08 06:22:38,22.0,%                   ,0.0,100.0,10.0,,,,,,,,,,,,,,,,,,,,,,,,,,,,,,,,,,,,,,,,,0.0,
2026-07-08 06:22:38,23.0,%                   ,0.0,100.0,10.0,,,,,,,,,,,,,,,,,,,,,,,,,,,,,,,,,,,,,,,,,0.0,
2026-07-08 06:22:38,24.0,MHz                 ,0.0,5000.0,10.0,,,,,,,,,,,,,,,,,,,,,,,,,,,,,,,,,,,,,,,,,0.0,
2026-07-08 06:22:38,25.0,MHz                 ,0.0,5000.0,10.0,,,,,,,,,,,,,,,,,,,,,,,,,,,,,,,,,,,,,,,,,0.0,
2026-07-08 06:22:38,26.0,MHz                 ,0.0,5000.0,10.0,,,,,,,,,,,,,,,,,,,,,,,,,,,,,,,,,,,,,,,,,0.0,
2026-07-08 06:22:38,27.0,MHz                 ,0.0,5000.0,10.0,,,,,,,,,,,,,,,,,,,,,,,,,,,,,,,,,,,,,,,,,0.0,
2026-07-08 06:22:38,28.0,MHz                 ,0.0,5000.0,10.0,,,,,,,,,,,,,,,,,,,,,,,,,,,,,,,,,,,,,,,,,0.0,
2026-07-08 06:22:38,29.0,MHz                 ,0.0,5000.0,10.0,,,,,,,,,,,,,,,,,,,,,,,,,,,,,,,,,,,,,,,,,0.0,
2026-07-08 06:22:38,30.0,MHz                 ,0.0,5000.0,10.0,,,,,,,,,,,,,,,,,,,,,,,,,,,,,,,,,,,,,,,,,0.0,
2026-07-08 06:22:38,31.0,MHz                 ,0.0,5000.0,10.0,,,,,,,,,,,,,,,,,,,,,,,,,,,,,,,,,,,,,,,,,0.0,
2026-07-08 06:22:38,32.0,MHz                 ,0.0,5000.0,10.0,,,,,,,,,,,,,,,,,,,,,,,,,,,,,,,,,,,,,,,,,0.0,
2026-07-08 06:22:38,33.0,W                   ,0.0,200.0,10.0,,,%.1f                ,,,,,,,,,,,,,,,,,,,,,,,,,,,,,,,,,,,,,,0.0,
2026-07-08 06:22:38,34.0,W                   ,0.0,200.0,10.0,,,%.1f                ,,,,,,,,,,,,,,,,,,,,,,,,,,,,,,,,,,,,,,0.0,
2026-07-08 06:22:38,35.0,W                   ,0.0,200.0,10.0,,,%.1f                ,,,,,,,,,,,,,,,,,,,,,,,,,,,,,,,,,,,,,,0.0,
2026-07-08 06:22:38,36.0,W                   ,0.0,200.0,10.0,,,%.1f                ,,,,,,,,,,,,,,,,,,,,,,,,,,,,,,,,,,,,,,0.0,
2026-07-08 06:22:38,37.0,W                   ,0.0,200.0,10.0,,,%.1f                ,,,,,,,,,,,,,,,,,,,,,,,,,,,,,,,,,,,,,,0.0,
2026-07-08 06:22:38,38.0,W                   ,0.0,200.0,10.0,,,%.1f                ,,,,,,,,,,,,,,,,,,,,,,,,,,,,,,,,,,,,,,0.0,
2026-07-08 06:22:38,39.0,W                   ,0.0,200.0,10.0,,,%.1f                ,,,,,,,,,,,,,,,,,,,,,,,,,,,,,,,,,,,,,,0.0,
2026-07-08 06:22:38,40.0,W                   ,0.0,200.0,10.0,,,%.1f                ,,,,,,,,,,,,,,,,,,,,,,,,,,,,,,,,,,,,,,0.0,
2026-07-08 06:22:38,41.0,W                   ,0.0,200.0,10.0,,,%.1f                ,,,,,,,,,,,,,,,,,,,,,,,,,,,,,,,,,,,,,,0.0,
2026-07-08 06:22:38,42.0,MB                  ,0.0,16384.0,10.0,,,,,,,,,,,,,,,,,,,,,,,,,,,,,,,,,,,,,,,,,0.0,
2026-07-08 06:22:38,43.0,MB                  ,0.0,16384.0,10.0,,,,,,,,,,,,,,,,,,,,,,,,,,,,,,,,,,,,,,,,,0.0,
2026-07-08 06:22:38,44.0,ms                  ,0.0,50.0,10.0,,,%.1f                ,,,,,,,,,,,,,,,,,,,,,,,,,,,,,,,,,,,,,,0.0,
2026-07-08 06:22:38,55.0,14.000              ,499.254,200.0,933.0,0.0,55.25,55.250              ,55.25,55.25,55.25,55.25,55.25,55.25,55.25,34.336,23.817,44.8,21.675,35.268,20.556,29.404,18.41,28.533,2650.0,2650.0,2650.0,2650.0,2650.0,2650.0,2650.0,2650.0,2650.0,2.035,2.035,2.37,2.363,1.939,1.939,1.621,1.621,15.789,4425.0,8572.0,,0.0,
2026-07-08 06:22:39,54.0,4.000               ,499.254,200.0,400.0,0.0,54.75,54.750              ,54.75,54.75,54.75,54.75,54.75,54.75,54.75,18.265,15.457,25.412,11.785,17.129,10.475,13.241,12.029,15.474,3375.0,3450.0,2760.0,2760.0,2300.0,2300.0,3325.0,3325.0,3450.0,1.028,1.028,1.405,1.405,0.858,0.858,0.791,0.791,10.15,4424.0,8551.0,,1.0,
2026-07-08 06:22:40,54.0,2.000               ,502.074,200.0,1067.0,0.0,54.5,54.500              ,54.5,54.5,54.5,54.5,54.5,54.5,54.5,25.339,17.768,41.301,21.41,27.797,18.375,28.19,16.584,24.595,1400.0,1400.0,1400.0,1400.0,1400.0,1400.0,1400.0,1400.0,1400.0,1.184,1.184,1.883,1.887,1.229,1.229,1.206,1.206,12.805,4462.0,8620.0,,2.0,
2026-07-08 06:22:41,65.0,16.000              ,504.453,200.0,1200.0,0.0,65.0,65.000              ,65.0,65.0,65.0,65.0,65.0,65.0,65.0,80.928,76.337,85.337,84.779,85.872,72.328,80.485,77.681,80.468,3300.0,3300.0,3300.0,3300.0,2640.0,2640.0,3300.0,3300.0,3300.0,3.997,3.997,4.256,4.267,3.924,3.924,3.994,3.994,25.81,4569.0,8742.0,,3.0,
2026-07-08 06:22:42,64.0,15.000              ,506.992,200.0,933.0,0.0,64.5,64.500              ,64.5,64.5,64.5,64.5,64.5,64.5,64.5,59.671,44.088,69.255,55.488,53.682,43.58,76.585,36.24,54.824,2740.0,2740.0,2283.333,2283.333,3425.0,3425.0,3425.0,3425.0,3425.0,3.199,3.199,4.043,4.074,3.152,3.152,3.877,3.877,23.321,4591.0,8770.0,,4.0,
2026-07-08 06:22:43,63.0,0.000               ,511.66,200.0,933.0,0.0,63.5,63.500              ,63.5,63.5,63.5,63.5,63.5,63.5,63.5,17.557,6.771,7.212,56.212,29.006,14.588,18.437,35.453,23.155,1737.5,1737.5,3475.0,3475.0,2720.0,2720.0,3400.0,3400.0,3475.0,1.206,1.206,3.065,2.981,1.852,1.856,2.204,2.204,16.548,4694.0,8867.0,,5.0,
2026-07-08 06:22:45,62.0,0.000               ,511.66,200.0,1200.0,0.0,62.375,62.375              ,62.375,62.375,62.375,62.375,62.375,62.375,62.375,27.449,8.99,9.247,78.605,38.861,17.946,31.958,11.737,28.099,2333.333,2333.333,3500.0,3500.0,2333.333,2333.333,2333.333,2333.333,3500.0,1.336,1.347,3.181,3.239,2.053,2.061,2.027,2.027,18.631,5069.0,9260.0,,7.0,
2026-07-08 06:22:45,62.0,0.000               ,511.66,200.0,933.0,0.0,62.375,62.375              ,62.375,62.375,62.375,62.375,62.375,62.375,62.375,26.621,17.962,28.986,65.083,40.345,19.374,45.575,20.44,33.048,2780.0,2780.0,3475.0,3500.0,2333.333,2333.333,2800.0,2800.0,3500.0,1.33,1.318,3.029,2.992,1.825,1.809,1.957,1.957,17.183,5083.0,9360.0,,7.0,
2026-07-08 06:22:46,63.0,0.000               ,478.484,200.0,933.0,0.0,63.75,63.750              ,63.75,63.75,63.75,63.75,63.75,63.75,63.75,19.786,3.341,3.844,93.141,22.2,3.834,27.879,2.79,22.102,2333.333,2333.333,3500.0,3500.0,2333.333,2333.333,2333.333,2333.333,3500.0,1.272,1.272,5.024,4.976,1.623,1.623,0.857,0.858,15.743,5054.0,9317.0,,8.0,
2026-07-08 06:22:47,63.0,0.000               ,478.484,200.0,933.0,0.0,64.0,64.000              ,64.0,64.0,64.0,64.0,64.0,64.0,64.0,7.365,3.512,2.951,78.046,31.026,4.025,14.787,3.029,18.093,2333.333,2333.333,3500.0,3500.0,2333.333,2333.333,2333.333,2333.333,3500.0,0.683,0.683,3.729,3.758,1.578,1.578,1.264,1.262,15.324,5106.0,9390.0,,9.0,
2026-07-08 06:22:48,64.0,0.000               ,478.484,200.0,933.0,0.0,64.0,64.000              ,64.0,64.0,64.0,64.0,64.0,64.0,64.0,4.012,2.105,4.375,81.46,19.768,2.91,15.791,2.898,16.665,2220.0,2220.0,2220.0,2220.0,2480.0,2480.0,2480.0,2480.0,2480.0,0.268,0.268,4.129,4.129,1.492,1.492,0.905,0.91,14.206,5316.0,9468.0,,10.0,
2026-07-08 06:22:50,63.0,0.000               ,516.039,200.0,1200.0,0.0,63.875,63.875              ,63.875,63.875,63.875,63.875,63.875,63.875,63.875,21.02,12.047,21.954,56.533,40.513,9.822,35.23,8.95,25.758,2333.333,2333.333,3500.0,3500.0,2333.333,2333.333,2333.333,2333.333,3500.0,1.379,1.379,3.424,3.424,2.399,2.399,2.716,2.714,19.511,5298.0,9717.0,0.0,12.0,
2026-07-08 06:22:50,65.0,1.000               ,516.039,200.0,1067.0,0.0,65.5,65.500              ,65.5,65.5,65.5,65.5,65.5,65.5,65.5,31.005,39.743,33.396,43.72,63.042,20.061,54.485,54.526,42.497,2700.0,2700.0,3375.0,3500.0,3475.0,3475.0,3475.0,3475.0,3500.0,2.246,2.246,2.654,2.654,2.664,2.664,4.32,4.354,22.842,5123.0,9729.0,0.0,12.0,
2026-07-08 06:22:51,66.0,4.000               ,554.938,200.0,933.0,0.0,66.625,66.625              ,66.625,66.625,66.625,66.625,66.625,66.625,66.625,30.927,19.094,17.381,85.354,43.923,15.048,27.658,14.443,31.729,1928.571,1900.0,3275.0,3275.0,2620.0,2620.0,3275.0,3275.0,3275.0,1.843,1.843,4.363,4.372,2.153,2.153,1.571,1.571,19.643,5234.0,9881.0,0.0,13.0,
2026-07-08 06:22:52,67.0,3.000               ,564.801,200.0,933.0,0.0,67.0,67.000              ,67.0,67.0,67.0,67.0,67.0,67.0,67.0,4.786,1.452,2.893,85.862,17.438,6.888,11.36,3.274,16.744,2333.333,2333.333,3500.0,3500.0,2333.333,2333.333,2333.333,2333.333,3500.0,0.513,0.513,4.056,4.005,1.394,1.394,0.956,0.956,14.717,5310.0,9949.0,0.0,14.0,
2026-07-08 06:22:53,66.0,0.000               ,564.801,200.0,933.0,0.0,66.75,66.750              ,66.75,66.75,66.75,66.75,66.75,66.75,66.75,7.414,9.649,10.83,75.209,17.924,7.726,14.155,6.936,18.731,2333.333,2333.333,3500.0,3500.0,3500.0,3500.0,2333.333,2333.333,3500.0,1.133,1.14,3.748,3.794,1.3,1.279,1.244,1.244,15.489,5382.0,9999.0,0.0,15.0,
2026-07-08 06:22:54,67.0,0.000               ,601.563,200.0,1067.0,0.0,67.375,67.375              ,67.375,67.375,67.375,67.375,67.375,67.375,67.375,34.706,74.518,56.538,38.184,50.656,24.562,51.067,23.462,44.212,3250.0,3250.0,3250.0,3275.0,3250.0,3250.0,2600.0,3275.0,3275.0,3.887,3.887,2.68,2.676,2.053,2.086,2.02,2.02,22.275,5407.0,10086.0,0.0,16.0,
2026-07-08 06:22:55,67.0,22.000              ,593.449,200.0,1067.0,0.0,67.875,67.875              ,67.875,67.875,67.875,67.875,67.875,67.875,67.875,23.778,72.371,54.729,26.149,39.854,8.844,38.713,11.266,34.463,3500.0,3475.0,2780.0,2740.0,3500.0,3500.0,2800.0,2800.0,3500.0,4.177,4.178,2.871,2.871,1.865,1.865,1.614,1.614,20.728,5399.0,10140.0,17.181,17.0,58.2
2026-07-08 06:22:56,68.0,45.000              ,561.871,200.0,933.0,0.0,68.875,68.875              ,68.875,68.875,68.875,68.875,68.875,68.875,68.875,24.924,80.882,54.296,31.467,43.688,10.45,39.231,13.333,37.284,3475.0,3475.0,3475.0,3475.0,1737.5,1737.5,1737.5,1737.5,3475.0,4.779,4.739,2.585,2.581,1.894,1.894,1.721,1.721,21.219,5392.0,10101.0,44.299,18.0,22.57
2026-07-08 06:22:57,69.0,46.000              ,593.18,200.0,1067.0,0.0,69.625,69.625              ,69.625,69.625,69.625,69.625,69.625,69.625,69.625,23.537,78.828,50.785,42.867,38.614,13.822,33.008,13.493,36.869,3500.0,3500.0,2333.333,2333.333,2333.333,2333.333,3500.0,3500.0,3500.0,4.364,4.397,2.608,2.608,1.768,1.768,1.47,1.472,21.541,5402.0,10154.0,35.351,19.0,28.29
2026-07-08 06:22:58,70.0,56.000              ,593.18,200.0,1067.0,0.0,70.625,70.625              ,70.625,70.625,70.625,70.625,70.625,70.625,70.625,28.289,92.136,48.737,33.947,38.758,24.324,33.57,20.934,40.087,3500.0,3500.0,2333.333,2333.333,2333.333,2333.333,2333.333,2333.333,3500.0,4.884,4.876,2.181,2.181,1.764,1.768,1.475,1.477,22.626,5382.0,10115.0,24.651,20.0,40.57
2026-07-08 06:22:59,71.0,63.000              ,593.18,200.0,1067.0,0.0,71.125,71.125              ,71.125,71.125,71.125,71.125,71.125,71.125,71.125,18.04,80.043,47.406,28.279,30.903,13.585,29.47,12.207,32.492,3450.0,3450.0,2760.0,2760.0,1971.429,1971.429,1971.429,1971.429,3450.0,4.55,4.55,2.471,2.471,1.629,1.631,1.549,1.545,22.262,5380.0,10084.0,22.401,21.0,44.64
2026-07-08 06:23:00,72.0,61.000              ,593.074,200.0,933.0,0.0,72.0,72.000              ,72.0,72.0,72.0,72.0,72.0,72.0,72.0,30.474,64.931,50.106,22.503,24.128,32.225,33.406,13.595,33.921,3425.0,3425.0,3225.0,3225.0,3225.0,3225.0,2580.0,3250.0,3425.0,4.281,4.286,2.319,2.388,2.457,2.45,1.622,1.622,21.728,5402.0,10113.0,21.41,22.0,46.71
2026-07-08 06:23:01,71.0,60.000              ,593.07,200.0,933.0,0.0,71.875,71.875              ,71.875,71.875,71.875,71.875,71.875,71.875,71.875,18.112,33.159,44.248,18.501,22.127,3.938,24.683,10.443,21.901,3450.0,3450.0,2760.0,2760.0,1725.0,1725.0,1725.0,3475.0,3475.0,2.498,2.465,2.247,2.183,1.257,1.257,1.654,1.654,18.187,5402.0,10111.0,20.857,23.0,47.95
2026-07-08 06:23:02,71.0,60.000              ,601.535,200.0,933.0,0.0,71.125,71.125              ,71.125,71.125,71.125,71.125,71.125,71.125,71.125,20.314,14.159,47.702,14.056,26.12,3.855,34.253,6.319,20.847,2333.333,2333.333,2333.333,2333.333,2333.333,2333.333,3500.0,3500.0,3500.0,1.4,1.434,2.107,2.102,1.324,1.324,1.459,1.46,17.004,5379.0,10108.0,33.517,24.0,29.84
2026-07-08 06:23:03,71.0,61.000              ,614.656,200.0,933.0,0.0,71.25,71.250              ,71.25,71.25,71.25,71.25,71.25,71.25,71.25,22.944,15.394,61.823,18.515,35.904,2.556,15.494,7.872,22.563,2333.333,2333.333,3500.0,3500.0,2333.333,2333.333,2333.333,2333.333,3500.0,1.546,1.514,2.647,2.647,1.574,1.574,1.227,1.226,17.384,5392.0,10113.0,17.296,25.0,57.82
2026-07-08 06:23:04,72.0,57.000              ,607.445,200.0,933.0,0.0,72.125,72.125              ,72.125,72.125,72.125,72.125,72.125,72.125,72.125,11.519,11.384,18.023,7.922,73.917,1.094,9.591,5.203,17.332,2333.333,2333.333,3425.0,3425.0,1712.5,1712.5,2740.0,2740.0,3425.0,1.322,1.322,1.252,1.252,3.939,3.939,1.036,1.036,16.496,5399.0,10136.0,667.007,26.0,1.5
2026-07-08 06:23:05,70.0,36.000              ,607.574,200.0,400.0,0.0,70.5,70.500              ,70.5,70.5,70.5,70.5,70.5,70.5,70.5,12.607,10.466,15.238,15.705,16.592,0.702,15.268,1.777,11.044,2650.0,2650.0,2650.0,2650.0,2650.0,2650.0,2650.0,2650.0,2650.0,0.708,0.708,0.85,0.853,0.624,0.629,0.626,0.654,11.521,5399.0,10136.0,28.748,27.0,34.79
2026-07-08 06:23:06,69.0,38.000              ,606.949,200.0,933.0,0.0,69.5,69.500              ,69.5,69.5,69.5,69.5,69.5,69.5,69.5,15.387,12.104,37.722,16.98,26.445,3.026,14.048,5.862,16.447,2420.0,2420.0,3500.0,3500.0,2333.333,2333.333,2333.333,2333.333,3500.0,1.031,1.031,1.615,1.616,0.985,0.983,0.93,0.903,13.966,5398.0,10132.0,22.517,28.0,44.41
2026-07-08 06:23:07,69.0,55.000              ,606.949,200.0,933.0,0.0,69.625,69.625              ,69.625,69.625,69.625,69.625,69.625,69.625,69.625,35.912,33.226,55.306,38.974,48.067,21.344,38.234,24.045,36.889,1985.714,1985.714,1985.714,1985.714,2780.0,2780.0,3475.0,3475.0,3475.0,1.671,1.671,2.323,2.319,1.699,1.701,1.53,1.53,18.526,5391.0,10120.0,28.985,29.0,34.5
2026-07-08 06:23:08,69.0,56.000              ,606.949,200.0,933.0,0.0,69.625,69.625              ,69.625,69.625,69.625,69.625,69.625,69.625,69.625,17.073,13.246,50.916,16.696,44.571,4.352,18.13,6.987,21.496,2333.333,2333.333,3500.0,3500.0,2333.333,2333.333,2333.333,2333.333,3500.0,1.288,1.288,2.312,2.312,1.78,1.78,1.251,1.251,16.901,5391.0,10120.0,18.447,30.0,54.21
2026-07-08 06:23:09,69.0,55.000              ,606.988,200.0,933.0,0.0,69.625,69.625              ,69.625,69.625,69.625,69.625,69.625,69.625,69.625,32.347,11.794,39.673,13.884,40.819,2.133,23.161,5.428,21.155,3500.0,3500.0,2333.333,2333.333,2333.333,2333.333,2333.333,2333.333,3500.0,1.607,1.607,1.882,1.887,1.615,1.611,1.303,1.303,16.677,5390.0,10120.0,17.923,31.0,55.79
2026-07-08 06:23:10,70.0,55.000              ,606.961,200.0,933.0,0.0,70.0,70.000              ,70.0,70.0,70.0,70.0,70.0,70.0,70.0,41.963,30.04,48.792,31.062,49.697,24.79,39.591,16.96,35.362,2950.0,2950.0,3500.0,3500.0,2333.333,2333.333,2333.333,2333.333,3500.0,2.142,2.144,2.361,2.357,2.376,2.376,1.882,1.882,20.152,5418.0,10180.0,98.068,32.0,10.2
2026-07-08 06:23:11,69.0,57.000              ,606.961,200.0,1200.0,0.0,69.125,69.125              ,69.125,69.125,69.125,69.125,69.125,69.125,69.125,25.513,17.604,50.231,24.025,35.846,11.387,27.678,9.869,25.269,2333.333,2333.333,3500.0,3500.0,2800.0,2800.0,2333.333,2333.333,3500.0,1.413,1.411,2.313,2.318,1.687,1.687,1.354,1.354,17.159,5436.0,10216.0,22.199,33.0,45.05
2026-07-08 06:23:12,70.0,58.000              ,606.961,200.0,1200.0,0.0,70.0,70.000              ,70.0,70.0,70.0,70.0,70.0,70.0,70.0,64.756,43.313,77.754,57.329,73.981,48.503,65.24,58.889,61.221,2700.0,2700.0,2700.0,2700.0,2700.0,2700.0,2700.0,2700.0,2700.0,2.132,2.137,2.851,2.848,2.667,2.667,2.751,2.751,23.999,5535.0,10459.0,24.757,34.0,40.39
2026-07-08 06:23:13,71.0,60.000              ,586.41,200.0,1200.0,0.0,71.25,71.250              ,71.25,71.25,71.25,71.25,71.25,71.25,71.25,63.037,43.441,73.619,60.981,72.977,45.491,73.281,45.305,59.766,2580.0,2580.0,3225.0,3225.0,3225.0,3225.0,3225.0,3225.0,3225.0,2.52,2.514,3.284,3.28,2.936,2.936,2.9,2.903,25.142,5540.0,10529.0,23.085,35.0,43.32
2026-07-08 06:23:14,72.0,63.000              ,586.414,200.0,1200.0,0.0,72.375,72.375              ,72.375,72.375,72.375,72.375,72.375,72.375,72.375,57.282,34.806,58.262,56.578,63.429,38.599,65.138,42.279,52.047,2640.0,2640.0,3300.0,3300.0,3300.0,3300.0,2200.0,2200.0,3300.0,2.389,2.389,3.111,3.12,2.954,2.97,2.947,2.944,24.868,5495.0,10572.0,20.861,36.0,47.94
2026-07-08 06:23:15,73.0,61.000              ,586.414,200.0,1067.0,0.0,73.25,73.250              ,73.25,73.25,73.25,73.25,73.25,73.25,73.25,71.382,47.491,72.125,67.366,69.245,50.96,67.679,64.143,63.799,3225.0,3225.0,3225.0,3225.0,3225.0,3225.0,3275.0,3275.0,3275.0,2.841,2.846,3.567,3.557,2.976,2.96,3.246,3.246,26.693,5457.0,10604.0,23.683,37.0,42.22
2026-07-08 06:23:16,73.0,59.000              ,586.16,200.0,1200.0,0.0,73.875,73.875              ,73.875,73.875,73.875,73.875,73.875,73.875,73.875,65.153,36.922,59.229,61.006,46.956,42.327,62.269,31.473,50.667,3225.0,3225.0,3375.0,3225.0,3225.0,3225.0,3225.0,3225.0,3375.0,2.939,2.935,2.946,2.946,2.669,2.685,2.88,2.873,24.737,5453.0,10604.0,21.656,38.0,46.18
2026-07-08 06:23:17,74.0,60.000              ,586.164,200.0,1200.0,0.0,74.25,74.250              ,74.25,74.25,74.25,74.25,74.25,74.25,74.25,46.324,36.933,69.875,52.864,64.218,43.099,69.41,40.706,52.929,1900.0,1900.0,3375.0,3300.0,3300.0,3300.0,3300.0,3300.0,3375.0,2.297,2.296,3.175,3.175,3.164,3.149,3.252,3.265,25.157,5516.0,10675.0,21.744,39.0,45.99
2026-07-08 06:23:19,74.0,60.000              ,586.164,200.0,1200.0,0.0,74.5,74.500              ,74.5,74.5,74.5,74.5,74.5,74.5,74.5,57.261,26.336,62.96,48.517,65.202,36.8,53.768,50.777,50.203,1871.429,1871.429,3325.0,3325.0,3225.0,3225.0,3225.0,3225.0,3325.0,2.359,2.359,3.014,3.014,3.15,3.134,3.059,3.045,24.813,5594.0,10826.0,22.715,41.0,44.02
2026-07-08 06:23:19,74.0,61.000              ,586.16,200.0,1200.0,0.0,74.5,74.500              ,74.5,74.5,74.5,74.5,74.5,74.5,74.5,65.373,53.777,76.244,74.798,67.534,45.556,84.659,52.697,65.08,2150.0,3275.0,3275.0,3225.0,2580.0,2580.0,3275.0,3275.0,3275.0,2.481,2.484,2.997,3.003,2.623,2.63,2.968,2.987,26.235,5564.0,10855.0,18.991,41.0,52.66
2026-07-08 06:23:20,74.0,67.000              ,586.164,200.0,1200.0,0.0,74.125,74.125              ,74.125,74.125,74.125,74.125,74.125,74.125,74.125,48.175,25.053,69.403,47.138,59.945,34.207,67.085,28.728,47.467,3225.0,3225.0,3225.0,3225.0,2580.0,2580.0,3225.0,3225.0,3225.0,1.936,1.934,2.788,2.782,2.494,2.494,2.522,2.522,23.231,5570.0,10877.0,19.083,42.0,52.4
2026-07-08 06:23:21,74.0,68.000              ,586.164,200.0,1200.0,0.0,74.125,74.125              ,74.125,74.125,74.125,74.125,74.125,74.125,74.125,53.399,31.074,66.058,51.461,56.689,42.212,53.786,51.931,50.826,3325.0,3325.0,3325.0,3375.0,1928.571,1928.571,3375.0,3375.0,3375.0,2.145,2.148,2.91,2.915,2.631,2.636,3.02,2.994,24.454,5291.0,10728.0,18.301,43.0,54.64
2026-07-08 06:23:22,74.0,64.000              ,586.16,200.0,1067.0,0.0,74.25,74.250              ,74.25,74.25,74.25,74.25,74.25,74.25,74.25,52.833,24.794,71.874,49.95,62.358,38.085,62.728,29.693,49.039,3300.0,3300.0,3300.0,3300.0,1885.714,1885.714,3300.0,3300.0,3300.0,2.223,2.218,3.445,3.439,3.329,3.362,2.935,2.973,23.939,5315.0,10749.0,17.848,44.0,56.03
2026-07-08 06:23:23,74.0,65.000              ,586.164,200.0,1200.0,0.0,74.125,74.125              ,74.125,74.125,74.125,74.125,74.125,74.125,74.125,48.03,20.317,51.272,57.946,63.736,17.192,62.949,30.362,43.976,2216.667,2216.667,2660.0,2660.0,2660.0,2660.0,3325.0,3325.0,3325.0,2.094,2.095,2.892,2.911,2.895,2.891,2.976,2.976,23.515,5247.0,10665.0,26.1,45.0,38.31
2026-07-08 06:23:24,74.0,61.000              ,586.164,200.0,1067.0,0.0,74.125,74.125              ,74.125,74.125,74.125,74.125,74.125,74.125,74.125,59.613,16.373,53.796,58.302,67.857,15.701,68.593,18.492,44.841,3275.0,3275.0,3275.0,3275.0,1871.429,1871.429,3275.0,3275.0,3275.0,2.305,2.303,3.161,3.148,3.012,3.012,3.297,3.292,23.574,5280.0,10709.0,20.905,46.0,47.84
2026-07-08 06:23:25,74.0,57.000              ,586.16,200.0,1067.0,0.0,74.25,74.250              ,74.25,74.25,74.25,74.25,74.25,74.25,74.25,57.53,22.971,65.681,49.39,65.034,24.309,74.376,20.612,47.488,2183.333,2183.333,3275.0,3275.0,3275.0,3275.0,3275.0,3275.0,3275.0,2.34,2.345,3.126,3.12,2.97,2.97,3.208,3.208,23.796,5345.0,10766.0,22.03,47.0,45.39
2026-07-08 06:23:26,74.0,58.000              ,585.914,200.0,1200.0,0.0,74.875,74.875              ,74.875,74.875,74.875,74.875,74.875,74.875,74.875,44.007,19.913,60.36,48.464,59.293,46.599,54.715,45.632,47.373,3200.0,3200.0,3200.0,3200.0,3300.0,3300.0,1885.714,1885.714,3300.0,2.015,2.01,3.1,3.107,3.242,3.242,3.442,3.416,24.438,5440.0,10888.0,17.619,48.0,56.76
2026-07-08 06:23:27,74.0,61.000              ,585.914,200.0,1200.0,0.0,74.5,74.500              ,74.5,74.5,74.5,74.5,74.5,74.5,74.5,51.752,29.236,61.962,51.691,53.818,40.049,65.867,37.184,48.945,2183.333,2183.333,3275.0,3275.0,3275.0,3275.0,3275.0,3275.0,3275.0,2.184,2.184,2.757,2.751,2.526,2.548,2.436,2.448,23.62,5484.0,11023.0,20.521,49.0,48.73
2026-07-08 06:23:28,74.0,64.000              ,585.91,200.0,1200.0,0.0,74.5,74.500              ,74.5,74.5,74.5,74.5,74.5,74.5,74.5,55.247,19.333,66.938,51.698,58.511,34.742,69.322,22.075,47.233,3275.0,3275.0,3275.0,3275.0,2183.333,2183.333,3275.0,3275.0,3275.0,2.001,2.001,2.849,2.849,2.566,2.544,2.566,2.566,24.091,5513.0,11052.0,18.613,50.0,53.73
2026-07-08 06:23:29,74.0,64.000              ,585.914,200.0,1200.0,0.0,74.5,74.500              ,74.5,74.5,74.5,74.5,74.5,74.5,74.5,53.672,23.971,64.649,46.764,61.78,25.116,67.904,25.107,46.12,1650.0,1650.0,3300.0,3300.0,3300.0,3300.0,3300.0,3300.0,3300.0,2.042,2.043,2.681,2.665,2.45,2.45,2.634,2.639,23.868,5522.0,11068.0,17.98,51.0,55.62
2026-07-08 06:23:30,74.0,64.000              ,585.914,200.0,1200.0,0.0,74.375,74.375              ,74.375,74.375,74.375,74.375,74.375,74.375,74.375,61.571,26.787,63.845,45.703,59.393,38.432,72.513,16.523,48.096,3225.0,3225.0,2150.0,2150.0,3225.0,3275.0,3275.0,3275.0,3275.0,2.285,2.284,2.644,2.66,2.525,2.525,2.397,2.392,23.821,5533.0,11083.0,18.384,52.0,54.4
2026-07-08 06:23:31,74.0,65.000              ,585.91,200.0,1200.0,0.0,74.375,74.375              ,74.375,74.375,74.375,74.375,74.375,74.375,74.375,55.627,21.535,70.445,61.339,51.51,40.981,60.657,18.807,47.612,3225.0,3225.0,3225.0,3225.0,2580.0,2580.0,2580.0,2580.0,3225.0,2.077,2.077,3.125,3.08,2.454,2.473,2.242,2.242,24.017,5504.0,11121.0,18.666,53.0,53.57
2026-07-08 06:23:32,75.0,65.000              ,585.914,200.0,1200.0,0.0,75.25,75.250              ,75.25,75.25,75.25,75.25,75.25,75.25,75.25,75.521,65.619,84.157,83.475,75.92,71.748,70.563,60.899,73.488,3225.0,3225.0,3225.0,3225.0,3225.0,3225.0,3225.0,3225.0,3225.0,2.783,2.783,3.268,3.326,2.97,2.983,2.95,2.95,27.261,5351.0,11155.0,18.133,54.0,55.15
2026-07-08 06:23:33,75.0,67.000              ,585.914,200.0,1200.0,0.0,75.0,75.000              ,75.0,75.0,75.0,75.0,75.0,75.0,75.0,57.578,35.334,64.986,54.126,65.102,36.53,75.025,25.196,51.735,3225.0,3225.0,3225.0,3225.0,3225.0,3225.0,3225.0,3225.0,3225.0,2.12,2.125,2.787,2.778,2.458,2.467,2.518,2.518,24.099,5325.0,11180.0,29.486,55.0,33.91
2026-07-08 06:23:34,74.0,67.000              ,585.91,200.0,1200.0,0.0,74.25,74.250              ,74.25,74.25,74.25,74.25,74.25,74.25,74.25,53.508,25.91,58.004,48.543,69.669,23.324,63.581,20.795,45.417,3300.0,3300.0,1885.714,2200.0,3225.0,3225.0,2580.0,2580.0,3300.0,1.954,1.95,2.524,2.524,2.485,2.476,2.15,2.15,23.063,5321.0,11233.0,18.482,56.0,54.11
2026-07-08 06:23:35,74.0,65.000              ,585.914,200.0,1200.0,0.0,74.25,74.250              ,74.25,74.25,74.25,74.25,74.25,74.25,74.25,58.727,19.519,50.574,60.974,55.03,24.053,66.896,25.674,45.181,3225.0,3225.0,2580.0,2580.0,3225.0,3225.0,3225.0,3225.0,3225.0,2.016,2.016,2.724,2.728,2.167,2.167,2.483,2.483,23.35,5353.0,11280.0,21.438,57.0,46.65
2026-07-08 06:23:36,74.0,64.000              ,585.664,200.0,1200.0,0.0,74.0,74.000              ,74.0,74.0,74.0,74.0,74.0,74.0,74.0,54.534,26.055,46.638,61.659,55.789,29.414,45.183,45.661,45.616,1871.429,1871.429,3275.0,3275.0,3275.0,3275.0,3275.0,3275.0,3275.0,2.073,2.073,2.673,2.669,2.369,2.38,2.489,2.489,23.481,5377.0,11325.0,18.658,58.0,53.6
2026-07-08 06:23:37,74.0,63.000              ,585.66,200.0,1200.0,0.0,74.0,74.000              ,74.0,74.0,74.0,74.0,74.0,74.0,74.0,55.734,36.432,55.143,60.258,65.384,24.404,54.194,44.673,49.528,3275.0,3275.0,3275.0,3225.0,3225.0,3225.0,3225.0,3225.0,3275.0,2.364,2.364,2.743,2.707,2.416,2.405,2.729,2.729,24.506,5419.0,11371.0,18.039,59.0,55.44
2026-07-08 06:23:38,74.0,63.000              ,585.664,200.0,1200.0,0.0,74.25,74.250              ,74.25,74.25,74.25,74.25,74.25,74.25,74.25,59.708,22.079,56.344,63.921,60.098,25.941,46.577,59.667,49.292,2216.667,2216.667,2660.0,2660.0,2660.0,2660.0,3325.0,3325.0,3325.0,2.018,2.018,2.852,2.853,2.375,2.38,2.853,2.909,24.413,5503.0,11416.0,18.742,60.0,53.36
2026-07-08 06:23:40,74.0,63.000              ,585.664,200.0,1200.0,0.0,74.375,74.375              ,74.375,74.375,74.375,74.375,74.375,74.375,74.375,64.435,27.799,70.945,65.069,59.551,45.302,60.209,55.502,56.102,3275.0,3275.0,3275.0,3275.0,3275.0,3225.0,3275.0,3275.0,3275.0,2.253,2.256,3.014,3.053,2.764,2.756,2.851,2.807,25.457,5526.0,11485.0,18.228,62.0,54.86
2026-07-08 06:23:41,74.0,62.000              ,585.66,200.0,1200.0,0.0,74.625,74.625              ,74.625,74.625,74.625,74.625,74.625,74.625,74.625,51.057,42.099,66.458,58.428,75.293,37.355,65.229,48.16,55.51,1900.0,1900.0,3325.0,3325.0,3325.0,3325.0,3325.0,3325.0,3325.0,2.213,2.21,2.886,2.891,2.311,2.321,2.868,3.025,25.08,5473.0,11510.0,18.083,63.0,55.3
2026-07-08 06:23:41,74.0,65.000              ,585.664,200.0,1200.0,0.0,74.875,74.875              ,74.875,74.875,74.875,74.875,74.875,74.875,74.875,68.702,45.231,80.101,65.191,63.78,52.432,56.065,88.348,64.981,3275.0,3275.0,3275.0,3275.0,1871.429,1871.429,3275.0,3225.0,3275.0,2.596,2.602,3.118,3.144,2.796,2.798,3.456,3.498,27.456,5421.0,11526.0,18.272,63.0,54.73
2026-07-08 06:23:42,75.0,69.000              ,585.664,200.0,1200.0,0.0,75.0,75.000              ,75.0,75.0,75.0,75.0,75.0,75.0,75.0,67.732,50.473,73.073,76.948,67.12,60.498,66.178,59.234,65.157,2640.0,2640.0,3300.0,3300.0,2640.0,2640.0,2640.0,2640.0,3300.0,2.354,2.348,3.098,3.068,2.549,2.548,2.664,2.664,25.184,5442.0,11562.0,17.665,64.0,56.61
2026-07-08 06:23:43,74.0,70.000              ,585.664,200.0,1200.0,0.0,74.625,74.625              ,74.625,74.625,74.625,74.625,74.625,74.625,74.625,66.184,48.416,66.189,70.185,65.44,60.498,62.849,48.899,61.083,2760.0,2760.0,2760.0,2740.0,2740.0,2740.0,3425.0,3425.0,3425.0,2.341,2.341,2.808,2.808,2.794,2.794,2.547,2.547,24.973,5458.0,11603.0,23.502,65.0,42.55
2026-07-08 06:23:44,74.0,67.000              ,585.664,200.0,1200.0,0.0,74.625,74.625              ,74.625,74.625,74.625,74.625,74.625,74.625,74.625,63.342,45.219,71.183,71.782,75.089,39.3,68.302,35.548,58.721,2640.0,2640.0,3250.0,3250.0,2600.0,2600.0,2600.0,2640.0,3250.0,2.347,2.347,3.168,3.168,2.553,2.549,2.403,2.403,24.892,5381.0,11629.0,22.819,66.0,43.82
2026-07-08 06:23:45,74.0,64.000              ,585.664,200.0,1200.0,0.0,74.625,74.625              ,74.625,74.625,74.625,74.625,74.625,74.625,74.625,56.767,25.996,50.7,63.822,55.83,27.027,61.033,36.457,47.204,2283.333,2283.333,3425.0,3400.0,2720.0,3275.0,2740.0,2740.0,3425.0,2.334,2.334,3.268,3.233,2.451,2.451,2.767,2.767,25.083,5385.0,11645.0,18.516,67.0,54.01
2026-07-08 06:23:46,74.0,62.000              ,585.41,200.0,1200.0,0.0,74.625,74.625              ,74.625,74.625,74.625,74.625,74.625,74.625,74.625,59.462,25.891,58.117,57.495,49.854,44.967,54.118,40.198,48.763,2700.0,2700.0,3375.0,3375.0,2700.0,2700.0,2700.0,2700.0,3375.0,2.303,2.293,3.062,3.094,2.512,2.512,2.636,2.636,24.816,5430.0,11658.0,18.243,68.0,54.82
2026-07-08 06:23:47,74.0,61.000              ,585.414,200.0,1200.0,0.0,74.5,74.500              ,74.5,74.5,74.5,74.5,74.5,74.5,74.5,53.284,29.183,65.806,57.305,62.957,39.964,50.434,58.059,52.124,2720.0,2720.0,3400.0,3400.0,2720.0,2720.0,2720.0,2720.0,3400.0,2.112,2.122,3.059,3.059,2.591,2.591,2.912,2.912,25.25,5473.0,11689.0,18.477,69.0,54.12
2026-07-08 06:23:48,74.0,64.000              ,585.414,200.0,1200.0,0.0,74.5,74.500              ,74.5,74.5,74.5,74.5,74.5,74.5,74.5,49.581,33.228,64.116,58.044,54.583,45.832,64.248,38.535,51.021,2600.0,2620.0,3275.0,3250.0,2600.0,2600.0,2600.0,2600.0,3275.0,2.134,2.13,3.084,3.089,2.656,2.656,2.612,2.612,24.955,5440.0,11711.0,17.942,70.0,55.74
2026-07-08 06:23:49,74.0,66.000              ,585.41,200.0,1200.0,0.0,74.5,74.500              ,74.5,74.5,74.5,74.5,74.5,74.5,74.5,42.702,36.965,69.711,62.348,54.353,39.664,67.207,44.491,52.18,2620.0,2640.0,3225.0,3225.0,2580.0,2580.0,3225.0,3225.0,3225.0,1.979,1.979,3.03,2.99,2.465,2.465,2.944,2.944,24.894,5283.0,11730.0,17.765,71.0,56.29
2026-07-08 06:23:50,74.0,66.000              ,585.414,200.0,1200.0,0.0,74.5,74.500              ,74.5,74.5,74.5,74.5,74.5,74.5,74.5,54.915,26.275,63.848,58.281,47.649,38.219,50.979,47.878,48.506,2680.0,2680.0,2680.0,2680.0,3325.0,3325.0,2660.0,2660.0,3325.0,2.222,2.222,3.108,3.15,2.37,2.37,2.77,2.77,25.037,5294.0,11745.0,18.224,72.0,54.87
2026-07-08 06:23:51,74.0,65.000              ,585.414,200.0,1200.0,0.0,74.5,74.500              ,74.5,74.5,74.5,74.5,74.5,74.5,74.5,62.084,21.479,67.23,49.537,41.327,47.717,52.819,37.125,47.415,3400.0,3375.0,3375.0,3375.0,2700.0,2700.0,2700.0,2700.0,3400.0,2.403,2.403,3.052,3.038,2.543,2.543,2.551,2.551,24.923,5299.0,11766.0,17.63,73.0,56.72
2026-07-08 06:23:52,74.0,65.000              ,585.41,200.0,933.0,0.0,74.625,74.625              ,74.625,74.625,74.625,74.625,74.625,74.625,74.625,44.139,24.671,67.185,55.313,57.777,42.398,50.061,38.812,47.545,2680.0,2680.0,3350.0,3350.0,2680.0,2680.0,2680.0,2680.0,3350.0,2.0,2.003,3.352,3.369,2.794,2.794,2.753,2.753,24.472,5305.0,11785.0,17.734,74.0,56.39
2026-07-08 06:23:53,74.0,66.000              ,585.414,200.0,1200.0,0.0,74.0,74.000              ,74.0,74.0,74.0,74.0,74.0,74.0,74.0,65.164,24.221,64.946,55.898,71.543,27.591,60.387,21.022,48.847,2233.333,2233.333,3075.0,3400.0,2720.0,2640.0,2640.0,2720.0,3400.0,2.329,2.289,3.024,3.019,2.614,2.624,2.267,2.267,24.039,5414.0,11935.0,22.169,75.0,45.11
2026-07-08 06:23:54,74.0,64.000              ,585.414,200.0,1200.0,0.0,74.25,74.250              ,74.25,74.25,74.25,74.25,74.25,74.25,74.25,75.389,55.601,81.666,77.318,77.678,53.999,74.427,54.362,68.805,2720.0,2720.0,3400.0,3400.0,2640.0,2660.0,2660.0,3375.0,3400.0,2.759,2.808,3.53,3.494,2.881,2.875,2.825,2.83,26.923,5304.0,12004.0,24.734,76.0,40.43
2026-07-08 06:23:55,74.0,62.000              ,585.414,200.0,933.0,0.0,74.25,74.250              ,74.25,74.25,74.25,74.25,74.25,74.25,74.25,61.39,66.52,73.345,70.017,72.58,58.596,72.123,60.49,66.883,2500.0,2500.0,3125.0,3150.0,2520.0,2520.0,3150.0,3150.0,3150.0,2.298,2.294,2.847,2.873,2.661,2.656,2.905,2.9,24.422,5167.0,12035.0,17.864,77.0,55.98
2026-07-08 06:23:56,74.0,63.000              ,585.164,200.0,933.0,0.0,74.5,74.500              ,74.5,74.5,74.5,74.5,74.5,74.5,74.5,40.589,24.336,57.094,47.0,56.036,44.635,57.222,44.89,46.475,2740.0,2740.0,2740.0,2760.0,3450.0,3450.0,2800.0,2800.0,3450.0,1.941,1.941,2.977,2.977,3.266,3.266,3.417,3.417,23.404,5214.0,12078.0,19.759,78.0,50.61
2026-07-08 06:23:57,74.0,64.000              ,585.164,200.0,933.0,0.0,74.5,74.500              ,74.5,74.5,74.5,74.5,74.5,74.5,74.5,44.771,27.578,53.056,54.422,48.358,39.627,60.033,58.397,48.28,3350.0,3350.0,2233.333,3350.0,2660.0,2660.0,3450.0,3500.0,3500.0,2.011,2.011,2.985,2.965,2.661,2.661,3.721,3.721,22.967,5284.0,12148.0,18.375,79.0,54.42
2026-07-08 06:23:58,74.0,63.000              ,585.164,200.0,933.0,0.0,74.5,74.500              ,74.5,74.5,74.5,74.5,74.5,74.5,74.5,39.832,36.12,69.249,47.392,50.158,32.565,62.789,41.169,47.409,3325.0,3325.0,3325.0,3325.0,3425.0,3375.0,3325.0,3325.0,3425.0,2.287,2.287,3.165,3.2,2.55,2.55,3.167,3.167,23.101,5352.0,12220.0,18.079,80.0,55.31
2026-07-08 06:23:59,74.0,63.000              ,585.164,200.0,1067.0,0.0,74.5,74.500              ,74.5,74.5,74.5,74.5,74.5,74.5,74.5,49.903,26.5,58.974,55.316,43.011,45.539,49.29,63.03,48.945,2283.333,2283.333,3425.0,3425.0,1900.0,1900.0,3425.0,3425.0,3425.0,2.106,2.116,3.097,3.084,2.597,2.597,3.595,3.63,23.669,5420.0,12290.0,18.092,81.0,55.27
2026-07-08 06:24:01,73.0,63.000              ,585.164,200.0,1200.0,0.0,73.75,73.750              ,73.75,73.75,73.75,73.75,73.75,73.75,73.75,46.233,26.769,42.874,56.31,45.449,47.509,57.861,63.46,48.308,2216.667,2216.667,3275.0,3275.0,3275.0,3325.0,1900.0,1900.0,3325.0,1.885,1.874,2.805,2.805,3.182,3.189,3.464,3.43,24.637,5425.0,12400.0,21.657,83.0,46.17
2026-07-08 06:24:01,73.0,61.000              ,585.16,200.0,1200.0,0.0,73.625,73.625              ,73.625,73.625,73.625,73.625,73.625,73.625,73.625,63.125,45.623,69.198,75.248,75.779,49.888,62.37,49.583,61.352,3275.0,3275.0,3275.0,3275.0,3225.0,3225.0,3225.0,3225.0,3275.0,2.643,2.643,3.274,3.274,3.049,3.126,3.066,3.066,26.385,5406.0,12451.0,22.263,83.0,44.92
2026-07-08 06:24:02,73.0,59.000              ,585.164,200.0,1200.0,0.0,73.5,73.500              ,73.5,73.5,73.5,73.5,73.5,73.5,73.5,69.776,60.748,76.379,72.743,73.455,56.517,62.907,74.452,68.372,3325.0,3325.0,3375.0,3375.0,3225.0,3225.0,3225.0,3225.0,3375.0,2.85,2.85,3.4,3.4,2.993,3.003,3.455,3.455,26.974,5448.0,12541.0,17.395,84.0,57.49
2026-07-08 06:24:03,73.0,59.000              ,585.164,200.0,1200.0,0.0,73.375,73.375              ,73.375,73.375,73.375,73.375,73.375,73.375,73.375,50.778,46.306,71.388,59.999,49.03,58.115,51.755,58.309,55.71,2800.0,2800.0,2800.0,2800.0,2780.0,2780.0,3500.0,3500.0,3500.0,2.331,2.336,3.469,3.469,3.104,3.05,2.83,2.83,25.329,5417.0,12617.0,18.738,85.0,53.37
2026-07-08 06:24:04,73.0,61.000              ,585.16,200.0,1067.0,0.0,73.125,73.125              ,73.125,73.125,73.125,73.125,73.125,73.125,73.125,41.063,24.556,53.886,58.511,53.565,50.945,48.09,55.607,48.278,1883.333,2800.0,2800.0,2800.0,2800.0,2800.0,3500.0,3500.0,3500.0,1.905,1.904,3.004,3.004,3.061,3.054,3.117,3.123,25.147,5476.0,12681.0,17.826,86.0,56.1
2026-07-08 06:24:05,72.0,63.000              ,585.164,200.0,1200.0,0.0,72.375,72.375              ,72.375,72.375,72.375,72.375,72.375,72.375,72.375,38.988,24.644,57.328,45.234,48.58,27.25,49.949,20.07,39.005,2760.0,2760.0,2300.0,2300.0,2300.0,2300.0,3450.0,3450.0,3450.0,1.795,1.791,2.77,2.77,2.135,2.139,2.493,2.486,21.842,5497.0,12692.0,18.976,87.0,52.7
2026-07-08 06:24:06,70.0,63.000              ,584.914,200.0,933.0,0.0,70.875,70.875              ,70.875,70.875,70.875,70.875,70.875,70.875,70.875,26.515,12.04,50.542,18.886,33.396,7.63,40.586,7.622,24.652,1942.857,1942.857,2720.0,3400.0,2266.667,2700.0,3375.0,3375.0,3400.0,1.317,1.317,2.13,2.13,1.392,1.388,1.498,1.498,17.331,5497.0,12692.0,32.982,88.0,30.32
2026-07-08 06:24:07,69.0,60.000              ,585.914,200.0,1067.0,0.0,69.5,69.500              ,69.5,69.5,69.5,69.5,69.5,69.5,69.5,22.349,15.984,44.479,18.883,37.867,6.457,29.011,4.692,22.465,2650.0,2650.0,2650.0,2650.0,2650.0,2650.0,2650.0,2650.0,2650.0,1.2,1.2,2.01,2.015,1.443,1.443,1.275,1.275,15.711,5407.0,12702.0,55.674,89.0,17.96
2026-07-08 06:24:08,69.0,41.000              ,584.789,200.0,933.0,0.0,69.75,69.750              ,69.75,69.75,69.75,69.75,69.75,69.75,69.75,15.709,13.124,25.519,59.03,49.496,9.842,31.135,6.363,26.277,2333.333,2333.333,2333.333,2333.333,3500.0,3500.0,3500.0,3500.0,3500.0,1.399,1.399,3.306,3.303,2.468,2.468,1.498,1.498,17.303,5293.0,12584.0,0.0,90.0,
2026-07-08 06:24:09,69.0,12.000              ,584.789,200.0,933.0,0.0,69.625,69.625              ,69.625,69.625,69.625,69.625,69.625,69.625,69.625,8.408,3.983,11.557,69.631,27.437,5.029,25.182,3.676,19.363,2333.333,2333.333,2333.333,2333.333,3500.0,3500.0,2333.333,2333.333,3500.0,0.907,0.907,4.496,4.509,1.651,1.651,1.574,1.574,16.064,5315.0,12608.0,0.0,91.0,
2026-07-08 06:24:10,69.0,0.000               ,585.793,200.0,933.0,0.0,69.25,69.250              ,69.25,69.25,69.25,69.25,69.25,69.25,69.25,16.841,9.058,10.992,76.897,35.306,5.006,17.09,6.034,22.153,2333.333,2333.333,3500.0,3500.0,2333.333,2333.333,2333.333,2333.333,3500.0,1.322,1.322,4.25,4.321,1.949,1.949,1.097,1.097,16.226,5289.0,12570.0,2298.254,92.0,0.44
2026-07-08 06:24:11,69.0,0.000               ,585.793,200.0,933.0,0.0,69.25,69.250              ,69.25,69.25,69.25,69.25,69.25,69.25,69.25,5.061,2.163,5.674,77.02,35.93,0.451,13.5,2.332,17.766,2333.333,2333.333,3500.0,3500.0,2333.333,2333.333,2333.333,2333.333,3500.0,0.832,0.832,4.724,4.651,1.968,1.968,0.996,0.996,15.688,5305.0,12591.0,0.0,93.0,
2026-07-08 06:24:12,69.0,0.000               ,585.793,200.0,933.0,0.0,69.0,69.000              ,69.0,69.0,69.0,69.0,69.0,69.0,69.0,12.205,4.677,13.368,54.751,57.367,5.056,22.189,5.209,21.853,2333.333,2333.333,3500.0,3500.0,2333.333,2333.333,2333.333,2333.333,3500.0,1.019,1.019,3.35,3.35,3.078,3.078,1.328,1.328,16.496,5372.0,12657.0,0.0,94.0,
2026-07-08 06:24:13,67.0,0.000               ,580.477,200.0,1067.0,0.0,67.625,67.625              ,67.625,67.625,67.625,67.625,67.625,67.625,67.625,10.197,12.873,20.275,47.036,36.512,3.254,25.145,3.648,19.867,2333.333,2333.333,3500.0,3500.0,2333.333,2333.333,2333.333,2333.333,3500.0,1.083,1.083,2.623,2.623,1.671,1.671,1.246,1.246,14.918,5435.0,12667.0,3117.649,95.0,0.32
2026-07-08 06:24:14,67.0,0.000               ,580.477,200.0,1067.0,0.0,67.75,67.750              ,67.75,67.75,67.75,67.75,67.75,67.75,67.75,44.85,47.305,48.719,63.533,61.514,31.01,55.969,30.101,47.875,2720.0,2720.0,2720.0,2720.0,2720.0,2720.0,3400.0,3400.0,3400.0,2.59,2.59,3.19,3.16,2.702,2.702,2.55,2.55,21.648,5192.0,12719.0,0.0,96.0,
2026-07-08 06:24:15,67.0,0.000               ,580.477,200.0,933.0,0.0,67.25,67.250              ,67.25,67.25,67.25,67.25,67.25,67.25,67.25,20.599,13.123,18.672,74.858,41.567,9.802,27.63,8.762,26.877,3375.0,3375.0,3375.0,3375.0,3375.0,3500.0,2800.0,2800.0,3500.0,1.328,1.328,3.382,3.416,1.848,1.848,1.408,1.408,16.665,5102.0,12760.0,0.0,97.0,
2026-07-08 06:24:16,66.0,0.000               ,580.219,200.0,1067.0,0.0,66.75,66.750              ,66.75,66.75,66.75,66.75,66.75,66.75,66.75,14.418,11.42,9.6,76.629,31.329,5.359,23.799,4.62,22.147,2333.333,2333.333,3500.0,3500.0,2333.333,2333.333,2333.333,2333.333,3500.0,1.158,1.158,3.315,3.315,1.275,1.275,1.198,1.2,15.387,5107.0,12797.0,0.0,98.0,
2026-07-08 06:24:17,66.0,0.000               ,580.219,200.0,933.0,0.0,66.25,66.250              ,66.25,66.25,66.25,66.25,66.25,66.25,66.25,13.875,5.596,9.518,76.958,29.057,5.505,24.532,5.551,21.324,2266.667,2266.667,3400.0,3400.0,2266.667,2266.667,2266.667,2266.667,3400.0,1.005,1.005,3.284,3.284,1.388,1.388,1.215,1.214,14.981,5161.0,12852.0,0.0,99.0,
2026-07-08 06:24:18,65.0,0.000               ,580.219,200.0,933.0,0.0,65.75,65.750              ,65.75,65.75,65.75,65.75,65.75,65.75,65.75,9.301,3.946,11.302,65.829,37.366,1.574,26.71,3.508,19.942,2333.333,2333.333,3500.0,3500.0,2333.333,2333.333,2333.333,2333.333,3500.0,0.864,0.871,2.944,2.995,1.588,1.588,1.276,1.277,14.894,5207.0,12905.0,0.0,100.0,
2026-07-08 06:24:19,65.0,0.000               ,580.219,200.0,933.0,0.0,65.375,65.375              ,65.375,65.375,65.375,65.375,65.375,65.375,65.375,17.195,8.222,9.384,78.552,33.866,4.127,17.463,5.129,21.742,2333.333,2333.333,3500.0,3500.0,2333.333,2333.333,2333.333,2333.333,3500.0,1.184,1.177,3.248,3.196,1.414,1.414,1.101,1.1,14.775,5261.0,12971.0,0.0,101.0,
2026-07-08 06:24:21,65.0,0.000               ,580.219,200.0,933.0,0.0,65.125,65.125              ,65.125,65.125,65.125,65.125,65.125,65.125,65.125,13.613,3.121,7.811,82.753,25.099,2.201,25.852,1.866,20.29,2333.333,2333.333,2333.333,2333.333,2333.333,2333.333,3500.0,3500.0,3500.0,0.928,0.928,3.529,3.485,1.641,1.641,1.135,1.135,15.744,5333.0,13047.0,0.0,103.0,
2026-07-08 06:24:21,65.0,0.000               ,580.219,200.0,1067.0,0.0,65.25,65.250              ,65.25,65.25,65.25,65.25,65.25,65.25,65.25,30.466,28.691,26.469,78.204,64.73,18.289,37.523,19.087,37.932,3400.0,3400.0,2720.0,3400.0,3400.0,3400.0,2720.0,2720.0,3400.0,1.825,1.825,3.466,3.509,2.363,2.363,1.964,1.967,19.496,5251.0,13086.0,0.0,103.0,
2026-07-08 06:24:22,64.0,0.000               ,580.219,200.0,933.0,0.0,64.875,64.875              ,64.875,64.875,64.875,64.875,64.875,64.875,64.875,8.596,7.431,8.07,77.806,26.593,10.171,25.19,4.943,21.1,2333.333,2333.333,3500.0,3500.0,2333.333,2333.333,2333.333,2333.333,3500.0,0.852,0.852,3.238,3.238,1.394,1.44,1.259,1.257,14.884,5303.0,13140.0,0.0,104.0,
2026-07-08 06:24:24,64.0,0.000               ,580.219,200.0,933.0,0.0,64.375,64.375              ,64.375,64.375,64.375,64.375,64.375,64.375,64.375,8.554,7.571,9.545,78.637,30.352,4.947,20.5,4.092,20.525,1555.556,1555.556,3500.0,3500.0,2333.333,2333.333,2333.333,2333.333,3500.0,0.859,0.859,3.283,3.312,1.403,1.357,1.554,1.554,15.445,5356.0,13214.0,0.0,106.0,
2026-07-08 06:24:24,64.0,0.000               ,580.219,200.0,933.0,0.0,64.0,64.000              ,64.0,64.0,64.0,64.0,64.0,64.0,64.0,32.521,18.401,25.091,43.69,63.384,13.669,54.355,13.532,33.08,2720.0,2720.0,2720.0,2720.0,3500.0,3500.0,2800.0,2800.0,3500.0,1.672,1.672,2.234,2.187,2.534,2.534,1.97,1.97,17.698,5361.0,13276.0,0.0,106.0,
2026-07-08 06:24:25,63.0,0.000               ,580.219,200.0,933.0,0.0,63.25,63.250              ,63.25,63.25,63.25,63.25,63.25,63.25,63.25,12.638,10.974,12.378,48.779,46.561,3.175,28.645,2.563,20.714,3500.0,3500.0,2333.333,2333.333,2333.333,2316.667,3500.0,3500.0,3500.0,1.055,1.055,2.228,2.228,1.766,1.766,1.089,1.089,14.101,5311.0,13329.0,0.0,107.0,
2026-07-08 06:24:26,63.0,0.000               ,579.969,200.0,933.0,0.0,63.25,63.250              ,63.25,63.25,63.25,63.25,63.25,63.25,63.25,10.368,6.783,7.735,85.763,21.915,8.965,23.361,4.724,21.202,2333.333,2333.333,3500.0,3500.0,2333.333,2333.333,3500.0,3500.0,3500.0,0.882,0.882,3.447,3.453,1.154,1.154,1.111,1.111,14.489,5365.0,13384.0,0.0,108.0,
2026-07-08 06:24:27,62.0,0.000               ,579.969,200.0,933.0,0.0,62.875,62.875              ,62.875,62.875,62.875,62.875,62.875,62.875,62.875,15.624,6.804,10.838,79.067,27.382,7.572,20.773,3.977,21.504,2333.333,2333.333,3500.0,3500.0,2333.333,2333.333,2333.333,2333.333,3500.0,1.067,1.067,3.257,3.229,1.289,1.289,1.421,1.421,15.2,5455.0,13461.0,0.0,109.0,
2026-07-08 06:24:28,62.0,0.000               ,579.969,200.0,1200.0,0.0,62.25,62.250              ,62.25,62.25,62.25,62.25,62.25,62.25,62.25,32.939,18.899,26.171,33.111,59.324,13.94,55.582,10.46,31.303,2720.0,2720.0,2720.0,2720.0,3400.0,3400.0,2720.0,2720.0,3400.0,1.633,1.639,1.708,1.753,2.39,2.39,1.838,1.838,16.263,5416.0,13488.0,15246.758,110.0,0.07
2026-07-08 06:24:29,62.0,0.000               ,579.969,200.0,933.0,0.0,62.125,62.125              ,62.125,62.125,62.125,62.125,62.125,62.125,62.125,15.61,10.336,15.934,66.803,39.088,4.951,25.946,13.028,23.962,2333.333,2333.333,2333.333,2333.333,2333.333,2333.333,3500.0,3500.0,3500.0,1.01,1.004,2.938,2.909,1.448,1.454,1.321,1.792,15.856,5467.0,13543.0,0.0,111.0,
2026-07-08 06:24:31,62.0,0.000               ,579.969,200.0,1067.0,0.0,62.125,62.125              ,62.125,62.125,62.125,62.125,62.125,62.125,62.125,15.965,7.488,10.155,73.44,30.899,7.82,23.613,20.621,23.75,2333.333,2333.333,3500.0,3500.0,2333.333,2333.333,2560.0,2560.0,3500.0,1.121,1.121,3.077,3.049,1.488,1.483,2.321,2.03,16.258,5506.0,13600.0,0.0,113.0,
2026-07-08 06:24:31,62.0,0.000               ,579.969,200.0,1200.0,0.0,62.875,62.875              ,62.875,62.875,62.875,62.875,62.875,62.875,62.875,31.81,32.374,37.397,75.06,51.865,22.063,73.469,21.23,43.159,2800.0,2800.0,3500.0,3500.0,2333.333,2333.333,2333.333,2333.333,3500.0,1.903,1.903,3.353,3.435,2.253,2.253,2.673,2.673,22.237,5404.0,13640.0,0.0,113.0,
2026-07-08 06:24:32,62.0,0.000               ,579.969,200.0,1067.0,0.0,62.875,62.875              ,62.875,62.875,62.875,62.875,62.875,62.875,62.875,33.283,41.149,35.969,63.058,62.011,21.507,44.696,25.521,40.899,2720.0,2720.0,3400.0,3400.0,2720.0,2720.0,2720.0,2720.0,3400.0,2.086,2.111,2.867,2.829,2.361,2.361,1.973,1.973,18.94,5268.0,13679.0,0.0,114.0,
2026-07-08 06:24:33,62.0,0.000               ,579.969,200.0,933.0,0.0,62.75,62.750              ,62.75,62.75,62.75,62.75,62.75,62.75,62.75,10.74,11.459,6.669,85.558,37.844,3.265,16.314,3.899,21.969,2333.333,2333.333,3500.0,3500.0,3500.0,3500.0,2333.333,2333.333,3500.0,1.113,1.071,3.538,3.526,1.65,1.623,0.952,0.952,15.607,5158.0,13732.0,0.0,115.0,
2026-07-08 06:24:34,62.0,0.000               ,579.969,200.0,933.0,0.0,62.0,62.000              ,62.0,62.0,62.0,62.0,62.0,62.0,62.0,10.784,6.391,15.763,44.802,52.731,3.015,28.152,3.533,20.646,2333.333,2333.333,3500.0,3500.0,2333.333,2333.333,2333.333,2333.333,3500.0,0.871,0.871,2.148,2.148,1.996,2.028,1.129,1.129,14.192,5236.0,13781.0,0.0,116.0,
2026-07-08 06:24:35,61.0,0.000               ,579.969,200.0,933.0,0.0,61.625,61.625              ,61.625,61.625,61.625,61.625,61.625,61.625,61.625,8.448,6.068,8.789,68.061,39.736,3.38,23.034,3.207,20.09,2333.333,2333.333,3500.0,3500.0,2333.333,2333.333,2333.333,2333.333,3500.0,0.852,0.852,2.899,2.909,1.623,1.637,1.151,1.151,14.24,5292.0,13844.0,7153.333,117.0,0.14
2026-07-08 06:24:36,61.0,0.000               ,579.719,200.0,1067.0,0.0,61.125,61.125              ,61.125,61.125,61.125,61.125,61.125,61.125,61.125,16.944,6.596,14.929,56.342,44.089,5.412,26.586,5.435,22.042,2333.333,2333.333,3500.0,3500.0,2333.333,2333.333,2333.333,2333.333,3500.0,1.032,1.032,2.648,2.637,1.966,1.959,1.192,1.192,14.908,5380.0,13937.0,0.0,118.0,
2026-07-08 06:24:37,61.0,0.000               ,579.719,200.0,933.0,0.0,61.75,61.750              ,61.75,61.75,61.75,61.75,61.75,61.75,61.75,45.277,42.412,43.133,56.954,67.875,26.883,59.6,27.834,46.246,2740.0,2740.0,2740.0,2740.0,2740.0,2740.0,3425.0,3425.0,3425.0,2.391,2.391,2.856,2.843,2.588,2.588,2.775,2.775,21.08,5192.0,13993.0,0.0,119.0,
2026-07-08 06:24:38,63.0,0.000               ,579.719,200.0,933.0,0.0,63.125,63.125              ,63.125,63.125,63.125,63.125,63.125,63.125,63.125,14.333,14.226,14.928,53.548,64.692,7.613,20.116,10.683,25.017,2333.333,2333.333,3500.0,3500.0,2333.333,2333.333,2333.333,2333.333,3500.0,1.135,1.163,2.76,2.775,2.991,2.991,1.207,1.214,16.912,5092.0,13990.0,0.0,120.0,
2026-07-08 06:24:39,64.0,0.000               ,579.719,200.0,933.0,0.0,64.375,64.375              ,64.375,64.375,64.375,64.375,64.375,64.375,64.375,7.146,13.528,17.63,11.362,87.941,2.838,17.396,3.121,20.12,3500.0,3500.0,2333.333,2333.333,2333.333,2333.333,2333.333,2333.333,3500.0,1.101,1.071,1.165,1.161,3.967,3.967,0.889,0.883,15.754,5101.0,13989.0,0.0,121.0,
2026-07-08 06:24:40,65.0,0.000               ,579.719,200.0,933.0,0.0,65.375,65.375              ,65.375,65.375,65.375,65.375,65.375,65.375,65.375,30.571,6.327,21.016,19.225,75.304,4.95,17.3,6.915,22.701,2333.333,2333.333,3500.0,3500.0,2333.333,2333.333,2333.333,2333.333,3500.0,1.717,1.717,1.563,1.563,3.44,3.44,1.098,1.097,16.368,5138.0,13984.0,0.0,122.0,
2026-07-08 06:24:41,65.0,0.000               ,579.719,200.0,933.0,0.0,65.875,65.875              ,65.875,65.875,65.875,65.875,65.875,65.875,65.875,8.782,3.634,7.562,84.135,23.852,2.883,11.432,16.779,19.883,2333.333,2333.333,3500.0,3500.0,2333.333,2333.333,2333.333,2333.333,3500.0,0.754,0.754,3.972,3.972,1.04,1.041,1.347,1.389,15.741,5148.0,13985.0,0.0,123.0,
2026-07-08 06:24:42,65.0,0.000               ,639.445,200.0,933.0,0.0,65.25,65.250              ,65.25,65.25,65.25,65.25,65.25,65.25,65.25,10.64,5.436,21.057,16.664,35.731,4.518,73.933,5.408,21.673,2333.333,2333.333,3500.0,3500.0,2333.333,2333.333,2333.333,2333.333,3500.0,0.772,0.772,1.378,1.378,1.633,1.632,3.249,3.238,15.415,5187.0,14084.0,0.0,124.0,
2026-07-08 06:24:43,65.0,0.000               ,639.445,200.0,933.0,0.0,65.5,65.500              ,65.5,65.5,65.5,65.5,65.5,65.5,65.5,8.509,3.729,6.407,88.169,27.302,1.815,14.825,2.264,19.128,2333.333,2333.333,2333.333,2333.333,3500.0,3500.0,2333.333,2333.333,3500.0,0.799,0.799,4.173,4.187,1.399,1.399,0.869,0.875,15.745,5198.0,14082.0,0.0,125.0,
2026-07-08 06:24:44,65.0,0.000               ,639.445,200.0,933.0,0.0,65.0,65.000              ,65.0,65.0,65.0,65.0,65.0,65.0,65.0,15.575,7.184,26.266,13.377,74.53,3.889,25.579,5.098,21.437,2333.333,2333.333,3500.0,3500.0,2333.333,2333.333,2333.333,2333.333,3500.0,1.032,1.032,1.581,1.567,3.308,3.308,1.268,1.262,15.481,5207.0,14081.0,0.0,126.0,
2026-07-08 06:24:45,65.0,0.000               ,639.445,200.0,933.0,0.0,65.5,65.500              ,65.5,65.5,65.5,65.5,65.5,65.5,65.5,6.585,4.277,5.406,92.594,21.901,4.736,21.734,2.671,19.988,2333.333,2333.333,3500.0,3500.0,2333.333,2333.333,2333.333,2333.333,3500.0,0.765,0.765,4.371,4.371,1.292,1.292,1.084,1.084,15.694,5213.0,14078.0,0.0,127.0,
2026-07-08 06:24:46,65.0,0.000               ,642.711,200.0,933.0,0.0,65.375,65.375              ,65.375,65.375,65.375,65.375,65.375,65.375,65.375,11.143,4.068,4.876,97.587,20.662,3.435,12.896,3.354,19.753,2333.333,2333.333,3500.0,3500.0,2333.333,2333.333,2333.333,2333.333,3500.0,0.816,0.816,4.482,4.527,1.029,1.013,0.803,0.803,15.38,5211.0,14091.0,0.0,128.0,
2026-07-08 06:24:47,64.0,0.000               ,642.711,200.0,933.0,0.0,64.75,64.750              ,64.75,64.75,64.75,64.75,64.75,64.75,64.75,11.131,4.07,18.778,9.491,31.333,61.808,18.305,3.674,19.824,2333.333,2333.333,2333.333,2333.333,2333.333,2333.333,3500.0,3500.0,3500.0,0.874,0.874,1.102,0.999,4.031,4.099,1.07,1.07,15.311,5215.0,14091.0,0.0,129.0,
2026-07-08 06:24:48,64.0,0.000               ,642.711,200.0,933.0,0.0,64.75,64.750              ,64.75,64.75,64.75,64.75,64.75,64.75,64.75,10.82,4.88,14.134,55.811,30.484,24.951,17.322,5.171,20.447,2333.333,2333.333,3500.0,3500.0,2333.333,2333.333,2333.333,2333.333,3500.0,0.791,0.791,3.06,3.06,2.337,2.337,0.925,0.925,15.392,5222.0,14090.0,0.0,130.0,
2026-07-08 06:24:49,65.0,0.000               ,642.711,200.0,933.0,0.0,65.0,65.000              ,65.0,65.0,65.0,65.0,65.0,65.0,65.0,6.035,2.971,7.117,95.01,20.32,1.245,12.732,1.743,18.397,2333.333,2333.333,3500.0,3500.0,2333.333,2333.333,2333.333,2333.333,3500.0,0.66,0.66,4.495,4.444,0.977,0.977,0.802,0.802,15.22,5224.0,14090.0,0.0,131.0,
2026-07-08 06:24:50,64.0,0.000               ,652.828,200.0,933.0,0.0,64.25,64.250              ,64.25,64.25,64.25,64.25,64.25,64.25,64.25,8.349,29.393,20.148,25.582,53.397,3.861,23.964,5.43,21.265,2333.333,2333.333,2333.333,2333.333,2333.333,2333.333,3500.0,3500.0,3500.0,1.641,1.669,1.646,1.709,2.342,2.347,1.205,1.205,15.206,5237.0,14098.0,15011.709,132.0,0.07
2026-07-08 06:24:51,62.0,1.000               ,652.828,200.0,933.0,0.0,62.75,62.750              ,62.75,62.75,62.75,62.75,62.75,62.75,62.75,10.654,14.285,33.724,8.054,69.589,1.882,13.18,2.805,19.272,3500.0,3500.0,2333.333,2333.333,2333.333,2333.333,2333.333,2333.333,3500.0,1.345,1.312,1.721,1.661,3.339,3.333,0.861,0.861,14.87,5237.0,14100.0,0.0,133.0,
2026-07-08 06:24:52,62.0,1.000               ,652.828,200.0,933.0,0.0,62.25,62.250              ,62.25,62.25,62.25,62.25,62.25,62.25,62.25,7.073,66.342,29.886,5.51,37.746,3.827,13.884,3.551,20.977,2333.333,2333.333,3500.0,3500.0,2800.0,2800.0,2333.333,2333.333,3500.0,3.28,3.278,1.345,1.345,1.857,1.857,0.818,0.818,14.827,5245.0,14102.0,0.0,134.0,
2026-07-08 06:24:53,62.0,0.000               ,652.828,200.0,933.0,0.0,62.0,62.000              ,62.0,62.0,62.0,62.0,62.0,62.0,62.0,2.446,90.417,24.665,4.271,14.666,2.0,7.631,4.24,18.792,2333.333,2333.333,3500.0,3500.0,2333.333,2333.333,2333.333,2333.333,3500.0,4.268,4.222,1.15,1.15,0.723,0.723,0.682,0.682,14.136,5247.0,14098.0,0.0,135.0,
2026-07-08 06:24:54,62.0,0.000               ,652.828,200.0,933.0,0.0,62.0,62.000              ,62.0,62.0,62.0,62.0,62.0,62.0,62.0,11.577,83.812,25.227,5.954,14.267,4.222,9.574,3.104,19.717,2333.333,2333.333,3500.0,3500.0,2333.333,2333.333,2333.333,2333.333,3500.0,4.52,4.572,1.281,1.281,0.889,0.889,0.732,0.732,15.135,5246.0,14098.0,0.0,136.0,
2026-07-08 06:24:55,61.0,0.000               ,652.828,200.0,933.0,0.0,61.75,61.750              ,61.75,61.75,61.75,61.75,61.75,61.75,61.75,8.394,51.793,29.297,7.991,20.132,6.601,7.705,51.909,22.978,3500.0,3500.0,2333.333,2333.333,2333.333,2333.333,2333.333,2333.333,3500.0,2.731,2.731,1.34,1.34,1.044,1.044,2.728,2.772,15.647,5271.0,14095.0,0.0,137.0,
2026-07-08 06:24:56,61.0,0.000               ,652.578,200.0,933.0,0.0,61.625,61.625              ,61.625,61.625,61.625,61.625,61.625,61.625,61.625,20.608,70.786,20.68,3.67,26.007,2.72,7.528,4.738,19.592,3500.0,3500.0,2333.333,2333.333,2333.333,2333.333,2333.333,2333.333,3500.0,4.044,4.044,0.915,0.915,1.342,1.342,0.758,0.67,14.378,5280.0,14098.0,0.0,138.0,
2026-07-08 06:24:57,61.0,0.000               ,652.578,200.0,933.0,0.0,61.0,61.000              ,61.0,61.0,61.0,61.0,61.0,61.0,61.0,6.072,43.952,26.254,3.882,15.675,2.174,29.106,28.414,19.441,3500.0,3500.0,2333.333,2333.333,2333.333,2333.333,2333.333,2333.333,3500.0,2.244,2.244,1.125,1.125,0.752,0.752,2.507,2.605,14.174,5278.0,14096.0,0.0,139.0,
2026-07-08 06:24:59,61.0,0.000               ,652.578,200.0,933.0,0.0,61.625,61.625              ,61.625,61.625,61.625,61.625,61.625,61.625,61.625,35.583,33.126,31.436,35.702,42.46,5.428,19.055,10.208,26.625,3500.0,3500.0,2333.333,2333.333,2333.333,2333.333,2333.333,2333.333,3500.0,3.104,3.104,2.916,2.916,2.243,2.434,1.441,1.368,18.548,5391.0,14297.0,8373.133,141.0,0.12
2026-07-08 06:24:59,60.0,0.000               ,786.621,800.0,1200.0,0.0,60.75,60.750              ,60.75,60.75,60.75,60.75,60.75,60.75,60.75,64.42,61.509,64.276,58.326,61.452,59.77,60.98,43.511,59.28,3500.0,3500.0,3500.0,3500.0,3500.0,3500.0,2800.0,2800.0,3500.0,2.793,2.796,2.29,2.29,2.563,2.217,2.015,2.015,22.482,5499.0,14496.0,341.422,141.0,2.93
2026-07-08 06:25:01,59.0,42.000              ,788.125,200.0,1200.0,0.0,59.625,59.625              ,59.625,59.625,59.625,59.625,59.625,59.625,59.625,59.451,54.626,62.258,61.832,75.022,51.083,69.141,42.869,59.535,3325.0,3325.0,3325.0,3325.0,2725.0,2725.0,2750.0,2750.0,3325.0,1.734,1.731,1.806,1.806,2.038,2.063,1.928,1.928,21.73,5431.0,14496.0,28.375,143.0,35.24
2026-07-08 06:25:01,59.0,77.000              ,786.625,476.0,1200.0,0.0,59.125,59.125              ,59.125,59.125,59.125,59.125,59.125,59.125,59.125,53.415,53.991,58.49,58.402,67.377,34.749,68.838,34.027,53.661,2740.0,2740.0,3425.0,3425.0,1957.143,1957.143,3425.0,3425.0,3425.0,1.881,1.881,2.089,2.089,1.787,1.787,1.77,1.77,21.324,5357.0,14500.0,26.249,143.0,38.1
2026-07-08 06:25:02,58.0,69.000              ,785.125,200.0,1200.0,0.0,58.75,58.750              ,58.75,58.75,58.75,58.75,58.75,58.75,58.75,43.651,40.835,53.265,47.589,54.368,23.053,54.908,22.531,42.525,2116.667,2116.667,3175.0,3175.0,2166.667,2166.667,1857.143,1857.143,3175.0,1.748,1.748,2.124,2.124,1.621,1.621,1.653,1.653,20.379,5280.0,14498.0,20.278,144.0,49.31
2026-07-08 06:25:03,58.0,69.000              ,785.637,272.0,1200.0,0.0,58.75,58.750              ,58.75,58.75,58.75,58.75,58.75,58.75,58.75,30.636,25.982,65.574,26.753,42.205,8.341,48.522,13.19,32.65,1957.143,1957.143,1957.143,1957.143,3425.0,3425.0,2283.333,2283.333,3425.0,1.461,1.461,2.429,2.429,1.392,1.392,1.731,1.731,20.215,5208.0,14495.0,24.576,145.0,40.69
2026-07-08 06:25:04,58.0,70.000              ,785.637,393.0,1067.0,0.0,58.5,58.500              ,58.5,58.5,58.5,58.5,58.5,58.5,58.5,30.771,28.566,43.003,33.776,46.753,7.361,42.532,10.888,30.456,1871.429,1871.429,3275.0,3275.0,2250.0,2250.0,2250.0,2250.0,3275.0,1.452,1.452,2.016,2.016,1.272,1.272,1.325,1.325,19.407,5178.0,14493.0,25.75,146.0,38.83
2026-07-08 06:25:05,58.0,70.000              ,785.633,400.0,1067.0,0.0,58.5,58.500              ,58.5,58.5,58.5,58.5,58.5,58.5,58.5,42.454,25.657,48.013,35.226,41.868,10.396,43.992,10.854,32.307,3375.0,3375.0,1928.571,1928.571,1687.5,1687.5,2333.333,2333.333,3375.0,1.737,1.741,2.245,2.245,1.409,1.409,1.473,1.473,20.059,5181.0,14491.0,23.011,147.0,43.46
2026-07-08 06:25:06,58.0,69.000              ,785.387,305.0,1200.0,0.0,58.5,58.500              ,58.5,58.5,58.5,58.5,58.5,58.5,58.5,37.03,22.199,43.547,29.998,42.041,8.85,45.313,7.997,29.622,3300.0,3300.0,3375.0,3375.0,1687.5,1687.5,2250.0,2250.0,3375.0,1.647,1.643,2.108,2.111,1.45,1.45,1.573,1.573,19.779,5191.0,14492.0,41.355,148.0,24.18
2026-07-08 06:25:07,58.0,70.000              ,786.699,364.0,1067.0,0.0,58.5,58.500              ,58.5,58.5,58.5,58.5,58.5,58.5,58.5,43.609,26.02,50.18,33.108,45.088,11.008,45.412,11.534,33.245,2166.667,2166.667,3250.0,3250.0,1857.143,1857.143,2283.333,2283.333,3250.0,1.708,1.708,2.101,2.098,1.46,1.46,1.476,1.476,19.917,5195.0,14493.0,23.079,149.0,43.33
2026-07-08 06:25:08,58.0,69.000              ,787.957,200.0,1200.0,0.0,58.75,58.750              ,58.75,58.75,58.75,58.75,58.75,58.75,58.75,37.919,28.172,51.51,33.96,51.415,13.468,49.491,12.888,34.853,1675.0,1675.0,2680.0,2680.0,1675.0,1675.0,3350.0,3350.0,3350.0,1.594,1.594,2.203,2.203,1.637,1.637,1.565,1.57,20.224,5216.0,14494.0,21.855,150.0,45.76
2026-07-08 06:25:09,58.0,68.000              ,768.297,426.0,1200.0,0.0,58.5,58.500              ,58.5,58.5,58.5,58.5,58.5,58.5,58.5,31.78,30.135,39.475,42.039,43.035,13.116,38.508,13.895,31.498,1928.571,2216.667,3325.0,3500.0,2333.333,2333.333,2333.333,2333.333,3500.0,1.428,1.43,2.015,2.015,1.357,1.359,1.255,1.251,19.105,5219.0,14479.0,24.476,151.0,40.86
2026-07-08 06:25:10,58.0,69.000              ,769.305,413.0,1067.0,0.0,58.5,58.500              ,58.5,58.5,58.5,58.5,58.5,58.5,58.5,32.607,32.638,60.754,32.704,48.022,10.944,46.009,16.175,34.982,1983.333,1700.0,1857.143,1857.143,2166.667,2166.667,3250.0,3250.0,3250.0,1.5,1.504,2.201,2.206,1.435,1.433,1.508,1.508,19.961,5227.0,14480.0,22.117,152.0,45.21
2026-07-08 06:25:11,59.0,70.000              ,769.457,358.0,1200.0,0.0,59.0,59.000              ,59.0,59.0,59.0,59.0,59.0,59.0,59.0,35.25,30.674,58.149,32.667,41.163,10.603,53.026,14.622,34.519,2700.0,2800.0,3500.0,3300.0,2200.0,2600.0,2166.667,2166.667,3500.0,1.637,1.632,2.179,2.173,1.307,1.307,1.758,1.758,19.833,5226.0,14479.0,23.221,153.0,43.06
2026-07-08 06:25:12,59.0,69.000              ,773.5,344.0,1067.0,0.0,59.0,59.000              ,59.0,59.0,59.0,59.0,59.0,59.0,59.0,42.474,28.654,46.317,28.835,47.148,11.858,54.945,12.878,34.139,1942.857,1942.857,3400.0,3400.0,1700.0,1700.0,1700.0,1700.0,3400.0,1.724,1.724,1.83,1.83,1.478,1.478,1.755,1.755,19.835,5232.0,14481.0,19.505,154.0,51.27
2026-07-08 06:25:13,59.0,68.000              ,773.496,450.0,1067.0,0.0,59.0,59.000              ,59.0,59.0,59.0,59.0,59.0,59.0,59.0,47.595,29.363,50.324,31.49,40.631,18.034,56.518,16.034,36.249,3300.0,3300.0,1885.714,1885.714,2200.0,2200.0,2740.0,2740.0,3300.0,1.705,1.705,1.88,1.88,1.357,1.357,1.829,1.84,19.902,5231.0,14474.0,19.987,155.0,50.03
2026-07-08 06:25:14,59.0,70.000              ,773.621,476.0,1200.0,0.0,59.0,59.000              ,59.0,59.0,59.0,59.0,59.0,59.0,59.0,46.495,24.372,48.564,26.649,43.795,12.33,50.307,13.942,33.307,2233.333,2233.333,2440.0,2440.0,2440.0,2440.0,3175.0,3175.0,3175.0,1.578,1.578,1.73,1.734,1.286,1.286,1.528,1.517,19.021,5238.0,14474.0,19.692,156.0,50.78
2026-07-08 06:25:15,59.0,71.000              ,773.734,200.0,1200.0,0.0,59.125,59.125              ,59.125,59.125,59.125,59.125,59.125,59.125,59.125,33.407,32.061,50.812,33.312,42.413,10.246,46.593,12.49,32.667,2200.0,2200.0,3300.0,3300.0,1650.0,1650.0,3275.0,3275.0,3300.0,1.519,1.519,2.048,2.051,1.33,1.33,1.521,1.521,19.618,5242.0,14473.0,25.461,157.0,39.28
2026-07-08 06:25:16,59.0,69.000              ,773.48,476.0,1067.0,0.0,59.25,59.250              ,59.25,59.25,59.25,59.25,59.25,59.25,59.25,33.013,27.402,57.914,27.41,49.809,6.55,48.476,11.411,32.748,1842.857,1842.857,2660.0,2660.0,1900.0,1900.0,3200.0,3200.0,3200.0,1.44,1.448,2.149,2.142,1.454,1.454,1.623,1.623,19.791,5241.0,14472.0,25.159,158.0,39.75
2026-07-08 06:25:17,59.0,69.000              ,773.48,457.0,1067.0,0.0,59.75,59.750              ,59.75,59.75,59.75,59.75,59.75,59.75,59.75,29.508,28.473,68.689,24.466,45.548,7.515,48.284,8.531,32.627,2333.333,2333.333,3400.0,3400.0,2266.667,2266.667,1942.857,1942.857,3400.0,1.458,1.449,2.554,2.554,1.413,1.4,1.575,1.575,20.283,5241.0,14472.0,23.871,159.0,41.89
2026-07-08 06:25:18,59.0,71.000              ,773.48,420.0,1067.0,0.0,59.75,59.750              ,59.75,59.75,59.75,59.75,59.75,59.75,59.75,36.725,26.463,64.908,22.127,50.407,14.183,49.133,14.985,34.866,2675.0,2675.0,2140.0,2140.0,1783.333,1783.333,2140.0,2140.0,2675.0,1.485,1.485,1.997,1.997,1.514,1.531,1.61,1.61,20.0,5248.0,14472.0,20.475,160.0,48.84
2026-07-08 06:25:19,59.0,70.000              ,773.492,508.0,1067.0,0.0,59.625,59.625              ,59.625,59.625,59.625,59.625,59.625,59.625,59.625,33.737,25.543,56.599,28.537,49.576,11.758,47.384,10.646,32.973,1857.143,1857.143,3250.0,3200.0,2800.0,2800.0,2800.0,2800.0,3250.0,1.305,1.317,1.868,1.868,1.465,1.463,1.447,1.449,19.282,5249.0,14471.0,19.356,161.0,51.66
2026-07-08 06:25:20,59.0,70.000              ,773.5,733.0,1067.0,0.0,59.0,59.000              ,59.0,59.0,59.0,59.0,59.0,59.0,59.0,34.412,28.615,45.647,29.335,51.443,8.711,39.851,13.203,31.402,2800.0,2800.0,3500.0,3500.0,1800.0,1800.0,2100.0,2100.0,3500.0,1.193,1.164,1.535,1.535,1.238,1.238,1.11,1.109,18.2,5253.0,14471.0,24.318,162.0,41.12
2026-07-08 06:25:21,59.0,70.000              ,773.504,200.0,1200.0,0.0,59.125,59.125              ,59.125,59.125,59.125,59.125,59.125,59.125,59.125,41.525,24.858,48.993,27.713,50.235,8.547,42.836,15.018,32.465,2640.0,2640.0,2640.0,2640.0,2640.0,2640.0,3300.0,3025.0,3300.0,1.585,1.608,1.847,1.847,1.433,1.433,1.483,1.481,19.749,5254.0,14469.0,21.926,163.0,45.61
2026-07-08 06:25:22,59.0,69.000              ,773.508,200.0,1067.0,0.0,59.5,59.500              ,59.5,59.5,59.5,59.5,59.5,59.5,59.5,44.619,26.376,45.594,33.526,56.765,14.057,41.613,14.5,34.631,1900.0,1900.0,3225.0,3225.0,1842.857,2133.333,2133.333,2133.333,3225.0,1.653,1.653,1.914,1.914,1.774,1.774,1.453,1.458,20.219,5264.0,14470.0,22.085,164.0,45.28
2026-07-08 06:25:23,59.0,68.000              ,774.508,200.0,1067.0,0.0,59.25,59.250              ,59.25,59.25,59.25,59.25,59.25,59.25,59.25,31.445,27.73,35.58,49.869,45.718,8.251,40.995,14.187,31.722,2600.0,2600.0,3250.0,3250.0,1857.143,1857.143,2166.667,2580.0,3250.0,1.161,1.161,1.906,1.906,1.099,1.101,1.193,1.188,18.53,5263.0,14471.0,26.073,165.0,38.35
2026-07-08 06:25:24,59.0,68.000              ,774.508,450.0,1067.0,0.0,59.25,59.250              ,59.25,59.25,59.25,59.25,59.25,59.25,59.25,29.501,28.65,30.614,52.033,46.222,8.571,37.501,11.999,30.636,1728.571,1728.571,3500.0,3225.0,1842.857,1842.857,1842.857,1842.857,3500.0,1.359,1.359,2.179,2.179,1.28,1.278,1.187,1.187,18.972,5270.0,14469.0,18.12,166.0,55.19
2026-07-08 06:25:25,59.0,68.000              ,774.512,200.0,1067.0,0.0,59.5,59.500              ,59.5,59.5,59.5,59.5,59.5,59.5,59.5,23.566,25.967,42.978,33.394,55.217,5.545,34.409,7.568,28.581,1766.667,1766.667,2650.0,2650.0,2700.0,2700.0,2250.0,2250.0,2700.0,1.333,1.336,2.277,2.277,1.824,1.83,1.296,1.296,19.942,5269.0,14468.0,20.625,167.0,48.48
2026-07-08 06:25:26,59.0,68.000              ,774.258,406.0,1067.0,0.0,59.625,59.625              ,59.625,59.625,59.625,59.625,59.625,59.625,59.625,36.938,24.117,49.908,27.389,60.007,6.564,43.986,12.059,32.621,2560.0,2560.0,3200.0,3200.0,2560.0,2560.0,1857.143,1857.143,3200.0,1.518,1.515,1.913,1.914,1.849,1.844,1.49,1.49,19.349,5274.0,14466.0,23.479,168.0,42.59
2026-07-08 06:25:27,59.0,69.000              ,774.258,413.0,1067.0,0.0,59.875,59.875              ,59.875,59.875,59.875,59.875,59.875,59.875,59.875,36.614,25.071,41.078,28.078,67.988,7.78,38.947,13.241,32.349,2800.0,2800.0,2333.333,2333.333,3325.0,3325.0,2216.667,2216.667,3325.0,1.609,1.611,1.748,1.747,2.188,2.188,1.408,1.406,19.602,5274.0,14466.0,23.247,169.0,43.02
2026-07-08 06:25:28,59.0,69.000              ,774.262,200.0,1067.0,0.0,59.875,59.875              ,59.875,59.875,59.875,59.875,59.875,59.875,59.875,35.348,24.808,41.532,30.692,66.038,11.42,39.821,16.136,33.224,1928.571,1928.571,1928.571,1928.571,3350.0,3350.0,1675.0,1675.0,3350.0,1.53,1.529,1.843,1.853,2.182,2.182,1.452,1.455,19.713,5274.0,14467.0,20.585,170.0,48.58
2026-07-08 06:25:29,59.0,70.000              ,774.262,200.0,1067.0,0.0,59.875,59.875              ,59.875,59.875,59.875,59.875,59.875,59.875,59.875,36.265,31.311,46.811,28.209,67.524,14.469,40.825,20.132,35.693,2500.0,2500.0,2500.0,2500.0,3275.0,3275.0,1871.429,1871.429,3275.0,1.459,1.459,1.615,1.605,2.022,2.022,1.433,1.438,19.303,5279.0,14466.0,20.452,171.0,48.89
2026-07-08 06:25:30,59.0,71.000              ,774.254,500.0,1067.0,0.0,59.875,59.875              ,59.875,59.875,59.875,59.875,59.875,59.875,59.875,37.115,26.583,41.642,27.861,43.454,9.151,60.883,17.024,32.964,2233.333,2233.333,2233.333,2233.333,1914.286,1914.286,3350.0,3350.0,3350.0,1.385,1.385,1.584,1.584,1.25,1.25,1.93,1.949,19.22,5279.0,14466.0,18.749,172.0,53.34
2026-07-08 06:25:31,59.0,70.000              ,775.277,200.0,1067.0,0.0,59.625,59.625              ,59.625,59.625,59.625,59.625,59.625,59.625,59.625,30.508,26.176,41.261,35.68,36.998,5.739,41.176,10.099,28.455,2600.0,3225.0,1842.857,1842.857,2266.667,2266.667,3400.0,3400.0,3400.0,1.444,1.444,2.046,2.046,1.075,1.075,1.445,1.422,18.71,5284.0,14467.0,24.418,173.0,40.95
2026-07-08 06:25:32,59.0,69.000              ,775.273,413.0,1067.0,0.0,59.625,59.625              ,59.625,59.625,59.625,59.625,59.625,59.625,59.625,31.606,22.775,57.224,29.852,45.189,7.11,37.336,9.727,30.102,1650.0,1650.0,3300.0,3300.0,1650.0,1650.0,1885.714,1885.714,3300.0,1.46,1.46,2.447,2.447,1.384,1.384,1.313,1.313,19.354,5282.0,14467.0,22.086,174.0,45.28
2026-07-08 06:25:33,59.0,69.000              ,776.773,400.0,1067.0,0.0,59.625,59.625              ,59.625,59.625,59.625,59.625,59.625,59.625,59.625,34.375,24.02,58.078,29.057,58.705,7.879,39.621,12.292,33.003,3200.0,3200.0,2560.0,2560.0,2133.333,2133.333,2560.0,2560.0,3200.0,1.457,1.457,2.165,2.165,1.806,1.806,1.389,1.392,19.874,5282.0,14467.0,23.033,175.0,43.42
2026-07-08 06:25:34,59.0,69.000              ,773.754,364.0,1200.0,0.0,59.75,59.750              ,59.75,59.75,59.75,59.75,59.75,59.75,59.75,36.007,24.007,56.108,28.16,57.107,9.939,38.839,18.068,33.529,3300.0,3300.0,3300.0,3300.0,2200.0,2200.0,2200.0,2200.0,3300.0,1.529,1.533,2.162,2.162,1.759,1.762,1.53,1.526,19.875,5288.0,14467.0,21.368,176.0,46.8
2026-07-08 06:25:35,59.0,69.000              ,773.844,420.0,1067.0,0.0,59.875,59.875              ,59.875,59.875,59.875,59.875,59.875,59.875,59.875,33.768,25.651,53.741,28.47,50.351,8.613,52.504,17.24,33.792,1942.857,1942.857,2266.667,2266.667,3400.0,3400.0,1700.0,2333.333,3400.0,1.423,1.42,2.036,2.036,1.538,1.535,1.877,1.885,20.008,5287.0,14467.0,20.756,177.0,48.18
2026-07-08 06:25:36,59.0,68.000              ,773.594,533.0,1067.0,0.0,59.875,59.875              ,59.875,59.875,59.875,59.875,59.875,59.875,59.875,32.738,26.155,61.163,26.465,41.635,13.594,52.687,12.4,33.355,1828.571,1828.571,3350.0,3500.0,2333.333,2333.333,2800.0,2800.0,3500.0,1.409,1.412,2.124,2.124,1.356,1.356,1.654,1.654,19.137,5285.0,14466.0,19.856,178.0,50.36
2026-07-08 06:25:37,59.0,69.000              ,773.598,620.0,1200.0,0.0,59.125,59.125              ,59.125,59.125,59.125,59.125,59.125,59.125,59.125,28.817,29.306,45.308,30.181,44.257,7.865,46.715,12.119,30.571,2420.0,2233.333,2680.0,2560.0,3200.0,3200.0,3350.0,3350.0,3350.0,1.106,1.102,1.623,1.623,1.078,1.078,1.275,1.275,18.013,5289.0,14465.0,24.87,179.0,40.21
2026-07-08 06:25:38,59.0,70.000              ,773.598,200.0,1067.0,0.0,59.25,59.250              ,59.25,59.25,59.25,59.25,59.25,59.25,59.25,32.778,26.052,44.399,39.836,40.846,11.714,43.338,12.505,31.434,2560.0,2560.0,2550.0,2550.0,2040.0,2460.0,1957.143,1957.143,2560.0,1.362,1.373,2.149,2.149,1.251,1.251,1.394,1.394,19.05,5292.0,14465.0,20.891,180.0,47.87
2026-07-08 06:25:39,59.0,69.000              ,773.586,469.0,1067.0,0.0,59.75,59.750              ,59.75,59.75,59.75,59.75,59.75,59.75,59.75,47.375,40.182,64.458,39.575,56.997,25.34,52.676,22.323,43.616,1625.0,1625.0,2166.667,2166.667,3250.0,3250.0,2166.667,2560.0,3250.0,1.774,1.783,2.18,2.182,1.769,1.769,1.631,1.631,20.636,5307.0,14468.0,23.005,181.0,43.47
2026-07-08 06:25:40,59.0,70.000              ,773.57,492.0,1200.0,0.0,60.0,60.000              ,60.0,60.0,60.0,60.0,60.0,60.0,60.0,51.155,44.883,61.247,50.155,61.868,29.048,55.459,26.414,47.529,2440.0,2440.0,3050.0,3050.0,2440.0,2440.0,2440.0,2440.0,3050.0,1.818,1.8,2.087,2.085,1.785,1.789,1.674,1.693,21.229,5366.0,14476.0,24.965,182.0,40.06
2026-07-08 06:25:42,60.0,70.000              ,773.574,620.0,1200.0,0.0,60.5,60.500              ,60.5,60.5,60.5,60.5,60.5,60.5,60.5,76.128,69.415,81.543,80.939,78.486,68.61,78.601,64.236,74.745,2925.0,2925.0,2925.0,2925.0,2925.0,2925.0,2925.0,2925.0,2925.0,1.956,1.956,2.274,2.274,2.141,2.138,1.989,1.972,22.507,5420.0,14487.0,25.093,184.0,39.85
2026-07-08 06:25:42,60.0,69.000              ,773.57,666.0,1200.0,0.0,60.75,60.750              ,60.75,60.75,60.75,60.75,60.75,60.75,60.75,65.135,57.203,72.992,71.394,75.379,48.192,72.849,48.091,63.905,3025.0,3025.0,2420.0,2420.0,3025.0,3025.0,3025.0,3025.0,3025.0,1.871,1.87,2.324,2.327,2.003,2.014,1.939,1.939,22.199,5413.0,14484.0,28.814,184.0,34.71
2026-07-08 06:25:44,60.0,70.000              ,773.57,581.0,1200.0,0.0,60.875,60.875              ,60.875,60.875,60.875,60.875,60.875,60.875,60.875,59.73,47.324,60.434,62.598,73.069,48.047,68.736,43.213,57.894,3300.0,2900.0,2900.0,2900.0,2900.0,2900.0,2850.0,2850.0,3300.0,1.688,1.685,1.896,1.896,1.984,2.048,1.752,1.761,21.278,5424.0,14491.0,23.131,186.0,43.23
2026-07-08 06:25:44,61.0,69.000              ,773.574,393.0,1200.0,0.0,61.0,61.000              ,61.0,61.0,61.0,61.0,61.0,61.0,61.0,41.904,25.239,58.007,32.229,51.061,24.104,44.996,24.427,37.746,1625.0,1625.0,3250.0,3250.0,2600.0,2600.0,1625.0,2333.333,3250.0,1.495,1.495,2.095,2.092,1.762,1.623,1.634,1.622,19.86,5409.0,14483.0,22.08,186.0,45.29
2026-07-08 06:25:45,61.0,68.000              ,773.207,413.0,1200.0,0.0,61.0,61.000              ,61.0,61.0,61.0,61.0,61.0,61.0,61.0,35.56,29.648,59.285,29.148,61.345,9.131,50.327,20.375,36.852,2333.333,2333.333,3500.0,3500.0,3500.0,3500.0,2333.333,2640.0,3500.0,1.484,1.484,2.015,2.015,1.784,1.784,1.769,1.769,19.817,5404.0,14482.0,23.97,187.0,41.72
2026-07-08 06:25:46,61.0,71.000              ,773.934,358.0,1200.0,0.0,61.0,61.000              ,61.0,61.0,61.0,61.0,61.0,61.0,61.0,39.856,25.438,59.813,24.37,57.517,8.797,54.496,10.642,35.116,1900.0,1900.0,2660.0,2660.0,3275.0,3275.0,1871.429,1871.429,3275.0,1.556,1.556,1.971,1.971,1.692,1.695,1.658,1.658,20.091,5414.0,14480.0,22.767,188.0,43.92
2026-07-08 06:25:47,60.0,70.000              ,773.93,516.0,1067.0,0.0,60.875,60.875              ,60.875,60.875,60.875,60.875,60.875,60.875,60.875,39.337,31.176,56.844,24.776,55.439,12.44,52.672,14.167,35.856,2560.0,1828.571,2600.0,2600.0,3250.0,3250.0,2166.667,2166.667,3250.0,1.543,1.543,1.843,1.847,1.62,1.616,1.64,1.646,19.576,5409.0,14480.0,20.013,189.0,49.97
2026-07-08 06:25:48,60.0,70.000              ,773.918,413.0,1200.0,0.0,60.5,60.500              ,60.5,60.5,60.5,60.5,60.5,60.5,60.5,42.577,22.111,47.422,22.031,51.356,8.591,40.053,7.055,30.15,1933.333,1933.333,2900.0,3050.0,1742.857,1742.857,2033.333,2033.333,3050.0,1.612,1.612,1.623,1.62,1.533,1.534,1.215,1.21,18.991,5413.0,14480.0,25.223,190.0,39.65
2026-07-08 06:25:49,60.0,70.000              ,773.859,200.0,1067.0,0.0,60.5,60.500              ,60.5,60.5,60.5,60.5,60.5,60.5,60.5,41.529,22.054,49.044,31.711,55.566,11.219,46.885,11.028,33.629,1885.714,1885.714,1885.714,1885.714,1885.714,1885.714,3300.0,3300.0,3300.0,1.607,1.607,1.96,1.96,1.74,1.739,1.486,1.486,19.529,5411.0,14479.0,20.569,191.0,48.62
2026-07-08 06:25:50,60.0,69.000              ,773.855,358.0,1200.0,0.0,60.5,60.500              ,60.5,60.5,60.5,60.5,60.5,60.5,60.5,39.793,20.04,54.878,27.756,59.101,8.078,41.438,7.297,32.298,1900.0,1900.0,3250.0,3250.0,1857.143,1857.143,2600.0,2600.0,3250.0,1.612,1.617,2.085,2.089,1.866,1.866,1.361,1.361,19.947,5415.0,14479.0,23.141,192.0,43.21
2026-07-08 06:25:51,59.0,70.000              ,773.855,600.0,1200.0,0.0,59.875,59.875              ,59.875,59.875,59.875,59.875,59.875,59.875,59.875,41.37,29.853,38.495,38.255,44.329,15.694,43.564,13.295,33.107,2020.0,2020.0,2525.0,2650.0,2120.0,2120.0,1857.143,1857.143,2650.0,1.428,1.423,1.63,1.639,1.233,1.233,1.217,1.217,18.604,5415.0,14482.0,24.605,193.0,40.64
2026-07-08 06:25:52,60.0,70.000              ,773.855,420.0,1200.0,0.0,60.375,60.375              ,60.375,60.375,60.375,60.375,60.375,60.375,60.375,35.572,24.334,59.728,31.173,50.257,7.14,46.773,9.485,33.058,1957.143,1957.143,3425.0,3200.0,2133.333,2133.333,2560.0,2560.0,3425.0,1.454,1.459,2.334,2.321,1.47,1.47,1.463,1.463,19.703,5420.0,14480.0,22.243,194.0,44.96
2026-07-08 06:25:53,60.0,69.000              ,773.855,508.0,1200.0,0.0,60.125,60.125              ,60.125,60.125,60.125,60.125,60.125,60.125,60.125,34.695,24.981,36.696,42.997,43.848,7.103,33.779,10.414,29.314,3300.0,3300.0,2640.0,3125.0,2500.0,2500.0,2500.0,2500.0,3300.0,1.409,1.405,2.021,2.021,1.184,1.184,1.131,1.145,18.859,5424.0,14481.0,25.171,195.0,39.73
2026-07-08 06:25:54,60.0,70.000              ,773.859,321.0,1200.0,0.0,60.75,60.750              ,60.75,60.75,60.75,60.75,60.75,60.75,60.75,56.469,40.831,61.179,34.542,57.438,19.783,42.777,25.868,42.361,2460.0,2460.0,2460.0,2460.0,2050.0,2050.0,3075.0,3075.0,3075.0,2.136,2.122,2.129,2.129,1.794,1.797,1.62,1.606,20.798,5456.0,14482.0,26.542,196.0,37.68
2026-07-08 06:25:55,61.0,71.000              ,773.875,476.0,1200.0,0.0,61.0,61.000              ,61.0,61.0,61.0,61.0,61.0,61.0,61.0,62.767,40.088,58.829,35.925,67.392,27.333,64.615,38.249,49.4,3100.0,3100.0,2480.0,2480.0,2480.0,2480.0,3150.0,3150.0,3150.0,2.093,2.107,1.903,1.905,2.046,2.043,2.239,2.239,21.922,5466.0,14483.0,19.695,197.0,50.77
2026-07-08 06:25:56,60.0,71.000              ,773.621,484.0,1200.0,0.0,60.875,60.875              ,60.875,60.875,60.875,60.875,60.875,60.875,60.875,47.961,36.997,49.729,50.645,54.158,24.812,54.26,38.762,44.666,2440.0,2440.0,2440.0,2440.0,1742.857,1742.857,3050.0,3050.0,3050.0,1.706,1.712,2.057,2.055,1.575,1.575,1.938,1.938,20.045,5465.0,14479.0,193.731,198.0,5.16
2026-07-08 06:25:57,61.0,71.000              ,773.633,200.0,1200.0,0.0,61.25,61.250              ,61.25,61.25,61.25,61.25,61.25,61.25,61.25,52.487,40.737,56.824,46.561,60.267,41.93,54.185,32.872,48.233,3025.0,3025.0,2420.0,2420.0,2420.0,2420.0,2420.0,2420.0,3025.0,1.854,1.862,2.145,2.145,2.341,2.341,1.933,1.933,21.618,5469.0,14486.0,99.907,199.0,10.01
2026-07-08 06:25:58,61.0,61.000              ,773.621,200.0,933.0,0.0,61.375,61.375              ,61.375,61.375,61.375,61.375,61.375,61.375,61.375,60.634,36.258,50.707,50.908,57.774,23.794,59.75,46.497,48.291,3100.0,3100.0,2480.0,2480.0,2480.0,2480.0,3100.0,3100.0,3100.0,2.069,2.063,2.052,2.052,1.727,1.728,2.413,2.413,21.884,5474.0,14484.0,21.633,200.0,46.23
2026-07-08 06:25:59,61.0,46.000              ,773.625,200.0,1067.0,0.0,61.25,61.250              ,61.25,61.25,61.25,61.25,61.25,61.25,61.25,48.491,32.192,46.61,43.766,48.649,32.333,53.196,36.699,42.742,3225.0,3225.0,3225.0,3225.0,2580.0,2580.0,2580.0,2580.0,3225.0,1.647,1.647,1.878,1.88,1.881,1.88,2.026,2.026,20.902,5478.0,14486.0,125.342,201.0,7.98
2026-07-08 06:26:00,61.0,54.000              ,773.625,344.0,1200.0,0.0,61.5,61.500              ,61.5,61.5,61.5,61.5,61.5,61.5,61.5,46.251,33.426,47.144,47.784,53.745,33.38,54.856,38.37,44.37,3350.0,3250.0,2600.0,2600.0,2600.0,2600.0,3250.0,3250.0,3350.0,1.678,1.681,1.962,1.96,1.933,1.933,2.143,2.148,21.397,5482.0,14486.0,85.932,202.0,11.64
2026-07-08 06:26:01,61.0,68.000              ,773.625,200.0,1200.0,0.0,61.5,61.500              ,61.5,61.5,61.5,61.5,61.5,61.5,61.5,40.547,29.458,70.563,64.236,54.842,16.228,53.099,20.462,43.68,2333.333,2333.333,3500.0,3500.0,2333.333,2333.333,2333.333,2333.333,3500.0,1.314,1.311,2.783,2.783,1.49,1.49,1.549,1.546,20.484,5481.0,14483.0,105.545,203.0,9.47
2026-07-08 06:26:02,61.0,70.000              ,773.625,581.0,1200.0,0.0,61.75,61.750              ,61.75,61.75,61.75,61.75,61.75,61.75,61.75,38.267,29.304,70.108,65.058,52.768,18.197,54.874,20.339,43.615,2950.0,2950.0,2360.0,2360.0,2950.0,2950.0,2360.0,2360.0,2950.0,1.353,1.353,2.896,2.896,1.523,1.526,1.646,1.645,20.866,5479.0,14481.0,97.382,204.0,10.27
2026-07-08 06:26:03,61.0,70.000              ,773.621,600.0,1200.0,0.0,61.125,61.125              ,61.125,61.125,61.125,61.125,61.125,61.125,61.125,35.103,27.981,50.251,52.454,47.747,13.463,41.97,13.704,35.334,3050.0,3050.0,3050.0,3050.0,3350.0,3050.0,3050.0,3050.0,3350.0,1.386,1.389,2.424,2.424,1.353,1.349,1.319,1.32,19.304,5480.0,14482.0,104.508,205.0,9.57
2026-07-08 06:26:04,61.0,70.000              ,773.633,428.0,1067.0,0.0,61.125,61.125              ,61.125,61.125,61.125,61.125,61.125,61.125,61.125,37.428,23.206,55.327,31.617,49.564,8.384,39.116,13.755,32.3,1857.143,1857.143,2166.667,2166.667,3250.0,3250.0,1625.0,1625.0,3250.0,1.508,1.505,2.273,2.273,1.545,1.545,1.395,1.393,19.418,5479.0,14478.0,21.896,206.0,45.67
2026-07-08 06:26:05,61.0,70.000              ,773.633,400.0,1067.0,0.0,61.125,61.125              ,61.125,61.125,61.125,61.125,61.125,61.125,61.125,35.254,25.227,60.406,27.982,56.434,5.727,39.09,21.588,33.964,2200.0,2200.0,3300.0,3325.0,1900.0,1900.0,1662.5,1662.5,3325.0,1.495,1.499,2.177,2.177,1.609,1.609,1.63,1.632,20.022,5483.0,14484.0,21.86,207.0,45.75
2026-07-08 06:26:06,61.0,70.000              ,773.383,364.0,1067.0,0.0,61.25,61.250              ,61.25,61.25,61.25,61.25,61.25,61.25,61.25,36.175,27.855,65.786,28.356,49.377,13.357,43.669,17.322,35.237,2800.0,3425.0,2740.0,2740.0,2740.0,2740.0,2740.0,2740.0,3425.0,1.517,1.512,2.413,2.413,1.583,1.583,1.6,1.597,19.935,5488.0,14476.0,20.267,208.0,49.34
2026-07-08 06:26:07,61.0,69.000              ,773.379,442.0,1200.0,0.0,61.0,61.000              ,61.0,61.0,61.0,61.0,61.0,61.0,61.0,37.409,26.323,59.234,26.304,52.545,11.37,49.953,20.813,35.494,3150.0,3150.0,2520.0,2520.0,3150.0,3150.0,2100.0,2100.0,3150.0,1.471,1.471,2.01,2.01,1.534,1.535,1.792,1.792,19.814,5481.0,14477.0,19.318,209.0,51.77
2026-07-08 06:26:08,60.0,69.000              ,773.375,457.0,1200.0,0.0,60.75,60.750              ,60.75,60.75,60.75,60.75,60.75,60.75,60.75,30.863,27.018,42.629,33.052,55.824,9.556,42.174,9.788,31.363,2166.667,3400.0,2720.0,2720.0,2720.0,2720.0,2100.0,2100.0,3400.0,1.38,1.399,1.858,1.873,1.654,1.655,1.321,1.325,19.162,5477.0,14476.0,27.677,210.0,36.13
2026-07-08 06:26:09,60.0,70.000              ,773.379,200.0,1200.0,0.0,60.75,60.750              ,60.75,60.75,60.75,60.75,60.75,60.75,60.75,32.592,27.717,44.24,41.082,53.448,10.105,40.03,10.849,32.508,2333.333,2333.333,3500.0,3300.0,1885.714,1885.714,2640.0,2640.0,3500.0,1.525,1.505,2.191,2.177,1.62,1.622,1.394,1.389,19.619,5481.0,14475.0,23.16,211.0,43.18
2026-07-08 06:26:10,60.0,70.000              ,774.898,420.0,1200.0,0.0,60.75,60.750              ,60.75,60.75,60.75,60.75,60.75,60.75,60.75,38.442,30.457,54.097,32.436,63.119,11.795,48.678,16.132,36.895,2520.0,2520.0,3200.0,3200.0,3200.0,3200.0,1828.571,1828.571,3200.0,1.596,1.603,1.976,1.982,1.894,1.89,1.609,1.609,20.328,5480.0,14477.0,23.236,212.0,43.04
2026-07-08 06:26:11,60.0,70.000              ,774.902,400.0,1200.0,0.0,60.75,60.750              ,60.75,60.75,60.75,60.75,60.75,60.75,60.75,42.955,24.83,58.327,34.222,53.573,18.596,60.767,11.528,38.1,2333.333,2166.667,2600.0,2600.0,2600.0,3175.0,2540.0,2540.0,3175.0,1.545,1.539,1.986,1.98,1.74,1.74,1.809,1.809,20.571,5485.0,14478.0,22.868,213.0,43.73
2026-07-08 06:26:12,61.0,70.000              ,774.902,358.0,1200.0,0.0,61.125,61.125              ,61.125,61.125,61.125,61.125,61.125,61.125,61.125,43.679,33.772,61.756,37.738,64.029,39.817,67.065,23.283,46.392,1785.714,1785.714,3125.0,3125.0,3125.0,3125.0,3125.0,3125.0,3125.0,1.527,1.529,1.943,1.943,2.199,2.202,1.95,1.95,21.385,5486.0,14478.0,20.969,214.0,47.69
2026-07-08 06:26:13,61.0,70.000              ,774.898,442.0,1067.0,0.0,61.125,61.125              ,61.125,61.125,61.125,61.125,61.125,61.125,61.125,33.363,24.201,48.794,33.434,48.515,25.882,44.643,10.27,33.638,2400.0,2400.0,3000.0,3000.0,3000.0,3000.0,3000.0,3000.0,3000.0,1.452,1.45,2.018,2.018,2.078,2.075,1.421,1.421,19.653,5485.0,14478.0,96.131,215.0,10.4
2026-07-08 06:26:14,61.0,71.000              ,774.898,400.0,1200.0,0.0,61.125,61.125              ,61.125,61.125,61.125,61.125,61.125,61.125,61.125,38.143,27.328,65.153,38.391,47.478,13.349,43.349,17.032,36.278,2283.333,2740.0,3425.0,3175.0,2116.667,2116.667,3175.0,3175.0,3425.0,1.633,1.633,2.532,2.532,1.573,1.573,1.466,1.469,20.016,5487.0,14476.0,23.766,216.0,42.08
2026-07-08 06:26:15,60.0,70.000              ,774.902,381.0,1200.0,0.0,60.875,60.875              ,60.875,60.875,60.875,60.875,60.875,60.875,60.875,45.896,24.944,47.193,33.693,53.429,10.339,47.028,11.688,34.276,2400.0,2400.0,3000.0,2000.0,1857.143,1857.143,3250.0,3250.0,3250.0,1.656,1.656,1.786,1.786,1.387,1.387,1.369,1.368,19.35,5490.0,14477.0,24.767,217.0,40.38
2026-07-08 06:26:16,60.0,68.000              ,783.441,200.0,1200.0,0.0,60.875,60.875              ,60.875,60.875,60.875,60.875,60.875,60.875,60.875,42.76,25.764,48.895,38.331,54.725,13.138,47.409,12.441,35.433,2500.0,2500.0,3125.0,3125.0,3175.0,3175.0,1814.286,1814.286,3175.0,1.686,1.686,2.061,2.061,1.747,1.75,1.559,1.557,20.22,5497.0,14491.0,23.484,218.0,42.58
2026-07-08 06:26:17,61.0,68.000              ,783.441,364.0,1200.0,0.0,61.0,61.000              ,61.0,61.0,61.0,61.0,61.0,61.0,61.0,38.066,25.141,55.179,31.164,44.649,14.682,57.756,12.915,34.944,3175.0,3175.0,3175.0,3175.0,2116.667,2116.667,1814.286,1814.286,3175.0,1.5,1.5,2.063,2.066,1.439,1.436,1.832,1.832,20.201,5496.0,14490.0,19.81,219.0,50.48
2026-07-08 06:26:18,61.0,68.000              ,783.445,500.0,1067.0,0.0,61.0,61.000              ,61.0,61.0,61.0,61.0,61.0,61.0,61.0,42.506,20.516,52.182,27.343,39.135,12.192,62.389,8.561,33.103,1800.0,1800.0,2520.0,3300.0,1650.0,1650.0,2200.0,2640.0,3300.0,1.607,1.607,1.888,1.885,1.315,1.315,1.913,1.913,19.793,5497.0,14490.0,19.946,220.0,50.14
2026-07-08 06:26:19,60.0,71.000              ,783.445,554.0,1067.0,0.0,60.5,60.500              ,60.5,60.5,60.5,60.5,60.5,60.5,60.5,36.768,20.145,37.854,38.696,39.048,10.842,47.038,9.364,29.969,2520.0,2520.0,2520.0,2520.0,1800.0,1800.0,3100.0,3100.0,3100.0,1.244,1.244,1.819,1.819,1.032,1.032,1.351,1.351,18.575,5495.0,14490.0,23.657,221.0,42.27
2026-07-08 06:26:20,60.0,70.000              ,783.441,787.0,1200.0,0.0,60.125,60.125              ,60.125,60.125,60.125,60.125,60.125,60.125,60.125,32.662,27.466,40.294,43.363,43.719,14.992,43.687,18.094,33.035,3050.0,3050.0,3050.0,3050.0,2440.0,2440.0,3050.0,3100.0,3100.0,1.095,1.095,1.66,1.664,1.108,1.108,1.267,1.267,18.422,5494.0,14489.0,25.994,222.0,38.47
2026-07-08 06:26:21,60.0,69.000              ,783.445,381.0,1200.0,0.0,60.25,60.250              ,60.25,60.25,60.25,60.25,60.25,60.25,60.25,32.993,22.127,53.387,31.556,45.526,14.576,46.423,11.637,32.278,1371.429,1371.429,1920.0,1920.0,2440.0,2440.0,3050.0,3050.0,3050.0,1.33,1.334,2.126,2.122,1.466,1.466,1.481,1.481,19.286,5494.0,14490.0,22.271,223.0,44.9
2026-07-08 06:26:22,60.0,71.000              ,783.445,711.0,1200.0,0.0,60.125,60.125              ,60.125,60.125,60.125,60.125,60.125,60.125,60.125,32.292,31.266,37.929,38.915,51.316,10.117,46.92,11.562,32.539,1662.5,2500.0,3125.0,3125.0,2083.333,2083.333,3200.0,3200.0,3200.0,1.272,1.268,1.62,1.62,1.298,1.298,1.31,1.31,18.71,5495.0,14489.0,24.15,224.0,41.41
2026-07-08 06:26:23,60.0,70.000              ,783.445,200.0,1200.0,0.0,60.25,60.250              ,60.25,60.25,60.25,60.25,60.25,60.25,60.25,42.72,24.85,46.765,40.728,51.914,14.239,56.704,17.422,36.918,2975.0,2975.0,2975.0,2975.0,2000.0,2000.0,1714.286,1714.286,2975.0,1.474,1.478,1.897,1.897,1.465,1.465,1.742,1.731,19.611,5521.0,14491.0,21.511,225.0,46.49
2026-07-08 06:26:24,60.0,68.000              ,783.965,400.0,1200.0,0.0,60.5,60.500              ,60.5,60.5,60.5,60.5,60.5,60.5,60.5,36.284,23.729,50.42,33.26,50.691,11.0,46.622,13.085,33.136,2540.0,2540.0,3125.0,3125.0,3125.0,3125.0,3125.0,3125.0,3125.0,1.553,1.529,2.109,2.109,1.601,1.601,1.646,1.655,20.255,5516.0,14491.0,23.281,226.0,42.95
2026-07-08 06:26:25,60.0,69.000              ,783.965,400.0,1200.0,0.0,60.625,60.625              ,60.625,60.625,60.625,60.625,60.625,60.625,60.625,40.0,27.657,48.879,31.458,64.897,12.877,49.874,19.651,36.911,2166.667,2166.667,2740.0,2740.0,2283.333,2283.333,3300.0,3300.0,3300.0,1.646,1.669,1.853,1.853,1.975,1.985,1.761,1.761,20.569,5515.0,14492.0,19.483,227.0,51.33
2026-07-08 06:26:26,60.0,70.000              ,783.723,484.0,1067.0,0.0,60.75,60.750              ,60.75,60.75,60.75,60.75,60.75,60.75,60.75,37.066,29.308,52.205,33.142,56.181,14.84,45.842,14.937,35.44,1842.857,1842.857,3225.0,3225.0,2580.0,2580.0,2580.0,2580.0,3225.0,1.555,1.555,1.987,1.987,1.812,1.802,1.594,1.594,19.91,5513.0,14492.0,18.64,228.0,53.65
2026-07-08 06:26:27,60.0,71.000              ,783.723,200.0,1067.0,0.0,60.75,60.750              ,60.75,60.75,60.75,60.75,60.75,60.75,60.75,34.087,22.572,42.157,37.787,46.608,7.057,41.952,15.086,30.913,2150.0,2150.0,3200.0,3200.0,2560.0,2560.0,1828.571,1828.571,3200.0,1.389,1.389,2.015,2.015,1.36,1.361,1.46,1.46,19.454,5516.0,14492.0,31.896,229.0,31.35
2026-07-08 06:26:28,60.0,70.000              ,783.719,457.0,1067.0,0.0,60.875,60.875              ,60.875,60.875,60.875,60.875,60.875,60.875,60.875,37.673,26.432,53.85,37.32,46.034,9.075,57.138,13.519,35.13,2166.667,2166.667,3250.0,3250.0,1857.143,1857.143,2600.0,2600.0,3250.0,1.504,1.504,2.297,2.281,1.412,1.411,1.824,1.824,19.972,5515.0,14493.0,25.258,230.0,39.59
2026-07-08 06:26:29,61.0,70.000              ,783.75,352.0,1200.0,0.0,61.0,61.000              ,61.0,61.0,61.0,61.0,61.0,61.0,61.0,39.829,22.607,61.352,28.697,40.802,11.994,49.897,12.665,33.48,2333.333,2780.0,2780.0,2780.0,1985.714,1985.714,3475.0,3475.0,3475.0,1.551,1.551,2.333,2.35,1.295,1.295,1.721,1.721,19.775,5517.0,14492.0,19.603,231.0,51.01
2026-07-08 06:26:30,60.0,71.000              ,783.742,620.0,1200.0,0.0,60.25,60.250              ,60.25,60.25,60.25,60.25,60.25,60.25,60.25,37.268,24.007,44.343,23.236,56.434,9.359,38.257,8.064,30.121,2800.0,2800.0,3500.0,3500.0,2800.0,1916.667,2300.0,2300.0,3500.0,1.333,1.333,1.454,1.454,1.536,1.536,1.067,1.067,18.732,5517.0,14492.0,25.646,232.0,38.99
2026-07-08 06:26:31,60.0,68.000              ,783.746,484.0,1067.0,0.0,60.25,60.250              ,60.25,60.25,60.25,60.25,60.25,60.25,60.25,35.054,24.647,46.963,34.099,45.87,12.383,49.737,16.38,33.142,2166.667,2166.667,3150.0,3150.0,1800.0,1800.0,2100.0,2100.0,3150.0,1.377,1.382,1.963,1.963,1.48,1.48,1.668,1.672,19.407,5518.0,14491.0,21.429,233.0,46.67
2026-07-08 06:26:32,60.0,70.000              ,783.746,600.0,1067.0,0.0,60.125,60.125              ,60.125,60.125,60.125,60.125,60.125,60.125,60.125,33.265,26.405,40.812,44.318,45.129,13.969,38.742,11.268,31.738,2050.0,2050.0,3075.0,2825.0,2260.0,2260.0,2540.0,2540.0,3075.0,1.28,1.275,1.936,1.936,1.313,1.313,1.178,1.174,18.834,5519.0,14492.0,25.923,234.0,38.58
2026-07-08 06:26:33,60.0,70.000              ,783.746,344.0,1067.0,0.0,60.375,60.375              ,60.375,60.375,60.375,60.375,60.375,60.375,60.375,33.066,24.666,54.849,30.107,44.448,8.903,39.33,10.567,30.742,2520.0,2520.0,3150.0,3150.0,1842.857,1842.857,1612.5,1612.5,3150.0,1.522,1.522,2.23,2.23,1.416,1.416,1.416,1.416,19.686,5520.0,14491.0,21.305,235.0,46.94
2026-07-08 06:26:34,60.0,68.000              ,784.246,442.0,1067.0,0.0,60.5,60.500              ,60.5,60.5,60.5,60.5,60.5,60.5,60.5,39.505,26.73,50.516,33.861,44.73,14.749,47.861,17.572,34.441,1828.571,1828.571,3300.0,3300.0,1885.714,1885.714,1650.0,1650.0,3300.0,1.665,1.665,2.106,2.106,1.554,1.557,1.73,1.727,20.02,5519.0,14491.0,22.866,236.0,43.73
2026-07-08 06:26:35,60.0,70.000              ,784.242,400.0,1200.0,0.0,60.5,60.500              ,60.5,60.5,60.5,60.5,60.5,60.5,60.5,40.948,28.498,47.719,34.846,49.301,13.139,54.348,11.889,35.086,2800.0,2800.0,3500.0,3500.0,3125.0,3125.0,3125.0,3125.0,3500.0,1.66,1.66,1.96,1.96,1.579,1.576,1.8,1.804,19.964,5521.0,14491.0,21.924,237.0,45.61
2026-07-08 06:26:36,60.0,71.000              ,783.996,450.0,1200.0,0.0,60.5,60.500              ,60.5,60.5,60.5,60.5,60.5,60.5,60.5,39.649,20.95,51.801,28.212,60.598,14.792,46.091,13.751,34.481,2200.0,2200.0,2800.0,3225.0,2580.0,2540.0,2540.0,2540.0,3225.0,1.545,1.55,1.785,1.785,1.928,1.931,1.517,1.517,19.628,5521.0,14492.0,21.536,238.0,46.43
2026-07-08 06:26:37,60.0,70.000              ,784.0,677.0,1200.0,0.0,60.0,60.000              ,60.0,60.0,60.0,60.0,60.0,60.0,60.0,39.047,28.227,41.328,41.616,42.255,18.638,44.053,18.018,34.148,1785.714,1785.714,3125.0,3125.0,2083.333,2083.333,2500.0,2500.0,3125.0,1.296,1.291,1.652,1.655,1.177,1.174,1.304,1.304,18.37,5520.0,14491.0,25.22,239.0,39.65
2026-07-08 06:26:38,60.0,70.000              ,783.996,508.0,1067.0,0.0,60.0,60.000              ,60.0,60.0,60.0,60.0,60.0,60.0,60.0,35.894,24.139,56.046,31.317,52.555,11.504,49.734,12.427,34.202,2440.0,2480.0,3100.0,3100.0,2066.667,2066.667,2066.667,2066.667,3100.0,1.367,1.367,1.929,1.942,1.645,1.645,1.554,1.554,19.614,5525.0,14491.0,21.451,240.0,46.62
2026-07-08 06:26:39,60.0,71.000              ,784.0,435.0,1200.0,0.0,60.25,60.250              ,60.25,60.25,60.25,60.25,60.25,60.25,60.25,33.935,27.57,47.728,24.962,54.046,9.084,67.812,8.369,34.188,2333.333,2333.333,3500.0,3500.0,2333.333,2333.333,3475.0,3475.0,3500.0,1.45,1.45,1.697,1.682,1.601,1.601,1.977,1.977,19.662,5523.0,14490.0,25.869,241.0,38.66
2026-07-08 06:26:40,60.0,71.000              ,783.934,492.0,1067.0,0.0,60.25,60.250              ,60.25,60.25,60.25,60.25,60.25,60.25,60.25,34.454,27.049,47.128,26.939,59.547,7.093,65.794,10.067,34.759,1637.5,1637.5,1871.429,1871.429,3300.0,3300.0,3300.0,3300.0,3300.0,1.326,1.326,1.663,1.663,1.647,1.647,1.867,1.867,19.558,5527.0,14490.0,19.716,242.0,50.72
2026-07-08 06:26:41,60.0,70.000              ,783.938,200.0,1200.0,0.0,60.25,60.250              ,60.25,60.25,60.25,60.25,60.25,60.25,60.25,30.987,29.406,47.956,35.632,50.666,11.657,39.326,10.987,32.077,1828.571,1828.571,3200.0,3200.0,1828.571,1828.571,1828.571,1828.571,3200.0,1.379,1.379,2.049,2.049,1.456,1.456,1.268,1.268,19.023,5529.0,14490.0,30.728,243.0,32.54
2026-07-08 06:26:42,60.0,70.000              ,783.934,406.0,1200.0,0.0,60.25,60.250              ,60.25,60.25,60.25,60.25,60.25,60.25,60.25,36.949,25.17,52.784,32.629,53.638,10.895,39.997,10.822,32.86,2520.0,2520.0,3150.0,3150.0,2520.0,2520.0,2100.0,2100.0,3150.0,1.599,1.599,2.068,2.068,1.702,1.705,1.457,1.459,19.827,5530.0,14490.0,21.167,244.0,47.24
2026-07-08 06:26:43,60.0,70.000              ,782.934,375.0,1200.0,0.0,60.5,60.500              ,60.5,60.5,60.5,60.5,60.5,60.5,60.5,44.953,29.936,45.036,39.854,47.745,15.714,48.55,19.738,36.441,2800.0,2800.0,3500.0,3500.0,2333.333,3175.0,2540.0,2540.0,3500.0,1.822,1.822,1.992,1.992,1.581,1.578,1.731,1.735,20.339,5529.0,14490.0,21.22,245.0,47.13
2026-07-08 06:26:44,60.0,69.000              ,782.887,461.0,1200.0,0.0,60.5,60.500              ,60.5,60.5,60.5,60.5,60.5,60.5,60.5,42.224,28.083,46.028,37.689,43.204,15.784,49.724,15.127,34.733,2150.0,2150.0,2150.0,2150.0,1842.857,1842.857,3325.0,3325.0,3325.0,1.736,1.739,2.031,2.031,1.514,1.519,1.714,1.714,19.921,5530.0,14490.0,20.763,246.0,48.16
2026-07-08 06:26:45,60.0,70.000              ,782.934,476.0,1200.0,0.0,60.625,60.625              ,60.625,60.625,60.625,60.625,60.625,60.625,60.625,43.409,28.617,47.978,32.426,54.978,16.832,38.941,19.457,35.33,2033.333,2033.333,2440.0,3225.0,3225.0,3225.0,2150.0,2150.0,3225.0,1.606,1.602,1.854,1.854,1.764,1.759,1.496,1.496,19.825,5529.0,14490.0,22.833,247.0,43.8
2026-07-08 06:26:46,60.0,70.000              ,782.688,484.0,1200.0,0.0,60.625,60.625              ,60.625,60.625,60.625,60.625,60.625,60.625,60.625,47.677,30.828,45.917,43.095,52.899,16.698,44.939,23.478,38.191,1857.143,1857.143,3250.0,3250.0,2333.333,2333.333,2800.0,3175.0,3250.0,1.559,1.559,1.878,1.89,1.449,1.449,1.548,1.548,19.606,5532.0,14489.0,21.599,248.0,46.3
2026-07-08 06:26:47,60.0,70.000              ,782.688,381.0,1200.0,0.0,60.625,60.625              ,60.625,60.625,60.625,60.625,60.625,60.625,60.625,30.285,22.204,44.047,41.327,39.762,10.647,38.84,11.592,29.838,2333.333,2333.333,3500.0,3375.0,1687.5,1687.5,2250.0,2250.0,3500.0,1.322,1.322,2.348,2.336,1.338,1.338,1.362,1.362,19.227,5534.0,14489.0,28.392,249.0,35.22
2026-07-08 06:26:48,60.0,70.000              ,782.652,420.0,1067.0,0.0,60.75,60.750              ,60.75,60.75,60.75,60.75,60.75,60.75,60.75,37.269,25.215,58.834,36.309,52.469,10.022,43.088,16.617,34.978,2133.333,2116.667,2116.667,2116.667,3250.0,3250.0,1857.143,1857.143,3250.0,1.567,1.572,2.36,2.36,1.583,1.583,1.525,1.525,20.376,5535.0,14489.0,22.457,250.0,44.53
2026-07-08 06:26:49,60.0,71.000              ,783.688,370.0,1200.0,0.0,60.875,60.875              ,60.875,60.875,60.875,60.875,60.875,60.875,60.875,34.61,27.522,67.2,29.463,45.606,11.949,44.823,14.167,34.418,1828.571,2166.667,3250.0,3250.0,1857.143,1857.143,1857.143,3350.0,3350.0,1.564,1.559,2.475,2.476,1.507,1.507,1.557,1.557,19.844,5536.0,14490.0,22.814,251.0,43.83
2026-07-08 06:26:50,61.0,70.000              ,783.684,420.0,1200.0,0.0,61.0,61.000              ,61.0,61.0,61.0,61.0,61.0,61.0,61.0,34.299,26.31,66.63,28.463,47.309,12.607,43.471,16.802,34.486,1914.286,1914.286,3325.0,3325.0,1900.0,1900.0,2216.667,2216.667,3325.0,1.549,1.549,2.392,2.391,1.589,1.589,1.539,1.539,20.133,5537.0,14489.0,20.536,252.0,48.69
2026-07-08 06:26:51,61.0,69.000              ,783.684,375.0,1200.0,0.0,61.0,61.000              ,61.0,61.0,61.0,61.0,61.0,61.0,61.0,45.181,27.483,55.182,34.33,54.774,16.942,58.488,15.435,38.477,2166.667,2166.667,3250.0,3250.0,2166.667,2800.0,3125.0,3125.0,3250.0,1.605,1.605,1.962,1.962,1.695,1.696,1.839,1.839,20.26,5546.0,14489.0,32.965,253.0,30.34
2026-07-08 06:26:52,61.0,69.000              ,783.688,200.0,1067.0,0.0,61.125,61.125              ,61.125,61.125,61.125,61.125,61.125,61.125,61.125,48.681,29.284,52.009,44.292,46.347,22.598,54.105,21.757,39.884,3175.0,3125.0,3100.0,3100.0,2480.0,3125.0,3125.0,3125.0,3175.0,1.647,1.647,2.056,2.056,1.479,1.478,1.779,1.782,20.321,5522.0,14488.0,24.142,254.0,41.42
2026-07-08 06:26:53,60.0,68.000              ,783.688,610.0,1200.0,0.0,60.375,60.375              ,60.375,60.375,60.375,60.375,60.375,60.375,60.375,36.414,24.41,42.099,39.445,45.799,11.411,41.458,15.233,32.034,2100.0,2100.0,3150.0,3150.0,1800.0,1800.0,2520.0,2520.0,3150.0,1.233,1.233,1.741,1.744,1.184,1.184,1.224,1.221,18.335,5524.0,14487.0,25.444,255.0,39.3
2026-07-08 06:26:54,60.0,68.000              ,783.684,400.0,1200.0,0.0,60.625,60.625              ,60.625,60.625,60.625,60.625,60.625,60.625,60.625,39.294,27.515,52.699,42.153,47.702,12.231,47.58,10.98,35.019,2480.0,2480.0,3100.0,3100.0,2066.667,2066.667,1550.0,1550.0,3100.0,1.395,1.395,2.22,2.217,1.323,1.323,1.402,1.402,19.653,5523.0,14487.0,25.427,256.0,39.33
2026-07-08 06:26:55,60.0,68.000              ,783.684,442.0,1067.0,0.0,60.625,60.625              ,60.625,60.625,60.625,60.625,60.625,60.625,60.625,35.7,21.867,57.875,32.148,53.569,7.705,40.439,16.037,33.168,2166.667,2166.667,3250.0,3250.0,2380.0,2380.0,2283.333,2283.333,3250.0,1.417,1.421,2.252,2.252,1.599,1.602,1.503,1.503,19.835,5523.0,14486.0,22.635,257.0,44.18
2026-07-08 06:26:56,60.0,69.000              ,783.426,457.0,1067.0,0.0,60.625,60.625              ,60.625,60.625,60.625,60.625,60.625,60.625,60.625,35.694,26.351,53.2,27.063,46.632,8.412,55.873,15.102,33.541,3225.0,3225.0,2150.0,2150.0,2233.333,2233.333,1914.286,1914.286,3225.0,1.493,1.49,1.933,1.933,1.438,1.435,1.904,1.904,19.901,5522.0,14487.0,21.441,258.0,46.64
2026-07-08 06:26:57,60.0,70.000              ,783.426,461.0,1200.0,0.0,60.75,60.750              ,60.75,60.75,60.75,60.75,60.75,60.75,60.75,40.906,26.361,54.858,29.305,40.053,14.964,57.09,13.871,34.676,2780.0,2780.0,3475.0,3475.0,1985.714,1985.714,3275.0,3275.0,3475.0,1.635,1.635,2.064,2.064,1.357,1.36,1.898,1.898,19.91,5521.0,14486.0,19.602,259.0,51.02
2026-07-08 06:26:58,60.0,70.000              ,783.43,200.0,1200.0,0.0,60.25,60.250              ,60.25,60.25,60.25,60.25,60.25,60.25,60.25,29.724,27.306,47.542,32.115,48.841,6.644,43.252,8.501,30.491,1871.429,1871.429,3500.0,3500.0,2333.333,2333.333,2800.0,2800.0,3500.0,1.176,1.179,1.815,1.815,1.227,1.225,1.218,1.218,18.274,5520.0,14485.0,25.009,260.0,39.99
2026-07-08 06:26:59,60.0,69.000              ,784.406,413.0,1200.0,0.0,60.25,60.250              ,60.25,60.25,60.25,60.25,60.25,60.25,60.25,35.915,27.441,46.503,29.76,55.203,8.243,42.568,13.066,32.337,1771.429,1771.429,2066.667,2050.0,3075.0,3075.0,3075.0,3050.0,3075.0,1.543,1.542,1.855,1.855,1.605,1.605,1.493,1.493,19.407,5520.0,14486.0,22.756,261.0,43.94
2026-07-08 06:27:00,59.0,70.000              ,784.426,666.0,1067.0,0.0,59.875,59.875              ,59.875,59.875,59.875,59.875,59.875,59.875,59.875,37.302,25.411,40.797,41.17,42.277,10.254,48.282,14.257,32.469,2066.667,3125.0,3125.0,3125.0,1785.714,1785.714,2500.0,2500.0,3125.0,1.159,1.157,1.751,1.751,0.969,0.969,1.298,1.298,18.075,5522.0,14487.0,24.576,262.0,40.69
2026-07-08 06:27:01,60.0,71.000              ,784.43,200.0,1200.0,0.0,60.25,60.250              ,60.25,60.25,60.25,60.25,60.25,60.25,60.25,42.077,20.247,55.974,31.626,51.098,11.585,55.666,12.443,35.089,1757.143,1757.143,2460.0,2460.0,2460.0,2460.0,3425.0,3425.0,3425.0,1.437,1.437,1.958,1.958,1.519,1.519,1.784,1.784,20.145,5523.0,14487.0,23.475,263.0,42.6
2026-07-08 06:27:02,60.0,69.000              ,784.426,476.0,1067.0,0.0,60.375,60.375              ,60.375,60.375,60.375,60.375,60.375,60.375,60.375,35.262,22.015,61.15,26.16,51.546,11.248,50.49,8.898,33.346,1814.286,1814.286,3200.0,3200.0,2560.0,2560.0,1828.571,1828.571,3200.0,1.433,1.437,2.068,2.068,1.755,1.755,1.567,1.57,19.684,5522.0,14486.0,20.338,264.0,49.17
2026-07-08 06:27:03,59.0,70.000              ,784.43,200.0,1200.0,0.0,59.875,59.875              ,59.875,59.875,59.875,59.875,59.875,59.875,59.875,33.111,23.896,47.165,28.754,49.768,15.126,44.675,10.77,31.658,2033.333,2033.333,3250.0,3250.0,2600.0,2600.0,2166.667,2166.667,3250.0,1.111,1.107,1.613,1.613,1.394,1.394,1.203,1.2,18.287,5522.0,14486.0,25.072,265.0,39.89
2026-07-08 06:27:04,60.0,70.000              ,784.426,428.0,1200.0,0.0,60.0,60.000              ,60.0,60.0,60.0,60.0,60.0,60.0,60.0,35.352,22.298,56.258,25.02,53.35,11.443,57.591,6.93,33.53,1525.0,1525.0,3050.0,3050.0,2440.0,2440.0,2440.0,2440.0,3050.0,1.347,1.349,1.77,1.77,1.624,1.624,1.715,1.715,19.565,5523.0,14486.0,23.311,266.0,42.9
2026-07-08 06:27:05,60.0,70.000              ,784.43,200.0,1200.0,0.0,60.25,60.250              ,60.25,60.25,60.25,60.25,60.25,60.25,60.25,37.267,20.369,61.55,24.066,51.306,8.709,53.657,7.628,33.069,2316.667,2316.667,3475.0,3250.0,3225.0,3225.0,2150.0,2150.0,3475.0,1.462,1.447,2.009,2.009,1.604,1.621,1.675,1.675,19.86,5523.0,14486.0,22.231,267.0,44.98
2026-07-08 06:27:06,60.0,70.000              ,784.176,435.0,1200.0,0.0,60.25,60.250              ,60.25,60.25,60.25,60.25,60.25,60.25,60.25,41.671,21.275,61.749,23.714,56.225,11.066,56.708,9.639,35.256,2183.333,2183.333,3275.0,3275.0,2560.0,2560.0,3225.0,3225.0,3275.0,1.487,1.501,1.876,1.876,1.609,1.592,1.725,1.725,19.496,5522.0,14486.0,21.583,268.0,46.33
2026-07-08 06:27:07,60.0,70.000              ,784.176,200.0,1200.0,0.0,60.25,60.250              ,60.25,60.25,60.25,60.25,60.25,60.25,60.25,36.864,28.629,52.48,25.662,47.58,10.014,65.652,10.903,34.723,1983.333,2133.333,3200.0,2520.0,3150.0,3150.0,2520.0,2520.0,3200.0,1.423,1.423,1.732,1.732,1.371,1.371,1.842,1.842,19.314,5523.0,14486.0,19.022,269.0,52.57
2026-07-08 06:27:08,60.0,69.000              ,784.18,200.0,1200.0,0.0,60.25,60.250              ,60.25,60.25,60.25,60.25,60.25,60.25,60.25,37.008,25.289,47.541,31.753,42.571,15.447,66.385,13.114,34.889,1800.0,1800.0,3150.0,3150.0,2100.0,2100.0,3150.0,3150.0,3150.0,1.311,1.311,1.791,1.791,1.313,1.295,1.8,1.8,19.259,5526.0,14485.0,18.662,270.0,53.58
2026-07-08 06:27:09,60.0,68.000              ,792.855,400.0,1200.0,0.0,60.25,60.250              ,60.25,60.25,60.25,60.25,60.25,60.25,60.25,34.477,24.042,46.962,30.714,44.448,14.229,62.679,9.411,33.37,1983.333,1983.333,3100.0,3100.0,2480.0,2480.0,3150.0,3150.0,3150.0,1.381,1.381,1.808,1.808,1.501,1.509,1.894,1.894,19.509,5534.0,14500.0,26.91,271.0,37.16
2026-07-08 06:27:10,60.0,69.000              ,792.863,200.0,1200.0,0.0,60.375,60.375              ,60.375,60.375,60.375,60.375,60.375,60.375,60.375,34.068,24.208,46.796,30.533,44.634,9.493,65.244,12.206,33.398,2333.333,2333.333,2800.0,2800.0,2333.333,2333.333,3500.0,3500.0,3500.0,1.432,1.432,1.889,1.889,1.412,1.424,2.131,2.131,19.983,5534.0,14502.0,22.04,272.0,45.37
2026-07-08 06:27:11,60.0,69.000              ,792.855,200.0,1067.0,0.0,60.375,60.375              ,60.375,60.375,60.375,60.375,60.375,60.375,60.375,36.103,27.114,49.477,31.531,42.534,12.604,64.211,11.752,34.416,1900.0,1900.0,1900.0,1900.0,1900.0,1900.0,3350.0,3350.0,3350.0,1.497,1.497,1.922,1.93,1.447,1.447,2.044,2.044,19.743,5533.0,14502.0,19.475,273.0,51.35
2026-07-08 06:27:12,59.0,68.000              ,791.82,733.0,1067.0,0.0,59.875,59.875              ,59.875,59.875,59.875,59.875,59.875,59.875,59.875,28.453,27.067,48.275,29.133,49.219,10.595,41.944,8.463,30.394,2560.0,2560.0,3200.0,3200.0,1600.0,1600.0,2560.0,2560.0,3200.0,1.108,1.108,1.648,1.641,1.244,1.249,1.147,1.163,18.118,5533.0,14499.0,26.081,274.0,38.34
2026-07-08 06:27:13,59.0,69.000              ,791.82,200.0,1200.0,0.0,59.875,59.875              ,59.875,59.875,59.875,59.875,59.875,59.875,59.875,35.236,24.279,49.09,30.255,50.691,10.395,53.032,9.39,32.796,1983.333,1983.333,3050.0,3050.0,2033.333,2033.333,2440.0,2440.0,3050.0,1.385,1.385,1.907,1.911,1.51,1.505,1.531,1.515,19.144,5532.0,14500.0,20.103,275.0,49.74
2026-07-08 06:27:14,59.0,69.000              ,794.836,581.0,1200.0,0.0,59.5,59.500              ,59.5,59.5,59.5,59.5,59.5,59.5,59.5,32.43,23.963,38.782,35.696,48.386,14.375,44.105,11.09,31.103,2640.0,2640.0,2640.0,2640.0,3300.0,3325.0,2216.667,2216.667,3325.0,1.122,1.122,1.613,1.609,1.349,1.349,1.202,1.202,18.214,5532.0,14504.0,25.146,276.0,39.77
2026-07-08 06:27:15,59.0,68.000              ,794.832,484.0,1200.0,0.0,59.75,59.750              ,59.75,59.75,59.75,59.75,59.75,59.75,59.75,34.003,26.73,51.787,35.42,44.038,14.957,61.749,15.364,35.506,3075.0,3075.0,2460.0,2460.0,2050.0,2050.0,3075.0,3075.0,3075.0,1.323,1.326,1.975,1.975,1.318,1.318,1.842,1.842,19.646,5536.0,14504.0,22.332,277.0,44.78
2026-07-08 06:27:16,59.0,69.000              ,794.582,393.0,1200.0,0.0,59.875,59.875              ,59.875,59.875,59.875,59.875,59.875,59.875,59.875,31.856,22.637,46.341,29.495,45.221,10.44,60.378,13.081,32.431,1662.5,1662.5,3325.0,3325.0,1900.0,1900.0,2340.0,2340.0,3325.0,1.365,1.365,1.932,1.932,1.463,1.463,1.933,1.933,19.504,5536.0,14503.0,23.765,278.0,42.08
2026-07-08 06:27:17,60.0,70.000              ,794.578,406.0,1067.0,0.0,60.25,60.250              ,60.25,60.25,60.25,60.25,60.25,60.25,60.25,27.293,28.453,54.097,28.856,57.1,9.959,44.383,15.483,33.203,1662.5,1662.5,3325.0,3325.0,2660.0,2660.0,1662.5,1662.5,3325.0,1.352,1.354,2.227,2.233,1.809,1.809,1.563,1.563,19.719,5542.0,14507.0,20.97,279.0,47.69
2026-07-08 06:27:18,59.0,70.000              ,794.582,442.0,1200.0,0.0,59.75,59.750              ,59.75,59.75,59.75,59.75,59.75,59.75,59.75,31.45,25.881,34.108,39.152,56.094,6.031,40.578,10.927,30.528,1650.0,1650.0,3300.0,3300.0,2183.333,2183.333,2183.333,2183.333,3300.0,1.232,1.232,1.794,1.788,1.459,1.459,1.203,1.204,18.506,5542.0,14504.0,25.638,280.0,39.0
2026-07-08 06:27:19,59.0,71.000              ,795.582,375.0,1067.0,0.0,59.75,59.750              ,59.75,59.75,59.75,59.75,59.75,59.75,59.75,33.109,27.085,37.305,32.552,57.387,6.22,50.573,12.235,32.058,2100.0,2480.0,2480.0,2850.0,3100.0,3100.0,3100.0,3100.0,3100.0,1.466,1.462,1.721,1.721,1.615,1.615,1.664,1.663,19.197,5541.0,14505.0,21.097,281.0,47.4
2026-07-08 06:27:20,59.0,70.000              ,789.598,554.0,1067.0,0.0,59.625,59.625              ,59.625,59.625,59.625,59.625,59.625,59.625,59.625,35.487,21.376,44.41,28.156,53.045,8.136,41.846,14.72,30.897,3125.0,3125.0,2500.0,2500.0,2083.333,2083.333,2500.0,3250.0,3250.0,1.202,1.202,1.549,1.549,1.515,1.515,1.281,1.281,18.194,5540.0,14499.0,25.021,282.0,39.97
2026-07-08 06:27:21,59.0,70.000              ,789.602,200.0,1200.0,0.0,59.75,59.750              ,59.75,59.75,59.75,59.75,59.75,59.75,59.75,34.206,17.277,49.127,26.127,51.27,5.741,46.981,10.588,30.165,1857.143,1857.143,3250.0,3250.0,3500.0,3500.0,2800.0,2800.0,3500.0,1.353,1.353,1.9,1.901,1.525,1.525,1.633,1.636,19.249,5540.0,14500.0,21.721,283.0,46.04
2026-07-08 06:27:22,60.0,70.000              ,789.602,200.0,1200.0,0.0,60.125,60.125              ,60.125,60.125,60.125,60.125,60.125,60.125,60.125,50.222,26.379,50.686,31.844,62.623,10.067,55.776,16.652,38.031,2183.333,2183.333,3225.0,3225.0,3225.0,3225.0,1842.857,1842.857,3225.0,1.84,1.84,1.87,1.869,1.845,1.856,1.832,1.829,20.492,5552.0,14512.0,24.274,284.0,41.2
2026-07-08 06:27:24,60.0,70.000              ,789.598,420.0,1200.0,0.0,60.875,60.875              ,60.875,60.875,60.875,60.875,60.875,60.875,60.875,48.673,36.73,57.196,39.888,61.765,13.2,49.701,25.597,41.594,3300.0,3175.0,3175.0,3175.0,3175.0,3175.0,2116.667,2116.667,3300.0,1.979,1.979,2.032,2.032,1.971,1.962,1.854,1.856,20.993,5563.0,14522.0,21.356,286.0,46.83
2026-07-08 06:27:24,61.0,71.000              ,789.602,200.0,1200.0,0.0,61.0,61.000              ,61.0,61.0,61.0,61.0,61.0,61.0,61.0,43.997,22.325,58.205,29.821,70.525,12.83,51.7,17.324,38.341,1637.5,1985.714,3475.0,3250.0,2600.0,2600.0,2600.0,2600.0,3475.0,1.612,1.612,1.931,1.931,1.904,1.904,1.541,1.537,20.398,5560.0,14525.0,19.34,286.0,51.71
2026-07-08 06:27:25,61.0,70.000              ,789.598,413.0,1200.0,0.0,61.0,61.000              ,61.0,61.0,61.0,61.0,61.0,61.0,61.0,33.903,20.826,56.565,29.004,58.359,9.015,53.688,14.732,34.512,2183.333,2183.333,3275.0,3250.0,3225.0,3225.0,1842.857,1842.857,3275.0,1.189,1.193,1.933,1.933,1.618,1.618,1.754,1.754,19.47,5557.0,14522.0,20.135,287.0,49.66
2026-07-08 06:27:26,60.0,69.000              ,786.324,516.0,1067.0,0.0,60.25,60.250              ,60.25,60.25,60.25,60.25,60.25,60.25,60.25,37.881,18.349,39.777,31.883,52.283,5.129,43.523,9.323,29.769,3100.0,3100.0,3100.0,3100.0,2480.0,2480.0,3100.0,3100.0,3100.0,1.284,1.28,1.721,1.721,1.321,1.321,1.295,1.295,18.232,5556.0,14520.0,24.106,288.0,41.48
2026-07-08 06:27:27,60.0,69.000              ,780.309,435.0,1067.0,0.0,60.25,60.250              ,60.25,60.25,60.25,60.25,60.25,60.25,60.25,39.183,15.022,42.383,27.919,53.614,5.937,54.69,11.308,31.257,2560.0,2560.0,2560.0,2560.0,3250.0,3250.0,1857.143,1857.143,3250.0,1.476,1.476,1.68,1.68,1.564,1.57,1.966,1.966,19.329,5555.0,14515.0,22.669,289.0,44.11
2026-07-08 06:27:28,60.0,70.000              ,780.273,420.0,1200.0,0.0,60.25,60.250              ,60.25,60.25,60.25,60.25,60.25,60.25,60.25,40.338,21.445,51.477,25.05,58.709,14.024,52.09,15.136,34.784,2200.0,2200.0,2200.0,2200.0,3375.0,3375.0,1928.571,1928.571,3375.0,1.581,1.581,1.829,1.829,1.897,1.892,1.928,1.928,19.99,5555.0,14515.0,21.479,290.0,46.56
2026-07-08 06:27:29,60.0,71.000              ,780.273,381.0,1200.0,0.0,60.25,60.250              ,60.25,60.25,60.25,60.25,60.25,60.25,60.25,36.643,19.176,53.813,24.014,62.69,10.913,53.905,12.404,34.195,2333.333,2333.333,3500.0,3500.0,2800.0,2800.0,3275.0,3275.0,3500.0,1.472,1.472,1.83,1.83,1.974,1.974,1.887,1.887,19.981,5553.0,14514.0,21.828,291.0,45.81
2026-07-08 06:27:30,60.0,71.000              ,780.277,333.0,1067.0,0.0,60.375,60.375              ,60.375,60.375,60.375,60.375,60.375,60.375,60.375,35.8,21.431,44.152,34.052,65.273,10.7,50.114,15.005,34.566,1933.333,1933.333,3000.0,3000.0,2000.0,2000.0,2400.0,2400.0,3000.0,1.384,1.384,1.855,1.855,1.999,2.003,1.587,1.587,19.655,5553.0,14508.0,19.037,292.0,52.53
2026-07-08 06:27:31,60.0,69.000              ,780.277,461.0,1067.0,0.0,60.25,60.250              ,60.25,60.25,60.25,60.25,60.25,60.25,60.25,35.033,25.922,39.101,42.338,39.299,12.578,34.762,16.066,30.638,1842.857,1842.857,3125.0,3125.0,2500.0,2500.0,2083.333,2083.333,3125.0,1.491,1.492,1.969,1.969,1.196,1.192,1.268,1.268,18.421,5552.0,14501.0,22.175,293.0,45.1
2026-07-08 06:27:32,60.0,69.000              ,780.277,200.0,1067.0,0.0,60.625,60.625              ,60.625,60.625,60.625,60.625,60.625,60.625,60.625,31.428,22.251,52.093,36.28,42.532,10.495,39.415,16.01,31.313,2233.333,2233.333,3350.0,3350.0,2800.0,2800.0,2283.333,2283.333,3350.0,1.433,1.432,2.447,2.45,1.5,1.5,1.579,1.581,19.782,5552.0,14500.0,20.622,294.0,48.49
2026-07-08 06:27:33,60.0,68.000              ,780.281,413.0,1067.0,0.0,60.75,60.750              ,60.75,60.75,60.75,60.75,60.75,60.75,60.75,31.794,24.835,52.046,31.854,41.946,9.962,43.276,19.199,31.864,1662.5,1662.5,3375.0,3375.0,1957.143,1957.143,1712.5,1712.5,3375.0,1.546,1.546,2.245,2.226,1.417,1.417,1.78,1.79,19.647,5551.0,14501.0,22.321,295.0,44.8
2026-07-08 06:27:34,60.0,69.000              ,780.273,381.0,1200.0,0.0,60.875,60.875              ,60.875,60.875,60.875,60.875,60.875,60.875,60.875,44.938,29.999,56.389,37.962,51.013,17.679,55.113,29.814,40.363,2333.333,2440.0,2440.0,3325.0,1900.0,1900.0,1900.0,1900.0,3325.0,1.71,1.711,2.201,2.218,1.653,1.653,2.09,2.077,20.591,5557.0,14500.0,21.738,296.0,46.0
2026-07-08 06:27:36,61.0,70.000              ,780.273,352.0,1200.0,0.0,61.25,61.250              ,61.25,61.25,61.25,61.25,61.25,61.25,61.25,44.282,32.999,60.876,40.82,51.017,27.93,54.234,32.203,43.045,1687.5,2333.333,3500.0,3500.0,3200.0,3275.0,2620.0,2620.0,3500.0,1.692,1.69,2.317,2.462,1.939,1.939,1.928,1.928,21.121,5578.0,14505.0,21.281,298.0,46.99
2026-07-08 06:27:36,61.0,69.000              ,780.023,393.0,1200.0,0.0,61.375,61.375              ,61.375,61.375,61.375,61.375,61.375,61.375,61.375,40.448,27.38,48.005,42.639,59.181,17.425,45.272,20.608,37.62,3300.0,3300.0,2200.0,2200.0,1885.714,1885.714,1885.714,1885.714,3300.0,1.57,1.572,2.187,1.993,1.691,1.691,1.656,1.656,19.548,5577.0,14501.0,25.605,298.0,39.05
2026-07-08 06:27:37,61.0,70.000              ,780.023,352.0,1200.0,0.0,61.5,61.500              ,61.5,61.5,61.5,61.5,61.5,61.5,61.5,41.332,26.918,46.619,31.213,51.758,11.662,47.272,19.386,34.52,3225.0,3225.0,2580.0,2580.0,1842.857,1842.857,3225.0,3225.0,3225.0,1.701,1.715,1.939,1.939,1.508,1.508,1.718,1.718,19.972,5575.0,14501.0,23.52,299.0,42.52
2026-07-08 06:27:39,61.0,70.000              ,783.043,400.0,1200.0,0.0,61.25,61.250              ,61.25,61.25,61.25,61.25,61.25,61.25,61.25,39.317,30.239,45.467,36.157,57.615,12.953,49.987,16.788,36.065,1612.5,1612.5,2560.0,2560.0,2560.0,2560.0,3275.0,3275.0,3275.0,1.57,1.548,1.94,1.94,1.773,1.787,1.99,1.99,20.622,5585.0,14504.0,25.337,301.0,39.47
2026-07-08 06:27:39,62.0,68.000              ,784.555,666.0,1200.0,0.0,62.0,62.000              ,62.0,62.0,62.0,62.0,62.0,62.0,62.0,61.78,52.955,64.564,65.585,75.461,46.498,79.403,43.031,61.16,2150.0,2150.0,2580.0,2640.0,3300.0,3300.0,2200.0,2200.0,3300.0,1.964,1.968,2.39,2.39,2.27,2.259,2.247,2.247,23.561,5492.0,14513.0,23.36,301.0,42.81
2026-07-08 06:27:40,61.0,71.000              ,787.543,200.0,1200.0,0.0,61.625,61.625              ,61.625,61.625,61.625,61.625,61.625,61.625,61.625,34.753,31.338,45.886,39.127,45.145,13.494,41.138,12.044,32.866,1585.714,2800.0,3125.0,3125.0,2083.333,2083.333,2460.0,2460.0,3125.0,1.406,1.402,2.131,2.131,1.259,1.256,1.219,1.219,19.227,5486.0,14512.0,24.321,302.0,41.12
2026-07-08 06:27:41,61.0,71.000              ,787.758,572.0,1200.0,0.0,61.875,61.875              ,61.875,61.875,61.875,61.875,61.875,61.875,61.875,47.755,44.629,51.867,51.041,59.416,32.408,54.165,32.548,46.729,1871.429,1871.429,3275.0,3275.0,2600.0,2600.0,2166.667,2166.667,3275.0,1.83,1.83,2.333,2.333,2.01,2.01,1.86,1.86,21.546,5525.0,14515.0,30.897,303.0,32.37
2026-07-08 06:27:42,61.0,71.000              ,770.77,508.0,1200.0,0.0,61.625,61.625              ,61.625,61.625,61.625,61.625,61.625,61.625,61.625,53.836,41.259,55.15,50.558,67.304,35.813,60.118,33.138,49.647,2800.0,2800.0,2580.0,2580.0,3225.0,3225.0,2150.0,2150.0,3225.0,1.825,1.825,2.135,2.135,2.278,2.278,1.826,1.83,21.591,5538.0,14451.0,27.803,304.0,35.97
2026-07-08 06:27:43,61.0,72.000              ,770.77,387.0,1200.0,0.0,61.625,61.625              ,61.625,61.625,61.625,61.625,61.625,61.625,61.625,34.859,25.324,44.196,42.738,46.611,8.511,43.173,9.951,31.92,2760.0,2760.0,2760.0,2760.0,2300.0,2300.0,3375.0,3375.0,3375.0,1.541,1.541,2.533,2.536,1.376,1.376,1.405,1.403,19.98,5537.0,14450.0,20.503,305.0,48.77
2026-07-08 06:27:44,61.0,70.000              ,770.773,200.0,1200.0,0.0,61.75,61.750              ,61.75,61.75,61.75,61.75,61.75,61.75,61.75,36.802,28.887,53.266,35.04,51.433,11.579,50.113,11.218,34.792,2183.333,2183.333,3275.0,3275.0,2183.333,2183.333,1857.143,2166.667,3275.0,1.601,1.601,2.241,2.204,1.546,1.546,1.588,1.587,20.17,5543.0,14450.0,23.736,306.0,42.13
2026-07-08 06:27:45,61.0,69.000              ,770.781,428.0,1067.0,0.0,61.75,61.750              ,61.75,61.75,61.75,61.75,61.75,61.75,61.75,39.22,27.485,55.765,27.052,53.669,8.178,50.917,13.439,34.465,2640.0,2640.0,3300.0,3300.0,1885.714,1885.714,1885.714,1885.714,3300.0,1.575,1.575,2.166,2.199,1.607,1.607,1.739,1.74,20.325,5544.0,14439.0,20.88,307.0,47.89
2026-07-08 06:27:46,60.0,70.000              ,771.039,344.0,1200.0,0.0,60.875,60.875              ,60.875,60.875,60.875,60.875,60.875,60.875,60.875,28.109,28.197,36.454,33.27,46.295,5.101,35.408,7.76,27.574,1671.429,2216.667,3350.0,3350.0,3250.0,3250.0,1625.0,1625.0,3350.0,1.275,1.275,1.899,1.899,1.292,1.292,1.107,1.105,18.659,5544.0,14440.0,26.504,308.0,37.73
2026-07-08 06:27:47,61.0,71.000              ,777.012,393.0,1200.0,0.0,61.375,61.375              ,61.375,61.375,61.375,61.375,61.375,61.375,61.375,35.119,26.604,56.372,31.996,46.618,8.298,35.145,14.589,31.843,3300.0,3300.0,3300.0,3300.0,2200.0,2200.0,1885.714,1885.714,3300.0,1.634,1.634,2.496,2.496,1.523,1.523,1.42,1.42,20.06,5547.0,14451.0,22.294,309.0,44.86
2026-07-08 06:27:48,60.0,70.000              ,777.0,413.0,1067.0,0.0,60.5,60.500              ,60.5,60.5,60.5,60.5,60.5,60.5,60.5,31.213,28.863,41.227,23.241,52.621,5.716,46.564,15.072,30.565,2660.0,2660.0,3325.0,3325.0,2660.0,2660.0,2660.0,2660.0,3325.0,1.235,1.254,1.495,1.495,1.253,1.253,1.451,1.452,18.37,5558.0,14450.0,24.911,310.0,40.14
2026-07-08 06:27:49,60.0,69.000              ,769.398,200.0,1200.0,0.0,60.75,60.750              ,60.75,60.75,60.75,60.75,60.75,60.75,60.75,44.967,30.478,44.835,31.212,53.902,12.16,41.999,17.876,34.679,3125.0,3125.0,2083.333,2083.333,1785.714,1785.714,1785.714,1785.714,3125.0,1.864,1.844,1.798,1.798,1.675,1.689,1.557,1.559,20.136,5558.0,14446.0,24.131,311.0,41.44
2026-07-08 06:27:50,61.0,69.000              ,758.375,413.0,1200.0,0.0,61.25,61.250              ,61.25,61.25,61.25,61.25,61.25,61.25,61.25,38.909,28.967,44.19,45.686,46.072,19.03,43.717,14.553,35.141,2720.0,2720.0,2266.667,2700.0,2650.0,2650.0,1766.667,1766.667,2720.0,1.613,1.62,2.397,2.402,1.594,1.578,1.534,1.533,20.34,5556.0,14437.0,21.133,312.0,47.32
2026-07-08 06:27:51,60.0,70.000              ,760.629,590.0,1200.0,0.0,60.25,60.250              ,60.25,60.25,60.25,60.25,60.25,60.25,60.25,32.26,30.788,34.066,38.274,44.789,17.819,44.662,12.104,31.845,2460.0,2460.0,3075.0,3075.0,3075.0,3075.0,2460.0,2460.0,3075.0,1.239,1.246,1.548,1.55,1.337,1.337,1.174,1.178,18.22,5553.0,14439.0,25.604,313.0,39.06
2026-07-08 06:27:52,60.0,70.000              ,760.617,450.0,1067.0,0.0,60.5,60.500              ,60.5,60.5,60.5,60.5,60.5,60.5,60.5,33.28,26.291,54.79,33.503,48.006,8.934,46.037,10.538,32.672,3275.0,3275.0,2620.0,2620.0,2620.0,2620.0,2620.0,2620.0,3275.0,1.41,1.398,2.199,2.197,1.337,1.341,1.391,1.386,19.251,5553.0,14434.0,22.696,314.0,44.06
2026-07-08 06:27:53,60.0,70.000              ,758.879,442.0,1067.0,0.0,60.375,60.375              ,60.375,60.375,60.375,60.375,60.375,60.375,60.375,33.13,26.471,55.168,28.785,58.106,9.048,46.272,12.781,33.72,2480.0,2480.0,3075.0,3075.0,2460.0,2460.0,2460.0,2460.0,3075.0,1.255,1.262,1.786,1.791,1.368,1.365,1.264,1.264,18.523,5553.0,14423.0,24.392,315.0,41.0
2026-07-08 06:27:54,60.0,71.000              ,754.117,381.0,1200.0,0.0,60.25,60.250              ,60.25,60.25,60.25,60.25,60.25,60.25,60.25,35.485,26.83,50.611,28.55,59.626,10.525,52.636,9.927,34.274,2300.0,2300.0,2875.0,2875.0,2300.0,2300.0,2320.0,2320.0,2875.0,1.243,1.236,1.636,1.625,1.416,1.416,1.294,1.294,18.218,5561.0,14419.0,21.87,316.0,45.72
2026-07-08 06:27:55,60.0,70.000              ,756.574,428.0,1200.0,0.0,60.0,60.000              ,60.0,60.0,60.0,60.0,60.0,60.0,60.0,35.608,27.623,59.437,27.056,53.145,15.424,54.782,15.868,36.118,2300.0,2300.0,2300.0,2300.0,2875.0,2875.0,2300.0,2300.0,2875.0,1.162,1.162,1.619,1.619,1.269,1.269,1.326,1.326,17.776,5562.0,14420.0,18.943,317.0,52.79
2026-07-08 06:27:56,60.0,68.000              ,756.574,200.0,1200.0,0.0,60.0,60.000              ,60.0,60.0,60.0,60.0,60.0,60.0,60.0,36.645,20.215,67.953,24.547,47.067,10.142,44.4,14.372,33.168,2420.0,2420.0,3025.0,3025.0,2420.0,2440.0,2440.0,2440.0,3025.0,1.173,1.173,1.812,1.812,1.161,1.164,1.284,1.284,18.049,5561.0,14420.0,19.278,318.0,51.87
2026-07-08 06:27:57,59.0,68.000              ,756.633,200.0,1067.0,0.0,59.5,59.500              ,59.5,59.5,59.5,59.5,59.5,59.5,59.5,31.834,29.053,36.972,31.652,46.676,10.303,47.654,12.867,30.876,2380.0,2380.0,2975.0,2975.0,2380.0,2380.0,2380.0,2380.0,2975.0,1.083,1.083,1.374,1.376,1.096,1.093,1.161,1.163,17.13,5561.0,14419.0,21.642,319.0,46.21
2026-07-08 06:27:58,59.0,69.000              ,756.633,393.0,1067.0,0.0,59.5,59.500              ,59.5,59.5,59.5,59.5,59.5,59.5,59.5,31.773,24.388,45.46,39.691,34.324,10.499,48.254,6.946,30.167,2480.0,2500.0,3125.0,3125.0,2500.0,2500.0,2500.0,2500.0,3125.0,1.164,1.164,1.801,1.799,0.989,0.989,1.198,1.195,17.736,5560.0,14413.0,22.017,320.0,45.42
2026-07-08 06:27:59,59.0,68.000              ,756.637,400.0,1200.0,0.0,59.5,59.500              ,59.5,59.5,59.5,59.5,59.5,59.5,59.5,31.912,27.206,53.745,29.05,45.361,7.912,49.279,7.554,31.502,2400.0,2400.0,2975.0,2975.0,2380.0,2380.0,2380.0,2380.0,2975.0,1.107,1.108,1.571,1.571,1.045,1.045,1.18,1.18,17.425,5560.0,14412.0,23.197,321.0,43.11
2026-07-08 06:28:00,59.0,69.000              ,756.641,492.0,1067.0,0.0,59.125,59.125              ,59.125,59.125,59.125,59.125,59.125,59.125,59.125,30.883,27.776,35.225,41.617,44.882,11.331,41.162,17.429,31.288,2300.0,2300.0,2875.0,2875.0,2300.0,2300.0,2300.0,2300.0,2875.0,1.032,1.032,1.455,1.455,1.035,1.035,1.069,1.069,16.983,5559.0,14414.0,25.173,322.0,39.73
2026-07-08 06:28:01,59.0,70.000              ,756.629,400.0,1067.0,0.0,59.125,59.125              ,59.125,59.125,59.125,59.125,59.125,59.125,59.125,25.707,26.998,58.106,33.3,39.104,8.577,35.013,13.982,30.098,2360.0,2360.0,2950.0,2950.0,2360.0,2360.0,2360.0,2360.0,2950.0,1.05,1.048,1.824,1.824,1.015,1.015,1.057,1.057,17.357,5562.0,14412.0,20.191,323.0,49.53
2026-07-08 06:28:02,58.0,70.000              ,756.191,525.0,1200.0,0.0,58.875,58.875              ,58.875,58.875,58.875,58.875,58.875,58.875,58.875,26.604,28.379,42.308,29.155,43.808,7.933,38.06,10.931,28.397,2340.0,2340.0,2950.0,2950.0,2360.0,2360.0,2360.0,2360.0,2950.0,1.077,1.077,1.506,1.506,1.086,1.089,1.074,1.077,17.04,5562.0,14411.0,25.793,324.0,38.77
2026-07-08 06:28:03,58.0,69.000              ,753.57,200.0,1067.0,0.0,58.875,58.875              ,58.875,58.875,58.875,58.875,58.875,58.875,58.875,30.752,25.074,47.502,24.208,41.502,6.581,42.119,11.176,28.614,2380.0,2380.0,2975.0,2975.0,2380.0,2380.0,2400.0,2400.0,2975.0,1.164,1.164,1.467,1.467,1.022,1.02,1.172,1.169,16.666,5561.0,14411.0,20.615,325.0,48.51
2026-07-08 06:28:04,58.0,69.000              ,753.566,387.0,1200.0,0.0,58.75,58.750              ,58.75,58.75,58.75,58.75,58.75,58.75,58.75,43.487,29.039,52.726,28.304,40.435,12.0,46.166,11.277,32.929,2360.0,2360.0,2925.0,2925.0,2340.0,2340.0,2340.0,2340.0,2925.0,1.282,1.282,1.392,1.392,1.024,1.024,1.152,1.152,17.045,5561.0,14410.0,23.584,326.0,42.4
2026-07-08 06:28:05,58.0,69.000              ,753.57,200.0,1067.0,0.0,58.625,58.625              ,58.625,58.625,58.625,58.625,58.625,58.625,58.625,41.57,27.997,46.514,27.138,39.351,10.15,48.916,12.88,31.814,2900.0,2900.0,2320.0,2320.0,2340.0,2340.0,2340.0,2340.0,2900.0,1.204,1.204,1.3,1.3,1.004,1.007,1.231,1.231,16.761,5561.0,14410.0,22.175,327.0,45.1
2026-07-08 06:28:06,58.0,69.000              ,753.566,492.0,1067.0,0.0,58.5,58.500              ,58.5,58.5,58.5,58.5,58.5,58.5,58.5,43.317,31.205,43.387,37.753,44.447,16.209,48.253,16.232,35.1,2260.0,2260.0,2825.0,2825.0,2260.0,2260.0,2260.0,2260.0,2825.0,1.188,1.188,1.358,1.336,1.014,1.017,1.108,1.108,16.454,5560.0,14408.0,18.688,328.0,53.51
2026-07-08 06:28:07,58.0,70.000              ,753.988,476.0,1200.0,0.0,58.0,58.000              ,58.0,58.0,58.0,58.0,58.0,58.0,58.0,34.85,27.368,35.033,31.622,36.468,12.467,35.837,21.471,29.389,2725.0,2725.0,2725.0,2725.0,2180.0,2180.0,2200.0,2200.0,2725.0,1.031,1.031,1.176,1.198,0.889,0.884,0.979,0.979,16.514,5559.0,14408.0,27.065,329.0,36.95
2026-07-08 06:28:08,58.0,69.000              ,753.996,450.0,1200.0,0.0,58.0,58.000              ,58.0,58.0,58.0,58.0,58.0,58.0,58.0,36.354,30.631,49.089,35.365,42.258,17.14,49.671,16.861,34.671,2420.0,2420.0,3025.0,3025.0,2380.0,2380.0,2380.0,2380.0,3025.0,1.023,1.026,1.411,1.411,1.0,0.999,1.109,1.109,16.584,5561.0,14409.0,21.648,330.0,46.19
2026-07-08 06:28:09,57.0,69.000              ,753.992,406.0,1200.0,0.0,57.75,57.750              ,57.75,57.75,57.75,57.75,57.75,57.75,57.75,36.235,28.972,52.14,31.328,42.816,11.855,53.508,20.035,34.611,2160.0,2160.0,2700.0,2700.0,2160.0,2160.0,2160.0,2160.0,2700.0,0.994,0.991,1.293,1.292,0.932,0.932,1.218,1.213,16.278,5567.0,14410.0,22.276,331.0,44.89
2026-07-08 06:28:10,57.0,70.000              ,753.93,420.0,1067.0,0.0,57.75,57.750              ,57.75,57.75,57.75,57.75,57.75,57.75,57.75,34.47,30.656,60.869,33.238,41.388,16.475,43.677,15.772,34.568,2180.0,2180.0,2725.0,2725.0,2180.0,2180.0,2725.0,2725.0,2725.0,0.949,0.951,1.438,1.44,0.946,0.946,0.945,0.946,16.271,5564.0,14410.0,20.781,332.0,48.12
2026-07-08 06:28:11,57.0,70.000              ,753.992,610.0,1200.0,0.0,57.5,57.500              ,57.5,57.5,57.5,57.5,57.5,57.5,57.5,26.343,28.801,33.277,34.904,50.417,3.577,37.771,8.304,27.924,2280.0,2280.0,2850.0,2850.0,2280.0,2280.0,2280.0,2280.0,2850.0,0.949,0.947,1.318,1.318,0.947,0.947,0.928,0.928,16.091,5569.0,14410.0,25.613,333.0,39.04
2026-07-08 06:28:12,57.0,70.000              ,753.988,461.0,1200.0,0.0,57.625,57.625              ,57.625,57.625,57.625,57.625,57.625,57.625,57.625,52.366,39.315,55.569,42.589,61.4,28.408,59.409,43.173,47.779,2180.0,2180.0,2725.0,2725.0,2180.0,2180.0,2200.0,2200.0,2725.0,1.051,1.053,1.112,1.108,1.145,1.148,1.333,1.336,16.699,5575.0,14408.0,22.982,334.0,43.51
2026-07-08 06:28:13,57.0,69.000              ,753.867,469.0,1200.0,0.0,57.25,57.250              ,57.25,57.25,57.25,57.25,57.25,57.25,57.25,38.518,25.041,37.285,34.221,45.03,13.053,48.006,30.379,33.942,2000.0,2000.0,2000.0,2000.0,2500.0,2500.0,2000.0,2000.0,2500.0,0.871,0.871,0.989,0.989,0.808,0.805,1.148,1.145,15.82,5571.0,14407.0,25.48,335.0,39.25
2026-07-08 06:28:14,57.0,69.000              ,755.676,461.0,1200.0,0.0,57.25,57.250              ,57.25,57.25,57.25,57.25,57.25,57.25,57.25,40.133,28.881,56.665,29.587,55.91,15.305,52.042,18.47,37.124,2100.0,2100.0,2625.0,2625.0,2100.0,2100.0,2100.0,2100.0,2625.0,1.012,1.01,1.251,1.251,1.023,1.028,0.968,0.968,15.847,5575.0,14407.0,23.313,336.0,42.89
2026-07-08 06:28:15,57.0,70.000              ,755.676,428.0,1200.0,0.0,57.125,57.125              ,57.125,57.125,57.125,57.125,57.125,57.125,57.125,37.371,22.228,64.277,26.084,52.825,9.627,45.339,16.472,34.278,2000.0,2000.0,2500.0,2500.0,2500.0,2500.0,2000.0,2000.0,2500.0,0.924,0.924,1.291,1.294,0.941,0.937,0.941,0.932,15.813,5575.0,14407.0,23.661,337.0,42.26
2026-07-08 06:28:17,57.0,70.000              ,795.754,442.0,1200.0,0.0,57.0,57.000              ,57.0,57.0,57.0,57.0,57.0,57.0,57.0,40.807,24.654,49.194,33.201,46.581,15.932,39.825,14.004,33.025,2160.0,2160.0,2700.0,2725.0,2180.0,2180.0,2180.0,2180.0,2725.0,0.972,0.975,1.232,1.229,0.888,1.001,0.863,0.859,15.98,5596.0,14471.0,56.19,339.0,17.8
2026-07-08 06:28:17,57.0,70.000              ,795.746,450.0,1200.0,0.0,57.0,57.000              ,57.0,57.0,57.0,57.0,57.0,57.0,57.0,61.815,48.183,62.024,61.594,55.726,47.411,67.442,30.216,54.301,1880.0,1880.0,2350.0,2475.0,1980.0,1980.0,1960.0,1960.0,2475.0,0.999,0.996,1.157,1.157,1.05,0.918,0.939,0.957,16.0,5521.0,14476.0,25.816,339.0,38.74
2026-07-08 06:28:18,56.0,69.000              ,795.746,461.0,1067.0,0.0,56.625,56.625              ,56.625,56.625,56.625,56.625,56.625,56.625,56.625,33.052,23.926,34.511,30.869,46.745,8.368,37.787,7.452,27.839,1920.0,1920.0,2400.0,2400.0,1920.0,1920.0,1920.0,1920.0,2400.0,0.816,0.816,1.007,1.007,0.86,0.859,0.708,0.708,15.259,5508.0,14472.0,25.489,340.0,39.23
2026-07-08 06:28:19,56.0,69.000              ,795.871,381.0,1067.0,0.0,56.625,56.625              ,56.625,56.625,56.625,56.625,56.625,56.625,56.625,24.416,12.819,50.136,19.36,62.186,3.51,34.264,4.734,26.428,2400.0,2400.0,2975.0,2975.0,2380.0,2380.0,2380.0,2380.0,2975.0,0.851,0.855,1.254,1.254,1.305,1.305,0.854,0.854,15.786,5509.0,14472.0,22.612,341.0,44.22
2026-07-08 06:28:20,56.0,70.000              ,795.871,338.0,1067.0,0.0,56.625,56.625              ,56.625,56.625,56.625,56.625,56.625,56.625,56.625,33.432,18.911,60.5,20.7,55.46,7.062,45.289,8.182,31.192,2260.0,2260.0,2825.0,2825.0,2260.0,2260.0,2260.0,2260.0,2825.0,0.923,0.919,1.295,1.295,1.111,1.111,0.928,0.93,15.791,5509.0,14472.0,21.511,342.0,46.49
2026-07-08 06:28:21,56.0,69.000              ,795.871,200.0,1067.0,0.0,56.5,56.500              ,56.5,56.5,56.5,56.5,56.5,56.5,56.5,31.977,17.126,52.653,20.848,59.333,6.777,54.414,8.342,31.434,2220.0,2220.0,2775.0,2775.0,2200.0,2200.0,2200.0,2200.0,2775.0,0.872,0.875,1.152,1.152,1.116,1.116,0.982,0.981,15.693,5514.0,14473.0,23.531,343.0,42.5
2026-07-08 06:28:22,56.0,68.000              ,796.887,435.0,1067.0,0.0,56.375,56.375              ,56.375,56.375,56.375,56.375,56.375,56.375,56.375,26.802,14.665,50.126,20.25,51.796,7.54,58.899,6.506,29.573,2280.0,2280.0,2850.0,2850.0,2280.0,2280.0,2240.0,2800.0,2850.0,0.835,0.832,1.126,1.126,1.036,1.038,1.141,1.141,15.443,5513.0,14481.0,20.011,344.0,49.97
2026-07-08 06:28:23,56.0,70.000              ,796.887,435.0,1067.0,0.0,56.25,56.250              ,56.25,56.25,56.25,56.25,56.25,56.25,56.25,33.207,21.65,48.657,19.918,56.957,8.924,49.419,8.575,30.913,2240.0,2240.0,2240.0,2240.0,2800.0,2800.0,2240.0,2240.0,2800.0,0.995,0.995,1.164,1.164,1.112,1.11,1.024,1.024,15.498,5513.0,14477.0,19.827,345.0,50.44
2026-07-08 06:28:24,56.0,71.000              ,795.52,387.0,1200.0,0.0,56.25,56.250              ,56.25,56.25,56.25,56.25,56.25,56.25,56.25,30.83,14.778,48.526,20.078,62.368,6.818,50.604,8.205,30.276,2360.0,2360.0,2950.0,2950.0,2950.0,2950.0,2360.0,2360.0,2950.0,0.875,0.875,1.116,1.116,1.286,1.286,1.011,1.011,15.706,5517.0,14484.0,21.011,346.0,47.59
2026-07-08 06:28:25,56.0,69.000              ,798.027,400.0,1067.0,0.0,56.25,56.250              ,56.25,56.25,56.25,56.25,56.25,56.25,56.25,32.891,16.39,57.679,27.449,45.072,6.654,43.98,8.477,29.824,2180.0,2180.0,2725.0,2725.0,2180.0,2180.0,2160.0,2160.0,2725.0,0.88,0.88,1.323,1.326,0.932,0.932,0.908,0.908,15.515,5518.0,14480.0,32.021,347.0,31.23
2026-07-08 06:28:26,56.0,70.000              ,765.488,333.0,1200.0,0.0,56.25,56.250              ,56.25,56.25,56.25,56.25,56.25,56.25,56.25,29.02,15.036,59.182,23.415,59.692,2.952,38.88,5.441,29.202,2300.0,2300.0,2875.0,2875.0,2300.0,2300.0,2300.0,2300.0,2875.0,0.858,0.858,1.373,1.37,1.183,1.183,0.841,0.828,15.375,5506.0,14456.0,23.428,348.0,42.68
2026-07-08 06:28:27,56.0,70.000              ,766.621,315.0,1067.0,0.0,56.0,56.000              ,56.0,56.0,56.0,56.0,56.0,56.0,56.0,29.702,18.52,54.059,15.2,61.197,7.682,37.74,7.002,28.888,2200.0,2200.0,2750.0,2750.0,2220.0,2220.0,2220.0,2220.0,2750.0,0.889,0.889,1.126,1.126,1.252,1.252,0.821,0.834,15.645,5507.0,14454.0,27.719,349.0,36.08
2026-07-08 06:28:28,56.0,68.000              ,767.621,364.0,1067.0,0.0,56.0,56.000              ,56.0,56.0,56.0,56.0,56.0,56.0,56.0,32.836,20.171,51.407,21.561,54.27,6.157,49.074,6.835,30.289,2180.0,2180.0,2725.0,2725.0,2180.0,2180.0,2180.0,2180.0,2725.0,0.921,0.921,1.251,1.251,1.054,1.054,0.956,0.956,15.363,5507.0,14451.0,23.476,350.0,42.6
2026-07-08 06:28:29,56.0,69.000              ,767.371,321.0,1067.0,0.0,56.0,56.000              ,56.0,56.0,56.0,56.0,56.0,56.0,56.0,25.742,16.939,47.38,22.413,57.206,8.042,49.282,5.853,29.107,2240.0,2240.0,2850.0,2850.0,2280.0,2280.0,2280.0,2280.0,2850.0,0.854,0.852,1.174,1.174,1.158,1.169,0.942,0.942,15.331,5507.0,14434.0,22.81,351.0,43.84
2026-07-08 06:28:30,56.0,69.000              ,764.871,315.0,1067.0,0.0,56.0,56.000              ,56.0,56.0,56.0,56.0,56.0,56.0,56.0,32.79,19.04,58.429,19.934,65.321,7.69,43.345,8.096,31.831,2220.0,2220.0,2775.0,2775.0,2775.0,2775.0,2220.0,2220.0,2775.0,0.904,0.907,1.231,1.234,1.211,1.199,0.905,0.905,15.382,5509.0,14427.0,20.13,352.0,49.68
2026-07-08 06:28:31,55.0,68.000              ,764.91,375.0,1067.0,0.0,55.875,55.875              ,55.875,55.875,55.875,55.875,55.875,55.875,55.875,27.228,24.996,60.436,18.407,53.3,10.181,46.064,8.433,31.131,2280.0,2280.0,2850.0,2850.0,2280.0,2280.0,2300.0,2300.0,2850.0,0.925,0.925,1.347,1.344,1.125,1.125,0.987,0.989,15.495,5512.0,14427.0,21.127,353.0,47.33
2026-07-08 06:28:32,55.0,68.000              ,774.68,428.0,1067.0,0.0,55.625,55.625              ,55.625,55.625,55.625,55.625,55.625,55.625,55.625,26.851,15.419,38.001,19.608,42.172,5.212,34.359,6.338,23.495,2340.0,2340.0,2925.0,2925.0,2340.0,2340.0,2340.0,2340.0,2925.0,0.896,0.896,1.163,1.163,0.964,0.964,0.879,0.877,15.325,5514.0,14438.0,27.792,354.0,35.98
2026-07-08 06:28:33,55.0,70.000              ,774.746,352.0,1067.0,0.0,55.625,55.625              ,55.625,55.625,55.625,55.625,55.625,55.625,55.625,30.267,17.146,53.424,28.323,49.569,5.549,39.844,6.181,28.788,2280.0,2280.0,2850.0,2850.0,2280.0,2280.0,2260.0,2260.0,2850.0,0.854,0.854,1.309,1.309,0.995,0.995,0.83,0.83,15.32,5513.0,14438.0,22.521,355.0,44.4
2026-07-08 06:28:34,55.0,71.000              ,774.797,350.0,1067.0,0.0,55.5,55.500              ,55.5,55.5,55.5,55.5,55.5,55.5,55.5,28.877,18.929,55.961,24.905,64.331,5.498,33.113,7.725,29.917,2280.0,2280.0,2850.0,2850.0,2280.0,2280.0,2280.0,2280.0,2850.0,0.853,0.853,1.228,1.232,1.179,1.18,0.765,0.765,15.37,5515.0,14433.0,23.085,356.0,43.32
2026-07-08 06:28:35,55.0,71.000              ,774.797,364.0,1067.0,0.0,55.375,55.375              ,55.375,55.375,55.375,55.375,55.375,55.375,55.375,33.797,21.924,56.983,26.508,65.744,12.797,45.87,11.574,34.4,2160.0,2160.0,2700.0,2700.0,2160.0,2160.0,2160.0,2160.0,2700.0,0.866,0.866,1.159,1.157,1.177,1.176,0.856,0.858,15.267,5519.0,14431.0,20.498,357.0,48.79
2026-07-08 06:28:36,55.0,71.000              ,773.055,375.0,1067.0,0.0,55.375,55.375              ,55.375,55.375,55.375,55.375,55.375,55.375,55.375,34.273,25.522,56.046,26.917,59.0,10.345,48.372,13.365,34.23,2080.0,2080.0,2600.0,2600.0,2080.0,2080.0,2080.0,2080.0,2600.0,0.928,0.928,1.144,1.142,1.075,1.075,0.913,0.911,15.185,5518.0,14429.0,26.602,358.0,37.59
2026-07-08 06:28:37,55.0,70.000              ,770.734,200.0,1067.0,0.0,55.375,55.375              ,55.375,55.375,55.375,55.375,55.375,55.375,55.375,30.873,24.976,44.971,34.507,50.441,14.996,49.064,11.652,32.685,2340.0,2340.0,2925.0,2925.0,2340.0,2340.0,2360.0,2360.0,2925.0,0.957,0.957,1.233,1.233,1.026,1.026,1.002,1.003,15.098,5518.0,14428.0,19.674,359.0,50.83
2026-07-08 06:28:38,55.0,69.000              ,758.746,352.0,1067.0,0.0,55.25,55.250              ,55.25,55.25,55.25,55.25,55.25,55.25,55.25,30.096,24.227,31.932,31.85,40.826,8.467,28.175,10.8,25.796,2320.0,2320.0,2900.0,2900.0,2320.0,2320.0,2320.0,2320.0,2900.0,1.008,1.008,1.145,1.159,0.948,0.948,0.795,0.795,15.121,5517.0,14418.0,26.391,360.0,37.89
2026-07-08 06:28:39,55.0,69.000              ,758.746,344.0,1067.0,0.0,55.25,55.250              ,55.25,55.25,55.25,55.25,55.25,55.25,55.25,26.782,27.126,42.335,27.769,43.755,7.085,33.036,8.844,27.092,2420.0,2420.0,3025.0,3025.0,2480.0,2480.0,2480.0,2480.0,3025.0,1.062,1.048,1.334,1.321,0.977,0.979,0.856,0.856,15.452,5516.0,14418.0,20.818,361.0,48.04
2026-07-08 06:28:40,55.0,70.000              ,758.746,364.0,1067.0,0.0,55.25,55.250              ,55.25,55.25,55.25,55.25,55.25,55.25,55.25,34.637,29.174,53.46,29.439,47.534,11.079,34.979,11.049,31.419,2260.0,2260.0,2825.0,2825.0,2825.0,2825.0,2260.0,2260.0,2825.0,1.019,1.035,1.351,1.351,0.946,0.943,0.813,0.813,15.413,5516.0,14417.0,22.717,362.0,44.02
2026-07-08 06:28:41,55.0,70.000              ,762.863,200.0,1067.0,0.0,55.25,55.250              ,55.25,55.25,55.25,55.25,55.25,55.25,55.25,32.154,29.547,56.009,25.681,55.595,9.724,41.854,15.232,33.225,2040.0,2040.0,2550.0,2550.0,2040.0,2040.0,2040.0,2040.0,2550.0,0.959,0.956,1.207,1.207,1.002,1.002,0.871,0.871,15.075,5521.0,14420.0,25.608,363.0,39.05
2026-07-08 06:28:42,55.0,69.000              ,765.113,200.0,1067.0,0.0,55.25,55.250              ,55.25,55.25,55.25,55.25,55.25,55.25,55.25,41.908,30.041,60.401,26.967,48.939,17.549,49.26,15.246,36.289,2180.0,2180.0,2725.0,2725.0,2180.0,2180.0,2160.0,2160.0,2725.0,1.073,1.073,1.229,1.23,0.965,0.965,0.952,0.936,15.213,5519.0,14418.0,20.571,364.0,48.61
2026-07-08 06:28:43,55.0,68.000              ,770.43,420.0,1067.0,0.0,55.0,55.000              ,55.0,55.0,55.0,55.0,55.0,55.0,55.0,31.637,32.064,53.198,26.786,59.734,11.877,45.938,13.526,34.345,2160.0,2160.0,2700.0,2700.0,2120.0,2120.0,2120.0,2120.0,2700.0,0.91,0.91,1.096,1.095,1.076,1.076,0.891,0.905,15.184,5525.0,14422.0,21.528,365.0,46.45
2026-07-08 06:28:44,55.0,70.000              ,774.387,516.0,1067.0,0.0,55.0,55.000              ,55.0,55.0,55.0,55.0,55.0,55.0,55.0,34.399,22.005,31.266,31.653,43.1,8.71,38.581,10.265,27.497,2700.0,2700.0,2160.0,2140.0,2140.0,2140.0,2140.0,2140.0,2700.0,0.908,0.924,1.018,1.021,0.85,0.85,0.8,0.8,15.057,5526.0,14424.0,24.718,366.0,40.46
2026-07-08 06:28:45,55.0,70.000              ,773.758,200.0,1200.0,0.0,55.0,55.000              ,55.0,55.0,55.0,55.0,55.0,55.0,55.0,40.739,27.949,55.464,29.78,55.188,11.508,43.771,8.899,34.162,2220.0,2220.0,2775.0,2775.0,2220.0,2200.0,2220.0,2220.0,2775.0,1.02,1.004,1.165,1.164,1.006,1.014,0.791,0.791,15.605,5537.0,14426.0,22.495,367.0,44.45
2026-07-08 06:28:46,55.0,69.000              ,773.758,393.0,1067.0,0.0,55.0,55.000              ,55.0,55.0,55.0,55.0,55.0,55.0,55.0,27.905,15.929,60.761,24.414,59.453,6.675,36.244,4.329,29.464,2180.0,2180.0,2725.0,2725.0,2180.0,2180.0,2180.0,2180.0,2725.0,0.798,0.801,1.269,1.266,1.1,1.092,0.748,0.748,15.022,5538.0,14426.0,24.211,368.0,41.3
2026-07-08 06:28:47,54.0,70.000              ,772.746,364.0,1200.0,0.0,54.75,54.750              ,54.75,54.75,54.75,54.75,54.75,54.75,54.75,33.208,21.734,55.737,22.633,72.552,7.671,41.543,13.048,33.516,2200.0,2200.0,2750.0,2750.0,2750.0,2750.0,2200.0,2200.0,2750.0,0.863,0.86,1.07,1.07,1.259,1.259,0.829,0.852,15.228,5539.0,14425.0,20.893,369.0,47.86
2026-07-08 06:28:48,54.0,70.000              ,772.746,476.0,1200.0,0.0,54.75,54.750              ,54.75,54.75,54.75,54.75,54.75,54.75,54.75,24.373,15.962,39.518,24.939,50.066,11.074,24.185,8.698,24.852,2240.0,2240.0,2800.0,2800.0,2240.0,2240.0,2220.0,2220.0,2800.0,0.767,0.767,1.107,1.107,1.055,1.055,0.69,0.664,14.974,5540.0,14423.0,25.439,370.0,39.31
2026-07-08 06:28:49,54.0,69.000              ,772.746,358.0,1200.0,0.0,54.75,54.750              ,54.75,54.75,54.75,54.75,54.75,54.75,54.75,30.086,16.215,46.444,26.821,63.415,6.916,37.553,7.982,29.429,2140.0,2140.0,2675.0,2675.0,2140.0,2140.0,2140.0,2140.0,2675.0,0.793,0.793,1.138,1.141,1.219,1.219,0.773,0.772,15.077,5539.0,14424.0,21.67,371.0,46.15
2026-07-08 06:28:50,54.0,70.000              ,766.434,387.0,1067.0,0.0,54.75,54.750              ,54.75,54.75,54.75,54.75,54.75,54.75,54.75,31.451,13.004,47.944,26.543,62.531,9.934,39.505,7.167,29.76,1866.667,1866.667,2240.0,2240.0,2800.0,2800.0,2240.0,2240.0,2800.0,0.754,0.754,1.062,1.066,1.233,1.233,0.81,0.81,15.353,5539.0,14418.0,21.828,372.0,45.81
2026-07-08 06:28:51,54.0,71.000              ,766.059,352.0,1067.0,0.0,54.75,54.750              ,54.75,54.75,54.75,54.75,54.75,54.75,54.75,34.956,18.399,44.836,34.126,48.879,9.636,44.661,8.144,30.454,2100.0,2100.0,2625.0,2625.0,2100.0,2100.0,2100.0,2100.0,2625.0,0.811,0.811,1.198,1.199,0.919,0.919,0.799,0.799,14.987,5538.0,14418.0,23.732,373.0,42.14
2026-07-08 06:28:52,54.0,70.000              ,766.445,375.0,1067.0,0.0,54.75,54.750              ,54.75,54.75,54.75,54.75,54.75,54.75,54.75,34.898,16.496,49.752,33.786,53.11,12.788,52.32,10.197,32.918,2320.0,2320.0,2900.0,2900.0,2320.0,2320.0,2320.0,2320.0,2900.0,0.827,0.833,1.212,1.204,0.989,0.989,0.928,0.928,15.129,5537.0,14419.0,23.276,374.0,42.96
2026-07-08 06:28:53,54.0,69.000              ,766.445,476.0,1067.0,0.0,54.75,54.750              ,54.75,54.75,54.75,54.75,54.75,54.75,54.75,40.685,20.942,44.782,38.41,45.928,17.547,56.508,14.443,34.906,2100.0,2100.0,2625.0,2625.0,2100.0,2100.0,2100.0,2100.0,2625.0,0.855,0.853,1.037,1.037,0.804,0.807,0.966,0.966,15.221,5540.0,14414.0,20.311,375.0,49.23
2026-07-08 06:28:54,54.0,69.000              ,766.449,200.0,1067.0,0.0,54.75,54.750              ,54.75,54.75,54.75,54.75,54.75,54.75,54.75,35.321,17.264,41.759,38.341,47.522,10.807,55.447,7.427,31.736,2160.0,2160.0,2700.0,2700.0,2160.0,2160.0,2160.0,2160.0,2700.0,0.808,0.803,1.071,1.071,0.78,0.781,0.894,0.896,15.171,5540.0,14414.0,19.156,376.0,52.2
2026-07-08 06:28:56,54.0,69.000              ,806.203,200.0,1200.0,0.0,54.625,54.625              ,54.625,54.625,54.625,54.625,54.625,54.625,54.625,56.446,40.119,51.548,57.397,52.427,27.239,53.117,29.619,45.989,2040.0,2040.0,2550.0,2550.0,2040.0,2040.0,2040.0,2040.0,2550.0,0.908,0.908,1.064,1.072,0.759,0.755,0.816,0.815,15.304,5566.0,14497.0,25.158,378.0,39.75
2026-07-08 06:28:57,54.0,70.000              ,813.223,492.0,1200.0,0.0,54.5,54.500              ,54.5,54.5,54.5,54.5,54.5,54.5,54.5,48.094,25.08,47.025,43.641,52.555,17.993,54.478,17.34,38.276,1820.0,1820.0,2275.0,2300.0,1840.0,1840.0,1840.0,1820.0,2300.0,0.769,0.769,0.945,0.938,0.69,0.767,0.781,0.781,15.031,5568.0,14496.0,23.142,379.0,43.21
2026-07-08 06:28:57,54.0,70.000              ,816.488,400.0,1067.0,0.0,54.5,54.500              ,54.5,54.5,54.5,54.5,54.5,54.5,54.5,47.565,28.947,44.422,54.528,56.807,29.396,57.463,22.631,42.72,1800.0,1800.0,1800.0,1800.0,2250.0,2250.0,1800.0,1800.0,2250.0,0.845,0.845,1.068,1.066,0.972,0.922,0.869,0.871,14.959,5569.0,14501.0,21.57,379.0,46.36
2026-07-08 06:28:59,54.0,69.000              ,817.305,435.0,1200.0,0.0,54.5,54.500              ,54.5,54.5,54.5,54.5,54.5,54.5,54.5,45.119,34.203,53.415,39.541,55.562,23.643,49.244,26.572,40.913,2325.0,2325.0,1860.0,1860.0,2275.0,2275.0,1820.0,1820.0,2325.0,0.859,0.861,1.009,1.017,0.806,0.911,0.88,0.878,15.12,5572.0,14504.0,24.272,381.0,41.2
2026-07-08 06:28:59,54.0,71.000              ,818.805,375.0,1200.0,0.0,54.5,54.500              ,54.5,54.5,54.5,54.5,54.5,54.5,54.5,43.8,28.591,44.613,49.19,49.687,32.183,45.202,19.111,39.047,1960.0,1960.0,1960.0,1960.0,2450.0,2450.0,1960.0,1960.0,2450.0,0.821,0.819,1.08,1.072,1.044,0.965,0.832,0.832,14.91,5572.0,14504.0,22.075,381.0,45.3
2026-07-08 06:29:00,54.0,70.000              ,796.215,426.0,1067.0,0.0,54.5,54.500              ,54.5,54.5,54.5,54.5,54.5,54.5,54.5,41.238,33.306,44.178,52.492,57.387,17.096,45.825,24.355,39.485,2080.0,2080.0,2080.0,2080.0,2600.0,2600.0,2080.0,2080.0,2600.0,0.841,0.841,1.159,1.161,0.867,0.864,0.839,0.839,14.912,5572.0,14491.0,20.688,382.0,48.34
2026-07-08 06:29:01,54.0,70.000              ,796.215,200.0,1200.0,0.0,54.5,54.500              ,54.5,54.5,54.5,54.5,54.5,54.5,54.5,34.563,20.83,43.39,39.679,43.157,10.069,42.413,22.039,32.018,2100.0,2100.0,2625.0,2625.0,2100.0,2100.0,2100.0,2120.0,2625.0,0.783,0.783,1.214,1.213,0.741,0.741,0.927,0.927,15.123,5571.0,14486.0,28.33,383.0,35.3
2026-07-08 06:29:02,54.0,69.000              ,796.234,435.0,1067.0,0.0,54.5,54.500              ,54.5,54.5,54.5,54.5,54.5,54.5,54.5,30.912,24.814,53.983,39.396,54.259,9.838,48.836,15.992,34.754,2060.0,2060.0,2575.0,2575.0,2060.0,2060.0,2060.0,2060.0,2575.0,0.767,0.769,1.269,1.273,0.831,0.831,0.907,0.908,15.158,5570.0,14486.0,26.03,384.0,38.42
2026-07-08 06:29:03,54.0,69.000              ,795.859,484.0,1200.0,0.0,54.5,54.500              ,54.5,54.5,54.5,54.5,54.5,54.5,54.5,27.491,28.279,38.465,40.317,39.721,8.199,39.309,11.663,29.18,2100.0,2100.0,2625.0,2625.0,2100.0,2100.0,2100.0,2100.0,2625.0,0.796,0.794,1.141,1.124,0.729,0.729,0.82,0.819,14.951,5569.0,14464.0,24.947,385.0,40.08
2026-07-08 06:29:04,54.0,70.000              ,797.145,358.0,1067.0,0.0,54.5,54.500              ,54.5,54.5,54.5,54.5,54.5,54.5,54.5,27.424,24.408,50.487,40.457,38.725,7.565,36.303,16.86,30.279,2020.0,2020.0,2525.0,2525.0,2020.0,2020.0,2020.0,2020.0,2525.0,0.793,0.793,1.39,1.406,0.716,0.715,0.858,0.858,14.998,5567.0,14464.0,20.913,386.0,47.82
2026-07-08 06:29:05,54.0,69.000              ,797.145,200.0,1067.0,0.0,54.5,54.500              ,54.5,54.5,54.5,54.5,54.5,54.5,54.5,25.691,24.366,36.101,29.077,38.466,5.65,42.288,14.487,27.016,2220.0,2220.0,2775.0,2775.0,2220.0,2220.0,2220.0,2220.0,2775.0,0.804,0.804,1.111,1.112,0.761,0.761,0.958,0.958,14.956,5567.0,14464.0,25.058,387.0,39.91
2026-07-08 06:29:06,54.0,69.000              ,797.18,406.0,1067.0,0.0,54.5,54.500              ,54.5,54.5,54.5,54.5,54.5,54.5,54.5,25.24,22.795,38.685,24.786,39.81,3.549,46.655,6.086,25.951,2240.0,2260.0,2825.0,2825.0,2280.0,2280.0,2280.0,2280.0,2825.0,0.855,0.855,1.124,1.119,0.823,0.825,1.016,1.016,15.072,5567.0,14464.0,21.286,388.0,46.98
2026-07-08 06:29:07,54.0,68.000              ,797.191,420.0,1067.0,0.0,54.5,54.500              ,54.5,54.5,54.5,54.5,54.5,54.5,54.5,36.342,22.418,39.816,43.196,41.323,11.676,46.9,11.52,31.649,2280.0,2280.0,2850.0,2850.0,2280.0,2280.0,2280.0,2280.0,2850.0,0.895,0.895,1.281,1.287,0.852,0.85,0.956,0.956,15.216,5571.0,14465.0,21.623,389.0,46.25
2026-07-08 06:29:08,54.0,69.000              ,803.375,533.0,1200.0,0.0,54.375,54.375              ,54.375,54.375,54.375,54.375,54.375,54.375,54.375,44.285,33.201,55.091,39.36,49.546,25.784,52.897,21.693,40.232,2040.0,2040.0,2550.0,2550.0,2020.0,2020.0,2020.0,2020.0,2550.0,0.778,0.779,0.98,0.98,0.791,0.791,0.757,0.757,15.529,5573.0,14476.0,22.664,390.0,44.12
2026-07-08 06:29:09,55.0,74.000              ,803.371,200.0,933.0,0.0,55.125,55.125              ,55.125,55.125,55.125,55.125,55.125,55.125,55.125,15.78,16.99,52.944,21.4,32.014,8.55,30.882,3.05,22.701,1816.667,1816.667,1760.0,2200.0,1760.0,1760.0,1760.0,1760.0,2200.0,0.902,1.104,2.313,2.313,1.218,1.218,1.093,1.093,13.5,5599.0,14476.0,22.287,391.0,44.87
2026-07-08 06:29:10,55.0,39.000              ,803.371,200.0,1200.0,0.0,55.125,55.125              ,55.125,55.125,55.125,55.125,55.125,55.125,55.125,9.804,14.632,48.728,11.487,31.925,14.87,40.923,4.144,22.064,2650.0,2650.0,2650.0,2650.0,2650.0,2650.0,2650.0,2650.0,2650.0,0.981,0.751,1.827,1.831,1.575,1.575,1.528,1.534,13.581,5551.0,14401.0,0.0,392.0,
2026-07-08 06:29:11,55.0,0.000               ,803.371,200.0,933.0,0.0,55.75,55.750              ,55.75,55.75,55.75,55.75,55.75,55.75,55.75,28.806,19.216,71.14,21.108,39.018,20.838,46.7,8.482,31.914,2800.0,2800.0,3500.0,3500.0,2800.0,2800.0,3500.0,3500.0,3500.0,1.333,1.333,2.628,2.63,1.758,1.758,1.353,1.347,15.594,5026.0,13861.0,0.0,393.0,
2026-07-08 06:29:12,56.0,0.000               ,803.371,200.0,933.0,0.0,56.0,56.000              ,56.0,56.0,56.0,56.0,56.0,56.0,56.0,16.752,2.475,63.871,5.81,25.761,28.577,13.397,3.966,20.076,2333.333,2333.333,3500.0,3500.0,2333.333,2333.333,2333.333,2333.333,3500.0,0.976,0.978,2.791,2.786,1.939,1.939,0.93,0.93,13.993,4988.0,13060.0,0.0,394.0,
2026-07-08 06:29:13,56.0,0.000               ,803.371,200.0,1200.0,0.0,56.25,56.250              ,56.25,56.25,56.25,56.25,56.25,56.25,56.25,8.219,6.175,70.314,17.52,34.482,12.606,18.608,3.72,21.456,2333.333,2333.333,3500.0,3500.0,2333.333,2333.333,2333.333,2333.333,3500.0,0.774,0.772,3.07,3.07,1.73,1.73,0.977,0.982,14.541,4808.0,12900.0,0.0,395.0,
2026-07-08 06:29:14,56.0,0.000               ,803.371,200.0,933.0,0.0,56.0,56.000              ,56.0,56.0,56.0,56.0,56.0,56.0,56.0,10.828,9.418,68.109,6.127,20.59,11.599,12.132,3.99,17.849,2333.333,2333.333,3500.0,3500.0,2333.333,2333.333,2333.333,2333.333,3500.0,0.884,0.951,2.887,2.887,1.315,1.315,0.763,0.759,13.338,4473.0,11879.0,0.0,396.0,
2026-07-08 06:29:15,56.0,0.000               ,755.57,200.0,933.0,0.0,56.75,56.750              ,56.75,56.75,56.75,56.75,56.75,56.75,56.75,15.677,11.264,16.219,80.12,38.394,16.916,24.065,6.19,26.106,2333.333,2333.333,3500.0,3500.0,2333.333,2333.333,2800.0,2800.0,3500.0,1.165,1.102,3.336,3.336,1.85,1.85,1.317,1.317,15.958,4175.0,11656.0,5968.203,397.0,0.17
2026-07-08 06:29:16,57.0,0.000               ,755.57,200.0,933.0,0.0,57.5,57.500              ,57.5,57.5,57.5,57.5,57.5,57.5,57.5,4.05,3.57,6.611,84.317,10.047,3.573,11.748,2.527,15.805,2333.333,2333.333,3500.0,3500.0,2333.333,2333.333,2333.333,2333.333,3500.0,0.701,0.701,4.945,4.953,0.848,0.848,0.849,0.849,14.057,4157.0,11658.0,0.0,398.0,
2026-07-08 06:29:17,57.0,0.000               ,715.289,200.0,933.0,0.0,57.875,57.875              ,57.875,57.875,57.875,57.875,57.875,57.875,57.875,6.654,4.616,2.834,90.918,10.622,4.581,5.596,7.978,16.725,2333.333,2333.333,3500.0,3500.0,2333.333,2333.333,2333.333,2333.333,3500.0,0.603,0.603,4.443,4.443,0.851,0.852,0.774,0.774,14.008,3633.0,11104.0,2186.606,399.0,0.46
2026-07-08 06:29:18,58.0,0.000               ,715.289,200.0,933.0,0.0,58.0,58.000              ,58.0,58.0,58.0,58.0,58.0,58.0,58.0,7.168,16.65,1.642,97.01,4.403,2.487,4.665,2.622,17.081,3475.0,3475.0,2316.667,3500.0,2333.333,2333.333,2333.333,2333.333,3500.0,0.99,0.99,5.364,5.386,0.618,0.617,0.621,0.621,14.497,3655.0,11084.0,0.0,400.0,
2026-07-08 06:29:19,58.0,0.000               ,715.289,200.0,933.0,0.0,58.5,58.500              ,58.5,58.5,58.5,58.5,58.5,58.5,58.5,3.125,1.124,1.766,96.2,5.855,2.064,7.281,1.245,14.832,2333.333,2333.333,3500.0,3500.0,2333.333,2333.333,2333.333,2333.333,3500.0,0.223,0.223,4.986,4.958,0.635,0.635,0.701,0.701,13.401,3724.0,11157.0,0.0,401.0,
2026-07-08 06:29:20,57.0,0.000               ,712.391,200.0,933.0,0.0,57.625,57.625              ,57.625,57.625,57.625,57.625,57.625,57.625,57.625,7.307,4.556,1.908,85.01,8.07,1.744,13.869,3.263,15.716,2333.333,2333.333,3500.0,3500.0,2333.333,2333.333,2333.333,2333.333,3500.0,0.667,0.667,3.573,3.58,0.629,0.629,0.834,0.834,12.696,3539.0,10922.0,3201.013,402.0,0.31
2026-07-08 06:29:21,56.0,0.000               ,624.613,200.0,933.0,0.0,56.75,56.750              ,56.75,56.75,56.75,56.75,56.75,56.75,56.75,13.913,6.24,14.522,51.014,38.104,3.65,18.91,6.904,19.157,2333.333,2333.333,3500.0,3500.0,2333.333,2333.333,2333.333,2333.333,3500.0,0.903,0.903,2.427,2.426,1.629,1.641,1.024,1.024,13.701,2966.0,10352.0,1235.763,403.0,0.81
2026-07-08 06:29:22,56.0,21.000              ,624.613,200.0,933.0,0.0,56.25,56.250              ,56.25,56.25,56.25,56.25,56.25,56.25,56.25,31.65,15.133,51.395,28.842,31.752,7.065,35.748,10.274,26.482,2333.333,2333.333,3500.0,3500.0,2800.0,2800.0,2333.333,2333.333,3500.0,1.411,1.411,2.351,2.344,1.325,1.314,1.424,1.424,16.241,2956.0,10362.0,53.018,404.0,18.86
2026-07-08 06:29:23,55.0,47.000              ,624.586,200.0,933.0,0.0,55.625,55.625              ,55.625,55.625,55.625,55.625,55.625,55.625,55.625,24.665,11.183,54.272,14.972,19.381,4.209,26.15,3.04,19.734,2300.0,2300.0,2300.0,2300.0,2300.0,2300.0,3450.0,3450.0,3450.0,1.1,1.1,1.892,1.892,0.904,0.908,0.91,0.91,13.516,2955.0,10361.0,32.851,405.0,30.44
2026-07-08 06:29:24,55.0,50.000              ,648.297,200.0,933.0,0.0,55.125,55.125              ,55.125,55.125,55.125,55.125,55.125,55.125,55.125,23.769,12.562,37.979,19.841,26.863,6.416,32.383,6.327,20.767,2650.0,2650.0,2650.0,2650.0,2650.0,2650.0,2650.0,2650.0,2650.0,1.101,1.101,1.697,1.701,1.177,1.173,1.141,1.141,14.349,2993.0,10325.0,29.531,406.0,33.86
2026-07-08 06:29:25,54.0,53.000              ,648.316,200.0,933.0,0.0,54.75,54.750              ,54.75,54.75,54.75,54.75,54.75,54.75,54.75,17.862,12.129,45.643,12.325,25.458,2.736,41.922,4.003,20.26,2500.0,2500.0,2500.0,2500.0,3125.0,3125.0,3475.0,3475.0,3475.0,0.984,0.984,1.641,1.637,1.001,1.001,1.31,1.312,14.155,2987.0,10325.0,18.088,407.0,55.29
2026-07-08 06:29:26,54.0,59.000              ,648.316,200.0,933.0,0.0,54.625,54.625              ,54.625,54.625,54.625,54.625,54.625,54.625,54.625,18.954,8.073,46.788,26.481,15.796,3.967,23.601,2.679,18.292,3500.0,3500.0,2333.333,2333.333,2333.333,2333.333,2333.333,2333.333,3500.0,0.87,0.87,2.04,2.04,0.799,0.799,0.916,0.914,13.032,2830.0,10172.0,21.177,408.0,47.22
2026-07-08 06:29:27,54.0,30.000              ,648.316,200.0,933.0,0.0,54.0,54.000              ,54.0,54.0,54.0,54.0,54.0,54.0,54.0,8.29,39.69,22.759,11.629,13.869,2.508,12.197,2.682,14.203,2650.0,2650.0,2650.0,2650.0,2650.0,2650.0,2650.0,2650.0,2650.0,1.797,1.804,1.376,1.376,0.662,0.662,0.629,0.629,10.569,2737.0,9316.0,0.0,409.0,
2026-07-08 06:29:28,54.0,0.000               ,529.695,200.0,1200.0,0.0,54.625,54.625              ,54.625,54.625,54.625,54.625,54.625,54.625,54.625,38.901,68.592,61.735,44.474,52.913,27.663,40.556,17.203,44.005,2800.0,2800.0,3500.0,3500.0,2333.333,2333.333,2333.333,2333.333,3500.0,3.061,3.059,2.647,2.658,1.976,1.976,1.589,1.589,17.873,2699.0,8662.0,0.0,410.0,
