08-07-2026 06:46:54,GPU temperature,GPU usage,Memory usage,Core clock,Memory clock,Fan tachometer,CPU1 temperature,CPU2 temperature,CPU3 temperature,CPU4 temperature,CPU5 temperature,CPU6 temperature,CPU7 temperature,CPU8 temperature,CPU temperature,CPU1 usage,CPU2 usage,CPU3 usage,CPU4 usage,CPU5 usage,CPU6 usage,CPU7 usage,CPU8 usage,CPU usage,CPU1 clock,CPU2 clock,CPU3 clock,CPU4 clock,CPU5 clock,CPU6 clock,CPU7 clock,CPU8 clock,CPU clock,CPU1 power,CPU2 power,CPU3 power,CPU4 power,CPU5 power,CPU6 power,CPU7 power,CPU8 power,CPU power,RAM usage,Commit charge,frametime,elapsed,fps
2026-07-08 06:46:54,0.0,°C                  ,0.0,100.0,10.0,,,,,,,,,,,,,,,,,,,,,,,,,,,,,,,,,,,,,,,,,0.0,
2026-07-08 06:46:54,1.0,%                   ,0.0,100.0,10.0,,,,,,,,,,,,,,,,,,,,,,,,,,,,,,,,,,,,,,,,,0.0,
2026-07-08 06:46:54,2.0,MB                  ,0.0,8192.0,10.0,,,,,,,,,,,,,,,,,,,,,,,,,,,,,,,,,,,,,,,,,0.0,
2026-07-08 06:46:54,3.0,MHz                 ,0.0,2500.0,10.0,,,,,,,,,,,,,,,,,,,,,,,,,,,,,,,,,,,,,,,,,0.0,
2026-07-08 06:46:54,4.0,MHz                 ,0.0,7500.0,10.0,,,,,,,,,,,,,,,,,,,,,,,,,,,,,,,,,,,,,,,,,0.0,
2026-07-08 06:46:54,5.0,RPM                 ,0.0,10000.0,10.0,,,,,,,,,,,,,,,,,,,,,,,,,,,,,,,,,,,,,,,,,0.0,
2026-07-08 06:46:54,6.0,°C                  ,0.0,100.0,10.0,,,,,,,,,,,,,,,,,,,,,,,,,,,,,,,,,,,,,,,,,0.0,
2026-07-08 06:46:54,7.0,°C                  ,0.0,100.0,10.0,,,,,,,,,,,,,,,,,,,,,,,,,,,,,,,,,,,,,,,,,0.0,
2026-07-08 06:46:54,8.0,°C                  ,0.0,100.0,10.0,,,,,,,,,,,,,,,,,,,,,,,,,,,,,,,,,,,,,,,,,0.0,
2026-07-08 06:46:54,9.0,°C                  ,0.0,100.0,10.0,,,,,,,,,,,,,,,,,,,,,,,,,,,,,,,,,,,,,,,,,0.0,
2026-07-08 06:46:54,10.0,°C                  ,0.0,100.0,10.0,,,,,,,,,,,,,,,,,,,,,,,,,,,,,,,,,,,,,,,,,0.0,
2026-07-08 06:46:54,11.0,°C                  ,0.0,100.0,10.0,,,,,,,,,,,,,,,,,,,,,,,,,,,,,,,,,,,,,,,,,0.0,
2026-07-08 06:46:54,12.0,°C                  ,0.0,100.0,10.0,,,,,,,,,,,,,,,,,,,,,,,,,,,,,,,,,,,,,,,,,0.0,
2026-07-08 06:46:54,13.0,°C                  ,0.0,100.0,10.0,,,,,,,,,,,,,,,,,,,,,,,,,,,,,,,,,,,,,,,,,0.0,
2026-07-08 06:46:54,14.0,°C                  ,0.0,100.0,10.0,,,,,,,,,,,,,,,,,,,,,,,,,,,,,,,,,,,,,,,,,0.0,
2026-07-08 06:46:54,15.0,%                   ,0.0,100.0,10.0,,,,,,,,,,,,,,,,,,,,,,,,,,,,,,,,,,,,,,,,,0.0,
2026-07-08 06:46:54,16.0,%                   ,0.0,100.0,10.0,,,,,,,,,,,,,,,,,,,,,,,,,,,,,,,,,,,,,,,,,0.0,
2026-07-08 06:46:54,17.0,%                   ,0.0,100.0,10.0,,,,,,,,,,,,,,,,,,,,,,,,,,,,,,,,,,,,,,,,,0.0,
2026-07-08 06:46:54,18.0,%                   ,0.0,100.0,10.0,,,,,,,,,,,,,,,,,,,,,,,,,,,,,,,,,,,,,,,,,0.0,
2026-07-08 06:46:54,19.0,%                   ,0.0,100.0,10.0,,,,,,,,,,,,,,,,,,,,,,,,,,,,,,,,,,,,,,,,,0.0,
2026-07-08 06:46:54,20.0,%                   ,0.0,100.0,10.0,,,,,,,,,,,,,,,,,,,,,,,,,,,,,,,,,,,,,,,,,0.0,
2026-07-08 06:46:54,21.0,%                   ,0.0,100.0,10.0,,,,,,,,,,,,,,,,,,,,,,,,,,,,,,,,,,,,,,,,,0.0,
2026-07-08 06:46:54,22.0,%                   ,0.0,100.0,10.0,,,,,,,,,,,,,,,,,,,,,,,,,,,,,,,,,,,,,,,,,0.0,
2026-07-08 06:46:54,23.0,%                   ,0.0,100.0,10.0,,,,,,,,,,,,,,,,,,,,,,,,,,,,,,,,,,,,,,,,,0.0,
2026-07-08 06:46:54,24.0,MHz                 ,0.0,5000.0,10.0,,,,,,,,,,,,,,,,,,,,,,,,,,,,,,,,,,,,,,,,,0.0,
2026-07-08 06:46:54,25.0,MHz                 ,0.0,5000.0,10.0,,,,,,,,,,,,,,,,,,,,,,,,,,,,,,,,,,,,,,,,,0.0,
2026-07-08 06:46:54,26.0,MHz                 ,0.0,5000.0,10.0,,,,,,,,,,,,,,,,,,,,,,,,,,,,,,,,,,,,,,,,,0.0,
2026-07-08 06:46:54,27.0,MHz                 ,0.0,5000.0,10.0,,,,,,,,,,,,,,,,,,,,,,,,,,,,,,,,,,,,,,,,,0.0,
2026-07-08 06:46:54,28.0,MHz                 ,0.0,5000.0,10.0,,,,,,,,,,,,,,,,,,,,,,,,,,,,,,,,,,,,,,,,,0.0,
2026-07-08 06:46:54,29.0,MHz                 ,0.0,5000.0,10.0,,,,,,,,,,,,,,,,,,,,,,,,,,,,,,,,,,,,,,,,,0.0,
2026-07-08 06:46:54,30.0,MHz                 ,0.0,5000.0,10.0,,,,,,,,,,,,,,,,,,,,,,,,,,,,,,,,,,,,,,,,,0.0,
2026-07-08 06:46:54,31.0,MHz                 ,0.0,5000.0,10.0,,,,,,,,,,,,,,,,,,,,,,,,,,,,,,,,,,,,,,,,,0.0,
2026-07-08 06:46:54,32.0,MHz                 ,0.0,5000.0,10.0,,,,,,,,,,,,,,,,,,,,,,,,,,,,,,,,,,,,,,,,,0.0,
2026-07-08 06:46:54,33.0,W                   ,0.0,200.0,10.0,,,%.1f                ,,,,,,,,,,,,,,,,,,,,,,,,,,,,,,,,,,,,,,0.0,
2026-07-08 06:46:54,34.0,W                   ,0.0,200.0,10.0,,,%.1f                ,,,,,,,,,,,,,,,,,,,,,,,,,,,,,,,,,,,,,,0.0,
2026-07-08 06:46:54,35.0,W                   ,0.0,200.0,10.0,,,%.1f                ,,,,,,,,,,,,,,,,,,,,,,,,,,,,,,,,,,,,,,0.0,
2026-07-08 06:46:54,36.0,W                   ,0.0,200.0,10.0,,,%.1f                ,,,,,,,,,,,,,,,,,,,,,,,,,,,,,,,,,,,,,,0.0,
2026-07-08 06:46:54,37.0,W                   ,0.0,200.0,10.0,,,%.1f                ,,,,,,,,,,,,,,,,,,,,,,,,,,,,,,,,,,,,,,0.0,
2026-07-08 06:46:54,38.0,W                   ,0.0,200.0,10.0,,,%.1f                ,,,,,,,,,,,,,,,,,,,,,,,,,,,,,,,,,,,,,,0.0,
2026-07-08 06:46:54,39.0,W                   ,0.0,200.0,10.0,,,%.1f                ,,,,,,,,,,,,,,,,,,,,,,,,,,,,,,,,,,,,,,0.0,
2026-07-08 06:46:54,40.0,W                   ,0.0,200.0,10.0,,,%.1f                ,,,,,,,,,,,,,,,,,,,,,,,,,,,,,,,,,,,,,,0.0,
2026-07-08 06:46:54,41.0,W                   ,0.0,200.0,10.0,,,%.1f                ,,,,,,,,,,,,,,,,,,,,,,,,,,,,,,,,,,,,,,0.0,
2026-07-08 06:46:54,42.0,MB                  ,0.0,16384.0,10.0,,,,,,,,,,,,,,,,,,,,,,,,,,,,,,,,,,,,,,,,,0.0,
2026-07-08 06:46:54,43.0,MB                  ,0.0,16384.0,10.0,,,,,,,,,,,,,,,,,,,,,,,,,,,,,,,,,,,,,,,,,0.0,
2026-07-08 06:46:54,44.0,ms                  ,0.0,50.0,10.0,,,%.1f                ,,,,,,,,,,,,,,,,,,,,,,,,,,,,,,,,,,,,,,0.0,
2026-07-08 06:46:54,49.0,2.000               ,487.844,200.0,400.0,0.0,49.25,49.250              ,49.25,49.25,49.25,49.25,49.25,49.25,49.25,38.638,28.218,45.799,24.115,34.202,24.819,34.543,21.854,31.524,2650.0,2650.0,2650.0,2550.0,1700.0,1700.0,1700.0,1700.0,2650.0,1.881,1.881,2.14,2.137,1.673,1.673,1.601,1.601,14.878,3300.0,8582.0,,0.0,
2026-07-08 06:46:55,48.0,3.000               ,487.844,200.0,933.0,0.0,48.375,48.375              ,48.375,48.375,48.375,48.375,48.375,48.375,48.375,14.924,4.604,11.514,7.962,12.019,6.339,10.432,9.071,9.608,3500.0,3500.0,2800.0,2800.0,2333.333,2333.333,2333.333,2333.333,3500.0,0.603,0.603,0.676,0.676,0.566,0.566,0.682,0.682,8.223,3298.0,8578.0,,1.0,
2026-07-08 06:46:56,59.0,1.000               ,505.391,200.0,1200.0,0.0,59.0,59.000              ,59.0,59.0,59.0,59.0,59.0,59.0,59.0,56.296,45.666,70.613,52.861,65.501,48.668,58.862,40.914,54.923,2333.333,2333.333,3500.0,3500.0,2333.333,2333.333,2333.333,2333.333,3500.0,2.598,2.598,3.569,3.575,3.175,3.175,2.601,2.608,21.208,3400.0,8729.0,,2.0,
2026-07-08 06:46:57,58.0,1.000               ,505.391,200.0,933.0,0.0,58.125,58.125              ,58.125,58.125,58.125,58.125,58.125,58.125,58.125,74.265,71.713,78.925,65.444,82.773,67.857,89.837,67.19,74.751,2800.0,2800.0,3500.0,3500.0,3500.0,3500.0,2800.0,2800.0,3500.0,3.338,3.342,3.526,3.52,3.774,3.774,4.161,4.153,24.192,3470.0,8760.0,,3.0,
2026-07-08 06:46:58,57.0,3.000               ,500.465,200.0,933.0,0.0,57.375,57.375              ,57.375,57.375,57.375,57.375,57.375,57.375,57.375,32.732,28.44,34.685,34.988,78.619,9.365,32.314,34.149,35.661,2800.0,2800.0,2800.0,2800.0,3500.0,3500.0,3500.0,3500.0,3500.0,2.321,2.317,2.837,2.837,3.414,3.414,2.513,2.513,18.817,3535.0,8818.0,,4.0,
2026-07-08 06:46:59,56.0,1.000               ,492.758,200.0,1067.0,0.0,56.125,56.125              ,56.125,56.125,56.125,56.125,56.125,56.125,56.125,5.609,4.809,4.503,58.541,30.149,0.516,6.965,2.135,14.153,2333.333,2333.333,3500.0,3500.0,2333.333,2333.333,2233.333,2233.333,3500.0,0.683,0.683,2.432,2.452,1.404,1.404,0.686,0.686,13.191,3890.0,9191.0,,5.0,
2026-07-08 06:47:00,55.0,0.000               ,492.758,200.0,933.0,0.0,55.5,55.500              ,55.5,55.5,55.5,55.5,55.5,55.5,55.5,7.448,5.655,19.116,66.58,22.491,4.414,9.367,8.024,17.887,2333.333,2333.333,3500.0,3500.0,2333.333,2333.333,2333.333,2333.333,3500.0,0.651,0.651,3.22,3.178,0.972,0.972,0.742,0.742,13.886,4164.0,9440.0,,6.0,
2026-07-08 06:47:01,56.0,0.000               ,492.758,200.0,933.0,0.0,56.5,56.500              ,56.5,56.5,56.5,56.5,56.5,56.5,56.5,28.789,4.334,6.554,75.978,6.98,2.314,17.977,4.2,18.391,2333.333,2333.333,3500.0,3500.0,2333.333,2333.333,3500.0,3500.0,3500.0,1.61,1.61,3.671,3.726,0.505,0.505,1.14,1.14,14.306,4165.0,9437.0,,7.0,
2026-07-08 06:47:02,57.0,0.000               ,492.758,200.0,933.0,0.0,57.0,57.000              ,57.0,57.0,57.0,57.0,57.0,57.0,57.0,30.47,21.712,19.422,88.876,35.662,16.09,25.315,18.686,32.029,2800.0,2800.0,3500.0,3500.0,2800.0,2800.0,2800.0,2800.0,3500.0,1.416,1.416,3.969,3.965,1.533,1.533,1.227,1.227,16.683,4176.0,9466.0,,8.0,
2026-07-08 06:47:03,56.0,0.000               ,492.758,200.0,933.0,0.0,56.625,56.625              ,56.625,56.625,56.625,56.625,56.625,56.625,56.625,4.133,7.831,1.945,81.284,15.349,1.84,11.128,2.624,15.767,2333.333,2333.333,3500.0,3500.0,2333.333,2333.333,2333.333,2333.333,3500.0,0.641,0.641,3.728,3.708,0.905,0.904,0.713,0.713,13.019,4361.0,9556.0,,9.0,
2026-07-08 06:47:04,56.0,0.000               ,529.938,200.0,1200.0,0.0,56.25,56.250              ,56.25,56.25,56.25,56.25,56.25,56.25,56.25,15.625,17.492,20.553,39.243,40.905,8.426,34.56,18.248,24.381,2700.0,2700.0,3375.0,3375.0,2300.0,2300.0,2300.0,2300.0,3375.0,1.209,1.209,2.493,2.491,1.781,1.781,2.268,2.268,16.166,4507.0,9723.0,0.0,10.0,
2026-07-08 06:47:05,57.0,2.000               ,533.234,200.0,933.0,0.0,57.125,57.125              ,57.125,57.125,57.125,57.125,57.125,57.125,57.125,22.448,15.783,24.403,46.739,50.385,37.134,32.268,6.873,29.504,2250.0,2250.0,3375.0,3375.0,1928.571,1928.571,3375.0,3375.0,3375.0,1.357,1.357,2.792,2.792,3.744,3.744,1.436,1.436,18.018,4456.0,9889.0,0.0,11.0,
2026-07-08 06:47:06,57.0,5.000               ,560.098,200.0,933.0,0.0,57.875,57.875              ,57.875,57.875,57.875,57.875,57.875,57.875,57.875,22.31,13.673,22.392,70.055,23.674,9.161,35.679,23.258,27.525,2780.0,2780.0,2780.0,2780.0,3475.0,3475.0,2780.0,2780.0,3475.0,1.354,1.354,3.833,3.905,1.363,1.349,2.311,2.311,17.431,4582.0,10031.0,0.0,12.0,
2026-07-08 06:47:07,57.0,3.000               ,544.43,200.0,933.0,0.0,57.25,57.250              ,57.25,57.25,57.25,57.25,57.25,57.25,57.25,4.975,6.027,3.498,74.716,18.223,15.398,16.794,3.846,17.935,2333.333,2333.333,3500.0,3500.0,2333.333,2333.333,2333.333,2333.333,3500.0,0.638,0.638,3.051,2.961,1.341,1.356,1.007,1.007,13.425,4647.0,10091.0,0.0,13.0,
2026-07-08 06:47:08,56.0,0.000               ,578.227,200.0,1200.0,0.0,56.875,56.875              ,56.875,56.875,56.875,56.875,56.875,56.875,56.875,33.358,26.282,47.336,25.516,35.64,23.711,43.32,18.814,31.747,3500.0,3500.0,2333.333,2333.333,2333.333,2333.333,2333.333,2333.333,3500.0,2.041,2.041,2.453,2.453,2.007,2.007,2.681,2.681,17.732,4729.0,10184.0,0.0,14.0,
2026-07-08 06:47:09,57.0,24.000              ,589.648,200.0,933.0,0.0,57.375,57.375              ,57.375,57.375,57.375,57.375,57.375,57.375,57.375,34.785,20.858,51.659,30.408,49.549,24.293,55.319,31.593,37.308,2800.0,2800.0,2800.0,2800.0,3500.0,3500.0,2800.0,2800.0,3500.0,1.636,1.655,2.231,2.241,2.977,2.977,4.057,4.093,20.297,4713.0,10190.0,0.0,15.0,
2026-07-08 06:47:10,57.0,47.000              ,588.898,200.0,933.0,0.0,57.625,57.625              ,57.625,57.625,57.625,57.625,57.625,57.625,57.625,51.471,18.812,50.18,27.401,27.101,18.296,74.331,8.758,34.544,2333.333,2333.333,3500.0,3500.0,3500.0,3500.0,2333.333,2333.333,3500.0,2.375,2.356,2.463,2.452,1.692,1.692,4.14,4.102,18.83,4713.0,10182.0,0.0,16.0,
2026-07-08 06:47:11,58.0,46.000              ,595.445,200.0,933.0,0.0,58.125,58.125              ,58.125,58.125,58.125,58.125,58.125,58.125,58.125,57.938,14.219,47.991,33.139,24.746,12.871,68.897,9.642,33.68,3500.0,3500.0,3500.0,3500.0,2333.333,2333.333,3350.0,3350.0,3500.0,2.954,2.959,2.639,2.639,1.684,1.694,3.571,3.539,19.42,4708.0,10239.0,25.177,17.0,39.72
2026-07-08 06:47:12,58.0,46.000              ,620.227,200.0,933.0,0.0,58.625,58.625              ,58.625,58.625,58.625,58.625,58.625,58.625,58.625,37.051,50.342,53.402,40.432,41.992,10.643,57.929,12.651,38.056,2333.333,2333.333,3500.0,3500.0,2333.333,2333.333,2800.0,2800.0,3500.0,3.405,3.399,2.579,2.593,2.095,2.085,2.631,2.652,20.789,4723.0,10259.0,39.319,18.0,25.43
2026-07-08 06:47:13,59.0,54.000              ,620.227,200.0,933.0,0.0,59.0,59.000              ,59.0,59.0,59.0,59.0,59.0,59.0,59.0,49.174,17.304,49.261,37.993,23.083,38.911,61.245,8.83,35.725,2800.0,2800.0,3500.0,3500.0,2800.0,2800.0,2800.0,2800.0,3500.0,2.304,2.304,2.464,2.451,2.774,2.774,3.34,3.34,20.275,4717.0,10257.0,17.346,19.0,57.65
2026-07-08 06:47:14,58.0,63.000              ,616.352,200.0,933.0,0.0,58.75,58.750              ,58.75,58.75,58.75,58.75,58.75,58.75,58.75,48.887,27.792,50.14,41.963,66.452,22.342,43.259,25.629,40.808,3500.0,3500.0,2333.333,2333.333,2333.333,2333.333,3500.0,3500.0,3500.0,2.022,2.022,2.238,2.264,3.207,3.207,1.815,1.815,20.171,4737.0,10287.0,20.101,20.0,49.75
2026-07-08 06:47:15,58.0,66.000              ,616.246,200.0,933.0,0.0,58.0,58.000              ,58.0,58.0,58.0,58.0,58.0,58.0,58.0,20.893,13.104,51.594,13.43,38.534,2.614,19.935,2.797,20.363,2460.0,2460.0,2460.0,2460.0,3150.0,3150.0,2520.0,2520.0,3150.0,1.171,1.171,1.911,1.885,1.354,1.359,0.958,0.958,15.19,4738.0,10284.0,18.569,21.0,53.85
2026-07-08 06:47:16,57.0,67.000              ,613.242,200.0,933.0,0.0,57.5,57.500              ,57.5,57.5,57.5,57.5,57.5,57.5,57.5,21.51,13.217,46.365,14.037,39.406,2.226,22.977,2.729,20.308,2333.333,2333.333,3500.0,3500.0,2333.333,2333.333,2333.333,2333.333,3500.0,1.092,1.092,1.773,1.744,1.316,1.311,0.909,0.912,14.624,4738.0,10283.0,17.165,22.0,58.26
2026-07-08 06:47:17,56.0,64.000              ,613.242,200.0,933.0,0.0,56.125,56.125              ,56.125,56.125,56.125,56.125,56.125,56.125,56.125,16.34,16.875,38.634,14.898,17.156,3.354,18.899,3.139,16.162,2420.0,2420.0,3025.0,3025.0,2420.0,2420.0,2240.0,2240.0,3025.0,0.933,0.918,1.37,1.392,0.76,0.76,0.73,0.727,12.604,4709.0,10249.0,29.96,23.0,33.38
2026-07-08 06:47:18,54.0,61.000              ,606.031,200.0,933.0,0.0,54.625,54.625              ,54.625,54.625,54.625,54.625,54.625,54.625,54.625,14.87,12.805,14.567,16.975,17.717,2.729,15.242,3.593,12.312,1325.0,1325.0,2650.0,2650.0,2650.0,2650.0,2650.0,2650.0,2650.0,0.587,0.597,0.724,0.724,0.514,0.514,0.486,0.486,10.401,4718.0,10244.0,28.381,24.0,35.23
2026-07-08 06:47:19,54.0,58.000              ,606.031,200.0,933.0,0.0,54.0,54.000              ,54.0,54.0,54.0,54.0,54.0,54.0,54.0,11.069,13.327,36.704,15.508,15.676,0.785,16.035,2.372,13.934,2650.0,2650.0,2650.0,2650.0,2650.0,2650.0,2650.0,2650.0,2650.0,0.693,0.693,1.29,1.296,0.588,0.588,0.622,0.622,11.676,4718.0,10242.0,21.222,25.0,47.12
2026-07-08 06:47:20,53.0,59.000              ,606.031,200.0,933.0,0.0,53.875,53.875              ,53.875,53.875,53.875,53.875,53.875,53.875,53.875,15.873,13.478,47.181,14.306,16.797,4.976,18.752,3.985,16.919,2540.0,2540.0,3500.0,3500.0,2333.333,2333.333,2333.333,2333.333,3500.0,0.923,0.923,1.712,1.706,0.775,0.775,0.755,0.755,13.549,4706.0,10228.0,17.274,26.0,57.89
2026-07-08 06:47:21,52.0,60.000              ,605.031,200.0,933.0,0.0,52.75,52.750              ,52.75,52.75,52.75,52.75,52.75,52.75,52.75,12.484,12.186,15.111,17.529,18.479,2.44,15.587,3.257,12.134,2650.0,2650.0,2650.0,2650.0,2650.0,2650.0,2650.0,2650.0,2650.0,0.523,0.523,0.698,0.699,0.473,0.473,0.453,0.456,10.173,4701.0,10216.0,28.281,27.0,35.36
2026-07-08 06:47:22,53.0,59.000              ,599.016,200.0,933.0,0.0,53.375,53.375              ,53.375,53.375,53.375,53.375,53.375,53.375,53.375,11.262,12.27,45.776,13.74,16.213,0.94,14.433,3.523,14.77,2333.333,2333.333,3500.0,3500.0,2333.333,2333.333,2333.333,2333.333,3500.0,0.85,0.854,1.761,1.76,0.743,0.743,0.733,0.73,13.201,4697.0,10212.0,22.984,28.0,43.51
2026-07-08 06:47:23,53.0,59.000              ,599.008,200.0,933.0,0.0,53.625,53.625              ,53.625,53.625,53.625,53.625,53.625,53.625,53.625,15.122,11.332,45.006,18.519,18.886,1.647,20.624,2.4,16.692,2975.0,2975.0,2975.0,2975.0,2380.0,2380.0,2380.0,2380.0,2975.0,0.918,0.914,1.907,1.892,0.803,0.803,0.793,0.82,13.618,4697.0,10212.0,21.179,29.0,47.22
2026-07-08 06:47:24,54.0,60.000              ,617.574,200.0,1067.0,0.0,54.125,54.125              ,54.125,54.125,54.125,54.125,54.125,54.125,54.125,19.4,16.741,52.963,15.55,20.919,5.742,29.268,13.691,21.784,2333.333,2333.333,3500.0,3500.0,2333.333,2333.333,2850.0,2850.0,3500.0,1.194,1.194,1.999,2.016,1.017,1.017,1.293,1.265,15.031,4706.0,10248.0,33.798,30.0,29.59
2026-07-08 06:47:25,53.0,62.000              ,626.605,200.0,933.0,0.0,53.0,53.000              ,53.0,53.0,53.0,53.0,53.0,53.0,53.0,14.788,16.949,14.591,15.316,19.962,5.125,10.217,1.738,12.336,2650.0,2650.0,2650.0,2650.0,2650.0,2650.0,2650.0,2650.0,2650.0,0.789,0.79,0.831,0.839,0.628,0.628,0.449,0.449,10.41,4715.0,10248.0,26.617,31.0,37.57
2026-07-08 06:47:26,62.0,51.000              ,626.734,200.0,933.0,0.0,62.5,62.500              ,62.5,62.5,62.5,62.5,62.5,62.5,62.5,24.607,50.224,26.544,7.337,12.949,4.631,14.031,7.317,18.455,3500.0,3500.0,2333.333,2333.333,2333.333,2333.333,2333.333,2333.333,3500.0,3.333,3.332,1.175,1.171,0.804,0.804,0.87,0.872,14.181,4730.0,10269.0,690.477,32.0,1.45
2026-07-08 06:47:27,60.0,45.000              ,627.773,200.0,933.0,0.0,60.875,60.875              ,60.875,60.875,60.875,60.875,60.875,60.875,60.875,17.38,12.248,55.093,16.391,19.626,2.759,20.608,3.507,18.452,2333.333,2333.333,3500.0,3500.0,2333.333,2333.333,2333.333,2333.333,3500.0,1.043,1.043,2.206,2.202,0.912,0.912,0.879,0.883,14.108,4728.0,10272.0,20.79,33.0,48.1
2026-07-08 06:47:28,59.0,55.000              ,627.746,200.0,1200.0,0.0,59.5,59.500              ,59.5,59.5,59.5,59.5,59.5,59.5,59.5,18.607,22.829,49.929,21.508,50.364,7.807,19.448,11.22,25.214,2333.333,2333.333,3500.0,3500.0,3475.0,3475.0,2316.667,2316.667,3500.0,1.448,1.448,2.263,2.263,1.829,1.829,1.159,1.16,16.037,4767.0,10321.0,154.87,34.0,6.46
2026-07-08 06:47:29,58.0,52.000              ,627.746,200.0,933.0,0.0,58.25,58.250              ,58.25,58.25,58.25,58.25,58.25,58.25,58.25,24.912,20.046,47.552,43.496,33.845,9.471,28.569,7.768,26.957,2800.0,2800.0,3500.0,3500.0,2800.0,2800.0,2800.0,2800.0,3500.0,1.265,1.265,2.872,2.872,1.424,1.424,1.185,1.179,16.406,4772.0,10327.0,25.261,35.0,39.59
2026-07-08 06:47:30,57.0,52.000              ,627.746,200.0,1200.0,0.0,57.5,57.500              ,57.5,57.5,57.5,57.5,57.5,57.5,57.5,47.493,37.121,53.643,49.445,58.326,33.503,58.495,30.261,46.036,2650.0,2650.0,2650.0,2650.0,2650.0,2650.0,2650.0,2650.0,2650.0,1.767,1.767,2.531,2.5,2.079,2.079,1.911,1.914,18.62,4847.0,10523.0,21.389,36.0,46.75
2026-07-08 06:47:31,57.0,53.000              ,627.746,200.0,1067.0,0.0,57.25,57.250              ,57.25,57.25,57.25,57.25,57.25,57.25,57.25,48.652,39.685,61.656,49.091,68.021,31.996,60.456,37.754,49.664,2640.0,2640.0,2640.0,2640.0,2640.0,2640.0,3300.0,3300.0,3300.0,1.866,1.866,2.515,2.546,2.418,2.418,2.284,2.28,21.211,4976.0,10654.0,26.102,37.0,38.31
2026-07-08 06:47:32,57.0,54.000              ,627.746,200.0,1200.0,0.0,57.5,57.500              ,57.5,57.5,57.5,57.5,57.5,57.5,57.5,49.617,32.986,55.29,40.32,55.873,34.528,52.448,54.775,46.98,2520.0,2520.0,2520.0,2520.0,3150.0,3150.0,3150.0,3150.0,3150.0,1.754,1.754,2.178,2.178,2.057,2.057,2.553,2.553,20.599,5106.0,10767.0,27.081,38.0,36.93
2026-07-08 06:47:33,58.0,62.000              ,597.039,200.0,933.0,0.0,58.125,58.125              ,58.125,58.125,58.125,58.125,58.125,58.125,58.125,48.842,31.348,57.435,39.206,58.157,28.044,67.16,22.938,44.141,2660.0,2660.0,2660.0,2660.0,2660.0,2660.0,3325.0,3325.0,3325.0,1.932,1.932,2.622,2.622,2.178,2.178,2.406,2.411,20.191,5099.0,10777.0,22.35,39.0,44.74
2026-07-08 06:47:34,58.0,61.000              ,597.039,200.0,1200.0,0.0,58.0,58.000              ,58.0,58.0,58.0,58.0,58.0,58.0,58.0,57.735,41.582,56.362,44.41,63.47,38.261,65.597,38.023,50.68,3275.0,3275.0,2620.0,2620.0,2620.0,2620.0,2233.333,2233.333,3275.0,1.983,1.983,2.077,2.077,2.168,2.168,2.229,2.225,20.062,5117.0,10798.0,20.999,40.0,47.62
2026-07-08 06:47:35,58.0,61.000              ,576.5,200.0,1200.0,0.0,58.0,58.000              ,58.0,58.0,58.0,58.0,58.0,58.0,58.0,63.459,47.165,52.616,59.212,57.637,47.355,59.349,58.027,55.602,2480.0,2480.0,2500.0,2500.0,3125.0,3125.0,2520.0,2520.0,3125.0,1.914,1.914,1.916,1.916,1.959,1.964,2.239,2.244,19.891,5050.0,10782.0,23.866,41.0,41.9
2026-07-08 06:47:36,58.0,60.000              ,576.5,200.0,1067.0,0.0,58.125,58.125              ,58.125,58.125,58.125,58.125,58.125,58.125,58.125,60.736,45.312,55.498,45.917,57.662,53.496,58.819,58.721,54.52,2400.0,2400.0,2400.0,2400.0,2420.0,2420.0,3025.0,3025.0,3025.0,1.71,1.71,1.746,1.746,1.992,1.987,2.397,2.392,19.33,5176.0,10867.0,18.678,42.0,53.54
2026-07-08 06:47:37,58.0,57.000              ,576.5,200.0,1200.0,0.0,58.25,58.250              ,58.25,58.25,58.25,58.25,58.25,58.25,58.25,51.195,43.641,44.843,41.658,61.127,55.365,36.326,65.716,49.984,2480.0,2480.0,2480.0,2500.0,2500.0,2500.0,3125.0,3100.0,3125.0,1.758,1.758,1.601,1.605,2.152,2.155,1.978,1.978,19.126,5284.0,10971.0,23.634,43.0,42.31
2026-07-08 06:47:38,58.0,59.000              ,576.5,200.0,1200.0,0.0,58.125,58.125              ,58.125,58.125,58.125,58.125,58.125,58.125,58.125,57.393,40.842,60.092,43.145,49.165,54.888,58.539,62.489,53.319,2620.0,2620.0,2620.0,2620.0,2620.0,2600.0,3250.0,3250.0,3250.0,1.519,1.52,1.668,1.664,1.675,1.672,1.988,1.988,19.125,5189.0,10975.0,21.948,44.0,45.56
2026-07-08 06:47:39,58.0,62.000              ,576.5,200.0,1067.0,0.0,58.0,58.000              ,58.0,58.0,58.0,58.0,58.0,58.0,58.0,49.785,42.164,49.781,45.502,50.408,56.532,57.248,51.253,50.334,2400.0,2400.0,2400.0,2400.0,2400.0,2380.0,2975.0,2975.0,2975.0,1.517,1.516,1.607,1.607,1.71,1.71,1.757,1.757,18.65,4921.0,10726.0,19.306,45.0,51.8
2026-07-08 06:47:40,58.0,64.000              ,576.5,200.0,1067.0,0.0,58.25,58.250              ,58.25,58.25,58.25,58.25,58.25,58.25,58.25,52.619,34.141,57.659,41.948,50.183,46.883,51.762,63.99,49.898,2420.0,2420.0,2420.0,2420.0,2420.0,3025.0,3050.0,3050.0,3050.0,1.48,1.48,1.749,1.749,1.641,1.644,2.194,2.194,18.452,5024.0,10837.0,17.957,46.0,55.69
2026-07-08 06:47:41,58.0,64.000              ,576.5,200.0,1200.0,0.0,58.25,58.250              ,58.25,58.25,58.25,58.25,58.25,58.25,58.25,49.116,31.425,63.962,39.056,52.991,41.353,54.756,41.361,46.752,2560.0,2560.0,2560.0,2560.0,2520.0,2520.0,3150.0,3125.0,3150.0,1.737,1.737,2.215,2.19,1.922,1.92,2.166,2.17,18.318,5059.0,10874.0,17.643,47.0,56.68
2026-07-08 06:47:42,58.0,64.000              ,576.5,200.0,1067.0,0.0,58.25,58.250              ,58.25,58.25,58.25,58.25,58.25,58.25,58.25,55.147,34.099,58.424,32.58,68.551,21.418,55.917,24.505,43.83,2380.0,2380.0,2380.0,2380.0,2975.0,2975.0,2380.0,2380.0,2975.0,1.73,1.73,1.933,1.957,1.94,1.92,1.533,1.529,18.023,4965.0,10775.0,28.705,48.0,34.84
2026-07-08 06:47:43,58.0,61.000              ,576.5,200.0,1067.0,0.0,58.25,58.250              ,58.25,58.25,58.25,58.25,58.25,58.25,58.25,54.272,27.902,64.726,28.975,68.002,15.558,62.781,26.332,43.569,2420.0,2420.0,2420.0,2400.0,3000.0,3000.0,2400.0,2420.0,3000.0,1.69,1.69,2.231,2.229,1.957,1.955,1.86,1.86,17.804,4996.0,10811.0,21.107,49.0,47.38
2026-07-08 06:47:44,58.0,56.000              ,576.5,200.0,1200.0,0.0,58.25,58.250              ,58.25,58.25,58.25,58.25,58.25,58.25,58.25,59.816,26.638,68.626,32.531,75.865,20.533,68.245,16.919,46.146,2380.0,2380.0,2950.0,2950.0,2360.0,2950.0,2975.0,2975.0,2975.0,1.53,1.517,2.164,2.167,2.041,2.063,1.678,1.681,17.836,5047.0,10853.0,18.381,50.0,54.4
2026-07-08 06:47:45,58.0,58.000              ,576.5,200.0,1200.0,0.0,58.25,58.250              ,58.25,58.25,58.25,58.25,58.25,58.25,58.25,60.203,52.971,60.331,65.8,75.283,57.393,67.001,67.726,63.339,2140.0,2180.0,2725.0,2750.0,2200.0,2200.0,2200.0,2220.0,2750.0,1.365,1.375,1.502,1.499,1.734,1.737,1.908,1.882,17.589,5127.0,11037.0,28.871,51.0,34.64
2026-07-08 06:47:46,58.0,63.000              ,576.5,200.0,1200.0,0.0,58.125,58.125              ,58.125,58.125,58.125,58.125,58.125,58.125,58.125,50.738,36.511,57.413,42.311,54.541,50.079,63.098,38.357,49.131,2240.0,2240.0,2800.0,2800.0,2240.0,2240.0,2800.0,2825.0,2825.0,1.367,1.367,1.62,1.625,1.717,1.715,1.745,1.768,17.194,5173.0,11110.0,18.664,52.0,53.58
2026-07-08 06:47:47,57.0,65.000              ,576.5,200.0,1067.0,0.0,57.875,57.875              ,57.875,57.875,57.875,57.875,57.875,57.875,57.875,52.653,34.331,51.984,45.748,55.807,39.866,64.628,32.096,47.139,2440.0,2440.0,2440.0,2440.0,2440.0,2440.0,3025.0,3025.0,3025.0,1.243,1.243,1.482,1.476,1.345,1.345,1.522,1.523,17.371,5217.0,11129.0,17.862,53.0,55.98
2026-07-08 06:47:48,57.0,64.000              ,566.367,200.0,1200.0,0.0,57.75,57.750              ,57.75,57.75,57.75,57.75,57.75,57.75,57.75,45.365,29.342,59.638,40.331,57.19,29.784,58.275,43.949,45.484,2280.0,2280.0,2280.0,2280.0,2280.0,2260.0,2850.0,2850.0,2850.0,1.044,1.044,1.433,1.435,1.325,1.325,1.667,1.665,17.141,5226.0,11157.0,23.755,54.0,42.1
2026-07-08 06:47:49,57.0,64.000              ,566.367,200.0,1200.0,0.0,57.75,57.750              ,57.75,57.75,57.75,57.75,57.75,57.75,57.75,49.544,20.918,45.856,47.122,65.799,23.015,71.994,25.432,43.71,2320.0,2320.0,2320.0,2320.0,2300.0,2300.0,2900.0,2900.0,2900.0,1.103,1.103,1.426,1.424,1.454,1.454,1.551,1.552,17.075,5264.0,11159.0,24.229,55.0,41.27
2026-07-08 06:47:50,57.0,63.000              ,566.367,200.0,1200.0,0.0,57.75,57.750              ,57.75,57.75,57.75,57.75,57.75,57.75,57.75,61.731,20.825,57.208,42.229,71.742,23.653,60.846,23.18,45.177,2260.0,2260.0,2825.0,2825.0,2260.0,2260.0,2260.0,2260.0,2825.0,1.183,1.186,1.565,1.565,1.436,1.436,1.278,1.276,17.009,5267.0,11189.0,17.473,56.0,57.23
2026-07-08 06:47:51,57.0,61.000              ,566.367,200.0,1200.0,0.0,57.75,57.750              ,57.75,57.75,57.75,57.75,57.75,57.75,57.75,60.772,24.01,53.685,43.593,71.028,29.052,62.269,35.173,47.448,2280.0,2280.0,2850.0,2850.0,2850.0,2850.0,2280.0,2280.0,2850.0,1.154,1.151,1.404,1.408,1.42,1.42,1.375,1.385,16.78,5304.0,11199.0,18.339,57.0,54.53
2026-07-08 06:47:52,57.0,60.000              ,566.367,200.0,1200.0,0.0,57.75,57.750              ,57.75,57.75,57.75,57.75,57.75,57.75,57.75,66.918,26.763,55.491,47.573,51.952,54.722,64.695,31.097,49.901,2280.0,2280.0,2260.0,2260.0,2825.0,2850.0,2280.0,2260.0,2850.0,1.228,1.228,1.28,1.279,1.435,1.437,1.331,1.314,16.766,5323.0,11228.0,17.851,58.0,56.02
2026-07-08 06:47:53,57.0,61.000              ,566.367,200.0,1200.0,0.0,57.75,57.750              ,57.75,57.75,57.75,57.75,57.75,57.75,57.75,54.176,29.907,60.87,46.159,59.559,47.715,48.562,33.039,47.498,2220.0,2220.0,2220.0,2220.0,2775.0,2775.0,2220.0,2220.0,2775.0,1.118,1.118,1.326,1.324,1.448,1.446,1.123,1.126,16.666,5368.0,11249.0,17.924,59.0,55.79
2026-07-08 06:47:54,57.0,63.000              ,566.367,200.0,1200.0,0.0,57.75,57.750              ,57.75,57.75,57.75,57.75,57.75,57.75,57.75,48.498,33.244,50.035,46.463,63.124,47.652,61.742,32.709,47.933,2180.0,2200.0,2750.0,2750.0,2200.0,2200.0,2200.0,2200.0,2750.0,1.056,1.056,1.212,1.214,1.413,1.413,1.261,1.261,16.532,5387.0,11271.0,17.771,60.0,56.27
2026-07-08 06:47:55,57.0,65.000              ,566.367,200.0,1200.0,0.0,57.75,57.750              ,57.75,57.75,57.75,57.75,57.75,57.75,57.75,66.253,25.982,45.303,50.427,57.904,42.686,70.293,28.261,48.389,2200.0,2200.0,2200.0,2200.0,2200.0,2200.0,2750.0,2750.0,2750.0,1.136,1.138,1.174,1.171,1.252,1.238,1.297,1.297,16.364,5418.0,11323.0,17.876,61.0,55.94
2026-07-08 06:47:56,57.0,65.000              ,566.367,200.0,1200.0,0.0,57.625,57.625              ,57.625,57.625,57.625,57.625,57.625,57.625,57.625,58.801,31.736,47.19,52.932,51.73,46.609,54.321,48.135,48.932,2160.0,2160.0,2160.0,2160.0,2160.0,2160.0,2700.0,2700.0,2700.0,1.114,1.112,1.159,1.162,1.147,1.159,1.386,1.386,16.467,5438.0,11352.0,18.347,62.0,54.5
2026-07-08 06:47:57,57.0,65.000              ,566.367,200.0,1200.0,0.0,57.5,57.500              ,57.5,57.5,57.5,57.5,57.5,57.5,57.5,54.732,34.498,52.435,50.172,57.561,45.552,56.18,43.21,49.293,2180.0,2700.0,2160.0,2180.0,2725.0,2725.0,2180.0,2180.0,2725.0,1.069,1.069,1.152,1.149,1.218,1.218,1.308,1.308,16.26,5524.0,11395.0,17.718,63.0,56.44
2026-07-08 06:47:58,57.0,66.000              ,566.117,200.0,1200.0,0.0,57.5,57.500              ,57.5,57.5,57.5,57.5,57.5,57.5,57.5,45.572,36.052,64.079,50.811,60.334,46.741,56.813,48.842,51.156,2100.0,2100.0,2120.0,2120.0,2650.0,2650.0,2120.0,2120.0,2650.0,0.94,0.94,1.315,1.307,1.211,1.211,1.268,1.268,16.185,5535.0,11426.0,18.651,64.0,53.62
2026-07-08 06:47:59,57.0,66.000              ,566.117,200.0,1200.0,0.0,57.375,57.375              ,57.375,57.375,57.375,57.375,57.375,57.375,57.375,49.836,36.106,56.63,53.882,53.049,52.436,69.526,60.049,53.939,2140.0,2140.0,2675.0,2675.0,2140.0,2140.0,2675.0,2675.0,2675.0,0.91,0.91,1.206,1.216,1.042,1.042,1.473,1.473,16.178,5571.0,11471.0,19.366,65.0,51.64
2026-07-08 06:48:00,57.0,66.000              ,566.117,200.0,1200.0,0.0,57.375,57.375              ,57.375,57.375,57.375,57.375,57.375,57.375,57.375,68.674,53.883,70.964,69.132,73.875,58.493,70.449,66.821,66.536,2120.0,2120.0,2650.0,2650.0,2120.0,2120.0,2120.0,2120.0,2650.0,1.059,1.065,1.23,1.226,1.166,1.168,1.267,1.267,16.211,5427.0,11496.0,27.544,66.0,36.31
2026-07-08 06:48:01,57.0,64.000              ,566.117,200.0,1200.0,0.0,57.375,57.375              ,57.375,57.375,57.375,57.375,57.375,57.375,57.375,70.515,67.612,76.64,79.993,72.287,59.716,66.202,72.156,70.64,1900.0,1900.0,1900.0,1900.0,1900.0,1900.0,2350.0,2350.0,2350.0,1.029,1.024,1.253,1.253,1.051,1.05,1.231,1.231,16.001,5356.0,11523.0,17.776,67.0,56.26
2026-07-08 06:48:02,57.0,64.000              ,566.117,200.0,1067.0,0.0,57.375,57.375              ,57.375,57.375,57.375,57.375,57.375,57.375,57.375,61.505,63.728,73.166,74.585,65.873,60.227,68.214,63.836,66.392,1960.0,1960.0,1960.0,1960.0,2450.0,2450.0,2450.0,2450.0,2450.0,0.988,0.989,1.29,1.29,1.054,1.054,1.15,1.15,15.839,5402.0,11567.0,18.3,68.0,54.64
2026-07-08 06:48:03,57.0,65.000              ,566.117,200.0,1200.0,0.0,57.25,57.250              ,57.25,57.25,57.25,57.25,57.25,57.25,57.25,63.645,42.35,52.905,53.922,69.242,43.065,60.639,54.911,55.085,1880.0,1880.0,2350.0,1900.0,1900.0,1900.0,2375.0,2375.0,2375.0,1.028,1.025,1.032,1.021,1.082,1.082,1.255,1.255,15.629,5249.0,11596.0,26.355,69.0,37.94
2026-07-08 06:48:04,57.0,61.000              ,566.117,200.0,1200.0,0.0,57.25,57.250              ,57.25,57.25,57.25,57.25,57.25,57.25,57.25,56.786,28.864,51.744,49.136,58.705,49.948,64.103,32.866,49.019,2100.0,2100.0,2100.0,2100.0,2100.0,2100.0,2650.0,2650.0,2650.0,1.008,1.008,1.128,1.141,1.303,1.306,1.185,1.191,16.072,5302.0,11620.0,25.735,70.0,38.86
2026-07-08 06:48:05,57.0,59.000              ,566.117,200.0,1200.0,0.0,57.25,57.250              ,57.25,57.25,57.25,57.25,57.25,57.25,57.25,46.479,38.037,48.933,42.745,51.532,54.471,55.983,47.675,48.232,2120.0,2120.0,2120.0,2120.0,2120.0,2120.0,2650.0,2650.0,2650.0,0.995,0.997,1.037,1.037,1.273,1.271,1.243,1.24,15.723,5318.0,11638.0,17.747,71.0,56.35
2026-07-08 06:48:06,57.0,63.000              ,566.117,200.0,1200.0,0.0,57.25,57.250              ,57.25,57.25,57.25,57.25,57.25,57.25,57.25,52.977,32.809,54.24,48.378,55.362,48.382,60.784,63.301,52.029,2060.0,2060.0,2060.0,2060.0,2575.0,2575.0,2575.0,2575.0,2575.0,0.939,0.936,1.066,1.066,1.108,1.109,1.309,1.306,15.678,5346.0,11668.0,18.953,72.0,52.76
2026-07-08 06:48:07,57.0,64.000              ,566.117,200.0,1200.0,0.0,57.25,57.250              ,57.25,57.25,57.25,57.25,57.25,57.25,57.25,62.285,34.548,64.813,62.76,65.679,48.661,63.133,37.201,54.885,1980.0,1980.0,1980.0,1980.0,1980.0,1980.0,2475.0,2475.0,2475.0,0.976,0.976,1.201,1.201,1.121,1.119,1.065,1.065,15.752,5379.0,11718.0,18.175,73.0,55.02
2026-07-08 06:48:08,57.0,65.000              ,565.867,200.0,1067.0,0.0,57.0,57.000              ,57.0,57.0,57.0,57.0,57.0,57.0,57.0,55.459,40.773,67.268,62.166,59.218,52.578,59.869,45.963,55.412,2060.0,2060.0,2575.0,2575.0,2060.0,2060.0,2060.0,2060.0,2575.0,0.962,0.962,1.215,1.215,1.128,1.113,1.061,1.061,15.713,5261.0,11723.0,18.165,74.0,55.05
2026-07-08 06:48:09,57.0,67.000              ,565.867,200.0,1200.0,0.0,57.0,57.000              ,57.0,57.0,57.0,57.0,57.0,57.0,57.0,52.468,24.36,43.583,57.381,53.418,34.553,65.328,39.646,46.342,1920.0,1920.0,1920.0,1920.0,2400.0,2425.0,1940.0,1980.0,2425.0,0.875,0.877,1.094,1.094,0.995,1.008,1.319,1.319,15.534,5259.0,11736.0,24.72,75.0,40.45
2026-07-08 06:48:10,57.0,64.000              ,565.867,200.0,1067.0,0.0,57.0,57.000              ,57.0,57.0,57.0,57.0,57.0,57.0,57.0,69.324,24.39,43.698,45.946,60.604,27.369,54.438,40.367,45.767,2120.0,2120.0,2120.0,2120.0,2120.0,2120.0,2650.0,2650.0,2650.0,1.104,1.102,1.056,1.058,1.058,1.052,1.215,1.215,15.559,5274.0,11755.0,24.461,76.0,40.88
2026-07-08 06:48:11,57.0,62.000              ,565.867,200.0,1200.0,0.0,57.0,57.000              ,57.0,57.0,57.0,57.0,57.0,57.0,57.0,56.321,33.187,56.207,47.686,64.377,35.213,61.683,39.775,49.306,2080.0,2080.0,2080.0,2080.0,2080.0,2080.0,2600.0,2600.0,2600.0,0.968,0.968,1.095,1.093,1.1,1.11,1.244,1.244,15.545,5281.0,11776.0,22.594,77.0,44.26
2026-07-08 06:48:12,56.0,61.000              ,565.867,200.0,1200.0,0.0,56.875,56.875              ,56.875,56.875,56.875,56.875,56.875,56.875,56.875,47.403,36.502,59.067,46.884,51.831,52.223,61.341,36.316,48.946,2060.0,2060.0,2060.0,2060.0,2080.0,2060.0,2575.0,2575.0,2575.0,0.955,0.956,1.123,1.123,1.174,1.161,1.18,1.18,15.547,5323.0,11793.0,24.103,78.0,41.49
2026-07-08 06:48:13,56.0,61.000              ,565.867,200.0,1200.0,0.0,56.875,56.875              ,56.875,56.875,56.875,56.875,56.875,56.875,56.875,56.719,30.943,45.962,47.271,56.731,46.448,50.438,52.865,48.422,2080.0,2080.0,2080.0,2080.0,2080.0,2080.0,2600.0,2575.0,2600.0,0.946,0.945,0.997,0.997,1.105,1.114,1.237,1.237,15.523,5331.0,11803.0,22.829,79.0,43.8
2026-07-08 06:48:14,56.0,63.000              ,565.867,200.0,1200.0,0.0,56.875,56.875              ,56.875,56.875,56.875,56.875,56.875,56.875,56.875,61.813,31.947,41.631,48.109,54.02,55.275,63.628,37.332,49.219,2040.0,2040.0,2040.0,2040.0,2040.0,2020.0,2525.0,2525.0,2525.0,0.998,0.998,0.944,0.944,1.098,1.098,1.161,1.161,15.484,5336.0,11824.0,17.551,80.0,56.98
2026-07-08 06:48:15,56.0,65.000              ,565.867,200.0,1200.0,0.0,56.875,56.875              ,56.875,56.875,56.875,56.875,56.875,56.875,56.875,60.714,29.606,50.468,53.328,49.241,46.474,55.807,33.9,47.442,2080.0,2080.0,2600.0,2575.0,2575.0,2575.0,2060.0,2060.0,2600.0,0.977,0.977,1.067,1.057,1.043,1.046,1.119,1.119,15.434,5341.0,11837.0,17.697,81.0,56.51
2026-07-08 06:48:16,56.0,65.000              ,565.867,200.0,1200.0,0.0,56.75,56.750              ,56.75,56.75,56.75,56.75,56.75,56.75,56.75,54.985,25.978,55.727,52.256,51.872,45.748,65.06,45.952,49.697,2000.0,2000.0,2000.0,2000.0,2500.0,2500.0,2000.0,2000.0,2500.0,0.875,0.875,1.063,1.074,0.963,0.961,1.28,1.263,15.333,5373.0,11857.0,17.524,82.0,57.06
2026-07-08 06:48:17,56.0,64.000              ,565.867,200.0,933.0,0.0,56.75,56.750              ,56.75,56.75,56.75,56.75,56.75,56.75,56.75,51.359,31.58,57.002,48.727,54.147,48.579,61.295,29.169,47.732,2000.0,2000.0,2500.0,2500.0,2000.0,2000.0,2000.0,2500.0,2500.0,0.96,0.96,1.232,1.235,1.193,1.185,1.167,1.182,15.202,5371.0,11863.0,17.757,83.0,56.32
2026-07-08 06:48:18,56.0,63.000              ,565.617,200.0,1200.0,0.0,56.75,56.750              ,56.75,56.75,56.75,56.75,56.75,56.75,56.75,57.837,30.651,46.886,54.912,72.079,23.954,73.944,25.935,48.275,2280.0,2280.0,2850.0,2850.0,2240.0,2240.0,2240.0,2240.0,2850.0,1.014,1.014,1.194,1.191,1.162,1.16,1.277,1.277,15.616,5511.0,11993.0,22.73,84.0,43.99
2026-07-08 06:48:19,56.0,62.000              ,565.617,200.0,1200.0,0.0,56.75,56.750              ,56.75,56.75,56.75,56.75,56.75,56.75,56.75,60.273,35.723,69.461,52.806,76.228,46.699,74.955,28.138,55.535,2020.0,2000.0,2500.0,2500.0,2000.0,2000.0,2500.0,2500.0,2500.0,0.941,0.941,1.159,1.159,1.159,1.168,1.104,1.104,15.638,5465.0,12071.0,24.231,85.0,41.27
2026-07-08 06:48:20,56.0,61.000              ,565.617,200.0,1200.0,0.0,56.5,56.500              ,56.5,56.5,56.5,56.5,56.5,56.5,56.5,72.475,52.861,74.374,64.812,76.062,59.695,70.951,42.502,64.216,1860.0,1860.0,1860.0,1860.0,2325.0,2325.0,1860.0,1860.0,2325.0,0.971,0.974,1.107,1.107,1.161,1.161,0.928,0.928,15.155,5459.0,12108.0,18.394,86.0,54.37
2026-07-08 06:48:21,57.0,59.000              ,565.617,200.0,933.0,0.0,57.0,57.000              ,57.0,57.0,57.0,57.0,57.0,57.0,57.0,48.945,34.898,45.037,50.536,55.739,56.557,56.187,44.76,49.082,2120.0,2120.0,2120.0,2120.0,2650.0,2625.0,2120.0,2120.0,2650.0,1.157,1.155,1.459,1.462,1.539,1.539,1.596,1.596,14.984,5460.0,12119.0,17.816,87.0,56.13
2026-07-08 06:48:22,57.0,61.000              ,565.617,200.0,933.0,0.0,57.0,57.000              ,57.0,57.0,57.0,57.0,57.0,57.0,57.0,41.934,36.34,46.629,33.957,50.564,16.13,39.367,43.778,38.587,2340.0,2925.0,2925.0,2925.0,2340.0,2340.0,2360.0,2360.0,2925.0,1.397,1.397,1.517,1.514,1.285,1.285,1.593,1.593,15.133,5501.0,12169.0,24.83,88.0,40.27
2026-07-08 06:48:23,56.0,62.000              ,565.617,200.0,1067.0,0.0,56.875,56.875              ,56.875,56.875,56.875,56.875,56.875,56.875,56.875,51.241,29.885,50.303,37.128,51.973,34.053,75.873,25.389,44.481,2800.0,2800.0,2240.0,2220.0,2800.0,2800.0,2240.0,2240.0,2800.0,1.094,1.094,1.295,1.297,1.324,1.324,1.611,1.611,15.549,5563.0,12226.0,17.636,89.0,56.7
2026-07-08 06:48:24,56.0,62.000              ,565.617,200.0,1067.0,0.0,56.75,56.750              ,56.75,56.75,56.75,56.75,56.75,56.75,56.75,52.192,46.533,58.39,41.224,47.176,62.983,58.444,55.537,52.81,2160.0,2140.0,2160.0,2160.0,2160.0,2160.0,2700.0,2700.0,2700.0,1.147,1.147,1.166,1.164,1.232,1.232,1.363,1.363,15.396,5464.0,12272.0,22.503,90.0,44.44
2026-07-08 06:48:25,56.0,61.000              ,565.617,200.0,1067.0,0.0,56.625,56.625              ,56.625,56.625,56.625,56.625,56.625,56.625,56.625,70.899,66.013,73.732,74.834,75.639,60.127,71.792,85.759,72.349,1820.0,1820.0,1820.0,1820.0,1820.0,1820.0,2275.0,2250.0,2275.0,0.99,0.99,1.1,1.101,1.015,1.015,1.33,1.33,15.396,5394.0,12312.0,17.678,91.0,56.57
2026-07-08 06:48:26,56.0,58.000              ,565.617,200.0,1200.0,0.0,56.625,56.625              ,56.625,56.625,56.625,56.625,56.625,56.625,56.625,73.97,63.984,79.967,79.743,70.613,63.527,68.357,80.611,72.596,1880.0,1880.0,1880.0,1880.0,1880.0,1880.0,2350.0,2325.0,2350.0,1.011,1.011,1.266,1.269,1.045,1.045,1.28,1.28,15.321,5412.0,12349.0,17.625,92.0,56.74
2026-07-08 06:48:27,56.0,58.000              ,565.617,200.0,1200.0,0.0,56.625,56.625              ,56.625,56.625,56.625,56.625,56.625,56.625,56.625,78.412,70.369,79.376,79.659,78.272,65.162,73.147,82.852,75.906,1820.0,1820.0,1820.0,2275.0,1820.0,1800.0,2250.0,2250.0,2275.0,1.039,1.039,1.182,1.181,1.032,1.032,1.304,1.304,15.207,5362.0,12388.0,25.812,93.0,38.74
2026-07-08 06:48:28,56.0,59.000              ,565.617,200.0,1067.0,0.0,56.375,56.375              ,56.375,56.375,56.375,56.375,56.375,56.375,56.375,59.981,55.97,63.356,57.512,81.002,55.952,64.734,75.583,64.261,2225.0,2225.0,1780.0,1780.0,2225.0,2225.0,1780.0,1780.0,2225.0,1.04,1.042,1.022,1.021,1.126,1.126,1.204,1.204,15.071,5067.0,12423.0,18.277,94.0,54.71
2026-07-08 06:48:29,56.0,59.000              ,565.617,200.0,1067.0,0.0,56.375,56.375              ,56.375,56.375,56.375,56.375,56.375,56.375,56.375,50.803,42.574,48.421,39.36,52.638,53.739,61.589,49.273,49.8,2475.0,2500.0,2040.0,2040.0,2550.0,2550.0,2060.0,2060.0,2550.0,1.17,1.168,1.011,1.005,1.273,1.273,1.459,1.459,15.208,5149.0,12491.0,24.873,95.0,40.2
2026-07-08 06:48:30,56.0,62.000              ,565.617,200.0,1067.0,0.0,56.25,56.250              ,56.25,56.25,56.25,56.25,56.25,56.25,56.25,43.503,36.413,49.657,43.031,52.771,58.705,53.978,59.604,49.708,2000.0,2000.0,2000.0,2000.0,2000.0,2500.0,2500.0,2500.0,2500.0,0.886,0.886,1.02,1.024,1.144,1.147,1.381,1.381,15.116,5227.0,12573.0,17.776,96.0,56.26
2026-07-08 06:48:31,56.0,64.000              ,565.617,200.0,1067.0,0.0,56.25,56.250              ,56.25,56.25,56.25,56.25,56.25,56.25,56.25,48.92,47.143,59.08,48.796,48.617,49.724,42.58,58.058,50.365,1940.0,1940.0,2425.0,2425.0,1940.0,1940.0,2425.0,2425.0,2425.0,1.145,1.145,1.233,1.233,1.065,1.063,1.182,1.182,15.168,5297.0,12651.0,17.759,97.0,56.31
2026-07-08 06:48:32,56.0,64.000              ,565.617,200.0,1200.0,0.0,56.25,56.250              ,56.25,56.25,56.25,56.25,56.25,56.25,56.25,60.76,38.309,68.287,54.068,62.188,49.538,50.669,56.838,55.082,2020.0,2020.0,2020.0,2020.0,2020.0,2040.0,2550.0,2575.0,2575.0,0.911,0.911,1.14,1.142,1.029,1.023,1.132,1.137,15.252,5153.0,12717.0,18.979,98.0,52.69
2026-07-08 06:48:33,56.0,63.000              ,565.617,200.0,1200.0,0.0,56.25,56.250              ,56.25,56.25,56.25,56.25,56.25,56.25,56.25,47.946,33.474,38.159,58.903,50.756,38.565,47.452,59.488,46.843,1940.0,1940.0,2425.0,2425.0,1940.0,1940.0,1940.0,1960.0,2425.0,0.926,0.929,1.049,1.046,1.029,1.038,1.273,1.268,15.104,5193.0,12759.0,26.236,99.0,38.12
2026-07-08 06:48:34,56.0,61.000              ,565.617,200.0,1200.0,0.0,56.375,56.375              ,56.375,56.375,56.375,56.375,56.375,56.375,56.375,40.136,26.021,34.062,31.52,50.973,20.294,49.352,38.137,36.312,2040.0,2040.0,2040.0,2040.0,2550.0,2550.0,2040.0,2600.0,2600.0,1.096,1.094,1.055,1.062,1.177,1.174,1.468,1.468,14.804,5206.0,12777.0,18.304,100.0,54.63
2026-07-08 06:48:35,56.0,57.000              ,565.617,200.0,933.0,0.0,56.125,56.125              ,56.125,56.125,56.125,56.125,56.125,56.125,56.125,33.285,20.729,36.147,26.896,60.804,8.921,43.453,18.827,31.133,2300.0,2300.0,2320.0,2320.0,2900.0,2900.0,2320.0,2320.0,2900.0,1.026,1.03,1.178,1.172,1.347,1.347,1.175,1.175,14.877,5209.0,12771.0,17.89,101.0,55.9
2026-07-08 06:48:36,55.0,57.000              ,566.617,200.0,1067.0,0.0,55.625,55.625              ,55.625,55.625,55.625,55.625,55.625,55.625,55.625,27.012,19.868,30.937,24.351,42.203,7.428,35.497,6.973,24.283,2266.667,2266.667,2266.667,2266.667,3375.0,3375.0,2250.0,2250.0,3375.0,1.154,1.151,1.388,1.388,1.234,1.234,1.068,1.068,13.961,5223.0,12780.0,67.645,102.0,14.78
2026-07-08 06:48:37,56.0,63.000              ,565.492,200.0,933.0,0.0,56.875,56.875              ,56.875,56.875,56.875,56.875,56.875,56.875,56.875,10.469,5.64,34.298,51.917,41.375,5.299,24.32,4.354,22.209,2333.333,2333.333,3500.0,3500.0,2333.333,2333.333,2333.333,2333.333,3500.0,0.811,0.811,2.967,3.007,1.698,1.698,0.997,0.997,14.809,5147.0,12647.0,22.036,103.0,45.38
2026-07-08 06:48:38,58.0,34.000              ,565.492,200.0,933.0,0.0,58.0,58.000              ,58.0,58.0,58.0,58.0,58.0,58.0,58.0,6.882,3.238,15.235,55.299,43.31,2.765,30.486,2.905,20.015,2333.333,2333.333,3500.0,3500.0,2333.333,2333.333,2333.333,2333.333,3500.0,0.651,0.651,3.474,3.453,2.06,2.067,1.483,1.483,14.626,5170.0,12672.0,0.0,104.0,
2026-07-08 06:48:39,58.0,0.000               ,566.488,200.0,933.0,0.0,58.875,58.875              ,58.875,58.875,58.875,58.875,58.875,58.875,58.875,9.948,4.679,15.169,79.72,25.564,2.669,25.362,3.347,20.807,2333.333,2333.333,3500.0,3500.0,2333.333,2333.333,2333.333,2333.333,3500.0,0.793,0.793,4.414,4.41,1.123,1.115,1.265,1.265,14.802,5152.0,12647.0,2294.871,105.0,0.44
2026-07-08 06:48:40,59.0,0.000               ,566.488,200.0,933.0,0.0,59.5,59.500              ,59.5,59.5,59.5,59.5,59.5,59.5,59.5,11.12,3.012,12.665,60.949,41.264,3.476,19.03,1.544,19.133,2333.333,2333.333,3500.0,3500.0,2333.333,2333.333,2333.333,2333.333,3500.0,0.93,0.93,3.745,3.759,2.078,2.078,0.94,0.94,14.67,5182.0,12670.0,0.0,106.0,
2026-07-08 06:48:41,60.0,0.000               ,566.488,200.0,933.0,0.0,60.5,60.500              ,60.5,60.5,60.5,60.5,60.5,60.5,60.5,3.707,3.715,5.075,96.079,20.561,2.446,20.769,0.806,19.145,2333.333,2333.333,3500.0,3500.0,2333.333,2333.333,2333.333,2333.333,3500.0,0.695,0.695,5.143,5.112,1.083,1.083,0.924,0.924,15.249,5237.0,12729.0,0.0,107.0,
2026-07-08 06:48:42,59.0,0.000               ,561.18,200.0,933.0,0.0,59.625,59.625              ,59.625,59.625,59.625,59.625,59.625,59.625,59.625,8.773,4.148,7.977,74.823,31.941,2.813,21.366,3.414,19.407,2333.333,2333.333,3500.0,3500.0,2333.333,2333.333,2333.333,2333.333,3500.0,0.726,0.726,3.509,3.5,1.228,1.228,1.008,1.007,14.351,5308.0,12744.0,3131.998,108.0,0.32
2026-07-08 06:48:43,59.0,0.000               ,561.18,200.0,933.0,0.0,59.375,59.375              ,59.375,59.375,59.375,59.375,59.375,59.375,59.375,8.992,5.107,13.641,79.141,30.35,2.812,19.254,4.517,20.477,2333.333,2333.333,3500.0,3500.0,2333.333,2333.333,2333.333,2333.333,3500.0,0.752,0.752,3.371,3.371,1.132,1.132,0.959,0.959,13.99,5326.0,12793.0,0.0,109.0,
2026-07-08 06:48:44,58.0,0.000               ,561.18,200.0,933.0,0.0,58.625,58.625              ,58.625,58.625,58.625,58.625,58.625,58.625,58.625,7.65,2.308,12.122,63.147,37.914,0.382,18.952,0.986,17.932,2333.333,2333.333,3500.0,3500.0,2333.333,2333.333,2333.333,2333.333,3500.0,0.735,0.735,2.736,2.736,1.43,1.43,0.899,0.899,13.315,5353.0,12831.0,0.0,110.0,
2026-07-08 06:48:45,58.0,0.000               ,561.18,200.0,1200.0,0.0,58.5,58.500              ,58.5,58.5,58.5,58.5,58.5,58.5,58.5,28.293,31.459,46.92,61.05,50.217,20.382,53.348,17.901,38.696,2333.333,2333.333,3500.0,3500.0,2333.333,2333.333,2333.333,2333.333,3500.0,1.505,1.508,2.928,2.931,1.859,1.859,1.877,1.877,17.232,5260.0,12868.0,0.0,111.0,
2026-07-08 06:48:46,57.0,0.000               ,561.18,200.0,933.0,0.0,57.875,57.875              ,57.875,57.875,57.875,57.875,57.875,57.875,57.875,13.451,17.028,17.621,70.138,38.924,5.534,27.311,7.394,24.675,2380.0,2380.0,2975.0,2975.0,2340.0,2340.0,2340.0,2340.0,2975.0,0.853,0.85,2.623,2.626,1.126,1.126,0.937,0.937,13.449,5217.0,12919.0,0.0,112.0,
2026-07-08 06:48:47,58.0,0.000               ,561.18,200.0,933.0,0.0,58.375,58.375              ,58.375,58.375,58.375,58.375,58.375,58.375,58.375,11.175,4.685,13.367,74.354,29.485,4.974,30.473,4.016,21.566,2333.333,2333.333,3500.0,3500.0,2333.333,2333.333,2333.333,2333.333,3500.0,0.748,0.748,3.092,3.086,1.168,1.168,1.191,1.191,13.76,5243.0,12971.0,0.0,113.0,
2026-07-08 06:48:48,58.0,0.000               ,561.18,200.0,933.0,0.0,58.25,58.250              ,58.25,58.25,58.25,58.25,58.25,58.25,58.25,6.174,4.045,16.221,51.877,41.194,1.515,30.428,1.715,19.146,2333.333,2333.333,2333.333,2333.333,3500.0,3500.0,2333.333,2333.333,3500.0,0.7,0.701,2.377,2.4,1.48,1.48,1.153,1.153,13.161,5300.0,13027.0,0.0,114.0,
2026-07-08 06:48:49,58.0,0.000               ,561.18,200.0,933.0,0.0,58.25,58.250              ,58.25,58.25,58.25,58.25,58.25,58.25,58.25,13.879,8.388,17.466,62.341,35.6,7.29,30.557,5.072,22.574,2333.333,2333.333,3500.0,3500.0,2333.333,2333.333,2333.333,2333.333,3500.0,0.826,0.825,2.707,2.688,1.463,1.463,1.195,1.195,13.885,5364.0,13094.0,0.0,115.0,
2026-07-08 06:48:50,58.0,0.000               ,561.18,200.0,1200.0,0.0,58.375,58.375              ,58.375,58.375,58.375,58.375,58.375,58.375,58.375,25.606,29.189,28.281,73.954,44.814,15.452,41.594,31.724,36.327,2800.0,2800.0,3500.0,3500.0,2333.333,2333.333,2333.333,2333.333,3500.0,1.525,1.525,3.117,3.122,1.628,1.628,2.028,2.028,17.18,5261.0,13147.0,0.0,116.0,
2026-07-08 06:48:51,58.0,0.000               ,561.18,200.0,933.0,0.0,58.375,58.375              ,58.375,58.375,58.375,58.375,58.375,58.375,58.375,11.822,11.817,11.814,85.24,31.662,6.589,27.603,5.717,24.033,2400.0,2400.0,3000.0,3000.0,2400.0,2400.0,2400.0,2400.0,3000.0,0.736,0.736,3.109,3.127,1.051,1.051,0.978,0.978,13.656,5275.0,13200.0,0.0,117.0,
2026-07-08 06:48:52,58.0,0.000               ,561.18,200.0,933.0,0.0,58.375,58.375              ,58.375,58.375,58.375,58.375,58.375,58.375,58.375,9.4,4.664,14.502,72.359,33.659,2.992,25.382,2.061,20.627,2333.333,2333.333,3500.0,3500.0,2333.333,2333.333,2333.333,2333.333,3500.0,0.788,0.788,3.093,3.082,1.334,1.334,1.021,1.024,13.834,5338.0,13260.0,0.0,118.0,
2026-07-08 06:48:53,58.0,0.000               ,561.18,200.0,933.0,0.0,58.25,58.250              ,58.25,58.25,58.25,58.25,58.25,58.25,58.25,26.581,35.709,39.498,70.097,63.287,18.378,43.651,18.707,39.488,2333.333,2333.333,3500.0,3500.0,2333.333,2333.333,2333.333,2333.333,3500.0,1.469,1.469,2.82,2.786,2.015,2.015,1.576,1.573,16.834,5241.0,13321.0,0.0,119.0,
2026-07-08 06:48:54,58.0,0.000               ,561.18,200.0,933.0,0.0,58.125,58.125              ,58.125,58.125,58.125,58.125,58.125,58.125,58.125,9.668,5.637,19.335,57.868,36.481,5.154,34.285,3.315,21.468,2640.0,2640.0,3300.0,3300.0,2640.0,2640.0,2700.0,2700.0,3300.0,0.692,0.692,2.556,2.574,1.319,1.319,1.232,1.232,13.312,5296.0,13381.0,0.0,120.0,
2026-07-08 06:48:55,58.0,0.000               ,561.18,200.0,933.0,0.0,58.5,58.500              ,58.5,58.5,58.5,58.5,58.5,58.5,58.5,4.5,19.588,10.127,75.986,30.761,11.637,21.788,1.715,22.013,2333.333,2333.333,3500.0,3500.0,2333.333,2333.333,2333.333,2333.333,3500.0,1.014,1.014,3.124,3.16,1.428,1.428,0.961,0.961,14.627,5205.0,13435.0,0.0,121.0,
2026-07-08 06:48:56,58.0,0.000               ,561.18,200.0,933.0,0.0,58.375,58.375              ,58.375,58.375,58.375,58.375,58.375,58.375,58.375,8.043,6.24,15.476,64.578,40.592,3.633,27.351,6.461,21.547,2233.333,2233.333,2233.333,3500.0,2333.333,2333.333,2333.333,2333.333,3500.0,0.729,0.729,2.791,2.749,1.488,1.49,1.198,1.198,13.646,5261.0,13496.0,0.0,122.0,
2026-07-08 06:48:57,58.0,0.000               ,561.18,200.0,933.0,0.0,58.25,58.250              ,58.25,58.25,58.25,58.25,58.25,58.25,58.25,10.946,8.681,19.765,65.957,39.753,3.914,22.442,4.169,21.953,2333.333,2333.333,3500.0,3500.0,2333.333,2333.333,2333.333,2333.333,3500.0,0.836,0.836,2.923,2.923,1.409,1.411,0.947,0.952,13.883,5341.0,13555.0,0.0,123.0,
2026-07-08 06:48:58,57.0,0.000               ,561.18,200.0,933.0,0.0,57.75,57.750              ,57.75,57.75,57.75,57.75,57.75,57.75,57.75,8.936,4.03,17.101,33.242,57.385,3.319,33.658,1.61,19.91,2316.667,2316.667,3475.0,3475.0,2333.333,2333.333,2333.333,2333.333,3475.0,0.729,0.733,1.735,1.751,2.178,2.179,1.28,1.276,13.484,5370.0,13586.0,15504.205,124.0,0.06
2026-07-08 06:48:59,57.0,0.000               ,561.18,200.0,933.0,0.0,57.75,57.750              ,57.75,57.75,57.75,57.75,57.75,57.75,57.75,12.49,27.239,19.582,30.786,64.374,6.663,26.873,4.765,24.097,2333.333,2333.333,2333.333,2316.667,3475.0,3475.0,2316.667,2316.667,3475.0,1.478,1.474,1.636,1.62,2.355,2.351,1.079,1.079,14.761,5406.0,13631.0,0.0,125.0,
2026-07-08 06:49:00,57.0,0.000               ,561.18,200.0,1200.0,0.0,57.625,57.625              ,57.625,57.625,57.625,57.625,57.625,57.625,57.625,39.284,22.716,63.655,61.655,78.424,21.774,49.535,17.221,44.283,2333.333,2333.333,2800.0,2800.0,3500.0,3500.0,2333.333,2333.333,3500.0,1.482,1.482,2.937,2.947,2.495,2.495,1.619,1.619,17.617,5427.0,13684.0,0.0,126.0,
2026-07-08 06:49:01,57.0,0.000               ,561.18,200.0,933.0,0.0,57.125,57.125              ,57.125,57.125,57.125,57.125,57.125,57.125,57.125,48.191,38.665,55.934,57.499,63.924,29.909,59.64,25.053,47.352,2200.0,2200.0,2750.0,2750.0,2200.0,2200.0,2200.0,2200.0,2750.0,1.391,1.391,1.814,1.805,1.649,1.649,1.442,1.442,14.917,5348.0,13721.0,0.0,127.0,
2026-07-08 06:49:02,56.0,0.000               ,561.18,200.0,933.0,0.0,56.875,56.875              ,56.875,56.875,56.875,56.875,56.875,56.875,56.875,12.587,4.863,29.536,25.713,60.681,4.524,29.137,5.185,21.529,3000.0,3000.0,2400.0,2400.0,2400.0,2400.0,2400.0,2400.0,3000.0,0.736,0.736,1.682,1.682,2.104,2.104,1.146,1.146,13.398,5380.0,13764.0,0.0,128.0,
2026-07-08 06:49:03,57.0,0.000               ,561.18,200.0,933.0,0.0,57.0,57.000              ,57.0,57.0,57.0,57.0,57.0,57.0,57.0,15.369,3.63,31.994,10.502,59.388,3.937,42.069,3.759,21.331,2333.333,2333.333,2333.333,2333.333,3500.0,3500.0,2333.333,2333.333,3500.0,0.775,0.775,1.312,1.317,2.091,2.091,1.494,1.494,13.22,5424.0,13814.0,0.0,129.0,
2026-07-08 06:49:04,57.0,0.000               ,561.18,200.0,933.0,0.0,57.25,57.250              ,57.25,57.25,57.25,57.25,57.25,57.25,57.25,18.13,4.566,22.851,33.207,49.665,13.147,35.18,2.356,22.388,2333.333,2333.333,2333.333,2333.333,3500.0,3500.0,2333.333,2333.333,3500.0,0.938,0.986,1.894,1.889,2.2,2.2,1.304,1.304,14.192,5468.0,13866.0,0.0,130.0,
2026-07-08 06:49:05,57.0,0.000               ,561.18,200.0,1200.0,0.0,57.625,57.625              ,57.625,57.625,57.625,57.625,57.625,57.625,57.625,33.465,20.263,28.924,25.858,62.676,12.944,60.091,9.239,31.682,2266.667,2266.667,2266.667,2266.667,3400.0,3400.0,2620.0,2620.0,3400.0,1.582,1.551,1.591,1.591,2.352,2.356,2.223,2.223,16.77,5480.0,13919.0,7679.708,131.0,0.13
2026-07-08 06:49:06,57.0,0.000               ,561.18,200.0,1200.0,0.0,57.25,57.250              ,57.25,57.25,57.25,57.25,57.25,57.25,57.25,38.951,31.97,40.333,68.226,62.057,33.699,47.619,18.334,42.649,2600.0,2600.0,3250.0,3250.0,2560.0,2560.0,2560.0,2560.0,3250.0,1.346,1.35,2.241,2.241,1.96,1.956,1.35,1.351,16.276,5315.0,13993.0,0.0,132.0,
2026-07-08 06:49:07,57.0,0.000               ,561.18,200.0,933.0,0.0,57.625,57.625              ,57.625,57.625,57.625,57.625,57.625,57.625,57.625,10.193,9.824,12.844,69.488,31.828,3.785,24.682,3.332,20.747,2316.667,2316.667,3475.0,3475.0,2316.667,2316.667,1985.714,1985.714,3475.0,0.844,0.846,2.96,2.97,1.2,1.2,1.02,1.018,13.622,5312.0,14051.0,0.0,133.0,
2026-07-08 06:49:08,67.0,0.000               ,561.18,200.0,933.0,0.0,67.75,67.750              ,67.75,67.75,67.75,67.75,67.75,67.75,67.75,31.799,5.609,24.095,68.231,27.125,4.357,15.197,4.289,22.588,2333.333,2333.333,2333.333,2333.333,3500.0,3500.0,2333.333,2333.333,3500.0,1.673,1.667,3.576,3.614,1.203,1.203,0.872,0.873,15.752,5333.0,14063.0,0.0,134.0,
2026-07-08 06:49:09,66.0,0.000               ,561.18,200.0,933.0,0.0,66.125,66.125              ,66.125,66.125,66.125,66.125,66.125,66.125,66.125,4.712,14.366,8.292,81.335,17.596,2.337,21.988,2.756,19.173,3500.0,3500.0,2333.333,2333.333,2333.333,2333.333,2333.333,2333.333,3500.0,0.985,0.985,3.843,3.796,0.802,0.802,1.167,1.166,14.964,5341.0,14063.0,0.0,135.0,
2026-07-08 06:49:10,64.0,0.000               ,561.18,200.0,933.0,0.0,64.5,64.500              ,64.5,64.5,64.5,64.5,64.5,64.5,64.5,10.887,2.999,17.611,47.69,49.989,1.739,26.381,2.519,19.977,2333.333,2333.333,2333.333,2333.333,2333.333,2333.333,3500.0,3500.0,3500.0,0.844,0.844,2.669,2.669,2.273,2.273,1.155,1.155,15.324,5345.0,14062.0,0.0,136.0,
2026-07-08 06:49:11,64.0,0.000               ,561.18,200.0,933.0,0.0,64.0,64.000              ,64.0,64.0,64.0,64.0,64.0,64.0,64.0,16.077,3.437,17.546,71.881,19.077,2.428,30.91,3.541,20.612,2333.333,2333.333,3500.0,3500.0,2333.333,2333.333,2333.333,2333.333,3500.0,1.008,1.008,3.645,3.645,0.843,0.843,1.49,1.49,15.643,5353.0,14062.0,0.0,137.0,
2026-07-08 06:49:12,63.0,0.000               ,620.914,200.0,933.0,0.0,63.75,63.750              ,63.75,63.75,63.75,63.75,63.75,63.75,63.75,10.651,4.645,53.192,17.49,16.665,4.689,15.425,44.803,20.945,2333.333,2333.333,3500.0,3500.0,2333.333,2333.333,2333.333,2333.333,3500.0,0.741,0.741,2.908,2.908,0.854,0.854,2.395,2.395,15.42,5395.0,14159.0,0.0,138.0,
2026-07-08 06:49:13,63.0,0.000               ,620.914,200.0,933.0,0.0,63.625,63.625              ,63.625,63.625,63.625,63.625,63.625,63.625,63.625,10.427,4.193,28.775,49.339,17.971,3.667,62.689,4.095,22.644,2333.333,2333.333,2333.333,2333.333,2333.333,2333.333,3500.0,3500.0,3500.0,0.707,0.707,2.942,2.979,0.907,0.907,2.627,2.627,15.436,5402.0,14158.0,0.0,139.0,
2026-07-08 06:49:14,63.0,0.000               ,620.914,200.0,933.0,0.0,63.75,63.750              ,63.75,63.75,63.75,63.75,63.75,63.75,63.75,6.914,22.28,15.249,76.908,21.111,4.804,14.693,3.027,20.623,2333.333,2333.333,3500.0,3500.0,2333.333,2333.333,2333.333,2333.333,3500.0,1.373,1.399,3.812,3.815,0.945,0.945,0.907,0.907,15.735,5420.0,14158.0,0.0,140.0,
2026-07-08 06:49:15,63.0,0.000               ,620.914,200.0,933.0,0.0,63.75,63.750              ,63.75,63.75,63.75,63.75,63.75,63.75,63.75,7.485,4.258,12.367,61.476,12.68,36.637,19.198,1.948,19.506,2333.333,2333.333,3500.0,3500.0,2333.333,2333.333,2333.333,2333.333,3500.0,0.695,0.657,3.157,3.122,2.154,2.162,0.851,0.851,15.521,5420.0,14158.0,0.0,141.0,
2026-07-08 06:49:16,63.0,0.000               ,624.422,200.0,933.0,0.0,63.5,63.500              ,63.5,63.5,63.5,63.5,63.5,63.5,63.5,3.917,1.154,9.257,73.71,23.315,2.774,36.54,1.803,19.059,1555.556,1555.556,3500.0,3500.0,2333.333,2333.333,2333.333,2333.333,3500.0,0.076,0.076,3.592,3.595,0.95,0.944,1.615,1.615,14.493,5423.0,14169.0,0.0,142.0,
2026-07-08 06:49:17,63.0,0.000               ,624.422,200.0,933.0,0.0,63.25,63.250              ,63.25,63.25,63.25,63.25,63.25,63.25,63.25,9.48,2.312,17.245,48.768,30.812,1.383,8.398,35.39,19.224,1555.556,2333.333,3500.0,3500.0,2760.0,2800.0,2333.333,2333.333,3500.0,0.737,0.737,2.675,2.642,1.385,1.384,1.938,1.964,15.283,5424.0,14168.0,0.0,143.0,
2026-07-08 06:49:18,63.0,0.000               ,624.422,200.0,933.0,0.0,63.75,63.750              ,63.75,63.75,63.75,63.75,63.75,63.75,63.75,4.265,2.159,40.01,65.212,20.085,3.998,15.952,3.218,19.362,2333.333,2333.333,3500.0,3500.0,2333.333,2333.333,2333.333,2333.333,3500.0,0.126,0.126,4.583,4.583,1.04,1.04,0.885,0.861,15.045,5421.0,14168.0,0.0,144.0,
2026-07-08 06:49:19,63.0,0.000               ,624.422,200.0,933.0,0.0,63.5,63.500              ,63.5,63.5,63.5,63.5,63.5,63.5,63.5,5.233,36.274,21.611,26.314,55.253,2.766,11.752,4.268,20.434,2333.333,2333.333,3500.0,3500.0,2333.333,2333.333,2333.333,2333.333,3500.0,1.878,1.878,1.799,1.799,2.461,2.515,0.785,0.784,15.577,5430.0,14167.0,0.0,145.0,
2026-07-08 06:49:20,63.0,0.000               ,624.422,200.0,933.0,0.0,63.75,63.750              ,63.75,63.75,63.75,63.75,63.75,63.75,63.75,7.172,5.208,7.721,96.02,19.096,7.693,14.87,3.56,20.167,2316.667,2316.667,2780.0,2780.0,2316.667,2316.667,3475.0,3475.0,3475.0,0.657,0.657,4.465,4.471,1.031,0.931,0.842,0.842,15.535,5430.0,14167.0,0.0,146.0,
2026-07-08 06:49:21,62.0,0.000               ,634.531,200.0,933.0,0.0,62.25,62.250              ,62.25,62.25,62.25,62.25,62.25,62.25,62.25,3.217,90.582,25.526,7.985,14.534,0.597,5.413,2.736,18.824,3475.0,3475.0,2316.667,2316.667,2316.667,2316.667,2316.667,2316.667,3475.0,4.01,4.005,1.264,1.208,0.749,0.749,0.677,0.683,14.412,5441.0,14177.0,15313.348,147.0,0.07
2026-07-08 06:49:22,61.0,0.000               ,634.531,200.0,933.0,0.0,61.75,61.750              ,61.75,61.75,61.75,61.75,61.75,61.75,61.75,2.647,92.284,27.604,11.267,14.8,4.266,12.093,3.134,21.012,3500.0,3500.0,2333.333,2333.333,2333.333,2333.333,2333.333,2333.333,3500.0,4.18,4.185,1.292,1.292,0.853,0.853,0.654,0.65,14.328,5443.0,14180.0,0.0,148.0,
2026-07-08 06:49:23,61.0,0.000               ,634.531,200.0,933.0,0.0,61.625,61.625              ,61.625,61.625,61.625,61.625,61.625,61.625,61.625,1.944,96.968,20.177,4.502,18.023,0.923,5.488,1.341,18.671,3500.0,3500.0,2333.333,2333.333,2333.333,2333.333,2333.333,2333.333,3500.0,4.55,4.572,1.018,1.018,0.781,0.782,0.597,0.595,14.426,5442.0,14179.0,0.0,149.0,
2026-07-08 06:49:24,61.0,0.000               ,634.531,200.0,933.0,0.0,61.375,61.375              ,61.375,61.375,61.375,61.375,61.375,61.375,61.375,3.245,94.937,25.667,7.094,13.841,3.495,7.84,3.677,19.974,3500.0,3500.0,2333.333,2333.333,2333.333,2333.333,2333.333,2333.333,3500.0,4.413,4.412,1.156,1.163,0.737,0.736,0.633,0.633,14.368,5442.0,14177.0,0.0,150.0,
2026-07-08 06:49:25,60.0,0.000               ,634.531,200.0,933.0,0.0,60.625,60.625              ,60.625,60.625,60.625,60.625,60.625,60.625,60.625,4.485,42.741,26.991,4.54,11.997,2.386,4.536,55.904,19.198,3500.0,3500.0,2333.333,2333.333,2333.333,2333.333,2333.333,2333.333,3500.0,2.22,2.177,0.961,0.953,0.658,0.659,2.767,2.777,13.858,5440.0,14176.0,0.0,151.0,
2026-07-08 06:49:26,60.0,0.000               ,634.531,200.0,933.0,0.0,60.75,60.750              ,60.75,60.75,60.75,60.75,60.75,60.75,60.75,11.425,88.066,21.318,5.182,13.806,1.09,4.233,2.749,18.484,3500.0,3500.0,2333.333,2333.333,2333.333,2333.333,2333.333,2333.333,3500.0,4.522,4.574,1.083,1.083,0.809,0.808,0.61,0.568,14.562,5446.0,14177.0,0.0,152.0,
2026-07-08 06:49:27,60.0,0.000               ,634.531,200.0,933.0,0.0,60.625,60.625              ,60.625,60.625,60.625,60.625,60.625,60.625,60.625,29.47,48.196,33.418,16.502,16.863,2.578,4.644,2.463,19.267,3500.0,3500.0,2333.333,2333.333,2333.333,2333.333,2333.333,2333.333,3500.0,3.541,3.492,1.938,1.945,0.758,0.758,0.406,0.412,13.764,5446.0,14177.0,0.0,153.0,
2026-07-08 06:49:28,61.0,0.000               ,634.531,200.0,933.0,0.0,61.0,61.000              ,61.0,61.0,61.0,61.0,61.0,61.0,61.0,5.601,65.185,44.409,19.473,25.643,3.788,14.783,7.816,23.337,3500.0,3500.0,2333.333,2333.333,2333.333,2333.333,2333.333,2333.333,3500.0,3.167,3.134,2.478,2.502,1.204,1.211,0.979,0.972,15.735,5491.0,14232.0,0.0,154.0,
2026-07-08 06:49:29,60.0,0.000               ,668.113,200.0,1200.0,0.0,60.125,60.125              ,60.125,60.125,60.125,60.125,60.125,60.125,60.125,46.744,50.328,54.91,58.0,68.148,28.716,62.047,28.747,49.705,2333.333,2333.333,2333.333,2333.333,3500.0,3500.0,2333.333,2333.333,3500.0,1.937,1.94,2.682,2.654,2.021,2.015,1.625,1.625,17.497,5584.0,14421.0,8470.678,155.0,0.12
2026-07-08 06:49:31,58.0,3.000               ,779.496,352.0,1200.0,0.0,58.625,58.625              ,58.625,58.625,58.625,58.625,58.625,58.625,58.625,93.029,88.948,91.908,93.779,89.345,92.538,90.756,89.319,91.203,2475.0,2475.0,2475.0,2475.0,2475.0,2475.0,2475.0,2475.0,2475.0,1.169,1.168,1.16,1.159,1.127,1.123,1.103,1.103,16.246,5458.0,14601.0,539.887,157.0,1.85
2026-07-08 06:49:31,57.0,45.000              ,781.023,200.0,1200.0,0.0,57.0,57.000              ,57.0,57.0,57.0,57.0,57.0,57.0,57.0,67.501,67.801,79.878,75.822,70.783,58.931,76.81,53.192,68.84,1800.0,1800.0,2160.0,2160.0,1800.0,1816.667,1816.667,1816.667,2160.0,0.919,0.917,1.221,1.221,0.881,0.887,0.937,0.937,15.476,5419.0,14606.0,24.538,157.0,40.75
2026-07-08 06:49:32,55.0,76.000              ,779.523,200.0,1200.0,0.0,55.75,55.750              ,55.75,55.75,55.75,55.75,55.75,55.75,55.75,59.555,52.388,72.794,62.758,69.863,39.607,65.653,39.523,57.768,1880.0,1880.0,2350.0,2350.0,1880.0,1880.0,1880.0,1880.0,2350.0,0.939,0.941,1.304,1.307,1.014,1.012,0.94,0.94,15.81,5444.0,14610.0,26.331,158.0,37.98
2026-07-08 06:49:33,55.0,68.000              ,778.023,200.0,1200.0,0.0,55.75,55.750              ,55.75,55.75,55.75,55.75,55.75,55.75,55.75,56.585,48.961,60.38,63.404,61.363,39.531,61.567,34.435,53.278,2325.0,2325.0,2325.0,2325.0,2325.0,2325.0,2325.0,2325.0,2325.0,0.968,0.968,1.188,1.184,0.954,0.954,0.929,0.93,15.647,5384.0,14602.0,27.707,159.0,36.09
2026-07-08 06:49:34,55.0,68.000              ,778.023,469.0,1200.0,0.0,55.5,55.500              ,55.5,55.5,55.5,55.5,55.5,55.5,55.5,40.713,35.297,48.468,53.081,64.466,19.583,51.584,21.644,41.855,1900.0,1900.0,2375.0,2375.0,1900.0,1900.0,1900.0,1900.0,2375.0,0.858,0.856,1.224,1.225,0.961,0.961,0.898,0.897,15.616,5238.0,14597.0,50.214,160.0,19.91
2026-07-08 06:49:35,55.0,69.000              ,784.063,350.0,1200.0,0.0,55.5,55.500              ,55.5,55.5,55.5,55.5,55.5,55.5,55.5,29.983,26.51,36.677,38.224,54.8,11.592,54.635,9.775,32.775,2160.0,2160.0,2700.0,2700.0,2160.0,2160.0,2160.0,2160.0,2700.0,0.857,0.857,1.164,1.167,1.007,1.007,0.981,0.981,15.622,5247.0,14605.0,23.316,161.0,42.89
2026-07-08 06:49:36,55.0,69.000              ,784.582,400.0,1067.0,0.0,55.5,55.500              ,55.5,55.5,55.5,55.5,55.5,55.5,55.5,35.018,29.017,40.926,40.712,58.683,10.513,56.59,11.22,35.335,2300.0,2300.0,2300.0,2300.0,2240.0,2240.0,2240.0,2240.0,2300.0,0.91,0.912,1.167,1.164,1.024,1.027,1.091,1.091,15.862,5252.0,14605.0,23.772,162.0,42.07
2026-07-08 06:49:37,55.0,69.000              ,784.582,476.0,1200.0,0.0,55.5,55.500              ,55.5,55.5,55.5,55.5,55.5,55.5,55.5,33.362,32.442,58.315,40.391,61.704,13.315,46.709,15.367,37.701,2040.0,2040.0,2550.0,2550.0,2550.0,2550.0,2040.0,2040.0,2550.0,0.815,0.815,1.211,1.215,0.997,0.993,0.828,0.828,15.504,5162.0,14608.0,26.838,163.0,37.26
2026-07-08 06:49:38,55.0,71.000              ,784.582,370.0,1200.0,0.0,55.5,55.500              ,55.5,55.5,55.5,55.5,55.5,55.5,55.5,44.787,22.103,39.489,36.082,50.638,12.592,51.764,9.016,33.309,2180.0,2180.0,2725.0,2725.0,2180.0,2180.0,2750.0,2750.0,2750.0,0.975,0.973,1.141,1.141,0.939,0.939,0.954,0.954,15.606,5162.0,14606.0,21.938,164.0,45.58
2026-07-08 06:49:39,55.0,71.000              ,784.566,516.0,1067.0,0.0,55.5,55.500              ,55.5,55.5,55.5,55.5,55.5,55.5,55.5,34.876,30.68,32.739,51.351,42.676,10.139,43.862,14.436,32.595,2140.0,2140.0,2675.0,2675.0,2140.0,2140.0,2140.0,2140.0,2675.0,0.871,0.875,1.283,1.28,0.744,0.732,0.82,0.823,15.567,5175.0,14605.0,27.647,165.0,36.17
2026-07-08 06:49:40,55.0,70.000              ,764.52,413.0,1200.0,0.0,55.5,55.500              ,55.5,55.5,55.5,55.5,55.5,55.5,55.5,60.193,44.539,64.712,65.585,69.929,35.416,66.208,35.22,55.225,2040.0,2040.0,2550.0,2550.0,2020.0,2020.0,2020.0,2020.0,2550.0,0.861,0.866,1.175,1.175,0.946,0.96,0.92,0.917,15.833,5201.0,14599.0,21.802,166.0,45.87
2026-07-08 06:49:41,55.0,69.000              ,760.063,358.0,1067.0,0.0,55.5,55.500              ,55.5,55.5,55.5,55.5,55.5,55.5,55.5,37.522,33.457,45.988,48.691,53.694,19.275,45.751,22.248,38.328,1780.0,1780.0,2225.0,2225.0,1780.0,1780.0,1780.0,1780.0,2225.0,0.772,0.762,1.102,1.102,0.832,0.832,0.793,0.781,15.07,5208.0,14593.0,27.485,167.0,36.38
2026-07-08 06:49:42,55.0,69.000              ,760.574,393.0,1067.0,0.0,55.5,55.500              ,55.5,55.5,55.5,55.5,55.5,55.5,55.5,39.68,26.566,54.795,37.421,52.918,14.923,49.703,17.248,36.657,2200.0,2200.0,2750.0,2750.0,2200.0,2200.0,2200.0,2200.0,2750.0,0.86,0.86,1.245,1.248,0.932,0.932,0.919,0.933,15.544,5217.0,14592.0,23.582,168.0,42.41
2026-07-08 06:49:43,55.0,69.000              ,760.652,406.0,1067.0,0.0,55.5,55.500              ,55.5,55.5,55.5,55.5,55.5,55.5,55.5,35.909,28.21,58.03,35.275,42.772,15.515,53.513,14.82,35.505,2100.0,2100.0,2625.0,2625.0,2100.0,2100.0,2100.0,2100.0,2625.0,0.887,0.887,1.303,1.302,0.874,0.874,0.98,0.98,15.536,5219.0,14585.0,21.21,169.0,47.15
2026-07-08 06:49:44,55.0,70.000              ,760.652,420.0,1067.0,0.0,55.5,55.500              ,55.5,55.5,55.5,55.5,55.5,55.5,55.5,36.574,29.0,64.426,32.974,44.799,13.1,49.157,16.548,35.822,2200.0,2200.0,2750.0,2750.0,2200.0,2200.0,2200.0,2200.0,2750.0,0.877,0.877,1.326,1.302,0.816,0.824,0.937,0.937,15.396,5222.0,14570.0,19.531,170.0,51.2
2026-07-08 06:49:45,55.0,70.000              ,760.656,406.0,1200.0,0.0,55.5,55.500              ,55.5,55.5,55.5,55.5,55.5,55.5,55.5,32.692,30.269,39.271,42.4,46.279,14.477,47.024,11.688,33.012,2080.0,2080.0,2600.0,2600.0,2080.0,2080.0,2080.0,2080.0,2600.0,0.848,0.848,1.221,1.241,0.884,0.878,0.887,0.887,15.481,5224.0,14568.0,24.554,171.0,40.73
2026-07-08 06:49:46,55.0,69.000              ,760.645,358.0,1200.0,0.0,55.5,55.500              ,55.5,55.5,55.5,55.5,55.5,55.5,55.5,40.906,29.367,45.734,41.977,47.952,10.336,42.482,9.982,33.592,2020.0,2020.0,2525.0,2525.0,2020.0,2000.0,2000.0,2000.0,2525.0,0.929,0.931,1.271,1.271,0.859,0.856,0.807,0.807,15.255,5227.0,14567.0,23.012,172.0,43.46
2026-07-08 06:49:47,55.0,69.000              ,760.523,200.0,1067.0,0.0,55.5,55.500              ,55.5,55.5,55.5,55.5,55.5,55.5,55.5,39.726,27.03,50.311,31.369,45.033,11.98,52.047,12.013,33.689,2140.0,2140.0,2675.0,2675.0,2140.0,2140.0,2140.0,2140.0,2675.0,0.878,0.876,1.187,1.191,0.845,0.845,0.953,0.953,15.479,5227.0,14567.0,23.38,173.0,42.77
2026-07-08 06:49:48,55.0,69.000              ,760.523,200.0,1200.0,0.0,55.5,55.500              ,55.5,55.5,55.5,55.5,55.5,55.5,55.5,32.45,28.462,37.41,40.901,42.59,13.602,39.551,13.605,31.071,2100.0,2100.0,2625.0,2625.0,2100.0,2100.0,2100.0,2100.0,2625.0,0.813,0.813,1.192,1.188,0.785,0.787,0.792,0.792,15.234,5231.0,14568.0,23.514,174.0,42.53
2026-07-08 06:49:49,55.0,68.000              ,761.039,381.0,1200.0,0.0,55.5,55.500              ,55.5,55.5,55.5,55.5,55.5,55.5,55.5,32.49,26.139,54.904,36.954,47.152,9.766,37.082,16.699,32.648,2100.0,2100.0,2625.0,2625.0,2100.0,2100.0,2080.0,2080.0,2625.0,0.815,0.815,1.276,1.278,0.814,0.812,0.797,0.797,15.344,5233.0,14568.0,21.404,175.0,46.72
2026-07-08 06:49:50,55.0,67.000              ,758.031,420.0,1067.0,0.0,55.5,55.500              ,55.5,55.5,55.5,55.5,55.5,55.5,55.5,37.061,24.38,59.834,35.602,53.402,9.745,44.902,15.628,35.069,2000.0,2000.0,2500.0,2500.0,2000.0,2000.0,2000.0,2020.0,2500.0,0.811,0.811,1.219,1.223,0.833,0.833,0.868,0.868,15.318,5234.0,14565.0,20.633,176.0,48.47
2026-07-08 06:49:51,55.0,69.000              ,758.023,200.0,1200.0,0.0,55.5,55.500              ,55.5,55.5,55.5,55.5,55.5,55.5,55.5,34.559,29.056,41.269,25.51,55.407,8.62,40.72,13.937,31.135,2060.0,2060.0,2575.0,2575.0,2060.0,2060.0,2060.0,2060.0,2575.0,0.835,0.835,0.946,0.939,0.912,0.912,0.81,0.81,15.472,5237.0,14565.0,24.199,177.0,41.32
2026-07-08 06:49:52,55.0,69.000              ,758.02,413.0,1067.0,0.0,55.5,55.500              ,55.5,55.5,55.5,55.5,55.5,55.5,55.5,32.507,27.468,57.104,29.631,52.827,11.29,40.069,18.684,33.697,2040.0,2040.0,2550.0,2550.0,2040.0,2040.0,2040.0,2040.0,2550.0,0.843,0.843,1.164,1.168,0.897,0.897,0.901,0.887,14.878,5241.0,14566.0,23.511,178.0,42.53
2026-07-08 06:49:53,55.0,69.000              ,758.02,387.0,1067.0,0.0,55.5,55.500              ,55.5,55.5,55.5,55.5,55.5,55.5,55.5,36.59,27.248,42.248,31.405,43.689,16.077,62.288,12.218,33.97,2160.0,2160.0,2160.0,2160.0,2160.0,2160.0,2725.0,2725.0,2725.0,0.873,0.875,0.985,0.981,0.885,0.885,1.151,1.17,15.459,5243.0,14564.0,25.89,179.0,38.62
2026-07-08 06:49:54,55.0,70.000              ,755.762,428.0,1200.0,0.0,55.5,55.500              ,55.5,55.5,55.5,55.5,55.5,55.5,55.5,33.367,27.803,50.768,31.989,56.178,17.09,47.358,17.34,35.237,2160.0,2160.0,2200.0,2725.0,2180.0,2180.0,2180.0,2180.0,2725.0,0.848,0.846,1.05,1.052,1.018,1.018,0.909,0.909,15.335,5242.0,14562.0,21.029,180.0,47.55
2026-07-08 06:49:55,55.0,68.000              ,755.762,420.0,1067.0,0.0,55.5,55.500              ,55.5,55.5,55.5,55.5,55.5,55.5,55.5,38.481,26.2,40.617,34.419,43.202,10.498,41.828,13.67,31.114,2040.0,2040.0,2550.0,2550.0,2040.0,2040.0,2040.0,2040.0,2550.0,0.863,0.863,1.071,1.07,0.77,0.77,0.819,0.819,15.186,5246.0,14561.0,23.477,181.0,42.59
2026-07-08 06:49:56,55.0,68.000              ,755.777,400.0,1200.0,0.0,55.5,55.500              ,55.5,55.5,55.5,55.5,55.5,55.5,55.5,31.489,23.168,41.242,25.191,53.233,9.411,67.29,8.168,32.399,2160.0,2160.0,2160.0,2160.0,2700.0,2700.0,2160.0,2200.0,2700.0,0.812,0.812,0.926,0.926,0.928,0.928,1.171,1.171,15.177,5248.0,14562.0,22.164,182.0,45.12
2026-07-08 06:49:57,55.0,69.000              ,755.781,200.0,1200.0,0.0,55.5,55.500              ,55.5,55.5,55.5,55.5,55.5,55.5,55.5,22.893,29.061,37.042,43.416,44.979,10.499,37.222,8.186,29.162,2120.0,2120.0,2650.0,2650.0,2120.0,2120.0,2120.0,2120.0,2650.0,0.738,0.738,1.189,1.189,0.827,0.827,0.726,0.726,15.146,5249.0,14559.0,27.315,183.0,36.61
2026-07-08 06:49:58,55.0,68.000              ,755.777,406.0,1067.0,0.0,55.5,55.500              ,55.5,55.5,55.5,55.5,55.5,55.5,55.5,31.377,21.925,39.552,26.922,41.428,6.672,55.69,10.855,29.303,2160.0,2160.0,2700.0,2700.0,2180.0,2180.0,2180.0,2180.0,2700.0,0.813,0.815,1.04,1.04,0.781,0.786,1.088,1.091,15.136,5251.0,14559.0,20.889,184.0,47.87
2026-07-08 06:49:59,55.0,69.000              ,755.777,400.0,1200.0,0.0,55.5,55.500              ,55.5,55.5,55.5,55.5,55.5,55.5,55.5,32.576,28.291,49.283,29.725,39.092,13.587,58.832,15.171,33.32,2200.0,2200.0,2200.0,2200.0,2200.0,2200.0,2750.0,2750.0,2750.0,0.856,0.854,1.103,1.103,0.826,0.82,1.096,1.093,15.338,5251.0,14559.0,22.459,185.0,44.53
2026-07-08 06:50:00,55.0,71.000              ,755.777,358.0,1200.0,0.0,55.5,55.500              ,55.5,55.5,55.5,55.5,55.5,55.5,55.5,36.989,29.58,44.316,31.323,46.616,16.997,64.845,16.689,35.919,2120.0,2120.0,2120.0,2120.0,2120.0,2120.0,2650.0,2650.0,2650.0,0.836,0.836,0.922,0.922,0.848,0.848,1.157,1.157,15.175,5254.0,14562.0,24.057,186.0,41.57
2026-07-08 06:50:01,55.0,69.000              ,756.66,428.0,1067.0,0.0,55.5,55.500              ,55.5,55.5,55.5,55.5,55.5,55.5,55.5,32.426,26.256,38.278,30.081,35.69,13.407,64.405,10.202,31.343,2060.0,2060.0,2575.0,2575.0,2060.0,2060.0,2060.0,2060.0,2575.0,0.844,0.846,0.947,0.947,0.792,0.797,1.185,1.185,15.19,5255.0,14561.0,19.967,187.0,50.08
2026-07-08 06:50:02,55.0,69.000              ,756.664,200.0,1200.0,0.0,55.5,55.500              ,55.5,55.5,55.5,55.5,55.5,55.5,55.5,37.203,27.18,36.577,37.262,45.456,17.221,46.405,13.975,32.66,2600.0,2600.0,2080.0,2080.0,2080.0,2080.0,2080.0,2100.0,2600.0,0.815,0.812,1.027,1.027,0.833,0.828,0.812,0.812,15.201,5258.0,14561.0,26.321,188.0,37.99
2026-07-08 06:50:03,55.0,69.000              ,756.66,461.0,1200.0,0.0,55.5,55.500              ,55.5,55.5,55.5,55.5,55.5,55.5,55.5,34.426,27.249,44.265,31.476,46.975,13.471,60.782,12.776,33.927,2500.0,2500.0,2500.0,2500.0,2000.0,2000.0,2000.0,2000.0,2500.0,0.812,0.814,1.005,1.013,0.83,0.83,1.078,1.078,15.352,5258.0,14562.0,21.249,189.0,47.06
2026-07-08 06:50:04,55.0,70.000              ,756.645,435.0,1200.0,0.0,55.5,55.500              ,55.5,55.5,55.5,55.5,55.5,55.5,55.5,42.818,36.44,51.902,53.301,60.802,32.257,59.748,22.128,44.924,1820.0,1820.0,2275.0,2275.0,1820.0,1820.0,1820.0,1820.0,2275.0,0.738,0.737,0.998,0.99,0.934,0.934,0.778,0.766,14.92,5265.0,14562.0,25.286,190.0,39.55
2026-07-08 06:50:05,55.0,70.000              ,756.777,400.0,1200.0,0.0,55.5,55.500              ,55.5,55.5,55.5,55.5,55.5,55.5,55.5,36.779,31.712,51.088,36.655,52.56,18.82,49.715,15.24,36.571,1980.0,1980.0,1980.0,1980.0,2475.0,2475.0,1980.0,1980.0,2475.0,0.836,0.836,1.04,1.039,0.879,0.879,0.809,0.822,15.052,5271.0,14560.0,30.963,191.0,32.3
2026-07-08 06:50:06,55.0,69.000              ,756.805,352.0,1200.0,0.0,55.5,55.500              ,55.5,55.5,55.5,55.5,55.5,55.5,55.5,34.889,28.848,64.763,27.428,45.902,14.04,41.863,15.734,34.183,2120.0,2120.0,2650.0,2650.0,2120.0,2120.0,2120.0,2120.0,2650.0,0.84,0.84,1.239,1.24,0.888,0.888,0.84,0.84,15.06,5274.0,14562.0,21.953,192.0,45.55
2026-07-08 06:50:07,55.0,69.000              ,756.82,200.0,1067.0,0.0,55.5,55.500              ,55.5,55.5,55.5,55.5,55.5,55.5,55.5,30.895,31.704,58.048,29.159,48.164,21.556,50.834,19.131,36.186,2020.0,2020.0,2525.0,2525.0,2020.0,2020.0,2020.0,2020.0,2525.0,0.797,0.797,1.08,1.08,0.896,0.896,0.94,0.94,15.246,5275.0,14562.0,19.755,193.0,50.62
2026-07-08 06:50:08,55.0,69.000              ,756.797,200.0,1067.0,0.0,55.5,55.500              ,55.5,55.5,55.5,55.5,55.5,55.5,55.5,36.484,26.206,39.166,30.45,40.339,13.323,51.215,11.009,31.024,2140.0,2140.0,2675.0,2675.0,2140.0,2140.0,2140.0,2140.0,2675.0,0.932,0.932,1.042,1.042,0.822,0.825,0.99,0.99,15.059,5276.0,14562.0,28.419,194.0,35.19
2026-07-08 06:50:09,55.0,69.000              ,756.82,400.0,1200.0,0.0,55.5,55.500              ,55.5,55.5,55.5,55.5,55.5,55.5,55.5,36.843,27.493,48.656,24.062,40.975,12.375,57.315,10.606,32.291,2080.0,2080.0,2600.0,2600.0,2080.0,2080.0,2600.0,2600.0,2600.0,0.879,0.881,0.997,0.997,0.8,0.797,1.045,1.045,15.045,5276.0,14561.0,18.467,195.0,54.15
2026-07-08 06:50:10,55.0,70.000              ,756.82,364.0,1200.0,0.0,55.5,55.500              ,55.5,55.5,55.5,55.5,55.5,55.5,55.5,42.803,24.677,50.112,27.19,45.556,12.794,56.145,7.694,33.372,2060.0,2060.0,2575.0,2575.0,2060.0,2060.0,2060.0,2060.0,2575.0,0.889,0.887,1.078,1.078,0.812,0.812,0.898,0.898,15.278,5276.0,14557.0,24.099,196.0,41.5
2026-07-08 06:50:11,55.0,70.000              ,755.574,200.0,1067.0,0.0,55.5,55.500              ,55.5,55.5,55.5,55.5,55.5,55.5,55.5,34.85,24.118,48.727,21.869,41.745,9.393,58.688,4.568,30.495,2140.0,2140.0,2675.0,2675.0,2140.0,2140.0,2140.0,2140.0,2675.0,0.863,0.865,1.003,1.003,0.789,0.801,0.985,0.987,15.096,5280.0,14557.0,21.618,197.0,46.26
2026-07-08 06:50:12,55.0,69.000              ,755.57,469.0,1200.0,0.0,55.5,55.500              ,55.5,55.5,55.5,55.5,55.5,55.5,55.5,32.33,29.997,39.15,37.411,46.269,19.035,39.372,12.905,32.058,2040.0,2040.0,2550.0,2550.0,2040.0,2040.0,2040.0,2040.0,2550.0,0.794,0.792,1.051,1.053,0.828,0.816,0.756,0.755,15.156,5281.0,14556.0,24.699,198.0,40.49
2026-07-08 06:50:13,55.0,69.000              ,755.574,400.0,1067.0,0.0,55.5,55.500              ,55.5,55.5,55.5,55.5,55.5,55.5,55.5,32.782,25.84,50.118,28.079,40.747,14.553,48.664,15.566,32.044,2040.0,2040.0,2550.0,2550.0,2040.0,2040.0,2020.0,2020.0,2550.0,0.828,0.83,1.127,1.125,0.859,0.859,0.908,0.907,14.892,5281.0,14557.0,21.802,199.0,45.87
2026-07-08 06:50:14,55.0,70.000              ,755.086,364.0,1200.0,0.0,55.5,55.500              ,55.5,55.5,55.5,55.5,55.5,55.5,55.5,28.369,26.518,56.213,28.343,45.517,8.273,41.628,13.688,31.069,2180.0,2180.0,2725.0,2725.0,2180.0,2180.0,2180.0,2180.0,2725.0,0.834,0.831,1.219,1.219,0.824,0.824,0.89,0.89,15.118,5282.0,14557.0,22.994,200.0,43.49
2026-07-08 06:50:15,55.0,69.000              ,755.09,500.0,1067.0,0.0,55.5,55.500              ,55.5,55.5,55.5,55.5,55.5,55.5,55.5,30.604,28.463,46.986,24.101,45.02,10.308,44.123,12.468,30.259,2040.0,2040.0,2550.0,2550.0,2040.0,2040.0,2040.0,2040.0,2550.0,0.738,0.738,0.965,0.965,0.745,0.745,0.826,0.826,15.228,5282.0,14556.0,26.14,201.0,38.26
2026-07-08 06:50:16,55.0,68.000              ,755.086,364.0,1200.0,0.0,55.5,55.500              ,55.5,55.5,55.5,55.5,55.5,55.5,55.5,33.29,28.404,45.772,28.081,51.681,8.418,47.292,7.689,31.328,2120.0,2120.0,2625.0,2625.0,2100.0,2100.0,2100.0,2100.0,2625.0,0.882,0.882,1.084,1.084,0.825,0.825,0.919,0.919,14.884,5282.0,14557.0,21.882,202.0,45.7
2026-07-08 06:50:17,55.0,68.000              ,755.09,200.0,1200.0,0.0,55.5,55.500              ,55.5,55.5,55.5,55.5,55.5,55.5,55.5,38.413,27.204,40.625,32.901,46.197,14.028,44.441,16.289,32.512,2080.0,2080.0,2600.0,2600.0,2080.0,2080.0,2080.0,2600.0,2600.0,0.871,0.857,1.05,1.05,0.816,0.816,0.843,0.843,15.27,5284.0,14555.0,25.827,203.0,38.72
2026-07-08 06:50:18,55.0,68.000              ,754.719,420.0,1200.0,0.0,55.5,55.500              ,55.5,55.5,55.5,55.5,55.5,55.5,55.5,33.667,29.908,40.856,53.802,46.15,12.154,45.671,7.539,33.718,1940.0,1940.0,2400.0,2400.0,1920.0,1920.0,1920.0,1920.0,2400.0,0.756,0.768,1.269,1.271,0.723,0.723,0.71,0.711,15.171,5288.0,14556.0,22.251,204.0,44.94
2026-07-08 06:50:19,55.0,69.000              ,754.719,387.0,1200.0,0.0,55.5,55.500              ,55.5,55.5,55.5,55.5,55.5,55.5,55.5,42.095,18.336,54.077,29.038,48.147,8.59,52.15,8.524,32.62,2040.0,2040.0,2550.0,2550.0,2060.0,2060.0,2060.0,2060.0,2550.0,0.868,0.868,1.13,1.128,0.747,0.749,0.821,0.82,15.145,5290.0,14556.0,25.012,205.0,39.98
2026-07-08 06:50:20,55.0,69.000              ,754.711,461.0,1067.0,0.0,55.5,55.500              ,55.5,55.5,55.5,55.5,55.5,55.5,55.5,28.975,35.513,60.359,23.256,50.203,9.287,56.69,8.687,34.121,1980.0,1980.0,2475.0,2475.0,1980.0,1980.0,1980.0,1980.0,2475.0,0.822,0.822,1.108,1.096,0.774,0.773,0.876,0.876,14.899,5294.0,14555.0,22.573,206.0,44.3
2026-07-08 06:50:21,55.0,69.000              ,754.707,484.0,1200.0,0.0,55.5,55.500              ,55.5,55.5,55.5,55.5,55.5,55.5,55.5,33.656,28.701,73.614,25.177,42.039,10.277,45.575,11.511,33.819,2120.0,2120.0,2625.0,2625.0,2100.0,2100.0,2100.0,2100.0,2625.0,0.776,0.776,1.279,1.294,0.721,0.721,0.814,0.815,15.137,5293.0,14554.0,19.126,207.0,52.28
2026-07-08 06:50:22,55.0,70.000              ,754.711,200.0,1200.0,0.0,55.5,55.500              ,55.5,55.5,55.5,55.5,55.5,55.5,55.5,33.228,25.548,64.264,26.349,44.84,8.946,53.773,10.844,33.474,1980.0,1980.0,2500.0,2500.0,1980.0,1980.0,1980.0,1980.0,2500.0,0.736,0.738,1.143,1.143,0.725,0.725,0.836,0.834,15.092,5296.0,14553.0,18.601,208.0,53.76
2026-07-08 06:50:23,55.0,69.000              ,754.707,554.0,1200.0,0.0,55.5,55.500              ,55.5,55.5,55.5,55.5,55.5,55.5,55.5,25.307,24.824,39.873,24.044,47.19,7.976,43.758,5.509,27.31,2100.0,2100.0,2625.0,2625.0,2080.0,2080.0,2080.0,2080.0,2625.0,0.739,0.739,1.021,1.008,0.798,0.798,0.791,0.791,14.797,5297.0,14553.0,26.143,209.0,38.25
2026-07-08 06:50:24,55.0,69.000              ,754.707,370.0,1067.0,0.0,55.5,55.500              ,55.5,55.5,55.5,55.5,55.5,55.5,55.5,41.61,24.773,40.044,38.439,38.886,14.021,46.368,9.741,31.735,2080.0,2100.0,2625.0,2625.0,2100.0,2100.0,2100.0,2100.0,2625.0,0.897,0.895,1.132,1.156,0.802,0.802,0.889,0.89,15.069,5298.0,14553.0,21.184,210.0,47.21
2026-07-08 06:50:25,55.0,69.000              ,754.711,630.0,1200.0,0.0,55.375,55.375              ,55.375,55.375,55.375,55.375,55.375,55.375,55.375,34.91,23.83,36.547,34.34,37.922,12.618,43.493,9.543,29.15,2140.0,2140.0,2675.0,2700.0,2160.0,2160.0,2160.0,2160.0,2700.0,0.806,0.806,1.053,1.044,0.749,0.749,0.753,0.751,15.12,5301.0,14552.0,25.715,211.0,38.89
2026-07-08 06:50:26,55.0,68.000              ,754.707,442.0,1067.0,0.0,55.375,55.375              ,55.375,55.375,55.375,55.375,55.375,55.375,55.375,28.587,27.607,53.545,29.173,43.41,11.568,45.511,11.069,31.309,2040.0,2040.0,2550.0,2550.0,2040.0,2040.0,2040.0,2040.0,2550.0,0.809,0.809,1.22,1.22,0.814,0.814,0.847,0.847,15.048,5302.0,14552.0,22.292,212.0,44.86
2026-07-08 06:50:27,55.0,69.000              ,754.719,442.0,1067.0,0.0,55.375,55.375              ,55.375,55.375,55.375,55.375,55.375,55.375,55.375,33.057,25.506,56.692,24.766,48.966,7.8,51.627,11.772,32.523,2100.0,2100.0,2625.0,2625.0,2100.0,2100.0,2100.0,2100.0,2625.0,0.821,0.821,1.167,1.167,0.791,0.791,0.964,0.954,15.107,5302.0,14553.0,24.121,213.0,41.46
2026-07-08 06:50:28,55.0,71.000              ,754.723,428.0,1200.0,0.0,55.375,55.375              ,55.375,55.375,55.375,55.375,55.375,55.375,55.375,34.44,27.925,59.444,29.212,50.045,9.474,50.024,15.358,34.49,2040.0,2040.0,2550.0,2550.0,2040.0,2040.0,2040.0,2040.0,2550.0,0.784,0.784,1.175,1.175,0.82,0.82,0.892,0.899,15.17,5305.0,14553.0,18.766,214.0,53.29
2026-07-08 06:50:29,55.0,70.000              ,754.613,469.0,1067.0,0.0,55.25,55.250              ,55.25,55.25,55.25,55.25,55.25,55.25,55.25,26.845,30.111,40.734,36.013,45.624,11.795,39.57,10.695,30.173,1900.0,1900.0,2375.0,2375.0,1900.0,1900.0,1900.0,1900.0,2375.0,0.729,0.729,1.072,1.074,0.757,0.759,0.708,0.707,15.118,5312.0,14553.0,23.571,215.0,42.43
2026-07-08 06:50:30,55.0,68.000              ,754.617,200.0,1067.0,0.0,55.25,55.250              ,55.25,55.25,55.25,55.25,55.25,55.25,55.25,26.12,26.827,52.851,25.688,40.684,11.563,51.2,11.15,30.76,2020.0,2020.0,2525.0,2525.0,2020.0,2020.0,2020.0,2020.0,2525.0,0.782,0.785,1.12,1.121,0.793,0.792,0.981,0.981,14.855,5314.0,14553.0,22.289,216.0,44.87
2026-07-08 06:50:31,55.0,68.000              ,754.613,364.0,1200.0,0.0,55.25,55.250              ,55.25,55.25,55.25,55.25,55.25,55.25,55.25,37.901,24.876,51.143,22.167,32.89,14.966,50.728,11.646,30.79,2260.0,2260.0,2825.0,2825.0,2260.0,2260.0,2260.0,2260.0,2825.0,0.935,0.933,1.037,1.034,0.759,0.759,1.042,1.044,14.939,5314.0,14553.0,22.166,217.0,45.11
2026-07-08 06:50:32,55.0,69.000              ,754.613,525.0,1200.0,0.0,55.25,55.250              ,55.25,55.25,55.25,55.25,55.25,55.25,55.25,38.726,27.895,38.593,32.609,43.657,16.001,43.396,19.939,32.602,2160.0,2160.0,2160.0,2160.0,2160.0,2160.0,2700.0,2700.0,2700.0,0.847,0.847,0.953,0.953,0.795,0.795,0.94,0.938,15.413,5315.0,14554.0,26.499,218.0,37.74
2026-07-08 06:50:33,55.0,68.000              ,754.617,393.0,1200.0,0.0,55.25,55.250              ,55.25,55.25,55.25,55.25,55.25,55.25,55.25,32.387,24.805,52.55,29.958,42.085,9.812,43.129,11.185,30.739,1960.0,1940.0,2450.0,2450.0,1960.0,1960.0,1960.0,1960.0,2450.0,0.78,0.78,1.17,1.17,0.74,0.74,0.822,0.822,14.956,5316.0,14553.0,21.952,219.0,45.55
2026-07-08 06:50:34,55.0,68.000              ,754.617,442.0,1067.0,0.0,55.25,55.250              ,55.25,55.25,55.25,55.25,55.25,55.25,55.25,30.529,26.163,53.978,26.547,49.595,7.581,52.541,11.008,32.243,2180.0,2180.0,2725.0,2725.0,2180.0,2180.0,2180.0,2180.0,2725.0,0.811,0.811,1.17,1.172,0.814,0.814,0.937,0.937,15.056,5316.0,14553.0,23.584,220.0,42.4
2026-07-08 06:50:35,55.0,69.000              ,754.238,500.0,1200.0,0.0,55.25,55.250              ,55.25,55.25,55.25,55.25,55.25,55.25,55.25,27.375,27.486,34.398,33.691,44.01,11.381,41.964,17.557,29.733,2020.0,2020.0,2525.0,2525.0,2020.0,2020.0,2020.0,2020.0,2525.0,0.69,0.69,0.921,0.922,0.7,0.7,0.782,0.782,15.016,5319.0,14553.0,25.447,221.0,39.3
2026-07-08 06:50:36,55.0,69.000              ,754.613,413.0,1067.0,0.0,55.25,55.250              ,55.25,55.25,55.25,55.25,55.25,55.25,55.25,28.172,26.64,48.595,34.719,51.178,9.304,34.376,18.605,31.449,1960.0,1960.0,2450.0,2450.0,1960.0,1960.0,1960.0,1960.0,2450.0,0.781,0.781,1.207,1.208,0.835,0.835,0.824,0.824,15.057,5322.0,14552.0,21.374,222.0,46.79
2026-07-08 06:50:37,55.0,69.000              ,754.676,381.0,1067.0,0.0,55.25,55.250              ,55.25,55.25,55.25,55.25,55.25,55.25,55.25,30.274,25.575,67.606,30.713,41.454,12.527,39.619,14.246,32.752,2140.0,2140.0,2675.0,2675.0,2140.0,2140.0,2140.0,2140.0,2675.0,0.816,0.816,1.293,1.289,0.79,0.79,0.808,0.808,14.96,5327.0,14554.0,22.782,223.0,43.89
2026-07-08 06:50:38,55.0,70.000              ,754.68,200.0,1067.0,0.0,55.25,55.250              ,55.25,55.25,55.25,55.25,55.25,55.25,55.25,30.661,25.037,59.734,27.507,51.854,11.773,34.88,21.456,32.863,2080.0,2080.0,2600.0,2600.0,2080.0,2080.0,2080.0,2080.0,2600.0,0.821,0.821,1.19,1.193,0.905,0.905,0.902,0.888,14.929,5326.0,14554.0,23.118,224.0,43.26
2026-07-08 06:50:39,55.0,69.000              ,754.676,461.0,1067.0,0.0,55.25,55.250              ,55.25,55.25,55.25,55.25,55.25,55.25,55.25,33.983,27.697,57.945,26.148,45.118,17.807,39.774,22.94,33.927,2120.0,2120.0,2625.0,2625.0,2100.0,2100.0,2100.0,2100.0,2625.0,0.819,0.819,1.172,1.179,0.84,0.827,0.915,0.93,15.107,5325.0,14551.0,21.087,225.0,47.42
2026-07-08 06:50:40,55.0,70.000              ,754.676,484.0,1200.0,0.0,55.25,55.250              ,55.25,55.25,55.25,55.25,55.25,55.25,55.25,33.04,28.172,51.214,30.279,60.657,16.968,37.854,19.177,34.67,2040.0,2040.0,2550.0,2550.0,2020.0,2020.0,2020.0,2020.0,2550.0,0.776,0.776,1.059,1.049,1.012,1.032,0.798,0.798,15.126,5328.0,14552.0,20.687,226.0,48.34
2026-07-08 06:50:41,55.0,71.000              ,754.68,554.0,1200.0,0.0,55.25,55.250              ,55.25,55.25,55.25,55.25,55.25,55.25,55.25,36.855,26.034,34.899,37.927,40.231,15.469,43.253,21.757,32.053,2020.0,2020.0,2525.0,2525.0,2020.0,2020.0,2020.0,2020.0,2525.0,0.753,0.753,0.976,0.989,0.754,0.75,0.864,0.867,15.244,5331.0,14550.0,23.103,227.0,43.28
2026-07-08 06:50:42,55.0,69.000              ,754.676,450.0,1200.0,0.0,55.25,55.250              ,55.25,55.25,55.25,55.25,55.25,55.25,55.25,31.042,26.06,54.031,27.844,61.045,7.308,49.884,11.685,33.612,2000.0,2000.0,2475.0,2475.0,1980.0,1980.0,1980.0,1980.0,2475.0,0.748,0.748,1.087,1.076,0.848,0.848,0.819,0.817,14.838,5332.0,14550.0,23.613,228.0,42.35
2026-07-08 06:50:43,55.0,69.000              ,754.676,413.0,1200.0,0.0,55.25,55.250              ,55.25,55.25,55.25,55.25,55.25,55.25,55.25,26.462,26.634,47.623,30.367,63.52,10.401,51.608,12.651,33.658,1960.0,1960.0,2450.0,2450.0,1960.0,1960.0,1960.0,1960.0,2450.0,0.732,0.732,1.045,1.027,0.944,0.944,0.883,0.883,14.898,5335.0,14550.0,22.972,229.0,43.53
2026-07-08 06:50:44,55.0,70.000              ,754.68,461.0,1200.0,0.0,55.25,55.250              ,55.25,55.25,55.25,55.25,55.25,55.25,55.25,32.343,26.817,59.253,20.482,54.651,9.271,48.7,10.023,32.693,2180.0,2180.0,2725.0,2725.0,2180.0,2180.0,2180.0,2180.0,2725.0,0.797,0.797,1.136,1.154,0.893,0.893,0.879,0.881,15.094,5335.0,14548.0,19.236,230.0,51.99
2026-07-08 06:50:45,55.0,70.000              ,754.676,525.0,1067.0,0.0,55.25,55.250              ,55.25,55.25,55.25,55.25,55.25,55.25,55.25,31.661,24.015,49.767,27.091,61.013,8.819,48.994,11.245,32.826,2020.0,2020.0,2525.0,2525.0,2040.0,2040.0,2040.0,2040.0,2525.0,0.765,0.765,1.004,1.004,0.96,0.96,0.869,0.877,15.103,5335.0,14548.0,18.512,231.0,54.02
2026-07-08 06:50:46,55.0,70.000              ,754.676,400.0,1067.0,0.0,55.25,55.250              ,55.25,55.25,55.25,55.25,55.25,55.25,55.25,29.579,26.369,39.23,22.976,47.482,10.664,45.876,14.592,29.596,2100.0,2100.0,2100.0,2100.0,2100.0,2100.0,2700.0,2700.0,2700.0,0.789,0.789,0.856,0.856,0.836,0.837,0.989,0.979,14.929,5333.0,14547.0,25.063,232.0,39.9
2026-07-08 06:50:47,55.0,70.000              ,754.68,200.0,1067.0,0.0,55.25,55.250              ,55.25,55.25,55.25,55.25,55.25,55.25,55.25,40.909,26.645,38.827,34.992,48.956,9.93,39.726,12.674,31.582,2180.0,2180.0,2725.0,2725.0,2140.0,2140.0,2140.0,2140.0,2725.0,0.966,0.966,1.065,1.067,0.904,0.888,0.897,0.897,15.027,5332.0,14548.0,25.234,233.0,39.63
2026-07-08 06:50:48,55.0,69.000              ,755.273,442.0,1067.0,0.0,55.25,55.250              ,55.25,55.25,55.25,55.25,55.25,55.25,55.25,38.359,30.076,42.533,32.092,59.182,11.487,42.384,13.84,33.744,2750.0,2750.0,2200.0,2140.0,2675.0,2140.0,2140.0,2140.0,2750.0,0.884,0.887,0.98,0.978,0.975,0.991,0.856,0.862,15.363,5330.0,14551.0,19.651,234.0,50.89
2026-07-08 06:50:49,55.0,70.000              ,755.273,469.0,1200.0,0.0,55.25,55.250              ,55.25,55.25,55.25,55.25,55.25,55.25,55.25,46.873,31.279,41.78,36.636,58.876,15.468,37.239,21.863,36.252,2475.0,2475.0,1980.0,1980.0,1980.0,1980.0,1980.0,1980.0,2475.0,0.906,0.904,0.946,0.948,1.012,1.012,0.821,0.816,14.984,5329.0,14550.0,19.104,235.0,52.35
2026-07-08 06:50:50,55.0,70.000              ,755.277,461.0,1200.0,0.0,55.25,55.250              ,55.25,55.25,55.25,55.25,55.25,55.25,55.25,31.92,22.65,30.591,52.043,41.319,12.886,42.163,8.612,30.273,2020.0,2040.0,2550.0,2550.0,2040.0,2040.0,2040.0,2040.0,2550.0,0.753,0.749,1.189,1.188,0.731,0.731,0.74,0.74,15.031,5331.0,14550.0,21.134,236.0,47.32
2026-07-08 06:50:51,55.0,69.000              ,755.277,400.0,1200.0,0.0,55.25,55.250              ,55.25,55.25,55.25,55.25,55.25,55.25,55.25,37.025,29.317,47.598,36.524,57.233,12.979,56.07,14.314,36.382,1980.0,1980.0,2475.0,2500.0,2000.0,2000.0,2000.0,2000.0,2500.0,0.795,0.8,1.047,1.047,0.872,0.872,0.859,0.862,15.087,5332.0,14550.0,22.432,237.0,44.58
2026-07-08 06:50:52,55.0,69.000              ,755.281,387.0,1200.0,0.0,55.25,55.250              ,55.25,55.25,55.25,55.25,55.25,55.25,55.25,33.916,27.58,58.211,29.023,55.613,11.236,48.594,15.429,34.95,1980.0,1980.0,2475.0,2475.0,1980.0,1980.0,1980.0,1980.0,2475.0,0.798,0.798,1.128,1.128,0.88,0.88,0.826,0.823,15.007,5333.0,14551.0,23.175,238.0,43.15
2026-07-08 06:50:53,55.0,68.000              ,759.316,533.0,1200.0,0.0,55.25,55.250              ,55.25,55.25,55.25,55.25,55.25,55.25,55.25,34.172,28.297,39.938,26.148,49.19,7.27,40.385,8.525,29.241,2120.0,2120.0,2650.0,2650.0,2120.0,2120.0,2120.0,2120.0,2650.0,0.835,0.835,1.012,1.012,0.823,0.824,0.787,0.787,15.172,5334.0,14557.0,26.128,239.0,38.27
2026-07-08 06:50:54,55.0,69.000              ,759.316,393.0,1200.0,0.0,55.25,55.250              ,55.25,55.25,55.25,55.25,55.25,55.25,55.25,38.409,29.27,56.716,38.289,42.012,17.683,50.892,14.7,35.996,1920.0,1920.0,2400.0,2400.0,1920.0,1920.0,2400.0,2400.0,2400.0,0.81,0.81,1.157,1.157,0.77,0.77,0.815,0.817,14.937,5334.0,14557.0,24.134,240.0,41.44
2026-07-08 06:50:55,55.0,69.000              ,759.324,200.0,1067.0,0.0,55.25,55.250              ,55.25,55.25,55.25,55.25,55.25,55.25,55.25,34.143,30.78,58.227,32.798,42.044,17.078,53.385,17.186,35.705,1980.0,1980.0,2475.0,2475.0,1980.0,1980.0,1980.0,1980.0,2475.0,0.806,0.806,1.142,1.142,0.78,0.781,0.913,0.912,14.961,5336.0,14556.0,19.816,241.0,50.46
2026-07-08 06:50:56,55.0,68.000              ,759.32,525.0,1067.0,0.0,55.25,55.250              ,55.25,55.25,55.25,55.25,55.25,55.25,55.25,36.954,26.59,40.847,31.366,39.507,16.642,43.425,18.459,31.724,2060.0,2060.0,2575.0,2575.0,2060.0,2060.0,2060.0,2060.0,2575.0,0.776,0.776,1.027,1.027,0.718,0.716,0.843,0.844,14.961,5336.0,14555.0,26.386,242.0,37.9
2026-07-08 06:50:57,55.0,68.000              ,765.594,200.0,1067.0,0.0,55.25,55.250              ,55.25,55.25,55.25,55.25,55.25,55.25,55.25,38.454,32.227,47.013,49.597,43.999,16.772,58.224,13.483,37.471,1980.0,1980.0,2475.0,2475.0,1980.0,1980.0,1980.0,1980.0,2475.0,0.803,0.803,1.203,1.206,0.759,0.759,0.798,0.797,15.081,5336.0,14563.0,24.492,243.0,40.83
2026-07-08 06:50:58,55.0,69.000              ,768.73,457.0,1200.0,0.0,55.25,55.250              ,55.25,55.25,55.25,55.25,55.25,55.25,55.25,37.837,26.268,51.021,31.148,43.395,15.824,60.009,12.061,34.695,2000.0,2000.0,2500.0,2500.0,2000.0,2000.0,2500.0,2500.0,2500.0,0.776,0.777,1.003,1.0,0.758,0.758,0.906,0.906,15.107,5338.0,14568.0,22.43,244.0,44.58
2026-07-08 06:50:59,55.0,70.000              ,769.051,413.0,1067.0,0.0,55.25,55.250              ,55.25,55.25,55.25,55.25,55.25,55.25,55.25,33.527,29.964,51.08,42.292,41.71,15.674,39.09,17.18,33.815,2020.0,2020.0,2525.0,2525.0,2020.0,2020.0,2020.0,2020.0,2525.0,0.817,0.816,1.241,1.241,0.771,0.771,0.775,0.779,14.869,5341.0,14567.0,27.622,245.0,36.2
2026-07-08 06:51:00,55.0,70.000              ,782.492,393.0,1200.0,0.0,55.25,55.250              ,55.25,55.25,55.25,55.25,55.25,55.25,55.25,36.073,30.029,62.955,30.706,49.035,18.173,47.159,17.195,36.416,2060.0,2060.0,2575.0,2575.0,2060.0,2060.0,2060.0,2060.0,2575.0,0.833,0.833,1.168,1.17,0.869,0.869,0.831,0.827,15.015,5357.0,14593.0,31.781,246.0,31.47
2026-07-08 06:51:01,55.0,69.000              ,782.578,381.0,1067.0,0.0,55.25,55.250              ,55.25,55.25,55.25,55.25,55.25,55.25,55.25,36.787,26.08,54.842,28.377,54.808,16.167,48.095,20.035,35.649,2020.0,2020.0,2525.0,2525.0,2020.0,2020.0,2040.0,2040.0,2525.0,0.803,0.803,0.995,0.994,0.922,0.922,0.882,0.882,15.028,5355.0,14590.0,21.74,247.0,46.0
2026-07-08 06:51:02,55.0,70.000              ,782.582,420.0,1200.0,0.0,55.25,55.250              ,55.25,55.25,55.25,55.25,55.25,55.25,55.25,42.074,21.284,41.526,32.469,42.038,16.15,46.568,13.981,32.011,2000.0,2000.0,2000.0,2000.0,2000.0,2000.0,2500.0,2500.0,2500.0,0.866,0.866,1.01,1.01,0.743,0.743,0.821,0.821,15.089,5357.0,14590.0,25.219,248.0,39.65
2026-07-08 06:51:03,55.0,70.000              ,782.586,200.0,1067.0,0.0,55.25,55.250              ,55.25,55.25,55.25,55.25,55.25,55.25,55.25,32.522,19.248,44.721,51.229,58.692,11.367,45.459,9.356,34.074,2140.0,2140.0,2675.0,2675.0,2140.0,2140.0,2140.0,2140.0,2675.0,0.709,0.709,1.297,1.297,0.825,0.825,0.728,0.73,15.089,5358.0,14590.0,23.88,249.0,41.88
2026-07-08 06:51:04,55.0,68.000              ,779.586,450.0,1200.0,0.0,55.25,55.250              ,55.25,55.25,55.25,55.25,55.25,55.25,55.25,54.12,27.978,55.167,33.042,57.777,14.492,51.435,16.827,38.855,1920.0,1920.0,2400.0,2400.0,1920.0,1920.0,1920.0,1920.0,2400.0,0.861,0.861,0.942,0.944,0.768,0.768,0.759,0.758,15.101,5354.0,14589.0,30.52,250.0,32.77
2026-07-08 06:51:05,55.0,69.000              ,779.582,442.0,1067.0,0.0,55.25,55.250              ,55.25,55.25,55.25,55.25,55.25,55.25,55.25,49.943,23.949,57.539,32.356,54.798,14.004,57.144,13.462,37.899,1820.0,1820.0,2275.0,2275.0,2275.0,2275.0,1820.0,1820.0,2275.0,0.892,0.892,1.012,1.009,0.769,0.769,0.817,0.816,15.036,5361.0,14591.0,21.455,251.0,46.61
2026-07-08 06:51:06,55.0,71.000              ,777.336,200.0,1200.0,0.0,55.25,55.250              ,55.25,55.25,55.25,55.25,55.25,55.25,55.25,43.993,21.339,41.079,33.809,52.462,10.803,43.117,14.811,32.677,2020.0,2020.0,2525.0,2525.0,2020.0,2020.0,2020.0,2020.0,2525.0,0.817,0.817,0.943,0.943,0.78,0.78,0.786,0.788,14.972,5362.0,14589.0,23.983,252.0,41.7
2026-07-08 06:51:07,55.0,70.000              ,767.059,375.0,1067.0,0.0,55.25,55.250              ,55.25,55.25,55.25,55.25,55.25,55.25,55.25,36.43,26.564,57.212,30.389,46.893,12.867,38.859,19.039,33.532,1980.0,1980.0,1980.0,1980.0,2450.0,2450.0,1960.0,1960.0,2450.0,0.84,0.842,1.125,1.125,0.837,0.837,0.831,0.828,14.822,5360.0,14579.0,22.884,253.0,43.7
2026-07-08 06:51:08,55.0,69.000              ,766.684,358.0,1200.0,0.0,55.25,55.250              ,55.25,55.25,55.25,55.25,55.25,55.25,55.25,33.445,28.144,57.111,27.547,43.392,16.566,45.224,21.887,34.165,2120.0,2120.0,2650.0,2650.0,2120.0,2120.0,2120.0,2120.0,2650.0,0.846,0.843,1.143,1.143,0.839,0.839,0.953,0.96,15.198,5361.0,14578.0,22.348,254.0,44.75
2026-07-08 06:51:09,55.0,69.000              ,766.688,457.0,1200.0,0.0,55.25,55.250              ,55.25,55.25,55.25,55.25,55.25,55.25,55.25,44.104,32.881,60.286,32.974,45.019,24.103,54.268,25.548,39.898,1980.0,1980.0,2475.0,2475.0,1980.0,1980.0,2000.0,2000.0,2475.0,0.849,0.849,1.1,1.104,0.814,0.814,0.922,0.915,15.115,5362.0,14579.0,20.621,255.0,48.49
2026-07-08 06:51:10,55.0,69.000              ,766.813,200.0,1200.0,0.0,55.25,55.250              ,55.25,55.25,55.25,55.25,55.25,55.25,55.25,41.372,24.337,42.62,33.492,45.371,8.385,52.739,13.402,32.715,2020.0,2020.0,2020.0,2020.0,2040.0,2020.0,2525.0,2525.0,2525.0,0.823,0.823,1.047,1.047,0.749,0.749,0.9,0.9,14.911,5368.0,14578.0,30.723,256.0,32.55
2026-07-08 06:51:11,55.0,69.000              ,766.813,420.0,1200.0,0.0,55.25,55.250              ,55.25,55.25,55.25,55.25,55.25,55.25,55.25,39.929,24.457,47.293,30.809,46.378,8.588,57.327,9.997,33.097,2080.0,2080.0,2575.0,2575.0,2060.0,2060.0,2060.0,2060.0,2575.0,0.851,0.851,1.048,1.044,0.763,0.763,0.938,0.938,15.035,5371.0,14574.0,24.481,257.0,40.85
2026-07-08 06:51:12,55.0,70.000              ,766.809,442.0,1067.0,0.0,55.25,55.250              ,55.25,55.25,55.25,55.25,55.25,55.25,55.25,39.589,27.268,50.365,29.31,50.421,11.769,56.289,13.462,34.809,1960.0,1960.0,2450.0,2450.0,1960.0,1960.0,1960.0,1960.0,2450.0,0.8,0.8,0.977,0.977,0.821,0.821,0.922,0.91,14.972,5367.0,14574.0,21.526,258.0,46.46
2026-07-08 06:51:13,55.0,71.000              ,768.941,450.0,1067.0,0.0,55.25,55.250              ,55.25,55.25,55.25,55.25,55.25,55.25,55.25,39.152,26.445,58.319,23.295,44.772,9.096,54.03,13.349,33.557,2100.0,2100.0,2625.0,2625.0,2100.0,2100.0,2100.0,2100.0,2625.0,0.813,0.813,1.068,1.07,0.741,0.741,0.943,0.955,15.084,5366.0,14571.0,20.877,259.0,47.9
2026-07-08 06:51:14,55.0,70.000              ,771.957,387.0,1200.0,0.0,55.25,55.250              ,55.25,55.25,55.25,55.25,55.25,55.25,55.25,36.341,27.638,55.017,32.752,37.741,10.705,44.952,22.336,33.435,1960.0,1960.0,2450.0,2450.0,1960.0,1960.0,1960.0,1960.0,2450.0,0.846,0.846,1.115,1.113,0.708,0.709,0.944,0.944,14.925,5376.0,14576.0,27.486,260.0,36.38
2026-07-08 06:51:15,55.0,69.000              ,771.957,461.0,1200.0,0.0,55.25,55.250              ,55.25,55.25,55.25,55.25,55.25,55.25,55.25,29.5,26.534,41.661,30.107,46.541,11.816,40.86,12.236,29.907,2100.0,2100.0,2625.0,2625.0,2100.0,2100.0,2100.0,2100.0,2625.0,0.755,0.755,1.052,1.055,0.779,0.778,0.818,0.818,15.113,5373.0,14574.0,27.152,261.0,36.83
2026-07-08 06:51:16,55.0,70.000              ,773.457,435.0,1200.0,0.0,55.25,55.250              ,55.25,55.25,55.25,55.25,55.25,55.25,55.25,36.691,32.449,52.756,33.093,48.596,12.609,43.188,13.744,34.141,2140.0,2140.0,2675.0,2675.0,2140.0,2140.0,2140.0,2140.0,2675.0,0.883,0.883,1.126,1.123,0.847,0.847,0.837,0.837,15.11,5372.0,14576.0,25.146,262.0,39.77
2026-07-08 06:51:17,55.0,70.000              ,774.848,375.0,1200.0,0.0,55.25,55.250              ,55.25,55.25,55.25,55.25,55.25,55.25,55.25,37.031,27.929,37.317,29.831,49.068,9.333,47.272,14.984,31.596,2575.0,2575.0,2060.0,2060.0,2060.0,2060.0,2060.0,2060.0,2575.0,0.853,0.853,0.881,0.881,0.793,0.793,0.902,0.903,15.008,5376.0,14576.0,25.969,263.0,38.51
2026-07-08 06:51:18,55.0,68.000              ,775.164,200.0,1200.0,0.0,55.25,55.250              ,55.25,55.25,55.25,55.25,55.25,55.25,55.25,40.714,28.392,43.929,37.362,44.116,14.321,42.713,10.676,32.778,2120.0,2120.0,2650.0,2650.0,2140.0,2140.0,2140.0,2140.0,2650.0,0.862,0.862,1.169,1.176,0.806,0.808,0.808,0.814,15.117,5379.0,14577.0,34.775,264.0,28.76
2026-07-08 06:51:19,55.0,68.000              ,775.16,413.0,1067.0,0.0,55.25,55.250              ,55.25,55.25,55.25,55.25,55.25,55.25,55.25,38.625,29.01,42.992,38.325,48.411,9.189,49.317,13.654,33.69,2020.0,2020.0,2525.0,2525.0,2020.0,2020.0,2020.0,2020.0,2525.0,0.805,0.806,1.111,1.104,0.77,0.768,0.837,0.83,14.94,5379.0,14578.0,22.771,265.0,43.92
2026-07-08 06:51:20,55.0,70.000              ,770.691,406.0,1067.0,0.0,55.25,55.250              ,55.25,55.25,55.25,55.25,55.25,55.25,55.25,29.468,26.986,29.829,40.694,39.873,11.642,39.891,14.713,29.137,2080.0,2080.0,2600.0,2600.0,2080.0,2080.0,2080.0,2080.0,2600.0,0.801,0.799,1.092,1.092,0.751,0.751,0.839,0.839,14.903,5377.0,14575.0,24.048,266.0,41.58
2026-07-08 06:51:21,55.0,70.000              ,780.109,387.0,1200.0,0.0,55.25,55.250              ,55.25,55.25,55.25,55.25,55.25,55.25,55.25,34.35,25.831,53.145,30.472,58.12,8.243,42.82,13.619,33.325,2300.0,2300.0,2875.0,2875.0,2300.0,2300.0,2300.0,2300.0,2875.0,0.802,0.802,1.158,1.158,0.907,0.907,0.816,0.816,15.188,5382.0,14587.0,22.716,267.0,44.02
2026-07-08 06:51:22,55.0,68.000              ,773.723,406.0,1067.0,0.0,55.25,55.250              ,55.25,55.25,55.25,55.25,55.25,55.25,55.25,34.975,24.783,49.886,31.512,56.222,7.419,44.131,14.742,32.959,2040.0,2040.0,2550.0,2550.0,2600.0,2600.0,2080.0,2080.0,2600.0,0.808,0.808,1.141,1.14,0.893,0.893,0.849,0.849,15.026,5381.0,14584.0,21.318,268.0,46.91
2026-07-08 06:51:23,55.0,68.000              ,773.73,200.0,1200.0,0.0,55.25,55.250              ,55.25,55.25,55.25,55.25,55.25,55.25,55.25,29.707,27.624,39.422,36.528,51.214,8.428,42.425,15.377,31.341,2140.0,2160.0,2700.0,2700.0,2160.0,2160.0,2160.0,2160.0,2700.0,0.75,0.752,1.073,1.073,0.753,0.753,0.84,0.84,15.057,5380.0,14584.0,26.266,269.0,38.07
2026-07-08 06:51:24,55.0,69.000              ,775.227,406.0,1067.0,0.0,55.25,55.250              ,55.25,55.25,55.25,55.25,55.25,55.25,55.25,46.165,20.727,52.768,29.409,56.281,10.709,41.515,14.053,33.953,2000.0,2000.0,2500.0,2500.0,2000.0,2500.0,2000.0,2000.0,2500.0,0.937,0.943,1.027,1.027,0.872,0.872,0.806,0.806,14.907,5383.0,14585.0,19.817,270.0,50.46
2026-07-08 06:51:25,55.0,69.000              ,769.711,393.0,1200.0,0.0,55.25,55.250              ,55.25,55.25,55.25,55.25,55.25,55.25,55.25,47.441,17.504,52.641,24.373,54.365,9.577,46.876,9.014,32.724,2120.0,2120.0,2650.0,2650.0,2120.0,2120.0,2120.0,2120.0,2650.0,0.964,0.957,1.004,1.004,0.854,0.854,0.834,0.838,15.014,5386.0,14582.0,20.721,271.0,48.26
2026-07-08 06:51:26,55.0,71.000              ,768.711,428.0,1200.0,0.0,55.25,55.250              ,55.25,55.25,55.25,55.25,55.25,55.25,55.25,44.083,18.584,49.507,30.247,54.509,10.911,54.855,12.634,34.416,2140.0,2140.0,2140.0,2140.0,2675.0,2675.0,2120.0,2120.0,2675.0,0.893,0.893,0.975,0.975,0.914,0.917,0.998,0.995,15.173,5386.0,14580.0,23.548,272.0,42.47
2026-07-08 06:51:27,55.0,71.000              ,769.148,435.0,1200.0,0.0,55.25,55.250              ,55.25,55.25,55.25,55.25,55.25,55.25,55.25,42.255,32.09,48.676,34.071,42.587,12.998,44.343,16.17,34.149,2650.0,2650.0,2140.0,2140.0,2140.0,2140.0,2140.0,2140.0,2650.0,0.883,0.883,1.043,1.045,0.758,0.765,0.829,0.829,15.126,5386.0,14580.0,22.968,273.0,43.54
2026-07-08 06:51:28,55.0,69.000              ,762.113,428.0,1067.0,0.0,55.25,55.250              ,55.25,55.25,55.25,55.25,55.25,55.25,55.25,35.6,24.415,41.325,34.679,57.071,11.673,57.915,8.727,33.926,1980.0,1980.0,2475.0,2475.0,2475.0,2475.0,1980.0,1980.0,2475.0,0.797,0.796,1.009,1.007,0.92,0.915,0.916,0.916,14.954,5381.0,14574.0,22.148,274.0,45.15
2026-07-08 06:51:29,55.0,69.000              ,762.113,413.0,1200.0,0.0,55.25,55.250              ,55.25,55.25,55.25,55.25,55.25,55.25,55.25,37.823,24.621,33.174,37.426,44.768,6.036,36.334,9.95,28.767,2100.0,2080.0,2600.0,2600.0,2080.0,2080.0,2080.0,2080.0,2600.0,0.895,0.895,1.165,1.165,0.734,0.732,0.766,0.768,15.021,5384.0,14573.0,27.468,275.0,36.41
2026-07-08 06:51:30,55.0,70.000              ,762.117,387.0,1067.0,0.0,55.25,55.250              ,55.25,55.25,55.25,55.25,55.25,55.25,55.25,38.309,28.039,46.371,32.673,51.905,17.935,45.891,16.409,34.691,2160.0,2160.0,2700.0,2700.0,2140.0,2140.0,2140.0,2140.0,2700.0,0.876,0.886,1.027,1.036,0.968,0.968,0.858,0.856,15.02,5385.0,14571.0,22.531,276.0,44.38
2026-07-08 06:51:31,55.0,69.000              ,762.113,442.0,1200.0,0.0,55.25,55.250              ,55.25,55.25,55.25,55.25,55.25,55.25,55.25,39.943,32.026,52.066,36.676,49.841,16.847,50.765,16.638,36.85,2100.0,2100.0,2625.0,2625.0,2625.0,2625.0,2100.0,2100.0,2625.0,0.934,0.922,1.206,1.18,0.854,0.855,0.921,0.921,15.059,5381.0,14564.0,27.663,277.0,36.15
2026-07-08 06:51:32,55.0,69.000              ,760.727,400.0,1200.0,0.0,55.25,55.250              ,55.25,55.25,55.25,55.25,55.25,55.25,55.25,41.555,33.118,50.228,32.208,50.872,15.857,46.219,21.394,36.431,1960.0,1960.0,2450.0,2450.0,1960.0,1960.0,1960.0,1960.0,2450.0,0.847,0.847,1.017,1.034,0.827,0.825,0.919,0.921,15.051,5387.0,14558.0,27.406,278.0,36.49
2026-07-08 06:51:33,55.0,69.000              ,760.711,457.0,1200.0,0.0,55.25,55.250              ,55.25,55.25,55.25,55.25,55.25,55.25,55.25,35.622,27.174,50.303,30.967,50.661,12.485,40.138,15.427,32.847,2120.0,2120.0,2650.0,2650.0,2120.0,2120.0,2120.0,2120.0,2650.0,0.886,0.875,1.088,1.096,0.841,0.841,0.849,0.847,14.922,5387.0,14558.0,19.995,279.0,50.01
2026-07-08 06:51:34,55.0,69.000              ,760.707,435.0,1067.0,0.0,55.25,55.250              ,55.25,55.25,55.25,55.25,55.25,55.25,55.25,38.922,26.146,33.802,38.594,40.273,17.09,41.84,22.352,32.377,2120.0,2120.0,2650.0,2650.0,2120.0,2120.0,2120.0,2140.0,2650.0,0.868,0.879,1.051,1.042,0.81,0.81,0.944,0.944,15.107,5385.0,14558.0,25.276,280.0,39.56
2026-07-08 06:51:35,55.0,69.000              ,760.836,461.0,1200.0,0.0,55.25,55.250              ,55.25,55.25,55.25,55.25,55.25,55.25,55.25,36.038,27.269,55.345,28.886,48.822,10.475,54.32,11.775,34.116,2060.0,2060.0,2575.0,2550.0,2040.0,2040.0,2040.0,2040.0,2575.0,0.846,0.846,1.138,1.144,0.772,0.772,0.925,0.925,15.004,5389.0,14555.0,23.152,281.0,43.19
2026-07-08 06:51:36,55.0,70.000              ,760.836,375.0,1067.0,0.0,55.25,55.250              ,55.25,55.25,55.25,55.25,55.25,55.25,55.25,35.429,28.6,51.374,38.109,39.176,11.879,40.11,21.642,33.29,2180.0,2180.0,2725.0,2725.0,2180.0,2180.0,2180.0,2180.0,2725.0,0.914,0.914,1.251,1.245,0.741,0.742,0.893,0.893,15.25,5390.0,14555.0,27.912,282.0,35.83
2026-07-08 06:51:37,55.0,70.000              ,760.832,387.0,1067.0,0.0,55.25,55.250              ,55.25,55.25,55.25,55.25,55.25,55.25,55.25,48.797,36.806,49.52,42.526,57.713,20.27,55.654,33.525,43.101,1900.0,1900.0,1900.0,1900.0,1900.0,1900.0,2375.0,2375.0,2375.0,0.843,0.845,0.926,0.926,0.781,0.78,0.904,0.904,14.733,5390.0,14555.0,27.179,283.0,36.79
2026-07-08 06:51:38,55.0,70.000              ,754.301,375.0,1200.0,0.0,55.25,55.250              ,55.25,55.25,55.25,55.25,55.25,55.25,55.25,61.278,54.89,66.185,66.136,71.079,50.841,64.307,52.664,60.923,2000.0,2000.0,2500.0,2500.0,2000.0,2000.0,2000.0,2000.0,2500.0,0.899,0.897,1.062,1.062,0.938,0.938,0.867,0.867,15.777,5275.0,14554.0,24.181,284.0,41.35
2026-07-08 06:51:39,55.0,74.000              ,754.301,338.0,1200.0,0.0,55.25,55.250              ,55.25,55.25,55.25,55.25,55.25,55.25,55.25,84.96,81.406,85.981,86.789,82.717,78.276,83.542,77.204,82.61,1800.0,1800.0,1800.0,1800.0,1500.0,1780.0,1780.0,1780.0,1800.0,0.878,0.879,0.931,0.934,0.836,0.838,0.818,0.818,14.999,5101.0,14558.0,29.074,285.0,34.39
2026-07-08 06:51:40,55.0,79.000              ,760.328,426.0,1200.0,0.0,55.25,55.250              ,55.25,55.25,55.25,55.25,55.25,55.25,55.25,72.21,70.087,76.124,81.373,79.467,60.029,74.558,58.725,71.572,1483.333,1483.333,1780.0,1780.0,1483.333,1483.333,1760.0,1760.0,1780.0,0.82,0.82,0.97,0.967,0.817,0.816,0.809,0.809,14.668,4955.0,14565.0,24.783,286.0,40.35
2026-07-08 06:51:41,55.0,75.000              ,761.473,428.0,1200.0,0.0,55.25,55.250              ,55.25,55.25,55.25,55.25,55.25,55.25,55.25,71.288,70.53,73.633,76.167,76.209,56.275,74.674,59.213,69.749,1733.333,1733.333,2080.0,2080.0,1733.333,1733.333,1733.333,1733.333,2080.0,0.875,0.873,0.98,0.983,0.853,0.853,0.868,0.868,15.212,4822.0,14569.0,29.067,287.0,34.4
2026-07-08 06:51:42,55.0,72.000              ,752.453,413.0,1200.0,0.0,55.25,55.250              ,55.25,55.25,55.25,55.25,55.25,55.25,55.25,58.844,53.179,59.23,62.007,73.383,46.095,65.187,38.568,57.062,1716.667,1716.667,2060.0,2060.0,1716.667,1716.667,1716.667,1716.667,2060.0,0.776,0.778,0.929,0.933,0.935,0.935,0.793,0.793,14.817,4760.0,14562.0,35.411,288.0,28.24
2026-07-08 06:51:43,55.0,71.000              ,752.027,442.0,1200.0,0.0,55.25,55.250              ,55.25,55.25,55.25,55.25,55.25,55.25,55.25,61.87,54.542,67.313,66.932,73.567,60.817,72.381,52.96,63.798,1800.0,1800.0,2160.0,2160.0,2160.0,2160.0,1783.333,1783.333,2160.0,0.763,0.762,0.936,0.928,0.966,0.967,0.907,0.909,15.168,4600.0,14565.0,25.086,289.0,39.86
2026-07-08 06:51:44,55.0,69.000              ,752.027,457.0,1200.0,0.0,55.25,55.250              ,55.25,55.25,55.25,55.25,55.25,55.25,55.25,60.181,50.853,63.661,66.793,66.665,39.208,70.588,64.211,60.27,1800.0,1816.667,2180.0,2180.0,1800.0,1800.0,1800.0,1800.0,2180.0,0.782,0.782,0.983,0.983,0.784,0.782,1.007,1.005,14.828,4463.0,14567.0,28.25,290.0,35.4
2026-07-08 06:51:45,55.0,71.000              ,753.289,364.0,1200.0,0.0,55.25,55.250              ,55.25,55.25,55.25,55.25,55.25,55.25,55.25,54.734,47.916,65.037,65.218,63.632,31.808,65.505,52.41,55.783,1716.667,1716.667,2060.0,2060.0,1716.667,1716.667,2060.0,2060.0,2060.0,0.726,0.727,0.964,0.964,0.744,0.744,0.876,0.876,15.054,4287.0,14560.0,24.187,291.0,41.34
2026-07-08 06:51:46,55.0,69.000              ,754.93,393.0,1200.0,0.0,55.25,55.250              ,55.25,55.25,55.25,55.25,55.25,55.25,55.25,49.814,25.812,44.315,33.083,55.234,9.495,44.847,14.754,34.669,1900.0,1900.0,2375.0,2375.0,1920.0,1920.0,1920.0,1920.0,2375.0,0.87,0.869,0.935,0.935,0.775,0.775,0.8,0.8,14.851,4296.0,14558.0,23.035,292.0,43.41
2026-07-08 06:51:47,55.0,68.000              ,755.367,492.0,1200.0,0.0,55.25,55.250              ,55.25,55.25,55.25,55.25,55.25,55.25,55.25,45.262,28.421,45.23,34.691,58.369,15.118,43.757,20.416,36.408,2450.0,2450.0,1960.0,1960.0,1960.0,1960.0,1960.0,1960.0,2450.0,0.833,0.833,0.95,0.95,0.89,0.89,0.794,0.794,14.926,4298.0,14558.0,19.896,293.0,50.26
2026-07-08 06:51:48,55.0,69.000              ,756.629,435.0,1200.0,0.0,55.25,55.250              ,55.25,55.25,55.25,55.25,55.25,55.25,55.25,28.579,27.915,39.34,40.479,48.629,5.851,39.313,14.906,30.627,1920.0,1920.0,2400.0,2400.0,1920.0,1920.0,1920.0,2400.0,2400.0,0.73,0.731,1.095,1.095,0.716,0.716,0.775,0.776,15.178,4298.0,14562.0,26.037,294.0,38.41
2026-07-08 06:51:49,55.0,69.000              ,754.504,393.0,1067.0,0.0,55.25,55.250              ,55.25,55.25,55.25,55.25,55.25,55.25,55.25,37.073,25.146,44.39,35.898,59.706,8.937,43.802,13.48,33.554,2020.0,2020.0,2525.0,2525.0,2020.0,2020.0,2020.0,2000.0,2525.0,0.808,0.807,1.037,1.045,0.875,0.875,0.815,0.814,14.951,4298.0,14561.0,21.531,295.0,46.44
2026-07-08 06:51:50,55.0,70.000              ,754.441,352.0,1200.0,0.0,55.25,55.250              ,55.25,55.25,55.25,55.25,55.25,55.25,55.25,37.474,28.655,47.287,36.953,58.952,14.766,39.867,18.079,35.254,1980.0,1980.0,1980.0,2000.0,2475.0,2475.0,1980.0,1980.0,2475.0,0.807,0.807,0.976,0.968,0.972,0.972,0.791,0.791,14.938,4297.0,14558.0,24.719,296.0,40.45
2026-07-08 06:51:51,55.0,70.000              ,756.758,200.0,1200.0,0.0,55.25,55.250              ,55.25,55.25,55.25,55.25,55.25,55.25,55.25,39.736,24.591,47.412,35.845,50.623,16.332,37.304,17.541,33.673,2060.0,2060.0,2060.0,2060.0,2575.0,2575.0,2060.0,2060.0,2575.0,0.838,0.838,1.085,1.085,0.855,0.855,0.77,0.775,14.985,4300.0,14563.0,19.45,297.0,51.41
2026-07-08 06:51:52,55.0,68.000              ,756.758,393.0,1067.0,0.0,55.125,55.125              ,55.125,55.125,55.125,55.125,55.125,55.125,55.125,34.936,28.526,35.903,47.756,46.606,11.259,40.314,19.244,33.068,2020.0,2020.0,2525.0,2525.0,2020.0,2020.0,2020.0,2020.0,2525.0,0.755,0.756,1.104,1.104,0.703,0.703,0.773,0.769,15.21,4300.0,14564.0,24.302,298.0,41.15
2026-07-08 06:51:53,55.0,68.000              ,756.758,200.0,1200.0,0.0,55.125,55.125              ,55.125,55.125,55.125,55.125,55.125,55.125,55.125,44.44,26.357,38.006,44.549,59.662,8.699,34.31,15.084,33.888,1940.0,1940.0,2425.0,2400.0,1920.0,1920.0,1920.0,1920.0,2425.0,0.832,0.831,1.126,1.128,0.834,0.834,0.719,0.718,15.065,4299.0,14561.0,22.394,299.0,44.65
2026-07-08 06:51:54,55.0,68.000              ,756.762,492.0,1200.0,0.0,55.125,55.125              ,55.125,55.125,55.125,55.125,55.125,55.125,55.125,48.475,32.084,57.958,38.543,60.282,17.987,53.713,24.937,41.747,1940.0,1940.0,2400.0,2400.0,1920.0,1920.0,1920.0,1920.0,2400.0,0.777,0.777,1.022,1.022,0.76,0.769,0.849,0.849,15.045,4322.0,14560.0,27.71,300.0,36.09
2026-07-08 06:51:55,55.0,70.000              ,756.762,400.0,1067.0,0.0,55.125,55.125              ,55.125,55.125,55.125,55.125,55.125,55.125,55.125,40.342,28.37,52.425,32.103,57.62,9.742,40.64,15.527,34.596,1920.0,1920.0,2400.0,2400.0,1920.0,1920.0,1920.0,1920.0,2400.0,0.829,0.831,1.031,1.028,0.875,0.866,0.764,0.764,14.842,4324.0,14560.0,26.51,301.0,37.72
2026-07-08 06:51:56,55.0,71.000              ,765.789,393.0,1200.0,0.0,55.125,55.125              ,55.125,55.125,55.125,55.125,55.125,55.125,55.125,40.402,32.183,59.225,38.705,59.807,17.634,49.681,24.127,40.221,2000.0,2000.0,2500.0,2500.0,2000.0,2000.0,2000.0,2000.0,2500.0,0.79,0.789,1.144,1.145,0.879,0.879,0.865,0.865,15.42,4337.0,14577.0,35.022,302.0,28.55
2026-07-08 06:51:57,55.0,70.000              ,769.668,200.0,1200.0,0.0,55.25,55.250              ,55.25,55.25,55.25,55.25,55.25,55.25,55.25,55.99,47.097,60.598,64.995,65.414,34.194,66.166,48.842,55.412,1716.667,1716.667,2060.0,2060.0,1716.667,1716.667,2060.0,2060.0,2060.0,0.803,0.802,1.066,1.059,0.777,0.778,0.938,0.938,15.047,4367.0,14555.0,27.509,303.0,36.35
2026-07-08 06:51:58,55.0,71.000              ,770.488,352.0,1200.0,0.0,55.25,55.250              ,55.25,55.25,55.25,55.25,55.25,55.25,55.25,48.476,37.059,54.275,47.225,57.139,21.852,48.864,25.038,42.491,1650.0,1650.0,1980.0,1980.0,1650.0,1650.0,1650.0,1650.0,1980.0,0.742,0.742,0.989,0.994,0.756,0.755,0.731,0.732,14.739,4378.0,14544.0,32.265,304.0,30.99
2026-07-08 06:51:59,55.0,70.000              ,770.867,426.0,1200.0,0.0,55.25,55.250              ,55.25,55.25,55.25,55.25,55.25,55.25,55.25,34.312,26.59,52.008,39.913,52.295,10.455,42.324,13.323,33.903,1980.0,1980.0,1980.0,1980.0,2450.0,2450.0,1960.0,1960.0,2450.0,0.765,0.765,1.18,1.183,0.765,0.77,0.764,0.763,14.919,4378.0,14545.0,21.213,305.0,47.14
2026-07-08 06:52:00,55.0,69.000              ,772.504,381.0,1200.0,0.0,55.25,55.250              ,55.25,55.25,55.25,55.25,55.25,55.25,55.25,42.757,26.005,46.22,41.649,55.297,16.309,44.106,20.27,36.576,1940.0,1940.0,2425.0,2450.0,1960.0,1960.0,1960.0,1960.0,2450.0,0.774,0.774,1.045,1.041,0.82,0.814,0.777,0.78,15.009,4382.0,14552.0,31.096,306.0,32.16
2026-07-08 06:52:01,55.0,68.000              ,771.383,457.0,1067.0,0.0,55.25,55.250              ,55.25,55.25,55.25,55.25,55.25,55.25,55.25,39.267,28.282,50.09,32.727,57.994,10.944,43.051,15.422,34.722,1940.0,1940.0,1940.0,1940.0,2425.0,2400.0,1940.0,1940.0,2425.0,0.802,0.802,1.053,1.053,0.829,0.829,0.792,0.79,15.203,4382.0,14546.0,25.608,307.0,39.05
2026-07-08 06:52:02,55.0,69.000              ,765.414,200.0,1200.0,0.0,55.25,55.250              ,55.25,55.25,55.25,55.25,55.25,55.25,55.25,34.595,28.663,45.635,31.408,61.233,7.056,48.058,13.16,33.726,2000.0,2000.0,2500.0,2500.0,2000.0,2000.0,2000.0,2000.0,2500.0,0.758,0.758,0.963,0.963,0.871,0.871,0.831,0.832,15.089,4378.0,14541.0,26.713,308.0,37.43
2026-07-08 06:52:03,55.0,69.000              ,766.914,200.0,1200.0,0.0,55.25,55.250              ,55.25,55.25,55.25,55.25,55.25,55.25,55.25,40.277,29.456,50.852,42.017,59.634,17.919,52.181,21.928,39.283,1860.0,1860.0,2325.0,2325.0,1880.0,1880.0,1860.0,1860.0,2325.0,0.726,0.726,0.957,0.957,0.857,0.857,0.782,0.781,14.937,4381.0,14542.0,27.26,309.0,36.68
2026-07-08 06:52:04,55.0,67.000              ,766.539,469.0,1067.0,0.0,55.25,55.250              ,55.25,55.25,55.25,55.25,55.25,55.25,55.25,41.485,31.595,40.948,47.573,57.009,11.974,49.418,19.695,37.462,1840.0,1840.0,2300.0,2300.0,1840.0,1840.0,1820.0,1820.0,2300.0,0.75,0.75,1.04,1.04,0.748,0.748,0.776,0.776,15.023,4379.0,14541.0,18.518,310.0,54.0
2026-07-08 06:52:05,55.0,69.000              ,765.531,442.0,1067.0,0.0,55.25,55.250              ,55.25,55.25,55.25,55.25,55.25,55.25,55.25,40.024,27.897,46.711,36.347,56.726,8.707,52.872,16.107,35.674,2300.0,2300.0,2300.0,2300.0,2300.0,2300.0,2300.0,2300.0,2300.0,0.756,0.756,0.97,0.97,0.745,0.745,0.845,0.838,14.983,4379.0,14540.0,24.078,311.0,41.53
2026-07-08 06:52:06,55.0,71.000              ,765.527,484.0,1200.0,0.0,55.25,55.250              ,55.25,55.25,55.25,55.25,55.25,55.25,55.25,42.034,28.341,52.02,31.473,59.73,15.911,45.281,19.223,36.752,1860.0,1860.0,2325.0,2325.0,2300.0,2300.0,1840.0,1840.0,2325.0,0.742,0.743,0.923,0.923,0.878,0.878,0.768,0.774,15.155,4379.0,14536.0,20.632,312.0,48.47
2026-07-08 06:52:07,55.0,71.000              ,765.574,450.0,1200.0,0.0,55.25,55.250              ,55.25,55.25,55.25,55.25,55.25,55.25,55.25,32.08,31.481,39.679,30.9,55.389,7.312,49.231,12.057,32.266,1920.0,1920.0,2400.0,2375.0,2375.0,2375.0,2375.0,2375.0,2400.0,0.719,0.719,0.857,0.857,0.76,0.76,0.813,0.814,15.013,4378.0,14536.0,23.866,313.0,41.9
2026-07-08 06:52:08,55.0,70.000              ,765.578,200.0,1067.0,0.0,55.25,55.250              ,55.25,55.25,55.25,55.25,55.25,55.25,55.25,46.584,27.444,42.889,36.501,60.354,12.149,44.443,21.837,36.525,1940.0,1940.0,1940.0,1940.0,2425.0,2425.0,1940.0,1940.0,2425.0,0.835,0.835,0.91,0.91,0.902,0.902,0.84,0.837,14.955,4378.0,14536.0,22.632,314.0,44.19
2026-07-08 06:52:09,55.0,69.000              ,764.141,428.0,1067.0,0.0,55.25,55.250              ,55.25,55.25,55.25,55.25,55.25,55.25,55.25,39.51,33.335,49.158,41.898,55.104,15.503,45.146,22.672,37.791,1760.0,1760.0,2200.0,2200.0,1760.0,1760.0,1760.0,1760.0,2200.0,0.765,0.765,1.021,1.021,0.845,0.851,0.769,0.769,15.011,4386.0,14535.0,20.223,315.0,49.45
2026-07-08 06:52:10,55.0,69.000              ,770.16,525.0,1200.0,0.0,55.25,55.250              ,55.25,55.25,55.25,55.25,55.25,55.25,55.25,40.529,28.271,49.773,33.322,57.98,14.484,38.316,17.839,35.064,2100.0,2100.0,2100.0,2100.0,2625.0,2625.0,2100.0,2080.0,2625.0,0.79,0.79,0.973,0.976,0.91,0.904,0.765,0.771,15.044,4387.0,14546.0,20.315,316.0,49.22
2026-07-08 06:52:11,55.0,71.000              ,769.164,420.0,1200.0,0.0,55.25,55.250              ,55.25,55.25,55.25,55.25,55.25,55.25,55.25,35.466,24.893,39.413,42.947,51.521,7.774,42.737,17.322,32.759,1980.0,1980.0,2475.0,2475.0,1980.0,1980.0,1980.0,1980.0,2475.0,0.743,0.744,1.094,1.091,0.735,0.735,0.801,0.795,14.964,4387.0,14545.0,24.555,317.0,40.72
2026-07-08 06:52:12,55.0,71.000              ,769.598,420.0,1200.0,0.0,55.25,55.250              ,55.25,55.25,55.25,55.25,55.25,55.25,55.25,41.104,26.534,39.18,28.014,59.857,9.967,43.585,11.977,32.527,2020.0,2020.0,2020.0,2020.0,2525.0,2525.0,2020.0,2020.0,2525.0,0.826,0.824,0.848,0.848,0.914,0.914,0.794,0.794,15.03,4389.0,14541.0,26.679,318.0,37.48
2026-07-08 06:52:13,55.0,70.000              ,777.18,200.0,1200.0,0.0,55.25,55.250              ,55.25,55.25,55.25,55.25,55.25,55.25,55.25,43.927,30.934,47.476,35.465,62.304,11.801,48.814,15.479,37.025,1880.0,1880.0,2325.0,2325.0,2325.0,2325.0,1860.0,1860.0,2325.0,0.743,0.743,0.88,0.868,0.816,0.816,0.725,0.725,15.091,4393.0,14554.0,20.68,319.0,48.36
2026-07-08 06:52:14,55.0,69.000              ,777.18,200.0,1200.0,0.0,55.25,55.250              ,55.25,55.25,55.25,55.25,55.25,55.25,55.25,49.255,28.689,46.316,38.443,57.467,13.646,43.587,19.693,37.137,2275.0,2275.0,2275.0,2275.0,1800.0,1800.0,2250.0,1800.0,2275.0,0.765,0.765,0.886,0.898,0.761,0.761,0.73,0.731,15.084,4393.0,14554.0,20.083,320.0,49.79
2026-07-08 06:52:15,55.0,68.000              ,777.18,572.0,1200.0,0.0,55.25,55.250              ,55.25,55.25,55.25,55.25,55.25,55.25,55.25,43.759,29.379,46.53,28.191,59.181,13.089,42.617,17.291,35.005,1860.0,1860.0,1860.0,1860.0,2325.0,2325.0,1860.0,1860.0,2325.0,0.731,0.731,0.767,0.769,0.794,0.794,0.702,0.7,15.068,4401.0,14554.0,19.21,321.0,52.06
2026-07-08 06:52:16,55.0,69.000              ,777.051,393.0,1200.0,0.0,55.25,55.250              ,55.25,55.25,55.25,55.25,55.25,55.25,55.25,39.182,31.434,37.875,40.661,54.802,10.677,40.823,15.777,33.904,1840.0,1860.0,2325.0,2325.0,1860.0,1860.0,1860.0,1860.0,2325.0,0.783,0.783,0.974,0.973,0.792,0.792,0.741,0.752,14.988,4400.0,14555.0,29.089,322.0,34.38
2026-07-08 06:52:17,55.0,69.000              ,777.063,400.0,1067.0,0.0,55.25,55.250              ,55.25,55.25,55.25,55.25,55.25,55.25,55.25,46.765,25.804,41.174,33.958,54.179,10.124,40.672,11.858,33.067,1980.0,2475.0,2000.0,2525.0,2525.0,2525.0,2020.0,2020.0,2525.0,0.942,0.941,0.919,0.919,0.813,0.805,0.763,0.752,14.954,4403.0,14555.0,25.248,323.0,39.61
2026-07-08 06:52:18,55.0,68.000              ,777.055,200.0,1067.0,0.0,55.375,55.375              ,55.375,55.375,55.375,55.375,55.375,55.375,55.375,59.782,45.02,62.289,55.333,67.87,39.023,64.491,37.001,53.851,1860.0,1860.0,2325.0,2325.0,1860.0,1860.0,1840.0,1840.0,2325.0,0.773,0.765,0.932,0.935,0.849,0.858,0.819,0.819,15.209,4423.0,14559.0,25.953,324.0,38.53
2026-07-08 06:52:19,55.0,66.000              ,774.047,331.0,1200.0,0.0,55.375,55.375              ,55.375,55.375,55.375,55.375,55.375,55.375,55.375,66.171,59.018,76.575,72.286,78.326,63.399,73.592,52.022,67.674,1800.0,1800.0,2160.0,2140.0,1783.333,1783.333,1783.333,1766.667,2160.0,0.74,0.748,0.984,0.981,0.931,0.931,0.768,0.773,15.322,4597.0,14618.0,25.146,325.0,39.77
2026-07-08 06:52:20,55.0,73.000              ,774.043,387.0,1200.0,0.0,55.375,55.375              ,55.375,55.375,55.375,55.375,55.375,55.375,55.375,74.073,65.775,78.066,79.316,78.691,76.545,80.29,63.493,74.531,1733.333,1733.333,1733.333,1733.333,1733.333,1733.333,1485.714,1485.714,1733.333,0.71,0.7,0.848,0.848,0.892,0.897,0.732,0.728,15.003,4737.0,14757.0,31.996,326.0,31.25
2026-07-08 06:52:21,55.0,81.000              ,772.566,563.0,1200.0,0.0,55.375,55.375              ,55.375,55.375,55.375,55.375,55.375,55.375,55.375,49.642,43.024,59.647,56.38,70.258,40.762,68.061,27.306,51.885,1583.333,1583.333,1900.0,1900.0,1583.333,1880.0,1566.667,1566.667,1900.0,0.635,0.644,0.834,0.834,0.793,0.789,0.668,0.667,14.742,4569.0,14578.0,30.132,327.0,33.19
2026-07-08 06:52:22,55.0,72.000              ,772.695,200.0,1067.0,0.0,55.375,55.375              ,55.375,55.375,55.375,55.375,55.375,55.375,55.375,38.198,28.053,49.773,32.934,43.172,12.967,65.49,16.555,35.893,1860.0,1860.0,2325.0,2325.0,1860.0,1880.0,1880.0,1880.0,2325.0,0.718,0.72,0.932,0.932,0.663,0.661,0.908,0.908,14.907,4566.0,14574.0,23.354,328.0,42.82
2026-07-08 06:52:23,55.0,65.000              ,772.691,600.0,1067.0,0.0,55.25,55.250              ,55.25,55.25,55.25,55.25,55.25,55.25,55.25,38.364,23.532,53.859,29.209,40.429,17.858,61.324,14.182,34.845,1900.0,1900.0,2375.0,2375.0,1900.0,1900.0,1880.0,1880.0,2375.0,0.694,0.692,0.915,0.915,0.679,0.679,0.911,0.911,14.968,4566.0,14574.0,21.026,329.0,47.56
2026-07-08 06:52:24,55.0,69.000              ,773.273,200.0,1200.0,0.0,55.25,55.250              ,55.25,55.25,55.25,55.25,55.25,55.25,55.25,34.837,25.928,42.668,28.038,49.918,8.116,57.819,10.826,32.269,1940.0,1940.0,2450.0,2450.0,1960.0,1960.0,2450.0,2450.0,2450.0,0.748,0.748,0.889,0.889,0.725,0.725,0.912,0.912,15.016,4563.0,14570.0,23.732,330.0,42.14
2026-07-08 06:52:25,55.0,69.000              ,771.828,484.0,1200.0,0.0,55.25,55.250              ,55.25,55.25,55.25,55.25,55.25,55.25,55.25,36.207,30.461,43.632,42.433,56.726,8.429,51.738,13.723,35.419,1920.0,1920.0,2400.0,2400.0,1900.0,1900.0,1900.0,1900.0,2400.0,0.736,0.736,0.977,0.979,0.729,0.731,0.757,0.757,15.215,4561.0,14569.0,28.754,331.0,34.78
2026-07-08 06:52:26,55.0,68.000              ,767.305,461.0,1067.0,0.0,55.25,55.250              ,55.25,55.25,55.25,55.25,55.25,55.25,55.25,40.208,28.553,49.57,31.641,55.769,6.892,53.036,12.936,34.826,1860.0,1860.0,2300.0,2300.0,1840.0,1840.0,1840.0,1840.0,2300.0,0.77,0.777,0.922,0.92,0.697,0.695,0.78,0.786,14.883,4555.0,14565.0,23.045,332.0,43.39
2026-07-08 06:52:27,55.0,69.000              ,767.309,476.0,1200.0,0.0,55.25,55.250              ,55.25,55.25,55.25,55.25,55.25,55.25,55.25,42.033,35.449,47.595,38.648,50.47,19.245,52.102,23.859,38.675,1840.0,1840.0,1840.0,2300.0,1840.0,1840.0,2300.0,2300.0,2300.0,0.755,0.749,0.924,0.926,0.739,0.739,0.805,0.799,15.451,4557.0,14560.0,24.413,333.0,40.96
2026-07-08 06:52:28,55.0,72.000              ,767.434,484.0,1200.0,0.0,55.25,55.250              ,55.25,55.25,55.25,55.25,55.25,55.25,55.25,42.413,33.973,43.879,53.039,46.241,17.793,50.817,22.143,38.787,1683.333,1683.333,2020.0,2020.0,1683.333,1683.333,1683.333,1683.333,2020.0,0.696,0.696,0.926,0.925,0.602,0.602,0.67,0.672,14.842,4557.0,14560.0,26.308,334.0,38.01
2026-07-08 06:52:29,55.0,72.000              ,767.434,554.0,1067.0,0.0,55.25,55.250              ,55.25,55.25,55.25,55.25,55.25,55.25,55.25,39.76,27.805,51.335,39.234,54.383,11.813,54.657,19.044,37.254,1816.667,1760.0,2200.0,2200.0,1760.0,1760.0,1760.0,1760.0,2200.0,0.669,0.669,0.892,0.882,0.652,0.652,0.764,0.762,14.823,4537.0,14532.0,27.428,335.0,36.46
2026-07-08 06:52:30,55.0,69.000              ,767.434,711.0,1200.0,0.0,55.25,55.250              ,55.25,55.25,55.25,55.25,55.25,55.25,55.25,40.778,32.702,51.318,32.911,53.401,15.776,55.625,22.656,38.146,1820.0,1820.0,2275.0,2275.0,1820.0,1820.0,1820.0,1820.0,2275.0,0.678,0.678,0.804,0.812,0.717,0.717,0.852,0.852,15.109,4543.0,14532.0,29.892,336.0,33.45
2026-07-08 06:52:31,55.0,69.000              ,767.43,442.0,1200.0,0.0,55.25,55.250              ,55.25,55.25,55.25,55.25,55.25,55.25,55.25,40.08,25.537,49.581,31.063,40.24,12.073,45.043,20.496,33.014,1920.0,1920.0,1920.0,1920.0,1920.0,1920.0,2400.0,2400.0,2400.0,0.775,0.776,0.983,0.983,0.66,0.657,0.84,0.843,14.877,4542.0,14528.0,20.466,337.0,48.86
2026-07-08 06:52:32,55.0,70.000              ,767.438,200.0,1067.0,0.0,55.25,55.250              ,55.25,55.25,55.25,55.25,55.25,55.25,55.25,38.667,33.938,46.83,37.409,56.53,14.262,45.26,19.105,36.5,1900.0,1900.0,2375.0,2375.0,1900.0,1900.0,1920.0,1920.0,2375.0,0.785,0.784,0.946,0.948,0.829,0.835,0.758,0.755,15.166,4544.0,14528.0,24.297,338.0,41.16
2026-07-08 06:52:33,55.0,68.000              ,767.438,200.0,1067.0,0.0,55.25,55.250              ,55.25,55.25,55.25,55.25,55.25,55.25,55.25,39.124,27.463,48.268,27.068,51.195,10.965,46.1,16.576,33.345,1960.0,1960.0,2450.0,2450.0,1960.0,1960.0,1960.0,1960.0,2450.0,0.821,0.821,0.943,0.941,0.833,0.833,0.847,0.847,14.735,4542.0,14527.0,23.679,339.0,42.23
2026-07-08 06:52:34,55.0,68.000              ,767.422,469.0,1200.0,0.0,55.25,55.250              ,55.25,55.25,55.25,55.25,55.25,55.25,55.25,39.563,25.873,46.326,32.275,44.671,12.965,50.551,14.604,33.354,2060.0,2060.0,2575.0,2575.0,2060.0,2060.0,2575.0,2575.0,2575.0,0.803,0.803,1.033,1.035,0.779,0.779,0.95,0.952,15.301,4543.0,14528.0,27.345,340.0,36.57
2026-07-08 06:52:35,55.0,69.000              ,767.422,200.0,1200.0,0.0,55.25,55.250              ,55.25,55.25,55.25,55.25,55.25,55.25,55.25,41.868,30.276,47.83,36.812,44.957,12.905,57.26,12.986,35.612,2060.0,2060.0,2575.0,2575.0,2060.0,2060.0,2060.0,2060.0,2575.0,0.822,0.824,1.065,1.063,0.751,0.751,0.925,0.923,15.127,4541.0,14528.0,23.351,341.0,42.82
2026-07-08 06:52:36,55.0,67.000              ,767.434,442.0,1067.0,0.0,55.25,55.250              ,55.25,55.25,55.25,55.25,55.25,55.25,55.25,34.23,27.755,42.455,40.463,41.627,16.863,39.71,16.177,32.41,2000.0,2000.0,2500.0,2500.0,2000.0,2020.0,2020.0,2020.0,2500.0,0.773,0.77,1.107,1.107,0.76,0.76,0.765,0.765,14.917,4534.0,14530.0,26.767,342.0,37.36
2026-07-08 06:52:37,55.0,68.000              ,768.742,442.0,1067.0,0.0,55.25,55.250              ,55.25,55.25,55.25,55.25,55.25,55.25,55.25,39.052,23.564,61.346,25.015,58.92,8.257,52.067,15.848,35.509,1980.0,1980.0,2475.0,2475.0,1980.0,1980.0,1980.0,1980.0,2475.0,0.811,0.811,1.096,1.098,0.806,0.806,0.862,0.866,15.036,4535.0,14530.0,25.028,343.0,39.96
2026-07-08 06:52:38,55.0,70.000              ,768.742,500.0,1067.0,0.0,55.25,55.250              ,55.25,55.25,55.25,55.25,55.25,55.25,55.25,33.488,21.465,70.905,18.686,48.968,10.278,55.646,10.35,33.723,1980.0,1980.0,2475.0,2475.0,1980.0,1980.0,1980.0,1980.0,2475.0,0.763,0.765,1.136,1.134,0.781,0.789,0.885,0.881,15.012,4535.0,14530.0,18.604,344.0,53.75
2026-07-08 06:52:39,55.0,71.000              ,768.746,200.0,1067.0,0.0,55.25,55.250              ,55.25,55.25,55.25,55.25,55.25,55.25,55.25,26.956,28.079,50.458,29.211,45.501,8.49,45.557,11.005,30.657,2000.0,2000.0,2475.0,2475.0,1980.0,1980.0,1980.0,1980.0,2475.0,0.766,0.764,1.104,1.104,0.804,0.797,0.844,0.844,14.914,4534.0,14528.0,26.667,345.0,37.5
2026-07-08 06:52:40,55.0,70.000              ,768.496,420.0,1067.0,0.0,55.25,55.250              ,55.25,55.25,55.25,55.25,55.25,55.25,55.25,36.335,26.086,52.65,30.82,47.873,11.465,43.814,10.206,32.406,2080.0,2080.0,2600.0,2600.0,2080.0,2080.0,2080.0,2080.0,2600.0,0.856,0.856,1.175,1.175,0.855,0.848,0.809,0.809,15.028,4542.0,14528.0,24.119,346.0,41.46
2026-07-08 06:52:41,55.0,69.000              ,768.488,428.0,1067.0,0.0,55.25,55.250              ,55.25,55.25,55.25,55.25,55.25,55.25,55.25,43.409,26.105,36.544,38.101,54.822,12.414,37.035,16.014,33.056,2020.0,2020.0,2525.0,2525.0,2020.0,2020.0,2020.0,2020.0,2525.0,0.885,0.889,1.031,1.021,0.932,0.94,0.802,0.802,14.993,4546.0,14529.0,21.792,347.0,45.89
2026-07-08 06:52:42,55.0,71.000              ,768.492,492.0,1200.0,0.0,55.25,55.250              ,55.25,55.25,55.25,55.25,55.25,55.25,55.25,34.741,20.228,35.119,28.63,48.884,7.897,40.724,10.713,28.367,2140.0,2140.0,2675.0,2675.0,2140.0,2140.0,2140.0,2160.0,2675.0,0.809,0.805,0.93,0.938,0.882,0.882,0.798,0.798,15.071,4546.0,14529.0,26.526,348.0,37.7
2026-07-08 06:52:43,55.0,71.000              ,767.68,420.0,1067.0,0.0,55.25,55.250              ,55.25,55.25,55.25,55.25,55.25,55.25,55.25,46.114,29.129,48.347,26.202,44.85,12.029,54.171,16.02,34.608,2575.0,2575.0,2060.0,2060.0,2060.0,2060.0,2060.0,2060.0,2575.0,0.941,0.941,0.969,0.969,0.79,0.792,0.975,0.975,15.234,4545.0,14529.0,24.58,349.0,40.68
2026-07-08 06:52:44,55.0,70.000              ,767.426,476.0,1067.0,0.0,55.25,55.250              ,55.25,55.25,55.25,55.25,55.25,55.25,55.25,28.695,25.954,52.71,27.176,46.914,4.985,49.202,11.308,30.868,2120.0,2120.0,2650.0,2650.0,2120.0,2120.0,2120.0,2120.0,2650.0,0.793,0.793,1.142,1.142,0.786,0.785,0.908,0.908,14.988,4544.0,14528.0,29.055,350.0,34.42
2026-07-08 06:52:45,55.0,70.000              ,767.426,450.0,1200.0,0.0,55.25,55.250              ,55.25,55.25,55.25,55.25,55.25,55.25,55.25,31.159,26.87,58.508,26.733,51.685,10.189,55.638,10.21,33.874,1960.0,1980.0,2475.0,2475.0,1980.0,1980.0,1980.0,1980.0,2475.0,0.765,0.765,1.122,1.122,0.837,0.837,0.896,0.896,14.948,4548.0,14529.0,25.954,351.0,38.53
2026-07-08 06:52:46,55.0,71.000              ,766.422,541.0,1067.0,0.0,55.25,55.250              ,55.25,55.25,55.25,55.25,55.25,55.25,55.25,32.982,29.593,64.125,24.49,46.501,9.239,53.166,14.33,34.303,2040.0,2040.0,2550.0,2550.0,2040.0,2040.0,2060.0,2060.0,2550.0,0.784,0.784,1.152,1.154,0.731,0.731,0.908,0.908,15.079,4549.0,14528.0,21.017,352.0,47.58
2026-07-08 06:52:47,55.0,69.000              ,766.418,428.0,1200.0,0.0,55.25,55.250              ,55.25,55.25,55.25,55.25,55.25,55.25,55.25,29.53,26.345,46.45,27.746,48.286,7.767,45.45,9.961,30.192,2000.0,2000.0,2500.0,2500.0,2000.0,2000.0,2020.0,2020.0,2500.0,0.759,0.759,1.042,1.041,0.762,0.762,0.827,0.827,15.128,4554.0,14527.0,27.169,353.0,36.81
2026-07-08 06:52:48,55.0,69.000              ,766.418,200.0,1200.0,0.0,55.25,55.250              ,55.25,55.25,55.25,55.25,55.25,55.25,55.25,49.805,26.194,38.36,32.326,42.711,14.838,44.594,16.167,33.124,2060.0,2060.0,2575.0,2575.0,2060.0,2060.0,2060.0,2060.0,2575.0,1.011,1.012,0.951,0.95,0.809,0.809,0.852,0.852,14.971,4554.0,14527.0,23.072,354.0,43.34
2026-07-08 06:52:49,55.0,69.000              ,766.418,406.0,1067.0,0.0,55.25,55.250              ,55.25,55.25,55.25,55.25,55.25,55.25,55.25,29.509,24.79,40.387,29.145,47.632,7.467,40.893,8.206,28.504,2020.0,2020.0,2550.0,2600.0,2080.0,2080.0,2080.0,2080.0,2600.0,0.767,0.766,1.033,1.035,0.833,0.833,0.789,0.791,14.937,4553.0,14525.0,25.272,355.0,39.57
2026-07-08 06:52:50,55.0,68.000              ,766.422,450.0,1067.0,0.0,55.25,55.250              ,55.25,55.25,55.25,55.25,55.25,55.25,55.25,37.639,27.865,57.499,30.904,47.02,7.982,50.079,8.023,33.376,2100.0,2100.0,2625.0,2625.0,2100.0,2100.0,2100.0,2100.0,2625.0,0.848,0.848,1.175,1.173,0.767,0.767,0.848,0.847,15.187,4553.0,14525.0,24.235,356.0,41.26
2026-07-08 06:52:51,55.0,69.000              ,766.668,469.0,1200.0,0.0,55.25,55.250              ,55.25,55.25,55.25,55.25,55.25,55.25,55.25,44.781,27.893,50.024,34.029,44.937,12.638,53.098,9.333,34.591,2040.0,2020.0,2525.0,2525.0,2020.0,2020.0,2020.0,2020.0,2525.0,0.845,0.845,1.077,1.077,0.764,0.764,0.839,0.841,15.067,4553.0,14525.0,26.384,357.0,37.9
2026-07-08 06:52:52,55.0,71.000              ,766.672,450.0,1067.0,0.0,55.25,55.250              ,55.25,55.25,55.25,55.25,55.25,55.25,55.25,30.417,24.309,38.604,38.195,39.616,10.507,44.688,15.346,30.21,2040.0,2040.0,2550.0,2550.0,2040.0,2040.0,2040.0,2020.0,2550.0,0.729,0.729,1.041,1.041,0.706,0.706,0.832,0.844,15.052,4554.0,14526.0,24.435,358.0,40.92
2026-07-08 06:52:53,55.0,70.000              ,766.703,200.0,1200.0,0.0,55.25,55.250              ,55.25,55.25,55.25,55.25,55.25,55.25,55.25,28.154,28.428,34.206,48.095,43.394,10.436,41.007,17.636,31.42,2060.0,2060.0,2575.0,2575.0,2060.0,2060.0,2060.0,2060.0,2575.0,0.735,0.735,1.152,1.152,0.705,0.705,0.796,0.782,14.843,4552.0,14526.0,27.95,359.0,35.78
2026-07-08 06:52:54,55.0,68.000              ,766.699,406.0,1200.0,0.0,55.25,55.250              ,55.25,55.25,55.25,55.25,55.25,55.25,55.25,29.939,27.984,52.386,29.746,44.522,9.472,54.189,12.357,32.574,1980.0,1980.0,2475.0,2475.0,1980.0,1980.0,1980.0,1980.0,2475.0,0.785,0.786,1.128,1.128,0.771,0.771,0.919,0.919,14.945,4551.0,14526.0,24.01,360.0,41.65
2026-07-08 06:52:55,55.0,68.000              ,766.703,200.0,1067.0,0.0,55.25,55.250              ,55.25,55.25,55.25,55.25,55.25,55.25,55.25,32.875,27.025,61.668,25.646,44.524,7.392,54.072,15.168,33.546,2080.0,2080.0,2600.0,2600.0,2080.0,2080.0,2080.0,2080.0,2600.0,0.785,0.785,1.162,1.162,0.762,0.762,0.966,0.966,15.19,4551.0,14527.0,20.658,361.0,48.41
2026-07-08 06:52:56,55.0,68.000              ,767.074,200.0,1200.0,0.0,55.25,55.250              ,55.25,55.25,55.25,55.25,55.25,55.25,55.25,40.703,27.545,43.662,38.861,47.205,9.316,50.448,9.042,33.348,2040.0,2040.0,2550.0,2550.0,2040.0,2040.0,2040.0,2040.0,2550.0,0.855,0.856,1.105,1.105,0.735,0.735,0.836,0.836,15.134,4551.0,14529.0,29.174,362.0,34.28
2026-07-08 06:52:57,55.0,68.000              ,759.059,435.0,1200.0,0.0,55.25,55.250              ,55.25,55.25,55.25,55.25,55.25,55.25,55.25,41.024,35.759,49.189,42.863,44.431,18.233,55.499,15.481,37.81,1940.0,1940.0,2425.0,2400.0,1920.0,1920.0,1920.0,1920.0,2425.0,0.815,0.815,1.08,1.088,0.761,0.761,0.854,0.862,15.046,4548.0,14514.0,24.613,363.0,40.63
2026-07-08 06:52:58,55.0,69.000              ,760.059,469.0,1200.0,0.0,55.25,55.250              ,55.25,55.25,55.25,55.25,55.25,55.25,55.25,41.508,34.191,45.869,39.482,57.715,17.527,52.209,20.162,38.583,1900.0,1900.0,2375.0,2375.0,1900.0,1900.0,1900.0,1900.0,2375.0,0.787,0.787,0.975,0.966,0.858,0.858,0.82,0.811,14.913,4558.0,14515.0,20.872,364.0,47.91
2026-07-08 06:52:59,55.0,70.000              ,761.035,461.0,1200.0,0.0,55.25,55.250              ,55.25,55.25,55.25,55.25,55.25,55.25,55.25,34.922,28.971,45.075,36.032,51.425,13.715,51.955,16.647,34.843,2500.0,2500.0,2000.0,2000.0,2000.0,2000.0,2000.0,2000.0,2500.0,0.761,0.76,1.026,1.026,0.811,0.811,0.851,0.853,15.103,4558.0,14515.0,30.853,365.0,32.41
2026-07-08 06:53:00,55.0,70.000              ,761.035,413.0,1067.0,0.0,55.25,55.250              ,55.25,55.25,55.25,55.25,55.25,55.25,55.25,34.924,24.692,38.895,35.458,51.271,10.916,46.352,17.832,32.542,2020.0,2020.0,2525.0,2525.0,2020.0,2000.0,2000.0,2000.0,2525.0,0.694,0.694,0.904,0.904,0.741,0.741,0.791,0.79,15.008,4558.0,14518.0,24.808,366.0,40.31
2026-07-08 06:53:01,55.0,69.000              ,761.02,461.0,1200.0,0.0,55.25,55.250              ,55.25,55.25,55.25,55.25,55.25,55.25,55.25,31.532,29.703,42.401,34.033,51.318,11.622,47.04,13.12,32.596,1840.0,1840.0,2300.0,2300.0,2300.0,2325.0,1860.0,1860.0,2325.0,0.703,0.703,0.955,0.955,0.796,0.796,0.78,0.78,15.118,4560.0,14519.0,26.498,367.0,37.74
2026-07-08 06:53:02,55.0,68.000              ,762.082,572.0,1200.0,0.0,55.25,55.250              ,55.25,55.25,55.25,55.25,55.25,55.25,55.25,32.731,31.865,41.49,41.453,52.714,11.755,43.604,13.118,33.591,2040.0,2040.0,2550.0,2550.0,2040.0,2040.0,2040.0,2040.0,2550.0,0.727,0.727,1.039,1.039,0.76,0.76,0.724,0.724,15.116,4561.0,14519.0,24.929,368.0,40.11
2026-07-08 06:53:03,55.0,69.000              ,769.262,387.0,1067.0,0.0,55.25,55.250              ,55.25,55.25,55.25,55.25,55.25,55.25,55.25,39.348,30.732,44.129,44.365,41.659,14.28,53.301,14.863,35.335,1860.0,1860.0,2325.0,2300.0,1840.0,1840.0,1840.0,1840.0,2325.0,0.786,0.786,1.104,1.111,0.705,0.707,0.87,0.87,14.817,4561.0,14527.0,22.413,369.0,44.62
2026-07-08 06:53:04,55.0,69.000              ,770.547,744.0,1200.0,0.0,55.125,55.125              ,55.125,55.125,55.125,55.125,55.125,55.125,55.125,31.823,26.672,38.081,27.09,45.736,5.461,47.919,10.182,29.121,2080.0,2080.0,2600.0,2600.0,2080.0,2080.0,2600.0,2600.0,2600.0,0.774,0.774,0.953,0.937,0.749,0.747,0.886,0.886,14.964,4560.0,14528.0,24.893,370.0,40.17
2026-07-08 06:53:05,55.0,70.000              ,770.543,393.0,1200.0,0.0,55.125,55.125              ,55.125,55.125,55.125,55.125,55.125,55.125,55.125,46.081,21.52,44.427,29.28,43.161,13.302,55.903,13.001,33.334,1960.0,1980.0,2475.0,2475.0,1980.0,1980.0,1980.0,1980.0,2475.0,0.84,0.841,0.975,0.985,0.783,0.783,1.023,1.023,15.171,4560.0,14527.0,24.819,371.0,40.29
2026-07-08 06:53:06,55.0,70.000              ,770.52,200.0,1067.0,0.0,55.125,55.125              ,55.125,55.125,55.125,55.125,55.125,55.125,55.125,46.875,25.647,42.123,33.231,46.712,13.124,50.346,11.929,33.748,2060.0,2060.0,2060.0,2060.0,2060.0,2060.0,2625.0,2625.0,2625.0,0.9,0.9,0.968,0.968,0.782,0.782,0.884,0.886,14.926,4555.0,14526.0,23.055,372.0,43.37
2026-07-08 06:53:07,55.0,69.000              ,770.52,435.0,1200.0,0.0,55.125,55.125              ,55.125,55.125,55.125,55.125,55.125,55.125,55.125,31.15,23.403,45.684,32.897,42.723,8.668,49.588,12.912,30.878,2020.0,2040.0,2550.0,2550.0,2040.0,2040.0,2040.0,2040.0,2550.0,0.777,0.777,1.158,1.14,0.743,0.743,0.913,0.912,15.009,4557.0,14525.0,27.229,373.0,36.73
2026-07-08 06:53:08,55.0,69.000              ,770.52,630.0,1200.0,0.0,55.125,55.125              ,55.125,55.125,55.125,55.125,55.125,55.125,55.125,31.323,30.857,35.511,43.857,44.447,17.103,47.859,16.86,33.477,2060.0,2060.0,2575.0,2575.0,2060.0,2060.0,2060.0,2060.0,2575.0,0.716,0.718,1.039,1.059,0.79,0.79,0.849,0.847,15.321,4562.0,14522.0,27.828,374.0,35.94
2026-07-08 06:53:09,55.0,70.000              ,772.008,426.0,1200.0,0.0,55.125,55.125              ,55.125,55.125,55.125,55.125,55.125,55.125,55.125,44.257,32.436,47.769,54.388,51.041,13.567,51.233,17.421,39.014,1800.0,1820.0,2275.0,2275.0,1800.0,1800.0,1800.0,1800.0,2275.0,0.753,0.756,1.155,1.152,0.73,0.73,0.784,0.784,15.053,4566.0,14524.0,24.615,375.0,40.63
2026-07-08 06:53:10,55.0,70.000              ,772.074,469.0,1200.0,0.0,55.125,55.125              ,55.125,55.125,55.125,55.125,55.125,55.125,55.125,43.26,28.966,48.18,33.921,57.31,12.566,58.774,24.834,38.476,1900.0,1900.0,2375.0,2375.0,1900.0,1900.0,1900.0,1900.0,2375.0,0.766,0.763,0.863,0.863,0.783,0.783,0.964,0.964,14.815,4569.0,14524.0,20.484,376.0,48.82
2026-07-08 06:53:11,55.0,69.000              ,769.449,572.0,1200.0,0.0,55.125,55.125              ,55.125,55.125,55.125,55.125,55.125,55.125,55.125,39.518,31.722,42.962,39.86,56.202,14.8,54.196,16.176,36.93,1940.0,1940.0,1940.0,1940.0,2425.0,2425.0,2425.0,2425.0,2425.0,0.769,0.769,0.961,0.961,0.818,0.818,0.833,0.833,15.132,4570.0,14523.0,27.52,377.0,36.34
2026-07-08 06:53:12,55.0,69.000              ,769.449,400.0,1200.0,0.0,55.125,55.125              ,55.125,55.125,55.125,55.125,55.125,55.125,55.125,40.391,28.282,49.825,39.433,59.123,10.828,61.207,17.573,38.333,1820.0,1820.0,2300.0,2300.0,1840.0,1840.0,1840.0,1840.0,2300.0,0.752,0.754,1.02,1.02,0.783,0.771,0.935,0.935,14.845,4572.0,14524.0,22.984,378.0,43.51
2026-07-08 06:53:13,55.0,69.000              ,769.445,375.0,1067.0,0.0,55.125,55.125              ,55.125,55.125,55.125,55.125,55.125,55.125,55.125,44.997,26.007,52.511,26.545,62.846,9.09,46.422,20.683,36.138,1860.0,1860.0,2325.0,2325.0,1860.0,1860.0,1860.0,1860.0,2325.0,0.869,0.87,0.942,0.942,0.9,0.915,0.893,0.879,14.883,4573.0,14524.0,20.476,379.0,48.84
2026-07-08 06:53:14,55.0,68.000              ,769.449,484.0,1067.0,0.0,55.125,55.125              ,55.125,55.125,55.125,55.125,55.125,55.125,55.125,41.454,25.578,45.709,30.196,64.745,11.01,46.93,17.755,35.422,2080.0,2080.0,2080.0,2080.0,2600.0,2600.0,2080.0,2080.0,2600.0,0.824,0.822,0.891,0.891,1.047,1.036,0.867,0.882,15.116,4572.0,14521.0,19.163,380.0,52.18
2026-07-08 06:53:15,55.0,68.000              ,769.82,545.0,1067.0,0.0,55.125,55.125              ,55.125,55.125,55.125,55.125,55.125,55.125,55.125,34.76,28.343,53.155,26.186,48.341,10.983,48.94,18.067,33.597,1960.0,1960.0,2450.0,2450.0,1960.0,1960.0,1960.0,1960.0,2450.0,0.788,0.788,1.005,1.005,0.772,0.779,0.895,0.894,15.106,4573.0,14522.0,24.111,381.0,41.47
2026-07-08 06:53:16,55.0,68.000              ,768.574,200.0,1200.0,0.0,55.125,55.125              ,55.125,55.125,55.125,55.125,55.125,55.125,55.125,39.521,27.403,51.962,24.545,41.97,8.801,52.865,12.872,32.492,2020.0,2020.0,2525.0,2525.0,2020.0,2020.0,2020.0,2020.0,2525.0,0.894,0.896,1.026,1.028,0.774,0.774,0.976,0.976,15.073,4573.0,14522.0,25.247,382.0,39.61
2026-07-08 06:53:17,55.0,69.000              ,768.578,476.0,1067.0,0.0,55.125,55.125              ,55.125,55.125,55.125,55.125,55.125,55.125,55.125,37.297,31.148,47.81,33.274,48.494,15.429,58.635,15.074,35.895,2000.0,2000.0,2500.0,2500.0,2000.0,2000.0,2000.0,2000.0,2500.0,0.796,0.795,1.039,1.038,0.818,0.805,0.982,0.982,14.969,4572.0,14522.0,25.036,383.0,39.94
2026-07-08 06:53:18,55.0,69.000              ,769.133,406.0,1200.0,0.0,55.125,55.125              ,55.125,55.125,55.125,55.125,55.125,55.125,55.125,33.777,24.02,51.783,27.747,52.047,13.53,47.724,18.729,33.67,1980.0,1980.0,2475.0,2475.0,1980.0,1960.0,1960.0,1960.0,2475.0,0.766,0.767,1.034,1.034,0.877,0.903,0.915,0.917,15.109,4570.0,14522.0,28.465,384.0,35.13
2026-07-08 06:53:19,55.0,69.000              ,768.387,200.0,1200.0,0.0,55.0,55.000              ,55.0,55.0,55.0,55.0,55.0,55.0,55.0,31.916,23.932,62.81,22.772,50.606,7.708,55.935,13.103,33.598,2040.0,2040.0,2550.0,2550.0,2040.0,2040.0,2040.0,2040.0,2550.0,0.783,0.782,1.154,1.154,0.823,0.811,0.961,0.959,15.107,4571.0,14522.0,23.966,385.0,41.73
2026-07-08 06:53:20,55.0,68.000              ,768.262,435.0,1067.0,0.0,55.0,55.000              ,55.0,55.0,55.0,55.0,55.0,55.0,55.0,34.405,26.447,61.019,25.094,46.81,9.825,57.2,14.569,34.421,1960.0,1960.0,1960.0,1960.0,1960.0,1960.0,2450.0,2475.0,2475.0,0.803,0.803,1.133,1.133,0.764,0.764,0.966,0.966,14.916,4573.0,14521.0,19.802,386.0,50.5
2026-07-08 06:53:21,55.0,69.000              ,768.262,525.0,1067.0,0.0,55.0,55.000              ,55.0,55.0,55.0,55.0,55.0,55.0,55.0,35.762,23.578,43.343,26.034,55.13,8.698,50.234,12.339,31.89,2100.0,2080.0,2600.0,2600.0,2080.0,2625.0,2100.0,2100.0,2625.0,0.754,0.754,0.905,0.905,0.868,0.879,0.908,0.908,15.217,4573.0,14520.0,25.923,387.0,38.58
2026-07-08 06:53:22,55.0,69.000              ,768.258,426.0,1067.0,0.0,55.0,55.000              ,55.0,55.0,55.0,55.0,55.0,55.0,55.0,34.153,28.838,48.37,33.269,49.778,13.423,58.22,15.633,35.21,1960.0,1960.0,2450.0,2450.0,1960.0,1960.0,1960.0,1960.0,2450.0,0.786,0.786,1.034,1.035,0.812,0.801,0.953,0.953,14.894,4573.0,14520.0,23.063,388.0,43.36
2026-07-08 06:53:23,55.0,70.000              ,768.27,200.0,1200.0,0.0,55.0,55.000              ,55.0,55.0,55.0,55.0,55.0,55.0,55.0,45.77,28.411,50.834,30.62,49.176,15.071,55.451,23.241,37.322,1940.0,1940.0,2425.0,2425.0,1940.0,1940.0,1940.0,1940.0,2425.0,0.833,0.835,0.96,0.963,0.823,0.823,0.995,0.995,15.108,4574.0,14519.0,24.648,389.0,40.57
2026-07-08 06:53:24,55.0,70.000              ,783.875,525.0,1200.0,0.0,55.0,55.000              ,55.0,55.0,55.0,55.0,55.0,55.0,55.0,38.047,35.558,42.196,51.687,54.365,21.428,54.67,22.987,40.117,2040.0,2040.0,2550.0,2550.0,2020.0,2020.0,2525.0,2525.0,2550.0,0.731,0.73,1.049,1.044,0.777,0.78,0.82,0.821,15.293,4592.0,14547.0,24.247,390.0,41.24
2026-07-08 06:53:25,55.0,70.000              ,792.609,581.0,1200.0,0.0,55.0,55.000              ,55.0,55.0,55.0,55.0,55.0,55.0,55.0,42.265,30.443,49.42,42.37,49.098,14.126,54.22,12.414,36.794,1816.667,1816.667,2180.0,2180.0,2180.0,2180.0,1816.667,1816.667,2180.0,0.74,0.74,1.004,1.004,0.71,0.708,0.767,0.767,14.581,4602.0,14559.0,22.209,391.0,45.03
2026-07-08 06:53:26,55.0,72.000              ,792.176,200.0,1200.0,0.0,55.0,55.000              ,55.0,55.0,55.0,55.0,55.0,55.0,55.0,29.803,29.492,44.193,43.665,50.605,7.802,64.376,10.0,34.992,2060.0,2060.0,2575.0,2575.0,2060.0,2060.0,2060.0,2060.0,2575.0,0.759,0.758,1.156,1.156,0.756,0.756,0.933,0.933,15.24,4605.0,14560.0,22.36,392.0,44.72
2026-07-08 06:53:27,55.0,70.000              ,799.895,554.0,1200.0,0.0,55.0,55.000              ,55.0,55.0,55.0,55.0,55.0,55.0,55.0,40.982,32.933,41.12,46.117,51.516,12.778,56.952,16.741,37.393,1980.0,1980.0,1980.0,1980.0,1980.0,1980.0,2475.0,2475.0,2475.0,0.779,0.781,1.033,1.033,0.762,0.764,0.926,0.926,15.117,4614.0,14575.0,25.472,393.0,39.26
2026-07-08 06:53:28,55.0,68.000              ,799.898,200.0,1067.0,0.0,55.0,55.000              ,55.0,55.0,55.0,55.0,55.0,55.0,55.0,37.9,27.26,35.374,58.166,42.405,10.84,49.766,15.109,34.603,1880.0,1880.0,2375.0,2375.0,1900.0,1900.0,1900.0,1900.0,2375.0,0.748,0.746,1.226,1.233,0.67,0.669,0.797,0.801,14.972,4617.0,14575.0,21.578,394.0,46.34
2026-07-08 06:53:29,55.0,69.000              ,800.285,461.0,1200.0,0.0,55.0,55.000              ,55.0,55.0,55.0,55.0,55.0,55.0,55.0,34.621,34.126,46.383,45.087,44.535,11.787,57.07,12.951,35.82,2000.0,2000.0,2500.0,2475.0,1980.0,1980.0,1980.0,1980.0,2500.0,0.808,0.808,1.162,1.155,0.682,0.682,0.889,0.885,14.92,4617.0,14574.0,28.561,395.0,35.01
2026-07-08 06:53:30,55.0,68.000              ,802.156,581.0,1200.0,0.0,55.0,55.000              ,55.0,55.0,55.0,55.0,55.0,55.0,55.0,42.277,29.199,43.239,38.579,55.652,14.046,57.592,16.613,37.15,1900.0,1900.0,2375.0,2375.0,2350.0,2350.0,1880.0,1880.0,2375.0,0.744,0.744,0.91,0.91,0.77,0.77,0.862,0.865,15.045,4618.0,14577.0,22.53,396.0,44.39
2026-07-08 06:53:31,55.0,69.000              ,804.348,650.0,1200.0,0.0,55.0,55.000              ,55.0,55.0,55.0,55.0,55.0,55.0,55.0,43.835,28.571,48.535,34.422,54.773,15.204,52.679,21.858,37.484,1920.0,1920.0,2400.0,2400.0,1920.0,1920.0,1920.0,1920.0,2400.0,0.776,0.778,0.893,0.893,0.766,0.766,0.864,0.862,15.181,4618.0,14581.0,24.162,397.0,41.39
2026-07-08 06:53:32,55.0,70.000              ,804.406,525.0,1200.0,0.0,55.0,55.000              ,55.0,55.0,55.0,55.0,55.0,55.0,55.0,40.184,32.532,42.143,38.245,47.894,12.51,58.479,16.794,36.098,2300.0,2300.0,1840.0,1840.0,1840.0,1840.0,1840.0,1840.0,2300.0,0.742,0.742,0.902,0.9,0.683,0.683,0.883,0.883,15.051,4618.0,14581.0,22.771,398.0,43.92
2026-07-08 06:53:33,55.0,71.000              ,803.422,554.0,1200.0,0.0,55.0,55.000              ,55.0,55.0,55.0,55.0,55.0,55.0,55.0,46.88,30.019,40.446,60.72,58.139,20.718,58.506,19.283,41.839,1716.667,1716.667,2060.0,2060.0,1716.667,1716.667,1716.667,1716.667,2060.0,0.67,0.669,0.965,0.968,0.739,0.74,0.732,0.732,14.934,4619.0,14582.0,25.115,399.0,39.82
2026-07-08 06:53:34,55.0,69.000              ,796.426,450.0,1200.0,0.0,55.0,55.000              ,55.0,55.0,55.0,55.0,55.0,55.0,55.0,47.435,34.39,51.243,52.36,53.621,16.912,55.968,21.4,41.666,1760.0,1760.0,2200.0,2200.0,1760.0,1760.0,1760.0,1760.0,2200.0,0.727,0.728,1.042,1.042,0.684,0.691,0.763,0.763,15.323,4618.0,14579.0,23.836,400.0,41.95
2026-07-08 06:53:35,55.0,73.000              ,796.465,590.0,1200.0,0.0,55.0,55.000              ,55.0,55.0,55.0,55.0,55.0,55.0,55.0,36.274,28.184,32.881,57.603,51.496,13.439,53.265,10.895,35.504,1716.667,1716.667,2060.0,2080.0,1733.333,1733.333,1733.333,1733.333,2080.0,0.678,0.677,1.029,1.029,0.64,0.632,0.675,0.675,14.608,4623.0,14579.0,19.088,401.0,52.39
2026-07-08 06:53:36,55.0,73.000              ,796.207,200.0,1067.0,0.0,55.0,55.000              ,55.0,55.0,55.0,55.0,55.0,55.0,55.0,32.706,32.603,48.292,42.673,58.814,8.679,60.173,11.848,36.973,1840.0,1840.0,2300.0,2300.0,1820.0,1820.0,1840.0,1840.0,2300.0,0.721,0.721,1.092,1.078,0.776,0.776,0.834,0.834,15.135,4628.0,14580.0,23.833,402.0,41.96
2026-07-08 06:53:37,55.0,68.000              ,796.203,572.0,1200.0,0.0,55.0,55.000              ,55.0,55.0,55.0,55.0,55.0,55.0,55.0,33.394,33.758,51.846,32.256,48.233,10.921,57.503,15.566,35.435,1900.0,1900.0,2375.0,2350.0,1880.0,1880.0,1880.0,1880.0,2375.0,0.764,0.764,1.019,1.028,0.714,0.714,0.923,0.923,14.885,4631.0,14575.0,22.924,403.0,43.62
2026-07-08 06:53:38,55.0,71.000              ,796.219,516.0,1200.0,0.0,55.0,55.000              ,55.0,55.0,55.0,55.0,55.0,55.0,55.0,37.105,26.933,40.944,42.681,56.264,10.127,54.16,15.799,35.502,1840.0,1840.0,2300.0,2300.0,2300.0,2300.0,2300.0,2300.0,2300.0,0.69,0.69,0.916,0.92,0.754,0.762,0.86,0.861,15.201,4636.0,14574.0,22.242,404.0,44.96
2026-07-08 06:53:39,55.0,71.000              ,794.75,428.0,1200.0,0.0,55.0,55.000              ,55.0,55.0,55.0,55.0,55.0,55.0,55.0,41.059,25.09,52.719,31.538,57.373,18.052,51.013,20.578,37.178,1840.0,1840.0,2300.0,2300.0,2300.0,2300.0,1840.0,2300.0,2300.0,0.766,0.766,0.906,0.906,0.873,0.865,0.845,0.844,14.825,4640.0,14572.0,25.088,405.0,39.86
2026-07-08 06:53:40,55.0,70.000              ,794.746,541.0,1200.0,0.0,55.0,55.000              ,55.0,55.0,55.0,55.0,55.0,55.0,55.0,42.048,29.557,56.403,30.206,63.185,14.147,51.431,16.587,37.946,1900.0,1900.0,1900.0,1900.0,2375.0,2375.0,1900.0,1900.0,2375.0,0.787,0.787,0.898,0.898,0.964,0.964,0.774,0.774,15.205,4642.0,14571.0,19.345,406.0,51.69
2026-07-08 06:53:41,55.0,70.000              ,792.492,581.0,1200.0,0.0,55.0,55.000              ,55.0,55.0,55.0,55.0,55.0,55.0,55.0,41.163,28.213,51.789,26.821,58.017,13.954,55.649,16.399,36.501,1940.0,1940.0,1940.0,1940.0,1940.0,1940.0,2425.0,2425.0,2425.0,0.753,0.753,0.806,0.806,0.85,0.85,0.915,0.916,15.068,4643.0,14570.0,19.43,407.0,51.47
2026-07-08 06:53:42,55.0,70.000              ,792.492,516.0,1200.0,0.0,55.0,55.000              ,55.0,55.0,55.0,55.0,55.0,55.0,55.0,47.175,25.594,44.743,34.305,57.593,10.492,53.243,14.094,35.905,1840.0,1840.0,2300.0,2300.0,1820.0,1820.0,1820.0,1820.0,2300.0,0.808,0.808,0.838,0.838,0.778,0.778,0.749,0.748,15.001,4644.0,14567.0,21.158,408.0,47.26
2026-07-08 06:53:43,55.0,70.000              ,794.684,200.0,1067.0,0.0,55.0,55.000              ,55.0,55.0,55.0,55.0,55.0,55.0,55.0,38.83,21.616,44.202,29.867,53.253,13.958,64.388,8.746,34.357,1780.0,1780.0,1780.0,1780.0,2225.0,2225.0,1780.0,1780.0,2225.0,0.716,0.716,0.762,0.762,0.803,0.803,0.967,0.973,14.816,4650.0,14569.0,23.302,409.0,42.91
2026-07-08 06:53:44,55.0,70.000              ,794.684,200.0,1200.0,0.0,55.0,55.000              ,55.0,55.0,55.0,55.0,55.0,55.0,55.0,42.762,25.922,45.539,38.093,57.876,18.207,56.932,15.345,37.584,1880.0,1880.0,2350.0,2350.0,1880.0,1880.0,1880.0,1880.0,2350.0,0.74,0.728,0.925,0.925,0.831,0.831,0.825,0.82,15.126,4650.0,14570.0,26.226,410.0,38.13
2026-07-08 06:53:45,55.0,68.000              ,794.68,610.0,1200.0,0.0,55.0,55.000              ,55.0,55.0,55.0,55.0,55.0,55.0,55.0,35.856,30.518,54.281,32.832,45.661,14.624,64.202,15.415,36.674,1920.0,1920.0,2400.0,2400.0,1920.0,1920.0,2400.0,2400.0,2400.0,0.751,0.763,0.995,0.995,0.705,0.705,0.975,0.974,15.121,4652.0,14570.0,24.114,411.0,41.47
2026-07-08 06:53:46,55.0,69.000              ,794.684,630.0,1200.0,0.0,55.0,55.000              ,55.0,55.0,55.0,55.0,55.0,55.0,55.0,45.056,33.959,54.513,35.61,48.605,14.928,56.598,20.638,38.738,1820.0,1820.0,2300.0,2300.0,1840.0,1840.0,1840.0,1840.0,2300.0,0.743,0.743,0.97,0.971,0.696,0.696,0.867,0.871,15.114,4654.0,14570.0,19.183,412.0,52.13
2026-07-08 06:53:47,55.0,69.000              ,794.652,630.0,1200.0,0.0,55.0,55.000              ,55.0,55.0,55.0,55.0,55.0,55.0,55.0,32.333,28.075,41.25,30.664,55.329,5.006,49.054,13.008,31.84,1840.0,1840.0,1840.0,1840.0,2325.0,2325.0,1860.0,1860.0,2325.0,0.683,0.683,0.809,0.816,0.768,0.768,0.849,0.852,14.993,4654.0,14569.0,22.288,413.0,44.87
2026-07-08 06:53:48,55.0,67.000              ,794.688,525.0,1200.0,0.0,55.0,55.000              ,55.0,55.0,55.0,55.0,55.0,55.0,55.0,45.911,36.175,43.803,47.416,57.961,11.612,57.146,21.297,40.165,1780.0,1780.0,2225.0,2225.0,1780.0,1780.0,1780.0,1780.0,2225.0,0.788,0.788,0.926,0.918,0.706,0.707,0.832,0.825,15.126,4656.0,14569.0,20.504,414.0,48.77
2026-07-08 06:53:49,55.0,66.000              ,794.688,461.0,1200.0,0.0,55.0,55.000              ,55.0,55.0,55.0,55.0,55.0,55.0,55.0,40.371,33.453,41.782,59.262,58.375,10.144,53.545,17.938,39.359,1816.667,1816.667,2180.0,2180.0,1816.667,1816.667,1816.667,1816.667,2180.0,0.714,0.716,1.106,1.106,0.711,0.713,0.733,0.733,14.966,4656.0,14569.0,20.906,415.0,47.83
2026-07-08 06:53:50,55.0,67.000              ,794.688,200.0,1067.0,0.0,55.0,55.000              ,55.0,55.0,55.0,55.0,55.0,55.0,55.0,39.593,32.922,44.599,43.131,46.035,13.77,60.271,16.143,37.058,1820.0,1820.0,2275.0,2275.0,1820.0,1820.0,1820.0,1820.0,2275.0,0.703,0.702,0.965,0.966,0.655,0.651,0.863,0.865,14.933,4657.0,14569.0,20.53,416.0,48.71
2026-07-08 06:53:51,55.0,68.000              ,794.684,469.0,1200.0,0.0,55.0,55.000              ,55.0,55.0,55.0,55.0,55.0,55.0,55.0,33.097,32.038,35.524,43.483,53.106,10.844,50.568,17.705,34.546,1800.0,1800.0,2250.0,2250.0,1800.0,1800.0,1800.0,1800.0,2250.0,0.702,0.703,0.885,0.884,0.756,0.756,0.842,0.84,14.912,4658.0,14569.0,22.938,417.0,43.6
2026-07-08 06:53:52,55.0,68.000              ,794.684,484.0,1067.0,0.0,55.0,55.000              ,55.0,55.0,55.0,55.0,55.0,55.0,55.0,32.369,32.695,50.056,36.243,59.88,9.659,53.653,16.763,36.415,1960.0,1960.0,2425.0,2425.0,2425.0,2425.0,1940.0,1940.0,2425.0,0.736,0.735,1.021,1.021,0.819,0.819,0.871,0.873,15.026,4659.0,14568.0,23.34,418.0,42.84
2026-07-08 06:53:53,55.0,70.000              ,792.434,500.0,1200.0,0.0,55.0,55.000              ,55.0,55.0,55.0,55.0,55.0,55.0,55.0,44.762,24.321,51.723,29.591,56.712,12.85,54.391,14.418,36.096,1960.0,1960.0,2450.0,2450.0,1960.0,1960.0,1960.0,1960.0,2450.0,0.788,0.788,0.884,0.884,0.829,0.829,0.865,0.856,15.049,4659.0,14567.0,27.41,419.0,36.48
2026-07-08 06:53:54,55.0,71.000              ,792.438,420.0,1200.0,0.0,55.0,55.000              ,55.0,55.0,55.0,55.0,55.0,55.0,55.0,42.604,29.145,43.552,45.434,50.082,15.492,52.036,14.18,36.566,1880.0,1880.0,2350.0,2375.0,1900.0,1900.0,1900.0,1900.0,2375.0,0.766,0.766,1.038,1.038,0.686,0.688,0.758,0.763,14.976,4660.0,14568.0,25.722,420.0,38.88
2026-07-08 06:53:55,55.0,69.000              ,792.434,476.0,1200.0,0.0,55.0,55.000              ,55.0,55.0,55.0,55.0,55.0,55.0,55.0,42.846,30.599,47.322,39.4,47.681,16.799,60.786,16.998,37.804,1940.0,1940.0,2425.0,2425.0,1940.0,1940.0,1940.0,1940.0,2425.0,0.771,0.773,0.949,0.949,0.736,0.734,0.964,0.966,15.259,4662.0,14569.0,26.407,421.0,37.87
2026-07-08 06:53:56,55.0,69.000              ,792.438,563.0,1067.0,0.0,55.0,55.000              ,55.0,55.0,55.0,55.0,55.0,55.0,55.0,34.246,31.729,33.307,57.543,52.076,10.456,51.679,15.527,35.82,1920.0,1920.0,2400.0,2400.0,1940.0,1940.0,1940.0,1940.0,2400.0,0.69,0.688,1.111,1.111,0.721,0.721,0.764,0.762,15.12,4663.0,14567.0,24.619,422.0,40.62
2026-07-08 06:53:57,55.0,71.000              ,792.688,610.0,1200.0,0.0,55.0,55.000              ,55.0,55.0,55.0,55.0,55.0,55.0,55.0,36.376,31.81,43.922,50.655,53.438,11.868,58.657,17.597,38.04,1816.667,1816.667,2180.0,2180.0,1816.667,1816.667,1816.667,1816.667,2180.0,0.681,0.681,1.049,1.049,0.733,0.734,0.813,0.813,14.81,4663.0,14567.0,24.132,423.0,41.44
2026-07-08 06:53:58,55.0,71.000              ,792.684,600.0,1200.0,0.0,55.0,55.000              ,55.0,55.0,55.0,55.0,55.0,55.0,55.0,36.423,30.486,43.222,39.791,53.992,13.138,54.996,16.299,36.044,1840.0,1840.0,2300.0,2300.0,1820.0,1820.0,1820.0,1820.0,2300.0,0.674,0.676,0.885,0.886,0.754,0.753,0.83,0.824,15.004,4663.0,14568.0,22.242,424.0,44.96
2026-07-08 06:53:59,55.0,71.000              ,826.551,200.0,1200.0,0.0,55.0,55.000              ,55.0,55.0,55.0,55.0,55.0,55.0,55.0,38.096,32.795,51.0,44.028,54.82,14.023,54.512,22.761,39.004,1820.0,1820.0,1840.0,1840.0,1840.0,1840.0,2300.0,2300.0,2300.0,0.714,0.712,0.991,0.991,0.736,0.736,0.856,0.862,15.116,4678.0,14621.0,26.893,425.0,37.18
2026-07-08 06:54:00,55.0,70.000              ,826.551,640.0,1067.0,0.0,55.0,55.000              ,55.0,55.0,55.0,55.0,55.0,55.0,55.0,40.653,33.328,41.39,45.914,54.533,17.958,55.828,24.995,39.325,1780.0,1780.0,2225.0,2225.0,1780.0,1780.0,1780.0,1780.0,2225.0,0.703,0.704,0.881,0.881,0.765,0.765,0.908,0.909,15.0,4683.0,14625.0,20.195,426.0,49.52
2026-07-08 06:54:01,55.0,69.000              ,826.547,541.0,1200.0,0.0,55.0,55.000              ,55.0,55.0,55.0,55.0,55.0,55.0,55.0,46.065,30.843,36.832,58.533,56.779,13.527,57.017,20.717,40.039,1840.0,1840.0,2300.0,2300.0,1840.0,1840.0,1840.0,1840.0,2300.0,0.707,0.706,0.986,0.978,0.682,0.682,0.759,0.758,15.09,4684.0,14623.0,21.251,427.0,47.06
2026-07-08 06:54:02,55.0,70.000              ,826.555,600.0,1200.0,0.0,55.0,55.000              ,55.0,55.0,55.0,55.0,55.0,55.0,55.0,44.497,29.161,45.546,45.397,61.022,14.347,58.2,15.739,39.239,1800.0,1800.0,2160.0,2160.0,1800.0,1800.0,1800.0,1800.0,2160.0,0.75,0.752,0.953,0.971,0.71,0.71,0.766,0.766,15.14,4683.0,14622.0,22.322,428.0,44.8
2026-07-08 06:54:03,55.0,72.000              ,826.559,600.0,1200.0,0.0,55.0,55.000              ,55.0,55.0,55.0,55.0,55.0,55.0,55.0,45.826,24.947,44.351,40.333,49.394,11.985,55.68,11.202,35.465,1840.0,1840.0,2300.0,2300.0,1820.0,1820.0,1820.0,1820.0,2300.0,0.785,0.783,0.939,0.915,0.632,0.632,0.804,0.804,14.811,4684.0,14622.0,22.654,429.0,44.14
2026-07-08 06:54:04,55.0,71.000              ,826.559,581.0,1200.0,0.0,55.0,55.000              ,55.0,55.0,55.0,55.0,55.0,55.0,55.0,38.748,27.414,39.479,55.916,55.191,13.692,53.512,14.13,37.26,1820.0,1820.0,2275.0,2275.0,1820.0,1820.0,1820.0,1820.0,2275.0,0.691,0.692,1.103,1.121,0.731,0.731,0.782,0.77,15.027,4684.0,14623.0,19.268,430.0,51.9
2026-07-08 06:54:05,55.0,70.000              ,826.551,610.0,1200.0,0.0,55.0,55.000              ,55.0,55.0,55.0,55.0,55.0,55.0,55.0,35.942,31.342,45.119,46.865,49.683,16.563,59.735,13.957,37.401,1860.0,1860.0,2325.0,2325.0,1860.0,1860.0,1860.0,1860.0,2325.0,0.697,0.696,1.064,1.064,0.712,0.705,0.817,0.83,15.022,4683.0,14622.0,26.714,431.0,37.43
2026-07-08 06:54:06,55.0,72.000              ,826.551,630.0,1067.0,0.0,55.0,55.000              ,55.0,55.0,55.0,55.0,55.0,55.0,55.0,41.962,29.504,48.652,40.518,61.182,15.736,56.559,17.265,38.923,1780.0,1780.0,2225.0,2225.0,2250.0,2225.0,1780.0,1780.0,2250.0,0.704,0.704,0.917,0.918,0.818,0.827,0.837,0.837,15.082,4684.0,14622.0,19.914,432.0,50.22
2026-07-08 06:54:07,55.0,72.000              ,826.527,590.0,1200.0,0.0,55.0,55.000              ,55.0,55.0,55.0,55.0,55.0,55.0,55.0,39.163,28.827,45.199,37.565,54.281,16.859,58.161,16.951,37.126,1860.0,1860.0,2325.0,2325.0,1860.0,1860.0,1860.0,1860.0,2325.0,0.752,0.753,0.934,0.933,0.778,0.778,0.878,0.88,15.15,4683.0,14622.0,26.374,433.0,37.92
2026-07-08 06:54:08,55.0,70.000              ,827.691,200.0,1200.0,0.0,55.0,55.000              ,55.0,55.0,55.0,55.0,55.0,55.0,55.0,40.282,35.052,47.169,56.027,50.989,22.491,54.745,17.565,40.54,1800.0,1800.0,2250.0,2250.0,1800.0,1800.0,1800.0,1800.0,2250.0,0.733,0.732,1.108,1.108,0.758,0.758,0.803,0.802,15.099,4685.0,14624.0,24.665,434.0,40.54
2026-07-08 06:54:09,55.0,72.000              ,827.441,200.0,1200.0,0.0,55.0,55.000              ,55.0,55.0,55.0,55.0,55.0,55.0,55.0,38.786,30.674,38.035,54.973,57.712,15.123,56.957,13.671,38.241,1780.0,1780.0,2225.0,2225.0,1780.0,1780.0,1780.0,1780.0,2225.0,0.683,0.683,1.069,1.069,0.751,0.753,0.762,0.762,14.868,4690.0,14624.0,23.435,435.0,42.67
2026-07-08 06:54:10,55.0,73.000              ,827.441,590.0,1200.0,0.0,55.0,55.000              ,55.0,55.0,55.0,55.0,55.0,55.0,55.0,39.053,35.399,39.112,59.947,50.063,15.937,56.047,16.63,39.024,1820.0,1820.0,2250.0,2250.0,1800.0,1800.0,1800.0,1800.0,2250.0,0.749,0.753,1.159,1.159,0.702,0.701,0.777,0.777,14.917,4690.0,14623.0,20.073,436.0,49.82
2026-07-08 06:54:11,55.0,71.000              ,827.449,572.0,1200.0,0.0,55.0,55.000              ,55.0,55.0,55.0,55.0,55.0,55.0,55.0,39.483,35.837,36.114,45.986,54.935,14.698,56.625,18.709,37.798,1880.0,1880.0,1880.0,1880.0,2325.0,2325.0,1860.0,1860.0,2325.0,0.731,0.727,0.863,0.871,0.805,0.805,0.885,0.885,15.255,4691.0,14626.0,25.864,437.0,38.66
2026-07-08 06:54:12,55.0,72.000              ,839.047,533.0,1200.0,0.0,55.0,55.000              ,55.0,55.0,55.0,55.0,55.0,55.0,55.0,40.176,37.57,37.571,64.835,54.024,18.105,54.131,16.571,40.373,1760.0,1760.0,2200.0,2200.0,1760.0,1760.0,1760.0,1760.0,2200.0,0.713,0.713,1.12,1.112,0.727,0.727,0.708,0.709,14.911,4694.0,14645.0,24.165,438.0,41.38
2026-07-08 06:54:13,55.0,72.000              ,839.047,610.0,1200.0,0.0,55.0,55.000              ,55.0,55.0,55.0,55.0,55.0,55.0,55.0,42.845,45.448,46.16,46.578,58.502,20.786,60.011,21.41,42.718,1780.0,1780.0,2225.0,2225.0,1800.0,1800.0,1800.0,1800.0,2225.0,0.816,0.816,0.89,0.89,0.824,0.824,0.809,0.808,15.031,4699.0,14645.0,25.792,439.0,38.77
2026-07-08 06:54:14,55.0,72.000              ,839.043,554.0,1200.0,0.0,55.0,55.000              ,55.0,55.0,55.0,55.0,55.0,55.0,55.0,40.926,35.774,44.023,37.64,59.677,18.154,61.82,18.254,39.534,1760.0,1760.0,2200.0,2200.0,1760.0,1760.0,1760.0,1760.0,2200.0,0.695,0.695,0.775,0.793,0.829,0.829,0.88,0.881,15.164,4700.0,14644.0,22.486,440.0,44.47
2026-07-08 06:54:15,55.0,72.000              ,839.047,650.0,1200.0,0.0,55.0,55.000              ,55.0,55.0,55.0,55.0,55.0,55.0,55.0,38.568,31.743,40.3,50.471,49.1,21.636,55.788,20.143,38.469,1840.0,1840.0,2300.0,2325.0,1840.0,1840.0,1840.0,1840.0,2325.0,0.691,0.691,1.047,1.029,0.756,0.757,0.791,0.79,14.961,4701.0,14644.0,28.956,441.0,34.54
2026-07-08 06:54:16,55.0,71.000              ,839.043,650.0,1200.0,0.0,55.0,55.000              ,55.0,55.0,55.0,55.0,55.0,55.0,55.0,42.396,31.939,40.526,35.404,51.803,11.105,56.096,17.698,35.871,1840.0,1840.0,2325.0,2325.0,1860.0,1860.0,1860.0,1860.0,2325.0,0.806,0.806,0.838,0.839,0.753,0.753,0.977,0.977,14.877,4700.0,14641.0,28.821,442.0,34.7
2026-07-08 06:54:17,55.0,71.000              ,839.359,200.0,1200.0,0.0,55.0,55.000              ,55.0,55.0,55.0,55.0,55.0,55.0,55.0,38.362,27.491,46.817,40.358,61.552,8.322,58.0,19.608,37.564,1900.0,1900.0,2375.0,2375.0,1900.0,1900.0,2375.0,2375.0,2375.0,0.75,0.75,0.979,0.978,0.791,0.789,0.946,0.946,14.972,4700.0,14642.0,19.899,443.0,50.25
2026-07-08 06:54:18,55.0,69.000              ,836.223,620.0,1067.0,0.0,55.0,55.000              ,55.0,55.0,55.0,55.0,55.0,55.0,55.0,41.363,33.472,47.225,52.052,49.42,18.737,56.431,19.813,39.814,1840.0,1840.0,2300.0,2300.0,1840.0,1840.0,1840.0,1840.0,2300.0,0.761,0.761,1.081,1.081,0.75,0.75,0.885,0.872,15.012,4699.0,14641.0,25.388,444.0,39.39
2026-07-08 06:54:19,55.0,70.000              ,836.25,581.0,1200.0,0.0,55.0,55.000              ,55.0,55.0,55.0,55.0,55.0,55.0,55.0,38.503,30.398,35.766,63.06,46.088,12.933,51.926,13.398,36.509,1920.0,1920.0,2400.0,2400.0,1920.0,1920.0,1920.0,1920.0,2400.0,0.76,0.76,1.21,1.218,0.682,0.682,0.768,0.78,15.272,4700.0,14641.0,23.76,445.0,42.09
2026-07-08 06:54:20,55.0,71.000              ,836.289,461.0,1200.0,0.0,55.0,55.000              ,55.0,55.0,55.0,55.0,55.0,55.0,55.0,35.956,33.513,56.731,32.321,44.109,15.93,65.842,13.908,37.289,1800.0,1800.0,2250.0,2250.0,1800.0,1800.0,2250.0,2250.0,2250.0,0.744,0.744,1.001,0.993,0.704,0.704,0.957,0.956,14.836,4700.0,14640.0,24.633,446.0,40.6
2026-07-08 06:54:21,55.0,70.000              ,836.289,640.0,1200.0,0.0,55.0,55.000              ,55.0,55.0,55.0,55.0,55.0,55.0,55.0,35.371,30.697,44.067,32.243,50.853,9.783,52.826,14.645,33.81,2020.0,2020.0,2525.0,2525.0,2020.0,2020.0,2020.0,2020.0,2525.0,0.773,0.773,0.928,0.939,0.764,0.764,0.956,0.956,15.158,4699.0,14640.0,23.908,447.0,41.83
2026-07-08 06:54:22,55.0,70.000              ,827.25,200.0,1200.0,0.0,55.0,55.000              ,55.0,55.0,55.0,55.0,55.0,55.0,55.0,35.515,32.747,39.655,54.162,52.594,18.693,56.728,18.14,38.529,1820.0,1820.0,2275.0,2275.0,1820.0,1820.0,1820.0,1820.0,2275.0,0.734,0.735,1.092,1.08,0.777,0.777,0.864,0.864,15.005,4694.0,14633.0,23.532,448.0,42.5
2026-07-08 06:54:23,55.0,70.000              ,827.246,200.0,1200.0,0.0,55.0,55.000              ,55.0,55.0,55.0,55.0,55.0,55.0,55.0,37.057,28.507,45.744,33.205,50.358,15.667,64.363,13.023,35.991,1960.0,1960.0,2450.0,2475.0,1960.0,1960.0,2450.0,2450.0,2475.0,0.736,0.735,0.878,0.878,0.774,0.774,0.935,0.935,14.909,4698.0,14633.0,26.072,449.0,38.36
2026-07-08 06:54:24,55.0,68.000              ,836.277,516.0,1067.0,0.0,55.0,55.000              ,55.0,55.0,55.0,55.0,55.0,55.0,55.0,35.394,29.056,46.012,51.937,47.966,16.617,52.659,18.524,37.271,1860.0,1860.0,2325.0,2325.0,1860.0,1860.0,1860.0,1860.0,2325.0,0.736,0.738,1.231,1.231,0.764,0.765,0.843,0.843,15.112,4696.0,14641.0,25.684,450.0,38.93
2026-07-08 06:54:25,55.0,68.000              ,836.281,428.0,1067.0,0.0,55.0,55.000              ,55.0,55.0,55.0,55.0,55.0,55.0,55.0,33.793,26.963,48.385,54.909,48.163,11.848,57.871,8.412,36.293,1880.0,1880.0,2350.0,2350.0,1880.0,1880.0,1880.0,1880.0,2350.0,0.751,0.737,1.284,1.293,0.735,0.734,0.786,0.787,14.971,4699.0,14641.0,21.845,451.0,45.78
2026-07-08 06:54:26,55.0,70.000              ,830.262,387.0,1200.0,0.0,55.0,55.000              ,55.0,55.0,55.0,55.0,55.0,55.0,55.0,34.132,30.15,40.178,58.093,42.392,21.971,59.134,14.212,37.533,1940.0,1940.0,2425.0,2425.0,1920.0,1920.0,1940.0,1940.0,2425.0,0.747,0.759,1.353,1.344,0.744,0.746,0.881,0.879,15.068,4701.0,14636.0,25.039,452.0,39.94
2026-07-08 06:54:27,55.0,70.000              ,834.281,554.0,1200.0,0.0,55.0,55.000              ,55.0,55.0,55.0,55.0,55.0,55.0,55.0,42.159,28.735,40.512,44.993,41.712,18.069,59.872,21.176,37.154,2040.0,2040.0,2550.0,2550.0,2040.0,2040.0,2040.0,2040.0,2550.0,0.821,0.821,1.042,1.044,0.76,0.758,1.052,1.052,15.046,4699.0,14639.0,20.102,453.0,49.75
2026-07-08 06:54:28,55.0,70.000              ,833.281,508.0,1200.0,0.0,55.0,55.000              ,55.0,55.0,55.0,55.0,55.0,55.0,55.0,39.297,28.196,45.278,36.03,51.343,20.147,61.345,16.549,37.273,1920.0,1920.0,1920.0,1920.0,1920.0,1920.0,2425.0,2425.0,2425.0,0.834,0.836,0.94,0.938,0.894,0.894,1.035,1.035,15.122,4701.0,14638.0,22.018,454.0,45.42
2026-07-08 06:54:29,55.0,70.000              ,833.281,442.0,1067.0,0.0,55.0,55.000              ,55.0,55.0,55.0,55.0,55.0,55.0,55.0,45.411,24.548,54.64,26.837,51.283,13.596,59.766,9.433,35.689,1960.0,1940.0,2425.0,2425.0,2425.0,2425.0,1940.0,1940.0,2425.0,0.878,0.877,0.966,0.968,0.847,0.847,0.924,0.924,14.966,4701.0,14639.0,22.265,455.0,44.91
2026-07-08 06:54:30,55.0,70.000              ,844.859,435.0,1067.0,0.0,55.0,55.000              ,55.0,55.0,55.0,55.0,55.0,55.0,55.0,37.095,24.891,47.133,31.445,52.968,12.42,58.592,16.534,35.135,2020.0,2020.0,2525.0,2525.0,2020.0,2020.0,2020.0,2020.0,2525.0,0.763,0.765,0.908,0.908,0.818,0.818,1.051,1.051,15.124,4699.0,14652.0,24.264,456.0,41.21
2026-07-08 06:54:31,55.0,69.000              ,844.836,666.0,1200.0,0.0,55.0,55.000              ,55.0,55.0,55.0,55.0,55.0,55.0,55.0,42.762,32.301,50.489,33.252,50.012,17.367,54.16,20.244,37.573,2000.0,2000.0,2500.0,2500.0,2000.0,2000.0,2000.0,2000.0,2500.0,0.893,0.892,1.02,1.017,0.785,0.785,0.924,0.926,14.914,4701.0,14652.0,28.372,457.0,35.25
2026-07-08 06:54:32,55.0,70.000              ,844.84,426.0,1200.0,0.0,55.0,55.000              ,55.0,55.0,55.0,55.0,55.0,55.0,55.0,29.464,28.806,47.488,30.443,50.095,8.092,51.698,9.171,31.907,1940.0,1940.0,1940.0,1940.0,2425.0,2425.0,1940.0,1940.0,2425.0,0.75,0.738,1.039,1.039,0.746,0.751,0.837,0.835,14.953,4705.0,14652.0,20.066,458.0,49.84
2026-07-08 06:54:33,55.0,70.000              ,844.773,375.0,1200.0,0.0,55.0,55.000              ,55.0,55.0,55.0,55.0,55.0,55.0,55.0,42.417,26.844,51.931,31.88,55.858,11.625,46.417,25.647,36.577,2000.0,2000.0,2500.0,2500.0,2000.0,2000.0,2500.0,2500.0,2500.0,0.898,0.913,1.081,1.081,0.882,0.877,0.995,0.995,15.167,4705.0,14652.0,24.048,459.0,41.58
2026-07-08 06:54:34,55.0,69.000              ,838.379,350.0,1200.0,0.0,55.0,55.000              ,55.0,55.0,55.0,55.0,55.0,55.0,55.0,40.028,25.445,60.449,24.875,46.965,12.795,49.545,25.525,35.703,2080.0,2080.0,2600.0,2600.0,2080.0,2080.0,2080.0,2080.0,2600.0,0.901,0.901,1.138,1.138,0.802,0.802,1.05,1.051,15.045,4702.0,14647.0,19.206,460.0,52.07
2026-07-08 06:54:35,55.0,69.000              ,837.883,428.0,1200.0,0.0,55.0,55.000              ,55.0,55.0,55.0,55.0,55.0,55.0,55.0,31.679,29.363,38.269,52.676,54.012,8.106,52.861,14.629,35.199,2000.0,2000.0,2500.0,2500.0,2000.0,2000.0,2000.0,2000.0,2500.0,0.794,0.797,1.307,1.307,0.779,0.78,0.911,0.91,14.868,4705.0,14647.0,22.76,461.0,43.94
2026-07-08 06:54:36,55.0,69.000              ,837.883,352.0,1200.0,0.0,55.0,55.000              ,55.0,55.0,55.0,55.0,55.0,55.0,55.0,37.921,30.571,50.967,29.725,54.521,12.183,53.352,15.794,35.629,2060.0,2060.0,2575.0,2575.0,2060.0,2060.0,2060.0,2060.0,2575.0,0.856,0.854,1.061,1.064,0.867,0.867,0.984,0.984,15.073,4704.0,14646.0,23.412,462.0,42.71
2026-07-08 06:54:37,55.0,69.000              ,837.887,387.0,1200.0,0.0,55.0,55.000              ,55.0,55.0,55.0,55.0,55.0,55.0,55.0,37.151,33.533,49.87,27.854,57.21,8.283,56.275,10.033,35.026,1900.0,1900.0,2400.0,2400.0,1920.0,1920.0,2400.0,2400.0,2400.0,0.84,0.84,0.964,0.961,0.774,0.772,0.924,0.926,15.061,4705.0,14642.0,19.454,463.0,51.4
2026-07-08 06:54:38,55.0,69.000              ,837.883,406.0,1200.0,0.0,55.0,55.000              ,55.0,55.0,55.0,55.0,55.0,55.0,55.0,36.611,25.893,42.205,38.281,47.092,6.525,45.302,17.883,32.474,1980.0,1980.0,2475.0,2475.0,1980.0,1980.0,1980.0,1980.0,2475.0,0.871,0.861,1.118,1.118,0.75,0.75,0.916,0.914,15.024,4704.0,14641.0,25.041,464.0,39.93
2026-07-08 06:54:39,55.0,69.000              ,838.895,364.0,1200.0,0.0,55.0,55.000              ,55.0,55.0,55.0,55.0,55.0,55.0,55.0,35.001,26.063,60.942,21.292,55.665,8.988,47.444,17.165,34.07,2020.0,2020.0,2525.0,2525.0,2020.0,2020.0,2020.0,2020.0,2525.0,0.869,0.88,1.156,1.156,0.871,0.871,0.956,0.958,14.922,4703.0,14641.0,21.03,465.0,47.55
2026-07-08 06:54:40,55.0,69.000              ,844.918,393.0,1200.0,0.0,55.0,55.000              ,55.0,55.0,55.0,55.0,55.0,55.0,55.0,31.053,28.99,44.821,32.932,51.584,6.23,49.521,10.896,32.003,2060.0,2060.0,2575.0,2575.0,2060.0,2060.0,2060.0,2060.0,2575.0,0.827,0.829,1.101,1.101,0.814,0.814,0.951,0.952,15.093,4705.0,14652.0,24.637,466.0,40.59
2026-07-08 06:54:41,55.0,69.000              ,844.949,364.0,1067.0,0.0,55.125,55.125              ,55.125,55.125,55.125,55.125,55.125,55.125,55.125,44.144,30.288,54.843,29.369,56.816,9.431,44.239,23.988,36.64,2575.0,2575.0,2575.0,2575.0,2060.0,2060.0,2060.0,2060.0,2575.0,1.009,1.008,1.083,1.083,0.912,0.912,0.95,0.947,15.166,4705.0,14651.0,23.121,467.0,43.25
2026-07-08 06:54:42,55.0,69.000              ,844.879,358.0,1200.0,0.0,55.125,55.125              ,55.125,55.125,55.125,55.125,55.125,55.125,55.125,38.767,32.783,54.576,25.921,55.993,7.538,55.672,15.484,35.842,2000.0,2000.0,2500.0,2500.0,1980.0,1980.0,1980.0,1980.0,2500.0,0.891,0.89,1.055,1.055,0.808,0.808,1.024,1.024,15.021,4705.0,14651.0,28.436,468.0,35.17
2026-07-08 06:54:43,55.0,69.000              ,844.887,375.0,1200.0,0.0,55.125,55.125              ,55.125,55.125,55.125,55.125,55.125,55.125,55.125,34.576,26.248,43.67,28.313,51.675,9.728,42.859,20.93,32.25,2080.0,2080.0,2600.0,2600.0,2080.0,2080.0,2080.0,2060.0,2600.0,0.835,0.835,0.993,0.993,0.884,0.884,0.988,0.988,14.873,4703.0,14647.0,27.501,469.0,36.36
2026-07-08 06:54:44,55.0,69.000              ,838.961,200.0,1067.0,0.0,55.125,55.125              ,55.125,55.125,55.125,55.125,55.125,55.125,55.125,38.942,29.842,45.02,23.467,43.613,10.943,64.941,10.12,33.361,2080.0,2080.0,2600.0,2600.0,2080.0,2080.0,2600.0,2600.0,2600.0,0.909,0.909,0.932,0.932,0.782,0.782,1.198,1.198,15.103,4704.0,14647.0,25.532,470.0,39.17
2026-07-08 06:54:45,55.0,69.000              ,829.922,375.0,1067.0,0.0,55.125,55.125              ,55.125,55.125,55.125,55.125,55.125,55.125,55.125,33.142,22.465,36.956,36.266,39.648,10.571,48.036,13.569,30.082,2120.0,2120.0,2650.0,2650.0,2160.0,2160.0,2700.0,2700.0,2700.0,0.839,0.839,1.17,1.173,0.809,0.809,1.009,1.009,15.107,4702.0,14640.0,25.137,471.0,39.78
2026-07-08 06:54:46,55.0,69.000              ,829.543,387.0,1200.0,0.0,55.125,55.125              ,55.125,55.125,55.125,55.125,55.125,55.125,55.125,37.596,26.694,57.68,31.906,50.495,9.788,53.507,14.17,35.23,2080.0,2080.0,2575.0,2575.0,2060.0,2060.0,2060.0,2060.0,2575.0,0.85,0.849,1.208,1.208,0.836,0.836,0.92,0.92,15.06,4702.0,14630.0,22.955,472.0,43.56
2026-07-08 06:54:47,55.0,69.000              ,829.551,381.0,1200.0,0.0,55.125,55.125              ,55.125,55.125,55.125,55.125,55.125,55.125,55.125,34.756,23.921,57.491,28.923,49.588,8.262,61.069,10.866,34.359,2060.0,2060.0,2575.0,2575.0,2060.0,2060.0,2060.0,2060.0,2575.0,0.804,0.805,1.125,1.122,0.789,0.789,0.998,0.998,14.997,4702.0,14620.0,21.356,473.0,46.83
2026-07-08 06:54:48,55.0,70.000              ,829.922,525.0,1200.0,0.0,55.125,55.125              ,55.125,55.125,55.125,55.125,55.125,55.125,55.125,38.679,31.252,54.953,30.179,49.034,17.767,55.04,16.549,36.682,1960.0,1960.0,2450.0,2450.0,1960.0,1960.0,1960.0,1960.0,2450.0,0.834,0.833,1.046,1.046,0.874,0.874,0.968,0.968,15.077,4700.0,14620.0,19.175,474.0,52.15
2026-07-08 06:54:49,55.0,70.000              ,835.934,492.0,1200.0,0.0,55.125,55.125              ,55.125,55.125,55.125,55.125,55.125,55.125,55.125,39.226,31.807,42.497,32.881,52.423,11.162,62.604,11.233,35.479,1960.0,1960.0,1960.0,1960.0,1960.0,1960.0,2450.0,2450.0,2450.0,0.815,0.815,0.926,0.926,0.784,0.784,1.033,1.033,15.194,4702.0,14631.0,22.687,475.0,44.08
2026-07-08 06:54:50,55.0,70.000              ,835.934,200.0,1067.0,0.0,55.125,55.125              ,55.125,55.125,55.125,55.125,55.125,55.125,55.125,40.013,30.671,39.236,52.975,48.431,12.35,47.007,17.416,36.012,1900.0,1900.0,2375.0,2375.0,1900.0,1900.0,1900.0,1900.0,2375.0,0.848,0.848,1.298,1.302,0.755,0.755,0.818,0.818,14.792,4701.0,14630.0,23.13,476.0,43.23
2026-07-08 06:54:51,55.0,69.000              ,835.93,442.0,1200.0,0.0,55.125,55.125              ,55.125,55.125,55.125,55.125,55.125,55.125,55.125,36.338,28.77,41.432,44.312,46.893,13.84,44.144,12.914,33.58,2080.0,2080.0,2625.0,2625.0,2100.0,2100.0,2100.0,2100.0,2625.0,0.809,0.811,1.179,1.175,0.854,0.866,0.831,0.831,15.244,4702.0,14630.0,24.011,477.0,41.65
2026-07-08 06:54:52,55.0,69.000              ,839.262,200.0,1200.0,0.0,55.125,55.125              ,55.125,55.125,55.125,55.125,55.125,55.125,55.125,43.429,31.323,45.79,47.417,46.277,15.328,54.418,15.739,37.465,1940.0,1940.0,2425.0,2425.0,1940.0,1940.0,1940.0,1940.0,2425.0,0.823,0.82,1.211,1.211,0.794,0.781,0.871,0.871,14.844,4703.0,14635.0,22.926,478.0,43.62
2026-07-08 06:54:53,55.0,69.000              ,839.234,450.0,1067.0,0.0,55.125,55.125              ,55.125,55.125,55.125,55.125,55.125,55.125,55.125,41.199,27.762,58.688,31.364,44.143,13.755,52.232,16.891,35.754,1940.0,1940.0,2425.0,2425.0,1940.0,1940.0,1960.0,1960.0,2425.0,0.832,0.832,1.158,1.158,0.76,0.76,0.893,0.894,15.044,4705.0,14635.0,24.839,479.0,40.26
2026-07-08 06:54:54,55.0,70.000              ,830.828,375.0,1067.0,0.0,55.125,55.125              ,55.125,55.125,55.125,55.125,55.125,55.125,55.125,27.612,30.266,36.929,44.969,44.134,9.452,41.514,15.062,31.242,2060.0,2060.0,2575.0,2600.0,2080.0,2080.0,2080.0,2080.0,2600.0,0.804,0.804,1.219,1.221,0.76,0.76,0.827,0.827,14.879,4699.0,14628.0,24.637,480.0,40.59
2026-07-08 06:54:55,55.0,69.000              ,830.832,400.0,1067.0,0.0,55.125,55.125              ,55.125,55.125,55.125,55.125,55.125,55.125,55.125,36.304,27.479,54.166,34.197,54.995,13.734,59.811,13.613,36.787,2060.0,2060.0,2550.0,2550.0,2060.0,2060.0,2060.0,2060.0,2550.0,0.843,0.846,1.183,1.181,0.909,0.909,0.985,0.985,15.238,4703.0,14628.0,23.025,481.0,43.43
2026-07-08 06:54:56,55.0,69.000              ,830.828,393.0,1067.0,0.0,55.125,55.125              ,55.125,55.125,55.125,55.125,55.125,55.125,55.125,36.918,26.119,66.122,28.545,48.98,9.344,46.669,16.579,34.91,2080.0,2080.0,2600.0,2600.0,2080.0,2080.0,2080.0,2080.0,2600.0,0.835,0.837,1.231,1.231,0.794,0.8,0.885,0.885,15.055,4701.0,14628.0,20.511,482.0,48.75
2026-07-08 06:54:57,55.0,71.000              ,830.887,413.0,1200.0,0.0,55.125,55.125              ,55.125,55.125,55.125,55.125,55.125,55.125,55.125,33.059,28.155,64.224,26.668,48.004,12.8,54.332,16.999,35.53,2060.0,2060.0,2575.0,2575.0,2060.0,2060.0,2575.0,2575.0,2575.0,0.855,0.837,1.211,1.211,0.846,0.84,0.899,0.912,14.982,4702.0,14619.0,20.885,483.0,47.88
2026-07-08 06:54:58,55.0,71.000              ,823.906,200.0,1067.0,0.0,55.125,55.125              ,55.125,55.125,55.125,55.125,55.125,55.125,55.125,33.956,24.895,51.794,26.542,47.237,13.456,47.111,11.049,32.005,2080.0,2080.0,2600.0,2600.0,2080.0,2080.0,2080.0,2080.0,2600.0,0.837,0.851,1.156,1.156,0.89,0.892,0.93,0.917,14.868,4700.0,14614.0,29.076,484.0,34.39
2026-07-08 06:54:59,55.0,70.000              ,817.871,364.0,1200.0,0.0,55.125,55.125              ,55.125,55.125,55.125,55.125,55.125,55.125,55.125,37.38,27.428,50.379,30.559,52.098,5.51,45.535,10.674,32.445,2180.0,2180.0,2725.0,2725.0,2180.0,2180.0,2180.0,2180.0,2725.0,0.92,0.92,1.205,1.207,0.853,0.851,0.941,0.941,15.209,4695.0,14609.0,23.11,485.0,43.27
2026-07-08 06:55:00,55.0,70.000              ,809.852,381.0,1067.0,0.0,55.125,55.125              ,55.125,55.125,55.125,55.125,55.125,55.125,55.125,37.826,29.279,51.021,28.23,61.859,13.868,45.092,20.332,35.938,2060.0,2060.0,2575.0,2575.0,2060.0,2060.0,2060.0,2060.0,2575.0,0.842,0.844,1.004,1.002,0.964,0.964,0.933,0.933,15.104,4696.0,14605.0,23.425,486.0,42.69
2026-07-08 06:55:01,55.0,69.000              ,809.852,200.0,1200.0,0.0,55.125,55.125              ,55.125,55.125,55.125,55.125,55.125,55.125,55.125,35.418,23.75,37.073,33.123,45.858,6.681,45.191,14.531,30.203,2120.0,2120.0,2650.0,2650.0,2120.0,2120.0,2120.0,2120.0,2650.0,0.895,0.893,1.104,1.088,0.782,0.782,0.904,0.904,14.825,4689.0,14597.0,25.165,487.0,39.74
2026-07-08 06:55:02,55.0,67.000              ,803.824,413.0,1067.0,0.0,55.0,55.000              ,55.0,55.0,55.0,55.0,55.0,55.0,55.0,37.364,26.328,49.741,29.584,62.226,11.525,47.541,19.253,35.445,2040.0,2040.0,2040.0,2040.0,2550.0,2550.0,2040.0,2040.0,2550.0,0.824,0.827,0.945,0.95,1.02,1.02,0.923,0.923,15.016,4692.0,14597.0,26.464,488.0,37.79
2026-07-08 06:55:03,55.0,69.000              ,812.133,420.0,1067.0,0.0,55.0,55.000              ,55.0,55.0,55.0,55.0,55.0,55.0,55.0,32.417,29.505,52.868,32.783,54.373,8.523,43.131,14.721,33.54,2180.0,2180.0,2725.0,2725.0,2180.0,2180.0,2180.0,2180.0,2725.0,0.866,0.864,1.222,1.235,0.87,0.872,0.87,0.87,15.186,4686.0,14602.0,28.252,489.0,35.4
2026-07-08 06:55:04,55.0,71.000              ,803.129,370.0,1200.0,0.0,55.0,55.000              ,55.0,55.0,55.0,55.0,55.0,55.0,55.0,27.837,21.992,57.045,27.308,48.196,4.58,46.812,10.263,30.504,2100.0,2100.0,2625.0,2625.0,2100.0,2100.0,2100.0,2100.0,2625.0,0.756,0.756,1.216,1.216,0.824,0.822,0.907,0.907,14.883,4691.0,14595.0,25.34,490.0,39.46
2026-07-08 06:55:05,55.0,70.000              ,811.332,630.0,1200.0,0.0,55.0,55.000              ,55.0,55.0,55.0,55.0,55.0,55.0,55.0,33.154,24.715,48.589,29.321,50.546,9.934,55.138,8.555,32.494,2120.0,2120.0,2650.0,2650.0,2120.0,2120.0,2120.0,2120.0,2650.0,0.769,0.769,1.101,1.101,0.832,0.832,0.937,0.939,15.485,4685.0,14599.0,30.703,491.0,32.57
2026-07-08 06:55:06,55.0,70.000              ,810.953,200.0,933.0,0.0,55.0,55.000              ,55.0,55.0,55.0,55.0,55.0,55.0,55.0,26.841,18.356,36.623,21.934,47.021,24.864,43.774,14.922,29.292,1840.0,1840.0,2300.0,2300.0,2300.0,2300.0,2300.0,2300.0,2300.0,0.607,0.607,0.819,0.819,1.285,1.285,0.905,0.904,13.381,4700.0,14586.0,24.495,492.0,40.82
2026-07-08 06:55:07,55.0,35.000              ,810.953,200.0,933.0,0.0,55.375,55.375              ,55.375,55.375,55.375,55.375,55.375,55.375,55.375,8.597,6.771,56.165,2.946,19.805,14.139,35.595,12.949,19.621,2333.333,2333.333,3500.0,3500.0,2333.333,2333.333,2333.333,2333.333,3500.0,0.713,0.713,2.267,2.267,1.192,1.192,1.456,1.456,12.726,4689.0,14514.0,0.0,493.0,
2026-07-08 06:55:08,56.0,0.000               ,810.953,200.0,933.0,0.0,56.125,56.125              ,56.125,56.125,56.125,56.125,56.125,56.125,56.125,5.399,5.954,47.416,20.46,25.752,7.15,18.366,11.165,17.708,2333.333,2333.333,2333.333,2333.333,2333.333,2333.333,3500.0,3500.0,3500.0,0.706,0.706,2.284,2.284,1.19,1.196,1.079,1.079,13.07,4248.0,13937.0,0.0,494.0,
2026-07-08 06:55:09,56.0,0.000               ,810.953,200.0,933.0,0.0,56.5,56.500              ,56.5,56.5,56.5,56.5,56.5,56.5,56.5,11.739,24.913,61.904,5.656,38.992,9.641,14.546,8.21,21.95,2333.333,2333.333,3500.0,3500.0,2333.333,2333.333,2333.333,2333.333,3500.0,1.254,1.254,2.593,2.593,1.699,1.693,0.96,0.964,14.227,4198.0,13175.0,0.0,495.0,
2026-07-08 06:55:10,56.0,0.000               ,810.953,200.0,933.0,0.0,56.625,56.625              ,56.625,56.625,56.625,56.625,56.625,56.625,56.625,21.324,10.46,44.338,17.411,34.751,12.909,33.322,6.453,22.621,3500.0,3500.0,2333.333,2333.333,3500.0,3500.0,2333.333,2333.333,3500.0,1.198,1.198,2.083,2.083,1.753,1.755,1.37,1.366,14.422,3983.0,12982.0,0.0,496.0,
2026-07-08 06:55:11,56.0,0.000               ,810.949,200.0,933.0,0.0,56.75,56.750              ,56.75,56.75,56.75,56.75,56.75,56.75,56.75,21.611,16.532,61.472,6.897,18.959,5.336,12.912,3.545,18.408,2333.333,2333.333,3500.0,3500.0,2333.333,2333.333,2333.333,2333.333,3500.0,1.424,1.424,2.761,2.773,1.028,1.026,0.9,0.9,13.477,3798.0,11991.0,5429.562,497.0,0.18
2026-07-08 06:55:12,57.0,2.000               ,762.91,200.0,933.0,0.0,57.625,57.625              ,57.625,57.625,57.625,57.625,57.625,57.625,57.625,17.265,4.376,5.863,80.636,37.228,10.217,22.837,6.672,23.137,2333.333,2333.333,3500.0,3500.0,2800.0,2800.0,2333.333,2333.333,3500.0,1.152,1.152,3.547,3.535,1.782,1.794,1.211,1.211,15.781,3525.0,11775.0,0.0,498.0,
2026-07-08 06:55:13,58.0,2.000               ,762.91,200.0,933.0,0.0,58.625,58.625              ,58.625,58.625,58.625,58.625,58.625,58.625,58.625,5.861,14.199,1.525,88.226,19.513,6.416,13.852,7.555,19.643,2333.333,2333.333,3500.0,3500.0,2333.333,2333.333,2800.0,2800.0,3500.0,0.934,0.934,5.051,5.073,1.068,1.057,1.057,1.057,14.945,3501.0,11787.0,0.0,499.0,
2026-07-08 06:55:14,58.0,0.000               ,722.629,200.0,933.0,0.0,58.375,58.375              ,58.375,58.375,58.375,58.375,58.375,58.375,58.375,9.436,3.465,9.837,72.719,44.685,4.051,30.122,6.036,22.544,2333.333,2333.333,3500.0,3500.0,2333.333,2333.333,2333.333,2333.333,3500.0,0.749,0.749,3.427,3.451,1.808,1.84,1.678,1.681,15.62,3234.0,11221.0,2173.103,500.0,0.46
2026-07-08 06:55:15,59.0,0.000               ,722.629,200.0,933.0,0.0,59.125,59.125              ,59.125,59.125,59.125,59.125,59.125,59.125,59.125,6.104,1.606,16.987,73.927,4.127,2.744,12.254,13.693,16.43,2300.0,2300.0,3450.0,3500.0,2333.333,2333.333,2800.0,2800.0,3500.0,0.72,0.72,5.044,5.093,0.666,0.635,1.234,1.23,14.084,3254.0,11215.0,0.0,501.0,
2026-07-08 06:55:16,59.0,0.000               ,722.629,200.0,933.0,0.0,59.625,59.625              ,59.625,59.625,59.625,59.625,59.625,59.625,59.625,2.088,1.683,0.618,96.246,7.907,2.208,6.272,2.564,14.948,2333.333,2333.333,3500.0,3500.0,2333.333,2333.333,2333.333,2333.333,3500.0,0.311,0.311,5.024,5.007,0.438,0.438,0.703,0.703,13.678,3314.0,11284.0,0.0,502.0,
2026-07-08 06:55:17,59.0,0.000               ,719.879,200.0,933.0,0.0,59.0,59.000              ,59.0,59.0,59.0,59.0,59.0,59.0,59.0,5.554,4.064,11.846,76.419,20.15,2.5,7.799,6.087,16.802,1555.556,1555.556,3500.0,3500.0,1555.556,1555.556,2333.333,2333.333,3500.0,0.381,0.381,3.627,3.597,0.802,0.806,0.752,0.752,12.605,3322.0,11034.0,3331.04,503.0,0.3
2026-07-08 06:55:18,58.0,0.000               ,610.93,200.0,933.0,0.0,58.25,58.250              ,58.25,58.25,58.25,58.25,58.25,58.25,58.25,10.499,21.593,14.642,45.808,45.55,7.422,18.455,5.417,21.173,2333.333,2333.333,2333.333,2333.333,3500.0,3500.0,2333.333,2333.333,3500.0,1.184,1.184,2.224,2.224,1.951,1.947,0.99,0.99,14.165,3229.0,10459.0,1271.369,504.0,0.79
2026-07-08 06:55:19,57.0,22.000              ,610.93,200.0,933.0,0.0,57.5,57.500              ,57.5,57.5,57.5,57.5,57.5,57.5,57.5,25.036,12.355,50.055,20.44,36.455,11.166,44.213,15.539,26.907,2333.333,2333.333,3500.0,3500.0,2333.333,2333.333,2800.0,2800.0,3500.0,1.178,1.178,2.104,2.104,1.565,1.565,1.738,1.738,16.555,3122.0,10463.0,57.257,505.0,17.47
2026-07-08 06:55:20,56.0,43.000              ,640.637,200.0,933.0,0.0,56.875,56.875              ,56.875,56.875,56.875,56.875,56.875,56.875,56.875,24.708,14.086,50.514,14.627,25.732,7.899,39.095,9.357,23.252,2500.0,2500.0,2500.0,2500.0,2500.0,2500.0,3125.0,3125.0,3125.0,1.141,1.141,1.795,1.795,1.077,1.077,1.39,1.393,14.378,3140.0,10482.0,32.132,506.0,31.12
2026-07-08 06:55:21,56.0,53.000              ,640.637,200.0,933.0,0.0,55.875,55.875              ,55.875,55.875,55.875,55.875,55.875,55.875,55.875,13.372,9.471,40.632,14.267,16.087,4.26,20.476,2.152,15.09,2540.0,2540.0,3175.0,3175.0,2540.0,2580.0,2580.0,2580.0,3175.0,0.755,0.755,1.533,1.533,0.796,0.796,0.733,0.737,12.625,3145.0,10427.0,21.649,507.0,46.19
2026-07-08 06:55:22,55.0,61.000              ,640.637,200.0,933.0,0.0,55.375,55.375              ,55.375,55.375,55.375,55.375,55.375,55.375,55.375,12.416,11.866,42.297,15.745,18.182,4.393,24.862,4.084,16.731,2333.333,2333.333,3500.0,3500.0,2333.333,2333.333,2333.333,2333.333,3500.0,0.812,0.812,1.696,1.696,0.829,0.83,0.887,0.88,13.292,3145.0,10427.0,17.658,508.0,56.63
2026-07-08 06:55:23,55.0,58.000              ,640.637,200.0,933.0,0.0,55.25,55.250              ,55.25,55.25,55.25,55.25,55.25,55.25,55.25,11.279,10.979,53.393,16.73,18.364,5.021,29.504,5.158,18.804,2333.333,2333.333,3500.0,3500.0,2333.333,2333.333,2333.333,2333.333,3500.0,0.883,0.883,2.108,2.108,0.943,0.941,1.087,1.087,14.295,3143.0,10401.0,22.018,509.0,45.42
2026-07-08 06:55:24,55.0,59.000              ,640.637,200.0,933.0,0.0,55.125,55.125              ,55.125,55.125,55.125,55.125,55.125,55.125,55.125,9.202,11.236,46.348,7.651,19.573,1.137,46.294,1.96,17.925,2283.333,2283.333,3500.0,3500.0,2333.333,2333.333,2333.333,2333.333,3500.0,0.862,0.862,1.541,1.552,0.949,0.949,1.319,1.319,13.936,3145.0,10400.0,17.067,510.0,58.59
2026-07-08 06:55:25,55.0,58.000              ,640.637,200.0,933.0,0.0,55.125,55.125              ,55.125,55.125,55.125,55.125,55.125,55.125,55.125,39.682,12.839,49.72,11.494,24.195,6.925,25.593,5.487,21.992,2280.0,2280.0,3500.0,3500.0,2333.333,2333.333,2333.333,2333.333,3500.0,1.407,1.41,1.737,1.726,1.004,1.009,1.037,1.037,14.461,3145.0,10400.0,17.598,511.0,56.82
2026-07-08 06:55:26,55.0,58.000              ,640.637,200.0,933.0,0.0,55.625,55.625              ,55.625,55.625,55.625,55.625,55.625,55.625,55.625,22.666,11.394,62.323,14.381,22.866,1.979,21.155,3.112,19.985,2316.667,2316.667,2316.667,2316.667,3475.0,3475.0,2316.667,2316.667,3475.0,1.14,1.136,2.254,2.254,1.06,1.055,0.953,0.953,14.988,3145.0,10400.0,17.538,512.0,57.02
2026-07-08 06:55:27,55.0,61.000              ,640.637,200.0,933.0,0.0,55.75,55.750              ,55.75,55.75,55.75,55.75,55.75,55.75,55.75,35.006,10.998,49.686,17.118,20.07,2.735,21.904,2.141,19.957,3500.0,3500.0,2333.333,2333.333,2333.333,2333.333,2333.333,2333.333,3500.0,1.372,1.372,1.968,1.965,1.014,1.018,0.906,0.906,14.901,3145.0,10400.0,17.2,513.0,58.14
2026-07-08 06:55:28,55.0,63.000              ,584.66,200.0,933.0,0.0,55.875,55.875              ,55.875,55.875,55.875,55.875,55.875,55.875,55.875,32.946,10.644,50.44,16.368,22.481,4.46,19.822,2.377,19.942,2333.333,2333.333,3500.0,3500.0,2333.333,2333.333,2333.333,2333.333,3500.0,1.356,1.356,1.975,1.98,1.113,1.109,0.937,0.937,15.074,3105.0,10364.0,25.398,514.0,39.37
2026-07-08 06:55:29,55.0,63.000              ,584.66,200.0,933.0,0.0,55.75,55.750              ,55.75,55.75,55.75,55.75,55.75,55.75,55.75,21.527,11.341,54.984,15.417,22.034,2.115,22.573,2.915,19.113,2333.333,2333.333,3500.0,3500.0,2333.333,2333.333,2333.333,2333.333,3500.0,1.025,1.025,2.03,2.028,0.915,0.915,0.888,0.888,14.43,3107.0,10364.0,26.375,515.0,37.91
2026-07-08 06:55:30,55.0,63.000              ,577.613,200.0,933.0,0.0,55.25,55.250              ,55.25,55.25,55.25,55.25,55.25,55.25,55.25,18.311,13.963,40.328,19.323,21.405,4.361,25.367,5.536,18.574,2333.333,2333.333,3500.0,3500.0,2333.333,2333.333,2640.0,2640.0,3500.0,0.882,0.882,1.656,1.656,0.831,0.831,0.873,0.878,13.375,3104.0,10357.0,21.11,516.0,47.37
2026-07-08 06:55:31,55.0,60.000              ,577.605,200.0,933.0,0.0,55.125,55.125              ,55.125,55.125,55.125,55.125,55.125,55.125,55.125,14.43,10.291,47.975,12.138,17.412,0.913,23.978,1.873,16.126,2333.333,2333.333,3500.0,3500.0,2333.333,2333.333,2333.333,2333.333,3500.0,0.92,0.92,1.813,1.813,0.881,0.881,0.898,0.892,13.773,3104.0,10304.0,17.521,517.0,57.07
2026-07-08 06:55:32,55.0,57.000              ,577.613,200.0,933.0,0.0,55.125,55.125              ,55.125,55.125,55.125,55.125,55.125,55.125,55.125,15.387,10.6,45.832,12.336,20.684,4.246,39.477,3.94,19.063,2460.0,2460.0,2460.0,2460.0,2460.0,2460.0,3075.0,3075.0,3075.0,0.947,0.947,1.778,1.778,0.964,0.964,1.241,1.241,14.152,3104.0,10305.0,17.333,518.0,57.69
2026-07-08 06:55:33,55.0,57.000              ,577.613,200.0,933.0,0.0,55.125,55.125              ,55.125,55.125,55.125,55.125,55.125,55.125,55.125,19.002,12.103,52.927,10.393,22.463,3.96,38.908,4.994,20.594,2333.333,2333.333,3500.0,3500.0,2333.333,2333.333,2333.333,2333.333,3500.0,0.982,0.982,1.814,1.814,0.987,0.99,1.259,1.259,14.378,3103.0,10296.0,17.303,519.0,57.79
2026-07-08 06:55:34,55.0,58.000              ,577.613,200.0,933.0,0.0,55.25,55.250              ,55.25,55.25,55.25,55.25,55.25,55.25,55.25,36.218,12.701,51.336,15.804,23.669,5.657,29.176,6.783,22.668,2333.333,2333.333,3500.0,3500.0,2333.333,2333.333,2333.333,2333.333,3500.0,1.466,1.468,2.025,2.037,1.155,1.152,1.287,1.287,15.582,3106.0,10296.0,18.875,520.0,52.98
2026-07-08 06:55:35,54.0,61.000              ,577.758,200.0,933.0,0.0,54.0,54.000              ,54.0,54.0,54.0,54.0,54.0,54.0,54.0,16.531,12.776,20.936,19.246,26.693,7.677,26.246,8.455,17.32,2650.0,2650.0,2650.0,2650.0,2650.0,2650.0,2650.0,2650.0,2650.0,0.678,0.676,0.961,0.949,0.788,0.788,0.775,0.775,11.855,3106.0,10296.0,25.301,521.0,39.52
2026-07-08 06:55:36,54.0,65.000              ,577.758,200.0,933.0,0.0,54.125,54.125              ,54.125,54.125,54.125,54.125,54.125,54.125,54.125,14.835,10.874,43.474,16.789,20.266,4.407,20.373,5.24,17.032,2333.333,2333.333,3500.0,3500.0,2333.333,2333.333,2333.333,2333.333,3500.0,0.807,0.807,1.741,1.741,0.824,0.828,0.814,0.814,13.286,3106.0,10295.0,23.038,522.0,43.41
2026-07-08 06:55:37,54.0,61.000              ,577.758,200.0,933.0,0.0,54.25,54.250              ,54.25,54.25,54.25,54.25,54.25,54.25,54.25,10.096,9.805,50.555,14.816,13.926,1.194,20.397,2.754,15.443,2500.0,2500.0,3125.0,3125.0,2500.0,2500.0,2500.0,2500.0,3125.0,0.834,0.834,2.027,2.029,0.757,0.754,0.834,0.844,13.484,3106.0,10295.0,17.969,523.0,55.65
2026-07-08 06:55:38,54.0,57.000              ,577.758,200.0,933.0,0.0,54.625,54.625              ,54.625,54.625,54.625,54.625,54.625,54.625,54.625,14.106,11.734,50.616,13.17,22.827,7.117,33.488,5.591,19.831,2333.333,2333.333,3500.0,3500.0,2333.333,2333.333,2333.333,2333.333,3500.0,0.914,0.914,1.917,1.914,1.048,1.05,1.2,1.189,14.47,3105.0,10296.0,17.529,524.0,57.05
2026-07-08 06:55:39,54.0,58.000              ,577.758,200.0,933.0,0.0,54.625,54.625              ,54.625,54.625,54.625,54.625,54.625,54.625,54.625,26.957,11.777,49.727,11.273,24.474,2.95,33.927,3.674,20.595,2333.333,2333.333,3500.0,3500.0,2333.333,2333.333,2333.333,2333.333,3500.0,1.229,1.229,1.795,1.795,1.081,1.079,1.19,1.19,14.605,3105.0,10296.0,18.087,525.0,55.29
2026-07-08 06:55:40,54.0,57.000              ,578.777,200.0,933.0,0.0,54.75,54.750              ,54.75,54.75,54.75,54.75,54.75,54.75,54.75,24.84,12.443,53.27,18.956,38.248,2.789,18.878,4.82,21.78,3300.0,3300.0,3500.0,3500.0,2333.333,2333.333,2333.333,2333.333,3500.0,1.16,1.16,2.029,2.029,1.284,1.284,0.925,0.928,15.114,3105.0,10298.0,18.203,526.0,54.94
2026-07-08 06:55:41,53.0,62.000              ,578.777,200.0,933.0,0.0,53.875,53.875              ,53.875,53.875,53.875,53.875,53.875,53.875,53.875,7.154,6.826,7.455,3.897,28.847,1.924,5.052,2.816,7.996,2650.0,2650.0,2650.0,2650.0,2650.0,2650.0,2650.0,2650.0,2650.0,0.51,0.51,0.416,0.416,0.926,0.926,0.363,0.36,8.136,2949.0,10123.0,16.999,527.0,58.83
2026-07-08 06:55:42,54.0,34.000              ,449.109,200.0,1067.0,0.0,54.625,54.625              ,54.625,54.625,54.625,54.625,54.625,54.625,54.625,24.816,16.269,42.651,30.976,28.311,17.625,24.54,17.068,25.282,1700.0,1700.0,1275.0,1275.0,1275.0,1275.0,1700.0,1700.0,1700.0,1.361,1.366,2.978,2.978,1.48,1.48,1.362,1.362,14.584,2756.0,8701.0,0.0,528.0,
2026-07-08 06:55:43,54.0,1.000               ,528.879,200.0,933.0,0.0,54.75,54.750              ,54.75,54.75,54.75,54.75,54.75,54.75,54.75,45.041,35.702,55.996,28.862,54.336,32.692,47.549,31.178,41.42,2380.0,2380.0,2975.0,2975.0,2380.0,2380.0,2380.0,2380.0,2975.0,1.689,1.685,1.971,1.971,2.066,2.066,1.699,1.699,16.082,2899.0,8770.0,0.0,529.0,
