08-07-2026 06:29:40,GPU temperature,GPU usage,Memory usage,Core clock,Memory clock,Fan tachometer,CPU1 temperature,CPU2 temperature,CPU3 temperature,CPU4 temperature,CPU5 temperature,CPU6 temperature,CPU7 temperature,CPU8 temperature,CPU temperature,CPU1 usage,CPU2 usage,CPU3 usage,CPU4 usage,CPU5 usage,CPU6 usage,CPU7 usage,CPU8 usage,CPU usage,CPU1 clock,CPU2 clock,CPU3 clock,CPU4 clock,CPU5 clock,CPU6 clock,CPU7 clock,CPU8 clock,CPU clock,CPU1 power,CPU2 power,CPU3 power,CPU4 power,CPU5 power,CPU6 power,CPU7 power,CPU8 power,CPU power,RAM usage,Commit charge,frametime,elapsed,fps
2026-07-08 06:29:40,0.0,°C                  ,0.0,100.0,10.0,,,,,,,,,,,,,,,,,,,,,,,,,,,,,,,,,,,,,,,,,0.0,
2026-07-08 06:29:40,1.0,%                   ,0.0,100.0,10.0,,,,,,,,,,,,,,,,,,,,,,,,,,,,,,,,,,,,,,,,,0.0,
2026-07-08 06:29:40,2.0,MB                  ,0.0,8192.0,10.0,,,,,,,,,,,,,,,,,,,,,,,,,,,,,,,,,,,,,,,,,0.0,
2026-07-08 06:29:40,3.0,MHz                 ,0.0,2500.0,10.0,,,,,,,,,,,,,,,,,,,,,,,,,,,,,,,,,,,,,,,,,0.0,
2026-07-08 06:29:40,4.0,MHz                 ,0.0,7500.0,10.0,,,,,,,,,,,,,,,,,,,,,,,,,,,,,,,,,,,,,,,,,0.0,
2026-07-08 06:29:40,5.0,RPM                 ,0.0,10000.0,10.0,,,,,,,,,,,,,,,,,,,,,,,,,,,,,,,,,,,,,,,,,0.0,
2026-07-08 06:29:40,6.0,°C                  ,0.0,100.0,10.0,,,,,,,,,,,,,,,,,,,,,,,,,,,,,,,,,,,,,,,,,0.0,
2026-07-08 06:29:40,7.0,°C                  ,0.0,100.0,10.0,,,,,,,,,,,,,,,,,,,,,,,,,,,,,,,,,,,,,,,,,0.0,
2026-07-08 06:29:40,8.0,°C                  ,0.0,100.0,10.0,,,,,,,,,,,,,,,,,,,,,,,,,,,,,,,,,,,,,,,,,0.0,
2026-07-08 06:29:40,9.0,°C                  ,0.0,100.0,10.0,,,,,,,,,,,,,,,,,,,,,,,,,,,,,,,,,,,,,,,,,0.0,
2026-07-08 06:29:40,10.0,°C                  ,0.0,100.0,10.0,,,,,,,,,,,,,,,,,,,,,,,,,,,,,,,,,,,,,,,,,0.0,
2026-07-08 06:29:40,11.0,°C                  ,0.0,100.0,10.0,,,,,,,,,,,,,,,,,,,,,,,,,,,,,,,,,,,,,,,,,0.0,
2026-07-08 06:29:40,12.0,°C                  ,0.0,100.0,10.0,,,,,,,,,,,,,,,,,,,,,,,,,,,,,,,,,,,,,,,,,0.0,
2026-07-08 06:29:40,13.0,°C                  ,0.0,100.0,10.0,,,,,,,,,,,,,,,,,,,,,,,,,,,,,,,,,,,,,,,,,0.0,
2026-07-08 06:29:40,14.0,°C                  ,0.0,100.0,10.0,,,,,,,,,,,,,,,,,,,,,,,,,,,,,,,,,,,,,,,,,0.0,
2026-07-08 06:29:40,15.0,%                   ,0.0,100.0,10.0,,,,,,,,,,,,,,,,,,,,,,,,,,,,,,,,,,,,,,,,,0.0,
2026-07-08 06:29:40,16.0,%                   ,0.0,100.0,10.0,,,,,,,,,,,,,,,,,,,,,,,,,,,,,,,,,,,,,,,,,0.0,
2026-07-08 06:29:40,17.0,%                   ,0.0,100.0,10.0,,,,,,,,,,,,,,,,,,,,,,,,,,,,,,,,,,,,,,,,,0.0,
2026-07-08 06:29:40,18.0,%                   ,0.0,100.0,10.0,,,,,,,,,,,,,,,,,,,,,,,,,,,,,,,,,,,,,,,,,0.0,
2026-07-08 06:29:40,19.0,%                   ,0.0,100.0,10.0,,,,,,,,,,,,,,,,,,,,,,,,,,,,,,,,,,,,,,,,,0.0,
2026-07-08 06:29:40,20.0,%                   ,0.0,100.0,10.0,,,,,,,,,,,,,,,,,,,,,,,,,,,,,,,,,,,,,,,,,0.0,
2026-07-08 06:29:40,21.0,%                   ,0.0,100.0,10.0,,,,,,,,,,,,,,,,,,,,,,,,,,,,,,,,,,,,,,,,,0.0,
2026-07-08 06:29:40,22.0,%                   ,0.0,100.0,10.0,,,,,,,,,,,,,,,,,,,,,,,,,,,,,,,,,,,,,,,,,0.0,
2026-07-08 06:29:40,23.0,%                   ,0.0,100.0,10.0,,,,,,,,,,,,,,,,,,,,,,,,,,,,,,,,,,,,,,,,,0.0,
2026-07-08 06:29:40,24.0,MHz                 ,0.0,5000.0,10.0,,,,,,,,,,,,,,,,,,,,,,,,,,,,,,,,,,,,,,,,,0.0,
2026-07-08 06:29:40,25.0,MHz                 ,0.0,5000.0,10.0,,,,,,,,,,,,,,,,,,,,,,,,,,,,,,,,,,,,,,,,,0.0,
2026-07-08 06:29:40,26.0,MHz                 ,0.0,5000.0,10.0,,,,,,,,,,,,,,,,,,,,,,,,,,,,,,,,,,,,,,,,,0.0,
2026-07-08 06:29:40,27.0,MHz                 ,0.0,5000.0,10.0,,,,,,,,,,,,,,,,,,,,,,,,,,,,,,,,,,,,,,,,,0.0,
2026-07-08 06:29:40,28.0,MHz                 ,0.0,5000.0,10.0,,,,,,,,,,,,,,,,,,,,,,,,,,,,,,,,,,,,,,,,,0.0,
2026-07-08 06:29:40,29.0,MHz                 ,0.0,5000.0,10.0,,,,,,,,,,,,,,,,,,,,,,,,,,,,,,,,,,,,,,,,,0.0,
2026-07-08 06:29:40,30.0,MHz                 ,0.0,5000.0,10.0,,,,,,,,,,,,,,,,,,,,,,,,,,,,,,,,,,,,,,,,,0.0,
2026-07-08 06:29:40,31.0,MHz                 ,0.0,5000.0,10.0,,,,,,,,,,,,,,,,,,,,,,,,,,,,,,,,,,,,,,,,,0.0,
2026-07-08 06:29:40,32.0,MHz                 ,0.0,5000.0,10.0,,,,,,,,,,,,,,,,,,,,,,,,,,,,,,,,,,,,,,,,,0.0,
2026-07-08 06:29:40,33.0,W                   ,0.0,200.0,10.0,,,%.1f                ,,,,,,,,,,,,,,,,,,,,,,,,,,,,,,,,,,,,,,0.0,
2026-07-08 06:29:40,34.0,W                   ,0.0,200.0,10.0,,,%.1f                ,,,,,,,,,,,,,,,,,,,,,,,,,,,,,,,,,,,,,,0.0,
2026-07-08 06:29:40,35.0,W                   ,0.0,200.0,10.0,,,%.1f                ,,,,,,,,,,,,,,,,,,,,,,,,,,,,,,,,,,,,,,0.0,
2026-07-08 06:29:40,36.0,W                   ,0.0,200.0,10.0,,,%.1f                ,,,,,,,,,,,,,,,,,,,,,,,,,,,,,,,,,,,,,,0.0,
2026-07-08 06:29:40,37.0,W                   ,0.0,200.0,10.0,,,%.1f                ,,,,,,,,,,,,,,,,,,,,,,,,,,,,,,,,,,,,,,0.0,
2026-07-08 06:29:40,38.0,W                   ,0.0,200.0,10.0,,,%.1f                ,,,,,,,,,,,,,,,,,,,,,,,,,,,,,,,,,,,,,,0.0,
2026-07-08 06:29:40,39.0,W                   ,0.0,200.0,10.0,,,%.1f                ,,,,,,,,,,,,,,,,,,,,,,,,,,,,,,,,,,,,,,0.0,
2026-07-08 06:29:40,40.0,W                   ,0.0,200.0,10.0,,,%.1f                ,,,,,,,,,,,,,,,,,,,,,,,,,,,,,,,,,,,,,,0.0,
2026-07-08 06:29:40,41.0,W                   ,0.0,200.0,10.0,,,%.1f                ,,,,,,,,,,,,,,,,,,,,,,,,,,,,,,,,,,,,,,0.0,
2026-07-08 06:29:40,42.0,MB                  ,0.0,16384.0,10.0,,,,,,,,,,,,,,,,,,,,,,,,,,,,,,,,,,,,,,,,,0.0,
2026-07-08 06:29:40,43.0,MB                  ,0.0,16384.0,10.0,,,,,,,,,,,,,,,,,,,,,,,,,,,,,,,,,,,,,,,,,0.0,
2026-07-08 06:29:40,44.0,ms                  ,0.0,50.0,10.0,,,%.1f                ,,,,,,,,,,,,,,,,,,,,,,,,,,,,,,,,,,,,,,0.0,
2026-07-08 06:29:40,59.0,4.000               ,489.441,200.0,400.0,0.0,59.875,59.875              ,59.875,59.875,59.875,59.875,59.875,59.875,59.875,17.06,8.045,22.845,18.858,15.044,7.836,16.941,8.618,14.406,2800.0,2800.0,3500.0,3500.0,2800.0,2800.0,2800.0,2800.0,3500.0,0.853,0.853,1.553,1.554,0.841,0.841,0.891,0.891,10.495,2985.0,8515.0,,0.0,
2026-07-08 06:29:41,58.0,4.000               ,494.551,200.0,1200.0,0.0,58.375,58.375              ,58.375,58.375,58.375,58.375,58.375,58.375,58.375,58.79,42.191,62.326,47.57,58.427,36.416,61.843,46.778,51.792,3500.0,3500.0,2333.333,2333.333,2333.333,2333.333,3500.0,3500.0,3500.0,2.364,2.364,2.741,2.74,2.18,2.164,2.531,2.536,18.912,3079.0,8623.0,,1.0,
2026-07-08 06:29:42,56.0,4.000               ,495.211,200.0,1200.0,0.0,56.75,56.750              ,56.75,56.75,56.75,56.75,56.75,56.75,56.75,80.406,82.063,82.121,83.954,77.294,81.351,84.293,85.574,82.132,2340.0,2340.0,2925.0,2925.0,2340.0,2340.0,2340.0,2340.0,2925.0,2.342,2.342,2.534,2.534,2.337,2.357,2.435,2.419,18.459,3168.0,8684.0,,2.0,
2026-07-08 06:29:43,56.0,3.000               ,503.094,200.0,1067.0,0.0,56.625,56.625              ,56.625,56.625,56.625,56.625,56.625,56.625,56.625,32.029,37.954,45.478,57.389,57.995,24.908,34.111,54.003,42.983,2360.0,2360.0,3000.0,3000.0,2400.0,2400.0,2400.0,2400.0,3000.0,1.81,1.81,3.052,3.058,2.234,2.234,2.584,2.597,17.57,3228.0,8726.0,,3.0,
2026-07-08 06:29:44,56.0,0.000               ,491.82,200.0,1200.0,0.0,56.75,56.750              ,56.75,56.75,56.75,56.75,56.75,56.75,56.75,9.69,6.621,7.018,74.873,36.441,3.694,17.098,3.281,19.839,2640.0,2640.0,3300.0,3500.0,2333.333,2333.333,2333.333,2333.333,3500.0,0.84,0.84,3.238,3.233,1.662,1.662,0.989,0.991,14.341,3385.0,8872.0,,4.0,
2026-07-08 06:29:45,55.0,1.000               ,491.82,200.0,1200.0,0.0,55.25,55.250              ,55.25,55.25,55.25,55.25,55.25,55.25,55.25,5.678,3.189,12.414,61.702,19.757,8.551,13.621,2.663,15.947,2333.333,2333.333,3500.0,3500.0,2333.333,2333.333,2333.333,2333.333,3500.0,0.416,0.416,2.383,2.383,1.047,1.047,0.93,0.928,13.448,3849.0,9341.0,,5.0,
2026-07-08 06:29:46,56.0,0.000               ,491.82,200.0,933.0,0.0,56.375,56.375              ,56.375,56.375,56.375,56.375,56.375,56.375,56.375,5.582,7.899,3.996,91.22,16.359,3.613,16.157,3.415,18.53,2333.333,2333.333,3500.0,3500.0,2333.333,2333.333,2333.333,2333.333,3500.0,0.69,0.69,4.324,4.36,0.959,0.959,0.953,0.953,14.294,3892.0,9361.0,,6.0,
2026-07-08 06:29:47,55.0,0.000               ,491.82,200.0,933.0,0.0,55.75,55.750              ,55.75,55.75,55.75,55.75,55.75,55.75,55.75,5.896,18.44,5.837,36.594,50.834,4.819,12.336,4.914,17.459,3500.0,3500.0,2333.333,2333.333,2333.333,2333.333,2333.333,2333.333,3500.0,1.223,1.223,1.639,1.62,2.196,2.202,0.634,0.634,12.693,3956.0,9424.0,,7.0,
2026-07-08 06:29:48,56.0,0.000               ,491.82,200.0,933.0,0.0,56.0,56.000              ,56.0,56.0,56.0,56.0,56.0,56.0,56.0,8.866,2.551,4.011,68.475,40.84,2.225,5.159,2.426,16.819,2333.333,2333.333,3500.0,3500.0,2333.333,2333.333,2333.333,2333.333,3500.0,0.351,0.351,3.197,3.22,1.796,1.795,0.38,0.38,12.47,4015.0,9490.0,,8.0,
2026-07-08 06:29:49,55.0,0.000               ,491.82,200.0,933.0,0.0,55.125,55.125              ,55.125,55.125,55.125,55.125,55.125,55.125,55.125,8.158,1.716,5.758,25.496,56.21,4.381,5.381,6.185,14.161,2333.333,2333.333,2333.333,2333.333,3500.0,3500.0,2333.333,2333.333,3500.0,0.672,0.672,1.266,1.234,2.492,2.487,0.733,0.733,11.871,4063.0,9544.0,,9.0,
2026-07-08 06:29:50,56.0,0.000               ,532.391,200.0,1200.0,0.0,56.375,56.375              ,56.375,56.375,56.375,56.375,56.375,56.375,56.375,11.595,15.641,31.374,21.608,45.143,11.987,13.656,88.42,29.928,2800.0,2800.0,2800.0,2800.0,3500.0,3500.0,2333.333,2800.0,3500.0,1.034,1.034,1.723,1.723,1.94,1.94,4.077,4.061,17.951,4175.0,9763.0,0.0,10.0,
2026-07-08 06:29:51,56.0,0.000               ,550.441,200.0,1200.0,0.0,56.875,56.875              ,56.875,56.875,56.875,56.875,56.875,56.875,56.875,35.588,15.94,34.344,35.965,63.962,41.299,20.07,22.956,33.765,2333.333,2333.333,2333.333,2800.0,3500.0,3500.0,2800.0,2800.0,3500.0,1.869,1.869,2.063,2.074,3.803,3.803,1.512,1.488,18.478,4300.0,9925.0,0.0,11.0,
2026-07-08 06:29:52,56.0,3.000               ,555.988,200.0,933.0,0.0,56.875,56.875              ,56.875,56.875,56.875,56.875,56.875,56.875,56.875,7.576,15.718,9.07,10.805,12.627,46.492,5.254,40.497,18.505,3500.0,3500.0,2333.333,2333.333,2333.333,2333.333,2333.333,2333.333,3500.0,0.95,0.95,0.797,0.766,2.637,2.637,1.727,1.732,13.273,4369.0,10002.0,0.0,12.0,
2026-07-08 06:29:53,56.0,3.000               ,541.098,200.0,933.0,0.0,56.75,56.750              ,56.75,56.75,56.75,56.75,56.75,56.75,56.75,3.852,4.925,52.732,46.079,12.217,3.034,6.369,6.839,17.006,2333.333,2333.333,3500.0,3500.0,2333.333,2333.333,2333.333,2333.333,3500.0,0.602,0.602,3.837,3.843,0.858,0.902,0.876,0.879,13.46,4432.0,10067.0,0.0,13.0,
2026-07-08 06:29:54,56.0,0.000               ,586.223,200.0,1067.0,0.0,56.25,56.250              ,56.25,56.25,56.25,56.25,56.25,56.25,56.25,39.526,24.441,52.604,46.764,45.262,32.43,44.819,56.94,42.848,2800.0,2800.0,3500.0,3500.0,2800.0,2800.0,2800.0,2800.0,3500.0,1.618,1.657,2.347,2.344,2.121,2.095,3.496,3.495,19.383,4463.0,10126.0,0.0,14.0,
2026-07-08 06:29:55,56.0,24.000              ,586.223,200.0,933.0,0.0,56.5,56.500              ,56.5,56.5,56.5,56.5,56.5,56.5,56.5,40.109,30.118,25.05,24.756,18.343,40.727,60.842,3.134,30.385,3375.0,3375.0,2700.0,2700.0,2250.0,2250.0,2250.0,2250.0,3375.0,2.763,2.768,1.393,1.393,2.707,2.707,2.182,2.246,17.418,4452.0,10121.0,0.0,15.0,
2026-07-08 06:29:56,56.0,45.000              ,583.531,200.0,933.0,0.0,56.75,56.750              ,56.75,56.75,56.75,56.75,56.75,56.75,56.75,35.232,30.787,53.413,17.593,25.562,7.289,59.926,14.108,30.489,3500.0,3500.0,2720.0,2720.0,2266.667,2266.667,3400.0,3400.0,3500.0,2.68,2.673,2.355,2.352,1.154,1.154,3.426,3.466,17.826,4452.0,10164.0,21.884,16.0,45.7
2026-07-08 06:29:57,56.0,43.000              ,614.84,200.0,1067.0,0.0,56.625,56.625              ,56.625,56.625,56.625,56.625,56.625,56.625,56.625,59.369,18.104,55.12,22.684,31.541,14.076,78.326,8.818,36.005,2800.0,2800.0,2800.0,2800.0,2800.0,2800.0,3500.0,3500.0,3500.0,2.498,2.498,2.477,2.479,1.243,1.243,3.116,3.022,18.185,4474.0,10217.0,41.533,17.0,24.08
2026-07-08 06:29:58,56.0,55.000              ,614.84,200.0,933.0,0.0,56.5,56.500              ,56.5,56.5,56.5,56.5,56.5,56.5,56.5,48.125,15.542,58.856,34.072,28.685,11.615,61.118,23.019,35.129,2560.0,2560.0,2560.0,2560.0,2133.333,2133.333,3225.0,3225.0,3225.0,1.58,1.58,2.699,2.697,1.093,1.093,2.864,2.893,17.423,4467.0,10211.0,20.102,18.0,49.75
2026-07-08 06:29:59,55.0,62.000              ,612.797,200.0,1200.0,0.0,55.375,55.375              ,55.375,55.375,55.375,55.375,55.375,55.375,55.375,61.892,34.586,55.756,56.052,48.584,43.444,92.865,30.347,52.941,2340.0,2340.0,2340.0,2340.0,2340.0,2340.0,2925.0,2925.0,2925.0,1.303,1.306,1.42,1.42,1.206,1.206,3.081,3.057,17.555,4439.0,10192.0,21.508,19.0,46.49
2026-07-08 06:30:00,54.0,64.000              ,612.691,200.0,933.0,0.0,54.625,54.625              ,54.625,54.625,54.625,54.625,54.625,54.625,54.625,36.36,28.424,46.873,34.798,35.592,22.774,43.758,40.685,36.158,2160.0,2160.0,2160.0,2160.0,2160.0,2160.0,2700.0,2700.0,2700.0,1.01,1.007,1.382,1.382,0.959,0.959,1.775,1.775,14.705,4429.0,10179.0,27.714,20.0,36.08
2026-07-08 06:30:01,54.0,64.000              ,612.191,200.0,933.0,0.0,54.625,54.625              ,54.625,54.625,54.625,54.625,54.625,54.625,54.625,20.427,11.048,43.43,15.951,21.682,5.836,52.52,3.138,21.754,1555.556,1555.556,3500.0,3500.0,2333.333,2333.333,2333.333,2333.333,3500.0,1.074,1.074,1.764,1.764,1.042,1.042,1.649,1.649,14.966,4439.0,10176.0,21.429,21.0,46.67
2026-07-08 06:30:02,54.0,59.000              ,612.191,200.0,933.0,0.0,54.5,54.500              ,54.5,54.5,54.5,54.5,54.5,54.5,54.5,26.668,12.994,37.368,14.39,23.294,5.159,49.235,2.692,21.475,2333.333,2333.333,3500.0,3500.0,2333.333,2333.333,2333.333,2333.333,3500.0,1.137,1.137,1.417,1.417,0.949,0.954,1.412,1.412,14.231,4439.0,10173.0,17.385,22.0,57.52
2026-07-08 06:30:03,54.0,59.000              ,612.191,200.0,933.0,0.0,54.5,54.500              ,54.5,54.5,54.5,54.5,54.5,54.5,54.5,32.017,13.751,39.075,13.826,31.123,3.277,32.95,2.467,21.061,2333.333,2333.333,2333.333,2333.333,2333.333,2333.333,3500.0,3500.0,3500.0,1.229,1.229,1.552,1.552,1.1,1.095,1.101,1.101,14.45,4439.0,10174.0,19.569,23.0,51.1
2026-07-08 06:30:04,53.0,62.000              ,626.555,200.0,933.0,0.0,53.875,53.875              ,53.875,53.875,53.875,53.875,53.875,53.875,53.875,13.741,19.089,48.853,15.328,22.393,3.851,14.277,1.881,17.427,2333.333,2333.333,3500.0,3500.0,2333.333,2333.333,2333.333,2333.333,3500.0,1.093,1.093,1.73,1.73,0.965,0.955,0.716,0.716,13.084,4457.0,10196.0,34.432,24.0,29.04
2026-07-08 06:30:05,53.0,56.000              ,626.555,200.0,933.0,0.0,53.25,53.250              ,53.25,53.25,53.25,53.25,53.25,53.25,53.25,14.38,14.732,38.294,15.242,14.356,5.833,12.846,4.22,14.988,2333.333,2333.333,3500.0,3500.0,2333.333,2333.333,2333.333,2333.333,3500.0,0.845,0.845,1.372,1.372,0.706,0.713,0.629,0.629,11.65,4456.0,10195.0,22.281,25.0,44.88
2026-07-08 06:30:06,53.0,46.000              ,626.555,200.0,933.0,0.0,53.875,53.875              ,53.875,53.875,53.875,53.875,53.875,53.875,53.875,8.684,51.714,29.829,8.026,11.934,5.392,7.374,3.466,15.802,2333.333,2333.333,3500.0,3500.0,2333.333,2333.333,2333.333,2333.333,3500.0,2.655,2.655,1.207,1.207,0.767,0.833,0.521,0.521,12.896,4457.0,10206.0,17.375,26.0,57.55
2026-07-08 06:30:07,54.0,22.000              ,626.684,200.0,933.0,0.0,54.375,54.375              ,54.375,54.375,54.375,54.375,54.375,54.375,54.375,11.864,27.799,49.4,11.714,22.892,2.289,15.964,2.682,18.075,3500.0,3500.0,2333.333,2333.333,2333.333,2333.333,1555.556,1555.556,3500.0,1.699,1.699,1.859,1.859,1.044,0.981,0.758,0.758,14.158,4473.0,10218.0,675.124,27.0,1.48
2026-07-08 06:30:08,54.0,29.000              ,626.723,200.0,933.0,0.0,54.875,54.875              ,54.875,54.875,54.875,54.875,54.875,54.875,54.875,17.808,13.153,67.881,15.928,31.843,5.944,23.559,4.518,22.579,2333.333,2333.333,3500.0,3500.0,2333.333,2333.333,2333.333,2333.333,3500.0,1.131,1.131,2.456,2.456,1.431,1.431,1.132,1.132,15.76,4474.0,10218.0,19.417,28.0,51.5
2026-07-08 06:30:09,55.0,61.000              ,626.723,200.0,933.0,0.0,55.0,55.000              ,55.0,55.0,55.0,55.0,55.0,55.0,55.0,20.251,12.978,70.609,15.357,29.062,5.005,18.32,6.166,22.218,3500.0,3500.0,2333.333,2333.333,2333.333,2333.333,2333.333,2333.333,3500.0,1.116,1.116,2.508,2.489,1.256,1.256,0.972,0.972,15.224,4473.0,10218.0,17.782,29.0,56.24
2026-07-08 06:30:10,55.0,62.000              ,626.695,200.0,1067.0,0.0,55.0,55.000              ,55.0,55.0,55.0,55.0,55.0,55.0,55.0,38.948,32.986,52.992,35.687,40.06,29.52,38.901,33.602,37.837,2640.0,2640.0,3300.0,3300.0,2640.0,2640.0,2640.0,2640.0,3300.0,1.844,1.844,2.003,2.015,1.663,1.663,1.767,1.767,17.38,4517.0,10275.0,81.553,30.0,12.26
2026-07-08 06:30:11,55.0,62.000              ,626.691,200.0,933.0,0.0,55.125,55.125              ,55.125,55.125,55.125,55.125,55.125,55.125,55.125,24.403,15.809,63.578,17.074,31.519,12.504,24.961,7.459,24.663,2250.0,2250.0,3400.0,3400.0,2266.667,2266.667,2266.667,2266.667,3400.0,1.209,1.209,2.22,2.22,1.427,1.429,1.157,1.157,15.614,4521.0,10272.0,18.865,31.0,53.01
2026-07-08 06:30:12,54.0,63.000              ,626.695,200.0,1200.0,0.0,54.875,54.875              ,54.875,54.875,54.875,54.875,54.875,54.875,54.875,71.098,53.379,76.305,71.268,70.8,62.634,76.637,63.2,68.165,2740.0,2740.0,3500.0,3500.0,2800.0,2800.0,2333.333,2800.0,3500.0,1.723,1.723,2.265,2.265,1.962,1.963,1.959,1.959,19.368,4647.0,10516.0,20.18,32.0,49.55
2026-07-08 06:30:13,54.0,64.000              ,626.695,200.0,1200.0,0.0,54.625,54.625              ,54.625,54.625,54.625,54.625,54.625,54.625,54.625,56.842,34.483,58.922,59.175,54.417,48.859,65.636,45.988,53.04,2260.0,2260.0,2260.0,2260.0,2825.0,2825.0,2825.0,2825.0,2825.0,1.246,1.247,1.707,1.707,1.498,1.498,1.708,1.717,17.046,4743.0,10617.0,32.58,33.0,30.69
2026-07-08 06:30:14,54.0,62.000              ,626.691,200.0,1200.0,0.0,54.875,54.875              ,54.875,54.875,54.875,54.875,54.875,54.875,54.875,44.331,25.275,48.26,55.856,54.574,43.789,65.086,56.595,49.221,2260.0,2260.0,2260.0,2260.0,2825.0,2825.0,2260.0,2260.0,2825.0,1.051,1.05,1.489,1.489,1.558,1.557,1.93,1.921,16.881,4832.0,10715.0,17.926,34.0,55.78
2026-07-08 06:30:15,55.0,60.000              ,606.141,200.0,1067.0,0.0,55.125,55.125              ,55.125,55.125,55.125,55.125,55.125,55.125,55.125,51.519,26.96,55.758,55.119,67.457,28.815,59.751,25.328,46.338,2320.0,2320.0,2320.0,2320.0,2320.0,2320.0,2900.0,2900.0,2900.0,1.333,1.333,1.932,1.947,2.115,2.084,1.632,1.632,16.93,4835.0,10710.0,17.764,35.0,56.29
2026-07-08 06:30:16,55.0,59.000              ,606.141,200.0,1200.0,0.0,55.125,55.125              ,55.125,55.125,55.125,55.125,55.125,55.125,55.125,56.191,33.212,59.287,62.373,49.591,41.948,52.545,44.015,49.895,2380.0,2380.0,2975.0,2975.0,2380.0,2380.0,2380.0,2380.0,2975.0,1.346,1.346,1.776,1.761,1.45,1.458,1.539,1.539,17.052,4819.0,10701.0,22.074,36.0,45.3
2026-07-08 06:30:17,54.0,59.000              ,606.137,200.0,1067.0,0.0,54.75,54.750              ,54.75,54.75,54.75,54.75,54.75,54.75,54.75,49.697,35.286,62.863,57.968,50.756,54.653,45.757,71.278,53.532,2220.0,2220.0,2220.0,2750.0,2200.0,2200.0,2750.0,2775.0,2775.0,1.158,1.158,1.449,1.452,1.476,1.454,1.88,1.88,16.741,4838.0,10710.0,26.443,37.0,37.82
2026-07-08 06:30:18,55.0,62.000              ,606.141,200.0,1200.0,0.0,55.125,55.125              ,55.125,55.125,55.125,55.125,55.125,55.125,55.125,46.74,28.731,67.138,45.412,55.071,43.109,51.337,51.811,48.669,1900.0,1900.0,2280.0,2280.0,2850.0,2850.0,2850.0,2875.0,2875.0,1.109,1.109,1.764,1.762,1.487,1.507,1.72,1.72,16.737,4942.0,10802.0,19.921,38.0,50.2
2026-07-08 06:30:19,54.0,63.000              ,606.141,200.0,1200.0,0.0,54.875,54.875              ,54.875,54.875,54.875,54.875,54.875,54.875,54.875,40.732,28.548,40.683,49.044,57.146,33.783,57.442,37.357,43.092,2260.0,2240.0,2800.0,2800.0,2825.0,2825.0,2825.0,2850.0,2850.0,1.091,1.091,1.558,1.558,1.563,1.565,1.62,1.62,16.437,5055.0,10914.0,26.72,39.0,37.43
2026-07-08 06:30:20,54.0,62.000              ,606.137,200.0,1200.0,0.0,54.75,54.750              ,54.75,54.75,54.75,54.75,54.75,54.75,54.75,43.014,23.503,48.975,56.782,50.119,28.98,53.836,47.162,44.046,2320.0,2340.0,2340.0,2340.0,2340.0,2340.0,2340.0,2340.0,2340.0,1.082,1.084,1.549,1.528,1.339,1.335,1.522,1.522,16.558,5107.0,10955.0,23.21,40.0,43.08
2026-07-08 06:30:21,54.0,59.000              ,606.141,200.0,1200.0,0.0,54.625,54.625              ,54.625,54.625,54.625,54.625,54.625,54.625,54.625,52.677,35.221,50.305,57.057,49.28,31.852,37.873,61.735,47.0,2280.0,2280.0,2850.0,2850.0,2800.0,2800.0,2240.0,2775.0,2850.0,1.191,1.191,1.421,1.44,1.244,1.23,1.511,1.511,16.374,4988.0,10848.0,21.455,41.0,46.61
2026-07-08 06:30:22,54.0,58.000              ,606.141,200.0,1200.0,0.0,54.875,54.875              ,54.875,54.875,54.875,54.875,54.875,54.875,54.875,37.778,27.694,63.297,51.288,55.78,32.538,73.59,49.831,48.974,2280.0,2280.0,2280.0,2280.0,2280.0,2280.0,2850.0,2825.0,2850.0,0.912,0.908,1.487,1.49,1.4,1.414,1.984,1.984,16.286,4954.0,10811.0,18.34,42.0,54.53
2026-07-08 06:30:23,55.0,58.000              ,606.137,200.0,1067.0,0.0,55.125,55.125              ,55.125,55.125,55.125,55.125,55.125,55.125,55.125,42.313,27.913,69.882,48.66,55.427,42.952,59.976,45.13,49.032,1916.667,1916.667,2875.0,2875.0,2300.0,2300.0,2900.0,2925.0,2925.0,1.069,1.069,1.974,1.97,1.7,1.703,1.996,1.996,16.286,4971.0,10838.0,18.117,43.0,55.2
2026-07-08 06:30:24,55.0,59.000              ,606.141,200.0,1200.0,0.0,55.0,55.000              ,55.0,55.0,55.0,55.0,55.0,55.0,55.0,45.369,25.76,56.705,56.787,54.336,43.392,60.737,39.621,47.838,2180.0,2160.0,2700.0,2700.0,2160.0,2160.0,2725.0,2725.0,2725.0,1.056,1.059,1.549,1.549,1.584,1.562,1.526,1.526,16.236,4902.0,10759.0,21.185,44.0,47.2
2026-07-08 06:30:25,55.0,62.000              ,606.141,200.0,1067.0,0.0,55.0,55.000              ,55.0,55.0,55.0,55.0,55.0,55.0,55.0,51.709,26.304,67.823,44.12,61.595,36.586,71.71,18.672,47.315,2200.0,2200.0,2750.0,2750.0,2200.0,2200.0,2200.0,2200.0,2750.0,1.24,1.237,1.805,1.79,1.529,1.551,1.558,1.539,16.03,4917.0,10777.0,20.792,45.0,48.1
2026-07-08 06:30:26,55.0,63.000              ,606.137,200.0,1067.0,0.0,55.0,55.000              ,55.0,55.0,55.0,55.0,55.0,55.0,55.0,55.175,27.189,57.257,54.413,59.602,34.131,68.567,28.931,48.158,2200.0,2200.0,2750.0,2750.0,2200.0,2200.0,2220.0,2220.0,2750.0,1.215,1.215,1.54,1.552,1.536,1.522,1.663,1.684,16.141,4961.0,10826.0,17.924,46.0,55.79
2026-07-08 06:30:27,55.0,64.000              ,606.141,200.0,1200.0,0.0,55.0,55.000              ,55.0,55.0,55.0,55.0,55.0,55.0,55.0,46.268,29.223,60.83,56.228,63.911,34.93,61.087,38.544,48.877,2120.0,2120.0,2100.0,2100.0,2650.0,2650.0,2120.0,2120.0,2650.0,1.07,1.073,1.457,1.457,1.514,1.539,1.668,1.668,15.871,5024.0,10991.0,17.443,47.0,57.33
2026-07-08 06:30:28,55.0,65.000              ,606.141,200.0,1200.0,0.0,55.0,55.000              ,55.0,55.0,55.0,55.0,55.0,55.0,55.0,34.814,25.255,54.35,53.463,58.381,31.039,61.543,33.011,43.982,1833.333,1833.333,2750.0,2750.0,2200.0,2200.0,2200.0,2200.0,2750.0,0.932,0.923,1.63,1.63,1.608,1.593,1.617,1.617,16.182,5108.0,11083.0,24.311,48.0,41.13
2026-07-08 06:30:29,54.0,61.000              ,606.137,200.0,1200.0,0.0,54.75,54.750              ,54.75,54.75,54.75,54.75,54.75,54.75,54.75,51.556,31.083,53.719,57.478,62.139,15.503,43.074,51.505,45.757,2160.0,2160.0,2700.0,2700.0,2180.0,2180.0,2180.0,2180.0,2700.0,1.015,1.023,1.393,1.393,1.051,1.053,1.38,1.404,15.819,5141.0,11106.0,17.998,49.0,55.56
2026-07-08 06:30:30,54.0,59.000              ,606.141,200.0,1200.0,0.0,54.75,54.750              ,54.75,54.75,54.75,54.75,54.75,54.75,54.75,55.664,28.654,51.85,55.474,56.17,28.685,50.149,42.001,46.081,2120.0,2120.0,2650.0,2675.0,2140.0,2120.0,2120.0,2120.0,2675.0,1.013,1.013,1.299,1.299,1.169,1.167,1.22,1.191,15.805,5153.0,11127.0,23.754,50.0,42.1
2026-07-08 06:30:31,54.0,60.000              ,576.586,200.0,1200.0,0.0,54.75,54.750              ,54.75,54.75,54.75,54.75,54.75,54.75,54.75,61.179,24.523,59.169,60.004,50.455,40.241,57.007,34.484,48.383,2080.0,2080.0,2600.0,2600.0,2100.0,2100.0,2100.0,2100.0,2600.0,1.078,1.078,1.476,1.462,1.137,1.137,1.187,1.187,15.739,5198.0,11148.0,17.346,51.0,57.65
2026-07-08 06:30:32,54.0,60.000              ,576.582,200.0,1200.0,0.0,54.75,54.750              ,54.75,54.75,54.75,54.75,54.75,54.75,54.75,49.214,29.292,60.952,55.304,50.705,46.373,67.2,34.501,49.192,2120.0,2120.0,2650.0,2650.0,2120.0,2100.0,2100.0,2120.0,2650.0,0.933,0.935,1.353,1.367,1.123,1.129,1.197,1.199,15.715,5207.0,11163.0,18.096,52.0,55.26
2026-07-08 06:30:33,54.0,60.000              ,576.586,200.0,1200.0,0.0,54.625,54.625              ,54.625,54.625,54.625,54.625,54.625,54.625,54.625,52.882,36.254,67.399,52.696,56.362,45.856,63.069,32.367,50.861,2020.0,2020.0,2550.0,2550.0,2040.0,2040.0,2040.0,2040.0,2550.0,0.982,0.982,1.319,1.312,1.123,1.117,1.131,1.129,15.648,5207.0,11176.0,17.634,53.0,56.71
2026-07-08 06:30:34,54.0,63.000              ,576.586,200.0,1200.0,0.0,54.5,54.500              ,54.5,54.5,54.5,54.5,54.5,54.5,54.5,45.843,33.702,58.891,56.743,51.671,44.861,66.199,29.205,48.389,2020.0,2020.0,2500.0,2500.0,2000.0,2000.0,2000.0,2000.0,2500.0,0.933,0.931,1.25,1.253,1.122,1.11,1.192,1.192,15.741,5233.0,11177.0,17.851,54.0,56.02
2026-07-08 06:30:35,54.0,65.000              ,576.582,200.0,1200.0,0.0,54.5,54.500              ,54.5,54.5,54.5,54.5,54.5,54.5,54.5,57.767,27.384,66.928,62.107,52.49,34.751,66.117,15.551,47.887,2040.0,2040.0,2550.0,2550.0,2040.0,2060.0,2060.0,2060.0,2550.0,0.967,0.967,1.399,1.4,1.019,1.029,1.023,1.023,15.554,5288.0,11208.0,18.033,55.0,55.45
2026-07-08 06:30:36,54.0,65.000              ,576.586,200.0,1200.0,0.0,54.5,54.500              ,54.5,54.5,54.5,54.5,54.5,54.5,54.5,43.913,29.87,68.732,66.082,61.442,40.752,55.186,37.978,50.494,2020.0,2020.0,2525.0,2525.0,2020.0,2020.0,2020.0,2020.0,2525.0,0.885,0.885,1.408,1.406,1.101,1.103,1.005,1.005,15.457,5287.0,11214.0,17.382,56.0,57.53
2026-07-08 06:30:37,54.0,65.000              ,576.586,200.0,1067.0,0.0,54.5,54.500              ,54.5,54.5,54.5,54.5,54.5,54.5,54.5,49.437,39.042,68.931,63.172,63.917,45.108,64.641,35.103,53.669,1920.0,1920.0,1920.0,1920.0,2400.0,2425.0,1940.0,2400.0,2425.0,0.881,0.883,1.27,1.27,1.09,1.091,1.031,1.031,15.514,5148.0,11240.0,17.803,57.0,56.17
2026-07-08 06:30:38,54.0,64.000              ,576.582,200.0,1067.0,0.0,54.5,54.500              ,54.5,54.5,54.5,54.5,54.5,54.5,54.5,42.204,26.877,57.442,56.122,63.849,23.067,65.323,26.097,45.123,2080.0,2080.0,2080.0,2575.0,2575.0,2575.0,2575.0,2575.0,2575.0,0.848,0.848,1.333,1.327,1.098,1.098,1.159,1.159,15.51,5181.0,11297.0,23.186,58.0,43.13
2026-07-08 06:30:39,54.0,61.000              ,576.586,200.0,1200.0,0.0,54.5,54.500              ,54.5,54.5,54.5,54.5,54.5,54.5,54.5,46.971,31.707,54.181,60.119,60.095,28.379,71.84,28.34,47.704,2020.0,2020.0,2550.0,2550.0,2040.0,2040.0,2040.0,2040.0,2550.0,0.928,0.928,1.26,1.267,1.091,1.089,1.219,1.219,15.447,5252.0,11323.0,18.227,59.0,54.86
2026-07-08 06:30:40,54.0,59.000              ,576.586,200.0,1067.0,0.0,54.5,54.500              ,54.5,54.5,54.5,54.5,54.5,54.5,54.5,62.119,24.226,52.317,64.338,58.814,31.165,57.773,41.691,49.055,2040.0,2040.0,2550.0,2550.0,2040.0,2040.0,2550.0,2550.0,2550.0,0.948,0.95,1.281,1.278,1.095,1.108,1.155,1.155,15.552,5277.0,11365.0,23.516,60.0,42.52
2026-07-08 06:30:41,54.0,59.000              ,566.465,200.0,1200.0,0.0,54.5,54.500              ,54.5,54.5,54.5,54.5,54.5,54.5,54.5,48.713,35.566,60.469,57.319,51.387,49.886,56.135,49.706,51.148,1980.0,1980.0,2475.0,2500.0,2500.0,2500.0,2000.0,2000.0,2500.0,0.893,0.889,1.247,1.247,1.112,1.101,1.129,1.129,15.405,5286.0,11392.0,23.329,61.0,42.87
2026-07-08 06:30:42,54.0,62.000              ,566.469,200.0,1200.0,0.0,54.5,54.500              ,54.5,54.5,54.5,54.5,54.5,54.5,54.5,48.984,31.641,64.675,55.523,58.463,38.415,65.254,40.954,50.489,1940.0,1940.0,2425.0,2425.0,1960.0,1960.0,2450.0,2450.0,2450.0,0.89,0.892,1.209,1.209,1.029,1.015,1.165,1.164,15.326,5362.0,11437.0,23.66,62.0,42.27
2026-07-08 06:30:43,54.0,64.000              ,566.469,200.0,1200.0,0.0,54.5,54.500              ,54.5,54.5,54.5,54.5,54.5,54.5,54.5,49.699,27.299,63.323,58.356,50.86,37.189,47.552,66.272,50.069,1940.0,1940.0,2425.0,2425.0,1940.0,1940.0,2425.0,2425.0,2425.0,0.824,0.822,1.156,1.158,0.935,0.943,1.294,1.3,15.461,5390.0,11469.0,18.264,63.0,54.75
2026-07-08 06:30:44,54.0,65.000              ,566.465,200.0,1200.0,0.0,54.5,54.500              ,54.5,54.5,54.5,54.5,54.5,54.5,54.5,52.163,36.413,63.971,58.372,53.78,33.972,62.802,47.533,51.126,1940.0,1940.0,2425.0,2450.0,1960.0,1960.0,1960.0,1960.0,2450.0,0.908,0.955,1.144,1.142,0.958,0.958,1.202,1.2,15.457,5428.0,11495.0,17.45,64.0,57.31
2026-07-08 06:30:45,54.0,66.000              ,566.469,200.0,1200.0,0.0,54.375,54.375              ,54.375,54.375,54.375,54.375,54.375,54.375,54.375,37.148,36.602,58.321,65.021,47.264,51.222,68.225,39.581,50.423,2000.0,2000.0,2500.0,2500.0,2000.0,2020.0,2020.0,2525.0,2525.0,0.816,0.747,1.181,1.181,1.006,1.006,1.209,1.209,15.217,5452.0,11546.0,18.974,65.0,52.7
2026-07-08 06:30:46,54.0,65.000              ,566.469,200.0,1200.0,0.0,54.375,54.375              ,54.375,54.375,54.375,54.375,54.375,54.375,54.375,58.6,41.478,72.482,64.129,59.884,52.635,52.685,61.575,57.934,1980.0,1980.0,1980.0,1980.0,2475.0,2450.0,1960.0,1980.0,2475.0,0.933,0.933,1.173,1.163,1.094,1.112,1.107,1.107,15.449,5516.0,11574.0,17.576,66.0,56.9
2026-07-08 06:30:47,54.0,64.000              ,566.465,200.0,1200.0,0.0,54.25,54.250              ,54.25,54.25,54.25,54.25,54.25,54.25,54.25,61.622,29.185,58.415,64.666,40.268,61.098,39.677,55.655,51.323,1940.0,1940.0,2425.0,2425.0,2425.0,2450.0,1960.0,1960.0,2450.0,0.923,0.923,1.112,1.111,1.061,1.04,1.056,1.056,15.194,5534.0,11591.0,18.559,67.0,53.88
2026-07-08 06:30:49,54.0,64.000              ,566.469,200.0,1200.0,0.0,54.25,54.250              ,54.25,54.25,54.25,54.25,54.25,54.25,54.25,65.425,59.746,72.731,77.807,68.192,64.163,70.903,73.699,69.083,1880.0,1860.0,2325.0,2325.0,2325.0,2325.0,1860.0,1840.0,2325.0,0.946,0.946,1.156,1.168,1.128,1.126,1.112,1.112,15.475,5507.0,11638.0,18.185,69.0,54.99
2026-07-08 06:30:49,54.0,63.000              ,566.469,200.0,1200.0,0.0,54.25,54.250              ,54.25,54.25,54.25,54.25,54.25,54.25,54.25,72.646,78.837,79.601,77.538,93.321,81.251,78.628,79.916,80.217,1750.0,1766.667,2120.0,2120.0,2100.0,2100.0,1750.0,2080.0,2120.0,0.949,0.951,1.054,1.054,1.07,1.07,1.093,1.093,15.261,5433.0,11656.0,17.505,69.0,57.13
2026-07-08 06:30:50,54.0,63.000              ,566.465,200.0,1200.0,0.0,54.25,54.250              ,54.25,54.25,54.25,54.25,54.25,54.25,54.25,75.13,71.762,81.836,80.483,78.479,70.465,76.755,71.59,75.813,1816.667,1816.667,2180.0,2180.0,1760.0,1760.0,1760.0,1760.0,2180.0,0.986,0.984,1.111,1.111,1.028,1.028,1.061,1.063,15.197,5425.0,11667.0,18.504,70.0,54.04
2026-07-08 06:30:51,54.0,66.000              ,566.469,200.0,1200.0,0.0,54.25,54.250              ,54.25,54.25,54.25,54.25,54.25,54.25,54.25,77.539,73.441,82.552,82.195,80.988,69.194,86.211,71.505,77.953,2080.0,2020.0,2000.0,2000.0,2000.0,2000.0,2000.0,2000.0,2080.0,0.96,0.96,1.03,1.03,0.983,0.983,1.073,1.072,15.127,5516.0,11685.0,17.602,71.0,56.81
2026-07-08 06:30:52,54.0,68.000              ,566.219,200.0,1200.0,0.0,54.25,54.250              ,54.25,54.25,54.25,54.25,54.25,54.25,54.25,75.488,58.028,76.102,77.124,77.42,58.801,73.749,66.751,70.433,1766.667,1766.667,2120.0,1783.333,1783.333,1783.333,2180.0,2180.0,2180.0,0.887,0.888,1.077,1.065,0.975,0.975,1.065,1.065,15.3,5485.0,11704.0,18.271,72.0,54.73
2026-07-08 06:30:53,54.0,67.000              ,566.215,200.0,1200.0,0.0,54.25,54.250              ,54.25,54.25,54.25,54.25,54.25,54.25,54.25,73.945,58.446,78.658,75.445,65.887,70.291,77.267,67.331,70.909,1766.667,1766.667,1766.667,1766.667,1766.667,1766.667,2120.0,2120.0,2120.0,0.874,0.873,1.071,1.086,0.947,0.947,1.048,1.034,14.978,5339.0,11711.0,17.802,73.0,56.17
2026-07-08 06:30:54,54.0,67.000              ,566.219,200.0,1200.0,0.0,54.25,54.250              ,54.25,54.25,54.25,54.25,54.25,54.25,54.25,37.178,43.055,69.719,60.093,60.455,41.511,63.46,53.752,53.653,1820.0,1820.0,1820.0,1820.0,1820.0,1820.0,2300.0,2300.0,2300.0,0.746,0.746,1.09,1.092,0.941,0.941,1.108,1.127,15.15,5310.0,11727.0,18.149,74.0,55.1
2026-07-08 06:30:55,54.0,67.000              ,566.219,200.0,1200.0,0.0,54.25,54.250              ,54.25,54.25,54.25,54.25,54.25,54.25,54.25,53.989,30.557,59.137,52.627,51.717,37.07,65.685,38.199,48.623,2020.0,2020.0,2500.0,2500.0,2000.0,2000.0,2475.0,2475.0,2500.0,0.898,0.898,1.093,1.088,0.936,0.926,1.176,1.176,15.095,5323.0,11741.0,17.877,75.0,55.94
2026-07-08 06:30:56,54.0,66.000              ,566.215,200.0,1200.0,0.0,54.25,54.250              ,54.25,54.25,54.25,54.25,54.25,54.25,54.25,64.503,26.443,60.922,55.761,50.465,40.366,43.619,39.684,47.721,2040.0,2040.0,2550.0,2550.0,2040.0,2020.0,2020.0,2020.0,2550.0,0.986,0.986,1.162,1.163,0.976,0.986,0.987,0.989,15.253,5327.0,11754.0,17.892,76.0,55.89
2026-07-08 06:30:57,54.0,66.000              ,566.219,200.0,1200.0,0.0,54.25,54.250              ,54.25,54.25,54.25,54.25,54.25,54.25,54.25,59.15,37.43,67.989,62.003,69.077,44.304,53.963,41.816,54.466,1980.0,1980.0,2475.0,2475.0,1960.0,1960.0,1960.0,1960.0,2475.0,0.96,0.959,1.261,1.233,1.065,1.065,0.965,0.963,15.35,5273.0,11783.0,18.474,77.0,54.13
2026-07-08 06:30:58,54.0,66.000              ,566.219,200.0,1200.0,0.0,54.25,54.250              ,54.25,54.25,54.25,54.25,54.25,54.25,54.25,58.377,51.485,66.441,70.772,65.857,55.353,71.085,57.969,62.167,2250.0,2275.0,1820.0,2275.0,1840.0,1840.0,2300.0,2300.0,2300.0,0.883,0.882,1.044,1.032,0.981,0.983,1.077,1.077,15.14,5154.0,11797.0,18.187,78.0,54.98
2026-07-08 06:30:59,54.0,66.000              ,566.215,200.0,1200.0,0.0,54.25,54.250              ,54.25,54.25,54.25,54.25,54.25,54.25,54.25,63.804,47.938,82.497,70.683,69.08,61.074,73.517,55.275,65.483,1900.0,1900.0,2375.0,2375.0,1900.0,1880.0,1880.0,1880.0,2375.0,0.892,0.894,1.228,1.232,1.017,1.015,0.987,0.989,15.198,5176.0,11824.0,17.916,79.0,55.82
2026-07-08 06:31:00,54.0,67.000              ,566.219,200.0,1067.0,0.0,54.25,54.250              ,54.25,54.25,54.25,54.25,54.25,54.25,54.25,55.988,34.958,69.754,52.176,60.021,29.628,53.987,48.518,50.629,1800.0,1800.0,2250.0,2275.0,1820.0,1820.0,1820.0,2275.0,2275.0,0.859,0.857,1.153,1.149,0.897,0.899,1.039,1.037,14.844,5190.0,11842.0,26.797,80.0,37.32
2026-07-08 06:31:01,54.0,64.000              ,566.219,200.0,1200.0,0.0,54.25,54.250              ,54.25,54.25,54.25,54.25,54.25,54.25,54.25,47.859,22.73,62.281,56.978,47.558,25.983,54.37,42.373,45.017,2020.0,2020.0,2525.0,2525.0,2040.0,2040.0,2020.0,2020.0,2525.0,0.818,0.818,1.336,1.336,0.901,0.899,1.137,1.14,15.255,5213.0,11846.0,22.101,81.0,45.25
2026-07-08 06:31:02,54.0,59.000              ,565.965,200.0,1200.0,0.0,54.25,54.250              ,54.25,54.25,54.25,54.25,54.25,54.25,54.25,43.006,25.379,63.268,34.014,50.463,34.043,56.722,27.849,41.843,2180.0,2180.0,2725.0,2725.0,2180.0,2180.0,2775.0,2800.0,2800.0,0.95,0.952,1.397,1.399,1.264,1.264,1.249,1.24,15.059,5297.0,11933.0,25.697,82.0,38.92
2026-07-08 06:31:03,54.0,61.000              ,565.969,200.0,1200.0,0.0,54.25,54.250              ,54.25,54.25,54.25,54.25,54.25,54.25,54.25,50.928,22.994,69.608,38.114,60.171,26.176,63.406,20.032,43.929,1980.0,1980.0,2475.0,2475.0,2475.0,2475.0,1980.0,1980.0,2475.0,0.842,0.843,1.289,1.273,1.034,1.034,0.974,0.976,15.036,5390.0,12025.0,18.24,83.0,54.82
2026-07-08 06:31:04,54.0,63.000              ,565.969,200.0,1200.0,0.0,54.25,54.250              ,54.25,54.25,54.25,54.25,54.25,54.25,54.25,51.23,34.982,64.283,50.905,61.925,31.165,71.688,23.355,48.692,2020.0,2020.0,2525.0,2525.0,2020.0,2020.0,2040.0,2040.0,2525.0,0.898,0.895,1.249,1.266,1.042,1.066,1.089,1.089,15.244,5434.0,12079.0,17.835,84.0,56.07
2026-07-08 06:31:06,54.0,63.000              ,565.969,200.0,933.0,0.0,54.5,54.500              ,54.5,54.5,54.5,54.5,54.5,54.5,54.5,37.42,27.629,50.47,53.505,68.189,27.213,62.965,43.653,46.381,1940.0,1940.0,1940.0,1940.0,1980.0,1980.0,2475.0,2550.0,2550.0,0.917,0.917,1.37,1.368,1.44,1.451,1.803,1.803,15.146,5454.0,12100.0,17.579,86.0,56.89
2026-07-08 06:31:06,54.0,61.000              ,565.969,200.0,1067.0,0.0,54.625,54.625              ,54.625,54.625,54.625,54.625,54.625,54.625,54.625,46.788,25.288,58.523,52.946,58.424,38.033,54.448,46.126,47.572,2120.0,2120.0,2120.0,2120.0,2675.0,2675.0,2675.0,2675.0,2675.0,1.068,1.073,1.588,1.569,1.489,1.489,1.56,1.56,15.024,5495.0,12150.0,23.438,86.0,42.67
2026-07-08 06:31:07,54.0,58.000              ,565.969,200.0,933.0,0.0,54.5,54.500              ,54.5,54.5,54.5,54.5,54.5,54.5,54.5,41.069,32.455,48.919,63.633,52.132,44.902,48.783,68.846,50.092,1900.0,1900.0,2375.0,2375.0,2375.0,2375.0,1900.0,1900.0,2375.0,0.967,0.962,1.379,1.381,1.301,1.317,1.878,1.878,14.904,5544.0,12203.0,21.384,87.0,46.76
2026-07-08 06:31:08,54.0,57.000              ,565.969,200.0,1200.0,0.0,54.25,54.250              ,54.25,54.25,54.25,54.25,54.25,54.25,54.25,49.095,28.278,47.647,40.643,53.877,57.64,57.506,52.127,48.352,2140.0,2140.0,2120.0,2120.0,2575.0,2575.0,2060.0,2060.0,2575.0,0.98,0.98,1.168,1.179,1.537,1.539,1.405,1.405,15.273,5472.0,12250.0,25.76,88.0,38.82
2026-07-08 06:31:09,54.0,58.000              ,565.969,200.0,1200.0,0.0,54.25,54.250              ,54.25,54.25,54.25,54.25,54.25,54.25,54.25,69.185,59.306,70.036,70.485,65.506,70.151,58.299,86.589,68.695,1940.0,1940.0,1940.0,1940.0,1940.0,1940.0,2425.0,2425.0,2425.0,1.026,1.009,1.107,1.109,1.136,1.102,1.326,1.326,15.331,5369.0,12292.0,24.864,89.0,40.22
2026-07-08 06:31:10,54.0,60.000              ,565.969,200.0,933.0,0.0,54.5,54.500              ,54.5,54.5,54.5,54.5,54.5,54.5,54.5,48.062,31.982,49.236,62.522,48.114,45.827,62.964,55.272,50.497,1800.0,1800.0,2160.0,2160.0,2160.0,2160.0,2160.0,2160.0,2160.0,0.949,0.965,1.271,1.271,1.24,1.24,1.878,1.878,14.82,5412.0,12346.0,17.866,90.0,55.97
2026-07-08 06:31:11,54.0,60.000              ,565.969,200.0,933.0,0.0,54.625,54.625              ,54.625,54.625,54.625,54.625,54.625,54.625,54.625,41.008,30.02,51.533,53.959,44.092,51.397,61.511,59.264,49.098,2280.0,2280.0,2280.0,2280.0,2280.0,2280.0,2850.0,2850.0,2850.0,0.993,0.977,1.331,1.342,1.504,1.483,2.043,2.043,14.929,5461.0,12401.0,22.58,91.0,44.29
2026-07-08 06:31:13,54.0,59.000              ,565.719,200.0,1067.0,0.0,54.375,54.375              ,54.375,54.375,54.375,54.375,54.375,54.375,54.375,50.761,23.866,58.198,51.059,40.17,54.336,44.545,62.092,48.128,2300.0,2300.0,2875.0,2875.0,2300.0,2300.0,2320.0,2320.0,2875.0,1.037,1.054,1.526,1.487,1.402,1.413,1.688,1.688,15.637,5545.0,12477.0,18.075,93.0,55.33
2026-07-08 06:31:14,54.0,61.000              ,565.719,200.0,1200.0,0.0,54.125,54.125              ,54.125,54.125,54.125,54.125,54.125,54.125,54.125,55.285,37.951,70.484,54.336,51.557,58.956,60.128,69.491,57.273,1860.0,1860.0,1860.0,1860.0,1860.0,1860.0,2325.0,2325.0,2325.0,0.886,0.886,1.085,1.105,1.055,0.982,1.375,1.375,14.952,5545.0,12561.0,22.561,94.0,44.32
2026-07-08 06:31:14,54.0,63.000              ,565.719,200.0,1200.0,0.0,54.125,54.125              ,54.125,54.125,54.125,54.125,54.125,54.125,54.125,72.487,74.491,79.139,81.265,87.248,73.302,81.572,84.112,79.202,1760.0,1780.0,1780.0,1780.0,1780.0,1780.0,2225.0,2225.0,2225.0,0.956,0.956,1.061,1.062,1.18,1.182,1.257,1.257,15.503,5427.0,12597.0,27.99,94.0,35.73
2026-07-08 06:31:15,53.0,63.000              ,565.719,200.0,1200.0,0.0,53.875,53.875              ,53.875,53.875,53.875,53.875,53.875,53.875,53.875,65.712,48.443,57.2,63.869,55.74,50.181,62.546,66.212,58.738,1750.0,1750.0,1750.0,1750.0,1750.0,1750.0,2100.0,2100.0,2100.0,0.934,0.923,0.989,0.987,0.877,0.858,1.171,1.171,14.469,5456.0,12652.0,18.811,95.0,53.16
2026-07-08 06:31:16,53.0,62.000              ,565.719,200.0,1200.0,0.0,53.875,53.875              ,53.875,53.875,53.875,53.875,53.875,53.875,53.875,49.321,35.677,53.983,64.974,52.951,45.654,46.246,67.405,52.027,2040.0,2040.0,2040.0,2040.0,2040.0,2040.0,2550.0,2550.0,2550.0,0.875,0.886,1.18,1.179,1.045,1.06,1.154,1.154,15.311,5455.0,12694.0,23.217,96.0,43.07
2026-07-08 06:31:17,54.0,59.000              ,565.719,200.0,1200.0,0.0,54.0,54.000              ,54.0,54.0,54.0,54.0,54.0,54.0,54.0,63.75,54.392,64.724,66.497,58.286,58.174,65.802,53.628,60.657,1860.0,1860.0,2325.0,2325.0,2325.0,2325.0,1860.0,1860.0,2325.0,0.956,0.957,1.127,1.13,1.056,1.043,1.238,1.24,14.971,5480.0,12736.0,17.934,97.0,55.76
2026-07-08 06:31:18,54.0,58.000              ,565.719,200.0,1200.0,0.0,54.0,54.000              ,54.0,54.0,54.0,54.0,54.0,54.0,54.0,58.764,48.7,67.059,62.503,68.669,42.652,61.071,43.053,56.559,1860.0,1860.0,1860.0,1860.0,1860.0,1860.0,2325.0,2325.0,2325.0,0.957,0.943,1.179,1.177,1.032,1.03,1.093,1.091,14.906,5379.0,12754.0,25.425,98.0,39.33
2026-07-08 06:31:19,54.0,60.000              ,565.719,200.0,933.0,0.0,54.0,54.000              ,54.0,54.0,54.0,54.0,54.0,54.0,54.0,41.482,23.335,59.511,39.334,42.671,27.487,42.33,29.199,38.169,2120.0,2120.0,2650.0,2675.0,2140.0,2140.0,2140.0,2140.0,2675.0,0.876,0.887,1.293,1.277,0.942,0.944,0.962,0.962,14.547,5417.0,12747.0,20.726,99.0,48.25
2026-07-08 06:31:21,54.0,59.000              ,565.719,200.0,933.0,0.0,54.25,54.250              ,54.25,54.25,54.25,54.25,54.25,54.25,54.25,29.365,20.953,59.28,15.628,32.479,9.877,33.487,9.229,26.287,2520.0,2520.0,3150.0,3150.0,2520.0,2520.0,2520.0,2520.0,3150.0,1.267,1.404,1.799,1.826,1.218,1.217,1.09,1.09,15.33,5234.0,12752.0,58.922,101.0,16.97
2026-07-08 06:31:21,54.0,55.000              ,565.602,200.0,933.0,0.0,54.625,54.625              ,54.625,54.625,54.625,54.625,54.625,54.625,54.625,29.354,32.674,48.805,49.151,40.769,23.424,37.836,16.764,34.847,2280.0,2280.0,2850.0,2875.0,2300.0,2300.0,2300.0,2300.0,2875.0,1.226,1.024,2.162,2.175,1.271,1.271,1.153,1.153,14.624,5030.0,12584.0,18.943,101.0,52.79
2026-07-08 06:31:22,55.0,25.000              ,565.352,200.0,933.0,0.0,55.375,55.375              ,55.375,55.375,55.375,55.375,55.375,55.375,55.375,9.693,4.903,15.508,64.161,35.151,10.568,21.237,5.009,20.779,2640.0,2640.0,2640.0,2620.0,3275.0,3275.0,2250.0,2250.0,3275.0,0.764,0.764,3.472,3.497,1.752,1.76,0.963,0.963,13.812,5070.0,12628.0,0.0,102.0,
2026-07-08 06:31:23,56.0,0.000               ,566.348,200.0,933.0,0.0,56.25,56.250              ,56.25,56.25,56.25,56.25,56.25,56.25,56.25,12.749,5.139,10.596,80.915,26.022,4.072,17.62,3.661,20.097,2333.333,2333.333,3500.0,3500.0,2333.333,2333.333,2333.333,2333.333,3500.0,0.847,0.847,4.258,4.262,1.145,1.137,0.885,0.897,14.29,5063.0,12601.0,2272.799,103.0,0.44
2026-07-08 06:31:24,57.0,0.000               ,566.348,200.0,933.0,0.0,57.25,57.250              ,57.25,57.25,57.25,57.25,57.25,57.25,57.25,21.086,3.531,4.541,76.217,26.152,2.724,14.22,4.358,19.104,2333.333,2333.333,3500.0,3500.0,2333.333,2333.333,2333.333,2333.333,3500.0,1.389,1.389,4.21,4.249,1.387,1.387,0.881,0.869,14.664,5078.0,12622.0,0.0,104.0,
2026-07-08 06:31:25,57.0,0.000               ,566.348,200.0,933.0,0.0,57.875,57.875              ,57.875,57.875,57.875,57.875,57.875,57.875,57.875,8.832,4.928,5.341,88.339,26.638,4.222,17.621,3.591,19.939,2333.333,2333.333,3500.0,3500.0,2333.333,2333.333,2333.333,2333.333,3500.0,0.72,0.72,4.668,4.615,1.235,1.235,0.859,0.859,14.683,5124.0,12675.0,0.0,105.0,
2026-07-08 06:31:26,57.0,0.000               ,561.039,200.0,1067.0,0.0,57.625,57.625              ,57.625,57.625,57.625,57.625,57.625,57.625,57.625,11.39,6.37,5.514,84.31,29.011,5.105,18.154,3.733,20.448,2333.333,2333.333,3500.0,3500.0,2333.333,2333.333,2333.333,2333.333,3500.0,0.825,0.825,3.915,3.91,1.298,1.298,0.875,0.875,14.384,5143.0,12691.0,3120.81,106.0,0.32
2026-07-08 06:31:27,56.0,1.000               ,561.039,200.0,933.0,0.0,56.5,56.500              ,56.5,56.5,56.5,56.5,56.5,56.5,56.5,11.531,4.325,21.496,15.014,63.75,1.219,32.571,2.92,19.103,2283.333,2283.333,2740.0,2740.0,3425.0,3425.0,2283.333,2283.333,3425.0,0.841,0.841,1.469,1.469,2.423,2.423,1.323,1.323,13.917,5154.0,12745.0,0.0,107.0,
2026-07-08 06:31:28,56.0,1.000               ,561.039,200.0,1067.0,0.0,56.0,56.000              ,56.0,56.0,56.0,56.0,56.0,56.0,56.0,49.046,40.781,45.216,67.201,51.6,29.983,57.876,29.526,46.404,2800.0,2800.0,3500.0,3500.0,2800.0,2800.0,2800.0,2800.0,3500.0,1.771,1.771,2.334,2.316,1.625,1.625,1.764,1.765,16.7,5051.0,12783.0,0.0,108.0,
2026-07-08 06:31:29,55.0,0.000               ,561.039,200.0,933.0,0.0,55.75,55.750              ,55.75,55.75,55.75,55.75,55.75,55.75,55.75,9.673,6.669,18.238,39.328,50.595,6.132,29.535,6.021,20.774,2233.333,2233.333,3350.0,3350.0,2233.333,2233.333,2233.333,2233.333,3350.0,0.666,0.666,1.795,1.814,1.904,1.904,1.087,1.086,13.121,5091.0,12817.0,0.0,109.0,
2026-07-08 06:31:30,55.0,0.000               ,561.039,200.0,933.0,0.0,55.375,55.375              ,55.375,55.375,55.375,55.375,55.375,55.375,55.375,8.369,3.649,17.912,18.054,62.167,1.373,39.267,3.246,19.255,2333.333,2333.333,3500.0,3500.0,2333.333,2333.333,2333.333,2333.333,3500.0,0.671,0.671,1.151,1.14,2.226,2.226,1.347,1.347,12.725,5126.0,12862.0,0.0,110.0,
2026-07-08 06:31:31,55.0,0.000               ,561.039,200.0,933.0,0.0,55.375,55.375              ,55.375,55.375,55.375,55.375,55.375,55.375,55.375,9.779,6.235,23.493,11.608,69.546,2.75,41.785,3.629,21.103,2333.333,2333.333,2333.333,2333.333,3500.0,3500.0,2333.333,2333.333,3500.0,0.755,0.755,1.097,1.097,2.472,2.472,1.443,1.443,13.05,5206.0,12921.0,0.0,111.0,
2026-07-08 06:31:32,55.0,0.000               ,561.039,200.0,933.0,0.0,55.25,55.250              ,55.25,55.25,55.25,55.25,55.25,55.25,55.25,19.434,7.545,20.607,24.114,57.575,5.406,47.639,7.834,23.769,2333.333,2333.333,2333.333,2333.333,3500.0,3500.0,2316.667,2316.667,3500.0,0.945,0.945,1.281,1.296,2.054,2.054,1.723,1.728,13.665,5225.0,12962.0,0.0,112.0,
2026-07-08 06:31:33,55.0,0.000               ,561.039,200.0,1200.0,0.0,55.375,55.375              ,55.375,55.375,55.375,55.375,55.375,55.375,55.375,48.084,50.567,44.745,63.746,68.88,36.014,59.117,32.693,50.481,2800.0,2800.0,3500.0,3500.0,2800.0,2800.0,2800.0,2800.0,3500.0,1.721,1.721,2.28,2.268,2.018,2.018,1.725,1.721,17.282,4992.0,13034.0,0.0,113.0,
2026-07-08 06:31:34,54.0,0.000               ,561.039,200.0,1067.0,0.0,54.875,54.875              ,54.875,54.875,54.875,54.875,54.875,54.875,54.875,48.218,46.026,44.164,66.544,58.327,31.051,54.719,26.2,46.906,2380.0,2380.0,2380.0,2380.0,2975.0,2975.0,2380.0,2380.0,2975.0,1.515,1.515,1.99,1.987,1.592,1.592,1.422,1.399,15.416,4819.0,13086.0,0.0,114.0,
2026-07-08 06:31:35,54.0,0.000               ,561.039,200.0,933.0,0.0,54.875,54.875              ,54.875,54.875,54.875,54.875,54.875,54.875,54.875,8.699,10.518,12.985,62.051,45.28,3.815,20.077,6.143,21.196,2300.0,2300.0,2300.0,2300.0,3450.0,3450.0,2300.0,2300.0,3450.0,0.76,0.76,2.432,2.451,1.545,1.545,0.853,0.869,13.171,4888.0,13131.0,0.0,115.0,
2026-07-08 06:31:36,55.0,0.000               ,561.039,200.0,933.0,0.0,55.125,55.125              ,55.125,55.125,55.125,55.125,55.125,55.125,55.125,10.648,4.05,18.337,22.8,64.549,4.556,31.059,3.762,19.97,2333.333,2333.333,3500.0,3500.0,2333.333,2333.333,2333.333,2333.333,3500.0,0.763,0.763,1.414,1.396,2.48,2.48,1.23,1.227,13.496,4933.0,13187.0,0.0,116.0,
2026-07-08 06:31:37,55.0,0.000               ,561.039,200.0,933.0,0.0,55.25,55.250              ,55.25,55.25,55.25,55.25,55.25,55.25,55.25,17.162,6.089,17.598,37.538,52.333,3.75,29.213,4.055,20.967,2333.333,2333.333,2333.333,2333.333,3500.0,3500.0,2333.333,2333.333,3500.0,0.955,0.955,1.85,1.849,1.953,1.953,1.116,1.116,13.226,4993.0,13246.0,0.0,117.0,
2026-07-08 06:31:38,55.0,0.000               ,561.039,200.0,933.0,0.0,55.5,55.500              ,55.5,55.5,55.5,55.5,55.5,55.5,55.5,12.086,9.525,9.134,78.477,25.248,7.705,25.53,7.919,21.953,2333.333,2333.333,3500.0,3500.0,2333.333,2333.333,2333.333,2333.333,3500.0,0.868,0.868,3.053,3.058,1.23,1.23,1.121,1.121,13.889,5057.0,13318.0,0.0,118.0,
2026-07-08 06:31:39,55.0,0.000               ,561.039,200.0,933.0,0.0,55.625,55.625              ,55.625,55.625,55.625,55.625,55.625,55.625,55.625,11.813,4.623,10.148,64.463,43.877,2.157,24.414,2.579,20.509,2660.0,2660.0,2660.0,2660.0,3500.0,3500.0,2333.333,2333.333,3500.0,0.808,0.808,2.667,2.626,1.43,1.43,1.414,1.414,13.799,5151.0,13389.0,0.0,119.0,
2026-07-08 06:31:40,55.0,0.000               ,561.039,200.0,933.0,0.0,55.625,55.625              ,55.625,55.625,55.625,55.625,55.625,55.625,55.625,18.257,13.559,14.464,53.172,42.309,10.919,34.543,8.137,24.42,2333.333,2333.333,2333.333,2333.333,3500.0,3500.0,2333.333,2333.333,3500.0,1.052,1.237,2.12,2.139,1.759,1.759,1.194,1.194,14.17,5079.0,13439.0,0.0,120.0,
2026-07-08 06:31:41,55.0,0.000               ,561.039,200.0,933.0,0.0,55.75,55.750              ,55.75,55.75,55.75,55.75,55.75,55.75,55.75,12.422,24.33,16.03,49.705,50.308,10.043,24.054,4.771,23.958,2333.333,2333.333,3500.0,3500.0,2333.333,2333.333,2333.333,2333.333,3500.0,1.218,1.015,2.32,2.32,1.933,1.933,0.878,0.878,14.036,5045.0,13504.0,0.0,121.0,
2026-07-08 06:31:42,55.0,0.000               ,561.039,200.0,1067.0,0.0,55.625,55.625              ,55.625,55.625,55.625,55.625,55.625,55.625,55.625,11.006,6.14,13.971,60.094,34.216,6.202,26.836,1.88,20.043,2333.333,2333.333,2333.333,2333.333,3500.0,3500.0,2333.333,2333.333,3500.0,0.844,0.838,2.673,2.684,1.478,1.559,1.085,1.092,14.157,5121.0,13541.0,15589.41,122.0,0.06
2026-07-08 06:31:43,55.0,0.000               ,561.039,200.0,933.0,0.0,55.5,55.500              ,55.5,55.5,55.5,55.5,55.5,55.5,55.5,12.435,10.573,14.986,57.274,43.074,10.917,26.023,7.059,22.793,2333.333,2333.333,2333.333,2333.333,3500.0,3500.0,2333.333,2333.333,3500.0,0.897,0.897,2.377,2.366,1.762,1.697,1.112,1.106,13.645,5165.0,13587.0,0.0,123.0,
2026-07-08 06:31:44,55.0,0.000               ,561.039,200.0,933.0,0.0,55.25,55.250              ,55.25,55.25,55.25,55.25,55.25,55.25,55.25,23.203,6.636,16.293,44.982,50.143,4.099,31.417,3.939,22.589,3500.0,3500.0,2333.333,2333.333,2620.0,2620.0,2620.0,2620.0,3500.0,1.263,1.263,2.119,2.119,1.847,1.846,1.338,1.338,14.635,5217.0,13636.0,0.0,124.0,
2026-07-08 06:31:45,55.0,0.000               ,561.039,200.0,933.0,0.0,55.25,55.250              ,55.25,55.25,55.25,55.25,55.25,55.25,55.25,10.635,5.565,12.007,57.725,41.291,6.552,36.961,4.177,21.864,2333.333,2333.333,2333.333,2333.333,3500.0,3500.0,2333.333,2333.333,3500.0,0.767,0.767,2.41,2.407,1.718,1.718,1.222,1.222,13.974,5260.0,13679.0,0.0,125.0,
2026-07-08 06:31:46,55.0,0.000               ,561.039,200.0,933.0,0.0,55.5,55.500              ,55.5,55.5,55.5,55.5,55.5,55.5,55.5,9.727,6.542,6.337,83.358,23.962,10.925,27.688,3.168,21.463,2333.333,2333.333,3500.0,3500.0,2333.333,2333.333,2333.333,2333.333,3500.0,0.756,0.756,3.169,3.185,1.07,1.064,1.42,1.424,14.442,5344.0,13740.0,0.0,126.0,
2026-07-08 06:31:47,55.0,0.000               ,561.039,200.0,933.0,0.0,55.625,55.625              ,55.625,55.625,55.625,55.625,55.625,55.625,55.625,13.574,6.057,18.006,41.012,57.702,6.377,36.663,5.105,23.062,2333.333,2333.333,2333.333,2333.333,3500.0,3500.0,2333.333,2333.333,3500.0,0.801,0.801,1.873,1.878,2.081,2.081,1.008,1.002,13.32,5380.0,13782.0,0.0,127.0,
2026-07-08 06:31:49,55.0,0.000               ,561.039,200.0,933.0,0.0,55.75,55.750              ,55.75,55.75,55.75,55.75,55.75,55.75,55.75,7.537,8.648,6.659,79.457,23.959,4.183,25.178,3.51,19.891,2333.333,2333.333,3500.0,3500.0,2333.333,2333.333,2333.333,2333.333,3500.0,0.84,0.841,3.123,3.118,1.536,1.536,1.038,1.038,14.592,5432.0,13843.0,0.0,129.0,
2026-07-08 06:31:50,56.0,0.000               ,561.039,200.0,933.0,0.0,55.875,55.875              ,55.875,55.875,55.875,55.875,55.875,55.875,55.875,12.029,10.296,9.486,72.168,49.016,6.189,26.099,5.807,23.886,2333.333,2333.333,3500.0,3500.0,2333.333,2333.333,2333.333,2333.333,3500.0,0.896,0.895,2.855,2.855,2.197,2.197,1.626,1.626,15.732,5485.0,13938.0,6970.641,130.0,0.14
2026-07-08 06:31:51,55.0,0.000               ,561.039,200.0,1200.0,0.0,55.75,55.750              ,55.75,55.75,55.75,55.75,55.75,55.75,55.75,39.982,28.991,37.934,33.612,82.39,17.965,64.651,17.762,40.411,2333.333,2333.333,2333.333,2333.333,2333.333,2333.333,3500.0,3500.0,3500.0,1.745,1.745,1.706,1.706,2.346,2.35,1.863,1.863,17.335,5362.0,14012.0,0.0,131.0,
2026-07-08 06:31:51,55.0,0.000               ,561.039,200.0,933.0,0.0,55.75,55.750              ,55.75,55.75,55.75,55.75,55.75,55.75,55.75,40.11,31.091,32.651,53.627,73.813,22.062,43.162,16.961,39.185,2333.333,2333.333,2333.333,2333.333,3500.0,3500.0,2333.333,2333.333,3500.0,1.308,1.309,2.031,2.031,2.171,2.165,0.892,0.892,14.227,5387.0,14030.0,0.0,131.0,
2026-07-08 06:31:52,57.0,0.000               ,561.039,200.0,933.0,0.0,57.125,57.125              ,57.125,57.125,57.125,57.125,57.125,57.125,57.125,22.964,4.718,15.14,48.047,15.948,4.436,49.614,4.106,20.622,2333.333,2333.333,3500.0,3500.0,2333.333,2333.333,2333.333,2333.333,3500.0,1.228,1.227,2.567,2.567,0.821,0.821,2.221,2.221,15.322,5389.0,14027.0,0.0,132.0,
2026-07-08 06:31:53,58.0,0.000               ,561.039,200.0,933.0,0.0,58.375,58.375              ,58.375,58.375,58.375,58.375,58.375,58.375,58.375,6.149,5.315,10.504,48.796,62.276,2.922,18.464,3.023,19.681,2333.333,2333.333,3500.0,3500.0,2333.333,2333.333,2333.333,2333.333,3500.0,0.654,0.654,2.467,2.467,2.699,2.699,0.822,0.822,15.118,5396.0,14029.0,0.0,133.0,
2026-07-08 06:31:54,59.0,0.000               ,561.039,200.0,933.0,0.0,59.625,59.625              ,59.625,59.625,59.625,59.625,59.625,59.625,59.625,11.091,8.989,5.409,92.06,27.661,4.179,15.476,4.032,21.112,2333.333,2333.333,2333.333,2333.333,3500.0,3500.0,2333.333,2333.333,3500.0,0.878,0.878,4.261,4.302,1.15,1.139,0.783,0.783,15.378,5396.0,14031.0,0.0,134.0,
2026-07-08 06:31:55,60.0,0.000               ,561.039,200.0,933.0,0.0,60.625,60.625              ,60.625,60.625,60.625,60.625,60.625,60.625,60.625,4.095,39.46,34.151,35.396,19.432,2.123,9.933,2.247,18.355,2333.333,2333.333,3500.0,3500.0,2333.333,2333.333,2333.333,2333.333,3500.0,1.985,1.985,2.991,2.952,0.933,0.947,0.742,0.742,15.175,5401.0,14029.0,0.0,135.0,
2026-07-08 06:31:56,60.0,0.000               ,620.77,200.0,933.0,0.0,60.5,60.500              ,60.5,60.5,60.5,60.5,60.5,60.5,60.5,13.12,6.834,21.439,16.742,25.167,5.673,86.163,4.911,22.506,2800.0,2800.0,3500.0,3425.0,2740.0,2740.0,2740.0,2740.0,3500.0,0.846,0.846,1.298,1.298,0.974,0.967,3.695,3.695,15.078,5445.0,14128.0,0.0,136.0,
2026-07-08 06:31:57,60.0,0.000               ,620.77,200.0,933.0,0.0,60.75,60.750              ,60.75,60.75,60.75,60.75,60.75,60.75,60.75,15.301,4.454,8.643,52.499,49.128,1.246,16.905,1.816,18.749,2333.333,2333.333,3500.0,3500.0,2333.333,2333.333,2333.333,2333.333,3500.0,1.016,1.016,2.64,2.64,2.16,2.16,0.779,0.779,14.974,5445.0,14125.0,0.0,137.0,
2026-07-08 06:31:58,61.0,0.000               ,620.77,200.0,933.0,0.0,61.5,61.500              ,61.5,61.5,61.5,61.5,61.5,61.5,61.5,7.197,4.944,1.915,99.43,19.653,2.129,16.291,3.005,19.32,2333.333,2333.333,3500.0,3500.0,2333.333,2333.333,2333.333,2333.333,3500.0,0.697,0.697,4.561,4.495,0.93,0.93,0.875,0.875,15.259,5443.0,14124.0,0.0,138.0,
2026-07-08 06:31:59,61.0,0.000               ,620.77,200.0,933.0,0.0,61.5,61.500              ,61.5,61.5,61.5,61.5,61.5,61.5,61.5,10.525,6.357,7.444,84.359,31.675,4.513,18.597,4.247,20.965,2333.333,2333.333,2333.333,2333.333,3500.0,3500.0,2333.333,2333.333,3500.0,0.774,0.774,3.879,3.963,1.353,1.353,0.834,0.835,15.623,5452.0,14127.0,0.0,139.0,
2026-07-08 06:32:00,61.0,0.000               ,624.277,200.0,933.0,0.0,61.5,61.500              ,61.5,61.5,61.5,61.5,61.5,61.5,61.5,9.023,5.965,25.509,54.534,41.432,4.596,14.688,6.853,20.325,2333.333,2333.333,3500.0,3500.0,2333.333,2333.333,2333.333,2333.333,3500.0,0.787,0.787,3.453,3.426,1.853,1.853,0.952,0.951,15.366,5458.0,14139.0,0.0,140.0,
2026-07-08 06:32:01,61.0,0.000               ,624.277,200.0,933.0,0.0,61.5,61.500              ,61.5,61.5,61.5,61.5,61.5,61.5,61.5,5.83,4.321,6.564,94.153,22.514,1.993,14.206,3.365,19.118,2333.333,2333.333,3500.0,3500.0,2333.333,2333.333,2333.333,2333.333,3500.0,0.605,0.605,4.428,4.402,0.9,0.9,0.795,0.795,14.853,5456.0,14137.0,0.0,141.0,
2026-07-08 06:32:02,61.0,0.000               ,624.277,200.0,933.0,0.0,61.25,61.250              ,61.25,61.25,61.25,61.25,61.25,61.25,61.25,7.278,4.664,11.045,47.593,53.867,2.423,23.988,1.827,19.085,2333.333,2333.333,2333.333,2333.333,2333.333,2333.333,3500.0,3500.0,3500.0,0.735,0.735,2.487,2.449,2.459,2.459,1.17,1.17,15.172,5459.0,14136.0,0.0,142.0,
2026-07-08 06:32:03,61.0,0.000               ,624.277,200.0,933.0,0.0,61.5,61.500              ,61.5,61.5,61.5,61.5,61.5,61.5,61.5,7.508,5.402,3.143,98.947,18.87,2.896,17.185,3.208,19.645,2333.333,2333.333,3500.0,3500.0,2333.333,2333.333,2333.333,2333.333,3500.0,0.712,0.712,4.545,4.507,0.832,0.832,0.929,0.929,15.105,5460.0,14136.0,0.0,143.0,
2026-07-08 06:32:04,60.0,0.000               ,634.398,200.0,933.0,0.0,60.625,60.625              ,60.625,60.625,60.625,60.625,60.625,60.625,60.625,34.708,34.822,16.553,17.27,22.479,13.994,12.052,2.573,19.306,2333.333,2333.333,3500.0,3500.0,2333.333,2333.333,2333.333,2333.333,3500.0,2.857,2.857,1.266,1.252,1.488,1.496,0.634,0.634,14.207,5463.0,14144.0,15143.927,144.0,0.07
2026-07-08 06:32:05,59.0,0.000               ,634.398,200.0,933.0,0.0,59.25,59.250              ,59.25,59.25,59.25,59.25,59.25,59.25,59.25,2.91,99.152,19.016,5.437,14.685,5.811,5.193,3.801,19.501,3500.0,3500.0,2333.333,2333.333,2333.333,2333.333,2333.333,2333.333,3500.0,4.343,4.331,0.917,0.917,0.84,0.825,0.502,0.502,13.818,5471.0,14145.0,0.0,145.0,
2026-07-08 06:32:06,58.0,0.000               ,634.398,200.0,933.0,0.0,58.75,58.750              ,58.75,58.75,58.75,58.75,58.75,58.75,58.75,8.923,17.667,21.836,3.643,5.601,74.271,16.864,3.429,19.029,3500.0,3500.0,2333.333,2333.333,2333.333,2333.333,2333.333,2333.333,3500.0,1.328,1.242,0.816,0.816,3.665,3.656,0.843,0.843,13.751,5471.0,14147.0,0.0,146.0,
2026-07-08 06:32:07,58.0,0.000               ,634.398,200.0,933.0,0.0,58.375,58.375              ,58.375,58.375,58.375,58.375,58.375,58.375,58.375,2.694,44.149,20.839,4.823,11.877,4.731,57.894,2.375,18.673,3500.0,3500.0,2333.333,2333.333,2333.333,2333.333,2333.333,2333.333,3500.0,2.215,2.215,0.921,0.921,0.781,0.694,2.806,2.805,13.991,5470.0,14144.0,0.0,147.0,
2026-07-08 06:32:08,58.0,0.000               ,634.398,200.0,933.0,0.0,58.625,58.625              ,58.625,58.625,58.625,58.625,58.625,58.625,58.625,4.113,40.108,62.828,9.501,18.073,6.86,16.396,3.32,20.15,2333.333,2333.333,3500.0,3500.0,2333.333,2333.333,2333.333,2333.333,3500.0,2.08,2.08,3.319,3.319,0.962,0.953,0.809,0.809,14.469,5473.0,14146.0,0.0,148.0,
2026-07-08 06:32:09,58.0,0.000               ,634.398,200.0,933.0,0.0,58.375,58.375              ,58.375,58.375,58.375,58.375,58.375,58.375,58.375,3.763,70.098,22.404,4.967,14.641,3.625,30.207,2.696,19.05,3500.0,3500.0,2333.333,2333.333,2333.333,2333.333,2333.333,2333.333,3500.0,3.388,3.388,0.979,0.979,0.746,0.754,1.578,1.578,13.997,5473.0,14146.0,0.0,149.0,
2026-07-08 06:32:10,58.0,0.000               ,634.398,200.0,933.0,0.0,58.25,58.250              ,58.25,58.25,58.25,58.25,58.25,58.25,58.25,5.237,86.516,17.237,13.117,14.418,2.527,10.147,3.321,19.065,2333.333,2333.333,3500.0,3500.0,2333.333,2333.333,2333.333,2333.333,3500.0,3.993,4.033,1.11,1.11,0.673,0.67,0.592,0.592,13.679,5478.0,14145.0,0.0,150.0,
2026-07-08 06:32:11,58.0,0.000               ,634.398,200.0,933.0,0.0,58.25,58.250              ,58.25,58.25,58.25,58.25,58.25,58.25,58.25,7.034,8.253,65.503,2.034,21.999,1.991,39.285,3.285,18.673,2333.333,2333.333,2333.333,2333.333,3500.0,3500.0,2333.333,2333.333,3500.0,0.855,0.762,3.064,3.064,1.016,1.016,1.878,1.878,13.794,5478.0,14145.0,0.0,151.0,
2026-07-08 06:32:13,58.0,0.000               ,662.629,200.0,1200.0,0.0,58.5,58.500              ,58.5,58.5,58.5,58.5,58.5,58.5,58.5,22.596,33.188,34.958,48.696,49.962,8.808,30.533,10.744,29.936,3500.0,3500.0,2333.333,2333.333,2333.333,2333.333,2333.333,2333.333,3500.0,2.271,2.271,3.443,3.443,2.166,2.166,1.487,1.805,17.628,5674.0,14422.0,8391.677,153.0,0.12
2026-07-08 06:32:13,57.0,15.000              ,767.156,469.0,1200.0,0.0,57.0,57.000              ,57.0,57.0,57.0,57.0,57.0,57.0,57.0,63.249,77.521,74.521,64.954,72.889,59.357,59.204,92.623,70.54,2080.0,2080.0,2600.0,2600.0,2575.0,2575.0,2060.0,2060.0,2600.0,1.656,1.657,1.405,1.415,1.339,1.341,1.828,1.223,17.016,5645.0,14549.0,73.013,153.0,13.7
2026-07-08 06:32:15,55.0,54.000              ,776.203,420.0,1200.0,0.0,55.375,55.375              ,55.375,55.375,55.375,55.375,55.375,55.375,55.375,88.597,86.465,94.343,90.08,89.283,90.43,87.128,89.981,89.538,1980.0,1980.0,1666.667,1666.667,2000.0,1980.0,1980.0,1980.0,2000.0,0.964,0.971,1.128,1.111,1.044,1.044,1.073,1.119,16.607,5451.0,14554.0,30.921,155.0,32.34
2026-07-08 06:32:15,54.0,75.000              ,774.707,200.0,1200.0,0.0,54.0,54.000              ,54.0,54.0,54.0,54.0,54.0,54.0,54.0,85.6,82.312,87.908,89.513,86.294,83.331,85.187,81.6,85.218,1980.0,1980.0,1980.0,1980.0,1980.0,1980.0,1650.0,1650.0,1980.0,0.973,0.964,1.084,1.075,1.025,1.029,1.023,0.935,16.184,5350.0,14554.0,26.354,155.0,37.94
2026-07-08 06:32:16,53.0,74.000              ,773.207,500.0,1200.0,0.0,53.75,53.750              ,53.75,53.75,53.75,53.75,53.75,53.75,53.75,73.136,69.297,78.814,81.457,77.357,70.481,79.091,58.985,73.577,1800.0,1800.0,2160.0,2160.0,1800.0,1800.0,1800.0,1800.0,2160.0,0.917,0.917,1.112,1.129,1.027,1.022,0.949,0.948,16.039,5188.0,14560.0,28.136,156.0,35.54
2026-07-08 06:32:17,53.0,75.000              ,773.207,200.0,1200.0,0.0,53.625,53.625              ,53.625,53.625,53.625,53.625,53.625,53.625,53.625,55.843,54.237,59.958,64.251,66.187,39.192,63.172,37.395,55.029,1820.0,1800.0,2250.0,2250.0,1800.0,1800.0,1800.0,1800.0,2250.0,0.901,0.901,1.148,1.15,0.941,0.94,0.902,0.902,16.21,5092.0,14562.0,30.193,157.0,33.12
2026-07-08 06:32:18,53.0,69.000              ,774.879,435.0,1200.0,0.0,53.5,53.500              ,53.5,53.5,53.5,53.5,53.5,53.5,53.5,58.659,55.952,62.288,61.273,65.806,34.709,64.604,33.063,54.544,2000.0,2000.0,2500.0,2500.0,2000.0,2000.0,2000.0,2000.0,2500.0,1.021,1.021,1.26,1.258,0.976,0.976,0.97,0.97,16.204,4991.0,14560.0,22.936,158.0,43.6
2026-07-08 06:32:19,53.0,66.000              ,774.867,200.0,1200.0,0.0,53.5,53.500              ,53.5,53.5,53.5,53.5,53.5,53.5,53.5,53.775,48.879,63.344,55.705,59.882,29.891,63.142,27.376,50.249,1880.0,1880.0,2350.0,2350.0,1880.0,1880.0,1880.0,1880.0,2350.0,0.963,0.963,1.216,1.216,0.921,0.922,0.936,0.936,15.787,4917.0,14560.0,40.294,159.0,24.82
2026-07-08 06:32:20,53.0,68.000              ,778.578,541.0,1200.0,0.0,53.5,53.500              ,53.5,53.5,53.5,53.5,53.5,53.5,53.5,63.941,55.39,70.185,60.878,73.017,44.899,68.681,43.354,60.043,1940.0,1940.0,2425.0,2425.0,1940.0,1940.0,1940.0,1940.0,2425.0,0.961,0.961,1.152,1.152,0.972,0.972,0.98,0.98,16.424,4724.0,14568.0,25.474,160.0,39.26
2026-07-08 06:32:21,53.0,69.000              ,788.035,457.0,1200.0,0.0,53.5,53.500              ,53.5,53.5,53.5,53.5,53.5,53.5,53.5,43.523,35.085,57.663,40.305,52.146,17.596,57.566,17.27,40.144,1880.0,1880.0,2350.0,2350.0,1880.0,1880.0,2350.0,2350.0,2350.0,0.915,0.917,1.218,1.208,0.868,0.867,0.932,0.932,15.704,4732.0,14580.0,20.344,161.0,49.15
2026-07-08 06:32:22,53.0,70.000              ,788.07,200.0,1200.0,0.0,53.5,53.500              ,53.5,53.5,53.5,53.5,53.5,53.5,53.5,37.565,29.266,44.735,35.401,54.979,11.744,45.283,16.952,34.491,2160.0,2160.0,2700.0,2700.0,2700.0,2700.0,2160.0,2160.0,2700.0,0.955,0.954,1.207,1.217,1.002,1.002,0.958,0.959,15.753,4740.0,14579.0,26.489,162.0,37.75
2026-07-08 06:32:23,53.0,68.000              ,769.984,393.0,1200.0,0.0,53.5,53.500              ,53.5,53.5,53.5,53.5,53.5,53.5,53.5,43.104,33.052,52.798,43.11,57.6,11.998,53.656,18.237,39.194,2140.0,2140.0,2675.0,2675.0,2140.0,2140.0,2140.0,2140.0,2675.0,0.977,0.977,1.371,1.371,0.973,0.973,0.996,0.995,15.924,4744.0,14568.0,27.528,163.0,36.33
2026-07-08 06:32:24,53.0,69.000              ,762.156,442.0,1200.0,0.0,53.5,53.500              ,53.5,53.5,53.5,53.5,53.5,53.5,53.5,35.174,30.863,56.465,35.96,53.086,16.353,61.892,14.245,38.005,2160.0,2160.0,2700.0,2700.0,2160.0,2160.0,2160.0,2160.0,2700.0,0.876,0.876,1.262,1.264,0.965,0.965,1.087,1.089,15.944,4743.0,14562.0,19.918,164.0,50.21
2026-07-08 06:32:25,53.0,69.000              ,762.156,375.0,1200.0,0.0,53.5,53.500              ,53.5,53.5,53.5,53.5,53.5,53.5,53.5,26.334,31.904,33.247,36.856,49.606,10.757,37.733,14.091,30.066,2100.0,2100.0,2100.0,2100.0,2650.0,2650.0,2120.0,2120.0,2650.0,0.862,0.862,1.141,1.14,0.96,0.96,0.844,0.842,15.443,4748.0,14561.0,23.168,165.0,43.16
2026-07-08 06:32:26,53.0,69.000              ,763.309,321.0,1067.0,0.0,53.5,53.500              ,53.5,53.5,53.5,53.5,53.5,53.5,53.5,34.509,29.962,50.522,32.614,49.058,12.11,46.987,13.464,33.653,2220.0,2220.0,2775.0,2800.0,2240.0,2240.0,2220.0,2220.0,2800.0,0.972,0.975,1.323,1.323,0.982,0.966,0.958,0.958,15.77,4752.0,14551.0,22.315,166.0,44.81
2026-07-08 06:32:27,53.0,68.000              ,763.629,200.0,1200.0,0.0,53.5,53.500              ,53.5,53.5,53.5,53.5,53.5,53.5,53.5,37.66,30.741,51.83,30.715,45.581,12.503,50.15,14.715,34.237,2240.0,2240.0,2800.0,2800.0,2240.0,2240.0,2240.0,2240.0,2800.0,1.003,1.0,1.267,1.267,0.924,0.939,1.031,1.031,15.842,4759.0,14542.0,22.393,167.0,44.66
2026-07-08 06:32:28,53.0,68.000              ,762.875,200.0,1200.0,0.0,53.5,53.500              ,53.5,53.5,53.5,53.5,53.5,53.5,53.5,33.162,30.484,46.99,37.22,44.978,12.816,46.563,14.16,33.297,2160.0,2160.0,2700.0,2700.0,2160.0,2160.0,2160.0,2160.0,2700.0,0.912,0.912,1.297,1.297,0.891,0.891,0.918,0.918,15.762,4769.0,14540.0,27.924,168.0,35.81
2026-07-08 06:32:29,53.0,69.000              ,762.832,200.0,1067.0,0.0,53.5,53.500              ,53.5,53.5,53.5,53.5,53.5,53.5,53.5,32.197,29.102,52.498,29.228,49.494,16.817,57.362,15.555,35.282,2020.0,2000.0,2500.0,2500.0,2000.0,2000.0,2000.0,2000.0,2500.0,0.88,0.88,1.131,1.134,0.959,0.959,1.051,1.051,15.469,4783.0,14534.0,17.553,169.0,56.97
2026-07-08 06:32:30,53.0,69.000              ,762.828,387.0,1067.0,0.0,53.5,53.500              ,53.5,53.5,53.5,53.5,53.5,53.5,53.5,31.475,31.758,59.324,30.902,48.268,11.587,60.451,15.451,36.152,2160.0,2160.0,2675.0,2675.0,2160.0,2160.0,2700.0,2700.0,2700.0,0.933,0.933,1.275,1.273,0.901,0.901,1.098,1.098,15.452,4791.0,14533.0,19.862,170.0,50.35
2026-07-08 06:32:31,53.0,70.000              ,762.828,358.0,1200.0,0.0,53.5,53.500              ,53.5,53.5,53.5,53.5,53.5,53.5,53.5,41.798,26.151,48.151,28.61,46.763,9.606,50.756,9.376,32.651,2180.0,2180.0,2725.0,2725.0,2180.0,2180.0,2180.0,2180.0,2725.0,1.031,1.031,1.217,1.217,0.928,0.928,1.007,1.007,15.594,4791.0,14531.0,21.586,171.0,46.33
2026-07-08 06:32:32,53.0,70.000              ,762.828,393.0,1200.0,0.0,53.5,53.500              ,53.5,53.5,53.5,53.5,53.5,53.5,53.5,36.96,27.495,49.671,27.761,40.535,8.353,53.491,11.828,32.012,2320.0,2320.0,2925.0,2925.0,2340.0,2340.0,2340.0,2340.0,2925.0,0.98,0.981,1.263,1.263,0.838,0.846,1.125,1.13,15.491,4795.0,14532.0,19.134,172.0,52.26
2026-07-08 06:32:33,53.0,69.000              ,762.828,338.0,1200.0,0.0,53.5,53.500              ,53.5,53.5,53.5,53.5,53.5,53.5,53.5,26.599,23.236,42.773,23.236,44.328,8.168,40.206,12.471,27.627,2280.0,2280.0,2825.0,2825.0,2260.0,2260.0,2260.0,2260.0,2825.0,0.923,0.923,1.215,1.196,0.944,0.935,1.024,1.018,15.33,4800.0,14531.0,28.128,173.0,35.55
2026-07-08 06:32:34,53.0,69.000              ,762.828,305.0,1200.0,0.0,53.5,53.500              ,53.5,53.5,53.5,53.5,53.5,53.5,53.5,31.301,25.103,44.804,24.257,36.816,9.149,48.217,12.875,29.065,2300.0,2320.0,2900.0,2900.0,2320.0,2320.0,2340.0,2340.0,2900.0,0.98,0.98,1.239,1.239,0.87,0.872,1.165,1.165,15.503,4805.0,14530.0,22.669,174.0,44.11
2026-07-08 06:32:35,53.0,69.000              ,761.574,200.0,1200.0,0.0,53.5,53.500              ,53.5,53.5,53.5,53.5,53.5,53.5,53.5,31.472,26.691,45.906,31.227,37.027,6.85,48.412,11.421,29.876,2280.0,2280.0,2850.0,2850.0,2240.0,2240.0,2800.0,2875.0,2875.0,0.969,0.969,1.323,1.334,0.829,0.827,1.08,1.08,15.449,4805.0,14529.0,23.393,175.0,42.75
2026-07-08 06:32:36,53.0,68.000              ,753.047,321.0,1067.0,0.0,53.625,53.625              ,53.625,53.625,53.625,53.625,53.625,53.625,53.625,33.05,27.243,56.855,24.339,42.683,7.245,37.886,15.289,30.574,2260.0,2260.0,2825.0,2825.0,2260.0,2260.0,2260.0,2260.0,2825.0,0.978,0.965,1.373,1.384,0.912,0.912,0.997,0.997,15.377,4804.0,14524.0,21.172,176.0,47.23
2026-07-08 06:32:37,53.0,69.000              ,751.164,352.0,1200.0,0.0,53.625,53.625              ,53.625,53.625,53.625,53.625,53.625,53.625,53.625,43.457,26.008,51.127,23.895,34.17,12.036,44.857,16.05,31.45,2850.0,2850.0,2280.0,2280.0,2280.0,2280.0,2280.0,2280.0,2850.0,1.083,1.098,1.234,1.215,0.804,0.804,1.077,1.08,15.424,4806.0,14522.0,19.14,177.0,52.25
2026-07-08 06:32:38,53.0,70.000              ,750.918,381.0,1067.0,0.0,53.625,53.625              ,53.625,53.625,53.625,53.625,53.625,53.625,53.625,46.587,26.888,55.066,26.663,39.808,10.848,38.858,16.238,32.619,2850.0,2850.0,2280.0,2280.0,2280.0,2280.0,2800.0,2800.0,2850.0,1.078,1.078,1.304,1.325,0.869,0.869,0.973,0.97,15.477,4805.0,14519.0,19.535,178.0,51.19
2026-07-08 06:32:39,53.0,70.000              ,750.914,326.0,1200.0,0.0,53.625,53.625              ,53.625,53.625,53.625,53.625,53.625,53.625,53.625,28.405,26.927,43.283,28.861,37.744,7.539,42.248,10.131,28.142,2280.0,2280.0,2875.0,2875.0,2300.0,2300.0,2300.0,2300.0,2875.0,0.951,0.951,1.295,1.295,0.871,0.871,0.96,0.962,15.345,4811.0,14510.0,31.626,179.0,31.62
2026-07-08 06:32:40,53.0,70.000              ,750.914,310.0,1200.0,0.0,53.625,53.625              ,53.625,53.625,53.625,53.625,53.625,53.625,53.625,32.529,26.451,51.679,26.939,39.251,9.104,47.472,12.82,30.781,2160.0,2160.0,2160.0,2160.0,2160.0,2160.0,2750.0,2750.0,2750.0,0.937,0.937,1.247,1.247,0.88,0.88,1.022,1.023,15.495,4819.0,14507.0,24.633,180.0,40.6
2026-07-08 06:32:41,53.0,69.000              ,750.914,344.0,1067.0,0.0,53.625,53.625              ,53.625,53.625,53.625,53.625,53.625,53.625,53.625,35.215,28.336,52.026,29.081,40.243,12.801,47.668,12.077,32.181,2240.0,2240.0,2800.0,2800.0,2240.0,2240.0,2240.0,2240.0,2800.0,0.962,0.962,1.254,1.254,0.845,0.845,0.954,0.954,15.286,4824.0,14507.0,23.934,181.0,41.78
2026-07-08 06:32:42,53.0,69.000              ,750.918,400.0,1067.0,0.0,53.5,53.500              ,53.5,53.5,53.5,53.5,53.5,53.5,53.5,32.179,28.444,35.122,29.874,41.372,9.859,37.701,15.719,28.784,2180.0,2180.0,2725.0,2725.0,2200.0,2200.0,2200.0,2200.0,2725.0,0.907,0.907,1.104,1.104,0.809,0.809,0.884,0.881,15.125,4826.0,14507.0,26.173,182.0,38.21
2026-07-08 06:32:43,53.0,70.000              ,752.426,200.0,1200.0,0.0,53.5,53.500              ,53.5,53.5,53.5,53.5,53.5,53.5,53.5,29.955,28.569,54.537,29.146,45.043,8.578,34.318,15.037,30.648,2340.0,2340.0,2925.0,2925.0,2340.0,2340.0,2340.0,2340.0,2925.0,0.954,0.954,1.368,1.368,0.921,0.921,0.924,0.924,15.568,4827.0,14508.0,21.555,183.0,46.39
2026-07-08 06:32:44,53.0,68.000              ,753.137,393.0,1067.0,0.0,53.5,53.500              ,53.5,53.5,53.5,53.5,53.5,53.5,53.5,26.997,28.781,39.9,35.727,38.946,9.552,35.817,16.378,29.012,2180.0,2180.0,2725.0,2725.0,2180.0,2180.0,2180.0,2180.0,2725.0,0.878,0.878,1.263,1.266,0.797,0.797,0.88,0.88,14.912,4833.0,14507.0,26.211,184.0,38.15
2026-07-08 06:32:45,53.0,69.000              ,753.133,333.0,1067.0,0.0,53.5,53.500              ,53.5,53.5,53.5,53.5,53.5,53.5,53.5,25.061,28.952,60.205,24.553,45.23,6.469,43.537,12.284,30.786,2260.0,2260.0,2825.0,2825.0,2260.0,2260.0,2260.0,2260.0,2825.0,0.91,0.91,1.36,1.357,0.91,0.916,0.948,0.948,15.339,4834.0,14508.0,23.534,185.0,42.49
2026-07-08 06:32:46,53.0,70.000              ,753.141,200.0,1067.0,0.0,53.5,53.500              ,53.5,53.5,53.5,53.5,53.5,53.5,53.5,32.692,24.192,60.645,22.437,49.315,6.062,46.933,13.451,31.966,2300.0,2300.0,2850.0,2850.0,2280.0,2280.0,2300.0,2300.0,2850.0,0.923,0.925,1.287,1.287,0.959,0.952,1.009,1.009,15.331,4833.0,14507.0,21.493,186.0,46.53
2026-07-08 06:32:47,53.0,69.000              ,755.402,393.0,1067.0,0.0,53.5,53.500              ,53.5,53.5,53.5,53.5,53.5,53.5,53.5,37.007,28.041,64.192,25.312,47.847,11.416,43.539,18.17,34.44,2220.0,2220.0,2775.0,2775.0,2220.0,2220.0,2220.0,2220.0,2775.0,0.978,0.984,1.295,1.295,0.88,0.88,0.996,0.995,15.35,4833.0,14511.0,20.441,187.0,48.92
2026-07-08 06:32:48,53.0,70.000              ,756.152,406.0,1200.0,0.0,53.5,53.500              ,53.5,53.5,53.5,53.5,53.5,53.5,53.5,39.884,28.508,59.925,28.31,42.01,19.097,48.813,21.88,36.053,2160.0,2160.0,2700.0,2700.0,2160.0,2160.0,2160.0,2160.0,2700.0,0.93,0.908,1.176,1.179,0.912,0.913,1.057,1.057,15.257,4846.0,14510.0,18.301,188.0,54.64
2026-07-08 06:32:49,53.0,71.000              ,767.102,200.0,1067.0,0.0,53.625,53.625              ,53.625,53.625,53.625,53.625,53.625,53.625,53.625,53.449,33.942,53.117,34.902,53.797,17.748,56.207,19.792,40.369,1940.0,1940.0,2425.0,2425.0,1940.0,1940.0,1940.0,1940.0,2425.0,1.163,1.18,1.265,1.262,0.981,0.979,1.072,1.072,15.173,4867.0,14513.0,25.052,189.0,39.92
2026-07-08 06:32:50,53.0,48.000              ,782.949,516.0,1067.0,0.0,53.75,53.750              ,53.75,53.75,53.75,53.75,53.75,53.75,53.75,43.479,24.224,33.514,34.444,42.918,9.228,41.335,8.456,29.7,2550.0,2550.0,2040.0,2040.0,2575.0,2575.0,2060.0,2060.0,2575.0,0.985,0.972,1.01,1.01,0.751,0.751,0.757,0.762,15.101,4874.0,14534.0,296.251,190.0,3.38
2026-07-08 06:32:51,53.0,47.000              ,782.949,387.0,1200.0,0.0,53.625,53.625              ,53.625,53.625,53.625,53.625,53.625,53.625,53.625,43.224,26.463,45.211,31.257,50.473,8.317,45.124,9.488,32.445,2120.0,2120.0,2650.0,2650.0,2120.0,2120.0,2120.0,2120.0,2650.0,0.971,0.984,1.07,1.058,0.803,0.803,0.835,0.83,15.084,4879.0,14534.0,21.064,191.0,47.47
2026-07-08 06:32:52,53.0,68.000              ,782.949,393.0,1200.0,0.0,53.5,53.500              ,53.5,53.5,53.5,53.5,53.5,53.5,53.5,41.162,23.003,47.781,29.779,48.984,5.078,44.426,11.204,31.427,2060.0,2060.0,2575.0,2575.0,2060.0,2060.0,2060.0,2060.0,2575.0,0.974,0.974,1.123,1.136,0.77,0.77,0.849,0.849,15.075,4885.0,14535.0,20.99,192.0,47.64
2026-07-08 06:32:53,53.0,68.000              ,782.957,200.0,1067.0,0.0,53.5,53.500              ,53.5,53.5,53.5,53.5,53.5,53.5,53.5,36.637,17.115,48.008,25.052,48.024,11.422,44.991,9.271,30.065,2220.0,2220.0,2775.0,2775.0,2220.0,2220.0,2220.0,2220.0,2775.0,0.881,0.881,1.095,1.095,0.849,0.849,0.86,0.86,15.137,4885.0,14534.0,19.654,193.0,50.88
2026-07-08 06:32:54,53.0,68.000              ,781.453,508.0,1067.0,0.0,53.5,53.500              ,53.5,53.5,53.5,53.5,53.5,53.5,53.5,36.564,26.053,53.743,29.561,39.577,16.058,47.467,18.465,33.436,2120.0,2120.0,2650.0,2650.0,2120.0,2120.0,2120.0,2120.0,2650.0,0.889,0.889,1.14,1.14,0.775,0.775,0.942,0.942,15.271,4881.0,14534.0,19.384,194.0,51.59
2026-07-08 06:32:55,53.0,69.000              ,781.387,200.0,1200.0,0.0,53.5,53.500              ,53.5,53.5,53.5,53.5,53.5,53.5,53.5,41.109,27.018,35.071,34.154,45.706,9.541,44.033,12.744,31.172,2080.0,2060.0,2575.0,2575.0,2060.0,2060.0,2060.0,2060.0,2575.0,0.876,0.876,0.991,0.991,0.775,0.775,0.808,0.814,15.452,4896.0,14534.0,24.556,195.0,40.72
2026-07-08 06:32:56,53.0,69.000              ,781.395,500.0,1200.0,0.0,53.375,53.375              ,53.375,53.375,53.375,53.375,53.375,53.375,53.375,30.625,25.266,29.745,34.38,49.374,6.87,40.262,13.426,28.744,1960.0,1940.0,2425.0,2425.0,1940.0,1940.0,1940.0,1940.0,2425.0,0.761,0.763,0.908,0.908,0.807,0.807,0.79,0.784,14.848,4898.0,14533.0,24.868,196.0,40.21
2026-07-08 06:32:57,53.0,69.000              ,776.879,420.0,1200.0,0.0,53.375,53.375              ,53.375,53.375,53.375,53.375,53.375,53.375,53.375,33.495,24.503,41.359,27.366,57.58,9.757,40.59,13.139,30.974,2120.0,2120.0,2650.0,2625.0,2625.0,2100.0,2100.0,2080.0,2650.0,0.848,0.846,0.922,0.922,1.084,1.086,0.869,0.869,15.032,4905.0,14529.0,21.969,197.0,45.52
2026-07-08 06:32:58,53.0,69.000              ,776.879,400.0,1067.0,0.0,53.375,53.375              ,53.375,53.375,53.375,53.375,53.375,53.375,53.375,32.558,24.565,48.115,26.32,44.487,9.707,41.351,8.961,29.508,2200.0,2200.0,2750.0,2750.0,2200.0,2200.0,2200.0,2200.0,2750.0,0.862,0.862,1.136,1.136,0.869,0.87,0.882,0.882,15.208,4908.0,14531.0,21.836,198.0,45.8
2026-07-08 06:32:59,53.0,69.000              ,774.637,200.0,1067.0,0.0,53.375,53.375              ,53.375,53.375,53.375,53.375,53.375,53.375,53.375,32.081,26.427,48.591,25.943,48.26,8.251,44.624,9.926,30.513,2120.0,2120.0,2650.0,2650.0,2120.0,2120.0,2120.0,2120.0,2650.0,0.849,0.849,1.107,1.11,0.869,0.865,0.864,0.864,15.121,4900.0,14529.0,19.087,199.0,52.39
2026-07-08 06:33:00,53.0,69.000              ,762.594,413.0,1067.0,0.0,53.375,53.375              ,53.375,53.375,53.375,53.375,53.375,53.375,53.375,38.283,26.451,60.232,27.259,41.571,9.703,44.141,14.883,32.815,2100.0,2100.0,2625.0,2625.0,2100.0,2100.0,2100.0,2100.0,2625.0,0.834,0.838,1.188,1.19,0.721,0.721,0.867,0.867,15.123,4898.0,14514.0,20.429,200.0,48.95
2026-07-08 06:33:01,53.0,70.000              ,768.598,200.0,1200.0,0.0,53.375,53.375              ,53.375,53.375,53.375,53.375,53.375,53.375,53.375,36.953,23.713,56.54,22.631,52.002,6.46,46.452,7.827,31.572,2220.0,2220.0,2775.0,2775.0,2220.0,2220.0,2220.0,2220.0,2775.0,0.945,0.941,1.211,1.205,0.925,0.925,0.918,0.92,14.969,4900.0,14518.0,19.058,201.0,52.47
2026-07-08 06:33:02,53.0,69.000              ,777.109,321.0,1200.0,0.0,53.25,53.250              ,53.25,53.25,53.25,53.25,53.25,53.25,53.25,34.831,26.771,45.709,28.057,50.182,6.519,38.689,18.139,31.112,2200.0,2200.0,2750.0,2750.0,2750.0,2750.0,2200.0,2200.0,2750.0,0.937,0.937,1.143,1.143,0.864,0.864,0.934,0.932,15.256,4901.0,14530.0,23.801,202.0,42.02
2026-07-08 06:33:03,53.0,69.000              ,789.148,315.0,1067.0,0.0,53.25,53.250              ,53.25,53.25,53.25,53.25,53.25,53.25,53.25,39.26,26.609,53.286,33.289,53.031,10.01,41.925,17.154,34.321,2180.0,2180.0,2725.0,2750.0,2200.0,2200.0,2200.0,2180.0,2750.0,0.952,0.952,1.256,1.256,0.913,0.913,0.91,0.91,15.224,4919.0,14553.0,24.598,203.0,40.65
2026-07-08 06:33:04,53.0,68.000              ,789.148,350.0,1067.0,0.0,53.25,53.250              ,53.25,53.25,53.25,53.25,53.25,53.25,53.25,28.741,25.427,50.035,24.56,54.44,6.837,42.866,10.817,30.465,2180.0,2180.0,2725.0,2725.0,2180.0,2180.0,2180.0,2180.0,2725.0,0.874,0.887,1.21,1.21,0.949,0.949,0.948,0.948,15.039,4922.0,14548.0,24.52,204.0,40.78
2026-07-08 06:33:05,53.0,69.000              ,789.148,338.0,1200.0,0.0,53.25,53.250              ,53.25,53.25,53.25,53.25,53.25,53.25,53.25,36.999,30.409,56.577,25.318,48.168,12.509,43.916,12.529,33.303,2220.0,2220.0,2775.0,2775.0,2775.0,2775.0,2220.0,2220.0,2775.0,1.01,0.995,1.244,1.244,0.912,0.912,0.955,0.955,15.018,4922.0,14546.0,19.033,205.0,52.54
2026-07-08 06:33:06,53.0,70.000              ,789.148,381.0,1067.0,0.0,53.25,53.250              ,53.25,53.25,53.25,53.25,53.25,53.25,53.25,33.026,29.086,54.155,30.543,59.764,5.123,37.04,15.18,32.99,2160.0,2160.0,2700.0,2700.0,2160.0,2160.0,2160.0,2160.0,2700.0,0.923,0.923,1.268,1.277,0.992,0.992,0.894,0.896,15.108,4925.0,14546.0,17.903,206.0,55.86
2026-07-08 06:33:07,53.0,69.000              ,789.148,200.0,1067.0,0.0,53.25,53.250              ,53.25,53.25,53.25,53.25,53.25,53.25,53.25,24.72,28.482,38.008,32.756,35.942,7.42,37.529,10.641,26.937,2300.0,2300.0,2875.0,2900.0,2320.0,2320.0,2320.0,2320.0,2900.0,0.853,0.853,1.234,1.226,0.776,0.763,0.876,0.874,14.953,4925.0,14546.0,25.235,207.0,39.63
2026-07-08 06:33:08,53.0,69.000              ,789.152,200.0,1067.0,0.0,53.25,53.250              ,53.25,53.25,53.25,53.25,53.25,53.25,53.25,32.439,29.164,56.347,29.537,48.888,9.999,38.424,18.242,32.88,2180.0,2180.0,2725.0,2725.0,2180.0,2180.0,2180.0,2180.0,2725.0,0.952,0.952,1.282,1.282,0.931,0.946,0.944,0.944,15.334,4928.0,14545.0,22.791,208.0,43.88
2026-07-08 06:33:09,53.0,68.000              ,789.148,338.0,1067.0,0.0,53.25,53.250              ,53.25,53.25,53.25,53.25,53.25,53.25,53.25,30.458,26.14,61.869,29.911,45.187,11.304,34.864,17.316,32.131,2200.0,2200.0,2750.0,2750.0,2200.0,2200.0,2200.0,2200.0,2750.0,0.892,0.894,1.364,1.367,0.898,0.898,0.856,0.856,14.831,4932.0,14546.0,18.899,209.0,52.91
2026-07-08 06:33:10,53.0,69.000              ,783.133,331.0,1200.0,0.0,53.125,53.125              ,53.125,53.125,53.125,53.125,53.125,53.125,53.125,31.393,29.797,40.748,29.905,61.926,11.917,34.405,19.693,32.473,2220.0,2220.0,2775.0,2775.0,2220.0,2220.0,2220.0,2220.0,2775.0,0.961,0.959,1.042,1.039,1.179,1.179,0.955,0.955,14.989,4934.0,14541.0,21.825,210.0,45.82
2026-07-08 06:33:11,53.0,70.000              ,783.137,358.0,1067.0,0.0,53.125,53.125              ,53.125,53.125,53.125,53.125,53.125,53.125,53.125,32.133,31.086,48.336,29.629,56.874,11.343,36.295,21.835,33.441,2240.0,2240.0,2240.0,2240.0,2800.0,2800.0,2240.0,2240.0,2800.0,0.949,0.951,1.126,1.126,1.102,1.102,0.963,0.963,15.074,4934.0,14541.0,19.588,211.0,51.05
2026-07-08 06:33:12,53.0,69.000              ,776.742,381.0,1067.0,0.0,53.125,53.125              ,53.125,53.125,53.125,53.125,53.125,53.125,53.125,33.497,27.957,50.75,27.425,53.362,9.161,35.404,19.059,32.077,2340.0,2340.0,2925.0,2925.0,2340.0,2340.0,2340.0,2340.0,2925.0,0.957,0.955,1.236,1.236,1.051,1.051,0.953,0.956,15.191,4932.0,14535.0,18.327,212.0,54.56
2026-07-08 06:33:13,53.0,69.000              ,772.734,426.0,1067.0,0.0,53.125,53.125              ,53.125,53.125,53.125,53.125,53.125,53.125,53.125,27.073,27.014,34.404,27.453,39.666,6.04,34.015,19.582,26.906,2200.0,2220.0,2775.0,2775.0,2220.0,2220.0,2220.0,2220.0,2775.0,0.893,0.893,1.107,1.107,0.807,0.807,0.93,0.927,14.908,4933.0,14528.0,25.418,213.0,39.34
2026-07-08 06:33:14,53.0,70.000              ,765.988,200.0,1067.0,0.0,53.125,53.125              ,53.125,53.125,53.125,53.125,53.125,53.125,53.125,30.185,21.94,50.54,29.524,37.057,7.992,31.045,22.736,28.877,2360.0,2360.0,2925.0,2925.0,2340.0,2340.0,2360.0,2360.0,2925.0,0.939,0.939,1.392,1.392,0.793,0.793,0.981,0.98,15.147,4932.0,14525.0,20.815,214.0,48.04
2026-07-08 06:33:15,53.0,69.000              ,765.988,358.0,1067.0,0.0,53.125,53.125              ,53.125,53.125,53.125,53.125,53.125,53.125,53.125,28.534,23.582,58.487,27.232,51.791,6.081,35.256,18.016,31.122,2200.0,2200.0,2750.0,2750.0,2200.0,2200.0,2200.0,2200.0,2750.0,0.88,0.88,1.308,1.308,0.924,0.924,0.945,0.945,15.319,4932.0,14518.0,23.399,215.0,42.74
2026-07-08 06:33:16,53.0,69.000              ,765.992,326.0,1200.0,0.0,53.125,53.125              ,53.125,53.125,53.125,53.125,53.125,53.125,53.125,28.209,23.631,67.674,25.565,45.55,8.099,33.292,20.317,31.542,2220.0,2220.0,2775.0,2775.0,2220.0,2220.0,2220.0,2220.0,2775.0,0.823,0.823,1.359,1.362,0.808,0.808,0.879,0.882,15.004,4931.0,14518.0,22.691,216.0,44.07
2026-07-08 06:33:17,53.0,70.000              ,765.988,338.0,1067.0,0.0,53.125,53.125              ,53.125,53.125,53.125,53.125,53.125,53.125,53.125,33.813,22.772,67.891,19.927,44.822,10.538,36.033,22.326,32.265,2240.0,2240.0,2800.0,2800.0,2240.0,2240.0,2240.0,2240.0,2800.0,0.926,0.926,1.338,1.335,0.837,0.837,0.981,0.978,14.96,4931.0,14512.0,19.549,217.0,51.15
2026-07-08 06:33:18,53.0,69.000              ,765.984,352.0,1200.0,0.0,53.125,53.125              ,53.125,53.125,53.125,53.125,53.125,53.125,53.125,32.589,29.984,63.41,31.404,46.234,12.183,36.589,19.683,34.009,2220.0,2220.0,2775.0,2775.0,2220.0,2220.0,2220.0,2220.0,2775.0,0.922,0.922,1.433,1.433,0.849,0.849,0.902,0.902,15.069,4931.0,14512.0,18.578,218.0,53.83
2026-07-08 06:33:19,53.0,69.000              ,765.988,200.0,1067.0,0.0,53.25,53.250              ,53.25,53.25,53.25,53.25,53.25,53.25,53.25,30.869,22.358,69.18,26.852,39.788,7.566,33.567,17.896,31.01,1916.667,1916.667,2875.0,2875.0,1916.667,1916.667,1916.667,1916.667,2875.0,0.91,0.91,1.598,1.598,0.834,0.836,0.932,0.932,15.03,4931.0,14505.0,18.354,219.0,54.48
2026-07-08 06:33:20,53.0,68.000              ,765.984,393.0,1067.0,0.0,53.25,53.250              ,53.25,53.25,53.25,53.25,53.25,53.25,53.25,29.103,26.321,33.681,28.351,40.411,10.491,36.461,21.62,28.305,2200.0,2200.0,2750.0,2750.0,2200.0,2200.0,2200.0,2200.0,2750.0,0.934,0.934,1.043,1.043,0.849,0.847,1.051,1.051,15.003,4931.0,14508.0,24.497,220.0,40.82
2026-07-08 06:33:21,53.0,69.000              ,765.984,305.0,1200.0,0.0,53.25,53.250              ,53.25,53.25,53.25,53.25,53.25,53.25,53.25,32.717,21.252,49.922,28.224,40.951,4.282,40.709,9.574,28.454,2440.0,2440.0,3050.0,3050.0,2440.0,2440.0,2440.0,2440.0,3050.0,0.971,0.971,1.382,1.382,0.859,0.859,0.94,0.94,15.189,4930.0,14508.0,22.283,221.0,44.88
2026-07-08 06:33:22,53.0,68.000              ,765.984,375.0,1067.0,0.0,53.25,53.250              ,53.25,53.25,53.25,53.25,53.25,53.25,53.25,35.478,25.72,63.797,22.602,43.521,6.541,46.447,13.766,32.234,2180.0,2180.0,2725.0,2725.0,2180.0,2180.0,2180.0,2180.0,2725.0,0.973,0.973,1.34,1.34,0.823,0.825,0.991,0.981,14.959,4928.0,14509.0,24.159,222.0,41.39
2026-07-08 06:33:23,53.0,69.000              ,765.984,333.0,1067.0,0.0,53.25,53.250              ,53.25,53.25,53.25,53.25,53.25,53.25,53.25,34.318,23.671,67.889,21.526,45.702,8.568,41.548,13.908,32.141,2260.0,2260.0,2825.0,2825.0,2260.0,2260.0,2260.0,2260.0,2825.0,0.879,0.879,1.369,1.369,0.839,0.837,0.913,0.922,15.207,4934.0,14507.0,22.463,223.0,44.52
2026-07-08 06:33:24,53.0,71.000              ,765.984,350.0,1200.0,0.0,53.25,53.250              ,53.25,53.25,53.25,53.25,53.25,53.25,53.25,32.966,23.679,68.103,20.888,45.692,7.824,44.645,14.902,32.337,2180.0,2180.0,2725.0,2725.0,2180.0,2180.0,2180.0,2180.0,2725.0,0.899,0.899,1.331,1.331,0.842,0.842,0.975,0.977,15.012,4937.0,14509.0,18.847,224.0,53.06
2026-07-08 06:33:25,53.0,69.000              ,765.988,200.0,1067.0,0.0,53.25,53.250              ,53.25,53.25,53.25,53.25,53.25,53.25,53.25,32.097,23.69,54.221,27.572,51.118,9.806,38.841,16.485,31.729,2280.0,2280.0,2875.0,2875.0,2300.0,2300.0,2300.0,2300.0,2875.0,0.917,0.917,1.308,1.309,0.994,0.996,0.993,0.992,14.918,4938.0,14506.0,18.697,225.0,53.48
2026-07-08 06:33:26,53.0,68.000              ,765.984,338.0,1200.0,0.0,53.25,53.250              ,53.25,53.25,53.25,53.25,53.25,53.25,53.25,31.363,23.912,41.755,28.617,42.686,6.947,41.074,12.874,28.654,2300.0,2300.0,2875.0,2875.0,2300.0,2300.0,2300.0,2300.0,2875.0,0.986,0.986,1.199,1.197,0.824,0.821,0.981,0.982,15.095,4939.0,14509.0,25.755,226.0,38.83
2026-07-08 06:33:27,53.0,69.000              ,772.734,321.0,1200.0,0.0,53.25,53.250              ,53.25,53.25,53.25,53.25,53.25,53.25,53.25,36.619,23.697,54.673,25.4,46.377,7.741,40.095,15.192,31.224,2180.0,2180.0,2725.0,2725.0,2180.0,2180.0,2180.0,2200.0,2725.0,0.964,0.964,1.25,1.25,0.845,0.847,0.935,0.933,15.117,4945.0,14518.0,23.297,227.0,42.92
2026-07-08 06:33:28,53.0,69.000              ,772.738,200.0,1067.0,0.0,53.25,53.250              ,53.25,53.25,53.25,53.25,53.25,53.25,53.25,25.683,26.952,60.643,22.295,51.008,5.981,42.794,15.781,31.392,2220.0,2220.0,2800.0,2800.0,2240.0,2240.0,2240.0,2240.0,2800.0,0.849,0.849,1.321,1.321,0.869,0.867,0.987,0.987,14.946,4942.0,14516.0,22.225,228.0,44.99
2026-07-08 06:33:29,53.0,69.000              ,772.734,370.0,1067.0,0.0,53.25,53.250              ,53.25,53.25,53.25,53.25,53.25,53.25,53.25,33.462,24.398,65.652,18.996,48.768,5.727,45.969,14.932,32.238,2180.0,2180.0,2725.0,2725.0,2180.0,2180.0,2180.0,2180.0,2725.0,0.915,0.915,1.288,1.299,0.848,0.848,0.998,0.998,15.14,4946.0,14516.0,20.013,229.0,49.97
2026-07-08 06:33:30,53.0,70.000              ,772.734,200.0,1200.0,0.0,53.25,53.250              ,53.25,53.25,53.25,53.25,53.25,53.25,53.25,30.0,26.243,71.324,21.105,43.293,6.535,40.305,13.852,31.582,2240.0,2240.0,2800.0,2825.0,2260.0,2260.0,2260.0,2260.0,2825.0,0.893,0.893,1.461,1.449,0.823,0.823,0.943,0.943,14.911,4946.0,14516.0,18.842,230.0,53.07
2026-07-08 06:33:31,53.0,69.000              ,772.738,381.0,1200.0,0.0,53.25,53.250              ,53.25,53.25,53.25,53.25,53.25,53.25,53.25,32.46,26.694,57.566,22.932,59.901,7.695,45.768,14.34,33.42,2280.0,2280.0,2850.0,2850.0,2280.0,2280.0,2280.0,2280.0,2850.0,0.945,0.947,1.218,1.22,0.994,0.994,0.981,0.983,15.373,4948.0,14516.0,18.65,231.0,53.62
2026-07-08 06:33:32,53.0,68.000              ,772.738,200.0,1200.0,0.0,53.0,53.000              ,53.0,53.0,53.0,53.0,53.0,53.0,53.0,29.611,25.571,45.184,23.608,41.327,7.809,35.177,15.632,27.99,2040.0,2040.0,2550.0,2550.0,2040.0,2040.0,2040.0,2040.0,2550.0,0.833,0.831,1.114,1.113,0.782,0.782,0.85,0.848,14.832,4953.0,14516.0,25.392,232.0,39.38
2026-07-08 06:33:33,53.0,69.000              ,772.734,315.0,1200.0,0.0,53.0,53.000              ,53.0,53.0,53.0,53.0,53.0,53.0,53.0,30.009,25.287,53.499,23.746,42.61,7.608,43.654,9.204,29.452,2300.0,2300.0,2875.0,2875.0,2300.0,2300.0,2300.0,2300.0,2875.0,0.918,0.918,1.24,1.24,0.855,0.855,0.958,0.958,15.069,4953.0,14517.0,22.196,233.0,45.05
2026-07-08 06:33:34,53.0,69.000              ,772.734,310.0,1200.0,0.0,53.0,53.000              ,53.0,53.0,53.0,53.0,53.0,53.0,53.0,35.652,23.389,51.706,27.59,50.784,8.067,43.373,9.369,31.241,2180.0,2180.0,2725.0,2725.0,2180.0,2180.0,2180.0,2180.0,2725.0,0.946,0.946,1.203,1.203,0.91,0.91,0.942,0.942,15.057,4953.0,14516.0,23.784,234.0,42.05
2026-07-08 06:33:35,53.0,68.000              ,772.738,200.0,1067.0,0.0,53.0,53.000              ,53.0,53.0,53.0,53.0,53.0,53.0,53.0,34.908,25.888,40.636,24.435,62.69,4.869,47.535,6.84,30.975,2220.0,2220.0,2775.0,2775.0,2220.0,2220.0,2220.0,2220.0,2775.0,0.94,0.94,1.025,1.029,1.09,1.09,0.958,0.958,15.007,4953.0,14516.0,21.769,235.0,45.94
2026-07-08 06:33:36,53.0,69.000              ,772.738,200.0,1200.0,0.0,53.0,53.000              ,53.0,53.0,53.0,53.0,53.0,53.0,53.0,27.343,25.538,46.438,28.808,37.996,7.706,43.625,14.008,28.933,2180.0,2180.0,2180.0,2180.0,2750.0,2750.0,2200.0,2200.0,2750.0,0.901,0.902,1.217,1.214,0.804,0.804,1.005,1.005,15.043,4955.0,14515.0,29.461,236.0,33.94
2026-07-08 06:33:37,53.0,69.000              ,772.738,200.0,1067.0,0.0,53.0,53.000              ,53.0,53.0,53.0,53.0,53.0,53.0,53.0,26.82,26.689,56.271,25.326,40.657,7.351,39.408,15.746,29.784,2220.0,2220.0,2750.0,2750.0,2220.0,2220.0,2220.0,2200.0,2750.0,0.894,0.905,1.263,1.263,0.797,0.799,0.966,0.973,15.074,4963.0,14515.0,22.912,237.0,43.65
2026-07-08 06:33:38,53.0,68.000              ,772.734,338.0,1067.0,0.0,53.0,53.000              ,53.0,53.0,53.0,53.0,53.0,53.0,53.0,34.602,27.894,56.558,25.594,46.499,7.67,41.98,12.829,31.703,2220.0,2220.0,2775.0,2775.0,2220.0,2220.0,2220.0,2220.0,2775.0,0.976,0.963,1.288,1.288,0.849,0.847,0.958,0.95,15.102,4964.0,14514.0,23.353,238.0,42.82
2026-07-08 06:33:39,53.0,69.000              ,772.734,326.0,1200.0,0.0,53.0,53.000              ,53.0,53.0,53.0,53.0,53.0,53.0,53.0,28.254,27.742,69.732,23.462,43.533,7.736,42.02,14.693,32.147,2200.0,2200.0,2750.0,2750.0,2200.0,2200.0,2200.0,2200.0,2750.0,0.886,0.886,1.366,1.368,0.818,0.818,0.978,0.978,15.024,4964.0,14514.0,22.189,239.0,45.07
2026-07-08 06:33:40,53.0,69.000              ,772.738,338.0,1067.0,0.0,53.0,53.000              ,53.0,53.0,53.0,53.0,53.0,53.0,53.0,28.115,26.649,65.392,20.389,45.75,11.79,40.341,14.984,31.676,2260.0,2260.0,2825.0,2825.0,2280.0,2280.0,2280.0,2280.0,2825.0,0.884,0.884,1.322,1.32,0.912,0.912,0.949,0.949,15.022,4966.0,14513.0,18.892,240.0,52.93
2026-07-08 06:33:41,53.0,68.000              ,772.738,375.0,1067.0,0.0,53.0,53.000              ,53.0,53.0,53.0,53.0,53.0,53.0,53.0,32.835,25.312,66.607,23.759,45.128,9.625,37.017,19.344,32.453,2220.0,2220.0,2775.0,2775.0,2220.0,2220.0,2220.0,2220.0,2775.0,0.938,0.938,1.351,1.351,0.869,0.875,0.937,0.937,14.951,4966.0,14513.0,20.097,241.0,49.76
2026-07-08 06:33:42,53.0,69.000              ,772.734,400.0,1200.0,0.0,53.0,53.000              ,53.0,53.0,53.0,53.0,53.0,53.0,53.0,30.356,26.008,27.942,29.824,41.717,5.787,33.129,17.132,26.487,2160.0,2160.0,2700.0,2700.0,2160.0,2160.0,2160.0,2160.0,2700.0,0.901,0.901,0.969,0.969,0.789,0.783,0.847,0.847,14.953,4966.0,14513.0,24.583,242.0,40.68
2026-07-08 06:33:43,53.0,70.000              ,772.734,310.0,1200.0,0.0,53.0,53.000              ,53.0,53.0,53.0,53.0,53.0,53.0,53.0,29.986,24.223,44.621,27.003,50.325,6.578,37.019,17.669,29.678,2220.0,2220.0,2775.0,2775.0,2200.0,2200.0,2220.0,2220.0,2775.0,0.903,0.903,1.173,1.173,0.895,0.895,0.94,0.94,15.018,4968.0,14513.0,21.65,243.0,46.19
2026-07-08 06:33:44,53.0,68.000              ,780.289,326.0,1200.0,0.0,53.0,53.000              ,53.0,53.0,53.0,53.0,53.0,53.0,53.0,29.918,24.914,51.065,26.443,54.644,6.205,40.609,15.765,31.195,2240.0,2240.0,2800.0,2800.0,2240.0,2240.0,2240.0,2240.0,2800.0,0.887,0.887,1.171,1.171,0.948,0.948,0.972,0.972,15.337,4972.0,14528.0,23.744,244.0,42.12
2026-07-08 06:33:45,53.0,68.000              ,780.285,364.0,1067.0,0.0,53.0,53.000              ,53.0,53.0,53.0,53.0,53.0,53.0,53.0,33.907,24.276,56.779,23.73,52.423,5.708,39.307,24.101,32.529,2160.0,2160.0,2700.0,2700.0,2160.0,2160.0,2160.0,2180.0,2700.0,0.907,0.907,1.2,1.203,0.837,0.837,0.992,0.993,14.938,4976.0,14528.0,23.603,245.0,42.37
2026-07-08 06:33:46,53.0,69.000              ,780.289,200.0,1200.0,0.0,53.0,53.000              ,53.0,53.0,53.0,53.0,53.0,53.0,53.0,22.355,30.458,42.934,24.779,39.334,3.364,31.891,8.616,25.466,2240.0,2240.0,2800.0,2800.0,2240.0,2240.0,2240.0,2240.0,2800.0,0.913,0.902,1.241,1.238,0.805,0.807,0.818,0.816,14.848,4981.0,14530.0,25.858,246.0,38.67
2026-07-08 06:33:47,53.0,69.000              ,780.285,310.0,1067.0,0.0,53.0,53.000              ,53.0,53.0,53.0,53.0,53.0,53.0,53.0,25.754,28.924,53.114,30.407,45.548,10.167,34.955,15.462,30.541,2260.0,2260.0,2825.0,2825.0,2240.0,2240.0,2240.0,2240.0,2825.0,0.873,0.884,1.313,1.316,0.879,0.877,0.936,0.936,15.224,4981.0,14530.0,21.818,247.0,45.83
2026-07-08 06:33:48,53.0,68.000              ,780.289,200.0,1067.0,0.0,53.0,53.000              ,53.0,53.0,53.0,53.0,53.0,53.0,53.0,30.046,26.79,55.282,26.554,49.141,4.53,38.487,18.794,31.203,2120.0,2120.0,2650.0,2650.0,2120.0,2120.0,2120.0,2120.0,2650.0,0.893,0.893,1.213,1.21,0.856,0.856,0.975,0.975,14.988,4981.0,14530.0,22.704,248.0,44.05
2026-07-08 06:33:49,53.0,69.000              ,781.293,352.0,1067.0,0.0,53.0,53.000              ,53.0,53.0,53.0,53.0,53.0,53.0,53.0,34.751,24.934,33.261,31.345,68.567,7.051,40.048,16.619,32.072,2260.0,2260.0,2260.0,2260.0,2825.0,2825.0,2260.0,2260.0,2825.0,0.893,0.893,0.96,0.951,1.205,1.205,0.938,0.938,14.902,4981.0,14530.0,19.292,249.0,51.83
2026-07-08 06:33:50,53.0,70.000              ,781.293,350.0,1200.0,0.0,53.0,53.000              ,53.0,53.0,53.0,53.0,53.0,53.0,53.0,34.948,26.812,43.052,32.978,50.757,14.262,37.371,23.885,33.008,2180.0,2180.0,2180.0,2180.0,2725.0,2725.0,2180.0,2200.0,2725.0,0.891,0.891,1.024,1.035,1.014,1.014,1.016,1.009,15.053,4986.0,14530.0,20.735,250.0,48.23
2026-07-08 06:33:51,53.0,70.000              ,781.297,413.0,1067.0,0.0,53.0,53.000              ,53.0,53.0,53.0,53.0,53.0,53.0,53.0,36.646,19.906,36.69,28.662,37.52,9.805,35.075,15.704,27.501,2200.0,2200.0,2750.0,2750.0,2200.0,2200.0,2750.0,2750.0,2750.0,0.905,0.908,1.112,1.111,0.744,0.744,0.836,0.84,15.024,4985.0,14530.0,25.916,251.0,38.59
2026-07-08 06:33:52,53.0,69.000              ,781.293,305.0,1200.0,0.0,53.0,53.000              ,53.0,53.0,53.0,53.0,53.0,53.0,53.0,34.649,19.249,59.347,23.287,45.99,3.116,34.845,17.954,29.805,2200.0,2200.0,2750.0,2750.0,2200.0,2200.0,2200.0,2200.0,2750.0,0.951,0.949,1.332,1.332,0.824,0.824,0.933,0.933,15.074,4988.0,14530.0,23.029,252.0,43.42
2026-07-08 06:33:53,53.0,68.000              ,781.297,435.0,1067.0,0.0,53.0,53.000              ,53.0,53.0,53.0,53.0,53.0,53.0,53.0,25.731,26.044,32.757,29.794,40.643,4.748,34.816,8.401,25.367,2280.0,2280.0,2825.0,2825.0,2260.0,2260.0,2260.0,2260.0,2825.0,0.855,0.855,1.16,1.161,0.826,0.826,0.834,0.834,15.03,4992.0,14530.0,25.514,253.0,39.19
2026-07-08 06:33:54,53.0,68.000              ,781.297,352.0,1067.0,0.0,53.0,53.000              ,53.0,53.0,53.0,53.0,53.0,53.0,53.0,28.752,21.068,53.91,27.581,39.565,6.637,32.368,19.925,28.726,2280.0,2280.0,2850.0,2850.0,2280.0,2280.0,2280.0,2280.0,2850.0,0.881,0.881,1.379,1.386,0.826,0.826,0.978,0.978,14.998,4992.0,14531.0,21.161,254.0,47.26
2026-07-08 06:33:55,53.0,69.000              ,781.293,350.0,1067.0,0.0,53.0,53.000              ,53.0,53.0,53.0,53.0,53.0,53.0,53.0,29.69,20.278,55.001,23.427,48.133,5.363,27.763,16.442,28.262,2340.0,2340.0,2925.0,2925.0,2320.0,2320.0,2320.0,2320.0,2925.0,0.909,0.899,1.316,1.308,0.9,0.9,0.916,0.916,15.101,4992.0,14531.0,22.143,255.0,45.16
2026-07-08 06:33:56,53.0,70.000              ,775.285,321.0,1067.0,0.0,53.0,53.000              ,53.0,53.0,53.0,53.0,53.0,53.0,53.0,34.406,25.83,56.183,25.616,49.635,6.648,33.253,23.909,31.935,2220.0,2220.0,2775.0,2775.0,2220.0,2220.0,2220.0,2220.0,2775.0,0.894,0.904,1.236,1.236,0.88,0.881,0.953,0.953,15.189,4990.0,14525.0,24.346,256.0,41.07
2026-07-08 06:33:57,53.0,70.000              ,781.293,331.0,1200.0,0.0,53.0,53.000              ,53.0,53.0,53.0,53.0,53.0,53.0,53.0,27.686,27.157,63.812,25.517,48.404,8.746,35.194,18.904,31.927,2240.0,2240.0,2800.0,2800.0,2260.0,2260.0,2260.0,2260.0,2800.0,0.842,0.842,1.302,1.308,0.898,0.897,0.913,0.913,15.079,4993.0,14531.0,21.019,257.0,47.58
2026-07-08 06:33:58,53.0,70.000              ,781.234,200.0,1067.0,0.0,53.0,53.000              ,53.0,53.0,53.0,53.0,53.0,53.0,53.0,34.052,30.075,60.62,28.228,40.072,11.047,40.654,19.374,33.015,2160.0,2160.0,2700.0,2700.0,2160.0,2160.0,2160.0,2160.0,2700.0,0.927,0.927,1.279,1.273,0.779,0.786,0.945,0.945,14.804,4992.0,14532.0,18.265,258.0,54.75
2026-07-08 06:33:59,53.0,70.000              ,782.289,381.0,1200.0,0.0,53.0,53.000              ,53.0,53.0,53.0,53.0,53.0,53.0,53.0,30.95,27.898,44.658,30.962,34.708,11.521,43.757,13.165,29.702,2220.0,2220.0,2775.0,2775.0,2220.0,2220.0,2220.0,2220.0,2775.0,0.962,0.962,1.251,1.251,0.79,0.784,1.031,1.031,15.292,4993.0,14531.0,26.241,259.0,38.11
2026-07-08 06:34:00,53.0,70.000              ,782.297,400.0,1067.0,0.0,53.0,53.000              ,53.0,53.0,53.0,53.0,53.0,53.0,53.0,48.291,30.035,60.207,37.496,57.587,13.594,45.011,28.861,40.135,2100.0,2100.0,2625.0,2625.0,2100.0,2100.0,2100.0,2100.0,2625.0,0.918,0.918,1.187,1.187,0.852,0.852,0.905,0.905,15.25,4997.0,14534.0,23.796,260.0,42.02
2026-07-08 06:34:01,53.0,71.000              ,782.297,200.0,1200.0,0.0,53.0,53.000              ,53.0,53.0,53.0,53.0,53.0,53.0,53.0,44.87,39.047,51.531,59.271,60.335,38.589,58.192,58.648,51.31,1820.0,1820.0,1820.0,1820.0,2275.0,2275.0,1820.0,1820.0,2275.0,0.78,0.783,1.007,1.007,0.892,0.892,1.105,1.108,14.908,5034.0,14554.0,25.051,261.0,39.92
2026-07-08 06:34:02,53.0,69.000              ,782.805,381.0,1067.0,0.0,53.0,53.000              ,53.0,53.0,53.0,53.0,53.0,53.0,53.0,47.045,33.818,57.51,49.564,64.801,20.874,53.212,28.65,44.434,1880.0,1880.0,1880.0,1900.0,2375.0,2375.0,1880.0,1880.0,2375.0,0.789,0.787,1.044,1.044,0.857,0.857,0.892,0.894,15.038,5040.0,14551.0,23.057,262.0,43.37
2026-07-08 06:34:03,53.0,69.000              ,782.809,516.0,1200.0,0.0,53.0,53.000              ,53.0,53.0,53.0,53.0,53.0,53.0,53.0,34.237,21.479,43.394,37.947,44.637,9.372,41.251,15.725,31.005,1940.0,1940.0,2425.0,2425.0,1940.0,1940.0,1940.0,1940.0,2425.0,0.739,0.739,1.094,1.094,0.695,0.695,0.763,0.758,14.792,5040.0,14552.0,24.811,263.0,40.3
2026-07-08 06:34:04,53.0,69.000              ,782.805,413.0,1200.0,0.0,53.0,53.000              ,53.0,53.0,53.0,53.0,53.0,53.0,53.0,34.949,24.599,50.995,34.064,50.217,5.926,42.816,20.483,33.006,2080.0,2080.0,2600.0,2600.0,2080.0,2080.0,2080.0,2080.0,2600.0,0.82,0.82,1.195,1.195,0.777,0.777,0.91,0.91,15.209,5042.0,14551.0,21.188,264.0,47.2
2026-07-08 06:34:05,53.0,70.000              ,782.805,435.0,1067.0,0.0,53.0,53.000              ,53.0,53.0,53.0,53.0,53.0,53.0,53.0,37.807,27.488,39.155,37.294,45.178,9.595,40.116,18.925,31.945,1980.0,1980.0,2475.0,2475.0,1980.0,1980.0,1980.0,1980.0,2475.0,0.846,0.846,1.051,1.054,0.739,0.739,0.812,0.812,14.827,5044.0,14552.0,25.254,265.0,39.6
2026-07-08 06:34:06,53.0,71.000              ,782.805,364.0,1067.0,0.0,53.0,53.000              ,53.0,53.0,53.0,53.0,53.0,53.0,53.0,31.924,23.81,55.696,31.666,42.475,7.351,33.772,21.106,30.975,2200.0,2200.0,2750.0,2750.0,2200.0,2200.0,2200.0,2200.0,2750.0,0.852,0.852,1.32,1.317,0.768,0.769,0.861,0.861,15.028,5044.0,14550.0,20.185,266.0,49.54
2026-07-08 06:34:07,53.0,69.000              ,783.828,200.0,1067.0,0.0,53.0,53.000              ,53.0,53.0,53.0,53.0,53.0,53.0,53.0,34.631,24.337,68.737,21.389,49.44,7.348,36.27,21.313,32.933,2120.0,2120.0,2625.0,2625.0,2100.0,2100.0,2100.0,2100.0,2625.0,0.871,0.857,1.266,1.266,0.806,0.805,0.877,0.877,14.927,5044.0,14551.0,25.566,267.0,39.11
2026-07-08 06:34:08,53.0,68.000              ,783.867,469.0,1067.0,0.0,53.0,53.000              ,53.0,53.0,53.0,53.0,53.0,53.0,53.0,33.371,26.903,57.815,27.74,56.585,9.372,43.963,19.012,34.345,2180.0,2180.0,2725.0,2725.0,2180.0,2180.0,2180.0,2180.0,2725.0,0.843,0.859,1.199,1.199,0.919,0.919,0.916,0.915,15.181,5044.0,14551.0,19.557,268.0,51.13
2026-07-08 06:34:09,53.0,70.000              ,783.113,484.0,1067.0,0.0,53.0,53.000              ,53.0,53.0,53.0,53.0,53.0,53.0,53.0,35.899,29.444,66.705,21.265,45.887,11.214,43.338,23.369,34.64,2020.0,2020.0,2525.0,2525.0,2020.0,2020.0,2020.0,2020.0,2525.0,0.839,0.839,1.142,1.142,0.754,0.755,0.923,0.924,15.057,5046.0,14551.0,19.313,269.0,51.78
2026-07-08 06:34:10,53.0,70.000              ,782.863,508.0,1067.0,0.0,53.0,53.000              ,53.0,53.0,53.0,53.0,53.0,53.0,53.0,37.17,28.664,62.584,22.624,45.411,9.588,44.78,25.578,34.55,2060.0,2060.0,2575.0,2550.0,2040.0,2040.0,2040.0,2040.0,2575.0,0.86,0.857,1.138,1.12,0.74,0.738,0.928,0.928,14.926,5046.0,14550.0,19.456,270.0,51.4
2026-07-08 06:34:11,53.0,70.000              ,782.863,200.0,1200.0,0.0,53.0,53.000              ,53.0,53.0,53.0,53.0,53.0,53.0,53.0,30.131,25.239,48.812,29.111,43.177,7.384,44.664,12.138,30.082,2080.0,2080.0,2600.0,2600.0,2080.0,2080.0,2100.0,2100.0,2600.0,0.788,0.791,1.105,1.123,0.707,0.707,0.858,0.858,15.136,5046.0,14546.0,23.593,271.0,42.39
2026-07-08 06:34:12,53.0,69.000              ,782.859,413.0,1067.0,0.0,53.0,53.000              ,53.0,53.0,53.0,53.0,53.0,53.0,53.0,45.78,28.043,47.645,27.007,52.401,10.947,44.219,25.209,35.156,2100.0,2100.0,2625.0,2625.0,2100.0,2100.0,2100.0,2100.0,2625.0,0.952,0.95,0.987,0.987,0.809,0.809,0.988,0.988,14.93,5048.0,14547.0,24.777,272.0,40.36
2026-07-08 06:34:13,53.0,69.000              ,782.609,375.0,1067.0,0.0,53.0,53.000              ,53.0,53.0,53.0,53.0,53.0,53.0,53.0,33.485,27.498,61.684,22.199,53.841,7.641,41.36,11.223,32.366,2080.0,2080.0,2600.0,2600.0,2080.0,2080.0,2100.0,2100.0,2600.0,0.826,0.825,1.152,1.154,0.813,0.813,0.827,0.827,15.006,5047.0,14547.0,21.75,273.0,45.98
2026-07-08 06:34:14,53.0,69.000              ,782.613,476.0,1067.0,0.0,53.0,53.000              ,53.0,53.0,53.0,53.0,53.0,53.0,53.0,34.093,28.562,61.473,27.637,53.727,8.909,46.529,15.095,34.503,2020.0,2020.0,2525.0,2525.0,2020.0,2020.0,2020.0,2020.0,2525.0,0.814,0.816,1.162,1.16,0.794,0.794,0.867,0.868,15.12,5050.0,14547.0,19.143,274.0,52.24
2026-07-08 06:34:15,53.0,68.000              ,782.586,533.0,1067.0,0.0,53.0,53.000              ,53.0,53.0,53.0,53.0,53.0,53.0,53.0,35.463,24.269,61.364,23.65,53.856,5.996,40.947,10.608,32.019,2120.0,2120.0,2650.0,2650.0,2120.0,2120.0,2120.0,2120.0,2650.0,0.832,0.832,1.156,1.158,0.835,0.835,0.81,0.818,15.124,5050.0,14547.0,18.729,275.0,53.39
2026-07-08 06:34:16,53.0,70.000              ,782.59,200.0,1067.0,0.0,53.0,53.000              ,53.0,53.0,53.0,53.0,53.0,53.0,53.0,31.193,28.008,45.766,29.146,46.614,7.278,43.773,15.521,30.912,2040.0,2040.0,2550.0,2550.0,2040.0,2040.0,2040.0,2040.0,2550.0,0.861,0.858,1.104,1.102,0.77,0.77,0.927,0.917,14.676,5050.0,14548.0,29.64,276.0,33.74
2026-07-08 06:34:17,53.0,69.000              ,782.59,200.0,1067.0,0.0,53.0,53.000              ,53.0,53.0,53.0,53.0,53.0,53.0,53.0,29.877,26.393,53.457,25.266,44.07,5.01,44.948,13.523,30.318,2140.0,2140.0,2675.0,2675.0,2140.0,2140.0,2140.0,2140.0,2675.0,0.858,0.858,1.193,1.197,0.732,0.732,0.938,0.938,15.314,5052.0,14547.0,22.089,277.0,45.27
2026-07-08 06:34:18,53.0,68.000              ,782.586,400.0,1200.0,0.0,53.25,53.250              ,53.25,53.25,53.25,53.25,53.25,53.25,53.25,34.239,28.996,49.784,27.382,51.687,7.852,41.765,11.436,31.643,2200.0,2200.0,2750.0,2750.0,2160.0,2160.0,2160.0,2160.0,2750.0,0.911,0.911,1.122,1.118,0.84,0.84,0.89,0.89,14.965,5053.0,14549.0,18.03,278.0,55.46
2026-07-08 06:34:19,53.0,70.000              ,782.598,370.0,1067.0,0.0,53.375,53.375              ,53.375,53.375,53.375,53.375,53.375,53.375,53.375,29.193,29.051,45.499,21.787,60.937,10.988,49.887,12.565,32.488,2080.0,2080.0,2600.0,2600.0,2080.0,2080.0,2080.0,2080.0,2600.0,0.833,0.833,0.913,0.906,1.014,1.014,0.964,0.964,15.057,5053.0,14548.0,22.983,279.0,43.51
2026-07-08 06:34:20,53.0,69.000              ,782.809,469.0,1067.0,0.0,53.375,53.375              ,53.375,53.375,53.375,53.375,53.375,53.375,53.375,30.944,30.547,52.992,27.894,53.02,9.256,46.83,16.989,33.559,2140.0,2140.0,2140.0,2140.0,2675.0,2675.0,2140.0,2140.0,2675.0,0.798,0.798,1.057,1.066,0.882,0.882,0.924,0.933,15.095,5055.0,14549.0,20.499,280.0,48.78
2026-07-08 06:34:21,53.0,69.000              ,782.809,476.0,1200.0,0.0,53.375,53.375              ,53.375,53.375,53.375,53.375,53.375,53.375,53.375,32.845,25.765,57.715,26.844,58.302,10.307,46.832,14.146,34.095,2100.0,2100.0,2600.0,2600.0,2100.0,2100.0,2100.0,2100.0,2600.0,0.786,0.786,1.124,1.124,0.893,0.893,0.861,0.863,15.022,5056.0,14549.0,18.905,281.0,52.9
2026-07-08 06:34:22,53.0,70.000              ,782.809,393.0,1067.0,0.0,53.5,53.500              ,53.5,53.5,53.5,53.5,53.5,53.5,53.5,27.911,22.133,46.501,32.04,40.685,8.347,33.3,13.91,28.103,2160.0,2160.0,2700.0,2700.0,2140.0,2140.0,2140.0,2140.0,2700.0,0.813,0.813,1.209,1.209,0.802,0.802,0.82,0.809,14.933,5056.0,14550.0,25.289,282.0,39.54
2026-07-08 06:34:23,53.0,70.000              ,782.809,406.0,1200.0,0.0,53.625,53.625              ,53.625,53.625,53.625,53.625,53.625,53.625,53.625,43.041,26.143,57.76,28.954,45.618,10.46,41.566,14.543,33.511,2120.0,2120.0,2650.0,2650.0,2120.0,2120.0,2120.0,2120.0,2650.0,0.975,0.977,1.208,1.208,0.791,0.791,0.871,0.872,15.122,5056.0,14549.0,24.007,283.0,41.65
2026-07-08 06:34:24,53.0,70.000              ,782.809,387.0,1200.0,0.0,53.75,53.750              ,53.75,53.75,53.75,53.75,53.75,53.75,53.75,35.462,26.416,58.824,25.445,49.626,8.573,47.445,13.899,33.211,2060.0,2060.0,2575.0,2575.0,2060.0,2060.0,2060.0,2060.0,2575.0,0.9,0.9,1.154,1.154,0.796,0.798,0.925,0.924,15.033,5056.0,14549.0,21.464,284.0,46.59
2026-07-08 06:34:25,53.0,70.000              ,783.324,200.0,1067.0,0.0,53.75,53.750              ,53.75,53.75,53.75,53.75,53.75,53.75,53.75,32.704,28.856,61.085,26.335,52.679,11.29,40.155,15.356,33.558,2160.0,2160.0,2700.0,2700.0,2160.0,2160.0,2160.0,2160.0,2700.0,0.857,0.869,1.205,1.205,0.862,0.862,0.854,0.854,14.997,5056.0,14549.0,19.273,285.0,51.89
2026-07-08 06:34:26,53.0,69.000              ,783.324,200.0,1067.0,0.0,53.75,53.750              ,53.75,53.75,53.75,53.75,53.75,53.75,53.75,34.832,26.748,53.157,24.909,45.033,7.689,43.295,13.355,31.127,2080.0,2080.0,2600.0,2600.0,2080.0,2080.0,2080.0,2080.0,2600.0,0.899,0.887,1.158,1.158,0.781,0.779,0.906,0.906,15.049,5058.0,14548.0,30.196,286.0,33.12
2026-07-08 06:34:27,53.0,68.000              ,777.305,469.0,1067.0,0.0,53.75,53.750              ,53.75,53.75,53.75,53.75,53.75,53.75,53.75,43.759,24.741,49.276,27.677,50.029,10.999,47.641,12.188,33.289,2140.0,2140.0,2650.0,2650.0,2120.0,2120.0,2120.0,2120.0,2650.0,0.945,0.945,1.056,1.062,0.822,0.822,0.935,0.935,15.109,5057.0,14543.0,17.844,287.0,56.04
2026-07-08 06:34:28,53.0,70.000              ,777.309,200.0,1200.0,0.0,53.75,53.750              ,53.75,53.75,53.75,53.75,53.75,53.75,53.75,41.716,21.265,52.721,28.557,51.733,7.213,47.783,14.585,33.196,2080.0,2080.0,2600.0,2600.0,2080.0,2080.0,2080.0,2080.0,2600.0,0.869,0.873,1.1,1.094,0.789,0.797,0.923,0.916,15.089,5057.0,14545.0,22.75,288.0,43.96
2026-07-08 06:34:29,53.0,70.000              ,777.309,200.0,1067.0,0.0,53.75,53.750              ,53.75,53.75,53.75,53.75,53.75,53.75,53.75,39.993,29.922,52.359,27.893,54.019,12.177,48.65,15.799,35.102,1980.0,1980.0,2475.0,2475.0,1980.0,1980.0,1980.0,1980.0,2475.0,0.838,0.839,0.97,0.97,0.81,0.801,0.877,0.884,15.003,5057.0,14546.0,19.134,289.0,52.26
2026-07-08 06:34:30,53.0,69.000              ,777.309,375.0,1067.0,0.0,53.75,53.750              ,53.75,53.75,53.75,53.75,53.75,53.75,53.75,27.713,26.111,47.905,32.919,48.269,5.104,34.99,13.835,29.606,2060.0,2060.0,2575.0,2575.0,2060.0,2060.0,2060.0,2060.0,2575.0,0.811,0.806,1.217,1.217,0.776,0.776,0.819,0.819,14.865,5055.0,14539.0,30.399,290.0,32.9
2026-07-08 06:34:31,53.0,69.000              ,777.309,200.0,1067.0,0.0,53.75,53.750              ,53.75,53.75,53.75,53.75,53.75,53.75,53.75,31.696,27.437,48.111,29.392,55.972,10.641,35.322,17.507,32.01,2180.0,2180.0,2725.0,2725.0,2180.0,2180.0,2180.0,2180.0,2725.0,0.871,0.874,1.094,1.094,0.968,0.968,0.873,0.873,14.913,5057.0,14538.0,21.854,291.0,45.76
2026-07-08 06:34:32,53.0,68.000              ,777.68,387.0,1067.0,0.0,53.75,53.750              ,53.75,53.75,53.75,53.75,53.75,53.75,53.75,35.949,25.418,51.905,27.331,56.986,9.636,37.102,17.824,32.769,2140.0,2140.0,2675.0,2675.0,2140.0,2140.0,2140.0,2140.0,2675.0,0.91,0.907,1.091,1.091,0.996,0.996,0.889,0.889,15.095,5057.0,14538.0,24.075,292.0,41.54
2026-07-08 06:34:33,53.0,69.000              ,777.832,400.0,1200.0,0.0,53.75,53.750              ,53.75,53.75,53.75,53.75,53.75,53.75,53.75,35.207,28.218,51.92,31.341,47.599,18.316,44.342,18.82,34.47,2120.0,2120.0,2650.0,2650.0,2650.0,2650.0,2120.0,2120.0,2650.0,0.875,0.875,1.086,1.086,0.867,0.867,0.947,0.947,15.204,5059.0,14540.0,19.804,293.0,50.49
2026-07-08 06:34:34,53.0,70.000              ,781.848,492.0,1067.0,0.0,53.75,53.750              ,53.75,53.75,53.75,53.75,53.75,53.75,53.75,38.541,25.14,35.234,40.524,44.597,11.088,45.344,22.113,32.823,2040.0,2040.0,2040.0,2040.0,2040.0,2040.0,2550.0,2550.0,2550.0,0.788,0.788,0.991,0.991,0.69,0.69,0.848,0.848,15.046,5059.0,14547.0,25.67,294.0,38.96
2026-07-08 06:34:35,53.0,70.000              ,784.367,450.0,1067.0,0.0,53.75,53.750              ,53.75,53.75,53.75,53.75,53.75,53.75,53.75,32.521,25.774,52.511,30.544,51.476,5.742,43.971,14.845,32.173,2040.0,2040.0,2550.0,2575.0,2060.0,2060.0,2060.0,2060.0,2575.0,0.825,0.825,1.134,1.134,0.746,0.746,0.829,0.829,14.962,5058.0,14550.0,20.872,295.0,47.91
2026-07-08 06:34:36,54.0,70.000              ,793.316,400.0,1200.0,0.0,54.0,54.000              ,54.0,54.0,54.0,54.0,54.0,54.0,54.0,35.152,28.028,38.796,36.089,40.405,13.924,39.867,17.921,31.273,1960.0,1960.0,2450.0,2450.0,1960.0,1960.0,1960.0,1960.0,2450.0,0.859,0.85,1.052,1.052,0.743,0.743,0.822,0.826,14.846,5062.0,14562.0,24.843,296.0,40.25
2026-07-08 06:34:37,54.0,71.000              ,793.316,375.0,1200.0,0.0,54.0,54.000              ,54.0,54.0,54.0,54.0,54.0,54.0,54.0,36.534,25.231,52.362,29.944,56.094,6.658,41.838,18.734,33.424,2120.0,2120.0,2650.0,2650.0,2120.0,2120.0,2120.0,2120.0,2650.0,0.901,0.911,1.211,1.213,0.841,0.841,0.887,0.883,15.083,5067.0,14562.0,21.941,297.0,45.58
2026-07-08 06:34:38,54.0,69.000              ,793.695,358.0,1200.0,0.0,54.0,54.000              ,54.0,54.0,54.0,54.0,54.0,54.0,54.0,38.427,23.241,65.145,23.747,50.131,11.331,43.055,18.921,34.25,2140.0,2140.0,2675.0,2675.0,2140.0,2140.0,2140.0,2140.0,2675.0,0.878,0.878,1.214,1.212,0.826,0.826,0.859,0.859,15.09,5067.0,14562.0,20.254,298.0,49.37
2026-07-08 06:34:39,54.0,68.000              ,793.699,358.0,1200.0,0.0,54.0,54.000              ,54.0,54.0,54.0,54.0,54.0,54.0,54.0,36.315,30.764,58.725,33.368,54.644,10.705,47.906,21.311,36.717,2020.0,2020.0,2525.0,2525.0,2020.0,2020.0,2020.0,2040.0,2525.0,0.835,0.837,1.129,1.129,0.799,0.799,0.922,0.924,15.128,5087.0,14561.0,31.684,299.0,31.56
2026-07-08 06:34:40,54.0,68.000              ,799.727,200.0,1067.0,0.0,54.0,54.000              ,54.0,54.0,54.0,54.0,54.0,54.0,54.0,35.944,32.549,54.799,34.84,55.744,12.287,43.327,17.317,35.851,2180.0,2180.0,2725.0,2725.0,2180.0,2180.0,2180.0,2180.0,2725.0,0.898,0.898,1.144,1.144,0.846,0.846,0.89,0.89,15.082,5093.0,14573.0,22.186,300.0,45.07
2026-07-08 06:34:41,54.0,68.000              ,808.582,435.0,1067.0,0.0,54.0,54.000              ,54.0,54.0,54.0,54.0,54.0,54.0,54.0,47.05,33.517,45.241,37.853,54.077,17.201,48.968,19.035,37.868,2020.0,2020.0,2525.0,2525.0,2020.0,2020.0,2020.0,2020.0,2525.0,0.938,0.921,1.016,1.016,0.853,0.853,0.869,0.868,14.945,5100.0,14588.0,22.174,301.0,45.1
2026-07-08 06:34:42,54.0,69.000              ,808.586,457.0,1200.0,0.0,54.25,54.250              ,54.25,54.25,54.25,54.25,54.25,54.25,54.25,59.207,47.127,54.28,49.98,54.476,28.227,60.235,42.541,49.509,2225.0,2225.0,2225.0,2225.0,2225.0,2225.0,1780.0,1780.0,2225.0,0.907,0.924,0.901,0.901,0.714,0.716,0.889,0.893,15.394,5132.0,14588.0,25.213,302.0,39.66
2026-07-08 06:34:43,54.0,72.000              ,805.195,400.0,1200.0,0.0,54.25,54.250              ,54.25,54.25,54.25,54.25,54.25,54.25,54.25,57.125,46.091,53.874,55.635,56.306,32.684,56.821,46.046,50.573,1700.0,1700.0,1700.0,1700.0,1700.0,1700.0,2040.0,2040.0,2040.0,0.812,0.81,0.895,0.895,0.714,0.713,0.864,0.861,14.586,5117.0,14540.0,34.497,303.0,28.99
2026-07-08 06:34:44,54.0,70.000              ,804.508,442.0,1067.0,0.0,54.25,54.250              ,54.25,54.25,54.25,54.25,54.25,54.25,54.25,34.722,28.879,54.385,36.919,41.087,11.045,38.161,18.255,32.932,2080.0,2080.0,2600.0,2600.0,2080.0,2080.0,2080.0,2080.0,2600.0,0.883,0.883,1.299,1.306,0.747,0.747,0.845,0.845,15.064,5116.0,14540.0,22.006,304.0,45.44
2026-07-08 06:34:45,54.0,69.000              ,801.129,375.0,1200.0,0.0,54.25,54.250              ,54.25,54.25,54.25,54.25,54.25,54.25,54.25,32.927,27.797,56.074,28.067,53.883,10.307,37.16,13.037,32.407,2120.0,2120.0,2650.0,2650.0,2120.0,2120.0,2140.0,2140.0,2650.0,0.886,0.875,1.212,1.206,0.916,0.916,0.822,0.834,15.022,5115.0,14538.0,23.868,305.0,41.9
2026-07-08 06:34:46,54.0,70.000              ,789.559,364.0,1200.0,0.0,54.25,54.250              ,54.25,54.25,54.25,54.25,54.25,54.25,54.25,33.56,33.994,48.352,32.006,55.776,12.601,46.822,15.966,34.885,2020.0,2020.0,2525.0,2525.0,2020.0,2020.0,2020.0,2020.0,2525.0,0.854,0.851,1.091,1.091,0.931,0.933,0.862,0.85,14.889,5107.0,14525.0,26.116,306.0,38.29
2026-07-08 06:34:47,54.0,69.000              ,791.57,435.0,1067.0,0.0,54.25,54.250              ,54.25,54.25,54.25,54.25,54.25,54.25,54.25,34.785,28.592,71.664,26.888,44.382,9.653,45.115,15.965,34.63,2100.0,2120.0,2650.0,2650.0,2120.0,2120.0,2120.0,2120.0,2650.0,0.845,0.859,1.341,1.341,0.774,0.772,0.903,0.903,15.252,5106.0,14524.0,23.88,307.0,41.88
2026-07-08 06:34:48,54.0,69.000              ,791.566,400.0,1200.0,0.0,54.25,54.250              ,54.25,54.25,54.25,54.25,54.25,54.25,54.25,35.456,27.309,47.29,26.706,41.951,7.362,51.714,10.554,31.043,2120.0,2120.0,2650.0,2650.0,2120.0,2120.0,2120.0,2120.0,2650.0,0.867,0.87,1.1,1.102,0.721,0.721,0.992,0.998,14.817,5105.0,14524.0,28.455,308.0,35.14
2026-07-08 06:34:49,54.0,69.000              ,791.57,393.0,1067.0,0.0,54.25,54.250              ,54.25,54.25,54.25,54.25,54.25,54.25,54.25,41.767,33.38,46.419,31.964,57.246,8.962,41.757,14.138,34.454,2600.0,2600.0,2100.0,2100.0,2100.0,2100.0,2100.0,2100.0,2600.0,0.965,0.962,1.038,1.036,0.894,0.894,0.892,0.886,15.222,5105.0,14519.0,23.514,309.0,42.53
2026-07-08 06:34:50,54.0,69.000              ,784.43,413.0,1067.0,0.0,54.25,54.250              ,54.25,54.25,54.25,54.25,54.25,54.25,54.25,40.349,29.578,43.323,36.238,60.606,10.729,41.972,15.559,34.794,2550.0,2550.0,2550.0,2550.0,2060.0,2060.0,2060.0,2060.0,2550.0,0.874,0.874,1.046,1.048,0.985,0.985,0.831,0.831,14.938,5103.0,14507.0,18.561,310.0,53.88
2026-07-08 06:34:51,54.0,68.000              ,784.426,492.0,1067.0,0.0,54.25,54.250              ,54.25,54.25,54.25,54.25,54.25,54.25,54.25,28.121,27.667,36.596,40.479,38.427,10.782,35.988,14.538,29.075,2160.0,2160.0,2700.0,2700.0,2160.0,2160.0,2160.0,2160.0,2700.0,0.785,0.788,1.138,1.136,0.728,0.728,0.781,0.781,15.095,5103.0,14507.0,24.96,311.0,40.06
2026-07-08 06:34:52,54.0,68.000              ,784.43,200.0,1067.0,0.0,54.25,54.250              ,54.25,54.25,54.25,54.25,54.25,54.25,54.25,31.765,27.752,56.464,31.124,52.715,8.093,41.426,17.132,33.309,2040.0,2060.0,2575.0,2575.0,2060.0,2060.0,2060.0,2060.0,2575.0,0.832,0.829,1.222,1.222,0.831,0.832,0.858,0.858,15.031,5102.0,14507.0,21.578,312.0,46.34
2026-07-08 06:34:53,54.0,68.000              ,784.43,200.0,1067.0,0.0,54.25,54.250              ,54.25,54.25,54.25,54.25,54.25,54.25,54.25,31.541,26.337,46.084,32.114,60.26,9.112,41.505,13.381,32.542,2120.0,2120.0,2120.0,2120.0,2625.0,2625.0,2100.0,2100.0,2625.0,0.834,0.834,1.12,1.12,1.0,1.0,0.828,0.828,14.969,5102.0,14499.0,21.349,313.0,46.84
2026-07-08 06:34:54,54.0,68.000              ,784.434,200.0,1067.0,0.0,54.25,54.250              ,54.25,54.25,54.25,54.25,54.25,54.25,54.25,36.479,30.445,55.052,27.368,59.875,15.063,45.683,17.433,35.925,2100.0,2100.0,2625.0,2625.0,2625.0,2625.0,2120.0,2120.0,2625.0,0.873,0.873,1.06,1.066,0.991,0.99,0.856,0.858,15.124,5103.0,14499.0,20.173,314.0,49.57
2026-07-08 06:34:55,54.0,69.000              ,784.426,428.0,1067.0,0.0,54.25,54.250              ,54.25,54.25,54.25,54.25,54.25,54.25,54.25,33.213,29.212,51.48,26.311,61.483,14.314,38.785,17.558,34.044,2140.0,2140.0,2675.0,2675.0,2160.0,2160.0,2160.0,2160.0,2675.0,0.822,0.822,1.042,1.036,1.099,1.099,0.849,0.86,14.968,5103.0,14499.0,19.552,315.0,51.15
2026-07-08 06:34:56,54.0,69.000              ,785.719,450.0,1200.0,0.0,54.25,54.250              ,54.25,54.25,54.25,54.25,54.25,54.25,54.25,30.005,26.412,31.823,35.543,43.238,5.718,46.574,7.052,28.296,2200.0,2200.0,2750.0,2750.0,2200.0,2200.0,2200.0,2200.0,2750.0,0.848,0.848,1.113,1.113,0.74,0.74,0.88,0.869,14.85,5103.0,14501.0,29.714,316.0,33.65
2026-07-08 06:34:57,54.0,69.000              ,785.684,400.0,1200.0,0.0,54.25,54.250              ,54.25,54.25,54.25,54.25,54.25,54.25,54.25,29.652,29.452,30.395,52.582,45.7,9.068,37.226,10.545,30.578,2160.0,2160.0,2700.0,2725.0,2180.0,2180.0,2180.0,2180.0,2725.0,0.852,0.852,1.367,1.367,0.804,0.805,0.809,0.809,15.274,5103.0,14500.0,20.873,317.0,47.91
2026-07-08 06:34:58,54.0,70.000              ,785.652,200.0,1067.0,0.0,54.375,54.375              ,54.375,54.375,54.375,54.375,54.375,54.375,54.375,35.117,29.961,46.931,32.234,52.528,11.212,48.491,12.151,33.578,2120.0,2120.0,2650.0,2650.0,2120.0,2120.0,2120.0,2120.0,2650.0,0.887,0.887,1.103,1.103,0.873,0.872,0.904,0.904,15.084,5105.0,14500.0,25.337,318.0,39.47
2026-07-08 06:34:59,54.0,69.000              ,785.648,442.0,1200.0,0.0,54.375,54.375              ,54.375,54.375,54.375,54.375,54.375,54.375,54.375,28.755,31.878,33.879,40.821,37.415,10.313,37.737,16.829,29.703,2080.0,2080.0,2625.0,2625.0,2100.0,2080.0,2080.0,2060.0,2625.0,0.831,0.831,1.121,1.107,0.687,0.687,0.818,0.818,14.77,5107.0,14500.0,24.944,319.0,40.09
2026-07-08 06:35:00,54.0,67.000              ,785.648,442.0,1067.0,0.0,54.375,54.375              ,54.375,54.375,54.375,54.375,54.375,54.375,54.375,35.087,26.822,48.094,37.142,51.71,11.091,46.16,18.176,34.285,2160.0,2160.0,2700.0,2700.0,2160.0,2160.0,2160.0,2160.0,2700.0,0.842,0.842,1.167,1.183,0.868,0.868,0.897,0.897,15.054,5114.0,14501.0,21.38,320.0,46.77
2026-07-08 06:35:01,54.0,69.000              ,785.648,400.0,1200.0,0.0,54.375,54.375              ,54.375,54.375,54.375,54.375,54.375,54.375,54.375,36.631,27.394,54.438,30.666,55.764,7.648,50.46,14.677,34.71,2040.0,2040.0,2550.0,2550.0,2040.0,2040.0,2040.0,2040.0,2550.0,0.815,0.815,1.149,1.149,0.813,0.813,0.915,0.915,15.22,5112.0,14499.0,25.763,321.0,38.82
2026-07-08 06:35:02,54.0,70.000              ,785.648,435.0,1200.0,0.0,54.375,54.375              ,54.375,54.375,54.375,54.375,54.375,54.375,54.375,32.051,28.841,58.087,30.288,51.07,7.987,53.214,9.766,33.913,2040.0,2060.0,2575.0,2575.0,2060.0,2060.0,2060.0,2060.0,2575.0,0.811,0.811,1.142,1.142,0.782,0.782,0.899,0.899,15.069,5112.0,14500.0,18.862,322.0,53.02
2026-07-08 06:35:03,54.0,69.000              ,788.656,492.0,1200.0,0.0,54.375,54.375              ,54.375,54.375,54.375,54.375,54.375,54.375,54.375,28.334,29.835,37.477,40.738,45.843,6.921,40.153,12.148,30.181,2000.0,2000.0,2500.0,2500.0,2000.0,2000.0,2000.0,2000.0,2500.0,0.803,0.803,1.139,1.13,0.744,0.745,0.745,0.745,14.891,5113.0,14504.0,25.318,323.0,39.5
2026-07-08 06:35:04,54.0,70.000              ,788.656,364.0,1200.0,0.0,54.375,54.375              ,54.375,54.375,54.375,54.375,54.375,54.375,54.375,33.075,28.374,51.424,33.586,48.882,8.565,38.287,12.567,31.845,2080.0,2100.0,2600.0,2600.0,2080.0,2080.0,2080.0,2080.0,2600.0,0.901,0.901,1.224,1.234,0.838,0.837,0.825,0.825,14.905,5112.0,14504.0,21.842,324.0,45.78
2026-07-08 06:35:05,54.0,70.000              ,788.703,400.0,1067.0,0.0,54.375,54.375              ,54.375,54.375,54.375,54.375,54.375,54.375,54.375,38.265,27.712,45.746,34.363,55.916,11.262,39.636,15.44,33.542,2180.0,2180.0,2180.0,2180.0,2700.0,2700.0,2160.0,2160.0,2700.0,0.887,0.889,1.066,1.066,0.925,0.925,0.859,0.859,15.1,5112.0,14504.0,23.663,325.0,42.26
2026-07-08 06:35:06,54.0,70.000              ,789.09,200.0,1200.0,0.0,54.375,54.375              ,54.375,54.375,54.375,54.375,54.375,54.375,54.375,31.755,24.606,38.79,26.338,49.998,9.959,37.976,12.205,28.953,2100.0,2100.0,2625.0,2625.0,2100.0,2100.0,2100.0,2120.0,2625.0,0.803,0.801,0.901,0.901,0.917,0.917,0.799,0.799,14.97,5112.0,14506.0,24.171,326.0,41.37
2026-07-08 06:35:07,54.0,69.000              ,791.699,200.0,1200.0,0.0,54.375,54.375              ,54.375,54.375,54.375,54.375,54.375,54.375,54.375,37.615,28.879,42.913,36.232,49.3,10.745,43.647,12.328,32.707,2180.0,2180.0,2725.0,2725.0,2160.0,2160.0,2160.0,2160.0,2725.0,0.872,0.872,1.16,1.16,0.8,0.8,0.853,0.853,15.27,5113.0,14510.0,22.334,327.0,44.77
2026-07-08 06:35:08,54.0,67.000              ,791.906,476.0,1200.0,0.0,54.5,54.500              ,54.5,54.5,54.5,54.5,54.5,54.5,54.5,39.902,30.124,47.596,34.559,58.557,9.941,48.491,12.563,35.216,2060.0,2060.0,2550.0,2550.0,2040.0,2040.0,2040.0,2040.0,2550.0,0.927,0.927,1.099,1.099,0.915,0.915,0.848,0.848,15.076,5112.0,14509.0,19.798,328.0,50.51
2026-07-08 06:35:09,54.0,69.000              ,796.223,426.0,1200.0,0.0,54.5,54.500              ,54.5,54.5,54.5,54.5,54.5,54.5,54.5,34.177,34.597,51.278,31.265,59.378,11.212,51.727,12.956,35.824,1900.0,1900.0,1900.0,1900.0,1900.0,1900.0,2375.0,2375.0,2375.0,0.774,0.774,0.99,0.99,0.833,0.833,0.825,0.825,15.059,5112.0,14515.0,24.842,329.0,40.25
2026-07-08 06:35:10,54.0,70.000              ,795.227,484.0,1200.0,0.0,54.5,54.500              ,54.5,54.5,54.5,54.5,54.5,54.5,54.5,29.072,31.987,53.13,33.411,55.089,9.8,43.429,17.928,34.231,2060.0,2080.0,2600.0,2600.0,2080.0,2080.0,2080.0,2080.0,2600.0,0.756,0.756,1.072,1.072,0.815,0.815,0.823,0.825,15.125,5113.0,14515.0,20.218,330.0,49.46
2026-07-08 06:35:11,54.0,69.000              ,795.223,200.0,1200.0,0.0,54.5,54.500              ,54.5,54.5,54.5,54.5,54.5,54.5,54.5,39.266,28.259,51.361,26.134,61.408,7.263,46.781,11.078,33.944,1960.0,1960.0,1960.0,1960.0,2450.0,2450.0,1980.0,1980.0,2450.0,0.841,0.844,0.929,0.932,0.916,0.916,0.813,0.811,14.774,5114.0,14515.0,18.808,331.0,53.17
2026-07-08 06:35:12,54.0,70.000              ,795.227,200.0,1067.0,0.0,54.5,54.500              ,54.5,54.5,54.5,54.5,54.5,54.5,54.5,34.131,32.658,51.246,35.926,48.672,15.121,39.447,16.8,34.25,2020.0,2020.0,2525.0,2525.0,2020.0,2020.0,2020.0,2020.0,2525.0,0.866,0.866,1.157,1.154,0.839,0.839,0.813,0.813,15.018,5116.0,14515.0,25.922,332.0,38.58
2026-07-08 06:35:13,54.0,69.000              ,790.27,413.0,1067.0,0.0,54.5,54.500              ,54.5,54.5,54.5,54.5,54.5,54.5,54.5,39.06,34.078,49.843,34.776,54.138,14.444,48.952,17.477,36.596,2140.0,2140.0,2100.0,2100.0,2625.0,2625.0,2100.0,2100.0,2625.0,0.87,0.867,1.063,1.063,0.852,0.854,0.865,0.865,15.081,5113.0,14509.0,23.539,333.0,42.48
2026-07-08 06:35:14,54.0,70.000              ,791.281,428.0,1200.0,0.0,54.5,54.500              ,54.5,54.5,54.5,54.5,54.5,54.5,54.5,38.79,32.849,48.042,35.191,44.114,15.324,46.375,12.451,34.142,2000.0,2000.0,2500.0,2500.0,2000.0,2000.0,2000.0,2000.0,2500.0,0.859,0.859,1.047,1.047,0.784,0.784,0.829,0.839,15.058,5112.0,14508.0,26.146,334.0,38.25
2026-07-08 06:35:15,54.0,70.000              ,787.789,500.0,1067.0,0.0,54.5,54.500              ,54.5,54.5,54.5,54.5,54.5,54.5,54.5,35.385,20.556,40.024,36.831,41.626,11.18,37.282,12.936,29.477,2080.0,2080.0,2600.0,2600.0,2080.0,2080.0,2080.0,2080.0,2600.0,0.759,0.759,1.039,1.042,0.725,0.724,0.721,0.699,14.91,5112.0,14507.0,24.617,335.0,40.62
2026-07-08 06:35:16,54.0,70.000              ,782.199,200.0,1067.0,0.0,54.5,54.500              ,54.5,54.5,54.5,54.5,54.5,54.5,54.5,41.481,33.579,52.13,30.999,42.437,12.148,46.881,16.899,34.569,1920.0,1940.0,2425.0,2425.0,1940.0,1940.0,1940.0,1940.0,2425.0,0.903,0.903,1.112,1.108,0.738,0.738,0.832,0.846,15.062,5110.0,14502.0,21.298,336.0,46.95
2026-07-08 06:35:17,54.0,69.000              ,779.961,406.0,1067.0,0.0,54.5,54.500              ,54.5,54.5,54.5,54.5,54.5,54.5,54.5,34.497,26.9,66.357,26.613,40.051,8.987,43.194,12.326,32.366,2180.0,2180.0,2725.0,2725.0,2180.0,2180.0,2180.0,2180.0,2725.0,0.847,0.847,1.329,1.333,0.734,0.739,0.794,0.794,15.01,5109.0,14501.0,21.863,337.0,45.74
2026-07-08 06:35:18,54.0,68.000              ,772.938,200.0,1067.0,0.0,54.5,54.500              ,54.5,54.5,54.5,54.5,54.5,54.5,54.5,25.386,31.281,48.067,29.706,51.534,6.217,42.749,11.276,30.777,2120.0,2120.0,2650.0,2650.0,2120.0,2120.0,2120.0,2120.0,2650.0,0.807,0.807,1.158,1.153,0.815,0.811,0.85,0.85,15.066,5107.0,14493.0,28.505,338.0,35.08
2026-07-08 06:35:19,54.0,69.000              ,772.438,381.0,1200.0,0.0,54.5,54.500              ,54.5,54.5,54.5,54.5,54.5,54.5,54.5,39.279,24.215,46.738,35.61,40.869,10.512,46.479,13.355,32.132,2100.0,2100.0,2625.0,2625.0,2100.0,2100.0,2100.0,2100.0,2625.0,0.902,0.902,1.178,1.178,0.767,0.769,0.885,0.885,14.961,5106.0,14484.0,21.149,339.0,47.28
2026-07-08 06:35:20,54.0,68.000              ,772.438,541.0,1067.0,0.0,54.5,54.500              ,54.5,54.5,54.5,54.5,54.5,54.5,54.5,35.262,23.5,35.014,33.035,43.151,10.337,41.935,11.23,29.183,2140.0,2140.0,2675.0,2675.0,2140.0,2140.0,2140.0,2140.0,2675.0,0.822,0.822,1.031,1.031,0.781,0.779,0.79,0.79,15.181,5105.0,14484.0,26.047,340.0,38.39
2026-07-08 06:35:21,54.0,69.000              ,772.75,484.0,1067.0,0.0,54.5,54.500              ,54.5,54.5,54.5,54.5,54.5,54.5,54.5,37.832,27.663,33.265,41.094,42.093,10.031,40.492,14.611,30.885,2140.0,2140.0,2675.0,2675.0,2140.0,2140.0,2140.0,2140.0,2675.0,0.824,0.826,1.039,1.039,0.728,0.728,0.736,0.736,14.887,5104.0,14476.0,24.437,341.0,40.92
2026-07-08 06:35:22,54.0,68.000              ,772.754,461.0,1067.0,0.0,54.5,54.500              ,54.5,54.5,54.5,54.5,54.5,54.5,54.5,34.705,31.035,60.901,29.838,47.893,6.341,47.019,10.134,33.483,2060.0,2060.0,2575.0,2575.0,2060.0,2060.0,2060.0,2060.0,2575.0,0.836,0.834,1.202,1.202,0.743,0.743,0.804,0.807,15.129,5103.0,14473.0,21.656,342.0,46.18
2026-07-08 06:35:23,54.0,69.000              ,773.125,450.0,1067.0,0.0,54.5,54.500              ,54.5,54.5,54.5,54.5,54.5,54.5,54.5,36.723,22.4,62.814,26.842,47.746,8.352,56.268,7.487,33.579,2060.0,2060.0,2550.0,2550.0,2040.0,2040.0,2040.0,2040.0,2550.0,0.802,0.804,1.161,1.161,0.787,0.787,0.88,0.877,15.064,5102.0,14474.0,22.758,343.0,43.94
2026-07-08 06:35:24,54.0,70.000              ,772.879,442.0,1067.0,0.0,54.5,54.500              ,54.5,54.5,54.5,54.5,54.5,54.5,54.5,28.345,30.756,60.085,24.965,43.507,7.844,53.591,13.648,32.843,2020.0,2020.0,2020.0,2040.0,2020.0,2020.0,2525.0,2525.0,2525.0,0.8,0.798,1.114,1.114,0.725,0.725,0.964,0.964,14.886,5102.0,14473.0,21.559,344.0,46.38
2026-07-08 06:35:25,54.0,70.000              ,772.82,200.0,1200.0,0.0,54.5,54.500              ,54.5,54.5,54.5,54.5,54.5,54.5,54.5,38.513,31.581,62.762,28.986,45.57,13.412,48.976,13.13,35.366,2060.0,2080.0,2600.0,2600.0,2080.0,2080.0,2080.0,2080.0,2600.0,0.825,0.827,1.16,1.16,0.725,0.726,0.815,0.815,15.138,5101.0,14474.0,19.241,345.0,51.97
2026-07-08 06:35:26,54.0,69.000              ,788.02,426.0,1067.0,0.0,54.5,54.500              ,54.5,54.5,54.5,54.5,54.5,54.5,54.5,33.632,30.896,39.202,31.421,50.083,8.83,55.395,13.709,32.896,1980.0,1980.0,2475.0,2475.0,1980.0,1980.0,1980.0,1980.0,2475.0,0.784,0.782,0.856,0.858,0.713,0.712,0.947,0.947,14.99,5100.0,14495.0,38.117,346.0,26.24
2026-07-08 06:35:27,54.0,68.000              ,787.961,837.0,1067.0,0.0,54.5,54.500              ,54.5,54.5,54.5,54.5,54.5,54.5,54.5,29.998,20.163,29.905,30.421,45.011,4.01,43.838,7.735,26.385,2100.0,2100.0,2625.0,2625.0,2100.0,2100.0,2625.0,2625.0,2625.0,0.711,0.711,0.852,0.853,0.707,0.707,0.85,0.851,14.933,5100.0,14496.0,25.37,347.0,39.42
2026-07-08 06:35:28,54.0,70.000              ,787.996,420.0,1067.0,0.0,54.5,54.500              ,54.5,54.5,54.5,54.5,54.5,54.5,54.5,42.983,24.256,34.695,35.52,48.989,10.142,54.212,9.042,32.48,1980.0,1980.0,2475.0,2475.0,1980.0,1980.0,2475.0,2475.0,2475.0,0.897,0.897,0.921,0.921,0.791,0.791,0.897,0.905,15.01,5099.0,14493.0,24.026,348.0,41.62
2026-07-08 06:35:29,54.0,71.000              ,787.793,476.0,1200.0,0.0,54.5,54.500              ,54.5,54.5,54.5,54.5,54.5,54.5,54.5,36.115,25.698,35.795,31.278,57.125,9.769,56.402,14.172,33.294,2100.0,2100.0,2100.0,2100.0,2100.0,2100.0,2625.0,2625.0,2625.0,0.824,0.824,0.877,0.874,0.897,0.897,1.045,1.038,15.296,5108.0,14499.0,21.59,349.0,46.32
2026-07-08 06:35:30,54.0,71.000              ,789.672,200.0,1200.0,0.0,54.5,54.500              ,54.5,54.5,54.5,54.5,54.5,54.5,54.5,29.011,29.54,34.781,52.273,36.777,13.205,36.17,17.405,31.145,2000.0,2000.0,2500.0,2500.0,2000.0,2000.0,2000.0,2000.0,2500.0,0.746,0.746,1.163,1.163,0.682,0.682,0.744,0.742,14.93,5105.0,14501.0,25.832,350.0,38.71
2026-07-08 06:35:31,54.0,70.000              ,803.102,428.0,1200.0,0.0,54.5,54.500              ,54.5,54.5,54.5,54.5,54.5,54.5,54.5,34.168,28.123,48.333,43.819,49.556,10.59,49.82,14.191,34.825,2100.0,2100.0,2600.0,2600.0,2100.0,2100.0,2100.0,2100.0,2600.0,0.793,0.803,1.209,1.209,0.763,0.763,0.824,0.833,15.137,5120.0,14523.0,22.45,351.0,44.54
2026-07-08 06:35:32,54.0,69.000              ,803.105,413.0,1200.0,0.0,54.5,54.500              ,54.5,54.5,54.5,54.5,54.5,54.5,54.5,31.855,25.545,38.542,32.031,57.084,8.676,61.033,14.019,33.598,2060.0,2060.0,2080.0,2080.0,2600.0,2600.0,2080.0,2080.0,2600.0,0.795,0.786,0.944,0.939,0.861,0.863,1.052,1.043,14.764,5116.0,14522.0,22.671,352.0,44.11
2026-07-08 06:35:33,54.0,70.000              ,802.859,508.0,1200.0,0.0,54.5,54.500              ,54.5,54.5,54.5,54.5,54.5,54.5,54.5,31.728,22.062,43.529,28.605,58.478,10.761,63.947,12.51,33.953,2100.0,2100.0,2100.0,2100.0,2100.0,2100.0,2625.0,2625.0,2625.0,0.75,0.751,0.924,0.924,0.904,0.902,1.091,1.091,15.35,5114.0,14522.0,19.291,353.0,51.84
2026-07-08 06:35:34,54.0,70.000              ,803.105,545.0,1200.0,0.0,54.5,54.500              ,54.5,54.5,54.5,54.5,54.5,54.5,54.5,28.603,27.381,43.066,22.952,52.196,6.866,45.043,9.11,29.402,2060.0,2060.0,2575.0,2575.0,2060.0,2060.0,2060.0,2060.0,2575.0,0.741,0.74,0.871,0.871,0.829,0.829,0.807,0.807,14.956,5112.0,14522.0,25.925,354.0,38.57
2026-07-08 06:35:35,54.0,70.000              ,803.109,200.0,1067.0,0.0,54.5,54.500              ,54.5,54.5,54.5,54.5,54.5,54.5,54.5,35.318,27.941,40.964,33.424,60.083,9.915,54.82,10.897,34.17,2060.0,2060.0,2575.0,2575.0,2575.0,2575.0,2060.0,2060.0,2575.0,0.832,0.831,0.948,0.948,0.99,0.992,0.894,0.894,14.779,5111.0,14522.0,23.187,355.0,43.13
2026-07-08 06:35:36,54.0,69.000              ,803.105,590.0,1200.0,0.0,54.5,54.500              ,54.5,54.5,54.5,54.5,54.5,54.5,54.5,33.999,24.634,35.182,35.237,47.074,7.195,47.146,10.134,30.075,2140.0,2140.0,2140.0,2100.0,2100.0,2100.0,2625.0,2625.0,2625.0,0.811,0.811,1.012,1.012,0.752,0.75,0.868,0.868,15.313,5109.0,14522.0,24.264,356.0,41.21
2026-07-08 06:35:37,54.0,69.000              ,803.105,413.0,1067.0,0.0,54.5,54.500              ,54.5,54.5,54.5,54.5,54.5,54.5,54.5,39.69,29.871,38.725,32.294,51.296,14.788,58.271,13.076,34.751,2020.0,2020.0,2525.0,2525.0,2020.0,2000.0,2000.0,2000.0,2525.0,0.851,0.854,0.906,0.909,0.823,0.826,1.007,1.007,14.943,5109.0,14522.0,25.545,357.0,39.15
2026-07-08 06:35:38,54.0,70.000              ,791.207,442.0,1200.0,0.0,54.5,54.500              ,54.5,54.5,54.5,54.5,54.5,54.5,54.5,39.809,29.849,43.034,27.232,49.916,16.231,56.862,15.379,34.789,2060.0,2060.0,2060.0,2060.0,2060.0,2060.0,2575.0,2575.0,2575.0,0.872,0.869,0.886,0.885,0.853,0.85,1.034,1.034,15.007,5108.0,14515.0,24.07,358.0,41.55
2026-07-08 06:35:39,54.0,71.000              ,791.207,476.0,1200.0,0.0,54.5,54.500              ,54.5,54.5,54.5,54.5,54.5,54.5,54.5,41.808,29.201,43.979,34.59,49.257,19.044,57.316,20.423,36.952,2140.0,2140.0,2140.0,2140.0,2140.0,2140.0,2675.0,2675.0,2675.0,0.85,0.85,0.934,0.932,0.808,0.81,1.045,1.045,15.177,5111.0,14511.0,20.273,359.0,49.33
2026-07-08 06:35:40,54.0,69.000              ,794.02,200.0,1200.0,0.0,54.5,54.500              ,54.5,54.5,54.5,54.5,54.5,54.5,54.5,32.728,27.21,37.228,43.088,43.255,10.795,40.634,14.225,31.145,1920.0,1920.0,2400.0,2400.0,1920.0,1920.0,1920.0,1920.0,2400.0,0.8,0.8,1.116,1.116,0.734,0.733,0.774,0.774,14.799,5111.0,14513.0,25.517,360.0,39.19
2026-07-08 06:35:41,54.0,68.000              ,794.016,420.0,1067.0,0.0,54.5,54.500              ,54.5,54.5,54.5,54.5,54.5,54.5,54.5,34.629,27.756,36.565,34.653,53.879,13.558,57.151,15.129,34.165,2100.0,2100.0,2100.0,2100.0,2100.0,2100.0,2625.0,2625.0,2625.0,0.844,0.844,0.908,0.921,0.934,0.934,1.047,1.047,15.175,5110.0,14506.0,22.784,361.0,43.89
2026-07-08 06:35:42,54.0,68.000              ,793.641,545.0,1200.0,0.0,54.5,54.500              ,54.5,54.5,54.5,54.5,54.5,54.5,54.5,37.85,31.526,45.644,41.97,62.51,14.617,48.096,18.54,37.594,1960.0,1960.0,2450.0,2450.0,1960.0,1960.0,1960.0,1960.0,2450.0,0.744,0.744,0.99,0.976,0.889,0.889,0.775,0.782,15.391,5116.0,14502.0,23.548,362.0,42.47
2026-07-08 06:35:43,54.0,69.000              ,793.645,393.0,1067.0,0.0,54.5,54.500              ,54.5,54.5,54.5,54.5,54.5,54.5,54.5,36.616,29.978,62.887,30.925,45.511,14.366,48.977,17.265,35.816,1780.0,1780.0,2225.0,2225.0,1780.0,1780.0,1780.0,1780.0,2225.0,0.768,0.768,1.129,1.129,0.734,0.735,0.827,0.82,14.728,5114.0,14502.0,23.56,363.0,42.44
2026-07-08 06:35:44,54.0,68.000              ,783.121,428.0,1067.0,0.0,54.5,54.500              ,54.5,54.5,54.5,54.5,54.5,54.5,54.5,27.332,28.692,69.982,24.728,40.822,10.102,44.709,13.413,32.473,2080.0,2080.0,2600.0,2600.0,2080.0,2080.0,2100.0,2100.0,2600.0,0.791,0.794,1.276,1.276,0.732,0.739,0.852,0.852,14.878,5119.0,14495.0,19.41,364.0,51.52
2026-07-08 06:35:45,54.0,69.000              ,780.125,630.0,1200.0,0.0,54.5,54.500              ,54.5,54.5,54.5,54.5,54.5,54.5,54.5,37.876,25.212,37.031,32.743,50.769,15.07,44.738,17.654,32.637,2040.0,2040.0,2550.0,2550.0,2040.0,2040.0,2040.0,2040.0,2550.0,0.776,0.774,0.926,0.926,0.847,0.839,0.836,0.836,15.079,5119.0,14492.0,23.326,365.0,42.87
2026-07-08 06:35:46,54.0,69.000              ,780.117,428.0,1200.0,0.0,54.5,54.500              ,54.5,54.5,54.5,54.5,54.5,54.5,54.5,35.058,28.388,38.935,42.961,53.078,11.668,53.008,9.225,34.04,2000.0,2000.0,2500.0,2500.0,1980.0,1980.0,1960.0,1960.0,2500.0,0.789,0.789,1.116,1.116,0.837,0.837,0.871,0.871,15.095,5116.0,14490.0,21.62,366.0,46.25
2026-07-08 06:35:47,54.0,69.000              ,777.883,428.0,1067.0,0.0,54.5,54.500              ,54.5,54.5,54.5,54.5,54.5,54.5,54.5,35.448,25.011,41.715,26.549,58.079,7.255,62.93,7.83,33.102,2040.0,2040.0,2550.0,2550.0,2040.0,2040.0,2040.0,2040.0,2550.0,0.777,0.779,0.838,0.838,0.84,0.84,1.012,1.012,15.074,5116.0,14485.0,24.452,367.0,40.9
2026-07-08 06:35:48,54.0,70.000              ,777.949,428.0,1200.0,0.0,54.5,54.500              ,54.5,54.5,54.5,54.5,54.5,54.5,54.5,35.951,25.548,45.305,33.72,55.891,9.372,58.266,13.776,34.728,1960.0,1960.0,2450.0,2450.0,1940.0,1940.0,1940.0,1940.0,2450.0,0.742,0.74,0.942,0.944,0.772,0.773,0.927,0.927,14.865,5116.0,14482.0,21.036,368.0,47.54
2026-07-08 06:35:49,54.0,70.000              ,777.953,200.0,1200.0,0.0,54.5,54.500              ,54.5,54.5,54.5,54.5,54.5,54.5,54.5,32.658,25.318,42.072,19.279,60.68,12.72,58.817,10.839,32.798,2080.0,2100.0,2100.0,2100.0,2625.0,2625.0,2100.0,2100.0,2625.0,0.804,0.804,0.801,0.799,1.07,1.069,1.001,1.001,15.228,5115.0,14482.0,19.939,369.0,50.15
2026-07-08 06:35:50,54.0,69.000              ,777.695,400.0,1200.0,0.0,54.5,54.500              ,54.5,54.5,54.5,54.5,54.5,54.5,54.5,31.65,31.839,44.153,29.201,55.304,9.648,45.45,10.183,32.178,1980.0,1980.0,2475.0,2475.0,1980.0,1980.0,1980.0,1980.0,2475.0,0.824,0.826,0.99,0.99,0.911,0.913,0.833,0.833,14.739,5112.0,14474.0,23.071,370.0,43.34
2026-07-08 06:35:51,54.0,69.000              ,777.695,200.0,1067.0,0.0,54.5,54.500              ,54.5,54.5,54.5,54.5,54.5,54.5,54.5,39.288,32.629,45.416,36.224,39.585,14.642,53.141,14.866,34.474,2180.0,2180.0,2725.0,2725.0,2180.0,2180.0,2180.0,2180.0,2725.0,0.984,0.982,1.078,1.078,0.764,0.761,1.004,1.004,15.192,5111.0,14473.0,23.339,371.0,42.85
2026-07-08 06:35:52,54.0,69.000              ,778.77,200.0,1200.0,0.0,54.625,54.625              ,54.625,54.625,54.625,54.625,54.625,54.625,54.625,38.619,29.895,43.124,29.564,57.93,10.972,46.843,16.422,34.171,1940.0,1940.0,2425.0,2425.0,1960.0,1960.0,1960.0,1960.0,2425.0,0.749,0.749,0.835,0.835,0.846,0.846,0.788,0.789,15.203,5110.0,14475.0,25.753,372.0,38.83
2026-07-08 06:35:53,54.0,69.000              ,781.016,420.0,1200.0,0.0,54.625,54.625              ,54.625,54.625,54.625,54.625,54.625,54.625,54.625,40.524,32.758,47.565,33.999,47.332,14.894,50.837,13.473,35.173,1880.0,1880.0,2350.0,2350.0,1880.0,2350.0,1880.0,1880.0,2350.0,0.809,0.809,0.963,0.963,0.741,0.741,0.813,0.811,14.855,5109.0,14475.0,25.844,373.0,38.69
2026-07-08 06:35:54,54.0,69.000              ,781.023,492.0,1067.0,0.0,54.625,54.625              ,54.625,54.625,54.625,54.625,54.625,54.625,54.625,43.207,34.949,55.325,31.511,45.911,13.664,53.482,18.458,37.064,1900.0,1900.0,2375.0,2375.0,1900.0,1900.0,1900.0,1900.0,2375.0,0.818,0.82,0.95,0.95,0.686,0.686,0.838,0.839,15.204,5113.0,14474.0,23.32,374.0,42.88
2026-07-08 06:35:55,54.0,70.000              ,781.027,200.0,1200.0,0.0,54.625,54.625              ,54.625,54.625,54.625,54.625,54.625,54.625,54.625,32.239,29.691,43.789,32.846,57.065,6.045,45.298,11.233,32.276,1860.0,1860.0,2325.0,2325.0,1860.0,1860.0,1860.0,1860.0,2325.0,0.687,0.685,0.917,0.917,0.71,0.71,0.695,0.694,14.997,5113.0,14474.0,24.02,375.0,41.63
2026-07-08 06:35:56,54.0,69.000              ,781.027,428.0,1200.0,0.0,54.625,54.625              ,54.625,54.625,54.625,54.625,54.625,54.625,54.625,38.338,28.695,49.317,32.642,45.317,8.526,48.533,12.769,33.017,1920.0,1920.0,2400.0,2400.0,1900.0,1900.0,2375.0,2375.0,2400.0,0.808,0.81,1.046,1.055,0.73,0.73,0.817,0.817,15.004,5113.0,14474.0,21.39,376.0,46.75
2026-07-08 06:35:57,54.0,70.000              ,778.531,457.0,1200.0,0.0,54.625,54.625              ,54.625,54.625,54.625,54.625,54.625,54.625,54.625,39.256,36.427,50.188,38.944,45.795,16.226,53.222,16.957,37.127,1920.0,1920.0,2400.0,2425.0,1940.0,1940.0,1920.0,1920.0,2425.0,0.854,0.852,1.081,1.074,0.744,0.744,0.864,0.864,14.912,5114.0,14475.0,24.277,377.0,41.19
2026-07-08 06:35:58,54.0,71.000              ,779.516,508.0,1067.0,0.0,54.625,54.625              ,54.625,54.625,54.625,54.625,54.625,54.625,54.625,37.614,33.507,40.214,32.395,44.492,12.722,54.466,16.459,33.983,1900.0,1900.0,2375.0,2375.0,1900.0,1900.0,1920.0,1920.0,2375.0,0.787,0.787,0.865,0.864,0.663,0.663,0.898,0.898,14.977,5115.0,14475.0,23.593,378.0,42.39
2026-07-08 06:35:59,54.0,70.000              ,779.582,200.0,1200.0,0.0,54.625,54.625              ,54.625,54.625,54.625,54.625,54.625,54.625,54.625,42.285,37.38,33.431,54.988,38.459,17.21,44.483,15.356,35.449,2000.0,2000.0,2000.0,2000.0,2000.0,2000.0,2500.0,2500.0,2500.0,0.911,0.913,1.169,1.169,0.734,0.734,0.81,0.81,15.203,5114.0,14479.0,23.576,379.0,42.42
2026-07-08 06:36:00,54.0,69.000              ,779.586,476.0,1067.0,0.0,54.625,54.625              ,54.625,54.625,54.625,54.625,54.625,54.625,54.625,40.323,35.145,42.807,45.957,50.684,15.361,39.817,17.999,36.012,2600.0,2600.0,2060.0,2060.0,2060.0,2060.0,2060.0,2060.0,2600.0,0.882,0.88,1.117,1.117,0.81,0.81,0.763,0.77,14.913,5118.0,14478.0,25.427,380.0,39.33
2026-07-08 06:36:01,54.0,70.000              ,779.578,370.0,1067.0,0.0,54.625,54.625              ,54.625,54.625,54.625,54.625,54.625,54.625,54.625,36.847,29.396,45.346,38.923,47.036,18.015,44.023,19.769,34.919,2020.0,2020.0,2525.0,2525.0,2020.0,2020.0,2020.0,2020.0,2525.0,0.853,0.855,1.155,1.155,0.883,0.883,0.851,0.844,14.829,5120.0,14477.0,26.346,381.0,37.96
2026-07-08 06:36:02,54.0,70.000              ,779.578,406.0,1200.0,0.0,54.625,54.625              ,54.625,54.625,54.625,54.625,54.625,54.625,54.625,37.493,28.631,62.11,33.199,50.045,14.142,56.62,11.96,36.775,2040.0,2040.0,2550.0,2550.0,2040.0,2040.0,2040.0,2040.0,2550.0,0.836,0.834,1.153,1.153,0.823,0.824,0.869,0.869,15.311,5122.0,14476.0,24.693,382.0,40.5
2026-07-08 06:36:03,54.0,68.000              ,777.828,476.0,1067.0,0.0,54.625,54.625              ,54.625,54.625,54.625,54.625,54.625,54.625,54.625,37.116,25.374,64.278,22.267,53.766,9.076,54.001,13.11,34.874,2000.0,2000.0,2500.0,2500.0,2000.0,2000.0,2000.0,2000.0,2500.0,0.854,0.863,1.091,1.093,0.836,0.834,0.897,0.897,15.042,5121.0,14474.0,22.531,383.0,44.38
2026-07-08 06:36:04,54.0,70.000              ,777.848,563.0,1067.0,0.0,54.625,54.625              ,54.625,54.625,54.625,54.625,54.625,54.625,54.625,40.235,34.079,46.093,32.297,57.56,8.418,47.055,15.26,35.125,1980.0,1980.0,2475.0,2475.0,1980.0,1980.0,1980.0,1980.0,2475.0,0.838,0.831,0.88,0.878,0.797,0.797,0.765,0.765,15.121,5121.0,14475.0,25.732,384.0,38.86
2026-07-08 06:36:05,54.0,71.000              ,777.84,413.0,1067.0,0.0,54.625,54.625              ,54.625,54.625,54.625,54.625,54.625,54.625,54.625,51.919,22.655,57.749,24.829,54.093,12.307,45.693,12.97,35.277,1940.0,1940.0,2425.0,2425.0,2425.0,2425.0,1940.0,1940.0,2425.0,1.024,1.025,0.962,0.962,0.843,0.843,0.788,0.788,14.836,5121.0,14474.0,22.473,385.0,44.5
2026-07-08 06:36:06,54.0,70.000              ,777.836,426.0,1200.0,0.0,54.625,54.625              ,54.625,54.625,54.625,54.625,54.625,54.625,54.625,51.333,20.77,56.409,29.718,53.391,13.587,47.86,13.206,35.784,2100.0,2100.0,2625.0,2625.0,2100.0,2100.0,2100.0,2100.0,2625.0,1.03,1.027,1.042,1.055,0.841,0.841,0.82,0.82,15.059,5121.0,14473.0,23.532,386.0,42.5
2026-07-08 06:36:07,54.0,70.000              ,777.844,581.0,1200.0,0.0,54.625,54.625              ,54.625,54.625,54.625,54.625,54.625,54.625,54.625,42.204,30.118,40.146,33.518,42.819,10.892,47.856,11.937,32.436,2020.0,2020.0,2525.0,2525.0,2000.0,2000.0,2000.0,2000.0,2525.0,0.918,0.918,0.96,0.948,0.703,0.703,0.801,0.801,14.942,5121.0,14474.0,23.452,387.0,42.64
2026-07-08 06:36:08,54.0,69.000              ,777.832,450.0,1200.0,0.0,54.625,54.625              ,54.625,54.625,54.625,54.625,54.625,54.625,54.625,37.137,27.554,53.315,37.091,46.355,19.089,53.743,12.523,35.851,2040.0,2040.0,2550.0,2550.0,2040.0,2040.0,2040.0,2040.0,2550.0,0.836,0.836,1.139,1.139,0.845,0.832,0.832,0.832,15.092,5121.0,14473.0,22.101,388.0,45.25
2026-07-08 06:36:09,54.0,69.000              ,777.777,200.0,1067.0,0.0,54.625,54.625              ,54.625,54.625,54.625,54.625,54.625,54.625,54.625,45.628,31.354,54.491,29.892,49.697,17.747,55.242,11.859,36.989,1920.0,1920.0,2400.0,2400.0,1920.0,1920.0,1920.0,1920.0,2400.0,0.887,0.887,0.997,0.997,0.827,0.84,0.878,0.878,15.193,5123.0,14473.0,25.745,389.0,38.84
2026-07-08 06:36:10,54.0,69.000              ,784.836,492.0,1200.0,0.0,54.625,54.625              ,54.625,54.625,54.625,54.625,54.625,54.625,54.625,38.369,31.296,58.853,29.169,50.982,15.365,52.264,19.946,37.03,1940.0,1940.0,2450.0,2450.0,1960.0,1960.0,1960.0,1960.0,2450.0,0.779,0.783,1.017,1.017,0.756,0.756,0.862,0.864,14.946,5124.0,14487.0,26.217,390.0,38.14
2026-07-08 06:36:11,54.0,68.000              ,784.855,387.0,1200.0,0.0,54.625,54.625              ,54.625,54.625,54.625,54.625,54.625,54.625,54.625,33.21,34.695,45.835,33.202,51.526,13.327,43.916,15.271,33.873,1940.0,1940.0,2425.0,2425.0,1940.0,1940.0,1940.0,1940.0,2425.0,0.882,0.878,1.076,1.076,0.841,0.841,0.865,0.862,14.927,5125.0,14486.0,25.395,391.0,39.38
2026-07-08 06:36:12,54.0,69.000              ,784.844,375.0,1200.0,0.0,54.625,54.625              ,54.625,54.625,54.625,54.625,54.625,54.625,54.625,36.969,35.819,48.162,40.924,53.903,14.111,39.035,12.294,35.152,2100.0,2100.0,2625.0,2625.0,2120.0,2120.0,2120.0,2120.0,2625.0,0.922,0.926,1.229,1.235,0.902,0.902,0.792,0.792,15.179,5125.0,14486.0,22.359,392.0,44.72
2026-07-08 06:36:13,54.0,70.000              ,784.844,375.0,1200.0,0.0,54.625,54.625              ,54.625,54.625,54.625,54.625,54.625,54.625,54.625,36.677,35.64,44.671,36.825,63.282,14.702,39.695,19.836,36.416,1960.0,1960.0,2450.0,2450.0,1940.0,1940.0,1940.0,1940.0,2450.0,0.88,0.876,0.955,0.949,1.004,1.004,0.835,0.835,14.902,5125.0,14486.0,23.405,393.0,42.73
2026-07-08 06:36:14,54.0,70.000              ,784.844,381.0,1200.0,0.0,54.625,54.625              ,54.625,54.625,54.625,54.625,54.625,54.625,54.625,35.606,34.511,47.576,28.393,59.539,12.105,45.959,14.502,34.774,2220.0,2220.0,2220.0,2220.0,2775.0,2775.0,2220.0,2220.0,2775.0,0.932,0.932,1.01,1.01,1.001,1.001,0.886,0.888,15.041,5124.0,14486.0,19.084,394.0,52.4
2026-07-08 06:36:15,54.0,69.000              ,784.855,428.0,1067.0,0.0,54.625,54.625              ,54.625,54.625,54.625,54.625,54.625,54.625,54.625,38.229,34.486,44.698,34.575,59.069,11.641,39.543,20.449,35.336,2060.0,2060.0,2060.0,2060.0,2575.0,2575.0,2060.0,2060.0,2575.0,0.917,0.917,1.018,1.008,1.004,1.004,0.862,0.859,14.985,5124.0,14485.0,19.103,395.0,52.35
2026-07-08 06:36:16,54.0,69.000              ,784.848,450.0,1200.0,0.0,54.625,54.625              ,54.625,54.625,54.625,54.625,54.625,54.625,54.625,31.088,28.561,38.242,34.683,40.432,14.886,39.45,14.674,30.252,2120.0,2120.0,2650.0,2650.0,2120.0,2120.0,2120.0,2120.0,2650.0,0.828,0.828,1.099,1.11,0.806,0.806,0.823,0.823,15.012,5123.0,14484.0,25.93,396.0,38.57
2026-07-08 06:36:17,54.0,69.000              ,784.855,450.0,1200.0,0.0,54.625,54.625              ,54.625,54.625,54.625,54.625,54.625,54.625,54.625,30.095,32.178,31.319,43.042,42.317,10.686,36.531,14.395,30.07,2160.0,2160.0,2700.0,2675.0,2140.0,2140.0,2140.0,2120.0,2700.0,0.853,0.853,1.157,1.157,0.777,0.777,0.812,0.812,15.094,5124.0,14484.0,26.177,397.0,38.2
2026-07-08 06:36:18,54.0,68.000              ,784.848,352.0,1067.0,0.0,54.625,54.625              ,54.625,54.625,54.625,54.625,54.625,54.625,54.625,30.113,32.153,39.533,32.698,47.689,10.267,42.118,11.089,30.707,2100.0,2100.0,2625.0,2625.0,2100.0,2100.0,2100.0,2100.0,2625.0,0.881,0.883,1.099,1.099,0.815,0.815,0.861,0.861,15.112,5124.0,14484.0,18.423,398.0,54.28
2026-07-08 06:36:19,54.0,68.000              ,784.852,344.0,1067.0,0.0,54.625,54.625              ,54.625,54.625,54.625,54.625,54.625,54.625,54.625,38.484,31.249,56.135,31.793,49.509,13.637,53.206,13.651,35.958,2040.0,2040.0,2575.0,2575.0,2060.0,2060.0,2060.0,2060.0,2575.0,0.909,0.907,1.159,1.159,0.851,0.851,0.909,0.909,14.787,5123.0,14484.0,25.094,399.0,39.85
2026-07-08 06:36:20,54.0,68.000              ,784.855,450.0,1067.0,0.0,54.625,54.625              ,54.625,54.625,54.625,54.625,54.625,54.625,54.625,36.152,29.669,56.22,30.311,48.401,12.489,48.49,10.485,34.027,2140.0,2140.0,2675.0,2675.0,2140.0,2120.0,2120.0,2120.0,2675.0,0.876,0.876,1.163,1.167,0.875,0.875,0.876,0.876,15.266,5122.0,14484.0,23.285,400.0,42.95
2026-07-08 06:36:21,54.0,70.000              ,784.844,435.0,1200.0,0.0,54.625,54.625              ,54.625,54.625,54.625,54.625,54.625,54.625,54.625,29.097,35.031,42.08,37.065,50.101,18.157,43.231,15.198,33.745,2080.0,2060.0,2575.0,2600.0,2080.0,2080.0,2080.0,2080.0,2600.0,0.816,0.816,1.106,1.103,0.86,0.86,0.799,0.799,15.029,5122.0,14484.0,25.813,401.0,38.74
2026-07-08 06:36:22,54.0,70.000              ,784.852,420.0,1067.0,0.0,54.625,54.625              ,54.625,54.625,54.625,54.625,54.625,54.625,54.625,39.901,34.203,54.394,36.328,53.707,13.304,51.167,15.698,37.338,2060.0,2060.0,2575.0,2575.0,2060.0,2060.0,2060.0,2060.0,2575.0,0.839,0.839,1.12,1.122,0.797,0.797,0.842,0.842,15.03,5124.0,14485.0,23.508,402.0,42.54
2026-07-08 06:36:23,54.0,69.000              ,784.844,370.0,1200.0,0.0,54.625,54.625              ,54.625,54.625,54.625,54.625,54.625,54.625,54.625,37.304,31.59,54.054,30.126,49.269,7.884,50.925,12.505,34.207,1980.0,1980.0,2475.0,2475.0,1980.0,1980.0,1980.0,1980.0,2475.0,0.838,0.838,1.085,1.083,0.784,0.784,0.857,0.857,14.914,5124.0,14484.0,20.605,403.0,48.53
2026-07-08 06:36:24,54.0,69.000              ,784.844,393.0,1200.0,0.0,54.625,54.625              ,54.625,54.625,54.625,54.625,54.625,54.625,54.625,39.581,34.753,40.946,34.105,47.835,13.873,55.641,16.085,35.353,2040.0,2040.0,2550.0,2550.0,2040.0,2040.0,2040.0,2040.0,2550.0,0.933,0.933,0.981,0.981,0.823,0.823,1.019,1.019,15.016,5124.0,14484.0,20.156,404.0,49.61
2026-07-08 06:36:25,54.0,68.000              ,784.859,492.0,1200.0,0.0,54.625,54.625              ,54.625,54.625,54.625,54.625,54.625,54.625,54.625,44.617,31.313,53.432,29.445,47.909,9.852,46.608,15.762,34.867,2100.0,2100.0,2650.0,2650.0,2140.0,2140.0,2140.0,2140.0,2650.0,0.966,0.966,1.076,1.076,0.831,0.833,0.898,0.898,15.188,5124.0,14485.0,18.216,405.0,54.9
2026-07-08 06:36:26,54.0,68.000              ,784.852,381.0,1200.0,0.0,54.625,54.625              ,54.625,54.625,54.625,54.625,54.625,54.625,54.625,30.794,27.77,52.26,35.446,48.5,8.973,39.643,17.902,32.661,2060.0,2060.0,2575.0,2575.0,2060.0,2060.0,2060.0,2060.0,2575.0,0.85,0.85,1.196,1.196,0.795,0.794,0.853,0.853,14.958,5123.0,14486.0,25.708,406.0,38.9
2026-07-08 06:36:27,54.0,68.000              ,784.859,393.0,1067.0,0.0,54.625,54.625              ,54.625,54.625,54.625,54.625,54.625,54.625,54.625,34.707,27.817,57.764,26.649,44.671,12.233,54.734,10.93,33.688,2120.0,2120.0,2650.0,2650.0,2120.0,2120.0,2100.0,2100.0,2650.0,0.878,0.878,1.121,1.125,0.86,0.86,0.95,0.95,15.079,5122.0,14486.0,23.719,407.0,42.16
2026-07-08 06:36:28,54.0,69.000              ,784.852,450.0,1200.0,0.0,54.625,54.625              ,54.625,54.625,54.625,54.625,54.625,54.625,54.625,39.776,36.11,56.107,29.154,54.647,19.965,56.546,17.633,38.742,2020.0,2020.0,2550.0,2550.0,2040.0,2040.0,2550.0,2550.0,2550.0,0.918,0.918,1.04,1.02,0.923,0.923,0.952,0.953,15.03,5122.0,14486.0,24.327,408.0,41.11
2026-07-08 06:36:29,54.0,70.000              ,784.855,400.0,1200.0,0.0,54.625,54.625              ,54.625,54.625,54.625,54.625,54.625,54.625,54.625,42.248,27.665,56.682,30.32,51.524,9.183,52.418,8.726,34.846,1940.0,1940.0,2425.0,2425.0,1940.0,1940.0,1940.0,1940.0,2425.0,0.9,0.9,1.107,1.112,0.811,0.811,0.852,0.853,15.021,5123.0,14486.0,23.647,409.0,42.29
2026-07-08 06:36:30,54.0,70.000              ,784.852,428.0,1067.0,0.0,54.625,54.625              ,54.625,54.625,54.625,54.625,54.625,54.625,54.625,38.922,25.683,61.935,25.747,46.278,12.018,58.231,10.804,34.952,2060.0,2060.0,2575.0,2575.0,2060.0,2060.0,2060.0,2060.0,2575.0,0.847,0.847,1.093,1.104,0.817,0.819,0.892,0.891,15.127,5123.0,14486.0,21.174,410.0,47.23
2026-07-08 06:36:31,54.0,71.000              ,784.855,200.0,1067.0,0.0,54.625,54.625              ,54.625,54.625,54.625,54.625,54.625,54.625,54.625,35.596,31.147,40.887,33.779,49.588,9.732,46.494,10.665,32.236,2000.0,2000.0,2500.0,2500.0,2000.0,2000.0,2000.0,2000.0,2500.0,0.841,0.841,0.997,0.997,0.795,0.793,0.766,0.766,14.886,5122.0,14485.0,23.531,411.0,42.5
2026-07-08 06:36:32,54.0,69.000              ,783.352,400.0,1067.0,0.0,54.625,54.625              ,54.625,54.625,54.625,54.625,54.625,54.625,54.625,34.283,25.96,54.103,29.063,45.159,7.722,50.415,12.543,32.406,2100.0,2100.0,2625.0,2625.0,2100.0,2100.0,2100.0,2100.0,2625.0,0.899,0.899,1.145,1.145,0.804,0.804,0.88,0.88,14.871,5122.0,14476.0,22.339,412.0,44.76
2026-07-08 06:36:33,54.0,69.000              ,783.352,406.0,1200.0,0.0,54.75,54.750              ,54.75,54.75,54.75,54.75,54.75,54.75,54.75,37.811,33.37,40.693,45.276,55.458,23.612,46.289,14.516,37.128,2120.0,2120.0,2650.0,2650.0,2120.0,2120.0,2120.0,2120.0,2650.0,0.891,0.893,1.104,1.104,0.978,0.978,0.785,0.787,15.393,5107.0,14481.0,25.317,413.0,39.5
2026-07-08 06:36:34,54.0,69.000              ,783.348,200.0,1200.0,0.0,54.75,54.750              ,54.75,54.75,54.75,54.75,54.75,54.75,54.75,77.55,69.444,74.723,67.115,80.823,66.751,74.246,51.525,70.272,1800.0,1800.0,1800.0,1800.0,2160.0,2160.0,1800.0,1800.0,2160.0,0.896,0.894,0.853,0.855,0.98,0.98,0.784,0.782,15.292,4962.0,14481.0,28.085,414.0,35.61
2026-07-08 06:36:35,54.0,74.000              ,785.586,426.0,1200.0,0.0,54.75,54.750              ,54.75,54.75,54.75,54.75,54.75,54.75,54.75,75.454,69.551,72.42,68.645,78.588,65.39,73.786,45.72,68.694,1616.667,1616.667,1940.0,1940.0,1940.0,1940.0,1616.667,1616.667,1940.0,0.89,0.891,0.924,0.913,0.941,0.943,0.786,0.787,14.97,4804.0,14485.0,23.075,415.0,43.34
2026-07-08 06:36:36,54.0,75.000              ,785.711,413.0,1200.0,0.0,54.75,54.750              ,54.75,54.75,54.75,54.75,54.75,54.75,54.75,77.748,69.516,70.825,70.028,76.752,68.51,71.092,51.632,69.513,1733.333,1733.333,1733.333,2080.0,2080.0,2100.0,1750.0,1750.0,2100.0,0.923,0.924,0.898,0.907,0.959,0.946,0.78,0.778,14.975,4645.0,14489.0,27.195,416.0,36.77
2026-07-08 06:36:37,54.0,72.000              ,785.703,413.0,1067.0,0.0,54.75,54.750              ,54.75,54.75,54.75,54.75,54.75,54.75,54.75,46.307,43.585,46.074,46.297,61.875,33.694,52.2,22.344,44.047,1960.0,1960.0,1633.333,1633.333,1960.0,1960.0,1633.333,1633.333,1960.0,0.767,0.764,0.844,0.846,0.823,0.832,0.69,0.69,14.533,4595.0,14488.0,27.698,417.0,36.1
2026-07-08 06:36:38,54.0,70.000              ,785.707,413.0,1200.0,0.0,54.75,54.750              ,54.75,54.75,54.75,54.75,54.75,54.75,54.75,35.374,23.853,49.266,28.349,44.976,10.748,50.08,8.489,31.392,2160.0,2160.0,2700.0,2700.0,2160.0,2160.0,2160.0,2160.0,2700.0,0.873,0.873,1.101,1.099,0.848,0.854,0.863,0.866,15.142,4601.0,14484.0,23.176,418.0,43.15
2026-07-08 06:36:39,54.0,69.000              ,791.672,381.0,1067.0,0.0,54.75,54.750              ,54.75,54.75,54.75,54.75,54.75,54.75,54.75,41.643,26.224,51.419,32.805,44.841,14.53,59.593,11.597,35.332,2080.0,2080.0,2600.0,2600.0,2080.0,2080.0,2080.0,2080.0,2600.0,0.896,0.896,1.08,1.08,0.816,0.81,0.933,0.931,14.979,4602.0,14494.0,23.119,419.0,43.25
2026-07-08 06:36:40,54.0,69.000              ,791.664,457.0,1200.0,0.0,54.75,54.750              ,54.75,54.75,54.75,54.75,54.75,54.75,54.75,39.0,32.407,55.166,28.751,42.461,9.221,53.923,8.447,33.672,2600.0,2600.0,2080.0,2080.0,2080.0,2080.0,2080.0,2080.0,2600.0,0.931,0.931,1.105,1.11,0.74,0.74,0.887,0.887,15.046,4601.0,14495.0,24.09,420.0,41.51
2026-07-08 06:36:41,54.0,69.000              ,790.664,375.0,1200.0,0.0,54.75,54.750              ,54.75,54.75,54.75,54.75,54.75,54.75,54.75,23.803,26.407,51.181,28.303,33.209,6.663,34.712,12.07,27.044,2220.0,2220.0,2775.0,2775.0,2220.0,2220.0,2220.0,2220.0,2775.0,0.848,0.848,1.302,1.297,0.744,0.744,0.852,0.853,15.059,4601.0,14495.0,28.811,421.0,34.71
2026-07-08 06:36:42,54.0,70.000              ,790.668,420.0,1067.0,0.0,54.75,54.750              ,54.75,54.75,54.75,54.75,54.75,54.75,54.75,32.339,26.975,62.417,27.471,42.971,11.42,43.319,15.465,32.797,2180.0,2180.0,2725.0,2725.0,2180.0,2180.0,2180.0,2180.0,2725.0,0.876,0.876,1.295,1.298,0.832,0.832,0.897,0.895,14.921,4601.0,14494.0,24.32,422.0,41.12
2026-07-08 06:36:43,54.0,71.000              ,794.164,370.0,1200.0,0.0,54.75,54.750              ,54.75,54.75,54.75,54.75,54.75,54.75,54.75,30.158,25.981,41.816,26.92,41.094,6.823,47.335,8.727,28.607,2200.0,2200.0,2750.0,2750.0,2200.0,2200.0,2200.0,2200.0,2750.0,0.884,0.884,1.1,1.1,0.777,0.798,0.949,0.949,15.003,4601.0,14498.0,29.516,423.0,33.88
2026-07-08 06:36:44,54.0,71.000              ,795.477,364.0,1067.0,0.0,54.75,54.750              ,54.75,54.75,54.75,54.75,54.75,54.75,54.75,41.166,31.334,42.195,42.806,42.187,19.936,47.097,15.656,35.297,2120.0,2120.0,2650.0,2650.0,2120.0,2120.0,2120.0,2120.0,2650.0,0.928,0.928,1.197,1.196,0.811,0.792,0.857,0.857,15.082,4605.0,14501.0,21.63,424.0,46.23
2026-07-08 06:36:45,54.0,69.000              ,793.289,484.0,1067.0,0.0,54.75,54.750              ,54.75,54.75,54.75,54.75,54.75,54.75,54.75,36.798,23.207,34.054,33.511,48.893,13.732,42.832,21.91,31.867,2120.0,2120.0,2650.0,2650.0,2120.0,2100.0,2100.0,2100.0,2650.0,0.787,0.787,0.936,0.933,0.834,0.833,0.891,0.893,15.087,4605.0,14500.0,23.998,425.0,41.67
2026-07-08 06:36:46,54.0,68.000              ,791.043,200.0,1200.0,0.0,54.75,54.750              ,54.75,54.75,54.75,54.75,54.75,54.75,54.75,35.261,26.83,55.141,26.088,45.637,7.141,50.399,10.825,32.165,2120.0,2120.0,2650.0,2650.0,2120.0,2120.0,2120.0,2120.0,2650.0,0.87,0.87,1.163,1.163,0.78,0.784,0.925,0.929,15.044,4607.0,14499.0,23.085,426.0,43.32
2026-07-08 06:36:47,54.0,68.000              ,795.543,200.0,1200.0,0.0,54.75,54.750              ,54.75,54.75,54.75,54.75,54.75,54.75,54.75,33.887,31.632,38.744,38.044,49.214,13.76,40.969,20.902,33.394,2040.0,2040.0,2550.0,2550.0,2040.0,2040.0,2040.0,2040.0,2550.0,0.844,0.844,1.074,1.074,0.861,0.856,0.83,0.822,15.095,4610.0,14501.0,25.676,427.0,38.95
2026-07-08 06:36:48,54.0,68.000              ,795.914,469.0,1067.0,0.0,54.75,54.750              ,54.75,54.75,54.75,54.75,54.75,54.75,54.75,27.66,29.173,41.473,34.836,42.907,8.161,40.374,10.12,29.338,2100.0,2100.0,2625.0,2625.0,2100.0,2100.0,2100.0,2100.0,2625.0,0.848,0.848,1.202,1.202,0.797,0.797,0.798,0.798,14.949,4607.0,14501.0,21.41,428.0,46.71
2026-07-08 06:36:49,54.0,71.000              ,795.918,387.0,1067.0,0.0,54.75,54.750              ,54.75,54.75,54.75,54.75,54.75,54.75,54.75,29.55,26.817,34.384,33.748,61.139,8.12,52.792,12.835,32.423,2180.0,2180.0,2180.0,2180.0,2725.0,2725.0,2180.0,2180.0,2725.0,0.843,0.843,0.929,0.929,1.048,1.05,0.991,0.979,14.985,4609.0,14501.0,22.175,429.0,45.1
2026-07-08 06:36:50,54.0,72.000              ,795.918,200.0,1200.0,0.0,54.75,54.750              ,54.75,54.75,54.75,54.75,54.75,54.75,54.75,29.24,29.225,41.402,36.762,58.259,11.304,53.431,13.778,34.175,2080.0,2080.0,2625.0,2625.0,2100.0,2100.0,2100.0,2100.0,2625.0,0.817,0.817,1.021,1.021,0.962,0.959,0.947,0.959,14.991,4609.0,14500.0,21.88,430.0,45.7
2026-07-08 06:36:51,54.0,68.000              ,795.855,516.0,1200.0,0.0,54.75,54.750              ,54.75,54.75,54.75,54.75,54.75,54.75,54.75,34.933,29.343,42.271,28.765,45.396,8.214,49.072,9.126,30.89,2080.0,2080.0,2080.0,2080.0,2600.0,2600.0,2080.0,2550.0,2600.0,0.869,0.871,0.966,0.957,0.758,0.758,0.852,0.852,15.124,4611.0,14500.0,28.12,431.0,35.56
2026-07-08 06:36:52,54.0,68.000              ,796.859,370.0,1200.0,0.0,54.75,54.750              ,54.75,54.75,54.75,54.75,54.75,54.75,54.75,37.124,31.074,50.289,27.491,50.494,8.768,48.125,10.048,32.927,2100.0,2120.0,2650.0,2650.0,2120.0,2120.0,2120.0,2120.0,2650.0,0.929,0.926,1.093,1.104,0.83,0.829,0.87,0.87,15.205,4611.0,14501.0,21.828,432.0,45.81
2026-07-08 06:36:53,54.0,69.000              ,796.855,406.0,1200.0,0.0,54.75,54.750              ,54.75,54.75,54.75,54.75,54.75,54.75,54.75,45.716,34.033,47.35,36.111,54.35,15.067,48.503,18.942,37.509,2020.0,2020.0,2525.0,2525.0,2020.0,2020.0,2020.0,2020.0,2525.0,0.937,0.937,1.0,1.0,0.838,0.838,0.868,0.868,15.038,4617.0,14502.0,36.701,433.0,27.25
2026-07-08 06:36:54,54.0,68.000              ,796.855,406.0,1067.0,0.0,54.75,54.750              ,54.75,54.75,54.75,54.75,54.75,54.75,54.75,33.572,28.759,53.887,24.062,57.191,4.123,45.387,7.423,31.8,2040.0,2040.0,2550.0,2550.0,2020.0,2020.0,2020.0,2020.0,2550.0,0.839,0.844,1.082,1.082,0.844,0.846,0.834,0.834,14.796,4617.0,14501.0,24.763,434.0,40.38
2026-07-08 06:36:55,54.0,69.000              ,790.328,420.0,1067.0,0.0,54.75,54.750              ,54.75,54.75,54.75,54.75,54.75,54.75,54.75,34.917,33.11,60.608,27.717,42.92,11.482,53.717,14.74,34.902,2060.0,2060.0,2575.0,2575.0,2060.0,2060.0,2060.0,2060.0,2575.0,0.865,0.859,1.126,1.114,0.743,0.741,0.933,0.935,15.225,4616.0,14496.0,24.977,435.0,40.04
2026-07-08 06:36:56,54.0,70.000              ,788.074,500.0,1067.0,0.0,54.75,54.750              ,54.75,54.75,54.75,54.75,54.75,54.75,54.75,30.8,32.181,65.033,25.38,43.926,12.386,50.749,16.193,34.581,1980.0,1980.0,2475.0,2475.0,1980.0,1980.0,1980.0,1980.0,2475.0,0.774,0.774,1.156,1.172,0.75,0.75,0.912,0.91,15.081,4615.0,14493.0,19.492,436.0,51.3
2026-07-08 06:36:57,54.0,70.000              ,788.012,476.0,1067.0,0.0,54.75,54.750              ,54.75,54.75,54.75,54.75,54.75,54.75,54.75,35.101,25.278,57.251,23.587,47.698,8.951,54.669,7.958,32.562,2080.0,2080.0,2600.0,2600.0,2080.0,2100.0,2100.0,2100.0,2600.0,0.801,0.801,1.079,1.082,0.826,0.826,0.895,0.895,14.951,4616.0,14496.0,18.057,437.0,55.38
2026-07-08 06:36:58,54.0,69.000              ,788.016,200.0,1200.0,0.0,54.75,54.750              ,54.75,54.75,54.75,54.75,54.75,54.75,54.75,26.68,30.057,34.415,25.01,53.08,8.011,45.134,9.97,29.044,2080.0,2080.0,2080.0,2080.0,2575.0,2575.0,2060.0,2060.0,2575.0,0.762,0.762,0.844,0.838,0.921,0.921,0.827,0.827,14.931,4617.0,14494.0,22.892,438.0,43.68
2026-07-08 06:36:59,54.0,68.000              ,788.082,413.0,1067.0,0.0,54.75,54.750              ,54.75,54.75,54.75,54.75,54.75,54.75,54.75,37.532,31.359,43.359,32.374,46.55,11.193,51.25,10.783,33.05,2120.0,2120.0,2650.0,2650.0,2120.0,2120.0,2120.0,2120.0,2650.0,0.931,0.931,1.045,1.056,0.833,0.833,0.94,0.94,15.12,4616.0,14489.0,22.221,439.0,45.0
2026-07-08 06:37:00,54.0,69.000              ,788.082,428.0,1067.0,0.0,54.75,54.750              ,54.75,54.75,54.75,54.75,54.75,54.75,54.75,43.076,30.258,42.004,33.058,43.113,15.285,52.77,15.965,34.441,2080.0,2080.0,2080.0,2080.0,2100.0,2080.0,2625.0,2625.0,2625.0,0.926,0.926,0.929,0.925,0.753,0.753,0.921,0.921,15.008,4619.0,14493.0,24.137,440.0,41.43
2026-07-08 06:37:01,54.0,71.000              ,788.082,426.0,1200.0,0.0,54.75,54.750              ,54.75,54.75,54.75,54.75,54.75,54.75,54.75,40.052,31.584,49.881,30.591,46.642,15.169,52.227,13.426,34.947,2550.0,2550.0,2525.0,2525.0,2020.0,2020.0,2525.0,2525.0,2550.0,0.906,0.909,1.062,1.047,0.806,0.807,0.933,0.933,15.071,4618.0,14490.0,22.961,441.0,43.55
2026-07-08 06:37:02,54.0,71.000              ,788.086,500.0,1200.0,0.0,54.75,54.750              ,54.75,54.75,54.75,54.75,54.75,54.75,54.75,30.558,26.684,35.682,40.178,40.446,13.704,38.706,16.051,30.251,1980.0,1980.0,1980.0,1980.0,1980.0,1980.0,2475.0,2475.0,2475.0,0.753,0.75,1.091,1.099,0.754,0.752,0.77,0.77,15.047,4623.0,14491.0,24.4,442.0,40.98
2026-07-08 06:37:03,54.0,70.000              ,788.082,442.0,1067.0,0.0,54.75,54.750              ,54.75,54.75,54.75,54.75,54.75,54.75,54.75,35.21,25.338,49.576,36.141,39.562,16.542,43.537,18.427,33.042,2060.0,2060.0,2575.0,2575.0,2060.0,2060.0,2060.0,2060.0,2575.0,0.822,0.822,1.177,1.177,0.799,0.799,0.875,0.875,14.924,4623.0,14490.0,20.353,443.0,49.13
2026-07-08 06:37:04,54.0,70.000              ,788.082,381.0,1200.0,0.0,54.75,54.750              ,54.75,54.75,54.75,54.75,54.75,54.75,54.75,39.505,25.125,61.235,28.236,46.534,11.454,46.548,15.19,34.228,2020.0,2020.0,2525.0,2550.0,2040.0,2040.0,2040.0,2040.0,2550.0,0.807,0.807,1.15,1.15,0.756,0.756,0.839,0.839,15.127,4623.0,14491.0,23.754,444.0,42.1
2026-07-08 06:37:05,54.0,69.000              ,788.086,406.0,1067.0,0.0,54.75,54.750              ,54.75,54.75,54.75,54.75,54.75,54.75,54.75,35.994,24.813,59.334,26.867,46.803,11.896,46.803,16.43,33.618,2020.0,2020.0,2525.0,2525.0,2020.0,2020.0,2040.0,2040.0,2525.0,0.836,0.836,1.146,1.146,0.842,0.842,0.921,0.921,14.983,4622.0,14491.0,22.022,445.0,45.41
2026-07-08 06:37:06,54.0,68.000              ,789.195,469.0,1067.0,0.0,54.75,54.750              ,54.75,54.75,54.75,54.75,54.75,54.75,54.75,38.109,28.668,49.22,28.499,34.523,15.865,55.525,18.075,33.561,2120.0,2120.0,2650.0,2650.0,2120.0,2120.0,2650.0,2650.0,2650.0,0.884,0.884,1.03,1.03,0.705,0.705,1.072,1.084,15.071,4623.0,14491.0,20.437,446.0,48.93
2026-07-08 06:37:07,54.0,70.000              ,789.16,428.0,1200.0,0.0,54.75,54.750              ,54.75,54.75,54.75,54.75,54.75,54.75,54.75,37.43,28.965,55.687,32.299,44.122,15.531,48.593,16.873,34.937,2120.0,2120.0,2120.0,2120.0,2140.0,2140.0,2675.0,2675.0,2675.0,0.841,0.841,1.128,1.128,0.834,0.834,0.951,0.94,15.021,4623.0,14491.0,22.02,447.0,45.41
2026-07-08 06:37:08,54.0,69.000              ,789.168,500.0,1067.0,0.0,54.75,54.750              ,54.75,54.75,54.75,54.75,54.75,54.75,54.75,32.216,28.547,31.262,34.441,38.975,12.298,41.065,19.185,29.749,2020.0,2020.0,2500.0,2500.0,2500.0,2500.0,2000.0,2000.0,2500.0,0.827,0.817,0.972,0.972,0.735,0.735,0.894,0.894,14.961,4623.0,14491.0,21.641,448.0,46.21
2026-07-08 06:37:09,54.0,68.000              ,789.16,200.0,1200.0,0.0,54.75,54.750              ,54.75,54.75,54.75,54.75,54.75,54.75,54.75,33.073,26.664,57.564,29.362,45.901,11.643,53.316,12.477,33.75,2080.0,2080.0,2600.0,2625.0,2100.0,2100.0,2100.0,2100.0,2625.0,0.813,0.823,1.199,1.199,0.83,0.83,0.93,0.932,15.172,4622.0,14485.0,20.401,449.0,49.02
2026-07-08 06:37:10,54.0,69.000              ,789.195,428.0,1067.0,0.0,54.75,54.750              ,54.75,54.75,54.75,54.75,54.75,54.75,54.75,31.808,27.079,59.418,25.342,45.835,8.211,52.211,14.183,33.011,2060.0,2060.0,2575.0,2575.0,2060.0,2060.0,2060.0,2060.0,2575.0,0.832,0.835,1.178,1.178,0.801,0.801,0.921,0.919,14.841,4623.0,14485.0,20.912,450.0,47.82
2026-07-08 06:37:11,54.0,69.000              ,789.164,541.0,1067.0,0.0,54.75,54.750              ,54.75,54.75,54.75,54.75,54.75,54.75,54.75,28.883,26.969,36.757,29.813,49.305,7.784,42.316,10.336,29.02,2200.0,2200.0,2750.0,2750.0,2200.0,2200.0,2200.0,2200.0,2750.0,0.766,0.763,0.971,0.971,0.864,0.864,0.84,0.84,15.266,4623.0,14485.0,26.43,451.0,37.84
2026-07-08 06:37:12,54.0,70.000              ,789.164,400.0,1067.0,0.0,54.75,54.750              ,54.75,54.75,54.75,54.75,54.75,54.75,54.75,37.183,29.811,50.677,30.157,44.049,11.593,56.381,13.496,34.168,2000.0,2000.0,2500.0,2500.0,2020.0,2020.0,2525.0,2525.0,2525.0,0.902,0.902,1.038,1.038,0.81,0.8,1.015,1.015,14.788,4623.0,14486.0,22.843,452.0,43.78
2026-07-08 06:37:13,54.0,70.000              ,789.148,381.0,1200.0,0.0,54.75,54.750              ,54.75,54.75,54.75,54.75,54.75,54.75,54.75,38.957,25.6,43.094,29.125,45.882,13.571,64.697,13.255,34.273,2140.0,2140.0,2140.0,2140.0,2140.0,2140.0,2675.0,2675.0,2675.0,0.858,0.858,0.898,0.898,0.854,0.864,1.163,1.151,15.009,4622.0,14485.0,22.556,453.0,44.33
2026-07-08 06:37:14,54.0,70.000              ,789.16,461.0,1200.0,0.0,54.75,54.750              ,54.75,54.75,54.75,54.75,54.75,54.75,54.75,38.842,27.167,38.646,35.034,50.856,14.989,47.509,15.779,33.603,2080.0,2080.0,2080.0,2080.0,2080.0,2080.0,2600.0,2600.0,2600.0,0.832,0.834,0.945,0.945,0.843,0.844,0.868,0.876,15.394,4622.0,14485.0,23.751,454.0,42.1
2026-07-08 06:37:15,54.0,68.000              ,800.848,600.0,1200.0,0.0,54.75,54.750              ,54.75,54.75,54.75,54.75,54.75,54.75,54.75,49.96,23.937,43.937,34.206,43.468,13.85,56.349,9.075,34.348,2000.0,2000.0,2500.0,2475.0,1980.0,1980.0,1980.0,1980.0,2500.0,0.929,0.928,0.958,0.958,0.745,0.744,0.862,0.862,14.893,4624.0,14504.0,24.986,455.0,40.02
2026-07-08 06:37:16,54.0,69.000              ,800.805,387.0,1200.0,0.0,54.75,54.750              ,54.75,54.75,54.75,54.75,54.75,54.75,54.75,42.778,19.343,54.39,26.807,46.906,5.734,39.389,4.699,30.006,1980.0,1980.0,2475.0,2475.0,1980.0,1980.0,1980.0,1980.0,2475.0,0.958,0.958,1.136,1.136,0.743,0.743,0.72,0.72,14.82,4629.0,14504.0,24.269,456.0,41.2
2026-07-08 06:37:17,54.0,69.000              ,800.816,500.0,1067.0,0.0,54.75,54.750              ,54.75,54.75,54.75,54.75,54.75,54.75,54.75,38.046,17.275,39.813,32.256,43.07,6.241,38.516,12.465,28.46,2120.0,2120.0,2650.0,2650.0,2120.0,2120.0,2120.0,2120.0,2650.0,0.811,0.813,1.053,1.046,0.669,0.669,0.767,0.768,15.062,4630.0,14504.0,24.43,457.0,40.93
2026-07-08 06:37:18,54.0,68.000              ,800.941,469.0,1067.0,0.0,54.75,54.750              ,54.75,54.75,54.75,54.75,54.75,54.75,54.75,45.672,22.876,64.098,28.617,50.141,12.894,49.73,14.554,36.073,2060.0,2060.0,2575.0,2575.0,2060.0,2060.0,2060.0,2060.0,2575.0,0.929,0.929,1.159,1.167,0.81,0.81,0.831,0.83,15.144,4630.0,14504.0,25.332,458.0,39.48
2026-07-08 06:37:19,54.0,70.000              ,812.977,450.0,1067.0,0.0,54.75,54.750              ,54.75,54.75,54.75,54.75,54.75,54.75,54.75,40.052,25.848,61.21,24.147,56.261,14.506,47.879,16.976,35.86,2080.0,2080.0,2600.0,2600.0,2080.0,2080.0,2080.0,2080.0,2600.0,0.893,0.891,1.083,1.083,0.897,0.899,0.836,0.836,15.018,4630.0,14526.0,22.978,459.0,43.52
2026-07-08 06:37:20,54.0,70.000              ,820.125,381.0,1067.0,0.0,54.75,54.750              ,54.75,54.75,54.75,54.75,54.75,54.75,54.75,54.24,38.645,53.04,47.226,54.286,21.839,49.928,22.699,42.738,2020.0,2020.0,2525.0,2525.0,2000.0,2000.0,2000.0,2000.0,2525.0,0.925,0.925,1.027,1.033,0.772,0.77,0.746,0.746,14.998,4650.0,14542.0,24.995,460.0,40.01
2026-07-08 06:37:21,54.0,68.000              ,820.125,344.0,1200.0,0.0,54.75,54.750              ,54.75,54.75,54.75,54.75,54.75,54.75,54.75,50.63,21.68,55.193,28.895,52.379,11.047,47.356,11.527,34.839,1960.0,1960.0,2450.0,2450.0,1960.0,1960.0,1980.0,1980.0,2450.0,0.98,0.98,1.054,1.048,0.774,0.774,0.775,0.775,15.103,4656.0,14542.0,24.807,461.0,40.31
2026-07-08 06:37:22,54.0,69.000              ,821.16,413.0,1067.0,0.0,54.75,54.750              ,54.75,54.75,54.75,54.75,54.75,54.75,54.75,46.823,18.762,58.247,20.85,55.441,6.628,35.935,10.09,31.597,2100.0,2100.0,2100.0,2120.0,2650.0,2650.0,2120.0,2120.0,2650.0,1.017,1.02,1.046,1.046,0.877,0.877,0.755,0.755,14.934,4656.0,14544.0,21.26,462.0,47.04
2026-07-08 06:37:23,54.0,68.000              ,820.445,450.0,1067.0,0.0,54.75,54.750              ,54.75,54.75,54.75,54.75,54.75,54.75,54.75,33.491,21.318,31.178,30.129,35.079,5.312,38.063,5.209,24.972,2160.0,2160.0,2700.0,2700.0,2160.0,2140.0,2140.0,2140.0,2700.0,0.915,0.912,1.036,1.036,0.702,0.702,0.786,0.786,14.988,4656.0,14547.0,25.212,463.0,39.66
2026-07-08 06:37:24,54.0,69.000              ,827.66,590.0,1200.0,0.0,54.75,54.750              ,54.75,54.75,54.75,54.75,54.75,54.75,54.75,43.809,33.26,60.964,34.022,44.373,15.525,53.578,17.325,37.857,2425.0,2425.0,1940.0,1960.0,1960.0,1960.0,1960.0,1960.0,2425.0,0.77,0.77,0.995,0.996,0.648,0.648,0.766,0.766,15.526,4662.0,14556.0,23.343,464.0,42.84
2026-07-08 06:37:25,55.0,73.000              ,827.66,200.0,933.0,0.0,55.375,55.375              ,55.375,55.375,55.375,55.375,55.375,55.375,55.375,8.845,9.003,18.927,22.537,24.68,5.052,34.118,17.583,17.593,2650.0,3200.0,2560.0,2560.0,2600.0,2600.0,2600.0,3375.0,3375.0,0.661,0.661,1.338,1.337,0.988,0.988,1.821,1.821,11.794,4668.0,14535.0,0.0,465.0,
2026-07-08 06:37:26,55.0,38.000              ,827.66,200.0,1067.0,0.0,55.75,55.750              ,55.75,55.75,55.75,55.75,55.75,55.75,55.75,10.397,11.062,48.943,2.832,29.411,6.076,31.84,21.27,20.229,2333.333,2333.333,3500.0,3500.0,2600.0,2600.0,2600.0,2600.0,3500.0,0.848,0.848,1.937,1.937,1.054,1.071,1.688,1.725,13.927,4395.0,14205.0,0.0,466.0,
2026-07-08 06:37:27,56.0,0.000               ,827.66,200.0,933.0,0.0,56.125,56.125              ,56.125,56.125,56.125,56.125,56.125,56.125,56.125,12.944,9.001,76.006,6.859,25.047,6.493,14.271,6.304,19.616,2333.333,2333.333,3500.0,3500.0,2333.333,2333.333,2800.0,2800.0,3500.0,0.896,0.896,3.121,3.121,1.121,1.104,0.906,0.868,13.345,4176.0,13300.0,0.0,467.0,
2026-07-08 06:37:28,56.0,0.000               ,827.66,200.0,1200.0,0.0,56.25,56.250              ,56.25,56.25,56.25,56.25,56.25,56.25,56.25,10.123,12.63,37.205,43.599,39.681,11.915,28.22,12.708,24.51,2333.333,2333.333,3500.0,3500.0,2333.333,2333.333,2800.0,3450.0,3500.0,1.001,1.001,2.793,2.793,1.823,1.823,1.46,1.46,15.115,4122.0,13131.0,0.0,468.0,
2026-07-08 06:37:29,56.0,0.000               ,827.66,200.0,933.0,0.0,56.5,56.500              ,56.5,56.5,56.5,56.5,56.5,56.5,56.5,10.981,9.244,73.92,6.507,25.166,7.506,8.354,5.193,18.359,2333.333,2333.333,3500.0,3500.0,3500.0,3500.0,2333.333,2333.333,3500.0,0.873,0.873,2.937,2.937,1.18,1.18,0.744,0.744,13.467,3825.0,12327.0,0.0,469.0,
2026-07-08 06:37:30,56.0,0.000               ,767.785,200.0,933.0,0.0,56.75,56.750              ,56.75,56.75,56.75,56.75,56.75,56.75,56.75,15.502,18.657,19.26,46.309,36.783,7.371,33.623,12.002,23.689,2316.667,2316.667,2316.667,2316.667,2316.667,2316.667,3475.0,3475.0,3475.0,1.42,1.42,2.409,2.44,1.548,1.548,1.643,1.643,14.674,3511.0,11728.0,5358.652,470.0,0.19
2026-07-08 06:37:31,57.0,0.000               ,767.785,200.0,933.0,0.0,57.5,57.500              ,57.5,57.5,57.5,57.5,57.5,57.5,57.5,5.449,5.585,2.112,76.897,27.647,8.875,36.678,14.896,22.267,2333.333,2333.333,2800.0,3500.0,2333.333,2333.333,2333.333,2333.333,3500.0,0.698,0.698,3.854,3.913,1.455,1.455,1.665,1.665,15.107,3424.0,11738.0,0.0,471.0,
2026-07-08 06:37:32,57.0,0.000               ,721.23,200.0,1200.0,0.0,57.875,57.875              ,57.875,57.875,57.875,57.875,57.875,57.875,57.875,9.06,2.743,2.341,82.868,19.397,4.83,14.525,20.597,19.545,2333.333,2333.333,3500.0,3500.0,2333.333,2333.333,2333.333,2333.333,3500.0,0.73,0.73,4.223,4.193,1.118,1.124,1.423,1.423,14.741,3315.0,11157.0,2250.669,472.0,0.44
2026-07-08 06:37:33,58.0,0.000               ,721.23,200.0,933.0,0.0,58.75,58.750              ,58.75,58.75,58.75,58.75,58.75,58.75,58.75,12.775,3.821,3.87,93.011,27.754,7.909,39.601,9.53,24.784,2333.333,2333.333,2800.0,3500.0,2800.0,2800.0,2800.0,2800.0,3500.0,0.824,0.824,4.784,4.726,1.308,1.302,1.668,1.669,16.169,3167.0,11112.0,0.0,473.0,
2026-07-08 06:37:34,58.0,0.000               ,721.23,200.0,933.0,0.0,58.75,58.750              ,58.75,58.75,58.75,58.75,58.75,58.75,58.75,6.128,10.747,2.08,91.14,5.806,2.025,1.912,2.395,15.279,2333.333,2333.333,3500.0,3500.0,2000.0,2000.0,2000.0,2000.0,3500.0,0.957,0.957,4.959,5.01,0.71,0.719,0.29,0.29,13.448,3211.0,11165.0,0.0,474.0,
2026-07-08 06:37:35,59.0,0.000               ,721.23,200.0,1067.0,0.0,59.125,59.125              ,59.125,59.125,59.125,59.125,59.125,59.125,59.125,11.49,29.367,10.203,77.171,25.198,9.343,14.629,9.286,23.336,2333.333,2333.333,3500.0,3500.0,2333.333,2333.333,1555.556,1555.556,3500.0,1.478,1.478,4.171,4.102,1.373,1.364,0.965,0.964,15.009,3248.0,10919.0,0.0,475.0,
2026-07-08 06:37:36,58.0,0.000               ,709.055,200.0,933.0,0.0,58.125,58.125              ,58.125,58.125,58.125,58.125,58.125,58.125,58.125,6.054,6.601,3.283,80.565,17.513,3.016,17.654,3.502,17.273,2333.333,2333.333,3500.0,3500.0,2333.333,2333.333,2333.333,2333.333,3500.0,0.707,0.707,3.193,3.237,0.935,0.934,0.952,0.952,13.569,3305.0,10976.0,3409.083,476.0,0.29
2026-07-08 06:37:37,57.0,0.000               ,620.414,200.0,1200.0,0.0,57.25,57.250              ,57.25,57.25,57.25,57.25,57.25,57.25,57.25,25.446,20.19,24.046,42.941,35.308,13.121,38.618,12.145,26.477,3425.0,3425.0,2283.333,2283.333,2283.333,2283.333,2283.333,2283.333,3425.0,1.434,1.434,2.303,2.285,1.551,1.551,1.597,1.597,16.431,3147.0,10387.0,1278.558,477.0,0.78
2026-07-08 06:37:38,56.0,23.000              ,620.414,200.0,933.0,0.0,56.75,56.750              ,56.75,56.75,56.75,56.75,56.75,56.75,56.75,30.93,12.319,52.277,15.538,26.593,6.0,43.83,12.908,25.049,2150.0,2150.0,3225.0,3225.0,2580.0,2580.0,2600.0,2600.0,3225.0,1.076,1.076,1.644,1.644,0.962,0.962,1.364,1.386,14.349,3047.0,10380.0,59.103,478.0,16.92
2026-07-08 06:37:39,55.0,45.000              ,638.449,225.0,933.0,0.0,55.5,55.500              ,55.5,55.5,55.5,55.5,55.5,55.5,55.5,15.733,15.683,18.07,17.04,23.236,6.548,17.922,6.53,15.095,2650.0,2650.0,2650.0,2650.0,2650.0,2650.0,2650.0,2650.0,2650.0,0.804,0.804,0.9,0.9,0.853,0.853,0.745,0.724,11.583,3067.0,10393.0,27.567,479.0,36.28
2026-07-08 06:37:40,55.0,55.000              ,638.449,200.0,933.0,0.0,55.5,55.500              ,55.5,55.5,55.5,55.5,55.5,55.5,55.5,21.365,13.223,51.419,12.181,21.537,3.537,40.653,5.81,21.216,2283.333,2283.333,2283.333,2283.333,2283.333,2283.333,3450.0,3450.0,3450.0,1.029,1.03,1.73,1.73,0.885,0.885,1.265,1.265,14.434,3057.0,10358.0,19.794,480.0,50.52
2026-07-08 06:37:41,55.0,63.000              ,638.449,200.0,933.0,0.0,55.75,55.750              ,55.75,55.75,55.75,55.75,55.75,55.75,55.75,28.873,9.958,57.122,20.328,27.639,5.926,23.441,4.954,22.28,2316.667,2316.667,2316.667,2316.667,2316.667,2316.667,3475.0,3475.0,3475.0,1.207,1.206,2.25,2.254,1.193,1.193,1.07,1.07,15.406,3057.0,10358.0,20.97,481.0,47.69
2026-07-08 06:37:42,56.0,62.000              ,653.039,200.0,933.0,0.0,56.0,56.000              ,56.0,56.0,56.0,56.0,56.0,56.0,56.0,22.537,15.031,64.458,12.592,28.536,1.012,20.925,3.177,21.034,2300.0,2300.0,2875.0,3500.0,2333.333,2333.333,2333.333,2333.333,3500.0,1.323,1.328,2.274,2.27,1.202,1.202,0.994,0.994,15.165,3070.0,10343.0,34.032,482.0,29.38
2026-07-08 06:37:43,56.0,57.000              ,653.039,200.0,933.0,0.0,56.75,56.750              ,56.75,56.75,56.75,56.75,56.75,56.75,56.75,12.769,51.496,28.961,19.994,13.776,5.382,12.001,2.602,18.373,2333.333,2333.333,3500.0,3500.0,2333.333,2333.333,2333.333,2333.333,3500.0,2.864,2.859,1.877,1.902,0.89,0.89,0.675,0.675,14.467,3070.0,10355.0,17.591,483.0,56.85
2026-07-08 06:37:44,56.0,26.000              ,653.168,200.0,933.0,0.0,56.5,56.500              ,56.5,56.5,56.5,56.5,56.5,56.5,56.5,14.4,16.222,51.681,14.676,19.503,4.436,25.103,2.084,18.513,1555.556,1555.556,3500.0,3500.0,2800.0,2800.0,2333.333,2333.333,3500.0,1.179,1.179,2.137,2.111,1.008,1.011,0.897,0.897,14.022,3076.0,10357.0,667.272,484.0,1.5
2026-07-08 06:37:45,56.0,25.000              ,653.203,200.0,933.0,0.0,56.0,56.000              ,56.0,56.0,56.0,56.0,56.0,56.0,56.0,16.398,12.836,59.145,9.206,22.797,9.349,33.202,3.371,20.788,2333.333,2333.333,3500.0,3500.0,2333.333,2333.333,2333.333,2333.333,3500.0,1.067,1.067,2.073,2.073,1.266,1.266,1.172,1.176,14.684,3078.0,10349.0,17.164,485.0,58.26
2026-07-08 06:37:46,55.0,55.000              ,653.18,200.0,1067.0,0.0,55.625,55.625              ,55.625,55.625,55.625,55.625,55.625,55.625,55.625,46.319,36.759,52.111,39.413,54.716,32.098,55.035,31.472,43.49,2333.333,2333.333,3500.0,3500.0,2333.333,2333.333,2333.333,2333.333,3500.0,1.571,1.571,1.932,1.932,1.837,1.837,1.676,1.646,17.373,3149.0,10413.0,91.346,486.0,10.95
2026-07-08 06:37:47,55.0,59.000              ,653.18,200.0,933.0,0.0,55.75,55.750              ,55.75,55.75,55.75,55.75,55.75,55.75,55.75,15.146,16.192,71.474,17.86,21.973,3.958,16.228,5.604,21.054,1344.444,2440.0,3050.0,3050.0,2440.0,2440.0,2440.0,2440.0,3050.0,1.05,1.05,2.506,2.506,0.984,0.984,0.826,0.839,14.954,3149.0,10409.0,24.271,487.0,41.2
2026-07-08 06:37:48,55.0,58.000              ,603.234,200.0,1200.0,0.0,55.125,55.125              ,55.125,55.125,55.125,55.125,55.125,55.125,55.125,67.485,52.238,71.507,72.314,71.263,58.723,70.318,58.898,65.343,2720.0,2720.0,3400.0,3375.0,2700.0,2700.0,2700.0,2700.0,3400.0,1.357,1.346,1.733,1.733,1.579,1.595,1.583,1.583,16.941,3226.0,10592.0,23.473,488.0,42.6
2026-07-08 06:37:49,54.0,57.000              ,603.234,200.0,1067.0,0.0,54.875,54.875              ,54.875,54.875,54.875,54.875,54.875,54.875,54.875,62.735,42.702,66.015,60.242,64.349,60.412,69.027,56.445,60.241,2020.0,2020.0,2525.0,2525.0,2020.0,2020.0,2525.0,2525.0,2525.0,1.034,1.042,1.257,1.241,1.351,1.336,1.368,1.368,15.437,3326.0,10695.0,19.952,489.0,50.12
2026-07-08 06:37:50,54.0,59.000              ,603.234,200.0,1200.0,0.0,54.75,54.750              ,54.75,54.75,54.75,54.75,54.75,54.75,54.75,52.085,31.662,59.412,53.028,60.172,31.672,63.295,41.094,49.053,1960.0,1960.0,2450.0,2475.0,1980.0,1980.0,1980.0,1980.0,2475.0,0.959,0.967,1.335,1.352,1.23,1.228,1.27,1.27,15.583,3401.0,10761.0,25.501,490.0,39.21
2026-07-08 06:37:51,55.0,62.000              ,603.234,200.0,1200.0,0.0,55.0,55.000              ,55.0,55.0,55.0,55.0,55.0,55.0,55.0,46.01,31.651,53.403,58.498,59.644,19.348,51.582,40.016,45.019,2100.0,2100.0,2625.0,2625.0,2100.0,2100.0,2100.0,2120.0,2625.0,1.099,1.08,1.547,1.554,1.242,1.242,1.429,1.429,15.482,3417.0,10734.0,23.176,491.0,43.15
2026-07-08 06:37:52,55.0,60.000              ,582.68,200.0,1200.0,0.0,55.25,55.250              ,55.25,55.25,55.25,55.25,55.25,55.25,55.25,51.193,27.352,67.663,57.323,62.137,26.378,59.584,26.171,47.225,2080.0,2080.0,2600.0,2600.0,2080.0,2100.0,2120.0,2120.0,2600.0,1.209,1.222,1.846,1.823,1.435,1.441,1.346,1.346,15.577,3429.0,10745.0,23.015,492.0,43.45
2026-07-08 06:37:53,55.0,58.000              ,582.68,200.0,1200.0,0.0,55.25,55.250              ,55.25,55.25,55.25,55.25,55.25,55.25,55.25,50.808,45.729,59.641,68.863,53.687,33.96,45.39,62.073,52.519,2180.0,2180.0,2750.0,2750.0,2200.0,2200.0,2200.0,2160.0,2750.0,1.114,1.114,1.426,1.422,1.094,1.09,1.376,1.376,15.641,3448.0,10769.0,17.67,493.0,56.59
2026-07-08 06:37:54,55.0,60.000              ,582.68,200.0,1067.0,0.0,55.125,55.125              ,55.125,55.125,55.125,55.125,55.125,55.125,55.125,49.9,31.082,65.909,52.846,69.143,56.438,66.513,61.158,56.624,1940.0,1940.0,1960.0,1960.0,2450.0,2425.0,1940.0,1920.0,2450.0,0.87,0.87,1.292,1.303,1.456,1.434,1.516,1.516,15.338,3486.0,10803.0,17.96,494.0,55.68
2026-07-08 06:37:55,55.0,62.000              ,582.68,200.0,1200.0,0.0,55.125,55.125              ,55.125,55.125,55.125,55.125,55.125,55.125,55.125,46.06,32.133,56.464,54.5,58.631,32.002,56.906,44.05,47.593,2160.0,2160.0,2160.0,2160.0,2700.0,2700.0,2160.0,2160.0,2700.0,1.024,1.024,1.318,1.318,1.362,1.382,1.584,1.584,15.482,3602.0,10925.0,21.642,495.0,46.21
2026-07-08 06:37:56,55.0,64.000              ,582.555,200.0,1200.0,0.0,55.0,55.000              ,55.0,55.0,55.0,55.0,55.0,55.0,55.0,54.272,25.129,69.642,46.648,48.577,47.936,48.677,56.637,49.69,2080.0,2100.0,2600.0,2625.0,2600.0,2600.0,2080.0,2080.0,2625.0,0.965,0.968,1.375,1.379,1.222,1.22,1.313,1.313,15.45,3646.0,10948.0,19.629,496.0,50.95
2026-07-08 06:37:57,55.0,64.000              ,582.555,200.0,1200.0,0.0,55.0,55.000              ,55.0,55.0,55.0,55.0,55.0,55.0,55.0,45.201,27.169,66.974,54.403,49.918,47.995,53.475,47.099,49.029,2060.0,2060.0,2575.0,2575.0,2575.0,2575.0,2080.0,2080.0,2575.0,0.857,0.855,1.373,1.369,1.182,1.184,1.264,1.264,15.53,3704.0,11009.0,18.573,497.0,53.84
2026-07-08 06:37:58,55.0,65.000              ,582.555,200.0,1200.0,0.0,55.0,55.000              ,55.0,55.0,55.0,55.0,55.0,55.0,55.0,45.342,24.594,61.935,52.959,66.893,38.951,60.387,46.718,49.722,2040.0,2040.0,2550.0,2550.0,2040.0,2040.0,2550.0,2040.0,2550.0,0.89,0.89,1.265,1.265,1.207,1.207,1.149,1.149,15.265,3453.0,10750.0,19.074,498.0,52.43
2026-07-08 06:37:59,55.0,66.000              ,582.555,200.0,1067.0,0.0,55.25,55.250              ,55.25,55.25,55.25,55.25,55.25,55.25,55.25,49.254,26.582,67.886,50.109,44.982,55.266,67.286,50.005,51.421,2020.0,2020.0,2020.0,2000.0,2475.0,2475.0,2475.0,2475.0,2475.0,0.949,0.949,1.321,1.321,1.289,1.288,1.482,1.482,15.29,3540.0,10863.0,17.945,499.0,55.73
2026-07-08 06:38:00,55.0,64.000              ,582.555,200.0,1067.0,0.0,55.25,55.250              ,55.25,55.25,55.25,55.25,55.25,55.25,55.25,48.732,22.643,58.245,54.772,60.828,20.509,61.36,32.99,45.01,2140.0,2140.0,2140.0,2140.0,2140.0,2140.0,2675.0,2675.0,2675.0,1.081,1.081,1.664,1.65,1.579,1.577,1.617,1.617,15.39,3570.0,10887.0,25.637,500.0,39.01
2026-07-08 06:38:01,55.0,59.000              ,582.555,200.0,1200.0,0.0,55.25,55.250              ,55.25,55.25,55.25,55.25,55.25,55.25,55.25,46.871,25.729,67.05,66.473,62.79,27.981,59.542,31.764,48.525,2080.0,2080.0,2625.0,2625.0,2100.0,2120.0,2120.0,2120.0,2625.0,1.003,1.005,1.612,1.626,1.312,1.312,1.347,1.347,15.472,3498.0,10809.0,18.061,501.0,55.37
2026-07-08 06:38:02,55.0,59.000              ,582.555,200.0,1067.0,0.0,55.25,55.250              ,55.25,55.25,55.25,55.25,55.25,55.25,55.25,63.876,23.619,72.715,44.251,72.626,25.856,59.353,33.363,49.457,1980.0,1980.0,2450.0,2425.0,1940.0,1940.0,1940.0,1940.0,2450.0,1.082,1.082,1.54,1.52,1.517,1.519,1.356,1.356,15.232,3513.0,10824.0,23.873,502.0,41.89
2026-07-08 06:38:03,55.0,60.000              ,582.555,200.0,1200.0,0.0,55.25,55.250              ,55.25,55.25,55.25,55.25,55.25,55.25,55.25,60.043,26.445,63.095,54.179,63.338,32.244,59.042,22.426,47.602,2080.0,2080.0,2600.0,2600.0,2080.0,2080.0,2080.0,2080.0,2600.0,1.156,1.153,1.579,1.6,1.437,1.435,1.26,1.262,15.329,3547.0,10970.0,21.903,503.0,45.66
2026-07-08 06:38:04,55.0,61.000              ,582.555,200.0,1067.0,0.0,55.25,55.250              ,55.25,55.25,55.25,55.25,55.25,55.25,55.25,57.398,27.782,67.609,49.577,59.553,31.619,78.923,18.669,48.891,2040.0,2040.0,2550.0,2550.0,2060.0,2060.0,2060.0,2060.0,2550.0,1.062,1.062,1.507,1.495,1.28,1.28,1.447,1.447,15.238,3598.0,11017.0,20.412,504.0,48.99
2026-07-08 06:38:05,55.0,63.000              ,582.555,200.0,1200.0,0.0,55.25,55.250              ,55.25,55.25,55.25,55.25,55.25,55.25,55.25,47.159,23.01,62.015,63.867,55.669,34.951,62.832,33.293,47.85,1980.0,1980.0,2475.0,2475.0,2000.0,2000.0,2500.0,2500.0,2500.0,0.93,0.93,1.509,1.521,1.304,1.304,1.516,1.512,15.261,3703.0,11117.0,18.188,505.0,54.98
2026-07-08 06:38:06,55.0,63.000              ,582.555,200.0,1200.0,0.0,55.125,55.125              ,55.125,55.125,55.125,55.125,55.125,55.125,55.125,42.578,22.298,56.896,37.687,55.742,33.189,59.696,39.857,43.493,2100.0,2100.0,2625.0,2625.0,2100.0,2100.0,2100.0,2100.0,2625.0,0.862,0.85,1.388,1.392,1.272,1.272,1.256,1.256,15.213,3731.0,11149.0,25.846,506.0,38.69
2026-07-08 06:38:07,55.0,63.000              ,582.555,200.0,1200.0,0.0,55.0,55.000              ,55.0,55.0,55.0,55.0,55.0,55.0,55.0,50.455,28.522,49.51,58.634,66.376,25.599,55.245,35.462,46.226,2060.0,2060.0,2575.0,2575.0,2575.0,2575.0,2060.0,2080.0,2575.0,0.909,0.924,1.221,1.218,1.185,1.185,1.1,1.102,15.397,3769.0,11175.0,17.636,507.0,56.7
2026-07-08 06:38:08,55.0,62.000              ,582.555,200.0,1200.0,0.0,55.0,55.000              ,55.0,55.0,55.0,55.0,55.0,55.0,55.0,42.68,34.071,56.283,56.35,62.5,31.119,73.138,35.247,48.923,1920.0,1920.0,1920.0,1920.0,2400.0,2400.0,1920.0,1920.0,2400.0,0.876,0.873,1.205,1.192,1.081,1.081,1.232,1.232,15.217,3787.0,11203.0,17.368,508.0,57.58
2026-07-08 06:38:09,55.0,61.000              ,582.555,200.0,1200.0,0.0,55.0,55.000              ,55.0,55.0,55.0,55.0,55.0,55.0,55.0,57.923,23.245,62.161,54.7,65.331,28.865,63.172,28.353,47.969,1980.0,1980.0,1960.0,1960.0,2475.0,2475.0,2475.0,2475.0,2475.0,0.912,0.899,1.228,1.241,1.057,1.057,1.074,1.073,15.101,3816.0,11209.0,0.0,509.0,
2026-07-08 06:38:10,55.0,60.000              ,582.512,200.0,1200.0,0.0,55.0,55.000              ,55.0,55.0,55.0,55.0,55.0,55.0,55.0,66.576,67.113,69.43,59.863,77.587,74.922,72.647,88.437,72.072,1800.0,1780.0,2225.0,2225.0,2225.0,2225.0,2225.0,2225.0,2225.0,0.977,0.991,0.986,0.986,1.135,1.135,1.174,1.174,15.415,3891.0,11222.0,0.0,510.0,
2026-07-08 06:38:11,54.0,62.000              ,582.512,200.0,1200.0,0.0,54.875,54.875              ,54.875,54.875,54.875,54.875,54.875,54.875,54.875,30.918,15.829,57.048,24.188,47.368,53.362,71.595,62.035,45.293,1960.0,1960.0,1960.0,1960.0,2450.0,2450.0,1980.0,1980.0,2450.0,0.635,0.635,0.984,0.984,1.107,1.107,1.423,1.423,15.02,3910.0,11250.0,0.0,511.0,
2026-07-08 06:38:12,55.0,63.000              ,582.512,200.0,1200.0,0.0,55.0,55.000              ,55.0,55.0,55.0,55.0,55.0,55.0,55.0,31.645,18.72,24.624,30.184,63.06,60.47,58.397,54.237,42.667,2000.0,2000.0,2000.0,2000.0,2000.0,2020.0,2525.0,2525.0,2525.0,0.682,0.684,0.792,0.792,1.364,1.364,1.288,1.288,15.073,3921.0,11262.0,0.0,512.0,
2026-07-08 06:38:13,55.0,63.000              ,582.512,200.0,1200.0,0.0,55.0,55.000              ,55.0,55.0,55.0,55.0,55.0,55.0,55.0,35.048,17.861,55.05,28.783,60.976,58.597,62.099,51.899,46.289,2040.0,2040.0,2040.0,2040.0,2040.0,2040.0,2550.0,2550.0,2550.0,0.698,0.696,1.012,1.012,1.26,1.26,1.206,1.206,15.194,3972.0,11291.0,0.0,513.0,
2026-07-08 06:38:14,55.0,65.000              ,582.512,200.0,1200.0,0.0,55.0,55.000              ,55.0,55.0,55.0,55.0,55.0,55.0,55.0,45.339,31.624,60.113,33.954,70.969,59.257,71.374,64.604,54.654,1900.0,1900.0,1900.0,1900.0,2375.0,2375.0,2375.0,2400.0,2400.0,0.812,0.813,0.96,0.96,1.199,1.199,1.239,1.241,15.362,3974.0,11303.0,0.0,514.0,
2026-07-08 06:38:15,55.0,64.000              ,582.57,200.0,1200.0,0.0,55.0,55.000              ,55.0,55.0,55.0,55.0,55.0,55.0,55.0,50.315,31.159,62.588,40.421,59.161,56.7,71.453,60.917,54.089,1980.0,1980.0,1980.0,1980.0,2475.0,2475.0,1980.0,1980.0,2475.0,0.821,0.821,0.987,0.987,1.141,1.141,1.335,1.333,15.155,4006.0,11339.0,35.836,515.0,27.9
2026-07-08 06:38:16,55.0,61.000              ,582.57,200.0,1200.0,0.0,55.0,55.000              ,55.0,55.0,55.0,55.0,55.0,55.0,55.0,47.935,31.845,61.247,47.224,56.507,18.967,73.113,23.082,44.99,1880.0,1880.0,2350.0,2350.0,1880.0,1880.0,1880.0,1880.0,2350.0,0.847,0.846,1.25,1.25,0.904,0.904,1.07,1.089,15.132,4083.0,11382.0,17.529,516.0,57.05
2026-07-08 06:38:17,56.0,62.000              ,582.57,200.0,1200.0,0.0,56.125,56.125              ,56.125,56.125,56.125,56.125,56.125,56.125,56.125,24.622,10.898,85.012,20.39,28.701,10.54,77.829,12.458,33.806,1980.0,1980.0,2475.0,2475.0,1980.0,1980.0,1980.0,1980.0,2475.0,0.685,0.685,2.384,2.384,0.755,0.755,1.8,1.794,14.502,4139.0,11437.0,17.478,517.0,57.21
2026-07-08 06:38:18,56.0,32.000              ,582.57,200.0,1200.0,0.0,56.875,56.875              ,56.875,56.875,56.875,56.875,56.875,56.875,56.875,21.172,10.903,26.039,42.234,54.066,24.977,67.256,8.581,31.904,2016.667,2016.667,3025.0,3100.0,2540.0,2540.0,2620.0,2620.0,3100.0,0.801,0.805,1.645,1.645,2.089,2.089,1.896,1.896,15.156,4160.0,11474.0,0.0,518.0,
2026-07-08 06:38:19,56.0,0.000               ,582.57,200.0,1200.0,0.0,57.0,57.000              ,57.0,57.0,57.0,57.0,57.0,57.0,57.0,17.596,13.846,30.188,32.403,44.317,28.957,60.015,15.246,30.321,2116.667,2116.667,2460.0,2460.0,3075.0,3075.0,2700.0,2700.0,3075.0,0.869,0.865,1.575,1.575,1.96,1.96,1.983,1.956,15.066,4188.0,11521.0,0.0,519.0,
2026-07-08 06:38:20,57.0,0.000               ,582.57,200.0,1200.0,0.0,57.25,57.250              ,57.25,57.25,57.25,57.25,57.25,57.25,57.25,14.457,28.199,37.27,29.573,53.28,7.52,54.24,23.829,31.046,2100.0,2100.0,3150.0,3150.0,3100.0,3100.0,2560.0,2560.0,3150.0,1.145,1.145,1.725,1.725,1.48,1.48,1.985,2.012,15.404,4282.0,11571.0,0.0,520.0,
2026-07-08 06:38:21,57.0,0.000               ,582.57,200.0,1200.0,0.0,57.625,57.625              ,57.625,57.625,57.625,57.625,57.625,57.625,57.625,16.256,20.056,34.483,57.622,61.682,8.581,45.527,8.014,31.528,2460.0,2460.0,3100.0,3100.0,2480.0,2480.0,3100.0,3100.0,3100.0,0.935,0.939,2.462,2.462,1.767,1.75,1.271,1.271,14.996,4340.0,11643.0,0.0,521.0,
2026-07-08 06:38:22,57.0,0.000               ,590.938,200.0,1200.0,0.0,57.75,57.750              ,57.75,57.75,57.75,57.75,57.75,57.75,57.75,30.335,15.603,49.24,37.328,34.109,28.49,42.992,22.898,32.624,2100.0,2100.0,3150.0,3150.0,2520.0,2520.0,2116.667,2116.667,3150.0,1.062,1.059,2.263,2.267,1.551,1.561,1.448,1.448,15.096,4353.0,11677.0,0.0,522.0,
2026-07-08 06:38:23,58.0,0.000               ,590.938,200.0,1200.0,0.0,58.625,58.625              ,58.625,58.625,58.625,58.625,58.625,58.625,58.625,11.314,18.441,47.957,47.785,13.227,16.052,63.237,34.772,31.598,2460.0,2460.0,3075.0,3075.0,2050.0,2050.0,2480.0,2480.0,3075.0,0.838,0.851,2.476,2.472,0.884,0.884,2.429,2.429,15.076,4363.0,11705.0,0.0,523.0,
2026-07-08 06:38:24,59.0,0.000               ,590.938,200.0,1200.0,0.0,59.5,59.500              ,59.5,59.5,59.5,59.5,59.5,59.5,59.5,9.056,7.925,83.561,84.899,16.88,4.148,22.79,12.378,30.205,1842.857,1842.857,2975.0,3275.0,2640.0,2640.0,2640.0,2640.0,3275.0,0.634,0.617,4.106,4.106,0.743,0.743,0.961,0.961,15.063,4460.0,11763.0,0.0,524.0,
2026-07-08 06:38:25,59.0,0.000               ,590.938,200.0,1200.0,0.0,59.5,59.500              ,59.5,59.5,59.5,59.5,59.5,59.5,59.5,22.07,30.013,58.866,56.937,23.752,15.562,21.995,22.226,31.428,2460.0,2460.0,3100.0,3125.0,2083.333,2083.333,1785.714,1785.714,3125.0,1.307,1.307,2.748,2.748,1.019,1.019,1.073,1.073,15.224,4463.0,11781.0,0.0,525.0,
2026-07-08 06:38:26,59.0,0.000               ,590.938,200.0,1200.0,0.0,59.625,59.625              ,59.625,59.625,59.625,59.625,59.625,59.625,59.625,16.809,15.834,59.944,64.645,18.112,10.58,24.483,24.422,29.354,2120.0,2120.0,2650.0,2650.0,2120.0,2120.0,2650.0,3025.0,3025.0,0.962,0.962,3.165,3.165,0.887,0.889,1.196,1.196,14.835,4465.0,11793.0,0.0,526.0,
2026-07-08 06:38:27,59.0,0.000               ,590.938,200.0,1200.0,0.0,59.75,59.750              ,59.75,59.75,59.75,59.75,59.75,59.75,59.75,24.094,26.559,51.588,49.88,22.643,20.83,25.133,21.193,30.24,2233.333,2233.333,2233.333,2233.333,2233.333,2233.333,3350.0,3350.0,3350.0,1.377,1.377,2.553,2.553,1.205,1.203,1.253,1.259,15.112,4472.0,11826.0,0.0,527.0,
2026-07-08 06:38:28,60.0,0.000               ,590.938,200.0,1200.0,0.0,60.25,60.250              ,60.25,60.25,60.25,60.25,60.25,60.25,60.25,7.638,6.815,75.106,71.839,17.109,11.298,26.751,27.448,30.5,1928.571,1928.571,3375.0,3375.0,2120.0,2120.0,2120.0,2120.0,3375.0,0.642,0.642,3.537,3.537,0.841,0.841,1.393,1.387,15.498,4524.0,11847.0,0.0,528.0,
2026-07-08 06:38:29,60.0,0.000               ,590.93,200.0,1200.0,0.0,60.0,60.000              ,60.0,60.0,60.0,60.0,60.0,60.0,60.0,18.338,11.369,31.943,34.457,29.706,17.94,47.595,48.195,29.943,2520.0,2520.0,3150.0,3150.0,2825.0,2825.0,2260.0,2260.0,3150.0,0.801,0.801,1.551,1.551,1.205,1.205,2.269,2.269,14.786,4531.0,11872.0,0.0,529.0,
2026-07-08 06:38:30,60.0,0.000               ,590.93,200.0,1200.0,0.0,60.25,60.250              ,60.25,60.25,60.25,60.25,60.25,60.25,60.25,8.993,4.37,36.304,39.19,17.531,14.509,57.206,47.371,28.184,1928.571,1928.571,3375.0,3375.0,2250.0,2250.0,2250.0,2250.0,3375.0,0.664,0.664,1.93,1.949,0.953,0.953,2.608,2.608,15.172,4550.0,11890.0,0.0,530.0,
2026-07-08 06:38:31,60.0,0.000               ,590.93,200.0,1200.0,0.0,60.25,60.250              ,60.25,60.25,60.25,60.25,60.25,60.25,60.25,7.671,8.327,30.703,29.194,35.894,33.291,49.252,43.258,29.699,1942.857,1942.857,1700.0,1700.0,1942.857,1942.857,3400.0,3400.0,3400.0,0.663,0.663,1.374,1.354,1.723,1.729,2.26,2.254,15.288,4590.0,11911.0,0.0,531.0,
2026-07-08 06:38:32,59.0,0.000               ,590.93,200.0,933.0,0.0,59.375,59.375              ,59.375,59.375,59.375,59.375,59.375,59.375,59.375,13.026,11.61,32.217,31.338,55.766,50.42,13.48,14.599,27.807,2620.0,2620.0,3275.0,3275.0,2620.0,2620.0,2620.0,2620.0,3275.0,0.841,0.841,1.561,1.561,2.575,2.576,0.883,0.883,13.774,4580.0,11929.0,0.0,532.0,
2026-07-08 06:38:33,59.0,0.000               ,590.93,200.0,1067.0,0.0,59.5,59.500              ,59.5,59.5,59.5,59.5,59.5,59.5,59.5,17.334,33.535,31.975,40.591,24.617,13.875,31.836,34.959,28.59,2333.333,2333.333,2800.0,2800.0,2333.333,2333.333,3500.0,3500.0,3500.0,1.582,1.582,2.157,2.167,1.321,1.32,2.025,2.025,15.053,4699.0,12066.0,0.0,533.0,
2026-07-08 06:38:34,59.0,0.000               ,590.93,200.0,1067.0,0.0,59.375,59.375              ,59.375,59.375,59.375,59.375,59.375,59.375,59.375,8.547,6.338,54.066,50.795,44.76,35.96,18.087,10.504,28.632,2333.333,2333.333,3500.0,3500.0,2333.333,2333.333,2333.333,2333.333,3500.0,0.848,0.848,2.824,2.814,2.276,2.275,1.095,1.095,15.819,4772.0,12148.0,0.0,534.0,
2026-07-08 06:38:35,60.0,0.000               ,590.93,200.0,933.0,0.0,60.25,60.250              ,60.25,60.25,60.25,60.25,60.25,60.25,60.25,11.004,16.569,32.047,38.832,12.72,8.606,48.422,63.845,29.006,2133.333,2440.0,2440.0,2440.0,3325.0,3375.0,2250.0,2250.0,3375.0,1.026,1.031,2.099,2.099,0.629,0.624,3.471,3.471,15.101,4809.0,12182.0,0.0,535.0,
2026-07-08 06:38:36,60.0,0.000               ,590.93,200.0,933.0,0.0,60.375,60.375              ,60.375,60.375,60.375,60.375,60.375,60.375,60.375,13.078,27.429,38.079,75.847,7.628,20.855,24.624,24.59,29.016,2800.0,2800.0,3500.0,3500.0,2333.333,2333.333,2333.333,2333.333,3500.0,1.426,1.421,3.865,3.865,1.147,1.181,1.507,1.507,15.622,4848.0,12233.0,0.0,536.0,
2026-07-08 06:38:37,60.0,0.000               ,590.93,200.0,933.0,0.0,60.5,60.500              ,60.5,60.5,60.5,60.5,60.5,60.5,60.5,7.163,13.934,34.321,71.873,15.065,24.995,44.328,23.015,29.337,2333.333,2333.333,3500.0,3500.0,2333.333,2333.333,2333.333,2333.333,3500.0,0.884,0.884,3.397,3.343,1.39,1.363,2.152,2.152,15.251,4921.0,12311.0,0.0,537.0,
2026-07-08 06:38:38,60.0,0.000               ,590.93,200.0,933.0,0.0,60.75,60.750              ,60.75,60.75,60.75,60.75,60.75,60.75,60.75,13.518,9.815,73.643,65.979,14.186,24.337,24.719,11.981,29.772,1914.286,1914.286,3350.0,3375.0,2250.0,2250.0,1928.571,1928.571,3375.0,0.828,0.828,4.183,4.251,1.341,1.341,1.357,1.357,15.24,4996.0,12387.0,0.0,538.0,
2026-07-08 06:38:39,61.0,0.000               ,590.93,200.0,933.0,0.0,61.0,61.000              ,61.0,61.0,61.0,61.0,61.0,61.0,61.0,9.17,20.094,33.156,40.752,10.82,5.056,71.971,53.116,30.517,1522.222,1522.222,3425.0,3425.0,1712.5,1712.5,2283.333,2266.667,3425.0,0.929,0.929,2.155,2.155,0.745,0.745,3.742,3.742,14.861,5066.0,12461.0,0.0,539.0,
2026-07-08 06:38:40,61.0,0.000               ,590.93,200.0,933.0,0.0,61.125,61.125              ,61.125,61.125,61.125,61.125,61.125,61.125,61.125,11.367,20.25,19.16,45.474,20.824,14.043,42.811,72.467,30.799,3375.0,3375.0,3375.0,3375.0,2250.0,2250.0,2250.0,2250.0,3375.0,1.028,1.028,2.055,2.055,1.086,1.089,3.232,3.232,15.101,5139.0,12532.0,0.0,540.0,
2026-07-08 06:38:41,60.0,0.000               ,590.93,200.0,933.0,0.0,60.625,60.625              ,60.625,60.625,60.625,60.625,60.625,60.625,60.625,12.082,19.435,50.991,64.936,28.51,14.202,22.758,30.353,30.408,2680.0,2680.0,3375.0,3375.0,2250.0,2250.0,1928.571,1928.571,3375.0,0.999,0.999,3.501,3.508,1.204,1.2,1.646,1.646,15.082,5207.0,12606.0,0.0,541.0,
2026-07-08 06:38:43,60.0,0.000               ,590.93,200.0,933.0,0.0,60.0,60.000              ,60.0,60.0,60.0,60.0,60.0,60.0,60.0,9.848,11.816,40.301,42.625,42.636,37.85,30.096,21.49,29.583,2000.0,2000.0,2333.333,2925.0,2340.0,2340.0,2520.0,2560.0,2925.0,0.82,0.82,2.697,2.69,2.293,2.293,1.557,1.537,15.028,5329.0,12746.0,0.0,543.0,
2026-07-08 06:38:44,59.0,0.000               ,590.93,200.0,933.0,0.0,59.625,59.625              ,59.625,59.625,59.625,59.625,59.625,59.625,59.625,24.108,8.629,23.948,24.724,32.816,38.045,38.969,51.068,30.288,2200.0,2200.0,2640.0,2640.0,2200.0,2200.0,3400.0,3400.0,3400.0,1.034,1.034,1.658,1.658,1.797,1.799,3.147,3.186,15.175,5417.0,12818.0,0.0,544.0,
2026-07-08 06:38:45,59.0,0.000               ,590.93,200.0,933.0,0.0,59.875,59.875              ,59.875,59.875,59.875,59.875,59.875,59.875,59.875,12.959,6.789,86.355,57.329,16.062,25.473,49.792,38.41,36.646,1600.0,1600.0,3200.0,3225.0,2580.0,2580.0,2150.0,2150.0,3225.0,0.544,0.544,4.469,4.469,1.021,1.016,1.574,1.577,14.849,5462.0,12861.0,0.0,545.0,
2026-07-08 06:38:45,59.0,0.000               ,590.93,200.0,1200.0,0.0,59.0,59.000              ,59.0,59.0,59.0,59.0,59.0,59.0,59.0,19.944,29.935,32.268,46.299,26.315,48.635,54.26,9.778,33.429,2760.0,2760.0,3425.0,3425.0,1957.143,1957.143,2300.0,2300.0,3425.0,1.252,1.252,1.921,1.921,1.654,1.654,0.972,0.971,14.58,5412.0,12797.0,0.0,545.0,
2026-07-08 06:38:46,57.0,0.000               ,590.93,200.0,933.0,0.0,57.625,57.625              ,57.625,57.625,57.625,57.625,57.625,57.625,57.625,9.639,16.416,25.894,20.626,20.911,33.495,14.444,34.012,21.93,2333.333,2333.333,3500.0,3500.0,2333.333,2333.333,2800.0,2800.0,3500.0,0.844,0.844,1.298,1.298,1.514,1.514,1.404,1.407,13.075,4901.0,12268.0,0.0,546.0,
2026-07-08 06:38:47,58.0,0.000               ,590.93,200.0,933.0,0.0,58.0,58.000              ,58.0,58.0,58.0,58.0,58.0,58.0,58.0,26.832,20.535,26.272,45.653,8.772,6.949,25.546,13.212,21.721,3500.0,3500.0,2333.333,2333.333,2333.333,2333.333,2800.0,2800.0,3500.0,1.573,1.573,2.729,2.729,0.757,0.765,1.23,1.224,14.185,4200.0,11434.0,0.0,547.0,
2026-07-08 06:38:48,56.0,0.000               ,590.93,200.0,933.0,0.0,56.875,56.875              ,56.875,56.875,56.875,56.875,56.875,56.875,56.875,6.059,9.708,23.842,10.643,16.101,22.254,40.961,9.821,17.424,2333.333,2333.333,3500.0,3500.0,2333.333,2333.333,2333.333,2333.333,3500.0,0.726,0.726,1.24,1.24,1.487,1.479,1.568,1.568,12.621,3191.0,10416.0,0.0,548.0,
2026-07-08 06:38:49,56.0,0.000               ,666.039,200.0,1200.0,0.0,56.0,56.000              ,56.0,56.0,56.0,56.0,56.0,56.0,56.0,51.702,42.988,56.608,40.456,55.034,39.046,47.393,33.145,45.796,3500.0,3500.0,2800.0,2800.0,2333.333,2333.333,2333.333,2800.0,3500.0,1.813,1.814,1.829,1.829,1.579,1.589,1.402,1.401,17.209,3226.0,10389.0,31888.49,549.0,0.03
2026-07-08 06:38:50,55.0,32.000              ,666.039,200.0,933.0,0.0,55.0,55.000              ,55.0,55.0,55.0,55.0,55.0,55.0,55.0,14.552,15.522,38.594,17.831,20.906,6.878,23.601,6.312,18.024,2650.0,2650.0,3175.0,3175.0,2540.0,2540.0,2540.0,2540.0,3175.0,0.823,0.821,1.382,1.382,0.727,0.717,0.735,0.725,12.133,3226.0,10385.0,22.172,550.0,45.1
2026-07-08 06:38:51,53.0,59.000              ,666.039,200.0,933.0,0.0,53.5,53.500              ,53.5,53.5,53.5,53.5,53.5,53.5,53.5,13.278,16.087,16.71,21.84,21.442,2.372,16.694,2.701,13.89,2650.0,2650.0,2650.0,2650.0,2650.0,2650.0,2650.0,2650.0,2650.0,0.645,0.647,0.831,0.831,0.604,0.604,0.539,0.539,10.397,3222.0,10376.0,27.178,551.0,36.79
2026-07-08 06:38:52,53.0,54.000              ,619.039,200.0,933.0,0.0,53.75,53.750              ,53.75,53.75,53.75,53.75,53.75,53.75,53.75,12.8,23.718,37.912,15.82,22.989,3.477,19.421,3.393,17.441,2540.0,2540.0,3175.0,3175.0,2540.0,2540.0,2540.0,2540.0,3175.0,1.22,1.218,1.516,1.516,0.845,0.845,0.694,0.694,12.573,3223.0,10341.0,176.028,552.0,5.68
2026-07-08 06:38:53,54.0,47.000              ,619.039,200.0,933.0,0.0,54.5,54.500              ,54.5,54.5,54.5,54.5,54.5,54.5,54.5,17.285,12.67,60.525,13.757,15.534,1.659,16.529,2.639,17.575,1555.556,1555.556,3500.0,3500.0,2333.333,2333.333,2333.333,2333.333,3500.0,1.117,1.117,2.28,2.28,0.86,0.86,0.853,0.855,13.75,3223.0,10340.0,17.309,553.0,57.77
2026-07-08 06:38:54,55.0,43.000              ,639.527,200.0,933.0,0.0,55.125,55.125              ,55.125,55.125,55.125,55.125,55.125,55.125,55.125,16.568,15.798,59.182,19.622,23.954,6.397,26.843,6.762,21.891,2333.333,2333.333,3500.0,3500.0,2333.333,2333.333,2333.333,2333.333,3500.0,1.087,1.087,2.269,2.269,1.078,1.078,1.066,1.064,14.671,3248.0,10377.0,30.181,554.0,33.13
2026-07-08 06:38:55,53.0,56.000              ,639.535,200.0,933.0,0.0,53.625,53.625              ,53.625,53.625,53.625,53.625,53.625,53.625,53.625,14.733,13.858,15.515,20.628,22.013,2.88,15.422,4.273,13.665,2650.0,2650.0,2650.0,2650.0,2650.0,2650.0,2650.0,2650.0,2650.0,0.618,0.618,0.759,0.759,0.588,0.588,0.54,0.54,10.755,3240.0,10325.0,26.613,555.0,37.58
2026-07-08 06:38:56,53.0,64.000              ,639.551,200.0,933.0,0.0,53.25,53.250              ,53.25,53.25,53.25,53.25,53.25,53.25,53.25,16.809,15.222,31.92,19.107,23.584,2.876,20.832,4.552,16.863,2650.0,2650.0,2650.0,2650.0,2650.0,2650.0,2650.0,2650.0,2650.0,0.754,0.754,1.192,1.192,0.703,0.703,0.649,0.649,12.11,3240.0,10325.0,20.49,556.0,48.8
2026-07-08 06:38:57,52.0,63.000              ,639.555,200.0,933.0,0.0,52.625,52.625              ,52.625,52.625,52.625,52.625,52.625,52.625,52.625,4.951,3.889,15.227,4.629,25.325,2.392,4.819,6.61,8.48,2333.333,2333.333,3500.0,3500.0,2333.333,2333.333,2300.0,2300.0,3500.0,0.331,0.331,0.664,0.664,0.872,0.872,0.428,0.428,8.538,3061.0,10141.0,17.563,557.0,56.94
2026-07-08 06:38:58,52.0,32.000              ,497.145,200.0,1200.0,0.0,52.875,52.875              ,52.875,52.875,52.875,52.875,52.875,52.875,52.875,15.519,9.926,30.113,27.894,14.688,7.963,18.355,9.515,16.747,1700.0,1700.0,1700.0,1700.0,1275.0,1275.0,1700.0,1700.0,1700.0,0.817,0.817,2.326,2.326,0.609,0.643,1.013,1.014,11.505,2870.0,9051.0,0.0,558.0,
2026-07-08 06:38:59,53.0,12.000              ,532.625,200.0,1200.0,0.0,53.375,53.375              ,53.375,53.375,53.375,53.375,53.375,53.375,53.375,21.825,13.849,33.46,15.134,51.544,15.588,28.677,19.999,25.009,2233.333,2233.333,3350.0,3350.0,3200.0,3200.0,2560.0,2560.0,3350.0,1.162,1.162,1.687,1.687,2.164,2.128,1.46,1.467,14.141,2863.0,8692.0,0.0,559.0,
