08-07-2026 05:13:55,GPU temperature,GPU usage,Memory usage,Core clock,Memory clock,Fan tachometer,CPU1 temperature,CPU2 temperature,CPU3 temperature,CPU4 temperature,CPU5 temperature,CPU6 temperature,CPU7 temperature,CPU8 temperature,CPU temperature,CPU1 usage,CPU2 usage,CPU3 usage,CPU4 usage,CPU5 usage,CPU6 usage,CPU7 usage,CPU8 usage,CPU usage,CPU1 clock,CPU2 clock,CPU3 clock,CPU4 clock,CPU5 clock,CPU6 clock,CPU7 clock,CPU8 clock,CPU clock,CPU1 power,CPU2 power,CPU3 power,CPU4 power,CPU5 power,CPU6 power,CPU7 power,CPU8 power,CPU power,RAM usage,Commit charge,frametime,elapsed,fps
2026-07-08 05:13:55,0.0,°C                  ,0.0,100.0,10.0,,,,,,,,,,,,,,,,,,,,,,,,,,,,,,,,,,,,,,,,,0.0,
2026-07-08 05:13:55,1.0,%                   ,0.0,100.0,10.0,,,,,,,,,,,,,,,,,,,,,,,,,,,,,,,,,,,,,,,,,0.0,
2026-07-08 05:13:55,2.0,MB                  ,0.0,8192.0,10.0,,,,,,,,,,,,,,,,,,,,,,,,,,,,,,,,,,,,,,,,,0.0,
2026-07-08 05:13:55,3.0,MHz                 ,0.0,2500.0,10.0,,,,,,,,,,,,,,,,,,,,,,,,,,,,,,,,,,,,,,,,,0.0,
2026-07-08 05:13:55,4.0,MHz                 ,0.0,7500.0,10.0,,,,,,,,,,,,,,,,,,,,,,,,,,,,,,,,,,,,,,,,,0.0,
2026-07-08 05:13:55,5.0,RPM                 ,0.0,10000.0,10.0,,,,,,,,,,,,,,,,,,,,,,,,,,,,,,,,,,,,,,,,,0.0,
2026-07-08 05:13:55,6.0,°C                  ,0.0,100.0,10.0,,,,,,,,,,,,,,,,,,,,,,,,,,,,,,,,,,,,,,,,,0.0,
2026-07-08 05:13:55,7.0,°C                  ,0.0,100.0,10.0,,,,,,,,,,,,,,,,,,,,,,,,,,,,,,,,,,,,,,,,,0.0,
2026-07-08 05:13:55,8.0,°C                  ,0.0,100.0,10.0,,,,,,,,,,,,,,,,,,,,,,,,,,,,,,,,,,,,,,,,,0.0,
2026-07-08 05:13:55,9.0,°C                  ,0.0,100.0,10.0,,,,,,,,,,,,,,,,,,,,,,,,,,,,,,,,,,,,,,,,,0.0,
2026-07-08 05:13:55,10.0,°C                  ,0.0,100.0,10.0,,,,,,,,,,,,,,,,,,,,,,,,,,,,,,,,,,,,,,,,,0.0,
2026-07-08 05:13:55,11.0,°C                  ,0.0,100.0,10.0,,,,,,,,,,,,,,,,,,,,,,,,,,,,,,,,,,,,,,,,,0.0,
2026-07-08 05:13:55,12.0,°C                  ,0.0,100.0,10.0,,,,,,,,,,,,,,,,,,,,,,,,,,,,,,,,,,,,,,,,,0.0,
2026-07-08 05:13:55,13.0,°C                  ,0.0,100.0,10.0,,,,,,,,,,,,,,,,,,,,,,,,,,,,,,,,,,,,,,,,,0.0,
2026-07-08 05:13:55,14.0,°C                  ,0.0,100.0,10.0,,,,,,,,,,,,,,,,,,,,,,,,,,,,,,,,,,,,,,,,,0.0,
2026-07-08 05:13:55,15.0,%                   ,0.0,100.0,10.0,,,,,,,,,,,,,,,,,,,,,,,,,,,,,,,,,,,,,,,,,0.0,
2026-07-08 05:13:55,16.0,%                   ,0.0,100.0,10.0,,,,,,,,,,,,,,,,,,,,,,,,,,,,,,,,,,,,,,,,,0.0,
2026-07-08 05:13:55,17.0,%                   ,0.0,100.0,10.0,,,,,,,,,,,,,,,,,,,,,,,,,,,,,,,,,,,,,,,,,0.0,
2026-07-08 05:13:55,18.0,%                   ,0.0,100.0,10.0,,,,,,,,,,,,,,,,,,,,,,,,,,,,,,,,,,,,,,,,,0.0,
2026-07-08 05:13:55,19.0,%                   ,0.0,100.0,10.0,,,,,,,,,,,,,,,,,,,,,,,,,,,,,,,,,,,,,,,,,0.0,
2026-07-08 05:13:55,20.0,%                   ,0.0,100.0,10.0,,,,,,,,,,,,,,,,,,,,,,,,,,,,,,,,,,,,,,,,,0.0,
2026-07-08 05:13:55,21.0,%                   ,0.0,100.0,10.0,,,,,,,,,,,,,,,,,,,,,,,,,,,,,,,,,,,,,,,,,0.0,
2026-07-08 05:13:55,22.0,%                   ,0.0,100.0,10.0,,,,,,,,,,,,,,,,,,,,,,,,,,,,,,,,,,,,,,,,,0.0,
2026-07-08 05:13:55,23.0,%                   ,0.0,100.0,10.0,,,,,,,,,,,,,,,,,,,,,,,,,,,,,,,,,,,,,,,,,0.0,
2026-07-08 05:13:55,24.0,MHz                 ,0.0,5000.0,10.0,,,,,,,,,,,,,,,,,,,,,,,,,,,,,,,,,,,,,,,,,0.0,
2026-07-08 05:13:55,25.0,MHz                 ,0.0,5000.0,10.0,,,,,,,,,,,,,,,,,,,,,,,,,,,,,,,,,,,,,,,,,0.0,
2026-07-08 05:13:55,26.0,MHz                 ,0.0,5000.0,10.0,,,,,,,,,,,,,,,,,,,,,,,,,,,,,,,,,,,,,,,,,0.0,
2026-07-08 05:13:55,27.0,MHz                 ,0.0,5000.0,10.0,,,,,,,,,,,,,,,,,,,,,,,,,,,,,,,,,,,,,,,,,0.0,
2026-07-08 05:13:55,28.0,MHz                 ,0.0,5000.0,10.0,,,,,,,,,,,,,,,,,,,,,,,,,,,,,,,,,,,,,,,,,0.0,
2026-07-08 05:13:55,29.0,MHz                 ,0.0,5000.0,10.0,,,,,,,,,,,,,,,,,,,,,,,,,,,,,,,,,,,,,,,,,0.0,
2026-07-08 05:13:55,30.0,MHz                 ,0.0,5000.0,10.0,,,,,,,,,,,,,,,,,,,,,,,,,,,,,,,,,,,,,,,,,0.0,
2026-07-08 05:13:55,31.0,MHz                 ,0.0,5000.0,10.0,,,,,,,,,,,,,,,,,,,,,,,,,,,,,,,,,,,,,,,,,0.0,
2026-07-08 05:13:55,32.0,MHz                 ,0.0,5000.0,10.0,,,,,,,,,,,,,,,,,,,,,,,,,,,,,,,,,,,,,,,,,0.0,
2026-07-08 05:13:55,33.0,W                   ,0.0,200.0,10.0,,,%.1f                ,,,,,,,,,,,,,,,,,,,,,,,,,,,,,,,,,,,,,,0.0,
2026-07-08 05:13:55,34.0,W                   ,0.0,200.0,10.0,,,%.1f                ,,,,,,,,,,,,,,,,,,,,,,,,,,,,,,,,,,,,,,0.0,
2026-07-08 05:13:55,35.0,W                   ,0.0,200.0,10.0,,,%.1f                ,,,,,,,,,,,,,,,,,,,,,,,,,,,,,,,,,,,,,,0.0,
2026-07-08 05:13:55,36.0,W                   ,0.0,200.0,10.0,,,%.1f                ,,,,,,,,,,,,,,,,,,,,,,,,,,,,,,,,,,,,,,0.0,
2026-07-08 05:13:55,37.0,W                   ,0.0,200.0,10.0,,,%.1f                ,,,,,,,,,,,,,,,,,,,,,,,,,,,,,,,,,,,,,,0.0,
2026-07-08 05:13:55,38.0,W                   ,0.0,200.0,10.0,,,%.1f                ,,,,,,,,,,,,,,,,,,,,,,,,,,,,,,,,,,,,,,0.0,
2026-07-08 05:13:55,39.0,W                   ,0.0,200.0,10.0,,,%.1f                ,,,,,,,,,,,,,,,,,,,,,,,,,,,,,,,,,,,,,,0.0,
2026-07-08 05:13:55,40.0,W                   ,0.0,200.0,10.0,,,%.1f                ,,,,,,,,,,,,,,,,,,,,,,,,,,,,,,,,,,,,,,0.0,
2026-07-08 05:13:55,41.0,W                   ,0.0,200.0,10.0,,,%.1f                ,,,,,,,,,,,,,,,,,,,,,,,,,,,,,,,,,,,,,,0.0,
2026-07-08 05:13:55,42.0,MB                  ,0.0,16384.0,10.0,,,,,,,,,,,,,,,,,,,,,,,,,,,,,,,,,,,,,,,,,0.0,
2026-07-08 05:13:55,43.0,MB                  ,0.0,16384.0,10.0,,,,,,,,,,,,,,,,,,,,,,,,,,,,,,,,,,,,,,,,,0.0,
2026-07-08 05:13:55,44.0,ms                  ,0.0,50.0,10.0,,,%.1f                ,,,,,,,,,,,,,,,,,,,,,,,,,,,,,,,,,,,,,,0.0,
2026-07-08 05:13:55,57.0,8.000               ,488.797,200.0,1200.0,0.0,57.75,57.750              ,57.75,57.75,57.75,57.75,57.75,57.75,57.75,41.213,27.636,51.048,37.368,55.43,45.834,45.999,31.378,41.988,2650.0,2650.0,2650.0,3050.0,2300.0,2300.0,2760.0,2760.0,3050.0,1.356,1.356,1.87,1.87,1.807,1.805,1.495,1.495,17.036,2929.0,8432.0,0.0,0.0,
2026-07-08 05:13:56,57.0,10.000              ,488.797,200.0,1200.0,0.0,57.125,57.125              ,57.125,57.125,57.125,57.125,57.125,57.125,57.125,10.585,4.305,17.609,5.896,14.251,5.394,9.544,6.209,9.224,2250.0,2250.0,2250.0,2250.0,3375.0,3375.0,3300.0,3300.0,3375.0,0.599,0.599,0.92,0.92,0.664,0.664,0.565,0.566,11.78,3019.0,8542.0,0.0,1.0,
2026-07-08 05:13:57,57.0,4.000               ,494.691,200.0,1200.0,0.0,57.75,57.750              ,57.75,57.75,57.75,57.75,57.75,57.75,57.75,65.335,51.67,78.56,63.422,70.028,61.299,76.898,55.604,65.352,2800.0,2800.0,3500.0,3500.0,2333.333,2800.0,2800.0,2800.0,3500.0,1.461,1.466,2.117,2.117,1.558,1.558,1.621,1.622,17.812,3016.0,8502.0,0.0,2.0,
2026-07-08 05:13:58,57.0,1.000               ,495.277,200.0,1200.0,0.0,57.875,57.875              ,57.875,57.875,57.875,57.875,57.875,57.875,57.875,89.712,75.056,81.68,85.511,79.704,78.133,84.104,82.114,82.002,2100.0,2100.0,2080.0,2080.0,2060.0,2040.0,2040.0,2040.0,2100.0,1.32,1.318,1.361,1.361,1.207,1.207,1.326,1.324,15.364,3075.0,8543.0,0.0,3.0,
2026-07-08 05:13:59,58.0,2.000               ,495.492,200.0,1200.0,0.0,58.125,58.125              ,58.125,58.125,58.125,58.125,58.125,58.125,58.125,42.496,40.995,55.551,48.938,56.418,38.168,46.696,41.335,46.325,1800.0,1800.0,2160.0,2160.0,1800.0,1800.0,1800.0,1800.0,2160.0,1.13,1.128,1.352,1.341,1.257,1.257,1.106,1.109,14.668,3082.0,8537.0,0.0,4.0,
2026-07-08 05:14:00,58.0,1.000               ,500.914,200.0,1200.0,0.0,58.5,58.500              ,58.5,58.5,58.5,58.5,58.5,58.5,58.5,27.414,14.084,18.364,61.883,24.328,11.953,46.671,17.234,27.741,2220.0,2220.0,2775.0,2725.0,2160.0,2160.0,2675.0,2675.0,2775.0,0.835,0.835,2.127,2.151,0.738,0.738,1.234,1.231,14.874,3184.0,8636.0,0.0,5.0,
2026-07-08 05:14:01,58.0,0.000               ,500.914,200.0,1200.0,0.0,58.75,58.750              ,58.75,58.75,58.75,58.75,58.75,58.75,58.75,10.819,6.115,1.925,79.878,10.741,3.683,6.618,2.464,15.28,1885.714,1885.714,3300.0,3150.0,1800.0,1800.0,1800.0,1800.0,3300.0,0.68,0.681,2.704,2.704,0.611,0.611,0.582,0.582,15.198,3723.0,9163.0,0.0,6.0,
2026-07-08 05:14:02,59.0,0.000               ,500.914,200.0,1200.0,0.0,59.75,59.750              ,59.75,59.75,59.75,59.75,59.75,59.75,59.75,10.906,6.505,0.997,85.794,15.69,2.772,3.525,1.553,15.968,2316.667,2316.667,3475.0,3425.0,3150.0,3150.0,2100.0,2100.0,3475.0,0.711,0.713,2.993,3.005,0.787,0.787,0.437,0.437,15.314,3774.0,9214.0,0.0,7.0,
2026-07-08 05:14:03,60.0,0.000               ,500.914,200.0,1200.0,0.0,60.5,60.500              ,60.5,60.5,60.5,60.5,60.5,60.5,60.5,13.406,31.583,2.733,73.961,9.418,3.256,15.188,2.991,19.067,2460.0,2460.0,3075.0,3225.0,1612.5,1612.5,2150.0,2150.0,3225.0,1.463,1.473,2.645,2.638,0.511,0.511,0.624,0.624,15.224,3779.0,9229.0,0.0,8.0,
2026-07-08 05:14:04,60.0,0.000               ,500.914,200.0,1200.0,0.0,60.625,60.625              ,60.625,60.625,60.625,60.625,60.625,60.625,60.625,13.137,4.682,4.185,78.115,17.841,1.736,12.745,0.278,16.59,1828.571,1828.571,3200.0,3200.0,1828.571,1828.571,2520.0,2520.0,3200.0,0.681,0.681,2.99,2.976,0.924,0.924,0.517,0.517,15.18,3865.0,9311.0,0.0,9.0,
2026-07-08 05:14:05,60.0,0.000               ,500.914,200.0,1200.0,0.0,60.0,60.000              ,60.0,60.0,60.0,60.0,60.0,60.0,60.0,14.438,8.114,2.144,69.334,16.45,1.785,2.615,1.422,14.538,3500.0,3500.0,2333.333,2333.333,2600.0,2600.0,1857.143,1857.143,3500.0,1.052,1.052,3.031,3.046,0.845,0.845,0.05,0.05,15.204,4109.0,9397.0,0.0,10.0,
2026-07-08 05:14:06,59.0,0.000               ,538.469,200.0,1200.0,0.0,59.25,59.250              ,59.25,59.25,59.25,59.25,59.25,59.25,59.25,29.193,14.677,43.49,40.886,38.184,8.835,12.121,35.12,27.813,2333.333,2333.333,3500.0,3500.0,2333.333,2333.333,2333.333,2333.333,3500.0,1.015,1.015,2.225,2.225,1.164,1.164,0.954,0.956,15.447,4065.0,9647.0,0.0,11.0,
2026-07-08 05:14:07,59.0,0.000               ,548.141,200.0,1200.0,0.0,59.125,59.125              ,59.125,59.125,59.125,59.125,59.125,59.125,59.125,54.484,36.845,30.49,35.368,50.287,18.007,42.881,7.218,34.447,2120.0,2120.0,2650.0,2650.0,2120.0,2080.0,2080.0,2080.0,2650.0,1.491,1.494,1.126,1.126,1.442,1.442,0.946,0.943,15.834,4144.0,9738.0,0.0,12.0,
2026-07-08 05:14:08,59.0,16.000              ,553.688,200.0,1200.0,0.0,59.375,59.375              ,59.375,59.375,59.375,59.375,59.375,59.375,59.375,23.02,17.52,86.991,13.599,14.114,3.241,15.454,1.778,21.964,2320.0,2320.0,2900.0,2900.0,1933.333,1933.333,2220.0,2220.0,2900.0,0.854,0.838,2.873,2.873,0.554,0.554,0.521,0.521,14.488,4253.0,9840.0,0.0,13.0,
2026-07-08 05:14:09,60.0,16.000              ,544.367,200.0,1200.0,0.0,60.0,60.000              ,60.0,60.0,60.0,60.0,60.0,60.0,60.0,8.558,5.432,6.954,39.053,13.866,2.467,58.798,2.457,17.198,1800.0,1800.0,2160.0,2160.0,3300.0,3300.0,2640.0,2640.0,3300.0,0.59,0.6,1.619,1.619,0.595,0.596,2.233,2.233,15.127,4324.0,9906.0,0.0,14.0,
2026-07-08 05:14:10,59.0,0.000               ,577.602,200.0,1200.0,0.0,59.375,59.375              ,59.375,59.375,59.375,59.375,59.375,59.375,59.375,35.1,17.766,56.15,26.633,32.809,4.637,38.148,17.142,28.548,2250.0,2250.0,3375.0,3375.0,2500.0,2500.0,2500.0,2500.0,3375.0,1.042,1.042,2.118,2.118,0.868,0.867,1.322,1.322,15.966,4346.0,9983.0,0.0,15.0,
2026-07-08 05:14:11,58.0,23.000              ,588.668,200.0,1200.0,0.0,58.0,58.000              ,58.0,58.0,58.0,58.0,58.0,58.0,58.0,49.044,36.833,42.752,26.989,39.327,30.741,73.173,15.658,39.315,1980.0,1980.0,1980.0,1980.0,1980.0,1980.0,2450.0,2450.0,2450.0,0.981,0.983,0.78,0.78,0.952,0.954,1.577,1.577,15.052,4360.0,10004.0,0.0,16.0,
2026-07-08 05:14:12,57.0,44.000              ,588.688,200.0,1200.0,0.0,57.75,57.750              ,57.75,57.75,57.75,57.75,57.75,57.75,57.75,52.142,18.253,47.924,33.0,48.61,29.995,57.19,7.861,36.872,2425.0,2425.0,1920.0,1920.0,1920.0,1920.0,2400.0,2400.0,2425.0,1.094,1.094,1.087,1.087,1.156,1.153,1.177,1.177,15.029,4367.0,10050.0,51.21,17.0,19.53
2026-07-08 05:14:13,57.0,46.000              ,619.996,200.0,1200.0,0.0,57.75,57.750              ,57.75,57.75,57.75,57.75,57.75,57.75,57.75,51.777,14.37,52.294,24.696,42.844,18.718,55.223,17.427,34.668,2650.0,2650.0,2120.0,2120.0,2120.0,2120.0,2120.0,2120.0,2650.0,1.005,1.003,1.098,1.098,0.851,0.851,1.215,1.215,15.416,4393.0,10105.0,36.402,18.0,27.47
2026-07-08 05:14:14,57.0,57.000              ,640.223,200.0,1200.0,0.0,57.75,57.750              ,57.75,57.75,57.75,57.75,57.75,57.75,57.75,48.379,22.446,46.13,41.082,49.776,14.523,69.957,6.296,37.324,1900.0,1900.0,2375.0,2375.0,1880.0,1880.0,1880.0,1880.0,2375.0,0.89,0.89,0.939,0.939,0.789,0.784,1.315,1.335,15.024,4401.0,10138.0,46.634,19.0,21.44
2026-07-08 05:14:15,57.0,59.000              ,640.223,200.0,1200.0,0.0,57.5,57.500              ,57.5,57.5,57.5,57.5,57.5,57.5,57.5,45.828,13.012,29.714,41.715,50.332,15.982,66.844,25.299,36.091,2475.0,2475.0,1980.0,1980.0,1980.0,1980.0,2000.0,2000.0,2475.0,0.923,0.926,0.856,0.862,0.773,0.78,1.863,1.849,14.919,4378.0,10109.0,17.174,20.0,58.23
2026-07-08 05:14:16,57.0,54.000              ,638.574,200.0,1200.0,0.0,57.5,57.500              ,57.5,57.5,57.5,57.5,57.5,57.5,57.5,48.201,21.428,30.598,51.169,58.771,19.318,62.64,20.597,39.09,2060.0,2060.0,2060.0,2060.0,2060.0,2060.0,2575.0,2575.0,2575.0,0.985,0.982,0.93,0.92,1.029,1.027,1.563,1.564,15.244,4378.0,10120.0,19.589,21.0,51.05
2026-07-08 05:14:17,58.0,33.000              ,638.574,200.0,1200.0,0.0,58.5,58.500              ,58.5,58.5,58.5,58.5,58.5,58.5,58.5,18.752,20.187,29.011,9.627,92.473,13.319,58.32,11.109,31.6,2020.0,2020.0,2020.0,2020.0,2525.0,2525.0,2020.0,2020.0,2525.0,0.752,0.752,0.714,0.717,2.037,2.037,1.467,1.467,14.911,4427.0,10155.0,1101.019,22.0,0.91
2026-07-08 05:14:18,57.0,19.000              ,636.848,200.0,1200.0,0.0,57.5,57.500              ,57.5,57.5,57.5,57.5,57.5,57.5,57.5,16.455,11.451,35.822,14.981,39.177,2.081,50.798,9.164,22.491,2120.0,2120.0,1766.667,1766.667,2650.0,2650.0,1766.667,1766.667,2650.0,0.619,0.619,0.886,0.885,0.858,0.858,1.11,1.11,14.957,4431.0,10149.0,36.037,23.0,27.75
2026-07-08 05:14:19,57.0,38.000              ,636.891,200.0,1200.0,0.0,57.75,57.750              ,57.75,57.75,57.75,57.75,57.75,57.75,57.75,36.963,30.333,55.665,26.792,44.034,28.555,50.446,31.736,38.065,2440.0,2440.0,3050.0,3050.0,2440.0,2440.0,2440.0,2440.0,3050.0,0.842,0.842,1.03,1.032,0.945,0.947,1.04,1.04,15.545,4389.0,10109.0,20.931,24.0,47.78
2026-07-08 05:14:20,57.0,55.000              ,636.863,200.0,1200.0,0.0,57.875,57.875              ,57.875,57.875,57.875,57.875,57.875,57.875,57.875,59.072,47.497,66.901,53.224,63.394,41.832,52.985,63.283,56.023,1940.0,1940.0,2425.0,2425.0,1920.0,1920.0,1920.0,1920.0,2425.0,0.9,0.9,0.985,0.985,0.863,0.862,0.963,0.954,15.399,4434.0,10161.0,126.792,25.0,7.89
2026-07-08 05:14:21,57.0,59.000              ,629.777,200.0,1200.0,0.0,57.75,57.750              ,57.75,57.75,57.75,57.75,57.75,57.75,57.75,46.138,34.42,89.614,77.318,44.564,47.278,61.171,32.902,54.176,1650.0,1650.0,1980.0,1980.0,1650.0,1650.0,1650.0,1650.0,1980.0,0.614,0.614,1.205,1.208,0.673,0.671,0.679,0.683,14.859,4434.0,10158.0,18.106,26.0,55.23
2026-07-08 05:14:22,57.0,59.000              ,629.777,200.0,1200.0,0.0,57.875,57.875              ,57.875,57.875,57.875,57.875,57.875,57.875,57.875,53.941,31.084,86.81,59.523,63.996,37.594,60.288,38.113,53.919,1800.0,1800.0,2250.0,2250.0,1800.0,1800.0,1800.0,1800.0,2250.0,0.713,0.713,1.345,1.348,0.842,0.842,0.795,0.797,15.547,4450.0,10247.0,17.935,27.0,55.76
2026-07-08 05:14:23,57.0,57.000              ,629.777,200.0,1200.0,0.0,57.875,57.875              ,57.875,57.875,57.875,57.875,57.875,57.875,57.875,81.646,72.484,89.384,86.329,74.362,85.107,80.728,85.649,81.961,1583.333,1583.333,1583.333,1583.333,1583.333,1583.333,1583.333,1583.333,1583.333,0.751,0.751,0.905,0.903,0.831,0.831,0.857,0.856,14.978,4562.0,10405.0,18.061,28.0,55.37
2026-07-08 05:14:24,58.0,60.000              ,629.777,200.0,1200.0,0.0,58.0,58.000              ,58.0,58.0,58.0,58.0,58.0,58.0,58.0,75.015,66.39,76.336,78.321,70.634,70.033,71.284,69.841,72.232,1457.143,1457.143,1700.0,1700.0,1457.143,1457.143,1700.0,1700.0,1700.0,0.766,0.766,0.906,0.907,0.793,0.793,0.84,0.843,15.043,4626.0,10460.0,18.996,29.0,52.64
2026-07-08 05:14:25,58.0,65.000              ,609.23,200.0,1200.0,0.0,58.0,58.000              ,58.0,58.0,58.0,58.0,58.0,58.0,58.0,54.731,23.393,48.182,45.781,48.525,44.328,60.374,44.239,46.194,1683.333,1683.333,2020.0,2020.0,1683.333,1683.333,1683.333,1980.0,2020.0,0.674,0.675,0.829,0.828,0.809,0.809,0.949,0.946,14.639,4689.0,10511.0,24.684,30.0,40.51
2026-07-08 05:14:26,58.0,61.000              ,609.23,200.0,1200.0,0.0,58.0,58.000              ,58.0,58.0,58.0,58.0,58.0,58.0,58.0,41.853,33.431,30.737,55.709,50.442,42.298,65.905,41.74,45.264,1880.0,1880.0,2350.0,2350.0,1880.0,2225.0,1760.0,1760.0,2350.0,0.688,0.687,0.803,0.805,0.86,0.86,1.027,1.027,15.199,4751.0,10591.0,17.846,31.0,56.03
2026-07-08 05:14:27,58.0,58.000              ,609.23,200.0,1200.0,0.0,58.0,58.000              ,58.0,58.0,58.0,58.0,58.0,58.0,58.0,53.657,33.066,52.111,48.504,66.67,33.406,62.062,33.784,47.908,1760.0,1760.0,1760.0,1760.0,2200.0,2200.0,1760.0,1760.0,2200.0,0.803,0.799,0.941,0.937,0.949,0.951,0.959,0.959,15.036,4756.0,10579.0,17.581,32.0,56.88
2026-07-08 05:14:28,58.0,57.000              ,609.23,200.0,1200.0,0.0,58.0,58.000              ,58.0,58.0,58.0,58.0,58.0,58.0,58.0,63.204,37.435,60.898,42.032,67.706,37.693,67.992,48.033,53.124,1820.0,1820.0,1820.0,1820.0,1820.0,1820.0,2275.0,2275.0,2275.0,0.832,0.841,0.843,0.845,0.894,0.892,1.017,1.017,15.169,4732.0,10543.0,19.599,33.0,51.02
2026-07-08 05:14:29,58.0,59.000              ,609.23,200.0,1200.0,0.0,58.0,58.000              ,58.0,58.0,58.0,58.0,58.0,58.0,58.0,65.191,45.081,55.013,59.907,65.252,47.189,56.06,68.027,57.715,1683.333,1683.333,1683.333,1683.333,1683.333,2000.0,1666.667,1666.667,2000.0,0.841,0.838,0.87,0.868,0.807,0.807,0.999,0.998,14.93,4732.0,10545.0,17.657,34.0,56.63
2026-07-08 05:14:30,57.0,61.000              ,609.105,200.0,1200.0,0.0,57.75,57.750              ,57.75,57.75,57.75,57.75,57.75,57.75,57.75,54.345,37.571,48.299,44.627,55.276,53.146,44.377,54.101,48.968,1783.333,1766.667,1766.667,1766.667,1766.667,1766.667,2120.0,2120.0,2120.0,0.826,0.826,0.835,0.835,0.904,0.903,1.027,1.027,15.044,4806.0,10620.0,17.916,35.0,55.82
2026-07-08 05:14:31,57.0,62.000              ,609.105,200.0,1200.0,0.0,57.75,57.750              ,57.75,57.75,57.75,57.75,57.75,57.75,57.75,44.62,32.394,55.709,43.415,52.078,60.717,59.633,48.946,49.689,1783.333,1783.333,1766.667,1766.667,2120.0,2100.0,1750.0,2080.0,2120.0,0.695,0.695,0.903,0.903,0.931,0.931,1.088,1.088,15.043,4901.0,10718.0,21.331,36.0,46.88
2026-07-08 05:14:32,57.0,63.000              ,609.105,200.0,1200.0,0.0,57.75,57.750              ,57.75,57.75,57.75,57.75,57.75,57.75,57.75,51.828,40.363,45.776,48.018,53.924,58.76,54.875,41.951,49.437,1760.0,1780.0,1780.0,1760.0,1760.0,1816.667,2180.0,2180.0,2180.0,0.844,0.844,0.816,0.816,0.908,0.909,0.833,0.833,14.965,4973.0,10790.0,18.135,37.0,55.14
2026-07-08 05:14:33,57.0,64.000              ,609.105,200.0,1200.0,0.0,57.875,57.875              ,57.875,57.875,57.875,57.875,57.875,57.875,57.875,43.378,43.301,44.636,58.975,52.954,51.681,54.13,52.293,50.169,1900.0,1800.0,1820.0,1820.0,2275.0,2275.0,1820.0,1820.0,2275.0,0.775,0.775,0.897,0.897,0.896,0.897,0.972,0.972,15.13,5001.0,10811.0,18.009,38.0,55.53
2026-07-08 05:14:34,57.0,65.000              ,609.105,200.0,1200.0,0.0,57.875,57.875              ,57.875,57.875,57.875,57.875,57.875,57.875,57.875,45.069,34.606,52.029,57.033,48.439,64.345,51.352,53.714,50.823,1800.0,1800.0,2200.0,2200.0,1760.0,1780.0,2225.0,2225.0,2225.0,0.684,0.684,0.96,0.96,0.912,0.91,0.909,0.909,15.088,5028.0,10835.0,24.644,39.0,40.58
2026-07-08 05:14:35,57.0,62.000              ,609.105,200.0,1200.0,0.0,57.875,57.875              ,57.875,57.875,57.875,57.875,57.875,57.875,57.875,50.634,53.527,46.109,48.155,61.273,33.196,57.287,38.38,48.57,1816.667,1816.667,1816.667,1816.667,1816.667,1816.667,2200.0,2180.0,2200.0,0.836,0.836,0.837,0.837,0.869,0.872,0.879,0.879,14.995,4836.0,10654.0,20.455,40.0,48.89
2026-07-08 05:14:36,57.0,60.000              ,609.105,200.0,1200.0,0.0,57.75,57.750              ,57.75,57.75,57.75,57.75,57.75,57.75,57.75,44.148,29.311,44.984,52.046,63.289,31.467,67.096,37.456,46.225,1900.0,1900.0,1860.0,1860.0,1860.0,1860.0,2325.0,2325.0,2325.0,0.782,0.782,1.024,1.024,1.06,1.057,1.154,1.154,15.096,4886.0,10696.0,18.782,41.0,53.24
2026-07-08 05:14:37,57.0,59.000              ,609.105,200.0,1200.0,0.0,57.75,57.750              ,57.75,57.75,57.75,57.75,57.75,57.75,57.75,55.874,32.973,66.333,41.774,60.291,37.096,71.79,26.14,49.034,1780.0,1760.0,1760.0,1760.0,2200.0,2200.0,1760.0,1760.0,2200.0,0.859,0.859,1.227,1.227,0.967,0.969,1.026,1.026,15.048,4925.0,10738.0,17.845,42.0,56.04
2026-07-08 05:14:38,57.0,58.000              ,609.105,200.0,1200.0,0.0,57.75,57.750              ,57.75,57.75,57.75,57.75,57.75,57.75,57.75,51.368,35.389,54.9,48.417,56.034,52.171,58.228,29.145,48.206,1760.0,1760.0,1760.0,1816.667,2160.0,2160.0,1800.0,1816.667,2160.0,0.82,0.82,1.006,1.008,0.992,0.992,0.889,0.889,14.947,4811.0,10734.0,17.951,43.0,55.71
2026-07-08 05:14:39,57.0,61.000              ,609.105,200.0,1200.0,0.0,57.75,57.750              ,57.75,57.75,57.75,57.75,57.75,57.75,57.75,51.061,24.927,69.273,36.701,51.268,59.183,67.252,24.686,48.044,1760.0,1760.0,1760.0,1760.0,2200.0,2160.0,1783.333,1783.333,2200.0,0.836,0.836,1.189,1.187,1.068,1.067,0.996,0.996,15.15,4827.0,10751.0,17.685,44.0,56.55
2026-07-08 05:14:40,57.0,63.000              ,609.105,200.0,1200.0,0.0,57.75,57.750              ,57.75,57.75,57.75,57.75,57.75,57.75,57.75,59.761,23.378,63.545,38.515,56.123,45.045,66.933,24.182,47.185,1820.0,1820.0,1820.0,1820.0,2275.0,2275.0,1820.0,1820.0,2275.0,0.868,0.868,1.052,1.052,0.988,0.991,0.984,0.984,15.041,4867.0,10793.0,17.716,45.0,56.45
2026-07-08 05:14:41,57.0,63.000              ,609.105,200.0,1200.0,0.0,57.75,57.750              ,57.75,57.75,57.75,57.75,57.75,57.75,57.75,58.321,27.185,61.589,46.906,53.542,50.031,58.005,32.469,48.506,1766.667,1766.667,2120.0,2120.0,2080.0,2080.0,2080.0,2080.0,2120.0,0.87,0.871,1.09,1.09,0.967,0.964,0.914,0.914,15.051,4902.0,10829.0,18.224,46.0,54.87
2026-07-08 05:14:42,57.0,63.000              ,609.105,200.0,1200.0,0.0,57.75,57.750              ,57.75,57.75,57.75,57.75,57.75,57.75,57.75,46.414,38.059,47.69,50.287,52.429,46.361,60.982,43.952,48.272,1800.0,1783.333,1783.333,2140.0,2140.0,2140.0,2160.0,2160.0,2160.0,0.86,0.859,0.91,0.91,0.854,0.851,1.071,1.074,15.019,4992.0,10915.0,17.55,47.0,56.98
2026-07-08 05:14:43,57.0,63.000              ,609.105,200.0,1200.0,0.0,57.75,57.750              ,57.75,57.75,57.75,57.75,57.75,57.75,57.75,50.743,33.018,57.549,45.407,51.531,53.158,66.498,36.717,49.327,1780.0,1780.0,1780.0,1780.0,2225.0,2200.0,1760.0,1760.0,2225.0,0.805,0.805,0.958,0.958,0.94,0.95,1.035,1.033,15.043,5031.0,10968.0,18.236,48.0,54.84
2026-07-08 05:14:44,57.0,62.000              ,609.105,200.0,1200.0,0.0,57.75,57.750              ,57.75,57.75,57.75,57.75,57.75,57.75,57.75,55.614,32.647,60.426,47.678,58.359,54.691,44.253,45.884,49.944,2300.0,2300.0,1840.0,1840.0,1820.0,1820.0,2275.0,2275.0,2300.0,0.734,0.734,0.875,0.875,0.884,0.879,0.75,0.75,15.112,5052.0,10979.0,19.168,49.0,52.17
2026-07-08 05:14:45,57.0,62.000              ,609.105,200.0,1200.0,0.0,57.75,57.750              ,57.75,57.75,57.75,57.75,57.75,57.75,57.75,46.467,32.726,59.492,46.775,56.067,48.308,54.866,41.63,48.291,1766.667,1766.667,2060.0,2080.0,1733.333,1716.667,1733.333,2060.0,2080.0,0.654,0.655,0.846,0.848,0.786,0.786,0.783,0.784,15.059,5059.0,11002.0,17.84,50.0,56.05
2026-07-08 05:14:46,57.0,64.000              ,609.105,200.0,1200.0,0.0,57.75,57.750              ,57.75,57.75,57.75,57.75,57.75,57.75,57.75,44.116,36.743,48.371,62.236,53.787,46.818,44.56,53.595,48.778,1733.333,1733.333,2080.0,2060.0,2060.0,2080.0,1733.333,1733.333,2080.0,0.678,0.676,0.879,0.879,0.753,0.753,0.835,0.834,15.005,5097.0,11019.0,17.852,51.0,56.02
2026-07-08 05:14:47,57.0,65.000              ,609.105,200.0,1200.0,0.0,57.75,57.750              ,57.75,57.75,57.75,57.75,57.75,57.75,57.75,46.988,30.183,57.648,47.508,60.37,47.236,61.565,36.088,48.448,1816.667,1816.667,2180.0,2160.0,2160.0,2140.0,1783.333,1733.333,2180.0,0.667,0.667,0.821,0.819,0.856,0.86,0.766,0.766,15.087,5101.0,11033.0,18.102,52.0,55.24
2026-07-08 05:14:48,57.0,65.000              ,579.602,200.0,1200.0,0.0,57.75,57.750              ,57.75,57.75,57.75,57.75,57.75,57.75,57.75,56.469,27.504,64.759,53.773,54.001,45.875,52.229,37.369,48.997,1700.0,1716.667,2060.0,2060.0,1716.667,1700.0,2040.0,2040.0,2060.0,0.692,0.692,0.925,0.925,0.759,0.757,0.735,0.736,15.07,5098.0,11035.0,17.887,53.0,55.91
2026-07-08 05:14:49,57.0,65.000              ,579.602,200.0,1200.0,0.0,57.75,57.750              ,57.75,57.75,57.75,57.75,57.75,57.75,57.75,58.328,31.718,54.762,44.653,52.769,52.075,65.277,22.888,47.809,2060.0,2020.0,1683.333,1716.667,2060.0,2060.0,1716.667,1716.667,2060.0,0.729,0.729,0.795,0.795,0.837,0.836,0.735,0.732,14.914,5138.0,11048.0,17.789,54.0,56.21
2026-07-08 05:14:50,57.0,65.000              ,579.602,200.0,1200.0,0.0,57.75,57.750              ,57.75,57.75,57.75,57.75,57.75,57.75,57.75,58.087,32.745,54.118,50.486,50.51,58.534,61.659,28.282,49.303,1716.667,1716.667,1700.0,1716.667,2060.0,2060.0,1716.667,1716.667,2060.0,0.722,0.723,0.785,0.785,0.857,0.857,0.74,0.742,15.181,5165.0,11072.0,17.507,55.0,57.12
2026-07-08 05:14:51,57.0,65.000              ,579.602,200.0,1200.0,0.0,57.75,57.750              ,57.75,57.75,57.75,57.75,57.75,57.75,57.75,60.551,34.136,81.384,74.942,58.635,56.789,58.208,46.255,58.862,1733.333,1700.0,1700.0,1700.0,2020.0,2020.0,1683.333,1683.333,2020.0,0.692,0.692,1.078,1.08,0.793,0.793,0.714,0.714,15.17,5183.0,11072.0,17.541,56.0,57.01
2026-07-08 05:14:52,57.0,65.000              ,579.602,200.0,1200.0,0.0,57.75,57.750              ,57.75,57.75,57.75,57.75,57.75,57.75,57.75,56.989,39.828,85.717,75.656,59.896,59.604,62.003,54.488,61.773,1633.333,1633.333,1960.0,1940.0,1616.667,1616.667,1616.667,1583.333,1960.0,0.64,0.638,1.078,1.076,0.722,0.722,0.706,0.708,15.009,5195.0,11091.0,17.669,57.0,56.6
2026-07-08 05:14:53,57.0,66.000              ,579.602,200.0,1200.0,0.0,57.75,57.750              ,57.75,57.75,57.75,57.75,57.75,57.75,57.75,53.763,47.504,82.618,74.233,67.719,49.559,59.649,52.945,60.999,1600.0,1583.333,1900.0,1900.0,1566.667,1583.333,1583.333,1583.333,1900.0,0.669,0.67,1.03,1.032,0.74,0.74,0.703,0.702,15.056,5225.0,11108.0,17.576,58.0,56.9
2026-07-08 05:14:54,57.0,66.000              ,579.602,200.0,1200.0,0.0,57.75,57.750              ,57.75,57.75,57.75,57.75,57.75,57.75,57.75,59.504,39.739,75.865,74.369,55.623,62.388,68.92,47.88,60.536,1633.333,1600.0,1920.0,1920.0,1920.0,1900.0,1880.0,1880.0,1920.0,0.643,0.643,0.968,0.966,0.74,0.74,0.741,0.741,14.956,5248.0,11131.0,17.863,59.0,55.98
2026-07-08 05:14:55,57.0,64.000              ,579.602,200.0,1200.0,0.0,57.75,57.750              ,57.75,57.75,57.75,57.75,57.75,57.75,57.75,70.305,42.879,84.527,79.68,59.154,62.041,59.199,55.151,64.117,1583.333,1583.333,1900.0,1900.0,1583.333,1583.333,1583.333,1566.667,1900.0,0.689,0.688,1.025,1.025,0.717,0.717,0.7,0.701,15.047,5272.0,11166.0,18.078,60.0,55.32
2026-07-08 05:14:56,57.0,63.000              ,579.602,200.0,1200.0,0.0,57.75,57.750              ,57.75,57.75,57.75,57.75,57.75,57.75,57.75,56.499,42.792,51.133,59.067,54.975,52.785,60.188,48.148,53.198,1633.333,1616.667,1940.0,1940.0,1616.667,1616.667,1616.667,1616.667,1940.0,0.705,0.705,0.794,0.795,0.757,0.753,0.758,0.757,14.901,5197.0,11185.0,18.186,61.0,54.99
2026-07-08 05:14:57,57.0,65.000              ,579.602,200.0,1200.0,0.0,57.75,57.750              ,57.75,57.75,57.75,57.75,57.75,57.75,57.75,43.513,43.692,61.629,46.511,50.115,50.058,63.694,38.172,49.673,1716.667,1716.667,1716.667,1716.667,1716.667,1716.667,2060.0,2060.0,2060.0,0.691,0.691,0.807,0.805,0.756,0.76,0.82,0.82,15.045,5249.0,11218.0,18.675,62.0,53.55
2026-07-08 05:14:58,57.0,65.000              ,569.469,200.0,1200.0,0.0,57.75,57.750              ,57.75,57.75,57.75,57.75,57.75,57.75,57.75,41.694,37.746,56.216,49.672,51.054,61.703,55.405,44.088,49.697,1716.667,1700.0,1700.0,1700.0,2040.0,2040.0,1700.0,1700.0,2040.0,0.653,0.653,0.776,0.776,0.849,0.851,0.791,0.793,15.021,5280.0,11250.0,17.829,63.0,56.09
2026-07-08 05:14:59,57.0,65.000              ,569.469,200.0,1200.0,0.0,57.75,57.750              ,57.75,57.75,57.75,57.75,57.75,57.75,57.75,34.605,43.331,45.369,49.895,53.914,48.99,57.192,49.363,47.832,1783.333,1783.333,1750.0,1750.0,2100.0,2100.0,1750.0,2100.0,2100.0,0.66,0.66,0.731,0.731,0.797,0.798,0.892,0.891,15.058,5288.0,11275.0,18.659,64.0,53.59
2026-07-08 05:15:00,57.0,64.000              ,569.469,200.0,1200.0,0.0,57.75,57.750              ,57.75,57.75,57.75,57.75,57.75,57.75,57.75,52.172,32.269,49.817,62.347,59.924,57.756,55.764,52.99,52.88,1700.0,1700.0,2040.0,2040.0,2040.0,2040.0,1700.0,1700.0,2040.0,0.645,0.645,0.812,0.812,0.855,0.853,0.827,0.828,15.133,5323.0,11306.0,19.162,65.0,52.19
2026-07-08 05:15:01,57.0,65.000              ,569.469,200.0,1200.0,0.0,57.75,57.750              ,57.75,57.75,57.75,57.75,57.75,57.75,57.75,63.448,31.407,72.183,71.796,52.627,50.573,52.519,59.188,56.718,1650.0,1650.0,1940.0,1940.0,1616.667,1616.667,1616.667,1616.667,1940.0,0.67,0.671,1.078,1.078,0.702,0.702,0.74,0.739,14.956,5357.0,11307.0,25.502,66.0,39.21
2026-07-08 05:15:02,57.0,62.000              ,569.469,200.0,1200.0,0.0,57.75,57.750              ,57.75,57.75,57.75,57.75,57.75,57.75,57.75,55.77,36.56,50.275,50.573,57.588,44.525,62.348,38.297,49.492,2040.0,2040.0,1700.0,1700.0,1700.0,1700.0,2040.0,2040.0,2040.0,0.701,0.706,0.757,0.757,0.801,0.801,0.803,0.803,14.991,5395.0,11351.0,17.939,67.0,55.74
2026-07-08 05:15:03,57.0,58.000              ,569.469,200.0,1200.0,0.0,57.75,57.750              ,57.75,57.75,57.75,57.75,57.75,57.75,57.75,47.941,53.271,58.236,44.111,57.222,52.925,60.337,29.471,50.439,1800.0,1800.0,1733.333,1733.333,2060.0,2060.0,2060.0,2060.0,2060.0,0.791,0.786,0.778,0.778,0.878,0.882,0.711,0.711,15.015,5415.0,11388.0,18.059,68.0,55.37
2026-07-08 05:15:04,57.0,59.000              ,569.469,200.0,1200.0,0.0,57.75,57.750              ,57.75,57.75,57.75,57.75,57.75,57.75,57.75,58.346,34.714,47.186,50.948,55.637,49.573,45.2,71.99,51.699,1750.0,1750.0,1750.0,1750.0,1700.0,2040.0,2040.0,2040.0,2040.0,0.712,0.711,0.752,0.752,0.745,0.742,0.894,0.894,15.055,5455.0,11402.0,18.044,69.0,55.42
2026-07-08 05:15:05,57.0,64.000              ,569.469,200.0,1200.0,0.0,57.75,57.750              ,57.75,57.75,57.75,57.75,57.75,57.75,57.75,41.469,36.727,58.519,43.435,57.519,57.692,54.622,50.214,50.025,1700.0,1700.0,1700.0,1700.0,2020.0,1980.0,1650.0,1666.667,2020.0,0.645,0.645,0.763,0.763,0.82,0.819,0.8,0.8,14.984,5472.0,11425.0,18.995,70.0,52.65
2026-07-08 05:15:06,57.0,65.000              ,569.469,200.0,1200.0,0.0,57.75,57.750              ,57.75,57.75,57.75,57.75,57.75,57.75,57.75,46.673,32.086,47.267,50.638,53.867,53.993,57.032,53.034,49.324,1800.0,1800.0,2040.0,2060.0,1716.667,1716.667,2060.0,2060.0,2060.0,0.638,0.638,0.766,0.773,0.785,0.789,0.88,0.88,15.116,5486.0,11451.0,18.014,71.0,55.51
2026-07-08 05:15:07,57.0,64.000              ,569.465,200.0,1200.0,0.0,57.75,57.750              ,57.75,57.75,57.75,57.75,57.75,57.75,57.75,48.596,32.47,50.496,48.228,55.91,55.744,62.994,38.276,49.089,1750.0,1750.0,1733.333,1733.333,2080.0,2080.0,1733.333,2040.0,2080.0,0.668,0.657,0.75,0.743,0.854,0.85,0.815,0.817,15.01,5504.0,11475.0,18.224,72.0,54.87
2026-07-08 05:15:08,57.0,64.000              ,569.219,200.0,1200.0,0.0,57.75,57.750              ,57.75,57.75,57.75,57.75,57.75,57.75,57.75,56.545,22.071,57.181,49.508,64.907,46.471,58.544,40.506,49.467,1766.667,1766.667,1766.667,1766.667,1750.0,2020.0,2020.0,2040.0,2040.0,0.656,0.667,0.811,0.811,0.79,0.791,0.77,0.77,15.073,5551.0,11504.0,17.744,73.0,56.36
2026-07-08 05:15:09,57.0,64.000              ,569.219,200.0,1200.0,0.0,57.75,57.750              ,57.75,57.75,57.75,57.75,57.75,57.75,57.75,59.917,35.156,54.683,55.365,54.345,60.946,62.801,34.125,52.167,1650.0,1650.0,1980.0,1980.0,1960.0,1960.0,1633.333,1633.333,1980.0,0.713,0.714,0.762,0.763,0.823,0.822,0.747,0.746,14.99,5560.0,11519.0,18.527,74.0,53.98
2026-07-08 05:15:10,57.0,65.000              ,569.215,200.0,1200.0,0.0,57.75,57.750              ,57.75,57.75,57.75,57.75,57.75,57.75,57.75,47.548,33.599,67.346,46.784,58.166,55.892,51.804,31.665,49.101,1750.0,1750.0,2100.0,2100.0,2040.0,2040.0,1700.0,1700.0,2100.0,0.655,0.643,0.819,0.821,0.881,0.881,0.682,0.681,15.008,5578.0,11539.0,18.115,75.0,55.2
2026-07-08 05:15:11,57.0,65.000              ,569.219,200.0,1200.0,0.0,57.75,57.750              ,57.75,57.75,57.75,57.75,57.75,57.75,57.75,48.614,40.165,59.975,54.137,55.682,51.899,58.73,54.988,53.024,1683.333,1683.333,1683.333,1683.333,2020.0,2020.0,1683.333,1683.333,2020.0,0.654,0.665,0.822,0.819,0.78,0.776,0.824,0.824,15.072,5569.0,11544.0,17.558,76.0,56.95
2026-07-08 05:15:12,57.0,65.000              ,569.219,200.0,1200.0,0.0,57.75,57.750              ,57.75,57.75,57.75,57.75,57.75,57.75,57.75,49.089,38.668,58.947,48.544,67.951,50.115,51.438,37.52,50.284,1733.333,1733.333,2080.0,2080.0,2000.0,2000.0,1666.667,1666.667,2080.0,0.669,0.669,0.795,0.799,0.878,0.885,0.684,0.678,14.94,5601.0,11553.0,17.95,77.0,55.71
2026-07-08 05:15:13,57.0,65.000              ,569.219,200.0,1200.0,0.0,57.75,57.750              ,57.75,57.75,57.75,57.75,57.75,57.75,57.75,62.051,33.407,57.689,52.963,60.765,61.067,57.793,54.897,55.079,1716.667,1716.667,1716.667,1716.667,2060.0,2060.0,1716.667,1960.0,2060.0,0.697,0.697,0.769,0.765,0.834,0.834,0.768,0.775,15.146,5609.0,11565.0,17.489,78.0,57.18
2026-07-08 05:15:14,58.0,65.000              ,569.219,200.0,1200.0,0.0,58.0,58.000              ,58.0,58.0,58.0,58.0,58.0,58.0,58.0,50.223,52.069,51.319,58.651,58.894,50.265,73.12,37.922,54.058,1700.0,1940.0,1616.667,1616.667,1633.333,1633.333,1960.0,1960.0,1960.0,0.757,0.757,0.756,0.756,0.732,0.736,0.778,0.778,15.006,5614.0,11585.0,18.192,79.0,54.97
2026-07-08 05:15:15,58.0,65.000              ,569.219,200.0,1200.0,0.0,58.0,58.000              ,58.0,58.0,58.0,58.0,58.0,58.0,58.0,47.165,23.139,57.358,42.23,67.802,13.762,50.678,36.995,42.391,1766.667,1766.667,1766.667,1766.667,2120.0,2120.0,1766.667,1766.667,2120.0,0.623,0.623,0.849,0.851,0.741,0.738,0.768,0.768,14.847,5622.0,11600.0,26.342,80.0,37.96
2026-07-08 05:15:16,58.0,63.000              ,569.215,200.0,1200.0,0.0,58.0,58.000              ,58.0,58.0,58.0,58.0,58.0,58.0,58.0,50.226,26.955,48.017,49.563,54.042,45.762,69.464,18.945,45.372,1800.0,1783.333,1783.333,1783.333,2140.0,2140.0,1783.333,1783.333,2140.0,0.644,0.644,0.786,0.786,0.873,0.877,0.775,0.775,15.138,5656.0,11610.0,17.381,81.0,57.53
2026-07-08 05:15:17,58.0,63.000              ,569.219,200.0,1200.0,0.0,58.0,58.000              ,58.0,58.0,58.0,58.0,58.0,58.0,58.0,73.694,54.998,70.813,67.313,68.234,53.792,66.794,62.5,64.767,2200.0,2200.0,1760.0,1760.0,1760.0,1760.0,1760.0,1760.0,2200.0,0.774,0.775,0.866,0.859,0.767,0.763,0.842,0.842,15.304,5462.0,11631.0,17.458,82.0,57.28
2026-07-08 05:15:18,58.0,63.000              ,568.969,200.0,1200.0,0.0,58.0,58.000              ,58.0,58.0,58.0,58.0,58.0,58.0,58.0,73.163,60.702,80.505,72.158,73.243,60.036,71.525,63.748,69.385,1485.714,1485.714,1485.714,1485.714,1485.714,1485.714,1733.333,1733.333,1733.333,0.703,0.702,0.827,0.832,0.748,0.747,0.743,0.743,14.91,5391.0,11648.0,17.572,83.0,56.91
2026-07-08 05:15:19,58.0,60.000              ,568.969,200.0,1200.0,0.0,58.0,58.000              ,58.0,58.0,58.0,58.0,58.0,58.0,58.0,62.792,31.429,46.898,49.921,65.047,35.684,69.138,25.1,48.251,1650.0,1650.0,1650.0,1650.0,1980.0,1980.0,1650.0,1650.0,1980.0,0.721,0.721,0.716,0.719,0.821,0.821,0.771,0.758,14.721,5414.0,11655.0,18.149,84.0,55.1
2026-07-08 05:15:20,58.0,58.000              ,568.969,200.0,1200.0,0.0,58.0,58.000              ,58.0,58.0,58.0,58.0,58.0,58.0,58.0,48.837,29.369,46.373,46.794,64.712,48.342,65.358,34.333,48.015,1766.667,1766.667,1766.667,1766.667,2120.0,2120.0,2120.0,2120.0,2120.0,0.641,0.643,0.721,0.718,0.86,0.862,0.822,0.836,15.265,5421.0,11658.0,18.393,85.0,54.37
2026-07-08 05:15:21,58.0,60.000              ,568.969,200.0,1200.0,0.0,58.0,58.000              ,58.0,58.0,58.0,58.0,58.0,58.0,58.0,51.843,30.144,64.49,39.827,52.365,52.176,54.921,48.641,49.301,1766.667,1766.667,2120.0,1783.333,2140.0,2140.0,1783.333,1783.333,2140.0,0.738,0.736,0.922,0.922,0.856,0.854,0.942,0.942,15.078,5486.0,11728.0,17.625,86.0,56.74
2026-07-08 05:15:22,58.0,65.000              ,568.969,200.0,1200.0,0.0,58.0,58.000              ,58.0,58.0,58.0,58.0,58.0,58.0,58.0,63.755,25.603,67.269,43.769,55.086,44.57,68.069,28.803,49.616,1700.0,1700.0,2040.0,2040.0,2020.0,2020.0,1683.333,1700.0,2040.0,0.707,0.707,0.874,0.874,0.763,0.763,0.736,0.736,15.032,5574.0,11825.0,18.109,87.0,55.22
2026-07-08 05:15:23,58.0,65.000              ,568.969,200.0,1200.0,0.0,58.0,58.000              ,58.0,58.0,58.0,58.0,58.0,58.0,58.0,66.098,39.851,68.662,57.592,86.462,42.941,63.796,52.457,59.732,1683.333,1683.333,1683.333,1683.333,2040.0,2040.0,1700.0,1700.0,2040.0,0.715,0.705,0.822,0.831,0.884,0.887,0.731,0.731,14.944,5547.0,11869.0,17.938,88.0,55.75
2026-07-08 05:15:24,58.0,64.000              ,568.969,200.0,1200.0,0.0,58.125,58.125              ,58.125,58.125,58.125,58.125,58.125,58.125,58.125,74.295,67.547,84.17,77.783,80.765,63.365,74.118,66.431,73.559,1820.0,1633.333,1633.333,1633.333,1633.333,1633.333,1633.333,1633.333,1820.0,0.751,0.764,0.855,0.845,0.779,0.776,0.74,0.74,15.25,5504.0,11911.0,18.108,89.0,55.22
2026-07-08 05:15:25,58.0,65.000              ,568.965,200.0,1200.0,0.0,58.0,58.000              ,58.0,58.0,58.0,58.0,58.0,58.0,58.0,63.653,50.762,77.628,64.825,64.6,62.003,59.91,81.64,65.628,1500.0,1500.0,1800.0,1800.0,1800.0,1800.0,1800.0,1800.0,1800.0,0.697,0.696,0.852,0.852,0.751,0.75,0.956,0.956,14.714,5321.0,11922.0,18.014,90.0,55.51
2026-07-08 05:15:26,58.0,63.000              ,568.969,200.0,1200.0,0.0,58.0,58.000              ,58.0,58.0,58.0,58.0,58.0,58.0,58.0,43.309,31.943,47.774,38.559,57.046,52.821,47.33,56.816,46.95,1780.0,1780.0,1780.0,1780.0,1780.0,1780.0,2225.0,2225.0,2225.0,0.743,0.744,0.832,0.828,0.915,0.915,1.034,1.034,15.06,5344.0,11939.0,17.541,91.0,57.01
2026-07-08 05:15:27,58.0,62.000              ,568.969,200.0,1200.0,0.0,58.0,58.000              ,58.0,58.0,58.0,58.0,58.0,58.0,58.0,36.99,32.225,40.527,58.132,53.479,54.295,58.42,57.05,48.89,1780.0,1780.0,1780.0,1780.0,1780.0,1780.0,2225.0,2225.0,2225.0,0.667,0.666,0.832,0.837,0.922,0.922,1.059,1.061,15.04,5383.0,11983.0,17.475,92.0,57.22
2026-07-08 05:15:28,57.0,62.000              ,568.715,200.0,1200.0,0.0,57.875,57.875              ,57.875,57.875,57.875,57.875,57.875,57.875,57.875,41.753,37.977,47.162,41.956,50.431,59.99,46.73,51.52,47.19,1780.0,1780.0,1780.0,1780.0,2225.0,2225.0,1780.0,1780.0,2225.0,0.753,0.754,0.851,0.851,1.016,1.016,0.933,0.931,15.047,5426.0,12028.0,17.657,93.0,56.63
2026-07-08 05:15:29,57.0,62.000              ,568.719,200.0,1200.0,0.0,57.875,57.875              ,57.875,57.875,57.875,57.875,57.875,57.875,57.875,45.197,26.634,44.696,31.269,40.891,36.48,37.349,50.203,39.09,1800.0,1800.0,1800.0,1800.0,1800.0,1800.0,2250.0,2250.0,2250.0,0.731,0.73,0.781,0.781,0.844,0.846,0.887,0.887,15.053,5474.0,12075.0,27.313,94.0,36.61
2026-07-08 05:15:30,57.0,61.000              ,568.719,200.0,1200.0,0.0,57.875,57.875              ,57.875,57.875,57.875,57.875,57.875,57.875,57.875,43.038,24.608,44.151,27.65,59.985,22.578,59.864,52.32,41.774,1760.0,1760.0,1760.0,1760.0,1760.0,1760.0,2200.0,2200.0,2200.0,0.661,0.663,0.737,0.737,0.833,0.832,1.142,1.142,14.99,5521.0,12121.0,17.468,95.0,57.25
2026-07-08 05:15:31,57.0,58.000              ,568.715,200.0,1200.0,0.0,57.875,57.875              ,57.875,57.875,57.875,57.875,57.875,57.875,57.875,42.455,28.85,32.279,48.688,30.82,55.989,40.519,57.428,42.129,1840.0,1840.0,1840.0,1840.0,1840.0,1840.0,2300.0,2300.0,2300.0,0.711,0.712,0.816,0.816,0.992,0.992,1.061,1.061,15.038,5569.0,12172.0,17.239,96.0,58.01
2026-07-08 05:15:32,58.0,58.000              ,568.719,200.0,1200.0,0.0,58.0,58.000              ,58.0,58.0,58.0,58.0,58.0,58.0,58.0,73.399,58.961,72.992,65.556,85.186,71.68,64.694,85.535,72.251,1820.0,1820.0,1800.0,1800.0,2160.0,2160.0,1800.0,1800.0,2160.0,0.811,0.809,0.869,0.871,0.998,0.999,0.997,0.984,15.354,5408.0,12206.0,17.561,97.0,56.94
2026-07-08 05:15:33,58.0,60.000              ,568.719,200.0,1200.0,0.0,58.0,58.000              ,58.0,58.0,58.0,58.0,58.0,58.0,58.0,74.275,66.498,68.822,81.279,72.102,66.631,72.843,81.277,72.966,1650.0,1650.0,1650.0,1650.0,1650.0,1650.0,1414.286,1414.286,1650.0,0.803,0.803,0.847,0.847,0.803,0.801,0.943,0.94,14.713,5316.0,12236.0,27.896,98.0,35.85
2026-07-08 05:15:34,58.0,61.000              ,568.715,200.0,1200.0,0.0,58.0,58.000              ,58.0,58.0,58.0,58.0,58.0,58.0,58.0,58.658,58.962,56.843,68.327,56.626,53.504,61.134,57.373,58.928,1666.667,1666.667,1666.667,1666.667,2000.0,2000.0,1683.333,1683.333,2000.0,0.799,0.799,0.893,0.891,0.839,0.839,0.981,0.997,15.221,5340.0,12271.0,17.862,99.0,55.98
2026-07-08 05:15:35,58.0,61.000              ,568.719,200.0,1200.0,0.0,58.0,58.000              ,58.0,58.0,58.0,58.0,58.0,58.0,58.0,61.803,58.061,62.838,69.227,64.53,52.497,71.708,60.311,62.622,1683.333,1683.333,1700.0,1700.0,1700.0,1700.0,2040.0,2060.0,2060.0,0.795,0.795,0.892,0.892,0.829,0.829,0.997,0.997,15.009,5380.0,12328.0,18.426,100.0,54.27
2026-07-08 05:15:36,58.0,62.000              ,568.719,200.0,1200.0,0.0,58.0,58.000              ,58.0,58.0,58.0,58.0,58.0,58.0,58.0,72.601,66.584,77.472,73.915,71.937,61.243,75.303,73.59,71.581,1633.333,1616.667,1616.667,1616.667,1920.0,1900.0,1920.0,1920.0,1920.0,0.794,0.795,0.91,0.912,0.811,0.811,0.99,0.99,15.107,5405.0,12385.0,18.32,101.0,54.59
2026-07-08 05:15:37,58.0,62.000              ,568.715,200.0,1200.0,0.0,58.0,58.000              ,58.0,58.0,58.0,58.0,58.0,58.0,58.0,67.255,68.955,79.567,68.516,73.36,70.992,66.213,71.932,70.849,1616.667,1616.667,1940.0,1940.0,1920.0,1920.0,1900.0,1900.0,1940.0,0.797,0.796,0.913,0.911,0.921,0.921,0.904,0.906,15.121,5381.0,12439.0,18.256,102.0,54.78
2026-07-08 05:15:38,58.0,61.000              ,568.719,200.0,1200.0,0.0,58.0,58.000              ,58.0,58.0,58.0,58.0,58.0,58.0,58.0,56.624,40.957,49.462,56.275,55.033,50.679,52.547,66.72,53.537,1533.333,1533.333,1840.0,1840.0,1550.0,1550.0,1880.0,1920.0,1920.0,0.67,0.67,0.767,0.767,0.694,0.695,0.955,0.954,14.776,5371.0,12491.0,18.466,103.0,54.15
2026-07-08 05:15:39,58.0,59.000              ,568.719,200.0,1200.0,0.0,58.0,58.000              ,58.0,58.0,58.0,58.0,58.0,58.0,58.0,45.021,87.129,49.213,54.455,64.145,67.535,62.546,63.765,61.726,1716.667,1716.667,2060.0,2060.0,1716.667,1716.667,1683.333,2020.0,2060.0,0.782,0.79,0.683,0.683,0.766,0.765,0.816,0.817,15.135,4920.0,12525.0,18.353,104.0,54.49
2026-07-08 05:15:40,57.0,60.000              ,568.715,200.0,1200.0,0.0,57.75,57.750              ,57.75,57.75,57.75,57.75,57.75,57.75,57.75,43.836,41.008,41.12,55.302,49.313,50.938,42.068,77.914,50.187,1650.0,1650.0,1650.0,1650.0,1980.0,2000.0,1683.333,2020.0,2020.0,0.634,0.588,0.689,0.691,0.67,0.67,1.073,1.074,14.79,4954.0,12560.0,18.263,105.0,54.76
2026-07-08 05:15:41,57.0,61.000              ,568.719,200.0,1200.0,0.0,57.875,57.875              ,57.875,57.875,57.875,57.875,57.875,57.875,57.875,48.881,23.948,36.627,45.252,56.75,32.943,49.268,17.406,38.884,1760.0,1760.0,1760.0,1760.0,1780.0,1780.0,2225.0,2225.0,2225.0,0.702,0.704,0.781,0.778,0.902,0.902,0.72,0.717,14.92,4974.0,12576.0,20.676,106.0,48.37
2026-07-08 05:15:42,57.0,62.000              ,568.719,200.0,1200.0,0.0,57.75,57.750              ,57.75,57.75,57.75,57.75,57.75,57.75,57.75,40.236,15.828,32.997,38.708,48.791,28.666,34.799,21.895,32.74,1800.0,1800.0,1800.0,1800.0,1800.0,1800.0,2250.0,2300.0,2300.0,0.643,0.642,0.811,0.811,0.829,0.832,0.638,0.641,14.821,4975.0,12573.0,17.641,107.0,56.69
2026-07-08 05:15:43,57.0,63.000              ,569.719,200.0,1200.0,0.0,57.75,57.750              ,57.75,57.75,57.75,57.75,57.75,57.75,57.75,28.98,17.258,32.985,25.519,44.108,18.546,35.554,3.843,25.849,2140.0,2140.0,2140.0,2140.0,2675.0,2675.0,2120.0,2120.0,2675.0,0.754,0.754,0.949,0.949,0.932,0.93,0.681,0.677,14.954,4978.0,12582.0,71.754,108.0,13.94
2026-07-08 05:15:44,58.0,64.000              ,568.578,200.0,1200.0,0.0,58.375,58.375              ,58.375,58.375,58.375,58.375,58.375,58.375,58.375,16.413,6.091,25.616,47.365,54.416,9.31,24.226,5.288,23.591,2120.0,2120.0,2120.0,2120.0,3025.0,3025.0,1728.571,1728.571,3025.0,0.57,0.57,1.704,1.759,1.287,1.287,0.673,0.673,14.746,4898.0,12451.0,17.32,109.0,57.74
2026-07-08 05:15:45,59.0,33.000              ,568.578,200.0,1200.0,0.0,59.125,59.125              ,59.125,59.125,59.125,59.125,59.125,59.125,59.125,8.259,9.047,14.693,66.943,39.735,2.242,16.832,3.574,20.166,2050.0,2050.0,3075.0,3075.0,2050.0,2050.0,2050.0,2050.0,3075.0,0.62,0.62,2.893,2.886,1.354,1.354,0.654,0.658,15.067,4918.0,12471.0,0.0,110.0,
2026-07-08 05:15:46,59.0,0.000               ,569.582,200.0,1200.0,0.0,59.25,59.250              ,59.25,59.25,59.25,59.25,59.25,59.25,59.25,9.187,1.663,14.213,79.941,36.349,3.001,18.227,3.925,20.813,2116.667,2116.667,3175.0,3175.0,2116.667,2116.667,2116.667,2116.667,3175.0,0.504,0.504,2.796,2.793,0.96,0.96,0.622,0.618,15.092,4906.0,12436.0,2452.743,111.0,0.41
2026-07-08 05:15:47,59.0,0.000               ,569.582,200.0,1200.0,0.0,59.5,59.500              ,59.5,59.5,59.5,59.5,59.5,59.5,59.5,9.382,4.989,10.412,83.524,33.689,6.125,18.341,7.521,21.748,1785.714,1785.714,3125.0,3125.0,2083.333,2083.333,1785.714,1785.714,3125.0,0.492,0.492,3.313,3.328,1.038,1.038,0.632,0.635,15.027,4922.0,12454.0,0.0,112.0,
2026-07-08 05:15:48,60.0,0.000               ,569.582,200.0,1200.0,0.0,60.0,60.000              ,60.0,60.0,60.0,60.0,60.0,60.0,60.0,8.708,0.783,12.247,87.937,21.466,0.8,14.917,1.428,18.536,1600.0,1600.0,3200.0,3200.0,1828.571,1828.571,1828.571,1828.571,3200.0,0.505,0.505,3.511,3.432,0.663,0.663,0.564,0.56,15.059,4960.0,12506.0,0.0,113.0,
2026-07-08 05:15:49,59.0,0.000               ,564.266,200.0,1200.0,0.0,59.75,59.750              ,59.75,59.75,59.75,59.75,59.75,59.75,59.75,8.776,2.379,9.408,82.336,30.033,3.301,26.114,2.689,20.629,2083.333,2083.333,2500.0,2500.0,2083.333,2083.333,3125.0,3125.0,3125.0,0.467,0.467,2.721,2.743,0.838,0.838,0.766,0.766,14.989,4988.0,12530.0,3365.409,114.0,0.3
2026-07-08 05:15:50,59.0,3.000               ,564.266,200.0,1200.0,0.0,59.5,59.500              ,59.5,59.5,59.5,59.5,59.5,59.5,59.5,11.333,2.583,20.451,20.379,63.611,2.65,31.581,3.554,19.518,2560.0,2560.0,2560.0,2560.0,3200.0,3200.0,2560.0,2560.0,3200.0,0.581,0.581,1.047,1.047,2.066,2.066,1.003,1.004,15.05,5096.0,12573.0,0.0,115.0,
2026-07-08 05:15:51,59.0,3.000               ,564.266,200.0,1200.0,0.0,59.5,59.500              ,59.5,59.5,59.5,59.5,59.5,59.5,59.5,8.957,3.373,15.619,52.431,40.163,1.505,32.698,1.594,19.543,2183.333,2183.333,3275.0,3275.0,2620.0,2620.0,2500.0,2500.0,3275.0,0.606,0.606,1.888,1.898,1.246,1.246,1.039,1.039,15.281,5088.0,12615.0,0.0,116.0,
2026-07-08 05:15:52,59.0,0.000               ,564.266,200.0,1200.0,0.0,59.625,59.625              ,59.625,59.625,59.625,59.625,59.625,59.625,59.625,10.52,8.516,16.106,44.454,55.712,2.141,19.822,3.064,20.042,2183.333,2380.0,2380.0,2380.0,2975.0,2975.0,2380.0,2380.0,2975.0,0.67,0.67,1.665,1.655,1.589,1.589,0.675,0.674,14.943,5121.0,12647.0,0.0,117.0,
2026-07-08 05:15:53,59.0,0.000               ,564.266,200.0,1200.0,0.0,59.25,59.250              ,59.25,59.25,59.25,59.25,59.25,59.25,59.25,11.031,2.314,13.572,71.475,30.868,8.578,24.013,5.479,20.916,2150.0,2150.0,3225.0,3225.0,2580.0,2580.0,2580.0,2580.0,3225.0,0.568,0.568,2.284,2.298,1.026,1.026,0.801,0.801,15.074,5211.0,12697.0,0.0,118.0,
2026-07-08 05:15:54,58.0,0.000               ,564.266,200.0,1200.0,0.0,58.625,58.625              ,58.625,58.625,58.625,58.625,58.625,58.625,58.625,37.201,30.68,43.39,60.74,53.384,26.757,41.3,21.948,39.425,1833.333,1833.333,2750.0,2750.0,2200.0,2200.0,2200.0,2560.0,2750.0,0.966,0.966,1.6,1.569,1.229,1.229,0.999,0.999,15.236,5097.0,12742.0,0.0,119.0,
2026-07-08 05:15:55,58.0,0.000               ,564.266,200.0,1200.0,0.0,58.5,58.500              ,58.5,58.5,58.5,58.5,58.5,58.5,58.5,19.96,17.985,26.86,61.87,54.0,11.856,27.975,15.811,29.54,2240.0,2240.0,2800.0,2800.0,2240.0,2240.0,1866.667,1866.667,2800.0,0.677,0.677,1.618,1.635,1.18,1.18,0.769,0.773,14.714,5078.0,12783.0,0.0,120.0,
2026-07-08 05:15:56,59.0,0.000               ,564.266,200.0,1200.0,0.0,59.25,59.250              ,59.25,59.25,59.25,59.25,59.25,59.25,59.25,8.042,3.091,8.093,85.376,25.62,2.789,22.396,3.467,19.859,1857.143,1857.143,3250.0,3250.0,2560.0,2560.0,2133.333,2133.333,3250.0,0.503,0.503,2.607,2.62,0.809,0.809,0.719,0.715,15.083,5135.0,12847.0,0.0,121.0,
2026-07-08 05:15:57,59.0,0.000               ,564.266,200.0,1200.0,0.0,59.375,59.375              ,59.375,59.375,59.375,59.375,59.375,59.375,59.375,10.535,8.477,15.693,70.121,41.027,3.758,18.641,3.677,21.491,2066.667,2460.0,3075.0,3075.0,2050.0,2050.0,2050.0,2050.0,3075.0,0.601,0.601,2.234,2.223,1.062,1.062,0.671,0.671,15.039,5227.0,12911.0,0.0,122.0,
2026-07-08 05:15:58,59.0,0.000               ,564.266,200.0,1200.0,0.0,59.125,59.125              ,59.125,59.125,59.125,59.125,59.125,59.125,59.125,13.912,4.631,16.516,63.131,37.244,0.737,23.996,5.064,20.654,2100.0,2100.0,3150.0,3150.0,2520.0,2520.0,3050.0,3050.0,3150.0,0.664,0.664,2.116,2.114,0.999,0.999,0.837,0.837,15.042,5235.0,12961.0,0.0,123.0,
2026-07-08 05:15:59,59.0,0.000               ,564.266,200.0,1200.0,0.0,59.25,59.250              ,59.25,59.25,59.25,59.25,59.25,59.25,59.25,9.368,14.545,16.14,66.555,44.145,2.768,30.539,2.766,23.353,2150.0,2150.0,3225.0,3225.0,2150.0,2150.0,2420.0,2420.0,3225.0,0.626,0.626,2.004,2.005,1.06,1.061,0.823,0.823,15.111,5152.0,13003.0,0.0,124.0,
2026-07-08 05:16:00,59.0,0.000               ,564.266,200.0,1200.0,0.0,59.375,59.375              ,59.375,59.375,59.375,59.375,59.375,59.375,59.375,12.303,5.133,12.972,76.303,28.768,3.631,20.649,9.663,21.178,1885.714,1885.714,3300.0,3300.0,2200.0,2200.0,2825.0,2825.0,3300.0,0.604,0.604,2.437,2.443,0.805,0.806,0.794,0.794,15.227,5207.0,13066.0,0.0,125.0,
2026-07-08 05:16:01,59.0,0.000               ,564.266,200.0,1200.0,0.0,59.375,59.375              ,59.375,59.375,59.375,59.375,59.375,59.375,59.375,7.743,4.624,10.327,80.326,31.084,2.398,19.617,1.445,19.696,2016.667,2016.667,3025.0,3000.0,2420.0,2420.0,2016.667,2016.667,3025.0,0.556,0.556,2.444,2.451,0.864,0.862,0.674,0.674,14.827,5286.0,13126.0,0.0,126.0,
2026-07-08 05:16:02,59.0,0.000               ,564.266,200.0,1200.0,0.0,59.5,59.500              ,59.5,59.5,59.5,59.5,59.5,59.5,59.5,17.563,3.015,8.657,81.022,33.818,4.185,22.615,3.421,21.787,1885.714,1885.714,3300.0,3300.0,1885.714,1885.714,1885.714,1885.714,3300.0,0.598,0.598,2.388,2.4,0.966,0.966,0.72,0.72,15.189,5337.0,13190.0,0.0,127.0,
2026-07-08 05:16:03,59.0,0.000               ,564.266,200.0,1200.0,0.0,59.25,59.250              ,59.25,59.25,59.25,59.25,59.25,59.25,59.25,25.589,11.338,27.044,70.975,46.947,11.697,25.603,13.99,29.148,2133.333,2133.333,3100.0,3100.0,2480.0,2480.0,2066.667,2066.667,3100.0,0.717,0.717,2.03,2.035,1.086,1.086,0.764,0.764,15.128,5345.0,13238.0,0.0,128.0,
2026-07-08 05:16:04,59.0,0.000               ,564.266,200.0,1200.0,0.0,59.25,59.250              ,59.25,59.25,59.25,59.25,59.25,59.25,59.25,17.504,1.508,10.477,68.58,31.2,3.597,25.92,4.013,20.35,2233.333,2233.333,3350.0,3300.0,2200.0,2200.0,3050.0,3050.0,3350.0,0.633,0.633,2.079,2.077,0.93,0.93,0.857,0.857,14.853,5419.0,13288.0,0.0,129.0,
2026-07-08 05:16:05,59.0,0.000               ,564.266,200.0,1200.0,0.0,59.125,59.125              ,59.125,59.125,59.125,59.125,59.125,59.125,59.125,12.97,14.206,40.161,56.405,48.112,6.953,30.153,6.135,26.887,2150.0,2150.0,3225.0,3225.0,2150.0,2150.0,2150.0,2150.0,3225.0,0.636,0.636,2.111,2.09,1.141,1.141,0.758,0.758,15.115,5472.0,13347.0,0.0,130.0,
2026-07-08 05:16:06,58.0,0.000               ,564.266,200.0,1200.0,0.0,58.875,58.875              ,58.875,58.875,58.875,58.875,58.875,58.875,58.875,32.535,19.402,30.441,72.215,50.114,14.543,70.466,14.397,38.014,2166.667,2166.667,3250.0,3250.0,2166.667,2166.667,2166.667,2166.667,3250.0,0.798,0.798,1.654,1.656,0.98,0.98,1.466,1.466,15.687,5385.0,13371.0,16206.079,131.0,0.06
2026-07-08 05:16:07,58.0,0.000               ,564.266,200.0,1200.0,0.0,58.375,58.375              ,58.375,58.375,58.375,58.375,58.375,58.375,58.375,37.487,33.617,45.755,57.724,65.224,24.159,39.264,20.432,40.458,2040.0,2040.0,2550.0,2550.0,2040.0,2040.0,2040.0,2040.0,2550.0,0.829,0.829,1.363,1.39,1.126,1.126,0.761,0.761,14.488,5283.0,13405.0,0.0,132.0,
2026-07-08 05:16:08,58.0,0.000               ,564.266,200.0,1200.0,0.0,58.5,58.500              ,58.5,58.5,58.5,58.5,58.5,58.5,58.5,42.907,51.803,57.583,78.04,58.36,28.731,42.612,27.512,48.444,2033.333,2200.0,2500.0,2500.0,2000.0,2000.0,2000.0,2000.0,2500.0,1.051,1.052,1.714,1.695,1.047,1.047,0.862,0.862,15.348,5090.0,13448.0,0.0,133.0,
2026-07-08 05:16:09,58.0,0.000               ,564.266,200.0,1200.0,0.0,58.125,58.125              ,58.125,58.125,58.125,58.125,58.125,58.125,58.125,34.053,38.199,45.096,65.43,55.855,20.613,47.511,19.54,40.787,2000.0,1980.0,2475.0,2475.0,1980.0,1980.0,1980.0,1980.0,2475.0,0.952,0.95,1.538,1.542,1.057,1.058,0.959,0.959,14.961,5058.0,13483.0,0.0,134.0,
2026-07-08 05:16:10,58.0,0.000               ,564.266,200.0,1200.0,0.0,58.125,58.125              ,58.125,58.125,58.125,58.125,58.125,58.125,58.125,43.89,52.652,52.744,74.538,60.567,32.441,56.558,29.071,50.308,2080.0,2080.0,2600.0,2600.0,2080.0,2080.0,2080.0,2080.0,2600.0,1.065,1.065,1.556,1.553,1.056,1.038,0.999,0.999,15.068,4879.0,13520.0,0.0,135.0,
2026-07-08 05:16:11,58.0,0.000               ,564.266,200.0,1200.0,0.0,58.75,58.750              ,58.75,58.75,58.75,58.75,58.75,58.75,58.75,11.676,4.214,12.698,77.558,23.639,4.191,26.67,4.252,20.612,2120.0,2120.0,2650.0,2650.0,2120.0,2120.0,2650.0,2650.0,2650.0,0.512,0.512,2.253,2.253,0.694,0.705,0.723,0.723,14.648,4920.0,13566.0,0.0,136.0,
2026-07-08 05:16:12,59.0,0.000               ,564.266,200.0,1200.0,0.0,59.25,59.250              ,59.25,59.25,59.25,59.25,59.25,59.25,59.25,10.58,2.284,10.156,74.032,33.27,2.793,11.359,7.845,19.04,2140.0,2140.0,2140.0,2140.0,2675.0,2675.0,2160.0,2160.0,2675.0,0.563,0.563,2.382,2.354,0.922,0.922,0.665,0.665,14.908,4989.0,13612.0,0.0,137.0,
2026-07-08 05:16:13,59.0,0.000               ,564.266,200.0,1200.0,0.0,59.375,59.375              ,59.375,59.375,59.375,59.375,59.375,59.375,59.375,9.954,3.878,14.581,81.552,28.64,4.585,18.935,6.23,21.044,2100.0,2100.0,3150.0,3150.0,2100.0,2100.0,2100.0,2100.0,3150.0,0.538,0.538,2.483,2.512,0.825,0.825,0.723,0.723,15.222,5036.0,13661.0,0.0,138.0,
2026-07-08 05:16:14,59.0,0.000               ,564.266,200.0,1200.0,0.0,59.375,59.375              ,59.375,59.375,59.375,59.375,59.375,59.375,59.375,9.417,6.482,13.293,71.791,39.212,3.794,18.891,5.519,21.05,1857.143,1857.143,3250.0,3225.0,2116.667,2116.667,2520.0,2520.0,3250.0,0.579,0.579,2.263,2.263,1.049,1.049,0.697,0.697,15.012,5101.0,13722.0,8532.444,139.0,0.12
2026-07-08 05:16:15,59.0,0.000               ,564.266,200.0,1200.0,0.0,59.375,59.375              ,59.375,59.375,59.375,59.375,59.375,59.375,59.375,11.691,7.165,12.638,72.499,34.632,1.872,20.536,2.928,20.495,2100.0,2100.0,3150.0,3150.0,2100.0,2100.0,2100.0,2100.0,3150.0,0.687,0.687,2.314,2.314,0.951,0.951,0.697,0.697,15.011,5162.0,13801.0,0.0,140.0,
2026-07-08 05:16:16,59.0,0.000               ,564.266,200.0,1200.0,0.0,59.25,59.250              ,59.25,59.25,59.25,59.25,59.25,59.25,59.25,15.906,8.524,18.417,62.239,51.138,4.479,28.223,4.745,24.209,2460.0,2460.0,2460.0,3300.0,2950.0,2950.0,2360.0,2360.0,3300.0,0.727,0.727,2.021,2.021,1.279,1.279,0.787,0.787,15.217,5259.0,13857.0,0.0,141.0,
2026-07-08 05:16:17,59.0,0.000               ,564.266,200.0,1200.0,0.0,59.875,59.875              ,59.875,59.875,59.875,59.875,59.875,59.875,59.875,15.347,6.071,29.798,51.469,51.327,27.317,51.031,4.795,29.644,2140.0,2140.0,2140.0,2160.0,2700.0,2850.0,2240.0,2240.0,2850.0,0.477,0.477,1.426,1.426,1.571,1.571,0.927,0.927,14.937,5013.0,13861.0,0.0,142.0,
2026-07-08 05:16:18,60.0,0.000               ,564.266,200.0,1200.0,0.0,60.875,60.875              ,60.875,60.875,60.875,60.875,60.875,60.875,60.875,11.127,19.544,39.612,58.502,20.976,4.268,17.566,3.943,21.942,2050.0,2050.0,3075.0,3075.0,2460.0,2460.0,2050.0,2050.0,3075.0,0.832,0.832,2.454,2.454,0.61,0.6,0.59,0.59,14.872,5017.0,13860.0,0.0,143.0,
2026-07-08 05:16:19,61.0,0.000               ,564.266,200.0,1200.0,0.0,61.5,61.500              ,61.5,61.5,61.5,61.5,61.5,61.5,61.5,4.112,11.79,8.965,84.285,23.807,0.602,16.021,3.103,19.086,3175.0,3175.0,2540.0,2540.0,2116.667,2116.667,2116.667,2116.667,3175.0,0.576,0.576,2.56,2.6,0.679,0.689,0.616,0.616,15.214,5027.0,13859.0,0.0,144.0,
2026-07-08 05:16:20,61.0,0.000               ,564.266,200.0,1200.0,0.0,61.5,61.500              ,61.5,61.5,61.5,61.5,61.5,61.5,61.5,10.743,2.266,20.381,37.32,38.656,2.543,51.151,2.684,20.718,1785.714,1785.714,3125.0,3150.0,1800.0,1800.0,1800.0,1800.0,3150.0,0.392,0.392,1.489,1.411,1.09,1.09,1.536,1.536,14.792,5030.0,13862.0,0.0,145.0,
2026-07-08 05:16:21,62.0,0.000               ,564.266,200.0,1200.0,0.0,62.25,62.250              ,62.25,62.25,62.25,62.25,62.25,62.25,62.25,5.952,1.447,19.265,50.222,59.219,1.986,18.085,1.626,19.725,2133.333,2133.333,3200.0,3200.0,2150.0,2150.0,2580.0,2580.0,3200.0,0.185,0.185,1.849,1.847,1.809,1.809,0.605,0.605,15.283,5070.0,13951.0,0.0,146.0,
2026-07-08 05:16:22,62.0,0.000               ,623.988,200.0,1200.0,0.0,62.0,62.000              ,62.0,62.0,62.0,62.0,62.0,62.0,62.0,24.048,3.878,23.794,18.064,52.395,12.73,39.79,3.792,22.311,1983.333,1983.333,2975.0,2975.0,2380.0,2380.0,2380.0,2380.0,2975.0,0.718,0.719,0.886,0.89,1.732,1.732,1.135,1.135,14.994,5079.0,13960.0,0.0,147.0,
2026-07-08 05:16:23,62.0,0.000               ,623.988,200.0,1200.0,0.0,62.0,62.000              ,62.0,62.0,62.0,62.0,62.0,62.0,62.0,10.971,3.145,17.679,39.113,51.29,3.002,36.905,3.893,20.75,2083.333,2083.333,2083.333,2083.333,3125.0,3125.0,2083.333,2083.333,3125.0,0.496,0.495,1.467,1.466,1.415,1.415,1.062,1.12,14.875,5091.0,13960.0,0.0,148.0,
2026-07-08 05:16:24,62.0,0.000               ,623.988,200.0,1200.0,0.0,62.125,62.125              ,62.125,62.125,62.125,62.125,62.125,62.125,62.125,8.262,1.603,15.989,40.734,34.997,2.034,46.988,4.568,19.397,2116.667,2116.667,3175.0,3175.0,2116.667,2116.667,2540.0,2540.0,3175.0,0.363,0.363,1.557,1.555,1.058,1.058,1.536,1.49,15.109,5093.0,13959.0,0.0,149.0,
2026-07-08 05:16:25,62.0,0.000               ,623.988,200.0,1200.0,0.0,62.125,62.125              ,62.125,62.125,62.125,62.125,62.125,62.125,62.125,5.754,0.986,70.386,26.954,30.74,2.346,19.942,2.554,19.958,1842.857,1842.857,2540.0,2540.0,3175.0,3175.0,2540.0,2540.0,3175.0,0.288,0.288,2.806,2.861,0.878,0.878,0.655,0.655,14.927,5096.0,13959.0,0.0,150.0,
2026-07-08 05:16:26,63.0,0.000               ,627.496,200.0,1200.0,0.0,63.0,63.000              ,63.0,63.0,63.0,63.0,63.0,63.0,63.0,4.46,2.137,73.741,12.289,24.367,20.966,22.735,2.707,20.425,1625.0,1625.0,3250.0,3250.0,1857.143,1857.143,2166.667,2166.667,3250.0,0.045,0.045,2.759,2.702,1.25,1.276,0.677,0.677,15.189,5095.0,13971.0,0.0,151.0,
2026-07-08 05:16:27,62.0,0.000               ,627.496,200.0,1200.0,0.0,62.75,62.750              ,62.75,62.75,62.75,62.75,62.75,62.75,62.75,8.285,1.959,67.803,33.447,23.975,4.028,23.294,3.12,20.739,2240.0,2240.0,2240.0,2240.0,2240.0,2240.0,2800.0,2800.0,2800.0,0.333,0.333,3.0,3.0,0.712,0.677,0.676,0.678,14.865,5101.0,13973.0,0.0,152.0,
2026-07-08 05:16:28,62.0,0.000               ,627.496,200.0,1200.0,0.0,62.625,62.625              ,62.625,62.625,62.625,62.625,62.625,62.625,62.625,9.941,1.727,25.862,4.874,9.528,50.418,52.856,4.449,19.957,1942.857,1942.857,2266.667,2266.667,3400.0,3400.0,2266.667,2800.0,3400.0,0.442,0.442,0.751,0.751,1.848,1.848,1.711,1.709,15.202,5105.0,13973.0,0.0,153.0,
2026-07-08 05:16:29,62.0,0.000               ,627.496,200.0,1200.0,0.0,62.25,62.250              ,62.25,62.25,62.25,62.25,62.25,62.25,62.25,17.88,4.182,17.842,61.368,34.436,4.016,33.016,5.391,22.267,1885.714,1885.714,2640.0,2640.0,3300.0,3300.0,2640.0,2640.0,3300.0,0.642,0.642,2.118,2.118,0.982,0.982,1.027,1.027,15.046,5117.0,13972.0,0.0,154.0,
2026-07-08 05:16:30,62.0,0.000               ,627.496,200.0,1200.0,0.0,62.0,62.000              ,62.0,62.0,62.0,62.0,62.0,62.0,62.0,6.216,3.581,15.262,56.467,36.931,3.233,17.126,24.751,20.446,1900.0,1900.0,2216.667,2216.667,3325.0,3325.0,2660.0,2660.0,3325.0,0.413,0.413,1.958,1.958,1.183,1.183,1.152,1.152,14.964,5126.0,13972.0,0.0,155.0,
2026-07-08 05:16:31,61.0,0.000               ,637.633,200.0,1200.0,0.0,61.875,61.875              ,61.875,61.875,61.875,61.875,61.875,61.875,61.875,9.516,54.389,26.083,16.039,47.164,2.95,13.935,3.619,21.712,2066.667,2066.667,3100.0,3100.0,2480.0,2480.0,2066.667,2066.667,3100.0,1.845,1.896,0.995,0.995,1.348,1.348,0.542,0.542,15.086,5129.0,13978.0,16799.557,156.0,0.06
2026-07-08 05:16:32,61.0,0.000               ,637.633,200.0,1200.0,0.0,61.5,61.500              ,61.5,61.5,61.5,61.5,61.5,61.5,61.5,3.988,35.244,51.002,3.88,15.306,0.475,10.57,28.58,18.63,3250.0,3250.0,2166.667,2166.667,1857.143,1857.143,1857.143,1857.143,3250.0,1.464,1.404,1.774,1.774,0.578,0.579,1.392,1.425,14.954,5130.0,13978.0,0.0,157.0,
2026-07-08 05:16:33,61.0,0.000               ,637.633,200.0,1200.0,0.0,61.75,61.750              ,61.75,61.75,61.75,61.75,61.75,61.75,61.75,3.818,68.385,46.929,4.01,17.66,1.53,10.505,4.41,19.656,3300.0,3300.0,2640.0,2640.0,2183.333,2183.333,2620.0,2620.0,3300.0,2.503,2.513,1.616,1.616,0.603,0.602,0.601,0.545,14.946,5130.0,13978.0,0.0,158.0,
2026-07-08 05:16:34,61.0,0.000               ,637.633,200.0,1200.0,0.0,61.75,61.750              ,61.75,61.75,61.75,61.75,61.75,61.75,61.75,3.35,96.853,26.236,6.698,13.333,3.12,10.305,3.927,20.478,3300.0,3300.0,1885.714,1885.714,1885.714,1885.714,1885.714,1885.714,3300.0,3.394,3.404,0.762,0.762,0.53,0.531,0.495,0.494,15.235,5128.0,13977.0,0.0,159.0,
2026-07-08 05:16:35,61.0,0.000               ,637.633,200.0,1200.0,0.0,61.375,61.375              ,61.375,61.375,61.375,61.375,61.375,61.375,61.375,3.609,38.322,66.708,4.525,15.082,0.514,18.831,1.09,18.585,2660.0,2660.0,2660.0,2660.0,2216.667,2216.667,3325.0,3325.0,3325.0,1.634,1.613,2.29,2.295,0.572,0.571,0.739,0.739,15.038,5127.0,13977.0,0.0,160.0,
2026-07-08 05:16:36,61.0,0.000               ,637.633,200.0,1200.0,0.0,61.625,61.625              ,61.625,61.625,61.625,61.625,61.625,61.625,61.625,2.635,97.683,21.45,5.72,16.096,3.861,5.779,3.155,19.547,3350.0,3350.0,2233.333,2233.333,2233.333,2233.333,1914.286,1914.286,3350.0,3.346,3.346,0.696,0.691,0.573,0.625,0.449,0.449,15.091,5136.0,13978.0,0.0,161.0,
2026-07-08 05:16:37,61.0,0.000               ,637.633,200.0,1200.0,0.0,61.5,61.500              ,61.5,61.5,61.5,61.5,61.5,61.5,61.5,4.229,69.772,28.14,7.573,14.733,7.179,31.008,2.646,20.66,3225.0,3225.0,2150.0,2150.0,2150.0,2150.0,1842.857,1842.857,3225.0,2.527,2.527,0.876,0.876,0.642,0.59,1.232,1.232,14.904,5138.0,13977.0,0.0,162.0,
2026-07-08 05:16:38,61.0,0.000               ,637.633,200.0,1200.0,0.0,61.375,61.375              ,61.375,61.375,61.375,61.375,61.375,61.375,61.375,24.376,12.74,23.451,4.71,12.525,1.345,73.538,2.53,19.402,3350.0,3350.0,2233.333,2233.333,2233.333,2233.333,2680.0,2680.0,3350.0,1.348,1.349,0.786,0.786,0.527,0.518,2.585,2.585,15.197,5141.0,13977.0,0.0,163.0,
2026-07-08 05:16:39,61.0,0.000               ,637.633,200.0,1200.0,0.0,61.25,61.250              ,61.25,61.25,61.25,61.25,61.25,61.25,61.25,6.49,82.022,31.463,15.945,24.298,3.795,15.049,8.859,23.49,3275.0,3275.0,2183.333,2183.333,2183.333,2183.333,2620.0,2620.0,3275.0,2.739,2.739,1.108,1.108,0.709,0.723,0.598,0.608,15.194,5184.0,14024.0,0.0,164.0,
2026-07-08 05:16:40,59.0,0.000               ,669.121,200.0,1200.0,0.0,59.875,59.875              ,59.875,59.875,59.875,59.875,59.875,59.875,59.875,30.339,37.417,43.402,38.59,48.241,10.931,43.939,11.632,33.061,2180.0,2180.0,2180.0,2180.0,2725.0,2650.0,2120.0,2120.0,2725.0,1.282,1.282,1.432,1.432,1.033,1.03,0.959,0.957,15.089,5345.0,14190.0,9136.102,165.0,0.11
2026-07-08 05:16:42,58.0,0.000               ,761.98,200.0,1200.0,0.0,58.0,58.000              ,58.0,58.0,58.0,58.0,58.0,58.0,58.0,66.532,63.804,71.761,78.035,71.52,54.211,98.717,57.816,70.3,2300.0,2300.0,2300.0,2300.0,1840.0,1840.0,1400.0,1400.0,2300.0,0.743,0.745,0.834,0.834,0.714,0.714,0.836,0.836,15.646,5308.0,14360.0,433.125,167.0,2.31
2026-07-08 05:16:43,57.0,46.000              ,760.48,428.0,1200.0,0.0,57.75,57.750              ,57.75,57.75,57.75,57.75,57.75,57.75,57.75,49.626,52.581,61.281,56.717,69.234,33.377,56.348,42.506,52.709,1400.0,1400.0,1400.0,1400.0,1400.0,1400.0,1400.0,1400.0,1400.0,0.578,0.575,0.654,0.657,0.589,0.59,0.572,0.57,14.315,5271.0,14359.0,41.269,168.0,24.23
2026-07-08 05:16:44,57.0,81.000              ,770.688,200.0,1200.0,0.0,57.75,57.750              ,57.75,57.75,57.75,57.75,57.75,57.75,57.75,36.0,29.652,44.78,50.05,60.403,8.972,54.681,13.172,37.214,1633.333,1633.333,1960.0,1960.0,1650.0,1650.0,1920.0,1920.0,1960.0,0.566,0.568,0.785,0.783,0.597,0.596,0.596,0.596,14.86,5279.0,14375.0,27.923,169.0,35.81
2026-07-08 05:16:45,57.0,69.000              ,770.699,200.0,1200.0,0.0,57.75,57.750              ,57.75,57.75,57.75,57.75,57.75,57.75,57.75,31.974,28.617,43.842,44.839,57.969,12.837,44.897,16.942,35.239,1633.333,1633.333,1960.0,1960.0,1880.0,1880.0,1566.667,1566.667,1960.0,0.538,0.537,0.777,0.776,0.651,0.652,0.583,0.583,14.989,5288.0,14375.0,27.219,170.0,36.74
2026-07-08 05:16:46,57.0,69.000              ,778.25,457.0,1200.0,0.0,57.75,57.750              ,57.75,57.75,57.75,57.75,57.75,57.75,57.75,36.86,26.896,40.667,46.234,51.151,16.082,48.852,12.114,34.857,1800.0,1800.0,2160.0,2160.0,1800.0,2060.0,1716.667,1716.667,2160.0,0.579,0.58,0.803,0.805,0.634,0.633,0.581,0.581,15.239,5288.0,14388.0,17.811,171.0,56.15
2026-07-08 05:16:47,57.0,69.000              ,785.809,457.0,1200.0,0.0,57.75,57.750              ,57.75,57.75,57.75,57.75,57.75,57.75,57.75,42.114,30.872,50.153,55.087,61.561,21.88,57.034,23.328,42.754,1616.667,1616.667,1940.0,1940.0,1920.0,1920.0,1600.0,1920.0,1940.0,0.552,0.551,0.767,0.766,0.637,0.627,0.591,0.591,14.789,5296.0,14403.0,25.149,172.0,39.76
2026-07-08 05:16:48,57.0,72.000              ,788.973,461.0,1200.0,0.0,57.75,57.750              ,57.75,57.75,57.75,57.75,57.75,57.75,57.75,43.157,30.013,49.687,42.599,60.654,13.92,55.396,17.375,39.1,1650.0,1650.0,1980.0,1980.0,1600.0,1600.0,1583.333,1583.333,1980.0,0.59,0.59,0.754,0.753,0.606,0.615,0.642,0.642,15.168,5301.0,14405.0,28.901,173.0,34.6
2026-07-08 05:16:49,57.0,72.000              ,788.973,200.0,1200.0,0.0,57.75,57.750              ,57.75,57.75,57.75,57.75,57.75,57.75,57.75,42.126,25.277,36.522,38.028,54.047,17.107,61.658,13.64,36.051,1600.0,1600.0,1600.0,1600.0,1600.0,1600.0,1900.0,1900.0,1900.0,0.564,0.564,0.634,0.625,0.633,0.634,0.668,0.676,14.981,5306.0,14405.0,24.219,174.0,41.29
2026-07-08 05:16:50,57.0,68.000              ,793.617,469.0,1200.0,0.0,57.75,57.750              ,57.75,57.75,57.75,57.75,57.75,57.75,57.75,41.354,29.849,44.202,54.26,57.837,18.742,60.259,12.622,39.89,1566.667,1566.667,1566.667,1566.667,1880.0,1880.0,1566.667,1566.667,1880.0,0.56,0.56,0.783,0.797,0.626,0.625,0.615,0.606,14.864,5312.0,14413.0,22.778,175.0,43.9
2026-07-08 05:16:51,57.0,66.000              ,773.949,381.0,1200.0,0.0,57.75,57.750              ,57.75,57.75,57.75,57.75,57.75,57.75,57.75,44.746,27.213,45.582,46.722,54.507,17.802,56.074,14.993,38.455,1683.333,1683.333,2020.0,2020.0,1683.333,1683.333,1683.333,1683.333,2020.0,0.609,0.609,0.805,0.803,0.612,0.612,0.64,0.64,15.084,5318.0,14399.0,21.633,176.0,46.23
2026-07-08 05:16:52,57.0,68.000              ,770.078,200.0,1200.0,0.0,57.75,57.750              ,57.75,57.75,57.75,57.75,57.75,57.75,57.75,36.752,23.33,36.834,53.321,55.43,10.306,47.752,15.696,34.928,1766.667,1766.667,2100.0,2100.0,1750.0,1750.0,1750.0,1750.0,2100.0,0.549,0.549,0.835,0.834,0.575,0.575,0.585,0.585,14.849,5317.0,14397.0,25.071,177.0,39.89
2026-07-08 05:16:53,57.0,68.000              ,770.16,393.0,1200.0,0.0,57.75,57.750              ,57.75,57.75,57.75,57.75,57.75,57.75,57.75,42.525,21.832,47.751,34.619,50.913,13.54,62.774,14.49,36.055,1583.333,1583.333,1900.0,1900.0,1583.333,1583.333,1566.667,1583.333,1900.0,0.595,0.585,0.718,0.722,0.618,0.618,0.697,0.697,15.078,5325.0,14396.0,20.837,178.0,47.99
2026-07-08 05:16:54,57.0,69.000              ,770.168,200.0,1200.0,0.0,57.75,57.750              ,57.75,57.75,57.75,57.75,57.75,57.75,57.75,44.042,24.927,48.205,32.78,49.856,18.913,62.622,12.199,36.693,1700.0,1700.0,2040.0,2040.0,1700.0,1700.0,2040.0,2040.0,2040.0,0.613,0.623,0.718,0.714,0.631,0.631,0.719,0.719,15.124,5327.0,14393.0,23.561,179.0,42.44
2026-07-08 05:16:55,57.0,69.000              ,769.168,393.0,1200.0,0.0,57.75,57.750              ,57.75,57.75,57.75,57.75,57.75,57.75,57.75,47.226,19.785,49.045,29.626,40.495,14.564,61.565,15.548,34.732,1750.0,1750.0,1750.0,1750.0,1750.0,1750.0,2100.0,2100.0,2100.0,0.648,0.65,0.693,0.693,0.558,0.558,0.788,0.788,14.893,5324.0,14377.0,22.76,180.0,43.94
2026-07-08 05:16:56,57.0,69.000              ,769.164,370.0,1200.0,0.0,57.75,57.750              ,57.75,57.75,57.75,57.75,57.75,57.75,57.75,51.903,26.943,44.428,31.899,45.859,16.291,56.963,12.366,35.832,2080.0,2080.0,1733.333,1733.333,1733.333,1716.667,1716.667,1716.667,2080.0,0.729,0.729,0.71,0.71,0.594,0.594,0.688,0.688,15.022,5324.0,14376.0,23.746,181.0,42.11
2026-07-08 05:16:57,57.0,70.000              ,768.914,200.0,1200.0,0.0,57.75,57.750              ,57.75,57.75,57.75,57.75,57.75,57.75,57.75,38.864,30.035,47.89,35.67,45.862,10.392,55.767,12.806,34.661,1783.333,1783.333,2140.0,2120.0,1766.667,1766.667,1766.667,1766.667,2140.0,0.647,0.646,0.806,0.808,0.565,0.575,0.678,0.678,15.102,5323.0,14374.0,25.616,182.0,39.04
2026-07-08 05:16:58,57.0,69.000              ,768.961,413.0,1200.0,0.0,57.75,57.750              ,57.75,57.75,57.75,57.75,57.75,57.75,57.75,44.084,28.921,52.862,38.623,47.404,18.301,57.824,22.44,38.807,1980.0,1980.0,1980.0,1980.0,1650.0,1650.0,1980.0,1980.0,1980.0,0.618,0.618,0.755,0.753,0.583,0.572,0.717,0.71,14.928,5323.0,14378.0,19.879,183.0,50.3
2026-07-08 05:16:59,57.0,69.000              ,773.0,413.0,1200.0,0.0,57.75,57.750              ,57.75,57.75,57.75,57.75,57.75,57.75,57.75,46.102,29.829,41.232,52.562,50.039,13.739,54.896,14.298,37.837,1583.333,1583.333,1900.0,1900.0,1583.333,1583.333,1583.333,1583.333,1900.0,0.615,0.616,0.801,0.803,0.535,0.535,0.597,0.601,15.063,5327.0,14377.0,27.616,184.0,36.21
2026-07-08 05:17:00,57.0,70.000              ,770.746,413.0,1200.0,0.0,57.75,57.750              ,57.75,57.75,57.75,57.75,57.75,57.75,57.75,38.171,30.316,44.635,36.319,48.65,10.014,53.126,14.46,34.461,1816.667,1816.667,2180.0,2180.0,1816.667,1800.0,1800.0,1800.0,2180.0,0.646,0.647,0.799,0.796,0.573,0.573,0.698,0.7,15.054,5329.0,14377.0,21.805,185.0,45.86
2026-07-08 05:17:01,57.0,70.000              ,770.496,406.0,1200.0,0.0,57.75,57.750              ,57.75,57.75,57.75,57.75,57.75,57.75,57.75,39.354,28.021,47.95,30.311,56.48,7.89,51.253,12.497,34.22,1733.333,1733.333,2080.0,2080.0,1733.333,1733.333,1733.333,1733.333,2080.0,0.631,0.629,0.76,0.769,0.624,0.624,0.686,0.685,14.849,5329.0,14372.0,21.489,186.0,46.54
2026-07-08 05:17:02,57.0,71.000              ,770.535,387.0,1200.0,0.0,57.75,57.750              ,57.75,57.75,57.75,57.75,57.75,57.75,57.75,37.149,30.213,49.388,41.018,55.143,13.072,46.385,18.778,36.393,1800.0,1783.333,2120.0,2120.0,1766.667,1766.667,1766.667,1766.667,2120.0,0.633,0.633,0.84,0.834,0.653,0.653,0.667,0.667,15.177,5329.0,14373.0,23.622,187.0,42.33
2026-07-08 05:17:03,57.0,70.000              ,770.531,428.0,1200.0,0.0,57.75,57.750              ,57.75,57.75,57.75,57.75,57.75,57.75,57.75,43.622,26.002,54.414,32.439,52.285,11.352,50.288,15.106,35.688,1783.333,1783.333,2140.0,2140.0,1783.333,1783.333,1783.333,1783.333,2140.0,0.666,0.666,0.806,0.798,0.615,0.615,0.659,0.659,14.903,5329.0,14372.0,23.808,188.0,42.0
2026-07-08 05:17:04,57.0,70.000              ,770.688,484.0,1200.0,0.0,57.75,57.750              ,57.75,57.75,57.75,57.75,57.75,57.75,57.75,43.674,21.389,49.059,37.788,51.235,14.853,55.513,14.617,36.016,1666.667,1666.667,2000.0,2000.0,1666.667,1666.667,1666.667,1666.667,2000.0,0.595,0.595,0.761,0.766,0.592,0.593,0.684,0.684,15.177,5329.0,14373.0,27.281,189.0,36.66
2026-07-08 05:17:05,57.0,70.000              ,772.125,400.0,1200.0,0.0,57.75,57.750              ,57.75,57.75,57.75,57.75,57.75,57.75,57.75,40.543,24.88,49.3,32.727,56.321,14.647,57.544,12.806,36.096,1633.333,1633.333,1633.333,1633.333,1960.0,1960.0,1633.333,1633.333,1960.0,0.6,0.597,0.718,0.718,0.669,0.668,0.648,0.648,14.984,5332.0,14374.0,21.659,190.0,46.17
2026-07-08 05:17:06,57.0,70.000              ,772.129,200.0,1200.0,0.0,57.75,57.750              ,57.75,57.75,57.75,57.75,57.75,57.75,57.75,41.385,33.108,45.865,52.232,55.827,15.727,55.949,13.615,39.214,1716.667,1716.667,2060.0,2060.0,1716.667,1716.667,1716.667,1716.667,2060.0,0.576,0.579,0.79,0.79,0.588,0.588,0.591,0.591,15.195,5332.0,14374.0,24.627,191.0,40.61
2026-07-08 05:17:07,57.0,71.000              ,772.129,200.0,1200.0,0.0,57.75,57.750              ,57.75,57.75,57.75,57.75,57.75,57.75,57.75,42.699,25.592,39.343,53.16,50.609,15.752,51.415,15.122,36.712,1466.667,1466.667,1760.0,1780.0,1483.333,1483.333,1483.333,1483.333,1780.0,0.582,0.582,0.791,0.793,0.561,0.561,0.607,0.607,14.914,5331.0,14376.0,25.048,192.0,39.92
2026-07-08 05:17:08,57.0,69.000              ,772.125,305.0,1200.0,0.0,57.875,57.875              ,57.875,57.875,57.875,57.875,57.875,57.875,57.875,51.71,40.685,55.278,53.619,64.242,25.601,60.31,34.977,48.303,1483.333,1483.333,1780.0,1780.0,1483.333,1483.333,1483.333,1483.333,1780.0,0.625,0.627,0.771,0.77,0.658,0.658,0.656,0.656,15.111,5354.0,14383.0,41.735,193.0,23.96
2026-07-08 05:17:09,57.0,62.000              ,772.379,234.0,1200.0,0.0,57.875,57.875              ,57.875,57.875,57.875,57.875,57.875,57.875,57.875,66.769,55.992,67.275,75.056,71.754,56.228,71.723,50.039,64.355,1583.333,1583.333,1583.333,1357.143,1550.0,1550.0,1550.0,1550.0,1583.333,0.624,0.622,0.743,0.743,0.693,0.682,0.641,0.641,15.103,5383.0,14392.0,25.298,194.0,39.53
2026-07-08 05:17:10,57.0,74.000              ,782.152,200.0,1200.0,0.0,57.875,57.875              ,57.875,57.875,57.875,57.875,57.875,57.875,57.875,53.468,53.398,58.001,65.207,67.383,44.033,69.43,42.039,56.62,1328.571,1328.571,1550.0,1550.0,1550.0,1550.0,1328.571,1314.286,1550.0,0.573,0.573,0.686,0.684,0.628,0.643,0.629,0.629,15.078,5398.0,14403.0,32.79,195.0,30.5
2026-07-08 05:17:11,57.0,87.000              ,782.152,457.0,1200.0,0.0,57.875,57.875              ,57.875,57.875,57.875,57.875,57.875,57.875,57.875,43.233,32.142,39.076,54.523,60.584,15.69,52.975,16.23,39.307,1583.333,1583.333,1583.333,1583.333,1600.0,1600.0,1371.429,1371.429,1600.0,0.53,0.53,0.689,0.69,0.571,0.564,0.533,0.533,14.673,5404.0,14404.0,27.101,196.0,36.9
2026-07-08 05:17:12,57.0,77.000              ,782.148,393.0,1200.0,0.0,57.875,57.875              ,57.875,57.875,57.875,57.875,57.875,57.875,57.875,34.305,27.026,57.57,43.722,49.203,13.632,49.043,21.811,37.039,1633.333,1633.333,1960.0,1960.0,1633.333,1633.333,1633.333,1633.333,1960.0,0.586,0.586,0.882,0.881,0.573,0.573,0.647,0.647,14.856,5407.0,14404.0,25.022,197.0,39.96
2026-07-08 05:17:13,57.0,70.000              ,780.688,200.0,1200.0,0.0,57.875,57.875              ,57.875,57.875,57.875,57.875,57.875,57.875,57.875,38.031,28.909,54.926,37.287,45.008,18.028,54.843,20.789,37.228,1750.0,1766.667,2120.0,2120.0,1766.667,1700.0,1700.0,1700.0,2120.0,0.608,0.609,0.825,0.825,0.597,0.601,0.709,0.698,15.058,5407.0,14404.0,20.386,198.0,49.05
2026-07-08 05:17:14,57.0,68.000              ,781.234,469.0,1200.0,0.0,57.875,57.875              ,57.875,57.875,57.875,57.875,57.875,57.875,57.875,41.165,33.442,38.751,42.589,62.061,15.528,54.372,15.379,37.911,1666.667,1666.667,2000.0,2000.0,1960.0,1960.0,1633.333,1633.333,2000.0,0.595,0.594,0.693,0.693,0.685,0.681,0.598,0.607,15.17,5406.0,14404.0,25.671,199.0,38.95
2026-07-08 05:17:15,57.0,70.000              ,790.184,457.0,1200.0,0.0,57.875,57.875              ,57.875,57.875,57.875,57.875,57.875,57.875,57.875,43.066,26.43,60.697,30.249,48.105,19.792,60.117,16.667,38.141,1633.333,1633.333,1960.0,1960.0,1650.0,1650.0,1650.0,1633.333,1960.0,0.592,0.592,0.75,0.751,0.584,0.584,0.681,0.681,14.982,5409.0,14418.0,23.497,200.0,42.56
2026-07-08 05:17:16,57.0,68.000              ,790.434,426.0,1200.0,0.0,57.875,57.875              ,57.875,57.875,57.875,57.875,57.875,57.875,57.875,40.604,29.706,58.145,34.517,54.195,13.202,58.801,17.521,38.336,1650.0,1650.0,1980.0,2000.0,1666.667,1600.0,1600.0,1600.0,2000.0,0.595,0.595,0.775,0.777,0.603,0.603,0.669,0.669,15.027,5413.0,14417.0,19.223,201.0,52.02
2026-07-08 05:17:17,57.0,66.000              ,790.406,406.0,1200.0,0.0,57.875,57.875              ,57.875,57.875,57.875,57.875,57.875,57.875,57.875,38.16,28.677,59.369,32.677,53.359,15.478,55.823,16.591,37.517,1750.0,1750.0,2100.0,2100.0,1750.0,1716.667,1716.667,1716.667,2100.0,0.597,0.597,0.809,0.807,0.629,0.629,0.66,0.66,15.005,5412.0,14417.0,22.304,202.0,44.84
2026-07-08 05:17:18,57.0,69.000              ,790.41,400.0,1200.0,0.0,57.875,57.875              ,57.875,57.875,57.875,57.875,57.875,57.875,57.875,34.691,28.353,55.097,34.78,56.784,12.47,54.454,14.124,36.344,1716.667,1716.667,2060.0,2060.0,1716.667,1716.667,1700.0,1700.0,2060.0,0.58,0.58,0.82,0.822,0.655,0.646,0.638,0.638,15.053,5411.0,14417.0,21.748,203.0,45.98
2026-07-08 05:17:19,57.0,69.000              ,787.34,406.0,1200.0,0.0,57.875,57.875              ,57.875,57.875,57.875,57.875,57.875,57.875,57.875,36.584,28.809,43.438,46.358,53.16,17.002,53.086,15.873,36.789,1700.0,1700.0,2040.0,2060.0,1716.667,1716.667,1716.667,1716.667,2060.0,0.566,0.566,0.801,0.799,0.608,0.62,0.611,0.611,15.147,5407.0,14413.0,28.96,204.0,34.53
2026-07-08 05:17:20,57.0,68.000              ,786.836,413.0,1200.0,0.0,57.875,57.875              ,57.875,57.875,57.875,57.875,57.875,57.875,57.875,41.661,28.686,46.656,40.148,49.829,15.01,55.15,12.08,36.153,1616.667,1616.667,1940.0,1940.0,1633.333,1633.333,1633.333,1633.333,1940.0,0.605,0.605,0.768,0.768,0.604,0.6,0.633,0.633,14.958,5407.0,14413.0,26.648,205.0,37.53
2026-07-08 05:17:21,57.0,69.000              ,786.84,200.0,1200.0,0.0,57.875,57.875              ,57.875,57.875,57.875,57.875,57.875,57.875,57.875,34.845,25.142,46.657,35.264,45.206,4.707,63.894,7.654,32.921,1716.667,1716.667,2060.0,2080.0,1733.333,1733.333,1733.333,1733.333,2080.0,0.589,0.59,0.796,0.796,0.533,0.533,0.707,0.707,14.954,5407.0,14413.0,21.534,206.0,46.44
2026-07-08 05:17:22,57.0,69.000              ,786.836,426.0,1200.0,0.0,57.875,57.875              ,57.875,57.875,57.875,57.875,57.875,57.875,57.875,46.587,32.675,41.429,40.71,48.192,9.252,54.673,16.283,36.225,1700.0,1700.0,1700.0,1700.0,1700.0,1700.0,2040.0,2040.0,2040.0,0.694,0.693,0.755,0.755,0.586,0.586,0.69,0.69,14.934,5407.0,14410.0,26.604,207.0,37.59
2026-07-08 05:17:23,57.0,69.000              ,786.836,393.0,1200.0,0.0,57.875,57.875              ,57.875,57.875,57.875,57.875,57.875,57.875,57.875,48.716,24.898,45.58,30.81,43.454,8.897,58.282,12.645,34.16,1816.667,1816.667,2180.0,2180.0,1816.667,1816.667,2180.0,2180.0,2180.0,0.695,0.695,0.722,0.723,0.557,0.557,0.781,0.783,14.983,5406.0,14410.0,22.464,208.0,44.52
2026-07-08 05:17:24,57.0,70.000              ,780.773,200.0,1200.0,0.0,57.875,57.875              ,57.875,57.875,57.875,57.875,57.875,57.875,57.875,41.14,30.987,52.648,35.672,48.252,14.303,55.332,16.0,36.792,1783.333,1783.333,2140.0,2140.0,1783.333,1783.333,1783.333,1783.333,2140.0,0.645,0.645,0.814,0.812,0.621,0.621,0.679,0.682,15.197,5405.0,14404.0,22.393,209.0,44.66
2026-07-08 05:17:25,57.0,69.000              ,775.391,442.0,1200.0,0.0,57.875,57.875              ,57.875,57.875,57.875,57.875,57.875,57.875,57.875,47.694,28.202,42.65,41.717,46.855,13.723,52.831,14.252,35.991,2060.0,2060.0,2060.0,2060.0,1716.667,1716.667,1716.667,1716.667,2060.0,0.647,0.647,0.74,0.742,0.567,0.567,0.655,0.65,15.112,5402.0,14401.0,22.389,210.0,44.66
2026-07-08 05:17:26,57.0,70.000              ,777.031,393.0,1200.0,0.0,57.75,57.750              ,57.75,57.75,57.75,57.75,57.75,57.75,57.75,43.19,30.646,42.083,48.213,52.612,13.419,50.992,18.117,37.409,1633.333,1633.333,1633.333,1633.333,1960.0,1960.0,1633.333,1633.333,1960.0,0.582,0.582,0.758,0.758,0.605,0.605,0.608,0.612,15.132,5402.0,14399.0,22.412,211.0,44.62
2026-07-08 05:17:27,57.0,71.000              ,777.043,476.0,1200.0,0.0,57.75,57.750              ,57.75,57.75,57.75,57.75,57.75,57.75,57.75,36.483,28.32,39.496,39.415,46.039,14.841,54.106,17.857,34.57,1683.333,1683.333,2020.0,2020.0,1683.333,1683.333,1683.333,1683.333,2020.0,0.537,0.529,0.682,0.691,0.524,0.533,0.642,0.639,15.072,5409.0,14393.0,25.408,212.0,39.36
2026-07-08 05:17:28,57.0,72.000              ,777.035,200.0,1200.0,0.0,57.75,57.750              ,57.75,57.75,57.75,57.75,57.75,57.75,57.75,44.902,30.633,46.853,44.514,46.608,17.354,55.054,17.288,37.901,1616.667,1616.667,1940.0,1940.0,1616.667,1616.667,1633.333,1633.333,1940.0,0.6,0.61,0.778,0.768,0.574,0.566,0.643,0.643,14.777,5411.0,14393.0,24.506,213.0,40.81
2026-07-08 05:17:29,57.0,69.000              ,777.156,428.0,1200.0,0.0,57.75,57.750              ,57.75,57.75,57.75,57.75,57.75,57.75,57.75,48.464,30.229,44.74,41.52,50.931,18.878,51.767,18.515,38.13,1700.0,1700.0,2040.0,2040.0,1700.0,1700.0,1700.0,1700.0,2040.0,0.664,0.664,0.757,0.757,0.628,0.63,0.673,0.675,15.208,5410.0,14390.0,25.014,214.0,39.98
2026-07-08 05:17:30,57.0,67.000              ,778.973,281.0,1200.0,0.0,57.75,57.750              ,57.75,57.75,57.75,57.75,57.75,57.75,57.75,50.426,36.976,50.079,50.387,62.803,20.87,59.471,26.393,44.676,1700.0,1700.0,2040.0,2040.0,2040.0,2040.0,1700.0,1700.0,2040.0,0.636,0.636,0.782,0.783,0.674,0.674,0.659,0.657,15.337,5416.0,14391.0,26.842,215.0,37.26
2026-07-08 05:17:31,57.0,75.000              ,779.016,290.0,1200.0,0.0,57.75,57.750              ,57.75,57.75,57.75,57.75,57.75,57.75,57.75,60.857,55.077,59.032,65.082,68.058,41.877,66.466,40.278,57.091,1483.333,1483.333,1483.333,1483.333,1483.333,1483.333,1483.333,1483.333,1483.333,0.602,0.593,0.649,0.648,0.6,0.599,0.586,0.587,14.962,5442.0,14397.0,30.567,216.0,32.72
2026-07-08 05:17:32,57.0,86.000              ,778.887,461.0,1200.0,0.0,57.75,57.750              ,57.75,57.75,57.75,57.75,57.75,57.75,57.75,41.47,40.768,53.591,49.555,56.001,23.659,49.956,31.24,43.28,1414.286,1400.0,1633.333,1633.333,1633.333,1633.333,1633.333,1633.333,1633.333,0.542,0.55,0.702,0.703,0.564,0.564,0.58,0.584,14.527,5441.0,14393.0,23.25,217.0,43.01
2026-07-08 05:17:33,57.0,82.000              ,769.859,476.0,1200.0,0.0,57.75,57.750              ,57.75,57.75,57.75,57.75,57.75,57.75,57.75,41.559,30.714,41.337,38.113,57.287,12.343,52.755,16.827,36.367,1650.0,1650.0,1980.0,1980.0,1650.0,1650.0,1920.0,1920.0,1980.0,0.609,0.609,0.666,0.664,0.593,0.593,0.642,0.637,15.09,5436.0,14385.0,31.765,218.0,31.48
2026-07-08 05:17:34,57.0,68.000              ,771.816,435.0,1200.0,0.0,57.75,57.750              ,57.75,57.75,57.75,57.75,57.75,57.75,57.75,40.142,32.269,42.149,42.773,58.009,19.072,58.754,21.187,39.294,1633.333,1633.333,1960.0,1960.0,1633.333,1633.333,1633.333,1920.0,1960.0,0.548,0.549,0.627,0.631,0.631,0.631,0.662,0.662,15.237,5437.0,14387.0,24.927,219.0,40.12
2026-07-08 05:17:35,57.0,71.000              ,772.711,406.0,1200.0,0.0,57.75,57.750              ,57.75,57.75,57.75,57.75,57.75,57.75,57.75,37.27,31.376,45.779,47.711,59.445,19.138,49.101,19.126,38.618,1533.333,1533.333,1840.0,1840.0,1533.333,1533.333,1500.0,1500.0,1840.0,0.515,0.514,0.702,0.698,0.592,0.592,0.541,0.541,15.074,5432.0,14388.0,22.985,220.0,43.51
2026-07-08 05:17:36,57.0,73.000              ,772.711,469.0,1200.0,0.0,57.75,57.750              ,57.75,57.75,57.75,57.75,57.75,57.75,57.75,37.34,28.361,36.103,49.824,55.401,13.371,54.703,17.115,36.527,1566.667,1566.667,1880.0,1860.0,1550.0,1840.0,1533.333,1533.333,1880.0,0.521,0.521,0.708,0.708,0.56,0.56,0.61,0.61,14.908,5433.0,14387.0,26.912,221.0,37.16
2026-07-08 05:17:37,57.0,71.000              ,772.336,476.0,1200.0,0.0,57.75,57.750              ,57.75,57.75,57.75,57.75,57.75,57.75,57.75,39.842,30.882,51.105,35.332,55.612,14.193,49.52,19.31,36.975,1633.333,1633.333,1940.0,1960.0,1633.333,1633.333,1633.333,1633.333,1960.0,0.596,0.596,0.691,0.692,0.587,0.587,0.628,0.636,14.83,5432.0,14387.0,23.36,222.0,42.81
2026-07-08 05:17:38,57.0,68.000              ,764.199,435.0,1200.0,0.0,57.75,57.750              ,57.75,57.75,57.75,57.75,57.75,57.75,57.75,42.639,29.745,53.097,40.877,54.156,21.902,52.393,27.162,40.246,1583.333,1583.333,1900.0,1900.0,1583.333,1583.333,1583.333,1583.333,1900.0,0.6,0.6,0.754,0.753,0.625,0.627,0.67,0.662,15.139,5430.0,14376.0,21.669,223.0,46.15
2026-07-08 05:17:39,57.0,66.000              ,778.867,435.0,1200.0,0.0,57.75,57.750              ,57.75,57.75,57.75,57.75,57.75,57.75,57.75,41.583,28.973,53.201,39.424,60.499,23.993,50.782,22.883,40.167,1583.333,1583.333,1900.0,1900.0,1583.333,1583.333,1900.0,1900.0,1900.0,0.568,0.57,0.715,0.715,0.658,0.656,0.594,0.594,15.218,5445.0,14389.0,29.464,224.0,33.94
2026-07-08 05:17:40,57.0,70.000              ,778.863,461.0,1200.0,0.0,57.75,57.750              ,57.75,57.75,57.75,57.75,57.75,57.75,57.75,38.818,21.806,51.783,34.213,60.343,11.904,53.093,11.045,35.376,1633.333,1633.333,1960.0,1960.0,1920.0,1920.0,1600.0,1600.0,1960.0,0.52,0.521,0.696,0.696,0.603,0.603,0.549,0.551,14.981,5441.0,14388.0,17.801,225.0,56.18
2026-07-08 05:17:41,57.0,71.000              ,778.902,406.0,1200.0,0.0,57.75,57.750              ,57.75,57.75,57.75,57.75,57.75,57.75,57.75,55.855,30.844,57.991,39.707,62.991,25.406,57.159,29.493,44.931,1600.0,1600.0,1900.0,1900.0,1583.333,1900.0,1583.333,1583.333,1900.0,0.602,0.6,0.708,0.708,0.641,0.641,0.633,0.632,15.157,5441.0,14388.0,25.15,226.0,39.76
2026-07-08 05:17:42,57.0,73.000              ,778.895,469.0,1200.0,0.0,57.75,57.750              ,57.75,57.75,57.75,57.75,57.75,57.75,57.75,43.55,34.842,55.042,39.592,61.641,19.651,58.403,22.78,41.938,1650.0,1428.571,1428.571,1428.571,1650.0,1633.333,1633.333,1633.333,1650.0,0.544,0.544,0.674,0.674,0.594,0.594,0.611,0.61,14.757,5447.0,14389.0,26.8,227.0,37.31
2026-07-08 05:17:43,57.0,72.000              ,778.891,469.0,1200.0,0.0,57.75,57.750              ,57.75,57.75,57.75,57.75,57.75,57.75,57.75,43.766,24.182,59.437,47.528,52.523,17.109,49.351,18.981,39.11,1700.0,1700.0,2040.0,2020.0,1683.333,1683.333,1683.333,1683.333,2040.0,0.568,0.575,0.807,0.807,0.601,0.601,0.588,0.588,15.162,5445.0,14389.0,25.228,228.0,39.64
2026-07-08 05:17:44,57.0,66.000              ,782.941,442.0,1200.0,0.0,57.75,57.750              ,57.75,57.75,57.75,57.75,57.75,57.75,57.75,45.939,32.579,53.302,55.363,57.048,24.995,62.046,20.802,44.009,1633.333,1633.333,1960.0,1960.0,1633.333,1633.333,1940.0,1940.0,1960.0,0.591,0.583,0.746,0.746,0.6,0.6,0.6,0.6,15.072,5445.0,14396.0,20.913,229.0,47.82
2026-07-08 05:17:45,57.0,66.000              ,782.379,435.0,1200.0,0.0,57.75,57.750              ,57.75,57.75,57.75,57.75,57.75,57.75,57.75,34.86,23.765,42.109,44.553,46.076,14.109,45.768,16.011,33.407,1650.0,1633.333,1980.0,1980.0,1633.333,1633.333,1633.333,1633.333,1980.0,0.543,0.543,0.786,0.786,0.534,0.534,0.59,0.588,14.896,5444.0,14394.0,27.654,230.0,36.16
2026-07-08 05:17:46,57.0,69.000              ,779.688,442.0,1200.0,0.0,57.75,57.750              ,57.75,57.75,57.75,57.75,57.75,57.75,57.75,46.14,32.65,48.231,45.778,53.436,22.777,54.301,24.596,40.989,1566.667,1566.667,1880.0,1880.0,1550.0,1550.0,1860.0,1860.0,1880.0,0.56,0.56,0.689,0.689,0.581,0.581,0.559,0.56,15.095,5450.0,14393.0,22.867,231.0,43.73
2026-07-08 05:17:47,57.0,70.000              ,779.746,200.0,1200.0,0.0,57.75,57.750              ,57.75,57.75,57.75,57.75,57.75,57.75,57.75,49.466,33.548,50.559,41.994,56.472,27.364,57.977,17.079,41.807,1566.667,1566.667,1880.0,1900.0,1583.333,1566.667,1566.667,1566.667,1900.0,0.606,0.606,0.698,0.698,0.604,0.604,0.563,0.563,14.952,5450.0,14394.0,28.358,232.0,35.26
2026-07-08 05:17:48,57.0,68.000              ,779.371,420.0,1200.0,0.0,57.75,57.750              ,57.75,57.75,57.75,57.75,57.75,57.75,57.75,40.008,35.083,50.021,42.481,58.643,23.94,51.473,24.947,40.825,1583.333,1583.333,1583.333,1583.333,1900.0,1900.0,1583.333,1583.333,1900.0,0.53,0.53,0.657,0.657,0.621,0.621,0.563,0.564,15.189,5451.0,14392.0,22.736,233.0,43.98
2026-07-08 05:17:49,57.0,72.000              ,753.719,200.0,1200.0,0.0,57.75,57.750              ,57.75,57.75,57.75,57.75,57.75,57.75,57.75,41.937,33.15,54.89,41.242,62.704,19.361,59.211,19.611,41.513,1483.333,1483.333,1780.0,1780.0,1780.0,1780.0,1483.333,1483.333,1780.0,0.538,0.538,0.644,0.644,0.588,0.588,0.556,0.557,14.918,5449.0,14376.0,25.298,234.0,39.53
2026-07-08 05:17:50,57.0,76.000              ,753.715,420.0,1200.0,0.0,57.75,57.750              ,57.75,57.75,57.75,57.75,57.75,57.75,57.75,47.443,29.527,54.621,38.771,62.237,13.542,58.927,17.237,40.288,1533.333,1533.333,1840.0,1840.0,1533.333,1533.333,1533.333,1533.333,1840.0,0.555,0.555,0.686,0.688,0.581,0.581,0.564,0.562,15.204,5452.0,14376.0,21.624,235.0,46.24
2026-07-08 05:17:51,57.0,75.000              ,753.34,469.0,1200.0,0.0,57.75,57.750              ,57.75,57.75,57.75,57.75,57.75,57.75,57.75,36.493,27.625,39.852,47.326,51.355,14.7,46.427,13.806,34.698,1483.333,1500.0,1800.0,1800.0,1500.0,1500.0,1500.0,1500.0,1800.0,0.523,0.524,0.714,0.712,0.562,0.562,0.515,0.515,14.858,5451.0,14375.0,26.172,236.0,38.21
2026-07-08 05:17:52,57.0,74.000              ,753.465,200.0,1200.0,0.0,57.75,57.750              ,57.75,57.75,57.75,57.75,57.75,57.75,57.75,46.5,29.27,47.777,42.607,59.457,16.098,59.253,16.196,39.645,1633.333,1633.333,1960.0,1960.0,1650.0,1650.0,1650.0,1633.333,1960.0,0.578,0.567,0.72,0.721,0.587,0.587,0.591,0.592,15.005,5450.0,14348.0,23.133,237.0,43.23
2026-07-08 05:17:53,57.0,75.000              ,753.465,461.0,1200.0,0.0,57.75,57.750              ,57.75,57.75,57.75,57.75,57.75,57.75,57.75,39.95,30.858,36.333,53.998,50.319,16.114,47.387,22.189,37.143,1583.333,1600.0,1920.0,1920.0,1600.0,1600.0,1600.0,1600.0,1920.0,0.563,0.572,0.774,0.773,0.556,0.557,0.571,0.561,14.895,5451.0,14348.0,27.525,238.0,36.33
2026-07-08 05:17:54,57.0,73.000              ,753.512,435.0,1200.0,0.0,57.75,57.750              ,57.75,57.75,57.75,57.75,57.75,57.75,57.75,37.461,32.71,50.83,42.636,63.905,15.394,58.241,18.559,39.967,1583.333,1583.333,1900.0,1900.0,1583.333,1566.667,1566.667,1566.667,1900.0,0.539,0.539,0.709,0.705,0.6,0.599,0.574,0.584,15.227,5451.0,14348.0,22.932,239.0,43.61
2026-07-08 05:17:55,57.0,73.000              ,757.02,484.0,1200.0,0.0,57.75,57.750              ,57.75,57.75,57.75,57.75,57.75,57.75,57.75,36.164,29.353,38.836,46.123,53.786,18.324,49.222,18.349,36.27,1616.667,1616.667,1940.0,1940.0,1633.333,1633.333,1633.333,1633.333,1940.0,0.511,0.51,0.681,0.685,0.582,0.582,0.563,0.563,15.033,5451.0,14351.0,26.89,240.0,37.19
2026-07-08 05:17:56,57.0,74.000              ,757.023,200.0,1200.0,0.0,57.75,57.750              ,57.75,57.75,57.75,57.75,57.75,57.75,57.75,36.956,27.718,50.402,39.428,54.234,12.182,51.976,15.834,36.091,1616.667,1616.667,1940.0,1920.0,1600.0,1600.0,1600.0,1600.0,1940.0,0.568,0.568,0.778,0.778,0.583,0.583,0.625,0.625,15.005,5451.0,14351.0,24.586,241.0,40.67
2026-07-08 05:17:57,57.0,69.000              ,757.023,461.0,1200.0,0.0,57.75,57.750              ,57.75,57.75,57.75,57.75,57.75,57.75,57.75,33.99,24.178,49.116,34.551,62.99,6.586,45.764,11.745,33.615,1683.333,1683.333,2020.0,2020.0,1683.333,1666.667,1666.667,1666.667,2020.0,0.566,0.566,0.762,0.752,0.628,0.628,0.591,0.591,14.816,5453.0,14351.0,23.806,242.0,42.01
2026-07-08 05:17:58,57.0,68.000              ,723.918,381.0,1200.0,0.0,57.75,57.750              ,57.75,57.75,57.75,57.75,57.75,57.75,57.75,44.819,28.013,46.541,39.374,50.997,15.11,50.441,17.002,36.537,1700.0,1700.0,2040.0,2040.0,1700.0,1700.0,1683.333,1683.333,2040.0,0.606,0.606,0.743,0.753,0.595,0.595,0.64,0.64,15.228,5443.0,14325.0,26.805,243.0,37.31
2026-07-08 05:17:59,57.0,70.000              ,724.457,461.0,1200.0,0.0,57.75,57.750              ,57.75,57.75,57.75,57.75,57.75,57.75,57.75,39.361,26.578,45.268,38.583,54.595,12.448,48.149,14.623,34.951,1683.333,1683.333,2020.0,2020.0,1683.333,1683.333,1683.333,1683.333,2020.0,0.575,0.577,0.721,0.721,0.598,0.598,0.585,0.58,14.944,5441.0,14324.0,25.392,244.0,39.38
2026-07-08 05:18:00,57.0,72.000              ,718.441,450.0,1200.0,0.0,57.75,57.750              ,57.75,57.75,57.75,57.75,57.75,57.75,57.75,44.88,32.182,43.215,50.539,57.091,16.866,48.522,26.568,39.983,1533.333,1533.333,1840.0,1840.0,1516.667,1516.667,1516.667,1516.667,1840.0,0.555,0.553,0.713,0.714,0.574,0.574,0.579,0.584,15.046,5435.0,14298.0,25.008,245.0,39.99
2026-07-08 05:18:01,57.0,71.000              ,718.48,426.0,1200.0,0.0,57.75,57.750              ,57.75,57.75,57.75,57.75,57.75,57.75,57.75,45.721,30.161,45.79,42.595,48.452,15.153,44.637,14.73,35.905,1583.333,1583.333,1900.0,1900.0,1583.333,1583.333,1566.667,1566.667,1900.0,0.601,0.593,0.739,0.742,0.556,0.556,0.576,0.577,15.011,5435.0,14295.0,22.596,246.0,44.26
2026-07-08 05:18:02,57.0,68.000              ,718.23,381.0,1200.0,0.0,57.75,57.750              ,57.75,57.75,57.75,57.75,57.75,57.75,57.75,42.11,29.282,40.165,46.416,50.443,12.146,45.037,10.668,34.533,1766.667,1766.667,2120.0,2120.0,1766.667,1766.667,1766.667,1766.667,2120.0,0.618,0.627,0.805,0.789,0.597,0.599,0.571,0.571,14.939,5437.0,14288.0,24.437,247.0,40.92
2026-07-08 05:18:03,57.0,68.000              ,718.297,420.0,1200.0,0.0,57.75,57.750              ,57.75,57.75,57.75,57.75,57.75,57.75,57.75,49.099,29.378,46.399,37.913,50.415,23.202,53.935,18.071,38.552,1700.0,1700.0,2040.0,2040.0,1700.0,1700.0,1683.333,1683.333,2040.0,0.638,0.637,0.681,0.692,0.654,0.653,0.632,0.632,15.144,5438.0,14285.0,23.847,248.0,41.93
2026-07-08 05:18:04,57.0,69.000              ,718.168,442.0,1200.0,0.0,57.75,57.750              ,57.75,57.75,57.75,57.75,57.75,57.75,57.75,45.632,31.427,43.505,47.451,53.994,15.979,50.669,15.018,37.959,1683.333,1683.333,2020.0,2000.0,1666.667,1666.667,1666.667,1666.667,2020.0,0.637,0.638,0.793,0.799,0.628,0.628,0.597,0.599,15.083,5437.0,14281.0,21.628,249.0,46.24
2026-07-08 05:18:05,57.0,71.000              ,716.668,400.0,1200.0,0.0,57.75,57.750              ,57.75,57.75,57.75,57.75,57.75,57.75,57.75,41.166,29.069,41.857,37.852,52.118,13.443,52.287,12.249,35.005,1716.667,1716.667,2060.0,2060.0,1716.667,1716.667,1716.667,1716.667,2060.0,0.642,0.64,0.73,0.715,0.64,0.64,0.626,0.625,14.876,5437.0,14280.0,24.041,250.0,41.6
2026-07-08 05:18:06,57.0,69.000              ,717.961,200.0,1200.0,0.0,57.75,57.750              ,57.75,57.75,57.75,57.75,57.75,57.75,57.75,38.998,32.009,41.651,37.242,55.6,13.997,56.648,14.29,36.304,1733.333,1733.333,2080.0,2080.0,1733.333,1733.333,1750.0,1750.0,2080.0,0.564,0.564,0.678,0.688,0.623,0.623,0.632,0.632,15.322,5437.0,14281.0,25.969,251.0,38.51
2026-07-08 05:18:07,57.0,70.000              ,717.957,428.0,1200.0,0.0,57.75,57.750              ,57.75,57.75,57.75,57.75,57.75,57.75,57.75,41.664,29.004,47.559,34.751,58.087,15.437,47.301,14.722,36.066,1583.333,1583.333,1900.0,1880.0,1566.667,1566.667,1566.667,1566.667,1900.0,0.603,0.594,0.674,0.672,0.651,0.651,0.593,0.593,14.797,5437.0,14280.0,24.192,252.0,41.34
2026-07-08 05:18:08,57.0,70.000              ,717.961,442.0,1200.0,0.0,57.75,57.750              ,57.75,57.75,57.75,57.75,57.75,57.75,57.75,36.368,25.586,51.108,37.931,54.907,16.802,43.91,15.009,35.203,1716.667,1716.667,2060.0,2060.0,1716.667,1716.667,1716.667,1716.667,2060.0,0.579,0.588,0.778,0.779,0.638,0.638,0.6,0.6,15.128,5437.0,14280.0,22.837,253.0,43.79
2026-07-08 05:18:09,57.0,69.000              ,717.961,500.0,1200.0,0.0,57.75,57.750              ,57.75,57.75,57.75,57.75,57.75,57.75,57.75,39.921,21.914,51.998,32.74,54.245,12.429,46.512,20.503,35.033,1666.667,1666.667,2000.0,2000.0,1666.667,1666.667,1666.667,1666.667,2000.0,0.579,0.579,0.739,0.738,0.612,0.612,0.635,0.636,15.06,5436.0,14280.0,27.451,254.0,36.43
2026-07-08 05:18:10,57.0,71.000              ,717.957,400.0,1200.0,0.0,57.75,57.750              ,57.75,57.75,57.75,57.75,57.75,57.75,57.75,42.904,21.522,51.88,36.331,61.688,10.41,43.27,16.757,35.595,1700.0,1700.0,2040.0,2040.0,1700.0,1700.0,1700.0,1700.0,2040.0,0.597,0.597,0.73,0.73,0.648,0.648,0.57,0.57,14.984,5433.0,14279.0,22.325,255.0,44.79
2026-07-08 05:18:11,57.0,70.000              ,717.961,200.0,1200.0,0.0,57.75,57.750              ,57.75,57.75,57.75,57.75,57.75,57.75,57.75,37.705,27.413,51.833,37.094,50.842,12.701,56.451,12.979,35.877,1716.667,1716.667,2060.0,2060.0,1716.667,1716.667,1716.667,1716.667,2060.0,0.614,0.614,0.796,0.796,0.604,0.604,0.627,0.626,15.045,5433.0,14279.0,23.324,256.0,42.87
2026-07-08 05:18:12,57.0,68.000              ,718.961,492.0,1200.0,0.0,57.75,57.750              ,57.75,57.75,57.75,57.75,57.75,57.75,57.75,35.182,33.845,38.819,46.071,50.575,12.671,48.914,15.799,35.235,1750.0,1750.0,2100.0,2080.0,1733.333,1733.333,1733.333,1716.667,2100.0,0.583,0.584,0.788,0.79,0.588,0.588,0.603,0.602,15.156,5433.0,14279.0,24.906,257.0,40.15
2026-07-08 05:18:13,57.0,72.000              ,718.957,457.0,1200.0,0.0,57.75,57.750              ,57.75,57.75,57.75,57.75,57.75,57.75,57.75,38.558,23.109,42.093,40.7,42.83,10.788,55.252,12.401,33.216,1683.333,1683.333,2020.0,2020.0,1700.0,1700.0,1700.0,1700.0,2020.0,0.56,0.561,0.763,0.761,0.524,0.524,0.62,0.62,14.942,5433.0,14280.0,22.201,258.0,45.04
2026-07-08 05:18:14,57.0,70.000              ,716.461,500.0,1200.0,0.0,57.75,57.750              ,57.75,57.75,57.75,57.75,57.75,57.75,57.75,38.299,26.112,36.699,35.24,58.614,9.137,48.337,15.85,33.536,1683.333,1683.333,2020.0,2020.0,1683.333,1683.333,1683.333,1683.333,2020.0,0.562,0.56,0.66,0.661,0.613,0.613,0.583,0.583,14.947,5431.0,14280.0,25.678,259.0,38.94
2026-07-08 05:18:15,57.0,69.000              ,715.449,457.0,1200.0,0.0,57.75,57.750              ,57.75,57.75,57.75,57.75,57.75,57.75,57.75,45.912,25.499,50.42,33.443,56.188,11.267,57.193,19.406,37.416,1980.0,1980.0,1980.0,1980.0,1980.0,1960.0,1980.0,2000.0,2000.0,0.623,0.626,0.684,0.682,0.631,0.64,0.667,0.667,15.098,5433.0,14280.0,22.052,260.0,45.35
2026-07-08 05:18:16,57.0,69.000              ,715.453,200.0,1200.0,0.0,57.75,57.750              ,57.75,57.75,57.75,57.75,57.75,57.75,57.75,45.66,30.65,56.534,32.315,59.909,22.503,58.068,20.576,40.777,1583.333,1566.667,1880.0,1880.0,1880.0,1880.0,1880.0,1880.0,1880.0,0.592,0.589,0.66,0.66,0.672,0.664,0.639,0.639,15.07,5432.0,14279.0,20.042,261.0,49.9
2026-07-08 05:18:17,57.0,67.000              ,715.449,435.0,1200.0,0.0,57.75,57.750              ,57.75,57.75,57.75,57.75,57.75,57.75,57.75,41.526,25.715,53.917,32.415,51.167,16.831,58.946,10.586,36.388,1650.0,1650.0,1980.0,1980.0,1650.0,1650.0,1633.333,1633.333,1980.0,0.611,0.611,0.726,0.726,0.633,0.632,0.632,0.632,14.985,5432.0,14275.0,23.807,262.0,42.0
2026-07-08 05:18:18,57.0,68.000              ,716.953,200.0,1200.0,0.0,57.75,57.750              ,57.75,57.75,57.75,57.75,57.75,57.75,57.75,40.13,21.51,58.946,31.771,52.01,10.766,61.532,10.374,35.88,1700.0,1700.0,2040.0,2040.0,1700.0,1700.0,1700.0,1700.0,2040.0,0.568,0.568,0.758,0.758,0.582,0.573,0.613,0.613,14.927,5431.0,14279.0,23.441,263.0,42.66
2026-07-08 05:18:19,57.0,69.000              ,716.949,469.0,1200.0,0.0,57.75,57.750              ,57.75,57.75,57.75,57.75,57.75,57.75,57.75,39.165,28.249,57.659,35.13,54.516,13.873,51.463,17.912,37.246,1650.0,1650.0,1980.0,1980.0,1650.0,1650.0,1650.0,1650.0,1980.0,0.593,0.599,0.786,0.788,0.612,0.612,0.634,0.635,15.066,5432.0,14278.0,22.575,264.0,44.3
2026-07-08 05:18:20,57.0,70.000              ,716.949,426.0,1200.0,0.0,57.75,57.750              ,57.75,57.75,57.75,57.75,57.75,57.75,57.75,33.247,27.186,51.729,31.29,63.748,8.703,46.145,12.408,34.307,1666.667,1666.667,2000.0,2000.0,1666.667,1666.667,1666.667,1683.333,2000.0,0.57,0.566,0.722,0.72,0.655,0.665,0.58,0.58,15.037,5432.0,14278.0,21.729,265.0,46.02
2026-07-08 05:18:21,57.0,70.000              ,716.957,200.0,1200.0,0.0,57.75,57.750              ,57.75,57.75,57.75,57.75,57.75,57.75,57.75,36.949,23.095,59.861,34.609,58.757,10.462,51.357,16.957,36.506,1616.667,1616.667,1633.333,1633.333,1960.0,1960.0,1633.333,1616.667,1960.0,0.542,0.541,0.768,0.768,0.618,0.618,0.608,0.608,15.01,5433.0,14279.0,21.055,266.0,47.49
2026-07-08 05:18:22,57.0,68.000              ,716.953,420.0,1200.0,0.0,57.75,57.750              ,57.75,57.75,57.75,57.75,57.75,57.75,57.75,30.162,27.442,52.01,32.901,58.105,8.76,49.375,10.887,33.705,1766.667,1766.667,2120.0,2120.0,1766.667,1766.667,1766.667,1766.667,2120.0,0.577,0.577,0.788,0.788,0.679,0.679,0.6,0.599,14.859,5432.0,14279.0,22.475,267.0,44.49
2026-07-08 05:18:23,57.0,69.000              ,717.074,469.0,1200.0,0.0,57.75,57.750              ,57.75,57.75,57.75,57.75,57.75,57.75,57.75,32.264,27.836,44.896,38.837,54.022,10.541,49.514,11.89,33.725,1780.0,1780.0,2225.0,2225.0,1780.0,1780.0,1780.0,1780.0,2225.0,0.597,0.597,0.804,0.806,0.61,0.61,0.622,0.624,15.278,5434.0,14279.0,28.678,268.0,34.87
2026-07-08 05:18:24,57.0,70.000              ,717.078,200.0,1200.0,0.0,57.75,57.750              ,57.75,57.75,57.75,57.75,57.75,57.75,57.75,31.604,25.625,37.211,36.233,56.426,6.913,50.59,11.155,31.97,1683.333,1683.333,2020.0,2020.0,1683.333,1683.333,2020.0,2020.0,2020.0,0.588,0.588,0.76,0.758,0.623,0.623,0.61,0.608,15.003,5434.0,14279.0,23.128,269.0,43.24
2026-07-08 05:18:25,57.0,69.000              ,717.078,428.0,1200.0,0.0,57.75,57.750              ,57.75,57.75,57.75,57.75,57.75,57.75,57.75,36.791,30.184,40.675,41.935,60.068,11.542,54.545,10.637,35.797,1750.0,1750.0,2100.0,2100.0,1750.0,1750.0,1766.667,1766.667,2100.0,0.598,0.599,0.755,0.757,0.641,0.641,0.574,0.574,14.982,5434.0,14279.0,23.236,270.0,43.04
2026-07-08 05:18:26,57.0,69.000              ,717.078,492.0,1200.0,0.0,57.75,57.750              ,57.75,57.75,57.75,57.75,57.75,57.75,57.75,35.915,28.118,36.884,41.735,50.912,9.576,46.229,10.45,32.477,1666.667,1666.667,2000.0,1980.0,1666.667,1666.667,1666.667,1666.667,2000.0,0.564,0.563,0.742,0.741,0.55,0.55,0.543,0.543,15.2,5434.0,14279.0,25.269,271.0,39.57
2026-07-08 05:18:27,57.0,70.000              ,716.059,413.0,1200.0,0.0,57.75,57.750              ,57.75,57.75,57.75,57.75,57.75,57.75,57.75,35.054,22.816,37.835,32.089,56.692,7.729,48.078,12.433,31.591,1716.667,1716.667,2060.0,2060.0,1716.667,1716.667,1716.667,1716.667,2060.0,0.564,0.564,0.672,0.672,0.651,0.651,0.595,0.595,14.8,5435.0,14279.0,22.323,272.0,44.8
2026-07-08 05:18:28,57.0,69.000              ,716.305,508.0,1200.0,0.0,57.75,57.750              ,57.75,57.75,57.75,57.75,57.75,57.75,57.75,35.198,26.655,41.928,32.659,57.178,10.92,45.805,18.549,33.612,2160.0,2160.0,1800.0,1800.0,2180.0,2180.0,1816.667,1816.667,2180.0,0.594,0.594,0.705,0.704,0.659,0.659,0.642,0.642,15.213,5434.0,14278.0,27.432,273.0,36.45
2026-07-08 05:18:29,57.0,69.000              ,722.32,484.0,1200.0,0.0,57.75,57.750              ,57.75,57.75,57.75,57.75,57.75,57.75,57.75,42.591,25.23,54.288,30.794,60.533,12.245,51.545,19.721,37.118,1800.0,1800.0,2160.0,2160.0,2160.0,2160.0,1800.0,1800.0,2160.0,0.569,0.569,0.683,0.683,0.626,0.62,0.607,0.607,14.971,5432.0,14290.0,27.994,274.0,35.72
2026-07-08 05:18:30,57.0,73.000              ,722.32,200.0,1200.0,0.0,57.75,57.750              ,57.75,57.75,57.75,57.75,57.75,57.75,57.75,44.179,29.326,52.781,39.625,59.39,25.657,59.191,18.977,41.141,1600.0,1600.0,1600.0,1600.0,1920.0,1920.0,1940.0,1940.0,1940.0,0.561,0.561,0.645,0.645,0.654,0.66,0.627,0.627,15.22,5438.0,14289.0,25.817,275.0,38.73
2026-07-08 05:18:31,57.0,74.000              ,725.816,400.0,1200.0,0.0,57.75,57.750              ,57.75,57.75,57.75,57.75,57.75,57.75,57.75,43.824,26.3,47.656,37.147,56.794,20.069,54.422,11.618,37.229,1566.667,1566.667,1840.0,1840.0,1840.0,1840.0,1533.333,1533.333,1840.0,0.52,0.52,0.603,0.603,0.595,0.595,0.517,0.517,15.019,5435.0,14293.0,29.397,276.0,34.02
2026-07-08 05:18:32,57.0,74.000              ,725.82,450.0,1200.0,0.0,57.75,57.750              ,57.75,57.75,57.75,57.75,57.75,57.75,57.75,49.101,26.286,53.676,35.859,56.401,18.703,57.763,19.618,39.676,1533.333,1533.333,1820.0,1820.0,1820.0,1820.0,1516.667,1516.667,1820.0,0.553,0.553,0.654,0.659,0.577,0.577,0.581,0.583,15.041,5439.0,14292.0,24.19,277.0,41.34
2026-07-08 05:18:33,57.0,74.000              ,725.828,200.0,1200.0,0.0,57.75,57.750              ,57.75,57.75,57.75,57.75,57.75,57.75,57.75,41.52,25.925,47.244,41.111,58.183,20.016,61.205,17.64,39.106,1550.0,1550.0,1550.0,1550.0,1860.0,1860.0,1860.0,1860.0,1860.0,0.556,0.556,0.682,0.678,0.656,0.656,0.647,0.645,14.952,5440.0,14292.0,22.725,278.0,44.0
2026-07-08 05:18:34,57.0,67.000              ,725.824,450.0,1200.0,0.0,57.75,57.750              ,57.75,57.75,57.75,57.75,57.75,57.75,57.75,43.658,25.537,48.039,37.318,51.061,16.069,51.252,16.722,36.207,1666.667,1666.667,1980.0,1980.0,1650.0,1650.0,1650.0,1650.0,1980.0,0.586,0.586,0.717,0.715,0.585,0.586,0.584,0.584,15.043,5439.0,14293.0,26.867,279.0,37.22
2026-07-08 05:18:35,57.0,67.000              ,725.824,200.0,1200.0,0.0,57.75,57.750              ,57.75,57.75,57.75,57.75,57.75,57.75,57.75,39.753,24.048,48.255,42.984,54.645,14.248,52.368,13.283,36.198,1650.0,1650.0,1980.0,1960.0,1633.333,1633.333,1633.333,1633.333,1980.0,0.552,0.552,0.739,0.739,0.6,0.599,0.58,0.58,15.074,5440.0,14293.0,23.076,280.0,43.34
2026-07-08 05:18:36,57.0,69.000              ,725.82,420.0,1200.0,0.0,57.75,57.750              ,57.75,57.75,57.75,57.75,57.75,57.75,57.75,39.321,28.062,46.44,49.994,66.772,16.022,46.186,24.229,39.628,1633.333,1633.333,1940.0,1940.0,1616.667,1633.333,1633.333,1633.333,1940.0,0.552,0.552,0.736,0.736,0.663,0.664,0.585,0.585,15.008,5439.0,14293.0,22.112,281.0,45.22
2026-07-08 05:18:37,57.0,69.000              ,725.813,476.0,1200.0,0.0,57.75,57.750              ,57.75,57.75,57.75,57.75,57.75,57.75,57.75,49.011,26.771,45.044,38.342,66.136,11.884,46.081,26.34,38.701,1550.0,1550.0,1860.0,1880.0,1566.667,1860.0,1550.0,1550.0,1880.0,0.588,0.588,0.631,0.631,0.639,0.638,0.614,0.614,14.92,5440.0,14293.0,23.718,282.0,42.16
2026-07-08 05:18:38,57.0,68.000              ,725.82,200.0,1200.0,0.0,57.75,57.750              ,57.75,57.75,57.75,57.75,57.75,57.75,57.75,37.286,27.992,47.107,33.125,61.095,14.101,47.295,15.692,35.462,1683.333,1683.333,2020.0,2020.0,1683.333,1683.333,1683.333,1683.333,2020.0,0.578,0.578,0.691,0.692,0.672,0.672,0.607,0.607,14.91,5442.0,14292.0,26.393,283.0,37.89
2026-07-08 05:18:39,57.0,67.000              ,725.359,450.0,1200.0,0.0,57.75,57.750              ,57.75,57.75,57.75,57.75,57.75,57.75,57.75,40.079,24.317,55.355,30.001,64.097,11.587,51.897,15.422,36.594,1650.0,1650.0,1960.0,1960.0,1960.0,1650.0,1650.0,1980.0,1980.0,0.578,0.578,0.697,0.696,0.687,0.687,0.628,0.628,15.207,5443.0,14293.0,23.65,284.0,42.28
2026-07-08 05:18:40,57.0,69.000              ,725.359,457.0,1200.0,0.0,57.75,57.750              ,57.75,57.75,57.75,57.75,57.75,57.75,57.75,45.188,22.546,55.367,28.868,60.086,10.361,57.372,10.49,36.285,1666.667,1650.0,1980.0,1980.0,2000.0,2000.0,1666.667,1666.667,2000.0,0.601,0.601,0.697,0.697,0.615,0.617,0.611,0.611,14.96,5442.0,14292.0,23.303,285.0,42.91
2026-07-08 05:18:41,57.0,71.000              ,725.012,435.0,1200.0,0.0,57.75,57.750              ,57.75,57.75,57.75,57.75,57.75,57.75,57.75,44.052,22.748,54.551,27.813,50.48,11.618,60.335,11.403,35.375,1683.333,1683.333,2020.0,2020.0,2020.0,2020.0,1683.333,1683.333,2020.0,0.613,0.613,0.709,0.71,0.592,0.591,0.677,0.683,15.119,5443.0,14292.0,26.227,286.0,38.13
2026-07-08 05:18:42,57.0,71.000              ,719.184,406.0,1200.0,0.0,57.75,57.750              ,57.75,57.75,57.75,57.75,57.75,57.75,57.75,47.2,28.831,53.485,37.06,51.937,14.082,50.976,15.769,37.417,1650.0,1650.0,1980.0,1980.0,1650.0,1650.0,1980.0,1980.0,1980.0,0.627,0.627,0.768,0.767,0.59,0.59,0.604,0.599,15.074,5442.0,14287.0,22.681,287.0,44.09
2026-07-08 05:18:43,57.0,70.000              ,718.68,413.0,1200.0,0.0,57.75,57.750              ,57.75,57.75,57.75,57.75,57.75,57.75,57.75,37.898,34.495,53.642,37.856,51.354,24.513,48.487,25.026,39.159,2000.0,2000.0,2000.0,2000.0,1666.667,1666.667,2000.0,2000.0,2000.0,0.599,0.599,0.734,0.734,0.612,0.612,0.62,0.619,14.932,5442.0,14285.0,24.877,288.0,40.2
2026-07-08 05:18:44,57.0,68.000              ,716.184,200.0,1200.0,0.0,57.75,57.750              ,57.75,57.75,57.75,57.75,57.75,57.75,57.75,32.199,26.033,60.164,25.19,55.315,6.427,55.595,10.49,33.927,1666.667,1666.667,1980.0,1980.0,1650.0,1650.0,1666.667,1666.667,1980.0,0.575,0.575,0.745,0.745,0.614,0.614,0.639,0.639,14.971,5442.0,14285.0,23.561,289.0,42.44
2026-07-08 05:18:45,57.0,69.000              ,716.184,200.0,1200.0,0.0,57.75,57.750              ,57.75,57.75,57.75,57.75,57.75,57.75,57.75,31.546,29.241,40.859,30.087,54.237,8.836,42.843,11.693,31.168,1750.0,1750.0,2100.0,2100.0,2100.0,2100.0,1750.0,1750.0,2100.0,0.564,0.564,0.699,0.699,0.647,0.646,0.567,0.567,15.118,5441.0,14285.0,27.834,290.0,35.93
2026-07-08 05:18:46,57.0,70.000              ,715.184,525.0,1200.0,0.0,57.75,57.750              ,57.75,57.75,57.75,57.75,57.75,57.75,57.75,29.446,24.251,43.15,21.408,59.45,9.129,41.653,9.747,29.779,1766.667,1766.667,1766.667,1766.667,2100.0,2100.0,1750.0,1750.0,2100.0,0.528,0.528,0.588,0.589,0.724,0.724,0.532,0.533,14.973,5442.0,14277.0,18.619,291.0,53.71
2026-07-08 05:18:47,57.0,70.000              ,717.063,387.0,1200.0,0.0,57.75,57.750              ,57.75,57.75,57.75,57.75,57.75,57.75,57.75,40.916,23.75,56.168,32.133,64.54,8.785,55.488,11.447,36.654,1733.333,1733.333,1733.333,1733.333,2080.0,2080.0,1733.333,1733.333,2080.0,0.615,0.615,0.753,0.752,0.679,0.679,0.618,0.617,14.869,5443.0,14281.0,23.662,292.0,42.26
2026-07-08 05:18:48,57.0,69.000              ,718.324,420.0,1200.0,0.0,57.75,57.750              ,57.75,57.75,57.75,57.75,57.75,57.75,57.75,40.588,22.062,46.553,39.433,59.429,11.512,56.521,14.156,36.282,1750.0,1750.0,2100.0,2100.0,1750.0,1750.0,1733.333,1733.333,2100.0,0.6,0.6,0.744,0.748,0.623,0.623,0.648,0.649,15.21,5443.0,14280.0,24.717,293.0,40.46
2026-07-08 05:18:49,57.0,69.000              ,720.301,381.0,1200.0,0.0,57.75,57.750              ,57.75,57.75,57.75,57.75,57.75,57.75,57.75,45.425,28.935,46.35,42.608,61.78,15.004,55.813,18.72,39.33,1633.333,1633.333,1960.0,1960.0,1633.333,1633.333,1633.333,1633.333,1960.0,0.617,0.617,0.696,0.692,0.639,0.639,0.624,0.618,14.919,5446.0,14282.0,23.963,294.0,41.73
2026-07-08 05:18:50,57.0,70.000              ,720.305,200.0,1200.0,0.0,57.75,57.750              ,57.75,57.75,57.75,57.75,57.75,57.75,57.75,43.323,24.375,51.597,31.868,63.812,10.574,52.712,14.848,36.639,1733.333,1733.333,2080.0,2080.0,2080.0,2080.0,1733.333,1733.333,2080.0,0.618,0.618,0.703,0.703,0.701,0.701,0.623,0.628,15.138,5448.0,14283.0,22.574,295.0,44.3
2026-07-08 05:18:51,57.0,69.000              ,721.57,435.0,1200.0,0.0,57.75,57.750              ,57.75,57.75,57.75,57.75,57.75,57.75,57.75,44.344,29.919,48.544,35.133,57.753,16.778,53.72,17.925,38.015,1633.333,1616.667,1900.0,1900.0,1583.333,1583.333,1600.0,1600.0,1900.0,0.617,0.617,0.711,0.713,0.658,0.659,0.641,0.641,14.944,5450.0,14284.0,22.754,296.0,43.95
2026-07-08 05:18:52,57.0,70.000              ,721.57,508.0,1200.0,0.0,57.75,57.750              ,57.75,57.75,57.75,57.75,57.75,57.75,57.75,38.53,26.486,39.937,39.134,48.043,12.025,47.808,17.868,33.729,1800.0,1800.0,2160.0,2160.0,1800.0,1800.0,1800.0,1800.0,2160.0,0.581,0.584,0.762,0.761,0.566,0.568,0.635,0.635,15.156,5451.0,14283.0,26.104,297.0,38.31
2026-07-08 05:18:53,57.0,72.000              ,721.297,200.0,1200.0,0.0,57.75,57.750              ,57.75,57.75,57.75,57.75,57.75,57.75,57.75,46.248,30.816,45.0,38.492,49.019,20.528,57.428,20.295,38.478,1600.0,1600.0,1600.0,1940.0,1940.0,1940.0,1616.667,1616.667,1940.0,0.64,0.636,0.731,0.73,0.63,0.627,0.71,0.71,14.899,5449.0,14284.0,23.959,298.0,41.74
2026-07-08 05:18:54,57.0,70.000              ,721.172,381.0,1200.0,0.0,57.75,57.750              ,57.75,57.75,57.75,57.75,57.75,57.75,57.75,43.952,27.761,55.555,41.132,58.197,26.756,65.216,18.269,42.105,1716.667,1716.667,2060.0,2060.0,1733.333,1733.333,1733.333,1733.333,2060.0,0.6,0.6,0.778,0.779,0.707,0.707,0.698,0.698,15.162,5464.0,14282.0,27.93,299.0,35.8
2026-07-08 05:18:55,57.0,70.000              ,721.172,321.0,1200.0,0.0,57.75,57.750              ,57.75,57.75,57.75,57.75,57.75,57.75,57.75,52.055,35.513,53.261,52.468,62.684,39.741,66.217,26.442,48.547,1550.0,1550.0,1566.667,1860.0,1550.0,1550.0,1840.0,1840.0,1860.0,0.58,0.58,0.707,0.707,0.689,0.689,0.641,0.63,15.136,5463.0,14286.0,22.545,300.0,44.36
2026-07-08 05:18:56,57.0,75.000              ,721.168,400.0,1200.0,0.0,57.75,57.750              ,57.75,57.75,57.75,57.75,57.75,57.75,57.75,54.579,45.936,55.659,59.767,65.411,45.81,67.178,29.913,53.031,1400.0,1583.333,1583.333,1357.143,1583.333,1583.333,1357.143,1566.667,1583.333,0.581,0.581,0.707,0.71,0.675,0.675,0.573,0.582,14.898,5467.0,14284.0,28.383,301.0,35.23
2026-07-08 05:18:57,57.0,75.000              ,721.168,381.0,1200.0,0.0,57.75,57.750              ,57.75,57.75,57.75,57.75,57.75,57.75,57.75,49.245,30.144,46.773,42.783,62.311,21.45,59.508,20.577,41.599,1583.333,1583.333,1900.0,1900.0,1583.333,1583.333,1900.0,1840.0,1900.0,0.554,0.555,0.652,0.649,0.661,0.663,0.602,0.602,15.241,5470.0,14285.0,27.372,302.0,36.53
2026-07-08 05:18:58,57.0,72.000              ,719.672,281.0,1200.0,0.0,57.75,57.750              ,57.75,57.75,57.75,57.75,57.75,57.75,57.75,69.716,57.411,61.342,62.241,76.254,53.356,64.519,44.528,61.171,1650.0,1650.0,1650.0,1650.0,1516.667,1516.667,1300.0,1300.0,1650.0,0.666,0.665,0.654,0.654,0.743,0.742,0.593,0.593,15.101,5489.0,14286.0,29.559,303.0,33.83
2026-07-08 05:18:59,57.0,78.000              ,716.336,277.0,1200.0,0.0,57.75,57.750              ,57.75,57.75,57.75,57.75,57.75,57.75,57.75,70.771,67.433,65.767,73.927,77.991,62.47,70.16,50.94,67.432,1583.333,1583.333,1583.333,1583.333,1583.333,1583.333,1357.143,1357.143,1583.333,0.701,0.701,0.7,0.7,0.723,0.724,0.61,0.61,15.127,5491.0,14241.0,40.977,304.0,24.4
2026-07-08 05:19:00,57.0,87.000              ,716.336,469.0,1200.0,0.0,57.75,57.750              ,57.75,57.75,57.75,57.75,57.75,57.75,57.75,45.391,39.066,53.631,54.343,57.337,32.492,62.487,20.112,45.608,1385.714,1385.714,1616.667,1616.667,1616.667,1566.667,1342.857,1342.857,1616.667,0.549,0.549,0.674,0.674,0.593,0.593,0.554,0.554,14.653,5488.0,14238.0,26.403,305.0,37.87
2026-07-08 05:19:01,57.0,77.000              ,716.332,572.0,1200.0,0.0,57.75,57.750              ,57.75,57.75,57.75,57.75,57.75,57.75,57.75,33.212,28.186,39.772,35.37,54.183,17.285,47.786,16.451,34.031,1633.333,1633.333,1960.0,1960.0,1633.333,1633.333,1633.333,1633.333,1960.0,0.533,0.533,0.641,0.642,0.654,0.653,0.558,0.558,14.786,5493.0,14237.0,24.722,306.0,40.45
2026-07-08 05:19:02,57.0,68.000              ,716.336,442.0,1200.0,0.0,57.75,57.750              ,57.75,57.75,57.75,57.75,57.75,57.75,57.75,41.025,29.124,47.427,40.948,65.371,15.663,55.971,16.177,38.963,1750.0,1750.0,2080.0,2080.0,1733.333,2040.0,1700.0,1700.0,2080.0,0.608,0.609,0.738,0.739,0.74,0.742,0.647,0.647,15.027,5490.0,14232.0,25.054,307.0,39.91
2026-07-08 05:19:03,57.0,69.000              ,716.332,400.0,1200.0,0.0,57.75,57.750              ,57.75,57.75,57.75,57.75,57.75,57.75,57.75,40.099,29.127,44.304,37.603,57.922,12.619,45.947,13.174,35.099,1766.667,1766.667,2120.0,2120.0,1766.667,2080.0,1733.333,1750.0,2120.0,0.619,0.618,0.775,0.773,0.686,0.684,0.621,0.621,15.053,5488.0,14233.0,24.93,308.0,40.11
2026-07-08 05:19:04,57.0,68.000              ,717.832,350.0,1200.0,0.0,57.75,57.750              ,57.75,57.75,57.75,57.75,57.75,57.75,57.75,47.593,31.964,47.422,36.491,51.861,22.035,49.456,25.413,39.029,1960.0,1960.0,1633.333,1633.333,1960.0,1960.0,1633.333,1633.333,1960.0,0.655,0.656,0.699,0.699,0.643,0.643,0.674,0.674,15.099,5487.0,14236.0,25.869,309.0,38.66
2026-07-08 05:19:05,57.0,68.000              ,717.832,381.0,1200.0,0.0,57.75,57.750              ,57.75,57.75,57.75,57.75,57.75,57.75,57.75,45.96,27.462,41.373,37.892,47.124,18.926,45.572,19.38,35.461,1666.667,1666.667,1980.0,1980.0,1650.0,1650.0,1650.0,1650.0,1980.0,0.659,0.658,0.728,0.72,0.609,0.611,0.647,0.647,14.926,5487.0,14235.0,25.042,310.0,39.93
2026-07-08 05:19:06,57.0,69.000              ,717.832,393.0,1200.0,0.0,57.75,57.750              ,57.75,57.75,57.75,57.75,57.75,57.75,57.75,43.055,22.241,42.09,39.346,49.124,10.892,46.74,11.457,33.118,1760.0,1760.0,2200.0,2200.0,1760.0,1760.0,1760.0,1760.0,2200.0,0.639,0.639,0.82,0.831,0.596,0.595,0.643,0.643,15.18,5487.0,14235.0,23.679,311.0,42.23
2026-07-08 05:19:07,57.0,70.000              ,717.832,590.0,1200.0,0.0,57.75,57.750              ,57.75,57.75,57.75,57.75,57.75,57.75,57.75,39.582,24.065,31.594,42.557,46.074,15.073,51.748,21.484,34.022,1760.0,1760.0,2200.0,2200.0,1760.0,1760.0,2200.0,2200.0,2200.0,0.585,0.585,0.735,0.734,0.585,0.586,0.676,0.676,15.029,5492.0,14234.0,25.548,312.0,39.14
2026-07-08 05:19:08,57.0,71.000              ,717.836,387.0,1200.0,0.0,57.75,57.750              ,57.75,57.75,57.75,57.75,57.75,57.75,57.75,39.68,26.032,46.617,35.534,50.856,16.333,62.427,10.66,36.017,1800.0,1800.0,2160.0,2160.0,1800.0,2120.0,2140.0,2140.0,2160.0,0.621,0.622,0.763,0.768,0.664,0.663,0.716,0.716,15.154,5491.0,14236.0,23.023,313.0,43.43
2026-07-08 05:19:09,57.0,70.000              ,718.844,428.0,1200.0,0.0,57.75,57.750              ,57.75,57.75,57.75,57.75,57.75,57.75,57.75,40.577,31.19,48.503,49.681,61.879,25.217,56.599,21.208,41.857,1633.333,1633.333,1633.333,1633.333,1960.0,1940.0,1616.667,1616.667,1960.0,0.561,0.56,0.768,0.765,0.678,0.679,0.613,0.613,15.068,5493.0,14236.0,29.687,314.0,33.68
2026-07-08 05:19:10,57.0,70.000              ,717.344,277.0,1200.0,0.0,57.75,57.750              ,57.75,57.75,57.75,57.75,57.75,57.75,57.75,61.003,51.766,65.093,68.2,66.365,62.835,65.081,63.841,63.023,1471.429,1471.429,1716.667,1700.0,1700.0,1700.0,1457.143,1457.143,1716.667,0.614,0.604,0.75,0.75,0.732,0.731,0.741,0.741,15.222,5526.0,14253.0,28.498,315.0,35.09
2026-07-08 05:19:11,57.0,79.000              ,717.344,290.0,1200.0,0.0,57.75,57.750              ,57.75,57.75,57.75,57.75,57.75,57.75,57.75,56.53,49.291,63.851,63.301,74.942,57.534,73.192,56.36,61.875,1414.286,1414.286,1414.286,1414.286,1400.0,1400.0,1400.0,1400.0,1414.286,0.579,0.589,0.7,0.699,0.749,0.748,0.744,0.744,15.187,5530.0,14249.0,28.999,316.0,34.48
2026-07-08 05:19:12,57.0,88.000              ,717.34,200.0,1200.0,0.0,57.75,57.750              ,57.75,57.75,57.75,57.75,57.75,57.75,57.75,50.032,56.027,58.325,53.786,65.389,43.209,67.295,31.816,53.235,1328.571,1314.286,1533.333,1550.0,1550.0,1483.333,1483.333,1483.333,1550.0,0.605,0.605,0.618,0.617,0.642,0.642,0.585,0.585,14.58,5526.0,14247.0,28.389,317.0,35.22
2026-07-08 05:19:13,57.0,78.000              ,717.34,435.0,1200.0,0.0,57.75,57.750              ,57.75,57.75,57.75,57.75,57.75,57.75,57.75,45.466,24.691,55.468,35.828,48.719,16.582,56.362,24.26,38.422,1683.333,1683.333,2020.0,2020.0,1666.667,1666.667,1666.667,1900.0,2020.0,0.588,0.588,0.739,0.743,0.58,0.581,0.701,0.701,15.032,5519.0,14249.0,24.017,318.0,41.64
2026-07-08 05:19:14,57.0,68.000              ,717.316,492.0,1200.0,0.0,57.75,57.750              ,57.75,57.75,57.75,57.75,57.75,57.75,57.75,47.276,30.329,55.942,39.617,57.266,22.117,61.641,21.203,41.924,1600.0,1600.0,1920.0,1900.0,1860.0,1880.0,1566.667,1566.667,1920.0,0.598,0.598,0.705,0.701,0.627,0.625,0.646,0.646,14.972,5517.0,14245.0,25.261,319.0,39.59
2026-07-08 05:19:15,57.0,66.000              ,717.32,364.0,1200.0,0.0,57.75,57.750              ,57.75,57.75,57.75,57.75,57.75,57.75,57.75,37.707,21.514,47.354,35.091,46.82,16.85,55.174,21.47,35.248,1666.667,1666.667,2000.0,2000.0,1980.0,1980.0,1650.0,1650.0,2000.0,0.585,0.585,0.711,0.711,0.617,0.617,0.725,0.725,14.949,5513.0,14242.0,22.945,320.0,43.58
2026-07-08 05:19:16,57.0,66.000              ,718.609,426.0,1200.0,0.0,57.75,57.750              ,57.75,57.75,57.75,57.75,57.75,57.75,57.75,39.734,22.561,52.937,39.486,45.607,18.504,59.566,19.343,37.217,1700.0,1700.0,1700.0,1700.0,1700.0,1700.0,2040.0,2040.0,2040.0,0.577,0.577,0.808,0.797,0.591,0.591,0.698,0.698,15.172,5512.0,14245.0,24.753,321.0,40.4
2026-07-08 05:19:17,57.0,69.000              ,726.141,469.0,1200.0,0.0,57.75,57.750              ,57.75,57.75,57.75,57.75,57.75,57.75,57.75,42.184,23.393,57.151,29.473,50.21,14.35,62.771,15.019,36.819,1633.333,1633.333,1940.0,1940.0,1616.667,1616.667,1616.667,1616.667,1940.0,0.607,0.607,0.725,0.729,0.598,0.6,0.703,0.703,14.988,5511.0,14255.0,21.419,322.0,46.69
2026-07-08 05:19:18,57.0,70.000              ,726.137,461.0,1200.0,0.0,57.75,57.750              ,57.75,57.75,57.75,57.75,57.75,57.75,57.75,39.693,26.415,33.847,54.009,50.737,16.506,44.49,15.754,35.181,1683.333,1666.667,2000.0,2000.0,1666.667,1666.667,1666.667,1666.667,2000.0,0.565,0.565,0.786,0.793,0.574,0.573,0.554,0.554,15.206,5516.0,14255.0,23.441,323.0,42.66
2026-07-08 05:19:19,57.0,72.000              ,723.0,428.0,1200.0,0.0,57.75,57.750              ,57.75,57.75,57.75,57.75,57.75,57.75,57.75,44.697,19.076,53.284,30.527,46.116,12.727,59.607,9.121,34.395,1666.667,1666.667,2000.0,2000.0,1666.667,1650.0,1650.0,1650.0,2000.0,0.617,0.617,0.754,0.754,0.563,0.561,0.635,0.635,14.899,5513.0,14254.0,25.213,324.0,39.66
2026-07-08 05:19:20,57.0,72.000              ,723.008,413.0,1200.0,0.0,57.75,57.750              ,57.75,57.75,57.75,57.75,57.75,57.75,57.75,46.447,23.654,50.571,33.76,58.917,10.972,60.116,14.082,37.315,1666.667,1666.667,2000.0,2000.0,1666.667,1666.667,1666.667,1666.667,2000.0,0.629,0.629,0.694,0.694,0.586,0.588,0.638,0.639,15.2,5510.0,14255.0,21.606,325.0,46.28
2026-07-08 05:19:21,57.0,69.000              ,723.012,200.0,1200.0,0.0,57.75,57.750              ,57.75,57.75,57.75,57.75,57.75,57.75,57.75,44.277,33.52,52.384,33.359,63.517,15.797,56.342,17.944,39.643,1516.667,1516.667,1820.0,1800.0,1500.0,1500.0,1500.0,1500.0,1820.0,0.593,0.593,0.628,0.63,0.631,0.632,0.628,0.627,14.799,5513.0,14255.0,25.495,326.0,39.22
2026-07-08 05:19:22,57.0,65.000              ,722.766,413.0,1200.0,0.0,57.75,57.750              ,57.75,57.75,57.75,57.75,57.75,57.75,57.75,42.348,24.312,43.167,32.197,55.15,11.592,51.857,8.294,33.615,1716.667,1716.667,2060.0,2060.0,2040.0,2040.0,1700.0,1700.0,2060.0,0.583,0.583,0.693,0.692,0.617,0.617,0.596,0.599,15.197,5516.0,14252.0,20.753,327.0,48.19
2026-07-08 05:19:23,57.0,66.000              ,724.637,492.0,1200.0,0.0,57.75,57.750              ,57.75,57.75,57.75,57.75,57.75,57.75,57.75,40.42,28.007,36.515,47.736,49.658,20.621,53.345,20.761,37.133,1533.333,1533.333,1840.0,1840.0,1533.333,1533.333,1533.333,1533.333,1840.0,0.553,0.553,0.722,0.721,0.564,0.563,0.591,0.588,14.893,5515.0,14254.0,24.527,328.0,40.77
2026-07-08 05:19:24,57.0,71.000              ,723.137,200.0,1200.0,0.0,57.75,57.750              ,57.75,57.75,57.75,57.75,57.75,57.75,57.75,48.436,28.543,47.93,35.672,53.664,17.282,59.343,16.86,38.466,1583.333,1583.333,1900.0,1900.0,1583.333,1583.333,1583.333,1583.333,1900.0,0.581,0.581,0.674,0.674,0.582,0.583,0.646,0.646,15.299,5511.0,14253.0,23.689,329.0,42.21
2026-07-08 05:19:25,57.0,71.000              ,723.199,200.0,1200.0,0.0,57.75,57.750              ,57.75,57.75,57.75,57.75,57.75,57.75,57.75,44.604,27.261,46.327,35.543,59.518,21.547,53.705,23.114,38.952,1600.0,1600.0,1600.0,1600.0,1920.0,1920.0,1600.0,1600.0,1920.0,0.556,0.556,0.612,0.612,0.641,0.641,0.627,0.627,14.837,5513.0,14252.0,25.862,330.0,38.67
2026-07-08 05:19:26,57.0,70.000              ,723.195,572.0,1200.0,0.0,57.75,57.750              ,57.75,57.75,57.75,57.75,57.75,57.75,57.75,32.59,26.763,42.749,26.905,51.276,11.675,42.394,12.525,30.86,1666.667,1666.667,1666.667,1666.667,1980.0,1980.0,1650.0,1650.0,1980.0,0.547,0.548,0.657,0.659,0.629,0.631,0.587,0.587,14.956,5517.0,14252.0,17.728,331.0,56.41
2026-07-08 05:19:27,57.0,70.000              ,723.195,420.0,1200.0,0.0,57.75,57.750              ,57.75,57.75,57.75,57.75,57.75,57.75,57.75,37.88,30.042,54.566,29.709,53.293,17.338,54.344,13.394,36.321,1750.0,1750.0,2100.0,2100.0,1750.0,1750.0,1750.0,1750.0,2100.0,0.623,0.623,0.75,0.748,0.643,0.64,0.653,0.653,14.93,5514.0,14251.0,23.744,332.0,42.12
2026-07-08 05:19:28,57.0,69.000              ,723.203,545.0,1200.0,0.0,57.75,57.750              ,57.75,57.75,57.75,57.75,57.75,57.75,57.75,34.291,28.925,38.936,32.221,53.581,13.471,47.196,21.276,33.737,1783.333,1783.333,1783.333,1783.333,1783.333,1783.333,2120.0,2120.0,2120.0,0.549,0.547,0.629,0.629,0.653,0.653,0.668,0.668,15.095,5513.0,14251.0,25.517,333.0,39.19
2026-07-08 05:19:29,57.0,71.000              ,723.191,450.0,1200.0,0.0,57.75,57.750              ,57.75,57.75,57.75,57.75,57.75,57.75,57.75,41.044,29.459,50.248,48.164,51.037,17.05,53.159,19.213,38.672,1733.333,1733.333,2080.0,2080.0,1733.333,1750.0,1750.0,1750.0,2080.0,0.573,0.575,0.799,0.799,0.585,0.585,0.602,0.603,15.077,5507.0,14247.0,22.579,334.0,44.29
2026-07-08 05:19:30,57.0,69.000              ,723.195,525.0,1200.0,0.0,57.75,57.750              ,57.75,57.75,57.75,57.75,57.75,57.75,57.75,36.219,25.166,37.014,36.545,57.041,11.966,47.387,15.738,33.385,1600.0,1600.0,1920.0,1940.0,1616.667,1616.667,1616.667,1616.667,1940.0,0.523,0.522,0.649,0.649,0.632,0.632,0.601,0.601,15.073,5512.0,14246.0,25.68,335.0,38.94
2026-07-08 05:19:31,57.0,68.000              ,723.191,413.0,1200.0,0.0,57.75,57.750              ,57.75,57.75,57.75,57.75,57.75,57.75,57.75,45.554,26.053,49.317,35.513,45.518,17.268,49.072,19.635,35.991,1733.333,1733.333,2080.0,2080.0,1683.333,1683.333,1683.333,1683.333,2080.0,0.624,0.625,0.739,0.745,0.608,0.61,0.638,0.64,15.003,5512.0,14245.0,23.513,336.0,42.53
2026-07-08 05:19:32,57.0,69.000              ,730.285,442.0,1200.0,0.0,57.75,57.750              ,57.75,57.75,57.75,57.75,57.75,57.75,57.75,43.679,27.14,52.182,32.572,47.812,19.599,60.112,26.169,38.658,1583.333,1583.333,1900.0,1900.0,1600.0,1600.0,1600.0,1600.0,1900.0,0.615,0.614,0.698,0.692,0.6,0.6,0.756,0.753,15.055,5511.0,14259.0,23.007,337.0,43.47
2026-07-08 05:19:33,57.0,70.000              ,720.773,393.0,1200.0,0.0,57.75,57.750              ,57.75,57.75,57.75,57.75,57.75,57.75,57.75,40.369,23.915,60.339,29.978,47.896,18.097,55.598,19.136,36.916,1633.333,1633.333,1960.0,1960.0,1633.333,1633.333,1633.333,1633.333,1960.0,0.588,0.588,0.779,0.779,0.603,0.602,0.696,0.696,14.959,5513.0,14252.0,23.094,338.0,43.3
2026-07-08 05:19:34,57.0,70.000              ,719.77,387.0,1200.0,0.0,57.75,57.750              ,57.75,57.75,57.75,57.75,57.75,57.75,57.75,34.164,21.84,63.013,24.07,49.711,11.71,53.798,17.59,34.487,1760.0,1760.0,2180.0,2180.0,1816.667,1816.667,1816.667,1816.667,2180.0,0.578,0.58,0.828,0.83,0.643,0.643,0.697,0.698,14.926,5514.0,14251.0,19.495,339.0,51.3
2026-07-08 05:19:35,57.0,69.000              ,720.77,381.0,1200.0,0.0,57.75,57.750              ,57.75,57.75,57.75,57.75,57.75,57.75,57.75,39.63,24.646,53.259,32.753,55.587,12.552,58.859,14.535,36.478,1750.0,1750.0,1750.0,1750.0,1750.0,1750.0,2100.0,2100.0,2100.0,0.618,0.616,0.815,0.814,0.646,0.646,0.703,0.702,15.116,5514.0,14249.0,24.686,340.0,40.51
2026-07-08 05:19:36,57.0,69.000              ,726.789,406.0,1200.0,0.0,57.75,57.750              ,57.75,57.75,57.75,57.75,57.75,57.75,57.75,39.984,20.883,56.952,27.188,56.503,8.074,58.717,11.18,34.935,1780.0,1780.0,2225.0,2225.0,1780.0,1780.0,1780.0,1780.0,2225.0,0.63,0.63,0.784,0.786,0.649,0.651,0.713,0.713,15.12,5514.0,14255.0,21.496,341.0,46.52
2026-07-08 05:19:37,57.0,69.000              ,726.793,428.0,1200.0,0.0,57.75,57.750              ,57.75,57.75,57.75,57.75,57.75,57.75,57.75,44.698,24.904,59.957,30.08,54.444,14.572,58.495,12.701,37.481,1750.0,1750.0,2080.0,2080.0,1750.0,1750.0,1750.0,1750.0,2080.0,0.664,0.664,0.771,0.769,0.637,0.637,0.651,0.651,14.97,5518.0,14255.0,22.257,342.0,44.93
2026-07-08 05:19:38,57.0,70.000              ,727.789,406.0,1200.0,0.0,57.75,57.750              ,57.75,57.75,57.75,57.75,57.75,57.75,57.75,45.68,25.303,57.783,31.293,53.991,16.791,59.466,13.145,37.931,1683.333,1683.333,2020.0,2020.0,1683.333,1683.333,1683.333,1683.333,2020.0,0.652,0.653,0.746,0.746,0.645,0.645,0.639,0.639,15.184,5516.0,14254.0,23.689,343.0,42.21
2026-07-08 05:19:39,57.0,70.000              ,727.418,200.0,1200.0,0.0,57.75,57.750              ,57.75,57.75,57.75,57.75,57.75,57.75,57.75,38.629,23.697,59.665,31.663,47.712,15.171,56.063,18.909,36.439,1683.333,1683.333,1683.333,1683.333,1683.333,1683.333,2020.0,2020.0,2020.0,0.581,0.58,0.773,0.773,0.6,0.6,0.695,0.695,14.95,5516.0,14254.0,22.037,344.0,45.38
2026-07-08 05:19:40,57.0,70.000              ,727.418,476.0,1200.0,0.0,57.75,57.750              ,57.75,57.75,57.75,57.75,57.75,57.75,57.75,38.335,25.732,45.317,41.11,55.63,18.752,47.171,13.013,35.632,1666.667,1666.667,2000.0,2000.0,1633.333,1633.333,1633.333,1633.333,2000.0,0.58,0.58,0.743,0.744,0.679,0.667,0.566,0.566,14.949,5518.0,14253.0,25.401,345.0,39.37
2026-07-08 05:19:41,57.0,71.000              ,728.914,428.0,1200.0,0.0,57.75,57.750              ,57.75,57.75,57.75,57.75,57.75,57.75,57.75,45.062,26.328,53.172,41.406,58.156,15.184,53.48,15.107,38.487,1666.667,1666.667,2000.0,2000.0,1666.667,1666.667,1666.667,1666.667,2000.0,0.601,0.601,0.762,0.761,0.64,0.65,0.595,0.597,15.208,5519.0,14255.0,24.054,346.0,41.57
2026-07-08 05:19:42,57.0,71.000              ,731.414,554.0,1200.0,0.0,57.75,57.750              ,57.75,57.75,57.75,57.75,57.75,57.75,57.75,39.065,28.832,42.272,36.532,48.034,21.274,51.733,14.834,35.322,1533.333,1533.333,1840.0,1840.0,1840.0,1840.0,1533.333,1533.333,1840.0,0.564,0.559,0.69,0.69,0.574,0.574,0.582,0.581,14.876,5522.0,14258.0,28.827,347.0,34.69
2026-07-08 05:19:43,57.0,69.000              ,731.414,442.0,1200.0,0.0,57.75,57.750              ,57.75,57.75,57.75,57.75,57.75,57.75,57.75,39.513,25.78,53.464,31.002,56.053,16.384,57.46,11.647,36.413,1666.667,1666.667,2000.0,2000.0,1666.667,1666.667,1666.667,1666.667,2000.0,0.601,0.608,0.76,0.762,0.669,0.672,0.637,0.637,15.016,5523.0,14258.0,25.075,348.0,39.88
2026-07-08 05:19:44,57.0,70.000              ,731.539,200.0,1200.0,0.0,57.75,57.750              ,57.75,57.75,57.75,57.75,57.75,57.75,57.75,46.136,23.709,52.644,29.995,46.927,14.864,53.343,19.07,35.836,1750.0,1750.0,2100.0,2100.0,1750.0,2100.0,2100.0,2080.0,2100.0,0.631,0.629,0.76,0.759,0.596,0.594,0.707,0.707,15.013,5521.0,14258.0,23.171,349.0,43.16
2026-07-08 05:19:45,57.0,70.000              ,731.539,516.0,1200.0,0.0,57.75,57.750              ,57.75,57.75,57.75,57.75,57.75,57.75,57.75,37.886,21.932,39.409,35.095,45.933,13.635,48.975,17.032,32.487,1783.333,1800.0,2160.0,2140.0,1783.333,1783.333,1783.333,1783.333,2160.0,0.559,0.559,0.723,0.722,0.562,0.562,0.632,0.633,15.128,5521.0,14257.0,25.905,350.0,38.6
2026-07-08 05:19:46,57.0,69.000              ,731.641,435.0,1200.0,0.0,57.75,57.750              ,57.75,57.75,57.75,57.75,57.75,57.75,57.75,46.91,29.488,44.771,40.845,47.437,20.481,50.929,19.738,37.575,1616.667,1616.667,1920.0,1920.0,1600.0,1600.0,1920.0,1920.0,1920.0,0.654,0.654,0.732,0.732,0.611,0.611,0.647,0.645,15.102,5521.0,14259.0,24.448,351.0,40.9
2026-07-08 05:19:47,57.0,71.000              ,731.637,406.0,1200.0,0.0,57.75,57.750              ,57.75,57.75,57.75,57.75,57.75,57.75,57.75,44.278,25.125,49.22,37.653,42.467,18.41,49.077,16.694,35.366,1750.0,1750.0,2100.0,2100.0,2080.0,2080.0,1733.333,1733.333,2100.0,0.631,0.621,0.769,0.769,0.619,0.619,0.64,0.64,14.853,5521.0,14258.0,23.939,352.0,41.77
2026-07-08 05:19:48,57.0,70.000              ,725.746,200.0,1200.0,0.0,57.75,57.750              ,57.75,57.75,57.75,57.75,57.75,57.75,57.75,34.692,24.303,59.322,28.578,46.707,14.94,51.866,19.665,35.009,1760.0,1760.0,2200.0,2200.0,1760.0,1760.0,1760.0,1760.0,2200.0,0.569,0.578,0.826,0.826,0.611,0.603,0.651,0.651,15.078,5518.0,14254.0,22.275,353.0,44.89
2026-07-08 05:19:49,57.0,68.000              ,731.805,393.0,1200.0,0.0,57.75,57.750              ,57.75,57.75,57.75,57.75,57.75,57.75,57.75,39.638,17.829,57.022,21.628,46.372,13.469,56.788,16.764,33.689,1750.0,1750.0,1750.0,1750.0,1750.0,1750.0,2120.0,2120.0,2120.0,0.56,0.56,0.702,0.703,0.579,0.586,0.729,0.731,15.116,5523.0,14258.0,35.303,354.0,28.33
2026-07-08 05:19:50,57.0,68.000              ,731.781,200.0,1200.0,0.0,57.75,57.750              ,57.75,57.75,57.75,57.75,57.75,57.75,57.75,40.013,17.013,55.246,22.362,54.953,4.31,42.896,12.797,31.198,1733.333,1733.333,2080.0,2080.0,1733.333,1733.333,1733.333,1716.667,2080.0,0.592,0.592,0.716,0.716,0.574,0.574,0.587,0.586,15.144,5523.0,14260.0,21.091,355.0,47.41
2026-07-08 05:19:51,57.0,69.000              ,739.984,352.0,1200.0,0.0,57.75,57.750              ,57.75,57.75,57.75,57.75,57.75,57.75,57.75,46.449,27.652,45.924,50.132,48.317,23.776,60.803,18.758,40.226,1583.333,1583.333,1900.0,1900.0,1583.333,1583.333,1583.333,1566.667,1900.0,0.487,0.488,0.642,0.641,0.512,0.512,0.538,0.538,15.155,5526.0,14267.0,33.711,356.0,29.66
2026-07-08 05:19:52,58.0,78.000              ,739.984,200.0,1200.0,0.0,58.125,58.125              ,58.125,58.125,58.125,58.125,58.125,58.125,58.125,13.446,6.202,46.745,25.943,31.128,7.557,21.193,7.526,19.967,1816.667,1816.667,2300.0,2300.0,2450.0,2450.0,1960.0,1960.0,2450.0,0.563,0.562,1.947,1.947,0.847,0.847,0.75,0.749,13.91,5522.0,14255.0,36.747,357.0,27.21
2026-07-08 05:19:53,58.0,44.000              ,739.984,200.0,1200.0,0.0,58.375,58.375              ,58.375,58.375,58.375,58.375,58.375,58.375,58.375,17.821,7.198,39.317,16.799,19.314,12.951,15.313,24.614,19.166,2333.333,2333.333,3500.0,3500.0,3500.0,3500.0,2333.333,2333.333,3500.0,0.893,0.893,1.5,1.5,1.04,1.043,1.118,1.118,15.092,5322.0,14011.0,0.0,358.0,
2026-07-08 05:19:54,58.0,0.000               ,739.984,200.0,1200.0,0.0,58.5,58.500              ,58.5,58.5,58.5,58.5,58.5,58.5,58.5,28.311,6.081,77.408,3.137,20.759,13.851,12.536,1.918,20.5,1928.571,1928.571,3375.0,3375.0,2120.0,2120.0,2120.0,2120.0,3375.0,0.974,0.974,2.336,2.336,1.02,1.017,0.591,0.591,15.259,5018.0,13029.0,0.0,359.0,
2026-07-08 05:19:55,59.0,0.000               ,739.984,200.0,1200.0,0.0,59.0,59.000              ,59.0,59.0,59.0,59.0,59.0,59.0,59.0,23.391,15.752,38.76,17.215,41.512,14.803,22.425,13.044,23.363,2266.667,2266.667,3400.0,3400.0,2266.667,2266.667,2266.667,2266.667,3400.0,0.974,0.974,1.624,1.625,1.42,1.42,0.978,0.979,15.088,4934.0,12850.0,0.0,360.0,
2026-07-08 05:19:56,59.0,0.000               ,739.984,200.0,1200.0,0.0,59.0,59.000              ,59.0,59.0,59.0,59.0,59.0,59.0,59.0,18.136,10.358,72.302,3.331,28.143,7.407,12.393,3.94,19.501,2380.0,2380.0,2975.0,2975.0,2400.0,2400.0,2000.0,2000.0,2975.0,0.806,0.806,2.049,2.048,1.007,1.007,0.61,0.609,14.928,4544.0,12064.0,0.0,361.0,
2026-07-08 05:19:57,58.0,0.000               ,692.191,200.0,1200.0,0.0,58.75,58.750              ,58.75,58.75,58.75,58.75,58.75,58.75,58.75,22.597,20.959,26.201,37.863,38.27,12.388,55.76,5.315,27.419,1914.286,1914.286,3350.0,3350.0,1914.286,1914.286,1914.286,1914.286,3350.0,1.041,1.041,1.575,1.575,1.113,1.113,1.295,1.295,15.34,4052.0,11428.0,5359.575,362.0,0.19
2026-07-08 05:19:58,59.0,0.000               ,692.191,200.0,1200.0,0.0,59.125,59.125              ,59.125,59.125,59.125,59.125,59.125,59.125,59.125,10.838,5.57,2.139,87.444,18.757,21.468,9.396,0.906,19.565,1916.667,1916.667,2875.0,2875.0,2300.0,2300.0,2300.0,2300.0,2875.0,0.593,0.593,2.999,2.957,0.977,0.978,0.499,0.499,14.692,4073.0,11454.0,0.0,363.0,
2026-07-08 05:19:59,59.0,0.000               ,651.918,200.0,1200.0,0.0,59.5,59.500              ,59.5,59.5,59.5,59.5,59.5,59.5,59.5,9.693,7.066,2.94,97.29,12.561,6.921,5.914,2.749,18.142,1785.714,1785.714,3125.0,3150.0,2100.0,2100.0,1575.0,1575.0,3150.0,0.571,0.571,3.512,3.573,0.671,0.67,0.423,0.423,15.068,3544.0,10894.0,2209.793,364.0,0.45
2026-07-08 05:20:00,59.0,0.000               ,651.918,200.0,1200.0,0.0,59.75,59.750              ,59.75,59.75,59.75,59.75,59.75,59.75,59.75,9.389,23.889,0.0,91.589,9.803,2.073,2.04,0.455,17.405,1885.714,1885.714,3300.0,3275.0,1871.429,1871.429,1637.5,1637.5,3300.0,0.887,0.887,3.803,3.757,0.52,0.52,0.405,0.405,14.984,3550.0,10859.0,0.0,365.0,
2026-07-08 05:20:01,60.0,0.000               ,651.918,200.0,1200.0,0.0,60.25,60.250              ,60.25,60.25,60.25,60.25,60.25,60.25,60.25,7.626,4.911,2.265,95.248,8.629,3.804,7.132,2.252,16.483,2200.0,2200.0,3300.0,3275.0,1871.429,1871.429,1871.429,1871.429,3300.0,0.529,0.529,3.929,3.985,0.542,0.544,0.444,0.438,14.856,3611.0,10916.0,0.0,366.0,
2026-07-08 05:20:02,60.0,0.000               ,646.75,200.0,1200.0,0.0,60.375,60.375              ,60.375,60.375,60.375,60.375,60.375,60.375,60.375,5.047,3.278,1.609,83.685,19.654,1.911,5.33,0.763,15.16,1900.0,1900.0,3325.0,3325.0,1662.5,1662.5,1662.5,1662.5,3325.0,0.505,0.505,3.373,3.355,0.734,0.731,0.198,0.201,15.027,3391.0,10665.0,3287.092,367.0,0.3
2026-07-08 05:20:03,60.0,3.000               ,646.75,200.0,1200.0,0.0,60.25,60.250              ,60.25,60.25,60.25,60.25,60.25,60.25,60.25,6.638,2.276,1.039,52.838,38.873,1.937,6.412,10.021,15.004,2333.333,2333.333,3500.0,3500.0,2333.333,2333.333,1555.556,1555.556,3500.0,0.619,0.619,2.001,2.001,1.629,1.629,0.658,0.659,15.31,3460.0,10721.0,0.0,368.0,
2026-07-08 05:20:04,59.0,3.000               ,575.414,200.0,1200.0,0.0,59.0,59.000              ,59.0,59.0,59.0,59.0,59.0,59.0,59.0,36.762,16.748,51.955,16.823,36.623,12.945,33.32,6.84,26.502,2300.0,2300.0,1971.429,1971.429,3175.0,3175.0,1800.0,1800.0,3175.0,1.065,1.065,1.23,1.23,1.236,1.236,0.747,0.746,15.608,2869.0,10182.0,1224.959,369.0,0.82
2026-07-08 05:20:05,57.0,24.000              ,575.402,200.0,1200.0,0.0,57.875,57.875              ,57.875,57.875,57.875,57.875,57.875,57.875,57.875,25.459,11.846,53.397,16.049,24.645,5.703,32.737,2.414,21.531,2120.0,2120.0,2650.0,2650.0,2120.0,2120.0,2120.0,2120.0,2650.0,0.798,0.798,1.247,1.247,0.742,0.742,0.728,0.728,14.721,2869.0,10180.0,31.589,370.0,31.66
2026-07-08 05:20:06,57.0,47.000              ,605.133,200.0,1200.0,0.0,57.5,57.500              ,57.5,57.5,57.5,57.5,57.5,57.5,57.5,24.697,12.68,45.454,14.565,19.806,2.31,47.434,6.278,21.653,2180.0,2180.0,2725.0,2725.0,2180.0,2180.0,2180.0,2180.0,2725.0,0.786,0.786,1.093,1.093,0.619,0.619,0.929,0.933,15.199,2907.0,10205.0,37.802,371.0,26.45
2026-07-08 05:20:07,57.0,52.000              ,605.133,200.0,1200.0,0.0,57.5,57.500              ,57.5,57.5,57.5,57.5,57.5,57.5,57.5,16.314,11.61,47.567,10.971,21.399,4.798,43.413,2.306,19.797,1333.333,1333.333,3000.0,3000.0,2400.0,2400.0,2400.0,2400.0,3000.0,0.693,0.693,1.115,1.115,0.685,0.684,0.872,0.869,14.962,2907.0,10180.0,18.007,372.0,55.53
2026-07-08 05:20:08,57.0,57.000              ,605.133,200.0,1200.0,0.0,57.5,57.500              ,57.5,57.5,57.5,57.5,57.5,57.5,57.5,15.54,12.985,50.558,13.385,22.081,2.885,35.69,2.897,19.503,2420.0,2420.0,3050.0,3050.0,2440.0,2440.0,2440.0,2440.0,3050.0,0.709,0.709,1.259,1.259,0.681,0.681,0.785,0.785,15.033,2906.0,10160.0,17.273,373.0,57.89
2026-07-08 05:20:09,57.0,57.000              ,605.152,200.0,1200.0,0.0,57.5,57.500              ,57.5,57.5,57.5,57.5,57.5,57.5,57.5,15.539,11.701,44.317,12.421,24.801,0.727,23.404,1.74,16.831,2120.0,2120.0,2650.0,2650.0,2120.0,2120.0,2120.0,2120.0,2650.0,0.719,0.719,1.212,1.212,0.692,0.692,0.649,0.648,15.015,2906.0,10156.0,17.515,374.0,57.09
2026-07-08 05:20:10,57.0,59.000              ,605.152,200.0,1200.0,0.0,57.375,57.375              ,57.375,57.375,57.375,57.375,57.375,57.375,57.375,9.985,7.486,47.663,8.583,13.588,1.475,8.229,3.862,12.609,2460.0,2460.0,3050.0,3050.0,2440.0,2440.0,2016.667,2016.667,3050.0,0.497,0.497,1.333,1.333,0.467,0.467,0.433,0.433,12.817,2741.0,9982.0,17.111,375.0,58.44
2026-07-08 05:20:11,58.0,31.000              ,452.254,200.0,1200.0,0.0,58.25,58.250              ,58.25,58.25,58.25,58.25,58.25,58.25,58.25,30.81,17.117,46.419,31.292,28.782,12.528,28.458,27.495,27.863,2333.333,2333.333,3500.0,3500.0,2333.333,2333.333,1555.556,1555.556,3500.0,1.258,1.258,2.76,2.764,0.979,0.979,1.498,1.498,16.785,2473.0,8480.0,0.0,376.0,
