08-07-2026 04:52:09,GPU temperature,GPU usage,Memory usage,Core clock,Memory clock,Fan tachometer,CPU1 temperature,CPU2 temperature,CPU3 temperature,CPU4 temperature,CPU5 temperature,CPU6 temperature,CPU7 temperature,CPU8 temperature,CPU temperature,CPU1 usage,CPU2 usage,CPU3 usage,CPU4 usage,CPU5 usage,CPU6 usage,CPU7 usage,CPU8 usage,CPU usage,CPU1 clock,CPU2 clock,CPU3 clock,CPU4 clock,CPU5 clock,CPU6 clock,CPU7 clock,CPU8 clock,CPU clock,CPU1 power,CPU2 power,CPU3 power,CPU4 power,CPU5 power,CPU6 power,CPU7 power,CPU8 power,CPU power,RAM usage,Commit charge,frametime,elapsed,fps
2026-07-08 04:52:09,0.0,°C                  ,0.0,100.0,10.0,,,,,,,,,,,,,,,,,,,,,,,,,,,,,,,,,,,,,,,,,0.0,
2026-07-08 04:52:09,1.0,%                   ,0.0,100.0,10.0,,,,,,,,,,,,,,,,,,,,,,,,,,,,,,,,,,,,,,,,,0.0,
2026-07-08 04:52:09,2.0,MB                  ,0.0,8192.0,10.0,,,,,,,,,,,,,,,,,,,,,,,,,,,,,,,,,,,,,,,,,0.0,
2026-07-08 04:52:09,3.0,MHz                 ,0.0,2500.0,10.0,,,,,,,,,,,,,,,,,,,,,,,,,,,,,,,,,,,,,,,,,0.0,
2026-07-08 04:52:09,4.0,MHz                 ,0.0,7500.0,10.0,,,,,,,,,,,,,,,,,,,,,,,,,,,,,,,,,,,,,,,,,0.0,
2026-07-08 04:52:09,5.0,RPM                 ,0.0,10000.0,10.0,,,,,,,,,,,,,,,,,,,,,,,,,,,,,,,,,,,,,,,,,0.0,
2026-07-08 04:52:09,6.0,°C                  ,0.0,100.0,10.0,,,,,,,,,,,,,,,,,,,,,,,,,,,,,,,,,,,,,,,,,0.0,
2026-07-08 04:52:09,7.0,°C                  ,0.0,100.0,10.0,,,,,,,,,,,,,,,,,,,,,,,,,,,,,,,,,,,,,,,,,0.0,
2026-07-08 04:52:09,8.0,°C                  ,0.0,100.0,10.0,,,,,,,,,,,,,,,,,,,,,,,,,,,,,,,,,,,,,,,,,0.0,
2026-07-08 04:52:09,9.0,°C                  ,0.0,100.0,10.0,,,,,,,,,,,,,,,,,,,,,,,,,,,,,,,,,,,,,,,,,0.0,
2026-07-08 04:52:09,10.0,°C                  ,0.0,100.0,10.0,,,,,,,,,,,,,,,,,,,,,,,,,,,,,,,,,,,,,,,,,0.0,
2026-07-08 04:52:09,11.0,°C                  ,0.0,100.0,10.0,,,,,,,,,,,,,,,,,,,,,,,,,,,,,,,,,,,,,,,,,0.0,
2026-07-08 04:52:09,12.0,°C                  ,0.0,100.0,10.0,,,,,,,,,,,,,,,,,,,,,,,,,,,,,,,,,,,,,,,,,0.0,
2026-07-08 04:52:09,13.0,°C                  ,0.0,100.0,10.0,,,,,,,,,,,,,,,,,,,,,,,,,,,,,,,,,,,,,,,,,0.0,
2026-07-08 04:52:09,14.0,°C                  ,0.0,100.0,10.0,,,,,,,,,,,,,,,,,,,,,,,,,,,,,,,,,,,,,,,,,0.0,
2026-07-08 04:52:09,15.0,%                   ,0.0,100.0,10.0,,,,,,,,,,,,,,,,,,,,,,,,,,,,,,,,,,,,,,,,,0.0,
2026-07-08 04:52:09,16.0,%                   ,0.0,100.0,10.0,,,,,,,,,,,,,,,,,,,,,,,,,,,,,,,,,,,,,,,,,0.0,
2026-07-08 04:52:09,17.0,%                   ,0.0,100.0,10.0,,,,,,,,,,,,,,,,,,,,,,,,,,,,,,,,,,,,,,,,,0.0,
2026-07-08 04:52:09,18.0,%                   ,0.0,100.0,10.0,,,,,,,,,,,,,,,,,,,,,,,,,,,,,,,,,,,,,,,,,0.0,
2026-07-08 04:52:09,19.0,%                   ,0.0,100.0,10.0,,,,,,,,,,,,,,,,,,,,,,,,,,,,,,,,,,,,,,,,,0.0,
2026-07-08 04:52:09,20.0,%                   ,0.0,100.0,10.0,,,,,,,,,,,,,,,,,,,,,,,,,,,,,,,,,,,,,,,,,0.0,
2026-07-08 04:52:09,21.0,%                   ,0.0,100.0,10.0,,,,,,,,,,,,,,,,,,,,,,,,,,,,,,,,,,,,,,,,,0.0,
2026-07-08 04:52:09,22.0,%                   ,0.0,100.0,10.0,,,,,,,,,,,,,,,,,,,,,,,,,,,,,,,,,,,,,,,,,0.0,
2026-07-08 04:52:09,23.0,%                   ,0.0,100.0,10.0,,,,,,,,,,,,,,,,,,,,,,,,,,,,,,,,,,,,,,,,,0.0,
2026-07-08 04:52:09,24.0,MHz                 ,0.0,5000.0,10.0,,,,,,,,,,,,,,,,,,,,,,,,,,,,,,,,,,,,,,,,,0.0,
2026-07-08 04:52:09,25.0,MHz                 ,0.0,5000.0,10.0,,,,,,,,,,,,,,,,,,,,,,,,,,,,,,,,,,,,,,,,,0.0,
2026-07-08 04:52:09,26.0,MHz                 ,0.0,5000.0,10.0,,,,,,,,,,,,,,,,,,,,,,,,,,,,,,,,,,,,,,,,,0.0,
2026-07-08 04:52:09,27.0,MHz                 ,0.0,5000.0,10.0,,,,,,,,,,,,,,,,,,,,,,,,,,,,,,,,,,,,,,,,,0.0,
2026-07-08 04:52:09,28.0,MHz                 ,0.0,5000.0,10.0,,,,,,,,,,,,,,,,,,,,,,,,,,,,,,,,,,,,,,,,,0.0,
2026-07-08 04:52:09,29.0,MHz                 ,0.0,5000.0,10.0,,,,,,,,,,,,,,,,,,,,,,,,,,,,,,,,,,,,,,,,,0.0,
2026-07-08 04:52:09,30.0,MHz                 ,0.0,5000.0,10.0,,,,,,,,,,,,,,,,,,,,,,,,,,,,,,,,,,,,,,,,,0.0,
2026-07-08 04:52:09,31.0,MHz                 ,0.0,5000.0,10.0,,,,,,,,,,,,,,,,,,,,,,,,,,,,,,,,,,,,,,,,,0.0,
2026-07-08 04:52:09,32.0,MHz                 ,0.0,5000.0,10.0,,,,,,,,,,,,,,,,,,,,,,,,,,,,,,,,,,,,,,,,,0.0,
2026-07-08 04:52:09,33.0,W                   ,0.0,200.0,10.0,,,%.1f                ,,,,,,,,,,,,,,,,,,,,,,,,,,,,,,,,,,,,,,0.0,
2026-07-08 04:52:09,34.0,W                   ,0.0,200.0,10.0,,,%.1f                ,,,,,,,,,,,,,,,,,,,,,,,,,,,,,,,,,,,,,,0.0,
2026-07-08 04:52:09,35.0,W                   ,0.0,200.0,10.0,,,%.1f                ,,,,,,,,,,,,,,,,,,,,,,,,,,,,,,,,,,,,,,0.0,
2026-07-08 04:52:09,36.0,W                   ,0.0,200.0,10.0,,,%.1f                ,,,,,,,,,,,,,,,,,,,,,,,,,,,,,,,,,,,,,,0.0,
2026-07-08 04:52:09,37.0,W                   ,0.0,200.0,10.0,,,%.1f                ,,,,,,,,,,,,,,,,,,,,,,,,,,,,,,,,,,,,,,0.0,
2026-07-08 04:52:09,38.0,W                   ,0.0,200.0,10.0,,,%.1f                ,,,,,,,,,,,,,,,,,,,,,,,,,,,,,,,,,,,,,,0.0,
2026-07-08 04:52:09,39.0,W                   ,0.0,200.0,10.0,,,%.1f                ,,,,,,,,,,,,,,,,,,,,,,,,,,,,,,,,,,,,,,0.0,
2026-07-08 04:52:09,40.0,W                   ,0.0,200.0,10.0,,,%.1f                ,,,,,,,,,,,,,,,,,,,,,,,,,,,,,,,,,,,,,,0.0,
2026-07-08 04:52:09,41.0,W                   ,0.0,200.0,10.0,,,%.1f                ,,,,,,,,,,,,,,,,,,,,,,,,,,,,,,,,,,,,,,0.0,
2026-07-08 04:52:09,42.0,MB                  ,0.0,16384.0,10.0,,,,,,,,,,,,,,,,,,,,,,,,,,,,,,,,,,,,,,,,,0.0,
2026-07-08 04:52:09,43.0,MB                  ,0.0,16384.0,10.0,,,,,,,,,,,,,,,,,,,,,,,,,,,,,,,,,,,,,,,,,0.0,
2026-07-08 04:52:09,44.0,ms                  ,0.0,50.0,10.0,,,%.1f                ,,,,,,,,,,,,,,,,,,,,,,,,,,,,,,,,,,,,,,0.0,
2026-07-08 04:52:09,55.0,13.000              ,754.563,200.0,1200.0,0.0,55.125,55.125              ,55.125,55.125,55.125,55.125,55.125,55.125,55.125,34.344,24.689,34.456,25.99,31.654,23.238,51.841,40.692,33.363,2333.333,2333.333,2333.333,2333.333,2333.333,2333.333,3500.0,3500.0,3500.0,1.023,1.024,1.113,1.113,0.961,0.961,1.664,1.657,14.64,3781.0,12142.0,,0.0,
2026-07-08 04:52:10,54.0,6.000               ,754.563,200.0,1200.0,0.0,54.875,54.875              ,54.875,54.875,54.875,54.875,54.875,54.875,54.875,12.401,5.744,21.397,8.739,13.702,4.886,17.955,7.396,11.528,1700.0,1700.0,1633.333,1400.0,1400.0,1400.0,1400.0,1400.0,1700.0,0.588,0.6,1.169,1.169,0.708,0.708,0.921,0.924,12.703,3846.0,12224.0,,1.0,
2026-07-08 04:52:11,55.0,0.000               ,759.746,200.0,1200.0,0.0,55.75,55.750              ,55.75,55.75,55.75,55.75,55.75,55.75,55.75,71.925,69.176,76.465,75.41,81.422,63.367,80.066,68.263,73.262,2460.0,2460.0,3025.0,3000.0,2400.0,2400.0,2380.0,2320.0,3025.0,1.569,1.573,1.889,1.879,1.721,1.721,1.655,1.651,17.379,3916.0,12288.0,,2.0,
2026-07-08 04:52:12,55.0,0.000               ,759.82,200.0,1200.0,0.0,55.75,55.750              ,55.75,55.75,55.75,55.75,55.75,55.75,55.75,84.498,64.955,84.436,80.487,77.884,68.546,83.514,73.235,77.194,1800.0,1800.0,2225.0,2225.0,1780.0,1780.0,2225.0,2225.0,2225.0,1.265,1.253,1.462,1.465,1.205,1.2,1.34,1.33,15.436,3963.0,12326.0,,3.0,
2026-07-08 04:52:13,56.0,1.000               ,767.695,200.0,1200.0,0.0,56.25,56.250              ,56.25,56.25,56.25,56.25,56.25,56.25,56.25,45.048,46.219,60.179,34.08,55.079,28.473,58.294,21.217,43.574,1780.0,1780.0,2225.0,2225.0,1780.0,1780.0,1780.0,1780.0,2225.0,1.463,1.463,1.466,1.437,1.216,1.221,1.182,1.182,15.107,3954.0,12306.0,,4.0,
2026-07-08 04:52:14,56.0,1.000               ,765.863,200.0,1200.0,0.0,56.75,56.750              ,56.75,56.75,56.75,56.75,56.75,56.75,56.75,17.392,14.315,14.291,29.56,37.91,8.44,15.849,62.938,25.087,2140.0,2140.0,2700.0,2700.0,2160.0,2160.0,2160.0,2160.0,2700.0,0.712,0.713,0.89,0.904,1.277,1.277,2.112,2.115,15.012,4049.0,12417.0,,5.0,
2026-07-08 04:52:15,56.0,0.000               ,765.863,200.0,1200.0,0.0,56.75,56.750              ,56.75,56.75,56.75,56.75,56.75,56.75,56.75,7.732,14.226,4.256,64.913,14.66,8.698,8.461,8.138,16.385,2233.333,2233.333,3350.0,3350.0,2233.333,2233.333,2233.333,2233.333,3350.0,0.775,0.775,2.214,2.214,0.87,1.253,0.674,0.672,15.654,4635.0,12960.0,,6.0,
2026-07-08 04:52:16,58.0,0.000               ,765.863,200.0,1200.0,0.0,58.0,58.000              ,58.0,58.0,58.0,58.0,58.0,58.0,58.0,9.907,5.132,2.379,93.105,8.564,22.954,10.66,4.305,19.626,1885.714,1885.714,3300.0,3300.0,2200.0,2200.0,1885.714,1885.714,3300.0,0.585,0.585,3.28,3.273,1.139,0.669,0.931,0.93,15.57,4624.0,12981.0,,7.0,
2026-07-08 04:52:17,58.0,0.000               ,765.863,200.0,1200.0,0.0,58.25,58.250              ,58.25,58.25,58.25,58.25,58.25,58.25,58.25,15.061,12.672,6.461,86.987,16.389,10.556,49.59,8.499,25.777,1828.571,1828.571,2133.333,2133.333,1600.0,1600.0,3200.0,3200.0,3200.0,0.703,0.703,2.771,2.745,0.701,0.704,1.242,1.242,15.425,4665.0,13012.0,,8.0,
2026-07-08 04:52:18,58.0,0.000               ,765.863,200.0,1200.0,0.0,58.625,58.625              ,58.625,58.625,58.625,58.625,58.625,58.625,58.625,8.032,9.955,6.557,94.415,12.818,4.646,25.422,6.316,21.02,1757.143,1757.143,3075.0,3075.0,2050.0,2050.0,2050.0,2050.0,3075.0,0.561,0.561,3.407,3.441,0.493,0.49,0.827,0.827,15.455,4738.0,13096.0,,9.0,
2026-07-08 04:52:20,57.0,0.000               ,765.863,200.0,1200.0,0.0,57.75,57.750              ,57.75,57.75,57.75,57.75,57.75,57.75,57.75,35.296,21.921,26.182,67.683,58.363,20.486,45.996,21.718,37.206,1983.333,1983.333,2975.0,2975.0,1983.333,1983.333,1983.333,1983.333,2975.0,0.962,0.965,2.01,1.989,1.46,1.46,1.156,1.156,15.576,5076.0,13372.0,,11.0,
2026-07-08 04:52:20,56.0,0.000               ,765.863,200.0,1200.0,0.0,56.75,56.750              ,56.75,56.75,56.75,56.75,56.75,56.75,56.75,39.751,31.966,22.401,60.114,42.671,51.0,75.949,15.826,42.46,2060.0,2060.0,2060.0,2060.0,2575.0,2575.0,2060.0,2040.0,2575.0,0.913,0.91,1.026,1.026,1.453,1.465,1.052,1.052,14.644,4975.0,13240.0,,11.0,
2026-07-08 04:52:21,57.0,0.000               ,810.652,200.0,1200.0,0.0,57.0,57.000              ,57.0,57.0,57.0,57.0,57.0,57.0,57.0,28.712,13.792,31.981,37.675,39.626,20.732,34.576,43.783,31.36,2300.0,2300.0,2300.0,2300.0,2875.0,2875.0,2300.0,2300.0,2875.0,0.812,0.812,1.359,1.378,1.26,1.264,1.82,1.821,15.665,5005.0,13410.0,0.0,12.0,
2026-07-08 04:52:22,57.0,1.000               ,800.109,200.0,1200.0,0.0,57.25,57.250              ,57.25,57.25,57.25,57.25,57.25,57.25,57.25,19.607,9.749,17.339,62.092,39.283,19.082,30.015,13.7,26.358,2120.0,2120.0,2650.0,2650.0,2975.0,2975.0,2380.0,2380.0,2975.0,0.762,0.762,2.081,2.062,1.403,1.413,0.933,0.931,15.242,5132.0,13561.0,0.0,13.0,
2026-07-08 04:52:23,56.0,4.000               ,826.305,200.0,1200.0,0.0,56.875,56.875              ,56.875,56.875,56.875,56.875,56.875,56.875,56.875,27.278,17.514,31.17,69.87,38.44,22.351,36.245,22.355,33.153,1960.0,1960.0,1960.0,1960.0,2450.0,2450.0,1960.0,1960.0,2450.0,0.709,0.712,1.855,1.862,0.946,0.898,1.069,1.069,14.928,5228.0,13661.0,0.0,14.0,
2026-07-08 04:52:24,57.0,3.000               ,807.473,200.0,1200.0,0.0,57.125,57.125              ,57.125,57.125,57.125,57.125,57.125,57.125,57.125,15.415,12.741,7.099,77.33,20.231,9.121,28.928,9.284,22.519,2825.0,2825.0,2260.0,2260.0,2260.0,2260.0,2260.0,2260.0,2825.0,0.661,0.658,2.391,2.404,0.778,0.931,0.673,0.673,15.308,5237.0,13707.0,0.0,15.0,
2026-07-08 04:52:25,56.0,0.000               ,808.035,200.0,1200.0,0.0,56.875,56.875              ,56.875,56.875,56.875,56.875,56.875,56.875,56.875,34.529,23.374,37.219,27.16,27.603,46.38,25.46,48.921,33.831,1785.714,1785.714,3125.0,3125.0,2500.0,2500.0,1785.714,1785.714,3125.0,1.41,1.41,1.475,1.465,1.206,1.088,2.206,2.235,15.391,5246.0,13787.0,0.0,16.0,
2026-07-08 04:52:26,56.0,0.000               ,852.336,200.0,1200.0,0.0,56.125,56.125              ,56.125,56.125,56.125,56.125,56.125,56.125,56.125,28.952,47.42,58.772,23.93,55.06,12.158,39.14,40.825,38.282,2180.0,2180.0,2725.0,2725.0,2180.0,2180.0,2725.0,2725.0,2725.0,1.023,1.023,1.061,1.061,1.08,1.08,1.543,1.488,15.412,4961.0,13831.0,18.899,17.0,52.91
2026-07-08 04:52:27,55.0,23.000              ,852.336,200.0,1200.0,0.0,55.75,55.750              ,55.75,55.75,55.75,55.75,55.75,55.75,55.75,34.013,17.568,51.468,13.849,19.826,3.235,41.685,47.787,28.679,2240.0,2240.0,2240.0,2240.0,1866.667,1866.667,2800.0,2800.0,2800.0,0.925,0.927,1.04,1.043,0.467,0.467,2.189,2.184,15.254,4953.0,13811.0,17.402,18.0,57.46
2026-07-08 04:52:28,55.0,45.000              ,852.336,200.0,1200.0,0.0,55.875,55.875              ,55.875,55.875,55.875,55.875,55.875,55.875,55.875,44.834,14.084,53.71,16.31,67.318,2.675,19.032,36.439,31.8,2800.0,2800.0,2240.0,2240.0,1866.667,1866.667,2240.0,2240.0,2800.0,1.139,1.137,0.947,0.929,1.517,1.517,1.159,1.157,15.523,4934.0,13787.0,49.413,19.0,20.24
2026-07-08 04:52:29,55.0,45.000              ,849.613,200.0,1200.0,0.0,55.875,55.875              ,55.875,55.875,55.875,55.875,55.875,55.875,55.875,43.508,31.206,63.702,27.592,49.391,46.352,45.22,37.754,43.091,2040.0,2040.0,2550.0,2550.0,2040.0,2040.0,2550.0,2550.0,2550.0,0.886,0.886,0.85,0.863,1.492,1.499,1.058,1.045,15.192,4940.0,13785.0,36.055,20.0,27.74
2026-07-08 04:52:30,55.0,49.000              ,880.918,200.0,1200.0,0.0,55.75,55.750              ,55.75,55.75,55.75,55.75,55.75,55.75,55.75,44.934,25.581,52.293,26.442,34.728,28.166,60.876,15.111,36.016,1900.0,1900.0,2375.0,2400.0,1920.0,1920.0,1920.0,1920.0,2400.0,0.908,0.908,0.89,0.89,0.913,0.916,1.115,1.115,14.987,4960.0,13834.0,37.471,21.0,26.69
2026-07-08 04:52:31,56.0,55.000              ,878.875,200.0,1200.0,0.0,56.0,56.000              ,56.0,56.0,56.0,56.0,56.0,56.0,56.0,54.669,38.586,60.84,39.412,44.741,46.912,54.255,57.959,49.672,2000.0,2000.0,2000.0,2000.0,2000.0,2000.0,2500.0,2500.0,2500.0,0.745,0.745,0.83,0.831,0.998,0.989,1.142,1.142,15.527,4983.0,13866.0,21.367,22.0,46.8
2026-07-08 04:52:32,55.0,61.000              ,878.77,200.0,1200.0,0.0,55.5,55.500              ,55.5,55.5,55.5,55.5,55.5,55.5,55.5,43.436,15.286,50.751,15.518,36.405,1.921,70.173,9.422,30.364,1820.0,1820.0,2275.0,2275.0,1820.0,1820.0,1820.0,1820.0,2275.0,0.869,0.87,0.911,0.91,0.533,0.525,1.514,1.514,14.854,4981.0,13852.0,23.669,23.0,42.25
2026-07-08 04:52:33,55.0,59.000              ,887.805,200.0,1200.0,0.0,55.75,55.750              ,55.75,55.75,55.75,55.75,55.75,55.75,55.75,35.269,12.977,50.545,18.324,36.221,2.384,18.51,6.662,22.611,2550.0,2550.0,2040.0,2040.0,2040.0,2040.0,1700.0,1700.0,2550.0,1.002,1.0,1.198,1.212,0.702,0.702,0.53,0.53,15.131,4981.0,13883.0,33.098,24.0,30.21
2026-07-08 04:52:34,55.0,58.000              ,899.852,200.0,1200.0,0.0,55.875,55.875              ,55.875,55.875,55.875,55.875,55.875,55.875,55.875,19.709,16.145,53.313,15.484,40.104,1.8,23.185,3.665,21.676,2320.0,2320.0,2925.0,2925.0,2340.0,2340.0,2340.0,2340.0,2925.0,0.855,0.842,1.33,1.318,0.905,0.905,0.641,0.641,14.837,4970.0,13854.0,17.538,25.0,57.02
2026-07-08 04:52:35,56.0,56.000              ,899.965,200.0,1200.0,0.0,56.5,56.500              ,56.5,56.5,56.5,56.5,56.5,56.5,56.5,13.297,15.572,12.437,31.074,27.58,1.086,7.618,32.83,17.687,2460.0,2460.0,2460.0,2460.0,3100.0,3100.0,2066.667,2066.667,3100.0,0.87,0.884,1.443,1.444,0.88,0.88,1.533,1.533,14.989,4986.0,13878.0,727.858,26.0,1.37
2026-07-08 04:52:36,56.0,45.000              ,899.98,200.0,1200.0,0.0,56.125,56.125              ,56.125,56.125,56.125,56.125,56.125,56.125,56.125,27.897,10.659,27.257,29.356,52.074,1.866,18.005,4.687,21.475,2200.0,2200.0,2200.0,2200.0,2750.0,2750.0,2200.0,2200.0,2750.0,0.86,0.86,1.153,1.152,1.138,1.138,0.622,0.622,15.266,4986.0,13878.0,20.524,27.0,48.72
2026-07-08 04:52:37,56.0,47.000              ,892.77,200.0,1200.0,0.0,56.0,56.000              ,56.0,56.0,56.0,56.0,56.0,56.0,56.0,29.411,10.651,23.475,22.26,56.845,5.542,15.429,3.789,20.925,2400.0,2400.0,3025.0,3025.0,2420.0,2420.0,2420.0,2420.0,3025.0,0.88,0.88,1.054,1.054,1.326,1.328,0.597,0.597,15.153,4985.0,13874.0,17.652,28.0,56.65
2026-07-08 04:52:38,56.0,57.000              ,892.809,200.0,1200.0,0.0,56.0,56.000              ,56.0,56.0,56.0,56.0,56.0,56.0,56.0,22.314,11.572,32.887,23.302,47.061,3.242,18.673,5.158,20.526,2460.0,2460.0,3075.0,3075.0,2460.0,2460.0,2460.0,2460.0,3075.0,0.793,0.793,1.256,1.256,1.083,1.084,0.659,0.659,15.191,4982.0,13868.0,24.789,29.0,40.34
2026-07-08 04:52:39,56.0,59.000              ,892.809,200.0,1200.0,0.0,56.0,56.000              ,56.0,56.0,56.0,56.0,56.0,56.0,56.0,27.537,26.86,58.852,30.149,34.141,16.576,29.871,17.189,30.147,2500.0,2500.0,3125.0,3125.0,2500.0,2500.0,2500.0,2500.0,3125.0,0.859,0.87,1.462,1.462,0.778,0.775,0.76,0.76,15.626,4950.0,13847.0,20.308,30.0,49.24
2026-07-08 04:52:40,56.0,60.000              ,892.781,200.0,1200.0,0.0,56.0,56.000              ,56.0,56.0,56.0,56.0,56.0,56.0,56.0,67.03,47.384,63.985,58.286,67.578,54.009,69.203,43.246,58.84,1980.0,1980.0,2475.0,2475.0,1980.0,1980.0,1980.0,1980.0,2475.0,0.948,0.937,0.943,0.943,1.008,1.008,0.901,0.901,15.468,4992.0,13904.0,111.941,31.0,8.93
2026-07-08 04:52:41,55.0,59.000              ,892.781,200.0,1200.0,0.0,55.75,55.750              ,55.75,55.75,55.75,55.75,55.75,55.75,55.75,28.111,14.84,44.762,24.602,39.263,7.644,34.779,13.452,25.932,1860.0,1860.0,1860.0,1860.0,2325.0,2325.0,1860.0,1860.0,2325.0,0.659,0.659,0.996,0.996,0.741,0.741,0.718,0.72,14.698,4991.0,13898.0,17.701,32.0,56.49
2026-07-08 04:52:42,56.0,60.000              ,892.781,200.0,1200.0,0.0,56.0,56.000              ,56.0,56.0,56.0,56.0,56.0,56.0,56.0,74.404,57.469,79.763,77.355,79.7,64.458,80.041,61.238,71.804,1960.0,1400.0,2450.0,2450.0,1960.0,1960.0,1960.0,1960.0,2450.0,0.874,0.874,1.105,1.105,1.024,1.024,0.983,0.983,15.746,5079.0,14098.0,21.06,33.0,47.48
2026-07-08 04:52:43,56.0,61.000              ,892.781,200.0,1200.0,0.0,56.0,56.000              ,56.0,56.0,56.0,56.0,56.0,56.0,56.0,63.432,38.673,61.055,67.257,71.835,45.985,68.57,57.151,59.245,1583.333,1583.333,1583.333,1583.333,1583.333,1583.333,1900.0,1900.0,1900.0,0.73,0.732,0.927,0.927,0.893,0.895,0.906,0.904,14.87,5164.0,14189.0,27.694,34.0,36.11
2026-07-08 04:52:44,56.0,59.000              ,872.219,200.0,1200.0,0.0,56.0,56.000              ,56.0,56.0,56.0,56.0,56.0,56.0,56.0,70.17,51.82,72.538,72.536,70.304,59.582,67.423,68.965,66.667,1616.667,1616.667,1940.0,1940.0,1940.0,1940.0,1940.0,1940.0,1940.0,0.798,0.797,0.957,0.944,0.867,0.872,0.961,0.961,15.17,5237.0,14254.0,18.861,35.0,53.02
2026-07-08 04:52:45,56.0,58.000              ,872.219,200.0,1200.0,0.0,56.0,56.000              ,56.0,56.0,56.0,56.0,56.0,56.0,56.0,67.74,62.431,71.632,70.328,70.294,62.05,66.704,71.312,67.811,1880.0,1900.0,1900.0,1880.0,1880.0,1880.0,1880.0,1583.333,1900.0,0.79,0.789,0.859,0.873,0.835,0.841,0.849,0.851,15.068,5332.0,14335.0,18.378,36.0,54.41
2026-07-08 04:52:46,56.0,59.000              ,842.641,200.0,1200.0,0.0,56.0,56.000              ,56.0,56.0,56.0,56.0,56.0,56.0,56.0,57.902,67.831,68.972,68.024,62.467,57.01,75.164,64.835,65.276,1860.0,1860.0,1550.0,1550.0,1566.667,1566.667,1900.0,1900.0,1900.0,0.762,0.764,0.847,0.848,0.798,0.78,0.97,0.962,15.016,5289.0,14287.0,17.814,37.0,56.14
2026-07-08 04:52:47,56.0,58.000              ,842.641,200.0,1200.0,0.0,56.0,56.000              ,56.0,56.0,56.0,56.0,56.0,56.0,56.0,49.809,49.15,76.502,48.172,75.246,34.066,66.894,38.421,54.782,1900.0,1900.0,1583.333,1880.0,1880.0,1566.667,1860.0,1566.667,1900.0,0.803,0.801,1.095,1.099,0.966,0.973,0.898,0.899,14.987,5343.0,14321.0,291.504,38.0,3.43
2026-07-08 04:52:48,56.0,56.000              ,842.641,200.0,1200.0,0.0,56.0,56.000              ,56.0,56.0,56.0,56.0,56.0,56.0,56.0,53.754,42.033,59.858,64.371,47.029,51.934,58.783,44.901,52.833,1783.333,2120.0,2120.0,2140.0,1783.333,1783.333,2140.0,2140.0,2140.0,0.856,0.856,1.025,1.026,0.856,0.848,0.927,0.927,15.162,5320.0,14306.0,17.903,39.0,55.86
2026-07-08 04:52:49,56.0,57.000              ,842.641,200.0,1200.0,0.0,56.0,56.000              ,56.0,56.0,56.0,56.0,56.0,56.0,56.0,63.766,43.452,66.654,60.321,60.893,55.766,52.245,74.15,59.656,1633.333,1633.333,1980.0,1980.0,1650.0,2000.0,2000.0,2020.0,2020.0,0.799,0.799,0.896,0.893,0.909,0.909,1.003,1.003,14.826,5327.0,14270.0,17.831,40.0,56.08
2026-07-08 04:52:50,56.0,62.000              ,842.641,200.0,1200.0,0.0,56.0,56.000              ,56.0,56.0,56.0,56.0,56.0,56.0,56.0,49.616,27.747,57.13,53.611,52.585,43.673,64.215,45.882,49.307,1800.0,1783.333,2140.0,2140.0,2140.0,2140.0,2140.0,2120.0,2140.0,0.742,0.742,0.914,0.911,0.884,0.884,1.064,1.071,15.235,5402.0,14353.0,18.192,41.0,54.97
2026-07-08 04:52:51,56.0,63.000              ,842.641,200.0,1200.0,0.0,56.0,56.000              ,56.0,56.0,56.0,56.0,56.0,56.0,56.0,48.668,29.062,57.476,58.174,58.514,43.39,55.866,47.89,49.88,1766.667,1766.667,1766.667,1766.667,2120.0,2120.0,2120.0,2120.0,2120.0,0.707,0.707,0.908,0.908,0.877,0.899,0.965,0.96,15.022,5469.0,14485.0,17.616,42.0,56.77
2026-07-08 04:52:52,56.0,63.000              ,842.641,200.0,1200.0,0.0,56.0,56.000              ,56.0,56.0,56.0,56.0,56.0,56.0,56.0,73.591,61.291,77.389,78.885,64.261,84.491,72.887,69.851,72.831,1550.0,1550.0,1860.0,1860.0,1840.0,1840.0,1840.0,1840.0,1860.0,0.758,0.759,0.891,0.891,0.895,0.892,0.847,0.861,15.297,5380.0,14487.0,18.713,43.0,53.44
2026-07-08 04:52:53,56.0,65.000              ,842.641,200.0,1200.0,0.0,56.0,56.000              ,56.0,56.0,56.0,56.0,56.0,56.0,56.0,73.936,59.47,77.483,77.485,68.43,69.37,74.107,62.313,70.324,1466.667,1466.667,1760.0,1760.0,1466.667,1466.667,1466.667,1466.667,1760.0,0.742,0.73,0.86,0.861,0.805,0.766,0.761,0.734,14.701,5394.0,14528.0,17.958,44.0,55.69
2026-07-08 04:52:54,56.0,65.000              ,842.641,200.0,1200.0,0.0,56.0,56.000              ,56.0,56.0,56.0,56.0,56.0,56.0,56.0,50.477,27.56,69.865,56.516,64.882,37.389,65.303,31.203,50.399,1733.333,1733.333,2080.0,2080.0,1716.667,1716.667,1733.333,1733.333,2080.0,0.653,0.662,0.936,0.934,0.813,0.815,0.783,0.775,14.927,5400.0,14534.0,18.048,45.0,55.41
2026-07-08 04:52:55,56.0,65.000              ,842.641,200.0,1200.0,0.0,56.0,56.000              ,56.0,56.0,56.0,56.0,56.0,56.0,56.0,77.342,71.424,80.309,77.886,78.223,70.757,77.021,74.014,75.872,1616.667,1616.667,1616.667,1616.667,1940.0,1940.0,1920.0,1920.0,1940.0,0.798,0.799,0.878,0.878,0.854,0.854,0.82,0.835,15.544,5250.0,14377.0,20.128,46.0,49.68
2026-07-08 04:52:56,56.0,63.000              ,832.516,200.0,1200.0,0.0,56.0,56.000              ,56.0,56.0,56.0,56.0,56.0,56.0,56.0,72.421,63.361,78.02,72.544,74.81,80.137,82.457,85.206,76.119,1733.333,1733.333,1733.333,1716.667,1716.667,1733.333,1716.667,1716.667,1733.333,0.745,0.748,0.874,0.874,0.935,0.941,0.935,0.934,14.906,5348.0,14458.0,232.47,47.0,4.3
2026-07-08 04:52:57,56.0,49.000              ,832.516,200.0,1200.0,0.0,56.0,56.000              ,56.0,56.0,56.0,56.0,56.0,56.0,56.0,51.352,34.194,59.52,64.05,61.165,40.916,58.056,55.703,53.12,1583.333,1583.333,1880.0,1566.667,1860.0,1860.0,1860.0,1860.0,1880.0,0.649,0.644,0.944,0.944,0.859,0.845,0.964,0.964,14.734,5294.0,14598.0,18.197,48.0,54.95
2026-07-08 04:52:58,56.0,50.000              ,832.516,200.0,1200.0,0.0,56.0,56.000              ,56.0,56.0,56.0,56.0,56.0,56.0,56.0,43.444,21.285,59.463,45.651,64.796,23.171,60.061,33.797,43.959,1820.0,1820.0,2250.0,2225.0,1780.0,1800.0,1800.0,1800.0,2250.0,0.738,0.74,1.17,1.17,1.141,1.141,1.159,1.161,15.031,5308.0,14616.0,17.232,49.0,58.03
2026-07-08 04:52:59,56.0,60.000              ,832.516,200.0,1200.0,0.0,56.0,56.000              ,56.0,56.0,56.0,56.0,56.0,56.0,56.0,49.624,20.999,46.134,55.43,58.525,29.265,59.255,37.356,44.574,1800.0,1800.0,2160.0,2160.0,2160.0,2160.0,1800.0,1783.333,2160.0,0.749,0.749,0.997,1.0,0.946,0.946,0.981,0.988,15.056,5238.0,14519.0,17.38,50.0,57.54
2026-07-08 04:53:00,56.0,58.000              ,832.516,200.0,1200.0,0.0,56.0,56.000              ,56.0,56.0,56.0,56.0,56.0,56.0,56.0,63.958,29.431,62.511,59.534,65.269,35.738,69.701,33.669,52.476,1783.333,1783.333,2140.0,2140.0,2140.0,2140.0,1783.333,1783.333,2140.0,0.812,0.81,1.076,1.063,1.011,1.023,0.992,0.984,15.191,5253.0,14519.0,21.354,51.0,46.83
2026-07-08 04:53:01,56.0,57.000              ,832.516,200.0,1200.0,0.0,56.0,56.000              ,56.0,56.0,56.0,56.0,56.0,56.0,56.0,77.313,59.898,80.283,73.613,80.559,71.9,75.001,71.386,73.744,1750.0,1750.0,2100.0,2080.0,1733.333,1733.333,1733.333,1733.333,2100.0,0.852,0.859,0.973,0.984,0.968,0.945,0.978,0.978,15.222,5349.0,14566.0,25.501,52.0,39.21
2026-07-08 04:53:02,56.0,60.000              ,832.516,200.0,1200.0,0.0,56.0,56.000              ,56.0,56.0,56.0,56.0,56.0,56.0,56.0,72.319,45.2,83.083,66.523,82.02,57.99,70.703,65.84,67.96,1500.0,1500.0,1800.0,1820.0,1820.0,1516.667,1820.0,1820.0,1820.0,0.709,0.702,0.938,0.937,0.874,0.904,0.919,0.919,14.717,5341.0,14551.0,18.472,53.0,54.14
2026-07-08 04:53:03,56.0,62.000              ,832.516,200.0,1200.0,0.0,56.0,56.000              ,56.0,56.0,56.0,56.0,56.0,56.0,56.0,54.585,26.6,62.952,57.074,52.764,46.575,72.098,29.712,50.295,1800.0,1800.0,1800.0,2160.0,2160.0,2160.0,1800.0,1800.0,2160.0,0.775,0.775,1.104,1.104,0.94,0.958,1.007,1.01,15.109,5368.0,14595.0,17.606,54.0,56.8
2026-07-08 04:53:04,56.0,63.000              ,832.516,200.0,1200.0,0.0,56.0,56.000              ,56.0,56.0,56.0,56.0,56.0,56.0,56.0,49.93,34.653,60.893,70.196,57.94,59.317,68.665,41.036,55.329,1800.0,1800.0,1800.0,1816.667,2180.0,2180.0,1816.667,1816.667,2180.0,0.725,0.725,1.021,1.021,0.993,0.962,0.955,0.954,15.284,5510.0,14668.0,17.783,55.0,56.23
2026-07-08 04:53:05,56.0,63.000              ,832.516,200.0,1200.0,0.0,56.0,56.000              ,56.0,56.0,56.0,56.0,56.0,56.0,56.0,63.223,46.756,72.672,65.128,72.982,47.486,72.144,56.044,62.054,1533.333,1533.333,1840.0,1840.0,1550.0,1550.0,1900.0,1920.0,1920.0,0.765,0.765,0.93,0.933,0.943,0.94,0.933,0.93,14.872,5557.0,14712.0,17.618,56.0,56.76
2026-07-08 04:53:06,56.0,63.000              ,832.266,200.0,1200.0,0.0,56.0,56.000              ,56.0,56.0,56.0,56.0,56.0,56.0,56.0,59.546,39.831,73.509,71.571,76.78,43.999,60.147,64.329,61.214,1800.0,1800.0,2180.0,2160.0,1800.0,1800.0,1800.0,2160.0,2180.0,0.694,0.695,0.942,0.939,0.838,0.844,0.768,0.768,15.089,5561.0,14711.0,17.722,57.0,56.43
2026-07-08 04:53:07,56.0,64.000              ,832.266,200.0,1200.0,0.0,56.0,56.000              ,56.0,56.0,56.0,56.0,56.0,56.0,56.0,62.414,34.976,68.892,69.208,70.26,59.06,73.213,50.373,61.049,1566.667,1566.667,1900.0,1900.0,1900.0,1900.0,1900.0,1900.0,1900.0,0.655,0.654,0.846,0.846,0.875,0.894,0.794,0.794,15.046,5600.0,14723.0,18.197,58.0,54.95
2026-07-08 04:53:08,56.0,65.000              ,832.266,200.0,1200.0,0.0,56.0,56.000              ,56.0,56.0,56.0,56.0,56.0,56.0,56.0,59.74,33.636,76.812,68.607,70.32,57.226,61.595,60.012,60.993,1566.667,1566.667,1900.0,1900.0,1960.0,1980.0,1650.0,1650.0,1980.0,0.638,0.638,0.881,0.885,0.882,0.861,0.772,0.773,15.032,5611.0,14746.0,17.423,59.0,57.4
2026-07-08 04:53:09,56.0,64.000              ,832.266,200.0,1200.0,0.0,56.0,56.000              ,56.0,56.0,56.0,56.0,56.0,56.0,56.0,48.946,25.653,72.739,56.242,57.193,37.694,58.33,39.471,49.533,1816.667,1816.667,2180.0,2180.0,1816.667,1816.667,1816.667,1816.667,2180.0,0.634,0.635,0.985,0.981,0.773,0.773,0.802,0.8,14.848,5619.0,14761.0,17.81,60.0,56.15
2026-07-08 04:53:10,56.0,63.000              ,832.266,200.0,1200.0,0.0,56.0,56.000              ,56.0,56.0,56.0,56.0,56.0,56.0,56.0,58.231,32.8,71.011,57.781,57.799,30.412,58.023,28.995,49.382,1800.0,1800.0,2160.0,2160.0,1800.0,1800.0,1800.0,1800.0,2160.0,0.732,0.733,0.974,0.974,0.75,0.75,0.725,0.725,15.136,5606.0,14752.0,17.836,61.0,56.07
2026-07-08 04:53:11,56.0,63.000              ,832.266,200.0,1200.0,0.0,56.0,56.000              ,56.0,56.0,56.0,56.0,56.0,56.0,56.0,51.903,24.984,65.088,57.823,60.508,36.84,70.19,35.879,50.402,1733.333,1733.333,2080.0,2080.0,1733.333,1733.333,1733.333,1733.333,2080.0,0.656,0.654,0.912,0.912,0.758,0.758,0.824,0.824,15.063,5624.0,14735.0,18.935,62.0,52.81
2026-07-08 04:53:12,56.0,63.000              ,832.266,200.0,1200.0,0.0,56.0,56.000              ,56.0,56.0,56.0,56.0,56.0,56.0,56.0,49.932,28.513,65.514,58.697,58.101,36.411,68.635,24.184,48.748,1783.333,1783.333,2140.0,2140.0,1766.667,1766.667,1766.667,1766.667,2140.0,0.67,0.679,0.922,0.919,0.757,0.762,0.808,0.809,15.076,5602.0,14779.0,17.965,63.0,55.66
2026-07-08 04:53:13,56.0,64.000              ,832.266,200.0,1200.0,0.0,56.0,56.000              ,56.0,56.0,56.0,56.0,56.0,56.0,56.0,75.407,64.805,85.467,83.182,77.827,69.059,75.74,64.756,74.53,1650.0,1650.0,1980.0,1980.0,1650.0,1650.0,1650.0,1650.0,1980.0,0.778,0.769,0.949,0.953,0.829,0.816,0.807,0.805,15.256,5364.0,14790.0,18.429,64.0,54.26
2026-07-08 04:53:14,56.0,65.000              ,832.266,200.0,1200.0,0.0,56.0,56.000              ,56.0,56.0,56.0,56.0,56.0,56.0,56.0,73.197,68.89,80.775,79.022,74.238,70.415,76.157,65.421,73.514,1414.286,1414.286,1650.0,1650.0,1650.0,1650.0,1650.0,1650.0,1650.0,0.705,0.705,0.83,0.833,0.742,0.748,0.766,0.766,14.978,5294.0,14813.0,17.638,65.0,56.7
2026-07-08 04:53:15,56.0,67.000              ,832.266,200.0,1200.0,0.0,56.0,56.000              ,56.0,56.0,56.0,56.0,56.0,56.0,56.0,72.721,60.938,80.499,78.52,71.112,61.232,65.557,67.65,69.779,1466.667,1466.667,1760.0,1780.0,1483.333,1483.333,1483.333,1483.333,1780.0,0.725,0.726,0.881,0.878,0.732,0.733,0.769,0.769,14.957,5263.0,14824.0,17.549,66.0,56.98
2026-07-08 04:53:16,56.0,67.000              ,832.016,200.0,1200.0,0.0,56.0,56.000              ,56.0,56.0,56.0,56.0,56.0,56.0,56.0,70.99,61.016,81.217,74.086,79.495,61.393,66.837,72.507,70.943,1533.333,1533.333,1840.0,1840.0,1533.333,1533.333,1533.333,1533.333,1840.0,0.747,0.746,0.869,0.869,0.837,0.835,0.799,0.799,15.037,5294.0,14857.0,18.108,67.0,55.22
2026-07-08 04:53:17,56.0,66.000              ,832.016,200.0,1200.0,0.0,56.0,56.000              ,56.0,56.0,56.0,56.0,56.0,56.0,56.0,71.366,66.899,83.952,78.834,76.176,64.288,69.983,71.466,72.871,1516.667,1516.667,1820.0,1820.0,1820.0,1820.0,1820.0,1820.0,1820.0,0.72,0.724,0.877,0.877,0.78,0.783,0.787,0.787,15.102,5214.0,14897.0,18.796,68.0,53.2
2026-07-08 04:53:18,56.0,63.000              ,832.016,200.0,1200.0,0.0,56.0,56.000              ,56.0,56.0,56.0,56.0,56.0,56.0,56.0,64.148,55.372,76.105,80.04,66.501,64.033,63.282,61.751,66.404,1500.0,1500.0,1800.0,1800.0,1800.0,1800.0,1800.0,1500.0,1800.0,0.74,0.737,0.92,0.92,0.809,0.806,0.763,0.763,14.92,5256.0,14913.0,17.84,69.0,56.05
2026-07-08 04:53:19,56.0,62.000              ,832.016,200.0,1200.0,0.0,56.0,56.000              ,56.0,56.0,56.0,56.0,56.0,56.0,56.0,64.093,56.632,75.475,66.492,69.292,65.2,70.567,69.385,67.142,1616.667,1616.667,1940.0,1940.0,1940.0,1940.0,1940.0,1940.0,1940.0,0.737,0.735,0.889,0.89,0.85,0.856,0.871,0.871,15.231,5320.0,14956.0,17.671,70.0,56.59
2026-07-08 04:53:20,56.0,66.000              ,832.016,200.0,1200.0,0.0,56.0,56.000              ,56.0,56.0,56.0,56.0,56.0,56.0,56.0,65.108,51.447,75.379,77.469,72.228,63.225,65.387,67.008,67.156,1633.333,1633.333,1633.333,1633.333,1633.333,1633.333,1633.333,1633.333,1633.333,0.684,0.688,0.876,0.875,0.816,0.811,0.769,0.769,14.877,5346.0,14978.0,17.887,71.0,55.91
2026-07-08 04:53:21,56.0,66.000              ,832.016,200.0,1200.0,0.0,56.0,56.000              ,56.0,56.0,56.0,56.0,56.0,56.0,56.0,68.322,51.984,77.003,66.023,72.57,59.372,66.176,75.276,67.091,1583.333,1583.333,1900.0,1900.0,1583.333,1583.333,1880.0,1880.0,1900.0,0.715,0.711,0.853,0.853,0.824,0.823,0.822,0.822,15.043,5383.0,15009.0,17.787,72.0,56.22
2026-07-08 04:53:22,56.0,65.000              ,832.016,200.0,1200.0,0.0,56.0,56.000              ,56.0,56.0,56.0,56.0,56.0,56.0,56.0,44.99,26.585,69.21,63.814,55.418,42.524,43.994,51.607,49.768,1716.667,1716.667,1716.667,2040.0,2040.0,2040.0,1700.0,1700.0,2040.0,0.616,0.617,0.925,0.927,0.761,0.763,0.763,0.769,14.971,5431.0,15040.0,17.487,73.0,57.19
2026-07-08 04:53:23,56.0,66.000              ,832.016,200.0,1200.0,0.0,56.0,56.000              ,56.0,56.0,56.0,56.0,56.0,56.0,56.0,51.299,44.067,66.675,66.592,57.944,61.123,60.001,59.305,58.376,1700.0,1700.0,2040.0,2040.0,1700.0,1700.0,1700.0,1700.0,2040.0,0.694,0.694,0.867,0.865,0.807,0.804,0.846,0.841,14.94,5463.0,15063.0,17.793,74.0,56.2
2026-07-08 04:53:24,56.0,66.000              ,832.016,200.0,1200.0,0.0,56.0,56.000              ,56.0,56.0,56.0,56.0,56.0,56.0,56.0,50.984,26.714,65.575,51.093,55.369,43.063,62.515,46.538,50.231,1700.0,1700.0,2040.0,2040.0,2040.0,2040.0,1700.0,1700.0,2040.0,0.633,0.632,0.786,0.786,0.736,0.746,0.882,0.882,14.918,5467.0,15076.0,18.07,75.0,55.34
2026-07-08 04:53:25,56.0,65.000              ,832.016,200.0,1200.0,0.0,56.0,56.000              ,56.0,56.0,56.0,56.0,56.0,56.0,56.0,50.624,28.305,63.88,67.041,58.682,46.411,51.687,54.598,52.653,1716.667,1716.667,2080.0,2080.0,1733.333,1733.333,1733.333,1733.333,2080.0,0.646,0.646,0.942,0.942,0.771,0.763,0.813,0.813,15.161,5507.0,15113.0,18.442,76.0,54.22
2026-07-08 04:53:26,56.0,64.000              ,831.766,200.0,1200.0,0.0,56.0,56.000              ,56.0,56.0,56.0,56.0,56.0,56.0,56.0,56.923,28.825,67.824,61.529,61.378,43.992,67.866,47.585,54.49,1700.0,1700.0,1700.0,1700.0,1700.0,1700.0,2040.0,2040.0,2040.0,0.669,0.672,0.876,0.876,0.762,0.759,0.859,0.86,15.044,5581.0,15159.0,17.715,77.0,56.45
2026-07-08 04:53:27,56.0,65.000              ,831.766,200.0,1200.0,0.0,56.0,56.000              ,56.0,56.0,56.0,56.0,56.0,56.0,56.0,63.405,42.697,71.882,72.413,68.233,75.296,64.501,64.722,65.394,1600.0,1600.0,1920.0,1920.0,1940.0,1940.0,1616.667,1616.667,1940.0,0.669,0.667,0.809,0.808,0.942,0.95,0.779,0.779,15.097,5476.0,15176.0,18.058,78.0,55.38
2026-07-08 04:53:28,56.0,64.000              ,831.766,200.0,1200.0,0.0,56.0,56.000              ,56.0,56.0,56.0,56.0,56.0,56.0,56.0,82.705,73.225,85.507,88.662,90.545,83.615,83.878,85.103,84.155,1583.333,1583.333,1900.0,1900.0,1733.333,1733.333,1733.333,1733.333,1900.0,0.726,0.726,0.823,0.824,0.917,0.921,0.848,0.848,15.265,5352.0,15194.0,18.394,79.0,54.37
2026-07-08 04:53:29,56.0,66.000              ,831.766,200.0,1200.0,0.0,56.0,56.000              ,56.0,56.0,56.0,56.0,56.0,56.0,56.0,84.393,80.689,86.967,87.174,85.398,83.55,83.841,83.79,84.475,1516.667,1516.667,1516.667,1516.667,1516.667,1516.667,1516.667,1516.667,1516.667,0.719,0.719,0.765,0.767,0.788,0.784,0.783,0.782,15.089,5291.0,15212.0,17.595,80.0,56.83
2026-07-08 04:53:30,56.0,67.000              ,831.766,200.0,1200.0,0.0,56.0,56.000              ,56.0,56.0,56.0,56.0,56.0,56.0,56.0,61.516,51.606,74.081,73.578,60.186,60.522,66.782,63.231,63.938,1471.429,1471.429,1716.667,1733.333,1485.714,1485.714,1733.333,1733.333,1733.333,0.649,0.648,0.809,0.805,0.712,0.712,0.789,0.789,14.8,5332.0,15231.0,17.765,81.0,56.29
2026-07-08 04:53:31,56.0,67.000              ,831.766,200.0,1200.0,0.0,56.0,56.000              ,56.0,56.0,56.0,56.0,56.0,56.0,56.0,72.723,60.569,80.118,78.253,71.874,64.023,68.297,77.56,71.677,1600.0,1600.0,1920.0,1920.0,1600.0,1600.0,1583.333,1600.0,1920.0,0.714,0.717,0.876,0.879,0.761,0.761,0.814,0.816,15.139,5346.0,15257.0,17.708,82.0,56.47
2026-07-08 04:53:32,56.0,67.000              ,831.766,200.0,1200.0,0.0,56.0,56.000              ,56.0,56.0,56.0,56.0,56.0,56.0,56.0,67.566,59.711,71.206,75.799,65.645,61.788,74.666,68.848,68.153,1566.667,1566.667,1566.667,1566.667,1566.667,1566.667,1880.0,1880.0,1880.0,0.7,0.698,0.787,0.787,0.732,0.732,0.878,0.876,14.926,5339.0,15289.0,18.459,83.0,54.17
2026-07-08 04:53:33,56.0,67.000              ,831.766,200.0,1200.0,0.0,56.0,56.000              ,56.0,56.0,56.0,56.0,56.0,56.0,56.0,71.507,55.332,79.453,79.058,73.51,63.046,76.853,50.414,68.647,1616.667,1616.667,1960.0,1960.0,1940.0,1940.0,1616.667,1920.0,1960.0,0.702,0.701,0.905,0.894,0.77,0.77,0.776,0.776,15.083,5370.0,15307.0,18.196,84.0,54.96
2026-07-08 04:53:34,56.0,64.000              ,831.766,200.0,1200.0,0.0,56.0,56.000              ,56.0,56.0,56.0,56.0,56.0,56.0,56.0,69.96,61.361,77.976,77.37,71.464,61.088,74.702,65.282,69.9,1533.333,1533.333,1860.0,1860.0,1550.0,1550.0,1860.0,1860.0,1860.0,0.721,0.718,0.881,0.895,0.757,0.759,0.786,0.786,14.997,5338.0,15308.0,17.884,85.0,55.92
2026-07-08 04:53:35,56.0,62.000              ,831.766,200.0,1200.0,0.0,56.0,56.000              ,56.0,56.0,56.0,56.0,56.0,56.0,56.0,72.312,60.974,77.794,75.56,75.966,65.94,67.937,70.353,70.854,1566.667,1566.667,1880.0,1880.0,1566.667,1566.667,1566.667,1583.333,1880.0,0.715,0.719,0.848,0.846,0.798,0.796,0.79,0.786,15.041,5270.0,15326.0,19.533,86.0,51.2
2026-07-08 04:53:36,56.0,66.000              ,831.766,200.0,1200.0,0.0,56.0,56.000              ,56.0,56.0,56.0,56.0,56.0,56.0,56.0,54.36,56.024,71.065,72.546,73.325,61.316,66.122,59.431,64.274,1566.667,1566.667,1880.0,1880.0,1566.667,1566.667,1900.0,1900.0,1900.0,0.665,0.673,0.854,0.853,0.79,0.79,0.746,0.755,15.028,5028.0,15343.0,18.389,87.0,54.38
2026-07-08 04:53:37,56.0,68.000              ,831.766,200.0,1200.0,0.0,56.0,56.000              ,56.0,56.0,56.0,56.0,56.0,56.0,56.0,60.853,57.927,71.062,68.455,56.777,58.491,67.441,47.321,61.041,1860.0,1860.0,1840.0,1550.0,1550.0,1550.0,1880.0,1880.0,1880.0,0.703,0.696,0.827,0.827,0.702,0.703,0.723,0.715,14.864,4773.0,15344.0,17.838,88.0,56.06
2026-07-08 04:53:38,56.0,64.000              ,831.766,200.0,1200.0,0.0,56.0,56.000              ,56.0,56.0,56.0,56.0,56.0,56.0,56.0,38.508,39.318,64.151,61.22,51.402,47.219,52.353,40.779,49.369,1733.333,1733.333,2080.0,2080.0,1733.333,1733.333,1733.333,1733.333,2080.0,0.665,0.665,0.936,0.936,0.764,0.762,0.731,0.731,15.011,4790.0,15362.0,17.72,89.0,56.43
2026-07-08 04:53:39,56.0,63.000              ,831.766,200.0,1200.0,0.0,56.0,56.000              ,56.0,56.0,56.0,56.0,56.0,56.0,56.0,48.642,27.191,59.663,58.572,48.825,45.262,62.658,46.189,49.625,1816.667,1816.667,2160.0,2140.0,1800.0,1800.0,1800.0,1783.333,2160.0,0.646,0.646,0.847,0.845,0.727,0.734,0.898,0.893,14.896,4805.0,15375.0,18.283,90.0,54.7
2026-07-08 04:53:40,56.0,65.000              ,831.766,200.0,1200.0,0.0,56.0,56.000              ,56.0,56.0,56.0,56.0,56.0,56.0,56.0,51.779,29.951,69.705,58.735,54.904,49.029,46.996,53.909,51.876,1783.333,1783.333,2140.0,2140.0,1783.333,1783.333,1783.333,1783.333,2140.0,0.674,0.671,0.949,0.954,0.811,0.804,0.779,0.783,15.228,4806.0,15388.0,17.725,91.0,56.42
2026-07-08 04:53:41,56.0,64.000              ,831.766,200.0,1200.0,0.0,56.0,56.000              ,56.0,56.0,56.0,56.0,56.0,56.0,56.0,50.107,41.664,64.359,67.64,60.146,37.877,47.833,57.982,53.451,1716.667,1716.667,1716.667,1716.667,2040.0,2040.0,2040.0,2060.0,2060.0,0.687,0.69,0.92,0.918,0.749,0.749,0.806,0.806,15.054,4857.0,15402.0,18.349,92.0,54.5
2026-07-08 04:53:42,56.0,64.000              ,831.766,200.0,1200.0,0.0,56.0,56.000              ,56.0,56.0,56.0,56.0,56.0,56.0,56.0,54.96,38.981,63.223,68.767,61.185,38.853,53.475,61.447,55.111,1583.333,1583.333,1900.0,1900.0,1583.333,1583.333,1900.0,1900.0,1900.0,0.657,0.657,0.872,0.874,0.705,0.707,0.843,0.843,15.059,4883.0,15415.0,19.093,93.0,52.38
2026-07-08 04:53:43,56.0,63.000              ,831.766,200.0,1200.0,0.0,56.0,56.000              ,56.0,56.0,56.0,56.0,56.0,56.0,56.0,56.057,35.402,71.865,61.796,53.27,50.665,58.075,34.753,52.735,1666.667,1666.667,2000.0,2000.0,1666.667,1666.667,2000.0,2000.0,2000.0,0.699,0.701,0.946,0.946,0.77,0.768,0.719,0.721,15.048,4892.0,15424.0,17.698,94.0,56.5
2026-07-08 04:53:44,56.0,64.000              ,831.766,200.0,1200.0,0.0,56.0,56.000              ,56.0,56.0,56.0,56.0,56.0,56.0,56.0,51.229,32.345,59.305,69.517,62.498,46.337,68.799,29.275,52.413,1733.333,1733.333,2080.0,2080.0,1733.333,1733.333,1733.333,1733.333,2080.0,0.674,0.672,0.923,0.921,0.788,0.788,0.742,0.742,15.049,4925.0,15439.0,24.473,95.0,40.86
2026-07-08 04:53:45,56.0,66.000              ,831.766,200.0,1200.0,0.0,56.0,56.000              ,56.0,56.0,56.0,56.0,56.0,56.0,56.0,64.848,45.415,62.869,58.656,59.348,54.322,54.015,51.579,56.382,1650.0,1666.667,2000.0,2000.0,1683.333,1683.333,1683.333,1683.333,2000.0,0.768,0.77,0.863,0.868,0.814,0.814,0.757,0.755,15.083,4951.0,15452.0,25.736,96.0,38.86
2026-07-08 04:53:46,56.0,64.000              ,831.766,200.0,1200.0,0.0,56.0,56.000              ,56.0,56.0,56.0,56.0,56.0,56.0,56.0,54.599,32.122,59.205,56.963,56.063,36.323,69.642,33.548,49.808,1650.0,1633.333,1633.333,1633.333,1633.333,1633.333,1980.0,1980.0,1980.0,0.704,0.702,0.867,0.863,0.793,0.797,0.896,0.896,14.87,5028.0,15528.0,18.414,97.0,54.31
2026-07-08 04:53:47,56.0,61.000              ,831.766,200.0,1200.0,0.0,56.125,56.125              ,56.125,56.125,56.125,56.125,56.125,56.125,56.125,62.949,27.623,65.689,57.46,70.988,31.141,65.396,27.151,51.05,1716.667,1716.667,2060.0,2060.0,1716.667,1716.667,1716.667,1716.667,2060.0,0.697,0.699,0.92,0.919,0.821,0.818,0.771,0.771,14.997,5115.0,15617.0,17.945,98.0,55.73
2026-07-08 04:53:48,56.0,58.000              ,831.766,200.0,1200.0,0.0,56.25,56.250              ,56.25,56.25,56.25,56.25,56.25,56.25,56.25,52.131,35.486,68.82,52.814,69.527,29.019,81.419,29.099,52.289,1683.333,1683.333,2020.0,2020.0,1683.333,1683.333,2020.0,2020.0,2020.0,0.679,0.677,0.853,0.853,0.761,0.762,0.874,0.874,15.156,5186.0,15663.0,18.435,99.0,54.24
2026-07-08 04:53:49,56.0,58.000              ,831.766,200.0,1200.0,0.0,56.25,56.250              ,56.25,56.25,56.25,56.25,56.25,56.25,56.25,50.17,36.854,73.63,53.849,63.607,39.316,62.563,41.767,52.719,1733.333,1716.667,2060.0,2060.0,2060.0,2060.0,2060.0,2060.0,2060.0,0.683,0.683,0.944,0.944,0.762,0.81,0.89,0.89,15.0,5175.0,15701.0,17.836,100.0,56.07
2026-07-08 04:53:50,56.0,59.000              ,831.766,200.0,1200.0,0.0,56.25,56.250              ,56.25,56.25,56.25,56.25,56.25,56.25,56.25,58.183,59.707,66.503,61.281,69.246,56.289,70.504,54.737,62.056,1600.0,1600.0,1940.0,1940.0,1960.0,1960.0,1960.0,1960.0,1960.0,0.764,0.764,0.852,0.855,0.816,0.757,0.971,0.973,15.205,4901.0,15709.0,17.562,101.0,56.94
2026-07-08 04:53:51,56.0,61.000              ,831.766,200.0,1200.0,0.0,56.25,56.250              ,56.25,56.25,56.25,56.25,56.25,56.25,56.25,48.598,32.135,58.433,57.378,58.547,36.195,63.355,56.886,51.441,1650.0,1650.0,1980.0,1980.0,1650.0,1650.0,1650.0,1650.0,1980.0,0.679,0.681,0.869,0.867,0.787,0.787,0.928,0.927,14.736,4927.0,15736.0,17.79,102.0,56.21
2026-07-08 04:53:52,56.0,63.000              ,831.766,200.0,1200.0,0.0,56.25,56.250              ,56.25,56.25,56.25,56.25,56.25,56.25,56.25,38.041,24.479,60.655,47.962,44.085,54.951,48.578,70.293,48.631,1766.667,1766.667,1766.667,1766.667,1766.667,1766.667,2120.0,2120.0,2120.0,0.6,0.602,0.88,0.88,0.821,0.814,1.078,1.078,15.105,4976.0,15779.0,17.782,103.0,56.24
2026-07-08 04:53:53,56.0,62.000              ,831.766,200.0,1200.0,0.0,56.25,56.250              ,56.25,56.25,56.25,56.25,56.25,56.25,56.25,44.812,31.793,59.958,59.049,51.761,36.652,55.595,65.505,50.641,1733.333,1733.333,2080.0,2080.0,2080.0,2080.0,1733.333,1733.333,2080.0,0.677,0.673,0.916,0.914,0.721,0.735,1.037,1.037,15.155,5020.0,15823.0,17.634,104.0,56.71
2026-07-08 04:53:54,56.0,62.000              ,831.766,200.0,1200.0,0.0,56.5,56.500              ,56.5,56.5,56.5,56.5,56.5,56.5,56.5,52.748,51.158,60.489,58.566,64.919,45.669,56.154,73.534,57.905,1800.0,1800.0,1800.0,1800.0,1800.0,1800.0,2160.0,2160.0,2160.0,0.765,0.765,0.82,0.821,0.809,0.798,0.979,0.979,15.165,5073.0,15862.0,18.103,105.0,55.24
2026-07-08 04:53:55,56.0,62.000              ,831.766,200.0,1200.0,0.0,56.625,56.625              ,56.625,56.625,56.625,56.625,56.625,56.625,56.625,57.871,47.251,66.13,62.255,55.077,60.231,60.791,53.514,57.89,1600.0,1600.0,1920.0,1920.0,1920.0,1920.0,1600.0,1600.0,1920.0,0.756,0.756,0.92,0.92,0.845,0.837,0.82,0.831,14.95,5151.0,15927.0,17.796,106.0,56.19
2026-07-08 04:53:56,56.0,64.000              ,831.766,200.0,1200.0,0.0,56.75,56.750              ,56.75,56.75,56.75,56.75,56.75,56.75,56.75,84.546,56.257,64.169,60.627,64.315,60.213,54.992,80.198,65.665,1780.0,1780.0,1483.333,1483.333,1780.0,1780.0,1780.0,1780.0,1780.0,0.903,0.903,0.757,0.747,0.786,0.794,0.919,0.916,15.176,5213.0,15975.0,17.36,107.0,57.6
2026-07-08 04:53:57,57.0,65.000              ,831.766,200.0,1200.0,0.0,57.0,57.000              ,57.0,57.0,57.0,57.0,57.0,57.0,57.0,84.151,70.749,64.52,71.233,76.926,71.128,63.623,75.089,72.177,1820.0,1820.0,1516.667,1516.667,1820.0,1820.0,1820.0,1820.0,1820.0,0.925,0.926,0.727,0.735,0.828,0.844,0.788,0.785,14.994,5268.0,16037.0,20.229,108.0,49.43
2026-07-08 04:53:58,57.0,62.000              ,831.766,200.0,1200.0,0.0,57.0,57.000              ,57.0,57.0,57.0,57.0,57.0,57.0,57.0,61.838,49.875,62.983,51.567,57.261,49.819,45.086,92.066,58.812,1666.667,1666.667,1666.667,1666.667,1428.571,1428.571,1666.667,1666.667,1666.667,0.721,0.72,0.707,0.709,0.727,0.692,1.057,1.057,14.731,5304.0,16051.0,35.833,109.0,27.91
2026-07-08 04:53:59,57.0,57.000              ,831.766,200.0,1200.0,0.0,57.0,57.000              ,57.0,57.0,57.0,57.0,57.0,57.0,57.0,44.002,33.424,56.743,54.805,60.747,29.787,66.097,44.219,48.728,1733.333,1733.333,2080.0,2080.0,1733.333,1733.333,1733.333,1733.333,2080.0,0.705,0.706,1.022,1.019,0.763,0.758,0.942,0.942,15.048,5324.0,16096.0,19.054,110.0,52.48
2026-07-08 04:54:00,57.0,56.000              ,831.766,200.0,1200.0,0.0,57.0,57.000              ,57.0,57.0,57.0,57.0,57.0,57.0,57.0,53.323,45.47,64.946,55.867,64.217,43.825,60.718,43.39,53.969,1600.0,1600.0,1900.0,1900.0,1583.333,1583.333,1583.333,1583.333,1900.0,0.726,0.724,0.906,0.906,0.844,0.854,0.824,0.824,15.092,5405.0,16163.0,21.994,111.0,45.47
2026-07-08 04:54:01,57.0,57.000              ,831.766,200.0,1200.0,0.0,57.0,57.000              ,57.0,57.0,57.0,57.0,57.0,57.0,57.0,65.142,60.042,66.611,61.306,72.231,45.242,63.685,64.638,62.362,1666.667,1666.667,2000.0,2000.0,1666.667,1666.667,1666.667,1666.667,2000.0,0.782,0.784,0.774,0.774,0.802,0.802,0.934,0.936,15.09,5432.0,16211.0,18.209,112.0,54.92
2026-07-08 04:54:02,57.0,57.000              ,831.766,200.0,1200.0,0.0,57.0,57.000              ,57.0,57.0,57.0,57.0,57.0,57.0,57.0,55.978,40.936,55.037,58.595,70.219,53.117,54.804,65.039,56.716,1616.667,1616.667,1616.667,1616.667,1616.667,1940.0,1616.667,1616.667,1940.0,0.725,0.723,0.797,0.798,0.863,0.862,0.91,0.914,15.015,5480.0,16272.0,17.583,113.0,56.87
2026-07-08 04:54:03,57.0,58.000              ,831.766,200.0,1200.0,0.0,57.0,57.000              ,57.0,57.0,57.0,57.0,57.0,57.0,57.0,50.642,40.253,52.798,65.729,54.722,57.487,72.132,56.977,56.343,1616.667,1616.667,1940.0,1940.0,1940.0,1940.0,1940.0,1940.0,1940.0,0.689,0.689,0.833,0.834,0.735,0.727,0.872,0.867,14.94,5536.0,16306.0,20.856,114.0,47.95
2026-07-08 04:54:04,57.0,61.000              ,831.766,200.0,1200.0,0.0,57.0,57.000              ,57.0,57.0,57.0,57.0,57.0,57.0,57.0,64.968,41.599,67.07,63.528,81.244,57.873,72.928,65.269,64.31,1633.333,1633.333,1960.0,1940.0,1880.0,1880.0,1920.0,1920.0,1960.0,0.687,0.687,0.777,0.775,0.851,0.859,0.929,0.922,15.083,5568.0,16336.0,19.997,115.0,50.01
2026-07-08 04:54:05,57.0,63.000              ,831.766,200.0,1200.0,0.0,57.0,57.000              ,57.0,57.0,57.0,57.0,57.0,57.0,57.0,44.142,24.054,57.048,51.478,46.802,42.349,46.448,32.031,43.044,1683.333,1683.333,1683.333,1683.333,1683.333,1683.333,2020.0,2020.0,2020.0,0.643,0.643,0.93,0.929,0.738,0.738,0.736,0.745,14.926,5593.0,16373.0,17.536,116.0,57.03
2026-07-08 04:54:06,57.0,63.000              ,831.766,200.0,1200.0,0.0,57.125,57.125              ,57.125,57.125,57.125,57.125,57.125,57.125,57.125,62.718,59.379,66.643,66.823,70.346,51.055,64.608,59.181,62.594,1750.0,1750.0,1750.0,1750.0,2080.0,2080.0,1733.333,1700.0,2080.0,0.829,0.83,0.874,0.874,0.818,0.818,0.802,0.797,15.372,5418.0,16337.0,20.825,117.0,48.02
2026-07-08 04:54:07,57.0,65.000              ,831.766,200.0,1200.0,0.0,57.25,57.250              ,57.25,57.25,57.25,57.25,57.25,57.25,57.25,71.206,64.395,70.694,66.982,65.62,51.872,65.534,40.018,62.04,1880.0,1880.0,1880.0,1880.0,1880.0,1880.0,1566.667,1566.667,1880.0,0.822,0.821,0.829,0.83,0.728,0.728,0.66,0.659,14.884,5303.0,16335.0,18.015,118.0,55.51
2026-07-08 04:54:08,57.0,66.000              ,831.766,200.0,1200.0,0.0,57.25,57.250              ,57.25,57.25,57.25,57.25,57.25,57.25,57.25,53.291,52.914,56.195,38.429,59.33,21.283,43.373,18.158,42.872,1616.667,1616.667,1940.0,1940.0,1616.667,1616.667,1616.667,1616.667,1940.0,0.876,0.876,0.8,0.798,0.701,0.702,0.579,0.579,14.361,5126.0,16340.0,138.008,119.0,7.25
2026-07-08 04:54:09,57.0,56.000              ,831.648,200.0,1200.0,0.0,57.375,57.375              ,57.375,57.375,57.375,57.375,57.375,57.375,57.375,35.244,25.365,31.443,40.354,41.508,6.691,28.523,6.875,27.001,2200.0,2200.0,2750.0,2750.0,2200.0,2200.0,2200.0,2200.0,2750.0,1.017,1.017,1.345,1.349,0.816,0.815,0.679,0.681,14.95,5056.0,16169.0,22.025,120.0,45.4
2026-07-08 04:54:10,58.0,23.000              ,831.648,200.0,1200.0,0.0,58.375,58.375              ,58.375,58.375,58.375,58.375,58.375,58.375,58.375,15.012,7.017,7.507,82.284,23.985,4.535,14.724,11.373,20.805,2083.333,2083.333,3125.0,3125.0,2083.333,2083.333,2083.333,2083.333,3125.0,0.676,0.676,2.802,2.798,0.78,0.768,0.729,0.727,14.819,5112.0,16238.0,0.0,121.0,
2026-07-08 04:54:11,58.0,0.000               ,834.215,200.0,1200.0,0.0,58.5,58.500              ,58.5,58.5,58.5,58.5,58.5,58.5,58.5,18.785,10.663,9.612,78.926,35.218,4.37,18.764,3.778,22.514,2420.0,2420.0,3025.0,3025.0,2016.667,2016.667,2016.667,2016.667,3025.0,0.797,0.798,2.833,2.827,1.154,1.173,0.665,0.665,15.597,5121.0,16193.0,2575.571,122.0,0.39
2026-07-08 04:54:12,58.0,5.000               ,832.652,200.0,1200.0,0.0,58.75,58.750              ,58.75,58.75,58.75,58.75,58.75,58.75,58.75,33.742,10.969,29.123,59.678,28.684,10.165,16.814,6.82,24.499,2240.0,2240.0,2800.0,2800.0,1866.667,1866.667,1866.667,1866.667,2800.0,1.158,1.163,2.62,2.629,0.882,0.881,0.539,0.539,14.627,5122.0,16194.0,0.0,123.0,
2026-07-08 04:54:13,59.0,5.000               ,832.652,200.0,1200.0,0.0,59.125,59.125              ,59.125,59.125,59.125,59.125,59.125,59.125,59.125,9.785,4.239,6.409,86.579,29.409,2.916,14.206,3.543,19.636,2150.0,2150.0,2580.0,2580.0,3225.0,3225.0,2150.0,2150.0,3225.0,0.524,0.524,3.407,3.423,0.976,0.976,0.555,0.555,15.189,5151.0,16230.0,0.0,124.0,
2026-07-08 04:54:14,59.0,0.000               ,832.652,200.0,1200.0,0.0,59.5,59.500              ,59.5,59.5,59.5,59.5,59.5,59.5,59.5,21.014,6.442,5.971,98.418,18.543,2.927,20.031,3.18,22.066,2016.667,2016.667,3025.0,3025.0,2016.667,2016.667,1728.571,1728.571,3025.0,0.676,0.676,3.206,3.191,0.566,0.566,0.625,0.625,15.079,5185.0,16293.0,0.0,125.0,
2026-07-08 04:54:15,58.0,0.000               ,827.344,200.0,1200.0,0.0,58.875,58.875              ,58.875,58.875,58.875,58.875,58.875,58.875,58.875,9.887,3.784,4.821,81.955,25.486,1.357,15.596,5.988,18.609,1785.714,1785.714,3125.0,3125.0,1785.714,1785.714,1785.714,1785.714,3125.0,0.597,0.597,2.628,2.608,0.848,0.848,0.72,0.72,15.03,5261.0,16309.0,3437.878,126.0,0.29
2026-07-08 04:54:16,58.0,0.000               ,827.344,200.0,1200.0,0.0,58.5,58.500              ,58.5,58.5,58.5,58.5,58.5,58.5,58.5,21.138,10.928,9.924,73.763,33.889,6.416,20.065,6.087,22.776,2380.0,2380.0,2975.0,2975.0,2380.0,2380.0,1983.333,1983.333,2975.0,0.84,0.84,2.196,2.178,0.869,0.916,0.692,0.692,15.018,5268.0,16355.0,0.0,127.0,
2026-07-08 04:54:17,58.0,0.000               ,827.344,200.0,1200.0,0.0,58.625,58.625              ,58.625,58.625,58.625,58.625,58.625,58.625,58.625,19.086,8.937,8.74,75.356,29.98,7.216,20.04,4.77,21.766,2066.667,2066.667,3100.0,3100.0,2480.0,2480.0,2066.667,2066.667,3100.0,0.779,0.779,2.271,2.289,0.93,0.884,0.705,0.705,15.125,5314.0,16394.0,0.0,128.0,
2026-07-08 04:54:18,58.0,0.000               ,827.344,200.0,1200.0,0.0,58.75,58.750              ,58.75,58.75,58.75,58.75,58.75,58.75,58.75,11.528,9.978,8.129,75.51,34.201,3.184,16.449,4.649,20.454,2166.667,2166.667,3250.0,3225.0,2150.0,2150.0,2150.0,2150.0,3250.0,0.696,0.699,2.407,2.411,1.06,1.06,0.662,0.662,15.327,5345.0,16444.0,0.0,129.0,
2026-07-08 04:54:19,58.0,0.000               ,827.344,200.0,1200.0,0.0,58.0,58.000              ,58.0,58.0,58.0,58.0,58.0,58.0,58.0,44.938,29.867,30.787,75.563,56.729,17.45,44.576,18.112,39.753,2160.0,2160.0,2700.0,2750.0,2200.0,2200.0,2200.0,2200.0,2750.0,1.035,1.034,1.665,1.666,0.978,0.978,0.968,0.968,15.058,5290.0,16481.0,0.0,130.0,
2026-07-08 04:54:20,58.0,0.000               ,827.344,200.0,1200.0,0.0,58.125,58.125              ,58.125,58.125,58.125,58.125,58.125,58.125,58.125,36.916,23.781,20.45,83.994,36.605,16.233,29.753,15.023,32.844,2160.0,2160.0,2700.0,2675.0,2140.0,2140.0,2140.0,2140.0,2700.0,0.884,0.919,1.896,1.891,0.779,0.779,0.75,0.75,14.739,5179.0,16530.0,0.0,131.0,
2026-07-08 04:54:21,58.0,0.000               ,827.344,200.0,1200.0,0.0,58.375,58.375              ,58.375,58.375,58.375,58.375,58.375,58.375,58.375,15.116,14.105,13.332,64.627,28.863,2.631,29.91,3.921,21.563,2083.333,2083.333,3125.0,3125.0,2083.333,2083.333,2083.333,2083.333,3125.0,0.733,0.682,2.069,2.069,0.901,0.901,0.786,0.786,14.959,5219.0,16573.0,0.0,132.0,
2026-07-08 04:54:22,58.0,0.000               ,827.344,200.0,1200.0,0.0,58.375,58.375              ,58.375,58.375,58.375,58.375,58.375,58.375,58.375,13.39,8.183,21.259,19.654,69.228,3.332,32.469,3.404,21.365,2183.333,2150.0,2150.0,2150.0,3225.0,3225.0,2150.0,2150.0,3225.0,0.75,0.75,1.028,1.034,2.042,2.042,0.927,0.927,15.106,5314.0,16642.0,0.0,133.0,
2026-07-08 04:54:23,58.0,0.000               ,827.344,200.0,1200.0,0.0,58.5,58.500              ,58.5,58.5,58.5,58.5,58.5,58.5,58.5,26.044,8.247,10.573,65.825,32.011,7.312,21.714,4.235,21.995,2500.0,2500.0,3125.0,3125.0,2500.0,2500.0,2500.0,2500.0,3125.0,0.934,0.919,1.92,1.919,0.999,1.094,0.701,0.701,15.242,5369.0,16693.0,0.0,134.0,
2026-07-08 04:54:24,58.0,0.000               ,827.344,200.0,1200.0,0.0,58.625,58.625              ,58.625,58.625,58.625,58.625,58.625,58.625,58.625,20.733,9.311,7.322,80.67,27.321,11.953,20.578,4.162,22.756,2050.0,2050.0,3075.0,3050.0,2033.333,2033.333,2033.333,2033.333,3075.0,0.753,0.765,2.228,2.226,0.896,0.776,0.865,0.865,15.02,5418.0,16755.0,0.0,135.0,
2026-07-08 04:54:25,58.0,0.000               ,827.344,200.0,1200.0,0.0,58.75,58.750              ,58.75,58.75,58.75,58.75,58.75,58.75,58.75,18.867,6.226,9.117,83.551,21.54,5.157,33.342,5.135,22.867,1771.429,1771.429,3100.0,3125.0,1785.714,1785.714,2083.333,2083.333,3125.0,0.695,0.695,2.437,2.435,0.708,0.724,0.972,0.972,15.134,5447.0,16807.0,0.0,136.0,
2026-07-08 04:54:26,58.0,0.000               ,827.344,200.0,1200.0,0.0,58.25,58.250              ,58.25,58.25,58.25,58.25,58.25,58.25,58.25,34.706,43.888,35.024,73.185,53.473,31.004,64.551,30.327,45.77,2200.0,2200.0,2200.0,2725.0,2180.0,2180.0,2180.0,2180.0,2725.0,1.007,1.007,1.478,1.482,1.055,1.044,1.126,1.135,15.421,5339.0,16845.0,0.0,137.0,
2026-07-08 04:54:27,58.0,0.000               ,827.344,200.0,1200.0,0.0,58.0,58.000              ,58.0,58.0,58.0,58.0,58.0,58.0,58.0,35.801,34.778,24.572,78.678,44.537,23.268,31.555,18.33,36.44,2100.0,2080.0,2600.0,2600.0,2080.0,2080.0,2080.0,2080.0,2600.0,0.934,0.934,1.636,1.641,0.964,0.965,0.647,0.639,14.487,5236.0,16896.0,0.0,138.0,
2026-07-08 04:54:28,58.0,0.000               ,827.344,200.0,1200.0,0.0,58.375,58.375              ,58.375,58.375,58.375,58.375,58.375,58.375,58.375,13.68,10.728,8.884,79.869,34.099,6.082,15.955,7.873,22.146,2083.333,2083.333,3125.0,3125.0,2500.0,2500.0,2083.333,2083.333,3125.0,0.655,0.655,2.222,2.273,0.848,0.848,0.659,0.659,14.955,5246.0,16953.0,0.0,139.0,
2026-07-08 04:54:29,58.0,0.000               ,827.344,200.0,1200.0,0.0,58.625,58.625              ,58.625,58.625,58.625,58.625,58.625,58.625,58.625,20.998,9.169,8.204,82.658,30.925,5.654,21.825,11.095,23.816,2133.333,2133.333,3200.0,3200.0,2133.333,2133.333,1828.571,1828.571,3200.0,0.773,0.773,2.247,2.25,0.849,0.849,0.868,0.868,15.051,5305.0,17017.0,0.0,140.0,
2026-07-08 04:54:30,58.0,0.000               ,827.344,200.0,1200.0,0.0,58.875,58.875              ,58.875,58.875,58.875,58.875,58.875,58.875,58.875,13.632,6.566,5.171,83.673,23.908,2.823,25.24,3.406,20.552,2150.0,2150.0,3225.0,3225.0,2016.667,2016.667,2420.0,2420.0,3225.0,0.697,0.697,2.469,2.46,0.855,0.858,0.684,0.684,15.311,5397.0,17082.0,0.0,141.0,
2026-07-08 04:54:31,58.0,0.000               ,827.344,200.0,1200.0,0.0,58.75,58.750              ,58.75,58.75,58.75,58.75,58.75,58.75,58.75,19.73,13.439,11.727,69.87,41.166,3.561,26.01,4.004,23.688,2050.0,2050.0,3075.0,3075.0,2050.0,2050.0,1757.143,1757.143,3075.0,0.857,0.857,1.908,1.904,1.238,1.235,0.8,0.8,14.965,5426.0,17126.0,16429.805,142.0,0.06
2026-07-08 04:54:32,58.0,1.000               ,827.344,200.0,1200.0,0.0,58.5,58.500              ,58.5,58.5,58.5,58.5,58.5,58.5,58.5,34.588,29.064,25.904,68.57,68.694,14.513,37.789,14.943,36.758,2016.667,2016.667,3025.0,3025.0,2420.0,2420.0,2016.667,2016.667,3025.0,0.913,0.898,1.609,1.613,1.104,1.108,0.893,0.896,15.354,5345.0,17157.0,0.0,143.0,
2026-07-08 04:54:33,58.0,1.000               ,827.344,200.0,1200.0,0.0,58.125,58.125              ,58.125,58.125,58.125,58.125,58.125,58.125,58.125,30.813,41.123,34.036,63.525,51.672,18.28,40.026,18.02,37.187,2120.0,2120.0,2650.0,2650.0,2120.0,2120.0,2120.0,2120.0,2650.0,0.96,0.975,1.581,1.576,0.996,0.993,0.797,0.795,14.665,5266.0,17190.0,0.0,144.0,
2026-07-08 04:54:34,58.0,0.000               ,827.344,200.0,1200.0,0.0,58.5,58.500              ,58.5,58.5,58.5,58.5,58.5,58.5,58.5,25.217,17.764,20.226,65.753,43.332,6.032,21.966,7.105,25.924,2420.0,2420.0,3025.0,3025.0,2420.0,2420.0,2420.0,2420.0,3025.0,0.995,0.995,2.075,2.055,1.02,1.02,0.721,0.722,15.262,5301.0,17235.0,0.0,145.0,
2026-07-08 04:54:35,58.0,0.000               ,827.344,200.0,1200.0,0.0,58.25,58.250              ,58.25,58.25,58.25,58.25,58.25,58.25,58.25,48.921,32.173,16.281,83.408,39.946,10.413,27.947,11.904,33.874,2120.0,2120.0,2650.0,2650.0,2120.0,2100.0,2100.0,2100.0,2650.0,1.25,1.25,1.717,1.753,1.011,1.011,0.679,0.678,15.017,5357.0,17287.0,0.0,146.0,
2026-07-08 04:54:36,58.0,0.000               ,827.344,200.0,1200.0,0.0,58.25,58.250              ,58.25,58.25,58.25,58.25,58.25,58.25,58.25,39.983,29.239,24.664,69.544,56.983,15.671,34.143,20.884,36.389,1983.333,1983.333,2975.0,2975.0,2380.0,2380.0,1983.333,1983.333,2975.0,1.084,1.084,1.628,1.615,1.066,1.066,0.975,0.977,15.218,5306.0,17328.0,0.0,147.0,
2026-07-08 04:54:37,58.0,0.000               ,827.344,200.0,1200.0,0.0,58.625,58.625              ,58.625,58.625,58.625,58.625,58.625,58.625,58.625,20.407,17.049,9.528,89.533,31.885,6.615,23.9,8.458,25.922,2120.0,2120.0,2650.0,2650.0,2120.0,2120.0,2120.0,2120.0,2650.0,0.741,0.741,2.216,2.193,0.795,0.795,0.655,0.654,14.881,5357.0,17378.0,0.0,148.0,
2026-07-08 04:54:38,58.0,0.000               ,827.344,200.0,1200.0,0.0,58.75,58.750              ,58.75,58.75,58.75,58.75,58.75,58.75,58.75,12.659,6.084,11.289,78.277,32.472,8.561,21.992,6.321,22.207,1800.0,1800.0,3150.0,3125.0,2083.333,2083.333,1785.714,1785.714,3150.0,0.61,0.61,2.269,2.295,0.889,1.023,0.741,0.741,15.136,5404.0,17425.0,0.0,149.0,
2026-07-08 04:54:39,58.0,0.000               ,827.344,200.0,1200.0,0.0,58.5,58.500              ,58.5,58.5,58.5,58.5,58.5,58.5,58.5,27.24,12.157,8.228,76.137,29.386,16.207,22.274,6.247,24.735,2340.0,2340.0,2925.0,2925.0,2340.0,2340.0,1950.0,1950.0,2925.0,0.935,0.935,2.01,2.0,1.036,0.908,1.005,1.005,14.902,5473.0,17501.0,7991.39,150.0,0.13
2026-07-08 04:54:40,58.0,1.000               ,827.344,200.0,1200.0,0.0,58.5,58.500              ,58.5,58.5,58.5,58.5,58.5,58.5,58.5,43.695,25.523,23.138,74.738,47.528,16.729,59.605,19.527,38.81,1916.667,1916.667,2875.0,2875.0,1916.667,1916.667,2300.0,2300.0,2875.0,0.957,0.957,1.543,1.545,0.917,0.917,1.015,1.02,15.257,5461.0,17557.0,0.0,151.0,
2026-07-08 04:54:41,58.0,1.000               ,827.344,200.0,1200.0,0.0,58.375,58.375              ,58.375,58.375,58.375,58.375,58.375,58.375,58.375,31.822,10.973,19.308,45.896,57.889,9.108,45.061,17.203,29.657,2120.0,2120.0,2650.0,2650.0,2120.0,2120.0,2725.0,2725.0,2725.0,0.873,0.859,1.173,1.17,1.207,1.444,1.032,1.033,14.985,5495.0,17633.0,0.0,152.0,
2026-07-08 04:54:42,58.0,0.000               ,827.344,200.0,1200.0,0.0,58.875,58.875              ,58.875,58.875,58.875,58.875,58.875,58.875,58.875,40.673,28.466,24.4,73.867,27.759,63.201,46.485,18.465,40.414,2160.0,2160.0,2700.0,2575.0,2060.0,2060.0,2060.0,2060.0,2700.0,0.948,0.966,1.587,1.587,1.43,0.997,0.985,0.98,15.457,5398.0,17642.0,0.0,153.0,
2026-07-08 04:54:43,59.0,0.000               ,827.344,200.0,1200.0,0.0,59.5,59.500              ,59.5,59.5,59.5,59.5,59.5,59.5,59.5,36.147,26.46,18.63,97.455,39.408,15.624,32.237,17.202,35.395,2100.0,2100.0,2625.0,2625.0,2100.0,2100.0,1750.0,1750.0,2625.0,0.838,0.838,2.124,2.138,0.742,0.742,0.624,0.625,14.507,5322.0,17642.0,0.0,154.0,
2026-07-08 04:54:44,60.0,0.000               ,827.344,200.0,1200.0,0.0,60.875,60.875              ,60.875,60.875,60.875,60.875,60.875,60.875,60.875,13.962,6.314,4.597,97.109,22.545,2.733,14.49,3.697,20.681,1742.857,1742.857,3050.0,3050.0,2033.333,2033.333,1742.857,1742.857,3050.0,0.607,0.605,2.726,2.767,0.628,0.628,0.595,0.595,15.102,5338.0,17640.0,0.0,155.0,
2026-07-08 04:54:45,60.0,0.000               ,827.344,200.0,1200.0,0.0,60.75,60.750              ,60.75,60.75,60.75,60.75,60.75,60.75,60.75,28.382,19.229,11.077,94.169,25.144,4.682,18.557,6.034,25.909,1771.429,1771.429,3100.0,3100.0,1771.429,1771.429,2066.667,2066.667,3100.0,0.985,0.985,2.644,2.608,0.677,0.677,0.538,0.538,15.234,5370.0,17640.0,0.0,156.0,
2026-07-08 04:54:46,61.0,0.000               ,827.344,200.0,1200.0,0.0,61.25,61.250              ,61.25,61.25,61.25,61.25,61.25,61.25,61.25,10.74,4.151,4.869,96.785,25.531,3.226,13.029,4.507,20.355,1742.857,1742.857,3050.0,3050.0,2033.333,2033.333,1742.857,1742.857,3050.0,0.516,0.516,2.787,2.78,0.658,0.658,0.528,0.528,14.815,5374.0,17636.0,0.0,157.0,
2026-07-08 04:54:47,61.0,0.000               ,887.086,200.0,1200.0,0.0,61.0,61.000              ,61.0,61.0,61.0,61.0,61.0,61.0,61.0,18.856,9.767,7.596,87.787,32.174,4.704,22.944,5.448,23.659,2116.667,2116.667,2540.0,2540.0,3175.0,3175.0,1814.286,1814.286,3175.0,0.682,0.682,2.568,2.551,0.853,0.853,0.697,0.697,15.11,5419.0,17734.0,0.0,158.0,
2026-07-08 04:54:48,61.0,0.000               ,887.086,200.0,1200.0,0.0,61.75,61.750              ,61.75,61.75,61.75,61.75,61.75,61.75,61.75,10.289,7.26,3.463,96.863,19.366,1.65,20.288,3.49,20.334,2050.0,2050.0,3075.0,3075.0,2050.0,2050.0,2050.0,2050.0,3075.0,0.557,0.557,2.883,2.937,0.556,0.558,0.663,0.663,15.097,5420.0,17733.0,0.0,159.0,
2026-07-08 04:54:49,61.0,0.000               ,887.086,200.0,1200.0,0.0,61.75,61.750              ,61.75,61.75,61.75,61.75,61.75,61.75,61.75,21.261,5.307,8.296,87.329,18.932,3.795,17.5,4.813,20.904,3175.0,3175.0,2540.0,2540.0,2116.667,2116.667,2116.667,2116.667,3175.0,0.766,0.766,2.723,2.677,0.647,0.648,0.549,0.549,15.023,5418.0,17733.0,0.0,160.0,
2026-07-08 04:54:50,61.0,0.000               ,887.086,200.0,1200.0,0.0,61.75,61.750              ,61.75,61.75,61.75,61.75,61.75,61.75,61.75,13.81,8.292,85.04,18.079,26.433,3.62,15.414,5.353,22.005,1771.429,1771.429,3100.0,3100.0,2066.667,2066.667,1771.429,1771.429,3100.0,0.615,0.615,2.847,2.872,0.68,0.677,0.587,0.587,14.858,5426.0,17733.0,0.0,161.0,
2026-07-08 04:54:51,61.0,0.000               ,887.086,200.0,1200.0,0.0,61.75,61.750              ,61.75,61.75,61.75,61.75,61.75,61.75,61.75,8.805,7.658,86.839,14.611,18.524,1.11,18.109,6.657,20.289,2100.0,2100.0,3150.0,3150.0,1800.0,1800.0,2100.0,2100.0,3150.0,0.574,0.574,2.969,2.965,0.569,0.569,0.689,0.689,15.248,5435.0,17733.0,0.0,162.0,
2026-07-08 04:54:52,61.0,0.000               ,890.602,200.0,1200.0,0.0,61.625,61.625              ,61.625,61.625,61.625,61.625,61.625,61.625,61.625,15.609,23.751,23.036,5.45,17.295,3.619,80.372,9.251,22.298,3250.0,3250.0,2600.0,2600.0,2166.667,2166.667,2166.667,2166.667,3250.0,1.031,1.031,0.641,0.642,0.522,0.522,2.457,2.457,15.041,5446.0,17744.0,0.0,163.0,
2026-07-08 04:54:53,62.0,0.000               ,890.602,200.0,1200.0,0.0,62.0,62.000              ,62.0,62.0,62.0,62.0,62.0,62.0,62.0,17.906,8.826,24.395,12.96,60.065,31.683,17.425,4.824,22.261,2460.0,2460.0,3075.0,3075.0,2050.0,2050.0,2460.0,2460.0,3075.0,0.683,0.683,0.867,0.868,2.643,2.647,0.555,0.555,15.071,5445.0,17745.0,0.0,164.0,
2026-07-08 04:54:54,61.0,0.000               ,890.602,200.0,1200.0,0.0,61.75,61.750              ,61.75,61.75,61.75,61.75,61.75,61.75,61.75,15.715,9.213,24.292,8.507,51.952,3.367,14.522,51.338,22.363,2420.0,2420.0,2420.0,2420.0,2420.0,2420.0,3025.0,3025.0,3025.0,0.699,0.699,0.67,0.668,1.481,1.477,1.842,1.856,14.899,5460.0,17745.0,0.0,165.0,
2026-07-08 04:54:55,61.0,0.000               ,890.602,200.0,1200.0,0.0,61.75,61.750              ,61.75,61.75,61.75,61.75,61.75,61.75,61.75,10.694,3.637,11.532,53.221,44.634,3.966,30.1,11.511,21.162,1814.286,1814.286,3175.0,3175.0,2116.667,2116.667,2540.0,2540.0,3175.0,0.492,0.492,1.769,1.769,1.258,1.258,1.097,1.058,15.184,5467.0,17749.0,0.0,166.0,
2026-07-08 04:54:56,61.0,0.000               ,890.602,200.0,1200.0,0.0,61.5,61.500              ,61.5,61.5,61.5,61.5,61.5,61.5,61.5,17.59,11.091,19.448,51.824,35.789,14.62,28.64,10.329,23.666,2380.0,2380.0,2975.0,2975.0,2380.0,2380.0,2380.0,2380.0,2975.0,0.699,0.699,1.798,1.799,1.309,1.313,0.874,0.878,15.039,5466.0,17746.0,0.0,167.0,
2026-07-08 04:54:57,60.0,0.000               ,900.703,200.0,1200.0,0.0,60.875,60.875              ,60.875,60.875,60.875,60.875,60.875,60.875,60.875,22.678,17.576,36.021,6.876,57.832,14.927,15.599,7.094,22.325,3000.0,3000.0,2400.0,2400.0,2400.0,2400.0,2400.0,2400.0,3000.0,0.972,0.975,1.074,1.074,2.08,2.085,0.605,0.601,14.923,5480.0,17756.0,17185.176,168.0,0.06
2026-07-08 04:54:58,60.0,0.000               ,900.703,200.0,1200.0,0.0,60.625,60.625              ,60.625,60.625,60.625,60.625,60.625,60.625,60.625,26.058,37.18,59.005,6.275,24.022,7.172,14.699,4.871,22.41,2033.333,2033.333,2033.333,2033.333,3050.0,3050.0,1742.857,1742.857,3050.0,1.785,1.833,1.848,1.848,0.791,0.771,0.652,0.652,14.962,5485.0,17756.0,0.0,169.0,
2026-07-08 04:54:59,60.0,0.000               ,900.68,200.0,1200.0,0.0,60.875,60.875              ,60.875,60.875,60.875,60.875,60.875,60.875,60.875,6.78,64.808,31.476,6.456,23.698,2.036,21.128,3.103,19.936,3250.0,3250.0,2166.667,2166.667,1857.143,1857.143,1857.143,1857.143,3250.0,2.391,2.347,1.036,1.04,0.911,0.926,0.781,0.781,15.117,5486.0,17756.0,0.0,170.0,
2026-07-08 04:55:00,60.0,0.000               ,900.68,200.0,1200.0,0.0,60.625,60.625              ,60.625,60.625,60.625,60.625,60.625,60.625,60.625,17.266,12.792,79.61,21.467,22.018,4.537,18.713,4.764,22.646,2500.0,2500.0,3125.0,3125.0,2500.0,2500.0,2500.0,2500.0,3125.0,0.833,0.833,3.122,3.084,0.635,0.635,0.761,0.761,15.038,5491.0,17759.0,0.0,171.0,
2026-07-08 04:55:01,60.0,0.000               ,900.68,200.0,1200.0,0.0,60.375,60.375              ,60.375,60.375,60.375,60.375,60.375,60.375,60.375,25.31,21.415,76.542,6.628,23.401,3.27,22.907,4.492,22.996,2500.0,2500.0,3125.0,3125.0,2083.333,2083.333,2083.333,2083.333,3125.0,1.241,1.241,2.448,2.461,0.698,0.701,0.635,0.638,15.081,5507.0,17757.0,0.0,172.0,
2026-07-08 04:55:02,60.0,0.000               ,900.68,200.0,1200.0,0.0,60.25,60.250              ,60.25,60.25,60.25,60.25,60.25,60.25,60.25,20.337,23.037,65.905,11.136,29.852,2.181,21.546,4.377,22.296,2320.0,2320.0,2320.0,2320.0,2900.0,2900.0,1933.333,1933.333,2900.0,1.106,1.106,2.439,2.401,0.972,0.969,0.923,0.964,15.104,5520.0,17756.0,0.0,173.0,
2026-07-08 04:55:03,60.0,0.000               ,900.68,200.0,1200.0,0.0,60.5,60.500              ,60.5,60.5,60.5,60.5,60.5,60.5,60.5,14.742,6.947,75.742,5.037,32.797,4.52,37.485,13.064,23.792,1612.5,1612.5,1842.857,1842.857,2150.0,2150.0,3225.0,3225.0,3225.0,0.572,0.572,2.443,2.479,0.607,0.607,1.161,1.111,14.921,5513.0,17757.0,0.0,174.0,
2026-07-08 04:55:04,60.0,0.000               ,900.68,200.0,1200.0,0.0,60.875,60.875              ,60.875,60.875,60.875,60.875,60.875,60.875,60.875,11.688,49.649,21.341,4.609,14.122,48.08,22.465,4.028,21.998,3100.0,3100.0,2066.667,2066.667,2066.667,2066.667,2066.667,2066.667,3100.0,1.689,1.689,0.673,0.673,1.954,1.954,0.561,0.561,15.118,5513.0,17754.0,0.0,175.0,
2026-07-08 04:55:06,60.0,0.000               ,900.68,200.0,1200.0,0.0,60.25,60.250              ,60.25,60.25,60.25,60.25,60.25,60.25,60.25,22.239,33.354,60.123,26.066,40.945,6.331,19.733,7.406,27.025,3175.0,3175.0,2116.667,2116.667,2540.0,2540.0,1814.286,1814.286,3175.0,1.248,1.248,2.233,2.224,1.105,1.107,0.803,0.803,15.246,5669.0,17906.0,0.0,177.0,
2026-07-08 04:55:06,58.0,0.000               ,928.152,200.0,1200.0,0.0,58.75,58.750              ,58.75,58.75,58.75,58.75,58.75,58.75,58.75,63.731,46.386,61.875,56.306,83.906,32.768,69.217,43.341,57.191,2350.0,2350.0,1880.0,1880.0,2350.0,2350.0,1880.0,1880.0,2350.0,1.153,1.156,1.169,1.144,1.188,1.169,1.105,1.105,15.357,5527.0,17956.0,9634.528,177.0,0.1
2026-07-08 04:55:08,58.0,1.000               ,994.633,222.0,1200.0,0.0,58.25,58.250              ,58.25,58.25,58.25,58.25,58.25,58.25,58.25,79.939,83.128,81.75,85.666,92.788,64.648,78.825,82.774,81.19,1960.0,1860.0,1840.0,1840.0,1840.0,1840.0,1533.333,1550.0,1960.0,1.006,1.004,1.07,1.072,0.935,0.957,0.968,0.871,15.479,5572.0,18188.0,1084.819,179.0,0.92
2026-07-08 04:55:08,58.0,29.000              ,1053.832,200.0,1200.0,0.0,58.0,58.000              ,58.0,58.0,58.0,58.0,58.0,58.0,58.0,69.956,67.881,74.816,78.669,76.115,59.002,60.615,89.725,72.097,1400.0,1400.0,1400.0,1400.0,1400.0,1400.0,1400.0,1400.0,1400.0,0.711,0.712,0.751,0.753,0.702,0.712,0.771,0.708,15.377,5550.0,18193.0,38.614,179.0,25.9
2026-07-08 04:55:09,58.0,69.000              ,1052.332,200.0,1200.0,0.0,58.0,58.000              ,58.0,58.0,58.0,58.0,58.0,58.0,58.0,94.053,91.981,94.379,94.584,95.644,90.817,91.945,93.746,93.394,1400.0,1400.0,1400.0,1400.0,1400.0,1400.0,1400.0,1400.0,1400.0,0.803,0.803,0.832,0.824,0.82,0.82,0.812,0.811,15.627,5447.0,18189.0,31.484,180.0,31.76
2026-07-08 04:55:10,57.0,87.000              ,1050.828,200.0,1200.0,0.0,57.75,57.750              ,57.75,57.75,57.75,57.75,57.75,57.75,57.75,61.317,39.136,53.158,55.934,64.972,28.897,54.9,33.018,48.917,1400.0,1400.0,1400.0,1400.0,1400.0,1400.0,1400.0,1400.0,1400.0,0.606,0.605,0.618,0.622,0.593,0.594,0.555,0.555,14.529,5471.0,18189.0,53.668,181.0,18.63
2026-07-08 04:55:11,57.0,80.000              ,1051.832,200.0,1200.0,0.0,57.75,57.750              ,57.75,57.75,57.75,57.75,57.75,57.75,57.75,63.381,44.718,48.662,65.844,58.537,28.875,59.999,28.874,49.861,1400.0,1400.0,1400.0,1400.0,1400.0,1400.0,1400.0,1400.0,1400.0,0.624,0.623,0.66,0.66,0.539,0.543,0.552,0.553,14.665,5495.0,18190.0,29.008,182.0,34.47
2026-07-08 04:55:12,57.0,84.000              ,1052.344,200.0,1200.0,0.0,57.75,57.750              ,57.75,57.75,57.75,57.75,57.75,57.75,57.75,61.64,37.336,53.318,69.103,62.146,32.333,55.96,30.428,50.283,1400.0,1400.0,1400.0,1400.0,1400.0,1400.0,1400.0,1400.0,1400.0,0.585,0.585,0.698,0.699,0.572,0.578,0.537,0.535,14.814,5485.0,18192.0,29.409,183.0,34.0
2026-07-08 04:55:13,57.0,98.000              ,1052.344,295.0,1200.0,0.0,57.75,57.750              ,57.75,57.75,57.75,57.75,57.75,57.75,57.75,66.165,50.292,55.468,73.489,65.412,33.972,59.589,33.599,54.748,1400.0,1400.0,1400.0,1400.0,1400.0,1400.0,1400.0,1400.0,1400.0,0.618,0.621,0.698,0.697,0.564,0.553,0.529,0.529,14.651,5469.0,18190.0,27.882,184.0,35.87
2026-07-08 04:55:14,57.0,90.000              ,1052.34,387.0,1200.0,0.0,57.75,57.750              ,57.75,57.75,57.75,57.75,57.75,57.75,57.75,60.204,38.563,51.734,63.081,64.923,26.227,61.282,26.665,49.085,1385.714,1385.714,1616.667,1616.667,1385.714,1385.714,1385.714,1385.714,1616.667,0.596,0.592,0.721,0.718,0.571,0.571,0.57,0.571,14.783,5448.0,18190.0,21.657,185.0,46.17
2026-07-08 04:55:15,57.0,78.000              ,1054.977,364.0,1200.0,0.0,57.75,57.750              ,57.75,57.75,57.75,57.75,57.75,57.75,57.75,52.138,40.227,58.426,59.312,61.632,32.685,57.326,29.307,48.882,1516.667,1516.667,1820.0,1800.0,1500.0,1500.0,1500.0,1500.0,1820.0,0.575,0.577,0.733,0.737,0.626,0.626,0.572,0.572,15.014,5449.0,18199.0,26.782,186.0,37.34
2026-07-08 04:55:16,57.0,73.000              ,1054.977,387.0,1200.0,0.0,57.75,57.750              ,57.75,57.75,57.75,57.75,57.75,57.75,57.75,53.179,38.182,55.258,66.38,61.458,32.95,60.035,39.762,50.9,1485.714,1485.714,1733.333,1733.333,1485.714,1485.714,1485.714,1485.714,1733.333,0.554,0.551,0.738,0.738,0.584,0.585,0.609,0.608,15.033,5428.0,18199.0,26.537,187.0,37.68
2026-07-08 04:55:17,57.0,72.000              ,1054.98,200.0,1200.0,0.0,57.75,57.750              ,57.75,57.75,57.75,57.75,57.75,57.75,57.75,47.381,35.063,53.778,52.527,58.983,23.281,54.325,32.248,44.698,1466.667,1466.667,1760.0,1760.0,1466.667,1466.667,1500.0,1500.0,1760.0,0.553,0.554,0.758,0.758,0.578,0.577,0.627,0.627,14.852,5442.0,18196.0,21.499,188.0,46.51
2026-07-08 04:55:18,57.0,71.000              ,1035.324,413.0,1200.0,0.0,57.75,57.750              ,57.75,57.75,57.75,57.75,57.75,57.75,57.75,45.514,28.011,50.218,40.317,57.044,18.543,49.62,28.388,39.707,1633.333,1633.333,1633.333,1633.333,1960.0,1960.0,1633.333,1633.333,1960.0,0.603,0.603,0.739,0.739,0.64,0.643,0.662,0.662,15.132,5456.0,18179.0,32.807,189.0,30.48
2026-07-08 04:55:19,57.0,71.000              ,1029.395,200.0,1200.0,0.0,57.75,57.750              ,57.75,57.75,57.75,57.75,57.75,57.75,57.75,44.442,32.059,47.141,52.461,59.599,18.357,56.294,25.755,42.013,1550.0,1550.0,1550.0,1860.0,1860.0,1860.0,1860.0,1860.0,1860.0,0.58,0.579,0.783,0.783,0.613,0.61,0.627,0.628,14.87,5457.0,18175.0,35.415,190.0,28.24
2026-07-08 04:55:21,57.0,70.000              ,1029.414,217.0,1200.0,0.0,57.75,57.750              ,57.75,57.75,57.75,57.75,57.75,57.75,57.75,71.502,58.5,69.668,71.148,75.074,52.972,73.528,55.285,65.96,1516.667,1516.667,1820.0,1820.0,1516.667,1516.667,1516.667,1516.667,1820.0,0.667,0.667,0.769,0.769,0.669,0.67,0.669,0.693,15.245,5506.0,18176.0,24.699,192.0,40.49
2026-07-08 04:55:21,57.0,81.000              ,1029.469,290.0,1200.0,0.0,57.75,57.750              ,57.75,57.75,57.75,57.75,57.75,57.75,57.75,61.451,49.022,59.343,68.886,69.819,41.491,53.18,71.173,59.296,1357.143,1357.143,1583.333,1357.143,1357.143,1357.143,1583.333,1583.333,1583.333,0.575,0.576,0.655,0.655,0.582,0.642,0.683,0.64,15.171,5464.0,18173.0,25.745,192.0,38.84
2026-07-08 04:55:22,57.0,88.000              ,1029.457,277.0,1200.0,0.0,57.75,57.750              ,57.75,57.75,57.75,57.75,57.75,57.75,57.75,76.726,66.992,69.092,71.878,62.34,66.864,64.636,47.55,65.76,1500.0,1500.0,1516.667,1516.667,1300.0,1300.0,1300.0,1300.0,1516.667,0.669,0.669,0.708,0.708,0.684,0.624,0.543,0.542,14.814,5447.0,18169.0,31.969,193.0,31.28
2026-07-08 04:55:23,57.0,83.000              ,1029.453,435.0,1200.0,0.0,57.75,57.750              ,57.75,57.75,57.75,57.75,57.75,57.75,57.75,61.277,40.509,53.497,60.32,65.72,26.224,55.859,28.703,49.014,1371.429,1371.429,1600.0,1600.0,1371.429,1371.429,1371.429,1371.429,1600.0,0.607,0.606,0.706,0.708,0.552,0.552,0.532,0.532,14.598,5410.0,18166.0,28.901,194.0,34.6
2026-07-08 04:55:24,57.0,75.000              ,1029.461,406.0,1200.0,0.0,57.75,57.750              ,57.75,57.75,57.75,57.75,57.75,57.75,57.75,37.144,28.568,51.596,37.911,52.154,13.22,42.655,26.958,36.276,1666.667,1666.667,2000.0,2000.0,1666.667,1666.667,1666.667,1666.667,2000.0,0.594,0.594,0.768,0.767,0.606,0.61,0.643,0.643,15.01,5423.0,18169.0,23.274,195.0,42.97
2026-07-08 04:55:25,57.0,69.000              ,1022.445,420.0,1200.0,0.0,57.75,57.750              ,57.75,57.75,57.75,57.75,57.75,57.75,57.75,47.318,31.198,59.178,37.656,49.643,32.651,53.735,33.353,43.091,1633.333,1633.333,1650.0,1650.0,1980.0,1980.0,1650.0,1650.0,1980.0,0.608,0.608,0.733,0.733,0.655,0.651,0.71,0.71,15.289,5420.0,18150.0,19.958,196.0,50.11
2026-07-08 04:55:26,57.0,72.000              ,1022.445,400.0,1200.0,0.0,57.75,57.750              ,57.75,57.75,57.75,57.75,57.75,57.75,57.75,40.082,31.3,35.615,61.599,50.159,15.796,51.257,20.986,38.349,1583.333,1583.333,1583.333,1583.333,1900.0,1900.0,1583.333,1583.333,1900.0,0.565,0.565,0.791,0.791,0.573,0.575,0.611,0.615,15.065,5439.0,18149.0,20.087,197.0,49.78
2026-07-08 04:55:27,57.0,72.000              ,1022.449,450.0,1200.0,0.0,57.75,57.750              ,57.75,57.75,57.75,57.75,57.75,57.75,57.75,43.494,36.974,43.127,50.924,62.522,20.998,54.984,24.785,42.226,1566.667,1566.667,1880.0,1880.0,1566.667,1566.667,1566.667,1566.667,1880.0,0.594,0.594,0.737,0.737,0.645,0.659,0.617,0.614,14.751,5443.0,18152.0,26.222,198.0,38.14
2026-07-08 04:55:28,57.0,68.000              ,1022.453,200.0,1200.0,0.0,57.75,57.750              ,57.75,57.75,57.75,57.75,57.75,57.75,57.75,40.691,31.441,42.952,45.874,51.045,20.196,50.027,25.55,38.472,1583.333,1583.333,1900.0,1880.0,1566.667,1566.667,1566.667,1566.667,1900.0,0.591,0.591,0.766,0.768,0.64,0.624,0.657,0.655,14.93,5443.0,18145.0,25.076,199.0,39.88
2026-07-08 04:55:29,57.0,66.000              ,1022.449,420.0,1200.0,0.0,57.75,57.750              ,57.75,57.75,57.75,57.75,57.75,57.75,57.75,50.345,30.289,52.106,54.097,57.956,19.061,57.672,23.806,43.166,1716.667,1716.667,2060.0,2060.0,1716.667,1716.667,1716.667,1716.667,2060.0,0.607,0.607,0.798,0.797,0.594,0.596,0.642,0.69,15.365,5464.0,18139.0,23.387,200.0,42.76
2026-07-08 04:55:30,57.0,68.000              ,1022.453,400.0,1200.0,0.0,57.75,57.750              ,57.75,57.75,57.75,57.75,57.75,57.75,57.75,52.678,40.576,55.331,56.042,56.017,38.696,50.984,45.511,49.48,1485.714,1485.714,1733.333,1750.0,1750.0,1750.0,1750.0,1750.0,1750.0,0.597,0.597,0.729,0.717,0.615,0.675,0.652,0.601,14.968,5483.0,18137.0,24.611,201.0,40.63
2026-07-08 04:55:31,57.0,70.000              ,1022.453,413.0,1200.0,0.0,57.75,57.750              ,57.75,57.75,57.75,57.75,57.75,57.75,57.75,44.357,30.15,57.935,42.3,47.765,36.048,50.887,27.313,42.094,1550.0,1550.0,1860.0,1860.0,1550.0,1550.0,1550.0,1550.0,1860.0,0.576,0.576,0.74,0.751,0.668,0.667,0.637,0.625,14.74,5485.0,18137.0,23.43,202.0,42.68
2026-07-08 04:55:32,57.0,66.000              ,1022.465,457.0,1200.0,0.0,57.75,57.750              ,57.75,57.75,57.75,57.75,57.75,57.75,57.75,48.732,30.158,54.165,37.937,44.625,36.089,49.345,36.853,42.238,1633.333,1633.333,1980.0,1980.0,1650.0,1650.0,1650.0,1650.0,1980.0,0.632,0.632,0.704,0.705,0.653,0.577,0.729,0.743,15.153,5488.0,18153.0,21.484,203.0,46.55
2026-07-08 04:55:33,57.0,68.000              ,1030.055,435.0,1200.0,0.0,57.75,57.750              ,57.75,57.75,57.75,57.75,57.75,57.75,57.75,48.026,35.59,49.95,51.167,56.951,23.772,59.85,28.002,44.164,1500.0,1500.0,1800.0,1800.0,1500.0,1500.0,1820.0,1820.0,1820.0,0.582,0.582,0.739,0.741,0.59,0.59,0.702,0.702,15.078,5483.0,18149.0,22.992,204.0,43.49
2026-07-08 04:55:34,57.0,70.000              ,1030.043,420.0,1200.0,0.0,57.75,57.750              ,57.75,57.75,57.75,57.75,57.75,57.75,57.75,49.691,32.945,49.311,46.303,61.907,19.448,64.119,28.342,44.008,1533.333,1533.333,1840.0,1840.0,1533.333,1533.333,1840.0,1840.0,1840.0,0.593,0.593,0.681,0.671,0.631,0.629,0.629,0.629,14.858,5484.0,18151.0,24.157,205.0,41.4
2026-07-08 04:55:35,57.0,69.000              ,1030.047,420.0,1200.0,0.0,57.75,57.750              ,57.75,57.75,57.75,57.75,57.75,57.75,57.75,44.507,26.843,52.428,42.178,61.373,17.688,47.831,24.433,39.66,1583.333,1583.333,1900.0,1900.0,1583.333,1583.333,1583.333,1583.333,1900.0,0.555,0.547,0.708,0.717,0.654,0.654,0.59,0.59,15.075,5488.0,18148.0,23.067,206.0,43.35
2026-07-08 04:55:36,57.0,70.000              ,1030.047,428.0,1200.0,0.0,57.75,57.750              ,57.75,57.75,57.75,57.75,57.75,57.75,57.75,45.541,29.397,48.146,43.402,57.589,22.359,46.824,31.716,40.622,1616.667,1616.667,1940.0,1940.0,1940.0,1940.0,1616.667,1616.667,1940.0,0.54,0.547,0.684,0.684,0.615,0.616,0.628,0.628,14.979,5494.0,18148.0,20.474,207.0,48.84
2026-07-08 04:55:37,57.0,70.000              ,1030.047,200.0,1200.0,0.0,57.75,57.750              ,57.75,57.75,57.75,57.75,57.75,57.75,57.75,46.114,34.738,51.836,42.509,54.603,23.228,48.924,35.256,42.151,1583.333,1583.333,1900.0,1900.0,1583.333,1583.333,1583.333,1583.333,1900.0,0.63,0.635,0.709,0.709,0.622,0.621,0.697,0.701,15.174,5496.0,18148.0,21.632,208.0,46.23
2026-07-08 04:55:38,57.0,72.000              ,1030.051,413.0,1200.0,0.0,57.75,57.750              ,57.75,57.75,57.75,57.75,57.75,57.75,57.75,45.003,28.795,44.451,36.966,64.156,17.246,56.749,27.509,40.11,1566.667,1566.667,1880.0,1880.0,1566.667,1550.0,1550.0,1550.0,1880.0,0.582,0.577,0.639,0.639,0.668,0.669,0.689,0.685,14.888,5495.0,18148.0,29.784,209.0,33.58
2026-07-08 04:55:39,57.0,72.000              ,1037.102,442.0,1200.0,0.0,57.75,57.750              ,57.75,57.75,57.75,57.75,57.75,57.75,57.75,43.72,34.133,49.655,47.589,60.323,21.413,49.345,29.473,41.956,1583.333,1583.333,1583.333,1583.333,1900.0,1900.0,1583.333,1566.667,1900.0,0.573,0.576,0.723,0.724,0.635,0.634,0.637,0.642,15.125,5502.0,18161.0,24.473,210.0,40.86
2026-07-08 04:55:40,57.0,72.000              ,1036.102,364.0,1200.0,0.0,57.75,57.750              ,57.75,57.75,57.75,57.75,57.75,57.75,57.75,47.074,34.032,44.387,62.113,60.465,18.341,53.38,28.629,43.553,1516.667,1516.667,1800.0,1800.0,1500.0,1500.0,1500.0,1500.0,1800.0,0.543,0.547,0.755,0.754,0.572,0.572,0.589,0.58,15.077,5500.0,18160.0,24.03,211.0,41.61
2026-07-08 04:55:41,57.0,74.000              ,1036.102,413.0,1200.0,0.0,57.75,57.750              ,57.75,57.75,57.75,57.75,57.75,57.75,57.75,39.825,33.659,46.74,50.221,60.862,18.263,54.478,26.72,41.346,1466.667,1466.667,1760.0,1760.0,1466.667,1466.667,1466.667,1466.667,1760.0,0.527,0.52,0.717,0.718,0.569,0.57,0.588,0.592,15.021,5499.0,18160.0,25.169,212.0,39.73
2026-07-08 04:55:42,57.0,73.000              ,1036.102,442.0,1200.0,0.0,57.75,57.750              ,57.75,57.75,57.75,57.75,57.75,57.75,57.75,43.404,31.985,42.707,50.966,63.092,19.524,45.824,34.021,41.44,1466.667,1466.667,1466.667,1500.0,1500.0,1500.0,1733.333,1733.333,1733.333,0.561,0.561,0.709,0.707,0.628,0.629,0.609,0.608,14.895,5506.0,18161.0,29.568,213.0,33.82
2026-07-08 04:55:43,57.0,71.000              ,1036.617,442.0,1200.0,0.0,57.75,57.750              ,57.75,57.75,57.75,57.75,57.75,57.75,57.75,52.168,31.272,53.15,46.961,55.837,25.496,55.956,19.6,42.555,1860.0,1860.0,1550.0,1550.0,1550.0,1550.0,1550.0,1550.0,1860.0,0.608,0.609,0.738,0.74,0.62,0.618,0.606,0.607,15.185,5508.0,18161.0,24.188,214.0,41.34
2026-07-08 04:55:44,57.0,73.000              ,1036.617,413.0,1200.0,0.0,57.75,57.750              ,57.75,57.75,57.75,57.75,57.75,57.75,57.75,50.484,32.926,48.254,50.234,54.071,31.676,56.751,24.322,43.59,1466.667,1466.667,1760.0,1760.0,1760.0,1760.0,1466.667,1466.667,1760.0,0.58,0.58,0.703,0.705,0.62,0.633,0.587,0.586,14.955,5517.0,18161.0,28.837,215.0,34.68
2026-07-08 04:55:46,57.0,76.000              ,1038.914,338.0,1200.0,0.0,57.75,57.750              ,57.75,57.75,57.75,57.75,57.75,57.75,57.75,49.161,35.059,44.705,56.249,57.646,25.13,56.707,23.179,43.48,1583.333,1583.333,1900.0,1900.0,1583.333,1583.333,1583.333,1583.333,1900.0,0.597,0.597,0.757,0.76,0.682,0.675,0.609,0.61,15.104,5527.0,18169.0,24.474,217.0,40.86
2026-07-08 04:55:46,57.0,77.000              ,1038.918,295.0,1200.0,0.0,57.75,57.750              ,57.75,57.75,57.75,57.75,57.75,57.75,57.75,61.942,50.667,62.862,70.464,83.189,42.408,78.085,35.718,60.667,1428.571,1428.571,1428.571,1428.571,1633.333,1633.333,1385.714,1385.714,1633.333,0.603,0.603,0.714,0.707,0.646,0.648,0.684,0.684,15.209,5524.0,18175.0,26.99,217.0,37.05
2026-07-08 04:55:47,57.0,81.000              ,1040.18,200.0,1200.0,0.0,57.75,57.750              ,57.75,57.75,57.75,57.75,57.75,57.75,57.75,73.708,66.082,70.658,79.213,75.589,62.772,74.947,58.815,70.223,1483.333,1483.333,1483.333,1483.333,1271.429,1271.429,1271.429,1271.429,1483.333,0.667,0.667,0.714,0.714,0.687,0.676,0.65,0.649,15.152,5436.0,18174.0,31.799,218.0,31.45
2026-07-08 04:55:48,57.0,89.000              ,1040.176,428.0,1200.0,0.0,57.75,57.750              ,57.75,57.75,57.75,57.75,57.75,57.75,57.75,46.578,29.011,42.617,51.595,50.623,20.487,49.707,20.226,38.855,1257.143,1257.143,1466.667,1466.667,1257.143,1257.143,1257.143,1257.143,1466.667,0.547,0.547,0.664,0.665,0.523,0.531,0.531,0.527,14.582,5435.0,18170.0,39.625,219.0,25.24
2026-07-08 04:55:49,57.0,84.000              ,1035.676,450.0,1200.0,0.0,57.75,57.750              ,57.75,57.75,57.75,57.75,57.75,57.75,57.75,48.97,31.6,44.29,49.268,57.726,21.221,53.007,23.332,41.177,1500.0,1483.333,1780.0,1780.0,1483.333,1483.333,1483.333,1483.333,1780.0,0.6,0.6,0.74,0.74,0.615,0.616,0.584,0.589,14.997,5437.0,18167.0,25.322,220.0,39.49
2026-07-08 04:55:50,57.0,72.000              ,1035.68,461.0,1200.0,0.0,57.75,57.750              ,57.75,57.75,57.75,57.75,57.75,57.75,57.75,41.539,26.079,59.279,34.404,50.848,16.352,53.099,22.428,38.004,1600.0,1600.0,1920.0,1920.0,1600.0,1583.333,1583.333,1583.333,1920.0,0.596,0.596,0.739,0.738,0.587,0.585,0.662,0.662,15.124,5439.0,18168.0,23.773,221.0,42.06
2026-07-08 04:55:51,57.0,71.000              ,1035.68,200.0,1200.0,0.0,57.75,57.750              ,57.75,57.75,57.75,57.75,57.75,57.75,57.75,40.289,26.554,48.002,35.546,51.702,10.648,46.815,17.242,34.6,1666.667,1666.667,2000.0,2000.0,1683.333,1683.333,1683.333,1683.333,2000.0,0.604,0.604,0.726,0.727,0.6,0.6,0.625,0.625,14.986,5441.0,18167.0,28.239,222.0,35.41
2026-07-08 04:55:52,57.0,70.000              ,1032.664,428.0,1200.0,0.0,57.75,57.750              ,57.75,57.75,57.75,57.75,57.75,57.75,57.75,45.464,33.759,44.81,43.804,53.786,18.604,54.559,21.707,39.561,1616.667,1980.0,1980.0,1980.0,1650.0,1650.0,1650.0,1650.0,1980.0,0.636,0.636,0.709,0.708,0.605,0.605,0.644,0.644,15.045,5441.0,18161.0,31.197,223.0,32.05
2026-07-08 04:55:53,57.0,69.000              ,1028.656,420.0,1200.0,0.0,57.75,57.750              ,57.75,57.75,57.75,57.75,57.75,57.75,57.75,41.589,29.157,40.462,48.337,53.889,20.563,44.734,21.425,37.519,1900.0,1900.0,1900.0,1900.0,1900.0,1920.0,1600.0,1600.0,1920.0,0.578,0.578,0.742,0.746,0.618,0.618,0.576,0.576,14.877,5442.0,18159.0,26.432,224.0,37.83
2026-07-08 04:55:54,57.0,69.000              ,1026.527,200.0,1200.0,0.0,57.75,57.750              ,57.75,57.75,57.75,57.75,57.75,57.75,57.75,51.129,26.494,49.077,36.831,51.285,13.396,49.433,17.474,36.89,1700.0,1700.0,2040.0,2060.0,1716.667,1716.667,1716.667,1716.667,2060.0,0.65,0.65,0.726,0.722,0.595,0.595,0.602,0.602,15.232,5453.0,18157.0,25.593,225.0,39.07
2026-07-08 04:55:55,57.0,69.000              ,1023.559,420.0,1200.0,0.0,57.75,57.750              ,57.75,57.75,57.75,57.75,57.75,57.75,57.75,51.24,27.807,42.921,48.923,50.164,17.469,47.923,27.55,39.25,1900.0,1900.0,1900.0,1900.0,1583.333,1583.333,1600.0,1600.0,1900.0,0.606,0.606,0.74,0.742,0.57,0.57,0.616,0.608,14.974,5451.0,18152.0,26.097,226.0,38.32
2026-07-08 04:55:56,57.0,70.000              ,1023.563,400.0,1200.0,0.0,57.75,57.750              ,57.75,57.75,57.75,57.75,57.75,57.75,57.75,46.186,31.45,50.177,46.457,59.433,18.798,52.817,23.268,41.073,1600.0,1600.0,1920.0,1920.0,1600.0,1600.0,1600.0,1600.0,1920.0,0.559,0.559,0.741,0.74,0.584,0.585,0.583,0.591,15.164,5451.0,18152.0,24.747,227.0,40.41
2026-07-08 04:55:57,57.0,72.000              ,1023.563,352.0,1200.0,0.0,57.75,57.750              ,57.75,57.75,57.75,57.75,57.75,57.75,57.75,53.521,47.907,59.569,59.978,58.111,39.945,59.707,39.853,52.324,1483.333,1483.333,1780.0,1780.0,1483.333,1780.0,1483.333,1483.333,1780.0,0.59,0.591,0.727,0.729,0.614,0.62,0.611,0.611,15.112,5475.0,18145.0,25.265,228.0,39.58
2026-07-08 04:55:58,57.0,77.000              ,1023.563,200.0,1200.0,0.0,57.75,57.750              ,57.75,57.75,57.75,57.75,57.75,57.75,57.75,44.433,29.687,55.487,41.217,52.36,25.14,56.882,18.961,40.521,1666.667,1666.667,1666.667,1666.667,1428.571,1428.571,1442.857,1442.857,1666.667,0.541,0.54,0.691,0.689,0.572,0.587,0.562,0.562,14.892,5478.0,18137.0,24.872,229.0,40.21
2026-07-08 04:55:59,57.0,73.000              ,1023.184,200.0,1200.0,0.0,57.75,57.750              ,57.75,57.75,57.75,57.75,57.75,57.75,57.75,39.188,26.787,46.799,42.024,49.36,19.872,50.715,24.109,37.357,1533.333,1533.333,1840.0,1840.0,1533.333,1533.333,1533.333,1533.333,1840.0,0.538,0.538,0.762,0.762,0.572,0.546,0.612,0.612,14.966,5484.0,18136.0,26.989,230.0,37.05
2026-07-08 04:56:00,57.0,67.000              ,1023.184,461.0,1200.0,0.0,57.75,57.750              ,57.75,57.75,57.75,57.75,57.75,57.75,57.75,49.625,31.05,55.779,38.97,56.53,19.387,57.337,31.127,42.476,1633.333,1633.333,1940.0,1940.0,1616.667,1616.667,1600.0,1600.0,1940.0,0.602,0.602,0.662,0.662,0.585,0.585,0.725,0.73,15.144,5499.0,18134.0,27.658,231.0,36.16
2026-07-08 04:56:01,57.0,69.000              ,1023.191,200.0,1200.0,0.0,57.75,57.750              ,57.75,57.75,57.75,57.75,57.75,57.75,57.75,47.599,36.125,50.594,54.132,63.0,22.025,62.453,39.201,46.891,1500.0,1500.0,1500.0,1500.0,1800.0,1800.0,1800.0,1800.0,1800.0,0.58,0.58,0.726,0.727,0.636,0.636,0.655,0.652,15.073,5505.0,18129.0,26.087,232.0,38.33
2026-07-08 04:56:02,57.0,73.000              ,1022.188,387.0,1200.0,0.0,57.75,57.750              ,57.75,57.75,57.75,57.75,57.75,57.75,57.75,47.402,32.137,47.632,45.517,59.544,24.837,53.433,26.1,42.075,1566.667,1566.667,1880.0,1880.0,1566.667,1566.667,1566.667,1566.667,1880.0,0.597,0.597,0.725,0.725,0.617,0.646,0.667,0.657,15.052,5503.0,18133.0,25.881,233.0,38.64
2026-07-08 04:56:03,57.0,73.000              ,1016.172,200.0,1200.0,0.0,57.75,57.750              ,57.75,57.75,57.75,57.75,57.75,57.75,57.75,74.812,67.825,75.013,77.651,73.739,77.614,75.479,67.107,73.655,1342.857,1342.857,1566.667,1566.667,1342.857,1342.857,1342.857,1342.857,1566.667,0.657,0.657,0.727,0.726,0.73,0.718,0.665,0.676,15.312,5431.0,18134.0,26.307,234.0,38.01
2026-07-08 04:56:04,57.0,82.000              ,1016.293,200.0,1200.0,0.0,57.75,57.750              ,57.75,57.75,57.75,57.75,57.75,57.75,57.75,70.746,61.214,75.791,78.51,75.614,60.214,74.798,60.162,69.631,1400.0,1400.0,1400.0,1400.0,1400.0,1400.0,1400.0,1400.0,1400.0,0.659,0.659,0.719,0.72,0.696,0.684,0.669,0.669,15.277,5371.0,18133.0,30.255,235.0,33.05
2026-07-08 04:56:05,57.0,94.000              ,1016.293,200.0,1200.0,0.0,57.75,57.750              ,57.75,57.75,57.75,57.75,57.75,57.75,57.75,70.421,53.265,73.03,76.934,68.511,55.937,71.202,50.225,64.94,1400.0,1400.0,1400.0,1400.0,1400.0,1400.0,1400.0,1400.0,1400.0,0.645,0.639,0.702,0.703,0.654,0.672,0.669,0.668,15.302,5398.0,18135.0,28.571,236.0,35.0
2026-07-08 04:56:06,57.0,94.000              ,1016.293,200.0,1200.0,0.0,57.75,57.750              ,57.75,57.75,57.75,57.75,57.75,57.75,57.75,72.44,56.029,71.139,80.007,67.738,59.584,71.829,59.956,67.34,1400.0,1400.0,1400.0,1400.0,1400.0,1400.0,1400.0,1400.0,1400.0,0.657,0.663,0.738,0.724,0.658,0.65,0.697,0.699,15.291,5412.0,18127.0,28.542,237.0,35.04
2026-07-08 04:56:07,57.0,91.000              ,1015.918,200.0,1200.0,0.0,57.75,57.750              ,57.75,57.75,57.75,57.75,57.75,57.75,57.75,68.145,47.328,70.418,76.436,68.596,42.228,74.161,50.419,62.216,1400.0,1400.0,1400.0,1400.0,1400.0,1400.0,1400.0,1400.0,1400.0,0.632,0.632,0.716,0.729,0.628,0.629,0.631,0.66,15.015,5429.0,18142.0,31.251,238.0,32.0
2026-07-08 04:56:08,57.0,91.000              ,1022.934,200.0,1200.0,0.0,57.75,57.750              ,57.75,57.75,57.75,57.75,57.75,57.75,57.75,71.464,57.289,70.076,81.169,74.057,51.627,67.992,64.881,67.319,1400.0,1400.0,1400.0,1400.0,1400.0,1400.0,1400.0,1400.0,1400.0,0.659,0.659,0.733,0.732,0.648,0.646,0.671,0.69,15.305,5467.0,18140.0,27.944,239.0,35.79
2026-07-08 04:56:09,57.0,94.000              ,1025.816,200.0,1200.0,0.0,57.75,57.750              ,57.75,57.75,57.75,57.75,57.75,57.75,57.75,70.61,61.358,70.842,78.404,70.703,55.11,64.105,70.274,67.676,1400.0,1400.0,1400.0,1400.0,1400.0,1400.0,1400.0,1400.0,1400.0,0.662,0.662,0.724,0.724,0.654,0.671,0.698,0.653,15.388,5500.0,18144.0,30.042,240.0,33.29
2026-07-08 04:56:11,57.0,94.000              ,1025.828,200.0,1200.0,0.0,57.75,57.750              ,57.75,57.75,57.75,57.75,57.75,57.75,57.75,74.91,65.304,83.34,81.771,74.192,66.267,75.474,76.137,74.674,1400.0,1400.0,1400.0,1400.0,1400.0,1400.0,1400.0,1400.0,1400.0,0.684,0.685,0.794,0.796,0.678,0.66,0.774,0.776,15.372,5336.0,18145.0,28.417,242.0,35.19
2026-07-08 04:56:12,57.0,94.000              ,1025.695,200.0,1200.0,0.0,57.75,57.750              ,57.75,57.75,57.75,57.75,57.75,57.75,57.75,66.587,96.656,70.769,72.942,68.094,51.196,52.819,98.796,72.232,1400.0,1400.0,1400.0,1400.0,1400.0,1400.0,1400.0,1400.0,1400.0,0.674,0.669,0.717,0.717,0.642,0.642,0.711,0.622,15.189,5164.0,18141.0,30.304,243.0,33.0
2026-07-08 04:56:13,57.0,91.000              ,1025.559,200.0,1200.0,0.0,57.75,57.750              ,57.75,57.75,57.75,57.75,57.75,57.75,57.75,58.392,53.554,58.11,64.406,64.559,33.995,90.825,35.624,57.433,1400.0,1400.0,1400.0,1400.0,1400.0,1400.0,1400.0,1400.0,1400.0,0.596,0.595,0.65,0.65,0.576,0.578,0.606,0.607,14.79,4905.0,18143.0,30.825,244.0,32.44
2026-07-08 04:56:13,57.0,91.000              ,1025.68,200.0,1200.0,0.0,57.75,57.750              ,57.75,57.75,57.75,57.75,57.75,57.75,57.75,56.318,49.09,52.559,72.202,60.334,66.925,59.711,34.582,56.465,1400.0,1400.0,1400.0,1400.0,1400.0,1400.0,1400.0,1400.0,1400.0,0.581,0.58,0.612,0.609,0.664,0.656,0.542,0.542,15.088,4732.0,18142.0,28.943,244.0,34.55
2026-07-08 04:56:14,57.0,94.000              ,1019.66,200.0,1200.0,0.0,57.75,57.750              ,57.75,57.75,57.75,57.75,57.75,57.75,57.75,51.674,45.61,58.389,53.804,62.129,36.303,59.415,35.316,50.33,1400.0,1400.0,1400.0,1400.0,1400.0,1400.0,1400.0,1400.0,1400.0,0.558,0.555,0.602,0.603,0.544,0.544,0.556,0.555,14.531,4356.0,18133.0,33.485,245.0,29.86
2026-07-08 04:56:15,57.0,90.000              ,1020.039,200.0,1200.0,0.0,57.75,57.750              ,57.75,57.75,57.75,57.75,57.75,57.75,57.75,43.228,30.694,37.48,51.308,52.255,13.89,46.936,29.225,38.127,1400.0,1400.0,1400.0,1400.0,1400.0,1400.0,1400.0,1400.0,1400.0,0.503,0.506,0.582,0.576,0.473,0.473,0.519,0.519,14.303,4357.0,18133.0,33.339,246.0,29.99
2026-07-08 04:56:16,57.0,91.000              ,1020.039,200.0,1200.0,0.0,57.75,57.750              ,57.75,57.75,57.75,57.75,57.75,57.75,57.75,41.687,28.94,35.037,62.05,50.211,18.751,43.098,21.576,37.669,1400.0,1400.0,1400.0,1400.0,1400.0,1400.0,1400.0,1400.0,1400.0,0.484,0.483,0.618,0.625,0.501,0.501,0.474,0.474,14.302,4357.0,18134.0,33.04,247.0,30.27
2026-07-08 04:56:17,57.0,93.000              ,1020.035,200.0,1200.0,0.0,57.75,57.750              ,57.75,57.75,57.75,57.75,57.75,57.75,57.75,41.038,35.062,48.81,50.474,53.914,23.955,48.349,26.551,41.019,1400.0,1400.0,1400.0,1400.0,1400.0,1400.0,1400.0,1400.0,1400.0,0.514,0.513,0.591,0.59,0.517,0.518,0.518,0.518,14.198,4368.0,18133.0,33.557,248.0,29.8
2026-07-08 04:56:18,57.0,91.000              ,1031.605,338.0,1200.0,0.0,57.75,57.750              ,57.75,57.75,57.75,57.75,57.75,57.75,57.75,50.08,40.912,43.621,66.614,53.613,24.927,49.242,24.292,44.163,1400.0,1400.0,1400.0,1400.0,1400.0,1400.0,1400.0,1400.0,1400.0,0.539,0.539,0.664,0.664,0.505,0.504,0.493,0.49,14.446,4381.0,18148.0,33.796,249.0,29.59
2026-07-08 04:56:19,57.0,86.000              ,1032.074,420.0,1200.0,0.0,57.75,57.750              ,57.75,57.75,57.75,57.75,57.75,57.75,57.75,45.117,33.825,49.464,52.04,57.181,18.682,52.792,24.959,41.758,1500.0,1485.714,1733.333,1733.333,1500.0,1500.0,1500.0,1500.0,1733.333,0.55,0.55,0.698,0.703,0.556,0.557,0.569,0.574,15.116,4385.0,18150.0,29.986,250.0,33.35
2026-07-08 04:56:20,57.0,75.000              ,1032.074,428.0,1200.0,0.0,57.75,57.750              ,57.75,57.75,57.75,57.75,57.75,57.75,57.75,49.628,35.434,44.247,48.656,57.468,19.353,58.686,21.078,41.819,1516.667,1516.667,1820.0,1820.0,1516.667,1516.667,1516.667,1516.667,1820.0,0.605,0.605,0.7,0.7,0.584,0.583,0.606,0.607,15.098,4387.0,18150.0,25.693,251.0,38.92
2026-07-08 04:56:21,57.0,70.000              ,1031.078,450.0,1200.0,0.0,57.75,57.750              ,57.75,57.75,57.75,57.75,57.75,57.75,57.75,40.233,29.164,50.887,46.285,42.685,18.858,52.065,17.587,37.22,1566.667,1566.667,1880.0,1880.0,1566.667,1566.667,1566.667,1566.667,1880.0,0.576,0.576,0.8,0.796,0.526,0.526,0.6,0.599,14.893,4393.0,18151.0,25.656,252.0,38.98
2026-07-08 04:56:22,57.0,70.000              ,1028.828,200.0,1200.0,0.0,57.75,57.750              ,57.75,57.75,57.75,57.75,57.75,57.75,57.75,42.943,36.535,35.412,62.173,50.762,18.52,49.797,21.549,39.711,1550.0,1550.0,1860.0,1860.0,1550.0,1550.0,1860.0,1860.0,1860.0,0.575,0.575,0.762,0.76,0.554,0.554,0.563,0.563,15.127,4391.0,18149.0,27.056,253.0,36.96
2026-07-08 04:56:23,57.0,69.000              ,1028.828,200.0,1200.0,0.0,57.875,57.875              ,57.875,57.875,57.875,57.875,57.875,57.875,57.875,76.323,68.533,77.228,80.915,76.901,67.687,76.982,66.343,73.864,1516.667,1516.667,1820.0,1820.0,1516.667,1500.0,1500.0,1500.0,1820.0,0.696,0.696,0.799,0.799,0.696,0.699,0.689,0.69,15.649,4523.0,18144.0,30.193,254.0,33.12
2026-07-08 04:56:24,57.0,81.000              ,1028.824,333.0,1200.0,0.0,57.875,57.875              ,57.875,57.875,57.875,57.875,57.875,57.875,57.875,47.252,38.459,43.747,64.665,61.033,26.993,52.497,25.386,45.004,1400.0,1400.0,1400.0,1400.0,1400.0,1400.0,1400.0,1400.0,1400.0,0.515,0.514,0.672,0.672,0.563,0.558,0.509,0.508,14.806,4518.0,18142.0,29.448,255.0,33.96
2026-07-08 04:56:25,57.0,87.000              ,1028.828,428.0,1200.0,0.0,57.75,57.750              ,57.75,57.75,57.75,57.75,57.75,57.75,57.75,39.157,33.452,43.986,48.001,52.78,16.309,51.85,18.461,38.0,1471.429,1471.429,1716.667,1716.667,1471.429,1471.429,1471.429,1471.429,1716.667,0.546,0.546,0.713,0.714,0.545,0.545,0.541,0.541,14.779,4518.0,18140.0,27.691,256.0,36.11
2026-07-08 04:56:26,57.0,78.000              ,1021.809,476.0,1200.0,0.0,57.75,57.750              ,57.75,57.75,57.75,57.75,57.75,57.75,57.75,45.706,29.263,46.125,54.06,52.937,20.02,48.846,20.307,39.658,1566.667,1566.667,1880.0,1880.0,1566.667,1566.667,1566.667,1566.667,1880.0,0.56,0.56,0.78,0.779,0.603,0.603,0.564,0.564,15.099,4515.0,18136.0,23.482,257.0,42.59
2026-07-08 04:56:27,57.0,71.000              ,1019.188,508.0,1200.0,0.0,57.75,57.750              ,57.75,57.75,57.75,57.75,57.75,57.75,57.75,38.278,30.19,45.845,54.067,46.196,18.279,51.75,21.596,38.275,1683.333,1683.333,2020.0,2020.0,1683.333,1683.333,1683.333,1683.333,2020.0,0.58,0.58,0.886,0.886,0.594,0.594,0.647,0.647,15.02,4513.0,18135.0,23.419,258.0,42.7
2026-07-08 04:56:28,57.0,68.000              ,1036.672,200.0,1200.0,0.0,57.75,57.750              ,57.75,57.75,57.75,57.75,57.75,57.75,57.75,47.479,25.309,50.616,52.02,56.349,19.831,59.382,19.038,41.253,1750.0,1733.333,2080.0,2080.0,1716.667,1716.667,1716.667,1716.667,2080.0,0.592,0.582,0.806,0.806,0.617,0.617,0.616,0.616,15.067,4519.0,18160.0,27.508,259.0,36.35
2026-07-08 04:56:29,57.0,67.000              ,1036.656,200.0,1200.0,0.0,57.75,57.750              ,57.75,57.75,57.75,57.75,57.75,57.75,57.75,52.469,31.991,50.542,41.954,59.601,24.53,49.899,27.945,42.366,1650.0,1650.0,1980.0,1980.0,1650.0,1650.0,1650.0,1650.0,1980.0,0.638,0.649,0.689,0.689,0.693,0.693,0.631,0.631,15.23,4529.0,18160.0,25.115,260.0,39.82
2026-07-08 04:56:30,57.0,68.000              ,1030.633,476.0,1200.0,0.0,57.75,57.750              ,57.75,57.75,57.75,57.75,57.75,57.75,57.75,48.411,23.819,49.591,38.001,46.847,14.945,43.649,14.601,34.983,1600.0,1600.0,1920.0,1920.0,1600.0,1600.0,1600.0,1600.0,1920.0,0.634,0.634,0.765,0.764,0.582,0.582,0.551,0.551,14.785,4534.0,18153.0,17.928,261.0,55.78
2026-07-08 04:56:31,57.0,68.000              ,1030.629,442.0,1200.0,0.0,57.75,57.750              ,57.75,57.75,57.75,57.75,57.75,57.75,57.75,43.182,20.436,56.743,29.719,47.342,12.411,49.348,21.511,35.087,1716.667,1716.667,2060.0,2060.0,1716.667,1716.667,1716.667,1700.0,2060.0,0.609,0.609,0.755,0.76,0.583,0.583,0.659,0.659,15.088,4534.0,18153.0,23.248,262.0,43.01
2026-07-08 04:56:32,57.0,68.000              ,1031.629,476.0,1200.0,0.0,57.75,57.750              ,57.75,57.75,57.75,57.75,57.75,57.75,57.75,43.782,25.734,60.809,28.624,46.862,19.059,52.306,23.63,37.601,1600.0,1600.0,1920.0,1920.0,1616.667,1616.667,1616.667,1616.667,1920.0,0.627,0.627,0.757,0.752,0.593,0.594,0.669,0.669,15.072,4535.0,18164.0,20.5,263.0,48.78
2026-07-08 04:56:33,57.0,70.000              ,1038.035,492.0,1200.0,0.0,57.75,57.750              ,57.75,57.75,57.75,57.75,57.75,57.75,57.75,41.225,21.391,45.03,42.106,48.737,15.047,58.289,12.59,35.552,1633.333,1633.333,1960.0,1960.0,1633.333,1633.333,1633.333,1633.333,1960.0,0.571,0.571,0.729,0.729,0.583,0.586,0.628,0.627,15.161,4534.0,18158.0,27.66,264.0,36.15
2026-07-08 04:56:34,57.0,69.000              ,1038.113,476.0,1200.0,0.0,57.75,57.750              ,57.75,57.75,57.75,57.75,57.75,57.75,57.75,47.923,31.135,50.785,40.442,57.453,20.616,54.485,24.106,40.868,1583.333,1583.333,1900.0,1900.0,1583.333,1583.333,1583.333,1583.333,1900.0,0.605,0.605,0.713,0.713,0.608,0.604,0.626,0.628,15.157,4537.0,18159.0,26.074,265.0,38.35
2026-07-08 04:56:35,57.0,71.000              ,1042.137,200.0,1200.0,0.0,57.75,57.750              ,57.75,57.75,57.75,57.75,57.75,57.75,57.75,46.158,23.306,51.797,37.504,54.047,23.565,59.343,24.837,40.07,1583.333,1583.333,1583.333,1880.0,1880.0,1880.0,1900.0,1900.0,1900.0,0.576,0.576,0.664,0.67,0.622,0.623,0.688,0.688,15.106,4555.0,18165.0,33.954,266.0,29.45
2026-07-08 04:56:36,57.0,70.000              ,1042.141,428.0,1200.0,0.0,57.75,57.750              ,57.75,57.75,57.75,57.75,57.75,57.75,57.75,44.454,29.091,49.948,41.838,56.511,23.64,56.391,17.244,39.89,1566.667,1566.667,1566.667,1566.667,1880.0,1880.0,1566.667,1566.667,1880.0,0.579,0.579,0.74,0.724,0.628,0.627,0.59,0.59,14.932,4555.0,18167.0,24.273,267.0,41.2
2026-07-08 04:56:37,57.0,71.000              ,1041.766,492.0,1200.0,0.0,57.75,57.750              ,57.75,57.75,57.75,57.75,57.75,57.75,57.75,41.968,27.641,41.271,51.513,51.967,15.043,46.696,18.214,36.789,1600.0,1600.0,1920.0,1920.0,1600.0,1600.0,1600.0,1600.0,1920.0,0.572,0.572,0.789,0.8,0.569,0.569,0.574,0.576,15.102,4555.0,18167.0,25.165,268.0,39.74
2026-07-08 04:56:38,57.0,73.000              ,1041.762,476.0,1200.0,0.0,57.75,57.750              ,57.75,57.75,57.75,57.75,57.75,57.75,57.75,40.743,22.074,60.19,27.827,46.697,14.053,55.345,15.785,35.339,1666.667,1666.667,2000.0,2000.0,1666.667,1666.667,1666.667,1666.667,2000.0,0.623,0.623,0.77,0.77,0.619,0.619,0.658,0.656,15.017,4559.0,18164.0,23.489,269.0,42.57
2026-07-08 04:56:39,57.0,69.000              ,1041.762,457.0,1200.0,0.0,57.75,57.750              ,57.75,57.75,57.75,57.75,57.75,57.75,57.75,49.606,28.874,55.262,36.199,55.639,20.028,57.7,21.973,40.66,1566.667,1566.667,1880.0,1880.0,1880.0,1880.0,1566.667,1566.667,1880.0,0.618,0.618,0.708,0.702,0.593,0.593,0.657,0.658,15.122,4558.0,18167.0,22.344,270.0,44.75
2026-07-08 04:56:40,57.0,72.000              ,1041.766,200.0,1200.0,0.0,57.75,57.750              ,57.75,57.75,57.75,57.75,57.75,57.75,57.75,42.215,29.494,32.356,57.897,51.752,15.48,52.391,14.808,37.049,1550.0,1550.0,1860.0,1860.0,1550.0,1550.0,1550.0,1550.0,1860.0,0.587,0.587,0.791,0.8,0.596,0.596,0.596,0.595,14.968,4563.0,18163.0,25.31,271.0,39.51
2026-07-08 04:56:41,57.0,73.000              ,1041.766,469.0,1200.0,0.0,57.75,57.750              ,57.75,57.75,57.75,57.75,57.75,57.75,57.75,40.831,24.184,51.112,32.489,45.398,14.815,49.809,17.836,34.559,1633.333,1633.333,1960.0,1960.0,1633.333,1633.333,1650.0,1650.0,1960.0,0.63,0.63,0.743,0.742,0.582,0.576,0.663,0.662,14.979,4562.0,18163.0,24.068,272.0,41.55
2026-07-08 04:56:42,57.0,70.000              ,1042.078,457.0,1200.0,0.0,57.75,57.750              ,57.75,57.75,57.75,57.75,57.75,57.75,57.75,48.489,34.591,44.355,42.476,63.456,22.115,58.796,30.344,43.078,1566.667,1566.667,1880.0,1880.0,1566.667,1566.667,1880.0,1880.0,1880.0,0.587,0.587,0.63,0.629,0.678,0.685,0.693,0.693,15.176,4565.0,18162.0,24.3,273.0,41.15
2026-07-08 04:56:43,57.0,71.000              ,1042.094,200.0,1200.0,0.0,57.75,57.750              ,57.75,57.75,57.75,57.75,57.75,57.75,57.75,47.864,28.097,42.997,33.282,61.289,12.008,45.984,25.215,37.092,1550.0,1550.0,1860.0,1860.0,1550.0,1550.0,1860.0,1860.0,1860.0,0.641,0.641,0.612,0.612,0.67,0.67,0.644,0.644,14.932,4568.0,18163.0,23.151,274.0,43.19
2026-07-08 04:56:44,57.0,69.000              ,1042.09,484.0,1200.0,0.0,57.75,57.750              ,57.75,57.75,57.75,57.75,57.75,57.75,57.75,44.274,28.122,40.425,37.759,43.905,12.885,45.226,34.085,35.835,1683.333,1683.333,1683.333,1683.333,1683.333,1683.333,2020.0,2020.0,2020.0,0.593,0.593,0.651,0.651,0.506,0.506,0.706,0.706,15.164,4569.0,18159.0,23.766,275.0,42.08
2026-07-08 04:56:45,57.0,69.000              ,1042.094,375.0,1200.0,0.0,57.75,57.750              ,57.75,57.75,57.75,57.75,57.75,57.75,57.75,38.922,31.416,40.509,55.923,49.074,22.581,44.782,32.503,39.464,1583.333,1583.333,1900.0,1900.0,1900.0,1900.0,1600.0,1600.0,1900.0,0.566,0.567,0.797,0.799,0.602,0.602,0.614,0.615,15.132,4569.0,18160.0,24.679,276.0,40.52
2026-07-08 04:56:46,57.0,76.000              ,1042.059,426.0,1200.0,0.0,57.75,57.750              ,57.75,57.75,57.75,57.75,57.75,57.75,57.75,35.437,28.645,35.126,60.726,49.816,14.587,45.762,21.074,36.397,1485.714,1485.714,1485.714,1485.714,1485.714,1485.714,1733.333,1733.333,1733.333,0.519,0.518,0.798,0.797,0.542,0.534,0.564,0.563,14.881,4575.0,18161.0,29.445,277.0,33.96
2026-07-08 04:56:47,57.0,75.000              ,1039.047,457.0,1200.0,0.0,57.75,57.750              ,57.75,57.75,57.75,57.75,57.75,57.75,57.75,43.993,30.103,55.649,35.909,50.278,18.662,50.843,28.592,39.254,1566.667,1566.667,1880.0,1880.0,1566.667,1566.667,1880.0,1880.0,1880.0,0.578,0.58,0.751,0.746,0.575,0.584,0.667,0.668,15.117,4577.0,18160.0,24.42,278.0,40.95
2026-07-08 04:56:48,57.0,70.000              ,1039.051,508.0,1200.0,0.0,57.75,57.750              ,57.75,57.75,57.75,57.75,57.75,57.75,57.75,36.781,30.833,37.146,44.798,54.25,15.336,45.829,13.502,34.809,1633.333,1633.333,1960.0,1960.0,1633.333,1633.333,1650.0,1650.0,1960.0,0.575,0.572,0.731,0.735,0.652,0.652,0.557,0.556,15.067,4580.0,18158.0,24.165,279.0,41.38
2026-07-08 04:56:49,57.0,69.000              ,1040.559,400.0,1200.0,0.0,57.75,57.750              ,57.75,57.75,57.75,57.75,57.75,57.75,57.75,49.256,37.406,56.953,49.396,57.882,29.525,61.247,27.172,46.105,1566.667,1566.667,1880.0,1880.0,1880.0,1880.0,1583.333,1583.333,1880.0,0.609,0.609,0.744,0.744,0.635,0.635,0.642,0.642,15.107,4584.0,18159.0,31.564,280.0,31.68
2026-07-08 04:56:50,57.0,72.000              ,1041.02,370.0,1200.0,0.0,57.75,57.750              ,57.75,57.75,57.75,57.75,57.75,57.75,57.75,42.008,35.053,47.518,56.706,60.319,20.738,60.406,21.375,43.015,1500.0,1500.0,1800.0,1800.0,1500.0,1500.0,1500.0,1500.0,1800.0,0.518,0.518,0.761,0.754,0.563,0.563,0.551,0.558,15.147,4591.0,18159.0,25.749,281.0,38.84
2026-07-08 04:56:51,57.0,79.000              ,1041.027,352.0,1200.0,0.0,57.75,57.750              ,57.75,57.75,57.75,57.75,57.75,57.75,57.75,48.812,40.647,59.073,58.186,66.112,23.596,55.457,32.344,48.028,1442.857,1716.667,1471.429,1471.429,1471.429,1471.429,1471.429,1471.429,1716.667,0.546,0.546,0.749,0.756,0.589,0.589,0.576,0.569,15.091,4589.0,18160.0,30.239,282.0,33.07
2026-07-08 04:56:52,57.0,82.000              ,1041.027,370.0,1200.0,0.0,57.75,57.750              ,57.75,57.75,57.75,57.75,57.75,57.75,57.75,50.598,43.862,58.651,63.397,61.876,25.48,58.476,32.559,49.362,1428.571,1428.571,1650.0,1650.0,1650.0,1414.286,1414.286,1414.286,1650.0,0.559,0.559,0.758,0.758,0.573,0.573,0.58,0.581,14.994,4593.0,18161.0,24.874,283.0,40.2
2026-07-08 04:56:53,57.0,83.000              ,1041.023,457.0,1200.0,0.0,57.75,57.750              ,57.75,57.75,57.75,57.75,57.75,57.75,57.75,41.632,32.665,42.796,56.769,61.03,15.69,56.633,19.973,40.898,1457.143,1457.143,1700.0,1700.0,1457.143,1457.143,1457.143,1457.143,1700.0,0.535,0.535,0.725,0.723,0.554,0.555,0.563,0.562,14.781,4595.0,18160.0,21.495,284.0,46.52
2026-07-08 04:56:54,57.0,76.000              ,1041.023,450.0,1200.0,0.0,57.75,57.750              ,57.75,57.75,57.75,57.75,57.75,57.75,57.75,40.801,30.856,52.461,56.69,54.756,18.828,59.26,24.926,42.322,1550.0,1550.0,1860.0,1860.0,1550.0,1550.0,1550.0,1550.0,1860.0,0.535,0.529,0.822,0.825,0.558,0.558,0.62,0.62,15.206,4599.0,18160.0,23.443,285.0,42.66
2026-07-08 04:56:55,57.0,73.000              ,1041.027,426.0,1200.0,0.0,57.75,57.750              ,57.75,57.75,57.75,57.75,57.75,57.75,57.75,46.176,29.906,45.332,53.433,59.888,18.183,54.119,20.603,40.955,1566.667,1566.667,1880.0,1880.0,1566.667,1566.667,1566.667,1566.667,1880.0,0.589,0.596,0.783,0.783,0.609,0.609,0.605,0.605,14.872,4598.0,18160.0,22.504,286.0,44.44
2026-07-08 04:56:56,57.0,77.000              ,1044.035,457.0,1200.0,0.0,57.75,57.750              ,57.75,57.75,57.75,57.75,57.75,57.75,57.75,42.271,30.449,46.381,51.091,58.141,17.971,54.048,22.939,40.411,1550.0,1550.0,1860.0,1860.0,1550.0,1550.0,1550.0,1550.0,1860.0,0.547,0.547,0.753,0.757,0.591,0.591,0.615,0.617,15.169,4602.0,18164.0,25.482,287.0,39.24
2026-07-08 04:56:57,57.0,75.000              ,1046.543,450.0,1200.0,0.0,57.75,57.750              ,57.75,57.75,57.75,57.75,57.75,57.75,57.75,40.339,33.717,46.331,53.88,58.243,20.086,55.1,23.646,41.418,1533.333,1533.333,1840.0,1840.0,1840.0,1533.333,1533.333,1533.333,1840.0,0.557,0.558,0.758,0.753,0.566,0.566,0.608,0.608,15.041,4603.0,18168.0,24.457,288.0,40.89
2026-07-08 04:56:58,57.0,75.000              ,1046.578,492.0,1200.0,0.0,57.75,57.750              ,57.75,57.75,57.75,57.75,57.75,57.75,57.75,39.923,24.4,38.915,37.42,56.709,15.413,51.733,23.231,35.968,1583.333,1600.0,1920.0,1920.0,1600.0,1600.0,1616.667,1616.667,1920.0,0.558,0.556,0.621,0.622,0.625,0.627,0.669,0.67,14.952,4606.0,18167.0,20.04,289.0,49.9
2026-07-08 04:56:59,57.0,71.000              ,1046.578,229.0,1200.0,0.0,57.75,57.750              ,57.75,57.75,57.75,57.75,57.75,57.75,57.75,58.816,48.017,65.169,72.045,71.154,36.171,67.86,44.77,58.0,1516.667,1516.667,1820.0,1820.0,1516.667,1500.0,1500.0,1500.0,1820.0,0.605,0.605,0.806,0.809,0.675,0.677,0.676,0.673,15.244,4625.0,18172.0,24.492,290.0,40.83
2026-07-08 04:57:00,57.0,74.000              ,1046.578,244.0,1200.0,0.0,57.75,57.750              ,57.75,57.75,57.75,57.75,57.75,57.75,57.75,65.582,53.458,66.393,75.85,68.718,54.567,69.48,52.644,63.337,1271.429,1271.429,1483.333,1483.333,1483.333,1483.333,1271.429,1271.429,1483.333,0.596,0.596,0.722,0.72,0.639,0.635,0.627,0.628,15.178,4661.0,18182.0,32.395,291.0,30.87
2026-07-08 04:57:01,57.0,87.000              ,1046.516,272.0,1200.0,0.0,57.75,57.750              ,57.75,57.75,57.75,57.75,57.75,57.75,57.75,57.592,43.901,51.403,67.504,57.939,34.666,62.071,45.711,52.598,1314.286,1516.667,1516.667,1516.667,1516.667,1516.667,1516.667,1300.0,1516.667,0.561,0.561,0.709,0.71,0.56,0.562,0.641,0.63,14.815,4659.0,18171.0,23.275,292.0,42.96
2026-07-08 04:57:02,57.0,90.000              ,1046.512,442.0,1200.0,0.0,57.75,57.750              ,57.75,57.75,57.75,57.75,57.75,57.75,57.75,48.541,34.12,53.815,55.192,51.02,30.347,59.904,41.705,46.831,1328.571,1328.571,1328.571,1328.571,1328.571,1328.571,1550.0,1550.0,1550.0,0.521,0.523,0.704,0.703,0.531,0.528,0.662,0.672,14.907,4662.0,18168.0,27.069,293.0,36.94
2026-07-08 04:57:03,57.0,81.000              ,1046.516,461.0,1200.0,0.0,57.75,57.750              ,57.75,57.75,57.75,57.75,57.75,57.75,57.75,44.803,34.522,46.809,43.116,63.475,14.858,52.775,25.717,40.759,1533.333,1533.333,1840.0,1840.0,1533.333,1533.333,1516.667,1516.667,1840.0,0.624,0.622,0.709,0.709,0.634,0.624,0.656,0.656,14.854,4665.0,18166.0,23.171,294.0,43.16
2026-07-08 04:57:04,57.0,70.000              ,1046.535,457.0,1200.0,0.0,57.75,57.750              ,57.75,57.75,57.75,57.75,57.75,57.75,57.75,44.918,29.534,45.856,54.453,50.115,15.769,42.051,23.689,38.298,1650.0,1650.0,1980.0,1980.0,1650.0,1650.0,1650.0,1650.0,1980.0,0.612,0.612,0.858,0.854,0.549,0.557,0.601,0.605,15.167,4664.0,18167.0,25.329,295.0,39.48
2026-07-08 04:57:05,57.0,68.000              ,1046.539,200.0,1200.0,0.0,57.75,57.750              ,57.75,57.75,57.75,57.75,57.75,57.75,57.75,44.499,28.616,44.943,46.805,57.461,17.331,36.531,36.318,39.063,1550.0,1550.0,1860.0,1860.0,1550.0,1550.0,1550.0,1550.0,1860.0,0.572,0.572,0.745,0.748,0.6,0.6,0.636,0.631,15.028,4666.0,18167.0,20.439,296.0,48.93
2026-07-08 04:57:06,57.0,69.000              ,1046.547,442.0,1200.0,0.0,57.75,57.750              ,57.75,57.75,57.75,57.75,57.75,57.75,57.75,41.402,28.694,38.631,44.795,51.751,11.92,45.509,28.03,36.342,1700.0,1700.0,2040.0,2020.0,1683.333,1683.333,1683.333,1683.333,2040.0,0.593,0.593,0.731,0.734,0.562,0.562,0.619,0.619,15.103,4666.0,18167.0,24.142,297.0,41.42
2026-07-08 04:57:07,57.0,69.000              ,1048.875,469.0,1200.0,0.0,57.75,57.750              ,57.75,57.75,57.75,57.75,57.75,57.75,57.75,49.768,27.593,48.212,44.357,49.2,16.837,47.016,23.073,38.257,1616.667,1616.667,1940.0,1920.0,1600.0,1600.0,1600.0,1600.0,1940.0,0.621,0.621,0.795,0.791,0.565,0.565,0.646,0.646,14.959,4668.0,18170.0,27.992,298.0,35.72
2026-07-08 04:57:08,57.0,72.000              ,1048.871,406.0,1200.0,0.0,57.75,57.750              ,57.75,57.75,57.75,57.75,57.75,57.75,57.75,39.053,32.767,45.433,43.12,57.069,14.346,54.657,26.547,39.124,1666.667,1650.0,1980.0,1980.0,1650.0,1650.0,1650.0,1650.0,1980.0,0.547,0.547,0.695,0.695,0.568,0.57,0.666,0.672,15.205,4689.0,18171.0,27.853,299.0,35.9
2026-07-08 04:57:09,57.0,73.000              ,1048.871,387.0,1200.0,0.0,57.75,57.750              ,57.75,57.75,57.75,57.75,57.75,57.75,57.75,47.503,40.656,48.879,60.19,59.887,18.925,62.291,36.971,46.913,1457.143,1457.143,1700.0,1700.0,1457.143,1457.143,1700.0,1700.0,1700.0,0.564,0.564,0.741,0.741,0.555,0.553,0.666,0.66,14.934,4696.0,18172.0,27.953,300.0,35.77
2026-07-08 04:57:10,57.0,73.000              ,1046.348,457.0,1200.0,0.0,57.75,57.750              ,57.75,57.75,57.75,57.75,57.75,57.75,57.75,42.936,28.992,50.398,42.33,55.31,20.289,51.708,30.329,40.286,1466.667,1466.667,1760.0,1760.0,1466.667,1466.667,1760.0,1760.0,1760.0,0.569,0.57,0.748,0.748,0.595,0.595,0.64,0.641,14.909,4697.0,18172.0,25.594,301.0,39.07
2026-07-08 04:57:11,57.0,70.000              ,1046.352,272.0,1200.0,0.0,57.75,57.750              ,57.75,57.75,57.75,57.75,57.75,57.75,57.75,44.91,38.148,49.892,45.621,64.732,24.914,54.428,37.957,45.075,1633.333,1633.333,1960.0,1960.0,1960.0,1960.0,1633.333,1633.333,1960.0,0.587,0.587,0.686,0.686,0.668,0.669,0.666,0.666,15.506,4707.0,18172.0,25.029,302.0,39.95
2026-07-08 04:57:12,57.0,74.000              ,1045.699,200.0,1200.0,0.0,57.75,57.750              ,57.75,57.75,57.75,57.75,57.75,57.75,57.75,58.802,46.057,59.714,65.132,61.754,44.322,69.235,50.154,56.896,1500.0,1500.0,1500.0,1500.0,1285.714,1285.714,1500.0,1500.0,1500.0,0.571,0.57,0.712,0.717,0.624,0.622,0.693,0.693,15.011,4733.0,18164.0,34.085,303.0,29.34
2026-07-08 04:57:13,57.0,80.000              ,1040.008,387.0,1200.0,0.0,57.75,57.750              ,57.75,57.75,57.75,57.75,57.75,57.75,57.75,57.906,45.904,57.893,59.749,67.735,39.662,64.538,49.768,55.394,1285.714,1285.714,1516.667,1516.667,1516.667,1516.667,1516.667,1516.667,1516.667,0.571,0.571,0.674,0.667,0.623,0.623,0.64,0.639,14.723,4725.0,18124.0,33.654,304.0,29.71
2026-07-08 04:57:14,57.0,76.000              ,1038.652,387.0,1200.0,0.0,57.75,57.750              ,57.75,57.75,57.75,57.75,57.75,57.75,57.75,46.732,35.205,48.58,57.821,57.198,25.531,54.035,36.241,45.168,1550.0,1550.0,1860.0,1860.0,1550.0,1550.0,1550.0,1550.0,1860.0,0.583,0.583,0.776,0.776,0.613,0.613,0.649,0.649,15.104,4735.0,18121.0,39.048,305.0,25.61
2026-07-08 04:57:15,57.0,76.000              ,1038.652,352.0,1200.0,0.0,57.75,57.750              ,57.75,57.75,57.75,57.75,57.75,57.75,57.75,51.959,41.84,52.014,60.378,63.244,27.987,62.423,39.263,49.889,1500.0,1500.0,1750.0,1750.0,1500.0,1500.0,1750.0,1750.0,1750.0,0.564,0.565,0.726,0.726,0.602,0.602,0.642,0.642,15.088,4734.0,18121.0,30.021,306.0,33.31
2026-07-08 04:57:16,57.0,79.000              ,1039.156,435.0,1200.0,0.0,57.75,57.750              ,57.75,57.75,57.75,57.75,57.75,57.75,57.75,39.737,36.134,39.367,60.407,48.918,19.502,47.332,34.355,40.719,1414.286,1414.286,1650.0,1650.0,1650.0,1650.0,1650.0,1650.0,1650.0,0.526,0.525,0.724,0.725,0.509,0.509,0.594,0.594,14.795,4741.0,18118.0,25.087,307.0,39.86
2026-07-08 04:57:17,57.0,77.000              ,1039.152,450.0,1200.0,0.0,57.75,57.750              ,57.75,57.75,57.75,57.75,57.75,57.75,57.75,36.679,27.354,52.15,42.013,53.908,9.28,45.456,21.119,35.995,1666.667,1666.667,2000.0,2000.0,1666.667,1666.667,1666.667,1666.667,2000.0,0.591,0.592,0.835,0.834,0.555,0.555,0.617,0.617,14.947,4741.0,18118.0,26.078,308.0,38.35
2026-07-08 04:57:18,57.0,72.000              ,1039.156,387.0,1200.0,0.0,57.75,57.750              ,57.75,57.75,57.75,57.75,57.75,57.75,57.75,47.488,35.605,40.284,56.36,55.478,15.73,50.634,29.036,41.327,1600.0,1600.0,1920.0,1920.0,1600.0,1600.0,1600.0,1600.0,1920.0,0.609,0.608,0.773,0.773,0.583,0.583,0.628,0.628,15.173,4745.0,18118.0,28.259,309.0,35.39
2026-07-08 04:57:19,57.0,73.000              ,1039.16,200.0,1200.0,0.0,57.75,57.750              ,57.75,57.75,57.75,57.75,57.75,57.75,57.75,66.266,55.914,69.043,66.959,75.981,51.96,73.746,57.209,64.635,1550.0,1550.0,1860.0,1860.0,1550.0,1550.0,1550.0,1550.0,1860.0,0.664,0.663,0.758,0.758,0.739,0.74,0.711,0.711,15.449,4802.0,18120.0,0.0,310.0,
2026-07-08 04:57:20,57.0,85.000              ,1027.027,200.0,1200.0,0.0,57.75,57.750              ,57.75,57.75,57.75,57.75,57.75,57.75,57.75,90.441,86.909,93.266,92.675,93.213,89.652,92.439,87.059,90.707,1400.0,1400.0,1400.0,1400.0,1400.0,1400.0,1400.0,1400.0,1400.0,0.795,0.796,0.832,0.832,0.814,0.82,0.828,0.828,15.552,4926.0,18099.0,47.949,311.0,20.86
2026-07-08 04:57:21,57.0,88.000              ,1026.902,200.0,1200.0,0.0,57.875,57.875              ,57.875,57.875,57.875,57.875,57.875,57.875,57.875,99.776,99.659,99.654,99.537,99.855,99.463,99.708,99.701,99.669,1400.0,1400.0,1400.0,1400.0,1400.0,1400.0,1400.0,1400.0,1400.0,0.83,0.83,0.86,0.85,0.865,0.871,0.848,0.849,15.858,5004.0,17884.0,37.001,312.0,27.03
2026-07-08 04:57:22,58.0,83.000              ,1026.906,200.0,1200.0,0.0,58.0,58.000              ,58.0,58.0,58.0,58.0,58.0,58.0,58.0,92.925,89.943,92.568,93.477,93.185,91.99,93.301,92.193,92.448,1400.0,1400.0,1400.0,1400.0,1400.0,1400.0,1400.0,1400.0,1400.0,0.797,0.796,0.801,0.81,0.83,0.822,0.821,0.821,15.646,4930.0,17182.0,38.907,313.0,25.7
2026-07-08 04:57:23,58.0,88.000              ,1027.047,200.0,1200.0,0.0,58.0,58.000              ,58.0,58.0,58.0,58.0,58.0,58.0,58.0,78.569,71.669,77.352,79.725,77.618,71.923,77.85,67.593,75.287,1400.0,1400.0,1400.0,1400.0,1400.0,1400.0,1400.0,1400.0,1400.0,0.724,0.724,0.759,0.76,0.746,0.743,0.703,0.701,15.251,4848.0,16162.0,39.708,314.0,25.18
2026-07-08 04:57:24,58.0,90.000              ,1027.043,200.0,1200.0,0.0,58.0,58.000              ,58.0,58.0,58.0,58.0,58.0,58.0,58.0,66.852,55.49,74.078,70.846,72.652,64.242,74.113,63.787,67.757,1400.0,1400.0,1400.0,1400.0,1400.0,1400.0,1400.0,1400.0,1400.0,0.667,0.667,0.775,0.774,0.731,0.732,0.734,0.734,15.087,4846.0,16159.0,32.909,315.0,30.39
2026-07-08 04:57:25,58.0,90.000              ,997.676,200.0,1200.0,0.0,58.0,58.000              ,58.0,58.0,58.0,58.0,58.0,58.0,58.0,90.904,88.026,89.649,90.09,90.767,85.855,91.668,87.737,89.337,1400.0,1400.0,1400.0,1400.0,1400.0,1400.0,1400.0,1400.0,1400.0,0.813,0.815,0.795,0.796,0.797,0.797,0.809,0.809,15.283,4932.0,16141.0,0.0,316.0,
2026-07-08 04:57:26,58.0,82.000              ,846.445,200.0,1200.0,0.0,58.0,58.000              ,58.0,58.0,58.0,58.0,58.0,58.0,58.0,93.135,89.814,93.5,92.146,91.475,88.681,95.361,95.56,92.459,1400.0,1400.0,1400.0,1400.0,1400.0,1400.0,1400.0,1400.0,1400.0,0.799,0.8,0.806,0.807,0.802,0.818,0.839,0.839,15.354,5007.0,15800.0,69.514,317.0,14.39
2026-07-08 04:57:27,58.0,68.000              ,846.367,200.0,1200.0,0.0,58.0,58.000              ,58.0,58.0,58.0,58.0,58.0,58.0,58.0,97.111,96.412,97.098,97.504,97.617,96.495,98.334,98.07,97.33,1400.0,1400.0,1400.0,1400.0,1400.0,1400.0,1400.0,1400.0,1400.0,0.833,0.822,0.836,0.834,0.857,0.847,0.859,0.859,15.655,4820.0,15216.0,70.035,318.0,14.28
2026-07-08 04:57:28,58.0,75.000              ,775.195,200.0,1200.0,0.0,58.0,58.000              ,58.0,58.0,58.0,58.0,58.0,58.0,58.0,87.473,82.215,86.067,85.302,89.631,83.446,92.191,91.296,87.203,1314.286,1314.286,1314.286,1300.0,1300.0,1300.0,1300.0,1300.0,1314.286,0.7,0.709,0.712,0.711,0.719,0.719,0.719,0.72,15.086,4635.0,14249.0,29.876,319.0,33.47
2026-07-08 04:57:29,58.0,86.000              ,774.816,200.0,1200.0,0.0,58.0,58.000              ,58.0,58.0,58.0,58.0,58.0,58.0,58.0,67.954,59.554,66.353,68.109,66.381,51.827,75.583,60.864,64.578,1225.0,1225.0,1225.0,1225.0,1225.0,1225.0,1225.0,1225.0,1225.0,0.601,0.6,0.623,0.625,0.566,0.566,0.634,0.633,14.658,4605.0,14221.0,29.107,320.0,34.36
2026-07-08 04:57:30,58.0,89.000              ,774.754,200.0,1200.0,0.0,58.0,58.000              ,58.0,58.0,58.0,58.0,58.0,58.0,58.0,50.523,43.098,49.69,59.074,62.93,27.757,71.017,52.85,52.117,1328.571,1328.571,1328.571,1328.571,1328.571,1328.571,1328.571,1328.571,1328.571,0.544,0.544,0.609,0.604,0.561,0.561,0.615,0.616,14.174,4604.0,14220.0,31.72,321.0,31.53
2026-07-08 04:57:31,58.0,93.000              ,774.754,200.0,1200.0,0.0,58.0,58.000              ,58.0,58.0,58.0,58.0,58.0,58.0,58.0,48.385,40.654,54.644,62.047,61.456,29.019,72.231,53.225,52.708,1400.0,1400.0,1400.0,1400.0,1400.0,1400.0,1400.0,1400.0,1400.0,0.535,0.539,0.612,0.616,0.57,0.57,0.628,0.627,14.329,4588.0,14217.0,29.576,322.0,33.81
2026-07-08 04:57:32,58.0,93.000              ,774.758,200.0,1200.0,0.0,58.0,58.000              ,58.0,58.0,58.0,58.0,58.0,58.0,58.0,50.793,36.486,43.395,60.703,58.866,24.065,75.592,35.348,48.156,1400.0,1400.0,1400.0,1400.0,1400.0,1400.0,1400.0,1400.0,1400.0,0.535,0.531,0.6,0.6,0.541,0.541,0.599,0.599,14.041,4570.0,14210.0,30.707,323.0,32.57
2026-07-08 04:57:33,57.0,93.000              ,774.758,200.0,1200.0,0.0,57.75,57.750              ,57.75,57.75,57.75,57.75,57.75,57.75,57.75,47.237,34.14,39.126,53.632,55.602,22.787,66.851,50.72,46.262,1400.0,1400.0,1400.0,1400.0,1400.0,1400.0,1400.0,1400.0,1400.0,0.516,0.516,0.563,0.559,0.514,0.517,0.609,0.612,14.105,4555.0,14202.0,29.341,324.0,34.08
2026-07-08 04:57:34,57.0,95.000              ,774.758,200.0,1200.0,0.0,57.75,57.750              ,57.75,57.75,57.75,57.75,57.75,57.75,57.75,52.165,34.29,46.906,59.196,56.898,28.462,67.793,59.417,50.641,1400.0,1400.0,1400.0,1400.0,1400.0,1400.0,1400.0,1400.0,1400.0,0.534,0.533,0.593,0.598,0.537,0.536,0.633,0.63,14.177,4523.0,14198.0,31.651,325.0,31.59
2026-07-08 04:57:35,57.0,94.000              ,774.754,222.0,1200.0,0.0,57.75,57.750              ,57.75,57.75,57.75,57.75,57.75,57.75,57.75,53.063,37.322,47.673,58.387,58.598,26.492,78.675,52.112,51.54,1400.0,1400.0,1400.0,1400.0,1400.0,1400.0,1400.0,1400.0,1400.0,0.533,0.535,0.603,0.607,0.535,0.533,0.677,0.677,14.404,4453.0,14190.0,29.55,326.0,33.84
2026-07-08 04:57:36,57.0,94.000              ,774.758,290.0,1200.0,0.0,57.75,57.750              ,57.75,57.75,57.75,57.75,57.75,57.75,57.75,60.508,40.768,54.698,66.989,65.326,26.476,70.405,54.067,54.905,1500.0,1500.0,1500.0,1500.0,1500.0,1500.0,1500.0,1500.0,1500.0,0.549,0.548,0.67,0.665,0.518,0.518,0.7,0.7,14.969,4336.0,14190.0,27.652,327.0,36.16
2026-07-08 04:57:37,57.0,91.000              ,774.758,435.0,1200.0,0.0,57.75,57.750              ,57.75,57.75,57.75,57.75,57.75,57.75,57.75,44.152,38.574,46.814,60.434,56.482,20.118,53.267,29.018,43.608,1566.667,1566.667,1566.667,1566.667,1342.857,1342.857,1566.667,1566.667,1566.667,0.552,0.551,0.733,0.734,0.554,0.554,0.6,0.601,14.801,4321.0,14190.0,29.637,328.0,33.74
2026-07-08 04:57:38,57.0,79.000              ,774.758,420.0,1200.0,0.0,57.75,57.750              ,57.75,57.75,57.75,57.75,57.75,57.75,57.75,38.026,24.603,41.712,33.142,61.23,8.334,39.055,18.575,33.085,1650.0,1633.333,1960.0,1960.0,1633.333,1633.333,1633.333,1633.333,1960.0,0.588,0.588,0.693,0.692,0.665,0.665,0.628,0.63,14.862,4320.0,14189.0,22.352,329.0,44.74
2026-07-08 04:57:39,57.0,70.000              ,762.723,450.0,1200.0,0.0,57.75,57.750              ,57.75,57.75,57.75,57.75,57.75,57.75,57.75,37.656,26.265,45.658,34.157,56.906,11.27,47.472,21.107,35.061,1800.0,1800.0,2160.0,2160.0,1800.0,1800.0,1800.0,1800.0,2160.0,0.637,0.637,0.78,0.78,0.683,0.684,0.709,0.707,15.266,4310.0,14178.0,20.759,330.0,48.17
2026-07-08 04:57:40,57.0,70.000              ,762.852,469.0,1200.0,0.0,57.75,57.750              ,57.75,57.75,57.75,57.75,57.75,57.75,57.75,31.308,31.108,61.39,26.435,46.453,14.351,47.549,20.971,34.946,1780.0,1780.0,2225.0,2225.0,1780.0,1780.0,1780.0,1780.0,2225.0,0.603,0.603,0.808,0.808,0.588,0.587,0.686,0.686,15.325,4309.0,14178.0,19.226,331.0,52.01
2026-07-08 04:57:41,57.0,72.000              ,762.852,469.0,1200.0,0.0,57.75,57.750              ,57.75,57.75,57.75,57.75,57.75,57.75,57.75,47.324,32.517,49.827,33.058,58.504,15.129,52.042,33.939,40.293,1940.0,1616.667,1940.0,1940.0,1633.333,1633.333,1960.0,1960.0,1960.0,0.618,0.618,0.634,0.634,0.607,0.608,0.755,0.755,15.121,4307.0,14178.0,20.518,332.0,48.74
2026-07-08 04:57:42,57.0,72.000              ,762.852,406.0,1200.0,0.0,57.75,57.750              ,57.75,57.75,57.75,57.75,57.75,57.75,57.75,48.984,30.612,51.008,36.9,52.686,18.735,52.995,33.597,40.69,1566.667,1566.667,1880.0,1880.0,1566.667,1566.667,1880.0,1880.0,1880.0,0.607,0.607,0.67,0.67,0.562,0.562,0.728,0.728,15.157,4304.0,14167.0,18.787,333.0,53.23
2026-07-08 04:57:43,57.0,73.000              ,762.852,476.0,1200.0,0.0,57.75,57.750              ,57.75,57.75,57.75,57.75,57.75,57.75,57.75,47.108,29.359,41.91,49.163,54.424,16.322,50.149,29.46,39.737,1500.0,1500.0,1500.0,1500.0,1483.333,1483.333,1780.0,1780.0,1780.0,0.58,0.58,0.69,0.69,0.544,0.543,0.644,0.645,14.988,4303.0,14160.0,26.297,334.0,38.03
2026-07-08 04:57:44,57.0,73.000              ,762.848,413.0,1200.0,0.0,57.75,57.750              ,57.75,57.75,57.75,57.75,57.75,57.75,57.75,38.485,24.822,41.905,31.733,67.798,9.203,45.334,22.183,35.183,1666.667,1666.667,1666.667,1666.667,2000.0,2000.0,1666.667,1666.667,2000.0,0.588,0.588,0.644,0.645,0.737,0.737,0.657,0.657,15.041,4311.0,14160.0,23.383,335.0,42.77
2026-07-08 04:57:45,57.0,69.000              ,774.891,500.0,1200.0,0.0,57.75,57.750              ,57.75,57.75,57.75,57.75,57.75,57.75,57.75,42.841,31.325,48.854,38.809,55.629,17.409,51.042,27.945,39.232,1700.0,1700.0,2040.0,2040.0,1700.0,1700.0,1700.0,1700.0,2040.0,0.618,0.618,0.769,0.768,0.621,0.622,0.722,0.722,15.237,4329.0,14182.0,23.903,336.0,41.84
2026-07-08 04:57:46,57.0,67.000              ,774.879,500.0,1200.0,0.0,57.75,57.750              ,57.75,57.75,57.75,57.75,57.75,57.75,57.75,46.638,32.896,56.809,34.41,54.333,16.069,45.681,27.528,39.295,1666.667,1666.667,2000.0,2000.0,1666.667,1666.667,1666.667,1666.667,2000.0,0.627,0.627,0.751,0.751,0.614,0.615,0.652,0.652,15.063,4328.0,14181.0,20.507,337.0,48.76
2026-07-08 04:57:47,57.0,69.000              ,774.754,508.0,1200.0,0.0,57.75,57.750              ,57.75,57.75,57.75,57.75,57.75,57.75,57.75,40.264,30.204,48.136,30.836,53.842,12.494,48.517,21.871,35.771,1700.0,1700.0,2060.0,2060.0,1716.667,1716.667,1716.667,1716.667,2060.0,0.593,0.594,0.688,0.678,0.584,0.582,0.656,0.656,14.959,4328.0,14181.0,23.446,338.0,42.65
2026-07-08 04:57:48,57.0,71.000              ,774.754,420.0,1200.0,0.0,57.75,57.750              ,57.75,57.75,57.75,57.75,57.75,57.75,57.75,34.513,29.513,42.741,35.922,57.963,11.825,40.465,22.043,34.373,1716.667,1716.667,2060.0,2040.0,1700.0,1700.0,1700.0,1700.0,2060.0,0.614,0.612,0.739,0.758,0.668,0.668,0.67,0.67,15.175,4328.0,14181.0,23.77,339.0,42.07
2026-07-08 04:57:49,57.0,71.000              ,774.777,450.0,1200.0,0.0,57.75,57.750              ,57.75,57.75,57.75,57.75,57.75,57.75,57.75,45.724,27.082,46.157,33.994,59.542,14.242,50.105,16.259,36.638,1760.0,1760.0,2200.0,2200.0,1760.0,1760.0,1760.0,1760.0,2200.0,0.643,0.643,0.687,0.679,0.667,0.669,0.601,0.601,15.261,4327.0,14180.0,26.333,340.0,37.98
2026-07-08 04:57:50,57.0,72.000              ,776.031,200.0,1200.0,0.0,57.75,57.750              ,57.75,57.75,57.75,57.75,57.75,57.75,57.75,54.014,17.889,42.757,36.489,59.816,8.812,53.736,13.914,35.928,1920.0,1920.0,1920.0,1920.0,1940.0,1940.0,1616.667,1616.667,1940.0,0.707,0.707,0.699,0.699,0.637,0.635,0.613,0.613,14.861,4327.0,14181.0,24.441,341.0,40.91
2026-07-08 04:57:51,57.0,70.000              ,779.035,516.0,1200.0,0.0,57.75,57.750              ,57.75,57.75,57.75,57.75,57.75,57.75,57.75,44.478,15.965,34.062,52.071,56.687,14.379,55.244,13.198,35.761,1783.333,1783.333,2140.0,2140.0,1783.333,1783.333,1783.333,1783.333,2140.0,0.626,0.628,0.862,0.868,0.636,0.636,0.666,0.666,15.203,4339.0,14186.0,19.081,342.0,52.41
2026-07-08 04:57:52,57.0,69.000              ,779.039,476.0,1200.0,0.0,57.75,57.750              ,57.75,57.75,57.75,57.75,57.75,57.75,57.75,37.772,30.832,36.743,46.086,49.472,16.089,47.108,16.489,35.074,1650.0,1650.0,1980.0,1980.0,1650.0,1650.0,1650.0,1650.0,1980.0,0.588,0.587,0.748,0.741,0.597,0.597,0.577,0.577,15.046,4341.0,14188.0,25.153,343.0,39.76
2026-07-08 04:57:53,57.0,69.000              ,779.098,428.0,1200.0,0.0,57.75,57.750              ,57.75,57.75,57.75,57.75,57.75,57.75,57.75,30.245,24.708,51.719,29.293,56.657,7.8,36.506,24.814,32.718,1700.0,1700.0,2040.0,2040.0,1700.0,1700.0,1700.0,1700.0,2040.0,0.566,0.559,0.785,0.785,0.624,0.625,0.647,0.647,15.002,4341.0,14189.0,22.638,344.0,44.17
2026-07-08 04:57:54,57.0,69.000              ,779.098,428.0,1200.0,0.0,57.75,57.750              ,57.75,57.75,57.75,57.75,57.75,57.75,57.75,34.767,31.309,38.559,47.76,54.12,13.115,45.139,27.229,36.5,1716.667,1716.667,2040.0,2040.0,1716.667,1716.667,1716.667,1716.667,2040.0,0.575,0.585,0.782,0.784,0.595,0.594,0.653,0.653,15.066,4341.0,14189.0,23.724,345.0,42.15
2026-07-08 04:57:55,57.0,70.000              ,781.414,200.0,1200.0,0.0,57.75,57.750              ,57.75,57.75,57.75,57.75,57.75,57.75,57.75,37.912,28.83,46.9,47.96,57.194,16.881,50.03,25.073,38.848,1716.667,1716.667,2060.0,2060.0,1716.667,1716.667,1716.667,1716.667,2060.0,0.579,0.577,0.791,0.79,0.632,0.632,0.659,0.659,15.223,4340.0,14189.0,19.299,346.0,51.82
2026-07-08 04:57:56,57.0,68.000              ,780.914,435.0,1200.0,0.0,57.75,57.750              ,57.75,57.75,57.75,57.75,57.75,57.75,57.75,34.764,28.635,53.564,36.263,46.568,12.48,41.861,30.453,35.574,1666.667,1666.667,1980.0,1980.0,1650.0,1650.0,1650.0,1650.0,1980.0,0.602,0.602,0.811,0.817,0.576,0.576,0.698,0.7,14.922,4340.0,14189.0,22.14,347.0,45.17
2026-07-08 04:57:57,57.0,69.000              ,786.934,450.0,1200.0,0.0,57.75,57.750              ,57.75,57.75,57.75,57.75,57.75,57.75,57.75,46.042,34.201,45.211,44.882,59.406,20.807,56.442,31.344,42.292,1766.667,1766.667,2120.0,1766.667,1766.667,1766.667,2120.0,2120.0,2120.0,0.609,0.609,0.697,0.691,0.644,0.644,0.725,0.723,15.271,4351.0,14200.0,23.797,348.0,42.02
2026-07-08 04:57:58,57.0,70.000              ,791.445,200.0,1200.0,0.0,57.75,57.750              ,57.75,57.75,57.75,57.75,57.75,57.75,57.75,41.184,30.831,40.691,40.367,55.453,12.627,50.431,20.475,36.507,1633.333,1633.333,1960.0,1960.0,1633.333,1633.333,1633.333,1633.333,1960.0,0.627,0.627,0.77,0.771,0.632,0.632,0.683,0.683,14.799,4351.0,14205.0,24.498,349.0,40.82
2026-07-08 04:57:59,57.0,69.000              ,791.07,200.0,1200.0,0.0,57.625,57.625              ,57.625,57.625,57.625,57.625,57.625,57.625,57.625,37.71,27.672,36.8,31.48,51.289,11.214,43.779,25.082,33.128,1716.667,1733.333,2080.0,2080.0,2100.0,2100.0,1750.0,1750.0,2100.0,0.59,0.59,0.648,0.647,0.595,0.595,0.692,0.693,15.219,4349.0,14205.0,23.024,350.0,43.43
2026-07-08 04:58:00,57.0,67.000              ,786.559,457.0,1200.0,0.0,57.625,57.625              ,57.625,57.625,57.625,57.625,57.625,57.625,57.625,43.444,34.299,52.354,43.672,56.855,20.594,52.254,34.804,42.285,1650.0,1650.0,1980.0,1980.0,1650.0,1650.0,1980.0,1980.0,1980.0,0.607,0.607,0.759,0.758,0.625,0.625,0.691,0.69,15.128,4349.0,14204.0,21.012,351.0,47.59
2026-07-08 04:58:01,57.0,68.000              ,802.727,364.0,1200.0,0.0,57.625,57.625              ,57.625,57.625,57.625,57.625,57.625,57.625,57.625,48.112,34.553,47.189,52.551,56.92,24.89,53.67,31.259,43.643,1650.0,1650.0,1980.0,1980.0,1650.0,1650.0,1650.0,1650.0,1980.0,0.607,0.607,0.785,0.786,0.614,0.614,0.668,0.668,15.131,4366.0,14225.0,22.868,352.0,43.73
2026-07-08 04:58:02,57.0,73.000              ,800.852,331.0,1200.0,0.0,57.625,57.625              ,57.625,57.625,57.625,57.625,57.625,57.625,57.625,50.869,41.009,50.31,62.796,61.7,24.271,56.052,42.145,48.644,1483.333,1483.333,1780.0,1780.0,1483.333,1483.333,1483.333,1483.333,1780.0,0.568,0.568,0.743,0.743,0.575,0.576,0.622,0.622,15.029,4361.0,14226.0,20.083,353.0,49.79
2026-07-08 04:58:03,57.0,77.000              ,800.852,387.0,1200.0,0.0,57.625,57.625              ,57.625,57.625,57.625,57.625,57.625,57.625,57.625,44.346,40.439,50.501,44.854,59.127,21.907,53.428,32.537,43.392,1385.714,1385.714,1616.667,1616.667,1385.714,1385.714,1385.714,1600.0,1616.667,0.578,0.578,0.698,0.698,0.616,0.615,0.64,0.64,14.958,4359.0,14224.0,23.13,354.0,43.23
2026-07-08 04:58:04,57.0,71.000              ,801.145,393.0,1200.0,0.0,57.625,57.625              ,57.625,57.625,57.625,57.625,57.625,57.625,57.625,38.376,29.41,42.328,44.336,62.703,10.413,36.72,22.329,35.827,1716.667,1716.667,2060.0,2060.0,1716.667,1716.667,1716.667,1716.667,2060.0,0.612,0.613,0.781,0.786,0.681,0.681,0.601,0.603,14.785,4362.0,14225.0,21.328,355.0,46.89
2026-07-08 04:58:05,57.0,66.000              ,795.129,420.0,1200.0,0.0,57.625,57.625              ,57.625,57.625,57.625,57.625,57.625,57.625,57.625,48.466,37.83,46.314,52.54,60.315,21.773,56.224,33.554,44.627,1766.667,1766.667,1766.667,1766.667,2120.0,2120.0,1766.667,1766.667,2120.0,0.645,0.645,0.774,0.77,0.661,0.661,0.731,0.729,15.44,4347.0,14218.0,21.157,356.0,47.27
2026-07-08 04:58:06,57.0,72.000              ,793.945,500.0,1200.0,0.0,57.625,57.625              ,57.625,57.625,57.625,57.625,57.625,57.625,57.625,35.569,30.329,38.224,41.982,59.517,15.601,45.799,25.084,36.513,1616.667,1616.667,1940.0,1940.0,1616.667,1616.667,1616.667,1616.667,1940.0,0.559,0.559,0.703,0.703,0.68,0.68,0.638,0.638,14.878,4345.0,14217.0,27.447,357.0,36.43
2026-07-08 04:58:07,57.0,72.000              ,794.496,516.0,1200.0,0.0,57.625,57.625              ,57.625,57.625,57.625,57.625,57.625,57.625,57.625,44.87,31.344,56.776,37.463,53.739,13.791,42.572,23.368,37.99,1700.0,1700.0,2040.0,2020.0,1683.333,1683.333,1683.333,1683.333,2040.0,0.664,0.665,0.851,0.851,0.627,0.622,0.682,0.682,14.971,4343.0,14215.0,22.352,358.0,44.74
2026-07-08 04:58:08,57.0,70.000              ,795.156,413.0,1200.0,0.0,57.625,57.625              ,57.625,57.625,57.625,57.625,57.625,57.625,57.625,40.868,30.65,50.773,38.337,60.929,12.594,48.52,31.74,39.301,1716.667,1716.667,1716.667,1716.667,2040.0,2040.0,2040.0,2040.0,2040.0,0.61,0.609,0.772,0.774,0.652,0.657,0.708,0.708,15.172,4342.0,14215.0,24.707,359.0,40.47
2026-07-08 04:58:09,57.0,71.000              ,802.297,461.0,1200.0,0.0,57.625,57.625              ,57.625,57.625,57.625,57.625,57.625,57.625,57.625,44.521,32.9,48.223,38.759,55.025,17.984,47.446,30.464,39.415,1700.0,1700.0,2040.0,2060.0,1716.667,1716.667,1716.667,1716.667,2060.0,0.659,0.66,0.768,0.766,0.648,0.649,0.706,0.706,14.981,4354.0,14220.0,26.388,360.0,37.9
2026-07-08 04:58:10,57.0,70.000              ,802.293,370.0,1200.0,0.0,57.625,57.625              ,57.625,57.625,57.625,57.625,57.625,57.625,57.625,43.837,32.284,47.352,45.551,59.891,15.246,49.01,27.707,40.11,1700.0,1700.0,2020.0,2020.0,1683.333,1683.333,1683.333,1683.333,2020.0,0.643,0.642,0.819,0.819,0.637,0.637,0.689,0.68,15.324,4349.0,14223.0,24.723,361.0,40.45
2026-07-08 04:58:11,57.0,70.000              ,802.273,406.0,1200.0,0.0,57.625,57.625              ,57.625,57.625,57.625,57.625,57.625,57.625,57.625,45.555,31.005,48.971,44.606,60.393,19.262,44.565,35.967,41.29,1500.0,1500.0,1500.0,1800.0,1500.0,1500.0,1500.0,1500.0,1800.0,0.601,0.601,0.717,0.718,0.67,0.669,0.671,0.68,14.729,4362.0,14223.0,29.291,362.0,34.14
2026-07-08 04:58:12,57.0,71.000              ,802.273,393.0,1200.0,0.0,57.625,57.625              ,57.625,57.625,57.625,57.625,57.625,57.625,57.625,39.045,26.06,57.971,35.385,44.706,14.667,37.622,25.115,35.071,1800.0,1800.0,2160.0,2160.0,1800.0,1800.0,1800.0,1800.0,2160.0,0.647,0.647,0.865,0.865,0.608,0.608,0.672,0.672,14.915,4361.0,14218.0,30.524,363.0,32.76
2026-07-08 04:58:13,57.0,70.000              ,800.773,413.0,1200.0,0.0,57.625,57.625              ,57.625,57.625,57.625,57.625,57.625,57.625,57.625,40.288,34.063,58.904,49.032,53.724,20.824,45.586,32.134,41.819,1760.0,1760.0,2225.0,2225.0,1780.0,1780.0,1780.0,1760.0,2225.0,0.609,0.609,0.872,0.872,0.623,0.624,0.675,0.675,15.124,4365.0,14219.0,23.043,364.0,43.4
2026-07-08 04:58:14,57.0,71.000              ,800.77,381.0,1200.0,0.0,57.625,57.625              ,57.625,57.625,57.625,57.625,57.625,57.625,57.625,39.485,33.575,55.818,35.868,52.586,18.501,42.303,26.76,38.112,1733.333,1733.333,2080.0,2080.0,1733.333,1733.333,1733.333,1733.333,2080.0,0.654,0.655,0.83,0.83,0.634,0.633,0.686,0.687,15.091,4373.0,14217.0,20.012,365.0,49.97
2026-07-08 04:58:15,57.0,70.000              ,800.398,426.0,1200.0,0.0,57.625,57.625              ,57.625,57.625,57.625,57.625,57.625,57.625,57.625,43.953,23.343,38.926,34.958,41.965,13.147,42.66,28.087,33.38,1820.0,1820.0,2275.0,2275.0,1820.0,1820.0,1820.0,1820.0,2275.0,0.654,0.656,0.75,0.752,0.572,0.572,0.744,0.743,15.023,4374.0,14218.0,26.174,366.0,38.21
2026-07-08 04:58:16,57.0,69.000              ,792.191,387.0,1200.0,0.0,57.625,57.625              ,57.625,57.625,57.625,57.625,57.625,57.625,57.625,39.012,31.233,47.873,37.42,52.136,12.05,52.508,18.745,36.372,1760.0,1760.0,2200.0,2200.0,2200.0,2200.0,1760.0,1760.0,2200.0,0.653,0.64,0.814,0.813,0.616,0.616,0.729,0.729,15.027,4375.0,14210.0,25.849,367.0,38.69
2026-07-08 04:58:17,57.0,69.000              ,792.188,393.0,1200.0,0.0,57.625,57.625              ,57.625,57.625,57.625,57.625,57.625,57.625,57.625,31.624,27.64,45.547,38.718,42.194,13.034,39.534,19.355,32.206,1760.0,1760.0,2200.0,2200.0,1760.0,1760.0,2200.0,2200.0,2200.0,0.588,0.597,0.864,0.866,0.586,0.588,0.633,0.633,14.941,4374.0,14209.0,24.639,368.0,40.59
2026-07-08 04:58:18,57.0,69.000              ,780.145,200.0,1200.0,0.0,57.625,57.625              ,57.625,57.625,57.625,57.625,57.625,57.625,57.625,35.529,27.282,55.155,34.563,50.629,15.283,40.753,23.993,35.398,1820.0,1820.0,2275.0,2275.0,1820.0,1820.0,1820.0,1820.0,2275.0,0.628,0.628,0.858,0.857,0.646,0.645,0.675,0.675,15.228,4364.0,14199.0,21.139,369.0,47.31
2026-07-08 04:58:19,57.0,69.000              ,784.285,393.0,1200.0,0.0,57.5,57.500              ,57.5,57.5,57.5,57.5,57.5,57.5,57.5,35.814,29.738,41.007,36.131,48.939,10.14,44.237,19.205,33.151,1766.667,1750.0,2100.0,2100.0,1750.0,1750.0,1750.0,1750.0,2100.0,0.636,0.636,0.777,0.777,0.63,0.63,0.672,0.672,14.99,4364.0,14201.0,25.446,370.0,39.3
2026-07-08 04:58:20,57.0,69.000              ,791.828,200.0,1200.0,0.0,57.5,57.500              ,57.5,57.5,57.5,57.5,57.5,57.5,57.5,37.905,29.843,56.528,34.577,53.752,16.014,46.811,18.664,36.762,1800.0,1780.0,2225.0,2225.0,1780.0,1780.0,1780.0,1780.0,2225.0,0.639,0.639,0.823,0.823,0.671,0.67,0.673,0.673,15.068,4372.0,14205.0,21.914,371.0,45.63
2026-07-08 04:58:21,57.0,69.000              ,818.645,420.0,1200.0,0.0,57.5,57.500              ,57.5,57.5,57.5,57.5,57.5,57.5,57.5,53.891,26.494,62.538,32.488,55.007,13.725,50.366,22.349,39.607,1816.667,1816.667,2160.0,2160.0,1800.0,1800.0,1800.0,1800.0,2160.0,0.927,0.927,1.013,1.014,0.788,0.788,0.835,0.835,14.978,4426.0,14240.0,333.028,372.0,3.0
2026-07-08 04:58:22,57.0,68.000              ,818.648,426.0,1200.0,0.0,57.5,57.500              ,57.5,57.5,57.5,57.5,57.5,57.5,57.5,43.822,25.523,47.4,36.5,51.106,24.28,57.597,20.305,38.317,1816.667,1816.667,2160.0,2160.0,1800.0,1800.0,1800.0,1800.0,2160.0,0.589,0.589,0.697,0.696,0.679,0.679,0.733,0.733,15.265,4425.0,14240.0,22.966,373.0,43.54
2026-07-08 04:58:23,57.0,71.000              ,818.652,200.0,1200.0,0.0,57.5,57.500              ,57.5,57.5,57.5,57.5,57.5,57.5,57.5,42.433,24.285,42.391,32.716,44.647,13.306,58.989,13.822,34.073,1533.333,1533.333,1840.0,1840.0,1533.333,1533.333,1840.0,1840.0,1840.0,0.586,0.586,0.652,0.642,0.519,0.519,0.694,0.694,14.798,4424.0,14239.0,28.182,374.0,35.48
2026-07-08 04:58:24,57.0,70.000              ,814.152,200.0,1200.0,0.0,57.5,57.500              ,57.5,57.5,57.5,57.5,57.5,57.5,57.5,38.018,22.025,38.658,30.641,42.075,10.239,56.349,8.695,30.837,1733.333,1733.333,2080.0,2080.0,1733.333,1733.333,1733.333,1716.667,2080.0,0.575,0.575,0.7,0.714,0.564,0.564,0.724,0.724,15.167,4424.0,14238.0,23.486,375.0,42.58
2026-07-08 04:58:25,57.0,67.000              ,813.648,545.0,1200.0,0.0,57.5,57.500              ,57.5,57.5,57.5,57.5,57.5,57.5,57.5,40.658,23.354,42.229,30.113,46.948,13.122,53.475,11.538,32.68,1800.0,1800.0,1800.0,1800.0,2160.0,2160.0,1783.333,1783.333,2160.0,0.602,0.602,0.698,0.695,0.62,0.62,0.695,0.695,14.869,4424.0,14237.0,20.583,376.0,48.58
2026-07-08 04:58:26,57.0,70.000              ,813.645,375.0,1200.0,0.0,57.5,57.500              ,57.5,57.5,57.5,57.5,57.5,57.5,57.5,28.579,26.547,47.525,36.028,41.977,10.318,39.904,12.856,30.467,1800.0,1800.0,2160.0,2160.0,1800.0,1800.0,1800.0,1800.0,2160.0,0.571,0.571,0.837,0.839,0.57,0.57,0.582,0.582,15.142,4424.0,14237.0,30.005,377.0,33.33
2026-07-08 04:58:27,57.0,70.000              ,810.141,413.0,1200.0,0.0,57.5,57.500              ,57.5,57.5,57.5,57.5,57.5,57.5,57.5,31.966,28.658,63.237,34.347,48.703,17.804,47.789,20.28,36.598,1783.333,1783.333,2140.0,2140.0,1783.333,1783.333,1783.333,1783.333,2140.0,0.603,0.603,0.91,0.914,0.652,0.653,0.669,0.669,14.974,4425.0,14235.0,25.428,378.0,39.33
2026-07-08 04:58:28,57.0,70.000              ,810.145,413.0,1200.0,0.0,57.5,57.500              ,57.5,57.5,57.5,57.5,57.5,57.5,57.5,33.46,26.7,38.595,28.441,54.457,10.092,48.631,15.549,31.991,1780.0,1780.0,2225.0,2225.0,1780.0,1780.0,1780.0,1780.0,2225.0,0.578,0.579,0.665,0.66,0.664,0.665,0.68,0.68,15.086,4425.0,14232.0,25.805,379.0,38.75
2026-07-08 04:58:29,57.0,69.000              ,809.953,370.0,1200.0,0.0,57.5,57.500              ,57.5,57.5,57.5,57.5,57.5,57.5,57.5,44.335,32.852,48.942,40.519,58.115,21.818,57.811,23.039,40.929,1700.0,1700.0,1700.0,1700.0,1700.0,1700.0,2040.0,2040.0,2040.0,0.616,0.615,0.674,0.676,0.677,0.676,0.705,0.705,15.112,4435.0,14235.0,23.051,380.0,43.38
2026-07-08 04:58:30,57.0,69.000              ,809.953,344.0,1200.0,0.0,57.5,57.500              ,57.5,57.5,57.5,57.5,57.5,57.5,57.5,42.921,29.25,44.454,36.306,45.411,13.367,50.9,14.851,34.682,1733.333,1733.333,2060.0,2060.0,1716.667,1716.667,1716.667,1716.667,2060.0,0.669,0.669,0.79,0.789,0.614,0.614,0.662,0.661,14.849,4434.0,14232.0,22.331,381.0,44.78
2026-07-08 04:58:31,57.0,69.000              ,809.941,413.0,1200.0,0.0,57.5,57.500              ,57.5,57.5,57.5,57.5,57.5,57.5,57.5,36.604,29.179,45.084,36.217,47.742,21.372,46.0,26.319,36.065,2160.0,2160.0,2160.0,2160.0,2160.0,2160.0,1800.0,1800.0,2160.0,0.58,0.58,0.698,0.699,0.63,0.63,0.668,0.669,15.414,4433.0,14230.0,25.029,382.0,39.95
2026-07-08 04:58:32,57.0,69.000              ,812.445,200.0,1200.0,0.0,57.5,57.500              ,57.5,57.5,57.5,57.5,57.5,57.5,57.5,45.231,33.99,50.255,42.515,55.729,22.146,55.399,18.209,40.434,1566.667,1566.667,1880.0,1880.0,1583.333,1583.333,1550.0,1550.0,1880.0,0.585,0.585,0.702,0.701,0.609,0.609,0.614,0.614,14.756,4427.0,14231.0,26.16,383.0,38.23
2026-07-08 04:58:33,57.0,68.000              ,819.965,545.0,1200.0,0.0,57.5,57.500              ,57.5,57.5,57.5,57.5,57.5,57.5,57.5,42.026,32.406,56.111,29.522,41.258,11.431,56.916,17.964,35.954,1750.0,1750.0,1750.0,1750.0,1750.0,1750.0,2120.0,2120.0,2120.0,0.646,0.647,0.787,0.787,0.562,0.564,0.741,0.741,14.999,4443.0,14244.0,21.447,384.0,46.63
2026-07-08 04:58:34,57.0,69.000              ,822.539,200.0,1200.0,0.0,57.5,57.500              ,57.5,57.5,57.5,57.5,57.5,57.5,57.5,34.795,27.561,44.267,38.363,50.873,14.882,45.635,16.398,34.097,1750.0,1750.0,2100.0,2100.0,1750.0,1750.0,1750.0,1750.0,2100.0,0.583,0.582,0.781,0.783,0.634,0.632,0.612,0.612,15.206,4443.0,14247.0,22.821,385.0,43.82
2026-07-08 04:58:35,57.0,70.000              ,827.926,435.0,1200.0,0.0,57.5,57.500              ,57.5,57.5,57.5,57.5,57.5,57.5,57.5,37.158,31.825,63.536,38.246,47.902,18.754,44.575,24.137,38.267,1566.667,1566.667,1880.0,1880.0,1583.333,1583.333,1583.333,1583.333,1880.0,0.595,0.596,0.878,0.878,0.59,0.59,0.623,0.623,14.838,4444.0,14255.0,21.832,386.0,45.8
2026-07-08 04:58:36,57.0,70.000              ,821.922,484.0,1200.0,0.0,57.5,57.500              ,57.5,57.5,57.5,57.5,57.5,57.5,57.5,38.802,28.067,58.968,36.434,44.063,21.905,44.743,23.253,37.029,1800.0,1800.0,2160.0,2160.0,1800.0,1800.0,1800.0,1800.0,2160.0,0.623,0.624,0.861,0.859,0.606,0.606,0.672,0.675,15.164,4444.0,14250.0,20.223,387.0,49.45
2026-07-08 04:58:37,57.0,71.000              ,822.297,200.0,1200.0,0.0,57.5,57.500              ,57.5,57.5,57.5,57.5,57.5,57.5,57.5,41.822,33.349,39.017,56.842,55.719,19.54,50.406,20.952,39.706,1633.333,1650.0,1980.0,1980.0,1980.0,1980.0,1650.0,1650.0,1980.0,0.583,0.582,0.8,0.801,0.619,0.619,0.6,0.597,15.1,4444.0,14250.0,23.006,388.0,43.47
2026-07-08 04:58:38,57.0,69.000              ,822.293,420.0,1200.0,0.0,57.5,57.500              ,57.5,57.5,57.5,57.5,57.5,57.5,57.5,44.072,29.752,39.588,54.101,46.903,14.66,41.715,10.994,35.223,1633.333,1633.333,1960.0,1940.0,1616.667,1616.667,1616.667,1600.0,1960.0,0.625,0.616,0.881,0.88,0.592,0.592,0.549,0.55,14.967,4444.0,14249.0,23.948,389.0,41.76
2026-07-08 04:58:39,57.0,70.000              ,817.535,457.0,1200.0,0.0,57.5,57.500              ,57.5,57.5,57.5,57.5,57.5,57.5,57.5,46.978,29.662,43.424,36.484,49.839,13.741,47.665,12.997,35.099,1750.0,1750.0,2100.0,2120.0,1766.667,1766.667,1766.667,1766.667,2120.0,0.686,0.697,0.754,0.754,0.631,0.631,0.654,0.661,15.035,4442.0,14246.0,21.98,390.0,45.5
2026-07-08 04:58:40,57.0,71.000              ,813.027,413.0,1200.0,0.0,57.5,57.500              ,57.5,57.5,57.5,57.5,57.5,57.5,57.5,37.819,29.351,52.39,34.296,51.001,18.106,56.7,22.22,37.735,1733.333,1733.333,2080.0,2080.0,1750.0,1750.0,1750.0,1750.0,2080.0,0.585,0.584,0.772,0.772,0.604,0.604,0.678,0.67,15.035,4442.0,14244.0,28.872,391.0,34.64
2026-07-08 04:58:41,57.0,69.000              ,813.027,442.0,1200.0,0.0,57.5,57.500              ,57.5,57.5,57.5,57.5,57.5,57.5,57.5,33.82,27.169,34.987,52.125,45.55,15.608,44.574,15.515,33.669,1733.333,1733.333,2100.0,2100.0,1750.0,1750.0,1750.0,1750.0,2100.0,0.566,0.569,0.85,0.856,0.607,0.606,0.605,0.605,14.984,4441.0,14245.0,25.019,392.0,39.97
2026-07-08 04:58:42,57.0,69.000              ,815.16,469.0,1200.0,0.0,57.5,57.500              ,57.5,57.5,57.5,57.5,57.5,57.5,57.5,39.782,30.358,57.687,30.838,52.591,24.372,54.26,20.63,38.815,1550.0,1550.0,1550.0,1550.0,1860.0,1860.0,1550.0,1550.0,1860.0,0.589,0.586,0.692,0.686,0.648,0.648,0.651,0.651,15.013,4439.0,14245.0,23.982,393.0,41.7
2026-07-08 04:58:43,57.0,70.000              ,811.77,450.0,1200.0,0.0,57.5,57.500              ,57.5,57.5,57.5,57.5,57.5,57.5,57.5,42.644,32.337,56.879,40.821,50.468,22.638,53.176,27.992,40.869,1600.0,1600.0,1600.0,1600.0,1920.0,1920.0,1920.0,1920.0,1920.0,0.593,0.593,0.745,0.747,0.604,0.604,0.675,0.675,15.231,4441.0,14240.0,30.455,394.0,32.84
2026-07-08 04:58:44,57.0,71.000              ,806.773,387.0,1200.0,0.0,57.5,57.500              ,57.5,57.5,57.5,57.5,57.5,57.5,57.5,39.604,29.685,63.526,33.807,47.292,17.249,47.299,23.791,37.782,1716.667,1716.667,2060.0,2060.0,1716.667,1716.667,1716.667,1716.667,2060.0,0.61,0.611,0.852,0.856,0.594,0.594,0.657,0.66,15.091,4443.0,14234.0,26.351,395.0,37.95
2026-07-08 04:58:45,57.0,69.000              ,797.258,457.0,1200.0,0.0,57.5,57.500              ,57.5,57.5,57.5,57.5,57.5,57.5,57.5,43.375,30.062,48.336,37.198,57.433,23.717,55.551,23.431,39.888,1666.667,1666.667,1666.667,1666.667,2000.0,2000.0,1666.667,1666.667,2000.0,0.576,0.574,0.648,0.643,0.678,0.678,0.671,0.668,15.01,4441.0,14230.0,30.265,396.0,33.04
2026-07-08 04:58:46,57.0,68.000              ,797.254,406.0,1200.0,0.0,57.5,57.500              ,57.5,57.5,57.5,57.5,57.5,57.5,57.5,47.295,27.98,48.983,37.222,46.282,12.181,49.95,17.88,35.972,1633.333,1633.333,1633.333,1633.333,1633.333,1633.333,1960.0,1960.0,1960.0,0.652,0.643,0.758,0.758,0.584,0.584,0.656,0.656,14.774,4441.0,14225.0,24.342,397.0,41.08
2026-07-08 04:58:47,57.0,70.000              ,797.258,484.0,1200.0,0.0,57.5,57.500              ,57.5,57.5,57.5,57.5,57.5,57.5,57.5,41.212,33.587,51.719,32.848,52.717,13.008,56.764,15.74,37.199,2140.0,2140.0,1783.333,1783.333,1783.333,1783.333,1783.333,1783.333,2140.0,0.625,0.633,0.762,0.762,0.624,0.627,0.688,0.688,15.205,4440.0,14221.0,22.152,398.0,45.14
2026-07-08 04:58:48,57.0,70.000              ,797.133,200.0,1200.0,0.0,57.5,57.500              ,57.5,57.5,57.5,57.5,57.5,57.5,57.5,36.588,29.931,60.786,36.706,47.467,17.616,49.089,22.818,37.625,1583.333,1583.333,1900.0,1900.0,1583.333,1880.0,1566.667,1566.667,1900.0,0.577,0.577,0.819,0.819,0.602,0.598,0.643,0.644,14.854,4438.0,14213.0,25.21,399.0,39.67
2026-07-08 04:58:49,57.0,69.000              ,796.758,200.0,1200.0,0.0,57.5,57.500              ,57.5,57.5,57.5,57.5,57.5,57.5,57.5,33.713,27.76,62.092,35.236,38.438,14.131,40.459,20.792,34.078,1783.333,1783.333,2140.0,2140.0,1783.333,1783.333,1783.333,1783.333,2140.0,0.615,0.615,0.876,0.876,0.549,0.549,0.65,0.648,15.025,4437.0,14212.0,22.057,400.0,45.34
2026-07-08 04:58:50,57.0,67.000              ,796.758,200.0,1200.0,0.0,57.5,57.500              ,57.5,57.5,57.5,57.5,57.5,57.5,57.5,36.589,31.628,62.873,33.901,45.061,23.018,50.167,23.112,38.294,1733.333,1733.333,2080.0,2080.0,1733.333,1733.333,1733.333,1733.333,2080.0,0.595,0.595,0.83,0.83,0.625,0.625,0.675,0.675,15.156,4435.0,14212.0,18.84,401.0,53.08
2026-07-08 04:58:51,57.0,68.000              ,797.754,500.0,1200.0,0.0,57.5,57.500              ,57.5,57.5,57.5,57.5,57.5,57.5,57.5,36.338,27.772,59.677,34.628,39.325,19.451,42.944,21.39,35.191,1700.0,1700.0,2020.0,2020.0,1683.333,1683.333,1683.333,1683.333,2020.0,0.579,0.579,0.849,0.849,0.566,0.567,0.649,0.65,15.034,4434.0,14206.0,20.045,402.0,49.89
2026-07-08 04:58:52,57.0,70.000              ,798.133,200.0,1200.0,0.0,57.5,57.500              ,57.5,57.5,57.5,57.5,57.5,57.5,57.5,42.514,31.262,42.079,54.732,58.942,18.545,53.442,19.806,40.165,1633.333,1633.333,1960.0,1960.0,1633.333,1633.333,1633.333,1633.333,1960.0,0.618,0.619,0.856,0.842,0.665,0.663,0.631,0.629,15.074,4435.0,14206.0,25.817,403.0,38.73
2026-07-08 04:58:53,57.0,70.000              ,800.391,450.0,1200.0,0.0,57.5,57.500              ,57.5,57.5,57.5,57.5,57.5,57.5,57.5,44.618,34.431,51.22,34.225,56.03,21.753,58.276,24.249,40.6,1500.0,1500.0,1500.0,1500.0,1800.0,1800.0,1500.0,1500.0,1800.0,0.575,0.575,0.647,0.659,0.634,0.634,0.669,0.669,15.1,4447.0,14210.0,26.194,404.0,38.18
2026-07-08 04:58:54,57.0,71.000              ,798.883,344.0,1200.0,0.0,57.5,57.500              ,57.5,57.5,57.5,57.5,57.5,57.5,57.5,49.824,37.654,46.861,50.833,65.046,36.108,59.137,31.168,47.079,1533.333,1533.333,1840.0,1840.0,1533.333,1533.333,1533.333,1533.333,1840.0,0.586,0.589,0.659,0.658,0.713,0.713,0.65,0.65,15.137,4446.0,14210.0,22.723,405.0,44.01
2026-07-08 04:58:55,57.0,77.000              ,800.383,428.0,1200.0,0.0,57.5,57.500              ,57.5,57.5,57.5,57.5,57.5,57.5,57.5,43.562,38.506,44.28,60.495,58.964,25.354,56.561,21.477,43.65,1485.714,1485.714,1485.714,1485.714,1733.333,1733.333,1485.714,1485.714,1733.333,0.584,0.583,0.774,0.772,0.62,0.62,0.587,0.587,14.882,4451.0,14210.0,25.807,406.0,38.75
2026-07-08 04:58:56,57.0,78.000              ,800.383,476.0,1200.0,0.0,57.5,57.500              ,57.5,57.5,57.5,57.5,57.5,57.5,57.5,41.384,30.336,51.967,35.957,54.803,14.114,55.614,19.448,37.953,1600.0,1616.667,1940.0,1940.0,1616.667,1616.667,1600.0,1600.0,1940.0,0.591,0.59,0.752,0.752,0.635,0.635,0.692,0.692,15.036,4452.0,14210.0,24.785,407.0,40.35
2026-07-08 04:58:57,57.0,69.000              ,800.379,406.0,1200.0,0.0,57.5,57.500              ,57.5,57.5,57.5,57.5,57.5,57.5,57.5,45.226,31.922,50.671,40.83,56.031,19.163,54.014,25.881,40.467,1683.333,1683.333,2020.0,2020.0,2020.0,2020.0,1683.333,1683.333,2020.0,0.569,0.569,0.67,0.67,0.585,0.585,0.652,0.652,15.122,4453.0,14209.0,25.699,408.0,38.91
2026-07-08 04:58:58,57.0,69.000              ,802.883,200.0,1200.0,0.0,57.5,57.500              ,57.5,57.5,57.5,57.5,57.5,57.5,57.5,43.769,33.125,50.184,40.744,63.052,18.267,52.17,26.435,40.968,1516.667,1516.667,1820.0,1820.0,1820.0,1820.0,1820.0,1820.0,1820.0,0.583,0.575,0.676,0.677,0.657,0.657,0.642,0.642,14.916,4453.0,14213.0,25.998,409.0,38.46
2026-07-08 04:58:59,57.0,73.000              ,802.926,435.0,1200.0,0.0,57.5,57.500              ,57.5,57.5,57.5,57.5,57.5,57.5,57.5,45.397,34.65,45.728,63.804,57.157,17.49,50.451,22.037,42.089,1566.667,1566.667,1880.0,1880.0,1566.667,1550.0,1550.0,1550.0,1880.0,0.619,0.627,0.904,0.904,0.629,0.629,0.626,0.627,15.014,4454.0,14213.0,26.854,410.0,37.24
2026-07-08 04:59:00,57.0,70.000              ,801.117,442.0,1200.0,0.0,57.5,57.500              ,57.5,57.5,57.5,57.5,57.5,57.5,57.5,46.074,29.264,52.122,43.88,55.34,22.392,57.073,22.967,41.139,1600.0,1600.0,1920.0,1920.0,1600.0,1600.0,1600.0,1600.0,1920.0,0.589,0.589,0.757,0.755,0.622,0.622,0.642,0.646,15.069,4455.0,14216.0,21.835,411.0,45.8
2026-07-08 04:59:01,57.0,70.000              ,801.121,492.0,1200.0,0.0,57.5,57.500              ,57.5,57.5,57.5,57.5,57.5,57.5,57.5,40.24,33.041,56.578,31.459,52.976,14.152,52.415,19.213,37.509,1616.667,1616.667,1920.0,1920.0,1600.0,1616.667,1616.667,1616.667,1920.0,0.615,0.615,0.755,0.755,0.613,0.616,0.643,0.639,14.992,4453.0,14214.0,22.69,412.0,44.07
2026-07-08 04:59:02,57.0,69.000              ,801.117,461.0,1200.0,0.0,57.5,57.500              ,57.5,57.5,57.5,57.5,57.5,57.5,57.5,40.373,35.053,54.349,48.549,52.065,22.252,50.956,23.428,40.878,1666.667,1666.667,2000.0,2000.0,1666.667,1650.0,1650.0,1650.0,2000.0,0.606,0.608,0.836,0.838,0.617,0.614,0.639,0.638,15.036,4454.0,14214.0,28.118,413.0,35.56
2026-07-08 04:59:03,57.0,68.000              ,801.117,375.0,1200.0,0.0,57.5,57.500              ,57.5,57.5,57.5,57.5,57.5,57.5,57.5,40.757,31.75,59.72,37.384,52.996,15.119,54.757,21.191,39.209,1550.0,1550.0,1860.0,1860.0,1860.0,1860.0,1550.0,1550.0,1860.0,0.62,0.618,0.798,0.796,0.609,0.609,0.657,0.657,14.836,4453.0,14207.0,21.21,414.0,47.15
2026-07-08 04:59:04,57.0,69.000              ,801.121,508.0,1200.0,0.0,57.5,57.500              ,57.5,57.5,57.5,57.5,57.5,57.5,57.5,35.78,33.844,65.264,31.841,49.507,20.223,50.365,26.339,39.146,1700.0,1700.0,2040.0,2040.0,1700.0,1700.0,1700.0,1700.0,2040.0,0.606,0.606,0.821,0.82,0.623,0.623,0.706,0.706,15.158,4453.0,14207.0,19.167,415.0,52.17
2026-07-08 04:59:05,57.0,69.000              ,801.117,461.0,1200.0,0.0,57.5,57.500              ,57.5,57.5,57.5,57.5,57.5,57.5,57.5,41.817,32.552,64.011,31.939,48.966,19.137,55.907,19.79,39.265,1583.333,1583.333,1900.0,1920.0,1600.0,1600.0,1600.0,1600.0,1920.0,0.617,0.611,0.766,0.766,0.601,0.601,0.653,0.653,15.118,4453.0,14207.0,19.65,416.0,50.89
2026-07-08 04:59:06,57.0,71.000              ,801.117,413.0,1200.0,0.0,57.5,57.500              ,57.5,57.5,57.5,57.5,57.5,57.5,57.5,41.925,29.768,51.065,33.652,52.33,15.394,54.633,16.802,36.946,1633.333,1633.333,1960.0,1940.0,1616.667,1616.667,1616.667,1616.667,1960.0,0.609,0.617,0.737,0.737,0.613,0.613,0.67,0.672,14.854,4454.0,14207.0,24.59,417.0,40.67
2026-07-08 04:59:07,57.0,70.000              ,801.121,457.0,1200.0,0.0,57.5,57.500              ,57.5,57.5,57.5,57.5,57.5,57.5,57.5,46.542,33.539,47.935,46.721,51.981,14.872,59.264,15.61,39.558,1600.0,1600.0,1920.0,1940.0,1616.667,1616.667,1616.667,1616.667,1940.0,0.635,0.633,0.811,0.811,0.6,0.6,0.692,0.691,15.158,4454.0,14207.0,24.029,418.0,41.62
2026-07-08 04:59:08,57.0,69.000              ,801.121,533.0,1200.0,0.0,57.5,57.500              ,57.5,57.5,57.5,57.5,57.5,57.5,57.5,41.616,32.442,43.754,35.914,53.957,14.002,55.839,19.811,37.167,1650.0,1650.0,1633.333,1633.333,1633.333,1633.333,1960.0,1960.0,1960.0,0.614,0.614,0.682,0.682,0.623,0.624,0.738,0.737,14.932,4455.0,14207.0,19.375,419.0,51.61
2026-07-08 04:59:09,57.0,68.000              ,801.117,413.0,1200.0,0.0,57.5,57.500              ,57.5,57.5,57.5,57.5,57.5,57.5,57.5,33.438,30.406,47.55,41.472,54.95,15.411,43.112,24.607,36.368,1666.667,1666.667,1666.667,1666.667,2000.0,2000.0,1666.667,1666.667,2000.0,0.571,0.573,0.768,0.768,0.66,0.659,0.642,0.642,15.245,4455.0,14207.0,22.762,420.0,43.93
2026-07-08 04:59:10,57.0,69.000              ,801.113,492.0,1200.0,0.0,57.5,57.500              ,57.5,57.5,57.5,57.5,57.5,57.5,57.5,36.232,32.311,60.978,35.67,54.259,12.599,50.547,20.673,37.909,1550.0,1550.0,1860.0,1860.0,1566.667,1566.667,1566.667,1566.667,1860.0,0.589,0.587,0.836,0.838,0.582,0.582,0.63,0.63,14.751,4456.0,14207.0,24.577,421.0,40.69
2026-07-08 04:59:11,57.0,70.000              ,801.488,393.0,1200.0,0.0,57.5,57.500              ,57.5,57.5,57.5,57.5,57.5,57.5,57.5,35.38,30.278,41.876,37.526,58.679,14.608,48.424,18.347,35.64,1683.333,1683.333,2020.0,2020.0,2020.0,2020.0,1683.333,1683.333,2020.0,0.589,0.589,0.733,0.732,0.659,0.664,0.633,0.635,15.178,4457.0,14208.0,25.043,422.0,39.93
2026-07-08 04:59:12,57.0,70.000              ,803.363,285.0,1200.0,0.0,57.5,57.500              ,57.5,57.5,57.5,57.5,57.5,57.5,57.5,48.627,40.408,58.601,43.813,61.523,38.952,60.565,29.784,47.784,1650.0,1650.0,1980.0,1980.0,1650.0,1650.0,1633.333,1633.333,1980.0,0.616,0.616,0.75,0.75,0.775,0.77,0.689,0.688,15.413,4462.0,14218.0,26.09,423.0,38.33
2026-07-08 04:59:13,57.0,75.000              ,802.363,250.0,1200.0,0.0,57.5,57.500              ,57.5,57.5,57.5,57.5,57.5,57.5,57.5,56.337,45.847,56.0,68.816,77.12,48.485,67.643,34.678,56.866,1357.143,1357.143,1583.333,1583.333,1583.333,1583.333,1357.143,1357.143,1583.333,0.536,0.537,0.667,0.669,0.78,0.781,0.608,0.608,15.091,4461.0,14218.0,25.724,424.0,38.87
2026-07-08 04:59:14,57.0,86.000              ,802.488,260.0,1200.0,0.0,57.5,57.500              ,57.5,57.5,57.5,57.5,57.5,57.5,57.5,58.537,44.53,57.464,59.377,75.999,54.732,70.949,41.387,57.872,1257.143,1257.143,1466.667,1466.667,1466.667,1466.667,1466.667,1466.667,1466.667,0.547,0.546,0.606,0.603,0.773,0.772,0.625,0.625,14.88,4463.0,14217.0,28.779,425.0,34.75
2026-07-08 04:59:15,57.0,89.000              ,802.863,265.0,1200.0,0.0,57.5,57.500              ,57.5,57.5,57.5,57.5,57.5,57.5,57.5,54.351,43.881,61.155,65.412,78.54,43.878,67.765,39.522,56.813,1328.571,1314.286,1533.333,1328.571,1533.333,1533.333,1314.286,1314.286,1533.333,0.539,0.539,0.67,0.665,0.776,0.776,0.621,0.621,14.987,4477.0,14219.0,28.734,426.0,34.8
2026-07-08 04:59:16,57.0,89.000              ,808.625,461.0,1200.0,0.0,57.5,57.500              ,57.5,57.5,57.5,57.5,57.5,57.5,57.5,48.525,36.329,54.371,52.89,59.418,32.88,62.597,28.897,46.988,1371.429,1371.429,1600.0,1600.0,1600.0,1600.0,1371.429,1371.429,1600.0,0.54,0.541,0.685,0.688,0.612,0.614,0.637,0.637,14.731,4493.0,14226.0,26.333,427.0,37.98
2026-07-08 04:59:17,57.0,80.000              ,813.633,428.0,1200.0,0.0,57.5,57.500              ,57.5,57.5,57.5,57.5,57.5,57.5,57.5,38.009,27.342,61.77,35.313,55.354,16.021,49.62,22.852,38.285,1600.0,1600.0,1920.0,1940.0,1616.667,1616.667,1940.0,1940.0,1940.0,0.574,0.574,0.817,0.822,0.636,0.634,0.64,0.642,14.983,4497.0,14229.0,23.403,428.0,42.73
2026-07-08 04:59:18,57.0,70.000              ,816.652,476.0,1200.0,0.0,57.5,57.500              ,57.5,57.5,57.5,57.5,57.5,57.5,57.5,37.178,27.942,63.916,31.366,49.123,15.129,52.807,17.621,36.885,1683.333,1683.333,2020.0,2000.0,1666.667,1666.667,1666.667,1666.667,2020.0,0.612,0.611,0.836,0.836,0.632,0.632,0.694,0.692,14.887,4499.0,14234.0,20.799,429.0,48.08
2026-07-08 04:59:19,57.0,70.000              ,814.148,484.0,1200.0,0.0,57.5,57.500              ,57.5,57.5,57.5,57.5,57.5,57.5,57.5,33.067,29.753,68.812,31.051,41.607,12.833,47.245,20.272,35.58,1733.333,1733.333,2060.0,2060.0,1716.667,1716.667,1716.667,1716.667,2060.0,0.601,0.6,0.946,0.946,0.566,0.561,0.668,0.668,15.017,4498.0,14232.0,20.078,430.0,49.81
2026-07-08 04:59:20,57.0,72.000              ,811.902,420.0,1200.0,0.0,57.5,57.500              ,57.5,57.5,57.5,57.5,57.5,57.5,57.5,42.608,27.249,52.044,46.679,47.706,15.176,50.512,19.612,37.698,1716.667,1716.667,2060.0,2060.0,1716.667,1716.667,1716.667,1716.667,2060.0,0.625,0.625,0.888,0.888,0.613,0.619,0.666,0.666,15.304,4497.0,14232.0,25.84,431.0,38.7
2026-07-08 04:59:21,57.0,71.000              ,808.141,476.0,1200.0,0.0,57.5,57.500              ,57.5,57.5,57.5,57.5,57.5,57.5,57.5,40.18,26.454,49.987,31.269,58.236,13.932,52.697,17.015,36.221,1716.667,1716.667,2060.0,2060.0,1716.667,1716.667,1733.333,1733.333,2060.0,0.587,0.587,0.707,0.707,0.672,0.672,0.646,0.65,15.023,4497.0,14230.0,25.112,432.0,39.82
2026-07-08 04:59:22,57.0,70.000              ,812.645,508.0,1200.0,0.0,57.5,57.500              ,57.5,57.5,57.5,57.5,57.5,57.5,57.5,46.45,32.6,46.763,55.951,49.798,17.216,48.871,22.84,40.061,1633.333,1633.333,1960.0,1960.0,1633.333,1633.333,1633.333,1633.333,1960.0,0.632,0.632,0.885,0.885,0.606,0.606,0.656,0.652,15.029,4501.0,14231.0,25.953,433.0,38.53
2026-07-08 04:59:23,57.0,70.000              ,810.77,469.0,1200.0,0.0,57.5,57.500              ,57.5,57.5,57.5,57.5,57.5,57.5,57.5,42.375,28.191,46.087,42.816,52.359,17.45,51.126,20.29,37.587,1633.333,1633.333,1960.0,1960.0,1633.333,1960.0,1633.333,1633.333,1960.0,0.595,0.595,0.783,0.784,0.613,0.613,0.645,0.645,15.067,4498.0,14230.0,31.944,434.0,31.3
2026-07-08 04:59:24,57.0,72.000              ,811.672,572.0,1200.0,0.0,57.5,57.500              ,57.5,57.5,57.5,57.5,57.5,57.5,57.5,36.233,22.406,41.383,37.801,54.855,10.594,40.981,17.454,32.713,1616.667,1616.667,1940.0,1940.0,1616.667,1616.667,1616.667,1616.667,1940.0,0.541,0.541,0.744,0.745,0.64,0.637,0.582,0.582,14.801,4498.0,14227.0,31.408,435.0,31.84
2026-07-08 04:59:25,57.0,71.000              ,819.922,200.0,1200.0,0.0,57.5,57.500              ,57.5,57.5,57.5,57.5,57.5,57.5,57.5,38.29,24.821,53.282,31.306,49.68,12.693,51.231,13.512,34.352,1750.0,1750.0,2100.0,2100.0,2120.0,2120.0,1766.667,1766.667,2120.0,0.611,0.611,0.81,0.808,0.634,0.637,0.656,0.656,15.281,4508.0,14241.0,32.872,436.0,30.42
2026-07-08 04:59:26,57.0,74.000              ,819.855,200.0,1200.0,0.0,57.375,57.375              ,57.375,57.375,57.375,57.375,57.375,57.375,57.375,37.094,27.762,53.853,50.634,52.139,14.73,46.109,15.278,37.2,1500.0,1483.333,1780.0,1780.0,1483.333,1483.333,1483.333,1466.667,1780.0,0.485,0.485,0.801,0.801,0.52,0.52,0.486,0.486,14.549,4508.0,14233.0,20.916,437.0,47.81
2026-07-08 04:59:27,57.0,46.000              ,819.855,200.0,1200.0,0.0,57.875,57.875              ,57.875,57.875,57.875,57.875,57.875,57.875,57.875,15.275,1.915,60.652,12.813,21.285,6.861,15.175,4.479,17.307,2420.0,2420.0,3025.0,3025.0,2016.667,2016.667,2033.333,2033.333,3025.0,0.582,0.582,2.237,2.241,0.806,0.806,0.677,0.677,14.061,4538.0,14218.0,0.0,438.0,
2026-07-08 04:59:28,58.0,7.000               ,819.855,200.0,1200.0,0.0,58.25,58.250              ,58.25,58.25,58.25,58.25,58.25,58.25,58.25,14.432,2.845,46.788,17.481,26.71,3.988,15.586,27.991,19.478,2283.333,2266.667,3400.0,3400.0,2266.667,2266.667,2720.0,2720.0,3400.0,0.708,0.708,2.007,2.004,1.047,1.047,1.155,1.155,15.742,4220.0,13847.0,0.0,439.0,
2026-07-08 04:59:29,58.0,0.000               ,819.855,200.0,1200.0,0.0,58.625,58.625              ,58.625,58.625,58.625,58.625,58.625,58.625,58.625,17.125,3.166,73.33,8.683,29.247,3.749,10.131,4.498,18.741,1785.714,1785.714,3125.0,3125.0,2520.0,2520.0,1785.714,1785.714,3125.0,0.718,0.718,2.424,2.424,0.929,0.929,0.589,0.589,14.844,4040.0,13005.0,0.0,440.0,
2026-07-08 04:59:30,58.0,0.000               ,819.855,200.0,1200.0,0.0,58.875,58.875              ,58.875,58.875,58.875,58.875,58.875,58.875,58.875,13.858,5.957,64.504,15.259,22.245,5.814,18.031,9.542,19.401,2520.0,2520.0,3150.0,3150.0,2520.0,2520.0,2100.0,2100.0,3150.0,0.714,0.714,2.497,2.497,0.962,0.962,0.913,0.913,15.241,4035.0,12829.0,0.0,441.0,
2026-07-08 04:59:31,59.0,0.000               ,819.855,200.0,1200.0,0.0,59.0,59.000              ,59.0,59.0,59.0,59.0,59.0,59.0,59.0,20.387,5.679,66.192,18.913,18.431,18.97,20.337,4.189,21.637,2033.333,2033.333,3050.0,3050.0,2400.0,2400.0,2000.0,2000.0,3050.0,0.751,0.751,2.337,2.351,0.923,0.93,0.797,0.797,15.323,3663.0,12105.0,0.0,442.0,
2026-07-08 04:59:32,58.0,0.000               ,790.711,200.0,1200.0,0.0,58.75,58.750              ,58.75,58.75,58.75,58.75,58.75,58.75,58.75,16.751,27.476,34.958,36.882,28.618,14.376,16.656,9.901,23.202,2975.0,2975.0,2380.0,2380.0,1983.333,1983.333,1983.333,1983.333,2975.0,1.239,1.23,1.822,1.811,1.121,1.122,0.783,0.786,15.118,3460.0,11397.0,5762.156,443.0,0.17
2026-07-08 04:59:33,58.0,0.000               ,759.691,200.0,1200.0,0.0,58.875,58.875              ,58.875,58.875,58.875,58.875,58.875,58.875,58.875,21.432,8.095,13.039,80.101,40.15,8.518,22.726,14.941,26.125,2040.0,2040.0,2550.0,2550.0,2080.0,2080.0,2600.0,2600.0,2600.0,0.682,0.687,2.305,2.333,1.041,1.032,0.683,0.688,14.804,3425.0,11423.0,0.0,444.0,
2026-07-08 04:59:34,59.0,0.000               ,759.691,200.0,1200.0,0.0,59.375,59.375              ,59.375,59.375,59.375,59.375,59.375,59.375,59.375,7.298,1.488,1.632,82.703,20.358,3.263,12.349,6.504,16.949,2166.667,2166.667,3250.0,3250.0,2166.667,2166.667,1857.143,1857.143,3250.0,0.53,0.526,3.365,3.378,0.873,0.873,0.736,0.727,14.977,3380.0,11431.0,0.0,445.0,
2026-07-08 04:59:35,59.0,0.000               ,713.152,200.0,1200.0,0.0,59.125,59.125              ,59.125,59.125,59.125,59.125,59.125,59.125,59.125,9.468,5.843,5.968,81.697,24.245,5.947,14.133,5.1,19.05,1785.714,1785.714,3125.0,3125.0,2083.333,2083.333,2083.333,2083.333,3125.0,0.581,0.581,2.832,2.829,0.917,0.919,0.674,0.674,15.111,3313.0,10881.0,2574.536,446.0,0.39
2026-07-08 04:59:36,59.0,0.000               ,713.152,200.0,1200.0,0.0,59.375,59.375              ,59.375,59.375,59.375,59.375,59.375,59.375,59.375,5.392,7.785,2.071,91.581,9.931,1.628,6.92,4.308,16.202,2083.333,2083.333,3125.0,3125.0,1785.714,1785.714,1785.714,1785.714,3125.0,0.54,0.54,3.817,3.817,0.584,0.572,0.544,0.544,15.077,3286.0,10834.0,0.0,447.0,
2026-07-08 04:59:37,59.0,0.000               ,713.152,200.0,1200.0,0.0,59.75,59.750              ,59.75,59.75,59.75,59.75,59.75,59.75,59.75,7.269,1.585,2.999,95.177,10.337,2.186,9.469,4.033,16.632,1785.714,1785.714,3125.0,3125.0,1785.714,1785.714,2083.333,2083.333,3125.0,0.46,0.46,3.635,3.62,0.549,0.558,0.571,0.571,15.115,3293.0,10874.0,0.0,448.0,
2026-07-08 04:59:38,60.0,0.000               ,713.152,200.0,1200.0,0.0,60.25,60.250              ,60.25,60.25,60.25,60.25,60.25,60.25,60.25,3.718,1.472,2.01,88.323,7.278,3.105,11.625,3.634,15.146,1637.5,1637.5,3275.0,3250.0,1625.0,1625.0,3475.0,3475.0,3475.0,0.204,0.204,3.473,3.486,0.546,0.546,0.654,0.654,14.873,3342.0,10807.0,0.0,449.0,
2026-07-08 04:59:39,60.0,0.000               ,697.074,200.0,1200.0,0.0,60.125,60.125              ,60.125,60.125,60.125,60.125,60.125,60.125,60.125,8.806,6.236,2.387,77.226,16.653,3.665,9.383,4.239,16.074,2133.333,2133.333,3200.0,3200.0,2133.333,2133.333,2133.333,2133.333,3200.0,0.608,0.608,2.679,2.679,0.779,0.779,0.6,0.601,15.039,3418.0,10677.0,3817.798,450.0,0.26
2026-07-08 04:59:40,59.0,0.000               ,608.043,200.0,1200.0,0.0,59.125,59.125              ,59.125,59.125,59.125,59.125,59.125,59.125,59.125,21.475,10.21,23.141,40.077,36.824,8.278,21.735,6.961,21.088,2300.0,2300.0,2300.0,2650.0,2650.0,2650.0,2650.0,2650.0,2650.0,0.866,0.866,1.735,1.723,1.097,1.097,0.754,0.759,15.433,3365.0,10102.0,1382.133,451.0,0.72
2026-07-08 04:59:41,57.0,19.000              ,608.043,200.0,1200.0,0.0,57.625,57.625              ,57.625,57.625,57.625,57.625,57.625,57.625,57.625,33.242,16.213,36.364,42.387,35.353,12.06,41.741,13.415,28.847,2180.0,2180.0,2725.0,2725.0,2180.0,2180.0,2180.0,2180.0,2725.0,0.754,0.754,1.135,1.137,0.805,0.805,0.854,0.85,15.155,3278.0,10099.0,34.082,452.0,29.34
2026-07-08 04:59:42,57.0,40.000              ,620.805,200.0,1200.0,0.0,57.625,57.625              ,57.625,57.625,57.625,57.625,57.625,57.625,57.625,19.078,14.386,47.576,18.957,23.537,3.828,26.472,6.443,20.035,2260.0,2260.0,2825.0,2825.0,2260.0,2260.0,1883.333,1883.333,2825.0,0.795,0.795,1.396,1.396,0.713,0.713,0.764,0.767,15.134,3287.0,10114.0,21.896,453.0,45.67
2026-07-08 04:59:43,57.0,49.000              ,637.758,200.0,1200.0,0.0,57.5,57.500              ,57.5,57.5,57.5,57.5,57.5,57.5,57.5,16.696,12.417,46.553,17.399,20.521,3.003,25.54,5.844,18.497,2240.0,2240.0,2800.0,2800.0,2240.0,2240.0,2240.0,2240.0,2800.0,0.645,0.645,1.229,1.229,0.593,0.593,0.654,0.652,14.673,3292.0,10075.0,36.833,454.0,27.15
2026-07-08 04:59:44,57.0,56.000              ,637.758,200.0,1200.0,0.0,57.5,57.500              ,57.5,57.5,57.5,57.5,57.5,57.5,57.5,14.975,8.845,43.709,17.309,16.389,2.283,27.565,1.969,16.631,2280.0,2280.0,2280.0,2280.0,2280.0,2280.0,2850.0,2850.0,2850.0,0.7,0.7,1.332,1.332,0.642,0.663,0.706,0.706,15.011,3291.0,10075.0,17.076,455.0,58.56
2026-07-08 04:59:45,57.0,56.000              ,637.777,200.0,1200.0,0.0,57.5,57.500              ,57.5,57.5,57.5,57.5,57.5,57.5,57.5,20.87,12.214,38.6,13.391,22.753,4.033,48.562,4.145,20.571,2440.0,2440.0,3050.0,3050.0,2440.0,2440.0,2440.0,2440.0,3050.0,0.737,0.737,1.031,1.031,0.677,0.656,0.974,0.974,15.14,3290.0,10053.0,18.441,456.0,54.23
2026-07-08 04:59:46,57.0,58.000              ,637.777,200.0,1200.0,0.0,57.5,57.500              ,57.5,57.5,57.5,57.5,57.5,57.5,57.5,27.599,10.367,21.359,18.184,28.218,6.176,53.213,2.552,20.958,2280.0,2280.0,2950.0,2950.0,2360.0,2360.0,2360.0,2360.0,2950.0,0.771,0.771,0.83,0.83,0.744,0.744,1.035,1.035,14.974,3290.0,10045.0,17.617,457.0,56.76
2026-07-08 04:59:47,56.0,62.000              ,637.777,200.0,1200.0,0.0,56.875,56.875              ,56.875,56.875,56.875,56.875,56.875,56.875,56.875,12.502,3.57,29.692,3.466,6.485,3.22,11.477,3.627,9.255,2500.0,2500.0,2500.0,2500.0,2083.333,2083.333,3125.0,3125.0,3125.0,0.42,0.42,0.974,0.992,0.361,0.361,0.492,0.492,11.716,3079.0,9582.0,17.913,458.0,55.83
2026-07-08 04:59:48,57.0,31.000              ,531.965,200.0,1200.0,0.0,57.875,57.875              ,57.875,57.875,57.875,57.875,57.875,57.875,57.875,34.271,20.094,48.202,41.726,40.322,15.823,34.118,22.3,32.107,2333.333,2333.333,3500.0,3500.0,2333.333,2333.333,2333.333,2333.333,3500.0,1.341,1.341,2.719,2.701,1.351,1.351,1.306,1.306,17.294,2947.0,8390.0,0.0,459.0,
