08-07-2026 05:35:16,GPU temperature,GPU usage,Memory usage,Core clock,Memory clock,Fan tachometer,CPU1 temperature,CPU2 temperature,CPU3 temperature,CPU4 temperature,CPU5 temperature,CPU6 temperature,CPU7 temperature,CPU8 temperature,CPU temperature,CPU1 usage,CPU2 usage,CPU3 usage,CPU4 usage,CPU5 usage,CPU6 usage,CPU7 usage,CPU8 usage,CPU usage,CPU1 clock,CPU2 clock,CPU3 clock,CPU4 clock,CPU5 clock,CPU6 clock,CPU7 clock,CPU8 clock,CPU clock,CPU1 power,CPU2 power,CPU3 power,CPU4 power,CPU5 power,CPU6 power,CPU7 power,CPU8 power,CPU power,RAM usage,Commit charge,frametime,elapsed,fps
2026-07-08 05:35:16,0.0,°C                  ,0.0,100.0,10.0,,,,,,,,,,,,,,,,,,,,,,,,,,,,,,,,,,,,,,,,,0.0,
2026-07-08 05:35:16,1.0,%                   ,0.0,100.0,10.0,,,,,,,,,,,,,,,,,,,,,,,,,,,,,,,,,,,,,,,,,0.0,
2026-07-08 05:35:16,2.0,MB                  ,0.0,8192.0,10.0,,,,,,,,,,,,,,,,,,,,,,,,,,,,,,,,,,,,,,,,,0.0,
2026-07-08 05:35:16,3.0,MHz                 ,0.0,2500.0,10.0,,,,,,,,,,,,,,,,,,,,,,,,,,,,,,,,,,,,,,,,,0.0,
2026-07-08 05:35:16,4.0,MHz                 ,0.0,7500.0,10.0,,,,,,,,,,,,,,,,,,,,,,,,,,,,,,,,,,,,,,,,,0.0,
2026-07-08 05:35:16,5.0,RPM                 ,0.0,10000.0,10.0,,,,,,,,,,,,,,,,,,,,,,,,,,,,,,,,,,,,,,,,,0.0,
2026-07-08 05:35:16,6.0,°C                  ,0.0,100.0,10.0,,,,,,,,,,,,,,,,,,,,,,,,,,,,,,,,,,,,,,,,,0.0,
2026-07-08 05:35:16,7.0,°C                  ,0.0,100.0,10.0,,,,,,,,,,,,,,,,,,,,,,,,,,,,,,,,,,,,,,,,,0.0,
2026-07-08 05:35:16,8.0,°C                  ,0.0,100.0,10.0,,,,,,,,,,,,,,,,,,,,,,,,,,,,,,,,,,,,,,,,,0.0,
2026-07-08 05:35:16,9.0,°C                  ,0.0,100.0,10.0,,,,,,,,,,,,,,,,,,,,,,,,,,,,,,,,,,,,,,,,,0.0,
2026-07-08 05:35:16,10.0,°C                  ,0.0,100.0,10.0,,,,,,,,,,,,,,,,,,,,,,,,,,,,,,,,,,,,,,,,,0.0,
2026-07-08 05:35:16,11.0,°C                  ,0.0,100.0,10.0,,,,,,,,,,,,,,,,,,,,,,,,,,,,,,,,,,,,,,,,,0.0,
2026-07-08 05:35:16,12.0,°C                  ,0.0,100.0,10.0,,,,,,,,,,,,,,,,,,,,,,,,,,,,,,,,,,,,,,,,,0.0,
2026-07-08 05:35:16,13.0,°C                  ,0.0,100.0,10.0,,,,,,,,,,,,,,,,,,,,,,,,,,,,,,,,,,,,,,,,,0.0,
2026-07-08 05:35:16,14.0,°C                  ,0.0,100.0,10.0,,,,,,,,,,,,,,,,,,,,,,,,,,,,,,,,,,,,,,,,,0.0,
2026-07-08 05:35:16,15.0,%                   ,0.0,100.0,10.0,,,,,,,,,,,,,,,,,,,,,,,,,,,,,,,,,,,,,,,,,0.0,
2026-07-08 05:35:16,16.0,%                   ,0.0,100.0,10.0,,,,,,,,,,,,,,,,,,,,,,,,,,,,,,,,,,,,,,,,,0.0,
2026-07-08 05:35:16,17.0,%                   ,0.0,100.0,10.0,,,,,,,,,,,,,,,,,,,,,,,,,,,,,,,,,,,,,,,,,0.0,
2026-07-08 05:35:16,18.0,%                   ,0.0,100.0,10.0,,,,,,,,,,,,,,,,,,,,,,,,,,,,,,,,,,,,,,,,,0.0,
2026-07-08 05:35:16,19.0,%                   ,0.0,100.0,10.0,,,,,,,,,,,,,,,,,,,,,,,,,,,,,,,,,,,,,,,,,0.0,
2026-07-08 05:35:16,20.0,%                   ,0.0,100.0,10.0,,,,,,,,,,,,,,,,,,,,,,,,,,,,,,,,,,,,,,,,,0.0,
2026-07-08 05:35:16,21.0,%                   ,0.0,100.0,10.0,,,,,,,,,,,,,,,,,,,,,,,,,,,,,,,,,,,,,,,,,0.0,
2026-07-08 05:35:16,22.0,%                   ,0.0,100.0,10.0,,,,,,,,,,,,,,,,,,,,,,,,,,,,,,,,,,,,,,,,,0.0,
2026-07-08 05:35:16,23.0,%                   ,0.0,100.0,10.0,,,,,,,,,,,,,,,,,,,,,,,,,,,,,,,,,,,,,,,,,0.0,
2026-07-08 05:35:16,24.0,MHz                 ,0.0,5000.0,10.0,,,,,,,,,,,,,,,,,,,,,,,,,,,,,,,,,,,,,,,,,0.0,
2026-07-08 05:35:16,25.0,MHz                 ,0.0,5000.0,10.0,,,,,,,,,,,,,,,,,,,,,,,,,,,,,,,,,,,,,,,,,0.0,
2026-07-08 05:35:16,26.0,MHz                 ,0.0,5000.0,10.0,,,,,,,,,,,,,,,,,,,,,,,,,,,,,,,,,,,,,,,,,0.0,
2026-07-08 05:35:16,27.0,MHz                 ,0.0,5000.0,10.0,,,,,,,,,,,,,,,,,,,,,,,,,,,,,,,,,,,,,,,,,0.0,
2026-07-08 05:35:16,28.0,MHz                 ,0.0,5000.0,10.0,,,,,,,,,,,,,,,,,,,,,,,,,,,,,,,,,,,,,,,,,0.0,
2026-07-08 05:35:16,29.0,MHz                 ,0.0,5000.0,10.0,,,,,,,,,,,,,,,,,,,,,,,,,,,,,,,,,,,,,,,,,0.0,
2026-07-08 05:35:16,30.0,MHz                 ,0.0,5000.0,10.0,,,,,,,,,,,,,,,,,,,,,,,,,,,,,,,,,,,,,,,,,0.0,
2026-07-08 05:35:16,31.0,MHz                 ,0.0,5000.0,10.0,,,,,,,,,,,,,,,,,,,,,,,,,,,,,,,,,,,,,,,,,0.0,
2026-07-08 05:35:16,32.0,MHz                 ,0.0,5000.0,10.0,,,,,,,,,,,,,,,,,,,,,,,,,,,,,,,,,,,,,,,,,0.0,
2026-07-08 05:35:16,33.0,W                   ,0.0,200.0,10.0,,,%.1f                ,,,,,,,,,,,,,,,,,,,,,,,,,,,,,,,,,,,,,,0.0,
2026-07-08 05:35:16,34.0,W                   ,0.0,200.0,10.0,,,%.1f                ,,,,,,,,,,,,,,,,,,,,,,,,,,,,,,,,,,,,,,0.0,
2026-07-08 05:35:16,35.0,W                   ,0.0,200.0,10.0,,,%.1f                ,,,,,,,,,,,,,,,,,,,,,,,,,,,,,,,,,,,,,,0.0,
2026-07-08 05:35:16,36.0,W                   ,0.0,200.0,10.0,,,%.1f                ,,,,,,,,,,,,,,,,,,,,,,,,,,,,,,,,,,,,,,0.0,
2026-07-08 05:35:16,37.0,W                   ,0.0,200.0,10.0,,,%.1f                ,,,,,,,,,,,,,,,,,,,,,,,,,,,,,,,,,,,,,,0.0,
2026-07-08 05:35:16,38.0,W                   ,0.0,200.0,10.0,,,%.1f                ,,,,,,,,,,,,,,,,,,,,,,,,,,,,,,,,,,,,,,0.0,
2026-07-08 05:35:16,39.0,W                   ,0.0,200.0,10.0,,,%.1f                ,,,,,,,,,,,,,,,,,,,,,,,,,,,,,,,,,,,,,,0.0,
2026-07-08 05:35:16,40.0,W                   ,0.0,200.0,10.0,,,%.1f                ,,,,,,,,,,,,,,,,,,,,,,,,,,,,,,,,,,,,,,0.0,
2026-07-08 05:35:16,41.0,W                   ,0.0,200.0,10.0,,,%.1f                ,,,,,,,,,,,,,,,,,,,,,,,,,,,,,,,,,,,,,,0.0,
2026-07-08 05:35:16,42.0,MB                  ,0.0,16384.0,10.0,,,,,,,,,,,,,,,,,,,,,,,,,,,,,,,,,,,,,,,,,0.0,
2026-07-08 05:35:16,43.0,MB                  ,0.0,16384.0,10.0,,,,,,,,,,,,,,,,,,,,,,,,,,,,,,,,,,,,,,,,,0.0,
2026-07-08 05:35:16,44.0,ms                  ,0.0,50.0,10.0,,,%.1f                ,,,,,,,,,,,,,,,,,,,,,,,,,,,,,,,,,,,,,,0.0,
2026-07-08 05:35:16,60.0,26.000              ,484.066,200.0,1200.0,0.0,60.875,60.875              ,60.875,60.875,60.875,60.875,60.875,60.875,60.875,37.716,20.407,33.243,27.439,33.969,17.132,34.292,21.775,28.247,2800.0,2800.0,3500.0,3500.0,2800.0,2800.0,2800.0,2800.0,3500.0,1.858,1.858,2.082,2.082,1.65,1.65,1.716,1.718,17.493,2856.0,8546.0,,0.0,
2026-07-08 05:35:17,59.0,21.000              ,492.766,200.0,1200.0,0.0,59.5,59.500              ,59.5,59.5,59.5,59.5,59.5,59.5,59.5,28.791,18.647,39.303,27.231,23.24,15.359,23.843,17.203,24.202,3475.0,3475.0,2780.0,2780.0,2780.0,2780.0,3475.0,3475.0,3475.0,1.356,1.356,2.29,2.29,1.23,1.21,1.345,1.344,16.1,2889.0,8601.0,,1.0,
2026-07-08 05:35:18,58.0,17.000              ,496.32,200.0,1200.0,0.0,58.625,58.625              ,58.625,58.625,58.625,58.625,58.625,58.625,58.625,79.423,69.796,79.132,78.952,82.401,66.53,83.214,65.878,75.666,2660.0,2660.0,3325.0,3325.0,2660.0,2660.0,2660.0,2660.0,3325.0,2.596,2.596,3.059,3.062,2.618,2.663,2.532,2.532,22.017,2996.0,8700.0,,2.0,
2026-07-08 05:35:19,58.0,15.000              ,497.859,200.0,1200.0,0.0,58.75,58.750              ,58.75,58.75,58.75,58.75,58.75,58.75,58.75,61.351,47.925,65.154,60.02,78.825,55.587,78.639,45.731,61.654,2380.0,2380.0,2950.0,2900.0,2320.0,2320.0,2320.0,2320.0,2950.0,2.011,2.011,2.498,2.494,2.691,2.687,2.461,2.461,20.391,3014.0,8694.0,,3.0,
2026-07-08 05:35:20,59.0,0.000               ,501.688,200.0,1200.0,0.0,59.25,59.250              ,59.25,59.25,59.25,59.25,59.25,59.25,59.25,25.71,11.473,15.684,42.96,43.06,42.851,43.905,12.169,29.727,2266.667,2266.667,2266.667,2266.667,3300.0,3300.0,2660.0,2660.0,3300.0,1.281,1.281,1.848,1.829,3.326,3.326,1.955,1.955,18.664,3093.0,8781.0,,4.0,
2026-07-08 05:35:21,58.0,0.000               ,501.688,200.0,1200.0,0.0,58.625,58.625              ,58.625,58.625,58.625,58.625,58.625,58.625,58.625,6.94,3.31,2.322,61.39,26.842,2.844,9.425,5.181,14.782,2333.333,2333.333,3500.0,3500.0,2333.333,2333.333,2333.333,2333.333,3500.0,0.633,0.633,2.255,2.255,1.175,1.176,0.702,0.702,15.628,3680.0,9351.0,,5.0,
2026-07-08 05:35:22,58.0,0.000               ,501.688,200.0,1200.0,0.0,58.875,58.875              ,58.875,58.875,58.875,58.875,58.875,58.875,58.875,7.965,6.328,1.243,51.039,43.138,1.973,13.956,4.694,16.292,2333.333,2333.333,2333.333,2333.333,3500.0,3500.0,2333.333,2333.333,3500.0,0.779,0.779,2.351,2.389,1.841,1.84,0.924,0.924,16.688,3710.0,9389.0,,6.0,
2026-07-08 05:35:23,59.0,0.000               ,501.688,200.0,1200.0,0.0,59.875,59.875              ,59.875,59.875,59.875,59.875,59.875,59.875,59.875,3.937,2.154,2.043,77.712,14.77,1.809,23.622,5.138,16.398,1555.556,1555.556,3500.0,3500.0,2333.333,2333.333,3500.0,3500.0,3500.0,0.168,0.168,3.582,3.594,0.812,0.819,1.472,1.472,16.32,3721.0,9405.0,,7.0,
2026-07-08 05:35:24,60.0,0.000               ,501.688,200.0,1200.0,0.0,60.375,60.375              ,60.375,60.375,60.375,60.375,60.375,60.375,60.375,12.189,11.516,5.622,68.652,47.223,4.161,11.862,12.612,21.73,2333.333,2333.333,3500.0,3500.0,2333.333,2333.333,2333.333,2333.333,3500.0,0.995,0.995,3.29,3.277,2.103,2.096,1.2,1.2,18.442,3823.0,9497.0,,8.0,
2026-07-08 05:35:25,59.0,0.000               ,501.688,200.0,1200.0,0.0,59.75,59.750              ,59.75,59.75,59.75,59.75,59.75,59.75,59.75,3.62,0.873,1.13,73.142,14.068,2.232,8.058,3.104,13.278,2333.333,2333.333,3500.0,3500.0,2333.333,2333.333,2333.333,2333.333,3500.0,0.202,0.202,3.538,3.576,1.019,1.019,0.984,0.984,16.029,4105.0,9592.0,,9.0,
2026-07-08 05:35:26,60.0,0.000               ,543.266,200.0,1200.0,0.0,60.375,60.375              ,60.375,60.375,60.375,60.375,60.375,60.375,60.375,40.637,43.025,45.732,52.671,53.242,23.603,39.173,35.423,41.688,2333.333,2333.333,3500.0,3500.0,2800.0,2800.0,2800.0,2800.0,3500.0,2.218,2.25,3.063,3.013,2.061,2.061,1.819,1.819,20.902,4043.0,9857.0,0.0,10.0,
2026-07-08 05:35:27,60.0,0.000               ,557.938,200.0,1200.0,0.0,60.375,60.375              ,60.375,60.375,60.375,60.375,60.375,60.375,60.375,32.147,32.302,39.491,42.118,42.337,52.72,58.553,38.913,42.323,2600.0,2600.0,2600.0,2600.0,3250.0,3250.0,3500.0,3500.0,3500.0,1.405,1.373,2.008,2.002,2.283,2.283,2.066,2.066,18.841,4099.0,9926.0,0.0,11.0,
2026-07-08 05:35:28,61.0,3.000               ,563.484,200.0,1200.0,0.0,61.25,61.250              ,61.25,61.25,61.25,61.25,61.25,61.25,61.25,20.418,14.596,27.038,22.803,28.507,22.824,64.209,14.376,26.847,2333.333,2333.333,3500.0,3500.0,2800.0,2800.0,2333.333,2333.333,3500.0,1.206,1.206,1.984,1.984,1.843,1.843,2.997,2.997,18.709,4207.0,10036.0,0.0,12.0,
2026-07-08 05:35:29,61.0,3.000               ,545.406,200.0,1200.0,0.0,61.25,61.250              ,61.25,61.25,61.25,61.25,61.25,61.25,61.25,9.748,4.062,5.977,18.44,79.59,1.021,14.408,4.24,17.186,2333.333,2333.333,3500.0,3500.0,2333.333,2333.333,2333.333,2333.333,3500.0,0.783,0.783,1.089,1.089,3.158,3.158,0.934,0.934,16.643,4295.0,10092.0,0.0,13.0,
2026-07-08 05:35:30,60.0,0.000               ,590.363,200.0,1200.0,0.0,60.75,60.750              ,60.75,60.75,60.75,60.75,60.75,60.75,60.75,33.244,45.061,58.845,49.141,52.127,34.352,45.646,38.676,44.636,2333.333,2333.333,3500.0,3500.0,2333.333,2333.333,2333.333,2333.333,3500.0,2.054,2.074,2.709,2.721,1.865,1.865,1.89,1.89,19.939,4314.0,10165.0,0.0,14.0,
2026-07-08 05:35:31,59.0,21.000              ,590.348,200.0,1200.0,0.0,59.875,59.875              ,59.875,59.875,59.875,59.875,59.875,59.875,59.875,16.886,52.14,48.959,41.567,39.657,17.314,32.316,28.053,34.612,2540.0,2540.0,3175.0,3175.0,2116.667,2116.667,2540.0,2540.0,3175.0,2.097,2.076,1.755,1.73,1.557,1.59,1.695,1.695,18.535,4309.0,10161.0,0.0,15.0,
2026-07-08 05:35:32,59.0,45.000              ,620.328,200.0,1200.0,0.0,59.75,59.750              ,59.75,59.75,59.75,59.75,59.75,59.75,59.75,32.968,54.894,47.305,41.674,65.6,12.314,30.839,22.682,38.535,3025.0,3025.0,3100.0,3100.0,2480.0,2480.0,2066.667,2066.667,3100.0,2.041,2.041,1.579,1.577,1.784,1.759,1.134,1.134,18.156,4312.0,10235.0,17.447,16.0,57.32
2026-07-08 05:35:33,59.0,53.000              ,620.328,200.0,1200.0,0.0,59.5,59.500              ,59.5,59.5,59.5,59.5,59.5,59.5,59.5,29.459,44.615,52.168,42.361,42.21,31.159,32.606,13.55,36.016,3100.0,3100.0,2480.0,2480.0,2480.0,2480.0,2066.667,2066.667,3100.0,1.606,1.626,1.776,1.776,1.805,1.809,0.938,0.939,18.127,4307.0,10232.0,17.977,17.0,55.63
2026-07-08 05:35:34,59.0,59.000              ,641.902,200.0,1200.0,0.0,59.5,59.500              ,59.5,59.5,59.5,59.5,59.5,59.5,59.5,34.256,50.788,60.481,25.957,53.814,10.719,32.617,24.387,36.627,2340.0,2340.0,2925.0,2925.0,2340.0,2340.0,1950.0,1950.0,2925.0,1.884,1.864,1.781,1.781,1.407,1.403,1.201,1.202,17.539,4323.0,10268.0,43.236,18.0,23.13
2026-07-08 05:35:35,60.0,53.000              ,641.902,200.0,1200.0,0.0,60.5,60.500              ,60.5,60.5,60.5,60.5,60.5,60.5,60.5,11.6,92.144,30.609,26.291,25.966,5.55,19.828,10.02,27.751,3050.0,3050.0,2440.0,2440.0,2440.0,2440.0,2033.333,2033.333,3050.0,3.779,3.779,1.124,1.124,0.764,0.764,0.75,0.748,17.083,4328.0,10281.0,17.315,19.0,57.75
2026-07-08 05:35:36,60.0,23.000              ,639.34,200.0,1200.0,0.0,60.5,60.500              ,60.5,60.5,60.5,60.5,60.5,60.5,60.5,28.347,43.47,53.355,25.968,33.206,24.673,31.017,16.062,32.012,3500.0,3500.0,2333.333,2333.333,2000.0,2000.0,2000.0,2000.0,3500.0,1.919,1.922,1.526,1.526,1.148,1.148,0.92,0.92,17.669,4368.0,10311.0,723.304,20.0,1.38
2026-07-08 05:35:37,60.0,29.000              ,638.527,200.0,1200.0,0.0,60.25,60.250              ,60.25,60.25,60.25,60.25,60.25,60.25,60.25,14.087,10.418,70.95,10.653,24.593,7.172,19.837,2.194,19.988,2266.667,2266.667,3400.0,3400.0,2266.667,2266.667,2266.667,2266.667,3400.0,0.871,0.87,2.198,2.198,1.135,1.135,0.844,0.844,17.247,4368.0,10311.0,17.731,21.0,56.4
2026-07-08 05:35:38,60.0,59.000              ,638.527,200.0,1200.0,0.0,60.25,60.250              ,60.25,60.25,60.25,60.25,60.25,60.25,60.25,25.492,10.759,70.63,8.573,24.337,6.134,21.027,4.409,21.42,2333.333,2333.333,3500.0,3500.0,2333.333,2333.333,2333.333,2333.333,3500.0,0.984,0.982,2.089,2.089,1.022,1.022,0.858,0.858,17.17,4338.0,10280.0,17.36,22.0,57.6
2026-07-08 05:35:39,60.0,59.000              ,638.57,200.0,1200.0,0.0,60.0,60.000              ,60.0,60.0,60.0,60.0,60.0,60.0,60.0,19.177,9.548,55.419,12.57,22.567,3.733,20.657,4.231,18.488,3250.0,3250.0,2600.0,2600.0,2600.0,2600.0,3125.0,3125.0,3250.0,0.916,0.916,1.812,1.816,0.966,0.966,0.863,0.863,17.276,4339.0,10277.0,23.814,23.0,41.99
2026-07-08 05:35:40,60.0,58.000              ,638.57,200.0,1200.0,0.0,60.0,60.000              ,60.0,60.0,60.0,60.0,60.0,60.0,60.0,15.112,12.182,56.518,13.28,17.632,1.572,11.941,4.266,16.563,2720.0,2720.0,3425.0,3425.0,2283.333,2283.333,2283.333,2283.333,3425.0,1.019,1.019,2.128,2.124,0.828,0.831,0.819,0.819,17.226,4335.0,10273.0,17.937,24.0,55.75
2026-07-08 05:35:41,59.0,57.000              ,631.348,200.0,1200.0,0.0,59.375,59.375              ,59.375,59.375,59.375,59.375,59.375,59.375,59.375,33.131,23.468,61.583,41.768,52.481,16.935,49.379,18.445,37.149,2233.333,2233.333,3325.0,3325.0,2216.667,2233.333,2216.667,2216.667,3325.0,1.1,1.1,1.761,1.761,1.231,1.231,1.155,1.155,16.98,4376.0,10330.0,95.014,25.0,10.52
2026-07-08 05:35:42,59.0,58.000              ,631.348,200.0,1200.0,0.0,59.375,59.375              ,59.375,59.375,59.375,59.375,59.375,59.375,59.375,28.886,18.19,31.498,39.943,42.113,11.477,60.703,7.622,30.054,2240.0,2240.0,2800.0,2800.0,2240.0,2240.0,2240.0,2240.0,2800.0,1.019,1.002,1.474,1.479,1.176,1.177,1.449,1.428,16.934,4381.0,10361.0,22.882,26.0,43.7
2026-07-08 05:35:43,59.0,58.000              ,631.348,200.0,1200.0,0.0,59.125,59.125              ,59.125,59.125,59.125,59.125,59.125,59.125,59.125,71.762,56.574,77.127,72.629,74.779,70.697,81.192,62.188,70.869,2060.0,2060.0,2575.0,2575.0,2060.0,2060.0,2060.0,2060.0,2575.0,0.997,1.013,1.251,1.245,1.263,1.261,1.229,1.233,17.093,4502.0,10583.0,18.037,27.0,55.44
2026-07-08 05:35:44,59.0,61.000              ,631.348,200.0,1200.0,0.0,59.0,59.000              ,59.0,59.0,59.0,59.0,59.0,59.0,59.0,60.295,50.765,59.991,49.988,59.402,62.165,64.831,61.586,58.628,2250.0,2250.0,1800.0,1800.0,1800.0,2250.0,1800.0,1800.0,2250.0,1.021,1.021,1.071,1.062,1.103,1.102,1.12,1.134,16.516,4579.0,10658.0,18.09,28.0,55.28
2026-07-08 05:35:45,59.0,63.000              ,610.793,200.0,1200.0,0.0,59.0,59.000              ,59.0,59.0,59.0,59.0,59.0,59.0,59.0,59.091,41.43,47.605,50.722,60.732,52.754,61.142,59.589,54.133,1940.0,1940.0,1940.0,1940.0,1940.0,1940.0,2425.0,2425.0,2425.0,0.95,0.95,0.956,0.967,1.054,1.054,1.223,1.221,16.406,4639.0,10714.0,19.404,29.0,51.54
2026-07-08 05:35:46,59.0,64.000              ,610.793,200.0,1200.0,0.0,59.0,59.000              ,59.0,59.0,59.0,59.0,59.0,59.0,59.0,52.977,28.229,55.078,48.13,57.039,48.895,56.193,44.581,48.89,1960.0,1960.0,2450.0,2450.0,2450.0,2450.0,2450.0,2450.0,2450.0,0.946,0.948,1.124,1.121,1.169,1.169,1.185,1.185,16.319,4653.0,10718.0,17.874,30.0,55.95
2026-07-08 05:35:47,59.0,63.000              ,610.793,200.0,1200.0,0.0,59.0,59.000              ,59.0,59.0,59.0,59.0,59.0,59.0,59.0,45.728,31.758,57.227,37.842,46.738,62.018,71.843,27.263,47.552,2040.0,2040.0,2040.0,2040.0,2550.0,2575.0,2060.0,2060.0,2575.0,0.952,0.95,1.166,1.168,1.17,1.17,1.232,1.232,16.323,4691.0,10735.0,17.512,31.0,57.1
2026-07-08 05:35:48,59.0,63.000              ,610.793,200.0,1200.0,0.0,59.125,59.125              ,59.125,59.125,59.125,59.125,59.125,59.125,59.125,52.56,51.579,52.209,58.794,54.164,55.322,51.905,68.938,55.684,1980.0,1980.0,1980.0,1940.0,1940.0,1940.0,2425.0,2425.0,2425.0,1.016,1.016,1.009,1.009,0.965,0.965,1.319,1.319,16.383,4674.0,10718.0,18.02,32.0,55.49
2026-07-08 05:35:49,58.0,66.000              ,610.793,200.0,1200.0,0.0,58.875,58.875              ,58.875,58.875,58.875,58.875,58.875,58.875,58.875,43.117,43.903,53.372,46.78,46.044,62.006,59.82,52.081,50.89,1920.0,1920.0,1920.0,1920.0,1920.0,1920.0,2400.0,2400.0,2400.0,0.937,0.926,1.056,1.054,1.054,1.055,1.296,1.296,16.025,4712.0,10769.0,18.301,33.0,54.64
2026-07-08 05:35:50,58.0,64.000              ,610.793,200.0,1200.0,0.0,58.875,58.875              ,58.875,58.875,58.875,58.875,58.875,58.875,58.875,57.756,41.073,50.104,50.652,50.205,45.3,53.383,46.201,49.334,1920.0,1920.0,1920.0,1920.0,1920.0,1920.0,2400.0,2400.0,2400.0,1.046,1.059,1.146,1.146,1.097,1.095,1.161,1.149,16.095,4806.0,10864.0,22.522,34.0,44.4
2026-07-08 05:35:51,58.0,59.000              ,610.793,200.0,1200.0,0.0,58.75,58.750              ,58.75,58.75,58.75,58.75,58.75,58.75,58.75,51.284,29.869,47.919,49.981,59.268,49.229,48.717,63.488,49.969,1940.0,1940.0,1940.0,1940.0,1940.0,1940.0,2425.0,2425.0,2425.0,0.861,0.862,1.026,1.026,1.081,1.086,1.29,1.305,16.024,4903.0,10962.0,18.428,35.0,54.27
2026-07-08 05:35:52,58.0,59.000              ,610.793,200.0,1200.0,0.0,58.75,58.750              ,58.75,58.75,58.75,58.75,58.75,58.75,58.75,48.592,46.901,47.89,47.292,53.299,47.915,52.542,60.961,50.674,2020.0,2020.0,2020.0,2020.0,2020.0,2020.0,2525.0,2525.0,2525.0,0.918,0.919,0.994,0.994,0.934,0.929,1.133,1.133,15.913,4951.0,10986.0,19.903,36.0,50.24
2026-07-08 05:35:53,58.0,63.000              ,610.793,200.0,1200.0,0.0,58.75,58.750              ,58.75,58.75,58.75,58.75,58.75,58.75,58.75,47.387,33.413,48.257,41.713,53.191,51.719,57.437,56.191,48.664,2040.0,2040.0,2040.0,2040.0,2040.0,2040.0,2550.0,2550.0,2550.0,0.862,0.86,0.907,0.907,1.083,1.083,1.152,1.152,16.005,4940.0,11004.0,21.207,37.0,47.15
2026-07-08 05:35:54,58.0,65.000              ,610.793,200.0,1200.0,0.0,58.75,58.750              ,58.75,58.75,58.75,58.75,58.75,58.75,58.75,48.164,43.179,57.242,49.181,56.726,47.485,73.03,50.481,53.186,1960.0,1960.0,1960.0,1960.0,1960.0,1960.0,2450.0,2450.0,2450.0,0.831,0.831,1.045,1.046,0.888,0.88,1.115,1.115,15.76,4772.0,10824.0,19.898,38.0,50.26
2026-07-08 05:35:55,58.0,65.000              ,610.793,200.0,1200.0,0.0,58.75,58.750              ,58.75,58.75,58.75,58.75,58.75,58.75,58.75,42.363,39.169,56.917,41.06,50.859,49.628,57.948,40.761,47.338,1940.0,1940.0,1940.0,1940.0,1940.0,1940.0,2425.0,2425.0,2425.0,0.956,0.956,1.127,1.125,1.085,1.096,1.195,1.195,15.927,4814.0,10862.0,17.54,39.0,57.01
2026-07-08 05:35:56,58.0,64.000              ,610.793,200.0,1200.0,0.0,58.75,58.750              ,58.75,58.75,58.75,58.75,58.75,58.75,58.75,53.082,25.972,58.524,38.523,55.996,53.624,55.661,36.06,47.18,1900.0,1900.0,2375.0,2375.0,2375.0,2375.0,1900.0,1900.0,2375.0,0.974,0.974,1.18,1.169,1.239,1.239,1.14,1.14,15.707,4851.0,10906.0,17.749,40.0,56.34
2026-07-08 05:35:57,58.0,61.000              ,610.793,200.0,1200.0,0.0,58.75,58.750              ,58.75,58.75,58.75,58.75,58.75,58.75,58.75,45.138,31.977,58.278,40.933,52.142,51.588,70.896,32.116,47.884,2000.0,2000.0,2000.0,2000.0,2000.0,2000.0,2500.0,2500.0,2500.0,0.9,0.9,1.091,1.101,1.107,1.11,1.17,1.172,15.928,4745.0,10793.0,17.818,41.0,56.12
2026-07-08 05:35:58,58.0,61.000              ,610.793,200.0,1200.0,0.0,58.75,58.750              ,58.75,58.75,58.75,58.75,58.75,58.75,58.75,56.473,28.979,72.75,44.524,53.908,49.455,60.412,18.779,48.16,1860.0,1860.0,2325.0,2325.0,2325.0,2325.0,1860.0,1860.0,2325.0,0.98,0.98,1.504,1.506,0.987,0.982,0.998,0.995,15.592,4761.0,10918.0,17.465,42.0,57.26
2026-07-08 05:35:59,58.0,63.000              ,610.793,200.0,1200.0,0.0,58.75,58.750              ,58.75,58.75,58.75,58.75,58.75,58.75,58.75,53.182,29.181,66.66,40.635,43.224,59.259,67.229,17.818,47.148,1900.0,1900.0,2375.0,2375.0,1900.0,1900.0,1900.0,1900.0,2375.0,0.915,0.916,1.199,1.197,1.044,1.051,1.081,1.081,15.582,4796.0,10958.0,17.666,43.0,56.61
2026-07-08 05:36:00,58.0,63.000              ,610.793,200.0,1200.0,0.0,58.75,58.750              ,58.75,58.75,58.75,58.75,58.75,58.75,58.75,50.799,32.174,68.701,42.656,47.887,51.624,66.931,34.332,49.388,1800.0,1820.0,1820.0,1820.0,2275.0,2275.0,1820.0,1820.0,2275.0,0.872,0.871,1.217,1.217,0.955,0.956,1.152,1.152,15.621,4846.0,11004.0,20.442,44.0,48.92
2026-07-08 05:36:01,58.0,63.000              ,610.793,200.0,1200.0,0.0,58.625,58.625              ,58.625,58.625,58.625,58.625,58.625,58.625,58.625,48.389,34.258,46.927,46.159,53.94,44.623,50.1,57.949,47.793,1900.0,1900.0,2375.0,2350.0,1880.0,1880.0,1880.0,2325.0,2375.0,0.852,0.852,0.981,0.981,0.916,0.913,1.239,1.239,15.557,4935.0,11098.0,19.848,45.0,50.38
2026-07-08 05:36:02,58.0,63.000              ,610.793,200.0,1200.0,0.0,58.5,58.500              ,58.5,58.5,58.5,58.5,58.5,58.5,58.5,45.447,36.498,58.675,38.443,54.85,60.134,67.869,26.602,48.565,1860.0,1860.0,2325.0,2300.0,1840.0,1860.0,1840.0,1840.0,2325.0,0.877,0.877,1.097,1.097,1.043,1.034,0.926,0.927,15.511,4952.0,11125.0,19.154,46.0,52.21
2026-07-08 05:36:03,58.0,64.000              ,610.793,200.0,1200.0,0.0,58.5,58.500              ,58.5,58.5,58.5,58.5,58.5,58.5,58.5,46.805,29.894,65.95,51.813,44.339,62.595,62.253,24.308,48.495,1900.0,1900.0,1900.0,1900.0,1900.0,1900.0,2375.0,2375.0,2375.0,0.716,0.718,1.012,1.012,0.898,0.906,0.819,0.818,15.583,4987.0,11149.0,18.868,47.0,53.0
2026-07-08 05:36:04,58.0,65.000              ,610.793,200.0,1200.0,0.0,58.5,58.500              ,58.5,58.5,58.5,58.5,58.5,58.5,58.5,56.98,38.319,63.307,46.857,44.445,50.484,53.048,38.069,48.939,1760.0,1760.0,2200.0,2200.0,1760.0,1780.0,2225.0,2225.0,2225.0,0.822,0.821,0.97,0.97,0.746,0.746,0.811,0.81,15.438,4993.0,11161.0,17.834,48.0,56.07
2026-07-08 05:36:05,58.0,66.000              ,580.883,200.0,1200.0,0.0,58.5,58.500              ,58.5,58.5,58.5,58.5,58.5,58.5,58.5,44.018,41.124,48.258,46.553,49.18,52.149,57.136,47.143,48.195,1860.0,1860.0,1860.0,1860.0,2325.0,2325.0,1860.0,1860.0,2325.0,0.782,0.782,0.837,0.839,0.91,0.91,0.977,0.978,15.464,5006.0,11179.0,17.716,49.0,56.45
2026-07-08 05:36:06,58.0,65.000              ,580.883,200.0,1200.0,0.0,58.5,58.500              ,58.5,58.5,58.5,58.5,58.5,58.5,58.5,62.83,52.188,73.543,64.868,56.913,59.939,59.154,53.162,60.325,1816.667,1816.667,2180.0,2180.0,1816.667,1816.667,2180.0,2180.0,2180.0,0.789,0.789,0.931,0.928,0.814,0.808,0.776,0.776,15.52,5038.0,11196.0,22.459,50.0,44.53
2026-07-08 05:36:07,58.0,62.000              ,580.883,200.0,1200.0,0.0,58.5,58.500              ,58.5,58.5,58.5,58.5,58.5,58.5,58.5,61.28,41.455,69.295,50.072,70.237,39.452,81.049,39.662,56.563,1760.0,1760.0,1760.0,1760.0,1760.0,1780.0,2225.0,2225.0,2225.0,0.717,0.718,0.864,0.864,0.782,0.783,0.853,0.851,15.295,5041.0,11213.0,23.415,51.0,42.71
2026-07-08 05:36:08,58.0,59.000              ,580.883,200.0,1200.0,0.0,58.5,58.500              ,58.5,58.5,58.5,58.5,58.5,58.5,58.5,54.233,31.843,58.374,43.844,60.546,44.322,63.686,44.388,50.154,1760.0,1760.0,2200.0,2200.0,2200.0,2200.0,2200.0,2200.0,2200.0,0.715,0.714,0.804,0.804,0.866,0.872,0.945,0.945,15.406,5071.0,11206.0,17.889,52.0,55.9
2026-07-08 05:36:09,58.0,58.000              ,580.883,200.0,1200.0,0.0,58.5,58.500              ,58.5,58.5,58.5,58.5,58.5,58.5,58.5,53.245,30.62,65.362,46.325,53.731,45.012,65.562,29.947,48.726,1760.0,1760.0,1760.0,1760.0,1760.0,1760.0,2200.0,2200.0,2200.0,0.73,0.73,0.955,0.957,0.812,0.806,0.847,0.849,15.383,5116.0,11223.0,18.153,53.0,55.09
2026-07-08 05:36:10,58.0,61.000              ,580.883,200.0,1200.0,0.0,58.5,58.500              ,58.5,58.5,58.5,58.5,58.5,58.5,58.5,61.492,30.678,47.626,46.506,53.445,48.291,64.227,33.867,48.266,1800.0,1800.0,2160.0,2160.0,1800.0,1800.0,1800.0,1800.0,2160.0,0.757,0.758,0.767,0.765,0.815,0.821,0.854,0.853,15.283,5116.0,11245.0,17.778,54.0,56.25
2026-07-08 05:36:11,58.0,64.000              ,580.883,200.0,1200.0,0.0,58.375,58.375              ,58.375,58.375,58.375,58.375,58.375,58.375,58.375,60.771,27.599,44.068,62.746,57.098,49.049,63.828,20.65,48.226,1783.333,1783.333,1783.333,1783.333,2140.0,2140.0,1783.333,1783.333,2140.0,0.752,0.751,0.85,0.85,0.862,0.854,0.761,0.761,15.29,5110.0,11244.0,17.766,55.0,56.29
2026-07-08 05:36:12,58.0,63.000              ,580.883,200.0,1200.0,0.0,58.375,58.375              ,58.375,58.375,58.375,58.375,58.375,58.375,58.375,64.97,32.881,50.356,57.785,56.395,51.712,53.916,33.062,50.135,1780.0,1780.0,1780.0,1780.0,2225.0,2225.0,1780.0,1780.0,2225.0,0.809,0.806,0.838,0.843,0.891,0.899,0.726,0.727,15.42,5133.0,11270.0,17.934,56.0,55.76
2026-07-08 05:36:13,58.0,63.000              ,580.883,200.0,1200.0,0.0,58.375,58.375              ,58.375,58.375,58.375,58.375,58.375,58.375,58.375,61.636,44.493,67.82,71.531,66.927,60.471,60.319,56.558,61.219,1633.333,1633.333,1960.0,1960.0,1960.0,1960.0,1633.333,1633.333,1960.0,0.691,0.693,0.893,0.889,0.824,0.825,0.765,0.763,15.317,5159.0,11329.0,17.974,57.0,55.64
2026-07-08 05:36:14,58.0,66.000              ,580.883,200.0,1200.0,0.0,58.375,58.375              ,58.375,58.375,58.375,58.375,58.375,58.375,58.375,67.527,29.484,49.861,43.634,59.123,42.782,56.138,42.081,48.829,1700.0,1683.333,2020.0,2020.0,2020.0,2020.0,2020.0,2020.0,2020.0,0.763,0.763,0.735,0.739,0.796,0.795,0.791,0.791,15.144,5180.0,11351.0,17.623,58.0,56.74
2026-07-08 05:36:15,58.0,65.000              ,570.758,200.0,1200.0,0.0,58.375,58.375              ,58.375,58.375,58.375,58.375,58.375,58.375,58.375,57.106,38.703,49.339,49.108,49.391,47.807,49.972,52.81,49.279,1800.0,1800.0,1800.0,1800.0,1800.0,1800.0,2160.0,2160.0,2160.0,0.783,0.783,0.768,0.764,0.777,0.779,0.867,0.871,15.28,5204.0,11383.0,18.897,59.0,52.92
2026-07-08 05:36:16,58.0,65.000              ,570.758,200.0,1200.0,0.0,58.25,58.250              ,58.25,58.25,58.25,58.25,58.25,58.25,58.25,54.248,35.0,49.282,48.302,57.248,56.818,47.781,54.659,50.417,1783.333,1783.333,2140.0,2120.0,1766.667,1766.667,1766.667,1766.667,2140.0,0.724,0.724,0.777,0.779,0.848,0.847,0.826,0.822,15.202,5220.0,11410.0,19.469,60.0,51.36
2026-07-08 05:36:17,58.0,64.000              ,570.758,200.0,1200.0,0.0,58.25,58.250              ,58.25,58.25,58.25,58.25,58.25,58.25,58.25,46.839,32.147,56.526,49.804,46.86,62.229,55.023,45.201,49.329,1783.333,2140.0,2140.0,2140.0,1783.333,1783.333,1783.333,1783.333,2140.0,0.692,0.693,0.836,0.834,0.849,0.849,0.823,0.823,15.299,5276.0,11442.0,18.161,61.0,55.06
2026-07-08 05:36:18,58.0,63.000              ,570.758,200.0,1200.0,0.0,58.25,58.250              ,58.25,58.25,58.25,58.25,58.25,58.25,58.25,47.442,37.219,44.703,48.596,61.287,54.318,70.508,39.429,50.438,2200.0,2200.0,1760.0,1760.0,2200.0,2200.0,1760.0,1760.0,2200.0,0.693,0.692,0.744,0.744,0.844,0.844,0.9,0.9,15.183,5300.0,11456.0,18.057,62.0,55.38
2026-07-08 05:36:19,58.0,65.000              ,570.758,200.0,1200.0,0.0,58.25,58.250              ,58.25,58.25,58.25,58.25,58.25,58.25,58.25,54.375,46.109,57.051,52.2,54.196,53.385,44.654,48.179,51.269,1766.667,1766.667,1766.667,1766.667,2120.0,2140.0,1783.333,1783.333,2140.0,0.783,0.785,0.802,0.802,0.808,0.81,0.783,0.783,15.234,5317.0,11480.0,18.075,63.0,55.33
2026-07-08 05:36:20,58.0,66.000              ,570.758,200.0,1200.0,0.0,58.125,58.125              ,58.125,58.125,58.125,58.125,58.125,58.125,58.125,54.78,29.437,50.568,46.835,52.927,60.828,45.545,65.892,50.852,1750.0,1750.0,1750.0,1750.0,2100.0,2100.0,2100.0,2100.0,2100.0,0.687,0.686,0.735,0.74,0.843,0.843,0.911,0.911,15.213,5391.0,11523.0,17.811,64.0,56.15
2026-07-08 05:36:21,58.0,66.000              ,570.758,200.0,1200.0,0.0,58.0,58.000              ,58.0,58.0,58.0,58.0,58.0,58.0,58.0,44.224,38.692,45.815,48.774,61.102,44.411,50.883,68.673,50.322,1766.667,1766.667,1766.667,1766.667,1766.667,1766.667,2120.0,2120.0,2120.0,0.668,0.668,0.751,0.746,0.755,0.755,0.955,0.956,15.109,5427.0,11570.0,17.985,65.0,55.6
2026-07-08 05:36:22,58.0,65.000              ,570.758,200.0,1200.0,0.0,58.0,58.000              ,58.0,58.0,58.0,58.0,58.0,58.0,58.0,52.535,38.886,50.864,55.101,51.73,46.44,58.264,56.899,51.34,1783.333,1783.333,1783.333,1783.333,1783.333,1783.333,2140.0,2140.0,2140.0,0.705,0.705,0.778,0.78,0.754,0.753,0.926,0.925,15.176,5427.0,11585.0,18.055,66.0,55.39
2026-07-08 05:36:23,58.0,64.000              ,570.758,200.0,1200.0,0.0,58.0,58.000              ,58.0,58.0,58.0,58.0,58.0,58.0,58.0,46.974,37.95,49.221,55.807,48.313,53.064,68.701,36.137,49.521,1760.0,1760.0,1760.0,1760.0,1760.0,1760.0,2200.0,2200.0,2200.0,0.681,0.681,0.806,0.805,0.769,0.769,0.876,0.876,15.18,5440.0,11601.0,17.619,67.0,56.76
2026-07-08 05:36:24,58.0,64.000              ,570.758,200.0,1200.0,0.0,58.0,58.000              ,58.0,58.0,58.0,58.0,58.0,58.0,58.0,48.877,48.969,55.614,51.623,60.599,51.722,41.541,42.519,50.183,2100.0,2100.0,1750.0,2100.0,2100.0,2100.0,1766.667,1766.667,2100.0,0.772,0.772,0.845,0.845,0.878,0.879,0.704,0.704,15.079,5475.0,11623.0,17.714,68.0,56.45
2026-07-08 05:36:25,58.0,66.000              ,570.508,200.0,1200.0,0.0,58.0,58.000              ,58.0,58.0,58.0,58.0,58.0,58.0,58.0,55.048,41.229,44.352,52.181,59.814,50.509,55.299,53.047,51.435,1766.667,1766.667,1766.667,1766.667,2120.0,2120.0,1783.333,1783.333,2120.0,0.769,0.777,0.766,0.766,0.856,0.848,0.908,0.908,15.221,5509.0,11653.0,18.297,69.0,54.65
2026-07-08 05:36:26,58.0,65.000              ,570.508,200.0,1200.0,0.0,58.0,58.000              ,58.0,58.0,58.0,58.0,58.0,58.0,58.0,51.926,45.556,62.641,47.227,49.026,57.605,66.65,27.939,51.071,1800.0,1800.0,2250.0,2250.0,1800.0,1800.0,2250.0,2250.0,2250.0,0.794,0.786,0.868,0.87,0.835,0.842,0.795,0.795,15.2,5525.0,11677.0,17.942,70.0,55.74
2026-07-08 05:36:27,58.0,64.000              ,570.508,200.0,1200.0,0.0,58.0,58.000              ,58.0,58.0,58.0,58.0,58.0,58.0,58.0,48.464,33.215,56.445,55.546,57.103,55.239,66.352,36.384,51.094,1716.667,1700.0,1700.0,1700.0,2040.0,2040.0,1700.0,1700.0,2040.0,0.655,0.655,0.844,0.842,0.796,0.798,0.79,0.793,15.182,5533.0,11689.0,17.841,71.0,56.05
2026-07-08 05:36:28,58.0,65.000              ,570.508,200.0,1200.0,0.0,58.0,58.000              ,58.0,58.0,58.0,58.0,58.0,58.0,58.0,54.633,31.772,60.977,54.733,52.726,59.41,60.809,50.579,53.205,1750.0,1750.0,1750.0,1750.0,2100.0,2100.0,1750.0,1750.0,2100.0,0.661,0.661,0.825,0.825,0.792,0.79,0.832,0.835,15.097,5576.0,11705.0,17.488,72.0,57.18
2026-07-08 05:36:29,58.0,65.000              ,570.508,200.0,1200.0,0.0,58.0,58.000              ,58.0,58.0,58.0,58.0,58.0,58.0,58.0,62.179,30.844,43.111,53.455,56.451,41.017,44.533,62.64,49.279,1716.667,1716.667,1716.667,1716.667,2060.0,2060.0,2060.0,2060.0,2060.0,0.725,0.725,0.756,0.756,0.766,0.765,0.858,0.855,14.852,5576.0,11712.0,24.332,73.0,41.1
2026-07-08 05:36:30,58.0,62.000              ,570.508,200.0,1200.0,0.0,58.0,58.000              ,58.0,58.0,58.0,58.0,58.0,58.0,58.0,51.643,32.556,38.478,51.305,65.465,33.335,60.662,45.627,47.384,1760.0,1760.0,1760.0,1760.0,1760.0,1760.0,2200.0,2180.0,2200.0,0.694,0.694,0.724,0.724,0.794,0.794,0.912,0.911,15.316,5578.0,11729.0,18.145,74.0,55.11
2026-07-08 05:36:31,58.0,59.000              ,570.508,200.0,1200.0,0.0,58.0,58.000              ,58.0,58.0,58.0,58.0,58.0,58.0,58.0,54.246,32.533,48.344,57.558,59.867,40.385,68.414,25.932,48.41,1800.0,1800.0,1800.0,1800.0,1800.0,1800.0,2140.0,2140.0,2140.0,0.682,0.682,0.826,0.826,0.811,0.815,0.825,0.825,15.154,5584.0,11746.0,17.354,75.0,57.62
2026-07-08 05:36:32,58.0,57.000              ,570.508,200.0,1200.0,0.0,58.0,58.000              ,58.0,58.0,58.0,58.0,58.0,58.0,58.0,56.066,42.219,59.615,51.246,53.159,47.167,67.261,35.399,51.517,1700.0,1716.667,2060.0,2060.0,1716.667,1716.667,1716.667,1733.333,2060.0,0.75,0.751,0.834,0.821,0.769,0.765,0.832,0.833,15.047,5624.0,11761.0,17.364,76.0,57.59
2026-07-08 05:36:33,58.0,57.000              ,570.508,200.0,1200.0,0.0,58.0,58.000              ,58.0,58.0,58.0,58.0,58.0,58.0,58.0,61.604,35.814,58.449,42.805,66.753,49.982,67.07,31.036,51.689,1733.333,1750.0,1750.0,1750.0,1750.0,1750.0,2100.0,2100.0,2100.0,0.724,0.723,0.782,0.796,0.872,0.872,0.732,0.731,15.249,5622.0,11781.0,18.242,77.0,54.82
2026-07-08 05:36:34,58.0,60.000              ,570.508,200.0,1200.0,0.0,58.0,58.000              ,58.0,58.0,58.0,58.0,58.0,58.0,58.0,53.649,37.877,50.209,56.737,68.621,55.65,56.435,54.178,54.17,1716.667,1716.667,1716.667,1716.667,1716.667,1716.667,2060.0,2060.0,2060.0,0.688,0.689,0.776,0.774,0.885,0.885,0.818,0.813,15.045,5643.0,11798.0,18.678,78.0,53.54
2026-07-08 05:36:35,58.0,64.000              ,570.258,200.0,1200.0,0.0,58.0,58.000              ,58.0,58.0,58.0,58.0,58.0,58.0,58.0,55.237,42.034,55.947,55.263,54.314,53.32,62.155,38.638,52.113,1650.0,1650.0,1650.0,1650.0,1980.0,1980.0,1960.0,1960.0,1980.0,0.697,0.696,0.772,0.774,0.748,0.748,0.701,0.706,14.935,5662.0,11800.0,17.925,79.0,55.79
2026-07-08 05:36:36,58.0,64.000              ,570.258,200.0,1200.0,0.0,58.0,58.000              ,58.0,58.0,58.0,58.0,58.0,58.0,58.0,65.787,26.391,49.242,48.486,54.845,46.912,43.349,54.083,48.637,1750.0,1750.0,1750.0,1750.0,2100.0,2100.0,1750.0,1750.0,2100.0,0.73,0.73,0.762,0.762,0.772,0.777,0.802,0.802,15.167,5663.0,11816.0,17.756,80.0,56.32
2026-07-08 05:36:37,58.0,63.000              ,570.258,200.0,1200.0,0.0,58.0,58.000              ,58.0,58.0,58.0,58.0,58.0,58.0,58.0,55.133,38.404,63.195,50.991,57.192,51.604,74.387,31.174,52.76,2180.0,2180.0,1816.667,1816.667,1816.667,2180.0,1816.667,1816.667,2180.0,0.718,0.718,0.837,0.833,0.791,0.786,0.802,0.802,15.109,5621.0,11827.0,17.606,81.0,56.8
2026-07-08 05:36:38,58.0,64.000              ,570.258,200.0,1200.0,0.0,58.0,58.000              ,58.0,58.0,58.0,58.0,58.0,58.0,58.0,51.641,35.49,58.955,50.903,56.816,45.61,65.287,33.895,49.824,1716.667,1716.667,1716.667,1716.667,2060.0,2060.0,1716.667,2060.0,2060.0,0.693,0.693,0.798,0.801,0.79,0.793,0.81,0.81,15.07,5618.0,11838.0,17.521,82.0,57.07
2026-07-08 05:36:39,57.0,65.000              ,570.258,200.0,1200.0,0.0,57.875,57.875              ,57.875,57.875,57.875,57.875,57.875,57.875,57.875,39.635,28.179,59.926,46.29,62.849,48.446,68.274,37.646,48.906,1816.667,1816.667,1816.667,1816.667,2180.0,2180.0,2200.0,2250.0,2250.0,0.647,0.647,0.894,0.894,0.895,0.886,0.942,0.942,15.108,5710.0,11906.0,17.842,83.0,56.05
2026-07-08 05:36:40,57.0,65.000              ,570.008,200.0,1200.0,0.0,57.875,57.875              ,57.875,57.875,57.875,57.875,57.875,57.875,57.875,66.205,36.269,60.091,51.334,70.76,43.915,60.168,54.119,55.358,1700.0,1700.0,2040.0,2040.0,2040.0,2040.0,1700.0,1700.0,2040.0,0.731,0.731,0.792,0.794,0.841,0.845,0.858,0.858,15.099,5603.0,11998.0,23.528,84.0,42.5
2026-07-08 05:36:41,57.0,63.000              ,570.008,200.0,1200.0,0.0,57.875,57.875              ,57.875,57.875,57.875,57.875,57.875,57.875,57.875,88.73,83.404,90.091,90.818,88.332,83.357,89.367,80.549,86.831,1500.0,1500.0,1750.0,1750.0,1750.0,1750.0,1750.0,1750.0,1750.0,0.769,0.769,0.809,0.808,0.846,0.846,0.863,0.863,15.466,5497.0,12031.0,18.067,85.0,55.35
2026-07-08 05:36:42,57.0,62.000              ,570.008,200.0,1200.0,0.0,57.875,57.875              ,57.875,57.875,57.875,57.875,57.875,57.875,57.875,78.604,59.553,78.346,72.871,75.461,60.214,76.28,57.432,69.845,1566.667,1566.667,1566.667,1550.0,1550.0,1550.0,1550.0,1550.0,1566.667,0.706,0.713,0.784,0.782,0.755,0.757,0.728,0.728,14.666,5453.0,12069.0,18.302,86.0,54.64
2026-07-08 05:36:43,57.0,64.000              ,570.008,200.0,1200.0,0.0,57.875,57.875              ,57.875,57.875,57.875,57.875,57.875,57.875,57.875,69.136,70.993,73.853,77.848,73.188,66.973,80.253,83.122,74.421,1500.0,1483.333,1780.0,1780.0,1780.0,1780.0,1760.0,1760.0,1780.0,0.763,0.757,0.833,0.833,0.8,0.8,1.054,1.038,15.042,5369.0,12093.0,17.715,87.0,56.45
2026-07-08 05:36:44,57.0,65.000              ,570.008,200.0,1200.0,0.0,57.875,57.875              ,57.875,57.875,57.875,57.875,57.875,57.875,57.875,54.755,51.475,56.372,51.85,47.898,60.823,54.072,53.935,53.898,1800.0,1800.0,1500.0,1516.667,1516.667,1940.0,1616.667,1616.667,1940.0,0.811,0.809,0.861,0.861,0.74,0.737,0.823,0.836,15.008,5233.0,12097.0,17.436,88.0,57.35
2026-07-08 05:36:45,57.0,63.000              ,569.758,200.0,1200.0,0.0,57.75,57.750              ,57.75,57.75,57.75,57.75,57.75,57.75,57.75,48.395,37.617,42.43,50.62,49.261,48.936,63.378,42.372,47.876,1816.667,1816.667,1816.667,1816.667,2180.0,2180.0,1816.667,1816.667,2180.0,0.802,0.804,0.844,0.844,0.824,0.813,1.01,1.02,15.02,5285.0,12134.0,17.609,89.0,56.79
2026-07-08 05:36:46,57.0,62.000              ,569.758,200.0,1200.0,0.0,57.75,57.750              ,57.75,57.75,57.75,57.75,57.75,57.75,57.75,53.099,35.357,45.903,57.435,53.274,53.786,61.258,48.268,51.048,2225.0,2225.0,1780.0,1780.0,1780.0,1780.0,1780.0,1780.0,2225.0,0.814,0.813,0.895,0.895,0.867,0.88,1.094,1.083,15.074,5320.0,12177.0,17.688,90.0,56.54
2026-07-08 05:36:47,57.0,63.000              ,569.758,200.0,1200.0,0.0,57.75,57.750              ,57.75,57.75,57.75,57.75,57.75,57.75,57.75,41.326,55.938,46.148,49.753,58.227,43.304,63.341,61.693,52.466,1760.0,1760.0,1760.0,1760.0,1760.0,1760.0,2200.0,2200.0,2200.0,0.753,0.752,0.794,0.798,0.84,0.84,1.144,1.145,15.222,5242.0,12220.0,17.485,91.0,57.19
2026-07-08 05:36:48,57.0,62.000              ,569.758,200.0,1200.0,0.0,57.75,57.750              ,57.75,57.75,57.75,57.75,57.75,57.75,57.75,50.13,34.969,45.417,43.493,55.55,54.127,44.378,51.483,47.443,2020.0,2020.0,1683.333,1683.333,1683.333,1683.333,1683.333,1683.333,2020.0,0.764,0.764,0.724,0.719,0.846,0.848,0.905,0.906,14.991,5230.0,12262.0,17.752,92.0,56.33
2026-07-08 05:36:49,57.0,62.000              ,569.758,200.0,1200.0,0.0,57.75,57.750              ,57.75,57.75,57.75,57.75,57.75,57.75,57.75,49.932,27.944,44.064,46.891,48.362,52.797,62.221,53.718,48.241,1783.333,1783.333,1783.333,1783.333,1783.333,1766.667,2120.0,2120.0,2120.0,0.693,0.693,0.788,0.788,0.822,0.82,1.062,1.06,14.971,5280.0,12309.0,17.525,93.0,57.06
2026-07-08 05:36:50,57.0,63.000              ,569.758,200.0,1200.0,0.0,57.75,57.750              ,57.75,57.75,57.75,57.75,57.75,57.75,57.75,56.101,28.682,39.946,60.415,42.734,53.895,62.425,33.342,47.192,1800.0,1800.0,1800.0,1800.0,1800.0,1800.0,2250.0,2250.0,2250.0,0.789,0.789,0.924,0.924,0.825,0.826,1.019,1.02,15.027,5323.0,12356.0,17.483,94.0,57.2
2026-07-08 05:36:51,57.0,63.000              ,569.758,200.0,1200.0,0.0,57.75,57.750              ,57.75,57.75,57.75,57.75,57.75,57.75,57.75,53.121,36.802,42.337,41.981,49.36,53.631,38.638,70.441,48.289,1800.0,1800.0,1800.0,1800.0,2250.0,2250.0,1800.0,1800.0,2250.0,0.839,0.839,0.795,0.795,0.896,0.896,1.166,1.164,15.038,5374.0,12402.0,18.246,95.0,54.81
2026-07-08 05:36:52,57.0,62.000              ,569.758,200.0,1200.0,0.0,57.75,57.750              ,57.75,57.75,57.75,57.75,57.75,57.75,57.75,47.474,49.234,41.374,48.098,50.674,55.196,55.455,56.908,50.552,1750.0,1750.0,1750.0,1750.0,1750.0,1750.0,2100.0,2100.0,2100.0,0.871,0.871,0.804,0.804,0.828,0.828,1.116,1.116,15.142,5438.0,12445.0,17.664,96.0,56.61
2026-07-08 05:36:53,57.0,62.000              ,569.758,200.0,1200.0,0.0,57.75,57.750              ,57.75,57.75,57.75,57.75,57.75,57.75,57.75,44.307,48.278,51.19,47.759,58.401,56.019,60.15,58.831,53.117,1780.0,1780.0,1780.0,1780.0,1780.0,1780.0,2225.0,2225.0,2225.0,0.807,0.808,0.82,0.82,0.914,0.913,1.044,1.045,15.012,5517.0,12503.0,17.582,97.0,56.88
2026-07-08 05:36:54,57.0,62.000              ,569.758,200.0,1200.0,0.0,57.75,57.750              ,57.75,57.75,57.75,57.75,57.75,57.75,57.75,56.222,39.615,65.595,47.351,55.455,55.307,57.467,62.74,54.969,1980.0,1980.0,1980.0,1980.0,1650.0,1650.0,1650.0,1650.0,1980.0,0.779,0.777,0.895,0.895,0.85,0.837,0.968,0.968,15.276,5528.0,12574.0,17.834,98.0,56.07
2026-07-08 05:36:55,57.0,63.000              ,569.758,200.0,1200.0,0.0,57.75,57.750              ,57.75,57.75,57.75,57.75,57.75,57.75,57.75,62.939,45.609,70.097,63.663,69.052,59.099,68.279,75.337,64.259,1650.0,1650.0,1650.0,1650.0,2000.0,2000.0,1960.0,1940.0,2000.0,0.708,0.711,0.891,0.893,0.792,0.812,0.864,0.859,14.932,5578.0,12637.0,19.324,99.0,51.75
2026-07-08 05:36:56,57.0,65.000              ,569.758,200.0,1200.0,0.0,57.75,57.750              ,57.75,57.75,57.75,57.75,57.75,57.75,57.75,77.822,64.958,79.514,80.603,79.455,74.857,71.382,69.992,74.823,1600.0,1600.0,1600.0,1600.0,1900.0,1900.0,1583.333,1583.333,1900.0,0.754,0.744,0.823,0.823,0.845,0.846,0.831,0.836,15.471,5525.0,12652.0,17.655,100.0,56.64
2026-07-08 05:36:57,57.0,66.000              ,569.758,200.0,1200.0,0.0,57.75,57.750              ,57.75,57.75,57.75,57.75,57.75,57.75,57.75,71.799,57.201,70.436,65.397,73.563,54.977,74.244,69.573,67.149,1650.0,1650.0,1650.0,1650.0,1650.0,1650.0,1650.0,1650.0,1650.0,0.705,0.713,0.805,0.806,0.756,0.753,0.85,0.834,14.522,5538.0,12676.0,17.852,101.0,56.02
2026-07-08 05:36:58,57.0,62.000              ,569.758,200.0,1200.0,0.0,57.75,57.750              ,57.75,57.75,57.75,57.75,57.75,57.75,57.75,52.863,29.457,61.336,41.946,46.445,44.272,49.758,65.113,48.899,1716.667,1716.667,2060.0,2060.0,2060.0,2060.0,1716.667,1716.667,2060.0,0.67,0.671,0.782,0.782,0.793,0.782,0.98,0.995,14.977,5398.0,12717.0,24.935,102.0,40.1
2026-07-08 05:36:59,57.0,60.000              ,569.758,200.0,1200.0,0.0,57.75,57.750              ,57.75,57.75,57.75,57.75,57.75,57.75,57.75,40.94,23.684,42.117,47.453,45.152,14.745,50.63,32.693,37.177,1800.0,1800.0,2250.0,2250.0,1800.0,1820.0,2275.0,2275.0,2275.0,0.655,0.654,0.842,0.84,0.689,0.699,1.055,1.055,15.072,5427.0,12741.0,19.182,103.0,52.13
2026-07-08 05:37:00,57.0,62.000              ,569.758,200.0,1200.0,0.0,57.75,57.750              ,57.75,57.75,57.75,57.75,57.75,57.75,57.75,39.908,20.022,48.445,44.114,51.137,24.386,58.572,13.375,37.495,1960.0,1960.0,2450.0,2450.0,1960.0,1960.0,1960.0,1960.0,2450.0,0.631,0.631,0.918,0.918,0.765,0.776,0.709,0.709,14.762,5469.0,12741.0,18.451,104.0,54.2
2026-07-08 05:37:01,57.0,63.000              ,569.746,200.0,1200.0,0.0,57.75,57.750              ,57.75,57.75,57.75,57.75,57.75,57.75,57.75,33.425,16.398,30.717,34.934,30.606,11.976,32.311,8.167,24.817,2120.0,2120.0,2650.0,2650.0,2120.0,2140.0,2140.0,2140.0,2650.0,0.821,0.82,1.029,1.029,0.752,0.745,0.696,0.696,14.84,5475.0,12744.0,73.02,105.0,13.69
2026-07-08 05:37:02,58.0,50.000              ,569.625,200.0,1200.0,0.0,58.0,58.000              ,58.0,58.0,58.0,58.0,58.0,58.0,58.0,27.511,10.584,31.643,47.15,32.483,12.751,33.793,5.421,25.167,2300.0,2300.0,2300.0,2300.0,2300.0,2300.0,2850.0,2850.0,2850.0,0.708,0.708,1.509,1.509,0.87,0.866,0.724,0.724,14.817,5340.0,12567.0,19.528,106.0,51.21
2026-07-08 05:37:03,58.0,19.000              ,569.625,200.0,1200.0,0.0,58.875,58.875              ,58.875,58.875,58.875,58.875,58.875,58.875,58.875,13.426,4.417,8.014,78.852,29.183,2.665,24.629,2.225,20.426,2100.0,2100.0,3150.0,3150.0,2100.0,2100.0,1800.0,1800.0,3150.0,0.612,0.612,2.756,2.756,0.892,0.897,0.822,0.822,15.314,5402.0,12636.0,0.0,107.0,
2026-07-08 05:37:04,59.0,0.000               ,570.414,200.0,1200.0,0.0,59.25,59.250              ,59.25,59.25,59.25,59.25,59.25,59.25,59.25,8.348,3.186,10.793,70.315,30.071,5.162,21.965,2.518,19.045,2083.333,2083.333,3125.0,3125.0,2083.333,2083.333,2500.0,2500.0,3125.0,0.572,0.575,2.88,2.887,0.973,0.968,0.911,0.911,15.034,5394.0,12610.0,2525.028,108.0,0.4
2026-07-08 05:37:05,59.0,4.000               ,570.629,200.0,1200.0,0.0,59.375,59.375              ,59.375,59.375,59.375,59.375,59.375,59.375,59.375,10.326,16.45,11.238,68.884,37.899,3.679,12.572,3.634,20.585,1785.714,1785.714,3125.0,3125.0,2083.333,2083.333,2083.333,2083.333,3125.0,0.938,0.937,2.688,2.68,1.311,1.331,0.526,0.517,14.936,5398.0,12613.0,0.0,109.0,
2026-07-08 05:37:06,59.0,4.000               ,570.629,200.0,1200.0,0.0,59.5,59.500              ,59.5,59.5,59.5,59.5,59.5,59.5,59.5,20.931,3.593,8.999,73.08,20.111,2.847,20.146,1.957,18.958,1814.286,1814.286,3175.0,3175.0,2116.667,2116.667,1814.286,1814.286,3175.0,0.899,0.882,2.934,2.94,0.73,0.71,0.866,0.881,15.316,5430.0,12641.0,0.0,110.0,
2026-07-08 05:37:07,60.0,0.000               ,570.629,200.0,1200.0,0.0,60.0,60.000              ,60.0,60.0,60.0,60.0,60.0,60.0,60.0,18.346,4.694,6.727,88.538,17.219,3.99,14.938,3.5,19.744,3350.0,3350.0,2233.333,2233.333,2233.333,2233.333,2233.333,2233.333,3350.0,0.754,0.766,3.25,3.262,0.62,0.62,0.558,0.557,14.842,5481.0,12702.0,0.0,111.0,
2026-07-08 05:37:08,59.0,0.000               ,565.297,200.0,1200.0,0.0,59.0,59.000              ,59.0,59.0,59.0,59.0,59.0,59.0,59.0,14.024,7.452,11.553,74.104,27.066,8.211,18.572,4.065,20.631,2066.667,2066.667,3100.0,3100.0,2066.667,2066.667,2066.667,2066.667,3100.0,0.69,0.69,2.35,2.333,0.897,0.897,0.663,0.664,15.181,5505.0,12714.0,3360.903,112.0,0.3
2026-07-08 05:37:09,58.0,0.000               ,565.297,200.0,1200.0,0.0,58.875,58.875              ,58.875,58.875,58.875,58.875,58.875,58.875,58.875,24.367,11.266,14.831,69.878,32.669,10.237,37.337,7.84,26.053,2083.333,2083.333,3125.0,3125.0,2083.333,2083.333,2083.333,2083.333,3125.0,0.846,0.846,2.089,2.089,0.971,0.956,0.992,0.991,15.238,5468.0,12754.0,0.0,113.0,
2026-07-08 05:37:10,58.0,0.000               ,565.297,200.0,1200.0,0.0,58.0,58.000              ,58.0,58.0,58.0,58.0,58.0,58.0,58.0,48.868,50.889,49.041,75.033,59.61,41.022,59.39,32.221,52.009,2040.0,2040.0,2525.0,2525.0,2020.0,2020.0,2020.0,2020.0,2525.0,1.019,1.022,1.432,1.422,1.072,1.09,0.995,0.995,15.057,5265.0,12797.0,0.0,114.0,
2026-07-08 05:37:11,58.0,0.000               ,565.297,200.0,1200.0,0.0,58.375,58.375              ,58.375,58.375,58.375,58.375,58.375,58.375,58.375,14.348,21.132,11.773,65.297,39.192,8.913,21.483,3.847,23.248,2050.0,2050.0,3075.0,3100.0,2066.667,2066.667,2066.667,2066.667,3100.0,0.802,0.799,1.839,1.863,1.069,1.068,0.649,0.649,14.885,5169.0,12821.0,0.0,115.0,
2026-07-08 05:37:12,59.0,0.000               ,565.297,200.0,1200.0,0.0,59.125,59.125              ,59.125,59.125,59.125,59.125,59.125,59.125,59.125,13.777,4.35,9.258,77.647,23.626,5.368,16.408,3.818,19.281,2150.0,2150.0,3225.0,3225.0,2150.0,2150.0,2150.0,2150.0,3225.0,0.658,0.658,2.552,2.544,0.82,0.82,0.689,0.69,15.017,5213.0,12873.0,0.0,116.0,
2026-07-08 05:37:13,59.0,0.000               ,565.297,200.0,1200.0,0.0,59.125,59.125              ,59.125,59.125,59.125,59.125,59.125,59.125,59.125,12.619,4.884,7.816,82.598,26.949,3.808,18.249,3.727,20.081,2233.333,2233.333,3350.0,3350.0,2233.333,2233.333,2233.333,2233.333,3350.0,0.599,0.599,2.495,2.533,0.817,0.817,0.644,0.643,15.078,5293.0,12926.0,0.0,117.0,
2026-07-08 05:37:14,59.0,0.000               ,565.297,200.0,1200.0,0.0,59.5,59.500              ,59.5,59.5,59.5,59.5,59.5,59.5,59.5,22.222,3.93,17.327,18.465,68.662,4.455,20.501,2.721,19.785,2825.0,2825.0,2260.0,3350.0,2233.333,2233.333,2233.333,2233.333,3350.0,0.804,0.804,0.997,0.942,2.159,2.159,0.746,0.746,15.059,5333.0,12971.0,0.0,118.0,
2026-07-08 05:37:15,59.0,0.000               ,565.297,200.0,1200.0,0.0,59.375,59.375              ,59.375,59.375,59.375,59.375,59.375,59.375,59.375,22.336,6.059,13.162,50.312,43.315,6.469,29.206,3.917,21.847,2216.667,2216.667,3325.0,3325.0,2660.0,2660.0,2216.667,2216.667,3325.0,0.798,0.798,1.695,1.695,1.226,1.226,0.866,0.866,15.076,5387.0,13045.0,0.0,119.0,
2026-07-08 05:37:16,59.0,0.000               ,565.297,200.0,1200.0,0.0,59.25,59.250              ,59.25,59.25,59.25,59.25,59.25,59.25,59.25,13.878,10.137,13.926,65.583,33.952,6.617,17.322,42.4,25.477,2200.0,2200.0,3300.0,3300.0,2640.0,2640.0,2640.0,2640.0,3300.0,0.644,0.644,1.952,1.952,0.957,0.957,1.322,1.373,15.301,5405.0,13092.0,0.0,120.0,
2026-07-08 05:37:17,58.0,0.000               ,565.297,200.0,1200.0,0.0,58.375,58.375              ,58.375,58.375,58.375,58.375,58.375,58.375,58.375,46.23,46.909,46.554,50.273,79.374,27.053,55.803,37.819,48.752,2180.0,2180.0,2180.0,2180.0,2725.0,2725.0,2180.0,2180.0,2725.0,1.063,1.047,1.062,1.062,1.429,1.431,1.179,1.107,15.364,5343.0,13133.0,0.0,121.0,
2026-07-08 05:37:18,58.0,0.000               ,565.297,200.0,1200.0,0.0,58.0,58.000              ,58.0,58.0,58.0,58.0,58.0,58.0,58.0,38.798,36.682,56.936,43.423,70.688,27.14,52.809,33.78,45.032,1900.0,1900.0,2375.0,2375.0,2425.0,2425.0,1940.0,2575.0,2575.0,0.887,0.9,1.237,1.239,1.269,1.267,1.062,1.062,14.868,5342.0,13177.0,0.0,122.0,
2026-07-08 05:37:19,58.0,0.000               ,565.297,200.0,1200.0,0.0,58.0,58.000              ,58.0,58.0,58.0,58.0,58.0,58.0,58.0,36.471,42.482,48.609,66.636,67.554,34.727,56.363,33.755,48.325,2220.0,2220.0,2220.0,2220.0,2700.0,2700.0,2160.0,2160.0,2700.0,0.96,0.96,1.447,1.444,1.24,1.24,1.078,1.078,15.146,5397.0,13222.0,0.0,123.0,
2026-07-08 05:37:20,58.0,0.000               ,565.297,200.0,1200.0,0.0,58.0,58.000              ,58.0,58.0,58.0,58.0,58.0,58.0,58.0,37.732,31.348,45.234,32.54,61.965,17.602,47.053,10.775,35.531,2120.0,2120.0,2120.0,2675.0,2140.0,2140.0,2140.0,2140.0,2675.0,1.039,1.022,1.034,1.028,1.185,1.185,0.899,0.902,14.549,5167.0,13264.0,0.0,124.0,
2026-07-08 05:37:21,58.0,0.000               ,565.297,200.0,1200.0,0.0,58.625,58.625              ,58.625,58.625,58.625,58.625,58.625,58.625,58.625,11.146,7.184,11.855,71.034,27.99,6.515,22.958,5.783,20.558,2133.333,2133.333,2540.0,2540.0,3200.0,3200.0,2133.333,2133.333,3200.0,0.615,0.624,2.3,2.304,0.914,0.914,0.768,0.765,14.985,5252.0,13323.0,0.0,125.0,
2026-07-08 05:37:22,59.0,0.000               ,565.297,200.0,1200.0,0.0,59.125,59.125              ,59.125,59.125,59.125,59.125,59.125,59.125,59.125,16.082,5.22,8.759,74.897,30.223,2.502,16.928,2.448,19.632,1928.571,1928.571,3375.0,3325.0,2216.667,2216.667,1900.0,1900.0,3375.0,0.696,0.696,2.424,2.419,0.934,0.937,0.665,0.665,15.15,5304.0,13387.0,0.0,126.0,
2026-07-08 05:37:23,58.0,0.000               ,565.297,200.0,1200.0,0.0,58.875,58.875              ,58.875,58.875,58.875,58.875,58.875,58.875,58.875,18.903,30.701,18.225,65.424,35.911,12.012,29.875,4.159,26.901,2150.0,2150.0,3225.0,3225.0,2150.0,2150.0,3325.0,3325.0,3325.0,0.99,0.993,1.927,1.927,0.994,0.991,0.776,0.776,15.162,5163.0,13436.0,0.0,127.0,
2026-07-08 05:37:24,58.0,0.000               ,565.297,200.0,1200.0,0.0,58.75,58.750              ,58.75,58.75,58.75,58.75,58.75,58.75,58.75,15.128,12.151,16.83,50.206,45.061,7.107,30.72,7.824,23.129,2300.0,2300.0,2300.0,2975.0,2380.0,2380.0,2380.0,2380.0,2975.0,0.681,0.678,1.562,1.575,1.288,1.288,0.906,0.905,14.975,5169.0,13504.0,0.0,128.0,
2026-07-08 05:37:25,58.0,0.000               ,565.297,200.0,1200.0,0.0,58.75,58.750              ,58.75,58.75,58.75,58.75,58.75,58.75,58.75,19.874,25.019,20.903,75.602,45.506,17.494,27.33,12.279,30.501,1857.143,1857.143,3250.0,3250.0,1857.143,1857.143,1857.143,1857.143,3250.0,0.811,0.811,2.114,2.104,1.126,1.126,0.761,0.761,15.366,5134.0,13537.0,17238.939,129.0,0.06
2026-07-08 05:37:26,58.0,0.000               ,565.297,200.0,1200.0,0.0,58.375,58.375              ,58.375,58.375,58.375,58.375,58.375,58.375,58.375,13.72,10.685,17.788,42.283,52.463,6.306,32.673,6.879,22.849,2160.0,2140.0,2675.0,2675.0,2140.0,2140.0,2140.0,2140.0,2675.0,0.623,0.623,1.269,1.267,1.387,1.387,0.873,0.873,14.501,5148.0,13571.0,0.0,130.0,
2026-07-08 05:37:27,58.0,0.000               ,565.297,200.0,1200.0,0.0,58.625,58.625              ,58.625,58.625,58.625,58.625,58.625,58.625,58.625,13.679,5.425,16.763,32.65,62.467,4.364,19.795,5.563,20.088,1928.571,1928.571,2250.0,2250.0,3375.0,3375.0,2250.0,2250.0,3375.0,0.674,0.674,1.294,1.294,1.937,1.937,0.773,0.773,15.175,5175.0,13617.0,0.0,131.0,
2026-07-08 05:37:28,59.0,0.000               ,565.297,200.0,1200.0,0.0,59.0,59.000              ,59.0,59.0,59.0,59.0,59.0,59.0,59.0,17.913,5.368,8.29,85.468,26.123,5.025,17.717,3.893,21.225,1828.571,1828.571,3200.0,3200.0,2133.333,2133.333,1828.571,1828.571,3200.0,0.686,0.686,2.495,2.5,0.811,0.811,0.649,0.649,15.023,5254.0,13664.0,0.0,132.0,
2026-07-08 05:37:29,58.0,0.000               ,565.297,200.0,1200.0,0.0,58.875,58.875              ,58.875,58.875,58.875,58.875,58.875,58.875,58.875,15.184,4.691,11.147,65.035,38.566,5.162,25.907,2.726,21.052,1828.571,1828.571,3200.0,3175.0,2116.667,2116.667,1814.286,1814.286,3200.0,0.67,0.67,2.023,2.018,1.102,1.102,0.809,0.809,15.068,5304.0,13710.0,0.0,133.0,
2026-07-08 05:37:30,59.0,0.000               ,565.297,200.0,1200.0,0.0,59.0,59.000              ,59.0,59.0,59.0,59.0,59.0,59.0,59.0,32.048,6.262,15.817,54.513,47.917,5.617,18.872,4.59,23.204,2520.0,2520.0,3150.0,3150.0,2520.0,2520.0,2440.0,2440.0,3150.0,0.912,0.912,1.623,1.623,1.352,1.352,0.628,0.628,15.166,5336.0,13761.0,0.0,134.0,
2026-07-08 05:37:31,58.0,0.000               ,565.297,200.0,1200.0,0.0,58.75,58.750              ,58.75,58.75,58.75,58.75,58.75,58.75,58.75,20.241,3.827,16.202,66.567,22.436,8.47,47.06,3.143,23.493,2160.0,2160.0,2160.0,2180.0,2200.0,2200.0,2750.0,2750.0,2750.0,0.669,0.669,2.002,2.025,0.812,0.812,1.141,1.142,15.144,5385.0,13804.0,0.0,135.0,
2026-07-08 05:37:32,58.0,0.000               ,565.297,200.0,1200.0,0.0,58.25,58.250              ,58.25,58.25,58.25,58.25,58.25,58.25,58.25,31.673,19.091,36.009,56.983,50.862,22.827,38.466,48.622,38.066,2033.333,2033.333,3050.0,3050.0,2033.333,2033.333,2033.333,2033.333,3050.0,0.849,0.849,1.478,1.455,1.191,1.193,1.4,1.419,15.255,5449.0,13844.0,0.0,136.0,
2026-07-08 05:37:33,58.0,0.000               ,565.297,200.0,1200.0,0.0,58.125,58.125              ,58.125,58.125,58.125,58.125,58.125,58.125,58.125,36.969,35.262,46.05,38.06,76.459,23.982,46.682,33.269,42.092,2080.0,2080.0,2080.0,2060.0,2575.0,2575.0,2625.0,2625.0,2625.0,0.89,0.892,1.02,1.02,1.429,1.429,1.112,1.049,14.993,5379.0,13896.0,7861.776,137.0,0.13
2026-07-08 05:37:34,58.0,0.000               ,565.297,200.0,1200.0,0.0,58.25,58.250              ,58.25,58.25,58.25,58.25,58.25,58.25,58.25,37.532,17.591,26.376,37.015,67.302,13.878,33.169,11.282,30.518,2080.0,2080.0,2080.0,2080.0,2575.0,2575.0,2060.0,2060.0,2575.0,0.954,0.952,1.082,1.082,1.538,1.536,0.785,0.785,14.715,5391.0,13968.0,0.0,138.0,
2026-07-08 05:37:35,58.0,0.000               ,565.297,200.0,1200.0,0.0,58.875,58.875              ,58.875,58.875,58.875,58.875,58.875,58.875,58.875,19.196,19.497,10.765,75.585,45.438,6.112,15.53,3.663,24.473,2166.667,2166.667,3250.0,3250.0,2166.667,2166.667,2166.667,2166.667,3250.0,0.827,0.844,2.173,2.173,1.184,1.184,0.608,0.608,15.198,5298.0,14024.0,0.0,139.0,
2026-07-08 05:37:36,59.0,0.000               ,565.297,200.0,1200.0,0.0,59.875,59.875              ,59.875,59.875,59.875,59.875,59.875,59.875,59.875,8.154,6.811,22.404,14.784,58.269,7.828,53.972,3.635,21.982,2380.0,2380.0,2380.0,2380.0,2975.0,2975.0,3200.0,3200.0,3200.0,0.476,0.453,0.827,0.827,1.648,1.65,1.445,1.445,14.787,5305.0,14027.0,0.0,140.0,
2026-07-08 05:37:37,61.0,0.000               ,565.297,200.0,1200.0,0.0,61.125,61.125              ,61.125,61.125,61.125,61.125,61.125,61.125,61.125,5.82,2.693,16.436,28.277,17.755,65.101,15.692,2.3,19.259,1785.714,1785.714,2083.333,2083.333,3125.0,3125.0,2500.0,2500.0,3125.0,0.465,0.465,1.181,1.181,2.345,2.314,0.553,0.553,14.989,5309.0,14030.0,0.0,141.0,
2026-07-08 05:37:38,62.0,0.000               ,565.297,200.0,1200.0,0.0,62.25,62.250              ,62.25,62.25,62.25,62.25,62.25,62.25,62.25,8.154,5.241,17.819,15.825,89.206,5.447,12.89,3.744,19.791,1814.286,1814.286,3175.0,3175.0,2540.0,2540.0,2116.667,2116.667,3175.0,0.473,0.473,0.794,0.794,2.67,2.711,0.483,0.483,15.164,5314.0,14030.0,0.0,142.0,
2026-07-08 05:37:39,61.0,0.000               ,565.297,200.0,1200.0,0.0,61.875,61.875              ,61.875,61.875,61.875,61.875,61.875,61.875,61.875,6.583,2.678,23.044,17.064,16.033,2.903,83.478,0.753,19.067,2083.333,2083.333,3125.0,3125.0,2500.0,2500.0,2083.333,2083.333,3125.0,0.447,0.44,0.978,0.978,0.578,0.578,2.409,2.409,14.907,5317.0,14026.0,0.0,143.0,
2026-07-08 05:37:40,61.0,0.000               ,625.027,200.0,1200.0,0.0,61.5,61.500              ,61.5,61.5,61.5,61.5,61.5,61.5,61.5,10.025,5.486,8.497,96.897,22.555,4.998,18.147,4.55,21.394,1828.571,1828.571,3200.0,3200.0,2133.333,2133.333,2560.0,2560.0,3200.0,0.485,0.493,2.866,2.85,0.666,0.67,0.587,0.588,15.255,5358.0,14126.0,0.0,144.0,
2026-07-08 05:37:41,61.0,0.000               ,625.027,200.0,1200.0,0.0,61.375,61.375              ,61.375,61.375,61.375,61.375,61.375,61.375,61.375,20.441,2.797,21.364,6.787,31.373,5.724,73.807,1.884,20.522,3175.0,3175.0,2540.0,2540.0,2540.0,2540.0,2116.667,2116.667,3175.0,0.677,0.677,0.68,0.661,0.981,0.977,2.175,2.173,15.051,5370.0,14128.0,0.0,145.0,
2026-07-08 05:37:42,61.0,0.000               ,625.027,200.0,1200.0,0.0,61.625,61.625              ,61.625,61.625,61.625,61.625,61.625,61.625,61.625,31.698,4.438,28.744,37.48,26.777,5.374,11.029,23.269,21.101,2066.667,2066.667,2480.0,2480.0,3100.0,3100.0,2480.0,2480.0,3100.0,1.132,1.132,1.764,1.764,0.808,0.808,0.963,1.031,14.895,5384.0,14127.0,0.0,146.0,
2026-07-08 05:37:43,61.0,0.000               ,625.027,200.0,1200.0,0.0,61.75,61.750              ,61.75,61.75,61.75,61.75,61.75,61.75,61.75,10.245,4.209,30.839,14.627,26.75,5.177,5.276,76.591,21.714,2166.667,2166.667,2600.0,2600.0,3250.0,3250.0,2600.0,2600.0,3250.0,0.469,0.468,1.129,1.129,0.801,0.801,2.327,2.309,14.92,5383.0,14127.0,0.0,147.0,
2026-07-08 05:37:44,62.0,0.000               ,625.027,200.0,1200.0,0.0,62.5,62.500              ,62.5,62.5,62.5,62.5,62.5,62.5,62.5,9.606,3.808,17.479,5.14,99.545,6.313,11.215,3.056,19.52,2166.667,2166.667,2166.667,2166.667,3250.0,3250.0,2600.0,2600.0,3250.0,0.528,0.528,0.632,0.632,3.126,3.126,0.515,0.498,15.015,5382.0,14126.0,0.0,148.0,
2026-07-08 05:37:45,62.0,0.000               ,628.543,200.0,1200.0,0.0,62.0,62.000              ,62.0,62.0,62.0,62.0,62.0,62.0,62.0,12.149,3.694,11.183,50.661,26.161,2.97,48.579,3.055,19.806,2166.667,2166.667,3250.0,3250.0,2600.0,2600.0,2166.667,2166.667,3250.0,0.543,0.543,1.741,1.741,0.777,0.777,1.583,1.607,15.224,5394.0,14141.0,0.0,149.0,
2026-07-08 05:37:46,62.0,0.000               ,628.543,200.0,1200.0,0.0,62.0,62.000              ,62.0,62.0,62.0,62.0,62.0,62.0,62.0,15.878,4.949,8.405,88.288,25.051,4.264,13.942,2.311,20.386,2183.333,2183.333,2620.0,2620.0,3275.0,3275.0,2620.0,2620.0,3275.0,0.633,0.633,2.707,2.708,0.8,0.8,0.518,0.518,14.96,5391.0,14136.0,0.0,150.0,
2026-07-08 05:37:47,62.0,0.000               ,628.543,200.0,1200.0,0.0,62.375,62.375              ,62.375,62.375,62.375,62.375,62.375,62.375,62.375,9.493,4.805,14.998,37.877,68.792,3.922,14.88,3.917,19.836,1814.286,1814.286,3175.0,3175.0,2116.667,2116.667,1814.286,1814.286,3175.0,0.491,0.491,1.489,1.448,2.266,2.266,0.552,0.543,14.986,5389.0,14136.0,0.0,151.0,
2026-07-08 05:37:48,62.0,0.000               ,628.543,200.0,1200.0,0.0,62.125,62.125              ,62.125,62.125,62.125,62.125,62.125,62.125,62.125,13.222,3.743,5.753,94.589,19.531,4.195,11.908,2.301,19.405,1828.571,1828.571,3200.0,3200.0,2560.0,2560.0,2133.333,2133.333,3200.0,0.576,0.567,2.858,2.885,0.69,0.69,0.505,0.513,15.144,5400.0,14135.0,0.0,152.0,
2026-07-08 05:37:49,62.0,0.000               ,628.543,200.0,1200.0,0.0,62.0,62.000              ,62.0,62.0,62.0,62.0,62.0,62.0,62.0,8.984,6.229,5.979,95.469,22.541,3.449,11.845,4.199,19.837,1814.286,1814.286,3175.0,3175.0,2116.667,2116.667,1814.286,1814.286,3175.0,0.488,0.521,2.983,2.968,0.656,0.656,0.506,0.506,14.891,5401.0,14136.0,0.0,153.0,
2026-07-08 05:37:50,61.0,0.000               ,638.656,200.0,1200.0,0.0,61.25,61.250              ,61.25,61.25,61.25,61.25,61.25,61.25,61.25,9.957,78.462,26.862,18.996,20.454,14.284,9.243,4.629,22.861,2400.0,2400.0,3000.0,3000.0,2400.0,2400.0,2000.0,2000.0,3000.0,2.47,2.516,1.104,1.031,0.82,0.82,0.486,0.486,15.023,5422.0,14148.0,16709.836,154.0,0.06
2026-07-08 05:37:51,61.0,0.000               ,638.656,200.0,1200.0,0.0,61.25,61.250              ,61.25,61.25,61.25,61.25,61.25,61.25,61.25,2.158,96.917,19.341,4.306,16.209,6.191,4.412,2.543,19.009,3250.0,3250.0,1857.143,1857.143,2166.667,2166.667,1625.0,1625.0,3250.0,3.373,3.372,0.699,0.702,0.649,0.648,0.441,0.441,14.896,5423.0,14148.0,0.0,155.0,
2026-07-08 05:37:52,61.0,0.000               ,638.656,200.0,1200.0,0.0,61.25,61.250              ,61.25,61.25,61.25,61.25,61.25,61.25,61.25,12.086,84.09,27.892,8.052,15.7,4.82,8.473,3.6,20.589,3325.0,3325.0,2216.667,2216.667,1900.0,1900.0,1662.5,1662.5,3325.0,3.252,3.217,0.796,0.792,0.674,0.678,0.486,0.486,15.11,5421.0,14147.0,0.0,156.0,
2026-07-08 05:37:53,61.0,0.000               ,638.656,200.0,1200.0,0.0,61.25,61.250              ,61.25,61.25,61.25,61.25,61.25,61.25,61.25,5.594,56.913,20.292,5.569,45.446,12.79,12.623,4.472,20.463,3200.0,3200.0,2133.333,2133.333,2133.333,2133.333,1828.571,1828.571,3200.0,2.053,2.076,0.677,0.677,1.929,1.927,0.563,0.563,15.177,5419.0,14146.0,0.0,157.0,
2026-07-08 05:37:54,61.0,0.000               ,638.656,200.0,1200.0,0.0,61.375,61.375              ,61.375,61.375,61.375,61.375,61.375,61.375,61.375,2.109,96.94,18.168,4.0,15.633,4.355,5.3,2.772,18.66,3300.0,3300.0,1885.714,1885.714,2200.0,2200.0,1650.0,1650.0,3300.0,3.502,3.452,0.634,0.634,0.586,0.586,0.443,0.443,14.976,5418.0,14147.0,0.0,158.0,
2026-07-08 05:37:55,61.0,0.000               ,638.656,200.0,1200.0,0.0,61.125,61.125              ,61.125,61.125,61.125,61.125,61.125,61.125,61.125,10.891,42.686,16.89,57.195,15.182,5.326,14.21,3.727,20.763,2600.0,2600.0,3250.0,3250.0,2166.667,2166.667,2166.667,2166.667,3250.0,1.737,1.76,2.315,2.32,0.627,0.627,0.585,0.585,15.238,5428.0,14145.0,0.0,159.0,
2026-07-08 05:37:56,60.0,0.000               ,638.656,200.0,1200.0,0.0,60.5,60.500              ,60.5,60.5,60.5,60.5,60.5,60.5,60.5,12.451,44.34,42.629,41.676,22.29,4.549,15.378,5.306,23.577,3125.0,3125.0,2500.0,2500.0,1785.714,1785.714,1785.714,1785.714,3125.0,1.461,1.471,2.3,2.295,0.646,0.646,0.542,0.543,14.808,5457.0,14145.0,0.0,160.0,
2026-07-08 05:37:57,60.0,0.000               ,638.656,200.0,1200.0,0.0,60.75,60.750              ,60.75,60.75,60.75,60.75,60.75,60.75,60.75,2.689,96.97,24.92,4.67,14.866,4.592,11.526,3.154,20.424,3225.0,3225.0,2580.0,2580.0,2150.0,2150.0,2150.0,2150.0,3225.0,3.123,3.168,0.699,0.699,0.611,0.611,0.512,0.511,15.057,5457.0,14148.0,0.0,161.0,
2026-07-08 05:37:58,60.0,0.000               ,638.656,200.0,1200.0,0.0,60.75,60.750              ,60.75,60.75,60.75,60.75,60.75,60.75,60.75,28.978,36.469,32.642,3.126,16.126,2.138,27.357,1.191,18.503,3275.0,3275.0,1871.429,1871.429,1871.429,1871.429,1637.5,1637.5,3275.0,2.242,2.225,1.038,1.038,0.616,0.616,1.11,1.11,15.172,5468.0,14161.0,0.0,162.0,
2026-07-08 05:37:59,59.0,0.000               ,666.895,200.0,1200.0,0.0,59.5,59.500              ,59.5,59.5,59.5,59.5,59.5,59.5,59.5,34.874,24.491,57.647,37.721,87.588,15.365,42.664,14.3,39.331,1916.667,1916.667,2875.0,2875.0,2300.0,2300.0,2300.0,2300.0,2875.0,0.929,0.944,1.561,1.561,1.675,1.675,0.901,0.901,15.379,5592.0,14352.0,9652.992,163.0,0.1
2026-07-08 05:38:00,58.0,4.000               ,776.465,200.0,1200.0,0.0,58.5,58.500              ,58.5,58.5,58.5,58.5,58.5,58.5,58.5,77.344,87.3,81.232,81.584,91.037,69.014,85.092,67.888,80.061,2275.0,2275.0,1820.0,1820.0,1820.0,1820.0,1780.0,1780.0,2275.0,1.157,1.143,1.052,1.058,0.993,0.995,0.946,0.948,15.938,5619.0,14596.0,578.724,164.0,1.73
2026-07-08 05:38:01,58.0,35.000              ,798.156,200.0,1200.0,0.0,58.0,58.000              ,58.0,58.0,58.0,58.0,58.0,58.0,58.0,89.059,87.349,89.545,91.085,91.685,84.704,84.507,91.281,88.652,1400.0,1400.0,1400.0,1400.0,1400.0,1400.0,1400.0,1400.0,1400.0,0.795,0.809,0.827,0.822,0.799,0.799,0.789,0.788,15.49,5454.0,14600.0,47.408,165.0,21.09
2026-07-08 05:38:02,57.0,72.000              ,796.66,200.0,1200.0,0.0,57.875,57.875              ,57.875,57.875,57.875,57.875,57.875,57.875,57.875,67.411,69.483,73.768,76.647,81.728,61.333,70.225,51.639,69.029,1400.0,1400.0,1400.0,1400.0,1400.0,1400.0,1400.0,1400.0,1400.0,0.693,0.668,0.76,0.761,0.7,0.7,0.612,0.612,14.512,5416.0,14602.0,25.297,166.0,39.53
2026-07-08 05:38:03,57.0,88.000              ,799.934,200.0,1200.0,0.0,57.75,57.750              ,57.75,57.75,57.75,57.75,57.75,57.75,57.75,63.867,62.312,72.307,75.588,74.673,53.957,69.173,46.524,64.8,1400.0,1400.0,1400.0,1400.0,1400.0,1400.0,1400.0,1400.0,1400.0,0.635,0.635,0.734,0.733,0.672,0.671,0.631,0.631,14.733,5346.0,14608.0,32.826,167.0,30.46
2026-07-08 05:38:04,57.0,94.000              ,799.945,200.0,1200.0,0.0,57.5,57.500              ,57.5,57.5,57.5,57.5,57.5,57.5,57.5,50.919,49.717,53.709,67.049,82.145,31.357,59.953,28.653,52.938,1400.0,1400.0,1400.0,1400.0,1400.0,1400.0,1400.0,1400.0,1400.0,0.568,0.568,0.663,0.664,0.61,0.612,0.566,0.566,14.729,5168.0,14604.0,27.943,168.0,35.79
2026-07-08 05:38:05,57.0,96.000              ,799.938,435.0,1200.0,0.0,57.5,57.500              ,57.5,57.5,57.5,57.5,57.5,57.5,57.5,37.783,35.3,40.199,54.778,58.829,13.63,57.331,14.179,39.004,1414.286,1414.286,1414.286,1428.571,1428.571,1428.571,1250.0,1250.0,1428.571,0.509,0.509,0.702,0.701,0.55,0.549,0.544,0.543,14.562,5171.0,14603.0,25.477,169.0,39.25
2026-07-08 05:38:06,57.0,83.000              ,800.02,420.0,1200.0,0.0,57.5,57.500              ,57.5,57.5,57.5,57.5,57.5,57.5,57.5,41.551,29.778,54.585,30.384,51.5,12.767,56.753,19.63,37.119,1633.333,1633.333,1960.0,1960.0,1960.0,1960.0,1960.0,1960.0,1960.0,0.575,0.575,0.728,0.728,0.565,0.565,0.678,0.681,15.023,5180.0,14602.0,39.287,170.0,25.45
2026-07-08 05:38:07,57.0,71.000              ,800.02,435.0,1200.0,0.0,57.5,57.500              ,57.5,57.5,57.5,57.5,57.5,57.5,57.5,45.928,33.669,44.749,48.34,59.352,14.696,58.631,17.344,40.339,1516.667,1516.667,1800.0,1800.0,1800.0,1800.0,1500.0,1500.0,1800.0,0.581,0.581,0.716,0.717,0.606,0.606,0.586,0.586,15.061,5182.0,14602.0,19.762,171.0,50.6
2026-07-08 05:38:08,57.0,71.000              ,800.02,500.0,1200.0,0.0,57.5,57.500              ,57.5,57.5,57.5,57.5,57.5,57.5,57.5,38.164,30.536,29.479,54.07,46.554,9.375,53.231,9.281,33.836,1633.333,1633.333,1960.0,1960.0,1633.333,1633.333,1633.333,1633.333,1960.0,0.608,0.609,0.825,0.826,0.525,0.525,0.599,0.599,14.951,5184.0,14602.0,26.235,172.0,38.12
2026-07-08 05:38:09,57.0,68.000              ,800.02,381.0,1200.0,0.0,57.5,57.500              ,57.5,57.5,57.5,57.5,57.5,57.5,57.5,40.086,25.685,47.15,33.697,43.778,11.944,67.649,13.345,35.417,1633.333,1633.333,1960.0,1960.0,1633.333,1633.333,1633.333,1633.333,1960.0,0.605,0.605,0.708,0.7,0.553,0.553,0.781,0.782,14.845,5184.0,14601.0,25.39,173.0,39.39
2026-07-08 05:38:10,57.0,68.000              ,800.211,393.0,1200.0,0.0,57.5,57.500              ,57.5,57.5,57.5,57.5,57.5,57.5,57.5,40.875,29.591,46.476,42.331,56.626,17.149,57.792,14.805,38.206,1783.333,1783.333,2120.0,2120.0,1766.667,1766.667,1766.667,1766.667,2120.0,0.627,0.626,0.79,0.799,0.67,0.67,0.67,0.669,15.073,5190.0,14601.0,24.08,174.0,41.53
2026-07-08 05:38:11,57.0,69.000              ,786.102,200.0,1200.0,0.0,57.5,57.500              ,57.5,57.5,57.5,57.5,57.5,57.5,57.5,38.159,30.016,49.468,35.646,42.397,15.429,61.476,18.216,36.351,1733.333,1733.333,2080.0,2080.0,1733.333,1733.333,2080.0,2080.0,2080.0,0.609,0.61,0.751,0.75,0.569,0.57,0.781,0.781,15.091,5184.0,14595.0,25.664,175.0,38.97
2026-07-08 05:38:12,57.0,70.000              ,778.656,469.0,1200.0,0.0,57.5,57.500              ,57.5,57.5,57.5,57.5,57.5,57.5,57.5,39.198,27.307,45.821,37.867,58.136,10.089,54.877,15.014,36.039,1700.0,1700.0,2040.0,2040.0,1700.0,1700.0,1700.0,1700.0,2040.0,0.601,0.601,0.758,0.758,0.664,0.663,0.64,0.64,14.987,5190.0,14592.0,25.915,176.0,38.59
2026-07-08 05:38:13,57.0,70.000              ,778.656,200.0,1200.0,0.0,57.5,57.500              ,57.5,57.5,57.5,57.5,57.5,57.5,57.5,39.106,32.58,41.838,50.289,60.563,18.262,52.431,17.458,39.066,1633.333,1633.333,1960.0,1980.0,1650.0,1650.0,1650.0,1650.0,1980.0,0.592,0.592,0.799,0.798,0.693,0.694,0.629,0.629,15.025,5190.0,14592.0,20.609,177.0,48.52
2026-07-08 05:38:14,57.0,69.000              ,778.652,461.0,1200.0,0.0,57.5,57.500              ,57.5,57.5,57.5,57.5,57.5,57.5,57.5,34.646,31.375,42.86,48.803,54.714,17.536,54.682,13.675,37.286,1700.0,1700.0,2040.0,2040.0,1700.0,1700.0,1700.0,1700.0,2040.0,0.589,0.593,0.822,0.826,0.679,0.68,0.638,0.639,15.148,5190.0,14578.0,23.385,178.0,42.76
2026-07-08 05:38:15,57.0,69.000              ,778.656,200.0,1200.0,0.0,57.5,57.500              ,57.5,57.5,57.5,57.5,57.5,57.5,57.5,41.959,35.925,39.254,54.872,53.386,23.063,55.606,19.406,40.434,1633.333,1633.333,1960.0,1960.0,1633.333,1633.333,1616.667,1616.667,1960.0,0.614,0.61,0.788,0.789,0.659,0.658,0.614,0.613,14.972,5189.0,14576.0,20.681,179.0,48.35
2026-07-08 05:38:16,57.0,70.000              ,778.656,200.0,1200.0,0.0,57.5,57.500              ,57.5,57.5,57.5,57.5,57.5,57.5,57.5,44.611,37.271,43.231,54.152,61.306,21.67,54.519,18.663,41.928,1600.0,1600.0,1920.0,1920.0,1600.0,1600.0,1600.0,1600.0,1920.0,0.606,0.608,0.793,0.789,0.699,0.699,0.612,0.612,14.961,5189.0,14581.0,37.136,180.0,26.93
2026-07-08 05:38:17,57.0,67.000              ,778.652,442.0,1200.0,0.0,57.5,57.500              ,57.5,57.5,57.5,57.5,57.5,57.5,57.5,34.336,36.374,42.944,40.035,50.874,20.593,60.734,16.748,37.83,1650.0,1650.0,1960.0,1960.0,1960.0,1960.0,1633.333,1633.333,1960.0,0.601,0.601,0.71,0.709,0.639,0.639,0.732,0.733,14.895,5190.0,14572.0,19.7,181.0,50.76
2026-07-08 05:38:18,57.0,68.000              ,786.195,420.0,1200.0,0.0,57.5,57.500              ,57.5,57.5,57.5,57.5,57.5,57.5,57.5,41.102,39.778,47.913,46.382,57.721,13.707,53.745,18.799,39.893,1716.667,1716.667,2060.0,2060.0,1716.667,1716.667,1716.667,1716.667,2060.0,0.63,0.629,0.772,0.772,0.615,0.616,0.612,0.618,15.23,5202.0,14583.0,29.097,182.0,34.37
2026-07-08 05:38:19,57.0,70.000              ,794.734,387.0,1200.0,0.0,57.5,57.500              ,57.5,57.5,57.5,57.5,57.5,57.5,57.5,44.319,38.811,46.653,53.851,60.57,17.608,50.419,31.191,42.928,1566.667,1566.667,1880.0,1880.0,1566.667,1566.667,1566.667,1566.667,1880.0,0.601,0.602,0.745,0.745,0.606,0.606,0.655,0.647,15.133,5202.0,14595.0,23.77,183.0,42.07
2026-07-08 05:38:20,57.0,73.000              ,791.727,442.0,1200.0,0.0,57.5,57.500              ,57.5,57.5,57.5,57.5,57.5,57.5,57.5,43.676,37.411,48.951,49.962,61.889,23.172,52.988,24.108,42.77,1500.0,1500.0,1750.0,1750.0,1500.0,1500.0,1485.714,1485.714,1750.0,0.568,0.566,0.699,0.699,0.654,0.654,0.585,0.585,14.893,5215.0,14592.0,23.008,184.0,43.46
2026-07-08 05:38:21,57.0,75.000              ,791.754,420.0,1200.0,0.0,57.5,57.500              ,57.5,57.5,57.5,57.5,57.5,57.5,57.5,42.095,38.025,43.213,48.492,65.811,9.512,52.534,18.282,39.745,1566.667,1566.667,1880.0,1880.0,1566.667,1566.667,1566.667,1566.667,1880.0,0.606,0.606,0.763,0.763,0.614,0.614,0.611,0.611,15.066,5216.0,14594.0,21.264,185.0,47.03
2026-07-08 05:38:22,57.0,71.000              ,791.848,469.0,1200.0,0.0,57.5,57.500              ,57.5,57.5,57.5,57.5,57.5,57.5,57.5,41.829,33.818,47.621,43.773,64.181,14.125,56.64,20.565,40.319,1600.0,1600.0,1600.0,1600.0,1920.0,1920.0,1583.333,1583.333,1920.0,0.591,0.591,0.685,0.685,0.699,0.699,0.639,0.639,14.809,5217.0,14594.0,26.308,186.0,38.01
2026-07-08 05:38:23,57.0,68.000              ,791.848,435.0,1200.0,0.0,57.5,57.500              ,57.5,57.5,57.5,57.5,57.5,57.5,57.5,40.982,35.711,43.814,47.058,59.53,15.232,48.804,27.995,39.891,1616.667,1616.667,1940.0,1940.0,1616.667,1616.667,1616.667,1616.667,1940.0,0.606,0.605,0.763,0.763,0.63,0.63,0.671,0.671,15.043,5221.0,14591.0,22.932,187.0,43.61
2026-07-08 05:38:24,57.0,69.000              ,791.852,387.0,1200.0,0.0,57.5,57.500              ,57.5,57.5,57.5,57.5,57.5,57.5,57.5,44.418,41.796,47.988,48.561,64.582,15.48,55.844,21.71,42.547,1600.0,1600.0,1600.0,1600.0,1920.0,1920.0,1600.0,1600.0,1920.0,0.605,0.605,0.692,0.692,0.66,0.66,0.641,0.635,15.111,5222.0,14589.0,21.181,188.0,47.21
2026-07-08 05:38:25,57.0,75.000              ,791.859,406.0,1200.0,0.0,57.5,57.500              ,57.5,57.5,57.5,57.5,57.5,57.5,57.5,47.137,41.313,50.903,53.393,59.358,19.556,61.339,24.959,44.745,1485.714,1485.714,1733.333,1750.0,1500.0,1500.0,1500.0,1500.0,1750.0,0.589,0.589,0.715,0.715,0.567,0.567,0.619,0.626,15.142,5222.0,14591.0,26.218,189.0,38.14
2026-07-08 05:38:26,57.0,79.000              ,791.859,442.0,1200.0,0.0,57.5,57.500              ,57.5,57.5,57.5,57.5,57.5,57.5,57.5,45.657,37.226,48.218,54.732,58.73,15.767,57.731,19.617,42.21,1516.667,1516.667,1820.0,1820.0,1516.667,1516.667,1516.667,1516.667,1820.0,0.601,0.602,0.754,0.754,0.583,0.583,0.611,0.615,14.995,5221.0,14592.0,22.718,190.0,44.02
2026-07-08 05:38:27,57.0,79.000              ,791.859,375.0,1200.0,0.0,57.5,57.500              ,57.5,57.5,57.5,57.5,57.5,57.5,57.5,43.121,41.183,49.151,54.125,65.001,19.298,53.03,20.511,43.178,1583.333,1583.333,1900.0,1900.0,1583.333,1583.333,1583.333,1583.333,1900.0,0.572,0.571,0.739,0.739,0.634,0.635,0.563,0.558,15.059,5226.0,14591.0,25.229,191.0,39.64
2026-07-08 05:38:28,57.0,82.000              ,793.742,375.0,1200.0,0.0,57.5,57.500              ,57.5,57.5,57.5,57.5,57.5,57.5,57.5,42.289,42.866,50.837,66.786,55.041,25.747,58.331,28.146,46.255,1466.667,1466.667,1760.0,1760.0,1466.667,1466.667,1466.667,1466.667,1760.0,0.548,0.548,0.789,0.79,0.562,0.561,0.601,0.601,14.972,5228.0,14594.0,20.467,192.0,48.86
2026-07-08 05:38:29,57.0,78.000              ,793.703,338.0,1200.0,0.0,57.5,57.500              ,57.5,57.5,57.5,57.5,57.5,57.5,57.5,51.354,44.813,54.572,60.774,63.574,27.119,60.578,31.958,49.342,1466.667,1466.667,1760.0,1760.0,1466.667,1466.667,1466.667,1466.667,1760.0,0.593,0.593,0.759,0.76,0.6,0.6,0.616,0.617,15.181,5239.0,14596.0,20.896,193.0,47.86
2026-07-08 05:38:30,57.0,78.000              ,793.699,428.0,1200.0,0.0,57.5,57.500              ,57.5,57.5,57.5,57.5,57.5,57.5,57.5,48.272,47.322,49.855,61.958,56.126,27.078,55.655,26.663,46.616,1457.143,1457.143,1700.0,1700.0,1442.857,1442.857,1442.857,1442.857,1700.0,0.594,0.594,0.787,0.778,0.553,0.553,0.566,0.566,14.713,5254.0,14596.0,32.939,194.0,30.36
2026-07-08 05:38:31,57.0,76.000              ,793.703,364.0,1200.0,0.0,57.5,57.500              ,57.5,57.5,57.5,57.5,57.5,57.5,57.5,45.299,43.123,49.378,59.258,63.625,21.196,57.633,32.58,46.511,1500.0,1500.0,1800.0,1800.0,1500.0,1500.0,1500.0,1500.0,1800.0,0.586,0.587,0.773,0.784,0.617,0.618,0.651,0.65,15.224,5252.0,14596.0,22.499,195.0,44.45
2026-07-08 05:38:32,57.0,75.000              ,793.703,352.0,1200.0,0.0,57.5,57.500              ,57.5,57.5,57.5,57.5,57.5,57.5,57.5,52.842,47.922,53.864,67.669,63.012,23.65,60.202,26.664,49.478,1442.857,1442.857,1683.333,1683.333,1442.857,1442.857,1428.571,1428.571,1683.333,0.596,0.595,0.79,0.781,0.592,0.592,0.583,0.583,14.96,5258.0,14595.0,26.695,196.0,37.46
2026-07-08 05:38:33,57.0,83.000              ,793.703,364.0,1200.0,0.0,57.5,57.500              ,57.5,57.5,57.5,57.5,57.5,57.5,57.5,47.553,47.8,52.249,64.183,60.688,26.272,62.555,23.062,48.045,1471.429,1471.429,1700.0,1700.0,1471.429,1471.429,1471.429,1471.429,1700.0,0.597,0.597,0.765,0.772,0.595,0.596,0.586,0.586,14.92,5259.0,14595.0,19.662,197.0,50.86
2026-07-08 05:38:34,57.0,85.000              ,793.703,381.0,1200.0,0.0,57.5,57.500              ,57.5,57.5,57.5,57.5,57.5,57.5,57.5,46.326,47.064,52.249,68.799,56.657,24.433,56.971,29.573,47.759,1442.857,1442.857,1683.333,1683.333,1442.857,1442.857,1442.857,1442.857,1683.333,0.591,0.591,0.774,0.774,0.558,0.559,0.592,0.592,15.181,5259.0,14595.0,19.296,198.0,51.82
2026-07-08 05:38:35,57.0,85.000              ,795.465,352.0,1200.0,0.0,57.5,57.500              ,57.5,57.5,57.5,57.5,57.5,57.5,57.5,52.403,45.157,49.968,61.18,63.941,23.701,59.715,31.975,48.505,1516.667,1500.0,1800.0,1820.0,1516.667,1516.667,1516.667,1516.667,1820.0,0.599,0.601,0.745,0.733,0.594,0.594,0.608,0.612,15.039,5264.0,14598.0,22.957,199.0,43.56
2026-07-08 05:38:36,57.0,83.000              ,795.469,315.0,1200.0,0.0,57.5,57.500              ,57.5,57.5,57.5,57.5,57.5,57.5,57.5,50.308,48.811,52.052,69.191,61.322,25.263,60.042,31.135,49.766,1414.286,1414.286,1650.0,1650.0,1414.286,1414.286,1414.286,1414.286,1650.0,0.575,0.573,0.756,0.772,0.561,0.559,0.6,0.597,15.159,5268.0,14599.0,29.607,200.0,33.78
2026-07-08 05:38:37,57.0,84.000              ,795.469,265.0,1200.0,0.0,57.5,57.500              ,57.5,57.5,57.5,57.5,57.5,57.5,57.5,49.579,46.096,49.428,63.157,62.89,21.691,63.387,28.465,48.087,1371.429,1371.429,1600.0,1600.0,1583.333,1600.0,1371.429,1371.429,1600.0,0.552,0.552,0.698,0.696,0.53,0.53,0.566,0.565,15.069,5269.0,14598.0,25.509,201.0,39.2
2026-07-08 05:38:38,57.0,90.000              ,795.965,310.0,1200.0,0.0,57.5,57.500              ,57.5,57.5,57.5,57.5,57.5,57.5,57.5,45.558,48.802,50.974,64.822,59.898,23.032,57.437,26.83,47.169,1328.571,1328.571,1550.0,1550.0,1328.571,1328.571,1328.571,1328.571,1550.0,0.539,0.539,0.687,0.696,0.537,0.538,0.544,0.544,14.983,5280.0,14598.0,35.264,202.0,28.36
2026-07-08 05:38:39,57.0,90.000              ,794.746,290.0,1200.0,0.0,57.5,57.500              ,57.5,57.5,57.5,57.5,57.5,57.5,57.5,56.684,51.06,57.255,70.838,63.262,38.868,64.553,52.488,56.876,1357.143,1371.429,1600.0,1600.0,1371.429,1371.429,1371.429,1371.429,1600.0,0.583,0.582,0.746,0.737,0.578,0.577,0.631,0.631,14.838,5296.0,14597.0,45.907,203.0,21.78
2026-07-08 05:38:40,57.0,84.000              ,794.387,200.0,1200.0,0.0,57.5,57.500              ,57.5,57.5,57.5,57.5,57.5,57.5,57.5,75.893,77.968,78.575,76.349,80.375,64.796,80.591,76.36,76.363,1414.286,1414.286,1650.0,1650.0,1414.286,1400.0,1385.714,1385.714,1650.0,0.758,0.749,0.781,0.781,0.738,0.738,0.757,0.758,15.396,5388.0,14603.0,0.0,204.0,
2026-07-08 05:38:41,57.0,89.000              ,797.18,240.0,1200.0,0.0,57.5,57.500              ,57.5,57.5,57.5,57.5,57.5,57.5,57.5,62.992,57.89,57.974,69.232,63.844,45.604,74.108,68.56,62.525,1400.0,1400.0,1400.0,1400.0,1400.0,1400.0,1400.0,1400.0,1400.0,0.646,0.654,0.704,0.701,0.618,0.618,0.698,0.697,14.827,5415.0,14603.0,48.656,205.0,20.55
2026-07-08 05:38:42,57.0,87.000              ,797.184,250.0,1200.0,0.0,57.5,57.500              ,57.5,57.5,57.5,57.5,57.5,57.5,57.5,55.183,48.882,48.698,63.84,68.214,28.417,59.07,39.241,51.443,1428.571,1414.286,1414.286,1414.286,1250.0,1250.0,1428.571,1428.571,1428.571,0.564,0.564,0.616,0.617,0.564,0.564,0.562,0.562,14.961,5422.0,14598.0,33.619,206.0,29.75
2026-07-08 05:38:43,57.0,88.000              ,834.391,321.0,1200.0,0.0,57.5,57.500              ,57.5,57.5,57.5,57.5,57.5,57.5,57.5,55.781,50.847,58.727,61.38,63.958,36.62,58.646,32.885,52.356,1371.429,1371.429,1600.0,1600.0,1371.429,1371.429,1371.429,1371.429,1600.0,0.594,0.594,0.693,0.694,0.605,0.605,0.555,0.555,14.894,5447.0,14658.0,91.165,207.0,10.97
2026-07-08 05:38:44,57.0,89.000              ,835.652,375.0,1200.0,0.0,57.5,57.500              ,57.5,57.5,57.5,57.5,57.5,57.5,57.5,47.667,48.491,47.575,66.468,51.514,41.945,55.195,27.36,48.277,1616.667,1616.667,1616.667,1616.667,1616.667,1616.667,1400.0,1400.0,1616.667,0.573,0.573,0.703,0.708,0.61,0.61,0.549,0.549,15.011,5446.0,14659.0,26.795,208.0,37.32
2026-07-08 05:38:45,57.0,82.000              ,835.652,358.0,1200.0,0.0,57.5,57.500              ,57.5,57.5,57.5,57.5,57.5,57.5,57.5,42.449,38.119,47.734,57.772,65.876,15.286,46.611,42.02,44.483,1516.667,1516.667,1820.0,1800.0,1500.0,1500.0,1500.0,1500.0,1820.0,0.579,0.579,0.737,0.737,0.617,0.617,0.639,0.639,15.053,5456.0,14659.0,26.606,209.0,37.59
2026-07-08 05:38:46,57.0,84.000              ,835.652,406.0,1200.0,0.0,57.5,57.500              ,57.5,57.5,57.5,57.5,57.5,57.5,57.5,50.926,44.772,36.145,65.446,66.147,19.835,56.359,26.363,45.749,1457.143,1457.143,1700.0,1700.0,1457.143,1457.143,1457.143,1457.143,1700.0,0.607,0.607,0.721,0.715,0.587,0.587,0.58,0.58,14.952,5433.0,14658.0,22.124,210.0,45.2
2026-07-08 05:38:47,57.0,83.000              ,835.512,461.0,1200.0,0.0,57.5,57.500              ,57.5,57.5,57.5,57.5,57.5,57.5,57.5,39.21,38.054,47.546,50.896,64.783,13.645,46.8,26.847,40.973,1820.0,1820.0,1516.667,1516.667,1516.667,1516.667,1516.667,1516.667,1820.0,0.582,0.582,0.722,0.724,0.631,0.631,0.593,0.594,14.995,5424.0,14658.0,26.673,211.0,37.49
2026-07-08 05:38:48,57.0,77.000              ,835.402,525.0,1200.0,0.0,57.5,57.500              ,57.5,57.5,57.5,57.5,57.5,57.5,57.5,41.951,28.942,49.788,42.879,56.431,12.638,36.863,15.332,35.603,1633.333,1633.333,1960.0,1960.0,1960.0,1960.0,1633.333,1633.333,1960.0,0.604,0.604,0.789,0.789,0.655,0.655,0.544,0.545,14.854,5428.0,14659.0,21.109,212.0,47.37
2026-07-08 05:38:49,57.0,69.000              ,844.359,476.0,1200.0,0.0,57.5,57.500              ,57.5,57.5,57.5,57.5,57.5,57.5,57.5,38.872,30.631,37.876,41.428,55.942,13.307,44.424,18.25,35.091,1750.0,1750.0,2100.0,2100.0,1750.0,1750.0,1750.0,1750.0,2100.0,0.633,0.633,0.732,0.73,0.657,0.657,0.575,0.574,14.994,5433.0,14676.0,27.278,213.0,36.66
2026-07-08 05:38:50,57.0,67.000              ,844.41,426.0,1200.0,0.0,57.5,57.500              ,57.5,57.5,57.5,57.5,57.5,57.5,57.5,37.945,33.041,49.608,31.104,62.363,11.621,42.482,15.444,35.451,1733.333,1716.667,1716.667,1716.667,2060.0,2060.0,1716.667,1716.667,2060.0,0.632,0.632,0.729,0.73,0.698,0.698,0.579,0.579,15.112,5434.0,14675.0,23.116,214.0,43.26
2026-07-08 05:38:51,57.0,70.000              ,844.438,375.0,1200.0,0.0,57.5,57.500              ,57.5,57.5,57.5,57.5,57.5,57.5,57.5,39.011,34.768,56.062,36.006,63.186,11.999,46.158,17.067,38.032,1616.667,1616.667,1940.0,1940.0,1616.667,1616.667,1616.667,1616.667,1940.0,0.625,0.625,0.767,0.765,0.684,0.684,0.575,0.575,14.814,5434.0,14676.0,22.783,215.0,43.89
2026-07-08 05:38:52,57.0,71.000              ,836.18,393.0,1200.0,0.0,57.5,57.500              ,57.5,57.5,57.5,57.5,57.5,57.5,57.5,35.524,29.5,40.132,36.935,52.812,8.064,39.328,13.957,32.031,1880.0,1880.0,2350.0,2325.0,1860.0,1860.0,1860.0,1860.0,2350.0,0.648,0.648,0.792,0.792,0.642,0.644,0.582,0.582,15.186,5432.0,14671.0,28.902,216.0,34.6
2026-07-08 05:38:53,57.0,70.000              ,804.27,370.0,1200.0,0.0,57.5,57.500              ,57.5,57.5,57.5,57.5,57.5,57.5,57.5,43.929,28.823,49.491,32.576,59.328,8.732,37.82,13.367,34.258,1783.333,1783.333,1783.333,1783.333,2140.0,2140.0,1783.333,1783.333,2140.0,0.705,0.705,0.793,0.793,0.718,0.716,0.574,0.576,14.857,5411.0,14646.0,21.839,217.0,45.79
2026-07-08 05:38:54,57.0,69.000              ,792.016,364.0,1200.0,0.0,57.5,57.500              ,57.5,57.5,57.5,57.5,57.5,57.5,57.5,33.591,26.422,51.504,34.262,65.378,11.584,39.893,11.073,34.213,1840.0,1840.0,2300.0,2300.0,2300.0,2300.0,1840.0,1840.0,2300.0,0.635,0.636,0.833,0.833,0.769,0.773,0.591,0.593,15.272,5418.0,14648.0,23.313,218.0,42.89
2026-07-08 05:38:55,57.0,70.000              ,804.109,413.0,1200.0,0.0,57.5,57.500              ,57.5,57.5,57.5,57.5,57.5,57.5,57.5,38.048,37.161,49.279,28.232,61.209,12.49,44.368,21.12,36.489,1750.0,1750.0,2100.0,2100.0,1750.0,1750.0,1750.0,1750.0,2100.0,0.679,0.68,0.722,0.722,0.766,0.762,0.613,0.61,14.979,5415.0,14639.0,28.459,219.0,35.14
2026-07-08 05:38:56,57.0,70.000              ,804.621,200.0,1200.0,0.0,57.5,57.500              ,57.5,57.5,57.5,57.5,57.5,57.5,57.5,35.99,32.961,52.851,29.5,61.223,8.126,44.388,16.168,35.151,1800.0,1800.0,2160.0,2160.0,1800.0,1800.0,1783.333,1783.333,2160.0,0.657,0.655,0.765,0.765,0.667,0.656,0.594,0.595,14.932,5412.0,14619.0,21.727,220.0,46.03
2026-07-08 05:38:57,57.0,70.000              ,799.023,200.0,1200.0,0.0,57.5,57.500              ,57.5,57.5,57.5,57.5,57.5,57.5,57.5,35.261,33.789,35.682,33.931,57.736,9.85,40.443,20.521,33.401,1760.0,1760.0,1760.0,1760.0,2180.0,2180.0,1816.667,1816.667,2180.0,0.623,0.623,0.668,0.668,0.65,0.66,0.594,0.593,14.999,5409.0,14612.0,26.811,221.0,37.3
2026-07-08 05:38:58,57.0,68.000              ,785.473,387.0,1200.0,0.0,57.5,57.500              ,57.5,57.5,57.5,57.5,57.5,57.5,57.5,27.866,30.68,45.603,22.328,61.915,5.748,38.698,9.465,30.288,1820.0,1820.0,2275.0,2275.0,2275.0,2275.0,1820.0,1820.0,2275.0,0.609,0.609,0.663,0.665,0.733,0.733,0.536,0.536,15.162,5404.0,14601.0,17.341,222.0,57.67
2026-07-08 05:38:59,57.0,69.000              ,782.875,375.0,1200.0,0.0,57.5,57.500              ,57.5,57.5,57.5,57.5,57.5,57.5,57.5,36.334,31.442,47.162,33.04,59.902,7.657,44.212,13.345,34.137,1766.667,1766.667,2120.0,2120.0,1766.667,1766.667,1766.667,1766.667,2120.0,0.596,0.599,0.727,0.726,0.656,0.656,0.563,0.571,15.038,5399.0,14602.0,22.006,223.0,45.44
2026-07-08 05:39:00,57.0,70.000              ,779.867,358.0,1200.0,0.0,57.5,57.500              ,57.5,57.5,57.5,57.5,57.5,57.5,57.5,39.661,35.842,50.731,30.175,60.773,12.888,41.795,19.734,36.45,1816.667,1816.667,2180.0,2180.0,2180.0,2180.0,1816.667,1816.667,2180.0,0.683,0.682,0.737,0.737,0.693,0.695,0.608,0.601,15.009,5398.0,14596.0,22.36,224.0,44.72
2026-07-08 05:39:01,57.0,68.000              ,780.238,450.0,1200.0,0.0,57.5,57.500              ,57.5,57.5,57.5,57.5,57.5,57.5,57.5,32.894,27.579,57.46,27.645,64.917,7.126,42.479,12.894,34.124,1750.0,1750.0,2080.0,2080.0,1750.0,1750.0,1750.0,1750.0,2080.0,0.606,0.607,0.773,0.773,0.72,0.719,0.589,0.589,15.008,5400.0,14589.0,24.028,225.0,41.62
2026-07-08 05:39:02,57.0,70.000              ,786.176,500.0,1200.0,0.0,57.5,57.500              ,57.5,57.5,57.5,57.5,57.5,57.5,57.5,40.977,31.801,43.309,29.984,70.085,8.675,45.669,12.337,35.355,1816.667,1816.667,1816.667,1816.667,2180.0,2180.0,1816.667,1816.667,2180.0,0.649,0.648,0.628,0.628,0.787,0.787,0.577,0.577,15.304,5404.0,14586.0,23.643,226.0,42.3
2026-07-08 05:39:03,57.0,71.000              ,786.176,492.0,1200.0,0.0,57.5,57.500              ,57.5,57.5,57.5,57.5,57.5,57.5,57.5,31.008,29.563,38.997,22.084,66.524,6.444,39.136,10.351,30.513,1716.667,1716.667,1716.667,1716.667,2060.0,2060.0,1716.667,1716.667,2060.0,0.592,0.592,0.563,0.563,0.789,0.789,0.538,0.539,14.849,5401.0,14586.0,25.583,227.0,39.09
2026-07-08 05:39:04,57.0,70.000              ,779.027,200.0,1200.0,0.0,57.5,57.500              ,57.5,57.5,57.5,57.5,57.5,57.5,57.5,32.522,28.191,46.252,29.498,55.978,9.396,34.236,8.931,30.626,1820.0,1820.0,2275.0,2275.0,1820.0,1820.0,1820.0,1820.0,2275.0,0.626,0.626,0.701,0.701,0.786,0.788,0.551,0.551,14.993,5397.0,14573.0,22.054,228.0,45.34
2026-07-08 05:39:05,57.0,69.000              ,760.973,492.0,1200.0,0.0,57.5,57.500              ,57.5,57.5,57.5,57.5,57.5,57.5,57.5,41.926,29.634,38.278,40.158,49.958,10.542,50.618,18.765,34.985,1783.333,1783.333,2140.0,2160.0,1800.0,1800.0,1800.0,1800.0,2160.0,0.635,0.637,0.728,0.728,0.552,0.551,0.63,0.63,15.166,5393.0,14555.0,25.322,229.0,39.49
2026-07-08 05:39:06,57.0,68.000              ,760.973,400.0,1200.0,0.0,57.5,57.500              ,57.5,57.5,57.5,57.5,57.5,57.5,57.5,36.871,30.077,43.506,38.317,63.043,10.855,42.734,9.675,34.385,1716.667,2060.0,2060.0,2060.0,1716.667,1716.667,1716.667,1716.667,2060.0,0.621,0.62,0.759,0.76,0.747,0.747,0.562,0.563,14.896,5392.0,14554.0,21.811,230.0,45.85
2026-07-08 05:39:07,57.0,68.000              ,763.273,200.0,1200.0,0.0,57.5,57.500              ,57.5,57.5,57.5,57.5,57.5,57.5,57.5,34.824,28.37,49.889,30.413,66.545,14.741,44.505,10.5,34.973,1816.667,1816.667,2180.0,2180.0,2200.0,2200.0,1760.0,1760.0,2200.0,0.613,0.613,0.703,0.702,0.8,0.799,0.583,0.583,15.156,5389.0,14548.0,23.146,231.0,43.2
2026-07-08 05:39:08,57.0,69.000              ,775.367,533.0,1200.0,0.0,57.5,57.500              ,57.5,57.5,57.5,57.5,57.5,57.5,57.5,45.349,27.475,53.902,25.798,68.19,11.483,56.274,13.069,37.692,1733.333,1733.333,1716.667,1716.667,2060.0,2060.0,1716.667,1716.667,2060.0,0.652,0.651,0.67,0.672,0.751,0.751,0.678,0.676,15.106,5398.0,14559.0,26.386,232.0,37.9
2026-07-08 05:39:09,57.0,69.000              ,801.41,461.0,1200.0,0.0,57.5,57.500              ,57.5,57.5,57.5,57.5,57.5,57.5,57.5,52.576,27.537,53.974,30.066,65.028,13.406,52.365,18.678,39.204,2020.0,2020.0,2020.0,2020.0,1683.333,1683.333,1683.333,1683.333,2020.0,0.842,0.842,0.819,0.818,0.835,0.835,0.724,0.724,14.954,5414.0,14601.0,329.259,233.0,3.04
2026-07-08 05:39:10,57.0,69.000              ,801.41,563.0,1200.0,0.0,57.5,57.500              ,57.5,57.5,57.5,57.5,57.5,57.5,57.5,45.795,19.511,42.866,21.143,56.972,10.87,46.516,12.01,31.96,2080.0,2060.0,1716.667,1716.667,1716.667,1716.667,1716.667,1716.667,2080.0,0.608,0.608,0.546,0.546,0.689,0.689,0.607,0.607,15.006,5404.0,14599.0,23.015,234.0,43.45
2026-07-08 05:39:11,57.0,69.000              ,800.91,200.0,1200.0,0.0,57.5,57.500              ,57.5,57.5,57.5,57.5,57.5,57.5,57.5,32.881,23.85,34.991,21.502,69.572,4.798,38.6,15.132,30.166,1750.0,1750.0,1750.0,1750.0,2100.0,2100.0,1750.0,1750.0,2100.0,0.544,0.544,0.514,0.514,0.782,0.782,0.568,0.568,15.105,5401.0,14602.0,25.353,235.0,39.44
2026-07-08 05:39:12,57.0,69.000              ,799.91,630.0,1200.0,0.0,57.375,57.375              ,57.375,57.375,57.375,57.375,57.375,57.375,57.375,30.422,26.013,34.346,19.93,53.013,8.443,40.705,11.162,28.004,1733.333,1733.333,1733.333,1733.333,2080.0,2080.0,1733.333,1733.333,2080.0,0.554,0.554,0.521,0.521,0.681,0.682,0.566,0.566,14.879,5397.0,14599.0,25.215,236.0,39.66
2026-07-08 05:39:13,57.0,67.000              ,806.469,400.0,1200.0,0.0,57.375,57.375              ,57.375,57.375,57.375,57.375,57.375,57.375,57.375,39.49,26.428,43.816,31.037,56.791,8.682,36.325,16.376,32.368,1780.0,1780.0,2225.0,2225.0,1780.0,1780.0,1780.0,1780.0,2225.0,0.648,0.648,0.722,0.722,0.749,0.748,0.603,0.603,15.131,5401.0,14611.0,21.75,237.0,45.98
2026-07-08 05:39:14,57.0,67.000              ,806.094,200.0,1200.0,0.0,57.25,57.250              ,57.25,57.25,57.25,57.25,57.25,57.25,57.25,32.71,26.98,41.264,32.411,72.602,7.152,38.526,11.933,32.947,1800.0,1800.0,2225.0,2225.0,1780.0,1780.0,1780.0,1780.0,2225.0,0.596,0.596,0.696,0.696,0.86,0.854,0.553,0.568,15.081,5400.0,14610.0,23.878,238.0,41.88
2026-07-08 05:39:15,57.0,69.000              ,807.031,500.0,1200.0,0.0,57.25,57.250              ,57.25,57.25,57.25,57.25,57.25,57.25,57.25,30.038,30.031,26.979,53.305,40.042,9.703,36.902,19.964,30.871,1820.0,1820.0,2275.0,2275.0,1800.0,1800.0,1800.0,1800.0,2275.0,0.589,0.589,0.871,0.877,0.527,0.527,0.594,0.579,15.111,5399.0,14609.0,26.297,239.0,38.03
2026-07-08 05:39:16,57.0,69.000              ,807.031,420.0,1200.0,0.0,57.25,57.250              ,57.25,57.25,57.25,57.25,57.25,57.25,57.25,52.175,26.814,54.044,33.014,59.846,13.253,46.574,16.797,37.815,1683.333,1683.333,2020.0,2020.0,1683.333,1683.333,1683.333,1683.333,2020.0,0.67,0.67,0.738,0.739,0.643,0.643,0.607,0.607,14.856,5407.0,14609.0,23.861,240.0,41.91
2026-07-08 05:39:17,57.0,70.000              ,807.031,500.0,1200.0,0.0,57.25,57.250              ,57.25,57.25,57.25,57.25,57.25,57.25,57.25,28.144,32.406,39.355,39.17,48.426,7.189,34.405,9.711,29.851,1800.0,1800.0,2160.0,2160.0,1816.667,1816.667,1816.667,1816.667,2160.0,0.587,0.587,0.814,0.815,0.595,0.595,0.518,0.518,15.284,5405.0,14607.0,27.724,241.0,36.07
2026-07-08 05:39:18,57.0,70.000              ,805.148,370.0,1200.0,0.0,57.25,57.250              ,57.25,57.25,57.25,57.25,57.25,57.25,57.25,39.934,36.266,43.227,46.214,55.646,13.908,44.194,18.709,37.262,1683.333,1683.333,2020.0,2020.0,1683.333,1683.333,1683.333,1683.333,2020.0,0.636,0.636,0.792,0.787,0.621,0.621,0.588,0.589,14.969,5407.0,14607.0,21.884,242.0,45.7
2026-07-08 05:39:19,57.0,68.000              ,804.684,370.0,1200.0,0.0,57.25,57.250              ,57.25,57.25,57.25,57.25,57.25,57.25,57.25,35.645,34.148,46.839,49.484,47.725,20.333,39.331,22.54,37.006,2020.0,2020.0,2020.0,2040.0,1700.0,1700.0,1700.0,1700.0,2040.0,0.629,0.63,0.83,0.828,0.632,0.633,0.567,0.565,15.032,5407.0,14607.0,21.845,243.0,45.78
2026-07-08 05:39:20,57.0,67.000              ,804.684,200.0,1200.0,0.0,57.25,57.250              ,57.25,57.25,57.25,57.25,57.25,57.25,57.25,34.588,32.689,50.624,35.522,44.958,18.036,41.42,15.71,34.193,1766.667,1766.667,2120.0,2120.0,1766.667,1766.667,1766.667,1766.667,2120.0,0.638,0.637,0.79,0.778,0.624,0.625,0.572,0.572,14.838,5407.0,14606.0,20.595,244.0,48.56
2026-07-08 05:39:21,57.0,70.000              ,805.043,200.0,1200.0,0.0,57.25,57.250              ,57.25,57.25,57.25,57.25,57.25,57.25,57.25,38.829,38.187,41.764,38.582,48.923,16.98,39.32,21.043,35.453,1783.333,1783.333,2140.0,2120.0,1766.667,1766.667,1766.667,1766.667,2140.0,0.66,0.66,0.716,0.729,0.593,0.592,0.58,0.58,15.396,5405.0,14605.0,26.5,245.0,37.74
2026-07-08 05:39:22,57.0,71.000              ,801.285,375.0,1200.0,0.0,57.25,57.250              ,57.25,57.25,57.25,57.25,57.25,57.25,57.25,43.354,39.665,50.239,42.56,55.967,15.924,45.048,21.999,39.344,1583.333,1583.333,1920.0,1920.0,1600.0,1600.0,1583.333,1583.333,1920.0,0.587,0.587,0.682,0.68,0.55,0.55,0.52,0.52,15.153,5405.0,14603.0,17.724,246.0,56.42
2026-07-08 05:39:23,57.0,75.000              ,801.273,457.0,1200.0,0.0,57.25,57.250              ,57.25,57.25,57.25,57.25,57.25,57.25,57.25,44.254,34.61,56.735,39.188,57.279,13.127,51.987,14.126,38.913,1500.0,1500.0,1750.0,1750.0,1500.0,1500.0,1500.0,1500.0,1750.0,0.543,0.543,0.663,0.663,0.545,0.544,0.504,0.511,14.806,5403.0,14604.0,24.315,247.0,41.13
2026-07-08 05:39:24,57.0,78.000              ,849.551,400.0,1200.0,0.0,57.25,57.250              ,57.25,57.25,57.25,57.25,57.25,57.25,57.25,55.972,50.005,54.575,65.929,68.827,34.336,59.738,49.365,54.843,1566.667,1566.667,1880.0,1880.0,1566.667,1566.667,1566.667,1566.667,1880.0,0.609,0.609,0.735,0.735,0.617,0.618,0.667,0.66,15.014,5436.0,14683.0,26.393,248.0,37.89
2026-07-08 05:39:25,57.0,77.000              ,852.934,450.0,1200.0,0.0,57.25,57.250              ,57.25,57.25,57.25,57.25,57.25,57.25,57.25,39.036,38.507,60.96,40.144,53.712,21.575,55.162,26.544,41.955,1533.333,1533.333,1840.0,1840.0,1840.0,1840.0,1533.333,1533.333,1840.0,0.601,0.603,0.746,0.746,0.606,0.605,0.627,0.627,15.07,5440.0,14690.0,23.024,249.0,43.43
2026-07-08 05:39:26,57.0,74.000              ,848.297,450.0,1200.0,0.0,57.25,57.250              ,57.25,57.25,57.25,57.25,57.25,57.25,57.25,38.722,40.253,51.016,46.637,54.782,20.39,50.278,22.271,40.544,1600.0,1600.0,1920.0,1920.0,1600.0,1600.0,1600.0,1600.0,1920.0,0.626,0.624,0.778,0.779,0.624,0.624,0.599,0.599,15.063,5438.0,14685.0,25.522,250.0,39.18
2026-07-08 05:39:27,57.0,70.000              ,847.672,525.0,1200.0,0.0,57.25,57.250              ,57.25,57.25,57.25,57.25,57.25,57.25,57.25,35.611,40.432,47.68,39.254,54.823,23.765,50.45,16.578,38.574,1666.667,1666.667,2000.0,2020.0,1683.333,1683.333,1683.333,1683.333,2020.0,0.63,0.63,0.747,0.746,0.702,0.703,0.592,0.593,14.85,5440.0,14685.0,19.624,251.0,50.96
2026-07-08 05:39:28,57.0,69.000              ,850.563,200.0,1200.0,0.0,57.25,57.250              ,57.25,57.25,57.25,57.25,57.25,57.25,57.25,41.76,35.702,35.207,58.657,42.813,23.302,46.39,23.089,38.365,2020.0,2020.0,2040.0,2040.0,1700.0,1700.0,1700.0,1700.0,2040.0,0.653,0.653,0.857,0.857,0.576,0.574,0.603,0.602,15.134,5439.0,14690.0,22.201,252.0,45.04
2026-07-08 05:39:29,57.0,68.000              ,844.41,406.0,1200.0,0.0,57.25,57.250              ,57.25,57.25,57.25,57.25,57.25,57.25,57.25,44.163,43.944,52.033,58.794,57.502,24.306,53.364,27.096,45.15,1700.0,1700.0,2040.0,2020.0,1683.333,1683.333,1683.333,1683.333,2040.0,0.615,0.617,0.807,0.809,0.608,0.608,0.596,0.596,15.141,5436.0,14685.0,23.983,253.0,41.7
2026-07-08 05:39:30,57.0,71.000              ,847.918,435.0,1200.0,0.0,57.25,57.250              ,57.25,57.25,57.25,57.25,57.25,57.25,57.25,45.211,44.281,50.366,55.207,60.236,21.594,51.908,26.59,44.424,1550.0,1550.0,1860.0,1860.0,1880.0,1880.0,1566.667,1566.667,1880.0,0.626,0.624,0.764,0.752,0.587,0.587,0.569,0.568,14.87,5436.0,14682.0,25.435,254.0,39.32
2026-07-08 05:39:31,57.0,77.000              ,855.07,428.0,1200.0,0.0,57.25,57.250              ,57.25,57.25,57.25,57.25,57.25,57.25,57.25,44.34,45.599,46.346,59.151,58.928,22.194,54.934,27.843,44.917,1600.0,1600.0,1920.0,1920.0,1600.0,1600.0,1600.0,1600.0,1920.0,0.6,0.6,0.76,0.77,0.606,0.607,0.598,0.598,15.008,5436.0,14694.0,24.236,255.0,41.26
2026-07-08 05:39:32,57.0,77.000              ,855.137,442.0,1200.0,0.0,57.25,57.250              ,57.25,57.25,57.25,57.25,57.25,57.25,57.25,41.354,41.836,39.993,55.77,59.857,15.079,48.108,18.617,40.077,1600.0,1600.0,1920.0,1920.0,1583.333,1583.333,1583.333,1583.333,1920.0,0.615,0.615,0.768,0.768,0.649,0.647,0.577,0.577,15.181,5436.0,14693.0,25.68,256.0,38.94
2026-07-08 05:39:33,57.0,78.000              ,862.16,387.0,1200.0,0.0,57.25,57.250              ,57.25,57.25,57.25,57.25,57.25,57.25,57.25,42.459,47.915,45.691,59.672,56.237,29.62,52.081,28.752,45.303,1566.667,1566.667,1880.0,1880.0,1566.667,1566.667,1566.667,1566.667,1880.0,0.612,0.613,0.777,0.779,0.622,0.622,0.604,0.604,15.068,5436.0,14704.0,25.915,257.0,38.59
2026-07-08 05:39:34,57.0,81.000              ,862.789,413.0,1200.0,0.0,57.25,57.250              ,57.25,57.25,57.25,57.25,57.25,57.25,57.25,45.729,48.597,50.79,49.763,59.615,25.408,53.77,28.611,45.285,1500.0,1500.0,1800.0,1800.0,1800.0,1800.0,1500.0,1500.0,1800.0,0.63,0.631,0.709,0.708,0.616,0.616,0.587,0.59,14.961,5440.0,14704.0,25.203,258.0,39.68
2026-07-08 05:39:35,57.0,81.000              ,862.664,400.0,1200.0,0.0,57.25,57.250              ,57.25,57.25,57.25,57.25,57.25,57.25,57.25,42.802,46.194,50.991,57.948,62.244,24.316,54.41,23.511,45.302,1483.333,1483.333,1780.0,1780.0,1483.333,1483.333,1500.0,1500.0,1780.0,0.569,0.568,0.745,0.746,0.621,0.621,0.572,0.568,15.176,5439.0,14703.0,26.591,259.0,37.61
2026-07-08 05:39:36,57.0,81.000              ,862.16,450.0,1200.0,0.0,57.25,57.250              ,57.25,57.25,57.25,57.25,57.25,57.25,57.25,43.594,41.907,51.858,49.256,58.645,21.238,58.157,17.828,42.81,1483.333,1483.333,1780.0,1780.0,1483.333,1466.667,1466.667,1466.667,1780.0,0.583,0.583,0.735,0.733,0.576,0.58,0.585,0.585,14.813,5439.0,14703.0,22.268,260.0,44.91
2026-07-08 05:39:37,57.0,80.000              ,858.477,400.0,1200.0,0.0,57.25,57.250              ,57.25,57.25,57.25,57.25,57.25,57.25,57.25,46.217,34.615,51.969,47.181,61.356,17.622,59.085,16.706,41.844,1633.333,1633.333,1960.0,1960.0,1633.333,1633.333,1633.333,1633.333,1960.0,0.622,0.623,0.773,0.774,0.61,0.607,0.581,0.582,15.044,5438.0,14702.0,26.159,261.0,38.23
2026-07-08 05:39:38,57.0,80.000              ,857.875,393.0,1200.0,0.0,57.25,57.250              ,57.25,57.25,57.25,57.25,57.25,57.25,57.25,54.144,41.143,52.587,56.295,64.095,20.713,64.375,23.053,47.051,1466.667,1466.667,1760.0,1760.0,1466.667,1466.667,1466.667,1466.667,1760.0,0.607,0.607,0.729,0.728,0.584,0.584,0.597,0.597,15.202,5443.0,14709.0,30.008,262.0,33.32
2026-07-08 05:39:39,57.0,82.000              ,846.219,435.0,1200.0,0.0,57.25,57.250              ,57.25,57.25,57.25,57.25,57.25,57.25,57.25,41.75,40.196,53.116,50.571,61.486,19.249,58.334,22.26,43.37,1483.333,1483.333,1780.0,1780.0,1483.333,1483.333,1483.333,1483.333,1780.0,0.563,0.562,0.733,0.733,0.584,0.589,0.58,0.578,14.827,5442.0,14698.0,25.099,263.0,39.84
2026-07-08 05:39:40,57.0,83.000              ,843.207,428.0,1200.0,0.0,57.25,57.250              ,57.25,57.25,57.25,57.25,57.25,57.25,57.25,42.57,40.008,47.079,42.202,62.559,12.412,51.738,23.448,40.252,1533.333,1533.333,1840.0,1860.0,1550.0,1550.0,1550.0,1550.0,1860.0,0.586,0.587,0.68,0.68,0.6,0.602,0.606,0.606,15.108,5442.0,14692.0,19.026,264.0,52.56
2026-07-08 05:39:41,57.0,80.000              ,839.059,413.0,1200.0,0.0,57.25,57.250              ,57.25,57.25,57.25,57.25,57.25,57.25,57.25,42.708,47.063,45.534,56.125,64.728,22.226,52.474,27.396,44.782,1533.333,1533.333,1840.0,1840.0,1533.333,1533.333,1550.0,1550.0,1840.0,0.629,0.628,0.777,0.777,0.662,0.655,0.612,0.612,14.952,5438.0,14682.0,24.189,265.0,41.34
2026-07-08 05:39:42,57.0,77.000              ,839.059,413.0,1200.0,0.0,57.375,57.375              ,57.375,57.375,57.375,57.375,57.375,57.375,57.375,47.808,46.332,54.816,59.087,62.854,22.265,55.474,26.641,46.91,1400.0,1400.0,1633.333,1633.333,1400.0,1400.0,1633.333,1633.333,1633.333,0.598,0.598,0.741,0.747,0.597,0.597,0.587,0.588,15.118,5440.0,14682.0,22.777,266.0,43.9
2026-07-08 05:39:43,57.0,76.000              ,833.047,492.0,1200.0,0.0,57.375,57.375              ,57.375,57.375,57.375,57.375,57.375,57.375,57.375,34.372,36.789,43.613,42.321,61.969,11.75,52.125,15.93,37.359,1650.0,1650.0,1980.0,1980.0,1650.0,1650.0,1650.0,1650.0,1980.0,0.617,0.614,0.736,0.73,0.669,0.67,0.611,0.611,14.881,5439.0,14674.0,27.599,267.0,36.23
2026-07-08 05:39:44,57.0,75.000              ,833.051,200.0,1200.0,0.0,57.375,57.375              ,57.375,57.375,57.375,57.375,57.375,57.375,57.375,44.768,37.656,54.093,42.508,62.15,13.768,58.666,20.385,41.749,1550.0,1550.0,1860.0,1860.0,1860.0,1860.0,1550.0,1550.0,1860.0,0.602,0.605,0.734,0.734,0.645,0.644,0.626,0.627,15.156,5437.0,14669.0,22.155,268.0,45.14
2026-07-08 05:39:45,57.0,72.000              ,833.488,508.0,1200.0,0.0,57.375,57.375              ,57.375,57.375,57.375,57.375,57.375,57.375,57.375,42.339,37.847,54.498,41.421,58.332,16.488,57.654,20.263,41.105,1583.333,1583.333,1900.0,1900.0,1583.333,1583.333,1583.333,1583.333,1900.0,0.636,0.636,0.753,0.753,0.582,0.582,0.639,0.639,14.86,5436.0,14668.0,18.973,269.0,52.71
2026-07-08 05:39:46,57.0,70.000              ,833.438,200.0,1200.0,0.0,57.375,57.375              ,57.375,57.375,57.375,57.375,57.375,57.375,57.375,39.194,39.03,39.382,43.661,65.737,16.2,49.613,18.318,38.892,1700.0,1700.0,1700.0,1700.0,2040.0,2040.0,1700.0,1700.0,2040.0,0.654,0.654,0.681,0.681,0.741,0.741,0.606,0.604,15.092,5435.0,14661.0,31.16,270.0,32.09
2026-07-08 05:39:47,57.0,71.000              ,833.504,393.0,1200.0,0.0,57.375,57.375              ,57.375,57.375,57.375,57.375,57.375,57.375,57.375,45.698,36.749,50.123,45.427,59.941,21.651,54.21,22.281,42.01,1600.0,1600.0,1600.0,1616.667,1940.0,1940.0,1616.667,1616.667,1940.0,0.599,0.599,0.662,0.667,0.641,0.641,0.585,0.585,15.234,5435.0,14661.0,27.281,271.0,36.66
2026-07-08 05:39:48,57.0,76.000              ,833.516,457.0,1200.0,0.0,57.375,57.375              ,57.375,57.375,57.375,57.375,57.375,57.375,57.375,47.738,36.305,44.883,48.823,59.028,14.369,55.671,13.683,40.062,1533.333,1533.333,1840.0,1840.0,1533.333,1533.333,1533.333,1533.333,1840.0,0.614,0.606,0.735,0.73,0.584,0.585,0.557,0.558,14.929,5434.0,14655.0,19.425,272.0,51.48
2026-07-08 05:39:49,57.0,76.000              ,832.5,428.0,1200.0,0.0,57.375,57.375              ,57.375,57.375,57.375,57.375,57.375,57.375,57.375,41.302,39.545,50.873,44.604,62.493,18.451,49.763,21.475,41.063,1600.0,1600.0,1920.0,1920.0,1616.667,1616.667,1616.667,1616.667,1920.0,0.595,0.603,0.757,0.757,0.675,0.674,0.598,0.597,15.037,5434.0,14655.0,26.02,273.0,38.43
2026-07-08 05:39:50,57.0,72.000              ,826.473,450.0,1200.0,0.0,57.375,57.375              ,57.375,57.375,57.375,57.375,57.375,57.375,57.375,38.566,33.304,41.625,48.264,60.066,9.501,54.599,12.678,37.325,1583.333,1583.333,1900.0,1900.0,1583.333,1583.333,1583.333,1583.333,1900.0,0.609,0.609,0.759,0.759,0.594,0.594,0.602,0.602,14.899,5431.0,14646.0,26.093,274.0,38.32
2026-07-08 05:39:51,57.0,72.000              ,826.41,413.0,1200.0,0.0,57.375,57.375              ,57.375,57.375,57.375,57.375,57.375,57.375,57.375,48.189,39.1,53.385,45.816,63.532,21.854,55.077,26.546,44.187,1583.333,1583.333,1900.0,1900.0,1583.333,1583.333,1583.333,1583.333,1900.0,0.587,0.587,0.71,0.711,0.644,0.644,0.604,0.604,15.24,5428.0,14647.0,24.748,275.0,40.41
2026-07-08 05:39:52,57.0,75.000              ,826.41,476.0,1200.0,0.0,57.375,57.375              ,57.375,57.375,57.375,57.375,57.375,57.375,57.375,41.605,36.352,51.464,43.713,59.216,15.759,58.258,14.844,40.151,1550.0,1550.0,1860.0,1860.0,1860.0,1860.0,1550.0,1550.0,1860.0,0.581,0.581,0.691,0.692,0.619,0.619,0.596,0.596,14.777,5427.0,14647.0,24.349,276.0,41.07
2026-07-08 05:39:53,57.0,75.000              ,826.285,200.0,1200.0,0.0,57.375,57.375              ,57.375,57.375,57.375,57.375,57.375,57.375,57.375,42.768,39.655,53.544,48.695,59.779,27.243,59.305,20.829,43.977,1600.0,1600.0,1920.0,1920.0,1600.0,1600.0,1600.0,1600.0,1920.0,0.589,0.589,0.741,0.739,0.67,0.66,0.613,0.613,15.147,5426.0,14639.0,28.252,277.0,35.4
2026-07-08 05:39:54,57.0,77.000              ,826.281,420.0,1200.0,0.0,57.375,57.375              ,57.375,57.375,57.375,57.375,57.375,57.375,57.375,45.271,39.609,47.492,58.569,62.55,22.814,57.973,18.846,44.141,1466.667,1466.667,1760.0,1760.0,1760.0,1750.0,1500.0,1485.714,1760.0,0.57,0.571,0.737,0.729,0.621,0.631,0.563,0.563,14.982,5441.0,14640.0,20.538,278.0,48.69
2026-07-08 05:39:55,57.0,77.000              ,826.277,484.0,1200.0,0.0,57.375,57.375              ,57.375,57.375,57.375,57.375,57.375,57.375,57.375,41.115,31.84,44.92,40.189,59.801,14.915,59.824,14.364,38.371,1616.667,1616.667,1940.0,1940.0,1616.667,1616.667,1616.667,1616.667,1940.0,0.618,0.615,0.69,0.699,0.708,0.708,0.654,0.654,15.091,5441.0,14640.0,27.456,279.0,36.42
2026-07-08 05:39:56,57.0,71.000              ,826.273,484.0,1200.0,0.0,57.375,57.375              ,57.375,57.375,57.375,57.375,57.375,57.375,57.375,47.025,40.473,48.147,44.447,53.513,14.93,61.804,22.524,41.608,1550.0,1550.0,1550.0,1550.0,1550.0,1550.0,1860.0,1860.0,1860.0,0.655,0.655,0.707,0.706,0.586,0.586,0.717,0.718,14.837,5444.0,14640.0,23.08,280.0,43.33
2026-07-08 05:39:57,57.0,67.000              ,826.277,428.0,1200.0,0.0,57.375,57.375              ,57.375,57.375,57.375,57.375,57.375,57.375,57.375,42.989,33.874,44.38,40.184,55.229,13.136,47.519,23.615,37.616,1700.0,1716.667,2060.0,2060.0,1716.667,1716.667,1716.667,1716.667,2060.0,0.647,0.647,0.769,0.77,0.64,0.642,0.679,0.684,15.095,5444.0,14639.0,19.121,281.0,52.3
2026-07-08 05:39:58,57.0,68.000              ,826.273,393.0,1200.0,0.0,57.375,57.375              ,57.375,57.375,57.375,57.375,57.375,57.375,57.375,41.102,34.131,48.621,39.654,52.465,12.655,45.967,24.834,37.429,1633.333,1633.333,1960.0,1960.0,1633.333,1633.333,1633.333,1633.333,1960.0,0.641,0.642,0.803,0.809,0.628,0.627,0.686,0.68,15.028,5444.0,14638.0,22.116,282.0,45.22
2026-07-08 05:39:59,57.0,70.000              ,826.148,420.0,1200.0,0.0,57.375,57.375              ,57.375,57.375,57.375,57.375,57.375,57.375,57.375,40.83,32.867,47.056,40.803,57.038,11.677,60.041,12.617,37.866,1716.667,1716.667,2060.0,2060.0,1716.667,1716.667,1716.667,1716.667,2060.0,0.656,0.644,0.815,0.807,0.637,0.637,0.671,0.671,15.032,5443.0,14638.0,24.29,283.0,41.17
2026-07-08 05:40:00,57.0,70.000              ,832.172,457.0,1200.0,0.0,57.375,57.375              ,57.375,57.375,57.375,57.375,57.375,57.375,57.375,40.776,38.766,39.135,50.591,57.154,15.27,63.343,17.72,40.345,1666.667,1683.333,2020.0,2000.0,1666.667,1666.667,1666.667,1666.667,2020.0,0.65,0.659,0.743,0.744,0.615,0.616,0.722,0.722,15.117,5443.0,14652.0,29.186,284.0,34.26
2026-07-08 05:40:01,57.0,71.000              ,833.227,453.0,1200.0,0.0,57.375,57.375              ,57.375,57.375,57.375,57.375,57.375,57.375,57.375,43.769,40.773,52.34,41.891,62.008,22.037,58.166,23.206,43.024,1600.0,1600.0,1920.0,1920.0,1600.0,1600.0,1583.333,1583.333,1920.0,0.618,0.609,0.675,0.676,0.66,0.659,0.642,0.644,15.126,5446.0,14652.0,30.626,285.0,32.65
2026-07-08 05:40:02,57.0,75.000              ,833.227,469.0,1200.0,0.0,57.375,57.375              ,57.375,57.375,57.375,57.375,57.375,57.375,57.375,36.987,37.911,49.474,51.319,55.68,13.286,53.089,19.098,39.606,1600.0,1600.0,1900.0,1900.0,1583.333,1583.333,1583.333,1583.333,1900.0,0.603,0.613,0.811,0.809,0.609,0.609,0.629,0.623,14.816,5446.0,14651.0,29.535,286.0,33.86
2026-07-08 05:40:03,57.0,74.000              ,833.219,420.0,1200.0,0.0,57.375,57.375              ,57.375,57.375,57.375,57.375,57.375,57.375,57.375,37.529,36.285,46.862,44.974,52.182,15.418,51.718,17.65,37.827,1733.333,1733.333,2080.0,2100.0,1750.0,1750.0,1733.333,1733.333,2100.0,0.628,0.628,0.793,0.794,0.621,0.621,0.654,0.659,15.129,5445.0,14649.0,24.265,287.0,41.21
2026-07-08 05:40:04,57.0,68.000              ,830.223,461.0,1200.0,0.0,57.375,57.375              ,57.375,57.375,57.375,57.375,57.375,57.375,57.375,44.156,31.887,39.787,42.09,55.167,11.777,53.066,14.138,36.508,1650.0,1650.0,1980.0,1980.0,1650.0,1650.0,1650.0,1650.0,1980.0,0.67,0.67,0.763,0.762,0.629,0.631,0.66,0.66,15.05,5445.0,14648.0,25.547,288.0,39.14
2026-07-08 05:40:05,57.0,66.000              ,829.219,400.0,1200.0,0.0,57.375,57.375              ,57.375,57.375,57.375,57.375,57.375,57.375,57.375,38.092,34.556,43.404,46.863,51.049,13.192,48.376,18.035,36.696,1800.0,1800.0,2160.0,2160.0,1800.0,1800.0,1800.0,1800.0,2160.0,0.651,0.653,0.869,0.875,0.634,0.632,0.642,0.642,15.078,5445.0,14648.0,22.508,289.0,44.43
2026-07-08 05:40:06,57.0,68.000              ,829.219,420.0,1200.0,0.0,57.375,57.375              ,57.375,57.375,57.375,57.375,57.375,57.375,57.375,43.611,30.247,46.832,36.514,57.106,13.257,54.133,15.622,37.165,1700.0,1700.0,2040.0,2040.0,1700.0,1700.0,1700.0,1700.0,2040.0,0.66,0.658,0.739,0.734,0.669,0.669,0.665,0.67,15.045,5444.0,14647.0,24.233,290.0,41.27
2026-07-08 05:40:07,57.0,70.000              ,829.219,516.0,1200.0,0.0,57.375,57.375              ,57.375,57.375,57.375,57.375,57.375,57.375,57.375,40.91,29.189,48.648,27.123,49.985,9.154,55.086,14.538,34.329,2040.0,2040.0,1700.0,1700.0,1700.0,1700.0,2020.0,2020.0,2040.0,0.652,0.652,0.669,0.667,0.562,0.562,0.726,0.72,14.833,5443.0,14644.0,25.554,291.0,39.13
2026-07-08 05:40:08,57.0,71.000              ,844.164,516.0,1200.0,0.0,57.375,57.375              ,57.375,57.375,57.375,57.375,57.375,57.375,57.375,42.602,29.567,44.448,42.321,53.083,12.783,53.312,20.405,37.315,1750.0,1750.0,2100.0,2100.0,1766.667,1766.667,2120.0,2120.0,2120.0,0.648,0.648,0.793,0.792,0.62,0.62,0.717,0.717,15.073,5458.0,14667.0,50.235,292.0,19.91
2026-07-08 05:40:09,57.0,72.000              ,844.164,500.0,1200.0,0.0,57.375,57.375              ,57.375,57.375,57.375,57.375,57.375,57.375,57.375,40.148,24.418,35.992,53.731,44.681,10.916,41.489,8.281,32.457,1683.333,1683.333,2020.0,2020.0,1683.333,1683.333,1683.333,1683.333,2020.0,0.583,0.583,0.826,0.83,0.531,0.532,0.539,0.539,15.012,5459.0,14666.0,17.786,293.0,56.22
2026-07-08 05:40:10,57.0,70.000              ,843.793,420.0,1200.0,0.0,57.375,57.375              ,57.375,57.375,57.375,57.375,57.375,57.375,57.375,32.598,19.089,54.079,29.506,45.164,10.137,41.281,10.401,30.282,1700.0,1700.0,2040.0,2040.0,1700.0,1700.0,1700.0,1700.0,2040.0,0.561,0.561,0.832,0.837,0.566,0.565,0.614,0.615,15.083,5460.0,14666.0,22.419,294.0,44.61
2026-07-08 05:40:11,57.0,70.000              ,843.77,406.0,1200.0,0.0,57.375,57.375              ,57.375,57.375,57.375,57.375,57.375,57.375,57.375,33.198,32.746,49.657,32.954,55.979,10.143,47.466,13.988,34.516,1783.333,1783.333,2140.0,2140.0,1783.333,1783.333,1783.333,1783.333,2140.0,0.636,0.638,0.81,0.806,0.644,0.644,0.648,0.647,15.03,5462.0,14666.0,23.694,295.0,42.2
2026-07-08 05:40:12,57.0,70.000              ,843.754,450.0,1200.0,0.0,57.375,57.375              ,57.375,57.375,57.375,57.375,57.375,57.375,57.375,34.378,29.541,47.415,35.221,58.993,9.135,52.456,15.859,35.375,1760.0,1780.0,2225.0,2225.0,2225.0,2225.0,1780.0,1780.0,2225.0,0.64,0.638,0.814,0.814,0.717,0.717,0.733,0.722,14.847,5462.0,14665.0,19.039,296.0,52.52
2026-07-08 05:40:13,57.0,70.000              ,836.68,406.0,1200.0,0.0,57.375,57.375              ,57.375,57.375,57.375,57.375,57.375,57.375,57.375,44.084,28.017,41.066,41.483,47.522,11.481,44.718,18.39,34.595,1760.0,1760.0,2200.0,2200.0,1760.0,1760.0,1760.0,1760.0,2200.0,0.683,0.683,0.843,0.843,0.596,0.596,0.65,0.661,15.162,5460.0,14661.0,21.618,297.0,46.26
2026-07-08 05:40:14,57.0,69.000              ,837.93,393.0,1200.0,0.0,57.375,57.375              ,57.375,57.375,57.375,57.375,57.375,57.375,57.375,38.276,22.945,55.051,31.75,57.836,5.802,49.335,15.392,34.548,1820.0,1820.0,2275.0,2275.0,1820.0,1820.0,1820.0,1820.0,2275.0,0.62,0.62,0.856,0.857,0.645,0.645,0.676,0.676,15.222,5460.0,14660.0,25.77,298.0,38.8
2026-07-08 05:40:15,57.0,68.000              ,838.305,420.0,1200.0,0.0,57.375,57.375              ,57.375,57.375,57.375,57.375,57.375,57.375,57.375,38.063,30.003,49.26,42.355,49.581,15.927,50.807,18.601,36.825,1783.333,1783.333,2140.0,2140.0,1783.333,1783.333,1783.333,1783.333,2140.0,0.609,0.61,0.843,0.83,0.596,0.596,0.654,0.656,15.158,5457.0,14660.0,23.34,299.0,42.84
2026-07-08 05:40:16,57.0,69.000              ,838.313,435.0,1200.0,0.0,57.375,57.375              ,57.375,57.375,57.375,57.375,57.375,57.375,57.375,61.258,43.946,60.789,54.725,64.031,30.307,62.859,36.976,51.862,1483.333,1483.333,1780.0,1780.0,1483.333,1483.333,1483.333,1483.333,1780.0,0.643,0.642,0.69,0.7,0.583,0.583,0.647,0.644,15.025,5478.0,14661.0,25.844,300.0,38.69
2026-07-08 05:40:17,57.0,72.000              ,838.316,300.0,1200.0,0.0,57.375,57.375              ,57.375,57.375,57.375,57.375,57.375,57.375,57.375,55.274,44.268,64.099,50.32,68.83,31.125,54.157,45.697,51.721,1940.0,1940.0,1940.0,1940.0,1600.0,1600.0,1600.0,1600.0,1940.0,0.654,0.655,0.733,0.734,0.68,0.68,0.697,0.698,15.165,5485.0,14662.0,23.598,301.0,42.38
2026-07-08 05:40:18,57.0,79.000              ,839.363,200.0,1200.0,0.0,57.5,57.500              ,57.5,57.5,57.5,57.5,57.5,57.5,57.5,78.607,69.264,72.901,77.422,80.55,52.804,72.65,61.252,70.681,1457.143,1457.143,1700.0,1700.0,1457.143,1457.143,1457.143,1457.143,1700.0,0.755,0.755,0.797,0.796,0.707,0.71,0.708,0.699,15.175,5527.0,14675.0,29.306,302.0,34.12
2026-07-08 05:40:19,57.0,85.000              ,836.18,200.0,1200.0,0.0,57.5,57.500              ,57.5,57.5,57.5,57.5,57.5,57.5,57.5,85.404,80.258,80.99,78.489,80.552,72.118,76.466,67.358,77.704,1400.0,1400.0,1400.0,1400.0,1400.0,1400.0,1400.0,1400.0,1400.0,0.802,0.803,0.773,0.773,0.768,0.767,0.707,0.713,15.335,5521.0,14629.0,42.068,303.0,23.77
2026-07-08 05:40:20,57.0,85.000              ,835.992,200.0,1200.0,0.0,57.5,57.500              ,57.5,57.5,57.5,57.5,57.5,57.5,57.5,68.178,55.21,69.483,73.0,76.852,65.704,69.183,59.607,67.152,1400.0,1400.0,1400.0,1400.0,1400.0,1400.0,1400.0,1400.0,1400.0,0.645,0.642,0.736,0.736,0.695,0.692,0.696,0.697,15.032,5522.0,14626.0,28.763,304.0,34.77
2026-07-08 05:40:21,57.0,89.000              ,836.43,200.0,1200.0,0.0,57.5,57.500              ,57.5,57.5,57.5,57.5,57.5,57.5,57.5,59.426,47.922,60.457,67.718,64.472,42.697,56.867,54.964,56.816,1400.0,1400.0,1400.0,1400.0,1400.0,1400.0,1400.0,1400.0,1400.0,0.609,0.609,0.682,0.682,0.657,0.658,0.675,0.674,14.781,5521.0,14630.0,29.15,305.0,34.31
2026-07-08 05:40:22,57.0,96.000              ,836.414,281.0,1200.0,0.0,57.5,57.500              ,57.5,57.5,57.5,57.5,57.5,57.5,57.5,58.905,52.601,62.238,67.413,70.255,34.95,66.429,54.498,58.411,1400.0,1400.0,1400.0,1400.0,1400.0,1400.0,1400.0,1400.0,1400.0,0.617,0.619,0.7,0.7,0.61,0.612,0.69,0.691,14.651,5521.0,14633.0,35.231,306.0,28.38
2026-07-08 05:40:23,57.0,91.000              ,827.387,310.0,1200.0,0.0,57.5,57.500              ,57.5,57.5,57.5,57.5,57.5,57.5,57.5,59.705,47.827,63.225,62.428,64.321,38.669,61.611,41.168,54.869,1371.429,1385.714,1616.667,1616.667,1616.667,1650.0,1414.286,1414.286,1650.0,0.628,0.617,0.725,0.726,0.635,0.634,0.638,0.637,14.87,5515.0,14627.0,30.226,307.0,33.08
2026-07-08 05:40:24,57.0,82.000              ,827.395,344.0,1200.0,0.0,57.5,57.500              ,57.5,57.5,57.5,57.5,57.5,57.5,57.5,56.942,49.795,52.322,61.498,65.637,33.575,63.611,41.489,53.109,1414.286,1414.286,1650.0,1650.0,1414.286,1414.286,1650.0,1650.0,1650.0,0.608,0.619,0.669,0.669,0.662,0.651,0.675,0.675,14.89,5528.0,14631.0,25.72,308.0,38.88
2026-07-08 05:40:25,57.0,78.000              ,827.258,420.0,1200.0,0.0,57.5,57.500              ,57.5,57.5,57.5,57.5,57.5,57.5,57.5,47.858,40.514,53.394,50.222,60.012,31.644,62.397,28.281,46.79,1428.571,1428.571,1666.667,1666.667,1666.667,1666.667,1666.667,1666.667,1666.667,0.604,0.602,0.699,0.698,0.668,0.67,0.644,0.644,14.932,5528.0,14628.0,32.185,309.0,31.07
2026-07-08 05:40:26,57.0,72.000              ,827.152,344.0,1200.0,0.0,57.5,57.500              ,57.5,57.5,57.5,57.5,57.5,57.5,57.5,65.565,50.32,67.174,59.947,68.427,34.387,55.376,39.874,55.134,1583.333,1566.667,1880.0,1900.0,1583.333,1583.333,1583.333,1583.333,1900.0,0.732,0.732,0.822,0.822,0.645,0.653,0.621,0.621,15.289,5534.0,14624.0,35.827,310.0,27.91
2026-07-08 05:40:27,57.0,73.000              ,827.152,450.0,1200.0,0.0,57.5,57.500              ,57.5,57.5,57.5,57.5,57.5,57.5,57.5,51.37,41.835,54.397,50.244,53.271,29.547,53.957,35.144,46.221,1471.429,1471.429,1471.429,1471.429,1471.429,1471.429,1716.667,1716.667,1716.667,0.627,0.617,0.732,0.733,0.585,0.583,0.651,0.651,14.786,5535.0,14624.0,29.818,311.0,33.54
2026-07-08 05:40:28,57.0,75.000              ,827.152,428.0,1200.0,0.0,57.5,57.500              ,57.5,57.5,57.5,57.5,57.5,57.5,57.5,45.918,31.635,51.067,50.772,65.781,17.736,52.116,27.826,42.856,1650.0,1650.0,1960.0,1960.0,1633.333,1633.333,1633.333,1633.333,1960.0,0.612,0.612,0.81,0.809,0.692,0.692,0.676,0.676,15.136,5534.0,14624.0,22.796,312.0,43.87
2026-07-08 05:40:29,57.0,69.000              ,827.156,406.0,1200.0,0.0,57.5,57.500              ,57.5,57.5,57.5,57.5,57.5,57.5,57.5,60.952,53.707,64.408,60.953,71.199,43.073,68.353,47.406,58.756,1700.0,1700.0,1700.0,1700.0,1700.0,1700.0,1457.143,1683.333,1700.0,0.64,0.651,0.726,0.726,0.703,0.703,0.687,0.687,15.047,5532.0,14613.0,27.416,313.0,36.48
2026-07-08 05:40:30,57.0,70.000              ,815.266,200.0,1200.0,0.0,57.5,57.500              ,57.5,57.5,57.5,57.5,57.5,57.5,57.5,42.558,28.928,47.042,31.072,60.312,12.584,57.758,18.137,37.299,1533.333,1533.333,1840.0,1860.0,1860.0,1860.0,1533.333,1550.0,1860.0,0.581,0.582,0.622,0.623,0.659,0.659,0.699,0.699,15.035,5530.0,14603.0,25.141,314.0,39.78
2026-07-08 05:40:31,57.0,69.000              ,815.262,406.0,1200.0,0.0,57.5,57.500              ,57.5,57.5,57.5,57.5,57.5,57.5,57.5,43.237,32.518,49.879,31.866,51.242,12.891,56.846,16.051,36.816,1716.667,1716.667,2060.0,2060.0,1716.667,1716.667,1716.667,1716.667,2060.0,0.664,0.663,0.716,0.715,0.635,0.635,0.739,0.739,14.853,5530.0,14604.0,24.147,315.0,41.41
2026-07-08 05:40:32,57.0,67.000              ,818.023,200.0,1200.0,0.0,57.5,57.500              ,57.5,57.5,57.5,57.5,57.5,57.5,57.5,41.383,27.483,44.423,42.317,38.602,17.817,47.779,20.894,35.087,1733.333,1733.333,2080.0,2100.0,1750.0,1750.0,1750.0,1750.0,2100.0,0.641,0.641,0.843,0.843,0.556,0.556,0.667,0.667,15.06,5531.0,14607.0,24.442,316.0,40.91
2026-07-08 05:40:33,57.0,69.000              ,818.023,406.0,1200.0,0.0,57.5,57.500              ,57.5,57.5,57.5,57.5,57.5,57.5,57.5,54.135,41.087,57.341,50.556,64.874,29.898,61.207,34.061,49.145,1800.0,1800.0,2160.0,2160.0,1800.0,1800.0,1800.0,1800.0,2160.0,0.658,0.656,0.78,0.78,0.707,0.709,0.704,0.704,15.177,5538.0,14602.0,23.685,317.0,42.22
2026-07-08 05:40:34,57.0,72.000              ,819.184,200.0,1200.0,0.0,57.5,57.500              ,57.5,57.5,57.5,57.5,57.5,57.5,57.5,46.394,29.08,55.186,41.032,55.594,15.83,49.836,25.671,39.828,1600.0,1600.0,1920.0,1920.0,1600.0,1600.0,1616.667,1616.667,1920.0,0.594,0.596,0.742,0.742,0.599,0.598,0.66,0.66,14.966,5538.0,14601.0,23.668,318.0,42.25
2026-07-08 05:40:35,57.0,71.000              ,817.762,387.0,1200.0,0.0,57.5,57.500              ,57.5,57.5,57.5,57.5,57.5,57.5,57.5,38.105,28.666,45.19,41.379,53.442,9.941,48.689,19.049,35.558,1700.0,1700.0,2040.0,2020.0,1683.333,1683.333,1683.333,1683.333,2040.0,0.603,0.603,0.799,0.799,0.632,0.633,0.653,0.651,14.94,5536.0,14598.0,20.635,319.0,48.46
2026-07-08 05:40:36,57.0,67.000              ,817.457,387.0,1200.0,0.0,57.5,57.500              ,57.5,57.5,57.5,57.5,57.5,57.5,57.5,40.379,17.306,58.581,22.802,43.068,9.232,49.205,15.587,32.02,1750.0,1750.0,2100.0,2100.0,1750.0,1750.0,2100.0,2100.0,2100.0,0.625,0.626,0.803,0.803,0.583,0.581,0.713,0.716,15.016,5536.0,14598.0,23.497,320.0,42.56
2026-07-08 05:40:37,57.0,67.000              ,825.656,420.0,1200.0,0.0,57.5,57.500              ,57.5,57.5,57.5,57.5,57.5,57.5,57.5,43.049,25.749,54.842,32.145,50.556,17.215,46.432,21.832,36.478,1780.0,1780.0,2225.0,2225.0,1780.0,1780.0,1780.0,1800.0,2225.0,0.647,0.646,0.788,0.789,0.662,0.662,0.67,0.67,15.299,5536.0,14609.0,26.002,321.0,38.46
2026-07-08 05:40:38,57.0,75.000              ,825.656,200.0,1200.0,0.0,57.375,57.375              ,57.375,57.375,57.375,57.375,57.375,57.375,57.375,40.95,25.819,62.708,47.305,52.364,20.348,52.057,21.018,40.321,1516.667,1516.667,1820.0,1820.0,1516.667,1516.667,1516.667,1516.667,1820.0,0.464,0.464,0.842,0.84,0.555,0.555,0.543,0.543,14.307,5559.0,14601.0,26.526,322.0,37.7
2026-07-08 05:40:39,58.0,43.000              ,825.656,200.0,1200.0,0.0,58.0,58.000              ,58.0,58.0,58.0,58.0,58.0,58.0,58.0,11.514,7.032,71.271,4.833,29.984,6.82,16.626,9.99,19.759,2066.667,2066.667,3125.0,3125.0,2083.333,2083.333,2083.333,2050.0,3125.0,0.631,0.631,2.288,2.288,1.044,1.044,0.778,0.778,14.698,5578.0,14590.0,0.0,323.0,
2026-07-08 05:40:40,58.0,2.000               ,825.656,200.0,1200.0,0.0,58.5,58.500              ,58.5,58.5,58.5,58.5,58.5,58.5,58.5,7.298,5.981,55.274,32.181,20.666,5.678,10.567,7.877,18.19,2183.333,2183.333,3325.0,3325.0,2216.667,2216.667,3000.0,3000.0,3325.0,0.63,0.63,2.289,2.289,0.791,0.791,0.693,0.693,15.036,5189.0,14173.0,0.0,324.0,
2026-07-08 05:40:41,58.0,0.000               ,825.656,200.0,1200.0,0.0,58.375,58.375              ,58.375,58.375,58.375,58.375,58.375,58.375,58.375,13.82,5.844,65.98,3.327,36.295,8.6,12.802,2.925,18.699,1900.0,1900.0,3325.0,3325.0,2216.667,2200.0,1885.714,1885.714,3325.0,0.744,0.744,2.253,2.253,1.215,1.215,0.661,0.665,15.049,5051.0,13278.0,0.0,325.0,
2026-07-08 05:40:42,58.0,0.000               ,825.656,200.0,1200.0,0.0,58.375,58.375              ,58.375,58.375,58.375,58.375,58.375,58.375,58.375,17.577,9.857,54.93,14.644,25.332,15.586,17.524,24.783,22.529,2540.0,2540.0,2540.0,2540.0,3175.0,3175.0,2540.0,2520.0,3175.0,0.842,0.843,2.189,2.189,1.07,1.07,1.053,1.052,15.438,5050.0,13201.0,0.0,326.0,
2026-07-08 05:40:43,58.0,0.000               ,825.656,200.0,1200.0,0.0,58.75,58.750              ,58.75,58.75,58.75,58.75,58.75,58.75,58.75,12.724,1.541,78.548,1.455,13.0,6.499,20.621,7.968,17.795,2183.333,2183.333,3325.0,3325.0,2660.0,2660.0,2480.0,2950.0,3325.0,0.635,0.634,2.38,2.38,0.73,0.731,0.827,0.824,14.752,4723.0,12393.0,0.0,327.0,
2026-07-08 05:40:44,58.0,0.000               ,765.945,200.0,1200.0,0.0,58.5,58.500              ,58.5,58.5,58.5,58.5,58.5,58.5,58.5,27.385,22.688,25.946,46.745,60.542,26.29,36.05,11.841,32.186,2120.0,2120.0,2650.0,2650.0,2120.0,2120.0,2120.0,2120.0,2650.0,1.157,1.157,1.436,1.436,1.474,1.473,0.969,0.969,15.5,4260.0,11741.0,5628.13,328.0,0.18
2026-07-08 05:40:45,59.0,0.000               ,765.945,200.0,1200.0,0.0,59.25,59.250              ,59.25,59.25,59.25,59.25,59.25,59.25,59.25,6.404,7.789,3.119,82.504,17.911,3.285,17.567,3.476,17.757,1900.0,1816.667,2180.0,2180.0,2180.0,2180.0,2725.0,2725.0,2725.0,0.504,0.508,3.052,3.052,0.695,0.695,0.637,0.637,14.768,4236.0,11771.0,0.0,329.0,
2026-07-08 05:40:46,59.0,0.000               ,719.398,200.0,1200.0,0.0,59.25,59.250              ,59.25,59.25,59.25,59.25,59.25,59.25,59.25,12.097,2.088,0.523,84.392,11.099,2.258,4.63,5.051,15.267,1800.0,1800.0,3150.0,3150.0,1800.0,1800.0,1800.0,1800.0,3150.0,0.651,0.648,3.277,3.29,0.652,0.652,0.562,0.562,15.0,3715.0,11230.0,2402.368,330.0,0.42
2026-07-08 05:40:47,59.0,0.000               ,719.398,200.0,1200.0,0.0,59.5,59.500              ,59.5,59.5,59.5,59.5,59.5,59.5,59.5,4.844,2.554,1.086,97.722,7.087,4.85,15.135,16.007,18.661,1637.5,1637.5,3300.0,3300.0,1650.0,1650.0,1650.0,1650.0,3300.0,0.442,0.442,3.886,3.81,0.536,0.536,0.763,0.767,15.24,3725.0,11194.0,0.0,331.0,
2026-07-08 05:40:48,59.0,0.000               ,719.398,200.0,1200.0,0.0,59.625,59.625              ,59.625,59.625,59.625,59.625,59.625,59.625,59.625,6.175,4.08,1.176,96.349,10.889,4.02,5.92,4.295,16.613,1612.5,1612.5,3225.0,3225.0,1612.5,1612.5,1612.5,1612.5,3225.0,0.488,0.488,3.802,3.845,0.596,0.596,0.505,0.501,14.828,3759.0,11230.0,0.0,332.0,
2026-07-08 05:40:49,60.0,0.000               ,719.398,200.0,1200.0,0.0,60.125,60.125              ,60.125,60.125,60.125,60.125,60.125,60.125,60.125,6.578,5.206,3.421,96.86,10.535,5.886,6.728,10.937,18.269,1612.5,1612.5,3225.0,3275.0,1455.556,1455.556,1637.5,1637.5,3275.0,0.458,0.458,3.624,3.629,0.619,0.619,0.64,0.64,15.203,3824.0,11228.0,0.0,333.0,
2026-07-08 05:40:50,59.0,0.000               ,705.773,200.0,1200.0,0.0,59.875,59.875              ,59.875,59.875,59.875,59.875,59.875,59.875,59.875,10.018,8.719,2.464,43.793,53.47,1.703,5.232,4.444,16.23,1712.5,1712.5,3425.0,3425.0,1957.143,1957.143,1712.5,1712.5,3425.0,0.687,0.686,1.462,1.437,1.86,1.86,0.59,0.59,14.83,3612.0,11032.0,3459.026,334.0,0.29
2026-07-08 05:40:51,59.0,0.000               ,621.824,200.0,1200.0,0.0,59.0,59.000              ,59.0,59.0,59.0,59.0,59.0,59.0,59.0,17.188,11.159,25.332,33.854,50.212,16.502,35.257,6.107,24.451,2200.0,2200.0,3300.0,3325.0,2216.667,2216.667,2216.667,2216.667,3325.0,0.73,0.73,1.341,1.341,1.492,1.492,0.834,0.836,15.632,3054.0,10468.0,1234.749,335.0,0.81
2026-07-08 05:40:52,57.0,17.000              ,621.824,200.0,1200.0,0.0,57.75,57.750              ,57.75,57.75,57.75,57.75,57.75,57.75,57.75,35.772,13.015,56.348,11.396,27.874,2.962,25.244,6.24,22.356,1983.333,1983.333,2975.0,2950.0,2360.0,2360.0,2360.0,2360.0,2975.0,0.866,0.866,1.181,1.181,0.695,0.695,0.666,0.665,14.904,3031.0,10465.0,50.23,336.0,19.91
2026-07-08 05:40:53,57.0,41.000              ,621.797,200.0,1200.0,0.0,57.625,57.625              ,57.625,57.625,57.625,57.625,57.625,57.625,57.625,29.213,9.995,36.042,18.625,21.395,3.023,32.221,4.153,19.333,3125.0,3125.0,2500.0,2500.0,2500.0,2500.0,2500.0,2500.0,3125.0,0.871,0.871,1.152,1.153,0.704,0.704,0.812,0.812,14.915,3030.0,10460.0,56.962,337.0,17.56
2026-07-08 05:40:54,57.0,48.000              ,651.523,200.0,1200.0,0.0,57.5,57.500              ,57.5,57.5,57.5,57.5,57.5,57.5,57.5,37.04,16.517,46.353,21.038,29.247,6.682,40.319,12.483,26.21,2480.0,2480.0,3125.0,3125.0,2500.0,2500.0,2500.0,2500.0,3125.0,0.911,0.911,1.104,1.099,0.72,0.72,0.865,0.865,15.104,3067.0,10434.0,33.07,338.0,30.24
2026-07-08 05:40:55,57.0,52.000              ,651.543,200.0,1200.0,0.0,57.5,57.500              ,57.5,57.5,57.5,57.5,57.5,57.5,57.5,31.369,9.484,34.896,25.101,29.497,3.384,28.701,6.118,21.069,2260.0,2260.0,2825.0,2825.0,2260.0,2260.0,2700.0,2700.0,2825.0,0.785,0.785,1.064,1.066,0.716,0.716,0.715,0.715,14.974,3067.0,10434.0,18.025,339.0,55.48
2026-07-08 05:40:56,57.0,62.000              ,651.543,200.0,1200.0,0.0,57.375,57.375              ,57.375,57.375,57.375,57.375,57.375,57.375,57.375,15.573,7.069,25.463,26.474,14.675,2.215,12.852,4.486,13.601,2420.0,2420.0,3000.0,3000.0,2400.0,2400.0,2000.0,2000.0,3000.0,0.543,0.543,1.155,1.155,0.421,0.421,0.468,0.468,12.739,2901.0,10255.0,17.117,340.0,58.42
2026-07-08 05:40:57,56.0,34.000              ,651.543,200.0,1200.0,0.0,56.625,56.625              ,56.625,56.625,56.625,56.625,56.625,56.625,56.625,9.535,3.638,21.404,13.203,4.303,1.883,6.875,4.573,8.177,2650.0,2650.0,2650.0,2650.0,2650.0,2650.0,2650.0,2650.0,2650.0,0.485,0.485,1.404,1.438,0.261,0.261,0.451,0.451,11.65,2727.0,9351.0,0.0,341.0,
2026-07-08 05:40:58,57.0,0.000               ,533.785,200.0,1200.0,0.0,57.5,57.500              ,57.5,57.5,57.5,57.5,57.5,57.5,57.5,34.336,16.081,51.186,25.937,46.49,21.677,36.404,19.004,31.389,1555.556,1555.556,3500.0,3500.0,2800.0,2800.0,2333.333,2333.333,3500.0,1.257,1.257,2.211,2.178,1.674,1.677,1.266,1.266,16.785,2638.0,8767.0,0.0,342.0,
