08-07-2026 04:37:55,GPU temperature,GPU usage,Memory usage,Core clock,Memory clock,Fan tachometer,CPU1 temperature,CPU2 temperature,CPU3 temperature,CPU4 temperature,CPU5 temperature,CPU6 temperature,CPU7 temperature,CPU8 temperature,CPU temperature,CPU1 usage,CPU2 usage,CPU3 usage,CPU4 usage,CPU5 usage,CPU6 usage,CPU7 usage,CPU8 usage,CPU usage,CPU1 clock,CPU2 clock,CPU3 clock,CPU4 clock,CPU5 clock,CPU6 clock,CPU7 clock,CPU8 clock,CPU clock,CPU1 power,CPU2 power,CPU3 power,CPU4 power,CPU5 power,CPU6 power,CPU7 power,CPU8 power,CPU power,RAM usage,Commit charge,frametime,elapsed,fps
2026-07-08 04:37:55,0.0,°C                  ,0.0,100.0,10.0,,,,,,,,,,,,,,,,,,,,,,,,,,,,,,,,,,,,,,,,,0.0,
2026-07-08 04:37:55,1.0,%                   ,0.0,100.0,10.0,,,,,,,,,,,,,,,,,,,,,,,,,,,,,,,,,,,,,,,,,0.0,
2026-07-08 04:37:55,2.0,MB                  ,0.0,8192.0,10.0,,,,,,,,,,,,,,,,,,,,,,,,,,,,,,,,,,,,,,,,,0.0,
2026-07-08 04:37:55,3.0,MHz                 ,0.0,2500.0,10.0,,,,,,,,,,,,,,,,,,,,,,,,,,,,,,,,,,,,,,,,,0.0,
2026-07-08 04:37:55,4.0,MHz                 ,0.0,7500.0,10.0,,,,,,,,,,,,,,,,,,,,,,,,,,,,,,,,,,,,,,,,,0.0,
2026-07-08 04:37:55,5.0,RPM                 ,0.0,10000.0,10.0,,,,,,,,,,,,,,,,,,,,,,,,,,,,,,,,,,,,,,,,,0.0,
2026-07-08 04:37:55,6.0,°C                  ,0.0,100.0,10.0,,,,,,,,,,,,,,,,,,,,,,,,,,,,,,,,,,,,,,,,,0.0,
2026-07-08 04:37:55,7.0,°C                  ,0.0,100.0,10.0,,,,,,,,,,,,,,,,,,,,,,,,,,,,,,,,,,,,,,,,,0.0,
2026-07-08 04:37:55,8.0,°C                  ,0.0,100.0,10.0,,,,,,,,,,,,,,,,,,,,,,,,,,,,,,,,,,,,,,,,,0.0,
2026-07-08 04:37:55,9.0,°C                  ,0.0,100.0,10.0,,,,,,,,,,,,,,,,,,,,,,,,,,,,,,,,,,,,,,,,,0.0,
2026-07-08 04:37:55,10.0,°C                  ,0.0,100.0,10.0,,,,,,,,,,,,,,,,,,,,,,,,,,,,,,,,,,,,,,,,,0.0,
2026-07-08 04:37:55,11.0,°C                  ,0.0,100.0,10.0,,,,,,,,,,,,,,,,,,,,,,,,,,,,,,,,,,,,,,,,,0.0,
2026-07-08 04:37:55,12.0,°C                  ,0.0,100.0,10.0,,,,,,,,,,,,,,,,,,,,,,,,,,,,,,,,,,,,,,,,,0.0,
2026-07-08 04:37:55,13.0,°C                  ,0.0,100.0,10.0,,,,,,,,,,,,,,,,,,,,,,,,,,,,,,,,,,,,,,,,,0.0,
2026-07-08 04:37:55,14.0,°C                  ,0.0,100.0,10.0,,,,,,,,,,,,,,,,,,,,,,,,,,,,,,,,,,,,,,,,,0.0,
2026-07-08 04:37:55,15.0,%                   ,0.0,100.0,10.0,,,,,,,,,,,,,,,,,,,,,,,,,,,,,,,,,,,,,,,,,0.0,
2026-07-08 04:37:55,16.0,%                   ,0.0,100.0,10.0,,,,,,,,,,,,,,,,,,,,,,,,,,,,,,,,,,,,,,,,,0.0,
2026-07-08 04:37:55,17.0,%                   ,0.0,100.0,10.0,,,,,,,,,,,,,,,,,,,,,,,,,,,,,,,,,,,,,,,,,0.0,
2026-07-08 04:37:55,18.0,%                   ,0.0,100.0,10.0,,,,,,,,,,,,,,,,,,,,,,,,,,,,,,,,,,,,,,,,,0.0,
2026-07-08 04:37:55,19.0,%                   ,0.0,100.0,10.0,,,,,,,,,,,,,,,,,,,,,,,,,,,,,,,,,,,,,,,,,0.0,
2026-07-08 04:37:55,20.0,%                   ,0.0,100.0,10.0,,,,,,,,,,,,,,,,,,,,,,,,,,,,,,,,,,,,,,,,,0.0,
2026-07-08 04:37:55,21.0,%                   ,0.0,100.0,10.0,,,,,,,,,,,,,,,,,,,,,,,,,,,,,,,,,,,,,,,,,0.0,
2026-07-08 04:37:55,22.0,%                   ,0.0,100.0,10.0,,,,,,,,,,,,,,,,,,,,,,,,,,,,,,,,,,,,,,,,,0.0,
2026-07-08 04:37:55,23.0,%                   ,0.0,100.0,10.0,,,,,,,,,,,,,,,,,,,,,,,,,,,,,,,,,,,,,,,,,0.0,
2026-07-08 04:37:55,24.0,MHz                 ,0.0,5000.0,10.0,,,,,,,,,,,,,,,,,,,,,,,,,,,,,,,,,,,,,,,,,0.0,
2026-07-08 04:37:55,25.0,MHz                 ,0.0,5000.0,10.0,,,,,,,,,,,,,,,,,,,,,,,,,,,,,,,,,,,,,,,,,0.0,
2026-07-08 04:37:55,26.0,MHz                 ,0.0,5000.0,10.0,,,,,,,,,,,,,,,,,,,,,,,,,,,,,,,,,,,,,,,,,0.0,
2026-07-08 04:37:55,27.0,MHz                 ,0.0,5000.0,10.0,,,,,,,,,,,,,,,,,,,,,,,,,,,,,,,,,,,,,,,,,0.0,
2026-07-08 04:37:55,28.0,MHz                 ,0.0,5000.0,10.0,,,,,,,,,,,,,,,,,,,,,,,,,,,,,,,,,,,,,,,,,0.0,
2026-07-08 04:37:55,29.0,MHz                 ,0.0,5000.0,10.0,,,,,,,,,,,,,,,,,,,,,,,,,,,,,,,,,,,,,,,,,0.0,
2026-07-08 04:37:55,30.0,MHz                 ,0.0,5000.0,10.0,,,,,,,,,,,,,,,,,,,,,,,,,,,,,,,,,,,,,,,,,0.0,
2026-07-08 04:37:55,31.0,MHz                 ,0.0,5000.0,10.0,,,,,,,,,,,,,,,,,,,,,,,,,,,,,,,,,,,,,,,,,0.0,
2026-07-08 04:37:55,32.0,MHz                 ,0.0,5000.0,10.0,,,,,,,,,,,,,,,,,,,,,,,,,,,,,,,,,,,,,,,,,0.0,
2026-07-08 04:37:55,33.0,W                   ,0.0,200.0,10.0,,,%.1f                ,,,,,,,,,,,,,,,,,,,,,,,,,,,,,,,,,,,,,,0.0,
2026-07-08 04:37:55,34.0,W                   ,0.0,200.0,10.0,,,%.1f                ,,,,,,,,,,,,,,,,,,,,,,,,,,,,,,,,,,,,,,0.0,
2026-07-08 04:37:55,35.0,W                   ,0.0,200.0,10.0,,,%.1f                ,,,,,,,,,,,,,,,,,,,,,,,,,,,,,,,,,,,,,,0.0,
2026-07-08 04:37:55,36.0,W                   ,0.0,200.0,10.0,,,%.1f                ,,,,,,,,,,,,,,,,,,,,,,,,,,,,,,,,,,,,,,0.0,
2026-07-08 04:37:55,37.0,W                   ,0.0,200.0,10.0,,,%.1f                ,,,,,,,,,,,,,,,,,,,,,,,,,,,,,,,,,,,,,,0.0,
2026-07-08 04:37:55,38.0,W                   ,0.0,200.0,10.0,,,%.1f                ,,,,,,,,,,,,,,,,,,,,,,,,,,,,,,,,,,,,,,0.0,
2026-07-08 04:37:55,39.0,W                   ,0.0,200.0,10.0,,,%.1f                ,,,,,,,,,,,,,,,,,,,,,,,,,,,,,,,,,,,,,,0.0,
2026-07-08 04:37:55,40.0,W                   ,0.0,200.0,10.0,,,%.1f                ,,,,,,,,,,,,,,,,,,,,,,,,,,,,,,,,,,,,,,0.0,
2026-07-08 04:37:55,41.0,W                   ,0.0,200.0,10.0,,,%.1f                ,,,,,,,,,,,,,,,,,,,,,,,,,,,,,,,,,,,,,,0.0,
2026-07-08 04:37:55,42.0,MB                  ,0.0,16384.0,10.0,,,,,,,,,,,,,,,,,,,,,,,,,,,,,,,,,,,,,,,,,0.0,
2026-07-08 04:37:55,43.0,MB                  ,0.0,16384.0,10.0,,,,,,,,,,,,,,,,,,,,,,,,,,,,,,,,,,,,,,,,,0.0,
2026-07-08 04:37:55,44.0,ms                  ,0.0,50.0,10.0,,,%.1f                ,,,,,,,,,,,,,,,,,,,,,,,,,,,,,,,,,,,,,,0.0,
2026-07-08 04:37:55,55.0,7.000               ,759.375,200.0,1200.0,0.0,55.875,55.875              ,55.875,55.875,55.875,55.875,55.875,55.875,55.875,41.341,33.346,52.364,34.552,48.509,35.467,47.376,39.031,41.498,2440.0,2440.0,2400.0,2380.0,2380.0,2340.0,2900.0,2850.0,2900.0,1.097,1.099,1.482,1.482,1.271,1.269,1.426,1.426,15.593,4079.0,12042.0,,0.0,
2026-07-08 04:37:56,55.0,3.000               ,765.52,200.0,1200.0,0.0,55.25,55.250              ,55.25,55.25,55.25,55.25,55.25,55.25,55.25,16.283,10.201,20.003,13.552,17.446,6.674,10.586,7.991,12.842,2333.333,2333.333,2333.333,2333.333,2333.333,2333.333,3500.0,3500.0,3500.0,0.851,0.851,1.132,1.132,0.782,0.782,0.648,0.648,12.847,4128.0,12088.0,,1.0,
2026-07-08 04:37:57,55.0,6.000               ,772.98,200.0,1200.0,0.0,55.75,55.750              ,55.75,55.75,55.75,55.75,55.75,55.75,55.75,77.932,58.1,82.881,67.717,80.801,58.769,65.729,62.514,69.305,2800.0,2800.0,3500.0,3500.0,2800.0,2800.0,2800.0,2720.0,3500.0,1.569,1.571,1.979,1.935,1.593,1.593,1.401,1.401,17.064,4190.0,12160.0,,2.0,
2026-07-08 04:37:58,55.0,7.000               ,766.789,200.0,1200.0,0.0,55.875,55.875              ,55.875,55.875,55.875,55.875,55.875,55.875,55.875,74.814,79.333,83.042,75.204,77.423,69.575,82.102,69.417,76.364,1960.0,1960.0,1960.0,2100.0,1750.0,1750.0,1750.0,1750.0,2100.0,1.237,1.237,1.303,1.318,1.123,1.123,1.166,1.168,14.93,4237.0,12194.0,,3.0,
2026-07-08 04:37:59,56.0,1.000               ,769.246,200.0,1200.0,0.0,56.0,56.000              ,56.0,56.0,56.0,56.0,56.0,56.0,56.0,45.463,42.373,62.358,42.202,47.122,32.58,53.733,40.691,45.815,2200.0,2200.0,1760.0,1760.0,1760.0,1760.0,2200.0,2200.0,2200.0,1.233,1.231,1.45,1.45,1.072,1.072,1.222,1.221,14.602,4235.0,12168.0,,4.0,
2026-07-08 04:38:00,56.0,0.000               ,770.145,200.0,1200.0,0.0,56.625,56.625              ,56.625,56.625,56.625,56.625,56.625,56.625,56.625,21.116,10.029,30.973,33.721,67.3,9.876,30.093,11.409,26.815,2140.0,2140.0,2675.0,2675.0,2140.0,2140.0,2140.0,2140.0,2675.0,0.683,0.719,1.541,1.544,1.866,1.866,0.932,0.931,14.86,4334.0,12267.0,,5.0,
2026-07-08 04:38:01,56.0,0.000               ,770.145,200.0,1200.0,0.0,56.75,56.750              ,56.75,56.75,56.75,56.75,56.75,56.75,56.75,9.215,7.355,3.731,69.984,16.269,3.392,7.798,12.64,16.298,2183.333,2183.333,3275.0,3275.0,2620.0,2600.0,2600.0,2600.0,3275.0,0.684,0.646,2.299,2.313,0.707,0.707,1.125,1.125,15.307,4895.0,12828.0,,6.0,
2026-07-08 04:38:02,57.0,0.000               ,770.145,200.0,1200.0,0.0,57.375,57.375              ,57.375,57.375,57.375,57.375,57.375,57.375,57.375,11.511,6.56,2.566,89.005,13.325,10.064,38.072,4.706,21.976,1800.0,1800.0,3150.0,3150.0,2100.0,2100.0,2100.0,2100.0,3150.0,0.554,0.554,2.697,2.698,1.011,1.011,1.047,1.047,15.115,4886.0,12857.0,,7.0,
2026-07-08 04:38:03,57.0,0.000               ,770.145,200.0,1200.0,0.0,57.625,57.625              ,57.625,57.625,57.625,57.625,57.625,57.625,57.625,35.826,12.524,10.273,46.797,50.316,7.804,38.186,7.595,26.165,2240.0,2240.0,2800.0,2800.0,2240.0,2240.0,2240.0,2240.0,2800.0,1.102,1.102,1.662,1.65,0.963,0.963,0.564,0.564,14.86,4844.0,12864.0,,8.0,
2026-07-08 04:38:04,57.0,0.000               ,770.145,200.0,1200.0,0.0,57.875,57.875              ,57.875,57.875,57.875,57.875,57.875,57.875,57.875,8.9,9.033,5.022,71.224,36.965,8.038,10.294,6.593,19.508,1587.5,1587.5,3175.0,3175.0,2116.667,2116.667,1587.5,1587.5,3175.0,0.592,0.604,2.462,2.471,1.216,1.216,0.845,0.845,15.152,4919.0,12931.0,,9.0,
2026-07-08 04:38:05,58.0,0.000               ,770.145,200.0,1200.0,0.0,58.0,58.000              ,58.0,58.0,58.0,58.0,58.0,58.0,58.0,8.469,6.83,2.277,89.619,14.124,14.279,21.258,3.504,20.045,1562.5,1562.5,3125.0,3125.0,2083.333,2083.333,2083.333,2083.333,3125.0,0.545,0.534,3.036,3.074,0.789,0.948,0.53,0.532,15.05,5082.0,13018.0,,10.0,
2026-07-08 04:38:06,57.0,0.000               ,811.723,200.0,1200.0,0.0,57.375,57.375              ,57.375,57.375,57.375,57.375,57.375,57.375,57.375,20.292,24.843,19.16,57.472,23.773,23.23,18.563,9.473,24.601,2380.0,2380.0,2975.0,2975.0,2380.0,2380.0,2380.0,2380.0,2975.0,1.072,1.074,2.097,2.098,1.161,1.04,0.838,0.859,15.46,5081.0,13198.0,0.0,11.0,
2026-07-08 04:38:07,56.0,4.000               ,811.723,200.0,1200.0,0.0,56.375,56.375              ,56.375,56.375,56.375,56.375,56.375,56.375,56.375,41.66,31.252,54.871,48.459,77.694,28.009,79.57,27.357,48.609,1980.0,1980.0,1980.0,1980.0,2550.0,2550.0,2040.0,2040.0,2550.0,0.796,0.793,1.324,1.32,1.311,1.298,1.371,1.355,15.016,5061.0,13276.0,0.0,12.0,
2026-07-08 04:38:08,56.0,4.000               ,833.602,200.0,1200.0,0.0,56.125,56.125              ,56.125,56.125,56.125,56.125,56.125,56.125,56.125,28.313,28.074,26.119,76.99,43.944,27.718,40.706,21.562,36.678,2040.0,2040.0,2525.0,2525.0,2020.0,2020.0,2020.0,2020.0,2525.0,0.775,0.775,1.724,1.724,0.957,0.957,0.915,0.913,14.77,5179.0,13417.0,0.0,13.0,
2026-07-08 04:38:09,57.0,1.000               ,833.602,200.0,1200.0,0.0,57.375,57.375              ,57.375,57.375,57.375,57.375,57.375,57.375,57.375,9.287,3.044,1.785,89.219,18.814,2.778,11.846,4.086,17.607,1785.714,1785.714,3125.0,3125.0,1785.714,1785.714,2083.333,2083.333,3125.0,0.463,0.463,2.936,2.932,0.858,0.858,0.506,0.506,14.954,5259.0,13496.0,0.0,14.0,
2026-07-08 04:38:10,57.0,1.000               ,790.773,200.0,1200.0,0.0,57.5,57.500              ,57.5,57.5,57.5,57.5,57.5,57.5,57.5,15.981,5.388,5.494,34.505,68.576,13.769,8.493,7.947,20.019,2440.0,2440.0,2440.0,2440.0,3050.0,3050.0,2033.333,2033.333,3050.0,0.65,0.65,1.109,1.083,2.46,2.46,0.639,0.639,15.135,5336.0,13535.0,0.0,15.0,
2026-07-08 04:38:11,56.0,0.000               ,839.984,200.0,1200.0,0.0,56.75,56.750              ,56.75,56.75,56.75,56.75,56.75,56.75,56.75,40.688,49.312,45.647,48.587,72.78,27.71,46.399,24.43,44.444,3075.0,2925.0,2340.0,2340.0,2350.0,2350.0,1880.0,1860.0,3075.0,1.108,1.108,1.296,1.299,1.235,1.235,0.957,0.966,15.712,4992.0,13660.0,0.0,16.0,
2026-07-08 04:38:12,56.0,21.000              ,840.441,200.0,1200.0,0.0,56.125,56.125              ,56.125,56.125,56.125,56.125,56.125,56.125,56.125,33.123,35.982,40.518,27.315,26.183,48.1,36.048,18.746,33.252,1780.0,1780.0,1760.0,1760.0,1760.0,1760.0,2225.0,2225.0,2225.0,0.974,0.974,0.737,0.734,1.33,1.33,0.86,0.849,14.74,4982.0,13660.0,22.927,17.0,43.62
2026-07-08 04:38:13,55.0,43.000              ,840.441,200.0,1200.0,0.0,55.875,55.875              ,55.875,55.875,55.875,55.875,55.875,55.875,55.875,37.832,14.801,51.711,37.125,42.655,7.452,62.505,8.466,32.819,2100.0,2100.0,2080.0,2080.0,2080.0,2080.0,2600.0,2600.0,2600.0,0.934,0.934,1.024,1.024,0.875,0.875,1.357,1.357,15.045,4981.0,13635.0,53.797,18.0,18.59
2026-07-08 04:38:14,55.0,46.000              ,840.438,200.0,1200.0,0.0,55.75,55.750              ,55.75,55.75,55.75,55.75,55.75,55.75,55.75,35.369,19.87,42.367,22.788,23.845,11.236,51.601,46.711,31.723,1960.0,1960.0,1960.0,1960.0,1633.333,1633.333,2450.0,2450.0,2450.0,0.744,0.744,0.782,0.784,0.541,0.541,2.132,2.132,15.075,4984.0,13642.0,25.888,19.0,38.63
2026-07-08 04:38:15,55.0,44.000              ,871.75,200.0,1200.0,0.0,55.75,55.750              ,55.75,55.75,55.75,55.75,55.75,55.75,55.75,37.652,29.862,59.214,41.655,35.174,21.92,83.378,31.236,42.512,1840.0,1840.0,1840.0,1840.0,1840.0,1840.0,2300.0,2275.0,2300.0,0.608,0.608,0.807,0.805,0.535,0.535,1.708,1.712,15.426,4998.0,13684.0,36.782,20.0,27.19
2026-07-08 04:38:16,55.0,54.000              ,871.75,200.0,1200.0,0.0,55.75,55.750              ,55.75,55.75,55.75,55.75,55.75,55.75,55.75,56.116,24.064,63.34,35.254,34.494,43.102,58.978,18.866,41.777,1633.333,1633.333,1633.333,1633.333,1633.333,1633.333,1960.0,1960.0,1960.0,0.779,0.779,0.773,0.773,0.919,0.919,0.86,0.873,14.913,4968.0,13650.0,19.374,21.0,51.62
2026-07-08 04:38:17,55.0,63.000              ,871.645,200.0,1200.0,0.0,55.75,55.750              ,55.75,55.75,55.75,55.75,55.75,55.75,55.75,56.645,20.077,58.202,36.843,50.684,18.752,52.144,28.347,40.212,1820.0,1820.0,2275.0,2275.0,1820.0,1820.0,1820.0,1820.0,2275.0,0.699,0.699,0.931,0.931,0.902,0.905,0.994,0.983,14.862,4968.0,13649.0,19.575,22.0,51.09
2026-07-08 04:38:18,55.0,57.000              ,893.219,200.0,1200.0,0.0,55.75,55.750              ,55.75,55.75,55.75,55.75,55.75,55.75,55.75,41.568,22.419,52.863,41.35,47.959,25.368,47.042,23.837,37.801,1780.0,1780.0,2225.0,2250.0,1800.0,1800.0,1800.0,1800.0,2250.0,0.671,0.686,0.923,0.923,0.962,0.961,1.024,1.022,15.048,4987.0,13685.0,49.672,23.0,20.13
2026-07-08 04:38:19,55.0,56.000              ,893.219,200.0,1200.0,0.0,55.75,55.750              ,55.75,55.75,55.75,55.75,55.75,55.75,55.75,28.513,14.974,49.752,24.274,65.547,4.519,64.395,17.794,33.721,1940.0,1940.0,1960.0,1960.0,1960.0,1960.0,2450.0,2450.0,2450.0,0.562,0.546,0.766,0.766,1.104,1.103,1.475,1.475,14.747,4985.0,13686.0,17.231,24.0,58.03
2026-07-08 04:38:20,56.0,49.000              ,893.355,200.0,1200.0,0.0,56.375,56.375              ,56.375,56.375,56.375,56.375,56.375,56.375,56.375,7.598,71.898,18.019,5.954,8.48,1.171,11.253,7.473,16.481,2850.0,2850.0,2280.0,2280.0,2280.0,2280.0,2280.0,2280.0,2850.0,2.442,2.441,0.647,0.647,0.416,0.416,0.593,0.593,14.777,4999.0,13708.0,766.092,25.0,1.31
2026-07-08 04:38:21,56.0,48.000              ,893.355,200.0,1200.0,0.0,56.0,56.000              ,56.0,56.0,56.0,56.0,56.0,56.0,56.0,14.928,9.582,42.681,14.281,23.371,2.083,13.191,5.829,15.743,2480.0,2480.0,3100.0,3100.0,2120.0,2120.0,2120.0,2120.0,3100.0,0.684,0.684,1.281,1.285,0.68,0.68,0.603,0.603,15.031,4999.0,13708.0,20.474,26.0,48.84
2026-07-08 04:38:22,56.0,54.000              ,886.16,200.0,1200.0,0.0,56.0,56.000              ,56.0,56.0,56.0,56.0,56.0,56.0,56.0,14.747,8.629,51.44,15.583,25.866,1.22,14.209,8.225,17.49,2480.0,2480.0,3100.0,3100.0,2480.0,2480.0,2480.0,2480.0,3100.0,0.651,0.651,1.396,1.392,0.675,0.675,0.65,0.65,15.173,4998.0,13702.0,17.488,27.0,57.18
2026-07-08 04:38:23,55.0,53.000              ,886.16,200.0,1200.0,0.0,55.875,55.875              ,55.875,55.875,55.875,55.875,55.875,55.875,55.875,13.049,11.121,54.325,13.082,35.028,1.882,14.017,6.486,18.624,2050.0,2050.0,3075.0,3075.0,2460.0,2460.0,2050.0,2050.0,3075.0,0.619,0.62,1.299,1.299,0.781,0.784,0.582,0.582,15.055,4998.0,13702.0,17.143,28.0,58.33
2026-07-08 04:38:24,55.0,53.000              ,886.16,200.0,1200.0,0.0,55.75,55.750              ,55.75,55.75,55.75,55.75,55.75,55.75,55.75,25.819,21.098,30.674,26.132,26.384,13.117,30.8,20.948,24.372,2120.0,2120.0,2650.0,2650.0,2120.0,2120.0,2120.0,2120.0,2650.0,0.786,0.785,1.001,1.001,0.719,0.718,0.854,0.854,15.056,5006.0,13699.0,28.575,29.0,35.0
2026-07-08 04:38:25,55.0,56.000              ,886.199,200.0,1200.0,0.0,55.625,55.625              ,55.625,55.625,55.625,55.625,55.625,55.625,55.625,18.911,13.021,39.723,20.493,25.435,6.179,20.758,10.993,19.439,2180.0,2180.0,2180.0,2180.0,2725.0,2725.0,2180.0,2180.0,2725.0,0.653,0.653,1.177,1.177,0.638,0.637,0.654,0.654,14.966,5006.0,13687.0,18.953,30.0,52.76
2026-07-08 04:38:26,55.0,58.000              ,886.172,200.0,1200.0,0.0,55.75,55.750              ,55.75,55.75,55.75,55.75,55.75,55.75,55.75,32.58,26.854,62.104,27.278,30.764,15.807,31.078,22.058,31.065,2340.0,2340.0,2925.0,2925.0,2340.0,2340.0,2340.0,2340.0,2925.0,0.897,0.899,1.442,1.445,0.763,0.761,0.81,0.807,15.737,5048.0,13740.0,98.757,31.0,10.13
2026-07-08 04:38:27,55.0,60.000              ,886.172,200.0,1200.0,0.0,55.75,55.750              ,55.75,55.75,55.75,55.75,55.75,55.75,55.75,43.999,32.831,58.257,42.755,51.675,27.604,42.799,34.038,41.745,1733.333,1733.333,1733.333,1733.333,1733.333,1733.333,2080.0,2080.0,2080.0,0.681,0.68,0.916,0.914,0.752,0.752,0.696,0.699,14.47,5047.0,13743.0,17.693,32.0,56.52
2026-07-08 04:38:28,56.0,62.000              ,886.168,200.0,1200.0,0.0,56.0,56.000              ,56.0,56.0,56.0,56.0,56.0,56.0,56.0,47.654,34.419,58.325,45.864,58.52,34.408,48.902,26.28,44.296,1966.667,1966.667,2950.0,2950.0,2360.0,2360.0,1966.667,1966.667,2950.0,0.91,0.902,1.29,1.29,1.127,1.128,0.888,0.886,15.885,5073.0,13828.0,17.498,33.0,57.15
2026-07-08 04:38:29,56.0,57.000              ,865.609,200.0,1200.0,0.0,56.0,56.000              ,56.0,56.0,56.0,56.0,56.0,56.0,56.0,72.589,61.974,79.187,72.482,74.709,69.618,78.166,65.784,71.814,1616.667,1400.0,1633.333,1633.333,1633.333,1633.333,1633.333,1633.333,1633.333,0.745,0.756,0.848,0.848,0.871,0.871,0.814,0.814,14.949,5190.0,13991.0,35.666,34.0,28.04
2026-07-08 04:38:30,56.0,55.000              ,839.371,200.0,1200.0,0.0,56.0,56.000              ,56.0,56.0,56.0,56.0,56.0,56.0,56.0,60.515,46.019,59.989,70.527,67.459,57.726,69.449,47.967,59.956,1666.667,1666.667,2020.0,2020.0,1683.333,1683.333,1683.333,1683.333,2020.0,0.744,0.739,0.906,0.908,0.937,0.936,0.884,0.885,14.926,5264.0,14065.0,17.53,35.0,57.05
2026-07-08 04:38:31,56.0,57.000              ,839.367,200.0,1200.0,0.0,56.0,56.000              ,56.0,56.0,56.0,56.0,56.0,56.0,56.0,66.994,50.983,70.472,61.737,67.431,62.628,66.451,72.887,64.948,1633.333,1650.0,1980.0,1980.0,1650.0,1650.0,1960.0,1650.0,1980.0,0.766,0.766,0.842,0.829,0.886,0.904,0.932,0.918,14.969,5326.0,14117.0,17.748,36.0,56.34
2026-07-08 04:38:32,56.0,59.000              ,839.371,200.0,1200.0,0.0,56.0,56.000              ,56.0,56.0,56.0,56.0,56.0,56.0,56.0,65.263,64.584,78.304,61.844,63.022,58.332,75.433,65.856,66.58,1566.667,1550.0,1880.0,1880.0,1566.667,1566.667,1880.0,1880.0,1880.0,0.792,0.792,0.845,0.857,0.765,0.737,0.855,0.869,14.993,5387.0,14164.0,18.032,37.0,55.46
2026-07-08 04:38:33,56.0,63.000              ,839.371,200.0,1200.0,0.0,56.0,56.000              ,56.0,56.0,56.0,56.0,56.0,56.0,56.0,71.454,53.082,73.073,73.588,69.104,55.698,73.017,58.133,65.894,1516.667,1516.667,1800.0,1800.0,1800.0,1500.0,1800.0,1800.0,1800.0,0.757,0.757,0.907,0.907,0.8,0.799,0.878,0.878,15.014,5372.0,14109.0,17.588,38.0,56.86
2026-07-08 04:38:34,56.0,64.000              ,839.367,200.0,1200.0,0.0,56.0,56.000              ,56.0,56.0,56.0,56.0,56.0,56.0,56.0,53.888,34.365,78.67,44.03,59.477,31.102,58.993,49.438,51.245,1533.333,1533.333,1840.0,1840.0,1533.333,1533.333,1533.333,1533.333,1840.0,0.769,0.782,1.115,1.098,0.858,0.87,0.993,0.993,14.91,5380.0,14110.0,302.813,39.0,3.3
2026-07-08 04:38:35,56.0,62.000              ,839.371,200.0,1200.0,0.0,56.0,56.000              ,56.0,56.0,56.0,56.0,56.0,56.0,56.0,54.203,46.001,57.572,61.89,53.823,59.51,55.443,64.799,56.655,1683.333,1683.333,1683.333,1683.333,2020.0,2020.0,2040.0,2040.0,2040.0,0.752,0.738,0.814,0.827,0.909,0.898,1.02,1.02,15.184,5407.0,14129.0,18.608,40.0,53.74
2026-07-08 04:38:36,56.0,60.000              ,839.371,200.0,1200.0,0.0,56.0,56.000              ,56.0,56.0,56.0,56.0,56.0,56.0,56.0,52.103,40.671,62.082,61.51,67.995,48.268,60.807,55.805,56.155,1650.0,1650.0,1980.0,1980.0,1666.667,1666.667,2000.0,2000.0,2000.0,0.708,0.709,0.909,0.909,0.898,0.889,0.966,0.966,14.849,5406.0,14148.0,17.566,41.0,56.93
2026-07-08 04:38:37,56.0,59.000              ,839.367,200.0,1200.0,0.0,56.0,56.000              ,56.0,56.0,56.0,56.0,56.0,56.0,56.0,50.023,28.354,69.172,55.454,56.295,38.865,60.464,28.214,48.355,1750.0,1750.0,2100.0,2100.0,1750.0,1750.0,1750.0,1750.0,2100.0,0.707,0.706,1.006,1.006,0.837,0.867,0.888,0.888,15.176,5488.0,14231.0,17.965,42.0,55.66
2026-07-08 04:38:38,56.0,62.000              ,839.371,200.0,1200.0,0.0,56.0,56.000              ,56.0,56.0,56.0,56.0,56.0,56.0,56.0,56.683,33.164,77.311,54.2,55.586,50.881,63.513,54.533,55.734,1766.667,1766.667,2120.0,2120.0,1766.667,1766.667,2120.0,2120.0,2120.0,0.722,0.722,1.03,1.021,0.844,0.827,0.97,0.971,15.026,5562.0,14343.0,17.933,43.0,55.76
2026-07-08 04:38:39,56.0,64.000              ,839.371,200.0,1200.0,0.0,56.0,56.000              ,56.0,56.0,56.0,56.0,56.0,56.0,56.0,61.384,44.968,70.781,72.747,57.631,49.515,86.413,53.125,62.071,1583.333,1583.333,1980.0,1980.0,1633.333,1633.333,2000.0,2020.0,2020.0,0.724,0.724,0.886,0.893,0.762,0.748,0.988,0.987,15.149,5529.0,14383.0,18.962,44.0,52.74
2026-07-08 04:38:40,56.0,65.000              ,839.117,200.0,1200.0,0.0,56.0,56.000              ,56.0,56.0,56.0,56.0,56.0,56.0,56.0,83.572,71.373,85.848,84.289,85.61,70.33,92.651,70.476,80.519,1414.286,1414.286,1650.0,1650.0,1650.0,1650.0,1666.667,1666.667,1666.667,0.778,0.781,0.852,0.854,0.84,0.839,0.823,0.823,15.028,5445.0,14388.0,17.642,45.0,56.68
2026-07-08 04:38:41,56.0,65.000              ,839.121,200.0,1200.0,0.0,56.0,56.000              ,56.0,56.0,56.0,56.0,56.0,56.0,56.0,81.005,76.031,87.712,82.21,80.864,71.916,88.618,69.065,79.678,1385.714,1385.714,1600.0,1600.0,1600.0,1616.667,1616.667,1633.333,1633.333,0.755,0.753,0.825,0.825,0.777,0.777,0.796,0.797,14.851,5409.0,14397.0,18.317,46.0,54.59
2026-07-08 04:38:42,56.0,64.000              ,839.121,200.0,1200.0,0.0,56.0,56.000              ,56.0,56.0,56.0,56.0,56.0,56.0,56.0,72.464,60.285,71.281,70.882,66.701,60.944,75.333,76.221,69.264,1483.333,1483.333,1780.0,1780.0,1483.333,1483.333,1780.0,1780.0,1780.0,0.769,0.769,0.766,0.764,0.709,0.711,0.805,0.806,14.84,5148.0,14141.0,19.239,47.0,51.98
2026-07-08 04:38:43,56.0,62.000              ,839.117,200.0,1200.0,0.0,56.0,56.000              ,56.0,56.0,56.0,56.0,56.0,56.0,56.0,49.117,42.87,55.375,61.631,54.228,35.836,58.603,74.059,53.965,1900.0,1900.0,1900.0,1900.0,1583.333,1583.333,1900.0,1880.0,1900.0,0.735,0.734,0.894,0.897,0.821,0.818,1.183,1.183,14.988,5239.0,14233.0,182.408,48.0,5.48
2026-07-08 04:38:44,56.0,61.000              ,839.121,200.0,1200.0,0.0,56.0,56.000              ,56.0,56.0,56.0,56.0,56.0,56.0,56.0,55.866,29.184,60.683,55.181,57.042,50.936,64.707,37.646,51.406,1800.0,1800.0,2160.0,2160.0,1800.0,1800.0,2200.0,2200.0,2200.0,0.785,0.783,1.051,1.049,1.037,1.037,1.035,1.034,15.112,5200.0,14375.0,17.577,49.0,56.89
2026-07-08 04:38:45,56.0,63.000              ,839.121,200.0,1200.0,0.0,56.0,56.000              ,56.0,56.0,56.0,56.0,56.0,56.0,56.0,55.256,43.967,62.925,63.259,60.66,37.369,67.131,43.054,54.203,1633.333,1633.333,1960.0,1960.0,1633.333,1633.333,1960.0,1960.0,1960.0,0.79,0.794,0.931,0.933,0.818,0.818,0.936,0.936,14.893,5231.0,14425.0,17.782,50.0,56.24
2026-07-08 04:38:46,56.0,64.000              ,839.117,200.0,1200.0,0.0,56.0,56.000              ,56.0,56.0,56.0,56.0,56.0,56.0,56.0,49.71,23.871,69.74,58.528,62.193,41.077,64.057,22.322,48.937,1780.0,1780.0,2225.0,2200.0,1760.0,1760.0,1760.0,1760.0,2225.0,0.724,0.726,1.027,1.029,1.008,1.008,0.905,0.907,15.042,5113.0,14301.0,17.786,51.0,56.22
2026-07-08 04:38:47,56.0,63.000              ,839.121,200.0,1200.0,0.0,56.0,56.000              ,56.0,56.0,56.0,56.0,56.0,56.0,56.0,55.264,25.159,59.647,59.922,76.336,23.057,71.737,17.926,48.631,1800.0,1800.0,2160.0,2160.0,2160.0,2160.0,1800.0,1800.0,2160.0,0.831,0.83,1.05,1.049,1.068,1.068,1.015,1.015,15.009,5131.0,14319.0,17.743,52.0,56.36
2026-07-08 04:38:48,56.0,63.000              ,839.121,200.0,1200.0,0.0,56.0,56.000              ,56.0,56.0,56.0,56.0,56.0,56.0,56.0,49.76,25.826,66.382,57.506,61.369,39.744,69.888,27.364,49.73,1783.333,1783.333,2140.0,2140.0,1783.333,1800.0,1800.0,1800.0,2140.0,0.755,0.755,1.117,1.115,1.022,1.022,0.978,0.976,14.992,5165.0,14362.0,17.634,53.0,56.71
2026-07-08 04:38:49,56.0,63.000              ,839.117,200.0,1200.0,0.0,56.0,56.000              ,56.0,56.0,56.0,56.0,56.0,56.0,56.0,55.752,23.702,67.964,55.34,47.993,41.694,62.645,32.508,48.45,1800.0,1800.0,2250.0,2250.0,1800.0,1800.0,1800.0,1800.0,2250.0,0.803,0.803,1.104,1.107,0.925,0.927,1.041,1.041,15.002,5216.0,14402.0,17.642,54.0,56.68
2026-07-08 04:38:50,56.0,63.000              ,838.863,200.0,1200.0,0.0,56.0,56.000              ,56.0,56.0,56.0,56.0,56.0,56.0,56.0,46.536,23.672,65.408,57.924,51.928,44.664,51.02,49.702,48.857,1820.0,1820.0,2275.0,2250.0,1800.0,1820.0,1800.0,2250.0,2275.0,0.696,0.693,1.044,1.043,0.916,0.911,1.058,1.06,15.233,5299.0,14495.0,18.013,55.0,55.52
2026-07-08 04:38:51,56.0,62.000              ,838.863,200.0,1200.0,0.0,56.0,56.000              ,56.0,56.0,56.0,56.0,56.0,56.0,56.0,54.754,30.19,68.971,53.759,61.731,38.175,68.661,36.979,51.652,1750.0,1750.0,1750.0,1750.0,2100.0,2100.0,1750.0,1750.0,2100.0,0.755,0.759,0.96,0.958,0.886,0.877,0.986,0.984,14.739,5337.0,14539.0,18.471,56.0,54.14
2026-07-08 04:38:52,56.0,63.000              ,838.859,200.0,1200.0,0.0,56.0,56.000              ,56.0,56.0,56.0,56.0,56.0,56.0,56.0,47.087,25.922,71.789,64.409,66.326,34.032,52.373,42.996,50.617,1800.0,1800.0,1820.0,1820.0,1820.0,1820.0,2275.0,2250.0,2275.0,0.671,0.671,1.044,1.029,0.824,0.843,0.774,0.774,15.325,5376.0,14552.0,17.636,57.0,56.7
2026-07-08 04:38:53,56.0,64.000              ,838.863,200.0,1200.0,0.0,56.0,56.000              ,56.0,56.0,56.0,56.0,56.0,56.0,56.0,45.42,39.861,68.623,68.862,65.386,49.288,68.649,52.367,57.307,1683.333,1683.333,1683.333,1683.333,2020.0,2020.0,2040.0,2040.0,2040.0,0.619,0.619,0.896,0.909,0.821,0.823,0.832,0.832,14.965,5386.0,14565.0,17.841,58.0,56.05
2026-07-08 04:38:54,56.0,65.000              ,838.863,200.0,1200.0,0.0,56.0,56.000              ,56.0,56.0,56.0,56.0,56.0,56.0,56.0,45.805,33.939,61.333,60.48,45.525,47.261,58.14,55.633,51.015,1700.0,1716.667,2060.0,2060.0,1716.667,1716.667,1716.667,1716.667,2060.0,0.656,0.658,0.915,0.922,0.733,0.711,0.841,0.842,15.095,5397.0,14580.0,17.767,59.0,56.28
2026-07-08 04:38:55,56.0,66.000              ,838.859,200.0,1200.0,0.0,56.0,56.000              ,56.0,56.0,56.0,56.0,56.0,56.0,56.0,57.501,22.935,60.914,57.681,56.793,38.614,61.602,42.852,49.861,1716.667,1716.667,2060.0,2060.0,1716.667,1716.667,1716.667,1700.0,2060.0,0.682,0.68,0.906,0.898,0.762,0.759,0.815,0.818,14.98,5427.0,14604.0,17.656,60.0,56.64
2026-07-08 04:38:56,56.0,65.000              ,838.863,200.0,1200.0,0.0,56.0,56.000              ,56.0,56.0,56.0,56.0,56.0,56.0,56.0,37.675,31.311,68.833,53.709,55.259,49.957,54.743,52.545,50.504,1716.667,1716.667,2060.0,2060.0,1716.667,1733.333,1716.667,1716.667,2060.0,0.593,0.59,0.884,0.886,0.798,0.798,0.842,0.838,14.872,5432.0,14606.0,17.562,61.0,56.94
2026-07-08 04:38:57,56.0,64.000              ,838.863,200.0,1200.0,0.0,56.0,56.000              ,56.0,56.0,56.0,56.0,56.0,56.0,56.0,52.191,33.364,66.87,52.4,66.093,31.876,65.716,31.14,49.956,1716.667,1716.667,1716.667,1700.0,2040.0,2040.0,1700.0,2060.0,2060.0,0.69,0.695,0.879,0.879,0.811,0.811,0.805,0.805,15.133,5447.0,14622.0,18.202,62.0,54.94
2026-07-08 04:38:58,56.0,64.000              ,838.859,200.0,1200.0,0.0,56.0,56.000              ,56.0,56.0,56.0,56.0,56.0,56.0,56.0,57.646,28.597,70.101,58.135,65.126,47.265,40.646,24.282,48.975,1766.667,1766.667,2120.0,2120.0,1766.667,1766.667,1766.667,1766.667,2120.0,0.716,0.718,0.932,0.93,0.877,0.879,0.586,0.586,15.014,5464.0,14648.0,17.68,63.0,56.56
2026-07-08 04:38:59,56.0,64.000              ,838.863,200.0,1200.0,0.0,56.0,56.000              ,56.0,56.0,56.0,56.0,56.0,56.0,56.0,58.666,32.679,65.623,60.502,56.436,34.173,68.225,33.756,51.257,1716.667,1716.667,2040.0,2060.0,1716.667,1716.667,1716.667,1716.667,2060.0,0.701,0.699,0.908,0.909,0.714,0.722,0.801,0.801,14.977,5513.0,14674.0,18.232,64.0,54.85
2026-07-08 04:39:00,56.0,64.000              ,838.613,200.0,1200.0,0.0,56.0,56.000              ,56.0,56.0,56.0,56.0,56.0,56.0,56.0,56.651,32.637,64.412,65.479,49.703,56.741,59.418,31.445,52.061,1750.0,1750.0,2100.0,2100.0,1750.0,1750.0,1750.0,1750.0,2100.0,0.684,0.684,0.926,0.926,0.805,0.8,0.736,0.737,15.24,5519.0,14678.0,20.669,65.0,48.38
2026-07-08 04:39:01,56.0,65.000              ,838.609,200.0,1200.0,0.0,56.0,56.000              ,56.0,56.0,56.0,56.0,56.0,56.0,56.0,53.462,34.703,73.902,57.058,60.693,44.282,61.714,39.719,53.192,1650.0,1650.0,1980.0,1980.0,1650.0,1650.0,1666.667,1666.667,1980.0,0.668,0.672,0.912,0.913,0.798,0.794,0.744,0.743,14.785,5537.0,14703.0,18.041,66.0,55.43
2026-07-08 04:39:03,56.0,64.000              ,838.613,200.0,1200.0,0.0,56.0,56.000              ,56.0,56.0,56.0,56.0,56.0,56.0,56.0,58.843,32.837,69.692,59.349,52.575,44.4,59.741,31.021,51.057,1683.333,1666.667,1666.667,1683.333,2020.0,2020.0,1666.667,1666.667,2020.0,0.717,0.716,0.927,0.924,0.738,0.733,0.827,0.824,15.09,5487.0,14765.0,17.791,68.0,56.21
2026-07-08 04:39:03,56.0,63.000              ,838.613,200.0,1200.0,0.0,56.0,56.000              ,56.0,56.0,56.0,56.0,56.0,56.0,56.0,58.217,37.613,73.739,79.743,60.513,51.836,91.27,50.703,62.954,1550.0,1550.0,1860.0,1860.0,1860.0,1860.0,1583.333,1583.333,1860.0,0.643,0.641,0.901,0.901,0.741,0.751,0.856,0.87,15.26,5498.0,14779.0,17.302,68.0,57.8
2026-07-08 04:39:04,56.0,65.000              ,838.609,200.0,1200.0,0.0,56.0,56.000              ,56.0,56.0,56.0,56.0,56.0,56.0,56.0,73.772,64.256,83.259,76.878,72.772,65.427,73.77,68.098,72.279,1600.0,1600.0,1920.0,1920.0,1600.0,1600.0,1920.0,1920.0,1920.0,0.721,0.72,0.894,0.894,0.747,0.747,0.789,0.789,15.162,5427.0,14800.0,18.016,69.0,55.51
2026-07-08 04:39:05,56.0,65.000              ,838.613,200.0,1200.0,0.0,56.0,56.000              ,56.0,56.0,56.0,56.0,56.0,56.0,56.0,55.35,39.077,66.513,68.313,67.532,45.163,57.682,38.913,54.818,1466.667,1466.667,1760.0,1760.0,1466.667,1466.667,1466.667,1466.667,1760.0,0.65,0.65,0.863,0.863,0.751,0.75,0.678,0.683,14.748,5431.0,14844.0,18.222,70.0,54.88
2026-07-08 04:39:06,56.0,64.000              ,838.613,200.0,1200.0,0.0,56.0,56.000              ,56.0,56.0,56.0,56.0,56.0,56.0,56.0,53.056,33.329,64.171,55.837,54.474,43.079,53.536,41.774,49.907,1783.333,1783.333,1783.333,1783.333,1783.333,1783.333,2140.0,2140.0,2140.0,0.69,0.692,0.874,0.864,0.773,0.773,0.787,0.782,14.907,5488.0,14864.0,18.145,71.0,55.11
2026-07-08 04:39:07,56.0,64.000              ,838.609,200.0,1200.0,0.0,56.0,56.000              ,56.0,56.0,56.0,56.0,56.0,56.0,56.0,46.979,34.067,62.771,61.654,50.825,52.309,56.478,60.93,53.252,1750.0,1750.0,1750.0,1750.0,2100.0,2100.0,1750.0,1750.0,2100.0,0.637,0.635,0.839,0.848,0.818,0.82,0.876,0.876,15.129,5509.0,14889.0,17.807,72.0,56.16
2026-07-08 04:39:08,56.0,63.000              ,838.613,200.0,1200.0,0.0,56.0,56.000              ,56.0,56.0,56.0,56.0,56.0,56.0,56.0,46.647,36.955,67.414,48.912,58.732,47.704,55.898,41.479,50.468,1800.0,1800.0,2160.0,2160.0,1800.0,1800.0,1800.0,1800.0,2160.0,0.697,0.697,0.892,0.894,0.826,0.824,0.772,0.772,15.124,5531.0,14912.0,18.997,73.0,52.64
2026-07-08 04:39:09,56.0,63.000              ,838.613,200.0,1200.0,0.0,56.0,56.000              ,56.0,56.0,56.0,56.0,56.0,56.0,56.0,43.954,23.068,66.913,64.841,60.281,28.441,54.439,46.408,48.543,1766.667,1766.667,2140.0,2140.0,1783.333,1783.333,1783.333,1783.333,2140.0,0.606,0.606,0.962,0.96,0.724,0.724,0.802,0.802,14.99,5559.0,14951.0,17.781,74.0,56.24
2026-07-08 04:39:10,56.0,64.000              ,838.359,200.0,1200.0,0.0,56.0,56.000              ,56.0,56.0,56.0,56.0,56.0,56.0,56.0,47.18,33.635,61.277,61.268,58.842,47.349,54.944,61.037,53.191,1750.0,1750.0,1750.0,1750.0,1750.0,1750.0,2100.0,2100.0,2100.0,0.635,0.635,0.869,0.869,0.768,0.768,0.878,0.866,14.949,5585.0,14988.0,18.717,75.0,53.43
2026-07-08 04:39:11,56.0,66.000              ,838.363,200.0,1200.0,0.0,56.0,56.000              ,56.0,56.0,56.0,56.0,56.0,56.0,56.0,77.701,66.055,85.049,80.66,92.2,64.839,83.348,79.557,78.676,1633.333,1633.333,1960.0,1940.0,1940.0,1940.0,1616.667,1616.667,1960.0,0.727,0.73,0.873,0.873,0.871,0.871,0.871,0.868,15.365,5367.0,15029.0,17.591,76.0,56.85
2026-07-08 04:39:12,56.0,67.000              ,838.363,200.0,1200.0,0.0,56.0,56.000              ,56.0,56.0,56.0,56.0,56.0,56.0,56.0,78.814,70.468,85.004,80.98,76.343,76.023,76.865,81.312,78.226,1566.667,1566.667,1566.667,1566.667,1566.667,1566.667,1566.667,1566.667,1566.667,0.706,0.705,0.797,0.802,0.745,0.748,0.79,0.803,15.119,5276.0,15041.0,18.001,77.0,55.55
2026-07-08 04:39:13,56.0,66.000              ,838.359,200.0,1200.0,0.0,56.0,56.000              ,56.0,56.0,56.0,56.0,56.0,56.0,56.0,71.105,62.271,77.195,78.655,70.694,64.076,69.041,68.867,70.238,1466.667,1466.667,1466.667,1466.667,1466.667,1466.667,1760.0,1760.0,1760.0,0.722,0.722,0.856,0.851,0.743,0.74,0.756,0.756,14.894,5313.0,15064.0,17.861,78.0,55.99
2026-07-08 04:39:14,56.0,66.000              ,838.363,200.0,1200.0,0.0,56.0,56.000              ,56.0,56.0,56.0,56.0,56.0,56.0,56.0,68.027,60.79,75.101,79.507,66.653,59.587,67.936,74.202,68.975,1566.667,1566.667,1880.0,1880.0,1566.667,1566.667,1880.0,1880.0,1880.0,0.701,0.717,0.889,0.879,0.727,0.729,0.828,0.828,14.937,5349.0,15075.0,18.521,79.0,53.99
2026-07-08 04:39:15,56.0,66.000              ,838.363,200.0,1200.0,0.0,56.0,56.000              ,56.0,56.0,56.0,56.0,56.0,56.0,56.0,71.484,64.207,78.963,76.981,70.583,72.115,72.321,73.315,72.496,1516.667,1516.667,1820.0,1820.0,1516.667,1516.667,1820.0,1820.0,1820.0,0.718,0.701,0.847,0.859,0.796,0.794,0.791,0.791,15.009,5346.0,15090.0,19.053,80.0,52.49
2026-07-08 04:39:16,56.0,63.000              ,838.359,200.0,1200.0,0.0,56.0,56.000              ,56.0,56.0,56.0,56.0,56.0,56.0,56.0,75.947,63.247,79.204,75.951,75.897,61.448,75.798,73.181,72.584,1466.667,1466.667,1760.0,1760.0,1466.667,1466.667,1257.143,1500.0,1760.0,0.703,0.703,0.801,0.789,0.74,0.74,0.827,0.831,15.098,5355.0,15129.0,18.612,81.0,53.73
2026-07-08 04:39:17,56.0,65.000              ,838.363,200.0,1200.0,0.0,56.0,56.000              ,56.0,56.0,56.0,56.0,56.0,56.0,56.0,58.606,40.534,71.731,63.724,62.501,39.382,61.08,49.419,55.872,1550.0,1550.0,1900.0,1900.0,1583.333,1583.333,1583.333,1583.333,1900.0,0.674,0.674,0.85,0.862,0.675,0.675,0.765,0.76,14.849,5264.0,15147.0,17.922,82.0,55.8
2026-07-08 04:39:18,56.0,66.000              ,838.363,200.0,1200.0,0.0,56.0,56.000              ,56.0,56.0,56.0,56.0,56.0,56.0,56.0,49.715,32.712,71.47,66.349,47.889,49.394,66.924,33.252,52.213,1683.333,1683.333,2020.0,2020.0,1683.333,1683.333,2020.0,2020.0,2020.0,0.659,0.659,0.974,0.979,0.715,0.715,0.82,0.821,15.09,5217.0,15167.0,17.875,83.0,55.94
2026-07-08 04:39:19,56.0,64.000              ,838.359,200.0,1200.0,0.0,56.0,56.000              ,56.0,56.0,56.0,56.0,56.0,56.0,56.0,46.455,49.478,71.567,69.39,56.597,43.082,76.487,62.385,59.43,1700.0,1683.333,2000.0,2000.0,1666.667,1666.667,1980.0,1980.0,2000.0,0.661,0.661,0.862,0.858,0.674,0.674,0.82,0.82,15.034,4901.0,15175.0,18.067,84.0,55.35
2026-07-08 04:39:20,56.0,63.000              ,838.363,200.0,1200.0,0.0,56.0,56.000              ,56.0,56.0,56.0,56.0,56.0,56.0,56.0,51.867,24.325,67.75,63.672,53.544,45.704,40.336,42.883,48.76,1750.0,1750.0,2100.0,2100.0,1750.0,1766.667,1766.667,1766.667,2100.0,0.646,0.646,0.936,0.935,0.771,0.778,0.709,0.707,14.974,4909.0,15187.0,17.74,85.0,56.37
2026-07-08 04:39:21,56.0,64.000              ,838.363,200.0,1200.0,0.0,56.0,56.000              ,56.0,56.0,56.0,56.0,56.0,56.0,56.0,39.831,32.81,61.461,59.828,64.653,30.021,56.764,46.101,48.934,1783.333,1783.333,2140.0,2140.0,1783.333,1783.333,1783.333,1783.333,2140.0,0.62,0.622,0.91,0.91,0.77,0.763,0.85,0.852,14.801,4941.0,15204.0,17.366,86.0,57.58
2026-07-08 04:39:22,56.0,66.000              ,838.359,200.0,1200.0,0.0,56.0,56.000              ,56.0,56.0,56.0,56.0,56.0,56.0,56.0,33.797,30.788,60.738,66.3,59.835,40.347,65.476,42.699,49.998,1733.333,1733.333,2080.0,2080.0,2080.0,2080.0,1733.333,1733.333,2080.0,0.573,0.571,0.902,0.905,0.761,0.761,0.857,0.857,15.041,4957.0,15214.0,17.972,87.0,55.64
2026-07-08 04:39:23,56.0,65.000              ,838.363,200.0,1200.0,0.0,56.0,56.000              ,56.0,56.0,56.0,56.0,56.0,56.0,56.0,42.481,33.048,60.049,65.219,57.253,45.363,61.338,46.886,51.455,1783.333,1783.333,2140.0,2140.0,2140.0,2140.0,2140.0,2140.0,2140.0,0.63,0.63,0.943,0.944,0.798,0.787,0.829,0.827,15.147,4971.0,15233.0,18.469,88.0,54.14
2026-07-08 04:39:24,56.0,64.000              ,838.363,200.0,1200.0,0.0,56.0,56.000              ,56.0,56.0,56.0,56.0,56.0,56.0,56.0,51.103,34.57,60.388,62.246,55.427,52.113,59.199,35.813,51.357,1650.0,1650.0,1980.0,1980.0,1980.0,1980.0,1980.0,1980.0,1980.0,0.658,0.658,0.866,0.863,0.797,0.811,0.755,0.755,15.179,4986.0,15253.0,17.98,89.0,55.62
2026-07-08 04:39:25,56.0,63.000              ,838.359,200.0,1200.0,0.0,56.0,56.000              ,56.0,56.0,56.0,56.0,56.0,56.0,56.0,52.358,26.223,62.785,58.09,59.103,35.535,42.863,68.379,50.667,1766.667,1766.667,2120.0,2120.0,1766.667,1766.667,1766.667,1766.667,2120.0,0.643,0.644,0.833,0.833,0.728,0.725,0.895,0.895,15.015,5025.0,15264.0,17.729,90.0,56.4
2026-07-08 04:39:26,56.0,64.000              ,838.363,200.0,1200.0,0.0,56.0,56.000              ,56.0,56.0,56.0,56.0,56.0,56.0,56.0,50.329,32.58,56.039,67.441,58.653,37.302,62.07,42.797,50.901,1716.667,1716.667,2060.0,2060.0,1716.667,1716.667,1716.667,1716.667,2060.0,0.67,0.669,0.886,0.886,0.732,0.732,0.821,0.821,15.052,5029.0,15271.0,17.816,91.0,56.13
2026-07-08 04:39:27,56.0,65.000              ,838.363,200.0,1200.0,0.0,56.0,56.000              ,56.0,56.0,56.0,56.0,56.0,56.0,56.0,58.068,32.737,62.294,68.366,65.103,37.948,65.385,36.889,53.349,1750.0,1750.0,1750.0,1750.0,2100.0,2100.0,2100.0,2100.0,2100.0,0.687,0.687,0.902,0.902,0.784,0.784,0.798,0.798,14.867,5045.0,15283.0,17.737,92.0,56.38
2026-07-08 04:39:28,56.0,64.000              ,838.359,200.0,1200.0,0.0,56.0,56.000              ,56.0,56.0,56.0,56.0,56.0,56.0,56.0,49.928,33.587,61.812,60.788,66.727,45.517,63.498,39.511,52.671,1920.0,1920.0,1600.0,1900.0,1900.0,1900.0,1583.333,1583.333,1920.0,0.64,0.64,0.839,0.839,0.808,0.796,0.764,0.764,14.991,5056.0,15285.0,17.66,93.0,56.63
2026-07-08 04:39:29,56.0,64.000              ,838.363,200.0,1200.0,0.0,56.0,56.000              ,56.0,56.0,56.0,56.0,56.0,56.0,56.0,70.007,58.88,81.841,76.179,74.707,68.47,79.734,64.365,71.773,1733.333,1733.333,2080.0,2060.0,1716.667,1716.667,1683.333,1650.0,2080.0,0.708,0.708,0.884,0.886,0.806,0.843,0.828,0.828,15.266,5164.0,15297.0,18.309,94.0,54.62
2026-07-08 04:39:30,56.0,65.000              ,838.113,200.0,1200.0,0.0,56.0,56.000              ,56.0,56.0,56.0,56.0,56.0,56.0,56.0,60.731,43.421,67.503,61.435,54.065,47.271,61.275,39.843,54.443,1683.333,1683.333,2020.0,2020.0,1683.333,1683.333,1683.333,1683.333,2020.0,0.77,0.77,0.965,0.968,0.787,0.756,0.784,0.784,15.02,5224.0,15362.0,17.821,95.0,56.11
2026-07-08 04:39:31,56.0,64.000              ,838.109,200.0,1200.0,0.0,56.0,56.000              ,56.0,56.0,56.0,56.0,56.0,56.0,56.0,48.619,38.48,73.951,65.077,57.052,43.98,73.696,39.336,55.024,1616.667,1616.667,1940.0,1920.0,1600.0,1600.0,1600.0,1600.0,1940.0,0.644,0.645,0.909,0.905,0.739,0.738,0.854,0.855,15.049,5304.0,15463.0,18.171,96.0,55.03
2026-07-08 04:39:32,56.0,65.000              ,838.113,200.0,1200.0,0.0,56.0,56.000              ,56.0,56.0,56.0,56.0,56.0,56.0,56.0,42.034,31.485,71.841,59.675,69.433,41.21,76.434,34.269,53.298,1650.0,1650.0,1980.0,1980.0,1650.0,1666.667,1666.667,1666.667,1980.0,0.606,0.605,0.916,0.918,0.786,0.772,0.805,0.81,14.925,5338.0,15510.0,18.008,97.0,55.53
2026-07-08 04:39:33,56.0,65.000              ,838.113,200.0,1200.0,0.0,56.0,56.000              ,56.0,56.0,56.0,56.0,56.0,56.0,56.0,53.283,54.272,70.507,63.743,68.52,54.241,59.859,59.452,60.484,1683.333,1683.333,1683.333,1683.333,1980.0,1940.0,1940.0,1920.0,1980.0,0.714,0.714,0.879,0.877,0.852,0.867,0.81,0.803,15.078,5196.0,15532.0,18.018,98.0,55.5
2026-07-08 04:39:34,56.0,63.000              ,838.109,200.0,1200.0,0.0,56.0,56.000              ,56.0,56.0,56.0,56.0,56.0,56.0,56.0,60.513,39.296,72.289,63.613,57.695,52.494,62.069,66.632,59.325,1683.333,1683.333,2020.0,2020.0,1683.333,1700.0,1700.0,1700.0,2020.0,0.736,0.751,0.972,0.972,0.845,0.844,1.016,1.006,15.134,5249.0,15550.0,18.434,99.0,54.25
2026-07-08 04:39:35,56.0,65.000              ,838.113,200.0,1200.0,0.0,56.0,56.000              ,56.0,56.0,56.0,56.0,56.0,56.0,56.0,63.401,49.616,70.597,74.988,62.992,52.52,56.376,73.515,63.001,1457.143,1457.143,1700.0,1700.0,1471.429,1471.429,1733.333,1733.333,1733.333,0.72,0.703,0.913,0.913,0.733,0.742,0.844,0.854,14.804,5296.0,15579.0,17.852,100.0,56.02
2026-07-08 04:39:36,56.0,64.000              ,838.113,200.0,1200.0,0.0,56.0,56.000              ,56.0,56.0,56.0,56.0,56.0,56.0,56.0,43.836,34.666,64.753,52.424,56.287,46.698,55.651,51.581,50.737,1716.667,1716.667,1716.667,1716.667,1716.667,1716.667,2060.0,2080.0,2080.0,0.668,0.668,0.874,0.874,0.852,0.851,1.003,1.007,15.028,5337.0,15622.0,17.626,101.0,56.73
2026-07-08 04:39:37,56.0,62.000              ,838.109,200.0,1200.0,0.0,56.0,56.000              ,56.0,56.0,56.0,56.0,56.0,56.0,56.0,36.563,29.567,59.071,58.965,54.43,42.735,64.945,63.781,51.257,1733.333,1733.333,1750.0,1750.0,1750.0,1750.0,2100.0,2100.0,2100.0,0.638,0.64,0.874,0.874,0.79,0.823,1.077,1.072,15.173,5385.0,15667.0,17.65,102.0,56.66
2026-07-08 04:39:38,56.0,63.000              ,838.113,200.0,1200.0,0.0,56.0,56.000              ,56.0,56.0,56.0,56.0,56.0,56.0,56.0,47.439,32.604,66.505,60.253,41.449,58.289,51.904,73.525,53.996,1683.333,1683.333,1700.0,1700.0,2040.0,2040.0,1700.0,1716.667,2040.0,0.665,0.663,0.922,0.922,0.838,0.795,1.025,1.024,15.028,5437.0,15711.0,17.485,103.0,57.19
2026-07-08 04:39:39,56.0,64.000              ,838.113,200.0,1200.0,0.0,56.0,56.000              ,56.0,56.0,56.0,56.0,56.0,56.0,56.0,45.071,39.91,58.926,63.783,55.661,39.959,67.383,54.612,53.163,1716.667,1716.667,2060.0,2060.0,2060.0,2040.0,1716.667,2060.0,2060.0,0.682,0.682,0.888,0.876,0.761,0.772,0.904,0.904,14.683,5472.0,15748.0,17.492,104.0,57.17
2026-07-08 04:39:40,56.0,64.000              ,837.859,200.0,1200.0,0.0,56.0,56.000              ,56.0,56.0,56.0,56.0,56.0,56.0,56.0,48.397,38.84,52.634,64.941,55.427,43.406,53.524,73.595,53.846,1783.333,1783.333,2140.0,2140.0,1783.333,1783.333,2140.0,2120.0,2140.0,0.681,0.681,0.851,0.863,0.81,0.818,1.074,1.076,15.215,5517.0,15799.0,17.755,105.0,56.32
2026-07-08 04:39:41,56.0,63.000              ,837.863,200.0,1200.0,0.0,56.0,56.000              ,56.0,56.0,56.0,56.0,56.0,56.0,56.0,54.062,33.431,62.345,61.951,66.136,61.77,53.06,73.291,58.256,1666.667,1666.667,1666.667,1650.0,1980.0,1980.0,1650.0,1650.0,1980.0,0.67,0.676,0.792,0.794,0.944,0.949,0.921,0.921,15.009,5536.0,15833.0,18.05,106.0,55.4
2026-07-08 04:39:42,56.0,61.000              ,837.863,200.0,1200.0,0.0,56.0,56.000              ,56.0,56.0,56.0,56.0,56.0,56.0,56.0,54.716,39.511,78.272,64.566,48.826,62.215,64.97,73.168,60.781,1616.667,1616.667,1616.667,1616.667,1940.0,1900.0,1900.0,1900.0,1940.0,0.671,0.664,0.952,0.95,0.816,0.807,0.99,0.988,14.977,5571.0,15867.0,17.788,107.0,56.22
2026-07-08 04:39:43,56.0,62.000              ,837.859,200.0,1200.0,0.0,56.0,56.000              ,56.0,56.0,56.0,56.0,56.0,56.0,56.0,47.281,33.23,57.148,56.486,52.758,51.718,50.032,65.735,51.799,1750.0,1750.0,2100.0,2100.0,1750.0,1750.0,1750.0,1750.0,2100.0,0.709,0.709,0.873,0.862,0.894,0.894,1.019,1.019,14.999,5600.0,15913.0,17.677,108.0,56.57
2026-07-08 04:39:45,56.0,64.000              ,837.863,200.0,1200.0,0.0,56.0,56.000              ,56.0,56.0,56.0,56.0,56.0,56.0,56.0,71.216,62.356,82.724,78.824,73.435,66.787,82.391,83.697,75.179,1650.0,1650.0,1980.0,1980.0,1650.0,1650.0,1980.0,1980.0,1980.0,0.733,0.724,0.875,0.888,0.829,0.829,0.927,0.928,15.212,5446.0,15991.0,18.05,110.0,55.4
2026-07-08 04:39:46,56.0,65.000              ,837.859,200.0,1200.0,0.0,56.0,56.000              ,56.0,56.0,56.0,56.0,56.0,56.0,56.0,77.917,74.035,81.657,81.513,76.672,73.235,80.87,81.583,78.435,1442.857,1442.857,1700.0,1700.0,1700.0,1700.0,1457.143,1457.143,1700.0,0.738,0.742,0.786,0.785,0.791,0.791,0.935,0.916,14.429,5465.0,16038.0,17.817,111.0,56.13
2026-07-08 04:39:47,56.0,64.000              ,837.863,200.0,1200.0,0.0,56.0,56.000              ,56.0,56.0,56.0,56.0,56.0,56.0,56.0,52.985,49.162,67.72,70.472,60.531,51.75,64.014,65.834,60.308,1766.667,1766.667,1766.667,1766.667,1766.667,1766.667,2120.0,2120.0,2120.0,0.722,0.723,0.888,0.888,0.807,0.809,1.012,1.028,15.116,5493.0,16103.0,22.264,112.0,44.92
2026-07-08 04:39:48,56.0,61.000              ,837.863,200.0,1200.0,0.0,56.0,56.000              ,56.0,56.0,56.0,56.0,56.0,56.0,56.0,53.303,37.201,63.427,67.367,49.417,61.427,57.112,57.212,55.808,1733.333,1733.333,2080.0,2080.0,1733.333,1733.333,1733.333,1733.333,2080.0,0.678,0.68,0.911,0.915,0.795,0.798,0.85,0.85,15.113,5525.0,16131.0,23.362,113.0,42.8
2026-07-08 04:39:49,56.0,59.000              ,837.859,200.0,1200.0,0.0,56.0,56.000              ,56.0,56.0,56.0,56.0,56.0,56.0,56.0,56.372,48.392,64.86,72.279,63.092,53.067,75.891,63.545,62.187,1840.0,1840.0,1840.0,1840.0,1840.0,1840.0,1840.0,1840.0,1840.0,0.657,0.654,0.821,0.817,0.784,0.767,0.967,0.967,14.818,5424.0,16165.0,17.819,114.0,56.12
2026-07-08 04:39:50,56.0,61.000              ,837.613,200.0,1200.0,0.0,56.0,56.000              ,56.0,56.0,56.0,56.0,56.0,56.0,56.0,41.319,22.16,57.089,42.118,42.195,28.117,49.245,28.873,38.889,1780.0,1780.0,2225.0,2225.0,1780.0,1780.0,1780.0,1780.0,2225.0,0.661,0.661,0.877,0.865,0.753,0.765,0.916,0.916,14.933,5470.0,16198.0,18.391,115.0,54.37
2026-07-08 04:39:51,56.0,62.000              ,837.613,200.0,1200.0,0.0,56.0,56.000              ,56.0,56.0,56.0,56.0,56.0,56.0,56.0,36.24,19.954,53.453,50.816,45.027,29.17,44.106,37.199,39.496,1900.0,1900.0,2375.0,2375.0,1900.0,1900.0,1900.0,1900.0,2375.0,0.6,0.601,0.913,0.93,0.752,0.752,0.814,0.814,15.013,5489.0,16199.0,18.026,116.0,55.48
2026-07-08 04:39:52,56.0,62.000              ,837.609,200.0,1200.0,0.0,56.0,56.000              ,56.0,56.0,56.0,56.0,56.0,56.0,56.0,30.948,11.75,47.895,23.947,49.27,7.684,44.894,8.613,28.125,1920.0,1920.0,1920.0,2400.0,2400.0,2400.0,1920.0,1920.0,2400.0,0.638,0.637,0.932,0.928,0.775,0.775,0.735,0.739,14.952,5486.0,16197.0,17.566,117.0,56.93
2026-07-08 04:39:53,56.0,62.000              ,838.621,200.0,1200.0,0.0,56.0,56.000              ,56.0,56.0,56.0,56.0,56.0,56.0,56.0,19.132,18.151,38.758,36.555,32.796,8.506,24.022,9.642,23.445,2200.0,2200.0,2750.0,2750.0,2200.0,2200.0,2200.0,2200.0,2750.0,0.77,0.77,1.246,1.257,0.817,0.817,0.696,0.691,14.696,5454.0,16130.0,78.624,118.0,12.72
2026-07-08 04:39:54,56.0,32.000              ,837.488,200.0,1200.0,0.0,56.75,56.750              ,56.75,56.75,56.75,56.75,56.75,56.75,56.75,14.878,6.644,12.732,69.491,37.569,8.483,28.15,11.337,23.66,2050.0,2050.0,3075.0,3075.0,2460.0,2460.0,2050.0,2050.0,3075.0,0.61,0.611,2.247,2.237,1.15,1.15,0.973,0.974,15.064,5435.0,16090.0,0.0,119.0,
2026-07-08 04:39:55,57.0,1.000               ,837.488,200.0,1200.0,0.0,57.5,57.500              ,57.5,57.5,57.5,57.5,57.5,57.5,57.5,7.083,4.259,5.865,87.228,25.842,4.134,18.303,4.155,19.609,2116.667,2116.667,3175.0,3175.0,2540.0,2540.0,2116.667,2116.667,3175.0,0.496,0.496,3.509,3.491,0.771,0.771,0.675,0.673,15.05,5461.0,16115.0,0.0,120.0,
2026-07-08 04:39:56,57.0,0.000               ,838.484,200.0,1200.0,0.0,57.75,57.750              ,57.75,57.75,57.75,57.75,57.75,57.75,57.75,14.698,5.196,7.899,94.299,19.525,6.507,20.047,5.438,21.701,1983.333,1983.333,2975.0,2975.0,1983.333,1983.333,2160.0,2160.0,2975.0,0.53,0.531,3.444,3.508,0.656,0.656,0.654,0.654,15.198,5427.0,16074.0,2425.529,121.0,0.41
2026-07-08 04:39:57,57.0,0.000               ,838.484,200.0,1200.0,0.0,57.875,57.875              ,57.875,57.875,57.875,57.875,57.875,57.875,57.875,6.726,1.936,21.171,76.86,18.609,2.461,17.067,3.621,18.556,1612.5,1612.5,3225.0,3225.0,1842.857,1842.857,1612.5,1612.5,3225.0,0.458,0.457,3.602,3.581,0.681,0.681,0.686,0.686,15.036,5443.0,16100.0,0.0,122.0,
2026-07-08 04:39:58,58.0,0.000               ,838.484,200.0,1200.0,0.0,58.0,58.000              ,58.0,58.0,58.0,58.0,58.0,58.0,58.0,9.892,7.498,12.566,64.057,51.857,6.397,15.747,6.427,21.805,1814.286,1814.286,3175.0,3175.0,2116.667,2116.667,1814.286,1814.286,3175.0,0.564,0.563,2.288,2.25,1.6,1.6,0.643,0.643,14.893,5509.0,16152.0,0.0,123.0,
2026-07-08 04:39:59,57.0,0.000               ,833.16,200.0,1200.0,0.0,57.125,57.125              ,57.125,57.125,57.125,57.125,57.125,57.125,57.125,16.658,6.043,11.393,73.711,30.687,6.86,26.98,6.198,22.316,2066.667,2066.667,3100.0,3100.0,2066.667,2066.667,2480.0,2480.0,3100.0,0.669,0.669,2.406,2.387,1.015,1.015,0.888,0.888,15.417,5513.0,16175.0,3386.533,124.0,0.3
2026-07-08 04:40:00,56.0,0.000               ,832.91,200.0,1200.0,0.0,56.875,56.875              ,56.875,56.875,56.875,56.875,56.875,56.875,56.875,44.588,31.175,38.563,69.079,61.189,25.274,39.818,26.991,42.085,2360.0,2360.0,2950.0,2950.0,2360.0,2360.0,2360.0,2360.0,2950.0,1.039,1.039,1.664,1.67,1.115,1.115,0.976,0.976,15.203,5414.0,16210.0,0.0,125.0,
2026-07-08 04:40:01,56.0,0.000               ,832.91,200.0,1200.0,0.0,56.375,56.375              ,56.375,56.375,56.375,56.375,56.375,56.375,56.375,46.081,30.276,42.47,57.952,49.109,26.701,52.154,24.349,41.137,2060.0,2060.0,2575.0,2575.0,2060.0,2060.0,2060.0,2060.0,2575.0,0.992,0.993,1.426,1.426,1.014,1.005,1.075,1.075,14.87,5306.0,16237.0,0.0,126.0,
2026-07-08 04:40:02,56.0,0.000               ,832.91,200.0,1200.0,0.0,56.375,56.375              ,56.375,56.375,56.375,56.375,56.375,56.375,56.375,20.455,42.221,25.232,67.661,41.395,15.646,29.471,15.589,32.209,2280.0,2280.0,2850.0,2850.0,2280.0,2280.0,1900.0,1900.0,2850.0,0.897,0.894,1.664,1.664,0.899,0.907,0.732,0.732,14.666,5099.0,16259.0,0.0,127.0,
2026-07-08 04:40:03,56.0,0.000               ,832.91,200.0,1200.0,0.0,56.5,56.500              ,56.5,56.5,56.5,56.5,56.5,56.5,56.5,13.377,7.855,11.215,55.976,42.536,7.37,18.971,4.812,20.264,2166.667,2166.667,2600.0,2600.0,3250.0,3250.0,2600.0,2600.0,3250.0,0.737,0.737,1.934,1.916,1.358,1.358,0.773,0.773,15.128,5160.0,16312.0,0.0,128.0,
2026-07-08 04:40:04,56.0,0.000               ,832.91,200.0,1200.0,0.0,56.875,56.875              ,56.875,56.875,56.875,56.875,56.875,56.875,56.875,13.185,6.402,21.85,39.061,41.415,6.311,33.152,5.054,20.804,2150.0,2150.0,3225.0,3300.0,2200.0,2200.0,2200.0,2200.0,3300.0,0.652,0.657,1.674,1.688,1.34,1.34,1.055,1.055,15.138,5208.0,16362.0,0.0,129.0,
2026-07-08 04:40:05,57.0,0.000               ,832.91,200.0,1200.0,0.0,57.25,57.250              ,57.25,57.25,57.25,57.25,57.25,57.25,57.25,21.481,5.37,20.24,45.757,36.851,15.191,25.166,7.675,22.216,2520.0,2520.0,3175.0,3175.0,3175.0,3175.0,2540.0,2540.0,3175.0,0.801,0.797,1.704,1.704,1.373,1.4,0.876,0.876,15.202,5251.0,16413.0,0.0,130.0,
2026-07-08 04:40:06,57.0,0.000               ,832.91,200.0,1200.0,0.0,57.25,57.250              ,57.25,57.25,57.25,57.25,57.25,57.25,57.25,17.846,2.709,18.204,61.382,39.504,7.013,20.718,7.257,21.829,2116.667,2116.667,3175.0,3175.0,2116.667,2116.667,2116.667,2116.667,3175.0,0.648,0.648,2.175,2.146,1.122,1.09,0.905,0.908,15.247,5350.0,16486.0,0.0,131.0,
2026-07-08 04:40:07,57.0,0.000               ,832.91,200.0,1200.0,0.0,57.125,57.125              ,57.125,57.125,57.125,57.125,57.125,57.125,57.125,18.932,6.923,10.651,76.407,36.503,8.291,31.733,7.153,24.574,2033.333,2033.333,3050.0,3050.0,2033.333,2033.333,2440.0,2440.0,3050.0,0.659,0.662,2.115,2.142,0.999,0.999,1.083,1.081,14.97,5373.0,16548.0,0.0,132.0,
2026-07-08 04:40:08,56.0,0.000               ,832.91,200.0,1200.0,0.0,56.625,56.625              ,56.625,56.625,56.625,56.625,56.625,56.625,56.625,39.614,27.534,30.605,69.021,58.142,26.16,62.078,19.906,41.633,2360.0,2360.0,2950.0,2950.0,2340.0,2340.0,2340.0,2340.0,2950.0,0.905,0.901,1.504,1.504,1.157,1.221,1.04,1.04,15.349,5272.0,16590.0,0.0,133.0,
2026-07-08 04:40:09,56.0,0.000               ,832.91,200.0,1200.0,0.0,56.625,56.625              ,56.625,56.625,56.625,56.625,56.625,56.625,56.625,24.445,25.939,20.933,76.154,47.358,28.815,37.278,18.385,34.913,2080.0,2080.0,2080.0,2080.0,2600.0,2600.0,2080.0,2080.0,2600.0,0.761,0.761,1.69,1.69,1.175,1.103,0.798,0.798,14.72,5274.0,16626.0,0.0,134.0,
2026-07-08 04:40:10,56.0,0.000               ,832.66,200.0,1200.0,0.0,56.75,56.750              ,56.75,56.75,56.75,56.75,56.75,56.75,56.75,15.911,20.366,11.754,71.693,34.635,6.527,18.837,7.303,23.378,2400.0,2380.0,2975.0,2975.0,1983.333,1983.333,1983.333,1983.333,2975.0,0.828,0.828,2.096,2.103,0.969,0.966,0.717,0.717,15.011,5248.0,16686.0,0.0,135.0,
2026-07-08 04:40:11,56.0,0.000               ,832.66,200.0,1200.0,0.0,56.75,56.750              ,56.75,56.75,56.75,56.75,56.75,56.75,56.75,11.725,9.484,12.708,74.754,36.388,7.693,25.663,7.817,23.279,2360.0,2360.0,2360.0,2360.0,3025.0,3025.0,2420.0,2420.0,3025.0,0.62,0.62,2.224,2.224,1.048,1.048,0.789,0.791,14.991,5292.0,16742.0,0.0,136.0,
2026-07-08 04:40:12,56.0,0.000               ,832.66,200.0,1200.0,0.0,56.375,56.375              ,56.375,56.375,56.375,56.375,56.375,56.375,56.375,35.486,34.579,36.582,70.84,62.514,21.391,44.288,21.988,40.959,2200.0,2200.0,2750.0,2750.0,2200.0,2200.0,2200.0,2200.0,2750.0,0.942,0.942,1.656,1.638,1.093,1.093,0.939,0.938,14.91,5215.0,16796.0,0.0,137.0,
2026-07-08 04:40:13,56.0,0.000               ,832.66,200.0,1200.0,0.0,56.875,56.875              ,56.875,56.875,56.875,56.875,56.875,56.875,56.875,11.91,3.941,11.561,74.724,32.753,5.754,23.15,10.198,21.749,2083.333,2083.333,3125.0,3125.0,2500.0,2500.0,2083.333,2083.333,3125.0,0.519,0.519,2.248,2.276,0.878,0.878,0.833,0.833,15.055,5264.0,16848.0,0.0,138.0,
2026-07-08 04:40:14,57.0,0.000               ,832.66,200.0,1200.0,0.0,57.25,57.250              ,57.25,57.25,57.25,57.25,57.25,57.25,57.25,15.935,7.159,15.049,36.326,56.843,6.619,21.697,4.394,20.503,3000.0,3000.0,2400.0,3425.0,2283.333,2283.333,2283.333,2283.333,3425.0,0.732,0.732,1.394,1.394,1.802,1.802,0.754,0.756,15.123,5342.0,16908.0,0.0,139.0,
2026-07-08 04:40:15,57.0,0.000               ,832.66,200.0,1200.0,0.0,57.25,57.250              ,57.25,57.25,57.25,57.25,57.25,57.25,57.25,25.041,11.554,20.982,32.775,52.126,8.81,38.08,7.599,24.621,2050.0,2050.0,2460.0,2460.0,3075.0,3075.0,3175.0,3175.0,3175.0,0.863,0.863,1.253,1.269,1.376,1.516,0.988,0.987,15.111,5407.0,16974.0,0.0,140.0,
2026-07-08 04:40:16,56.0,0.000               ,832.66,200.0,1200.0,0.0,56.5,56.500              ,56.5,56.5,56.5,56.5,56.5,56.5,56.5,35.186,26.944,22.44,74.91,40.025,47.468,40.126,16.213,37.914,1933.333,1933.333,2900.0,2900.0,2320.0,2320.0,2320.0,2320.0,2900.0,0.858,0.858,1.516,1.513,1.359,1.141,0.913,0.913,14.982,5332.0,16993.0,16915.316,141.0,0.06
2026-07-08 04:40:17,56.0,0.000               ,832.66,200.0,1200.0,0.0,56.625,56.625              ,56.625,56.625,56.625,56.625,56.625,56.625,56.625,18.943,4.018,10.264,72.272,35.312,7.872,29.479,13.94,24.013,1966.667,1966.667,2950.0,2950.0,2360.0,2360.0,2360.0,2360.0,2950.0,0.626,0.626,1.994,1.989,0.912,0.907,0.887,1.111,15.123,5372.0,17045.0,0.0,142.0,
2026-07-08 04:40:18,56.0,0.000               ,832.66,200.0,1200.0,0.0,56.375,56.375              ,56.375,56.375,56.375,56.375,56.375,56.375,56.375,38.689,20.324,37.474,42.755,60.74,14.546,42.299,37.736,36.821,2280.0,2280.0,2280.0,2280.0,2280.0,2280.0,2850.0,2825.0,2850.0,0.93,0.93,1.339,1.341,1.252,1.252,1.345,1.181,15.236,5325.0,17073.0,0.0,143.0,
2026-07-08 04:40:19,56.0,0.000               ,832.66,200.0,1200.0,0.0,56.375,56.375              ,56.375,56.375,56.375,56.375,56.375,56.375,56.375,32.866,29.756,36.556,53.991,62.229,18.891,42.113,26.643,37.881,2180.0,2180.0,2725.0,2725.0,2180.0,2180.0,2180.0,2180.0,2725.0,0.93,0.93,1.421,1.441,1.277,1.277,1.052,1.013,15.061,5281.0,17114.0,0.0,144.0,
2026-07-08 04:40:20,56.0,0.000               ,832.402,200.0,1200.0,0.0,56.75,56.750              ,56.75,56.75,56.75,56.75,56.75,56.75,56.75,8.241,9.433,10.239,82.278,31.182,4.401,24.999,6.311,22.135,2016.667,2016.667,3025.0,3050.0,2033.333,2033.333,2033.333,2033.333,3050.0,0.556,0.556,2.349,2.335,0.789,0.793,0.726,0.726,14.675,5321.0,17158.0,0.0,145.0,
2026-07-08 04:40:21,56.0,0.000               ,832.402,200.0,1200.0,0.0,56.875,56.875              ,56.875,56.875,56.875,56.875,56.875,56.875,56.875,13.928,12.579,9.368,63.069,33.188,9.167,20.945,7.505,21.219,2116.667,2116.667,3175.0,3175.0,2540.0,2540.0,2540.0,2540.0,3175.0,0.767,0.767,1.992,2.004,1.065,1.186,0.751,0.751,15.1,5368.0,17215.0,0.0,146.0,
2026-07-08 04:40:22,57.0,0.000               ,832.402,200.0,1200.0,0.0,57.0,57.000              ,57.0,57.0,57.0,57.0,57.0,57.0,57.0,9.956,6.097,7.527,83.454,24.904,17.818,20.367,5.333,21.932,1800.0,1800.0,3150.0,3150.0,2520.0,2520.0,2100.0,2100.0,3150.0,0.583,0.583,2.4,2.385,1.186,1.077,0.703,0.703,15.109,5447.0,17263.0,0.0,147.0,
2026-07-08 04:40:23,56.0,0.000               ,832.402,200.0,1200.0,0.0,56.75,56.750              ,56.75,56.75,56.75,56.75,56.75,56.75,56.75,28.687,6.622,12.404,71.504,46.947,8.01,26.125,7.82,26.015,2300.0,2300.0,2875.0,2875.0,2875.0,2875.0,1916.667,1916.667,2875.0,0.85,0.85,1.877,1.877,0.941,1.2,0.779,0.779,15.221,5494.0,17312.0,7900.025,148.0,0.13
2026-07-08 04:40:24,56.0,0.000               ,832.402,200.0,1200.0,0.0,56.625,56.625              ,56.625,56.625,56.625,56.625,56.625,56.625,56.625,25.564,9.562,14.787,76.266,24.942,37.081,29.792,7.116,28.139,1966.667,1966.667,2950.0,2950.0,2360.0,2360.0,2360.0,2360.0,2950.0,0.658,0.658,1.914,1.914,1.285,0.917,1.26,1.26,14.849,5558.0,17405.0,0.0,149.0,
2026-07-08 04:40:25,56.0,0.000               ,832.402,200.0,1200.0,0.0,56.5,56.500              ,56.5,56.5,56.5,56.5,56.5,56.5,56.5,42.654,35.041,42.29,75.683,55.621,37.235,90.207,31.059,51.224,2100.0,2100.0,2625.0,2550.0,2040.0,2040.0,2040.0,2040.0,2625.0,0.82,0.823,1.468,1.468,1.048,1.048,1.433,1.436,15.026,5448.0,17457.0,0.0,150.0,
2026-07-08 04:40:26,56.0,0.000               ,832.402,200.0,1200.0,0.0,56.5,56.500              ,56.5,56.5,56.5,56.5,56.5,56.5,56.5,13.138,4.453,9.607,82.679,25.852,5.189,44.208,5.574,23.838,1742.857,1742.857,3050.0,3050.0,2033.333,2033.333,2033.333,2033.333,3050.0,0.491,0.481,2.118,2.141,0.655,0.655,1.076,1.077,14.985,5493.0,17491.0,0.0,151.0,
2026-07-08 04:40:27,57.0,0.000               ,832.402,200.0,1200.0,0.0,57.5,57.500              ,57.5,57.5,57.5,57.5,57.5,57.5,57.5,10.177,28.238,21.997,15.714,30.931,8.039,72.734,4.097,23.991,3125.0,3175.0,1814.286,1814.286,1814.286,1814.286,1814.286,1814.286,3175.0,0.918,0.933,0.865,0.821,0.783,0.83,1.973,1.969,14.947,5487.0,17491.0,0.0,152.0,
2026-07-08 04:40:28,58.0,0.000               ,832.402,200.0,1200.0,0.0,58.625,58.625              ,58.625,58.625,58.625,58.625,58.625,58.625,58.625,14.76,4.85,16.24,55.723,27.731,6.825,43.989,4.08,21.775,1757.143,1757.143,2050.0,2050.0,3075.0,3075.0,2460.0,2460.0,3075.0,0.586,0.586,1.843,1.842,0.846,0.8,1.224,1.272,14.864,5495.0,17491.0,0.0,153.0,
2026-07-08 04:40:29,58.0,0.000               ,832.402,200.0,1200.0,0.0,58.5,58.500              ,58.5,58.5,58.5,58.5,58.5,58.5,58.5,13.008,10.816,13.799,55.94,39.422,12.157,42.051,10.709,24.738,2116.667,2116.667,2116.667,2116.667,3175.0,3175.0,2540.0,2540.0,3175.0,0.596,0.602,1.667,1.682,1.204,1.216,1.188,1.138,15.263,5522.0,17495.0,0.0,154.0,
2026-07-08 04:40:30,59.0,0.000               ,832.152,200.0,1200.0,0.0,59.25,59.250              ,59.25,59.25,59.25,59.25,59.25,59.25,59.25,22.22,6.044,24.151,8.293,22.283,10.697,77.445,3.757,21.861,2033.333,2033.333,2440.0,2440.0,3050.0,3050.0,2033.333,2033.333,3050.0,0.737,0.734,0.725,0.679,0.748,0.735,2.374,2.374,15.078,5523.0,17491.0,0.0,155.0,
2026-07-08 04:40:32,59.0,0.000               ,891.883,200.0,1200.0,0.0,59.25,59.250              ,59.25,59.25,59.25,59.25,59.25,59.25,59.25,24.287,3.593,11.192,62.997,37.878,10.478,24.429,5.365,22.527,3125.0,3125.0,2083.333,2083.333,2083.333,2083.333,2083.333,2083.333,3125.0,0.722,0.722,2.01,2.01,1.067,1.124,0.93,0.93,15.077,5523.0,17590.0,0.0,157.0,
2026-07-08 04:40:32,58.0,4.000               ,891.883,200.0,1200.0,0.0,58.125,58.125              ,58.125,58.125,58.125,58.125,58.125,58.125,58.125,40.27,31.781,35.892,83.028,48.38,46.244,79.392,40.589,50.697,1960.0,1960.0,2450.0,2450.0,1960.0,1960.0,2450.0,2450.0,2450.0,0.746,0.746,1.625,1.625,0.991,0.904,1.428,1.423,15.577,5407.0,17596.0,0.0,157.0,
2026-07-08 04:40:33,58.0,4.000               ,891.883,200.0,1200.0,0.0,58.125,58.125              ,58.125,58.125,58.125,58.125,58.125,58.125,58.125,17.939,13.861,98.396,10.661,31.79,11.909,29.253,13.475,28.411,2000.0,2000.0,2500.0,2500.0,2000.0,2000.0,2000.0,2000.0,2500.0,0.54,0.54,2.25,2.25,0.709,0.709,0.722,0.713,14.384,5381.0,17592.0,0.0,158.0,
2026-07-08 04:40:34,59.0,0.000               ,891.883,200.0,1200.0,0.0,59.25,59.250              ,59.25,59.25,59.25,59.25,59.25,59.25,59.25,8.954,3.502,19.452,26.678,25.893,5.872,71.08,3.681,20.639,1842.857,1842.857,2580.0,2580.0,3225.0,3225.0,2150.0,2150.0,3225.0,0.44,0.44,1.197,1.197,0.824,0.824,2.117,2.117,15.113,5390.0,17591.0,0.0,159.0,
2026-07-08 04:40:35,59.0,0.000               ,891.883,200.0,1200.0,0.0,59.5,59.500              ,59.5,59.5,59.5,59.5,59.5,59.5,59.5,21.473,4.607,7.734,76.877,20.032,14.713,21.157,4.713,21.413,2100.0,2100.0,2100.0,2100.0,3150.0,3150.0,2520.0,2520.0,3150.0,0.768,0.768,2.309,2.349,0.873,0.876,0.693,0.693,15.202,5398.0,17590.0,0.0,160.0,
2026-07-08 04:40:36,59.0,0.000               ,891.883,200.0,1200.0,0.0,59.875,59.875              ,59.875,59.875,59.875,59.875,59.875,59.875,59.875,8.562,3.936,6.988,82.691,30.594,3.83,27.275,4.568,21.055,1828.571,1828.571,2133.333,2133.333,3200.0,3200.0,2133.333,2133.333,3200.0,0.429,0.429,2.639,2.598,0.875,0.874,0.753,0.753,15.003,5404.0,17603.0,0.0,161.0,
2026-07-08 04:40:37,59.0,0.000               ,895.398,200.0,1200.0,0.0,59.625,59.625              ,59.625,59.625,59.625,59.625,59.625,59.625,59.625,16.515,2.699,7.281,81.44,21.293,12.849,22.144,5.11,21.166,2050.0,2050.0,2460.0,2460.0,3075.0,3075.0,2460.0,2460.0,3075.0,0.552,0.552,2.474,2.459,0.847,0.845,0.688,0.688,14.863,5405.0,17604.0,0.0,162.0,
2026-07-08 04:40:38,59.0,0.000               ,895.398,200.0,1200.0,0.0,59.875,59.875              ,59.875,59.875,59.875,59.875,59.875,59.875,59.875,12.184,4.194,19.664,23.384,47.139,15.321,45.835,9.255,22.122,1828.571,1828.571,3200.0,3200.0,2133.333,2133.333,2133.333,2133.333,3200.0,0.566,0.566,1.049,1.046,1.712,1.716,1.433,1.433,15.588,5444.0,17604.0,0.0,163.0,
2026-07-08 04:40:39,60.0,0.000               ,895.398,200.0,1200.0,0.0,60.0,60.000              ,60.0,60.0,60.0,60.0,60.0,60.0,60.0,17.354,7.336,25.58,9.642,93.369,6.875,35.87,8.435,25.558,2220.0,2220.0,2220.0,2220.0,2220.0,2220.0,2775.0,2775.0,2775.0,0.56,0.56,0.649,0.641,2.464,2.459,0.925,0.925,14.816,5464.0,17601.0,0.0,164.0,
2026-07-08 04:40:40,59.0,0.000               ,895.148,200.0,1200.0,0.0,59.875,59.875              ,59.875,59.875,59.875,59.875,59.875,59.875,59.875,7.248,2.068,14.504,60.009,58.539,3.309,30.608,4.722,22.626,1742.857,1742.857,2440.0,2440.0,3050.0,3050.0,2440.0,2440.0,3050.0,0.374,0.374,1.762,1.772,1.599,1.599,0.758,0.761,15.049,5465.0,17602.0,0.0,165.0,
2026-07-08 04:40:41,59.0,0.000               ,905.27,200.0,1200.0,0.0,59.0,59.000              ,59.0,59.0,59.0,59.0,59.0,59.0,59.0,13.977,18.838,14.048,65.521,39.795,4.617,35.609,5.459,24.733,1983.333,1983.333,1983.333,1983.333,2975.0,2975.0,1983.333,1983.333,2975.0,0.781,0.813,1.952,1.951,0.824,0.824,0.826,0.825,15.106,5472.0,17613.0,17515.229,166.0,0.06
2026-07-08 04:40:42,58.0,3.000               ,905.27,200.0,1200.0,0.0,58.75,58.750              ,58.75,58.75,58.75,58.75,58.75,58.75,58.75,10.63,55.432,61.8,4.939,20.1,4.185,25.37,6.514,23.621,2975.0,2975.0,1983.333,1983.333,1983.333,1983.333,1983.333,1983.333,2975.0,1.67,1.651,1.864,1.861,0.557,0.557,0.647,0.755,14.899,5480.0,17609.0,0.0,167.0,
2026-07-08 04:40:43,59.0,3.000               ,905.27,200.0,1200.0,0.0,59.125,59.125              ,59.125,59.125,59.125,59.125,59.125,59.125,59.125,4.475,94.716,22.424,2.918,18.176,1.926,9.389,15.418,21.18,3075.0,3075.0,2050.0,2050.0,1757.143,1757.143,2050.0,2050.0,3075.0,3.001,3.011,0.601,0.601,0.685,0.685,0.625,0.495,15.094,5478.0,17612.0,0.0,168.0,
2026-07-08 04:40:44,58.0,0.000               ,905.27,200.0,1200.0,0.0,58.875,58.875              ,58.875,58.875,58.875,58.875,58.875,58.875,58.875,14.87,19.017,84.44,3.837,27.931,10.053,18.167,7.044,23.17,3050.0,3050.0,2033.333,2033.333,2033.333,2033.333,1742.857,1742.857,3050.0,0.951,0.908,2.664,2.664,0.744,0.789,0.636,0.635,14.919,5477.0,17611.0,0.0,169.0,
2026-07-08 04:40:45,58.0,0.000               ,905.27,200.0,1200.0,0.0,58.5,58.500              ,58.5,58.5,58.5,58.5,58.5,58.5,58.5,11.787,29.476,19.235,12.454,17.606,6.979,68.318,3.051,21.113,3125.0,3125.0,2500.0,2500.0,2083.333,2083.333,2083.333,2083.333,3125.0,1.141,1.141,0.815,0.815,0.635,0.585,2.362,2.366,15.031,5474.0,17612.0,0.0,170.0,
2026-07-08 04:40:46,58.0,0.000               ,905.27,200.0,1200.0,0.0,58.625,58.625              ,58.625,58.625,58.625,58.625,58.625,58.625,58.625,8.043,15.151,55.541,39.347,19.566,5.108,26.281,4.144,21.648,3125.0,3125.0,2083.333,2083.333,2083.333,2083.333,2500.0,2500.0,3125.0,0.724,0.724,2.99,3.007,0.612,0.603,0.701,0.696,14.959,5483.0,17608.0,0.0,171.0,
2026-07-08 04:40:47,59.0,0.000               ,905.27,200.0,1200.0,0.0,59.0,59.000              ,59.0,59.0,59.0,59.0,59.0,59.0,59.0,17.965,13.754,22.724,6.125,82.203,2.471,17.999,4.115,20.92,3225.0,3225.0,2580.0,2580.0,2150.0,2150.0,2150.0,2150.0,3225.0,0.972,0.972,0.689,0.635,2.668,2.734,0.598,0.598,15.159,5490.0,17607.0,0.0,172.0,
2026-07-08 04:40:48,59.0,0.000               ,905.27,200.0,1200.0,0.0,59.0,59.000              ,59.0,59.0,59.0,59.0,59.0,59.0,59.0,2.341,97.774,21.534,4.232,15.267,7.87,9.558,5.413,20.499,3100.0,3100.0,2066.667,2066.667,2480.0,2480.0,2066.667,2066.667,3100.0,3.121,3.094,0.671,0.671,0.615,0.591,0.505,0.505,14.88,5489.0,17608.0,0.0,173.0,
2026-07-08 04:40:49,58.0,0.000               ,905.27,200.0,1200.0,0.0,58.375,58.375              ,58.375,58.375,58.375,58.375,58.375,58.375,58.375,19.405,30.278,30.034,10.31,18.173,7.975,10.833,69.138,24.518,3075.0,3075.0,2050.0,2050.0,2050.0,2050.0,2050.0,2050.0,3075.0,1.277,1.274,0.84,0.84,0.728,0.728,2.36,2.342,15.228,5521.0,17603.0,0.0,174.0,
2026-07-08 04:40:50,58.0,0.000               ,905.02,200.0,1200.0,0.0,58.0,58.000              ,58.0,58.0,58.0,58.0,58.0,58.0,58.0,18.306,35.127,36.555,34.927,39.591,29.187,26.072,25.43,30.649,3075.0,3075.0,2460.0,2460.0,2050.0,2050.0,2460.0,2460.0,3075.0,1.232,1.232,1.353,1.36,1.233,1.308,0.953,1.0,15.506,5650.0,17784.0,9417.865,175.0,0.11
2026-07-08 04:40:52,57.0,0.000               ,950.695,200.0,1200.0,0.0,57.0,57.000              ,57.0,57.0,57.0,57.0,57.0,57.0,57.0,60.393,59.68,62.341,61.142,67.705,58.298,69.363,45.345,60.533,1940.0,1940.0,1940.0,1940.0,2500.0,2500.0,2550.0,2550.0,2550.0,1.239,1.241,1.19,1.183,1.312,1.088,0.953,0.924,15.591,5507.0,18032.0,644.123,177.0,1.55
2026-07-08 04:40:53,56.0,10.000              ,1051.039,200.0,1200.0,0.0,56.125,56.125              ,56.125,56.125,56.125,56.125,56.125,56.125,56.125,77.897,76.091,78.5,83.975,78.885,72.952,96.23,70.926,79.432,1400.0,1400.0,1400.0,1400.0,1400.0,1400.0,1400.0,1400.0,1400.0,0.752,0.751,0.809,0.808,0.768,0.664,0.718,0.717,14.518,5511.0,18035.0,41.584,178.0,24.05
2026-07-08 04:40:54,56.0,53.000              ,1051.043,290.0,1200.0,0.0,56.0,56.000              ,56.0,56.0,56.0,56.0,56.0,56.0,56.0,44.029,54.132,48.644,68.635,53.024,28.495,57.77,27.736,47.808,1400.0,1400.0,1400.0,1400.0,1400.0,1400.0,1400.0,1400.0,1400.0,0.559,0.56,0.679,0.679,0.521,0.521,0.552,0.553,14.56,5522.0,18028.0,49.18,179.0,20.33
2026-07-08 04:40:55,56.0,86.000              ,1052.043,420.0,1200.0,0.0,56.0,56.000              ,56.0,56.0,56.0,56.0,56.0,56.0,56.0,50.907,36.931,56.239,44.763,56.538,31.767,65.454,26.445,46.13,1457.143,1457.143,1700.0,1700.0,1442.857,1442.857,1442.857,1442.857,1700.0,0.558,0.556,0.661,0.661,0.581,0.634,0.648,0.641,14.839,5539.0,18029.0,37.911,180.0,26.38
2026-07-08 04:40:56,56.0,81.000              ,1052.559,364.0,1200.0,0.0,56.0,56.000              ,56.0,56.0,56.0,56.0,56.0,56.0,56.0,51.057,45.834,54.439,62.0,59.944,43.178,62.834,33.947,51.654,1414.286,1400.0,1633.333,1633.333,1633.333,1650.0,1414.286,1414.286,1650.0,0.588,0.589,0.754,0.758,0.682,0.632,0.657,0.664,14.982,5543.0,18028.0,33.045,181.0,30.26
2026-07-08 04:40:57,56.0,74.000              ,1053.07,265.0,1200.0,0.0,56.0,56.000              ,56.0,56.0,56.0,56.0,56.0,56.0,56.0,59.175,48.478,59.876,67.936,63.517,45.28,91.319,38.371,59.244,1414.286,1414.286,1650.0,1650.0,1650.0,1650.0,1683.333,1683.333,1683.333,0.591,0.59,0.698,0.697,0.654,0.643,0.744,0.75,15.287,5511.0,18034.0,25.956,182.0,38.53
2026-07-08 04:40:58,56.0,75.000              ,1053.574,350.0,1200.0,0.0,56.0,56.000              ,56.0,56.0,56.0,56.0,56.0,56.0,56.0,58.074,48.908,54.925,71.189,68.042,38.644,66.226,39.517,55.691,1483.333,1466.667,1466.667,1466.667,1466.667,1466.667,1466.667,1466.667,1483.333,0.595,0.597,0.744,0.742,0.606,0.616,0.601,0.598,14.95,5476.0,18030.0,26.131,183.0,38.27
2026-07-08 04:40:59,56.0,78.000              ,1053.57,295.0,1200.0,0.0,56.0,56.000              ,56.0,56.0,56.0,56.0,56.0,56.0,56.0,59.0,48.403,58.413,72.371,70.138,41.026,70.292,41.422,57.633,1471.429,1471.429,1716.667,1716.667,1471.429,1471.429,1471.429,1471.429,1716.667,0.571,0.575,0.752,0.753,0.627,0.63,0.628,0.629,15.033,5463.0,18033.0,31.044,184.0,32.21
2026-07-08 04:41:00,56.0,80.000              ,1053.324,200.0,1200.0,0.0,56.0,56.000              ,56.0,56.0,56.0,56.0,56.0,56.0,56.0,81.356,77.517,83.406,86.573,84.482,78.79,83.404,76.728,81.532,1550.0,1550.0,1550.0,1550.0,1550.0,1533.333,1533.333,1533.333,1550.0,0.7,0.697,0.745,0.744,0.756,0.755,0.733,0.731,15.063,5410.0,18037.0,43.109,185.0,23.2
2026-07-08 04:41:01,56.0,82.000              ,1053.313,200.0,1200.0,0.0,56.0,56.000              ,56.0,56.0,56.0,56.0,56.0,56.0,56.0,77.406,66.823,80.049,81.503,79.078,65.698,79.4,64.901,74.357,1400.0,1400.0,1400.0,1400.0,1400.0,1400.0,1400.0,1400.0,1400.0,0.69,0.69,0.744,0.745,0.71,0.709,0.71,0.71,15.202,5415.0,18035.0,46.452,186.0,21.53
2026-07-08 04:41:02,56.0,87.000              ,1053.309,200.0,1200.0,0.0,56.0,56.000              ,56.0,56.0,56.0,56.0,56.0,56.0,56.0,65.77,51.42,66.695,77.717,73.408,44.359,73.446,43.772,62.073,1400.0,1400.0,1400.0,1400.0,1400.0,1400.0,1400.0,1400.0,1400.0,0.605,0.61,0.714,0.714,0.65,0.65,0.632,0.633,14.819,5400.0,18036.0,29.817,187.0,33.54
2026-07-08 04:41:03,56.0,91.000              ,1033.652,200.0,1200.0,0.0,56.0,56.000              ,56.0,56.0,56.0,56.0,56.0,56.0,56.0,72.499,62.478,72.509,78.61,72.09,62.672,73.832,52.44,68.391,1400.0,1400.0,1400.0,1400.0,1400.0,1400.0,1400.0,1400.0,1400.0,0.658,0.651,0.706,0.704,0.686,0.686,0.664,0.663,15.057,5400.0,18021.0,41.942,188.0,23.84
2026-07-08 04:41:04,56.0,84.000              ,1026.156,285.0,1200.0,0.0,56.0,56.000              ,56.0,56.0,56.0,56.0,56.0,56.0,56.0,72.127,56.193,68.326,76.285,74.093,53.686,72.954,46.422,65.011,1400.0,1400.0,1400.0,1400.0,1400.0,1400.0,1400.0,1400.0,1400.0,0.666,0.667,0.707,0.707,0.668,0.668,0.634,0.628,14.672,5410.0,18017.0,42.175,189.0,23.71
2026-07-08 04:41:05,56.0,73.000              ,1026.195,285.0,1200.0,0.0,56.0,56.000              ,56.0,56.0,56.0,56.0,56.0,56.0,56.0,65.422,57.864,68.603,78.98,68.97,59.353,72.612,48.623,65.053,1357.143,1357.143,1583.333,1583.333,1583.333,1583.333,1357.143,1357.143,1583.333,0.616,0.614,0.773,0.768,0.651,0.651,0.65,0.66,15.096,5429.0,18016.0,37.316,190.0,26.8
2026-07-08 04:41:06,56.0,73.000              ,1026.199,200.0,1200.0,0.0,56.0,56.000              ,56.0,56.0,56.0,56.0,56.0,56.0,56.0,63.144,47.566,65.535,74.699,69.154,49.635,69.802,43.666,60.4,1371.429,1371.429,1600.0,1600.0,1371.429,1371.429,1371.429,1371.429,1600.0,0.587,0.587,0.749,0.755,0.659,0.659,0.63,0.626,14.899,5447.0,18007.0,35.846,191.0,27.9
2026-07-08 04:41:07,56.0,78.000              ,1026.188,269.0,1200.0,0.0,56.0,56.000              ,56.0,56.0,56.0,56.0,56.0,56.0,56.0,69.235,61.477,71.718,79.803,73.898,60.909,75.028,54.864,68.366,1314.286,1314.286,1516.667,1516.667,1516.667,1483.333,1483.333,1483.333,1516.667,0.636,0.637,0.744,0.742,0.691,0.687,0.679,0.682,15.125,5471.0,18000.0,36.73,192.0,27.23
2026-07-08 04:41:08,56.0,81.000              ,1026.188,277.0,1200.0,0.0,56.0,56.000              ,56.0,56.0,56.0,56.0,56.0,56.0,56.0,61.374,80.319,70.41,69.503,69.351,49.043,77.693,47.454,65.643,1314.286,1314.286,1533.333,1533.333,1314.286,1314.286,1533.333,1533.333,1533.333,0.635,0.638,0.667,0.667,0.607,0.614,0.619,0.619,15.04,5276.0,18000.0,27.686,193.0,36.12
2026-07-08 04:41:10,56.0,83.000              ,1026.27,285.0,1200.0,0.0,56.0,56.000              ,56.0,56.0,56.0,56.0,56.0,56.0,56.0,60.739,78.134,62.889,72.72,77.365,50.532,77.449,45.672,65.688,1616.667,1533.333,1314.286,1314.286,1533.333,1550.0,1583.333,1583.333,1616.667,0.642,0.638,0.684,0.683,0.626,0.622,0.625,0.625,14.875,4905.0,17987.0,25.329,195.0,39.48
2026-07-08 04:41:10,56.0,83.000              ,1026.27,300.0,1200.0,0.0,56.0,56.000              ,56.0,56.0,56.0,56.0,56.0,56.0,56.0,58.416,58.675,62.376,66.3,58.887,44.693,88.899,37.624,59.484,1616.667,1600.0,1371.429,1371.429,1371.429,1371.429,1600.0,1600.0,1616.667,0.583,0.581,0.663,0.664,0.587,0.586,0.636,0.634,15.379,4729.0,17995.0,29.54,195.0,33.85
2026-07-08 04:41:11,56.0,84.000              ,1026.016,381.0,1200.0,0.0,56.0,56.000              ,56.0,56.0,56.0,56.0,56.0,56.0,56.0,51.681,47.694,60.522,67.948,62.24,33.37,59.58,39.41,52.806,1633.333,1633.333,1633.333,1633.333,1400.0,1400.0,1400.0,1400.0,1633.333,0.541,0.54,0.732,0.727,0.57,0.571,0.55,0.55,14.753,4433.0,17987.0,22.11,196.0,45.23
2026-07-08 04:41:12,56.0,82.000              ,1026.016,442.0,1200.0,0.0,56.0,56.000              ,56.0,56.0,56.0,56.0,56.0,56.0,56.0,36.42,27.462,48.503,43.406,48.153,15.16,60.168,19.69,37.37,1550.0,1550.0,1860.0,1860.0,1550.0,1550.0,1550.0,1550.0,1860.0,0.537,0.537,0.742,0.746,0.533,0.538,0.667,0.667,15.034,4434.0,17987.0,21.15,197.0,47.28
2026-07-08 04:41:13,56.0,72.000              ,1026.02,200.0,1200.0,0.0,56.0,56.000              ,56.0,56.0,56.0,56.0,56.0,56.0,56.0,41.924,23.311,43.397,43.022,50.413,15.225,55.67,17.588,36.319,1700.0,1700.0,2060.0,2060.0,1716.667,1716.667,1716.667,1716.667,2060.0,0.533,0.533,0.719,0.719,0.566,0.56,0.666,0.666,15.005,4442.0,17987.0,23.405,198.0,42.73
2026-07-08 04:41:14,56.0,68.000              ,1027.16,457.0,1200.0,0.0,56.0,56.000              ,56.0,56.0,56.0,56.0,56.0,56.0,56.0,43.18,28.38,47.065,44.755,49.505,13.679,53.886,17.146,37.199,1533.333,1533.333,1840.0,1840.0,1550.0,1550.0,1533.333,1533.333,1840.0,0.602,0.603,0.777,0.777,0.555,0.555,0.634,0.635,14.942,4450.0,17989.0,24.904,199.0,40.15
2026-07-08 04:41:15,56.0,69.000              ,1027.152,428.0,1200.0,0.0,56.0,56.000              ,56.0,56.0,56.0,56.0,56.0,56.0,56.0,44.936,33.659,46.434,41.687,61.424,18.114,53.088,25.556,40.612,1583.333,1583.333,1900.0,1900.0,1583.333,1583.333,1583.333,1583.333,1900.0,0.568,0.567,0.648,0.648,0.668,0.668,0.654,0.653,15.145,4449.0,17989.0,18.94,200.0,52.8
2026-07-08 04:41:16,56.0,69.000              ,1027.16,393.0,1200.0,0.0,56.0,56.000              ,56.0,56.0,56.0,56.0,56.0,56.0,56.0,50.518,39.78,58.004,58.959,60.223,28.525,62.634,34.663,49.163,1566.667,1566.667,1880.0,1880.0,1566.667,1566.667,1566.667,1860.0,1880.0,0.576,0.576,0.784,0.785,0.586,0.586,0.65,0.651,15.182,4483.0,17989.0,21.346,201.0,46.85
2026-07-08 04:41:17,56.0,73.000              ,1028.418,428.0,1200.0,0.0,56.0,56.000              ,56.0,56.0,56.0,56.0,56.0,56.0,56.0,46.292,35.632,43.56,55.016,56.072,20.373,58.054,24.982,42.498,1533.333,1533.333,1840.0,1840.0,1533.333,1533.333,1533.333,1533.333,1840.0,0.582,0.582,0.742,0.741,0.572,0.572,0.641,0.64,14.857,4485.0,17990.0,23.396,202.0,42.74
2026-07-08 04:41:18,56.0,71.000              ,1028.047,200.0,1200.0,0.0,56.0,56.000              ,56.0,56.0,56.0,56.0,56.0,56.0,56.0,44.696,31.208,42.924,40.612,63.016,14.56,57.576,21.034,39.453,1633.333,1633.333,1960.0,1980.0,1650.0,1650.0,1650.0,1650.0,1980.0,0.577,0.578,0.689,0.689,0.622,0.624,0.683,0.673,14.939,4495.0,17991.0,24.183,203.0,41.35
2026-07-08 04:41:19,56.0,68.000              ,1028.047,406.0,1200.0,0.0,56.0,56.000              ,56.0,56.0,56.0,56.0,56.0,56.0,56.0,45.014,38.582,56.184,52.892,54.103,30.978,54.365,32.628,45.593,1533.333,1533.333,1840.0,1840.0,1533.333,1533.333,1533.333,1533.333,1840.0,0.563,0.564,0.773,0.773,0.611,0.611,0.622,0.632,15.271,4501.0,17990.0,28.025,204.0,35.68
2026-07-08 04:41:20,56.0,72.000              ,1029.926,406.0,1200.0,0.0,56.0,56.000              ,56.0,56.0,56.0,56.0,56.0,56.0,56.0,47.052,33.894,45.077,49.642,65.39,15.992,59.211,21.679,42.242,1500.0,1500.0,1800.0,1800.0,1500.0,1500.0,1800.0,1800.0,1800.0,0.579,0.58,0.722,0.722,0.608,0.607,0.609,0.609,14.888,4503.0,17992.0,19.249,205.0,51.95
2026-07-08 04:41:21,56.0,74.000              ,1030.016,420.0,1200.0,0.0,56.0,56.000              ,56.0,56.0,56.0,56.0,56.0,56.0,56.0,44.115,29.538,51.904,41.373,57.091,18.273,57.309,19.493,39.887,1583.333,1583.333,1900.0,1900.0,1900.0,1920.0,1600.0,1600.0,1920.0,0.572,0.57,0.722,0.722,0.632,0.632,0.622,0.622,14.937,4509.0,17992.0,19.401,206.0,51.54
2026-07-08 04:41:22,56.0,71.000              ,1030.016,200.0,1200.0,0.0,56.0,56.000              ,56.0,56.0,56.0,56.0,56.0,56.0,56.0,38.233,32.672,56.868,37.892,57.603,16.437,55.981,18.414,39.262,1566.667,1566.667,1880.0,1880.0,1566.667,1566.667,1566.667,1566.667,1880.0,0.569,0.569,0.784,0.784,0.603,0.603,0.613,0.613,15.008,4514.0,17993.0,19.67,207.0,50.84
2026-07-08 04:41:23,56.0,67.000              ,1030.02,461.0,1200.0,0.0,56.0,56.000              ,56.0,56.0,56.0,56.0,56.0,56.0,56.0,44.353,31.356,45.095,40.87,53.464,11.656,51.812,15.649,36.782,1633.333,1633.333,1960.0,1960.0,1633.333,1633.333,1633.333,1633.333,1960.0,0.591,0.591,0.723,0.724,0.575,0.575,0.627,0.627,15.142,4512.0,17993.0,26.927,208.0,37.14
2026-07-08 04:41:24,56.0,68.000              ,1033.0,428.0,1200.0,0.0,56.0,56.000              ,56.0,56.0,56.0,56.0,56.0,56.0,56.0,47.124,40.907,49.907,54.142,58.938,21.024,56.353,25.177,44.197,1566.667,1566.667,1880.0,1880.0,1566.667,1566.667,1566.667,1566.667,1880.0,0.629,0.631,0.757,0.756,0.572,0.572,0.618,0.625,15.14,4522.0,17997.0,23.667,209.0,42.25
2026-07-08 04:41:25,56.0,73.000              ,1033.004,387.0,1200.0,0.0,56.0,56.000              ,56.0,56.0,56.0,56.0,56.0,56.0,56.0,44.764,26.266,40.857,40.482,59.097,11.318,55.877,15.982,36.83,1616.667,1616.667,1616.667,1616.667,1940.0,1940.0,1616.667,1616.667,1940.0,0.614,0.612,0.696,0.692,0.593,0.594,0.638,0.632,14.807,4527.0,17996.0,22.142,210.0,45.16
2026-07-08 04:41:26,56.0,72.000              ,1033.0,375.0,1200.0,0.0,56.0,56.000              ,56.0,56.0,56.0,56.0,56.0,56.0,56.0,46.898,33.47,40.875,50.238,52.771,17.274,52.786,15.71,38.753,1683.333,1683.333,2020.0,2020.0,1683.333,1683.333,1683.333,1683.333,2020.0,0.659,0.659,0.796,0.802,0.597,0.596,0.598,0.598,15.188,4531.0,17999.0,23.388,211.0,42.76
2026-07-08 04:41:27,56.0,70.000              ,1033.004,400.0,1200.0,0.0,56.0,56.000              ,56.0,56.0,56.0,56.0,56.0,56.0,56.0,44.042,31.705,44.722,34.594,53.563,15.372,62.906,18.466,38.171,1666.667,1666.667,1666.667,1666.667,1666.667,1666.667,2000.0,2000.0,2000.0,0.627,0.628,0.641,0.641,0.582,0.583,0.755,0.755,14.96,4534.0,18000.0,20.29,212.0,49.29
2026-07-08 04:41:28,56.0,69.000              ,1033.082,413.0,1200.0,0.0,56.0,56.000              ,56.0,56.0,56.0,56.0,56.0,56.0,56.0,37.307,29.318,38.343,39.518,47.608,17.36,54.229,18.965,35.331,1650.0,1650.0,1980.0,1980.0,1650.0,1650.0,1650.0,1666.667,1980.0,0.586,0.585,0.678,0.678,0.607,0.606,0.709,0.709,15.121,4536.0,18000.0,26.797,213.0,37.32
2026-07-08 04:41:29,56.0,68.000              ,1033.055,406.0,1200.0,0.0,56.0,56.000              ,56.0,56.0,56.0,56.0,56.0,56.0,56.0,42.285,26.444,41.895,36.384,63.145,13.208,64.603,16.59,38.069,1716.667,1716.667,1716.667,1716.667,2040.0,2040.0,2040.0,2040.0,2040.0,0.581,0.581,0.653,0.656,0.646,0.646,0.718,0.718,14.88,4539.0,18000.0,23.99,214.0,41.68
2026-07-08 04:41:30,56.0,69.000              ,1028.301,461.0,1200.0,0.0,56.0,56.000              ,56.0,56.0,56.0,56.0,56.0,56.0,56.0,40.056,30.599,49.288,42.907,56.663,17.546,64.518,12.156,39.217,1600.0,1600.0,1920.0,1920.0,1600.0,1600.0,1600.0,1600.0,1920.0,0.568,0.57,0.77,0.766,0.614,0.614,0.65,0.656,15.201,4539.0,17997.0,23.969,215.0,41.72
2026-07-08 04:41:31,56.0,72.000              ,1028.301,381.0,1200.0,0.0,56.0,56.000              ,56.0,56.0,56.0,56.0,56.0,56.0,56.0,41.558,32.725,59.261,36.566,46.363,21.339,54.291,19.994,39.012,1600.0,1600.0,1920.0,1920.0,1920.0,1920.0,1600.0,1600.0,1920.0,0.607,0.596,0.741,0.743,0.587,0.587,0.649,0.643,15.011,4545.0,17997.0,32.47,216.0,30.8
2026-07-08 04:41:32,56.0,72.000              ,1028.301,375.0,1200.0,0.0,56.0,56.000              ,56.0,56.0,56.0,56.0,56.0,56.0,56.0,39.528,28.338,55.303,35.62,48.338,22.205,59.187,18.112,38.329,1666.667,1666.667,2000.0,2000.0,1666.667,1666.667,1666.667,1683.333,2000.0,0.589,0.598,0.715,0.714,0.611,0.611,0.669,0.671,14.845,4544.0,18000.0,20.577,217.0,48.6
2026-07-08 04:41:33,56.0,69.000              ,1033.113,435.0,1200.0,0.0,56.0,56.000              ,56.0,56.0,56.0,56.0,56.0,56.0,56.0,47.601,27.336,54.623,36.789,56.334,20.194,60.201,19.891,40.371,1600.0,1600.0,1920.0,1940.0,1616.667,1616.667,1616.667,1616.667,1940.0,0.568,0.569,0.697,0.699,0.612,0.612,0.647,0.646,15.146,4546.0,18001.0,23.247,218.0,43.02
2026-07-08 04:41:34,56.0,69.000              ,1031.617,406.0,1200.0,0.0,56.0,56.000              ,56.0,56.0,56.0,56.0,56.0,56.0,56.0,53.556,20.964,51.221,29.516,47.732,20.696,60.795,17.451,37.741,1600.0,1920.0,1920.0,1920.0,1616.667,1616.667,1616.667,1616.667,1920.0,0.637,0.637,0.613,0.611,0.592,0.592,0.691,0.691,15.157,4547.0,17998.0,25.274,219.0,39.57
2026-07-08 04:41:35,56.0,69.000              ,1031.617,442.0,1200.0,0.0,56.0,56.000              ,56.0,56.0,56.0,56.0,56.0,56.0,56.0,50.096,29.197,52.563,39.257,65.471,33.359,63.594,19.257,44.099,1516.667,1516.667,1516.667,1516.667,1820.0,1820.0,1516.667,1516.667,1820.0,0.554,0.553,0.621,0.622,0.733,0.733,0.609,0.609,14.903,4566.0,17998.0,23.206,220.0,43.09
2026-07-08 04:41:36,56.0,68.000              ,1031.617,413.0,1200.0,0.0,56.0,56.000              ,56.0,56.0,56.0,56.0,56.0,56.0,56.0,36.533,25.773,36.201,50.399,52.794,16.104,50.204,13.083,35.136,1633.333,1633.333,1960.0,1960.0,1633.333,1633.333,1633.333,1633.333,1960.0,0.548,0.539,0.752,0.751,0.592,0.602,0.574,0.574,15.148,4567.0,17999.0,22.456,221.0,44.53
2026-07-08 04:41:37,56.0,68.000              ,1031.617,200.0,1200.0,0.0,56.0,56.000              ,56.0,56.0,56.0,56.0,56.0,56.0,56.0,46.21,30.943,45.98,45.229,53.476,23.892,61.584,18.988,40.788,1550.0,1550.0,1860.0,1860.0,1550.0,1550.0,1566.667,1566.667,1860.0,0.571,0.58,0.686,0.687,0.577,0.567,0.683,0.683,14.965,4571.0,17999.0,23.74,222.0,42.12
2026-07-08 04:41:38,56.0,67.000              ,1031.613,375.0,1200.0,0.0,56.0,56.000              ,56.0,56.0,56.0,56.0,56.0,56.0,56.0,43.947,33.321,46.597,53.468,57.492,23.2,57.924,26.85,42.85,1583.333,1583.333,1900.0,1900.0,1583.333,1583.333,1583.333,1583.333,1900.0,0.573,0.574,0.794,0.794,0.612,0.614,0.641,0.642,15.117,4587.0,17998.0,21.915,223.0,45.63
2026-07-08 04:41:39,56.0,68.000              ,1031.617,200.0,1200.0,0.0,56.0,56.000              ,56.0,56.0,56.0,56.0,56.0,56.0,56.0,39.334,33.58,40.819,63.469,53.386,18.344,52.73,15.58,39.655,1500.0,1500.0,1800.0,1800.0,1500.0,1500.0,1500.0,1500.0,1800.0,0.532,0.531,0.839,0.84,0.531,0.528,0.546,0.544,14.922,4601.0,17999.0,20.287,224.0,49.29
2026-07-08 04:41:40,56.0,69.000              ,1031.613,435.0,1200.0,0.0,56.0,56.000              ,56.0,56.0,56.0,56.0,56.0,56.0,56.0,39.947,28.349,47.404,38.706,63.308,14.801,45.839,26.762,38.139,1550.0,1550.0,1860.0,1860.0,1550.0,1550.0,1550.0,1550.0,1860.0,0.589,0.589,0.693,0.691,0.648,0.648,0.643,0.643,15.059,4608.0,17999.0,25.608,225.0,39.05
2026-07-08 04:41:41,56.0,68.000              ,1031.613,428.0,1200.0,0.0,56.0,56.000              ,56.0,56.0,56.0,56.0,56.0,56.0,56.0,42.964,30.987,47.014,35.957,54.832,17.196,55.331,23.238,38.44,1633.333,1633.333,1960.0,1960.0,1633.333,1633.333,1650.0,1650.0,1960.0,0.597,0.598,0.675,0.673,0.606,0.607,0.686,0.686,15.093,4615.0,17998.0,31.688,226.0,31.56
2026-07-08 04:41:42,56.0,69.000              ,1029.355,413.0,1200.0,0.0,56.0,56.000              ,56.0,56.0,56.0,56.0,56.0,56.0,56.0,52.877,38.201,47.823,52.61,61.224,34.169,61.716,31.3,47.49,1471.429,1471.429,1716.667,1733.333,1485.714,1485.714,1716.667,1716.667,1733.333,0.563,0.564,0.664,0.666,0.68,0.679,0.639,0.636,14.95,4620.0,17997.0,23.515,227.0,42.53
2026-07-08 04:41:43,56.0,71.000              ,1029.234,428.0,1200.0,0.0,56.0,56.000              ,56.0,56.0,56.0,56.0,56.0,56.0,56.0,41.877,28.03,46.253,41.38,54.083,19.098,53.199,21.328,38.156,1533.333,1533.333,1840.0,1860.0,1550.0,1550.0,1550.0,1550.0,1860.0,0.557,0.555,0.701,0.701,0.586,0.586,0.628,0.631,15.1,4626.0,18001.0,22.727,228.0,44.0
2026-07-08 04:41:44,56.0,69.000              ,1029.234,200.0,1200.0,0.0,56.0,56.000              ,56.0,56.0,56.0,56.0,56.0,56.0,56.0,43.114,25.265,38.397,48.815,55.329,13.426,60.52,10.849,36.964,1880.0,1880.0,1566.667,1566.667,1880.0,1880.0,1566.667,1566.667,1880.0,0.564,0.564,0.735,0.737,0.588,0.588,0.612,0.613,14.888,4634.0,18000.0,20.677,229.0,48.36
2026-07-08 04:41:45,56.0,66.000              ,1028.234,420.0,1200.0,0.0,56.0,56.000              ,56.0,56.0,56.0,56.0,56.0,56.0,56.0,37.325,28.441,45.283,41.186,56.871,18.011,60.968,16.613,38.087,1600.0,1600.0,1920.0,1920.0,1600.0,1600.0,1600.0,1600.0,1920.0,0.559,0.559,0.718,0.716,0.622,0.622,0.669,0.67,15.097,4636.0,17997.0,26.908,230.0,37.16
2026-07-08 04:41:46,56.0,68.000              ,1028.281,426.0,1200.0,0.0,56.0,56.000              ,56.0,56.0,56.0,56.0,56.0,56.0,56.0,45.202,23.11,55.459,33.726,59.678,10.627,49.861,17.522,36.898,1683.333,1683.333,1683.333,1683.333,2020.0,2020.0,1683.333,1683.333,2020.0,0.632,0.632,0.716,0.716,0.672,0.672,0.588,0.59,15.044,4639.0,17999.0,28.726,231.0,34.81
2026-07-08 04:41:47,56.0,71.000              ,1028.277,400.0,1200.0,0.0,56.0,56.000              ,56.0,56.0,56.0,56.0,56.0,56.0,56.0,46.651,25.921,58.592,38.121,56.071,14.627,48.976,18.252,38.402,1900.0,1900.0,1900.0,1900.0,1583.333,1583.333,1583.333,1583.333,1900.0,0.631,0.631,0.757,0.757,0.601,0.601,0.573,0.569,15.058,4640.0,17997.0,20.635,232.0,48.46
2026-07-08 04:41:48,56.0,71.000              ,1028.281,428.0,1200.0,0.0,56.0,56.000              ,56.0,56.0,56.0,56.0,56.0,56.0,56.0,39.091,23.811,44.477,37.925,56.354,7.259,53.163,16.544,34.828,1650.0,1650.0,1980.0,1980.0,1650.0,1650.0,1650.0,1650.0,1980.0,0.53,0.53,0.693,0.695,0.556,0.556,0.598,0.598,15.01,4644.0,17996.0,22.851,233.0,43.76
2026-07-08 04:41:49,56.0,71.000              ,1028.281,469.0,1200.0,0.0,56.0,56.000              ,56.0,56.0,56.0,56.0,56.0,56.0,56.0,40.34,28.838,43.464,37.091,51.837,14.464,53.409,16.13,35.697,1600.0,1600.0,1920.0,1920.0,1600.0,1600.0,1600.0,1600.0,1920.0,0.603,0.593,0.688,0.687,0.582,0.582,0.633,0.633,14.911,4646.0,17995.0,24.991,234.0,40.01
2026-07-08 04:41:50,56.0,71.000              ,1028.277,381.0,1200.0,0.0,56.0,56.000              ,56.0,56.0,56.0,56.0,56.0,56.0,56.0,42.331,35.257,53.814,29.956,54.675,14.681,57.013,16.548,38.034,1633.333,1633.333,1960.0,1960.0,1633.333,1633.333,1960.0,1960.0,1960.0,0.596,0.6,0.697,0.697,0.588,0.59,0.66,0.659,15.148,4645.0,17994.0,24.406,235.0,40.97
2026-07-08 04:41:51,56.0,69.000              ,1028.281,321.0,1200.0,0.0,56.0,56.000              ,56.0,56.0,56.0,56.0,56.0,56.0,56.0,53.708,42.659,57.778,53.17,60.624,27.5,65.286,30.934,48.957,1516.667,1516.667,1820.0,1820.0,1516.667,1516.667,1516.667,1516.667,1820.0,0.612,0.619,0.735,0.735,0.601,0.6,0.651,0.653,15.241,4654.0,17996.0,24.525,236.0,40.77
2026-07-08 04:41:52,56.0,73.000              ,1028.281,260.0,1200.0,0.0,56.0,56.000              ,56.0,56.0,56.0,56.0,56.0,56.0,56.0,57.373,51.75,57.218,61.034,71.386,42.979,65.718,43.31,56.346,1600.0,1600.0,1600.0,1600.0,1600.0,1600.0,1600.0,1600.0,1600.0,0.611,0.609,0.707,0.708,0.702,0.702,0.65,0.652,15.11,4676.0,18003.0,23.831,237.0,41.96
2026-07-08 04:41:53,56.0,79.000              ,1028.281,305.0,1200.0,0.0,56.0,56.000              ,56.0,56.0,56.0,56.0,56.0,56.0,56.0,66.292,46.717,63.893,65.344,67.583,47.979,67.541,46.907,59.032,1342.857,1342.857,1566.667,1566.667,1342.857,1566.667,1566.667,1566.667,1566.667,0.599,0.599,0.684,0.686,0.66,0.66,0.636,0.636,14.923,4710.0,18009.0,26.549,238.0,37.67
2026-07-08 04:41:54,56.0,82.000              ,1028.254,300.0,1200.0,0.0,56.0,56.000              ,56.0,56.0,56.0,56.0,56.0,56.0,56.0,61.482,43.359,59.512,64.458,60.715,46.65,66.173,47.234,56.198,1371.429,1371.429,1371.429,1371.429,1371.429,1583.333,1583.333,1583.333,1583.333,0.61,0.6,0.714,0.712,0.635,0.635,0.673,0.672,14.995,4726.0,18008.0,33.612,239.0,29.75
2026-07-08 04:41:55,56.0,81.000              ,1028.277,442.0,1200.0,0.0,56.0,56.000              ,56.0,56.0,56.0,56.0,56.0,56.0,56.0,42.924,26.823,48.487,38.33,52.27,18.857,56.79,20.843,38.165,1442.857,1442.857,1683.333,1683.333,1442.857,1442.857,1442.857,1442.857,1683.333,0.528,0.537,0.655,0.654,0.561,0.562,0.624,0.624,14.928,4723.0,18006.0,24.367,240.0,41.04
2026-07-08 04:41:56,56.0,73.000              ,1028.281,393.0,1200.0,0.0,56.0,56.000              ,56.0,56.0,56.0,56.0,56.0,56.0,56.0,41.493,27.411,47.711,42.195,55.229,12.213,44.157,24.807,36.902,1600.0,1600.0,1600.0,1600.0,1600.0,1600.0,1920.0,1920.0,1920.0,0.586,0.586,0.767,0.768,0.593,0.592,0.626,0.626,14.971,4730.0,18006.0,24.142,241.0,41.42
2026-07-08 04:41:57,56.0,70.000              ,1028.277,400.0,1200.0,0.0,56.0,56.000              ,56.0,56.0,56.0,56.0,56.0,56.0,56.0,36.125,27.545,45.414,31.67,56.294,8.808,42.774,18.7,33.416,1683.333,1683.333,2020.0,2020.0,1683.333,1683.333,1683.333,1683.333,2020.0,0.563,0.563,0.686,0.686,0.617,0.617,0.591,0.591,14.988,4729.0,18006.0,25.179,242.0,39.72
2026-07-08 04:41:58,56.0,69.000              ,1029.801,400.0,1200.0,0.0,56.0,56.000              ,56.0,56.0,56.0,56.0,56.0,56.0,56.0,50.116,33.907,54.217,54.662,56.349,20.185,53.306,20.587,42.916,1616.667,1616.667,1940.0,1940.0,1616.667,1616.667,1616.667,1616.667,1940.0,0.623,0.623,0.822,0.826,0.578,0.578,0.608,0.608,15.151,4728.0,18005.0,23.898,243.0,41.84
2026-07-08 04:41:59,56.0,71.000              ,1029.797,413.0,1200.0,0.0,56.0,56.000              ,56.0,56.0,56.0,56.0,56.0,56.0,56.0,42.879,32.788,52.448,58.542,62.257,20.166,55.759,19.772,43.076,1600.0,1600.0,1920.0,1920.0,1600.0,1600.0,1600.0,1600.0,1920.0,0.58,0.58,0.837,0.838,0.643,0.643,0.604,0.606,14.937,4734.0,18006.0,34.357,244.0,29.11
2026-07-08 04:42:00,56.0,72.000              ,1029.801,435.0,1200.0,0.0,56.0,56.000              ,56.0,56.0,56.0,56.0,56.0,56.0,56.0,46.574,40.996,51.018,59.583,58.165,27.903,58.444,34.263,47.118,1600.0,1600.0,1920.0,1920.0,1600.0,1600.0,1600.0,1600.0,1920.0,0.606,0.606,0.83,0.824,0.604,0.604,0.658,0.657,14.959,4736.0,18009.0,23.631,245.0,42.32
2026-07-08 04:42:01,56.0,73.000              ,1030.188,200.0,1200.0,0.0,56.0,56.000              ,56.0,56.0,56.0,56.0,56.0,56.0,56.0,57.804,27.997,50.388,49.685,64.555,21.094,59.088,20.693,43.913,1900.0,1900.0,1900.0,1920.0,1600.0,1600.0,1600.0,1600.0,1920.0,0.628,0.628,0.74,0.741,0.622,0.622,0.62,0.621,15.145,4743.0,18007.0,29.219,246.0,34.22
2026-07-08 04:42:02,56.0,75.000              ,1030.188,200.0,1200.0,0.0,56.0,56.000              ,56.0,56.0,56.0,56.0,56.0,56.0,56.0,47.425,26.765,51.8,45.292,58.262,17.772,50.374,21.637,39.916,1860.0,1860.0,1860.0,1860.0,1550.0,1550.0,1550.0,1550.0,1860.0,0.645,0.645,0.788,0.788,0.645,0.645,0.618,0.617,14.815,4742.0,18007.0,24.683,247.0,40.51
2026-07-08 04:42:03,56.0,70.000              ,1030.184,420.0,1200.0,0.0,56.0,56.000              ,56.0,56.0,56.0,56.0,56.0,56.0,56.0,51.356,25.558,50.643,35.472,55.848,19.2,54.36,18.66,38.887,1766.667,1766.667,2120.0,2120.0,1766.667,1766.667,1766.667,1766.667,2120.0,0.71,0.708,0.718,0.724,0.681,0.685,0.689,0.689,15.067,4750.0,18007.0,29.032,248.0,34.44
2026-07-08 04:42:04,56.0,67.000              ,1030.121,469.0,1200.0,0.0,56.0,56.000              ,56.0,56.0,56.0,56.0,56.0,56.0,56.0,46.482,30.497,42.635,43.835,55.324,17.384,51.513,18.234,38.238,1780.0,1780.0,1780.0,1780.0,2225.0,2225.0,1780.0,1780.0,2225.0,0.705,0.707,0.772,0.767,0.687,0.684,0.649,0.649,15.215,4749.0,18007.0,25.031,249.0,39.95
2026-07-08 04:42:05,56.0,69.000              ,1030.059,484.0,1200.0,0.0,56.0,56.000              ,56.0,56.0,56.0,56.0,56.0,56.0,56.0,43.853,30.585,48.982,34.596,54.654,18.944,56.502,17.542,38.207,1683.333,1683.333,2020.0,2020.0,1683.333,1683.333,1683.333,1683.333,2020.0,0.641,0.64,0.733,0.732,0.652,0.652,0.693,0.693,14.889,4754.0,18006.0,26.037,250.0,38.41
2026-07-08 04:42:06,56.0,69.000              ,1030.063,413.0,1200.0,0.0,56.0,56.000              ,56.0,56.0,56.0,56.0,56.0,56.0,56.0,37.678,27.299,41.995,35.876,48.67,10.845,44.165,20.926,33.432,1760.0,1760.0,2200.0,2200.0,1760.0,1760.0,1760.0,1760.0,2200.0,0.628,0.628,0.764,0.766,0.618,0.618,0.659,0.659,15.006,4753.0,18009.0,23.492,251.0,42.57
2026-07-08 04:42:07,56.0,69.000              ,1030.059,400.0,1200.0,0.0,56.0,56.000              ,56.0,56.0,56.0,56.0,56.0,56.0,56.0,57.842,33.609,58.886,34.278,57.768,24.235,54.474,21.612,42.838,2020.0,2020.0,2020.0,2020.0,1683.333,1683.333,2020.0,2020.0,2020.0,0.761,0.763,0.764,0.75,0.645,0.647,0.624,0.629,15.225,4761.0,18009.0,26.209,252.0,38.15
2026-07-08 04:42:08,56.0,71.000              ,1030.055,420.0,1200.0,0.0,56.0,56.000              ,56.0,56.0,56.0,56.0,56.0,56.0,56.0,43.703,25.032,48.56,35.31,52.731,12.442,52.712,14.289,35.597,1583.333,1583.333,1880.0,1880.0,1566.667,1566.667,1566.667,1566.667,1880.0,0.621,0.62,0.765,0.778,0.579,0.578,0.644,0.64,14.72,4768.0,18008.0,25.868,253.0,38.66
2026-07-08 04:42:09,56.0,71.000              ,1030.051,484.0,1200.0,0.0,56.0,56.000              ,56.0,56.0,56.0,56.0,56.0,56.0,56.0,43.008,27.152,48.768,41.618,61.483,13.47,54.131,16.332,38.245,1733.333,1733.333,2080.0,2080.0,1733.333,1733.333,1733.333,1733.333,2080.0,0.604,0.604,0.8,0.8,0.686,0.686,0.674,0.673,15.272,4767.0,18008.0,25.331,254.0,39.48
2026-07-08 04:42:10,56.0,71.000              ,1030.051,200.0,1200.0,0.0,56.0,56.000              ,56.0,56.0,56.0,56.0,56.0,56.0,56.0,36.222,24.915,37.021,43.959,64.919,9.538,53.409,13.016,35.375,1733.333,1733.333,2080.0,2080.0,2080.0,2080.0,1733.333,1733.333,2080.0,0.589,0.592,0.724,0.724,0.759,0.759,0.684,0.683,14.826,4771.0,18008.0,21.575,255.0,46.35
2026-07-08 04:42:11,56.0,71.000              ,1030.047,428.0,1200.0,0.0,56.0,56.000              ,56.0,56.0,56.0,56.0,56.0,56.0,56.0,38.679,29.615,47.267,33.01,50.718,15.115,50.561,18.905,35.484,1840.0,1840.0,1840.0,1840.0,2275.0,2275.0,2275.0,2275.0,2275.0,0.694,0.695,0.767,0.76,0.689,0.691,0.743,0.749,15.12,4771.0,18010.0,24.782,256.0,40.35
2026-07-08 04:42:12,56.0,70.000              ,1030.051,450.0,1200.0,0.0,56.0,56.000              ,56.0,56.0,56.0,56.0,56.0,56.0,56.0,43.175,32.113,39.228,50.529,47.832,20.198,52.106,20.446,38.203,1750.0,1750.0,2100.0,2100.0,1750.0,1750.0,1733.333,1733.333,2100.0,0.631,0.632,0.815,0.823,0.606,0.604,0.642,0.634,15.182,4774.0,18009.0,27.688,257.0,36.12
2026-07-08 04:42:13,56.0,70.000              ,1030.109,413.0,1200.0,0.0,56.0,56.000              ,56.0,56.0,56.0,56.0,56.0,56.0,56.0,37.041,26.567,42.485,54.108,53.924,12.071,48.638,12.179,35.877,1700.0,1700.0,2040.0,2040.0,1700.0,1700.0,1700.0,1700.0,2040.0,0.613,0.609,0.978,0.985,0.666,0.666,0.608,0.609,14.816,4774.0,18009.0,23.849,258.0,41.93
2026-07-08 04:42:14,56.0,70.000              ,1030.109,400.0,1200.0,0.0,56.0,56.000              ,56.0,56.0,56.0,56.0,56.0,56.0,56.0,44.915,19.897,50.122,29.755,45.812,9.914,58.828,10.257,33.688,1820.0,1820.0,2275.0,2275.0,1820.0,1820.0,1820.0,1820.0,2275.0,0.677,0.677,0.774,0.769,0.61,0.61,0.754,0.753,15.043,4774.0,18010.0,20.356,259.0,49.13
2026-07-08 04:42:15,56.0,70.000              ,1029.738,200.0,1200.0,0.0,56.0,56.000              ,56.0,56.0,56.0,56.0,56.0,56.0,56.0,49.246,26.622,50.349,37.751,58.49,21.469,55.416,18.621,39.746,2080.0,2080.0,1733.333,1733.333,1733.333,1733.333,1733.333,1733.333,2080.0,0.688,0.688,0.701,0.7,0.74,0.741,0.669,0.669,15.376,4776.0,18009.0,20.953,260.0,47.73
2026-07-08 04:42:16,56.0,70.000              ,1030.617,428.0,1200.0,0.0,56.0,56.000              ,56.0,56.0,56.0,56.0,56.0,56.0,56.0,36.786,24.778,30.029,52.624,54.675,10.642,45.363,11.183,33.26,1683.333,1683.333,2020.0,2020.0,1683.333,1683.333,2020.0,2020.0,2020.0,0.561,0.563,0.774,0.774,0.615,0.615,0.561,0.561,14.832,4780.0,18010.0,22.587,261.0,44.27
2026-07-08 04:42:17,56.0,70.000              ,1030.617,370.0,1200.0,0.0,56.0,56.000              ,56.0,56.0,56.0,56.0,56.0,56.0,56.0,36.968,25.805,45.299,39.652,43.548,17.552,53.197,12.658,34.335,1800.0,1800.0,2160.0,2160.0,1800.0,1800.0,1800.0,1800.0,2160.0,0.653,0.652,0.838,0.838,0.644,0.644,0.708,0.708,14.872,4779.0,18011.0,22.25,262.0,44.94
2026-07-08 04:42:18,56.0,70.000              ,1030.684,508.0,1200.0,0.0,56.0,56.000              ,56.0,56.0,56.0,56.0,56.0,56.0,56.0,37.788,30.349,46.285,35.199,49.959,16.639,52.983,17.643,35.856,1840.0,1840.0,2300.0,2300.0,1840.0,1840.0,1840.0,1840.0,2300.0,0.614,0.614,0.777,0.777,0.64,0.64,0.714,0.716,15.197,4784.0,18010.0,24.37,263.0,41.03
2026-07-08 04:42:19,56.0,70.000              ,1030.684,442.0,1200.0,0.0,56.0,56.000              ,56.0,56.0,56.0,56.0,56.0,56.0,56.0,37.539,32.035,56.606,36.498,46.276,20.806,54.183,17.155,37.637,1783.333,1783.333,2140.0,2140.0,1783.333,1783.333,2140.0,2140.0,2140.0,0.628,0.629,0.848,0.849,0.642,0.642,0.724,0.723,15.191,4794.0,18011.0,24.767,264.0,40.38
2026-07-08 04:42:20,56.0,71.000              ,1031.66,364.0,1200.0,0.0,56.0,56.000              ,56.0,56.0,56.0,56.0,56.0,56.0,56.0,42.957,33.015,39.718,58.379,55.039,25.95,50.653,20.246,40.745,1700.0,1700.0,2040.0,2040.0,2040.0,2040.0,1700.0,1700.0,2040.0,0.615,0.614,0.851,0.85,0.679,0.679,0.617,0.616,14.837,4808.0,18012.0,35.435,265.0,28.22
2026-07-08 04:42:21,56.0,70.000              ,1031.668,358.0,1200.0,0.0,56.0,56.000              ,56.0,56.0,56.0,56.0,56.0,56.0,56.0,36.112,27.088,37.676,40.099,38.518,23.255,43.556,18.167,33.059,1733.333,1733.333,2080.0,2080.0,1733.333,1733.333,1733.333,1733.333,2080.0,0.633,0.626,0.807,0.807,0.655,0.664,0.655,0.655,14.917,4807.0,18011.0,25.269,266.0,39.57
2026-07-08 04:42:22,56.0,69.000              ,1031.664,200.0,1200.0,0.0,56.0,56.000              ,56.0,56.0,56.0,56.0,56.0,56.0,56.0,38.869,28.706,55.009,34.896,50.212,11.915,58.766,11.675,36.256,1780.0,1780.0,2225.0,2225.0,1780.0,1780.0,1780.0,1780.0,2225.0,0.646,0.654,0.916,0.916,0.63,0.622,0.735,0.735,15.159,4807.0,18012.0,24.238,267.0,41.26
2026-07-08 04:42:23,56.0,68.000              ,1031.684,200.0,1200.0,0.0,56.0,56.000              ,56.0,56.0,56.0,56.0,56.0,56.0,56.0,39.579,27.696,58.225,30.411,46.414,24.704,60.554,22.873,38.807,1766.667,1766.667,2120.0,2120.0,1766.667,1766.667,1766.667,1766.667,2120.0,0.62,0.62,0.806,0.806,0.647,0.648,0.774,0.774,14.994,4807.0,18010.0,23.138,268.0,43.22
2026-07-08 04:42:24,56.0,68.000              ,1031.68,326.0,1200.0,0.0,56.0,56.000              ,56.0,56.0,56.0,56.0,56.0,56.0,56.0,56.513,49.969,61.206,56.535,65.676,50.675,60.979,39.134,55.086,1616.667,1600.0,1920.0,1920.0,1600.0,1616.667,1616.667,1616.667,1920.0,0.646,0.645,0.785,0.787,0.761,0.759,0.66,0.66,15.475,4825.0,18020.0,31.717,269.0,31.53
2026-07-08 04:42:25,56.0,70.000              ,1031.684,200.0,1200.0,0.0,56.0,56.000              ,56.0,56.0,56.0,56.0,56.0,56.0,56.0,59.201,42.965,64.219,65.077,69.021,43.107,65.752,42.941,56.535,1457.143,1457.143,1700.0,1700.0,1500.0,1500.0,1500.0,1500.0,1700.0,0.598,0.598,0.764,0.763,0.678,0.679,0.666,0.667,15.021,4833.0,18074.0,33.541,270.0,29.81
2026-07-08 04:42:26,56.0,76.000              ,1031.691,200.0,1200.0,0.0,56.0,56.000              ,56.0,56.0,56.0,56.0,56.0,56.0,56.0,70.466,58.549,61.883,68.324,66.813,53.244,65.435,53.756,62.309,1616.667,1616.667,1616.667,1616.667,1616.667,1650.0,1650.0,1650.0,1650.0,0.698,0.697,0.751,0.752,0.681,0.682,0.668,0.668,15.008,4845.0,18104.0,35.511,271.0,28.16
2026-07-08 04:42:27,56.0,80.000              ,1031.668,265.0,1200.0,0.0,56.0,56.000              ,56.0,56.0,56.0,56.0,56.0,56.0,56.0,77.519,74.484,67.079,69.824,69.81,49.848,64.214,49.589,65.296,1550.0,1550.0,1550.0,1550.0,1328.571,1328.571,1328.571,1328.571,1550.0,0.789,0.783,0.693,0.697,0.66,0.658,0.614,0.613,15.173,4892.0,18152.0,41.723,272.0,23.97
2026-07-08 04:42:28,56.0,82.000              ,1031.785,254.0,1200.0,0.0,56.0,56.000              ,56.0,56.0,56.0,56.0,56.0,56.0,56.0,83.834,82.567,76.473,73.011,76.066,60.785,74.851,64.891,74.06,1500.0,1500.0,1500.0,1500.0,1500.0,1500.0,1285.714,1285.714,1500.0,0.817,0.823,0.72,0.714,0.648,0.649,0.668,0.669,14.908,4912.0,18158.0,28.712,273.0,34.83
2026-07-08 04:42:29,56.0,83.000              ,1033.246,254.0,1200.0,0.0,56.0,56.000              ,56.0,56.0,56.0,56.0,56.0,56.0,56.0,65.954,76.41,66.931,71.967,70.834,45.709,67.865,41.335,63.375,1516.667,1516.667,1516.667,1516.667,1516.667,1516.667,1300.0,1300.0,1516.667,0.778,0.78,0.73,0.732,0.627,0.627,0.597,0.595,15.093,4920.0,18163.0,24.78,274.0,40.36
2026-07-08 04:42:30,56.0,83.000              ,1035.496,200.0,1200.0,0.0,56.0,56.000              ,56.0,56.0,56.0,56.0,56.0,56.0,56.0,79.946,80.052,68.235,72.298,71.021,53.792,67.018,51.141,67.938,1466.667,1457.143,1457.143,1457.143,1457.143,1457.143,1457.143,1457.143,1466.667,0.798,0.796,0.7,0.699,0.644,0.643,0.587,0.587,14.91,4943.0,18181.0,26.668,275.0,37.5
2026-07-08 04:42:31,56.0,82.000              ,1035.496,200.0,1200.0,0.0,56.0,56.000              ,56.0,56.0,56.0,56.0,56.0,56.0,56.0,50.47,31.922,52.548,38.249,59.244,21.303,58.268,21.21,41.652,1550.0,1550.0,1328.571,1328.571,1328.571,1550.0,1328.571,1328.571,1550.0,0.578,0.578,0.625,0.626,0.599,0.599,0.589,0.589,14.683,4939.0,18163.0,25.148,276.0,39.76
2026-07-08 04:42:32,56.0,72.000              ,1035.492,428.0,1200.0,0.0,56.0,56.000              ,56.0,56.0,56.0,56.0,56.0,56.0,56.0,50.922,28.923,50.886,37.117,57.75,23.126,47.157,19.9,39.472,1783.333,1783.333,1783.333,1783.333,2140.0,2140.0,1783.333,1783.333,2140.0,0.682,0.682,0.724,0.727,0.698,0.698,0.579,0.579,15.013,4880.0,18026.0,21.86,277.0,45.75
2026-07-08 04:42:33,56.0,67.000              ,1034.496,426.0,1200.0,0.0,56.0,56.000              ,56.0,56.0,56.0,56.0,56.0,56.0,56.0,53.365,19.043,64.531,23.289,51.969,13.895,47.133,10.782,35.501,1683.333,1683.333,2020.0,2020.0,2000.0,2000.0,1666.667,1666.667,2020.0,0.749,0.751,0.777,0.774,0.623,0.624,0.591,0.591,14.799,4879.0,18024.0,23.682,278.0,42.23
2026-07-08 04:42:34,56.0,69.000              ,1034.496,469.0,1200.0,0.0,56.0,56.000              ,56.0,56.0,56.0,56.0,56.0,56.0,56.0,42.544,21.897,65.575,28.155,55.244,12.057,54.59,14.265,36.791,1816.667,1816.667,2180.0,2180.0,1816.667,1816.667,1816.667,1816.667,2180.0,0.654,0.653,0.88,0.882,0.638,0.637,0.634,0.634,15.092,4878.0,18024.0,19.414,279.0,51.51
2026-07-08 04:42:35,56.0,69.000              ,1034.496,393.0,1200.0,0.0,56.0,56.000              ,56.0,56.0,56.0,56.0,56.0,56.0,56.0,44.471,28.122,31.323,51.953,47.938,13.379,43.813,14.303,34.413,1800.0,1800.0,2160.0,2180.0,1816.667,1816.667,1816.667,1816.667,2180.0,0.701,0.701,0.867,0.865,0.587,0.587,0.598,0.599,15.07,4878.0,18023.0,23.982,280.0,41.7
2026-07-08 04:42:36,56.0,69.000              ,1034.492,344.0,1200.0,0.0,56.0,56.000              ,56.0,56.0,56.0,56.0,56.0,56.0,56.0,42.066,23.577,54.98,31.288,60.691,15.89,48.595,12.414,36.188,1800.0,1783.333,1783.333,1783.333,2140.0,2140.0,1783.333,1783.333,2140.0,0.662,0.662,0.783,0.783,0.727,0.729,0.61,0.609,15.038,4877.0,18022.0,22.556,281.0,44.33
2026-07-08 04:42:37,56.0,68.000              ,1034.117,420.0,1200.0,0.0,56.0,56.000              ,56.0,56.0,56.0,56.0,56.0,56.0,56.0,45.647,20.91,52.708,27.707,59.044,15.477,51.127,11.865,35.561,1766.667,1766.667,1766.667,1783.333,2140.0,2140.0,1783.333,1783.333,2140.0,0.644,0.644,0.684,0.684,0.695,0.694,0.6,0.6,15.149,4876.0,18022.0,21.714,282.0,46.05
2026-07-08 04:42:38,56.0,69.000              ,1034.121,420.0,1200.0,0.0,56.0,56.000              ,56.0,56.0,56.0,56.0,56.0,56.0,56.0,42.662,25.543,58.103,29.111,57.567,16.09,54.72,15.411,37.401,1750.0,1750.0,2100.0,2100.0,1750.0,1750.0,1766.667,1766.667,2100.0,0.678,0.678,0.805,0.807,0.703,0.702,0.685,0.685,14.979,4876.0,18022.0,19.703,283.0,50.75
2026-07-08 04:42:39,56.0,69.000              ,1034.117,500.0,1200.0,0.0,56.0,56.000              ,56.0,56.0,56.0,56.0,56.0,56.0,56.0,49.153,31.885,52.023,42.722,58.525,25.652,55.288,20.699,41.993,1650.0,1650.0,1980.0,1980.0,1650.0,1650.0,1650.0,1650.0,1980.0,0.667,0.669,0.776,0.775,0.687,0.687,0.628,0.628,15.058,4875.0,18023.0,20.976,284.0,47.67
2026-07-08 04:42:40,56.0,68.000              ,1034.125,400.0,1200.0,0.0,56.0,56.000              ,56.0,56.0,56.0,56.0,56.0,56.0,56.0,42.511,25.325,51.898,32.263,55.575,19.903,49.333,13.04,36.231,1800.0,1800.0,1800.0,1800.0,2160.0,2160.0,1800.0,1800.0,2160.0,0.684,0.685,0.756,0.756,0.769,0.769,0.62,0.616,14.813,4875.0,18023.0,27.08,285.0,36.93
2026-07-08 04:42:41,56.0,68.000              ,1034.148,400.0,1200.0,0.0,56.0,56.000              ,56.0,56.0,56.0,56.0,56.0,56.0,56.0,41.49,29.214,49.131,39.115,55.196,17.223,51.214,15.998,37.322,1780.0,1780.0,2225.0,2225.0,1780.0,1780.0,1780.0,1780.0,2225.0,0.68,0.678,0.893,0.893,0.694,0.694,0.659,0.666,15.347,4880.0,18022.0,24.017,286.0,41.64
2026-07-08 04:42:42,56.0,70.000              ,1034.156,406.0,1200.0,0.0,56.0,56.000              ,56.0,56.0,56.0,56.0,56.0,56.0,56.0,40.489,30.128,46.876,34.482,53.631,19.028,55.712,17.289,37.204,2000.0,2000.0,1666.667,1666.667,1666.667,1666.667,1650.0,1650.0,2000.0,0.629,0.629,0.746,0.745,0.698,0.7,0.681,0.68,14.94,4880.0,18023.0,19.059,287.0,52.47
2026-07-08 04:42:43,56.0,71.000              ,1031.914,435.0,1200.0,0.0,56.0,56.000              ,56.0,56.0,56.0,56.0,56.0,56.0,56.0,35.244,24.671,39.389,32.133,55.652,16.217,45.128,11.807,32.53,1780.0,1780.0,2225.0,2225.0,1800.0,1800.0,1800.0,1800.0,2225.0,0.59,0.591,0.711,0.711,0.744,0.741,0.61,0.612,15.045,4882.0,18021.0,24.422,288.0,40.95
2026-07-08 04:42:44,56.0,69.000              ,1030.406,393.0,1200.0,0.0,56.0,56.000              ,56.0,56.0,56.0,56.0,56.0,56.0,56.0,36.955,26.058,52.081,28.726,46.992,15.508,57.544,10.645,34.314,1750.0,1750.0,1750.0,1750.0,2100.0,2100.0,1750.0,1750.0,2100.0,0.668,0.669,0.798,0.798,0.675,0.676,0.757,0.756,15.023,4883.0,18021.0,25.31,289.0,39.51
2026-07-08 04:42:45,56.0,69.000              ,1030.41,492.0,1200.0,0.0,56.0,56.000              ,56.0,56.0,56.0,56.0,56.0,56.0,56.0,34.996,27.163,52.554,29.829,48.679,20.068,52.065,19.199,35.569,1820.0,1820.0,2275.0,2275.0,1820.0,1820.0,1820.0,1820.0,2275.0,0.621,0.619,0.823,0.823,0.712,0.711,0.723,0.725,15.133,4884.0,18021.0,19.466,290.0,51.37
2026-07-08 04:42:46,56.0,69.000              ,1030.41,393.0,1200.0,0.0,56.0,56.000              ,56.0,56.0,56.0,56.0,56.0,56.0,56.0,39.517,25.903,41.916,36.825,51.677,15.859,54.85,11.565,34.764,1650.0,1650.0,1980.0,1980.0,1980.0,1980.0,1650.0,1650.0,1980.0,0.584,0.584,0.736,0.736,0.627,0.627,0.625,0.634,14.988,4884.0,18021.0,23.205,291.0,43.09
2026-07-08 04:42:47,55.0,68.000              ,1030.406,393.0,1200.0,0.0,55.875,55.875              ,55.875,55.875,55.875,55.875,55.875,55.875,55.875,39.515,26.882,56.317,29.862,49.946,15.187,60.659,13.026,36.424,1780.0,1780.0,2225.0,2225.0,1780.0,1780.0,1780.0,1780.0,2225.0,0.624,0.626,0.819,0.819,0.637,0.637,0.726,0.716,14.945,4885.0,18020.0,22.761,292.0,43.93
2026-07-08 04:42:48,55.0,69.000              ,1030.406,375.0,1200.0,0.0,55.875,55.875              ,55.875,55.875,55.875,55.875,55.875,55.875,55.875,45.534,23.433,57.488,29.005,49.368,15.147,56.964,9.626,35.821,1650.0,1650.0,1980.0,1980.0,1650.0,1650.0,1650.0,1650.0,1980.0,0.657,0.657,0.803,0.803,0.608,0.608,0.672,0.672,14.976,4886.0,18020.0,21.539,293.0,46.43
2026-07-08 04:42:49,55.0,68.000              ,1030.406,461.0,1200.0,0.0,55.875,55.875              ,55.875,55.875,55.875,55.875,55.875,55.875,55.875,42.511,20.602,31.977,49.432,47.434,10.728,44.946,11.042,32.334,1800.0,1800.0,1800.0,1800.0,2250.0,2250.0,1800.0,1800.0,2250.0,0.653,0.651,0.891,0.894,0.603,0.603,0.579,0.579,14.977,4886.0,18019.0,25.172,294.0,39.73
2026-07-08 04:42:50,55.0,68.000              ,1030.41,400.0,1200.0,0.0,55.875,55.875              ,55.875,55.875,55.875,55.875,55.875,55.875,55.875,38.912,18.359,53.252,35.247,52.912,15.722,43.984,11.165,33.694,1780.0,1780.0,2225.0,2225.0,1780.0,1780.0,1780.0,1780.0,2225.0,0.626,0.626,0.851,0.851,0.683,0.683,0.581,0.582,15.158,4885.0,18018.0,23.355,295.0,42.82
2026-07-08 04:42:51,55.0,70.000              ,1030.406,406.0,1200.0,0.0,55.875,55.875              ,55.875,55.875,55.875,55.875,55.875,55.875,55.875,46.929,21.541,53.625,29.339,51.222,13.387,47.696,15.173,34.864,1783.333,1783.333,2140.0,2140.0,1783.333,1783.333,1783.333,1783.333,2140.0,0.713,0.715,0.805,0.803,0.653,0.653,0.636,0.637,14.957,4886.0,18019.0,21.453,296.0,46.61
2026-07-08 04:42:52,55.0,70.000              ,1030.41,450.0,1200.0,0.0,55.875,55.875              ,55.875,55.875,55.875,55.875,55.875,55.875,55.875,42.281,21.402,56.85,31.442,52.125,18.55,51.904,17.041,36.449,1816.667,1816.667,2180.0,2180.0,1816.667,1816.667,1816.667,1816.667,2180.0,0.665,0.663,0.828,0.828,0.688,0.688,0.649,0.648,15.024,4886.0,18019.0,18.997,297.0,52.64
2026-07-08 04:42:53,55.0,69.000              ,1030.406,387.0,1200.0,0.0,55.875,55.875              ,55.875,55.875,55.875,55.875,55.875,55.875,55.875,46.942,26.549,49.057,36.606,51.8,15.602,48.111,15.207,36.234,1700.0,1700.0,2040.0,2040.0,1700.0,1700.0,1700.0,1700.0,2040.0,0.664,0.664,0.802,0.802,0.602,0.602,0.607,0.609,15.132,4887.0,18020.0,23.85,298.0,41.93
2026-07-08 04:42:54,55.0,68.000              ,1030.41,435.0,1200.0,0.0,55.875,55.875              ,55.875,55.875,55.875,55.875,55.875,55.875,55.875,50.983,20.762,48.448,31.313,57.988,14.895,54.514,12.442,36.418,1816.667,1816.667,2180.0,2180.0,1816.667,1816.667,1816.667,1816.667,2180.0,0.719,0.719,0.749,0.749,0.694,0.694,0.676,0.675,15.161,4889.0,18020.0,22.178,299.0,45.09
2026-07-08 04:42:55,55.0,70.000              ,1030.41,450.0,1200.0,0.0,55.875,55.875              ,55.875,55.875,55.875,55.875,55.875,55.875,55.875,57.32,28.241,53.349,43.25,57.781,25.83,54.724,19.791,42.536,1940.0,1940.0,1616.667,1616.667,1940.0,1940.0,1616.667,1616.667,1940.0,0.7,0.7,0.69,0.692,0.688,0.679,0.59,0.59,14.921,4902.0,18021.0,25.249,300.0,39.61
2026-07-08 04:42:56,55.0,69.000              ,1030.406,428.0,1200.0,0.0,55.75,55.750              ,55.75,55.75,55.75,55.75,55.75,55.75,55.75,45.988,21.239,55.818,39.253,57.127,13.503,48.336,11.952,36.652,1600.0,1600.0,1920.0,1940.0,1600.0,1600.0,1600.0,1600.0,1940.0,0.657,0.657,0.832,0.818,0.632,0.641,0.579,0.579,15.042,4904.0,18020.0,23.398,301.0,42.74
2026-07-08 04:42:57,56.0,69.000              ,1030.406,250.0,1200.0,0.0,56.0,56.000              ,56.0,56.0,56.0,56.0,56.0,56.0,56.0,65.911,42.008,68.568,43.259,70.382,35.558,61.956,33.395,52.63,1800.0,1800.0,2250.0,2250.0,1800.0,1800.0,1800.0,1800.0,2250.0,0.843,0.845,0.822,0.833,0.795,0.795,0.719,0.72,15.53,4969.0,18022.0,24.282,302.0,41.18
2026-07-08 04:42:58,56.0,73.000              ,1030.422,333.0,1200.0,0.0,56.0,56.000              ,56.0,56.0,56.0,56.0,56.0,56.0,56.0,85.007,81.582,75.487,81.806,80.029,63.685,78.043,63.798,76.18,1400.0,1400.0,1400.0,1400.0,1400.0,1400.0,1414.286,1414.286,1414.286,0.772,0.761,0.734,0.738,0.672,0.676,0.656,0.656,14.935,5022.0,18020.0,57.398,303.0,17.42
2026-07-08 04:42:59,56.0,76.000              ,1027.484,321.0,1200.0,0.0,56.0,56.000              ,56.0,56.0,56.0,56.0,56.0,56.0,56.0,64.572,57.362,60.046,74.064,70.799,67.133,70.501,43.62,63.512,1414.286,1633.333,1633.333,1633.333,1650.0,1650.0,1414.286,1414.286,1650.0,0.64,0.648,0.743,0.744,0.774,0.782,0.605,0.603,14.897,5022.0,17973.0,45.725,304.0,21.87
2026-07-08 04:43:00,56.0,80.000              ,1027.48,469.0,1200.0,0.0,56.0,56.000              ,56.0,56.0,56.0,56.0,56.0,56.0,56.0,43.969,36.403,49.051,47.543,56.447,41.845,56.451,23.15,44.357,1471.429,1471.429,1716.667,1716.667,1471.429,1471.429,1471.429,1471.429,1716.667,0.567,0.567,0.674,0.667,0.698,0.678,0.617,0.617,14.87,5020.0,17972.0,26.417,305.0,37.85
2026-07-08 04:43:01,56.0,75.000              ,1027.48,533.0,1200.0,0.0,56.0,56.000              ,56.0,56.0,56.0,56.0,56.0,56.0,56.0,41.843,29.292,55.035,29.362,50.298,25.436,59.208,18.701,38.647,1750.0,1750.0,1750.0,1750.0,1750.0,1750.0,2100.0,2100.0,2100.0,0.623,0.624,0.716,0.721,0.664,0.663,0.741,0.741,14.914,5015.0,17964.0,28.271,306.0,35.37
2026-07-08 04:43:02,56.0,70.000              ,1027.766,400.0,1200.0,0.0,56.0,56.000              ,56.0,56.0,56.0,56.0,56.0,56.0,56.0,48.499,30.227,50.349,48.813,61.444,39.085,65.817,23.137,45.921,1700.0,1700.0,1700.0,1700.0,1700.0,1700.0,2040.0,2040.0,2040.0,0.606,0.604,0.757,0.757,0.766,0.766,0.708,0.708,15.225,5005.0,17958.0,28.802,307.0,34.72
2026-07-08 04:43:03,56.0,72.000              ,1027.77,200.0,1200.0,0.0,56.0,56.000              ,56.0,56.0,56.0,56.0,56.0,56.0,56.0,47.394,29.603,51.987,41.358,56.204,37.084,56.281,21.674,42.698,1600.0,1600.0,1920.0,1940.0,1616.667,1616.667,1616.667,1616.667,1940.0,0.575,0.575,0.713,0.713,0.694,0.695,0.611,0.611,14.913,5003.0,17959.0,24.829,308.0,40.28
2026-07-08 04:43:04,56.0,71.000              ,1027.766,400.0,1200.0,0.0,56.0,56.000              ,56.0,56.0,56.0,56.0,56.0,56.0,56.0,35.591,27.115,50.296,41.426,56.638,23.677,48.755,15.116,37.327,1633.333,1650.0,1650.0,2000.0,2000.0,2000.0,1666.667,1666.667,2000.0,0.558,0.558,0.783,0.783,0.726,0.724,0.583,0.583,14.952,5004.0,17958.0,23.162,309.0,43.17
2026-07-08 04:43:05,56.0,69.000              ,1027.77,200.0,1200.0,0.0,56.0,56.000              ,56.0,56.0,56.0,56.0,56.0,56.0,56.0,42.258,32.329,53.001,32.733,49.905,19.68,55.687,17.495,37.886,1816.667,1816.667,2180.0,2180.0,1816.667,1816.667,1816.667,1816.667,2180.0,0.677,0.677,0.797,0.797,0.657,0.657,0.741,0.741,15.093,5016.0,17957.0,28.231,310.0,35.42
2026-07-08 04:43:06,56.0,69.000              ,1027.77,200.0,1200.0,0.0,56.0,56.000              ,56.0,56.0,56.0,56.0,56.0,56.0,56.0,44.62,32.16,47.936,48.278,54.774,22.5,54.382,20.675,40.666,1860.0,1860.0,1860.0,1860.0,1550.0,1550.0,1860.0,1860.0,1860.0,0.618,0.618,0.796,0.799,0.656,0.656,0.649,0.649,14.906,5019.0,17957.0,26.851,311.0,37.24
2026-07-08 04:43:07,56.0,69.000              ,1027.77,413.0,1200.0,0.0,56.0,56.000              ,56.0,56.0,56.0,56.0,56.0,56.0,56.0,46.453,38.443,51.984,44.055,61.529,32.204,58.09,28.033,45.099,1683.333,1683.333,2020.0,2020.0,1683.333,1683.333,1683.333,1683.333,2020.0,0.576,0.576,0.67,0.668,0.68,0.68,0.636,0.626,15.134,5031.0,17957.0,21.922,312.0,45.62
2026-07-08 04:43:08,56.0,72.000              ,1027.77,461.0,1200.0,0.0,56.0,56.000              ,56.0,56.0,56.0,56.0,56.0,56.0,56.0,38.738,33.202,40.632,54.87,49.939,30.495,54.222,23.115,40.652,1500.0,1500.0,1800.0,1800.0,1800.0,1800.0,1500.0,1500.0,1800.0,0.539,0.539,0.78,0.771,0.604,0.604,0.575,0.585,15.001,5039.0,17958.0,20.47,313.0,48.85
2026-07-08 04:43:09,55.0,74.000              ,1027.77,476.0,1200.0,0.0,55.875,55.875              ,55.875,55.875,55.875,55.875,55.875,55.875,55.875,36.799,32.986,34.655,61.128,45.813,16.985,54.446,11.069,36.735,1700.0,1700.0,2040.0,2040.0,1700.0,1683.333,1666.667,1666.667,2040.0,0.594,0.598,0.909,0.919,0.573,0.573,0.596,0.595,15.027,5038.0,17955.0,28.838,314.0,34.68
2026-07-08 04:43:10,55.0,71.000              ,1027.527,426.0,1200.0,0.0,55.875,55.875              ,55.875,55.875,55.875,55.875,55.875,55.875,55.875,40.219,29.698,32.988,63.944,48.395,21.39,48.999,14.863,37.562,1683.333,1683.333,2020.0,2020.0,1683.333,1683.333,1683.333,1683.333,2020.0,0.599,0.596,0.926,0.926,0.624,0.624,0.573,0.573,15.037,5040.0,17954.0,25.209,315.0,39.67
2026-07-08 04:43:11,55.0,70.000              ,1028.531,413.0,1200.0,0.0,55.75,55.750              ,55.75,55.75,55.75,55.75,55.75,55.75,55.75,37.795,23.148,50.698,33.493,57.386,23.947,55.946,13.986,37.05,1716.667,1716.667,1716.667,1716.667,2060.0,2060.0,1716.667,1716.667,2060.0,0.585,0.585,0.77,0.77,0.755,0.757,0.658,0.658,14.884,5058.0,17957.0,32.615,316.0,30.66
2026-07-08 04:43:12,55.0,71.000              ,1031.543,200.0,1200.0,0.0,55.75,55.750              ,55.75,55.75,55.75,55.75,55.75,55.75,55.75,30.664,26.132,39.816,41.006,47.007,18.44,53.192,9.668,33.241,1783.333,1783.333,1783.333,1783.333,2140.0,2140.0,1783.333,1783.333,2140.0,0.572,0.572,0.802,0.806,0.681,0.679,0.678,0.678,15.028,5059.0,17960.0,28.496,317.0,35.09
2026-07-08 04:43:13,55.0,71.000              ,1031.551,200.0,1200.0,0.0,55.75,55.750              ,55.75,55.75,55.75,55.75,55.75,55.75,55.75,38.233,25.764,43.364,30.767,47.079,23.241,59.442,13.124,35.127,1800.0,1783.333,1783.333,1783.333,2140.0,2140.0,2160.0,2160.0,2160.0,0.597,0.598,0.689,0.685,0.656,0.656,0.791,0.793,15.166,5059.0,17958.0,23.559,318.0,42.45
2026-07-08 04:43:14,55.0,69.000              ,1031.555,413.0,1200.0,0.0,55.75,55.750              ,55.75,55.75,55.75,55.75,55.75,55.75,55.75,38.636,22.074,50.262,26.793,43.218,17.015,65.713,11.426,34.392,1760.0,1760.0,2200.0,2200.0,1760.0,1760.0,2200.0,2200.0,2200.0,0.63,0.629,0.704,0.704,0.608,0.608,0.91,0.908,14.966,5061.0,17958.0,18.727,319.0,53.4
2026-07-08 04:43:15,55.0,69.000              ,1031.535,200.0,1200.0,0.0,55.75,55.750              ,55.75,55.75,55.75,55.75,55.75,55.75,55.75,41.505,25.427,41.929,36.85,43.473,25.549,63.01,16.47,36.777,1816.667,1816.667,2180.0,2180.0,1816.667,1816.667,2180.0,2180.0,2180.0,0.645,0.645,0.714,0.714,0.665,0.665,0.874,0.874,14.951,5062.0,17959.0,26.275,320.0,38.06
2026-07-08 04:43:16,55.0,69.000              ,1031.527,413.0,1200.0,0.0,55.75,55.750              ,55.75,55.75,55.75,55.75,55.75,55.75,55.75,33.831,25.358,40.563,52.068,43.941,24.74,50.533,14.208,35.655,1800.0,1800.0,2250.0,2225.0,1760.0,1760.0,1760.0,1760.0,2250.0,0.55,0.55,0.885,0.885,0.655,0.655,0.647,0.648,15.278,5062.0,17959.0,24.085,321.0,41.52
2026-07-08 04:43:17,55.0,68.000              ,1031.586,420.0,1200.0,0.0,55.75,55.750              ,55.75,55.75,55.75,55.75,55.75,55.75,55.75,46.486,22.66,40.866,30.266,56.533,10.805,47.389,12.645,33.456,1766.667,1766.667,2120.0,2100.0,1750.0,1750.0,1750.0,1750.0,2120.0,0.643,0.643,0.703,0.703,0.687,0.687,0.671,0.67,14.79,5062.0,17959.0,25.08,322.0,39.87
2026-07-08 04:43:18,55.0,70.000              ,1031.586,406.0,1200.0,0.0,55.75,55.750              ,55.75,55.75,55.75,55.75,55.75,55.75,55.75,39.643,29.627,39.359,56.309,47.892,15.481,47.54,18.53,36.798,1783.333,1783.333,2140.0,2140.0,1766.667,1766.667,1766.667,1766.667,2140.0,0.646,0.646,0.924,0.924,0.603,0.603,0.663,0.663,15.383,5063.0,17959.0,27.189,323.0,36.78
2026-07-08 04:43:19,55.0,70.000              ,1031.59,200.0,1200.0,0.0,55.75,55.750              ,55.75,55.75,55.75,55.75,55.75,55.75,55.75,35.161,29.542,40.723,41.206,48.436,23.965,60.363,19.371,37.346,1583.333,1583.333,1583.333,1583.333,1900.0,1900.0,1583.333,1583.333,1900.0,0.544,0.542,0.68,0.681,0.641,0.641,0.715,0.715,14.844,5068.0,17960.0,24.385,324.0,41.01
2026-07-08 04:43:20,55.0,70.000              ,1031.348,400.0,1200.0,0.0,55.75,55.750              ,55.75,55.75,55.75,55.75,55.75,55.75,55.75,39.673,29.519,48.928,40.969,43.155,22.828,58.383,19.949,37.926,1683.333,1683.333,1683.333,1683.333,1666.667,1666.667,2000.0,2000.0,2000.0,0.637,0.637,0.8,0.809,0.636,0.628,0.783,0.783,14.945,5083.0,17962.0,30.227,325.0,33.08
2026-07-08 04:43:21,56.0,70.000              ,1031.34,413.0,1200.0,0.0,56.0,56.000              ,56.0,56.0,56.0,56.0,56.0,56.0,56.0,60.577,46.688,55.84,60.23,65.183,44.666,67.527,34.638,54.419,1516.667,1516.667,1516.667,1516.667,1820.0,1800.0,1800.0,1800.0,1820.0,0.685,0.685,0.759,0.748,0.695,0.704,0.663,0.663,15.18,5093.0,17965.0,36.348,326.0,27.51
2026-07-08 04:43:22,56.0,71.000              ,1031.938,364.0,1200.0,0.0,56.0,56.000              ,56.0,56.0,56.0,56.0,56.0,56.0,56.0,47.62,26.309,46.025,37.575,45.349,26.514,59.6,19.617,38.576,1533.333,1533.333,1840.0,1840.0,1820.0,1820.0,1516.667,1516.667,1840.0,0.607,0.608,0.683,0.684,0.63,0.63,0.73,0.73,14.929,5101.0,17965.0,29.07,327.0,34.4
2026-07-08 04:43:23,56.0,69.000              ,1031.938,413.0,1200.0,0.0,56.0,56.000              ,56.0,56.0,56.0,56.0,56.0,56.0,56.0,34.259,22.624,42.739,33.284,49.958,15.153,60.02,15.017,34.132,1760.0,1760.0,1760.0,1760.0,1760.0,1760.0,2200.0,2200.0,2200.0,0.595,0.596,0.717,0.716,0.693,0.694,0.837,0.837,14.893,5103.0,17964.0,21.083,328.0,47.43
2026-07-08 04:43:24,56.0,69.000              ,1031.934,387.0,1200.0,0.0,56.0,56.000              ,56.0,56.0,56.0,56.0,56.0,56.0,56.0,50.533,31.036,43.028,54.244,61.0,24.78,57.303,19.32,42.655,1783.333,1783.333,2140.0,2140.0,1783.333,1783.333,1783.333,1783.333,2140.0,0.671,0.669,0.858,0.858,0.702,0.689,0.668,0.668,15.357,5104.0,17963.0,22.791,329.0,43.88
2026-07-08 04:43:25,56.0,74.000              ,1031.938,484.0,1200.0,0.0,56.0,56.000              ,56.0,56.0,56.0,56.0,56.0,56.0,56.0,41.743,26.549,36.244,44.376,49.241,23.031,54.198,19.766,36.893,1566.667,1566.667,1880.0,1900.0,1583.333,1583.333,1583.333,1583.333,1900.0,0.561,0.563,0.687,0.687,0.637,0.648,0.673,0.673,14.954,5103.0,17962.0,20.678,330.0,48.36
2026-07-08 04:43:26,56.0,72.000              ,1031.938,326.0,1200.0,0.0,56.0,56.000              ,56.0,56.0,56.0,56.0,56.0,56.0,56.0,42.615,22.998,44.781,42.405,48.195,15.692,51.456,13.973,35.265,1666.667,1666.667,2000.0,2000.0,1666.667,1666.667,1666.667,1666.667,2000.0,0.649,0.648,0.844,0.844,0.631,0.632,0.641,0.641,14.814,5103.0,17962.0,24.399,331.0,40.99
2026-07-08 04:43:27,56.0,67.000              ,1031.938,428.0,1200.0,0.0,56.0,56.000              ,56.0,56.0,56.0,56.0,56.0,56.0,56.0,41.819,29.795,40.538,52.753,51.68,18.511,56.501,18.49,38.761,1716.667,1716.667,1716.667,1716.667,2060.0,2060.0,1700.0,1700.0,2060.0,0.618,0.618,0.851,0.851,0.639,0.638,0.685,0.686,15.362,5111.0,17962.0,22.057,332.0,45.34
2026-07-08 04:43:28,56.0,68.000              ,1031.938,508.0,1200.0,0.0,56.0,56.000              ,56.0,56.0,56.0,56.0,56.0,56.0,56.0,39.344,39.026,37.712,58.032,52.351,18.162,48.107,19.316,39.006,1600.0,1600.0,1920.0,1920.0,1600.0,1600.0,1600.0,1600.0,1920.0,0.623,0.63,0.879,0.879,0.626,0.627,0.604,0.603,14.938,5113.0,17963.0,26.416,333.0,37.86
2026-07-08 04:43:29,56.0,69.000              ,1031.934,413.0,1200.0,0.0,56.0,56.000              ,56.0,56.0,56.0,56.0,56.0,56.0,56.0,50.286,36.711,49.18,63.782,58.533,26.874,57.222,38.399,47.623,1683.333,1683.333,2020.0,2020.0,1683.333,1700.0,1700.0,1700.0,2020.0,0.616,0.609,0.834,0.834,0.651,0.651,0.687,0.681,14.988,5107.0,17959.0,23.186,334.0,43.13
2026-07-08 04:43:30,56.0,73.000              ,1031.688,200.0,1200.0,0.0,56.0,56.000              ,56.0,56.0,56.0,56.0,56.0,56.0,56.0,37.825,31.096,33.858,57.0,54.926,14.59,48.419,12.103,36.227,1600.0,1600.0,1920.0,1920.0,1600.0,1600.0,1600.0,1600.0,1920.0,0.557,0.557,0.846,0.833,0.582,0.581,0.556,0.561,14.945,5112.0,17958.0,18.805,335.0,53.18
2026-07-08 04:43:31,56.0,71.000              ,1031.602,400.0,1200.0,0.0,56.0,56.000              ,56.0,56.0,56.0,56.0,56.0,56.0,56.0,37.979,35.785,41.729,53.176,55.578,27.518,51.988,20.121,40.484,1566.667,1566.667,1880.0,1900.0,1583.333,1920.0,1600.0,1600.0,1920.0,0.596,0.596,0.804,0.814,0.68,0.68,0.627,0.626,14.933,5115.0,17954.0,27.137,336.0,36.85
2026-07-08 04:43:32,56.0,68.000              ,1031.605,400.0,1200.0,0.0,56.0,56.000              ,56.0,56.0,56.0,56.0,56.0,56.0,56.0,44.709,33.92,45.63,64.072,56.588,24.938,58.42,27.016,44.412,1750.0,1750.0,2100.0,2100.0,1750.0,1750.0,1750.0,1733.333,2100.0,0.59,0.591,0.848,0.851,0.627,0.627,0.69,0.691,15.38,5121.0,17956.0,23.908,337.0,41.83
2026-07-08 04:43:33,56.0,69.000              ,1031.609,435.0,1200.0,0.0,56.0,56.000              ,56.0,56.0,56.0,56.0,56.0,56.0,56.0,40.787,32.898,35.958,67.435,56.53,20.266,50.547,25.895,41.29,1483.333,1483.333,1780.0,1780.0,1483.333,1483.333,1483.333,1483.333,1780.0,0.566,0.565,0.873,0.882,0.603,0.603,0.612,0.611,14.933,5120.0,17956.0,35.282,338.0,28.34
2026-07-08 04:43:34,56.0,68.000              ,1031.605,200.0,1200.0,0.0,56.0,56.000              ,56.0,56.0,56.0,56.0,56.0,56.0,56.0,44.811,29.674,37.764,55.03,59.362,12.595,43.212,12.946,36.924,1633.333,1633.333,1960.0,1960.0,1633.333,1633.333,1633.333,1633.333,1960.0,0.624,0.624,0.9,0.883,0.63,0.63,0.57,0.572,14.763,5127.0,17956.0,26.824,339.0,37.28
2026-07-08 04:43:35,56.0,69.000              ,1031.605,200.0,1200.0,0.0,56.0,56.000              ,56.0,56.0,56.0,56.0,56.0,56.0,56.0,42.694,35.149,38.601,55.082,59.775,22.516,53.688,21.404,41.114,1683.333,1683.333,2020.0,2020.0,1683.333,1683.333,1683.333,1683.333,2020.0,0.578,0.578,0.771,0.778,0.669,0.669,0.618,0.617,15.391,5126.0,17956.0,26.45,340.0,37.81
2026-07-08 04:43:36,56.0,69.000              ,1031.602,469.0,1200.0,0.0,56.0,56.000              ,56.0,56.0,56.0,56.0,56.0,56.0,56.0,40.164,30.271,39.623,61.407,48.209,16.572,46.427,21.332,38.001,1566.667,1566.667,1566.667,1566.667,1566.667,1566.667,1900.0,1900.0,1900.0,0.557,0.557,0.911,0.911,0.542,0.544,0.612,0.618,14.864,5124.0,17954.0,19.311,341.0,51.78
2026-07-08 04:43:37,56.0,70.000              ,1031.602,406.0,1200.0,0.0,56.0,56.000              ,56.0,56.0,56.0,56.0,56.0,56.0,56.0,36.016,28.006,40.857,53.668,59.115,18.17,45.059,17.891,37.347,1733.333,1733.333,2080.0,2080.0,1716.667,1716.667,1716.667,1716.667,2080.0,0.567,0.567,0.875,0.884,0.692,0.69,0.606,0.611,15.062,5134.0,17955.0,24.33,342.0,41.1
2026-07-08 04:43:38,56.0,69.000              ,1031.602,500.0,1200.0,0.0,56.0,56.000              ,56.0,56.0,56.0,56.0,56.0,56.0,56.0,38.734,27.773,50.928,38.594,51.715,18.291,56.573,26.237,38.606,1633.333,1633.333,1960.0,1960.0,1633.333,1633.333,1633.333,1633.333,1960.0,0.595,0.595,0.775,0.767,0.618,0.608,0.758,0.747,14.851,5135.0,17956.0,20.203,343.0,49.5
2026-07-08 04:43:39,56.0,70.000              ,1031.602,400.0,1200.0,0.0,56.0,56.000              ,56.0,56.0,56.0,56.0,56.0,56.0,56.0,41.157,30.88,47.573,41.198,61.421,17.703,49.384,21.256,38.822,1583.333,1583.333,1583.333,1583.333,1583.333,1583.333,1900.0,1900.0,1900.0,0.612,0.612,0.72,0.731,0.772,0.772,0.679,0.677,14.944,5136.0,17957.0,23.041,344.0,43.4
2026-07-08 04:43:40,56.0,70.000              ,1031.348,200.0,1200.0,0.0,56.0,56.000              ,56.0,56.0,56.0,56.0,56.0,56.0,56.0,42.248,28.501,44.13,41.529,59.771,18.953,54.272,19.696,38.637,1733.333,1733.333,2080.0,2080.0,1733.333,1733.333,1733.333,1733.333,2080.0,0.61,0.61,0.766,0.755,0.721,0.732,0.696,0.696,15.098,5139.0,17958.0,24.03,345.0,41.61
2026-07-08 04:43:41,56.0,69.000              ,1030.969,457.0,1200.0,0.0,56.0,56.000              ,56.0,56.0,56.0,56.0,56.0,56.0,56.0,37.991,32.199,51.592,44.69,56.876,24.716,50.139,21.746,39.994,1683.333,1683.333,2020.0,2020.0,1683.333,1683.333,1683.333,1683.333,2020.0,0.602,0.605,0.848,0.847,0.715,0.712,0.671,0.672,15.195,5137.0,17958.0,20.567,346.0,48.62
2026-07-08 04:43:42,56.0,69.000              ,1030.969,457.0,1200.0,0.0,56.0,56.000              ,56.0,56.0,56.0,56.0,56.0,56.0,56.0,38.483,27.895,41.047,52.832,48.724,21.916,52.227,25.873,38.625,1566.667,1566.667,1566.667,1566.667,1566.667,1566.667,1880.0,1880.0,1880.0,0.548,0.545,0.792,0.792,0.606,0.607,0.665,0.663,15.024,5147.0,17958.0,22.003,347.0,45.45
2026-07-08 04:43:43,55.0,70.000              ,1030.969,450.0,1200.0,0.0,55.875,55.875              ,55.875,55.875,55.875,55.875,55.875,55.875,55.875,37.997,25.533,46.706,36.899,52.464,22.888,51.85,21.479,36.977,1666.667,1666.667,2000.0,2000.0,1666.667,1666.667,2000.0,2000.0,2000.0,0.58,0.58,0.763,0.763,0.651,0.651,0.732,0.734,15.125,5147.0,17958.0,19.436,348.0,51.45
2026-07-08 04:43:44,55.0,69.000              ,1030.969,321.0,1200.0,0.0,55.875,55.875              ,55.875,55.875,55.875,55.875,55.875,55.875,55.875,48.046,32.942,47.124,62.753,59.178,27.615,56.664,32.927,45.906,1783.333,1783.333,2140.0,2140.0,1783.333,1783.333,1783.333,1783.333,2140.0,0.609,0.61,0.876,0.882,0.678,0.667,0.686,0.686,15.143,5155.0,17958.0,27.88,349.0,35.87
2026-07-08 04:43:45,55.0,75.000              ,1030.98,281.0,1200.0,0.0,55.875,55.875              ,55.875,55.875,55.875,55.875,55.875,55.875,55.875,56.67,44.919,63.842,81.988,63.355,40.271,72.012,47.127,58.773,1385.714,1385.714,1633.333,1633.333,1400.0,1400.0,1400.0,1400.0,1633.333,0.559,0.558,0.877,0.872,0.606,0.616,0.71,0.71,15.117,5170.0,17956.0,22.613,350.0,44.22
2026-07-08 04:43:46,55.0,82.000              ,1030.973,300.0,1200.0,0.0,55.875,55.875              ,55.875,55.875,55.875,55.875,55.875,55.875,55.875,54.606,45.777,63.05,78.25,61.462,45.314,73.938,41.699,58.012,1371.429,1385.714,1616.667,1616.667,1385.714,1385.714,1385.714,1385.714,1616.667,0.59,0.59,0.876,0.875,0.64,0.64,0.712,0.712,15.028,5173.0,17955.0,22.507,351.0,44.43
2026-07-08 04:43:47,55.0,82.000              ,1030.973,406.0,1200.0,0.0,55.875,55.875              ,55.875,55.875,55.875,55.875,55.875,55.875,55.875,48.93,36.935,59.792,63.785,59.431,32.851,60.317,31.677,49.215,1414.286,1414.286,1650.0,1666.667,1428.571,1428.571,1428.571,1428.571,1666.667,0.55,0.55,0.82,0.82,0.608,0.608,0.631,0.63,14.85,5176.0,17956.0,25.744,352.0,38.84
2026-07-08 04:43:48,55.0,76.000              ,1030.973,476.0,1200.0,0.0,55.875,55.875              ,55.875,55.875,55.875,55.875,55.875,55.875,55.875,41.478,28.023,50.63,39.594,57.639,23.141,53.102,26.778,40.048,1583.333,1583.333,1900.0,1900.0,1600.0,1600.0,1600.0,1600.0,1900.0,0.557,0.556,0.747,0.748,0.684,0.684,0.684,0.684,14.777,5179.0,17956.0,23.866,353.0,41.9
2026-07-08 04:43:49,55.0,68.000              ,1030.973,426.0,1200.0,0.0,55.875,55.875              ,55.875,55.875,55.875,55.875,55.875,55.875,55.875,40.449,27.315,49.43,43.093,58.013,19.536,47.84,23.22,38.612,1716.667,1716.667,1716.667,1716.667,2060.0,2080.0,1733.333,1716.667,2080.0,0.606,0.606,0.87,0.869,0.69,0.69,0.673,0.673,15.005,5177.0,17955.0,31.856,354.0,31.39
2026-07-08 04:43:50,55.0,67.000              ,1030.719,387.0,1200.0,0.0,55.875,55.875              ,55.875,55.875,55.875,55.875,55.875,55.875,55.875,43.339,27.807,48.059,51.897,54.823,20.456,52.08,30.412,41.109,1766.667,1766.667,2120.0,2120.0,1766.667,1766.667,1766.667,1766.667,2120.0,0.57,0.57,0.829,0.829,0.609,0.605,0.691,0.692,15.217,5182.0,17955.0,24.629,355.0,40.6
2026-07-08 04:43:51,55.0,72.000              ,1030.711,450.0,1200.0,0.0,55.875,55.875              ,55.875,55.875,55.875,55.875,55.875,55.875,55.875,43.209,42.92,56.162,60.226,55.228,28.592,58.019,33.168,47.191,1483.333,1483.333,1780.0,1780.0,1780.0,1780.0,1483.333,1483.333,1780.0,0.584,0.586,0.829,0.829,0.585,0.588,0.655,0.654,15.0,5170.0,17955.0,40.078,356.0,24.95
2026-07-08 04:43:52,55.0,71.000              ,1031.723,442.0,1200.0,0.0,55.875,55.875              ,55.875,55.875,55.875,55.875,55.875,55.875,55.875,38.311,33.188,44.416,52.181,60.623,18.298,50.71,22.016,39.968,1633.333,1633.333,1960.0,1960.0,1633.333,1633.333,1633.333,1633.333,1960.0,0.596,0.594,0.812,0.813,0.672,0.674,0.62,0.62,15.1,5169.0,17957.0,20.187,357.0,49.54
2026-07-08 04:43:53,55.0,66.000              ,1031.719,428.0,1200.0,0.0,55.875,55.875              ,55.875,55.875,55.875,55.875,55.875,55.875,55.875,40.948,29.954,53.695,35.789,64.146,14.981,60.34,25.403,40.657,1716.667,1716.667,2060.0,2060.0,1716.667,1716.667,1700.0,1700.0,2060.0,0.621,0.621,0.712,0.71,0.727,0.725,0.76,0.765,15.006,5168.0,17955.0,24.491,358.0,40.83
2026-07-08 04:43:54,55.0,71.000              ,1033.004,442.0,1200.0,0.0,55.875,55.875              ,55.875,55.875,55.875,55.875,55.875,55.875,55.875,46.515,30.543,49.259,55.516,58.956,24.903,55.046,30.707,43.931,1583.333,1583.333,1900.0,1900.0,1583.333,1583.333,1920.0,1920.0,1920.0,0.562,0.562,0.807,0.807,0.633,0.633,0.68,0.675,15.07,5164.0,17956.0,28.785,359.0,34.74
2026-07-08 04:43:55,55.0,73.000              ,1033.043,476.0,1200.0,0.0,55.875,55.875              ,55.875,55.875,55.875,55.875,55.875,55.875,55.875,37.172,20.7,37.227,35.344,47.656,13.175,50.589,20.256,32.765,1650.0,1650.0,1980.0,1980.0,1650.0,1650.0,1650.0,1650.0,1980.0,0.563,0.563,0.702,0.702,0.594,0.595,0.768,0.77,14.714,5163.0,17956.0,25.159,360.0,39.75
2026-07-08 04:43:56,55.0,71.000              ,1041.254,406.0,1200.0,0.0,55.875,55.875              ,55.875,55.875,55.875,55.875,55.875,55.875,55.875,41.176,30.109,35.913,59.355,46.586,22.905,56.066,16.216,38.541,1766.667,1766.667,2140.0,2140.0,1783.333,1783.333,1783.333,1783.333,2140.0,0.576,0.577,0.873,0.875,0.594,0.593,0.627,0.625,15.421,5175.0,17968.0,28.204,361.0,35.46
2026-07-08 04:43:57,55.0,79.000              ,1041.25,200.0,1200.0,0.0,55.875,55.875              ,55.875,55.875,55.875,55.875,55.875,55.875,55.875,26.867,19.259,54.603,32.714,38.406,18.218,41.148,14.077,30.662,1500.0,1500.0,1800.0,1800.0,1800.0,1800.0,1500.0,1500.0,1800.0,0.462,0.461,1.211,1.209,0.61,0.61,0.613,0.613,14.084,5180.0,17964.0,22.516,362.0,44.41
2026-07-08 04:43:58,56.0,43.000              ,1041.25,200.0,1200.0,0.0,56.375,56.375              ,56.375,56.375,56.375,56.375,56.375,56.375,56.375,21.026,12.023,57.483,6.674,15.567,6.983,14.513,23.606,19.734,1625.0,1625.0,3250.0,3250.0,1857.143,1857.143,1857.143,1857.143,3250.0,0.902,0.902,2.145,2.145,0.715,0.717,1.064,1.064,14.971,5188.0,17894.0,0.0,363.0,
2026-07-08 04:43:59,56.0,0.000               ,1041.25,200.0,1200.0,0.0,56.75,56.750              ,56.75,56.75,56.75,56.75,56.75,56.75,56.75,11.121,2.404,61.87,6.101,24.328,11.068,19.496,8.901,18.161,2200.0,2200.0,2640.0,2640.0,2200.0,2200.0,3325.0,3325.0,3325.0,0.628,0.618,2.103,2.103,1.012,1.01,0.908,0.908,15.068,4727.0,17259.0,0.0,364.0,
2026-07-08 04:44:00,56.0,0.000               ,1041.25,200.0,1200.0,0.0,56.875,56.875              ,56.875,56.875,56.875,56.875,56.875,56.875,56.875,21.615,9.162,67.958,14.786,27.492,8.285,29.766,14.163,24.153,1771.429,1771.429,3100.0,3100.0,2480.0,2480.0,2066.667,2066.667,3100.0,0.783,0.795,2.143,2.143,0.915,0.915,1.208,1.212,15.125,4663.0,16575.0,0.0,365.0,
2026-07-08 04:44:01,56.0,0.000               ,1041.25,200.0,1200.0,0.0,56.625,56.625              ,56.625,56.625,56.625,56.625,56.625,56.625,56.625,17.534,13.394,53.612,21.652,21.577,10.233,45.591,17.747,25.167,1814.286,1814.286,3175.0,3175.0,1814.286,1814.286,1814.286,1814.286,3175.0,0.73,0.73,1.923,1.923,0.71,0.71,1.381,1.378,15.136,4487.0,16379.0,0.0,366.0,
2026-07-08 04:44:02,56.0,0.000               ,1041.25,200.0,1200.0,0.0,56.75,56.750              ,56.75,56.75,56.75,56.75,56.75,56.75,56.75,14.555,13.025,70.428,3.566,12.962,7.955,12.317,7.429,17.78,2150.0,2150.0,3225.0,3225.0,2150.0,2150.0,2580.0,2580.0,3225.0,0.931,0.932,2.409,2.409,0.77,0.77,0.768,0.768,14.99,4342.0,15551.0,0.0,367.0,
2026-07-08 04:44:03,56.0,0.000               ,993.82,200.0,1200.0,0.0,56.625,56.625              ,56.625,56.625,56.625,56.625,56.625,56.625,56.625,18.494,21.693,20.08,65.313,28.91,11.143,22.498,25.006,26.642,3100.0,3075.0,2440.0,2440.0,2420.0,2420.0,2400.0,2925.0,3100.0,0.933,0.937,1.924,1.924,0.933,0.936,1.058,1.058,15.119,4086.0,15160.0,5776.262,368.0,0.17
2026-07-08 04:44:04,57.0,0.000               ,993.82,200.0,1200.0,0.0,57.25,57.250              ,57.25,57.25,57.25,57.25,57.25,57.25,57.25,17.677,10.05,11.919,85.127,24.082,8.884,12.459,10.015,22.527,2033.333,2033.333,3050.0,3050.0,1742.857,1742.857,1742.857,1742.857,3050.0,0.63,0.625,3.098,3.098,0.876,0.873,0.649,0.649,15.135,4084.0,15173.0,0.0,369.0,
2026-07-08 04:44:05,57.0,0.000               ,953.531,200.0,1200.0,0.0,57.25,57.250              ,57.25,57.25,57.25,57.25,57.25,57.25,57.25,12.341,5.371,3.523,86.399,16.65,4.03,13.654,5.028,18.374,1728.571,1728.571,3025.0,3025.0,2016.667,2016.667,2016.667,2016.667,3025.0,0.617,0.617,3.049,3.049,0.711,0.711,0.659,0.648,14.872,4050.0,14803.0,2476.974,370.0,0.4
2026-07-08 04:44:06,57.0,1.000               ,953.531,200.0,1200.0,0.0,57.375,57.375              ,57.375,57.375,57.375,57.375,57.375,57.375,57.375,11.364,4.713,3.837,92.674,26.071,5.192,17.197,8.94,21.249,2166.667,2166.667,3250.0,3250.0,1857.143,1857.143,1857.143,1857.143,3250.0,0.546,0.546,3.166,3.166,0.835,0.835,0.702,0.713,15.134,3983.0,14558.0,0.0,371.0,
2026-07-08 04:44:07,57.0,1.000               ,953.531,200.0,1200.0,0.0,57.625,57.625              ,57.625,57.625,57.625,57.625,57.625,57.625,57.625,6.482,4.117,3.295,87.988,24.93,2.982,11.078,5.122,18.249,1800.0,1800.0,3150.0,3150.0,1800.0,1800.0,2100.0,2100.0,3150.0,0.489,0.489,3.484,3.484,0.864,0.864,0.639,0.639,15.162,3905.0,14577.0,0.0,372.0,
2026-07-08 04:44:08,58.0,0.000               ,953.531,200.0,1200.0,0.0,58.125,58.125              ,58.125,58.125,58.125,58.125,58.125,58.125,58.125,4.563,2.527,1.3,93.794,9.517,3.358,7.064,3.945,15.758,1612.5,1612.5,3225.0,3225.0,1842.857,1842.857,1842.857,1842.857,3225.0,0.43,0.43,3.647,3.647,0.572,0.572,0.519,0.519,14.866,3953.0,14604.0,0.0,373.0,
2026-07-08 04:44:09,57.0,0.000               ,941.863,200.0,1200.0,0.0,57.75,57.750              ,57.75,57.75,57.75,57.75,57.75,57.75,57.75,8.344,6.413,3.783,89.994,18.18,4.174,11.26,11.375,19.19,1900.0,1900.0,3325.0,3325.0,1900.0,1900.0,1900.0,1900.0,3325.0,0.579,0.579,3.023,2.988,0.759,0.759,0.748,0.751,15.223,3985.0,14410.0,3838.219,374.0,0.26
2026-07-08 04:44:10,58.0,0.000               ,942.863,200.0,1200.0,0.0,58.0,58.000              ,58.0,58.0,58.0,58.0,58.0,58.0,58.0,13.444,7.139,3.87,53.567,41.246,3.108,10.053,9.01,17.68,1842.857,1842.857,3225.0,3225.0,2150.0,2150.0,2150.0,2150.0,3225.0,0.69,0.69,1.915,1.934,1.464,1.464,0.671,0.667,15.059,4029.0,14155.0,0.0,375.0,
2026-07-08 04:44:11,56.0,0.000               ,878.855,200.0,1200.0,0.0,56.5,56.500              ,56.5,56.5,56.5,56.5,56.5,56.5,56.5,40.029,24.103,51.208,48.478,53.179,26.693,55.487,33.875,41.632,2280.0,2280.0,2850.0,2850.0,2280.0,2280.0,2280.0,2280.0,2850.0,0.886,0.886,1.508,1.508,1.14,1.122,1.224,1.224,15.497,3982.0,13879.0,1474.169,376.0,0.68
2026-07-08 04:44:12,55.0,23.000              ,878.859,200.0,1200.0,0.0,55.75,55.750              ,55.75,55.75,55.75,55.75,55.75,55.75,55.75,30.56,13.173,44.315,31.94,42.387,12.919,41.112,15.42,28.978,1940.0,1940.0,2425.0,2425.0,1940.0,1940.0,1940.0,1940.0,2425.0,0.64,0.64,1.088,1.088,0.789,0.802,0.808,0.808,14.458,3929.0,13863.0,32.122,377.0,31.13
2026-07-08 04:44:13,55.0,48.000              ,908.574,200.0,1200.0,0.0,55.75,55.750              ,55.75,55.75,55.75,55.75,55.75,55.75,55.75,30.37,15.929,52.923,21.879,23.965,8.624,29.825,10.752,24.283,2500.0,2500.0,3125.0,3125.0,2083.333,2083.333,2500.0,2500.0,3125.0,0.872,0.872,1.348,1.348,0.746,0.746,0.766,0.766,15.389,3951.0,13883.0,32.67,378.0,30.61
2026-07-08 04:44:14,55.0,56.000              ,908.594,200.0,1200.0,0.0,55.75,55.750              ,55.75,55.75,55.75,55.75,55.75,55.75,55.75,16.598,10.877,50.123,14.362,16.208,0.883,25.886,2.925,17.233,2260.0,2260.0,2260.0,2260.0,2280.0,2280.0,2850.0,2850.0,2850.0,0.719,0.719,1.378,1.378,0.589,0.59,0.704,0.704,14.855,3950.0,13854.0,17.219,379.0,58.08
2026-07-08 04:44:15,55.0,60.000              ,908.594,200.0,1200.0,0.0,55.625,55.625              ,55.625,55.625,55.625,55.625,55.625,55.625,55.625,15.303,10.037,54.753,15.207,40.315,3.444,22.933,11.152,21.643,2440.0,2440.0,3050.0,3050.0,2850.0,2850.0,2280.0,2280.0,3050.0,0.587,0.587,1.359,1.359,0.852,0.85,0.751,0.751,14.917,3806.0,13706.0,18.003,380.0,55.55
2026-07-08 04:44:16,55.0,31.000              ,908.594,200.0,1200.0,0.0,55.25,55.250              ,55.25,55.25,55.25,55.25,55.25,55.25,55.25,5.724,4.879,8.853,1.345,6.403,1.335,2.118,2.359,4.127,2650.0,2650.0,2650.0,2650.0,2650.0,2650.0,2650.0,2650.0,2650.0,0.297,0.301,0.312,0.312,0.174,0.174,0.148,0.148,9.804,3748.0,13338.0,0.0,381.0,
2026-07-08 04:44:17,56.0,2.000               ,797.895,200.0,1200.0,0.0,56.125,56.125              ,56.125,56.125,56.125,56.125,56.125,56.125,56.125,34.612,18.17,54.514,36.078,33.896,13.619,24.426,18.15,29.183,2333.333,2333.333,3500.0,3500.0,2333.333,2333.333,2333.333,2333.333,3500.0,1.453,1.448,2.926,2.929,1.292,1.292,0.93,0.93,17.067,3591.0,12229.0,0.0,382.0,
2026-07-08 04:44:18,56.0,7.000               ,798.156,200.0,1200.0,0.0,56.125,56.125              ,56.125,56.125,56.125,56.125,56.125,56.125,56.125,28.649,12.626,31.684,35.475,23.468,8.734,15.683,11.962,21.035,2520.0,2480.0,3100.0,3100.0,2066.667,2066.667,2066.667,2066.667,3100.0,0.965,0.965,1.883,1.88,0.866,0.866,0.77,0.77,14.713,3664.0,12213.0,0.0,383.0,
