08-07-2026 05:06:21,GPU temperature,GPU usage,Memory usage,Core clock,Memory clock,Fan tachometer,CPU1 temperature,CPU2 temperature,CPU3 temperature,CPU4 temperature,CPU5 temperature,CPU6 temperature,CPU7 temperature,CPU8 temperature,CPU temperature,CPU1 usage,CPU2 usage,CPU3 usage,CPU4 usage,CPU5 usage,CPU6 usage,CPU7 usage,CPU8 usage,CPU usage,CPU1 clock,CPU2 clock,CPU3 clock,CPU4 clock,CPU5 clock,CPU6 clock,CPU7 clock,CPU8 clock,CPU clock,CPU1 power,CPU2 power,CPU3 power,CPU4 power,CPU5 power,CPU6 power,CPU7 power,CPU8 power,CPU power,RAM usage,Commit charge,frametime,elapsed,fps
2026-07-08 05:06:21,0.0,°C                  ,0.0,100.0,10.0,,,,,,,,,,,,,,,,,,,,,,,,,,,,,,,,,,,,,,,,,0.0,
2026-07-08 05:06:21,1.0,%                   ,0.0,100.0,10.0,,,,,,,,,,,,,,,,,,,,,,,,,,,,,,,,,,,,,,,,,0.0,
2026-07-08 05:06:21,2.0,MB                  ,0.0,8192.0,10.0,,,,,,,,,,,,,,,,,,,,,,,,,,,,,,,,,,,,,,,,,0.0,
2026-07-08 05:06:21,3.0,MHz                 ,0.0,2500.0,10.0,,,,,,,,,,,,,,,,,,,,,,,,,,,,,,,,,,,,,,,,,0.0,
2026-07-08 05:06:21,4.0,MHz                 ,0.0,7500.0,10.0,,,,,,,,,,,,,,,,,,,,,,,,,,,,,,,,,,,,,,,,,0.0,
2026-07-08 05:06:21,5.0,RPM                 ,0.0,10000.0,10.0,,,,,,,,,,,,,,,,,,,,,,,,,,,,,,,,,,,,,,,,,0.0,
2026-07-08 05:06:21,6.0,°C                  ,0.0,100.0,10.0,,,,,,,,,,,,,,,,,,,,,,,,,,,,,,,,,,,,,,,,,0.0,
2026-07-08 05:06:21,7.0,°C                  ,0.0,100.0,10.0,,,,,,,,,,,,,,,,,,,,,,,,,,,,,,,,,,,,,,,,,0.0,
2026-07-08 05:06:21,8.0,°C                  ,0.0,100.0,10.0,,,,,,,,,,,,,,,,,,,,,,,,,,,,,,,,,,,,,,,,,0.0,
2026-07-08 05:06:21,9.0,°C                  ,0.0,100.0,10.0,,,,,,,,,,,,,,,,,,,,,,,,,,,,,,,,,,,,,,,,,0.0,
2026-07-08 05:06:21,10.0,°C                  ,0.0,100.0,10.0,,,,,,,,,,,,,,,,,,,,,,,,,,,,,,,,,,,,,,,,,0.0,
2026-07-08 05:06:21,11.0,°C                  ,0.0,100.0,10.0,,,,,,,,,,,,,,,,,,,,,,,,,,,,,,,,,,,,,,,,,0.0,
2026-07-08 05:06:21,12.0,°C                  ,0.0,100.0,10.0,,,,,,,,,,,,,,,,,,,,,,,,,,,,,,,,,,,,,,,,,0.0,
2026-07-08 05:06:21,13.0,°C                  ,0.0,100.0,10.0,,,,,,,,,,,,,,,,,,,,,,,,,,,,,,,,,,,,,,,,,0.0,
2026-07-08 05:06:21,14.0,°C                  ,0.0,100.0,10.0,,,,,,,,,,,,,,,,,,,,,,,,,,,,,,,,,,,,,,,,,0.0,
2026-07-08 05:06:21,15.0,%                   ,0.0,100.0,10.0,,,,,,,,,,,,,,,,,,,,,,,,,,,,,,,,,,,,,,,,,0.0,
2026-07-08 05:06:21,16.0,%                   ,0.0,100.0,10.0,,,,,,,,,,,,,,,,,,,,,,,,,,,,,,,,,,,,,,,,,0.0,
2026-07-08 05:06:21,17.0,%                   ,0.0,100.0,10.0,,,,,,,,,,,,,,,,,,,,,,,,,,,,,,,,,,,,,,,,,0.0,
2026-07-08 05:06:21,18.0,%                   ,0.0,100.0,10.0,,,,,,,,,,,,,,,,,,,,,,,,,,,,,,,,,,,,,,,,,0.0,
2026-07-08 05:06:21,19.0,%                   ,0.0,100.0,10.0,,,,,,,,,,,,,,,,,,,,,,,,,,,,,,,,,,,,,,,,,0.0,
2026-07-08 05:06:21,20.0,%                   ,0.0,100.0,10.0,,,,,,,,,,,,,,,,,,,,,,,,,,,,,,,,,,,,,,,,,0.0,
2026-07-08 05:06:21,21.0,%                   ,0.0,100.0,10.0,,,,,,,,,,,,,,,,,,,,,,,,,,,,,,,,,,,,,,,,,0.0,
2026-07-08 05:06:21,22.0,%                   ,0.0,100.0,10.0,,,,,,,,,,,,,,,,,,,,,,,,,,,,,,,,,,,,,,,,,0.0,
2026-07-08 05:06:21,23.0,%                   ,0.0,100.0,10.0,,,,,,,,,,,,,,,,,,,,,,,,,,,,,,,,,,,,,,,,,0.0,
2026-07-08 05:06:21,24.0,MHz                 ,0.0,5000.0,10.0,,,,,,,,,,,,,,,,,,,,,,,,,,,,,,,,,,,,,,,,,0.0,
2026-07-08 05:06:21,25.0,MHz                 ,0.0,5000.0,10.0,,,,,,,,,,,,,,,,,,,,,,,,,,,,,,,,,,,,,,,,,0.0,
2026-07-08 05:06:21,26.0,MHz                 ,0.0,5000.0,10.0,,,,,,,,,,,,,,,,,,,,,,,,,,,,,,,,,,,,,,,,,0.0,
2026-07-08 05:06:21,27.0,MHz                 ,0.0,5000.0,10.0,,,,,,,,,,,,,,,,,,,,,,,,,,,,,,,,,,,,,,,,,0.0,
2026-07-08 05:06:21,28.0,MHz                 ,0.0,5000.0,10.0,,,,,,,,,,,,,,,,,,,,,,,,,,,,,,,,,,,,,,,,,0.0,
2026-07-08 05:06:21,29.0,MHz                 ,0.0,5000.0,10.0,,,,,,,,,,,,,,,,,,,,,,,,,,,,,,,,,,,,,,,,,0.0,
2026-07-08 05:06:21,30.0,MHz                 ,0.0,5000.0,10.0,,,,,,,,,,,,,,,,,,,,,,,,,,,,,,,,,,,,,,,,,0.0,
2026-07-08 05:06:21,31.0,MHz                 ,0.0,5000.0,10.0,,,,,,,,,,,,,,,,,,,,,,,,,,,,,,,,,,,,,,,,,0.0,
2026-07-08 05:06:21,32.0,MHz                 ,0.0,5000.0,10.0,,,,,,,,,,,,,,,,,,,,,,,,,,,,,,,,,,,,,,,,,0.0,
2026-07-08 05:06:21,33.0,W                   ,0.0,200.0,10.0,,,%.1f                ,,,,,,,,,,,,,,,,,,,,,,,,,,,,,,,,,,,,,,0.0,
2026-07-08 05:06:21,34.0,W                   ,0.0,200.0,10.0,,,%.1f                ,,,,,,,,,,,,,,,,,,,,,,,,,,,,,,,,,,,,,,0.0,
2026-07-08 05:06:21,35.0,W                   ,0.0,200.0,10.0,,,%.1f                ,,,,,,,,,,,,,,,,,,,,,,,,,,,,,,,,,,,,,,0.0,
2026-07-08 05:06:21,36.0,W                   ,0.0,200.0,10.0,,,%.1f                ,,,,,,,,,,,,,,,,,,,,,,,,,,,,,,,,,,,,,,0.0,
2026-07-08 05:06:21,37.0,W                   ,0.0,200.0,10.0,,,%.1f                ,,,,,,,,,,,,,,,,,,,,,,,,,,,,,,,,,,,,,,0.0,
2026-07-08 05:06:21,38.0,W                   ,0.0,200.0,10.0,,,%.1f                ,,,,,,,,,,,,,,,,,,,,,,,,,,,,,,,,,,,,,,0.0,
2026-07-08 05:06:21,39.0,W                   ,0.0,200.0,10.0,,,%.1f                ,,,,,,,,,,,,,,,,,,,,,,,,,,,,,,,,,,,,,,0.0,
2026-07-08 05:06:21,40.0,W                   ,0.0,200.0,10.0,,,%.1f                ,,,,,,,,,,,,,,,,,,,,,,,,,,,,,,,,,,,,,,0.0,
2026-07-08 05:06:21,41.0,W                   ,0.0,200.0,10.0,,,%.1f                ,,,,,,,,,,,,,,,,,,,,,,,,,,,,,,,,,,,,,,0.0,
2026-07-08 05:06:21,42.0,MB                  ,0.0,16384.0,10.0,,,,,,,,,,,,,,,,,,,,,,,,,,,,,,,,,,,,,,,,,0.0,
2026-07-08 05:06:21,43.0,MB                  ,0.0,16384.0,10.0,,,,,,,,,,,,,,,,,,,,,,,,,,,,,,,,,,,,,,,,,0.0,
2026-07-08 05:06:21,44.0,ms                  ,0.0,50.0,10.0,,,%.1f                ,,,,,,,,,,,,,,,,,,,,,,,,,,,,,,,,,,,,,,0.0,
2026-07-08 05:06:21,61.0,6.000               ,484.984,200.0,1200.0,0.0,61.875,61.875              ,61.875,61.875,61.875,61.875,61.875,61.875,61.875,30.865,21.486,37.604,31.679,38.803,22.134,32.105,23.999,29.834,2333.333,2333.333,2333.333,2333.333,3500.0,3500.0,2800.0,2800.0,3500.0,1.233,1.233,1.593,1.624,1.48,1.472,1.321,1.319,15.874,2887.0,8352.0,,0.0,
2026-07-08 05:06:22,60.0,9.000               ,484.984,200.0,1200.0,0.0,60.25,60.250              ,60.25,60.25,60.25,60.25,60.25,60.25,60.25,27.108,10.042,19.117,17.614,19.535,15.369,18.917,11.752,17.432,2850.0,2850.0,2280.0,2280.0,2280.0,2280.0,2280.0,2280.0,2850.0,0.812,0.812,0.78,0.749,0.771,0.771,0.608,0.608,12.153,2896.0,8331.0,,1.0,
2026-07-08 05:06:23,59.0,5.000               ,505.563,200.0,1200.0,0.0,59.625,59.625              ,59.625,59.625,59.625,59.625,59.625,59.625,59.625,26.062,23.083,38.786,32.324,35.559,19.877,37.251,22.949,29.486,1400.0,1400.0,1400.0,1400.0,3500.0,3500.0,2333.333,2333.333,3500.0,1.221,1.221,2.122,2.091,1.374,1.374,1.433,1.445,16.473,2966.0,8445.0,,2.0,
2026-07-08 05:06:24,58.0,6.000               ,506.438,200.0,1200.0,0.0,58.125,58.125              ,58.125,58.125,58.125,58.125,58.125,58.125,58.125,78.486,68.915,80.022,72.097,81.401,66.075,82.103,70.814,74.989,2060.0,2060.0,2575.0,2575.0,2060.0,2060.0,2080.0,2080.0,2575.0,1.428,1.43,1.66,1.678,1.485,1.468,1.603,1.592,16.391,3036.0,8493.0,,3.0,
2026-07-08 05:06:25,57.0,5.000               ,498.211,200.0,1200.0,0.0,57.625,57.625              ,57.625,57.625,57.625,57.625,57.625,57.625,57.625,61.257,53.146,66.713,66.901,72.89,40.807,74.951,54.279,61.368,1900.0,1900.0,1900.0,1900.0,1900.0,1900.0,2525.0,2525.0,2525.0,1.304,1.302,1.556,1.556,1.423,1.439,1.671,1.671,16.169,3052.0,8501.0,,4.0,
2026-07-08 05:06:26,58.0,0.000               ,496.457,200.0,1200.0,0.0,58.125,58.125              ,58.125,58.125,58.125,58.125,58.125,58.125,58.125,26.341,18.407,23.564,39.009,83.829,9.713,33.667,18.013,31.568,2100.0,2100.0,2100.0,2100.0,2100.0,2100.0,2700.0,2700.0,2700.0,0.988,0.988,1.319,1.319,2.405,2.411,1.06,1.06,15.747,3135.0,8565.0,,5.0,
2026-07-08 05:06:27,58.0,0.000               ,496.457,200.0,1200.0,0.0,58.375,58.375              ,58.375,58.375,58.375,58.375,58.375,58.375,58.375,10.822,4.793,4.04,46.435,39.465,1.727,8.862,5.498,15.205,1971.429,1971.429,1971.429,1971.429,3425.0,3425.0,2283.333,2283.333,3425.0,0.739,0.739,1.689,1.689,1.72,1.714,0.653,0.653,15.447,3490.0,8894.0,,6.0,
2026-07-08 05:06:28,58.0,0.000               ,496.457,200.0,1200.0,0.0,58.625,58.625              ,58.625,58.625,58.625,58.625,58.625,58.625,58.625,9.283,4.098,9.103,60.054,23.161,2.709,16.687,4.487,16.198,2283.333,2283.333,2283.333,2283.333,3425.0,3425.0,2800.0,2800.0,3425.0,0.68,0.684,2.599,2.659,1.048,1.048,0.892,0.892,15.981,3768.0,9176.0,,7.0,
2026-07-08 05:06:29,59.0,0.000               ,496.457,200.0,1200.0,0.0,59.5,59.500              ,59.5,59.5,59.5,59.5,59.5,59.5,59.5,3.775,8.408,1.674,62.802,49.271,2.875,3.933,0.582,16.665,2333.333,2333.333,3500.0,3375.0,2250.0,2250.0,1928.571,1928.571,3500.0,0.785,0.781,2.846,2.765,2.337,2.337,0.407,0.407,16.467,3767.0,9180.0,,8.0,
2026-07-08 05:06:30,60.0,0.000               ,496.457,200.0,1200.0,0.0,60.625,60.625              ,60.625,60.625,60.625,60.625,60.625,60.625,60.625,5.25,4.871,2.031,91.808,12.374,6.193,16.528,2.986,17.755,2000.0,2000.0,3500.0,3500.0,2333.333,2333.333,2640.0,2640.0,3500.0,0.447,0.447,3.831,3.848,0.741,0.741,0.82,0.82,16.36,3849.0,9258.0,,9.0,
2026-07-08 05:06:31,60.0,0.000               ,496.457,200.0,1200.0,0.0,60.0,60.000              ,60.0,60.0,60.0,60.0,60.0,60.0,60.0,7.007,9.599,7.298,71.468,16.09,2.207,3.756,4.844,15.284,2120.0,2120.0,2650.0,2650.0,2520.0,2520.0,1800.0,1800.0,2650.0,0.551,0.551,2.86,2.85,0.669,0.669,0.329,0.329,14.583,4017.0,9343.0,,10.0,
2026-07-08 05:06:32,60.0,0.000               ,534.012,200.0,1200.0,0.0,60.0,60.000              ,60.0,60.0,60.0,60.0,60.0,60.0,60.0,26.43,14.518,23.794,42.037,36.874,6.551,30.888,3.666,23.095,2333.333,2333.333,3500.0,3500.0,3500.0,3500.0,2333.333,2333.333,3500.0,1.528,1.56,2.46,2.46,1.557,1.557,1.173,1.173,17.459,4063.0,9597.0,0.0,11.0,
2026-07-08 05:06:33,59.0,0.000               ,550.406,200.0,1200.0,0.0,59.75,59.750              ,59.75,59.75,59.75,59.75,59.75,59.75,59.75,19.027,18.421,24.583,42.957,70.492,17.14,48.323,12.481,31.678,2016.667,2016.667,2420.0,2420.0,3025.0,3025.0,2280.0,2280.0,3025.0,0.814,0.778,1.372,1.372,2.234,2.234,1.381,1.381,16.221,4150.0,9715.0,0.0,12.0,
2026-07-08 05:06:34,59.0,16.000              ,556.371,200.0,1200.0,0.0,59.375,59.375              ,59.375,59.375,59.375,59.375,59.375,59.375,59.375,27.542,24.417,20.815,29.256,47.092,15.182,21.78,41.736,28.477,2040.0,2040.0,2040.0,2040.0,2040.0,2040.0,2550.0,2550.0,2550.0,0.898,0.89,1.029,1.029,1.372,1.372,1.577,1.59,15.108,4220.0,9786.0,0.0,13.0,
2026-07-08 05:06:35,60.0,16.000              ,546.375,200.0,1200.0,0.0,60.125,60.125              ,60.125,60.125,60.125,60.125,60.125,60.125,60.125,16.148,3.051,4.33,18.29,43.548,32.416,2.615,6.446,15.855,1985.714,1985.714,3475.0,3475.0,2660.0,2660.0,2660.0,2660.0,3475.0,1.012,1.013,1.119,1.109,2.748,2.748,0.632,0.619,15.831,4314.0,9874.0,0.0,14.0,
2026-07-08 05:06:36,60.0,0.000               ,546.375,200.0,1200.0,0.0,60.0,60.000              ,60.0,60.0,60.0,60.0,60.0,60.0,60.0,12.291,27.999,66.954,28.436,33.765,4.303,14.263,7.877,24.486,2540.0,2540.0,3175.0,3175.0,2540.0,2540.0,2540.0,2540.0,3175.0,1.296,1.295,2.669,2.704,1.229,1.262,0.723,0.723,15.557,4324.0,9901.0,0.0,15.0,
2026-07-08 05:06:37,59.0,0.000               ,585.063,200.0,1200.0,0.0,59.125,59.125              ,59.125,59.125,59.125,59.125,59.125,59.125,59.125,26.3,22.252,30.443,65.911,27.614,36.46,74.037,13.85,37.108,2460.0,2460.0,3075.0,3075.0,2400.0,2400.0,2400.0,2400.0,3075.0,1.124,1.124,2.759,2.76,1.335,1.284,1.307,1.309,16.282,4335.0,9950.0,0.0,16.0,
2026-07-08 05:06:38,58.0,24.000              ,591.266,200.0,1200.0,0.0,58.0,58.000              ,58.0,58.0,58.0,58.0,58.0,58.0,58.0,31.413,23.62,33.783,26.51,25.537,29.168,30.321,54.328,31.835,1980.0,1980.0,2450.0,2450.0,1960.0,1960.0,1980.0,1980.0,2450.0,0.785,0.785,0.884,0.883,1.11,1.126,1.94,1.937,15.362,4346.0,10005.0,17.303,17.0,57.79
2026-07-08 05:06:39,58.0,46.000              ,591.262,200.0,1200.0,0.0,58.125,58.125              ,58.125,58.125,58.125,58.125,58.125,58.125,58.125,23.631,41.534,61.263,28.22,25.94,10.696,30.263,30.448,31.499,2850.0,2850.0,2280.0,2280.0,2280.0,2280.0,2280.0,2280.0,2850.0,1.246,1.246,1.855,1.889,0.67,0.67,1.201,1.212,15.73,4346.0,10002.0,48.777,18.0,20.5
2026-07-08 05:06:40,57.0,46.000              ,621.066,200.0,1200.0,0.0,57.875,57.875              ,57.875,57.875,57.875,57.875,57.875,57.875,57.875,30.277,37.521,54.363,35.122,63.011,11.116,32.366,27.308,36.386,2160.0,2160.0,2700.0,2700.0,2160.0,2160.0,2160.0,2160.0,2700.0,0.959,0.959,1.256,1.201,1.355,1.355,0.973,0.964,15.551,4368.0,10055.0,36.627,19.0,27.3
2026-07-08 05:06:41,57.0,53.000              ,642.648,200.0,1200.0,0.0,57.625,57.625              ,57.625,57.625,57.625,57.625,57.625,57.625,57.625,27.717,33.797,46.37,20.07,46.809,11.763,58.181,11.899,32.076,2000.0,2000.0,2000.0,2000.0,2500.0,2500.0,2000.0,2000.0,2500.0,0.903,0.905,1.117,1.117,1.056,1.056,1.307,1.305,15.549,4379.0,10086.0,28.283,20.0,35.36
2026-07-08 05:06:42,58.0,54.000              ,642.648,200.0,1200.0,0.0,58.5,58.500              ,58.5,58.5,58.5,58.5,58.5,58.5,58.5,39.524,87.342,59.976,34.121,47.846,30.403,57.723,19.71,47.081,1940.0,1940.0,1940.0,1940.0,2425.0,2425.0,2425.0,2425.0,2425.0,2.022,2.019,0.957,0.957,0.865,0.859,0.874,0.874,15.626,4368.0,10061.0,19.389,21.0,51.58
2026-07-08 05:06:43,58.0,48.000              ,641.711,200.0,1200.0,0.0,58.875,58.875              ,58.875,58.875,58.875,58.875,58.875,58.875,58.875,25.636,72.139,25.967,23.282,24.211,12.66,31.235,14.889,28.752,2450.0,2450.0,1960.0,1960.0,1960.0,1960.0,1960.0,1960.0,2450.0,2.326,2.379,0.81,0.81,0.599,0.603,0.774,0.774,14.622,4372.0,10071.0,23.588,22.0,42.39
2026-07-08 05:06:44,58.0,25.000              ,642.012,200.0,1200.0,0.0,58.0,58.000              ,58.0,58.0,58.0,58.0,58.0,58.0,58.0,14.293,25.383,17.604,16.374,20.615,3.195,22.154,11.961,16.447,3350.0,3350.0,1914.286,1914.286,1675.0,1675.0,1914.286,1914.286,3350.0,1.212,1.164,0.821,0.821,0.701,0.7,0.787,0.787,14.64,4391.0,10082.0,761.099,23.0,1.31
2026-07-08 05:06:45,57.0,30.000              ,637.863,200.0,1200.0,0.0,57.875,57.875              ,57.875,57.875,57.875,57.875,57.875,57.875,57.875,15.145,10.338,42.364,17.153,21.683,2.872,15.753,6.237,16.443,2660.0,2660.0,3400.0,3400.0,2266.667,2266.667,2266.667,2266.667,3400.0,0.856,0.856,1.673,1.673,0.81,0.81,0.836,0.839,16.107,4391.0,10081.0,17.338,24.0,57.68
2026-07-08 05:06:46,58.0,59.000              ,637.863,200.0,1200.0,0.0,58.0,58.000              ,58.0,58.0,58.0,58.0,58.0,58.0,58.0,14.552,9.975,55.849,15.119,17.096,3.919,11.029,5.083,16.578,2120.0,2120.0,2650.0,2650.0,2650.0,2650.0,2650.0,2650.0,2650.0,0.772,0.772,1.796,1.796,0.69,0.69,0.661,0.658,15.72,4389.0,10080.0,20.202,25.0,49.5
2026-07-08 05:06:47,58.0,57.000              ,637.836,200.0,1200.0,0.0,58.0,58.000              ,58.0,58.0,58.0,58.0,58.0,58.0,58.0,39.356,31.487,46.208,35.194,38.008,29.693,41.598,25.554,35.887,2650.0,2650.0,2650.0,2650.0,2650.0,2650.0,2650.0,2650.0,2650.0,1.108,1.11,1.374,1.374,1.041,1.025,1.038,1.038,15.917,4445.0,10140.0,80.153,26.0,12.48
2026-07-08 05:06:48,57.0,58.000              ,630.746,200.0,1200.0,0.0,57.75,57.750              ,57.75,57.75,57.75,57.75,57.75,57.75,57.75,25.827,15.795,52.348,19.068,39.941,14.931,26.958,5.62,25.061,1760.0,1760.0,2200.0,2200.0,1760.0,1760.0,1760.0,1760.0,2200.0,0.673,0.671,1.069,1.069,0.863,0.877,0.595,0.599,14.844,4446.0,10129.0,17.757,27.0,56.32
2026-07-08 05:06:49,57.0,60.000              ,630.75,200.0,1200.0,0.0,57.75,57.750              ,57.75,57.75,57.75,57.75,57.75,57.75,57.75,71.897,57.07,77.654,67.336,64.526,63.559,79.247,60.494,67.723,2220.0,2220.0,2750.0,2750.0,2200.0,2200.0,2200.0,2200.0,2750.0,0.963,0.964,1.222,1.222,1.013,1.013,1.111,1.107,16.223,4517.0,10335.0,20.309,28.0,49.24
2026-07-08 05:06:50,57.0,63.000              ,630.75,200.0,1200.0,0.0,57.75,57.750              ,57.75,57.75,57.75,57.75,57.75,57.75,57.75,53.037,44.336,71.919,60.582,55.736,54.268,70.175,68.35,59.8,1600.0,1600.0,1600.0,1600.0,1616.667,1616.667,1940.0,1940.0,1940.0,0.73,0.735,0.893,0.882,0.827,0.827,1.047,1.048,15.01,4607.0,10427.0,18.04,29.0,55.43
2026-07-08 05:06:51,57.0,66.000              ,630.746,200.0,1200.0,0.0,57.75,57.750              ,57.75,57.75,57.75,57.75,57.75,57.75,57.75,84.005,73.37,84.675,80.617,80.656,69.591,80.829,79.573,79.165,1840.0,1840.0,1820.0,1820.0,1466.667,1466.667,1760.0,1760.0,1840.0,0.88,0.877,0.944,0.956,0.877,0.864,0.92,0.918,15.329,4635.0,10456.0,19.853,30.0,50.37
2026-07-08 05:06:52,57.0,66.000              ,610.203,200.0,1200.0,0.0,57.75,57.750              ,57.75,57.75,57.75,57.75,57.75,57.75,57.75,67.61,74.507,68.368,76.166,63.027,69.505,67.507,78.58,70.659,1471.429,1471.429,1716.667,1716.667,1716.667,1716.667,1650.0,1650.0,1716.667,0.814,0.798,0.805,0.805,0.761,0.772,0.854,0.841,15.123,4658.0,10479.0,20.394,31.0,49.03
2026-07-08 05:06:53,57.0,64.000              ,610.203,200.0,1200.0,0.0,57.75,57.750              ,57.75,57.75,57.75,57.75,57.75,57.75,57.75,63.317,63.79,60.212,72.067,60.744,58.443,62.782,67.992,63.669,1600.0,1600.0,1920.0,1920.0,1583.333,1583.333,1583.333,1583.333,1920.0,0.791,0.806,0.877,0.865,0.781,0.781,0.853,0.867,15.259,4729.0,10550.0,18.099,32.0,55.25
2026-07-08 05:06:54,57.0,65.000              ,610.199,200.0,1200.0,0.0,57.625,57.625              ,57.625,57.625,57.625,57.625,57.625,57.625,57.625,49.485,44.618,75.684,49.828,66.879,39.704,66.32,41.199,54.215,1780.0,1780.0,1483.333,1483.333,1780.0,1760.0,1760.0,1760.0,1780.0,0.824,0.822,1.071,1.086,0.996,0.996,1.029,1.027,14.81,4733.0,10534.0,282.28,33.0,3.54
2026-07-08 05:06:55,57.0,61.000              ,610.203,200.0,1200.0,0.0,57.625,57.625              ,57.625,57.625,57.625,57.625,57.625,57.625,57.625,49.049,32.471,61.185,60.083,55.984,44.382,58.229,43.956,50.667,1900.0,1900.0,2350.0,2350.0,1880.0,1880.0,1880.0,1880.0,2350.0,0.766,0.775,1.101,1.101,0.968,0.968,0.99,0.99,15.419,4705.0,10493.0,17.894,34.0,55.88
2026-07-08 05:06:56,57.0,60.000              ,610.203,200.0,1200.0,0.0,57.75,57.750              ,57.75,57.75,57.75,57.75,57.75,57.75,57.75,55.503,46.118,66.7,66.926,51.124,50.044,51.266,55.27,55.369,1766.667,1766.667,2120.0,2120.0,1766.667,1766.667,2120.0,2120.0,2120.0,0.894,0.885,1.09,1.09,0.888,0.888,0.97,0.97,15.163,4704.0,10495.0,18.277,35.0,54.71
2026-07-08 05:06:57,57.0,64.000              ,610.074,200.0,1200.0,0.0,57.75,57.750              ,57.75,57.75,57.75,57.75,57.75,57.75,57.75,37.176,33.991,60.819,57.558,50.272,33.624,41.543,73.213,48.524,1766.667,1766.667,2120.0,2120.0,1766.667,1766.667,1766.667,1766.667,2120.0,0.713,0.713,0.998,1.003,0.828,0.828,1.135,1.135,15.065,4780.0,10577.0,17.654,36.0,56.64
2026-07-08 05:06:58,57.0,63.000              ,610.078,200.0,1200.0,0.0,57.75,57.750              ,57.75,57.75,57.75,57.75,57.75,57.75,57.75,48.018,26.382,68.892,61.519,54.656,34.521,57.421,43.114,49.315,1780.0,1780.0,2225.0,2225.0,1780.0,1816.667,1816.667,1816.667,2225.0,0.736,0.736,1.119,1.122,0.889,0.889,1.012,1.012,15.189,4883.0,10684.0,18.175,37.0,55.02
2026-07-08 05:06:59,57.0,62.000              ,610.078,200.0,1200.0,0.0,57.75,57.750              ,57.75,57.75,57.75,57.75,57.75,57.75,57.75,40.965,29.417,62.53,47.147,55.581,36.019,64.944,43.548,47.519,1780.0,1780.0,2225.0,2225.0,1760.0,1760.0,2200.0,2200.0,2225.0,0.701,0.703,0.935,0.927,0.839,0.839,1.022,1.006,15.055,4925.0,10712.0,18.006,38.0,55.54
2026-07-08 05:07:00,57.0,64.000              ,610.074,200.0,1200.0,0.0,57.75,57.750              ,57.75,57.75,57.75,57.75,57.75,57.75,57.75,50.949,28.992,65.892,53.885,48.551,48.428,56.4,57.217,51.289,1800.0,1800.0,2250.0,2250.0,2250.0,2250.0,1800.0,1800.0,2250.0,0.736,0.734,0.931,0.933,0.877,0.877,1.008,1.024,15.283,4983.0,10766.0,26.155,39.0,38.23
2026-07-08 05:07:01,57.0,62.000              ,610.078,200.0,1200.0,0.0,57.75,57.750              ,57.75,57.75,57.75,57.75,57.75,57.75,57.75,46.537,32.648,47.309,59.139,54.287,37.266,47.561,59.052,47.975,1860.0,1820.0,1820.0,1820.0,1780.0,1780.0,2225.0,2225.0,2225.0,0.746,0.746,0.887,0.886,0.897,0.897,0.938,0.938,15.271,4854.0,10646.0,18.694,40.0,53.49
2026-07-08 05:07:02,57.0,58.000              ,610.078,200.0,1200.0,0.0,57.75,57.750              ,57.75,57.75,57.75,57.75,57.75,57.75,57.75,60.608,39.102,65.565,62.323,63.697,56.173,75.3,79.555,62.79,1920.0,1920.0,1920.0,1900.0,2375.0,2350.0,2350.0,2350.0,2375.0,0.766,0.768,0.915,0.923,0.86,0.86,1.12,1.102,15.218,4810.0,10612.0,17.828,41.0,56.09
2026-07-08 05:07:03,57.0,58.000              ,610.074,200.0,1200.0,0.0,57.75,57.750              ,57.75,57.75,57.75,57.75,57.75,57.75,57.75,52.815,34.126,50.45,58.262,64.407,43.495,67.719,59.461,53.842,1650.0,1650.0,1650.0,1960.0,1633.333,1633.333,1960.0,1940.0,1960.0,0.749,0.747,0.839,0.832,1.002,1.002,1.109,1.129,15.193,4851.0,10660.0,172.994,42.0,5.78
2026-07-08 05:07:04,57.0,58.000              ,610.078,200.0,1200.0,0.0,57.75,57.750              ,57.75,57.75,57.75,57.75,57.75,57.75,57.75,57.36,31.967,60.307,57.692,68.501,33.564,66.481,31.084,50.869,1760.0,1760.0,1760.0,2180.0,2180.0,2180.0,1816.667,1816.667,2180.0,0.792,0.792,1.031,1.034,1.075,1.075,1.056,1.054,15.253,4869.0,10786.0,18.043,43.0,55.42
2026-07-08 05:07:05,57.0,57.000              ,610.078,200.0,1200.0,0.0,57.75,57.750              ,57.75,57.75,57.75,57.75,57.75,57.75,57.75,58.969,27.511,56.783,64.091,60.445,36.668,61.612,40.15,50.779,1566.667,1566.667,1880.0,1880.0,1566.667,1566.667,1880.0,1566.667,1880.0,0.739,0.739,0.932,0.923,0.836,0.836,0.902,0.902,14.926,4772.0,10687.0,19.783,44.0,50.55
2026-07-08 05:07:06,57.0,56.000              ,610.074,200.0,1200.0,0.0,57.75,57.750              ,57.75,57.75,57.75,57.75,57.75,57.75,57.75,59.414,22.765,63.274,50.999,65.872,32.337,73.168,22.699,48.816,1820.0,1820.0,2275.0,2275.0,1820.0,1820.0,1800.0,1800.0,2275.0,0.856,0.858,1.132,1.142,1.103,1.103,1.059,1.061,15.042,4781.0,10700.0,17.76,45.0,56.31
2026-07-08 05:07:07,57.0,58.000              ,610.078,200.0,1200.0,0.0,57.75,57.750              ,57.75,57.75,57.75,57.75,57.75,57.75,57.75,50.272,29.213,64.546,56.191,70.081,32.893,67.163,21.675,49.004,1780.0,1780.0,2250.0,2225.0,2225.0,2225.0,1780.0,1780.0,2250.0,0.779,0.777,1.141,1.143,1.111,1.111,1.004,1.003,15.193,4817.0,10737.0,18.301,46.0,54.64
2026-07-08 05:07:08,57.0,62.000              ,610.078,200.0,1200.0,0.0,57.75,57.750              ,57.75,57.75,57.75,57.75,57.75,57.75,57.75,52.783,22.294,65.546,54.852,62.222,33.193,65.556,21.442,47.236,1800.0,1800.0,2160.0,2160.0,1800.0,1783.333,2140.0,2140.0,2160.0,0.843,0.843,1.154,1.152,0.998,0.998,1.011,1.011,15.125,4861.0,10769.0,17.588,47.0,56.86
2026-07-08 05:07:09,57.0,64.000              ,610.074,200.0,1200.0,0.0,57.75,57.750              ,57.75,57.75,57.75,57.75,57.75,57.75,57.75,48.405,21.232,65.555,53.977,51.616,46.503,53.587,40.122,47.625,1780.0,1780.0,2225.0,2225.0,2250.0,2250.0,1800.0,1800.0,2250.0,0.706,0.706,0.979,0.981,1.028,1.03,1.0,1.0,15.058,4945.0,10862.0,17.473,48.0,57.23
2026-07-08 05:07:10,57.0,64.000              ,610.078,200.0,1200.0,0.0,57.75,57.750              ,57.75,57.75,57.75,57.75,57.75,57.75,57.75,46.514,25.955,70.777,52.763,61.697,37.604,62.363,31.334,48.626,1760.0,1760.0,1780.0,1780.0,2200.0,2200.0,1760.0,1760.0,2200.0,0.742,0.742,1.077,1.074,0.99,0.992,1.009,1.009,15.106,4992.0,10919.0,17.42,49.0,57.41
2026-07-08 05:07:11,57.0,63.000              ,610.078,200.0,1200.0,0.0,57.75,57.750              ,57.75,57.75,57.75,57.75,57.75,57.75,57.75,39.525,21.66,64.153,53.889,62.099,35.097,67.148,37.241,47.601,1860.0,1860.0,2325.0,2300.0,1800.0,1800.0,2250.0,2300.0,2325.0,0.619,0.62,0.957,0.957,0.818,0.814,0.908,0.908,15.13,4993.0,10920.0,19.737,50.0,50.67
2026-07-08 05:07:12,57.0,63.000              ,610.074,200.0,1200.0,0.0,57.75,57.750              ,57.75,57.75,57.75,57.75,57.75,57.75,57.75,46.782,25.573,72.049,61.671,62.737,39.766,59.133,37.997,50.713,1733.333,1733.333,2080.0,2060.0,1716.667,1716.667,1700.0,1700.0,2080.0,0.615,0.614,0.957,0.957,0.791,0.791,0.775,0.773,15.164,5032.0,10946.0,17.668,51.0,56.6
2026-07-08 05:07:13,57.0,65.000              ,610.078,200.0,1200.0,0.0,57.75,57.750              ,57.75,57.75,57.75,57.75,57.75,57.75,57.75,41.948,28.429,72.351,62.834,61.192,28.23,52.216,51.531,49.841,1716.667,1716.667,2060.0,2060.0,1716.667,1716.667,1716.667,1683.333,2060.0,0.625,0.625,1.025,1.028,0.739,0.739,0.817,0.817,14.993,5043.0,10957.0,17.683,52.0,56.55
2026-07-08 05:07:14,57.0,66.000              ,610.078,200.0,1200.0,0.0,57.75,57.750              ,57.75,57.75,57.75,57.75,57.75,57.75,57.75,37.451,25.779,67.195,61.988,59.775,37.495,49.715,49.783,48.648,1816.667,1816.667,2160.0,2140.0,1766.667,1766.667,1766.667,1766.667,2160.0,0.585,0.585,0.975,0.972,0.791,0.791,0.806,0.806,15.212,5040.0,10966.0,17.798,53.0,56.19
2026-07-08 05:07:15,57.0,65.000              ,610.074,200.0,1200.0,0.0,57.75,57.750              ,57.75,57.75,57.75,57.75,57.75,57.75,57.75,44.339,27.504,63.054,55.779,57.154,43.886,62.876,38.037,49.078,1700.0,1700.0,1700.0,1700.0,2020.0,2000.0,1666.667,1666.667,2020.0,0.623,0.623,0.879,0.887,0.804,0.804,0.793,0.793,15.07,5087.0,10984.0,17.756,54.0,56.32
2026-07-08 05:07:16,57.0,63.000              ,610.078,200.0,1200.0,0.0,57.75,57.750              ,57.75,57.75,57.75,57.75,57.75,57.75,57.75,51.848,24.904,64.916,61.055,49.859,40.404,69.239,33.915,49.517,1700.0,1700.0,2040.0,2040.0,1700.0,2000.0,1683.333,1683.333,2040.0,0.66,0.66,0.934,0.928,0.714,0.717,0.8,0.8,14.991,5102.0,11009.0,17.988,55.0,55.59
2026-07-08 05:07:17,57.0,63.000              ,580.133,200.0,1200.0,0.0,57.75,57.750              ,57.75,57.75,57.75,57.75,57.75,57.75,57.75,49.923,38.389,63.675,60.316,50.946,44.125,63.599,34.019,50.624,1716.667,1700.0,2020.0,2020.0,1683.333,1683.333,2020.0,2020.0,2020.0,0.695,0.695,0.934,0.934,0.721,0.718,0.778,0.779,15.144,5127.0,11030.0,17.372,56.0,57.56
2026-07-08 05:07:18,57.0,64.000              ,580.129,200.0,1200.0,0.0,57.75,57.750              ,57.75,57.75,57.75,57.75,57.75,57.75,57.75,48.725,24.541,65.889,61.221,62.103,38.331,59.372,29.229,48.676,1700.0,1700.0,2040.0,2040.0,2000.0,2000.0,1666.667,1666.667,2040.0,0.639,0.64,0.928,0.926,0.796,0.798,0.71,0.709,14.986,5136.0,11056.0,17.79,57.0,56.21
2026-07-08 05:07:19,57.0,63.000              ,580.133,200.0,1200.0,0.0,57.75,57.750              ,57.75,57.75,57.75,57.75,57.75,57.75,57.75,57.072,35.015,66.42,61.831,62.476,40.784,64.891,42.223,53.839,1733.333,1733.333,2060.0,2060.0,2060.0,2060.0,1716.667,1716.667,2060.0,0.668,0.666,0.897,0.901,0.767,0.763,0.778,0.778,15.151,5169.0,11059.0,18.394,58.0,54.37
2026-07-08 05:07:20,57.0,63.000              ,580.133,200.0,1200.0,0.0,57.75,57.750              ,57.75,57.75,57.75,57.75,57.75,57.75,57.75,48.662,29.457,69.347,57.859,61.749,40.605,59.628,38.934,50.78,1700.0,1700.0,2020.0,2020.0,1683.333,1666.667,1666.667,1666.667,2020.0,0.643,0.645,0.937,0.932,0.751,0.753,0.778,0.778,15.087,5182.0,11057.0,17.811,59.0,56.15
2026-07-08 05:07:21,57.0,64.000              ,580.129,200.0,1200.0,0.0,57.75,57.750              ,57.75,57.75,57.75,57.75,57.75,57.75,57.75,45.757,31.125,68.343,61.33,50.854,47.166,56.034,40.617,50.153,1683.333,1683.333,2020.0,2020.0,1683.333,1683.333,2020.0,2020.0,2020.0,0.633,0.631,0.929,0.929,0.744,0.745,0.75,0.751,15.021,5216.0,11101.0,17.568,60.0,56.92
2026-07-08 05:07:22,57.0,64.000              ,580.133,200.0,1200.0,0.0,57.75,57.750              ,57.75,57.75,57.75,57.75,57.75,57.75,57.75,54.45,27.078,69.844,56.702,44.553,41.281,64.017,28.682,48.326,1733.333,1733.333,2080.0,2080.0,1733.333,2020.0,1683.333,1683.333,2080.0,0.659,0.659,0.933,0.933,0.691,0.691,0.748,0.747,14.959,5241.0,11127.0,18.376,61.0,54.42
2026-07-08 05:07:23,57.0,63.000              ,580.133,200.0,1200.0,0.0,57.75,57.750              ,57.75,57.75,57.75,57.75,57.75,57.75,57.75,45.285,25.514,71.073,55.267,57.903,36.188,49.199,59.656,50.011,1716.667,1716.667,2040.0,2040.0,1700.0,1700.0,2020.0,2020.0,2040.0,0.615,0.615,0.925,0.915,0.754,0.753,0.864,0.866,15.201,5294.0,11149.0,17.911,62.0,55.83
2026-07-08 05:07:24,57.0,64.000              ,580.129,200.0,1200.0,0.0,57.75,57.750              ,57.75,57.75,57.75,57.75,57.75,57.75,57.75,44.628,37.682,68.559,59.258,54.914,46.185,62.516,38.154,51.487,1716.667,1716.667,2060.0,2060.0,1716.667,1700.0,1683.333,1683.333,2060.0,0.651,0.651,0.931,0.945,0.752,0.748,0.777,0.775,15.056,5321.0,11189.0,17.731,63.0,56.4
2026-07-08 05:07:25,57.0,65.000              ,580.133,200.0,1200.0,0.0,57.75,57.750              ,57.75,57.75,57.75,57.75,57.75,57.75,57.75,48.751,39.441,71.673,65.697,67.642,35.881,63.188,50.241,55.314,1683.333,1666.667,2000.0,2000.0,1666.667,1666.667,1666.667,1666.667,2000.0,0.638,0.638,0.897,0.9,0.71,0.713,0.8,0.8,15.013,5208.0,11206.0,17.935,64.0,55.76
2026-07-08 05:07:26,57.0,64.000              ,580.133,200.0,1200.0,0.0,57.75,57.750              ,57.75,57.75,57.75,57.75,57.75,57.75,57.75,45.001,25.946,58.569,50.157,50.836,46.911,47.729,53.109,47.282,1750.0,1766.667,1766.667,1766.667,1766.667,1783.333,2140.0,2120.0,2140.0,0.627,0.627,0.81,0.814,0.788,0.788,0.849,0.853,15.028,5234.0,11244.0,17.828,65.0,56.09
2026-07-08 05:07:27,57.0,63.000              ,570.012,200.0,1200.0,0.0,57.75,57.750              ,57.75,57.75,57.75,57.75,57.75,57.75,57.75,54.147,25.455,58.585,58.315,38.253,58.461,59.129,49.242,50.198,1733.333,1733.333,1733.333,1733.333,2080.0,2080.0,1733.333,1733.333,2080.0,0.651,0.651,0.825,0.815,0.78,0.78,0.853,0.85,15.12,5281.0,11265.0,17.81,66.0,56.15
2026-07-08 05:07:28,57.0,63.000              ,570.016,200.0,1200.0,0.0,57.75,57.750              ,57.75,57.75,57.75,57.75,57.75,57.75,57.75,51.612,28.82,55.394,59.481,59.961,36.502,65.018,42.427,49.902,1700.0,1700.0,1700.0,1683.333,2020.0,2020.0,2040.0,2040.0,2040.0,0.655,0.655,0.771,0.772,0.735,0.735,0.892,0.892,15.005,5316.0,11307.0,18.667,67.0,53.57
2026-07-08 05:07:29,57.0,64.000              ,570.016,200.0,1200.0,0.0,57.75,57.750              ,57.75,57.75,57.75,57.75,57.75,57.75,57.75,47.763,31.572,61.373,57.872,50.012,47.189,51.308,50.09,49.647,1766.667,1766.667,2120.0,2100.0,2080.0,2060.0,1716.667,1716.667,2120.0,0.653,0.653,0.884,0.883,0.762,0.764,0.811,0.814,15.145,5352.0,11350.0,17.823,68.0,56.11
2026-07-08 05:07:30,57.0,64.000              ,570.016,200.0,1200.0,0.0,57.75,57.750              ,57.75,57.75,57.75,57.75,57.75,57.75,57.75,59.979,47.83,73.532,64.983,61.594,54.234,77.998,70.197,63.793,1600.0,1600.0,1860.0,1566.667,1566.667,1566.667,1880.0,1880.0,1880.0,0.685,0.685,0.799,0.799,0.705,0.705,0.945,0.943,14.948,5418.0,11366.0,18.71,69.0,53.45
2026-07-08 05:07:31,57.0,65.000              ,570.016,200.0,1200.0,0.0,57.75,57.750              ,57.75,57.75,57.75,57.75,57.75,57.75,57.75,55.743,33.745,66.695,55.623,44.814,48.462,50.855,37.215,49.144,1700.0,1700.0,2040.0,2040.0,2040.0,2040.0,1700.0,2000.0,2040.0,0.711,0.711,0.868,0.869,0.725,0.725,0.71,0.71,15.048,5424.0,11382.0,18.076,70.0,55.32
2026-07-08 05:07:32,57.0,65.000              ,570.016,200.0,1200.0,0.0,57.75,57.750              ,57.75,57.75,57.75,57.75,57.75,57.75,57.75,48.56,39.608,58.62,56.306,55.25,38.014,54.448,55.067,50.734,1750.0,1750.0,2080.0,2080.0,1733.333,1733.333,1980.0,2000.0,2080.0,0.682,0.682,0.855,0.854,0.71,0.711,0.834,0.834,15.054,5432.0,11396.0,17.999,71.0,55.56
2026-07-08 05:07:33,57.0,63.000              ,570.012,200.0,1200.0,0.0,57.75,57.750              ,57.75,57.75,57.75,57.75,57.75,57.75,57.75,47.552,30.821,54.077,64.606,61.579,42.538,59.242,47.808,51.028,1766.667,1766.667,1766.667,1766.667,1766.667,1750.0,2100.0,2100.0,2100.0,0.659,0.659,0.844,0.846,0.818,0.816,0.852,0.852,15.079,5439.0,11415.0,17.843,72.0,56.04
2026-07-08 05:07:34,57.0,64.000              ,570.016,200.0,1200.0,0.0,57.75,57.750              ,57.75,57.75,57.75,57.75,57.75,57.75,57.75,50.843,33.081,60.005,55.841,51.469,41.098,58.63,56.915,50.985,1700.0,1700.0,2040.0,2020.0,1666.667,1666.667,2000.0,2000.0,2040.0,0.647,0.647,0.799,0.801,0.709,0.709,0.907,0.907,15.01,5506.0,11452.0,18.022,73.0,55.49
2026-07-08 05:07:35,57.0,66.000              ,570.016,200.0,1200.0,0.0,57.75,57.750              ,57.75,57.75,57.75,57.75,57.75,57.75,57.75,37.561,25.099,69.004,60.991,72.115,30.983,69.564,31.917,49.654,1750.0,1750.0,2100.0,2080.0,1960.0,1960.0,1633.333,1633.333,2100.0,0.56,0.56,0.927,0.931,0.788,0.79,0.771,0.771,15.084,5524.0,11478.0,17.716,74.0,56.45
2026-07-08 05:07:36,57.0,64.000              ,570.012,200.0,1200.0,0.0,57.75,57.750              ,57.75,57.75,57.75,57.75,57.75,57.75,57.75,43.485,33.18,69.44,61.365,54.319,51.986,63.979,35.321,51.634,1666.667,1666.667,1666.667,1666.667,1666.667,1940.0,1616.667,1616.667,1940.0,0.624,0.616,0.907,0.903,0.776,0.775,0.769,0.758,14.853,5524.0,11486.0,17.816,75.0,56.13
2026-07-08 05:07:37,57.0,63.000              ,569.766,200.0,1200.0,0.0,57.75,57.750              ,57.75,57.75,57.75,57.75,57.75,57.75,57.75,54.084,29.847,61.32,60.549,45.183,47.687,63.168,42.11,50.494,1733.333,1716.667,2060.0,2040.0,1700.0,1700.0,1683.333,1683.333,2060.0,0.674,0.683,0.865,0.86,0.708,0.698,0.795,0.807,15.043,5528.0,11506.0,17.541,76.0,57.01
2026-07-08 05:07:38,57.0,65.000              ,569.766,200.0,1200.0,0.0,57.75,57.750              ,57.75,57.75,57.75,57.75,57.75,57.75,57.75,49.025,29.21,69.3,61.285,56.097,51.559,57.856,40.093,51.803,1683.333,1683.333,2020.0,2020.0,2020.0,2020.0,1666.667,1666.667,2020.0,0.636,0.636,0.907,0.907,0.81,0.821,0.767,0.767,15.242,5563.0,11509.0,17.658,77.0,56.63
2026-07-08 05:07:39,57.0,64.000              ,569.762,200.0,1200.0,0.0,57.75,57.750              ,57.75,57.75,57.75,57.75,57.75,57.75,57.75,56.909,31.009,71.474,54.909,56.171,48.303,50.638,36.929,50.793,1733.333,1733.333,1733.333,2060.0,2060.0,2060.0,1716.667,1716.667,2060.0,0.68,0.68,0.849,0.856,0.799,0.799,0.692,0.692,15.038,5568.0,11526.0,17.616,78.0,56.77
2026-07-08 05:07:40,57.0,63.000              ,569.766,200.0,1200.0,0.0,57.75,57.750              ,57.75,57.75,57.75,57.75,57.75,57.75,57.75,52.882,23.962,66.436,55.298,62.533,40.059,51.798,58.228,51.4,1700.0,1700.0,2040.0,2040.0,1666.667,1666.667,1980.0,1980.0,2040.0,0.624,0.624,0.823,0.816,0.762,0.763,0.862,0.862,15.047,5573.0,11541.0,18.095,79.0,55.26
2026-07-08 05:07:41,57.0,63.000              ,569.766,200.0,1200.0,0.0,57.75,57.750              ,57.75,57.75,57.75,57.75,57.75,57.75,57.75,62.075,25.884,65.755,50.982,54.266,36.397,46.438,61.075,50.359,1766.667,1750.0,2100.0,2100.0,1750.0,1750.0,2020.0,2020.0,2100.0,0.694,0.694,0.814,0.807,0.698,0.699,0.841,0.841,14.89,5580.0,11555.0,18.502,80.0,54.05
2026-07-08 05:07:42,57.0,63.000              ,569.766,200.0,1200.0,0.0,57.75,57.750              ,57.75,57.75,57.75,57.75,57.75,57.75,57.75,45.36,27.255,67.977,58.623,57.158,40.855,62.943,53.951,51.765,1583.333,1583.333,1920.0,1920.0,1583.333,1583.333,1583.333,1900.0,1920.0,0.59,0.59,0.877,0.893,0.745,0.743,0.832,0.832,15.154,5610.0,11568.0,17.66,81.0,56.63
2026-07-08 05:07:43,57.0,64.000              ,569.766,200.0,1200.0,0.0,57.75,57.750              ,57.75,57.75,57.75,57.75,57.75,57.75,57.75,47.879,28.279,65.278,60.821,60.24,30.629,66.696,47.194,50.877,1766.667,1766.667,1750.0,1750.0,1683.333,1683.333,2020.0,2020.0,2020.0,0.64,0.64,0.838,0.83,0.707,0.707,0.897,0.897,14.906,5614.0,11581.0,17.595,82.0,56.83
2026-07-08 05:07:44,57.0,65.000              ,569.766,200.0,1200.0,0.0,57.75,57.750              ,57.75,57.75,57.75,57.75,57.75,57.75,57.75,52.053,33.404,59.055,63.641,51.114,45.454,44.384,72.345,52.681,1716.667,1716.667,1716.667,1716.667,2060.0,2060.0,1716.667,1980.0,2060.0,0.652,0.655,0.792,0.792,0.736,0.736,0.889,0.889,14.977,5623.0,11606.0,18.219,83.0,54.89
2026-07-08 05:07:45,57.0,65.000              ,569.766,200.0,1200.0,0.0,57.75,57.750              ,57.75,57.75,57.75,57.75,57.75,57.75,57.75,61.662,34.885,79.057,61.178,72.153,53.583,72.552,47.765,60.354,1683.333,1683.333,2020.0,2020.0,1633.333,1633.333,1633.333,1633.333,2020.0,0.672,0.668,0.906,0.913,0.827,0.828,0.767,0.767,15.172,5515.0,11611.0,17.67,84.0,56.59
2026-07-08 05:07:46,57.0,64.000              ,569.766,200.0,1200.0,0.0,57.75,57.750              ,57.75,57.75,57.75,57.75,57.75,57.75,57.75,77.92,73.523,81.075,86.209,79.26,80.709,91.399,77.994,81.011,1533.333,1533.333,1533.333,1533.333,1840.0,1840.0,1820.0,1820.0,1840.0,0.721,0.724,0.802,0.796,0.86,0.859,0.909,0.909,15.499,5395.0,11617.0,18.483,85.0,54.1
2026-07-08 05:07:47,57.0,64.000              ,569.516,200.0,1200.0,0.0,57.75,57.750              ,57.75,57.75,57.75,57.75,57.75,57.75,57.75,75.548,64.071,83.226,75.968,79.241,67.512,70.808,72.286,73.583,1342.857,1342.857,1566.667,1566.667,1550.0,1550.0,1550.0,1550.0,1566.667,0.702,0.7,0.814,0.813,0.758,0.749,0.744,0.744,14.762,5378.0,11635.0,18.027,86.0,55.47
2026-07-08 05:07:48,57.0,61.000              ,569.512,200.0,1200.0,0.0,57.75,57.750              ,57.75,57.75,57.75,57.75,57.75,57.75,57.75,72.069,66.232,79.996,80.942,75.006,66.94,69.374,71.672,72.779,1566.667,1566.667,1880.0,1880.0,1880.0,1880.0,1880.0,1880.0,1880.0,0.744,0.744,0.931,0.931,0.813,0.826,0.89,0.89,15.254,5428.0,11683.0,17.953,87.0,55.7
2026-07-08 05:07:49,57.0,62.000              ,569.516,200.0,1200.0,0.0,57.75,57.750              ,57.75,57.75,57.75,57.75,57.75,57.75,57.75,78.411,75.514,80.32,88.604,79.038,73.043,82.231,62.302,77.433,1457.143,1457.143,1700.0,1700.0,1457.143,1442.857,1683.333,1683.333,1700.0,0.742,0.743,0.863,0.852,0.769,0.768,0.758,0.764,15.064,5489.0,11776.0,18.73,88.0,53.39
2026-07-08 05:07:50,57.0,66.000              ,569.516,200.0,1200.0,0.0,57.75,57.750              ,57.75,57.75,57.75,57.75,57.75,57.75,57.75,76.396,64.695,83.834,75.45,79.124,60.556,72.727,59.289,71.509,1414.286,1414.286,1650.0,1650.0,1414.286,1414.286,1414.286,1616.667,1650.0,0.709,0.709,0.812,0.823,0.767,0.765,0.728,0.723,14.93,5524.0,11828.0,18.463,89.0,54.16
2026-07-08 05:07:51,57.0,68.000              ,569.512,200.0,1200.0,0.0,57.75,57.750              ,57.75,57.75,57.75,57.75,57.75,57.75,57.75,75.717,66.085,87.133,76.225,78.809,60.536,71.833,57.222,71.695,1483.333,1483.333,1780.0,1780.0,1780.0,1780.0,1483.333,1483.333,1780.0,0.73,0.733,0.851,0.853,0.76,0.76,0.704,0.705,14.902,5360.0,11876.0,17.398,90.0,57.48
2026-07-08 05:07:52,57.0,67.000              ,569.516,200.0,1200.0,0.0,57.75,57.750              ,57.75,57.75,57.75,57.75,57.75,57.75,57.75,46.585,37.647,64.986,61.348,56.506,45.284,70.588,39.056,52.75,1583.333,1583.333,1900.0,1900.0,1900.0,1600.0,1600.0,1600.0,1900.0,0.653,0.644,0.912,0.918,0.804,0.792,0.85,0.85,14.786,5357.0,11884.0,17.656,91.0,56.64
2026-07-08 05:07:53,57.0,64.000              ,569.516,200.0,1200.0,0.0,57.75,57.750              ,57.75,57.75,57.75,57.75,57.75,57.75,57.75,52.32,54.035,86.656,57.124,47.244,54.271,61.553,78.013,61.402,1666.667,1666.667,1666.667,1650.0,1650.0,1650.0,1980.0,1980.0,1980.0,0.726,0.724,0.846,0.839,0.748,0.758,0.95,0.952,15.256,4933.0,11892.0,17.612,92.0,56.78
2026-07-08 05:07:54,57.0,62.000              ,569.512,200.0,1200.0,0.0,57.75,57.750              ,57.75,57.75,57.75,57.75,57.75,57.75,57.75,38.72,26.311,56.978,57.821,47.155,39.806,57.943,54.852,47.448,1666.667,1666.667,2000.0,2000.0,1666.667,1666.667,1666.667,1666.667,2000.0,0.62,0.62,0.835,0.835,0.76,0.76,1.029,1.027,14.866,4979.0,11936.0,17.745,93.0,56.35
2026-07-08 05:07:55,57.0,63.000              ,569.516,200.0,1200.0,0.0,57.75,57.750              ,57.75,57.75,57.75,57.75,57.75,57.75,57.75,39.361,33.034,68.709,56.831,44.488,46.963,48.842,55.24,49.184,1716.667,1716.667,2060.0,2060.0,1716.667,1716.667,2060.0,2060.0,2060.0,0.655,0.655,1.003,1.003,0.767,0.755,0.923,0.919,14.91,5012.0,11973.0,17.96,94.0,55.68
2026-07-08 05:07:56,57.0,63.000              ,569.516,200.0,1200.0,0.0,57.75,57.750              ,57.75,57.75,57.75,57.75,57.75,57.75,57.75,46.423,30.429,55.659,56.945,40.535,47.673,61.683,46.633,48.247,1750.0,1750.0,2100.0,2100.0,1750.0,1750.0,1750.0,1750.0,2100.0,0.707,0.708,0.874,0.874,0.775,0.788,1.006,0.989,15.032,5067.0,12021.0,17.712,95.0,56.46
2026-07-08 05:07:57,57.0,62.000              ,569.262,200.0,1200.0,0.0,57.75,57.750              ,57.75,57.75,57.75,57.75,57.75,57.75,57.75,34.864,25.708,64.142,55.876,51.992,27.756,42.993,74.22,47.194,1783.333,1783.333,2140.0,2140.0,1783.333,1783.333,1783.333,1783.333,2140.0,0.57,0.569,0.874,0.882,0.748,0.748,1.081,1.099,15.03,5109.0,12067.0,17.798,96.0,56.19
2026-07-08 05:07:58,57.0,61.000              ,569.266,200.0,1200.0,0.0,57.75,57.750              ,57.75,57.75,57.75,57.75,57.75,57.75,57.75,34.493,33.984,54.895,61.885,48.161,39.487,36.875,79.131,48.614,1750.0,1733.333,1750.0,1750.0,1750.0,1750.0,2100.0,2100.0,2100.0,0.633,0.633,0.861,0.853,0.794,0.795,1.12,1.102,15.014,5152.0,12116.0,17.713,97.0,56.46
2026-07-08 05:07:59,57.0,63.000              ,569.266,200.0,1200.0,0.0,57.75,57.750              ,57.75,57.75,57.75,57.75,57.75,57.75,57.75,36.39,35.035,61.351,57.681,46.556,34.604,53.27,62.403,48.411,1750.0,1750.0,2100.0,2100.0,1750.0,1750.0,2100.0,2100.0,2100.0,0.665,0.665,0.887,0.875,0.753,0.752,1.01,1.026,15.073,5193.0,12157.0,17.567,98.0,56.92
2026-07-08 05:08:00,57.0,62.000              ,569.262,200.0,1200.0,0.0,57.75,57.750              ,57.75,57.75,57.75,57.75,57.75,57.75,57.75,31.744,25.278,60.491,68.105,39.376,45.159,50.516,57.889,47.32,1783.333,1783.333,2140.0,2140.0,1783.333,1783.333,1783.333,1783.333,2140.0,0.576,0.576,1.024,1.039,0.804,0.791,0.936,0.936,14.974,5237.0,12198.0,29.495,99.0,33.9
2026-07-08 05:08:01,57.0,59.000              ,569.266,200.0,1200.0,0.0,57.75,57.750              ,57.75,57.75,57.75,57.75,57.75,57.75,57.75,33.851,27.091,44.58,57.313,39.128,42.398,62.659,53.627,45.081,1783.333,1783.333,1783.333,1783.333,1783.333,1783.333,2140.0,2140.0,2140.0,0.585,0.587,0.857,0.86,0.845,0.859,1.111,1.093,15.102,5274.0,12246.0,17.228,100.0,58.05
2026-07-08 05:08:02,57.0,57.000              ,569.266,200.0,1200.0,0.0,57.75,57.750              ,57.75,57.75,57.75,57.75,57.75,57.75,57.75,41.344,44.13,42.184,60.799,50.845,29.857,48.583,62.826,47.571,1766.667,1980.0,1980.0,2000.0,1666.667,1666.667,1666.667,1666.667,2000.0,0.69,0.69,0.809,0.806,0.721,0.721,1.021,1.038,15.107,5241.0,12314.0,17.271,101.0,57.9
2026-07-08 05:08:03,57.0,56.000              ,569.266,200.0,1200.0,0.0,57.75,57.750              ,57.75,57.75,57.75,57.75,57.75,57.75,57.75,43.716,25.473,51.627,60.189,54.082,32.672,77.428,30.384,46.946,1700.0,1700.0,1700.0,1700.0,1700.0,1700.0,2040.0,2040.0,2040.0,0.614,0.613,0.894,0.895,0.799,0.799,1.028,1.028,15.07,5317.0,12394.0,17.41,102.0,57.44
2026-07-08 05:08:04,57.0,57.000              ,569.266,200.0,1200.0,0.0,57.75,57.750              ,57.75,57.75,57.75,57.75,57.75,57.75,57.75,62.565,44.259,70.047,58.899,68.496,48.515,64.153,58.67,59.451,1750.0,1750.0,2100.0,2100.0,1750.0,1733.333,1733.333,1733.333,2100.0,0.699,0.699,0.837,0.836,0.802,0.791,0.818,0.818,14.966,5310.0,12438.0,19.254,103.0,51.94
2026-07-08 05:08:05,57.0,59.000              ,569.266,200.0,1200.0,0.0,57.75,57.750              ,57.75,57.75,57.75,57.75,57.75,57.75,57.75,42.5,26.987,62.937,58.039,44.666,56.714,53.683,61.547,50.884,1683.333,1683.333,1683.333,1683.333,1683.333,1683.333,2000.0,2020.0,2020.0,0.585,0.586,0.835,0.835,0.817,0.829,0.895,0.895,15.198,5344.0,12470.0,18.448,104.0,54.21
2026-07-08 05:08:06,57.0,61.000              ,569.262,200.0,1200.0,0.0,57.75,57.750              ,57.75,57.75,57.75,57.75,57.75,57.75,57.75,35.008,15.897,57.958,48.406,38.09,15.646,54.088,47.522,39.077,1733.333,1733.333,1733.333,1733.333,1733.333,1733.333,2080.0,2080.0,2080.0,0.538,0.536,0.848,0.848,0.594,0.594,1.141,1.141,14.715,5392.0,12523.0,17.412,105.0,57.43
2026-07-08 05:08:07,57.0,63.000              ,569.266,200.0,1200.0,0.0,57.75,57.750              ,57.75,57.75,57.75,57.75,57.75,57.75,57.75,35.976,16.29,52.058,44.375,42.042,34.154,40.636,31.743,37.159,1800.0,1800.0,2250.0,2250.0,1800.0,1800.0,1800.0,1800.0,2250.0,0.597,0.597,0.917,0.927,0.803,0.805,0.778,0.778,15.015,5409.0,12543.0,23.155,106.0,43.19
2026-07-08 05:08:08,57.0,63.000              ,569.266,200.0,1200.0,0.0,57.75,57.750              ,57.75,57.75,57.75,57.75,57.75,57.75,57.75,31.862,15.511,53.893,38.433,49.534,10.199,46.465,10.951,32.106,1900.0,1900.0,2375.0,2375.0,1900.0,1900.0,1900.0,1900.0,2375.0,0.599,0.599,0.949,0.955,0.723,0.721,0.629,0.629,14.806,5414.0,12537.0,17.676,107.0,56.57
2026-07-08 05:08:09,57.0,62.000              ,569.266,200.0,1200.0,0.0,57.75,57.750              ,57.75,57.75,57.75,57.75,57.75,57.75,57.75,27.3,17.645,50.365,21.933,33.536,8.458,34.482,5.107,24.853,2040.0,2040.0,2550.0,2550.0,2040.0,2040.0,2040.0,2040.0,2550.0,0.763,0.766,1.082,1.067,0.757,0.757,0.692,0.692,15.201,5418.0,12542.0,72.866,108.0,13.72
2026-07-08 05:08:10,57.0,61.000              ,569.125,200.0,1200.0,0.0,57.875,57.875              ,57.875,57.875,57.875,57.875,57.875,57.875,57.875,28.887,12.206,24.327,41.072,25.693,6.942,21.318,13.1,21.693,2020.0,2020.0,2500.0,2500.0,2000.0,2000.0,2000.0,2000.0,2500.0,0.899,0.896,1.561,1.541,0.751,0.751,0.857,0.857,14.46,5279.0,12378.0,17.71,109.0,56.47
2026-07-08 05:08:11,58.0,31.000              ,569.125,200.0,1200.0,0.0,58.75,58.750              ,58.75,58.75,58.75,58.75,58.75,58.75,58.75,11.827,7.115,11.34,57.731,39.947,3.179,26.763,4.866,20.346,2620.0,2620.0,2620.0,2620.0,3250.0,3250.0,2580.0,2580.0,3250.0,0.659,0.659,2.376,2.427,1.252,1.252,0.907,0.907,15.196,5334.0,12433.0,0.0,110.0,
2026-07-08 05:08:12,59.0,0.000               ,570.129,200.0,1200.0,0.0,59.25,59.250              ,59.25,59.25,59.25,59.25,59.25,59.25,59.25,12.998,3.659,10.073,67.794,30.36,4.799,27.812,4.935,20.304,1800.0,1800.0,3150.0,3150.0,2220.0,2220.0,1850.0,1850.0,3150.0,0.557,0.557,2.766,2.762,1.004,1.004,0.909,0.909,15.118,5316.0,12387.0,2601.034,111.0,0.38
2026-07-08 05:08:13,59.0,1.000               ,570.129,200.0,1200.0,0.0,59.625,59.625              ,59.625,59.625,59.625,59.625,59.625,59.625,59.625,7.255,3.741,5.575,93.766,21.715,4.666,15.548,5.49,19.719,1771.429,1771.429,3100.0,3150.0,1800.0,1800.0,1800.0,1800.0,3150.0,0.507,0.507,3.546,3.494,0.727,0.727,0.612,0.612,14.964,5332.0,12407.0,0.0,112.0,
2026-07-08 05:08:14,59.0,1.000               ,570.129,200.0,1200.0,0.0,59.625,59.625              ,59.625,59.625,59.625,59.625,59.625,59.625,59.625,8.968,4.878,7.892,82.219,32.451,3.867,16.697,4.787,20.22,1785.714,1785.714,3125.0,3125.0,3125.0,3125.0,2500.0,2500.0,3125.0,0.509,0.509,3.149,3.163,1.012,1.012,0.627,0.627,15.066,5368.0,12443.0,0.0,113.0,
2026-07-08 05:08:15,60.0,0.000               ,570.129,200.0,1200.0,0.0,60.125,60.125              ,60.125,60.125,60.125,60.125,60.125,60.125,60.125,5.743,4.787,4.178,93.827,21.037,4.28,17.413,3.623,19.361,1600.0,1600.0,3200.0,3200.0,1600.0,1600.0,1828.571,1828.571,3200.0,0.453,0.453,3.29,3.29,0.672,0.672,0.584,0.584,15.041,5412.0,12505.0,0.0,114.0,
2026-07-08 05:08:16,59.0,0.000               ,564.828,200.0,1200.0,0.0,59.25,59.250              ,59.25,59.25,59.25,59.25,59.25,59.25,59.25,9.225,3.828,18.54,47.962,35.27,3.382,26.215,5.408,18.729,2066.667,2066.667,3100.0,3100.0,2480.0,2480.0,2066.667,2066.667,3100.0,0.611,0.611,1.948,1.952,1.229,1.23,0.939,0.939,15.241,5489.0,12522.0,3332.474,115.0,0.3
2026-07-08 05:08:17,58.0,0.000               ,564.828,200.0,1200.0,0.0,58.5,58.500              ,58.5,58.5,58.5,58.5,58.5,58.5,58.5,46.624,44.047,43.771,63.906,57.189,40.61,62.187,27.43,48.221,1814.286,1814.286,3175.0,3175.0,2116.667,3075.0,2360.0,2360.0,3175.0,1.049,1.045,1.491,1.491,1.258,1.267,1.113,1.113,15.627,5170.0,12560.0,0.0,116.0,
2026-07-08 05:08:18,58.0,0.000               ,564.828,200.0,1200.0,0.0,58.75,58.750              ,58.75,58.75,58.75,58.75,58.75,58.75,58.75,16.113,6.408,26.031,12.407,74.47,8.094,28.535,4.944,22.125,2120.0,2120.0,2120.0,2120.0,2650.0,2650.0,2120.0,2120.0,2650.0,0.602,0.6,0.781,0.781,2.099,2.089,0.753,0.753,14.437,5214.0,12602.0,0.0,117.0,
2026-07-08 05:08:19,58.0,0.000               ,564.828,200.0,1200.0,0.0,58.75,58.750              ,58.75,58.75,58.75,58.75,58.75,58.75,58.75,10.106,14.993,19.411,31.056,57.67,7.21,32.412,5.539,22.3,2480.0,3050.0,2420.0,2420.0,3025.0,3025.0,2420.0,2420.0,3050.0,0.716,0.716,1.21,1.214,1.675,1.675,0.955,0.955,14.963,5151.0,12633.0,0.0,118.0,
2026-07-08 05:08:20,59.0,0.000               ,564.828,200.0,1200.0,0.0,59.0,59.000              ,59.0,59.0,59.0,59.0,59.0,59.0,59.0,7.066,5.338,6.931,71.425,34.888,2.773,17.55,2.562,18.567,1885.714,1885.714,2200.0,2200.0,3300.0,3300.0,2200.0,2200.0,3300.0,0.601,0.601,2.328,2.324,1.119,1.119,0.708,0.708,15.025,5209.0,12686.0,0.0,119.0,
2026-07-08 05:08:21,59.0,0.000               ,564.828,200.0,1200.0,0.0,59.5,59.500              ,59.5,59.5,59.5,59.5,59.5,59.5,59.5,10.824,4.427,7.251,85.215,27.313,5.982,22.457,5.993,21.183,2066.667,2066.667,3100.0,3100.0,2480.0,2480.0,2066.667,2066.667,3100.0,0.535,0.535,2.459,2.474,0.809,0.809,0.75,0.75,15.2,5237.0,12738.0,0.0,120.0,
2026-07-08 05:08:22,59.0,0.000               ,564.828,200.0,1200.0,0.0,59.5,59.500              ,59.5,59.5,59.5,59.5,59.5,59.5,59.5,12.021,5.424,7.867,82.837,23.027,4.124,18.694,5.108,19.887,1857.143,1857.143,3250.0,3250.0,2166.667,2166.667,2150.0,2150.0,3250.0,0.613,0.613,2.563,2.565,0.724,0.724,0.701,0.701,15.108,5289.0,12794.0,0.0,121.0,
2026-07-08 05:08:23,59.0,0.000               ,564.828,200.0,1200.0,0.0,59.5,59.500              ,59.5,59.5,59.5,59.5,59.5,59.5,59.5,13.478,2.281,9.396,81.607,26.732,3.167,24.741,3.313,20.589,2150.0,2150.0,3225.0,3175.0,2116.667,2116.667,2500.0,2500.0,3225.0,0.533,0.533,2.486,2.468,0.783,0.783,0.755,0.755,14.972,5374.0,12859.0,0.0,122.0,
2026-07-08 05:08:24,59.0,0.000               ,564.828,200.0,1200.0,0.0,59.25,59.250              ,59.25,59.25,59.25,59.25,59.25,59.25,59.25,10.225,4.727,5.289,84.191,35.484,5.559,21.437,4.438,21.419,2166.667,2166.667,3250.0,3225.0,2360.0,2360.0,1966.667,1966.667,3250.0,0.59,0.591,2.385,2.351,1.009,1.009,0.716,0.716,15.015,5430.0,12910.0,0.0,123.0,
2026-07-08 05:08:25,58.0,0.000               ,564.828,200.0,1200.0,0.0,58.5,58.500              ,58.5,58.5,58.5,58.5,58.5,58.5,58.5,37.775,35.1,34.83,46.956,66.648,22.171,72.874,19.286,41.955,2133.333,2133.333,2560.0,2560.0,3200.0,3200.0,2560.0,2560.0,3200.0,0.965,0.963,1.095,1.11,1.326,1.328,1.417,1.417,15.502,5271.0,12963.0,0.0,124.0,
2026-07-08 05:08:26,58.0,0.000               ,564.828,200.0,1200.0,0.0,58.75,58.750              ,58.75,58.75,58.75,58.75,58.75,58.75,58.75,12.996,7.211,11.545,78.14,29.779,11.382,27.577,5.581,23.026,2160.0,2160.0,2700.0,2700.0,2160.0,2180.0,2180.0,2180.0,2700.0,0.547,0.547,2.086,2.115,0.829,0.826,0.691,0.691,14.441,5315.0,13009.0,0.0,125.0,
2026-07-08 05:08:27,59.0,0.000               ,564.828,200.0,1200.0,0.0,59.0,59.000              ,59.0,59.0,59.0,59.0,59.0,59.0,59.0,17.927,7.132,14.066,49.465,43.194,12.148,27.787,6.636,22.294,2460.0,2460.0,3075.0,3075.0,2460.0,3000.0,2000.0,2000.0,3075.0,0.754,0.754,1.671,1.682,1.378,1.378,0.908,0.908,15.273,5400.0,13071.0,0.0,126.0,
2026-07-08 05:08:28,58.0,0.000               ,564.828,200.0,1200.0,0.0,58.625,58.625              ,58.625,58.625,58.625,58.625,58.625,58.625,58.625,33.016,24.536,26.558,64.385,41.617,51.475,46.077,15.501,37.896,2133.333,2133.333,2560.0,2560.0,3200.0,2875.0,1916.667,1916.667,3200.0,0.854,0.858,1.463,1.459,1.519,1.519,0.986,0.986,15.456,5322.0,13123.0,0.0,127.0,
2026-07-08 05:08:29,58.0,0.000               ,564.828,200.0,1200.0,0.0,58.25,58.250              ,58.25,58.25,58.25,58.25,58.25,58.25,58.25,39.322,34.65,40.707,62.061,60.565,23.286,48.807,19.072,41.059,2140.0,2140.0,2675.0,2675.0,2120.0,2120.0,2120.0,2120.0,2675.0,0.931,0.927,1.399,1.386,1.088,1.088,0.876,0.876,14.748,5145.0,13172.0,0.0,128.0,
2026-07-08 05:08:30,58.0,0.000               ,564.828,200.0,1200.0,0.0,58.625,58.625              ,58.625,58.625,58.625,58.625,58.625,58.625,58.625,11.193,2.593,15.033,45.615,51.636,6.871,22.932,3.337,19.901,2066.667,2066.667,3100.0,3100.0,3050.0,3050.0,2440.0,2440.0,3100.0,0.549,0.549,1.554,1.581,1.569,1.569,0.759,0.759,14.911,5211.0,13219.0,0.0,129.0,
2026-07-08 05:08:31,59.0,0.000               ,564.828,200.0,1200.0,0.0,58.875,58.875              ,58.875,58.875,58.875,58.875,58.875,58.875,58.875,11.669,5.728,8.812,64.308,33.773,7.564,25.768,5.118,20.342,2400.0,2400.0,2400.0,2400.0,3025.0,3025.0,2420.0,2420.0,3025.0,0.638,0.638,2.038,2.034,1.128,1.128,0.83,0.83,14.943,5281.0,13285.0,0.0,130.0,
2026-07-08 05:08:32,59.0,0.000               ,564.828,200.0,1200.0,0.0,59.0,59.000              ,59.0,59.0,59.0,59.0,59.0,59.0,59.0,9.989,6.574,11.624,74.572,37.254,4.527,25.452,6.041,22.004,2050.0,2050.0,3075.0,3075.0,3000.0,3000.0,2000.0,2000.0,3075.0,0.552,0.552,2.266,2.26,0.964,0.964,0.778,0.778,15.117,5317.0,13324.0,16526.988,131.0,0.06
2026-07-08 05:08:33,59.0,0.000               ,564.828,200.0,1200.0,0.0,59.0,59.000              ,59.0,59.0,59.0,59.0,59.0,59.0,59.0,12.472,9.19,7.088,84.122,28.269,7.182,31.237,4.745,23.038,2116.667,2116.667,3175.0,3175.0,2116.667,2116.667,2380.0,2380.0,3175.0,0.639,0.639,2.311,2.311,0.844,0.844,0.85,0.85,14.991,5351.0,13364.0,0.0,132.0,
2026-07-08 05:08:34,59.0,0.000               ,564.828,200.0,1200.0,0.0,59.0,59.000              ,59.0,59.0,59.0,59.0,59.0,59.0,59.0,11.884,4.417,7.63,79.371,41.974,3.205,24.501,4.2,22.148,2240.0,2240.0,2240.0,2240.0,2360.0,2360.0,1966.667,1966.667,2360.0,0.593,0.584,2.221,2.216,1.07,1.07,0.756,0.756,15.028,5422.0,13413.0,0.0,133.0,
2026-07-08 05:08:35,58.0,0.000               ,564.828,200.0,1200.0,0.0,58.875,58.875              ,58.875,58.875,58.875,58.875,58.875,58.875,58.875,13.666,5.752,9.814,78.736,33.573,15.081,50.127,5.411,26.52,2100.0,2100.0,3150.0,3150.0,2520.0,3100.0,2925.0,2925.0,3150.0,0.543,0.554,1.961,1.961,0.973,0.973,1.156,1.156,15.111,5466.0,13450.0,0.0,134.0,
2026-07-08 05:08:36,58.0,0.000               ,564.828,200.0,1200.0,0.0,58.75,58.750              ,58.75,58.75,58.75,58.75,58.75,58.75,58.75,12.699,4.725,17.223,48.113,53.765,4.898,58.05,2.882,25.294,1785.714,1785.714,3125.0,3125.0,2083.333,2083.333,2925.0,2925.0,3125.0,0.539,0.537,1.309,1.309,1.397,1.402,1.27,1.27,14.985,5497.0,13502.0,0.0,135.0,
2026-07-08 05:08:37,58.0,0.000               ,564.828,200.0,1200.0,0.0,58.5,58.500              ,58.5,58.5,58.5,58.5,58.5,58.5,58.5,44.25,25.393,34.036,39.278,64.772,17.646,71.371,20.469,39.652,2580.0,2580.0,2580.0,2580.0,3125.0,3100.0,2925.0,2925.0,3125.0,1.032,1.032,1.003,1.003,1.33,1.325,1.531,1.533,15.602,5423.0,13545.0,0.0,136.0,
2026-07-08 05:08:38,58.0,0.000               ,564.828,200.0,1200.0,0.0,58.125,58.125              ,58.125,58.125,58.125,58.125,58.125,58.125,58.125,28.397,33.563,33.629,70.36,53.514,22.605,44.771,22.022,38.608,1900.0,1900.0,2375.0,2375.0,2375.0,2375.0,1900.0,1900.0,2375.0,0.794,0.794,1.518,1.541,0.99,0.99,0.862,0.859,14.508,5377.0,13582.0,0.0,137.0,
2026-07-08 05:08:39,58.0,0.000               ,564.828,200.0,1200.0,0.0,58.5,58.500              ,58.5,58.5,58.5,58.5,58.5,58.5,58.5,9.92,10.269,11.157,75.237,38.562,7.37,30.66,10.628,24.225,2133.333,2133.333,3200.0,3200.0,2560.0,2560.0,2133.333,2133.333,3200.0,0.609,0.609,2.134,2.113,1.006,1.007,0.924,0.924,15.019,5410.0,13622.0,0.0,138.0,
2026-07-08 05:08:40,58.0,0.000               ,564.828,200.0,1200.0,0.0,58.625,58.625              ,58.625,58.625,58.625,58.625,58.625,58.625,58.625,8.561,17.537,17.658,59.735,42.092,4.451,24.756,3.816,22.326,2220.0,2460.0,3175.0,3175.0,3100.0,3100.0,2066.667,2066.667,3175.0,0.706,0.713,2.033,2.03,1.129,1.128,0.731,0.731,14.936,5352.0,13691.0,7827.147,139.0,0.13
2026-07-08 05:08:41,58.0,0.000               ,564.828,200.0,1200.0,0.0,58.75,58.750              ,58.75,58.75,58.75,58.75,58.75,58.75,58.75,11.179,10.301,13.453,55.955,42.34,5.43,29.65,5.984,21.786,2100.0,2100.0,3150.0,3150.0,2520.0,2520.0,2520.0,2520.0,3150.0,0.7,0.693,1.898,1.902,1.23,1.23,0.892,0.892,15.224,5419.0,13769.0,0.0,140.0,
2026-07-08 05:08:42,58.0,0.000               ,564.828,200.0,1200.0,0.0,58.5,58.500              ,58.5,58.5,58.5,58.5,58.5,58.5,58.5,47.352,31.116,43.716,68.895,68.238,41.25,74.88,50.026,53.184,2016.667,2016.667,2420.0,2420.0,3025.0,3025.0,3000.0,3000.0,3025.0,0.866,0.866,1.349,1.346,1.252,1.252,1.491,1.491,15.552,5248.0,13819.0,0.0,141.0,
2026-07-08 05:08:43,58.0,0.000               ,564.828,200.0,1200.0,0.0,58.875,58.875              ,58.875,58.875,58.875,58.875,58.875,58.875,58.875,44.039,53.481,50.903,53.844,84.559,43.808,53.482,35.063,52.397,1780.0,1780.0,2225.0,2225.0,2225.0,2225.0,2225.0,2225.0,2225.0,0.985,0.985,1.092,1.092,1.419,1.421,0.966,0.966,14.906,5033.0,13828.0,0.0,142.0,
2026-07-08 05:08:44,59.0,0.000               ,564.828,200.0,1200.0,0.0,59.5,59.500              ,59.5,59.5,59.5,59.5,59.5,59.5,59.5,32.28,15.603,31.559,13.684,71.755,13.513,21.413,32.84,29.081,2020.0,2020.0,2020.0,2020.0,2525.0,2525.0,2020.0,2020.0,2525.0,0.767,0.77,0.677,0.677,1.669,1.67,1.064,1.086,14.595,4977.0,13830.0,0.0,143.0,
2026-07-08 05:08:45,60.0,0.000               ,564.828,200.0,1200.0,0.0,61.0,61.000              ,61.0,61.0,61.0,61.0,61.0,61.0,61.0,6.337,2.053,3.187,98.447,20.593,3.381,20.794,7.018,20.226,2116.667,2116.667,3175.0,3175.0,2116.667,2116.667,2540.0,2540.0,3175.0,0.301,0.299,2.848,2.853,0.62,0.62,0.697,0.67,14.967,4983.0,13828.0,0.0,144.0,
2026-07-08 05:08:46,62.0,0.000               ,564.828,200.0,1200.0,0.0,62.0,62.000              ,62.0,62.0,62.0,62.0,62.0,62.0,62.0,11.689,4.106,22.553,8.268,92.79,3.761,23.86,5.248,21.534,2083.333,2083.333,2500.0,2500.0,2083.333,2083.333,3125.0,3125.0,3125.0,0.495,0.495,0.676,0.671,2.676,2.676,0.711,0.711,15.019,4987.0,13825.0,0.0,145.0,
2026-07-08 05:08:47,62.0,0.000               ,564.828,200.0,1200.0,0.0,62.0,62.000              ,62.0,62.0,62.0,62.0,62.0,62.0,62.0,5.904,1.059,3.158,89.257,19.928,1.993,30.018,2.483,19.225,1477.778,1477.778,2660.0,2660.0,2660.0,2660.0,3325.0,3325.0,3325.0,0.263,0.265,2.744,2.724,0.621,0.623,0.808,0.808,14.968,4992.0,13827.0,0.0,146.0,
2026-07-08 05:08:48,61.0,0.000               ,624.551,200.0,1200.0,0.0,61.75,61.750              ,61.75,61.75,61.75,61.75,61.75,61.75,61.75,12.392,7.065,18.083,29.811,23.379,25.225,54.131,4.814,21.863,1933.333,1933.333,2900.0,2900.0,2320.0,2320.0,1933.333,1933.333,2900.0,0.588,0.585,1.32,1.318,1.257,1.316,1.586,1.586,15.178,5029.0,13921.0,0.0,147.0,
2026-07-08 05:08:49,62.0,0.000               ,624.551,200.0,1200.0,0.0,62.0,62.000              ,62.0,62.0,62.0,62.0,62.0,62.0,62.0,14.187,7.354,6.598,90.069,20.083,8.386,19.302,5.557,21.442,2083.333,2083.333,3125.0,3125.0,2500.0,2500.0,2083.333,2083.333,3125.0,0.694,0.694,2.714,2.687,0.821,0.747,0.666,0.666,15.031,5039.0,13921.0,0.0,148.0,
2026-07-08 05:08:50,61.0,0.000               ,624.551,200.0,1200.0,0.0,61.75,61.750              ,61.75,61.75,61.75,61.75,61.75,61.75,61.75,10.519,5.033,5.992,96.955,26.11,8.217,22.29,6.03,22.643,1966.667,1966.667,2950.0,2950.0,2360.0,2360.0,1966.667,1966.667,2950.0,0.465,0.465,2.729,2.783,0.739,0.742,0.669,0.673,15.054,5056.0,13922.0,0.0,149.0,
2026-07-08 05:08:51,62.0,0.000               ,624.551,200.0,1200.0,0.0,62.0,62.000              ,62.0,62.0,62.0,62.0,62.0,62.0,62.0,10.62,3.266,22.92,18.437,51.169,4.749,10.074,49.839,21.384,1525.0,1525.0,3050.0,3050.0,2033.333,2033.333,2033.333,2033.333,3050.0,0.498,0.5,0.987,0.931,1.573,1.57,1.709,1.718,14.925,5063.0,13924.0,0.0,150.0,
2026-07-08 05:08:52,62.0,0.000               ,624.551,200.0,1200.0,0.0,62.0,62.000              ,62.0,62.0,62.0,62.0,62.0,62.0,62.0,8.416,4.029,4.283,97.979,22.479,5.839,23.614,7.334,21.747,2116.667,2116.667,3175.0,3175.0,2520.0,2520.0,2520.0,2520.0,3175.0,0.46,0.457,2.89,2.92,0.749,0.749,0.741,0.713,15.032,5068.0,13930.0,0.0,151.0,
2026-07-08 05:08:53,62.0,0.000               ,628.059,200.0,1200.0,0.0,62.125,62.125              ,62.125,62.125,62.125,62.125,62.125,62.125,62.125,11.643,1.269,5.673,82.815,26.969,5.226,20.6,3.149,19.668,1842.857,1842.857,2580.0,2580.0,3225.0,3225.0,2150.0,2150.0,3225.0,0.404,0.404,2.684,2.672,0.841,0.841,0.639,0.639,15.097,5073.0,13933.0,0.0,152.0,
2026-07-08 05:08:54,62.0,0.000               ,628.059,200.0,1200.0,0.0,62.75,62.750              ,62.75,62.75,62.75,62.75,62.75,62.75,62.75,3.213,75.028,14.355,24.243,20.402,3.096,9.805,4.334,19.31,1771.429,1771.429,3100.0,3100.0,1771.429,1771.429,2066.667,2066.667,3100.0,2.369,2.34,1.092,1.089,0.658,0.658,0.54,0.54,14.86,5073.0,13933.0,0.0,153.0,
2026-07-08 05:08:55,62.0,0.000               ,628.059,200.0,1200.0,0.0,62.0,62.000              ,62.0,62.0,62.0,62.0,62.0,62.0,62.0,15.251,5.578,24.281,18.417,29.381,5.284,78.079,3.484,22.469,2166.667,2166.667,3250.0,3250.0,2166.667,2166.667,2166.667,2166.667,3250.0,0.606,0.606,1.077,1.062,0.884,0.884,2.268,2.268,15.251,5080.0,13933.0,0.0,154.0,
2026-07-08 05:08:56,62.0,0.000               ,628.059,200.0,1200.0,0.0,62.25,62.250              ,62.25,62.25,62.25,62.25,62.25,62.25,62.25,10.693,2.314,6.292,91.532,17.595,5.934,22.959,5.391,20.339,1857.143,1857.143,3250.0,3250.0,2166.667,2166.667,2600.0,2600.0,3250.0,0.477,0.477,2.943,2.948,0.679,0.679,0.719,0.719,14.877,5081.0,13932.0,0.0,155.0,
2026-07-08 05:08:57,62.0,0.000               ,638.18,200.0,1200.0,0.0,62.0,62.000              ,62.0,62.0,62.0,62.0,62.0,62.0,62.0,5.952,4.187,37.445,18.467,19.831,3.897,40.099,26.496,19.547,1637.5,1637.5,3275.0,3275.0,2183.333,2183.333,1871.429,1871.429,3275.0,0.278,0.278,1.681,1.676,0.659,0.659,2.12,2.12,15.082,5091.0,13943.0,17154.307,156.0,0.06
2026-07-08 05:08:58,61.0,0.000               ,638.18,200.0,1200.0,0.0,61.75,61.750              ,61.75,61.75,61.75,61.75,61.75,61.75,61.75,5.475,13.48,74.143,3.888,35.027,4.183,22.91,3.4,20.313,3400.0,3400.0,2266.667,2266.667,3350.0,3350.0,1914.286,1914.286,3400.0,0.688,0.689,2.544,2.544,1.217,1.217,0.696,0.696,14.988,5097.0,13943.0,0.0,157.0,
2026-07-08 05:08:59,61.0,0.000               ,638.18,200.0,1200.0,0.0,61.625,61.625              ,61.625,61.625,61.625,61.625,61.625,61.625,61.625,19.459,5.515,59.626,4.399,28.719,23.707,15.832,3.954,20.151,2283.333,2283.333,2283.333,2283.333,3425.0,3425.0,2283.333,2283.333,3425.0,0.877,0.876,2.132,2.132,1.62,1.668,0.637,0.637,15.273,5110.0,13946.0,0.0,158.0,
2026-07-08 05:09:00,61.0,0.000               ,638.18,200.0,1200.0,0.0,61.25,61.250              ,61.25,61.25,61.25,61.25,61.25,61.25,61.25,5.362,58.049,13.127,43.325,18.539,8.364,12.967,6.581,20.789,3225.0,3225.0,2150.0,2150.0,2580.0,2580.0,2150.0,2150.0,3225.0,2.06,2.06,1.739,1.731,0.808,0.748,0.602,0.603,15.033,5114.0,13945.0,0.0,159.0,
2026-07-08 05:09:01,61.0,1.000               ,638.18,200.0,1200.0,0.0,61.25,61.250              ,61.25,61.25,61.25,61.25,61.25,61.25,61.25,2.743,92.872,19.652,5.446,24.426,4.035,7.323,5.338,20.229,2600.0,2600.0,2600.0,2600.0,3250.0,3250.0,2166.667,2166.667,3250.0,3.076,3.048,0.635,0.626,0.789,0.789,0.498,0.497,14.859,5115.0,13942.0,0.0,160.0,
2026-07-08 05:09:02,61.0,1.000               ,638.18,200.0,1200.0,0.0,61.25,61.250              ,61.25,61.25,61.25,61.25,61.25,61.25,61.25,4.419,96.92,18.143,5.176,27.802,7.186,7.054,5.059,21.47,3250.0,3250.0,1857.143,1857.143,2166.667,2166.667,1857.143,1857.143,3250.0,3.272,3.325,0.581,0.581,0.824,0.824,0.441,0.441,15.07,5123.0,13943.0,0.0,161.0,
2026-07-08 05:09:03,61.0,0.000               ,638.18,200.0,1200.0,0.0,61.5,61.500              ,61.5,61.5,61.5,61.5,61.5,61.5,61.5,1.509,96.881,16.626,1.382,20.606,2.357,5.806,2.298,18.433,3325.0,3325.0,1900.0,1900.0,1900.0,1900.0,1900.0,1900.0,3325.0,3.479,3.463,0.601,0.601,0.65,0.65,0.477,0.477,14.931,5124.0,13942.0,0.0,162.0,
2026-07-08 05:09:04,61.0,0.000               ,638.18,200.0,1200.0,0.0,61.25,61.250              ,61.25,61.25,61.25,61.25,61.25,61.25,61.25,9.312,14.209,54.768,19.046,35.23,7.704,19.529,3.945,20.468,3250.0,3250.0,1857.143,1857.143,1857.143,1857.143,1857.143,1857.143,3250.0,0.9,0.895,2.4,2.4,1.373,1.443,0.677,0.678,15.248,5124.0,13942.0,0.0,163.0,
2026-07-08 05:09:05,61.0,0.000               ,638.18,200.0,1200.0,0.0,61.25,61.250              ,61.25,61.25,61.25,61.25,61.25,61.25,61.25,4.499,67.849,21.427,4.195,18.606,8.199,31.8,4.001,20.072,3350.0,3350.0,2233.333,2233.333,2233.333,2233.333,2233.333,2233.333,3350.0,2.399,2.414,0.632,0.632,0.732,0.639,1.219,1.218,14.873,5125.0,13943.0,0.0,164.0,
2026-07-08 05:09:06,59.0,0.000               ,665.645,200.0,1200.0,0.0,59.875,59.875              ,59.875,59.875,59.875,59.875,59.875,59.875,59.875,30.787,29.805,26.011,66.024,56.602,11.025,35.32,22.834,34.801,2360.0,2360.0,2360.0,2360.0,2925.0,2925.0,2340.0,2340.0,2925.0,1.12,1.087,1.81,1.81,1.172,1.172,1.074,1.074,15.524,5270.0,14133.0,9149.57,165.0,0.11
2026-07-08 05:09:07,58.0,4.000               ,771.348,244.0,1200.0,0.0,58.5,58.500              ,58.5,58.5,58.5,58.5,58.5,58.5,58.5,60.31,75.277,77.148,61.321,71.553,52.204,76.192,53.005,65.876,2260.0,2260.0,2575.0,2575.0,2060.0,2020.0,2020.0,2020.0,2575.0,1.043,1.02,1.051,1.055,0.917,0.917,0.954,0.954,15.864,5210.0,14350.0,540.133,166.0,1.85
2026-07-08 05:09:08,57.0,46.000              ,788.711,400.0,1200.0,0.0,57.75,57.750              ,57.75,57.75,57.75,57.75,57.75,57.75,57.75,46.336,50.428,52.567,61.128,66.385,26.913,55.298,28.747,48.475,1442.857,1442.857,1442.857,1442.857,1442.857,1442.857,1442.857,1442.857,1442.857,0.597,0.597,0.679,0.675,0.587,0.586,0.539,0.541,14.728,5217.0,14364.0,38.399,167.0,26.04
2026-07-08 05:09:09,57.0,79.000              ,787.211,413.0,1200.0,0.0,57.625,57.625              ,57.625,57.625,57.625,57.625,57.625,57.625,57.625,32.805,41.017,38.511,57.92,46.712,14.081,38.016,19.853,36.114,1550.0,1840.0,1840.0,1840.0,1533.333,1533.333,1533.333,1533.333,1840.0,0.61,0.61,0.826,0.826,0.552,0.552,0.528,0.526,15.024,5223.0,14364.0,21.741,168.0,46.0
2026-07-08 05:09:10,57.0,72.000              ,785.715,200.0,1200.0,0.0,57.625,57.625              ,57.625,57.625,57.625,57.625,57.625,57.625,57.625,47.341,35.876,51.05,57.168,51.574,29.162,59.689,22.581,44.305,1550.0,1550.0,1860.0,1860.0,1550.0,1550.0,1800.0,1800.0,1860.0,0.605,0.605,0.809,0.811,0.586,0.586,0.617,0.617,14.806,5260.0,14365.0,45.733,169.0,21.87
2026-07-08 05:09:11,57.0,65.000              ,788.727,200.0,1200.0,0.0,57.625,57.625              ,57.625,57.625,57.625,57.625,57.625,57.625,57.625,46.043,32.706,46.321,47.268,53.653,27.559,51.856,29.34,41.843,1600.0,1600.0,1900.0,1900.0,1583.333,1583.333,1583.333,1860.0,1900.0,0.59,0.59,0.713,0.712,0.613,0.613,0.638,0.648,15.147,5271.0,14366.0,28.868,170.0,34.64
2026-07-08 05:09:12,57.0,62.000              ,788.734,200.0,1200.0,0.0,57.625,57.625              ,57.625,57.625,57.625,57.625,57.625,57.625,57.625,49.648,32.217,50.528,44.344,58.231,17.091,50.832,35.428,42.29,1583.333,1583.333,1900.0,1900.0,1583.333,1583.333,1900.0,1880.0,1900.0,0.615,0.615,0.737,0.737,0.628,0.628,0.704,0.694,14.914,5288.0,14365.0,27.564,171.0,36.28
2026-07-08 05:09:13,57.0,66.000              ,788.734,428.0,1200.0,0.0,57.625,57.625              ,57.625,57.625,57.625,57.625,57.625,57.625,57.625,40.844,29.857,51.055,46.826,60.132,27.375,56.101,20.232,41.553,1600.0,1600.0,1600.0,1900.0,1900.0,1900.0,1900.0,1900.0,1900.0,0.557,0.557,0.718,0.718,0.668,0.668,0.598,0.598,15.0,5301.0,14365.0,19.956,172.0,50.11
2026-07-08 05:09:14,57.0,68.000              ,788.73,450.0,1200.0,0.0,57.625,57.625              ,57.625,57.625,57.625,57.625,57.625,57.625,57.625,39.405,23.132,55.7,32.116,44.446,26.247,55.285,15.486,36.477,1633.333,1633.333,1960.0,1960.0,1633.333,1880.0,1566.667,1583.333,1960.0,0.581,0.581,0.717,0.717,0.647,0.647,0.643,0.643,15.007,5309.0,14365.0,23.373,173.0,42.78
2026-07-08 05:09:15,57.0,69.000              ,788.73,200.0,1200.0,0.0,57.625,57.625              ,57.625,57.625,57.625,57.625,57.625,57.625,57.625,42.393,30.022,46.89,45.386,55.596,14.937,47.39,21.404,38.002,1533.333,1533.333,1840.0,1840.0,1533.333,1533.333,1840.0,1820.0,1840.0,0.575,0.575,0.765,0.765,0.605,0.605,0.597,0.599,14.925,5315.0,14363.0,23.509,174.0,42.54
2026-07-08 05:09:16,57.0,69.000              ,788.711,457.0,1200.0,0.0,57.625,57.625              ,57.625,57.625,57.625,57.625,57.625,57.625,57.625,49.705,32.191,46.588,39.298,48.986,22.129,53.615,19.376,38.986,1616.667,1616.667,1940.0,1940.0,1616.667,1550.0,1550.0,1550.0,1940.0,0.643,0.643,0.695,0.696,0.581,0.581,0.616,0.614,15.054,5316.0,14364.0,23.494,175.0,42.56
2026-07-08 05:09:17,57.0,67.000              ,769.074,428.0,1200.0,0.0,57.625,57.625              ,57.625,57.625,57.625,57.625,57.625,57.625,57.625,46.809,26.461,45.384,38.364,60.789,17.105,48.254,17.058,37.528,1616.667,1616.667,1940.0,1940.0,1616.667,1616.667,1616.667,1880.0,1940.0,0.623,0.623,0.68,0.689,0.714,0.714,0.585,0.585,15.06,5329.0,14350.0,24.506,176.0,40.81
2026-07-08 05:09:18,57.0,68.000              ,762.633,428.0,1200.0,0.0,57.625,57.625              ,57.625,57.625,57.625,57.625,57.625,57.625,57.625,41.788,24.47,45.226,40.24,51.645,24.161,58.443,14.448,37.553,1616.667,1616.667,1940.0,1940.0,1940.0,1900.0,1583.333,1583.333,1940.0,0.559,0.559,0.718,0.709,0.625,0.625,0.601,0.602,14.932,5337.0,14345.0,25.048,177.0,39.92
2026-07-08 05:09:19,57.0,70.000              ,762.625,381.0,1200.0,0.0,57.625,57.625              ,57.625,57.625,57.625,57.625,57.625,57.625,57.625,48.192,27.376,43.249,49.83,56.253,25.844,55.748,15.182,40.209,1583.333,1583.333,1900.0,1900.0,1900.0,1900.0,1583.333,1583.333,1900.0,0.589,0.593,0.765,0.764,0.654,0.654,0.592,0.592,15.029,5337.0,14347.0,20.239,178.0,49.41
2026-07-08 05:09:20,57.0,71.000              ,762.707,428.0,1200.0,0.0,57.625,57.625              ,57.625,57.625,57.625,57.625,57.625,57.625,57.625,48.698,33.112,55.523,42.892,58.404,23.57,61.005,18.082,42.661,1533.333,1533.333,1780.0,1780.0,1500.0,1500.0,1500.0,1500.0,1780.0,0.585,0.582,0.695,0.695,0.607,0.607,0.592,0.593,15.014,5348.0,14341.0,35.622,179.0,28.07
2026-07-08 05:09:21,57.0,70.000              ,762.688,393.0,1200.0,0.0,57.625,57.625              ,57.625,57.625,57.625,57.625,57.625,57.625,57.625,46.179,25.059,43.831,52.168,55.448,21.925,61.425,14.833,40.108,1583.333,1583.333,1900.0,1900.0,1960.0,1960.0,1633.333,1633.333,1960.0,0.592,0.592,0.79,0.79,0.64,0.64,0.642,0.641,15.111,5354.0,14334.0,29.177,180.0,34.27
2026-07-08 05:09:22,57.0,71.000              ,762.688,428.0,1200.0,0.0,57.625,57.625              ,57.625,57.625,57.625,57.625,57.625,57.625,57.625,45.138,32.228,46.933,51.074,58.361,22.248,58.585,20.918,41.936,1566.667,1566.667,1880.0,1880.0,1566.667,1566.667,1566.667,1566.667,1880.0,0.584,0.584,0.762,0.764,0.633,0.633,0.617,0.618,15.026,5356.0,14333.0,25.026,181.0,39.96
2026-07-08 05:09:23,57.0,72.000              ,762.691,461.0,1200.0,0.0,57.625,57.625              ,57.625,57.625,57.625,57.625,57.625,57.625,57.625,46.695,30.21,50.44,46.873,58.057,24.415,56.979,19.772,41.68,1500.0,1500.0,1800.0,1800.0,1483.333,1483.333,1483.333,1483.333,1800.0,0.587,0.588,0.744,0.743,0.638,0.638,0.623,0.626,14.872,5357.0,14333.0,20.373,182.0,49.08
2026-07-08 05:09:24,57.0,70.000              ,762.691,200.0,1200.0,0.0,57.625,57.625              ,57.625,57.625,57.625,57.625,57.625,57.625,57.625,42.995,25.864,49.894,38.662,58.353,20.859,54.254,15.022,38.238,1583.333,1583.333,1583.333,1583.333,1900.0,1900.0,1583.333,1583.333,1900.0,0.593,0.593,0.727,0.728,0.676,0.676,0.615,0.611,15.025,5356.0,14325.0,25.034,183.0,39.95
2026-07-08 05:09:25,57.0,68.000              ,762.691,200.0,1200.0,0.0,57.625,57.625              ,57.625,57.625,57.625,57.625,57.625,57.625,57.625,40.08,18.019,50.516,30.367,53.989,11.559,55.953,11.113,33.95,1650.0,1650.0,1980.0,1980.0,1650.0,1650.0,1650.0,1650.0,1980.0,0.578,0.578,0.736,0.735,0.645,0.645,0.656,0.657,14.824,5356.0,14323.0,21.082,184.0,47.43
2026-07-08 05:09:26,57.0,66.000              ,762.688,457.0,1200.0,0.0,57.625,57.625              ,57.625,57.625,57.625,57.625,57.625,57.625,57.625,39.603,22.36,54.372,32.015,48.292,17.503,57.087,16.554,35.973,1716.667,1716.667,2060.0,2060.0,1716.667,1716.667,1716.667,1716.667,2060.0,0.603,0.603,0.791,0.779,0.651,0.653,0.684,0.683,15.059,5355.0,14323.0,20.683,185.0,48.35
2026-07-08 05:09:27,57.0,69.000              ,762.691,200.0,1200.0,0.0,57.625,57.625              ,57.625,57.625,57.625,57.625,57.625,57.625,57.625,41.932,21.363,51.334,27.253,59.774,13.183,58.015,12.604,35.682,1750.0,1750.0,2100.0,2100.0,1750.0,1750.0,1750.0,1750.0,2100.0,0.608,0.608,0.675,0.686,0.715,0.714,0.695,0.695,14.984,5356.0,14320.0,27.278,186.0,36.66
2026-07-08 05:09:28,57.0,69.000              ,762.691,200.0,1200.0,0.0,57.625,57.625              ,57.625,57.625,57.625,57.625,57.625,57.625,57.625,43.881,24.037,39.537,38.37,59.468,20.56,54.092,20.055,37.5,1733.333,1733.333,1733.333,1733.333,2080.0,2080.0,1733.333,1733.333,2080.0,0.59,0.591,0.678,0.678,0.727,0.726,0.676,0.676,15.075,5367.0,14321.0,42.017,187.0,23.8
2026-07-08 05:09:29,57.0,67.000              ,762.691,406.0,1200.0,0.0,57.625,57.625              ,57.625,57.625,57.625,57.625,57.625,57.625,57.625,38.63,21.356,47.899,26.379,46.172,13.146,48.143,16.426,32.269,1783.333,1783.333,1766.667,1766.667,1766.667,1766.667,2120.0,2120.0,2120.0,0.603,0.602,0.759,0.761,0.613,0.613,0.693,0.694,15.026,5370.0,14320.0,17.835,188.0,56.07
2026-07-08 05:09:30,57.0,69.000              ,762.699,428.0,1200.0,0.0,57.625,57.625              ,57.625,57.625,57.625,57.625,57.625,57.625,57.625,34.921,20.848,40.614,32.555,56.879,17.09,44.814,13.184,32.613,1760.0,1760.0,2200.0,2200.0,1760.0,1760.0,1760.0,1816.667,2200.0,0.567,0.567,0.723,0.721,0.746,0.746,0.61,0.609,14.931,5369.0,14320.0,26.656,189.0,37.52
2026-07-08 05:09:31,57.0,70.000              ,762.695,442.0,1200.0,0.0,57.625,57.625              ,57.625,57.625,57.625,57.625,57.625,57.625,57.625,40.595,26.45,45.218,35.747,60.54,9.971,52.909,20.104,36.442,1683.333,1683.333,2020.0,2020.0,2020.0,1683.333,1683.333,1683.333,2020.0,0.606,0.606,0.743,0.743,0.642,0.642,0.683,0.685,15.184,5370.0,14320.0,24.057,190.0,41.57
2026-07-08 05:09:32,57.0,71.000              ,762.695,406.0,1200.0,0.0,57.625,57.625              ,57.625,57.625,57.625,57.625,57.625,57.625,57.625,42.027,25.476,55.452,27.874,53.247,10.014,54.239,16.595,35.616,1683.333,1683.333,2020.0,2020.0,1683.333,1683.333,1683.333,1683.333,2020.0,0.635,0.634,0.777,0.78,0.595,0.596,0.683,0.681,14.982,5371.0,14320.0,20.677,191.0,48.36
2026-07-08 05:09:33,57.0,70.000              ,762.688,450.0,1200.0,0.0,57.625,57.625              ,57.625,57.625,57.625,57.625,57.625,57.625,57.625,41.362,29.03,40.576,44.297,51.268,10.048,52.78,12.084,35.181,1783.333,1783.333,2140.0,2140.0,1783.333,1783.333,1783.333,1783.333,2140.0,0.623,0.623,0.805,0.803,0.57,0.568,0.616,0.616,15.016,5370.0,14320.0,22.498,192.0,44.45
2026-07-08 05:09:34,57.0,68.000              ,762.691,364.0,1200.0,0.0,57.625,57.625              ,57.625,57.625,57.625,57.625,57.625,57.625,57.625,44.543,25.461,43.971,40.872,57.964,12.378,44.394,19.989,36.196,1980.0,1980.0,1980.0,1980.0,1650.0,1650.0,1650.0,1650.0,1980.0,0.614,0.614,0.755,0.755,0.66,0.66,0.648,0.648,15.048,5374.0,14320.0,24.818,193.0,40.29
2026-07-08 05:09:35,57.0,68.000              ,762.691,450.0,1200.0,0.0,57.625,57.625              ,57.625,57.625,57.625,57.625,57.625,57.625,57.625,39.811,20.925,48.244,28.205,55.782,15.178,43.517,20.785,34.056,1716.667,1716.667,2040.0,2040.0,1700.0,1700.0,1700.0,1700.0,2040.0,0.593,0.593,0.681,0.682,0.685,0.688,0.68,0.68,14.9,5376.0,14319.0,20.284,194.0,49.3
2026-07-08 05:09:36,57.0,69.000              ,763.297,200.0,1200.0,0.0,57.625,57.625              ,57.625,57.625,57.625,57.625,57.625,57.625,57.625,45.303,31.22,50.193,38.183,58.603,17.149,58.037,14.039,39.091,1750.0,1750.0,2100.0,2100.0,1750.0,1750.0,1750.0,1750.0,2100.0,0.654,0.654,0.745,0.745,0.688,0.686,0.642,0.642,15.166,5376.0,14320.0,24.069,195.0,41.55
2026-07-08 05:09:37,57.0,69.000              ,763.293,428.0,1200.0,0.0,57.625,57.625              ,57.625,57.625,57.625,57.625,57.625,57.625,57.625,48.682,29.066,42.085,59.245,60.032,22.312,56.801,16.089,41.789,1533.333,1533.333,1840.0,1840.0,1820.0,1820.0,1516.667,1500.0,1840.0,0.576,0.576,0.793,0.792,0.618,0.618,0.579,0.579,15.056,5375.0,14320.0,23.29,196.0,42.94
2026-07-08 05:09:38,57.0,70.000              ,763.297,435.0,1200.0,0.0,57.625,57.625              ,57.625,57.625,57.625,57.625,57.625,57.625,57.625,46.973,24.138,40.998,36.981,52.806,13.567,54.431,16.392,35.786,1666.667,1666.667,2000.0,2000.0,1650.0,1650.0,1650.0,1650.0,2000.0,0.647,0.647,0.693,0.693,0.617,0.617,0.656,0.66,14.981,5381.0,14320.0,23.887,197.0,41.86
2026-07-08 05:09:39,57.0,68.000              ,763.297,500.0,1200.0,0.0,57.625,57.625              ,57.625,57.625,57.625,57.625,57.625,57.625,57.625,47.259,27.983,47.746,34.302,60.276,16.694,51.988,26.054,39.038,1616.667,1616.667,1616.667,1616.667,1616.667,1616.667,1940.0,1940.0,1940.0,0.631,0.632,0.652,0.652,0.653,0.653,0.743,0.739,15.11,5385.0,14320.0,23.542,198.0,42.48
2026-07-08 05:09:40,57.0,67.000              ,763.293,420.0,1200.0,0.0,57.625,57.625              ,57.625,57.625,57.625,57.625,57.625,57.625,57.625,41.21,26.976,45.536,37.142,52.932,14.076,51.043,21.17,36.261,1650.0,1650.0,1980.0,1980.0,1666.667,1666.667,1666.667,1666.667,1980.0,0.608,0.61,0.735,0.738,0.603,0.603,0.678,0.68,14.838,5386.0,14320.0,22.451,199.0,44.54
2026-07-08 05:09:41,57.0,70.000              ,763.297,426.0,1200.0,0.0,57.625,57.625              ,57.625,57.625,57.625,57.625,57.625,57.625,57.625,36.617,20.859,61.032,35.07,45.588,13.257,42.999,24.468,34.986,1766.667,1750.0,2100.0,2100.0,1750.0,1750.0,1750.0,1750.0,2100.0,0.586,0.583,0.889,0.886,0.571,0.571,0.674,0.673,15.149,5388.0,14320.0,23.584,200.0,42.4
2026-07-08 05:09:42,57.0,70.000              ,763.297,387.0,1200.0,0.0,57.625,57.625              ,57.625,57.625,57.625,57.625,57.625,57.625,57.625,42.253,27.129,48.729,47.089,56.472,15.517,42.425,26.865,38.31,1533.333,1533.333,1820.0,1820.0,1516.667,1516.667,1820.0,1820.0,1820.0,0.59,0.59,0.796,0.798,0.616,0.616,0.619,0.617,14.904,5393.0,14320.0,29.098,201.0,34.37
2026-07-08 05:09:43,57.0,69.000              ,763.297,200.0,1200.0,0.0,57.625,57.625              ,57.625,57.625,57.625,57.625,57.625,57.625,57.625,35.793,22.235,44.717,32.874,52.985,15.091,45.584,21.356,33.829,1733.333,1733.333,2080.0,2080.0,1733.333,1733.333,1733.333,1733.333,2080.0,0.538,0.54,0.72,0.72,0.613,0.613,0.639,0.639,15.109,5393.0,14320.0,24.131,202.0,41.44
2026-07-08 05:09:44,57.0,69.000              ,763.293,461.0,1200.0,0.0,57.625,57.625              ,57.625,57.625,57.625,57.625,57.625,57.625,57.625,40.347,29.642,41.22,53.497,57.813,15.507,46.88,20.177,38.135,1500.0,1500.0,1820.0,1820.0,1516.667,1516.667,1516.667,1516.667,1820.0,0.545,0.543,0.766,0.764,0.59,0.584,0.568,0.568,15.071,5393.0,14319.0,26.102,203.0,38.31
2026-07-08 05:09:45,57.0,71.000              ,763.297,500.0,1200.0,0.0,57.625,57.625              ,57.625,57.625,57.625,57.625,57.625,57.625,57.625,40.45,25.457,34.194,53.817,42.559,11.074,44.518,18.692,33.845,1650.0,1650.0,1980.0,1960.0,1633.333,1633.333,1633.333,1633.333,1980.0,0.604,0.605,0.811,0.811,0.512,0.517,0.605,0.605,14.908,5393.0,14320.0,25.127,204.0,39.8
2026-07-08 05:09:46,57.0,69.000              ,763.293,428.0,1200.0,0.0,57.625,57.625              ,57.625,57.625,57.625,57.625,57.625,57.625,57.625,47.783,24.918,45.341,38.307,58.736,15.162,47.845,29.744,38.479,1650.0,1650.0,1650.0,1650.0,1650.0,1650.0,1980.0,1980.0,1980.0,0.612,0.611,0.72,0.725,0.609,0.609,0.733,0.733,15.228,5393.0,14319.0,24.488,205.0,40.84
2026-07-08 05:09:47,57.0,68.000              ,762.918,420.0,1200.0,0.0,57.625,57.625              ,57.625,57.625,57.625,57.625,57.625,57.625,57.625,38.958,23.241,44.979,32.123,53.197,9.592,47.506,12.143,32.717,1716.667,1716.667,1716.667,2040.0,1700.0,1700.0,2040.0,2040.0,2040.0,0.621,0.621,0.752,0.748,0.642,0.642,0.624,0.624,14.764,5393.0,14319.0,23.533,206.0,42.49
2026-07-08 05:09:48,57.0,69.000              ,762.918,420.0,1200.0,0.0,57.625,57.625              ,57.625,57.625,57.625,57.625,57.625,57.625,57.625,37.663,22.568,60.406,31.817,51.947,19.868,57.909,15.666,37.23,1683.333,1683.333,2020.0,2020.0,1683.333,1683.333,1700.0,1700.0,2020.0,0.567,0.567,0.788,0.786,0.646,0.647,0.668,0.668,15.093,5394.0,14319.0,21.33,207.0,46.88
2026-07-08 05:09:49,57.0,69.000              ,763.699,461.0,1200.0,0.0,57.625,57.625              ,57.625,57.625,57.625,57.625,57.625,57.625,57.625,37.349,24.802,53.48,29.173,44.524,14.438,54.433,13.833,34.004,1783.333,1783.333,2140.0,2140.0,1783.333,1783.333,1783.333,1783.333,2140.0,0.601,0.601,0.778,0.778,0.594,0.597,0.699,0.699,15.191,5394.0,14322.0,24.833,208.0,40.27
2026-07-08 05:09:50,57.0,70.000              ,766.688,200.0,1200.0,0.0,57.625,57.625              ,57.625,57.625,57.625,57.625,57.625,57.625,57.625,41.171,26.539,51.786,37.121,44.713,21.525,56.682,21.326,37.608,1616.667,1616.667,1600.0,1600.0,1920.0,1920.0,1600.0,1600.0,1920.0,0.58,0.58,0.728,0.728,0.592,0.588,0.712,0.712,14.853,5400.0,14326.0,25.23,209.0,39.64
2026-07-08 05:09:51,57.0,69.000              ,766.676,428.0,1200.0,0.0,57.5,57.500              ,57.5,57.5,57.5,57.5,57.5,57.5,57.5,46.752,30.792,44.516,56.943,59.011,13.983,59.627,15.87,40.937,1633.333,1633.333,1960.0,1940.0,1616.667,1616.667,1600.0,1600.0,1960.0,0.612,0.613,0.844,0.844,0.595,0.594,0.632,0.632,15.216,5405.0,14325.0,24.718,210.0,40.46
2026-07-08 05:09:52,57.0,69.000              ,766.684,450.0,1200.0,0.0,57.5,57.500              ,57.5,57.5,57.5,57.5,57.5,57.5,57.5,45.072,25.486,34.538,53.515,45.918,16.208,47.553,20.375,36.083,1633.333,1633.333,1960.0,1960.0,1633.333,1633.333,1633.333,1633.333,1960.0,0.587,0.587,0.795,0.8,0.551,0.552,0.612,0.612,15.058,5410.0,14326.0,25.99,211.0,38.48
2026-07-08 05:09:53,57.0,70.000              ,766.688,525.0,1200.0,0.0,57.5,57.500              ,57.5,57.5,57.5,57.5,57.5,57.5,57.5,45.154,28.153,40.995,52.335,51.966,15.28,52.497,16.825,37.901,1566.667,1566.667,1880.0,1880.0,1566.667,1566.667,1566.667,1566.667,1880.0,0.621,0.619,0.838,0.832,0.588,0.588,0.6,0.6,14.894,5412.0,14326.0,31.622,212.0,31.62
2026-07-08 05:09:54,57.0,68.000              ,766.688,406.0,1200.0,0.0,57.5,57.500              ,57.5,57.5,57.5,57.5,57.5,57.5,57.5,39.156,22.591,47.328,36.341,54.187,9.766,55.208,20.316,35.612,1716.667,1716.667,2080.0,2060.0,1716.667,1716.667,2060.0,2060.0,2080.0,0.587,0.589,0.748,0.748,0.611,0.612,0.746,0.746,15.061,5414.0,14325.0,22.645,213.0,44.16
2026-07-08 05:09:55,57.0,67.000              ,766.688,200.0,1200.0,0.0,57.5,57.500              ,57.5,57.5,57.5,57.5,57.5,57.5,57.5,52.06,28.105,45.485,36.848,42.412,20.776,54.521,24.145,38.044,1600.0,1600.0,1920.0,1920.0,1600.0,1583.333,1583.333,1583.333,1920.0,0.64,0.639,0.675,0.675,0.563,0.561,0.759,0.759,14.884,5413.0,14326.0,22.979,214.0,43.52
2026-07-08 05:09:56,57.0,69.000              ,766.688,400.0,1200.0,0.0,57.5,57.500              ,57.5,57.5,57.5,57.5,57.5,57.5,57.5,41.151,27.854,51.42,34.421,45.379,10.356,54.093,12.342,34.627,1700.0,1700.0,2040.0,2040.0,1700.0,1700.0,1700.0,1700.0,2040.0,0.648,0.648,0.805,0.805,0.544,0.544,0.693,0.682,15.027,5413.0,14325.0,24.48,215.0,40.85
2026-07-08 05:09:57,57.0,69.000              ,766.688,533.0,1200.0,0.0,57.5,57.500              ,57.5,57.5,57.5,57.5,57.5,57.5,57.5,43.982,26.795,44.866,32.829,58.268,12.012,54.2,14.119,35.884,1650.0,1650.0,1980.0,2000.0,1666.667,1666.667,1666.667,1666.667,2000.0,0.596,0.596,0.666,0.666,0.637,0.636,0.646,0.656,15.127,5414.0,14325.0,25.376,216.0,39.41
2026-07-08 05:09:58,57.0,68.000              ,766.688,200.0,1200.0,0.0,57.5,57.500              ,57.5,57.5,57.5,57.5,57.5,57.5,57.5,42.533,25.446,38.194,51.715,45.506,7.647,46.557,9.68,33.41,1750.0,1750.0,1750.0,2080.0,2080.0,2080.0,1733.333,1733.333,2080.0,0.62,0.62,0.899,0.899,0.582,0.584,0.595,0.595,14.913,5414.0,14326.0,22.585,217.0,44.28
2026-07-08 05:09:59,57.0,68.000              ,766.645,461.0,1200.0,0.0,57.5,57.500              ,57.5,57.5,57.5,57.5,57.5,57.5,57.5,49.673,28.329,44.103,38.488,48.872,14.391,47.639,15.428,35.865,1766.667,1766.667,2120.0,2120.0,1766.667,1766.667,1766.667,1766.667,2120.0,0.728,0.72,0.77,0.77,0.655,0.658,0.674,0.674,15.15,5413.0,14325.0,25.162,218.0,39.74
2026-07-08 05:10:00,57.0,70.000              ,759.895,461.0,1200.0,0.0,57.5,57.500              ,57.5,57.5,57.5,57.5,57.5,57.5,57.5,46.361,24.588,46.044,38.387,46.054,16.329,50.834,18.43,35.879,1800.0,1800.0,2160.0,2160.0,1800.0,1800.0,1800.0,1800.0,2160.0,0.653,0.661,0.811,0.812,0.616,0.611,0.681,0.685,15.051,5415.0,14322.0,30.546,219.0,32.74
2026-07-08 05:10:01,57.0,71.000              ,759.887,381.0,1200.0,0.0,57.5,57.500              ,57.5,57.5,57.5,57.5,57.5,57.5,57.5,47.175,26.614,50.276,37.157,47.8,16.293,44.875,22.568,36.595,1583.333,1583.333,1900.0,1900.0,1583.333,1583.333,1583.333,1583.333,1900.0,0.596,0.596,0.777,0.775,0.573,0.573,0.649,0.645,15.046,5414.0,14320.0,18.979,220.0,52.69
2026-07-08 05:10:02,57.0,70.000              ,759.891,500.0,1200.0,0.0,57.5,57.500              ,57.5,57.5,57.5,57.5,57.5,57.5,57.5,44.477,24.242,48.611,33.399,47.674,12.461,53.539,16.92,35.166,1766.667,1766.667,2120.0,2120.0,1766.667,1766.667,1766.667,1766.667,2120.0,0.626,0.627,0.804,0.806,0.607,0.609,0.709,0.71,15.187,5417.0,14322.0,23.46,221.0,42.63
2026-07-08 05:10:03,57.0,70.000              ,759.879,200.0,1200.0,0.0,57.5,57.500              ,57.5,57.5,57.5,57.5,57.5,57.5,57.5,44.436,27.911,45.033,37.437,57.291,12.215,53.776,16.622,36.84,1633.333,1633.333,1960.0,1960.0,1633.333,1633.333,1633.333,1633.333,1960.0,0.637,0.635,0.717,0.715,0.623,0.623,0.665,0.664,14.866,5426.0,14315.0,27.86,222.0,35.89
2026-07-08 05:10:04,57.0,70.000              ,759.875,387.0,1200.0,0.0,57.5,57.500              ,57.5,57.5,57.5,57.5,57.5,57.5,57.5,51.15,23.551,39.622,37.951,53.796,14.703,54.778,13.752,36.163,1633.333,1633.333,1633.333,1960.0,1960.0,1960.0,1633.333,1633.333,1960.0,0.657,0.663,0.699,0.699,0.603,0.602,0.66,0.66,14.943,5427.0,14315.0,20.263,223.0,49.35
2026-07-08 05:10:05,57.0,69.000              ,759.879,476.0,1200.0,0.0,57.5,57.500              ,57.5,57.5,57.5,57.5,57.5,57.5,57.5,41.22,24.956,39.589,36.495,52.985,13.978,50.359,18.569,34.769,1766.667,1766.667,2120.0,2120.0,1766.667,1766.667,1766.667,1766.667,2120.0,0.605,0.599,0.689,0.692,0.648,0.649,0.684,0.677,15.054,5425.0,14315.0,26.138,224.0,38.26
2026-07-08 05:10:06,57.0,68.000              ,759.891,428.0,1200.0,0.0,57.5,57.500              ,57.5,57.5,57.5,57.5,57.5,57.5,57.5,46.447,27.668,39.555,55.556,57.241,14.341,50.845,21.099,39.094,1633.333,1633.333,1960.0,1960.0,1940.0,1940.0,1940.0,1940.0,1960.0,0.606,0.606,0.82,0.821,0.613,0.613,0.644,0.65,15.216,5425.0,14316.0,30.95,225.0,32.31
2026-07-08 05:10:07,57.0,69.000              ,759.891,200.0,1200.0,0.0,57.5,57.500              ,57.5,57.5,57.5,57.5,57.5,57.5,57.5,41.951,32.126,42.4,39.114,50.45,11.425,46.374,19.325,35.396,1900.0,1900.0,1900.0,1900.0,1583.333,1583.333,1583.333,1583.333,1900.0,0.635,0.635,0.741,0.739,0.578,0.578,0.625,0.626,14.794,5427.0,14317.0,23.132,226.0,43.23
2026-07-08 05:10:08,57.0,70.000              ,759.887,420.0,1200.0,0.0,57.5,57.500              ,57.5,57.5,57.5,57.5,57.5,57.5,57.5,44.166,20.167,48.262,39.286,53.999,11.434,59.138,11.753,36.026,1783.333,1766.667,2120.0,2120.0,1766.667,1766.667,1766.667,1766.667,2120.0,0.613,0.615,0.806,0.804,0.611,0.612,0.649,0.648,15.254,5429.0,14316.0,22.381,227.0,44.68
2026-07-08 05:10:09,57.0,69.000              ,759.887,500.0,1200.0,0.0,57.5,57.500              ,57.5,57.5,57.5,57.5,57.5,57.5,57.5,50.313,26.583,47.148,41.884,60.335,17.067,54.381,20.531,39.78,1550.0,1550.0,1550.0,1550.0,1860.0,1860.0,1550.0,1550.0,1860.0,0.612,0.61,0.687,0.687,0.615,0.62,0.626,0.626,14.983,5428.0,14315.0,25.603,228.0,39.06
2026-07-08 05:10:10,57.0,70.000              ,759.891,200.0,1200.0,0.0,57.5,57.500              ,57.5,57.5,57.5,57.5,57.5,57.5,57.5,41.543,30.051,33.317,45.547,48.968,13.297,49.374,14.398,34.562,1633.333,1650.0,1980.0,1960.0,1633.333,1633.333,1633.333,1633.333,1980.0,0.649,0.651,0.774,0.774,0.596,0.591,0.626,0.626,15.113,5430.0,14315.0,21.296,229.0,46.96
2026-07-08 05:10:11,57.0,68.000              ,759.887,393.0,1200.0,0.0,57.5,57.500              ,57.5,57.5,57.5,57.5,57.5,57.5,57.5,39.515,25.404,59.901,29.665,48.025,12.084,38.275,22.716,34.448,1700.0,1700.0,2040.0,2040.0,1700.0,1700.0,1700.0,1700.0,2040.0,0.624,0.626,0.831,0.831,0.586,0.585,0.633,0.64,14.911,5431.0,14315.0,23.166,230.0,43.17
2026-07-08 05:10:12,57.0,67.000              ,759.898,435.0,1200.0,0.0,57.5,57.500              ,57.5,57.5,57.5,57.5,57.5,57.5,57.5,37.608,23.147,64.518,31.609,45.046,15.742,44.966,21.85,35.561,1716.667,1716.667,2040.0,2060.0,1716.667,1716.667,1716.667,1716.667,2060.0,0.607,0.606,0.882,0.882,0.568,0.568,0.674,0.667,14.865,5431.0,14316.0,23.841,231.0,41.94
2026-07-08 05:10:13,57.0,69.000              ,752.867,387.0,1200.0,0.0,57.5,57.500              ,57.5,57.5,57.5,57.5,57.5,57.5,57.5,41.639,28.827,36.255,54.008,44.57,12.299,51.663,12.817,35.26,1733.333,1716.667,2060.0,2060.0,1716.667,1716.667,1716.667,1716.667,2060.0,0.631,0.629,0.901,0.901,0.552,0.552,0.625,0.627,15.161,5429.0,14311.0,26.966,232.0,37.08
2026-07-08 05:10:14,57.0,69.000              ,752.867,200.0,1200.0,0.0,57.5,57.500              ,57.5,57.5,57.5,57.5,57.5,57.5,57.5,44.384,27.634,37.911,58.827,50.434,15.492,57.448,15.474,38.451,1750.0,1750.0,2100.0,2100.0,1750.0,1750.0,1750.0,1766.667,2100.0,0.62,0.621,0.922,0.924,0.58,0.581,0.644,0.642,15.131,5431.0,14310.0,22.249,233.0,44.95
2026-07-08 05:10:15,57.0,69.000              ,752.863,484.0,1200.0,0.0,57.5,57.500              ,57.5,57.5,57.5,57.5,57.5,57.5,57.5,44.332,30.809,47.344,57.613,55.803,18.59,56.579,18.616,41.211,1600.0,1616.667,1920.0,1920.0,1633.333,1633.333,1633.333,1633.333,1920.0,0.573,0.572,0.838,0.837,0.568,0.567,0.602,0.603,15.009,5427.0,14311.0,23.045,234.0,43.39
2026-07-08 05:10:16,57.0,68.000              ,752.867,200.0,1200.0,0.0,57.5,57.500              ,57.5,57.5,57.5,57.5,57.5,57.5,57.5,45.744,21.513,40.066,33.531,55.075,11.54,58.032,13.271,34.846,1666.667,1666.667,1666.667,1666.667,1650.0,1650.0,1980.0,1980.0,1980.0,0.62,0.62,0.644,0.643,0.619,0.619,0.691,0.69,14.9,5434.0,14305.0,24.131,235.0,41.44
2026-07-08 05:10:17,57.0,67.000              ,752.867,200.0,1200.0,0.0,57.5,57.500              ,57.5,57.5,57.5,57.5,57.5,57.5,57.5,42.836,20.573,45.475,39.013,54.757,11.164,54.38,14.006,35.275,1716.667,1716.667,2060.0,2060.0,1716.667,1716.667,1716.667,1716.667,2060.0,0.636,0.638,0.791,0.791,0.62,0.62,0.675,0.678,15.168,5433.0,14305.0,27.884,236.0,35.86
2026-07-08 05:10:18,57.0,68.000              ,752.863,469.0,1200.0,0.0,57.5,57.500              ,57.5,57.5,57.5,57.5,57.5,57.5,57.5,45.12,19.361,56.842,35.343,53.101,17.456,52.678,21.811,37.714,1733.333,1733.333,2080.0,2080.0,1733.333,1733.333,1733.333,1733.333,2080.0,0.626,0.624,0.794,0.783,0.603,0.604,0.698,0.694,14.967,5440.0,14316.0,21.107,237.0,47.38
2026-07-08 05:10:19,57.0,71.000              ,759.875,492.0,1200.0,0.0,57.5,57.500              ,57.5,57.5,57.5,57.5,57.5,57.5,57.5,43.761,26.246,41.833,54.189,59.696,16.315,52.737,18.245,39.128,1633.333,1633.333,1960.0,1960.0,1616.667,1616.667,1616.667,1616.667,1960.0,0.632,0.632,0.891,0.906,0.66,0.658,0.639,0.639,15.069,5444.0,14315.0,27.066,238.0,36.95
2026-07-08 05:10:20,57.0,72.000              ,759.883,400.0,1200.0,0.0,57.5,57.500              ,57.5,57.5,57.5,57.5,57.5,57.5,57.5,52.325,25.118,43.75,43.38,59.367,13.633,50.21,19.469,38.407,1683.333,1683.333,2000.0,2000.0,1980.0,1980.0,1650.0,1960.0,2000.0,0.68,0.68,0.73,0.727,0.615,0.615,0.578,0.578,14.91,5448.0,14316.0,23.765,239.0,42.08
2026-07-08 05:10:21,57.0,71.000              ,759.879,484.0,1200.0,0.0,57.5,57.500              ,57.5,57.5,57.5,57.5,57.5,57.5,57.5,51.806,24.342,48.899,39.512,57.756,18.499,49.943,24.357,39.389,1633.333,1633.333,1633.333,1633.333,1960.0,1960.0,1616.667,1616.667,1960.0,0.654,0.654,0.731,0.731,0.64,0.641,0.616,0.616,15.091,5447.0,14318.0,19.796,240.0,50.52
2026-07-08 05:10:22,57.0,70.000              ,759.883,200.0,1200.0,0.0,57.5,57.500              ,57.5,57.5,57.5,57.5,57.5,57.5,57.5,45.529,26.784,43.927,46.984,54.042,18.176,55.249,14.334,38.128,1616.667,1616.667,1940.0,1940.0,1940.0,1920.0,1616.667,1616.667,1940.0,0.605,0.605,0.748,0.75,0.638,0.637,0.618,0.618,15.145,5450.0,14318.0,21.563,241.0,46.38
2026-07-08 05:10:23,57.0,69.000              ,759.879,387.0,1200.0,0.0,57.5,57.500              ,57.5,57.5,57.5,57.5,57.5,57.5,57.5,41.705,17.81,41.135,41.975,52.359,9.189,57.486,13.805,34.433,1683.333,1683.333,2020.0,2020.0,1666.667,1666.667,1633.333,1633.333,2020.0,0.619,0.619,0.794,0.794,0.583,0.584,0.682,0.682,14.834,5449.0,14318.0,23.647,242.0,42.29
2026-07-08 05:10:24,57.0,69.000              ,759.879,420.0,1200.0,0.0,57.5,57.500              ,57.5,57.5,57.5,57.5,57.5,57.5,57.5,46.156,23.333,31.158,62.172,49.738,13.362,44.592,14.497,35.626,1716.667,1716.667,2060.0,2060.0,1716.667,1683.333,1683.333,1683.333,2060.0,0.633,0.635,0.912,0.91,0.559,0.559,0.564,0.564,15.073,5449.0,14318.0,23.116,243.0,43.26
2026-07-08 05:10:25,57.0,70.000              ,759.879,420.0,1200.0,0.0,57.5,57.500              ,57.5,57.5,57.5,57.5,57.5,57.5,57.5,50.298,21.41,52.857,36.091,60.176,11.999,50.582,14.339,37.219,1666.667,1666.667,2000.0,2000.0,2040.0,2040.0,1700.0,1700.0,2040.0,0.648,0.647,0.792,0.792,0.63,0.629,0.605,0.608,15.039,5448.0,14318.0,26.507,244.0,37.73
2026-07-08 05:10:26,57.0,70.000              ,759.883,350.0,1200.0,0.0,57.5,57.500              ,57.5,57.5,57.5,57.5,57.5,57.5,57.5,64.435,43.664,59.151,52.446,56.596,30.917,57.72,30.131,49.382,1780.0,1760.0,1760.0,1760.0,1760.0,1760.0,1760.0,1483.333,1780.0,0.691,0.691,0.742,0.742,0.574,0.573,0.595,0.591,15.256,5459.0,14318.0,27.141,245.0,36.84
2026-07-08 05:10:27,57.0,73.000              ,762.215,200.0,1200.0,0.0,57.5,57.500              ,57.5,57.5,57.5,57.5,57.5,57.5,57.5,44.374,26.738,37.82,55.554,52.389,9.508,45.811,22.472,36.833,1485.714,1485.714,1733.333,1750.0,1500.0,1500.0,1500.0,1780.0,1780.0,0.557,0.557,0.788,0.789,0.537,0.537,0.587,0.581,14.678,5465.0,14320.0,25.667,246.0,38.96
2026-07-08 05:10:28,57.0,71.000              ,762.211,344.0,1200.0,0.0,57.5,57.500              ,57.5,57.5,57.5,57.5,57.5,57.5,57.5,41.463,29.967,40.485,56.645,46.722,21.22,53.826,16.394,38.34,1683.333,1683.333,2020.0,2020.0,1683.333,1940.0,1616.667,1616.667,2020.0,0.592,0.592,0.873,0.872,0.581,0.581,0.602,0.609,15.173,5466.0,14321.0,23.349,247.0,42.83
2026-07-08 05:10:29,57.0,67.000              ,762.203,508.0,1200.0,0.0,57.5,57.500              ,57.5,57.5,57.5,57.5,57.5,57.5,57.5,49.29,26.712,45.56,40.593,55.253,15.279,60.312,17.712,38.839,1683.333,1683.333,2020.0,2020.0,1633.333,1633.333,1633.333,1633.333,2020.0,0.617,0.619,0.684,0.686,0.612,0.612,0.709,0.71,15.098,5464.0,14321.0,26.014,248.0,38.44
2026-07-08 05:10:30,57.0,67.000              ,762.211,393.0,1200.0,0.0,57.5,57.500              ,57.5,57.5,57.5,57.5,57.5,57.5,57.5,49.139,26.472,45.207,30.042,45.836,10.415,58.816,12.443,34.796,1750.0,1750.0,1750.0,1750.0,1750.0,1750.0,2100.0,2100.0,2100.0,0.721,0.72,0.689,0.687,0.546,0.546,0.762,0.761,14.932,5462.0,14321.0,23.652,249.0,42.28
2026-07-08 05:10:31,57.0,68.000              ,762.141,461.0,1200.0,0.0,57.5,57.500              ,57.5,57.5,57.5,57.5,57.5,57.5,57.5,46.478,28.375,43.062,47.505,51.924,13.207,52.515,14.552,37.202,1683.333,1683.333,2000.0,2000.0,1650.0,1650.0,1980.0,1980.0,2000.0,0.649,0.652,0.846,0.853,0.602,0.602,0.672,0.672,15.002,5463.0,14320.0,21.298,250.0,46.95
2026-07-08 05:10:32,57.0,71.000              ,762.145,525.0,1200.0,0.0,57.5,57.500              ,57.5,57.5,57.5,57.5,57.5,57.5,57.5,45.05,30.774,46.602,30.564,43.637,15.138,55.621,12.824,35.026,2180.0,2180.0,2180.0,2180.0,1816.667,1800.0,2160.0,2160.0,2180.0,0.673,0.671,0.74,0.733,0.611,0.606,0.699,0.699,15.048,5465.0,14322.0,20.266,251.0,49.34
2026-07-08 05:10:33,57.0,70.000              ,762.145,428.0,1200.0,0.0,57.5,57.500              ,57.5,57.5,57.5,57.5,57.5,57.5,57.5,33.969,30.694,38.261,43.882,53.961,16.564,47.097,15.162,34.949,1700.0,1700.0,1700.0,1700.0,2040.0,2040.0,2040.0,2040.0,2040.0,0.591,0.59,0.774,0.775,0.685,0.692,0.627,0.628,15.035,5464.0,14321.0,20.278,252.0,49.31
2026-07-08 05:10:34,57.0,69.000              ,762.145,200.0,1200.0,0.0,57.5,57.500              ,57.5,57.5,57.5,57.5,57.5,57.5,57.5,40.686,30.848,51.34,39.894,51.963,16.281,56.473,18.887,38.296,1700.0,1700.0,2040.0,2040.0,1700.0,1700.0,1700.0,1700.0,2040.0,0.624,0.624,0.828,0.826,0.629,0.63,0.689,0.688,15.047,5464.0,14324.0,21.767,253.0,45.94
2026-07-08 05:10:35,57.0,68.000              ,762.145,420.0,1200.0,0.0,57.5,57.500              ,57.5,57.5,57.5,57.5,57.5,57.5,57.5,40.945,28.118,49.841,40.713,47.229,12.53,53.943,20.942,36.783,1750.0,1750.0,2100.0,2100.0,1733.333,1733.333,1733.333,1733.333,2100.0,0.615,0.615,0.819,0.828,0.58,0.587,0.673,0.673,15.227,5464.0,14323.0,20.07,254.0,49.83
2026-07-08 05:10:36,57.0,69.000              ,762.203,200.0,1200.0,0.0,57.5,57.500              ,57.5,57.5,57.5,57.5,57.5,57.5,57.5,44.76,27.127,42.493,56.404,53.666,19.191,58.017,19.51,40.146,1533.333,1533.333,1840.0,1840.0,1533.333,1533.333,1533.333,1533.333,1840.0,0.555,0.556,0.799,0.79,0.565,0.557,0.597,0.597,14.866,5466.0,14326.0,24.542,255.0,40.75
2026-07-08 05:10:37,57.0,69.000              ,764.457,442.0,1200.0,0.0,57.5,57.500              ,57.5,57.5,57.5,57.5,57.5,57.5,57.5,44.582,22.612,49.758,36.711,58.063,14.112,62.487,11.02,37.418,1566.667,1566.667,1880.0,1880.0,1566.667,1566.667,1566.667,1566.667,1880.0,0.592,0.592,0.737,0.73,0.615,0.615,0.684,0.684,14.896,5465.0,14325.0,22.793,256.0,43.87
2026-07-08 05:10:38,57.0,69.000              ,764.457,413.0,1200.0,0.0,57.5,57.500              ,57.5,57.5,57.5,57.5,57.5,57.5,57.5,42.123,24.956,46.145,32.675,60.197,12.942,46.965,19.684,35.711,1766.667,1766.667,1766.667,2120.0,1766.667,1766.667,1750.0,1750.0,2120.0,0.629,0.627,0.733,0.74,0.717,0.718,0.711,0.711,15.061,5467.0,14325.0,20.509,257.0,48.76
2026-07-08 05:10:39,57.0,70.000              ,765.52,492.0,1200.0,0.0,57.5,57.500              ,57.5,57.5,57.5,57.5,57.5,57.5,57.5,41.845,31.494,46.541,33.272,60.448,14.395,46.509,21.529,37.004,1733.333,1750.0,2100.0,2100.0,1750.0,1750.0,1750.0,1750.0,2100.0,0.645,0.645,0.741,0.75,0.713,0.712,0.685,0.685,15.111,5466.0,14326.0,29.336,258.0,34.09
2026-07-08 05:10:40,57.0,70.000              ,765.523,400.0,1200.0,0.0,57.5,57.500              ,57.5,57.5,57.5,57.5,57.5,57.5,57.5,45.322,27.443,33.754,49.447,63.064,11.64,43.731,13.576,35.997,1783.333,1783.333,2140.0,2140.0,2140.0,2140.0,1783.333,1783.333,2140.0,0.662,0.662,0.803,0.784,0.714,0.714,0.611,0.611,14.97,5467.0,14327.0,22.332,259.0,44.78
2026-07-08 05:10:41,57.0,69.000              ,765.523,442.0,1200.0,0.0,57.5,57.500              ,57.5,57.5,57.5,57.5,57.5,57.5,57.5,44.709,28.993,39.075,63.189,58.064,13.511,44.783,16.835,38.645,1683.333,1683.333,2020.0,2020.0,2020.0,2020.0,1683.333,1683.333,2020.0,0.639,0.639,0.938,0.952,0.628,0.628,0.607,0.607,14.992,5467.0,14326.0,20.759,260.0,48.17
2026-07-08 05:10:42,57.0,69.000              ,765.527,484.0,1200.0,0.0,57.5,57.500              ,57.5,57.5,57.5,57.5,57.5,57.5,57.5,46.474,27.275,48.54,46.744,59.383,18.446,55.988,16.424,39.909,1583.333,1583.333,1960.0,1960.0,1633.333,1633.333,1633.333,1633.333,1960.0,0.627,0.627,0.803,0.811,0.664,0.664,0.649,0.649,15.077,5465.0,14325.0,34.661,261.0,28.85
2026-07-08 05:10:43,57.0,70.000              ,765.531,500.0,1200.0,0.0,57.5,57.500              ,57.5,57.5,57.5,57.5,57.5,57.5,57.5,36.787,23.511,31.59,58.045,49.156,15.979,41.522,12.667,33.657,1666.667,1666.667,2000.0,2000.0,1666.667,1666.667,1666.667,1666.667,2000.0,0.564,0.564,0.819,0.812,0.593,0.593,0.549,0.549,15.089,5464.0,14324.0,20.45,262.0,48.9
2026-07-08 05:10:44,57.0,69.000              ,765.527,492.0,1200.0,0.0,57.5,57.500              ,57.5,57.5,57.5,57.5,57.5,57.5,57.5,45.851,29.144,48.641,38.982,48.975,11.571,53.155,14.642,36.37,2040.0,2040.0,2040.0,2040.0,1716.667,1716.667,1716.667,1716.667,2040.0,0.666,0.666,0.81,0.81,0.595,0.597,0.648,0.648,14.983,5465.0,14325.0,29.987,263.0,33.35
2026-07-08 05:10:45,57.0,69.000              ,765.531,413.0,1200.0,0.0,57.5,57.500              ,57.5,57.5,57.5,57.5,57.5,57.5,57.5,39.321,25.999,39.776,44.82,43.891,13.653,52.268,15.46,34.398,1733.333,1733.333,2080.0,2100.0,1750.0,1750.0,1750.0,1750.0,2100.0,0.628,0.63,0.841,0.841,0.591,0.591,0.675,0.675,14.942,5465.0,14325.0,24.071,264.0,41.54
2026-07-08 05:10:46,57.0,69.000              ,765.531,435.0,1200.0,0.0,57.5,57.500              ,57.5,57.5,57.5,57.5,57.5,57.5,57.5,35.998,33.993,46.998,53.62,53.484,16.632,51.566,16.585,38.609,1733.333,1716.667,2060.0,2060.0,1716.667,1716.667,1716.667,1716.667,2060.0,0.629,0.627,0.914,0.914,0.645,0.643,0.639,0.64,15.108,5465.0,14323.0,23.085,265.0,43.32
2026-07-08 05:10:47,57.0,70.000              ,753.949,406.0,1200.0,0.0,57.5,57.500              ,57.5,57.5,57.5,57.5,57.5,57.5,57.5,34.639,28.202,60.406,39.67,39.113,24.217,46.691,20.904,36.73,1616.667,1616.667,1940.0,1940.0,1616.667,1633.333,1633.333,1633.333,1940.0,0.566,0.567,0.862,0.862,0.6,0.603,0.651,0.647,14.923,5464.0,14317.0,23.729,266.0,42.14
2026-07-08 05:10:48,57.0,70.000              ,753.953,469.0,1200.0,0.0,57.5,57.500              ,57.5,57.5,57.5,57.5,57.5,57.5,57.5,35.585,25.418,39.403,30.018,47.427,10.962,50.045,13.019,31.485,1780.0,1780.0,2225.0,2225.0,1780.0,1780.0,1780.0,1780.0,2225.0,0.602,0.601,0.703,0.703,0.617,0.616,0.673,0.677,15.123,5464.0,14317.0,24.542,267.0,40.75
2026-07-08 05:10:49,57.0,70.000              ,753.949,469.0,1200.0,0.0,57.5,57.500              ,57.5,57.5,57.5,57.5,57.5,57.5,57.5,45.829,27.478,42.892,44.231,52.124,15.971,52.287,17.213,37.253,2020.0,2020.0,1683.333,1683.333,1683.333,1683.333,2060.0,2060.0,2060.0,0.634,0.627,0.802,0.808,0.636,0.635,0.675,0.675,15.144,5464.0,14308.0,25.925,268.0,38.57
2026-07-08 05:10:50,57.0,70.000              ,753.949,400.0,1200.0,0.0,57.5,57.500              ,57.5,57.5,57.5,57.5,57.5,57.5,57.5,43.894,22.588,44.679,38.826,55.637,14.649,55.962,12.698,36.116,1716.667,1716.667,2080.0,2080.0,1733.333,1733.333,1716.667,1716.667,2080.0,0.584,0.592,0.738,0.732,0.658,0.656,0.646,0.655,15.132,5465.0,14305.0,18.843,269.0,53.07
2026-07-08 05:10:51,57.0,69.000              ,753.949,476.0,1200.0,0.0,57.5,57.500              ,57.5,57.5,57.5,57.5,57.5,57.5,57.5,51.582,29.821,45.108,36.153,58.882,19.659,53.263,22.922,39.674,1633.333,1633.333,1960.0,1960.0,1633.333,1633.333,1633.333,1633.333,1960.0,0.619,0.617,0.63,0.63,0.666,0.666,0.669,0.66,15.023,5461.0,14305.0,21.434,270.0,46.65
2026-07-08 05:10:52,57.0,70.000              ,753.953,200.0,1200.0,0.0,57.5,57.500              ,57.5,57.5,57.5,57.5,57.5,57.5,57.5,39.022,26.015,38.879,48.124,53.796,13.976,50.336,11.425,35.197,1616.667,1600.0,1600.0,1616.667,1920.0,1920.0,1600.0,1600.0,1920.0,0.574,0.567,0.738,0.74,0.626,0.626,0.59,0.59,14.944,5464.0,14306.0,21.655,271.0,46.18
2026-07-08 05:10:53,57.0,70.000              ,753.949,442.0,1200.0,0.0,57.5,57.500              ,57.5,57.5,57.5,57.5,57.5,57.5,57.5,44.382,25.931,44.058,28.761,42.224,18.959,61.516,21.413,35.905,1666.667,1666.667,1666.667,1666.667,1666.667,1666.667,2000.0,2000.0,2000.0,0.617,0.63,0.635,0.635,0.587,0.587,0.839,0.839,14.965,5464.0,14305.0,24.302,272.0,41.15
2026-07-08 05:10:54,57.0,70.000              ,753.945,450.0,1200.0,0.0,57.5,57.500              ,57.5,57.5,57.5,57.5,57.5,57.5,57.5,39.101,32.58,41.235,46.866,49.204,13.572,53.184,16.278,36.503,1816.667,1816.667,2180.0,2180.0,1816.667,1816.667,2160.0,2160.0,2180.0,0.653,0.649,0.856,0.861,0.611,0.612,0.692,0.692,15.156,5463.0,14305.0,27.421,273.0,36.47
2026-07-08 05:10:55,57.0,70.000              ,753.953,381.0,1200.0,0.0,57.5,57.500              ,57.5,57.5,57.5,57.5,57.5,57.5,57.5,39.716,27.874,48.457,37.038,44.274,15.596,55.286,17.835,35.759,1750.0,1750.0,2100.0,2100.0,1750.0,1750.0,1750.0,1750.0,2100.0,0.63,0.63,0.794,0.788,0.59,0.589,0.729,0.729,14.944,5463.0,14305.0,24.398,274.0,40.99
2026-07-08 05:10:56,57.0,69.000              ,753.949,435.0,1200.0,0.0,57.5,57.500              ,57.5,57.5,57.5,57.5,57.5,57.5,57.5,44.392,25.011,38.996,42.519,52.893,17.797,49.919,17.815,36.168,2080.0,2080.0,2080.0,2080.0,1716.667,1716.667,1716.667,1716.667,2080.0,0.629,0.629,0.745,0.75,0.663,0.663,0.661,0.66,15.163,5464.0,14304.0,26.496,275.0,37.74
2026-07-08 05:10:57,57.0,68.000              ,753.953,476.0,1200.0,0.0,57.5,57.500              ,57.5,57.5,57.5,57.5,57.5,57.5,57.5,44.821,31.944,36.67,47.122,52.242,13.771,46.01,19.867,36.556,1650.0,1666.667,2000.0,2000.0,1666.667,1666.667,1666.667,1666.667,2000.0,0.655,0.65,0.799,0.794,0.607,0.607,0.633,0.633,14.897,5462.0,14306.0,26.021,276.0,38.43
2026-07-08 05:10:58,57.0,69.000              ,753.953,442.0,1200.0,0.0,57.5,57.500              ,57.5,57.5,57.5,57.5,57.5,57.5,57.5,44.607,24.069,44.7,48.07,56.747,16.303,54.919,16.225,38.205,1666.667,1666.667,2000.0,2000.0,1683.333,1683.333,1683.333,1683.333,2000.0,0.599,0.604,0.798,0.798,0.646,0.647,0.664,0.664,15.144,5462.0,14306.0,36.292,277.0,27.55
2026-07-08 05:10:59,57.0,69.000              ,753.953,200.0,1200.0,0.0,57.5,57.500              ,57.5,57.5,57.5,57.5,57.5,57.5,57.5,34.387,29.915,37.274,55.17,39.832,10.459,48.013,12.884,33.492,1716.667,1716.667,2060.0,2060.0,1716.667,1716.667,1716.667,1716.667,2060.0,0.587,0.587,0.867,0.867,0.527,0.528,0.616,0.616,14.999,5461.0,14305.0,26.636,278.0,37.54
2026-07-08 05:11:00,57.0,68.000              ,753.961,469.0,1200.0,0.0,57.5,57.500              ,57.5,57.5,57.5,57.5,57.5,57.5,57.5,38.434,35.888,42.986,49.896,51.612,18.426,47.953,22.969,38.521,1633.333,1616.667,1940.0,1940.0,1616.667,1616.667,1616.667,1960.0,1960.0,0.616,0.616,0.833,0.837,0.617,0.615,0.615,0.615,14.861,5462.0,14306.0,31.218,279.0,32.03
2026-07-08 05:11:01,57.0,67.000              ,753.953,381.0,1200.0,0.0,57.5,57.500              ,57.5,57.5,57.5,57.5,57.5,57.5,57.5,37.882,29.101,41.357,44.23,46.468,15.455,54.548,18.965,36.001,1683.333,1700.0,2040.0,2040.0,1700.0,1700.0,1700.0,1700.0,2040.0,0.604,0.604,0.755,0.75,0.576,0.576,0.694,0.694,15.234,5464.0,14305.0,23.585,280.0,42.4
2026-07-08 05:11:02,57.0,67.000              ,753.949,516.0,1200.0,0.0,57.5,57.500              ,57.5,57.5,57.5,57.5,57.5,57.5,57.5,40.281,29.605,44.732,40.964,47.907,23.909,56.873,22.793,38.383,1550.0,1550.0,1860.0,1860.0,1550.0,1550.0,1550.0,1550.0,1860.0,0.566,0.568,0.693,0.693,0.593,0.593,0.687,0.687,14.929,5465.0,14306.0,26.667,281.0,37.5
2026-07-08 05:11:03,57.0,71.000              ,753.945,352.0,1200.0,0.0,57.5,57.500              ,57.5,57.5,57.5,57.5,57.5,57.5,57.5,50.1,35.956,51.118,39.281,49.837,23.72,59.821,27.844,42.21,2100.0,2100.0,1750.0,1750.0,2100.0,2100.0,1750.0,1750.0,2100.0,0.717,0.716,0.741,0.741,0.654,0.659,0.821,0.822,15.366,5478.0,14300.0,25.242,282.0,39.62
2026-07-08 05:11:04,57.0,74.000              ,753.93,457.0,1200.0,0.0,57.5,57.500              ,57.5,57.5,57.5,57.5,57.5,57.5,57.5,54.943,34.207,46.435,52.969,57.529,26.36,54.813,23.471,43.841,1683.333,1683.333,1666.667,1666.667,1633.333,1633.333,1400.0,1400.0,1683.333,0.595,0.594,0.684,0.684,0.589,0.586,0.573,0.571,14.739,5466.0,14297.0,30.61,283.0,32.67
2026-07-08 05:11:05,57.0,70.000              ,761.477,428.0,1200.0,0.0,57.5,57.500              ,57.5,57.5,57.5,57.5,57.5,57.5,57.5,47.168,31.948,40.009,59.645,52.699,16.264,51.718,17.229,39.585,1650.0,1650.0,1960.0,1960.0,1633.333,1633.333,1633.333,1633.333,1960.0,0.602,0.605,0.872,0.865,0.576,0.574,0.582,0.582,15.044,5478.0,14311.0,19.702,284.0,50.76
2026-07-08 05:11:06,57.0,68.000              ,761.48,217.0,1200.0,0.0,57.5,57.500              ,57.5,57.5,57.5,57.5,57.5,57.5,57.5,72.615,61.866,75.982,78.859,81.584,63.669,80.608,65.443,72.578,1428.571,1650.0,1650.0,1650.0,1633.333,1633.333,1633.333,1633.333,1650.0,0.667,0.665,0.79,0.797,0.733,0.734,0.731,0.732,15.348,5499.0,14318.0,43.78,285.0,22.84
2026-07-08 05:11:07,57.0,80.000              ,761.539,200.0,1200.0,0.0,57.625,57.625              ,57.625,57.625,57.625,57.625,57.625,57.625,57.625,85.011,77.048,83.563,84.263,84.761,80.605,89.06,76.925,82.654,1428.571,1428.571,1428.571,1428.571,1428.571,1414.286,1400.0,1400.0,1428.571,0.732,0.731,0.736,0.735,0.734,0.733,0.709,0.71,15.549,5451.0,14324.0,39.422,286.0,25.37
2026-07-08 05:11:08,57.0,91.000              ,761.543,200.0,1200.0,0.0,57.75,57.750              ,57.75,57.75,57.75,57.75,57.75,57.75,57.75,86.152,81.786,85.647,86.186,84.559,75.945,85.478,73.894,82.456,1400.0,1400.0,1400.0,1400.0,1400.0,1400.0,1400.0,1400.0,1400.0,0.778,0.78,0.784,0.788,0.758,0.758,0.754,0.751,15.483,5306.0,14320.0,30.676,287.0,32.6
2026-07-08 05:11:09,57.0,92.000              ,761.543,200.0,1200.0,0.0,57.75,57.750              ,57.75,57.75,57.75,57.75,57.75,57.75,57.75,86.65,84.403,86.894,88.184,86.375,80.714,85.503,77.463,84.523,1400.0,1400.0,1400.0,1400.0,1400.0,1400.0,1400.0,1400.0,1400.0,0.776,0.775,0.791,0.789,0.767,0.769,0.749,0.739,15.058,5145.0,14320.0,41.754,288.0,23.95
2026-07-08 05:11:10,57.0,92.000              ,761.539,200.0,1200.0,0.0,57.75,57.750              ,57.75,57.75,57.75,57.75,57.75,57.75,57.75,70.27,63.755,72.036,82.483,76.278,54.809,73.916,58.419,68.996,1400.0,1400.0,1400.0,1400.0,1400.0,1400.0,1400.0,1400.0,1400.0,0.663,0.663,0.752,0.752,0.673,0.671,0.662,0.67,14.719,5046.0,14323.0,48.046,289.0,20.81
2026-07-08 05:11:11,57.0,89.000              ,761.531,200.0,1200.0,0.0,57.75,57.750              ,57.75,57.75,57.75,57.75,57.75,57.75,57.75,74.269,70.921,77.309,80.79,76.553,61.102,77.074,56.744,71.845,1400.0,1400.0,1400.0,1400.0,1400.0,1400.0,1400.0,1400.0,1400.0,0.691,0.691,0.772,0.765,0.688,0.688,0.681,0.683,14.926,4921.0,14323.0,28.938,290.0,34.56
2026-07-08 05:11:12,57.0,88.000              ,761.535,200.0,1200.0,0.0,57.75,57.750              ,57.75,57.75,57.75,57.75,57.75,57.75,57.75,73.115,66.987,74.497,78.065,77.596,59.33,74.853,56.857,70.162,1400.0,1400.0,1400.0,1400.0,1400.0,1400.0,1400.0,1400.0,1400.0,0.655,0.656,0.724,0.728,0.687,0.688,0.676,0.673,14.652,4812.0,14325.0,29.641,291.0,33.74
2026-07-08 05:11:13,57.0,93.000              ,761.543,210.0,1200.0,0.0,57.75,57.750              ,57.75,57.75,57.75,57.75,57.75,57.75,57.75,69.542,67.354,72.365,82.701,74.073,55.165,74.045,52.313,68.445,1400.0,1400.0,1400.0,1400.0,1400.0,1400.0,1400.0,1400.0,1400.0,0.649,0.648,0.743,0.743,0.662,0.661,0.647,0.647,14.475,4698.0,14326.0,29.296,292.0,34.13
2026-07-08 05:11:14,57.0,94.000              ,759.316,277.0,1200.0,0.0,57.75,57.750              ,57.75,57.75,57.75,57.75,57.75,57.75,57.75,64.886,55.516,70.361,70.332,70.572,57.915,68.894,58.248,64.591,1516.667,1516.667,1516.667,1516.667,1516.667,1516.667,1300.0,1300.0,1516.667,0.598,0.598,0.715,0.703,0.668,0.668,0.645,0.645,14.861,4610.0,14326.0,31.31,293.0,31.94
2026-07-08 05:11:15,57.0,90.000              ,759.316,258.0,1200.0,0.0,57.75,57.750              ,57.75,57.75,57.75,57.75,57.75,57.75,57.75,69.341,66.336,68.86,74.94,73.541,60.121,73.056,55.133,67.666,1550.0,1550.0,1550.0,1550.0,1550.0,1550.0,1550.0,1550.0,1550.0,0.641,0.641,0.706,0.72,0.69,0.692,0.649,0.649,15.257,4499.0,14329.0,32.171,294.0,31.08
2026-07-08 05:11:16,57.0,88.000              ,759.324,285.0,1200.0,0.0,57.75,57.750              ,57.75,57.75,57.75,57.75,57.75,57.75,57.75,78.622,73.103,66.991,70.198,70.892,48.568,66.908,40.233,64.439,1600.0,1600.0,1600.0,1600.0,1371.429,1371.429,1371.429,1371.429,1600.0,0.752,0.752,0.684,0.681,0.619,0.618,0.574,0.574,14.977,4390.0,14330.0,42.046,295.0,23.78
2026-07-08 05:11:17,57.0,89.000              ,759.313,428.0,1200.0,0.0,57.75,57.750              ,57.75,57.75,57.75,57.75,57.75,57.75,57.75,56.25,31.326,55.342,40.012,62.309,15.39,56.489,19.628,42.093,1566.667,1566.667,1566.667,1566.667,1357.143,1357.143,1357.143,1357.143,1566.667,0.585,0.585,0.621,0.621,0.538,0.54,0.527,0.527,14.719,4315.0,14325.0,27.914,296.0,35.82
2026-07-08 05:11:18,57.0,81.000              ,759.316,442.0,1200.0,0.0,57.75,57.750              ,57.75,57.75,57.75,57.75,57.75,57.75,57.75,50.611,26.465,53.254,30.712,51.063,18.502,44.495,19.612,36.839,1583.333,1583.333,1900.0,1900.0,1583.333,1583.333,1583.333,1583.333,1900.0,0.637,0.637,0.676,0.676,0.579,0.581,0.569,0.569,15.104,4315.0,14324.0,24.944,297.0,40.09
2026-07-08 05:11:19,57.0,74.000              ,759.379,200.0,1200.0,0.0,57.75,57.750              ,57.75,57.75,57.75,57.75,57.75,57.75,57.75,46.645,32.16,40.019,59.878,59.236,15.981,48.424,19.26,40.2,1533.333,1533.333,1840.0,1840.0,1840.0,1840.0,1533.333,1533.333,1840.0,0.554,0.555,0.754,0.756,0.555,0.553,0.546,0.546,15.154,4315.0,14324.0,23.687,298.0,42.22
2026-07-08 05:11:20,57.0,72.000              ,759.379,428.0,1200.0,0.0,57.75,57.750              ,57.75,57.75,57.75,57.75,57.75,57.75,57.75,36.795,28.869,41.276,42.96,47.567,14.24,52.653,14.485,34.856,1516.667,1516.667,1820.0,1820.0,1516.667,1516.667,1533.333,1533.333,1820.0,0.513,0.512,0.677,0.675,0.506,0.505,0.575,0.576,14.88,4315.0,14324.0,23.982,299.0,41.7
2026-07-08 05:11:21,57.0,70.000              ,759.379,333.0,1200.0,0.0,57.75,57.750              ,57.75,57.75,57.75,57.75,57.75,57.75,57.75,45.542,34.909,53.125,54.481,59.773,24.396,62.638,26.761,45.203,1500.0,1483.333,1780.0,1780.0,1780.0,1780.0,1780.0,1780.0,1780.0,0.559,0.56,0.755,0.755,0.574,0.574,0.619,0.619,15.32,4335.0,14325.0,32.032,300.0,31.22
2026-07-08 05:11:22,57.0,73.000              ,759.379,315.0,1200.0,0.0,57.75,57.750              ,57.75,57.75,57.75,57.75,57.75,57.75,57.75,53.637,35.31,53.17,56.587,64.021,26.832,61.151,28.723,47.429,1485.714,1485.714,1733.333,1733.333,1485.714,1485.714,1485.714,1485.714,1733.333,0.576,0.576,0.686,0.686,0.585,0.586,0.617,0.616,15.02,4341.0,14325.0,25.055,301.0,39.91
2026-07-08 05:11:23,57.0,80.000              ,761.625,469.0,1200.0,0.0,57.75,57.750              ,57.75,57.75,57.75,57.75,57.75,57.75,57.75,47.346,31.04,55.432,44.137,53.869,19.293,50.6,22.524,40.53,1471.429,1471.429,1716.667,1733.333,1485.714,1485.714,1485.714,1485.714,1733.333,0.606,0.605,0.75,0.75,0.574,0.573,0.601,0.601,14.697,4353.0,14327.0,24.508,302.0,40.8
2026-07-08 05:11:24,57.0,77.000              ,768.645,338.0,1200.0,0.0,57.75,57.750              ,57.75,57.75,57.75,57.75,57.75,57.75,57.75,58.647,46.372,55.827,60.127,63.541,32.315,63.365,39.304,52.437,1616.667,1616.667,1940.0,1940.0,1616.667,1616.667,1616.667,1616.667,1940.0,0.635,0.635,0.74,0.74,0.621,0.621,0.657,0.66,15.243,4372.0,14341.0,28.075,303.0,35.62
2026-07-08 05:11:25,57.0,76.000              ,767.285,260.0,1200.0,0.0,57.75,57.750              ,57.75,57.75,57.75,57.75,57.75,57.75,57.75,77.078,62.748,66.203,72.099,71.687,50.419,75.196,67.367,67.85,1616.667,1616.667,1600.0,1600.0,1385.714,1385.714,1385.714,1385.714,1616.667,0.709,0.709,0.704,0.704,0.629,0.632,0.736,0.733,15.174,4396.0,14302.0,35.61,304.0,28.08
2026-07-08 05:11:26,57.0,85.000              ,767.289,435.0,1200.0,0.0,57.75,57.750              ,57.75,57.75,57.75,57.75,57.75,57.75,57.75,47.893,32.71,54.522,45.255,55.256,24.543,49.73,31.9,42.726,1385.714,1385.714,1616.667,1616.667,1385.714,1385.714,1385.714,1385.714,1616.667,0.519,0.519,0.676,0.681,0.548,0.544,0.564,0.564,14.861,4406.0,14299.0,26.392,305.0,37.89
2026-07-08 05:11:27,57.0,82.000              ,767.289,406.0,1200.0,0.0,57.75,57.750              ,57.75,57.75,57.75,57.75,57.75,57.75,57.75,41.378,26.8,51.245,35.425,53.372,11.531,44.711,19.447,35.489,1600.0,1600.0,1920.0,1920.0,1600.0,1600.0,1600.0,1600.0,1920.0,0.605,0.605,0.732,0.727,0.58,0.582,0.624,0.624,14.754,4407.0,14299.0,24.778,306.0,40.36
2026-07-08 05:11:28,57.0,72.000              ,767.227,200.0,1200.0,0.0,57.75,57.750              ,57.75,57.75,57.75,57.75,57.75,57.75,57.75,46.296,34.29,54.365,39.648,54.927,18.914,47.08,25.585,40.138,1716.667,1716.667,2060.0,2060.0,1716.667,1716.667,1716.667,1716.667,2060.0,0.646,0.646,0.789,0.789,0.633,0.631,0.653,0.653,15.281,4406.0,14295.0,24.77,307.0,40.37
2026-07-08 05:11:29,57.0,69.000              ,767.227,484.0,1200.0,0.0,57.75,57.750              ,57.75,57.75,57.75,57.75,57.75,57.75,57.75,46.061,27.162,42.165,43.453,52.203,18.28,47.266,22.884,37.434,1633.333,1633.333,1980.0,1980.0,1650.0,1650.0,1650.0,1650.0,1980.0,0.595,0.595,0.724,0.729,0.581,0.581,0.591,0.591,14.82,4405.0,14294.0,23.586,308.0,42.4
2026-07-08 05:11:30,57.0,69.000              ,767.23,442.0,1200.0,0.0,57.75,57.750              ,57.75,57.75,57.75,57.75,57.75,57.75,57.75,44.453,27.017,45.644,45.942,51.828,13.135,51.354,14.487,36.732,1683.333,1683.333,2020.0,2020.0,1683.333,1683.333,1683.333,1683.333,2020.0,0.612,0.613,0.816,0.811,0.579,0.584,0.651,0.652,15.328,4407.0,14295.0,24.562,309.0,40.71
2026-07-08 05:11:31,57.0,69.000              ,769.117,200.0,1200.0,0.0,57.75,57.750              ,57.75,57.75,57.75,57.75,57.75,57.75,57.75,42.182,30.943,52.455,37.461,53.206,17.095,54.395,17.346,38.135,1583.333,1583.333,1900.0,1900.0,1583.333,1583.333,1600.0,1600.0,1900.0,0.609,0.607,0.742,0.742,0.616,0.613,0.611,0.61,14.806,4410.0,14296.0,23.114,310.0,43.26
2026-07-08 05:11:32,57.0,67.000              ,768.617,450.0,1200.0,0.0,57.75,57.750              ,57.75,57.75,57.75,57.75,57.75,57.75,57.75,42.801,24.272,55.894,31.802,49.905,16.774,51.215,18.288,36.369,1733.333,1733.333,2080.0,2080.0,1733.333,1733.333,1716.667,1716.667,2080.0,0.602,0.603,0.758,0.76,0.61,0.609,0.648,0.649,15.049,4410.0,14297.0,21.325,311.0,46.89
2026-07-08 05:11:33,57.0,67.000              ,769.125,200.0,1200.0,0.0,57.75,57.750              ,57.75,57.75,57.75,57.75,57.75,57.75,57.75,45.452,32.217,44.427,48.504,53.661,16.539,53.179,19.793,39.221,1666.667,1666.667,2000.0,1980.0,1650.0,1650.0,1650.0,1650.0,2000.0,0.635,0.634,0.794,0.795,0.583,0.584,0.633,0.632,15.232,4410.0,14297.0,25.839,312.0,38.7
2026-07-08 05:11:34,57.0,67.000              ,768.121,406.0,1200.0,0.0,57.75,57.750              ,57.75,57.75,57.75,57.75,57.75,57.75,57.75,43.148,29.175,60.043,36.434,44.7,16.966,45.761,23.339,37.446,2000.0,2000.0,2000.0,2000.0,1666.667,1666.667,1666.667,1666.667,2000.0,0.648,0.647,0.84,0.844,0.571,0.57,0.64,0.64,14.841,4413.0,14297.0,24.317,313.0,41.12
2026-07-08 05:11:35,57.0,68.000              ,767.75,200.0,1200.0,0.0,57.75,57.750              ,57.75,57.75,57.75,57.75,57.75,57.75,57.75,40.142,21.967,39.155,37.22,47.023,8.332,46.574,18.641,32.382,1760.0,1760.0,2180.0,2180.0,1760.0,1760.0,1760.0,1760.0,2180.0,0.6,0.6,0.76,0.753,0.562,0.562,0.666,0.668,14.997,4415.0,14297.0,24.318,314.0,41.12
2026-07-08 05:11:36,57.0,69.000              ,767.52,420.0,1200.0,0.0,57.75,57.750              ,57.75,57.75,57.75,57.75,57.75,57.75,57.75,47.991,31.023,40.279,53.552,47.387,20.762,49.396,19.621,38.751,1700.0,1700.0,1700.0,1683.333,1683.333,1683.333,2040.0,2040.0,2040.0,0.631,0.623,0.803,0.809,0.586,0.586,0.634,0.632,15.216,4426.0,14295.0,24.545,315.0,40.74
2026-07-08 05:11:37,57.0,69.000              ,767.512,364.0,1200.0,0.0,57.75,57.750              ,57.75,57.75,57.75,57.75,57.75,57.75,57.75,43.65,39.7,42.361,50.87,52.902,24.994,52.259,26.178,41.614,1616.667,1616.667,1940.0,1940.0,1600.0,1600.0,1600.0,1600.0,1940.0,0.604,0.612,0.747,0.742,0.608,0.608,0.633,0.635,15.14,4436.0,14298.0,26.473,316.0,37.77
2026-07-08 05:11:38,57.0,74.000              ,767.523,200.0,1200.0,0.0,57.75,57.750              ,57.75,57.75,57.75,57.75,57.75,57.75,57.75,39.959,31.679,37.891,54.277,52.846,15.321,50.773,16.903,37.456,1516.667,1516.667,1820.0,1820.0,1516.667,1516.667,1516.667,1516.667,1820.0,0.586,0.586,0.809,0.811,0.604,0.604,0.595,0.595,15.034,4441.0,14302.0,23.995,317.0,41.68
2026-07-08 05:11:39,57.0,71.000              ,763.383,387.0,1200.0,0.0,57.75,57.750              ,57.75,57.75,57.75,57.75,57.75,57.75,57.75,38.254,31.627,50.026,51.69,43.644,19.587,60.096,13.405,38.541,1683.333,1683.333,2000.0,2000.0,1666.667,1666.667,1666.667,1666.667,2000.0,0.596,0.598,0.882,0.884,0.566,0.566,0.638,0.637,14.838,4440.0,14296.0,24.397,318.0,40.99
2026-07-08 05:11:40,57.0,67.000              ,760.379,200.0,1200.0,0.0,57.75,57.750              ,57.75,57.75,57.75,57.75,57.75,57.75,57.75,41.12,25.991,32.169,57.361,47.11,19.763,56.509,16.154,37.022,1700.0,1700.0,2040.0,2040.0,1700.0,1700.0,1700.0,1700.0,2040.0,0.607,0.607,0.89,0.886,0.61,0.61,0.648,0.648,15.043,4442.0,14295.0,25.077,319.0,39.88
2026-07-08 05:11:41,57.0,69.000              ,762.672,400.0,1200.0,0.0,57.75,57.750              ,57.75,57.75,57.75,57.75,57.75,57.75,57.75,41.658,26.93,52.184,32.748,45.322,17.727,61.47,17.442,36.935,1766.667,1766.667,2120.0,2120.0,1766.667,1766.667,1766.667,1766.667,2120.0,0.651,0.65,0.807,0.81,0.652,0.652,0.777,0.779,15.04,4442.0,14295.0,24.051,320.0,41.58
2026-07-08 05:11:42,57.0,69.000              ,762.613,321.0,1200.0,0.0,57.75,57.750              ,57.75,57.75,57.75,57.75,57.75,57.75,57.75,44.655,23.055,40.34,41.009,44.877,18.615,61.732,17.483,36.471,2040.0,2040.0,2040.0,2040.0,1700.0,1700.0,1700.0,1700.0,2040.0,0.625,0.625,0.726,0.724,0.617,0.619,0.779,0.777,15.036,4447.0,14294.0,20.952,321.0,47.73
2026-07-08 05:11:43,57.0,69.000              ,758.492,200.0,1200.0,0.0,57.75,57.750              ,57.75,57.75,57.75,57.75,57.75,57.75,57.75,46.867,28.081,46.842,41.053,44.641,18.149,56.879,22.921,38.179,1783.333,1783.333,2140.0,2140.0,1783.333,1783.333,1766.667,1766.667,2140.0,0.676,0.676,0.777,0.777,0.628,0.626,0.77,0.77,14.878,4442.0,14290.0,20.673,322.0,48.37
2026-07-08 05:11:44,57.0,68.000              ,758.492,413.0,1200.0,0.0,57.75,57.750              ,57.75,57.75,57.75,57.75,57.75,57.75,57.75,34.662,24.528,39.049,52.384,41.03,11.95,46.862,10.08,32.568,1760.0,1760.0,2200.0,2225.0,1780.0,1780.0,1780.0,1780.0,2225.0,0.603,0.603,0.959,0.963,0.575,0.575,0.602,0.603,15.056,4446.0,14290.0,25.143,323.0,39.77
2026-07-08 05:11:45,57.0,69.000              ,761.566,406.0,1200.0,0.0,57.75,57.750              ,57.75,57.75,57.75,57.75,57.75,57.75,57.75,49.805,27.662,39.81,43.805,48.193,14.959,54.498,13.414,36.518,1840.0,1840.0,2300.0,2300.0,1840.0,1840.0,1820.0,1820.0,2300.0,0.727,0.72,0.834,0.83,0.642,0.643,0.67,0.669,15.145,4445.0,14293.0,22.002,324.0,45.45
2026-07-08 05:11:46,57.0,69.000              ,761.883,364.0,1200.0,0.0,57.75,57.750              ,57.75,57.75,57.75,57.75,57.75,57.75,57.75,47.56,30.549,38.71,57.253,47.776,23.358,51.82,19.604,39.579,1683.333,1683.333,2020.0,2020.0,1683.333,1683.333,1683.333,1683.333,2020.0,0.633,0.639,0.876,0.876,0.612,0.61,0.604,0.604,15.174,4446.0,14287.0,25.081,325.0,39.87
2026-07-08 05:11:47,57.0,69.000              ,761.27,469.0,1200.0,0.0,57.75,57.750              ,57.75,57.75,57.75,57.75,57.75,57.75,57.75,40.482,31.998,43.887,51.825,49.975,22.089,55.721,20.419,39.549,1750.0,1750.0,2100.0,2100.0,1750.0,1750.0,1750.0,1750.0,2100.0,0.605,0.605,0.806,0.806,0.606,0.606,0.644,0.644,15.115,4447.0,14286.0,27.184,326.0,36.79
2026-07-08 05:11:48,57.0,69.000              ,761.695,413.0,1200.0,0.0,57.75,57.750              ,57.75,57.75,57.75,57.75,57.75,57.75,57.75,42.091,21.803,49.54,33.807,49.735,13.47,70.528,11.02,36.499,1616.667,1616.667,1940.0,1960.0,1633.333,1633.333,1633.333,1633.333,1960.0,0.581,0.583,0.713,0.705,0.585,0.586,0.758,0.758,14.88,4452.0,14285.0,23.585,327.0,42.4
2026-07-08 05:11:49,57.0,70.000              ,761.695,435.0,1200.0,0.0,57.75,57.750              ,57.75,57.75,57.75,57.75,57.75,57.75,57.75,36.506,32.352,43.079,53.571,49.74,22.085,62.714,18.766,39.851,1700.0,1700.0,2040.0,2040.0,1700.0,1700.0,2040.0,2020.0,2040.0,0.597,0.595,0.825,0.845,0.653,0.652,0.71,0.71,14.969,4455.0,14286.0,27.511,328.0,36.35
2026-07-08 05:11:50,57.0,70.000              ,761.707,428.0,1200.0,0.0,57.75,57.750              ,57.75,57.75,57.75,57.75,57.75,57.75,57.75,49.001,30.619,43.929,58.645,53.662,20.158,55.816,15.671,40.938,1683.333,1683.333,2020.0,2020.0,1683.333,1683.333,1683.333,1683.333,2020.0,0.625,0.625,0.844,0.821,0.623,0.623,0.609,0.609,15.189,4458.0,14285.0,24.835,329.0,40.27
2026-07-08 05:11:51,57.0,71.000              ,761.707,442.0,1200.0,0.0,57.75,57.750              ,57.75,57.75,57.75,57.75,57.75,57.75,57.75,41.447,30.183,50.702,52.85,58.194,19.577,56.189,19.733,41.109,1600.0,1600.0,1920.0,1940.0,1616.667,1616.667,1616.667,1616.667,1940.0,0.571,0.571,0.828,0.833,0.629,0.629,0.627,0.627,15.036,4463.0,14283.0,29.961,330.0,33.38
2026-07-08 05:11:52,57.0,71.000              ,759.445,435.0,1200.0,0.0,57.75,57.750              ,57.75,57.75,57.75,57.75,57.75,57.75,57.75,42.912,31.331,55.845,51.974,55.254,19.361,58.027,16.328,41.379,1600.0,1616.667,1940.0,1940.0,1600.0,1600.0,1600.0,1600.0,1940.0,0.597,0.597,0.868,0.877,0.62,0.62,0.615,0.615,14.98,4464.0,14279.0,22.573,331.0,44.3
2026-07-08 05:11:53,57.0,68.000              ,758.336,420.0,1200.0,0.0,57.75,57.750              ,57.75,57.75,57.75,57.75,57.75,57.75,57.75,42.268,31.426,55.495,50.863,47.849,19.902,61.154,17.403,40.795,1650.0,1650.0,1980.0,1980.0,1650.0,1650.0,1650.0,1633.333,1980.0,0.604,0.606,0.871,0.87,0.597,0.597,0.655,0.655,15.272,4464.0,14278.0,21.679,332.0,46.13
2026-07-08 05:11:54,57.0,68.000              ,761.461,200.0,1200.0,0.0,57.75,57.750              ,57.75,57.75,57.75,57.75,57.75,57.75,57.75,43.154,30.053,44.214,52.918,53.98,18.147,58.088,16.05,39.576,1600.0,1583.333,1900.0,1940.0,1600.0,1600.0,1600.0,1600.0,1940.0,0.585,0.584,0.824,0.826,0.612,0.612,0.622,0.622,14.787,4463.0,14280.0,24.389,333.0,41.0
2026-07-08 05:11:55,57.0,69.000              ,768.48,500.0,1200.0,0.0,57.75,57.750              ,57.75,57.75,57.75,57.75,57.75,57.75,57.75,43.465,33.46,41.726,59.178,49.35,28.325,60.686,18.234,41.803,1716.667,1700.0,2020.0,1700.0,1700.0,1700.0,2040.0,2040.0,2040.0,0.607,0.607,0.843,0.835,0.646,0.65,0.642,0.643,15.087,4464.0,14287.0,24.02,334.0,41.63
2026-07-08 05:11:56,57.0,68.000              ,769.984,476.0,1200.0,0.0,57.75,57.750              ,57.75,57.75,57.75,57.75,57.75,57.75,57.75,48.133,29.059,42.262,47.091,42.619,20.936,61.059,21.542,39.088,1666.667,1666.667,1980.0,1980.0,1650.0,1650.0,1650.0,1650.0,1980.0,0.625,0.626,0.757,0.761,0.566,0.562,0.725,0.728,15.004,4466.0,14290.0,19.907,335.0,50.23
2026-07-08 05:11:57,57.0,68.000              ,769.98,358.0,1200.0,0.0,57.75,57.750              ,57.75,57.75,57.75,57.75,57.75,57.75,57.75,39.962,22.286,49.442,33.993,48.242,14.424,62.006,9.644,35.0,1616.667,1616.667,1940.0,1940.0,1616.667,1616.667,1616.667,1616.667,1940.0,0.602,0.601,0.755,0.756,0.621,0.619,0.689,0.688,14.919,4468.0,14290.0,34.472,336.0,29.01
2026-07-08 05:11:58,57.0,68.000              ,770.109,457.0,1200.0,0.0,57.75,57.750              ,57.75,57.75,57.75,57.75,57.75,57.75,57.75,47.848,22.968,49.426,27.689,39.421,15.507,58.154,16.196,34.651,1780.0,1780.0,2225.0,2225.0,1780.0,1780.0,2200.0,2200.0,2225.0,0.656,0.656,0.767,0.766,0.58,0.58,0.778,0.776,14.983,4469.0,14289.0,20.182,337.0,49.55
2026-07-08 05:11:59,57.0,68.000              ,778.652,476.0,1200.0,0.0,57.75,57.750              ,57.75,57.75,57.75,57.75,57.75,57.75,57.75,32.717,25.974,36.088,58.424,48.533,17.379,46.719,10.681,34.564,1820.0,1800.0,2250.0,2250.0,1800.0,1800.0,1800.0,1800.0,2250.0,0.587,0.587,0.94,0.931,0.657,0.657,0.611,0.609,15.162,4469.0,14302.0,24.018,338.0,41.64
2026-07-08 05:12:00,57.0,71.000              ,778.281,358.0,1200.0,0.0,57.75,57.750              ,57.75,57.75,57.75,57.75,57.75,57.75,57.75,33.915,30.313,46.974,46.655,45.635,18.849,62.447,14.232,37.378,1683.333,1683.333,2020.0,2020.0,1683.333,1683.333,1683.333,1683.333,2020.0,0.6,0.6,0.853,0.863,0.617,0.617,0.699,0.699,14.865,4477.0,14302.0,23.573,339.0,42.42
2026-07-08 05:12:01,57.0,71.000              ,773.527,200.0,1200.0,0.0,57.75,57.750              ,57.75,57.75,57.75,57.75,57.75,57.75,57.75,38.943,23.761,37.644,34.201,46.063,13.174,53.15,13.774,32.589,1760.0,1760.0,2200.0,2200.0,1760.0,1760.0,2200.0,2200.0,2200.0,0.615,0.617,0.715,0.713,0.583,0.583,0.715,0.715,15.116,4479.0,14299.0,25.072,340.0,39.89
2026-07-08 05:12:02,57.0,69.000              ,774.527,350.0,1200.0,0.0,57.75,57.750              ,57.75,57.75,57.75,57.75,57.75,57.75,57.75,41.318,21.43,42.669,37.929,43.707,13.702,62.279,9.674,34.088,1766.667,1766.667,2100.0,2100.0,1750.0,1750.0,1750.0,1750.0,2100.0,0.629,0.627,0.797,0.797,0.615,0.615,0.76,0.76,15.073,4482.0,14299.0,23.589,341.0,42.39
2026-07-08 05:12:03,57.0,69.000              ,774.527,352.0,1200.0,0.0,57.75,57.750              ,57.75,57.75,57.75,57.75,57.75,57.75,57.75,38.92,23.45,49.137,33.993,38.296,11.907,61.066,9.894,33.333,1880.0,1880.0,1880.0,2350.0,1880.0,1880.0,2350.0,2350.0,2350.0,0.66,0.66,0.895,0.895,0.599,0.6,0.776,0.776,15.056,4480.0,14299.0,20.204,342.0,49.5
2026-07-08 05:12:04,57.0,69.000              ,774.527,364.0,1200.0,0.0,57.75,57.750              ,57.75,57.75,57.75,57.75,57.75,57.75,57.75,33.95,22.036,36.961,39.002,38.092,15.88,49.413,14.485,31.227,1840.0,1840.0,2300.0,2300.0,1840.0,1840.0,1840.0,1840.0,2300.0,0.656,0.657,0.917,0.917,0.656,0.656,0.701,0.704,14.967,4481.0,14294.0,25.018,343.0,39.97
2026-07-08 05:12:05,57.0,69.000              ,774.094,200.0,1200.0,0.0,57.75,57.750              ,57.75,57.75,57.75,57.75,57.75,57.75,57.75,47.2,27.438,56.189,36.181,46.815,19.537,58.565,22.163,39.261,1800.0,1800.0,1800.0,1800.0,1800.0,1800.0,2250.0,2275.0,2275.0,0.652,0.65,0.813,0.813,0.635,0.635,0.74,0.738,15.15,4483.0,14295.0,23.736,344.0,42.13
2026-07-08 05:12:06,57.0,70.000              ,771.844,387.0,1200.0,0.0,57.75,57.750              ,57.75,57.75,57.75,57.75,57.75,57.75,57.75,63.643,46.093,60.226,65.598,66.389,44.569,67.29,36.939,56.343,1860.0,1860.0,1860.0,1860.0,1550.0,1550.0,1533.333,1533.333,1860.0,0.656,0.658,0.801,0.79,0.685,0.685,0.655,0.656,15.2,4508.0,14305.0,30.361,345.0,32.94
2026-07-08 05:12:07,57.0,71.000              ,771.277,387.0,1200.0,0.0,57.75,57.750              ,57.75,57.75,57.75,57.75,57.75,57.75,57.75,52.378,38.14,60.284,56.843,60.366,38.505,65.02,28.281,49.977,1500.0,1500.0,1760.0,1760.0,1466.667,1466.667,1760.0,1760.0,1760.0,0.57,0.569,0.77,0.782,0.668,0.667,0.626,0.626,14.999,4514.0,14304.0,22.891,346.0,43.69
2026-07-08 05:12:08,57.0,75.000              ,772.145,545.0,1200.0,0.0,57.75,57.750              ,57.75,57.75,57.75,57.75,57.75,57.75,57.75,41.424,26.411,50.527,38.197,44.98,16.131,61.165,13.262,36.512,1533.333,1533.333,1840.0,1860.0,1550.0,1550.0,1550.0,1550.0,1860.0,0.573,0.573,0.758,0.756,0.582,0.582,0.648,0.647,14.759,4519.0,14303.0,20.535,347.0,48.7
2026-07-08 05:12:09,57.0,71.000              ,765.125,200.0,1200.0,0.0,57.75,57.750              ,57.75,57.75,57.75,57.75,57.75,57.75,57.75,30.349,25.833,38.714,37.651,49.797,14.003,43.601,13.163,31.639,1783.333,1783.333,2140.0,2140.0,1783.333,1783.333,1783.333,1783.333,2140.0,0.531,0.532,0.735,0.737,0.627,0.627,0.554,0.554,15.221,4518.0,14298.0,24.324,348.0,41.11
2026-07-08 05:12:10,57.0,67.000              ,761.684,352.0,1200.0,0.0,57.75,57.750              ,57.75,57.75,57.75,57.75,57.75,57.75,57.75,34.642,22.154,48.157,29.694,48.07,13.196,62.287,15.017,34.152,1700.0,1700.0,1700.0,1700.0,1700.0,1700.0,2040.0,2040.0,2040.0,0.605,0.604,0.753,0.752,0.627,0.627,0.795,0.795,14.977,4517.0,14296.0,24.337,349.0,41.09
2026-07-08 05:12:11,57.0,68.000              ,761.684,387.0,1200.0,0.0,57.75,57.750              ,57.75,57.75,57.75,57.75,57.75,57.75,57.75,37.438,21.552,48.801,28.22,50.09,8.073,63.866,12.713,33.844,1780.0,1780.0,2225.0,2225.0,1800.0,1800.0,2250.0,2250.0,2250.0,0.623,0.622,0.744,0.743,0.625,0.625,0.816,0.803,14.846,4519.0,14290.0,19.643,350.0,50.91
2026-07-08 05:12:12,57.0,69.000              ,761.75,428.0,1200.0,0.0,57.75,57.750              ,57.75,57.75,57.75,57.75,57.75,57.75,57.75,34.346,26.908,40.232,37.501,55.048,10.448,44.425,12.429,32.667,1750.0,1750.0,2100.0,2100.0,1750.0,1750.0,1750.0,1733.333,2100.0,0.567,0.568,0.765,0.765,0.649,0.649,0.602,0.612,15.328,4519.0,14284.0,24.538,351.0,40.75
2026-07-08 05:12:13,57.0,69.000              ,764.121,375.0,1200.0,0.0,57.75,57.750              ,57.75,57.75,57.75,57.75,57.75,57.75,57.75,44.464,28.285,41.742,41.713,44.573,12.352,55.863,16.177,35.646,1766.667,1766.667,1766.667,1766.667,1766.667,1766.667,2120.0,2120.0,2120.0,0.684,0.684,0.795,0.796,0.585,0.585,0.722,0.722,14.831,4519.0,14283.0,21.361,352.0,46.81
2026-07-08 05:12:14,57.0,69.000              ,764.125,200.0,1200.0,0.0,57.75,57.750              ,57.75,57.75,57.75,57.75,57.75,57.75,57.75,38.902,29.003,34.558,53.107,40.35,14.864,55.661,13.882,35.041,1783.333,1783.333,2140.0,2140.0,1783.333,1783.333,1783.333,1783.333,2140.0,0.643,0.642,0.866,0.865,0.579,0.581,0.689,0.689,14.935,4519.0,14283.0,23.225,353.0,43.06
2026-07-08 05:12:15,57.0,69.000              ,764.125,200.0,1200.0,0.0,57.75,57.750              ,57.75,57.75,57.75,57.75,57.75,57.75,57.75,36.67,22.045,32.616,54.749,38.68,12.441,54.0,9.7,32.613,1800.0,1800.0,2250.0,2250.0,1800.0,1800.0,1800.0,1800.0,2250.0,0.604,0.604,0.973,0.968,0.534,0.533,0.622,0.624,15.191,4521.0,14283.0,27.095,354.0,36.91
2026-07-08 05:12:16,57.0,69.000              ,764.121,406.0,1200.0,0.0,57.75,57.750              ,57.75,57.75,57.75,57.75,57.75,57.75,57.75,40.509,25.0,46.673,39.022,50.986,17.35,59.098,14.172,36.601,1783.333,1783.333,2120.0,2120.0,1766.667,1766.667,1766.667,1766.667,2120.0,0.606,0.606,0.836,0.845,0.654,0.654,0.673,0.671,14.938,4524.0,14282.0,20.08,355.0,49.8
2026-07-08 05:12:17,57.0,70.000              ,764.125,420.0,1200.0,0.0,57.75,57.750              ,57.75,57.75,57.75,57.75,57.75,57.75,57.75,30.357,27.859,35.959,46.219,44.287,13.589,42.285,14.61,31.896,1800.0,1800.0,2160.0,2160.0,1800.0,1800.0,1800.0,1800.0,2160.0,0.619,0.609,0.917,0.911,0.623,0.623,0.634,0.634,15.0,4525.0,14282.0,24.555,356.0,40.72
2026-07-08 05:12:18,57.0,71.000              ,758.613,435.0,1200.0,0.0,57.75,57.750              ,57.75,57.75,57.75,57.75,57.75,57.75,57.75,43.257,20.469,50.705,42.598,56.376,20.017,50.446,17.513,37.673,1780.0,1800.0,2250.0,2250.0,1800.0,1800.0,1800.0,1800.0,2250.0,0.605,0.615,0.885,0.889,0.694,0.695,0.666,0.667,15.395,4525.0,14282.0,31.303,357.0,31.95
2026-07-08 05:12:19,57.0,71.000              ,758.613,370.0,1200.0,0.0,57.75,57.750              ,57.75,57.75,57.75,57.75,57.75,57.75,57.75,45.675,27.989,51.815,45.936,55.785,28.016,52.818,25.186,41.653,1583.333,1583.333,1900.0,1920.0,1600.0,1600.0,1600.0,1600.0,1920.0,0.6,0.6,0.794,0.792,0.658,0.656,0.621,0.62,14.812,4527.0,14281.0,30.794,358.0,32.47
2026-07-08 05:12:20,57.0,70.000              ,758.605,381.0,1200.0,0.0,57.75,57.750              ,57.75,57.75,57.75,57.75,57.75,57.75,57.75,37.247,28.735,46.248,35.421,53.336,19.493,48.825,20.24,36.193,1666.667,1666.667,2000.0,2000.0,1666.667,1666.667,1666.667,1666.667,2000.0,0.634,0.634,0.77,0.768,0.723,0.723,0.689,0.692,14.922,4527.0,14281.0,23.506,359.0,42.54
2026-07-08 05:12:21,57.0,70.000              ,756.105,413.0,1200.0,0.0,57.75,57.750              ,57.75,57.75,57.75,57.75,57.75,57.75,57.75,37.592,25.077,44.619,43.004,57.979,15.72,41.997,22.682,36.084,1800.0,1800.0,1800.0,1800.0,2250.0,2250.0,1800.0,1800.0,2250.0,0.622,0.622,0.838,0.838,0.737,0.737,0.663,0.661,15.153,4526.0,14277.0,21.492,360.0,46.53
2026-07-08 05:12:22,57.0,70.000              ,756.109,457.0,1200.0,0.0,57.75,57.750              ,57.75,57.75,57.75,57.75,57.75,57.75,57.75,42.929,29.557,43.809,35.475,60.065,21.558,41.942,24.341,37.459,1783.333,1783.333,2140.0,2140.0,2140.0,2140.0,1783.333,1783.333,2140.0,0.654,0.654,0.735,0.736,0.823,0.823,0.681,0.681,15.073,4527.0,14278.0,19.052,361.0,52.49
2026-07-08 05:12:23,57.0,70.000              ,756.043,406.0,1200.0,0.0,57.75,57.750              ,57.75,57.75,57.75,57.75,57.75,57.75,57.75,37.769,21.332,34.506,35.401,44.142,11.081,43.053,15.178,30.308,1780.0,1780.0,1780.0,1780.0,2225.0,2225.0,1780.0,1780.0,2225.0,0.612,0.613,0.774,0.78,0.577,0.577,0.649,0.648,14.882,4527.0,14276.0,22.842,362.0,43.78
2026-07-08 05:12:24,57.0,70.000              ,756.984,200.0,1200.0,0.0,57.75,57.750              ,57.75,57.75,57.75,57.75,57.75,57.75,57.75,34.564,25.722,50.055,42.145,59.773,12.02,48.976,13.82,35.884,1760.0,1760.0,2200.0,2200.0,1760.0,1760.0,1760.0,1760.0,2200.0,0.625,0.623,0.966,0.946,0.654,0.654,0.667,0.667,15.046,4525.0,14272.0,22.137,363.0,45.17
2026-07-08 05:12:25,57.0,69.000              ,753.973,393.0,1200.0,0.0,57.75,57.750              ,57.75,57.75,57.75,57.75,57.75,57.75,57.75,40.055,24.24,46.086,36.901,63.352,10.701,50.821,20.294,36.556,1800.0,1800.0,2160.0,2160.0,1800.0,1800.0,1783.333,1783.333,2160.0,0.611,0.613,0.788,0.8,0.697,0.697,0.695,0.696,15.194,4527.0,14269.0,21.802,364.0,45.87
2026-07-08 05:12:26,57.0,70.000              ,754.039,381.0,1200.0,0.0,57.75,57.750              ,57.75,57.75,57.75,57.75,57.75,57.75,57.75,35.024,26.702,38.972,37.85,52.199,10.692,44.803,14.717,32.62,1766.667,1766.667,2120.0,2100.0,1750.0,1733.333,1750.0,1750.0,2120.0,0.629,0.627,0.796,0.794,0.659,0.66,0.667,0.666,14.865,4532.0,14268.0,25.723,365.0,38.88
2026-07-08 05:12:27,57.0,70.000              ,753.652,350.0,1200.0,0.0,57.75,57.750              ,57.75,57.75,57.75,57.75,57.75,57.75,57.75,39.553,22.201,45.38,36.165,57.054,10.841,39.368,18.39,33.619,1800.0,1800.0,2250.0,2250.0,1800.0,1800.0,1800.0,1800.0,2250.0,0.663,0.663,0.841,0.828,0.727,0.726,0.655,0.655,15.041,4531.0,14268.0,23.725,366.0,42.15
2026-07-08 05:12:28,57.0,70.000              ,753.527,200.0,1200.0,0.0,57.75,57.750              ,57.75,57.75,57.75,57.75,57.75,57.75,57.75,44.284,25.883,46.651,39.657,58.363,15.372,46.306,21.517,37.254,1800.0,1800.0,2160.0,2160.0,1800.0,1800.0,1800.0,1800.0,2160.0,0.643,0.633,0.803,0.815,0.699,0.699,0.683,0.683,15.074,4534.0,14269.0,22.618,367.0,44.21
2026-07-08 05:12:29,57.0,69.000              ,753.527,484.0,1200.0,0.0,57.75,57.750              ,57.75,57.75,57.75,57.75,57.75,57.75,57.75,37.968,25.347,40.639,37.961,51.779,16.607,45.697,17.78,34.222,1800.0,1800.0,1800.0,1800.0,2250.0,2250.0,1800.0,1800.0,2250.0,0.599,0.609,0.786,0.787,0.703,0.703,0.654,0.654,15.184,4536.0,14270.0,26.136,368.0,38.26
2026-07-08 05:12:30,57.0,69.000              ,752.031,381.0,1200.0,0.0,57.75,57.750              ,57.75,57.75,57.75,57.75,57.75,57.75,57.75,37.57,28.84,45.269,35.039,61.093,10.236,46.734,12.968,34.719,1716.667,1716.667,2060.0,2060.0,1716.667,1716.667,1716.667,1716.667,2060.0,0.628,0.628,0.755,0.755,0.69,0.69,0.665,0.665,14.816,4536.0,14269.0,23.712,369.0,42.17
2026-07-08 05:12:31,57.0,70.000              ,754.406,413.0,1200.0,0.0,57.75,57.750              ,57.75,57.75,57.75,57.75,57.75,57.75,57.75,42.169,29.357,52.195,30.86,60.153,9.303,48.075,13.996,35.764,1760.0,1760.0,2200.0,2200.0,1760.0,1760.0,1760.0,1760.0,2200.0,0.648,0.648,0.793,0.784,0.688,0.688,0.646,0.646,15.088,4535.0,14270.0,20.985,370.0,47.65
2026-07-08 05:12:32,57.0,70.000              ,754.406,393.0,1200.0,0.0,57.75,57.750              ,57.75,57.75,57.75,57.75,57.75,57.75,57.75,37.606,26.701,55.834,40.74,60.854,12.309,52.945,15.976,37.871,1466.667,1760.0,2200.0,2200.0,1760.0,1760.0,1760.0,1760.0,2200.0,0.593,0.593,0.88,0.899,0.683,0.683,0.664,0.664,15.231,4537.0,14270.0,25.553,371.0,39.13
2026-07-08 05:12:33,57.0,70.000              ,754.406,381.0,1200.0,0.0,57.75,57.750              ,57.75,57.75,57.75,57.75,57.75,57.75,57.75,42.109,26.466,55.434,37.055,53.528,16.21,49.056,20.398,37.532,1683.333,1683.333,2020.0,2040.0,1700.0,1700.0,1700.0,1700.0,2040.0,0.615,0.615,0.845,0.836,0.625,0.625,0.684,0.684,14.874,4538.0,14270.0,23.482,372.0,42.59
2026-07-08 05:12:34,57.0,69.000              ,754.418,420.0,1200.0,0.0,57.75,57.750              ,57.75,57.75,57.75,57.75,57.75,57.75,57.75,36.358,23.338,60.948,28.851,51.761,11.862,42.377,15.312,33.851,1783.333,1783.333,2140.0,2140.0,1783.333,1783.333,1783.333,1783.333,2140.0,0.64,0.64,0.932,0.932,0.654,0.644,0.638,0.638,14.826,4536.0,14267.0,18.942,373.0,52.79
2026-07-08 05:12:35,57.0,69.000              ,754.563,338.0,1200.0,0.0,57.75,57.750              ,57.75,57.75,57.75,57.75,57.75,57.75,57.75,42.252,24.852,41.792,38.735,48.26,11.392,47.21,13.478,33.496,1780.0,1780.0,2225.0,2225.0,1780.0,1780.0,1780.0,1780.0,2225.0,0.667,0.668,0.871,0.871,0.609,0.62,0.68,0.68,15.328,4537.0,14267.0,26.001,374.0,38.46
2026-07-08 05:12:36,57.0,69.000              ,749.43,364.0,1200.0,0.0,57.75,57.750              ,57.75,57.75,57.75,57.75,57.75,57.75,57.75,41.671,25.257,43.583,36.713,58.173,15.934,43.666,18.476,35.434,1780.0,1780.0,2225.0,2225.0,1780.0,1780.0,1780.0,1780.0,2225.0,0.625,0.625,0.754,0.756,0.693,0.692,0.653,0.653,14.989,4533.0,14265.0,23.807,375.0,42.0
2026-07-08 05:12:37,57.0,68.000              ,749.426,387.0,1200.0,0.0,57.75,57.750              ,57.75,57.75,57.75,57.75,57.75,57.75,57.75,43.0,25.506,57.865,33.344,51.874,11.207,41.215,13.063,34.634,1716.667,1716.667,2060.0,2060.0,1716.667,1716.667,1716.667,1716.667,2060.0,0.655,0.657,0.835,0.834,0.621,0.622,0.613,0.613,15.156,4535.0,14264.0,20.606,376.0,48.53
2026-07-08 05:12:38,57.0,70.000              ,749.43,435.0,1200.0,0.0,57.75,57.750              ,57.75,57.75,57.75,57.75,57.75,57.75,57.75,41.755,19.882,52.647,29.595,52.465,10.844,54.241,13.709,34.393,1733.333,1733.333,2080.0,2080.0,1716.667,1716.667,1716.667,1716.667,2080.0,0.612,0.61,0.718,0.716,0.57,0.569,0.636,0.636,14.983,4535.0,14264.0,24.613,377.0,40.63
2026-07-08 05:12:39,57.0,70.000              ,747.863,400.0,1200.0,0.0,57.75,57.750              ,57.75,57.75,57.75,57.75,57.75,57.75,57.75,33.041,24.951,38.57,36.94,43.227,11.289,43.376,14.506,30.737,1816.667,1760.0,2200.0,2200.0,1760.0,1760.0,1760.0,1760.0,2200.0,0.623,0.628,0.844,0.844,0.596,0.596,0.653,0.653,14.883,4535.0,14256.0,26.555,378.0,37.66
2026-07-08 05:12:40,57.0,69.000              ,759.492,435.0,1200.0,0.0,57.75,57.750              ,57.75,57.75,57.75,57.75,57.75,57.75,57.75,39.09,28.303,53.083,38.408,53.822,11.183,52.538,14.535,36.37,1800.0,1800.0,2250.0,2250.0,1800.0,1800.0,1800.0,1800.0,2250.0,0.638,0.635,0.911,0.915,0.677,0.667,0.649,0.649,15.081,4534.0,14274.0,22.827,379.0,43.81
2026-07-08 05:12:41,57.0,69.000              ,758.496,358.0,1200.0,0.0,57.75,57.750              ,57.75,57.75,57.75,57.75,57.75,57.75,57.75,35.877,30.573,54.661,45.63,48.532,12.892,51.614,19.126,37.363,1650.0,1650.0,1980.0,2000.0,1666.667,1666.667,1666.667,1666.667,2000.0,0.594,0.593,0.876,0.872,0.59,0.599,0.659,0.659,15.101,4541.0,14275.0,23.122,380.0,43.25
2026-07-08 05:12:42,57.0,69.000              ,758.367,387.0,1200.0,0.0,57.625,57.625              ,57.625,57.625,57.625,57.625,57.625,57.625,57.625,38.691,24.525,54.853,44.677,43.027,19.362,54.817,18.027,37.247,1600.0,1583.333,1900.0,1900.0,1583.333,1583.333,1600.0,1600.0,1900.0,0.61,0.615,0.873,0.873,0.589,0.592,0.665,0.665,14.982,4543.0,14275.0,20.457,381.0,48.88
2026-07-08 05:12:43,57.0,69.000              ,758.367,484.0,1200.0,0.0,57.625,57.625              ,57.625,57.625,57.625,57.625,57.625,57.625,57.625,38.98,25.088,64.842,24.736,43.241,11.786,52.327,15.265,34.533,1840.0,1840.0,2300.0,2275.0,1840.0,1840.0,1840.0,1840.0,2300.0,0.661,0.656,0.877,0.877,0.576,0.573,0.69,0.69,14.988,4542.0,14275.0,19.005,382.0,52.62
2026-07-08 05:12:44,57.0,70.000              ,758.352,428.0,1200.0,0.0,57.625,57.625              ,57.625,57.625,57.625,57.625,57.625,57.625,57.625,33.542,26.273,41.115,31.378,41.576,6.07,45.747,11.725,29.678,1816.667,1816.667,2180.0,2180.0,1816.667,1816.667,2160.0,2160.0,2180.0,0.636,0.637,0.814,0.814,0.546,0.546,0.693,0.693,14.923,4543.0,14274.0,23.673,383.0,42.24
2026-07-08 05:12:45,57.0,69.000              ,758.367,338.0,1200.0,0.0,57.625,57.625              ,57.625,57.625,57.625,57.625,57.625,57.625,57.625,47.559,25.425,40.511,37.254,39.582,14.473,44.575,11.592,32.621,1840.0,1840.0,2300.0,2300.0,1840.0,1840.0,1860.0,1860.0,2300.0,0.785,0.785,0.829,0.829,0.63,0.63,0.683,0.69,15.075,4542.0,14274.0,21.518,384.0,46.47
2026-07-08 05:12:46,57.0,69.000              ,765.93,381.0,1200.0,0.0,57.625,57.625              ,57.625,57.625,57.625,57.625,57.625,57.625,57.625,49.523,31.593,38.431,58.452,51.006,20.482,50.771,18.507,39.846,2140.0,2140.0,2140.0,2140.0,1783.333,1783.333,1783.333,1783.333,2140.0,0.681,0.68,0.893,0.893,0.66,0.66,0.643,0.637,15.248,4545.0,14287.0,26.988,385.0,37.05
2026-07-08 05:12:47,57.0,69.000              ,765.934,200.0,1200.0,0.0,57.625,57.625              ,57.625,57.625,57.625,57.625,57.625,57.625,57.625,47.645,24.87,45.496,34.552,43.629,12.437,49.433,14.257,34.04,1733.333,1733.333,2080.0,2080.0,1733.333,1733.333,1733.333,1733.333,2080.0,0.672,0.671,0.813,0.819,0.59,0.59,0.661,0.659,14.954,4549.0,14286.0,26.007,386.0,38.45
2026-07-08 05:12:48,57.0,68.000              ,765.93,428.0,1200.0,0.0,57.625,57.625              ,57.625,57.625,57.625,57.625,57.625,57.625,57.625,45.861,24.525,42.528,35.009,42.737,9.852,50.342,11.437,32.786,2200.0,2200.0,2200.0,2200.0,1760.0,1760.0,2200.0,2200.0,2200.0,0.728,0.728,0.798,0.795,0.599,0.606,0.702,0.702,14.941,4548.0,14286.0,20.364,387.0,49.11
2026-07-08 05:12:49,57.0,69.000              ,766.91,406.0,1200.0,0.0,57.625,57.625              ,57.625,57.625,57.625,57.625,57.625,57.625,57.625,30.132,30.235,45.461,41.495,42.523,12.615,49.043,17.651,33.644,1800.0,1800.0,2160.0,2160.0,1800.0,1800.0,1800.0,1800.0,2160.0,0.627,0.627,0.936,0.937,0.615,0.608,0.706,0.706,15.124,4548.0,14287.0,26.667,388.0,37.5
2026-07-08 05:12:50,57.0,71.000              ,766.93,375.0,1200.0,0.0,57.625,57.625              ,57.625,57.625,57.625,57.625,57.625,57.625,57.625,32.067,27.359,65.703,31.714,43.813,16.18,41.802,21.372,35.001,1800.0,1800.0,2160.0,2160.0,1800.0,1800.0,1800.0,1800.0,2160.0,0.606,0.606,0.916,0.914,0.622,0.622,0.656,0.658,15.102,4550.0,14287.0,21.763,389.0,45.95
2026-07-08 05:12:51,57.0,71.000              ,766.93,333.0,1200.0,0.0,57.625,57.625              ,57.625,57.625,57.625,57.625,57.625,57.625,57.625,39.019,23.443,61.916,34.65,40.713,14.129,43.448,15.852,34.146,1800.0,1800.0,2250.0,2250.0,1800.0,1800.0,1800.0,1800.0,2250.0,0.623,0.623,0.897,0.898,0.583,0.583,0.621,0.619,14.848,4552.0,14288.0,21.352,390.0,46.83
2026-07-08 05:12:52,57.0,70.000              ,766.93,364.0,1200.0,0.0,57.625,57.625              ,57.625,57.625,57.625,57.625,57.625,57.625,57.625,40.029,27.169,32.198,53.683,42.994,14.111,42.437,11.923,33.068,1760.0,1760.0,2200.0,2200.0,1760.0,1760.0,1760.0,1760.0,2200.0,0.665,0.665,0.951,0.954,0.6,0.6,0.606,0.606,15.09,4551.0,14288.0,28.637,391.0,34.92
2026-07-08 05:12:53,57.0,69.000              ,766.934,200.0,1200.0,0.0,57.625,57.625              ,57.625,57.625,57.625,57.625,57.625,57.625,57.625,48.678,27.254,34.68,46.238,43.682,12.793,39.226,13.928,33.31,2200.0,2225.0,1780.0,2225.0,1780.0,1780.0,1760.0,1760.0,2225.0,0.745,0.746,0.858,0.853,0.624,0.624,0.616,0.616,14.909,4552.0,14288.0,24.626,392.0,40.61
2026-07-08 05:12:54,57.0,69.000              ,766.934,400.0,1200.0,0.0,57.625,57.625              ,57.625,57.625,57.625,57.625,57.625,57.625,57.625,49.615,27.707,46.086,33.204,42.42,17.005,46.718,16.621,34.922,1800.0,1800.0,2250.0,2250.0,1800.0,1800.0,1800.0,1800.0,2250.0,0.733,0.732,0.786,0.786,0.63,0.635,0.691,0.691,15.007,4551.0,14288.0,19.471,393.0,51.36
2026-07-08 05:12:55,57.0,69.000              ,766.934,200.0,1200.0,0.0,57.5,57.500              ,57.5,57.5,57.5,57.5,57.5,57.5,57.5,32.905,24.861,38.558,40.06,41.85,13.594,40.384,16.521,31.091,1780.0,1780.0,2225.0,2225.0,1780.0,1780.0,1780.0,1780.0,2225.0,0.619,0.619,0.905,0.905,0.611,0.606,0.653,0.654,15.085,4551.0,14288.0,25.539,394.0,39.16
2026-07-08 05:12:56,57.0,69.000              ,757.906,387.0,1200.0,0.0,57.5,57.500              ,57.5,57.5,57.5,57.5,57.5,57.5,57.5,36.446,27.395,57.431,31.052,51.894,10.186,54.893,12.683,35.248,1860.0,1860.0,2325.0,2325.0,1860.0,1840.0,1840.0,1840.0,2325.0,0.634,0.634,0.907,0.907,0.63,0.63,0.678,0.679,15.207,4549.0,14280.0,23.922,395.0,41.8
2026-07-08 05:12:57,57.0,69.000              ,752.27,338.0,1200.0,0.0,57.5,57.500              ,57.5,57.5,57.5,57.5,57.5,57.5,57.5,40.907,25.821,62.009,29.686,47.909,12.32,54.644,16.229,36.19,1750.0,1750.0,1750.0,2100.0,1750.0,1750.0,1750.0,1750.0,2100.0,0.655,0.656,0.888,0.888,0.612,0.612,0.701,0.698,14.998,4549.0,14274.0,25.359,396.0,39.43
2026-07-08 05:12:58,57.0,69.000              ,752.27,375.0,1200.0,0.0,57.5,57.500              ,57.5,57.5,57.5,57.5,57.5,57.5,57.5,42.699,15.841,38.305,46.441,51.164,8.699,36.554,9.551,31.157,1760.0,1760.0,2180.0,2180.0,1816.667,1816.667,1816.667,1816.667,2180.0,0.672,0.67,0.939,0.941,0.616,0.616,0.573,0.573,14.863,4550.0,14277.0,25.285,397.0,39.55
2026-07-08 05:12:59,57.0,69.000              ,752.582,364.0,1200.0,0.0,57.5,57.500              ,57.5,57.5,57.5,57.5,57.5,57.5,57.5,45.399,17.737,51.436,34.622,56.498,10.398,44.461,13.848,34.3,1840.0,1840.0,2300.0,2300.0,1840.0,1840.0,1840.0,1840.0,2300.0,0.672,0.672,0.809,0.807,0.665,0.667,0.632,0.632,15.214,4550.0,14271.0,23.526,398.0,42.51
2026-07-08 05:13:00,57.0,69.000              ,752.582,370.0,1200.0,0.0,57.5,57.500              ,57.5,57.5,57.5,57.5,57.5,57.5,57.5,42.473,30.968,50.582,36.128,48.169,15.484,43.554,17.163,35.565,1800.0,1800.0,2250.0,2250.0,1800.0,1800.0,1800.0,1800.0,2250.0,0.692,0.693,0.844,0.852,0.631,0.629,0.658,0.658,15.033,4549.0,14268.0,22.634,399.0,44.18
2026-07-08 05:13:01,57.0,70.000              ,752.586,200.0,1200.0,0.0,57.5,57.500              ,57.5,57.5,57.5,57.5,57.5,57.5,57.5,36.312,20.151,33.003,43.201,42.471,10.735,44.833,12.262,30.371,1800.0,1800.0,2250.0,2250.0,1800.0,1800.0,1800.0,1840.0,2250.0,0.635,0.633,0.866,0.858,0.557,0.557,0.634,0.634,14.875,4547.0,14267.0,27.17,400.0,36.81
2026-07-08 05:13:02,57.0,70.000              ,752.582,364.0,1200.0,0.0,57.5,57.500              ,57.5,57.5,57.5,57.5,57.5,57.5,57.5,38.083,19.372,45.261,37.351,48.694,11.005,56.761,7.841,33.046,1780.0,1780.0,2225.0,2225.0,1780.0,1780.0,1780.0,1780.0,2225.0,0.616,0.616,0.852,0.853,0.648,0.648,0.688,0.688,15.043,4549.0,14264.0,24.944,401.0,40.09
2026-07-08 05:13:03,57.0,69.000              ,752.582,435.0,1200.0,0.0,57.5,57.500              ,57.5,57.5,57.5,57.5,57.5,57.5,57.5,41.79,26.538,56.024,32.477,45.413,12.113,55.827,11.002,35.148,1780.0,1780.0,2250.0,2250.0,1800.0,1800.0,1800.0,1800.0,2250.0,0.656,0.658,0.867,0.865,0.6,0.6,0.663,0.663,15.144,4549.0,14264.0,20.838,402.0,47.99
2026-07-08 05:13:04,57.0,69.000              ,764.652,420.0,1200.0,0.0,57.5,57.500              ,57.5,57.5,57.5,57.5,57.5,57.5,57.5,45.534,32.672,40.392,52.214,51.492,24.07,47.91,23.201,39.686,1766.667,1766.667,2120.0,2120.0,2120.0,2120.0,1766.667,1766.667,2120.0,0.664,0.662,0.824,0.813,0.664,0.666,0.637,0.637,15.034,4547.0,14282.0,22.553,403.0,44.34
2026-07-08 05:13:05,57.0,69.000              ,770.738,375.0,1200.0,0.0,57.5,57.500              ,57.5,57.5,57.5,57.5,57.5,57.5,57.5,41.666,24.869,63.482,34.067,45.661,15.28,48.478,17.632,36.392,1666.667,1666.667,2020.0,2020.0,1683.333,1683.333,1683.333,1683.333,2020.0,0.603,0.604,0.847,0.859,0.595,0.594,0.62,0.62,15.071,4552.0,14292.0,25.006,404.0,39.99
2026-07-08 05:13:06,57.0,69.000              ,771.434,200.0,1200.0,0.0,57.5,57.500              ,57.5,57.5,57.5,57.5,57.5,57.5,57.5,38.37,27.446,60.796,29.493,45.555,20.72,50.411,16.734,36.191,1760.0,1760.0,2200.0,2200.0,1760.0,1760.0,1760.0,1760.0,2200.0,0.607,0.606,0.831,0.834,0.623,0.623,0.628,0.628,15.041,4557.0,14292.0,19.477,405.0,51.34
2026-07-08 05:13:07,57.0,69.000              ,779.535,420.0,1200.0,0.0,57.5,57.500              ,57.5,57.5,57.5,57.5,57.5,57.5,57.5,42.715,24.383,47.067,30.337,47.949,14.335,56.619,10.915,34.29,2080.0,2080.0,2100.0,2080.0,1733.333,1733.333,1733.333,1733.333,2100.0,0.638,0.638,0.697,0.694,0.593,0.594,0.682,0.682,15.089,4554.0,14307.0,25.085,406.0,39.86
2026-07-08 05:13:08,57.0,69.000              ,779.535,442.0,1200.0,0.0,57.5,57.500              ,57.5,57.5,57.5,57.5,57.5,57.5,57.5,45.011,23.781,52.479,34.678,42.273,17.118,57.072,13.984,35.799,1683.333,1683.333,1683.333,1683.333,1683.333,1683.333,2020.0,2020.0,2020.0,0.654,0.654,0.776,0.766,0.578,0.577,0.702,0.702,14.814,4563.0,14306.0,24.225,407.0,41.28
2026-07-08 05:13:09,57.0,70.000              ,779.535,200.0,1200.0,0.0,57.5,57.500              ,57.5,57.5,57.5,57.5,57.5,57.5,57.5,42.602,21.853,51.17,32.449,55.695,12.761,57.586,9.87,35.498,1800.0,1800.0,2180.0,2180.0,1816.667,1816.667,1800.0,1800.0,2180.0,0.612,0.612,0.766,0.776,0.648,0.65,0.657,0.657,15.017,4565.0,14306.0,28.588,408.0,34.98
2026-07-08 05:13:10,57.0,69.000              ,779.531,435.0,1200.0,0.0,57.5,57.500              ,57.5,57.5,57.5,57.5,57.5,57.5,57.5,39.337,20.148,56.138,34.379,48.607,10.903,48.988,13.137,33.955,1780.0,1780.0,2225.0,2225.0,1780.0,1780.0,1760.0,1760.0,2225.0,0.621,0.621,0.853,0.853,0.624,0.623,0.62,0.621,15.07,4564.0,14306.0,25.456,409.0,39.28
2026-07-08 05:13:11,57.0,69.000              ,779.535,200.0,1200.0,0.0,57.5,57.500              ,57.5,57.5,57.5,57.5,57.5,57.5,57.5,37.732,24.036,44.139,39.582,35.28,16.219,40.663,14.19,31.48,1780.0,1780.0,2225.0,2225.0,1780.0,1780.0,1780.0,1780.0,2225.0,0.654,0.654,0.899,0.901,0.574,0.574,0.615,0.614,15.044,4565.0,14306.0,26.709,410.0,37.44
2026-07-08 05:13:12,57.0,70.000              ,780.699,406.0,1200.0,0.0,57.5,57.500              ,57.5,57.5,57.5,57.5,57.5,57.5,57.5,36.093,20.585,48.661,30.527,44.091,8.692,52.65,6.043,30.918,1780.0,1780.0,2225.0,2225.0,1780.0,1780.0,1780.0,1780.0,2225.0,0.604,0.606,0.809,0.807,0.6,0.6,0.619,0.62,15.159,4563.0,14306.0,24.935,411.0,40.1
2026-07-08 05:13:13,57.0,69.000              ,780.328,420.0,1200.0,0.0,57.5,57.500              ,57.5,57.5,57.5,57.5,57.5,57.5,57.5,40.441,17.104,58.063,21.652,40.562,15.049,53.044,8.768,31.835,1980.0,1980.0,1666.667,1666.667,1666.667,1666.667,2000.0,2000.0,2000.0,0.592,0.592,0.72,0.72,0.567,0.567,0.633,0.631,14.995,4564.0,14305.0,24.449,412.0,40.9
2026-07-08 05:13:14,57.0,68.000              ,780.289,381.0,1200.0,0.0,57.5,57.500              ,57.5,57.5,57.5,57.5,57.5,57.5,57.5,40.555,21.549,44.092,20.982,46.564,10.577,51.464,9.42,30.65,1780.0,1780.0,1780.0,1780.0,2225.0,2225.0,1760.0,1760.0,2225.0,0.662,0.663,0.682,0.682,0.607,0.607,0.685,0.685,14.929,4559.0,14301.0,24.159,413.0,41.39
2026-07-08 05:13:15,57.0,67.000              ,774.398,364.0,1200.0,0.0,57.5,57.500              ,57.5,57.5,57.5,57.5,57.5,57.5,57.5,38.016,25.472,53.074,34.186,37.962,12.963,51.234,12.216,33.14,1820.0,1820.0,2275.0,2275.0,1840.0,1840.0,1840.0,1840.0,2275.0,0.688,0.686,0.889,0.89,0.586,0.586,0.711,0.711,15.073,4563.0,14300.0,22.422,414.0,44.6
2026-07-08 05:13:16,57.0,68.000              ,774.402,200.0,1200.0,0.0,57.5,57.500              ,57.5,57.5,57.5,57.5,57.5,57.5,57.5,45.276,22.23,54.915,27.488,46.759,13.664,62.572,11.902,35.601,1766.667,1766.667,1766.667,1766.667,1766.667,1766.667,2100.0,2100.0,2100.0,0.648,0.648,0.731,0.731,0.608,0.608,0.749,0.749,15.058,4561.0,14300.0,23.521,415.0,42.52
2026-07-08 05:13:17,57.0,69.000              ,774.402,492.0,1200.0,0.0,57.5,57.500              ,57.5,57.5,57.5,57.5,57.5,57.5,57.5,45.909,23.39,54.18,29.57,47.681,12.789,60.946,14.617,36.135,1760.0,1760.0,2200.0,2200.0,1760.0,1760.0,1760.0,1760.0,2200.0,0.639,0.639,0.759,0.758,0.587,0.587,0.711,0.711,15.021,4561.0,14294.0,20.551,416.0,48.66
2026-07-08 05:13:18,57.0,69.000              ,765.121,200.0,1200.0,0.0,57.5,57.500              ,57.5,57.5,57.5,57.5,57.5,57.5,57.5,44.908,24.079,56.882,35.147,51.531,16.492,57.038,15.192,37.659,1683.333,1683.333,2020.0,2020.0,1683.333,1683.333,1683.333,2000.0,2020.0,0.641,0.641,0.789,0.789,0.643,0.643,0.649,0.65,15.031,4554.0,14286.0,28.487,417.0,35.1
2026-07-08 05:13:19,57.0,69.000              ,765.055,484.0,1200.0,0.0,57.5,57.500              ,57.5,57.5,57.5,57.5,57.5,57.5,57.5,37.296,24.957,56.779,24.283,49.924,13.512,52.681,15.135,34.321,1716.667,1716.667,2060.0,2060.0,1716.667,1716.667,1716.667,1716.667,2060.0,0.632,0.632,0.756,0.756,0.601,0.602,0.681,0.68,15.02,4558.0,14286.0,23.574,418.0,42.42
2026-07-08 05:13:20,57.0,70.000              ,765.059,428.0,1200.0,0.0,57.5,57.500              ,57.5,57.5,57.5,57.5,57.5,57.5,57.5,41.17,24.785,45.945,33.603,54.572,13.228,50.563,20.948,35.602,1666.667,1666.667,2000.0,2000.0,1666.667,1666.667,1666.667,1666.667,2000.0,0.585,0.585,0.713,0.715,0.625,0.624,0.687,0.687,15.229,4557.0,14285.0,24.706,419.0,40.48
2026-07-08 05:13:21,57.0,71.000              ,765.059,442.0,1200.0,0.0,57.5,57.500              ,57.5,57.5,57.5,57.5,57.5,57.5,57.5,45.77,30.394,47.149,40.064,65.074,13.608,56.11,16.633,39.35,1683.333,1683.333,2020.0,2020.0,2020.0,2020.0,1683.333,1683.333,2020.0,0.674,0.675,0.715,0.714,0.719,0.719,0.662,0.662,15.062,4556.0,14277.0,23.314,420.0,42.89
2026-07-08 05:13:22,57.0,70.000              ,765.09,364.0,1200.0,0.0,57.5,57.500              ,57.5,57.5,57.5,57.5,57.5,57.5,57.5,36.322,17.317,25.137,51.811,40.267,9.756,42.621,12.302,29.442,1666.667,1666.667,2000.0,2000.0,1666.667,1666.667,1666.667,1666.667,2000.0,0.592,0.59,0.859,0.866,0.515,0.515,0.566,0.566,14.772,4556.0,14278.0,25.948,421.0,38.54
2026-07-08 05:13:23,57.0,70.000              ,773.41,450.0,1200.0,0.0,57.5,57.500              ,57.5,57.5,57.5,57.5,57.5,57.5,57.5,43.884,26.537,43.781,40.631,47.422,11.306,49.24,10.834,34.205,1840.0,1840.0,2300.0,2300.0,1840.0,1840.0,1840.0,1840.0,2300.0,0.67,0.67,0.89,0.883,0.601,0.601,0.639,0.639,15.241,4559.0,14291.0,29.509,422.0,33.89
2026-07-08 05:13:24,57.0,72.000              ,773.41,200.0,1200.0,0.0,57.5,57.500              ,57.5,57.5,57.5,57.5,57.5,57.5,57.5,33.131,21.274,51.719,36.559,53.119,10.567,38.933,12.922,32.278,1550.0,1550.0,1860.0,1860.0,1550.0,1533.333,1533.333,1533.333,1860.0,0.466,0.466,0.863,0.865,0.58,0.58,0.491,0.491,14.142,4571.0,14284.0,22.657,423.0,44.14
2026-07-08 05:13:25,58.0,40.000              ,773.41,200.0,1200.0,0.0,58.0,58.000              ,58.0,58.0,58.0,58.0,58.0,58.0,58.0,12.165,5.842,48.314,6.989,18.936,19.377,30.914,6.315,18.606,2066.667,2066.667,2480.0,3150.0,2520.0,2520.0,2100.0,2100.0,3150.0,0.706,0.706,1.735,1.734,1.172,1.172,1.22,1.222,15.067,4574.0,14210.0,0.0,424.0,
2026-07-08 05:13:26,58.0,2.000               ,773.41,200.0,1200.0,0.0,58.125,58.125              ,58.125,58.125,58.125,58.125,58.125,58.125,58.125,12.091,1.659,40.833,19.942,18.102,6.377,41.691,3.083,17.972,1871.429,1871.429,2620.0,2620.0,2183.333,2183.333,3275.0,3275.0,3275.0,0.59,0.59,1.688,1.688,0.823,0.827,1.25,1.259,15.014,4117.0,13697.0,0.0,425.0,
2026-07-08 05:13:27,58.0,0.000               ,773.41,200.0,1200.0,0.0,58.25,58.250              ,58.25,58.25,58.25,58.25,58.25,58.25,58.25,19.945,22.42,58.435,8.245,27.673,15.032,14.81,9.341,21.988,2150.0,2150.0,3225.0,3225.0,2150.0,2150.0,2150.0,2150.0,3225.0,1.077,1.077,1.884,1.884,1.196,1.191,0.83,0.811,15.248,4056.0,12883.0,0.0,426.0,
2026-07-08 05:13:28,58.0,0.000               ,773.41,200.0,1200.0,0.0,58.375,58.375              ,58.375,58.375,58.375,58.375,58.375,58.375,58.375,8.603,3.819,64.887,29.112,27.202,9.898,27.321,12.908,22.969,2050.0,2050.0,3075.0,3075.0,2050.0,2050.0,2460.0,2460.0,3075.0,0.489,0.489,2.156,2.156,0.954,0.954,1.023,1.023,15.022,3884.0,12767.0,0.0,427.0,
2026-07-08 05:13:29,58.0,0.000               ,773.41,200.0,1200.0,0.0,58.375,58.375              ,58.375,58.375,58.375,58.375,58.375,58.375,58.375,16.687,16.425,73.705,5.896,14.764,6.578,14.844,11.106,20.0,1885.714,1885.714,3300.0,3300.0,1885.714,1885.714,1885.714,1885.714,3300.0,0.871,0.87,2.242,2.242,0.701,0.701,0.806,0.806,14.707,3627.0,11705.0,0.0,428.0,
2026-07-08 05:13:30,58.0,0.000               ,725.477,200.0,1200.0,0.0,58.75,58.750              ,58.75,58.75,58.75,58.75,58.75,58.75,58.75,16.433,10.513,10.576,75.597,24.018,7.353,21.68,24.095,23.783,3050.0,3050.0,2440.0,2440.0,2300.0,2300.0,2300.0,2300.0,3050.0,0.891,0.891,2.086,2.1,0.923,0.923,1.057,1.057,15.33,3359.0,11452.0,5408.222,429.0,0.18
2026-07-08 05:13:31,59.0,0.000               ,725.477,200.0,1200.0,0.0,59.0,59.000              ,59.0,59.0,59.0,59.0,59.0,59.0,59.0,15.089,11.062,4.755,71.998,29.62,4.819,19.743,6.634,20.465,1814.286,1814.286,3175.0,3150.0,1800.0,1785.714,2400.0,2400.0,3175.0,0.711,0.711,2.86,2.852,0.994,0.998,0.817,0.817,15.046,3280.0,11463.0,0.0,430.0,
2026-07-08 05:13:32,58.0,0.000               ,685.211,200.0,1200.0,0.0,59.0,59.000              ,59.0,59.0,59.0,59.0,59.0,59.0,59.0,16.144,5.39,8.458,79.139,22.92,15.425,26.046,8.222,22.718,1771.429,1771.429,3100.0,3100.0,2066.667,2066.667,2066.667,2066.667,3100.0,0.64,0.639,2.524,2.517,1.017,1.014,0.902,0.902,15.163,3100.0,10927.0,2446.09,431.0,0.41
2026-07-08 05:13:33,59.0,0.000               ,685.211,200.0,1200.0,0.0,59.125,59.125              ,59.125,59.125,59.125,59.125,59.125,59.125,59.125,9.392,15.513,3.363,85.714,28.74,4.442,21.352,4.901,21.677,2000.0,2000.0,3000.0,2975.0,1983.333,1983.333,2380.0,2380.0,3000.0,0.626,0.626,2.9,2.936,0.975,0.977,0.749,0.749,14.91,3017.0,10895.0,0.0,432.0,
2026-07-08 05:13:34,59.0,0.000               ,685.211,200.0,1200.0,0.0,59.625,59.625              ,59.625,59.625,59.625,59.625,59.625,59.625,59.625,3.212,0.981,0.0,91.063,13.037,6.135,2.839,2.563,14.979,1800.0,1800.0,3150.0,3150.0,2100.0,2100.0,1800.0,1800.0,3150.0,0.433,0.434,3.717,3.681,0.665,0.662,0.456,0.456,15.043,3047.0,10934.0,0.0,433.0,
2026-07-08 05:13:35,60.0,0.000               ,685.211,200.0,1200.0,0.0,60.375,60.375              ,60.375,60.375,60.375,60.375,60.375,60.375,60.375,3.261,1.535,2.903,72.452,19.658,3.819,16.415,2.81,15.357,2033.333,2033.333,2440.0,2440.0,2480.0,2480.0,3400.0,3400.0,3400.0,0.165,0.165,3.148,3.143,1.012,1.019,0.867,0.867,15.01,3109.0,10944.0,0.0,434.0,
2026-07-08 05:13:36,59.0,0.000               ,681.039,200.0,1200.0,0.0,59.875,59.875              ,59.875,59.875,59.875,59.875,59.875,59.875,59.875,9.101,3.374,4.372,71.901,24.419,6.919,7.835,6.033,16.744,1914.286,1914.286,3350.0,3350.0,1914.286,1914.286,1914.286,1914.286,3350.0,0.56,0.56,2.489,2.473,0.983,0.974,0.64,0.64,15.073,3036.0,10735.0,3574.986,435.0,0.28
2026-07-08 05:13:37,58.0,0.000               ,608.77,200.0,1200.0,0.0,58.75,58.750              ,58.75,58.75,58.75,58.75,58.75,58.75,58.75,17.288,9.814,33.02,39.949,42.915,6.845,28.969,6.748,23.193,1900.0,1900.0,3325.0,3325.0,2600.0,2580.0,1842.857,1842.857,3325.0,0.756,0.756,1.702,1.702,1.16,1.16,0.863,0.863,15.341,2953.0,10201.0,1384.822,436.0,0.72
2026-07-08 05:13:38,57.0,16.000              ,608.754,200.0,1200.0,0.0,57.75,57.750              ,57.75,57.75,57.75,57.75,57.75,57.75,57.75,34.36,24.286,39.934,27.192,38.7,6.907,40.573,7.024,27.372,2280.0,2280.0,2280.0,2280.0,2850.0,2850.0,2280.0,2280.0,2850.0,0.857,0.857,1.066,1.066,0.815,0.815,0.743,0.743,14.807,2901.0,10196.0,50.22,437.0,19.91
2026-07-08 05:13:39,57.0,39.000              ,638.477,200.0,1200.0,0.0,57.5,57.500              ,57.5,57.5,57.5,57.5,57.5,57.5,57.5,37.937,12.933,42.492,22.12,33.696,5.608,31.236,13.313,24.917,2460.0,2460.0,2460.0,2460.0,2480.0,2480.0,3100.0,3100.0,3100.0,0.839,0.839,1.083,1.083,0.742,0.742,0.821,0.822,15.181,2910.0,10214.0,36.531,438.0,27.37
2026-07-08 05:13:40,57.0,51.000              ,638.477,200.0,1200.0,0.0,57.5,57.500              ,57.5,57.5,57.5,57.5,57.5,57.5,57.5,28.705,8.764,38.529,16.112,37.269,3.549,31.251,4.206,21.048,2825.0,2825.0,2260.0,2260.0,2260.0,2260.0,2850.0,2850.0,2850.0,0.758,0.758,1.024,1.024,0.836,0.836,0.723,0.725,15.002,2913.0,10180.0,19.011,439.0,52.6
2026-07-08 05:13:41,57.0,60.000              ,653.066,200.0,1200.0,0.0,57.25,57.250              ,57.25,57.25,57.25,57.25,57.25,57.25,57.25,14.133,11.498,36.598,13.303,25.068,1.334,15.779,3.571,15.16,2420.0,2300.0,2300.0,2300.0,2875.0,2875.0,1916.667,1916.667,2875.0,0.771,0.772,1.261,1.266,0.755,0.756,0.681,0.678,14.768,2921.0,10203.0,35.308,440.0,28.32
2026-07-08 05:13:42,57.0,53.000              ,653.063,200.0,1200.0,0.0,57.5,57.500              ,57.5,57.5,57.5,57.5,57.5,57.5,57.5,17.675,13.671,48.625,17.439,15.732,3.314,13.087,8.11,17.207,2480.0,2480.0,3100.0,3100.0,2480.0,2480.0,2480.0,2480.0,3100.0,0.912,0.912,1.64,1.636,0.687,0.685,0.71,0.712,15.44,2928.0,10197.0,23.053,441.0,43.38
2026-07-08 05:13:43,57.0,45.000              ,653.066,200.0,1200.0,0.0,57.5,57.500              ,57.5,57.5,57.5,57.5,57.5,57.5,57.5,15.569,13.375,50.014,18.308,19.453,3.675,17.189,5.222,17.851,2460.0,2460.0,3075.0,3075.0,2460.0,2460.0,2460.0,2460.0,3075.0,0.759,0.759,1.509,1.509,0.695,0.703,0.647,0.645,15.055,2925.0,10194.0,19.167,442.0,52.17
2026-07-08 05:13:44,57.0,50.000              ,653.008,200.0,1200.0,0.0,57.375,57.375              ,57.375,57.375,57.375,57.375,57.375,57.375,57.375,17.755,13.562,44.076,16.503,17.911,5.373,37.346,6.745,19.909,2360.0,2360.0,2950.0,2950.0,2360.0,2360.0,2120.0,2120.0,2950.0,0.705,0.705,1.125,1.125,0.61,0.603,0.811,0.811,14.969,2925.0,10193.0,17.046,443.0,58.66
2026-07-08 05:13:45,57.0,55.000              ,653.023,200.0,1200.0,0.0,57.375,57.375              ,57.375,57.375,57.375,57.375,57.375,57.375,57.375,19.171,11.464,41.882,12.293,23.137,4.666,42.214,1.939,19.596,2360.0,2360.0,2360.0,2360.0,2360.0,2360.0,2950.0,2950.0,2950.0,0.724,0.724,1.064,1.064,0.732,0.732,0.855,0.855,15.1,2924.0,10193.0,17.27,444.0,57.9
2026-07-08 05:13:46,57.0,59.000              ,653.027,200.0,1200.0,0.0,57.125,57.125              ,57.125,57.125,57.125,57.125,57.125,57.125,57.125,12.603,5.813,14.81,10.784,32.874,4.493,21.785,3.55,13.339,1333.333,1333.333,3000.0,3000.0,2400.0,2400.0,2400.0,2400.0,3000.0,0.424,0.424,0.561,0.561,1.004,1.004,0.552,0.552,12.586,2771.0,10020.0,17.612,445.0,56.78
2026-07-08 05:13:47,56.0,30.000              ,653.027,200.0,1200.0,0.0,56.875,56.875              ,56.875,56.875,56.875,56.875,56.875,56.875,56.875,7.612,0.526,21.524,7.487,3.702,4.151,2.196,0.991,6.024,2650.0,2650.0,2650.0,2650.0,2650.0,2650.0,2650.0,2650.0,2650.0,0.266,0.269,1.011,1.011,0.417,0.417,0.097,0.097,11.026,2679.0,9280.0,0.0,446.0,
2026-07-08 05:13:48,57.0,0.000               ,531.539,200.0,1200.0,0.0,57.75,57.750              ,57.75,57.75,57.75,57.75,57.75,57.75,57.75,34.931,14.945,45.234,32.343,41.352,19.359,29.899,19.758,29.728,2800.0,2800.0,3500.0,3500.0,2800.0,2800.0,2333.333,2333.333,3500.0,1.351,1.348,2.506,2.506,1.694,1.694,1.277,1.277,17.358,2616.0,8558.0,0.0,447.0,
