08-07-2026 04:44:29,GPU temperature,GPU usage,Memory usage,Core clock,Memory clock,Fan tachometer,CPU1 temperature,CPU2 temperature,CPU3 temperature,CPU4 temperature,CPU5 temperature,CPU6 temperature,CPU7 temperature,CPU8 temperature,CPU temperature,CPU1 usage,CPU2 usage,CPU3 usage,CPU4 usage,CPU5 usage,CPU6 usage,CPU7 usage,CPU8 usage,CPU usage,CPU1 clock,CPU2 clock,CPU3 clock,CPU4 clock,CPU5 clock,CPU6 clock,CPU7 clock,CPU8 clock,CPU clock,CPU1 power,CPU2 power,CPU3 power,CPU4 power,CPU5 power,CPU6 power,CPU7 power,CPU8 power,CPU power,RAM usage,Commit charge,frametime,elapsed,fps
2026-07-08 04:44:29,0.0,°C                  ,0.0,100.0,10.0,,,,,,,,,,,,,,,,,,,,,,,,,,,,,,,,,,,,,,,,,0.0,
2026-07-08 04:44:29,1.0,%                   ,0.0,100.0,10.0,,,,,,,,,,,,,,,,,,,,,,,,,,,,,,,,,,,,,,,,,0.0,
2026-07-08 04:44:29,2.0,MB                  ,0.0,8192.0,10.0,,,,,,,,,,,,,,,,,,,,,,,,,,,,,,,,,,,,,,,,,0.0,
2026-07-08 04:44:29,3.0,MHz                 ,0.0,2500.0,10.0,,,,,,,,,,,,,,,,,,,,,,,,,,,,,,,,,,,,,,,,,0.0,
2026-07-08 04:44:29,4.0,MHz                 ,0.0,7500.0,10.0,,,,,,,,,,,,,,,,,,,,,,,,,,,,,,,,,,,,,,,,,0.0,
2026-07-08 04:44:29,5.0,RPM                 ,0.0,10000.0,10.0,,,,,,,,,,,,,,,,,,,,,,,,,,,,,,,,,,,,,,,,,0.0,
2026-07-08 04:44:29,6.0,°C                  ,0.0,100.0,10.0,,,,,,,,,,,,,,,,,,,,,,,,,,,,,,,,,,,,,,,,,0.0,
2026-07-08 04:44:29,7.0,°C                  ,0.0,100.0,10.0,,,,,,,,,,,,,,,,,,,,,,,,,,,,,,,,,,,,,,,,,0.0,
2026-07-08 04:44:29,8.0,°C                  ,0.0,100.0,10.0,,,,,,,,,,,,,,,,,,,,,,,,,,,,,,,,,,,,,,,,,0.0,
2026-07-08 04:44:29,9.0,°C                  ,0.0,100.0,10.0,,,,,,,,,,,,,,,,,,,,,,,,,,,,,,,,,,,,,,,,,0.0,
2026-07-08 04:44:29,10.0,°C                  ,0.0,100.0,10.0,,,,,,,,,,,,,,,,,,,,,,,,,,,,,,,,,,,,,,,,,0.0,
2026-07-08 04:44:29,11.0,°C                  ,0.0,100.0,10.0,,,,,,,,,,,,,,,,,,,,,,,,,,,,,,,,,,,,,,,,,0.0,
2026-07-08 04:44:29,12.0,°C                  ,0.0,100.0,10.0,,,,,,,,,,,,,,,,,,,,,,,,,,,,,,,,,,,,,,,,,0.0,
2026-07-08 04:44:29,13.0,°C                  ,0.0,100.0,10.0,,,,,,,,,,,,,,,,,,,,,,,,,,,,,,,,,,,,,,,,,0.0,
2026-07-08 04:44:29,14.0,°C                  ,0.0,100.0,10.0,,,,,,,,,,,,,,,,,,,,,,,,,,,,,,,,,,,,,,,,,0.0,
2026-07-08 04:44:29,15.0,%                   ,0.0,100.0,10.0,,,,,,,,,,,,,,,,,,,,,,,,,,,,,,,,,,,,,,,,,0.0,
2026-07-08 04:44:29,16.0,%                   ,0.0,100.0,10.0,,,,,,,,,,,,,,,,,,,,,,,,,,,,,,,,,,,,,,,,,0.0,
2026-07-08 04:44:29,17.0,%                   ,0.0,100.0,10.0,,,,,,,,,,,,,,,,,,,,,,,,,,,,,,,,,,,,,,,,,0.0,
2026-07-08 04:44:29,18.0,%                   ,0.0,100.0,10.0,,,,,,,,,,,,,,,,,,,,,,,,,,,,,,,,,,,,,,,,,0.0,
2026-07-08 04:44:29,19.0,%                   ,0.0,100.0,10.0,,,,,,,,,,,,,,,,,,,,,,,,,,,,,,,,,,,,,,,,,0.0,
2026-07-08 04:44:29,20.0,%                   ,0.0,100.0,10.0,,,,,,,,,,,,,,,,,,,,,,,,,,,,,,,,,,,,,,,,,0.0,
2026-07-08 04:44:29,21.0,%                   ,0.0,100.0,10.0,,,,,,,,,,,,,,,,,,,,,,,,,,,,,,,,,,,,,,,,,0.0,
2026-07-08 04:44:29,22.0,%                   ,0.0,100.0,10.0,,,,,,,,,,,,,,,,,,,,,,,,,,,,,,,,,,,,,,,,,0.0,
2026-07-08 04:44:29,23.0,%                   ,0.0,100.0,10.0,,,,,,,,,,,,,,,,,,,,,,,,,,,,,,,,,,,,,,,,,0.0,
2026-07-08 04:44:29,24.0,MHz                 ,0.0,5000.0,10.0,,,,,,,,,,,,,,,,,,,,,,,,,,,,,,,,,,,,,,,,,0.0,
2026-07-08 04:44:29,25.0,MHz                 ,0.0,5000.0,10.0,,,,,,,,,,,,,,,,,,,,,,,,,,,,,,,,,,,,,,,,,0.0,
2026-07-08 04:44:29,26.0,MHz                 ,0.0,5000.0,10.0,,,,,,,,,,,,,,,,,,,,,,,,,,,,,,,,,,,,,,,,,0.0,
2026-07-08 04:44:29,27.0,MHz                 ,0.0,5000.0,10.0,,,,,,,,,,,,,,,,,,,,,,,,,,,,,,,,,,,,,,,,,0.0,
2026-07-08 04:44:29,28.0,MHz                 ,0.0,5000.0,10.0,,,,,,,,,,,,,,,,,,,,,,,,,,,,,,,,,,,,,,,,,0.0,
2026-07-08 04:44:29,29.0,MHz                 ,0.0,5000.0,10.0,,,,,,,,,,,,,,,,,,,,,,,,,,,,,,,,,,,,,,,,,0.0,
2026-07-08 04:44:29,30.0,MHz                 ,0.0,5000.0,10.0,,,,,,,,,,,,,,,,,,,,,,,,,,,,,,,,,,,,,,,,,0.0,
2026-07-08 04:44:29,31.0,MHz                 ,0.0,5000.0,10.0,,,,,,,,,,,,,,,,,,,,,,,,,,,,,,,,,,,,,,,,,0.0,
2026-07-08 04:44:29,32.0,MHz                 ,0.0,5000.0,10.0,,,,,,,,,,,,,,,,,,,,,,,,,,,,,,,,,,,,,,,,,0.0,
2026-07-08 04:44:29,33.0,W                   ,0.0,200.0,10.0,,,%.1f                ,,,,,,,,,,,,,,,,,,,,,,,,,,,,,,,,,,,,,,0.0,
2026-07-08 04:44:29,34.0,W                   ,0.0,200.0,10.0,,,%.1f                ,,,,,,,,,,,,,,,,,,,,,,,,,,,,,,,,,,,,,,0.0,
2026-07-08 04:44:29,35.0,W                   ,0.0,200.0,10.0,,,%.1f                ,,,,,,,,,,,,,,,,,,,,,,,,,,,,,,,,,,,,,,0.0,
2026-07-08 04:44:29,36.0,W                   ,0.0,200.0,10.0,,,%.1f                ,,,,,,,,,,,,,,,,,,,,,,,,,,,,,,,,,,,,,,0.0,
2026-07-08 04:44:29,37.0,W                   ,0.0,200.0,10.0,,,%.1f                ,,,,,,,,,,,,,,,,,,,,,,,,,,,,,,,,,,,,,,0.0,
2026-07-08 04:44:29,38.0,W                   ,0.0,200.0,10.0,,,%.1f                ,,,,,,,,,,,,,,,,,,,,,,,,,,,,,,,,,,,,,,0.0,
2026-07-08 04:44:29,39.0,W                   ,0.0,200.0,10.0,,,%.1f                ,,,,,,,,,,,,,,,,,,,,,,,,,,,,,,,,,,,,,,0.0,
2026-07-08 04:44:29,40.0,W                   ,0.0,200.0,10.0,,,%.1f                ,,,,,,,,,,,,,,,,,,,,,,,,,,,,,,,,,,,,,,0.0,
2026-07-08 04:44:29,41.0,W                   ,0.0,200.0,10.0,,,%.1f                ,,,,,,,,,,,,,,,,,,,,,,,,,,,,,,,,,,,,,,0.0,
2026-07-08 04:44:29,42.0,MB                  ,0.0,16384.0,10.0,,,,,,,,,,,,,,,,,,,,,,,,,,,,,,,,,,,,,,,,,0.0,
2026-07-08 04:44:29,43.0,MB                  ,0.0,16384.0,10.0,,,,,,,,,,,,,,,,,,,,,,,,,,,,,,,,,,,,,,,,,0.0,
2026-07-08 04:44:29,44.0,ms                  ,0.0,50.0,10.0,,,%.1f                ,,,,,,,,,,,,,,,,,,,,,,,,,,,,,,,,,,,,,,0.0,
2026-07-08 04:44:29,56.0,7.000               ,758.391,200.0,1200.0,0.0,56.375,56.375              ,56.375,56.375,56.375,56.375,56.375,56.375,56.375,45.6,35.71,51.849,35.432,44.403,31.094,40.103,29.99,39.273,2233.333,2233.333,2233.333,2233.333,3350.0,3350.0,2233.333,2233.333,3350.0,1.369,1.366,1.63,1.608,1.322,1.322,1.119,1.119,15.648,3937.0,12143.0,,0.0,
2026-07-08 04:44:30,55.0,15.000              ,758.391,200.0,1200.0,0.0,55.5,55.500              ,55.5,55.5,55.5,55.5,55.5,55.5,55.5,14.884,9.976,19.634,11.829,18.499,13.276,11.564,9.62,13.66,2650.0,2650.0,2120.0,2120.0,2650.0,2650.0,2650.0,2650.0,2650.0,0.594,0.594,0.95,0.962,0.783,0.775,0.5,0.5,12.037,3933.0,12146.0,,1.0,
2026-07-08 04:44:31,56.0,8.000               ,763.586,200.0,1200.0,0.0,56.0,56.000              ,56.0,56.0,56.0,56.0,56.0,56.0,56.0,60.746,42.821,69.729,58.194,69.239,48.669,67.96,45.261,57.827,2460.0,2460.0,2460.0,3500.0,2333.333,2333.333,2800.0,2800.0,3500.0,1.467,1.454,2.022,2.022,1.689,1.689,1.554,1.55,17.543,4011.0,12255.0,,2.0,
2026-07-08 04:44:32,56.0,2.000               ,764.281,200.0,1200.0,0.0,56.0,56.000              ,56.0,56.0,56.0,56.0,56.0,56.0,56.0,86.293,85.268,87.837,87.981,88.222,79.961,86.883,91.078,86.69,2020.0,2020.0,2020.0,2020.0,2020.0,2020.0,2020.0,2020.0,2020.0,1.165,1.175,1.296,1.298,1.214,1.215,1.335,1.336,15.312,4070.0,12296.0,,3.0,
2026-07-08 04:44:33,56.0,2.000               ,762.926,200.0,1200.0,0.0,56.25,56.250              ,56.25,56.25,56.25,56.25,56.25,56.25,56.25,54.835,43.03,83.354,49.925,55.713,49.747,55.157,46.766,54.816,2080.0,2080.0,1733.333,1733.333,2080.0,2080.0,1733.333,1733.333,2080.0,1.055,1.053,1.581,1.578,1.116,1.114,1.133,1.133,14.75,4096.0,12303.0,,4.0,
2026-07-08 04:44:34,56.0,0.000               ,766.684,200.0,1200.0,0.0,56.25,56.250              ,56.25,56.25,56.25,56.25,56.25,56.25,56.25,32.844,16.758,23.718,43.571,64.304,19.053,49.16,20.712,33.765,2700.0,2700.0,2160.0,2160.0,2160.0,2160.0,2160.0,2160.0,2700.0,0.922,0.922,1.15,1.15,1.537,1.537,1.357,1.38,14.612,4160.0,12357.0,,5.0,
2026-07-08 04:44:35,56.0,0.000               ,766.684,200.0,1200.0,0.0,56.75,56.750              ,56.75,56.75,56.75,56.75,56.75,56.75,56.75,4.267,5.029,6.142,60.094,19.173,3.501,19.827,6.772,15.6,1687.5,1687.5,1928.571,1928.571,1928.571,1928.571,3375.0,3375.0,3375.0,0.528,0.528,2.238,2.238,1.035,1.038,1.083,1.058,15.39,4556.0,12738.0,,6.0,
2026-07-08 04:44:36,56.0,0.000               ,766.684,200.0,1200.0,0.0,56.875,56.875              ,56.875,56.875,56.875,56.875,56.875,56.875,56.875,12.042,7.674,4.766,59.101,37.879,3.308,16.5,5.05,18.29,2120.0,2120.0,2650.0,2650.0,2650.0,2650.0,2650.0,2650.0,2650.0,0.692,0.692,2.104,2.104,1.419,1.416,0.562,0.562,15.265,4760.0,12977.0,,7.0,
2026-07-08 04:44:37,58.0,0.000               ,766.684,200.0,1200.0,0.0,58.25,58.250              ,58.25,58.25,58.25,58.25,58.25,58.25,58.25,5.825,5.628,1.906,96.898,37.981,1.946,7.256,2.894,20.042,1612.5,1612.5,3225.0,3350.0,1675.0,1675.0,1488.889,1488.889,3350.0,0.49,0.49,3.308,3.321,0.874,0.874,0.48,0.48,14.973,4764.0,12987.0,,8.0,
2026-07-08 04:44:38,58.0,0.000               ,766.684,200.0,1200.0,0.0,58.0,58.000              ,58.0,58.0,58.0,58.0,58.0,58.0,58.0,4.912,5.704,4.227,58.079,59.255,4.707,16.237,3.748,19.609,1587.5,1587.5,3150.0,3150.0,2083.333,2083.333,1562.5,1562.5,3150.0,0.512,0.512,1.895,1.881,1.751,1.753,1.096,1.096,15.344,4859.0,13080.0,,9.0,
2026-07-08 04:44:39,57.0,0.000               ,766.684,200.0,1200.0,0.0,57.875,57.875              ,57.875,57.875,57.875,57.875,57.875,57.875,57.875,10.797,6.463,8.699,62.085,49.396,4.139,43.762,9.27,24.326,2100.0,2100.0,3150.0,3100.0,3000.0,3000.0,2400.0,2400.0,3150.0,0.562,0.562,1.917,1.925,1.588,1.586,1.193,1.193,15.175,4911.0,13132.0,,10.0,
2026-07-08 04:44:40,57.0,0.000               ,757.98,200.0,1200.0,0.0,57.0,57.000              ,57.0,57.0,57.0,57.0,57.0,57.0,57.0,14.439,11.664,16.525,51.915,29.012,9.513,26.276,8.314,20.957,2420.0,2420.0,2420.0,2420.0,3025.0,3025.0,2420.0,2420.0,3025.0,0.787,0.787,2.071,2.032,1.095,1.138,0.853,0.856,15.305,5150.0,13205.0,,11.0,
2026-07-08 04:44:41,56.0,4.000               ,763.563,200.0,1200.0,0.0,56.75,56.750              ,56.75,56.75,56.75,56.75,56.75,56.75,56.75,25.994,17.758,75.669,14.098,72.838,18.108,32.464,49.15,38.26,1980.0,1980.0,2550.0,2550.0,2080.0,2080.0,2600.0,2600.0,2600.0,0.682,0.682,1.528,1.565,1.476,1.43,1.212,1.21,15.046,5035.0,13371.0,0.0,12.0,
2026-07-08 04:44:42,56.0,4.000               ,801.25,200.0,1200.0,0.0,56.5,56.500              ,56.5,56.5,56.5,56.5,56.5,56.5,56.5,33.619,18.966,23.979,80.004,51.839,24.721,42.095,18.953,36.772,2240.0,2240.0,2800.0,2800.0,1866.667,1866.667,1866.667,1866.667,2800.0,0.833,0.834,1.796,1.787,1.144,1.162,0.912,0.914,15.111,5159.0,13522.0,0.0,13.0,
2026-07-08 04:44:43,57.0,1.000               ,805.293,200.0,1200.0,0.0,57.5,57.500              ,57.5,57.5,57.5,57.5,57.5,57.5,57.5,7.614,7.261,5.093,91.517,18.208,7.764,18.689,6.153,20.288,1685.714,1685.714,2950.0,2950.0,1685.714,1685.714,1966.667,1966.667,2950.0,0.49,0.49,3.007,2.978,0.817,0.817,0.532,0.53,14.888,5235.0,13599.0,0.0,14.0,
2026-07-08 04:44:44,57.0,1.000               ,812.52,200.0,1200.0,0.0,57.5,57.500              ,57.5,57.5,57.5,57.5,57.5,57.5,57.5,7.395,5.005,10.208,65.013,37.655,3.615,23.661,3.657,19.526,1828.571,1828.571,3200.0,3200.0,2133.333,2133.333,2133.333,2133.333,3200.0,0.536,0.536,2.16,2.175,1.077,1.077,1.11,1.11,15.251,5321.0,13657.0,0.0,15.0,
2026-07-08 04:44:45,56.0,0.000               ,839.188,200.0,1200.0,0.0,56.75,56.750              ,56.75,56.75,56.75,56.75,56.75,56.75,56.75,29.82,40.974,37.637,40.892,67.293,22.804,57.767,16.641,39.228,2260.0,2260.0,2260.0,2260.0,3150.0,3150.0,1800.0,1800.0,3150.0,1.003,1.003,1.253,1.255,1.354,1.357,1.172,1.176,15.722,4940.0,13726.0,0.0,16.0,
2026-07-08 04:44:46,56.0,24.000              ,849.953,200.0,1200.0,0.0,56.0,56.000              ,56.0,56.0,56.0,56.0,56.0,56.0,56.0,33.35,22.165,52.822,30.928,28.491,21.741,71.636,15.361,34.562,1920.0,1920.0,2400.0,2400.0,1920.0,1920.0,2400.0,2400.0,2400.0,0.703,0.704,0.929,0.928,0.719,0.716,1.612,1.608,14.861,4955.0,13787.0,17.129,17.0,58.38
2026-07-08 04:44:47,55.0,46.000              ,858.246,200.0,1200.0,0.0,55.875,55.875              ,55.875,55.875,55.875,55.875,55.875,55.875,55.875,40.466,19.06,63.818,22.951,72.059,9.148,45.968,9.648,35.39,2040.0,2040.0,2525.0,2525.0,2020.0,2020.0,2020.0,2020.0,2525.0,0.687,0.696,1.047,1.047,1.594,1.596,0.934,0.937,15.251,4969.0,13816.0,39.538,18.0,25.29
2026-07-08 04:44:48,56.0,51.000              ,881.254,200.0,1200.0,0.0,56.0,56.000              ,56.0,56.0,56.0,56.0,56.0,56.0,56.0,57.289,27.261,49.596,23.008,33.688,6.746,19.668,44.672,32.741,2275.0,2275.0,2275.0,2275.0,1820.0,1820.0,1820.0,1820.0,2275.0,1.253,1.25,0.769,0.769,0.532,0.53,0.967,0.969,14.86,4972.0,13832.0,24.528,19.0,40.77
2026-07-08 04:44:49,56.0,59.000              ,901.48,200.0,1200.0,0.0,56.0,56.000              ,56.0,56.0,56.0,56.0,56.0,56.0,56.0,40.464,27.307,73.886,19.096,36.518,10.333,34.035,21.419,32.882,1940.0,1940.0,2425.0,2425.0,1940.0,1940.0,1940.0,1940.0,2425.0,0.865,0.865,1.455,1.457,0.648,0.647,0.849,0.845,15.026,4976.0,13863.0,35.525,20.0,28.15
2026-07-08 04:44:50,55.0,58.000              ,901.48,200.0,1200.0,0.0,55.875,55.875              ,55.875,55.875,55.875,55.875,55.875,55.875,55.875,32.698,32.136,56.058,45.803,41.785,13.373,68.274,9.893,37.502,2000.0,2000.0,2500.0,2500.0,2000.0,2000.0,2000.0,2000.0,2500.0,0.935,0.935,1.139,1.146,0.83,0.83,1.474,1.478,15.07,4985.0,13862.0,17.912,21.0,55.83
2026-07-08 04:44:51,56.0,54.000              ,894.688,200.0,1200.0,0.0,56.0,56.000              ,56.0,56.0,56.0,56.0,56.0,56.0,56.0,63.855,55.596,55.174,42.959,56.865,55.324,71.005,39.578,55.044,2550.0,2550.0,2040.0,2040.0,2040.0,2040.0,2040.0,2040.0,2550.0,1.16,1.16,0.864,0.843,1.096,1.095,0.984,0.984,15.496,4974.0,13805.0,29.634,22.0,33.75
2026-07-08 04:44:52,56.0,52.000              ,894.688,200.0,1200.0,0.0,56.375,56.375              ,56.375,56.375,56.375,56.375,56.375,56.375,56.375,18.813,67.233,92.541,10.707,30.97,20.275,18.455,12.247,33.905,1816.667,1816.667,1780.0,1780.0,2225.0,2225.0,1780.0,1780.0,2225.0,1.332,1.335,1.768,1.797,0.761,0.756,0.557,0.548,14.328,4990.0,13823.0,22.958,23.0,43.56
2026-07-08 04:44:53,56.0,26.000              ,893.047,200.0,1200.0,0.0,56.375,56.375              ,56.375,56.375,56.375,56.375,56.375,56.375,56.375,29.884,64.444,58.149,28.436,41.719,8.963,40.618,8.132,35.043,2850.0,2850.0,2280.0,2280.0,1900.0,1900.0,1900.0,1900.0,2850.0,1.337,1.334,1.104,1.1,0.755,0.755,0.662,0.673,15.601,5000.0,13825.0,1095.669,24.0,0.91
2026-07-08 04:44:54,56.0,30.000              ,893.086,200.0,1200.0,0.0,56.0,56.000              ,56.0,56.0,56.0,56.0,56.0,56.0,56.0,40.774,36.745,40.826,27.923,46.629,8.647,33.768,8.291,30.45,1880.0,1880.0,2350.0,2350.0,1880.0,1880.0,1880.0,1880.0,2350.0,0.984,0.983,0.847,0.847,0.773,0.773,0.626,0.626,14.743,5004.0,13819.0,18.436,25.0,54.24
2026-07-08 04:44:55,56.0,62.000              ,861.984,200.0,1200.0,0.0,56.125,56.125              ,56.125,56.125,56.125,56.125,56.125,56.125,56.125,45.287,33.135,49.97,40.236,62.323,26.142,38.634,22.14,39.733,2120.0,2120.0,2650.0,2650.0,2675.0,2675.0,2140.0,2140.0,2675.0,0.956,0.956,1.186,1.186,1.062,1.062,0.82,0.82,15.563,5052.0,13873.0,101.304,26.0,9.87
2026-07-08 04:44:56,55.0,60.000              ,854.895,200.0,1200.0,0.0,55.875,55.875              ,55.875,55.875,55.875,55.875,55.875,55.875,55.875,23.755,22.48,55.519,22.907,26.151,13.11,30.198,10.71,25.604,2080.0,2080.0,1733.333,1733.333,1733.333,1733.333,1733.333,1733.333,2080.0,0.657,0.657,1.117,1.117,0.597,0.599,0.631,0.631,14.391,5059.0,13868.0,17.362,27.0,57.6
2026-07-08 04:44:57,56.0,56.000              ,854.898,200.0,1200.0,0.0,56.0,56.000              ,56.0,56.0,56.0,56.0,56.0,56.0,56.0,55.757,47.741,64.545,52.181,69.675,43.731,59.048,43.794,54.559,2650.0,2650.0,2650.0,2650.0,2650.0,2650.0,2650.0,2650.0,2650.0,0.944,0.944,1.276,1.276,1.116,1.116,0.923,0.923,15.865,5139.0,14062.0,27.734,28.0,36.06
2026-07-08 04:44:58,56.0,57.000              ,854.898,200.0,1200.0,0.0,56.0,56.000              ,56.0,56.0,56.0,56.0,56.0,56.0,56.0,66.524,46.797,67.513,66.275,67.26,46.019,74.438,62.458,62.161,1466.667,1466.667,1466.667,1760.0,1760.0,1760.0,1760.0,1760.0,1760.0,0.739,0.739,0.841,0.843,0.818,0.82,0.997,0.997,15.08,5232.0,14125.0,25.673,29.0,38.95
2026-07-08 04:44:59,56.0,57.000              ,854.895,200.0,1200.0,0.0,56.0,56.000              ,56.0,56.0,56.0,56.0,56.0,56.0,56.0,59.044,40.512,76.53,63.933,58.949,55.252,65.778,58.814,59.852,1616.667,1616.667,1940.0,1960.0,1633.333,1633.333,1633.333,1633.333,1960.0,0.696,0.696,0.959,0.957,0.809,0.823,0.891,0.891,14.996,5309.0,14195.0,26.36,30.0,37.94
2026-07-08 04:45:00,56.0,60.000              ,834.352,200.0,1200.0,0.0,56.0,56.000              ,56.0,56.0,56.0,56.0,56.0,56.0,56.0,66.646,52.08,73.795,68.119,73.915,65.497,73.964,62.827,67.105,1500.0,1500.0,1800.0,1800.0,1800.0,1800.0,1800.0,1800.0,1800.0,0.704,0.693,0.856,0.857,0.848,0.832,0.803,0.803,15.202,5315.0,14236.0,23.405,31.0,42.73
2026-07-08 04:45:01,56.0,66.000              ,834.352,200.0,1200.0,0.0,56.0,56.000              ,56.0,56.0,56.0,56.0,56.0,56.0,56.0,55.344,46.45,66.881,64.371,49.923,55.871,57.963,60.678,57.185,1566.667,1566.667,1566.667,1566.667,1566.667,1566.667,1880.0,1880.0,1880.0,0.723,0.735,0.923,0.922,0.751,0.751,0.889,0.889,14.714,5300.0,14204.0,18.328,32.0,54.56
2026-07-08 04:45:02,56.0,66.000              ,834.348,200.0,1200.0,0.0,56.0,56.000              ,56.0,56.0,56.0,56.0,56.0,56.0,56.0,53.354,27.053,67.033,47.477,70.028,29.417,69.267,24.975,48.575,1700.0,1700.0,2040.0,2040.0,1700.0,1700.0,1700.0,1700.0,2040.0,0.716,0.716,0.947,0.947,0.894,0.892,0.88,0.886,15.117,5345.0,14252.0,17.691,33.0,56.53
2026-07-08 04:45:03,56.0,64.000              ,834.352,200.0,1200.0,0.0,56.0,56.000              ,56.0,56.0,56.0,56.0,56.0,56.0,56.0,57.162,39.904,69.32,59.457,59.041,47.58,74.217,41.115,55.975,1750.0,1750.0,1750.0,1750.0,2100.0,2120.0,1766.667,1766.667,2120.0,0.759,0.759,0.907,0.913,0.849,0.85,0.925,0.918,15.119,5330.0,14225.0,17.85,34.0,56.02
2026-07-08 04:45:04,56.0,63.000              ,834.352,200.0,1200.0,0.0,56.0,56.000              ,56.0,56.0,56.0,56.0,56.0,56.0,56.0,63.742,37.038,65.996,62.307,64.043,39.105,51.7,60.097,55.504,1666.667,1666.667,1980.0,1980.0,1650.0,1650.0,1650.0,1650.0,1980.0,0.78,0.78,0.918,0.915,0.853,0.852,0.964,0.964,15.023,5338.0,14212.0,17.57,35.0,56.92
2026-07-08 04:45:05,56.0,64.000              ,833.91,200.0,1200.0,0.0,56.0,56.000              ,56.0,56.0,56.0,56.0,56.0,56.0,56.0,47.508,28.75,78.208,48.594,56.651,43.262,54.175,35.153,49.037,1700.0,1700.0,2040.0,2040.0,1700.0,1700.0,1700.0,1700.0,2040.0,0.684,0.685,1.031,1.027,0.855,0.855,0.817,0.817,14.945,5386.0,14281.0,17.814,36.0,56.14
2026-07-08 04:45:06,56.0,63.000              ,833.914,200.0,1200.0,0.0,56.0,56.000              ,56.0,56.0,56.0,56.0,56.0,56.0,56.0,38.879,28.066,63.179,57.516,56.676,37.58,46.403,74.425,50.341,1700.0,1700.0,2040.0,2040.0,1700.0,1700.0,2040.0,2040.0,2040.0,0.61,0.609,0.888,0.888,0.841,0.841,1.118,1.108,14.953,5482.0,14388.0,17.43,37.0,57.37
2026-07-08 04:45:07,56.0,62.000              ,833.914,200.0,1200.0,0.0,56.0,56.000              ,56.0,56.0,56.0,56.0,56.0,56.0,56.0,71.666,55.82,75.05,78.067,73.56,59.1,69.33,72.002,69.324,1683.333,1683.333,2020.0,2020.0,1683.333,1683.333,2020.0,2000.0,2020.0,0.769,0.762,0.964,0.964,0.859,0.86,0.933,0.932,15.154,5434.0,14456.0,18.599,38.0,53.77
2026-07-08 04:45:08,56.0,63.000              ,833.91,200.0,1200.0,0.0,56.0,56.000              ,56.0,56.0,56.0,56.0,56.0,56.0,56.0,65.454,51.917,74.984,62.903,64.325,66.806,71.161,52.168,63.715,1683.333,1683.333,1683.333,1683.333,1683.333,1683.333,2020.0,2020.0,2020.0,0.721,0.728,0.842,0.842,0.856,0.839,0.712,0.711,14.818,5435.0,14469.0,18.081,39.0,55.31
2026-07-08 04:45:09,56.0,64.000              ,833.914,200.0,1200.0,0.0,56.0,56.000              ,56.0,56.0,56.0,56.0,56.0,56.0,56.0,53.541,34.758,67.73,57.644,51.014,49.7,56.24,51.479,52.763,1716.667,1716.667,1716.667,1716.667,2060.0,2060.0,1716.667,1716.667,2060.0,0.692,0.693,0.94,0.94,0.777,0.789,0.785,0.789,15.019,5446.0,14485.0,18.207,40.0,54.92
2026-07-08 04:45:10,56.0,64.000              ,833.914,200.0,1200.0,0.0,56.0,56.000              ,56.0,56.0,56.0,56.0,56.0,56.0,56.0,55.539,41.298,60.082,62.605,59.484,42.274,63.435,43.596,53.539,1766.667,1766.667,2120.0,2120.0,1766.667,1766.667,2120.0,2120.0,2120.0,0.739,0.738,0.89,0.894,0.808,0.808,0.806,0.805,14.922,5221.0,14251.0,19.829,41.0,50.43
2026-07-08 04:45:11,56.0,64.000              ,833.91,200.0,1200.0,0.0,56.0,56.000              ,56.0,56.0,56.0,56.0,56.0,56.0,56.0,45.196,31.411,65.953,57.994,60.735,36.755,47.877,61.685,50.951,1766.667,1766.667,2120.0,2120.0,1783.333,1783.333,2140.0,2140.0,2140.0,0.667,0.667,1.031,1.033,0.915,0.915,0.996,0.984,15.106,5304.0,14345.0,19.464,42.0,51.38
2026-07-08 04:45:12,56.0,63.000              ,833.914,200.0,1200.0,0.0,56.0,56.000              ,56.0,56.0,56.0,56.0,56.0,56.0,56.0,44.288,27.846,57.025,57.63,52.094,45.736,48.087,51.129,47.979,1780.0,1780.0,1780.0,1780.0,1780.0,1780.0,2225.0,2225.0,2225.0,0.773,0.773,1.076,1.07,1.061,1.061,1.123,1.138,15.208,5319.0,14470.0,17.678,43.0,56.57
2026-07-08 04:45:13,56.0,63.000              ,833.914,200.0,1200.0,0.0,56.0,56.000              ,56.0,56.0,56.0,56.0,56.0,56.0,56.0,43.53,27.348,70.456,64.425,52.61,40.189,69.964,37.736,50.782,1783.333,1783.333,2140.0,2140.0,1783.333,1783.333,1783.333,1783.333,2140.0,0.633,0.633,1.079,1.087,0.79,0.79,0.946,0.944,15.079,5263.0,14392.0,17.653,44.0,56.65
2026-07-08 04:45:14,56.0,64.000              ,833.91,200.0,1200.0,0.0,56.0,56.000              ,56.0,56.0,56.0,56.0,56.0,56.0,56.0,46.672,26.398,66.391,51.34,73.801,25.616,61.719,25.012,47.118,1733.333,1733.333,2080.0,2080.0,1733.333,1733.333,1733.333,1733.333,2080.0,0.739,0.739,1.049,1.044,1.039,1.039,0.925,0.925,14.735,5262.0,14399.0,17.449,45.0,57.31
2026-07-08 04:45:15,56.0,63.000              ,833.664,200.0,1200.0,0.0,56.0,56.000              ,56.0,56.0,56.0,56.0,56.0,56.0,56.0,66.114,26.841,67.051,58.288,61.898,31.261,60.465,19.027,48.868,1760.0,1760.0,2200.0,2200.0,2200.0,2200.0,1760.0,1760.0,2200.0,0.913,0.913,1.155,1.152,0.967,0.967,0.905,0.907,15.331,5295.0,14428.0,17.589,46.0,56.85
2026-07-08 04:45:16,56.0,63.000              ,833.664,200.0,1200.0,0.0,56.0,56.000              ,56.0,56.0,56.0,56.0,56.0,56.0,56.0,51.455,28.17,70.538,60.027,68.664,34.52,59.595,24.04,49.626,1816.667,1816.667,2180.0,2160.0,1800.0,1800.0,1800.0,1800.0,2180.0,0.774,0.774,1.14,1.14,0.95,0.95,0.844,0.844,14.838,5328.0,14466.0,17.669,47.0,56.6
2026-07-08 04:45:17,56.0,63.000              ,833.66,200.0,1200.0,0.0,56.0,56.000              ,56.0,56.0,56.0,56.0,56.0,56.0,56.0,56.87,33.391,68.739,53.576,59.903,42.407,68.64,39.387,52.864,1800.0,1800.0,2160.0,2160.0,1800.0,1800.0,2160.0,2160.0,2160.0,0.799,0.799,1.023,1.028,0.955,0.955,1.069,1.067,15.237,5396.0,14514.0,17.65,48.0,56.66
2026-07-08 04:45:18,56.0,62.000              ,833.664,200.0,1200.0,0.0,56.0,56.000              ,56.0,56.0,56.0,56.0,56.0,56.0,56.0,41.193,22.824,63.931,51.88,55.032,42.412,50.659,60.494,48.553,1760.0,1760.0,1760.0,1760.0,1760.0,1760.0,2200.0,2225.0,2225.0,0.647,0.647,0.963,0.955,0.922,0.922,1.088,1.088,14.782,5473.0,14594.0,17.758,49.0,56.31
2026-07-08 04:45:19,56.0,63.000              ,833.664,200.0,1200.0,0.0,56.0,56.000              ,56.0,56.0,56.0,56.0,56.0,56.0,56.0,74.87,44.544,86.249,65.793,79.395,57.021,68.305,60.178,67.045,1700.0,1700.0,2040.0,2020.0,2020.0,2020.0,1666.667,1666.667,2040.0,0.777,0.768,1.006,1.009,0.939,0.934,0.821,0.821,15.211,5524.0,14626.0,20.493,50.0,48.8
2026-07-08 04:45:20,56.0,65.000              ,833.66,200.0,1200.0,0.0,56.0,56.000              ,56.0,56.0,56.0,56.0,56.0,56.0,56.0,55.434,33.506,78.191,62.342,54.21,67.945,58.46,47.986,57.259,1700.0,1700.0,2040.0,2040.0,2040.0,2040.0,2040.0,2040.0,2040.0,0.652,0.659,0.931,0.933,0.836,0.869,0.724,0.726,15.139,5550.0,14642.0,17.784,51.0,56.23
2026-07-08 04:45:21,56.0,64.000              ,833.664,200.0,1200.0,0.0,56.0,56.000              ,56.0,56.0,56.0,56.0,56.0,56.0,56.0,56.534,53.544,65.655,63.853,68.118,57.854,69.698,46.289,60.193,1566.667,1880.0,1880.0,1880.0,1920.0,1920.0,1600.0,1600.0,1920.0,0.738,0.738,0.811,0.813,0.854,0.791,0.794,0.792,14.817,5554.0,14663.0,17.775,52.0,56.26
2026-07-08 04:45:22,56.0,62.000              ,833.664,200.0,1200.0,0.0,56.0,56.000              ,56.0,56.0,56.0,56.0,56.0,56.0,56.0,61.583,33.128,72.739,58.054,80.841,39.614,59.513,61.212,58.335,1650.0,1650.0,1650.0,1650.0,1940.0,1940.0,1920.0,1920.0,1940.0,0.677,0.677,0.828,0.814,0.854,0.867,0.799,0.799,14.956,5588.0,14667.0,17.561,53.0,56.94
2026-07-08 04:45:23,56.0,63.000              ,833.66,200.0,1200.0,0.0,56.0,56.000              ,56.0,56.0,56.0,56.0,56.0,56.0,56.0,51.815,33.878,62.593,61.981,50.601,37.794,56.689,38.988,49.292,2160.0,2160.0,1800.0,2160.0,1800.0,1800.0,1800.0,1800.0,2160.0,0.709,0.709,0.934,0.947,0.747,0.749,0.781,0.781,15.161,5594.0,14680.0,17.45,54.0,57.31
2026-07-08 04:45:24,56.0,63.000              ,833.664,200.0,1200.0,0.0,56.0,56.000              ,56.0,56.0,56.0,56.0,56.0,56.0,56.0,53.715,27.009,64.427,56.67,58.847,34.107,62.269,31.543,48.573,1733.333,1733.333,2080.0,2080.0,1733.333,1733.333,1750.0,1750.0,2080.0,0.681,0.681,0.929,0.929,0.748,0.746,0.772,0.779,15.044,5600.0,14690.0,17.721,55.0,56.43
2026-07-08 04:45:25,56.0,64.000              ,833.414,200.0,1200.0,0.0,56.0,56.000              ,56.0,56.0,56.0,56.0,56.0,56.0,56.0,48.627,26.839,68.544,54.458,51.418,44.336,54.738,32.749,47.714,1783.333,1783.333,2140.0,2140.0,1783.333,2140.0,1783.333,1783.333,2140.0,0.661,0.662,0.977,0.986,0.77,0.77,0.763,0.758,15.029,5633.0,14702.0,17.635,56.0,56.71
2026-07-08 04:45:26,56.0,64.000              ,833.41,200.0,1200.0,0.0,56.0,56.000              ,56.0,56.0,56.0,56.0,56.0,56.0,56.0,52.634,30.494,65.314,64.465,50.117,50.38,64.809,36.837,51.881,1750.0,1750.0,2100.0,2100.0,1750.0,1766.667,1766.667,1766.667,2100.0,0.688,0.688,0.957,0.935,0.761,0.765,0.819,0.817,14.943,5609.0,14732.0,18.869,57.0,53.0
2026-07-08 04:45:27,56.0,63.000              ,833.414,200.0,1200.0,0.0,56.0,56.000              ,56.0,56.0,56.0,56.0,56.0,56.0,56.0,80.081,60.046,83.323,83.453,64.313,83.638,79.046,67.338,75.155,1683.333,1683.333,2000.0,2000.0,2000.0,2000.0,1980.0,1980.0,2000.0,0.749,0.749,0.891,0.905,0.852,0.85,0.833,0.819,15.321,5377.0,14756.0,17.718,58.0,56.44
2026-07-08 04:45:28,56.0,64.000              ,833.414,200.0,1200.0,0.0,56.0,56.000              ,56.0,56.0,56.0,56.0,56.0,56.0,56.0,73.962,70.999,84.803,75.953,72.92,69.213,72.288,65.091,73.154,1633.333,1650.0,1666.667,1666.667,1428.571,1428.571,1666.667,1442.857,1666.667,0.717,0.717,0.83,0.829,0.743,0.744,0.716,0.728,14.929,5278.0,14762.0,17.919,59.0,55.81
2026-07-08 04:45:29,56.0,66.000              ,833.41,200.0,1200.0,0.0,56.0,56.000              ,56.0,56.0,56.0,56.0,56.0,56.0,56.0,67.304,56.285,78.17,74.911,72.886,51.177,70.814,66.864,67.301,1550.0,1550.0,1840.0,1840.0,1550.0,1550.0,1550.0,1550.0,1840.0,0.693,0.693,0.893,0.893,0.731,0.734,0.803,0.805,15.139,5310.0,14780.0,17.832,60.0,56.08
2026-07-08 04:45:30,56.0,66.000              ,833.414,200.0,1200.0,0.0,56.0,56.000              ,56.0,56.0,56.0,56.0,56.0,56.0,56.0,63.908,49.48,74.628,81.658,70.515,62.237,60.474,55.592,64.812,1533.333,1533.333,1840.0,1840.0,1533.333,1533.333,1566.667,1860.0,1860.0,0.681,0.679,0.925,0.925,0.768,0.763,0.711,0.71,14.836,5335.0,14811.0,17.858,61.0,56.0
2026-07-08 04:45:31,56.0,65.000              ,833.414,200.0,1200.0,0.0,56.0,56.000              ,56.0,56.0,56.0,56.0,56.0,56.0,56.0,62.83,48.526,79.011,72.122,60.957,69.252,62.254,48.432,62.923,1600.0,1600.0,1920.0,1920.0,1600.0,1920.0,1600.0,1600.0,1920.0,0.683,0.685,0.91,0.903,0.792,0.8,0.732,0.732,15.128,5371.0,14863.0,18.729,62.0,53.39
2026-07-08 04:45:32,56.0,65.000              ,833.41,200.0,1200.0,0.0,56.0,56.000              ,56.0,56.0,56.0,56.0,56.0,56.0,56.0,70.517,43.3,77.745,70.391,65.144,51.051,68.706,50.391,62.156,1650.0,1650.0,1980.0,2000.0,1666.667,1666.667,1666.667,1650.0,2000.0,0.705,0.704,0.918,0.927,0.755,0.747,0.772,0.773,14.94,5395.0,14882.0,18.41,63.0,54.32
2026-07-08 04:45:34,56.0,66.000              ,833.414,200.0,1200.0,0.0,56.0,56.000              ,56.0,56.0,56.0,56.0,56.0,56.0,56.0,64.61,59.523,86.648,67.247,69.437,60.538,70.864,72.103,68.871,1840.0,1840.0,1840.0,1840.0,1533.333,1533.333,1533.333,1820.0,1840.0,0.683,0.682,0.84,0.84,0.754,0.755,0.8,0.799,15.011,4968.0,14921.0,18.106,65.0,55.23
2026-07-08 04:45:34,56.0,65.000              ,833.414,200.0,1200.0,0.0,56.0,56.000              ,56.0,56.0,56.0,56.0,56.0,56.0,56.0,49.965,30.729,87.655,59.563,65.991,47.792,60.886,51.61,56.774,1650.0,1650.0,1980.0,1980.0,1650.0,1633.333,1940.0,1940.0,1980.0,0.617,0.617,0.861,0.859,0.747,0.746,0.725,0.725,14.79,4872.0,14931.0,17.707,65.0,56.47
2026-07-08 04:45:35,56.0,65.000              ,833.41,200.0,1200.0,0.0,56.0,56.000              ,56.0,56.0,56.0,56.0,56.0,56.0,56.0,48.919,31.645,71.731,59.908,55.993,40.051,50.266,38.61,49.64,1750.0,1750.0,2100.0,2100.0,1766.667,1766.667,1766.667,1766.667,2100.0,0.657,0.657,0.965,0.966,0.763,0.764,0.726,0.726,14.931,4885.0,14965.0,17.646,66.0,56.67
2026-07-08 04:45:36,56.0,64.000              ,833.414,200.0,1200.0,0.0,56.0,56.000              ,56.0,56.0,56.0,56.0,56.0,56.0,56.0,51.181,34.258,64.933,63.467,39.055,47.488,59.32,38.83,49.816,1750.0,1750.0,2080.0,2080.0,1733.333,1733.333,2080.0,2080.0,2080.0,0.692,0.692,0.937,0.923,0.714,0.711,0.797,0.797,15.122,4925.0,15001.0,17.688,67.0,56.54
2026-07-08 04:45:37,56.0,64.000              ,833.414,200.0,1200.0,0.0,56.0,56.000              ,56.0,56.0,56.0,56.0,56.0,56.0,56.0,36.511,23.276,69.431,59.027,44.365,39.545,58.76,52.73,47.956,1783.333,1783.333,2140.0,2140.0,1783.333,1783.333,1800.0,1800.0,2140.0,0.558,0.558,0.936,0.949,0.719,0.707,0.887,0.887,14.992,4966.0,15018.0,17.815,68.0,56.13
2026-07-08 04:45:38,56.0,66.000              ,833.41,200.0,1200.0,0.0,56.0,56.000              ,56.0,56.0,56.0,56.0,56.0,56.0,56.0,48.112,29.112,66.165,63.382,55.35,50.788,53.636,44.038,51.323,1733.333,1733.333,2080.0,2080.0,2080.0,1750.0,1733.333,1750.0,2080.0,0.655,0.655,0.907,0.907,0.784,0.796,0.786,0.787,15.101,4990.0,15050.0,17.993,69.0,55.58
2026-07-08 04:45:39,56.0,65.000              ,833.414,200.0,1200.0,0.0,56.0,56.000              ,56.0,56.0,56.0,56.0,56.0,56.0,56.0,49.088,31.434,68.841,54.727,57.223,42.234,77.469,45.865,53.36,1750.0,1750.0,1750.0,1750.0,1766.667,1766.667,2120.0,2120.0,2120.0,0.596,0.596,0.831,0.832,0.724,0.724,0.916,0.916,15.035,5045.0,15090.0,18.33,70.0,54.56
2026-07-08 04:45:40,56.0,63.000              ,833.164,200.0,1200.0,0.0,56.0,56.000              ,56.0,56.0,56.0,56.0,56.0,56.0,56.0,38.466,30.32,71.112,57.739,55.692,45.972,66.541,43.46,51.163,1716.667,1716.667,2060.0,2060.0,1716.667,1716.667,2060.0,2060.0,2060.0,0.574,0.574,0.911,0.909,0.761,0.761,0.885,0.883,15.014,5111.0,15122.0,18.474,71.0,54.13
2026-07-08 04:45:41,56.0,64.000              ,833.16,200.0,1200.0,0.0,56.0,56.000              ,56.0,56.0,56.0,56.0,56.0,56.0,56.0,46.322,27.389,70.273,62.194,53.363,43.558,57.285,34.672,49.382,1716.667,1716.667,2060.0,2040.0,1700.0,1700.0,1700.0,1700.0,2060.0,0.657,0.657,0.966,0.966,0.741,0.742,0.759,0.759,15.045,5115.0,15151.0,17.565,72.0,56.93
2026-07-08 04:45:42,56.0,65.000              ,833.164,200.0,1200.0,0.0,56.0,56.000              ,56.0,56.0,56.0,56.0,56.0,56.0,56.0,54.846,31.52,64.431,54.574,46.727,51.924,60.705,46.404,51.392,1650.0,1650.0,1980.0,1980.0,1650.0,1650.0,1650.0,1650.0,1980.0,0.651,0.651,0.861,0.861,0.761,0.757,0.816,0.816,14.96,5124.0,15162.0,18.357,73.0,54.48
2026-07-08 04:45:43,56.0,64.000              ,833.164,200.0,1200.0,0.0,56.0,56.000              ,56.0,56.0,56.0,56.0,56.0,56.0,56.0,50.83,28.898,64.867,57.506,39.959,49.192,57.351,52.175,50.097,1766.667,1750.0,2100.0,2120.0,1766.667,1766.667,2120.0,2120.0,2120.0,0.663,0.663,0.928,0.916,0.711,0.716,0.854,0.854,15.091,5134.0,15171.0,18.09,74.0,55.28
2026-07-08 04:45:44,56.0,64.000              ,833.16,200.0,1200.0,0.0,56.0,56.000              ,56.0,56.0,56.0,56.0,56.0,56.0,56.0,43.756,28.895,63.1,62.161,66.197,30.728,49.624,63.36,50.978,1766.667,1766.667,1766.667,1766.667,1766.667,1766.667,2120.0,2120.0,2120.0,0.6,0.601,0.838,0.844,0.754,0.751,0.93,0.93,15.056,5202.0,15206.0,18.166,75.0,55.05
2026-07-08 04:45:45,56.0,64.000              ,833.164,200.0,1200.0,0.0,56.0,56.000              ,56.0,56.0,56.0,56.0,56.0,56.0,56.0,54.846,34.898,67.047,60.223,62.348,42.405,53.648,41.005,52.052,1700.0,1700.0,1700.0,1700.0,1700.0,1700.0,2040.0,2040.0,2040.0,0.681,0.68,0.896,0.903,0.795,0.796,0.738,0.736,15.037,5228.0,15240.0,18.048,76.0,55.41
2026-07-08 04:45:46,56.0,64.000              ,833.164,200.0,1200.0,0.0,56.0,56.000              ,56.0,56.0,56.0,56.0,56.0,56.0,56.0,52.312,31.783,69.782,58.645,52.287,36.974,54.639,35.078,48.938,1733.333,1733.333,2080.0,2080.0,1733.333,1733.333,1716.667,1733.333,2080.0,0.679,0.679,0.923,0.923,0.736,0.735,0.718,0.72,14.987,5227.0,15246.0,17.763,77.0,56.3
2026-07-08 04:45:47,56.0,66.000              ,833.16,200.0,1200.0,0.0,56.0,56.000              ,56.0,56.0,56.0,56.0,56.0,56.0,56.0,41.396,29.149,65.354,62.715,53.202,43.924,58.963,49.834,50.567,1716.667,1716.667,2060.0,2060.0,1716.667,1716.667,1716.667,1733.333,2060.0,0.588,0.589,0.881,0.881,0.744,0.743,0.867,0.868,15.032,5243.0,15270.0,17.995,78.0,55.57
2026-07-08 04:45:48,56.0,65.000              ,833.164,200.0,1200.0,0.0,56.0,56.000              ,56.0,56.0,56.0,56.0,56.0,56.0,56.0,39.488,25.833,67.778,60.151,47.689,45.45,48.639,53.75,48.597,1783.333,1783.333,2140.0,2140.0,1783.333,1783.333,1783.333,1783.333,2140.0,0.572,0.571,0.951,0.951,0.738,0.738,0.858,0.856,14.994,5270.0,15278.0,18.7,79.0,53.48
2026-07-08 04:45:49,56.0,64.000              ,833.164,200.0,1200.0,0.0,56.0,56.000              ,56.0,56.0,56.0,56.0,56.0,56.0,56.0,52.448,30.249,68.585,51.44,53.677,44.447,63.848,38.727,50.428,1750.0,1750.0,2100.0,2100.0,1750.0,1766.667,1766.667,1766.667,2100.0,0.669,0.669,0.909,0.91,0.764,0.764,0.793,0.793,15.072,5280.0,15286.0,18.014,80.0,55.51
2026-07-08 04:45:50,56.0,64.000              ,832.902,200.0,1200.0,0.0,56.0,56.000              ,56.0,56.0,56.0,56.0,56.0,56.0,56.0,47.974,25.184,68.68,48.97,54.534,48.364,62.11,38.351,49.271,1733.333,1733.333,2100.0,2100.0,1750.0,1750.0,1750.0,1750.0,2100.0,0.617,0.617,0.91,0.909,0.797,0.797,0.805,0.807,15.09,5297.0,15310.0,18.269,81.0,54.74
2026-07-08 04:45:51,56.0,65.000              ,832.906,200.0,1200.0,0.0,56.0,56.000              ,56.0,56.0,56.0,56.0,56.0,56.0,56.0,54.063,24.185,62.184,55.597,53.055,40.411,62.112,39.06,48.833,1783.333,1783.333,2140.0,2140.0,1783.333,1783.333,1783.333,1783.333,2140.0,0.666,0.666,0.92,0.92,0.732,0.732,0.803,0.799,15.004,5294.0,15324.0,17.824,82.0,56.1
2026-07-08 04:45:52,56.0,65.000              ,832.906,200.0,1200.0,0.0,56.0,56.000              ,56.0,56.0,56.0,56.0,56.0,56.0,56.0,47.989,37.757,67.469,62.093,52.893,49.798,66.461,53.136,54.7,1650.0,1650.0,2000.0,1980.0,1650.0,1650.0,1650.0,1650.0,2000.0,0.634,0.634,0.874,0.866,0.731,0.731,0.855,0.858,15.033,5335.0,15326.0,17.873,83.0,55.95
2026-07-08 04:45:53,56.0,65.000              ,832.902,200.0,1200.0,0.0,56.0,56.000              ,56.0,56.0,56.0,56.0,56.0,56.0,56.0,44.85,29.53,72.711,59.87,56.456,31.498,69.094,36.474,50.06,1716.667,1716.667,2080.0,2080.0,1733.333,1733.333,1733.333,1733.333,2080.0,0.62,0.62,0.929,0.933,0.713,0.713,0.844,0.839,14.996,5347.0,15342.0,18.015,84.0,55.51
2026-07-08 04:45:54,56.0,64.000              ,832.906,200.0,1200.0,0.0,56.0,56.000              ,56.0,56.0,56.0,56.0,56.0,56.0,56.0,49.617,22.556,69.068,49.014,51.995,45.039,61.298,46.435,49.378,1783.333,1783.333,1783.333,1783.333,2140.0,2140.0,1783.333,1783.333,2140.0,0.612,0.612,0.839,0.843,0.784,0.781,0.87,0.875,15.031,5361.0,15363.0,17.997,85.0,55.56
2026-07-08 04:45:55,56.0,64.000              ,832.906,200.0,1200.0,0.0,56.0,56.000              ,56.0,56.0,56.0,56.0,56.0,56.0,56.0,52.684,31.902,61.799,59.341,48.553,32.642,52.983,56.102,49.501,1750.0,1750.0,2100.0,2100.0,2100.0,1766.667,1766.667,1766.667,2100.0,0.687,0.687,0.876,0.877,0.665,0.666,0.866,0.868,15.074,5386.0,15375.0,17.53,86.0,57.05
2026-07-08 04:45:56,56.0,65.000              ,832.902,200.0,1200.0,0.0,56.0,56.000              ,56.0,56.0,56.0,56.0,56.0,56.0,56.0,39.112,25.294,70.293,54.775,62.608,37.516,54.872,48.582,49.132,1783.333,1783.333,2140.0,2140.0,1800.0,1783.333,1783.333,1783.333,2140.0,0.541,0.542,0.925,0.925,0.766,0.763,0.851,0.849,15.008,5387.0,15373.0,18.243,87.0,54.82
2026-07-08 04:45:57,56.0,65.000              ,832.906,200.0,1200.0,0.0,56.0,56.000              ,56.0,56.0,56.0,56.0,56.0,56.0,56.0,46.779,30.13,64.206,55.688,51.248,39.551,57.16,47.676,49.055,1750.0,1750.0,2100.0,2120.0,1766.667,1766.667,1783.333,1783.333,2120.0,0.695,0.693,0.959,0.96,0.776,0.779,0.924,0.925,15.084,5438.0,15434.0,18.04,88.0,55.43
2026-07-08 04:45:58,56.0,66.000              ,832.906,200.0,1200.0,0.0,56.0,56.000              ,56.0,56.0,56.0,56.0,56.0,56.0,56.0,54.325,29.38,69.406,54.741,63.062,41.355,64.28,37.058,51.701,1716.667,1716.667,1716.667,1716.667,1716.667,1716.667,2060.0,2060.0,2060.0,0.664,0.664,0.897,0.894,0.815,0.815,0.8,0.799,15.184,5490.0,15541.0,17.698,89.0,56.5
2026-07-08 04:45:59,56.0,65.000              ,832.902,200.0,1200.0,0.0,56.0,56.000              ,56.0,56.0,56.0,56.0,56.0,56.0,56.0,76.703,59.436,76.736,72.612,80.464,61.835,70.278,61.354,69.927,1920.0,1920.0,1600.0,1600.0,1920.0,1960.0,1633.333,1633.333,1960.0,0.777,0.77,0.834,0.834,0.899,0.899,0.768,0.79,15.198,5441.0,15588.0,18.408,90.0,54.32
2026-07-08 04:46:00,56.0,65.000              ,832.656,200.0,1200.0,0.0,56.0,56.000              ,56.0,56.0,56.0,56.0,56.0,56.0,56.0,79.57,67.8,81.784,83.918,77.699,69.508,74.446,77.022,76.469,1483.333,1483.333,1780.0,1780.0,1483.333,1483.333,1483.333,1780.0,1780.0,0.729,0.735,0.85,0.85,0.804,0.805,0.818,0.799,15.047,5386.0,15631.0,20.316,91.0,49.22
2026-07-08 04:46:01,56.0,66.000              ,832.656,200.0,1200.0,0.0,56.0,56.000              ,56.0,56.0,56.0,56.0,56.0,56.0,56.0,72.917,68.064,78.867,83.438,77.066,68.853,79.051,82.593,76.356,1666.667,1666.667,1666.667,1666.667,1666.667,1666.667,1428.571,1666.667,1666.667,0.717,0.719,0.844,0.844,0.749,0.748,0.903,0.903,14.851,5352.0,15640.0,17.528,92.0,57.05
2026-07-08 04:46:02,56.0,65.000              ,832.652,200.0,1200.0,0.0,56.0,56.000              ,56.0,56.0,56.0,56.0,56.0,56.0,56.0,80.47,73.218,85.37,79.035,84.977,69.969,77.884,85.864,79.598,1466.667,1466.667,1760.0,1760.0,1760.0,1760.0,1760.0,1760.0,1760.0,0.747,0.747,0.851,0.851,0.821,0.822,1.001,1.001,15.143,5287.0,15650.0,17.605,93.0,56.8
2026-07-08 04:46:03,56.0,64.000              ,832.656,200.0,1200.0,0.0,56.0,56.000              ,56.0,56.0,56.0,56.0,56.0,56.0,56.0,71.568,72.516,81.343,84.069,71.645,69.884,67.348,81.845,75.027,1457.143,1457.143,1700.0,1716.667,1485.714,1466.667,1466.667,1466.667,1716.667,0.724,0.723,0.872,0.872,0.771,0.771,0.869,0.871,14.958,5189.0,15672.0,18.627,94.0,53.69
2026-07-08 04:46:04,56.0,65.000              ,832.656,200.0,1200.0,0.0,56.0,56.000              ,56.0,56.0,56.0,56.0,56.0,56.0,56.0,76.309,70.358,84.522,77.963,75.332,64.939,67.302,79.643,74.546,1483.333,1483.333,1780.0,1483.333,1483.333,1483.333,1780.0,1760.0,1780.0,0.766,0.765,0.901,0.905,0.78,0.779,0.873,0.872,14.988,5114.0,15709.0,17.932,95.0,55.77
2026-07-08 04:46:05,56.0,63.000              ,832.652,200.0,1200.0,0.0,56.0,56.000              ,56.0,56.0,56.0,56.0,56.0,56.0,56.0,68.963,57.331,76.595,72.468,67.946,63.084,78.155,59.823,68.046,1466.667,1466.667,1760.0,1760.0,1466.667,1760.0,1760.0,1760.0,1760.0,0.72,0.722,0.884,0.88,0.818,0.82,0.869,0.868,14.963,5143.0,15742.0,17.934,96.0,55.76
2026-07-08 04:46:06,56.0,61.000              ,832.656,200.0,1200.0,0.0,56.0,56.000              ,56.0,56.0,56.0,56.0,56.0,56.0,56.0,70.979,65.043,78.66,82.268,76.04,54.311,66.898,78.447,71.581,1566.667,1566.667,1880.0,1880.0,1566.667,1566.667,1566.667,1566.667,1880.0,0.748,0.748,0.956,0.956,0.791,0.79,0.883,0.883,15.097,5070.0,15776.0,17.988,97.0,55.59
2026-07-08 04:46:07,56.0,60.000              ,832.656,200.0,1200.0,0.0,56.0,56.000              ,56.0,56.0,56.0,56.0,56.0,56.0,56.0,64.058,45.664,71.687,69.856,67.962,48.411,81.479,76.245,65.67,1820.0,1820.0,1840.0,1840.0,1533.333,1533.333,1840.0,1840.0,1840.0,0.678,0.678,0.842,0.832,0.756,0.756,0.91,0.912,14.77,4888.0,15809.0,17.946,98.0,55.72
2026-07-08 04:46:08,56.0,61.000              ,832.652,200.0,1200.0,0.0,56.0,56.000              ,56.0,56.0,56.0,56.0,56.0,56.0,56.0,52.271,44.574,74.979,64.196,58.134,52.993,70.224,67.802,60.647,1750.0,1750.0,1750.0,1750.0,1750.0,1750.0,2100.0,2100.0,2100.0,0.69,0.69,0.923,0.927,0.809,0.822,1.1,1.1,15.426,5014.0,15842.0,18.75,99.0,53.33
2026-07-08 04:46:09,56.0,63.000              ,832.656,200.0,1200.0,0.0,56.0,56.000              ,56.0,56.0,56.0,56.0,56.0,56.0,56.0,43.82,35.817,70.67,60.332,40.248,53.719,53.692,68.668,53.371,1566.667,1566.667,1880.0,1900.0,1583.333,1583.333,1900.0,1900.0,1900.0,0.599,0.597,0.886,0.893,0.755,0.738,0.927,0.925,14.601,5027.0,15875.0,17.986,100.0,55.6
2026-07-08 04:46:10,56.0,63.000              ,832.406,200.0,1200.0,0.0,56.0,56.000              ,56.0,56.0,56.0,56.0,56.0,56.0,56.0,35.502,25.744,74.003,51.979,58.63,34.866,44.624,80.523,50.734,1750.0,1750.0,1750.0,1750.0,1750.0,1750.0,2100.0,2100.0,2100.0,0.551,0.55,0.903,0.903,0.815,0.817,1.138,1.138,15.015,5075.0,15920.0,17.581,101.0,56.88
2026-07-08 04:46:11,56.0,62.000              ,832.402,200.0,1200.0,0.0,56.0,56.000              ,56.0,56.0,56.0,56.0,56.0,56.0,56.0,37.1,29.165,58.71,62.076,34.578,52.248,49.519,74.466,49.733,1750.0,1750.0,1750.0,1766.667,1766.667,1766.667,2140.0,2140.0,2140.0,0.613,0.615,0.875,0.875,0.776,0.775,1.202,1.202,15.256,5126.0,15973.0,17.863,102.0,55.98
2026-07-08 04:46:12,56.0,63.000              ,832.406,200.0,1200.0,0.0,56.0,56.000              ,56.0,56.0,56.0,56.0,56.0,56.0,56.0,39.734,37.521,69.179,61.16,47.96,47.172,53.119,65.184,52.629,1683.333,1683.333,2020.0,2020.0,1683.333,1683.333,1683.333,1683.333,2020.0,0.631,0.631,0.936,0.938,0.8,0.795,0.934,0.934,14.77,5182.0,16019.0,17.978,103.0,55.62
2026-07-08 04:46:13,56.0,64.000              ,832.406,200.0,1200.0,0.0,56.0,56.000              ,56.0,56.0,56.0,56.0,56.0,56.0,56.0,50.687,36.999,73.121,55.144,52.37,55.356,63.191,57.55,55.552,1650.0,1650.0,1650.0,1650.0,1980.0,1960.0,1633.333,1940.0,1980.0,0.634,0.634,0.852,0.841,0.841,0.867,1.034,1.034,15.134,5235.0,16095.0,18.683,104.0,53.52
2026-07-08 04:46:14,56.0,63.000              ,832.402,200.0,1200.0,0.0,56.0,56.000              ,56.0,56.0,56.0,56.0,56.0,56.0,56.0,44.127,64.222,69.719,50.889,60.731,56.381,66.357,72.891,60.665,1616.667,1616.667,1616.667,1616.667,1940.0,1940.0,1940.0,1940.0,1940.0,0.68,0.68,0.736,0.737,0.811,0.784,1.022,1.022,15.024,5027.0,16158.0,17.627,105.0,56.73
2026-07-08 04:46:15,56.0,61.000              ,832.406,200.0,1200.0,0.0,56.0,56.000              ,56.0,56.0,56.0,56.0,56.0,56.0,56.0,52.295,39.49,60.845,52.394,48.716,51.779,71.529,51.071,53.515,1700.0,1700.0,2040.0,2040.0,1700.0,1700.0,2020.0,2020.0,2040.0,0.67,0.67,0.785,0.784,0.725,0.723,0.909,0.909,14.922,5071.0,16191.0,18.586,106.0,53.8
2026-07-08 04:46:16,56.0,61.000              ,832.406,200.0,1200.0,0.0,56.0,56.000              ,56.0,56.0,56.0,56.0,56.0,56.0,56.0,42.289,26.623,68.211,60.944,49.524,30.859,58.983,62.991,50.053,1800.0,1800.0,1800.0,1800.0,1800.0,1800.0,2160.0,2140.0,2160.0,0.625,0.625,0.928,0.939,0.709,0.709,0.953,0.955,15.152,5103.0,16229.0,18.335,107.0,54.54
2026-07-08 04:46:17,56.0,63.000              ,832.402,200.0,1200.0,0.0,56.0,56.000              ,56.0,56.0,56.0,56.0,56.0,56.0,56.0,37.309,25.91,52.751,56.405,45.565,30.895,43.844,57.347,43.753,1700.0,1716.667,1716.667,1716.667,1716.667,1716.667,2060.0,2060.0,2060.0,0.588,0.588,0.854,0.858,0.759,0.76,0.981,0.978,14.766,5147.0,16272.0,17.583,108.0,56.87
2026-07-08 04:46:18,56.0,63.000              ,832.406,200.0,1200.0,0.0,56.0,56.000              ,56.0,56.0,56.0,56.0,56.0,56.0,56.0,37.518,19.652,52.839,52.356,42.373,24.738,48.222,39.72,39.677,1840.0,1840.0,2300.0,2300.0,1840.0,1840.0,1840.0,1840.0,2300.0,0.583,0.583,0.958,0.956,0.696,0.698,0.834,0.834,15.008,5155.0,16275.0,18.016,109.0,55.51
2026-07-08 04:46:19,56.0,64.000              ,832.406,200.0,1200.0,0.0,56.0,56.000              ,56.0,56.0,56.0,56.0,56.0,56.0,56.0,40.688,14.993,53.026,33.809,46.647,11.884,39.404,12.086,31.567,1820.0,1820.0,2275.0,2275.0,1820.0,1820.0,1820.0,1820.0,2275.0,0.683,0.672,0.956,0.954,0.76,0.76,0.673,0.673,14.944,5162.0,16275.0,20.051,110.0,49.87
2026-07-08 04:46:20,56.0,64.000              ,833.156,200.0,1200.0,0.0,56.0,56.000              ,56.0,56.0,56.0,56.0,56.0,56.0,56.0,31.005,20.592,49.121,23.917,38.69,8.459,40.143,7.258,27.398,2140.0,2140.0,2700.0,2700.0,2160.0,2160.0,2160.0,2160.0,2700.0,0.815,0.828,1.064,1.08,0.787,0.795,0.766,0.768,15.003,5198.0,16282.0,80.2,111.0,12.47
2026-07-08 04:46:21,56.0,56.000              ,832.027,200.0,1200.0,0.0,56.75,56.750              ,56.75,56.75,56.75,56.75,56.75,56.75,56.75,21.557,8.681,14.745,78.942,29.047,11.951,23.936,11.647,25.063,1866.667,1866.667,2800.0,2950.0,1966.667,1966.667,1966.667,1966.667,2950.0,0.738,0.738,2.024,2.03,0.891,0.885,0.784,0.789,14.704,5175.0,16153.0,0.0,112.0,
2026-07-08 04:46:22,57.0,25.000              ,832.027,200.0,1200.0,0.0,57.375,57.375              ,57.375,57.375,57.375,57.375,57.375,57.375,57.375,15.082,8.387,14.558,69.536,47.842,4.088,20.721,7.618,23.479,2150.0,2150.0,3225.0,3200.0,2560.0,2560.0,2133.333,2133.333,3225.0,0.675,0.68,2.813,2.835,1.382,1.386,0.756,0.75,15.305,5210.0,16174.0,0.0,113.0,
2026-07-08 04:46:23,57.0,0.000               ,833.023,200.0,1200.0,0.0,57.25,57.250              ,57.25,57.25,57.25,57.25,57.25,57.25,57.25,18.783,6.715,14.898,71.684,36.533,7.028,26.537,10.659,24.105,2016.667,2016.667,3025.0,3050.0,2033.333,2033.333,2033.333,2033.333,3050.0,0.663,0.657,2.347,2.338,1.031,1.027,0.847,0.847,14.797,5220.0,16125.0,2639.559,114.0,0.38
2026-07-08 04:46:24,57.0,0.000               ,833.023,200.0,1200.0,0.0,57.75,57.750              ,57.75,57.75,57.75,57.75,57.75,57.75,57.75,7.12,2.918,9.04,78.63,24.898,8.363,22.185,1.693,19.356,1800.0,1800.0,3150.0,3175.0,1814.286,1814.286,1814.286,1814.286,3175.0,0.502,0.502,3.272,3.287,0.982,0.982,0.765,0.765,15.001,5234.0,16143.0,0.0,115.0,
2026-07-08 04:46:25,57.0,0.000               ,833.023,200.0,1200.0,0.0,57.875,57.875              ,57.875,57.875,57.875,57.875,57.875,57.875,57.875,8.256,5.33,8.241,85.897,32.429,5.546,21.387,4.891,21.497,1800.0,1800.0,3150.0,3150.0,3225.0,3225.0,2150.0,2150.0,3225.0,0.497,0.497,3.069,3.081,1.035,1.035,0.706,0.708,15.441,5275.0,16191.0,0.0,116.0,
2026-07-08 04:46:26,58.0,0.000               ,833.023,200.0,1200.0,0.0,58.0,58.000              ,58.0,58.0,58.0,58.0,58.0,58.0,58.0,12.612,9.757,7.582,97.164,27.578,7.202,21.021,5.458,23.547,1966.667,1966.667,2950.0,2975.0,1983.333,1983.333,1983.333,1983.333,2975.0,0.567,0.567,3.087,3.043,0.844,0.844,0.581,0.578,14.973,5328.0,16217.0,3438.09,117.0,0.29
2026-07-08 04:46:27,57.0,0.000               ,827.699,200.0,1200.0,0.0,57.125,57.125              ,57.125,57.125,57.125,57.125,57.125,57.125,57.125,14.248,8.008,18.261,58.247,37.894,9.673,31.003,4.346,22.71,2050.0,2050.0,3075.0,3075.0,2460.0,2460.0,2460.0,2460.0,3075.0,0.678,0.678,1.908,1.912,1.062,1.167,1.048,1.048,15.109,5308.0,16270.0,0.0,118.0,
2026-07-08 04:46:28,56.0,0.000               ,827.699,200.0,1200.0,0.0,56.875,56.875              ,56.875,56.875,56.875,56.875,56.875,56.875,56.875,17.711,10.983,25.316,47.866,45.24,17.031,43.193,5.074,26.552,1983.333,1983.333,2380.0,2380.0,2380.0,2380.0,2975.0,2975.0,2975.0,0.679,0.679,1.663,1.663,1.323,1.254,0.874,0.874,14.688,5328.0,16300.0,0.0,119.0,
2026-07-08 04:46:29,56.0,0.000               ,827.699,200.0,1200.0,0.0,56.75,56.750              ,56.75,56.75,56.75,56.75,56.75,56.75,56.75,20.338,9.705,25.794,40.22,53.145,8.863,35.974,10.166,25.526,2520.0,2520.0,2520.0,2520.0,3125.0,3125.0,2500.0,2500.0,3125.0,0.785,0.789,1.428,1.428,1.553,1.518,1.041,1.041,15.127,5408.0,16345.0,0.0,120.0,
2026-07-08 04:46:30,57.0,0.000               ,827.449,200.0,1200.0,0.0,57.0,57.000              ,57.0,57.0,57.0,57.0,57.0,57.0,57.0,22.683,11.654,18.956,65.674,42.408,7.781,31.105,6.958,25.902,2320.0,2320.0,2900.0,2900.0,2320.0,2320.0,2320.0,2320.0,2900.0,0.826,0.823,1.885,1.885,0.974,0.991,0.922,0.922,15.205,5436.0,16375.0,0.0,121.0,
2026-07-08 04:46:31,56.0,0.000               ,827.449,200.0,1200.0,0.0,56.75,56.750              ,56.75,56.75,56.75,56.75,56.75,56.75,56.75,14.167,8.094,22.718,41.59,46.298,5.828,38.902,2.824,22.553,2420.0,2420.0,3025.0,3025.0,2420.0,2420.0,2420.0,2420.0,3025.0,0.655,0.647,1.739,1.742,1.165,1.165,1.046,1.046,15.19,5434.0,16440.0,0.0,122.0,
2026-07-08 04:46:32,56.0,0.000               ,827.449,200.0,1200.0,0.0,56.75,56.750              ,56.75,56.75,56.75,56.75,56.75,56.75,56.75,32.543,13.975,52.904,30.8,57.247,10.999,42.146,9.224,31.23,2120.0,2120.0,2650.0,2650.0,2120.0,2120.0,2120.0,2120.0,2650.0,0.79,0.803,1.417,1.46,1.393,1.393,0.802,0.802,14.712,5407.0,16468.0,0.0,123.0,
2026-07-08 04:46:33,56.0,0.000               ,827.449,200.0,1200.0,0.0,56.875,56.875              ,56.875,56.875,56.875,56.875,56.875,56.875,56.875,13.547,5.111,27.431,9.598,61.261,5.224,50.716,3.394,22.035,2200.0,2200.0,2640.0,2640.0,3300.0,3300.0,2200.0,2200.0,3300.0,0.61,0.607,0.861,0.814,1.838,1.838,1.414,1.414,15.184,5482.0,16527.0,0.0,124.0,
2026-07-08 04:46:34,56.0,0.000               ,827.449,200.0,1200.0,0.0,56.625,56.625              ,56.625,56.625,56.625,56.625,56.625,56.625,56.625,35.077,27.011,48.371,30.085,67.957,20.456,60.099,18.33,38.423,2260.0,2260.0,2825.0,2825.0,2260.0,2260.0,2260.0,2260.0,2825.0,0.852,0.852,1.149,1.156,1.248,1.252,1.094,1.094,14.836,5415.0,16579.0,0.0,125.0,
2026-07-08 04:46:35,57.0,0.000               ,827.449,200.0,1200.0,0.0,57.0,57.000              ,57.0,57.0,57.0,57.0,57.0,57.0,57.0,13.456,8.146,7.108,75.576,28.403,10.082,25.597,8.132,22.063,1814.286,1814.286,3175.0,3175.0,2116.667,2116.667,2116.667,2116.667,3175.0,0.663,0.663,2.194,2.155,0.97,0.967,0.943,0.943,15.151,5466.0,16628.0,0.0,126.0,
2026-07-08 04:46:36,57.0,0.000               ,827.449,200.0,1200.0,0.0,57.25,57.250              ,57.25,57.25,57.25,57.25,57.25,57.25,57.25,13.243,8.445,9.441,78.976,30.609,9.095,31.002,4.96,23.221,2066.667,2066.667,3100.0,3100.0,2066.667,2066.667,2066.667,2066.667,3100.0,0.597,0.597,2.262,2.294,0.929,0.929,1.191,1.193,15.087,5523.0,16697.0,0.0,127.0,
2026-07-08 04:46:37,56.0,0.000               ,827.449,200.0,1200.0,0.0,56.875,56.875              ,56.875,56.875,56.875,56.875,56.875,56.875,56.875,36.337,27.411,28.416,71.783,58.35,23.266,76.41,20.929,42.863,2220.0,2220.0,2775.0,2800.0,2240.0,2240.0,2240.0,2240.0,2800.0,0.882,0.882,1.426,1.426,1.107,1.107,1.126,1.12,15.758,5448.0,16728.0,0.0,128.0,
2026-07-08 04:46:38,56.0,0.000               ,827.449,200.0,1200.0,0.0,56.5,56.500              ,56.5,56.5,56.5,56.5,56.5,56.5,56.5,33.287,53.656,35.713,63.033,60.726,23.265,45.981,21.864,42.191,1980.0,1980.0,1980.0,1960.0,2450.0,2450.0,1960.0,1960.0,2450.0,0.986,0.987,1.26,1.26,1.027,1.027,0.833,0.833,14.551,5228.0,16771.0,0.0,129.0,
2026-07-08 04:46:39,57.0,0.000               ,827.449,200.0,1200.0,0.0,57.0,57.000              ,57.0,57.0,57.0,57.0,57.0,57.0,57.0,9.425,9.227,10.793,70.785,36.102,6.5,23.854,5.862,21.569,1800.0,1800.0,3150.0,3150.0,2100.0,2100.0,2100.0,2100.0,3150.0,0.601,0.6,2.179,2.179,0.988,0.988,0.765,0.765,14.857,5288.0,16833.0,0.0,130.0,
2026-07-08 04:46:40,57.0,0.000               ,827.449,200.0,1200.0,0.0,57.25,57.250              ,57.25,57.25,57.25,57.25,57.25,57.25,57.25,11.557,5.567,16.44,42.02,55.429,3.793,28.708,3.253,20.846,2183.333,2183.333,3275.0,3250.0,2166.667,2166.667,2166.667,2166.667,3275.0,0.636,0.636,1.612,1.612,1.637,1.619,0.898,0.898,15.128,5379.0,16901.0,0.0,131.0,
2026-07-08 04:46:41,57.0,0.000               ,827.449,200.0,1200.0,0.0,57.5,57.500              ,57.5,57.5,57.5,57.5,57.5,57.5,57.5,13.793,10.396,15.674,55.564,45.51,6.337,24.146,8.786,22.525,2116.667,2116.667,3175.0,3175.0,2540.0,2540.0,2540.0,2540.0,3175.0,0.71,0.71,1.859,1.877,1.337,1.349,0.848,0.848,15.095,5393.0,16959.0,0.0,132.0,
2026-07-08 04:46:42,56.0,0.000               ,827.449,200.0,1200.0,0.0,56.75,56.750              ,56.75,56.75,56.75,56.75,56.75,56.75,56.75,49.819,32.304,43.07,44.904,69.014,28.841,51.6,22.335,42.736,2320.0,2320.0,2300.0,2300.0,2825.0,2825.0,2260.0,2260.0,2825.0,1.095,1.095,1.174,1.145,1.386,1.386,1.031,1.032,15.325,5286.0,17007.0,0.0,133.0,
2026-07-08 04:46:43,56.0,0.000               ,827.449,200.0,1200.0,0.0,56.5,56.500              ,56.5,56.5,56.5,56.5,56.5,56.5,56.5,40.836,34.525,42.285,47.03,79.876,23.582,48.142,19.406,41.961,2140.0,2140.0,2140.0,2140.0,2675.0,2675.0,2140.0,2140.0,2675.0,0.922,0.922,1.148,1.148,1.383,1.383,0.883,0.882,14.842,5071.0,17054.0,0.0,134.0,
2026-07-08 04:46:44,56.0,0.000               ,827.449,200.0,1200.0,0.0,56.875,56.875              ,56.875,56.875,56.875,56.875,56.875,56.875,56.875,13.515,4.219,25.383,15.031,68.782,6.418,36.393,4.998,21.842,1900.0,1900.0,2216.667,2216.667,3325.0,3325.0,2216.667,2216.667,3325.0,0.611,0.611,0.951,0.951,2.126,2.126,1.032,1.032,15.148,5164.0,17080.0,17114.297,135.0,0.06
2026-07-08 04:46:45,57.0,0.000               ,827.449,200.0,1200.0,0.0,57.0,57.000              ,57.0,57.0,57.0,57.0,57.0,57.0,57.0,24.179,7.608,11.108,67.433,36.706,7.784,34.22,8.026,24.633,2320.0,2320.0,2320.0,2320.0,2900.0,2900.0,2320.0,2320.0,2900.0,0.83,0.83,1.909,1.912,1.01,1.013,0.946,0.946,14.85,5217.0,17123.0,0.0,136.0,
2026-07-08 04:46:46,57.0,0.000               ,827.449,200.0,1200.0,0.0,57.0,57.000              ,57.0,57.0,57.0,57.0,57.0,57.0,57.0,15.235,5.545,19.445,46.601,46.729,5.049,34.115,5.078,22.225,2083.333,2083.333,3125.0,3125.0,2083.333,2083.333,2083.333,2083.333,3125.0,0.594,0.594,1.648,1.645,1.383,1.379,1.092,1.092,15.078,5254.0,17169.0,0.0,137.0,
2026-07-08 04:46:47,57.0,0.000               ,827.449,200.0,1200.0,0.0,57.0,57.000              ,57.0,57.0,57.0,57.0,57.0,57.0,57.0,16.07,6.893,12.783,53.748,42.665,5.642,36.724,9.218,22.968,2133.333,2133.333,2133.333,2133.333,3200.0,3200.0,2560.0,2560.0,3200.0,0.648,0.648,1.711,1.711,1.315,1.315,0.949,0.949,15.092,5302.0,17215.0,0.0,138.0,
2026-07-08 04:46:48,57.0,0.000               ,827.449,200.0,1200.0,0.0,57.0,57.000              ,57.0,57.0,57.0,57.0,57.0,57.0,57.0,13.555,6.254,8.906,65.278,44.636,7.967,21.113,7.556,21.908,1883.333,1883.333,2825.0,2825.0,2260.0,2260.0,1883.333,1883.333,2825.0,0.61,0.61,1.873,1.877,1.247,1.388,0.791,0.791,15.066,5375.0,17265.0,0.0,139.0,
2026-07-08 04:46:49,57.0,0.000               ,827.449,200.0,1200.0,0.0,57.125,57.125              ,57.125,57.125,57.125,57.125,57.125,57.125,57.125,14.368,9.312,15.143,37.915,52.089,14.77,30.652,2.924,22.147,2033.333,2033.333,2440.0,2440.0,3050.0,3050.0,2033.333,2033.333,3050.0,0.898,0.898,1.215,1.211,1.771,1.7,0.881,0.869,14.943,5431.0,17316.0,0.0,140.0,
2026-07-08 04:46:50,57.0,0.000               ,827.449,200.0,1200.0,0.0,57.25,57.250              ,57.25,57.25,57.25,57.25,57.25,57.25,57.25,22.735,5.449,16.776,46.376,57.922,4.632,34.936,4.864,24.211,2100.0,2100.0,2100.0,2100.0,3150.0,3150.0,2100.0,2100.0,3150.0,0.544,0.544,1.68,1.683,1.574,1.577,0.719,0.728,15.138,5461.0,17367.0,0.0,141.0,
2026-07-08 04:46:51,57.0,0.000               ,827.449,200.0,1200.0,0.0,57.125,57.125              ,57.125,57.125,57.125,57.125,57.125,57.125,57.125,22.336,7.325,9.204,83.558,59.795,7.406,26.502,7.074,27.9,1757.143,1757.143,3075.0,3075.0,2050.0,2050.0,1757.143,1757.143,3075.0,0.621,0.621,1.951,1.959,0.862,0.861,1.322,1.322,15.174,5485.0,17453.0,7508.997,142.0,0.13
2026-07-08 04:46:52,56.0,0.000               ,827.449,200.0,1200.0,0.0,56.625,56.625              ,56.625,56.625,56.625,56.625,56.625,56.625,56.625,31.684,23.262,26.705,72.872,42.509,20.593,79.855,18.127,39.451,2160.0,2160.0,2160.0,2160.0,2725.0,2725.0,2180.0,2180.0,2725.0,0.805,0.805,1.521,1.51,0.926,0.926,1.405,1.387,15.222,5352.0,17508.0,0.0,143.0,
2026-07-08 04:46:53,56.0,0.000               ,827.449,200.0,1200.0,0.0,56.375,56.375              ,56.375,56.375,56.375,56.375,56.375,56.375,56.375,55.633,43.723,55.115,53.429,75.911,38.095,80.8,39.968,55.334,1860.0,1860.0,1860.0,1860.0,1860.0,1860.0,2450.0,2450.0,2450.0,0.937,0.953,0.997,0.997,1.205,1.203,1.121,1.149,14.769,5305.0,17542.0,0.0,144.0,
2026-07-08 04:46:54,56.0,0.000               ,827.449,200.0,1200.0,0.0,56.5,56.500              ,56.5,56.5,56.5,56.5,56.5,56.5,56.5,42.824,44.337,43.405,74.765,63.113,34.497,56.535,32.6,49.009,2120.0,2120.0,2120.0,2120.0,2650.0,2650.0,2650.0,2650.0,2650.0,1.012,0.997,1.477,1.467,1.168,1.168,1.051,1.046,15.203,5149.0,17568.0,0.0,145.0,
2026-07-08 04:46:55,56.0,0.000               ,827.449,200.0,1200.0,0.0,56.875,56.875              ,56.875,56.875,56.875,56.875,56.875,56.875,56.875,47.252,42.845,54.097,50.362,46.182,30.31,46.903,25.19,42.893,2040.0,2040.0,2550.0,2550.0,2040.0,2040.0,2040.0,2040.0,2550.0,1.246,1.246,1.433,1.452,0.996,0.996,0.955,0.955,15.06,5173.0,17581.0,0.0,146.0,
2026-07-08 04:46:56,57.0,0.000               ,827.449,200.0,1200.0,0.0,57.5,57.500              ,57.5,57.5,57.5,57.5,57.5,57.5,57.5,31.705,29.945,33.338,39.42,26.363,70.715,36.006,16.348,35.48,2625.0,2625.0,2100.0,2100.0,2100.0,2100.0,2100.0,2100.0,2625.0,0.927,0.927,1.119,1.105,1.631,1.631,0.866,0.867,14.823,5153.0,17582.0,0.0,147.0,
2026-07-08 04:46:57,58.0,0.000               ,827.449,200.0,1200.0,0.0,58.25,58.250              ,58.25,58.25,58.25,58.25,58.25,58.25,58.25,18.553,12.072,24.59,28.518,23.168,11.015,13.349,77.127,26.049,2120.0,2120.0,2650.0,2650.0,2120.0,2120.0,2120.0,2120.0,2650.0,0.613,0.613,0.928,0.931,0.61,0.61,2.215,2.186,14.519,5146.0,17580.0,0.0,148.0,
2026-07-08 04:46:58,59.0,0.000               ,827.449,200.0,1200.0,0.0,59.25,59.250              ,59.25,59.25,59.25,59.25,59.25,59.25,59.25,9.156,5.85,55.759,32.346,21.694,6.893,12.885,25.773,21.295,2066.667,2066.667,3100.0,3200.0,1828.571,1828.571,1828.571,1828.571,3200.0,0.459,0.459,2.348,2.346,0.691,0.691,1.039,1.033,15.176,5155.0,17578.0,0.0,149.0,
2026-07-08 04:46:59,59.0,0.000               ,827.449,200.0,1200.0,0.0,59.5,59.500              ,59.5,59.5,59.5,59.5,59.5,59.5,59.5,6.391,4.442,5.728,99.497,18.609,4.839,12.225,4.797,19.566,1828.571,1828.571,3200.0,3200.0,2133.333,2133.333,2133.333,2133.333,3200.0,0.447,0.447,2.956,2.94,0.621,0.64,0.556,0.551,15.192,5189.0,17673.0,0.0,150.0,
2026-07-08 04:47:00,58.0,0.000               ,887.172,200.0,1200.0,0.0,58.875,58.875              ,58.875,58.875,58.875,58.875,58.875,58.875,58.875,31.479,14.95,41.41,66.594,29.336,26.356,37.641,21.141,33.613,1714.286,1714.286,3000.0,3000.0,2000.0,2000.0,2000.0,2000.0,3000.0,0.807,0.815,2.328,2.336,0.958,0.939,0.96,0.96,15.085,5231.0,17680.0,0.0,151.0,
2026-07-08 04:47:01,59.0,0.000               ,887.172,200.0,1200.0,0.0,59.0,59.000              ,59.0,59.0,59.0,59.0,59.0,59.0,59.0,15.156,5.451,11.102,81.204,32.406,8.645,19.048,5.243,22.282,1983.333,1983.333,1983.333,1983.333,2975.0,2975.0,1983.333,1983.333,2975.0,0.511,0.509,2.331,2.355,0.879,0.901,0.595,0.595,14.895,5248.0,17677.0,0.0,152.0,
2026-07-08 04:47:02,59.0,0.000               ,887.172,200.0,1200.0,0.0,59.0,59.000              ,59.0,59.0,59.0,59.0,59.0,59.0,59.0,13.573,9.453,15.841,85.748,36.952,13.087,26.727,9.042,26.303,1728.571,1728.571,3025.0,3025.0,2016.667,2016.667,2016.667,2016.667,3025.0,0.532,0.532,2.523,2.5,1.016,0.997,0.725,0.725,15.342,5286.0,17684.0,0.0,153.0,
2026-07-08 04:47:03,58.0,0.000               ,887.172,200.0,1200.0,0.0,58.125,58.125              ,58.125,58.125,58.125,58.125,58.125,58.125,58.125,30.103,20.653,57.821,27.631,63.144,23.293,43.933,15.724,35.288,1883.333,1883.333,2825.0,2825.0,2260.0,2260.0,1883.333,1883.333,2825.0,0.851,0.851,1.441,1.441,1.53,1.512,1.046,1.046,15.025,5357.0,17694.0,0.0,154.0,
2026-07-08 04:47:04,57.0,2.000               ,887.172,200.0,1200.0,0.0,57.0,57.000              ,57.0,57.0,57.0,57.0,57.0,57.0,57.0,31.843,66.435,61.776,49.71,44.503,40.633,61.311,34.949,48.895,2450.0,2450.0,1960.0,1960.0,1960.0,1960.0,1960.0,1960.0,2450.0,1.226,1.226,1.311,1.312,1.066,1.035,1.282,1.282,14.843,5401.0,17705.0,0.0,155.0,
2026-07-08 04:47:05,57.0,2.000               ,890.688,200.0,1200.0,0.0,57.375,57.375              ,57.375,57.375,57.375,57.375,57.375,57.375,57.375,32.538,8.15,24.84,50.353,46.712,19.787,41.496,8.98,29.107,1671.429,1671.429,1950.0,1950.0,2925.0,2925.0,1950.0,1950.0,2925.0,0.863,0.864,1.501,1.519,1.132,1.204,0.657,0.657,15.024,5394.0,17717.0,0.0,156.0,
2026-07-08 04:47:06,58.0,0.000               ,890.688,200.0,1200.0,0.0,58.5,58.500              ,58.5,58.5,58.5,58.5,58.5,58.5,58.5,15.378,5.141,23.84,75.257,19.884,27.044,31.745,5.652,25.493,1728.571,1728.571,3025.0,3025.0,2016.667,2016.667,2016.667,2016.667,3025.0,0.487,0.486,2.403,2.384,0.931,0.802,0.831,0.831,15.062,5385.0,17717.0,0.0,157.0,
2026-07-08 04:47:07,59.0,0.000               ,890.688,200.0,1200.0,0.0,59.25,59.250              ,59.25,59.25,59.25,59.25,59.25,59.25,59.25,8.225,68.343,23.77,28.488,21.351,9.4,26.559,6.522,24.082,1685.714,1685.714,2950.0,2950.0,1966.667,1966.667,1966.667,1966.667,2950.0,1.978,1.983,1.138,1.112,0.69,0.696,0.662,0.663,14.971,5385.0,17707.0,0.0,158.0,
2026-07-08 04:47:08,59.0,0.000               ,890.688,200.0,1200.0,0.0,59.75,59.750              ,59.75,59.75,59.75,59.75,59.75,59.75,59.75,10.95,7.866,48.956,19.193,39.758,12.57,23.04,14.876,22.151,2420.0,2420.0,2420.0,2420.0,2420.0,2420.0,3025.0,3025.0,3025.0,0.548,0.496,1.743,1.761,1.395,1.386,0.905,0.904,14.773,5384.0,17709.0,0.0,159.0,
2026-07-08 04:47:09,59.0,0.000               ,890.688,200.0,1200.0,0.0,59.625,59.625              ,59.625,59.625,59.625,59.625,59.625,59.625,59.625,11.677,5.979,9.481,80.154,15.908,9.018,42.376,8.084,22.835,1857.143,1857.143,3250.0,3250.0,2166.667,2166.667,2166.667,2166.667,3250.0,0.512,0.512,2.365,2.365,0.621,0.621,1.241,1.241,15.221,5397.0,17705.0,0.0,160.0,
2026-07-08 04:47:10,59.0,0.000               ,900.816,200.0,1200.0,0.0,59.5,59.500              ,59.5,59.5,59.5,59.5,59.5,59.5,59.5,8.264,55.43,18.879,30.637,17.358,5.231,37.567,4.19,22.195,2116.667,2116.667,3175.0,3175.0,2116.667,2116.667,2540.0,2540.0,3175.0,1.864,1.886,1.286,1.288,0.629,0.629,1.145,1.145,15.033,5410.0,17718.0,18765.1,161.0,0.05
2026-07-08 04:47:11,59.0,0.000               ,900.816,200.0,1200.0,0.0,59.75,59.750              ,59.75,59.75,59.75,59.75,59.75,59.75,59.75,1.671,96.985,24.012,5.3,13.14,2.485,11.941,2.522,19.757,3275.0,3275.0,2183.333,2183.333,1871.429,1871.429,1871.429,1871.429,3275.0,3.323,3.267,0.741,0.741,0.525,0.525,0.512,0.512,14.877,5406.0,17718.0,0.0,162.0,
2026-07-08 04:47:12,59.0,0.000               ,900.816,200.0,1200.0,0.0,59.75,59.750              ,59.75,59.75,59.75,59.75,59.75,59.75,59.75,2.926,96.959,25.553,6.33,22.332,5.857,8.588,5.08,21.703,3300.0,3300.0,2200.0,2200.0,1885.714,1885.714,1885.714,1885.714,3300.0,3.303,3.358,0.735,0.732,0.713,0.713,0.479,0.479,14.994,5418.0,17718.0,0.0,163.0,
2026-07-08 04:47:13,59.0,0.000               ,900.816,200.0,1200.0,0.0,59.5,59.500              ,59.5,59.5,59.5,59.5,59.5,59.5,59.5,12.837,67.179,42.788,4.379,15.339,1.78,11.484,2.401,19.773,3325.0,3325.0,2216.667,2216.667,1900.0,1900.0,1662.5,1662.5,3325.0,2.729,2.699,1.309,1.309,0.586,0.586,0.547,0.547,15.307,5421.0,17718.0,0.0,164.0,
2026-07-08 04:47:14,59.0,0.000               ,900.816,200.0,1200.0,0.0,59.625,59.625              ,59.625,59.625,59.625,59.625,59.625,59.625,59.625,4.733,66.377,48.294,8.885,17.001,5.078,14.837,4.819,21.253,3125.0,3125.0,2500.0,2500.0,2083.333,2083.333,2500.0,2500.0,3125.0,2.304,2.317,1.656,1.657,0.637,0.637,0.653,0.653,14.999,5438.0,17717.0,0.0,165.0,
2026-07-08 04:47:15,59.0,0.000               ,900.816,200.0,1200.0,0.0,59.25,59.250              ,59.25,59.25,59.25,59.25,59.25,59.25,59.25,10.991,77.009,34.819,7.225,22.744,9.199,18.484,6.323,23.349,3200.0,3200.0,1828.571,1828.571,1828.571,1828.571,1828.571,1828.571,3200.0,2.634,2.638,1.064,1.063,0.786,0.786,0.624,0.624,15.225,5444.0,17717.0,0.0,166.0,
2026-07-08 04:47:16,59.0,0.000               ,900.816,200.0,1200.0,0.0,59.5,59.500              ,59.5,59.5,59.5,59.5,59.5,59.5,59.5,3.222,97.173,23.969,5.859,18.624,5.376,7.681,5.946,20.981,3050.0,3050.0,2033.333,2033.333,2033.333,2033.333,2033.333,2033.333,3050.0,3.189,3.154,0.71,0.71,0.606,0.606,0.454,0.454,14.831,5444.0,17716.0,0.0,167.0,
2026-07-08 04:47:17,59.0,0.000               ,900.816,200.0,1200.0,0.0,59.0,59.000              ,59.0,59.0,59.0,59.0,59.0,59.0,59.0,8.891,18.129,31.717,7.425,16.532,4.808,74.146,8.373,21.253,3225.0,3225.0,1842.857,1842.857,2150.0,2150.0,1612.5,1612.5,3225.0,0.853,0.864,0.916,0.919,0.556,0.589,2.648,2.648,14.862,5450.0,17715.0,0.0,168.0,
2026-07-08 04:47:18,58.0,0.000               ,900.816,200.0,1200.0,0.0,58.5,58.500              ,58.5,58.5,58.5,58.5,58.5,58.5,58.5,23.87,28.672,61.089,20.68,38.916,9.066,24.296,6.907,26.687,3275.0,3275.0,2183.333,2183.333,2183.333,2183.333,2183.333,2183.333,3275.0,1.47,1.463,2.009,1.988,1.222,1.205,0.856,0.856,15.628,5535.0,17785.0,0.0,169.0,
2026-07-08 04:47:20,57.0,0.000               ,929.047,200.0,1200.0,0.0,57.0,57.000              ,57.0,57.0,57.0,57.0,57.0,57.0,57.0,49.56,28.331,55.21,47.031,66.433,24.009,47.722,34.408,44.088,2060.0,2060.0,2575.0,2575.0,2060.0,2060.0,2575.0,2575.0,2575.0,1.069,1.058,1.224,1.218,1.035,1.035,1.191,1.191,15.074,5682.0,17979.0,9425.023,171.0,0.11
2026-07-08 04:47:20,56.0,7.000               ,1004.051,200.0,1200.0,0.0,56.5,56.500              ,56.5,56.5,56.5,56.5,56.5,56.5,56.5,55.827,71.246,72.377,62.886,67.215,48.245,82.531,47.987,63.539,1820.0,1820.0,2275.0,2275.0,1820.0,1820.0,1820.0,1820.0,2275.0,1.256,1.202,1.091,1.08,0.93,0.93,0.993,0.997,15.67,5606.0,18138.0,241.4,171.0,4.14
2026-07-08 04:47:22,56.0,25.000              ,1049.922,200.0,1200.0,0.0,56.5,56.500              ,56.5,56.5,56.5,56.5,56.5,56.5,56.5,85.821,91.904,94.925,90.513,88.69,85.124,90.793,83.349,88.89,1457.143,1457.143,1400.0,1400.0,1400.0,1400.0,1400.0,1400.0,1457.143,0.83,0.801,0.8,0.804,0.785,0.785,0.781,0.78,15.533,5418.0,18139.0,48.589,173.0,20.58
2026-07-08 04:47:23,56.0,55.000              ,1046.922,200.0,1200.0,0.0,56.25,56.250              ,56.25,56.25,56.25,56.25,56.25,56.25,56.25,76.232,77.804,81.364,84.315,81.021,68.566,79.452,63.721,76.559,1400.0,1400.0,1400.0,1400.0,1400.0,1400.0,1400.0,1400.0,1400.0,0.725,0.642,0.737,0.731,0.66,0.66,0.637,0.637,14.967,5387.0,18140.0,28.813,174.0,34.71
2026-07-08 04:47:24,56.0,83.000              ,1049.195,200.0,1200.0,0.0,56.125,56.125              ,56.125,56.125,56.125,56.125,56.125,56.125,56.125,66.146,52.124,67.654,78.297,72.926,51.559,67.959,44.746,62.676,1400.0,1400.0,1400.0,1400.0,1400.0,1400.0,1400.0,1400.0,1400.0,0.618,0.616,0.701,0.712,0.66,0.66,0.635,0.634,14.674,5383.0,18141.0,84.084,175.0,11.89
2026-07-08 04:47:25,56.0,69.000              ,1049.195,200.0,1200.0,0.0,56.0,56.000              ,56.0,56.0,56.0,56.0,56.0,56.0,56.0,68.716,55.579,71.283,78.489,76.798,52.766,71.507,49.943,65.635,1400.0,1400.0,1400.0,1400.0,1400.0,1400.0,1400.0,1400.0,1400.0,0.644,0.646,0.701,0.705,0.677,0.676,0.645,0.645,14.904,5407.0,18142.0,88.561,176.0,11.29
2026-07-08 04:47:26,56.0,68.000              ,1049.195,200.0,1200.0,0.0,56.0,56.000              ,56.0,56.0,56.0,56.0,56.0,56.0,56.0,69.539,63.989,72.86,77.961,79.1,52.571,79.768,49.445,68.154,1400.0,1400.0,1400.0,1400.0,1400.0,1400.0,1400.0,1400.0,1400.0,0.665,0.654,0.703,0.7,0.679,0.68,0.67,0.676,15.102,5425.0,18142.0,43.788,177.0,22.84
2026-07-08 04:47:27,56.0,91.000              ,1049.711,200.0,1200.0,0.0,56.0,56.000              ,56.0,56.0,56.0,56.0,56.0,56.0,56.0,78.644,67.851,82.984,86.383,79.334,68.965,80.338,64.947,76.181,1400.0,1400.0,1400.0,1400.0,1400.0,1400.0,1400.0,1400.0,1400.0,0.675,0.687,0.78,0.78,0.695,0.728,0.717,0.712,15.291,5471.0,18140.0,27.03,178.0,37.0
2026-07-08 04:47:29,56.0,91.000              ,1051.215,200.0,1200.0,0.0,56.0,56.000              ,56.0,56.0,56.0,56.0,56.0,56.0,56.0,86.951,78.496,85.473,88.592,85.318,84.634,85.397,75.709,83.821,1400.0,1400.0,1400.0,1400.0,1400.0,1400.0,1400.0,1400.0,1400.0,0.739,0.741,0.778,0.778,0.774,0.759,0.687,0.687,15.279,5505.0,18144.0,43.339,180.0,23.07
2026-07-08 04:47:29,56.0,85.000              ,1051.191,200.0,1200.0,0.0,56.0,56.000              ,56.0,56.0,56.0,56.0,56.0,56.0,56.0,72.665,64.863,77.998,82.073,94.42,64.99,76.667,63.876,74.694,1400.0,1400.0,1400.0,1400.0,1400.0,1400.0,1400.0,1400.0,1400.0,0.669,0.666,0.745,0.747,0.734,0.718,0.693,0.693,15.113,5496.0,18135.0,46.515,180.0,21.5
2026-07-08 04:47:30,56.0,83.000              ,1051.191,200.0,1200.0,0.0,56.0,56.000              ,56.0,56.0,56.0,56.0,56.0,56.0,56.0,75.288,71.995,78.946,83.729,85.7,67.443,83.927,61.261,76.036,1400.0,1400.0,1400.0,1400.0,1400.0,1400.0,1400.0,1400.0,1400.0,0.71,0.711,0.746,0.744,0.672,0.674,0.685,0.686,15.226,5351.0,18131.0,28.65,181.0,34.9
2026-07-08 04:47:32,56.0,91.000              ,1051.195,200.0,1200.0,0.0,56.0,56.000              ,56.0,56.0,56.0,56.0,56.0,56.0,56.0,62.008,64.801,68.59,71.876,81.847,47.213,71.401,35.187,62.865,1400.0,1400.0,1400.0,1400.0,1400.0,1400.0,1400.0,1400.0,1400.0,0.615,0.611,0.696,0.702,0.62,0.62,0.58,0.582,14.941,4784.0,18126.0,37.855,183.0,26.42
2026-07-08 04:47:33,56.0,92.000              ,1023.699,200.0,1200.0,0.0,56.0,56.000              ,56.0,56.0,56.0,56.0,56.0,56.0,56.0,57.514,47.023,58.16,71.076,75.672,35.246,63.531,40.531,56.094,1400.0,1400.0,1400.0,1400.0,1400.0,1400.0,1400.0,1400.0,1400.0,0.573,0.574,0.687,0.687,0.554,0.554,0.559,0.547,14.492,4713.0,18112.0,28.377,184.0,35.24
2026-07-08 04:47:34,56.0,93.000              ,1023.703,200.0,1200.0,0.0,56.0,56.000              ,56.0,56.0,56.0,56.0,56.0,56.0,56.0,43.318,39.738,41.054,63.121,58.551,25.064,52.291,23.041,43.272,1400.0,1400.0,1400.0,1400.0,1400.0,1400.0,1400.0,1400.0,1400.0,0.511,0.511,0.615,0.609,0.551,0.55,0.507,0.507,14.318,4732.0,18108.0,26.37,185.0,37.92
2026-07-08 04:47:35,56.0,96.000              ,1023.703,200.0,1200.0,0.0,56.0,56.000              ,56.0,56.0,56.0,56.0,56.0,56.0,56.0,40.519,40.308,50.052,62.521,60.851,20.908,49.32,23.169,43.456,1400.0,1400.0,1400.0,1400.0,1400.0,1400.0,1400.0,1400.0,1400.0,0.503,0.503,0.636,0.636,0.553,0.554,0.488,0.488,14.353,4752.0,18107.0,34.929,186.0,28.63
2026-07-08 04:47:36,56.0,94.000              ,1023.703,200.0,1200.0,0.0,56.0,56.000              ,56.0,56.0,56.0,56.0,56.0,56.0,56.0,47.567,42.292,49.053,60.492,63.206,24.936,53.418,23.121,45.511,1400.0,1400.0,1400.0,1400.0,1400.0,1400.0,1400.0,1400.0,1400.0,0.536,0.537,0.633,0.633,0.576,0.575,0.519,0.519,14.309,4756.0,18092.0,35.108,187.0,28.48
2026-07-08 04:47:37,56.0,95.000              ,1023.699,338.0,1200.0,0.0,56.0,56.000              ,56.0,56.0,56.0,56.0,56.0,56.0,56.0,50.713,43.998,51.036,69.653,61.901,34.503,59.74,33.917,50.682,1400.0,1400.0,1400.0,1400.0,1400.0,1400.0,1400.0,1400.0,1400.0,0.561,0.562,0.759,0.747,0.577,0.577,0.574,0.576,14.699,4778.0,18093.0,43.55,188.0,22.96
2026-07-08 04:47:38,56.0,86.000              ,1023.703,442.0,1200.0,0.0,56.0,56.000              ,56.0,56.0,56.0,56.0,56.0,56.0,56.0,42.112,34.536,50.864,54.63,47.838,18.307,50.245,21.507,40.005,1516.667,1516.667,1820.0,1820.0,1516.667,1533.333,1533.333,1533.333,1820.0,0.591,0.59,0.817,0.83,0.549,0.549,0.587,0.59,14.915,4782.0,18092.0,25.772,189.0,38.8
2026-07-08 04:47:39,56.0,71.000              ,1023.703,381.0,1200.0,0.0,56.0,56.000              ,56.0,56.0,56.0,56.0,56.0,56.0,56.0,45.456,35.146,43.21,54.147,57.108,14.207,48.151,17.044,39.309,1633.333,1633.333,1960.0,1960.0,1633.333,1633.333,1633.333,1633.333,1960.0,0.622,0.622,0.816,0.82,0.631,0.631,0.591,0.585,15.123,4788.0,18082.0,24.176,190.0,41.36
2026-07-08 04:47:40,56.0,68.000              ,1025.961,406.0,1200.0,0.0,56.0,56.000              ,56.0,56.0,56.0,56.0,56.0,56.0,56.0,40.953,35.245,40.347,51.14,54.239,19.661,50.593,19.167,38.918,1633.333,1616.667,1940.0,1940.0,1616.667,1616.667,1616.667,1616.667,1940.0,0.603,0.603,0.801,0.798,0.648,0.65,0.627,0.624,15.081,4791.0,18086.0,26.192,191.0,38.18
2026-07-08 04:47:41,56.0,70.000              ,1028.941,400.0,1200.0,0.0,56.0,56.000              ,56.0,56.0,56.0,56.0,56.0,56.0,56.0,47.419,38.26,48.512,56.516,54.009,22.631,59.467,21.861,43.584,1600.0,1600.0,1920.0,1920.0,1600.0,1600.0,1600.0,1600.0,1920.0,0.616,0.616,0.796,0.796,0.589,0.592,0.627,0.63,15.121,4807.0,18091.0,25.644,192.0,39.0
2026-07-08 04:47:42,56.0,71.000              ,1028.965,344.0,1200.0,0.0,56.0,56.000              ,56.0,56.0,56.0,56.0,56.0,56.0,56.0,41.741,40.405,54.764,49.568,54.775,24.288,49.823,26.35,42.714,1485.714,1485.714,1733.333,1760.0,1466.667,1466.667,1466.667,1466.667,1760.0,0.596,0.595,0.785,0.785,0.621,0.616,0.577,0.577,14.878,4814.0,18092.0,21.7,193.0,46.08
2026-07-08 04:47:43,56.0,69.000              ,1028.949,200.0,1200.0,0.0,56.0,56.000              ,56.0,56.0,56.0,56.0,56.0,56.0,56.0,36.459,29.734,58.518,40.081,45.363,13.455,46.39,14.275,35.534,1733.333,1733.333,2060.0,2060.0,1716.667,1716.667,1716.667,1716.667,2060.0,0.6,0.6,0.853,0.853,0.587,0.587,0.609,0.609,15.196,4815.0,18092.0,22.674,194.0,44.1
2026-07-08 04:47:44,56.0,68.000              ,1029.031,387.0,1200.0,0.0,56.0,56.000              ,56.0,56.0,56.0,56.0,56.0,56.0,56.0,34.593,31.201,63.803,40.022,43.832,14.622,45.865,19.526,36.683,1683.333,1683.333,2020.0,2020.0,1683.333,1683.333,1683.333,1683.333,2020.0,0.589,0.589,0.903,0.903,0.547,0.548,0.632,0.632,14.963,4815.0,18092.0,22.48,195.0,44.48
2026-07-08 04:47:45,56.0,70.000              ,1029.035,381.0,1200.0,0.0,56.0,56.000              ,56.0,56.0,56.0,56.0,56.0,56.0,56.0,43.961,32.643,43.197,52.578,54.981,13.725,49.982,16.759,38.478,1800.0,1800.0,2160.0,2160.0,1800.0,1800.0,1800.0,1800.0,2160.0,0.639,0.639,0.838,0.84,0.638,0.626,0.597,0.598,14.99,4839.0,18093.0,31.192,196.0,32.06
2026-07-08 04:47:46,56.0,71.000              ,1029.031,381.0,1200.0,0.0,56.0,56.000              ,56.0,56.0,56.0,56.0,56.0,56.0,56.0,46.976,32.443,51.474,42.843,45.475,15.772,53.515,18.194,38.336,1666.667,1666.667,2000.0,2000.0,1666.667,1666.667,1666.667,1650.0,2000.0,0.644,0.645,0.805,0.793,0.562,0.572,0.658,0.656,15.121,4846.0,18093.0,24.867,197.0,40.21
2026-07-08 04:47:47,56.0,71.000              ,1028.906,400.0,1200.0,0.0,56.0,56.000              ,56.0,56.0,56.0,56.0,56.0,56.0,56.0,36.865,34.565,46.23,46.576,48.618,14.16,48.465,15.266,36.343,1716.667,1716.667,2060.0,2060.0,1716.667,1716.667,1716.667,1716.667,2060.0,0.622,0.621,0.838,0.852,0.583,0.582,0.61,0.611,15.289,4846.0,18094.0,24.61,198.0,40.63
2026-07-08 04:47:48,56.0,70.000              ,1028.984,400.0,1200.0,0.0,56.0,56.000              ,56.0,56.0,56.0,56.0,56.0,56.0,56.0,43.74,24.695,50.45,38.48,61.476,13.526,61.566,13.133,38.383,1920.0,1920.0,1920.0,1920.0,1600.0,1600.0,1600.0,1600.0,1920.0,0.598,0.598,0.729,0.728,0.627,0.627,0.654,0.653,14.956,4855.0,18094.0,25.267,199.0,39.58
2026-07-08 04:47:49,56.0,70.000              ,1028.984,387.0,1200.0,0.0,56.0,56.000              ,56.0,56.0,56.0,56.0,56.0,56.0,56.0,32.918,27.003,51.422,38.289,51.061,13.632,59.602,12.823,35.844,1650.0,1666.667,2000.0,2000.0,1666.667,1666.667,1666.667,1666.667,2000.0,0.549,0.549,0.763,0.763,0.602,0.602,0.663,0.663,14.99,4854.0,18094.0,18.594,200.0,53.78
2026-07-08 04:47:50,56.0,70.000              ,1023.98,400.0,1200.0,0.0,56.0,56.000              ,56.0,56.0,56.0,56.0,56.0,56.0,56.0,34.785,29.854,42.532,43.395,52.288,15.025,49.436,9.819,34.642,1650.0,1650.0,1980.0,1980.0,1650.0,1650.0,1650.0,1650.0,1980.0,0.6,0.6,0.796,0.795,0.643,0.643,0.581,0.581,14.971,4858.0,18092.0,24.047,201.0,41.59
2026-07-08 04:47:51,56.0,70.000              ,1015.445,344.0,1200.0,0.0,56.0,56.000              ,56.0,56.0,56.0,56.0,56.0,56.0,56.0,39.487,24.648,57.387,34.309,48.523,11.483,57.25,13.275,35.795,1766.667,1783.333,2140.0,2140.0,1783.333,1783.333,1783.333,1783.333,2140.0,0.598,0.598,0.791,0.791,0.592,0.592,0.658,0.658,15.179,4857.0,18087.0,23.374,202.0,42.78
2026-07-08 04:47:52,56.0,70.000              ,1015.449,200.0,1200.0,0.0,56.0,56.000              ,56.0,56.0,56.0,56.0,56.0,56.0,56.0,41.114,31.425,53.178,39.681,57.025,15.626,54.059,16.225,38.542,1650.0,1650.0,1980.0,1980.0,1650.0,1650.0,1650.0,1650.0,1980.0,0.606,0.607,0.782,0.784,0.639,0.639,0.641,0.641,15.049,4857.0,18086.0,23.603,203.0,42.37
2026-07-08 04:47:53,56.0,68.000              ,1015.449,352.0,1200.0,0.0,56.0,56.000              ,56.0,56.0,56.0,56.0,56.0,56.0,56.0,36.097,33.857,43.235,41.673,54.007,10.328,39.378,15.214,34.224,1700.0,1700.0,2040.0,2040.0,1700.0,1700.0,1700.0,1700.0,2040.0,0.627,0.626,0.795,0.793,0.614,0.615,0.549,0.549,14.922,4856.0,18083.0,23.615,204.0,42.35
2026-07-08 04:47:54,56.0,68.000              ,1015.445,426.0,1200.0,0.0,56.0,56.000              ,56.0,56.0,56.0,56.0,56.0,56.0,56.0,41.512,26.273,55.255,36.198,51.324,12.384,49.316,15.402,35.958,1800.0,1800.0,2140.0,2140.0,1783.333,1783.333,1783.333,1783.333,2140.0,0.653,0.655,0.837,0.84,0.608,0.607,0.631,0.631,15.208,4857.0,18072.0,28.519,205.0,35.06
2026-07-08 04:47:55,56.0,69.000              ,1015.449,370.0,1200.0,0.0,56.0,56.000              ,56.0,56.0,56.0,56.0,56.0,56.0,56.0,44.191,29.964,45.257,44.735,61.134,9.512,45.781,10.355,36.366,1960.0,1960.0,1633.333,1960.0,1633.333,1633.333,1633.333,1633.333,1960.0,0.656,0.654,0.808,0.791,0.61,0.611,0.559,0.559,14.908,4861.0,18073.0,20.491,206.0,48.8
2026-07-08 04:47:56,56.0,69.000              ,1016.941,200.0,1200.0,0.0,56.0,56.000              ,56.0,56.0,56.0,56.0,56.0,56.0,56.0,43.129,25.264,48.074,44.791,64.05,11.055,49.072,15.817,37.657,1666.667,1666.667,2000.0,2000.0,1666.667,1666.667,1666.667,1666.667,2000.0,0.614,0.614,0.748,0.76,0.66,0.659,0.592,0.592,15.082,4864.0,18076.0,23.046,207.0,43.39
2026-07-08 04:47:57,56.0,69.000              ,1016.941,364.0,1200.0,0.0,56.0,56.000              ,56.0,56.0,56.0,56.0,56.0,56.0,56.0,43.956,20.021,47.699,35.809,55.643,14.819,56.292,14.979,36.152,1766.667,1766.667,2120.0,2120.0,2100.0,2100.0,1750.0,1750.0,2120.0,0.617,0.619,0.715,0.715,0.63,0.63,0.696,0.698,15.158,4863.0,18077.0,19.803,208.0,50.5
2026-07-08 04:47:58,56.0,70.000              ,1020.086,375.0,1200.0,0.0,56.0,56.000              ,56.0,56.0,56.0,56.0,56.0,56.0,56.0,41.791,22.899,51.573,36.197,59.258,16.604,60.272,15.994,38.073,1666.667,1666.667,2000.0,2000.0,2000.0,2000.0,1666.667,1666.667,2000.0,0.597,0.595,0.693,0.693,0.641,0.642,0.706,0.704,14.894,4865.0,18079.0,20.369,209.0,49.09
2026-07-08 04:47:59,56.0,70.000              ,1020.086,420.0,1200.0,0.0,56.0,56.000              ,56.0,56.0,56.0,56.0,56.0,56.0,56.0,40.5,21.745,50.46,32.752,63.43,10.698,52.297,13.36,35.655,1783.333,1783.333,1783.333,1783.333,2140.0,2140.0,1783.333,1783.333,2140.0,0.621,0.612,0.725,0.726,0.715,0.714,0.623,0.623,15.214,4869.0,18080.0,19.93,210.0,50.18
2026-07-08 04:48:00,56.0,69.000              ,1020.086,375.0,1200.0,0.0,56.0,56.000              ,56.0,56.0,56.0,56.0,56.0,56.0,56.0,39.151,29.872,48.88,40.277,61.385,9.844,59.656,15.774,38.105,1683.333,1683.333,2020.0,2020.0,1683.333,1683.333,1683.333,1683.333,2020.0,0.601,0.611,0.77,0.756,0.598,0.599,0.639,0.639,14.888,4870.0,18084.0,25.357,211.0,39.44
2026-07-08 04:48:01,56.0,69.000              ,1020.09,393.0,1200.0,0.0,56.0,56.000              ,56.0,56.0,56.0,56.0,56.0,56.0,56.0,38.412,28.656,59.117,34.295,59.384,16.335,48.964,17.533,37.837,1600.0,1600.0,1920.0,1920.0,1600.0,1616.667,1616.667,1616.667,1920.0,0.587,0.587,0.776,0.788,0.654,0.653,0.601,0.601,15.168,4871.0,18078.0,23.836,212.0,41.95
2026-07-08 04:48:02,56.0,70.000              ,1020.09,338.0,1200.0,0.0,56.0,56.000              ,56.0,56.0,56.0,56.0,56.0,56.0,56.0,32.825,27.03,44.094,40.376,59.434,10.842,46.326,15.039,34.496,1750.0,1750.0,2100.0,2100.0,1750.0,1750.0,1750.0,1750.0,2100.0,0.575,0.575,0.772,0.772,0.647,0.647,0.596,0.596,14.963,4871.0,18078.0,21.328,213.0,46.89
2026-07-08 04:48:03,56.0,69.000              ,1021.961,375.0,1200.0,0.0,56.0,56.000              ,56.0,56.0,56.0,56.0,56.0,56.0,56.0,39.516,32.121,43.574,41.554,60.445,14.886,50.573,13.923,37.074,1733.333,1733.333,2080.0,2080.0,1733.333,1733.333,1733.333,1733.333,2080.0,0.627,0.627,0.758,0.758,0.676,0.676,0.617,0.617,15.091,4873.0,18081.0,25.102,214.0,39.84
2026-07-08 04:48:04,56.0,68.000              ,1021.977,381.0,1200.0,0.0,56.0,56.000              ,56.0,56.0,56.0,56.0,56.0,56.0,56.0,32.113,25.93,41.468,39.807,58.757,8.272,43.525,13.218,32.886,1733.333,1733.333,2080.0,2080.0,1733.333,1733.333,1750.0,1750.0,2080.0,0.534,0.531,0.728,0.734,0.651,0.642,0.55,0.561,15.117,4878.0,18081.0,23.979,215.0,41.7
2026-07-08 04:48:05,56.0,68.000              ,1021.98,406.0,1200.0,0.0,56.0,56.000              ,56.0,56.0,56.0,56.0,56.0,56.0,56.0,46.162,34.325,46.197,45.614,59.293,15.602,52.517,19.408,39.89,1666.667,1666.667,1666.667,1666.667,2000.0,2000.0,1666.667,1666.667,2000.0,0.651,0.655,0.781,0.775,0.664,0.674,0.647,0.635,15.054,4874.0,18081.0,25.673,216.0,38.95
2026-07-08 04:48:06,56.0,70.000              ,1020.477,428.0,1200.0,0.0,56.0,56.000              ,56.0,56.0,56.0,56.0,56.0,56.0,56.0,41.838,35.737,49.716,43.203,54.287,19.37,53.763,20.311,39.778,1500.0,1500.0,1800.0,1800.0,1500.0,1500.0,1500.0,1500.0,1800.0,0.597,0.597,0.754,0.754,0.626,0.626,0.615,0.615,14.983,4878.0,18080.0,24.831,217.0,40.27
2026-07-08 04:48:07,56.0,71.000              ,1015.969,435.0,1200.0,0.0,56.0,56.000              ,56.0,56.0,56.0,56.0,56.0,56.0,56.0,41.577,33.26,50.626,38.761,52.641,14.339,54.983,18.48,38.084,1633.333,1633.333,1960.0,1960.0,1633.333,1633.333,1633.333,1633.333,1960.0,0.59,0.59,0.731,0.733,0.592,0.6,0.643,0.645,14.957,4881.0,18077.0,19.242,218.0,51.97
2026-07-08 04:48:08,56.0,69.000              ,1015.969,387.0,1200.0,0.0,56.0,56.000              ,56.0,56.0,56.0,56.0,56.0,56.0,56.0,34.944,28.56,54.174,37.457,58.364,19.15,54.894,17.406,38.119,1650.0,1650.0,1980.0,1980.0,1650.0,1650.0,1650.0,1650.0,1980.0,0.546,0.546,0.744,0.75,0.678,0.671,0.621,0.619,15.153,4881.0,18077.0,24.102,219.0,41.49
2026-07-08 04:48:09,56.0,69.000              ,1015.969,350.0,1200.0,0.0,56.0,56.000              ,56.0,56.0,56.0,56.0,56.0,56.0,56.0,37.052,24.591,50.363,41.653,52.258,16.808,58.877,12.292,36.737,1633.333,1633.333,1633.333,1616.667,1940.0,1940.0,1650.0,1650.0,1940.0,0.56,0.56,0.787,0.78,0.626,0.626,0.627,0.627,14.953,4882.0,18078.0,24.12,220.0,41.46
2026-07-08 04:48:10,56.0,69.000              ,1019.094,375.0,1200.0,0.0,56.0,56.000              ,56.0,56.0,56.0,56.0,56.0,56.0,56.0,36.064,26.501,40.061,47.559,60.124,12.341,46.307,13.645,35.325,1766.667,1766.667,2120.0,2120.0,1766.667,1766.667,1766.667,1766.667,2120.0,0.564,0.561,0.769,0.775,0.665,0.666,0.558,0.558,15.084,4886.0,18083.0,25.406,221.0,39.36
2026-07-08 04:48:11,56.0,68.000              ,1022.102,413.0,1200.0,0.0,56.0,56.000              ,56.0,56.0,56.0,56.0,56.0,56.0,56.0,40.888,31.495,48.018,39.736,57.504,18.579,50.222,15.645,37.761,1600.0,1600.0,1920.0,1920.0,1616.667,1616.667,1616.667,1616.667,1920.0,0.582,0.595,0.762,0.756,0.62,0.619,0.568,0.559,14.859,4887.0,18085.0,24.679,222.0,40.52
2026-07-08 04:48:12,56.0,69.000              ,1028.113,381.0,1200.0,0.0,56.0,56.000              ,56.0,56.0,56.0,56.0,56.0,56.0,56.0,33.355,27.53,47.532,37.733,56.161,11.918,47.241,11.542,34.126,1666.667,1666.667,2020.0,2020.0,1666.667,1666.667,1633.333,1633.333,2020.0,0.552,0.544,0.784,0.784,0.637,0.637,0.558,0.567,15.155,4890.0,18095.0,25.568,223.0,39.11
2026-07-08 04:48:13,56.0,69.000              ,1029.113,387.0,1200.0,0.0,56.0,56.000              ,56.0,56.0,56.0,56.0,56.0,56.0,56.0,35.759,21.35,61.18,26.063,56.401,11.883,54.721,12.258,34.952,1750.0,1750.0,2080.0,2080.0,1733.333,1733.333,1733.333,1733.333,2080.0,0.575,0.575,0.765,0.766,0.672,0.674,0.635,0.635,14.897,4894.0,18095.0,27.417,224.0,36.47
2026-07-08 04:48:14,56.0,69.000              ,1029.113,387.0,1200.0,0.0,56.0,56.000              ,56.0,56.0,56.0,56.0,56.0,56.0,56.0,35.407,22.151,39.627,35.964,50.203,18.464,48.718,15.855,33.299,1700.0,1700.0,1700.0,1700.0,2040.0,2040.0,1700.0,1700.0,2040.0,0.551,0.551,0.709,0.707,0.639,0.637,0.626,0.627,15.106,4894.0,18095.0,24.386,225.0,41.01
2026-07-08 04:48:15,56.0,70.000              ,1029.117,393.0,1200.0,0.0,56.0,56.000              ,56.0,56.0,56.0,56.0,56.0,56.0,56.0,38.273,19.076,50.191,30.14,54.382,9.014,50.951,14.714,33.343,1800.0,1800.0,2160.0,2160.0,1800.0,1800.0,1800.0,1800.0,2160.0,0.623,0.623,0.782,0.782,0.614,0.615,0.667,0.665,15.015,4898.0,18095.0,19.941,226.0,50.15
2026-07-08 04:48:16,56.0,70.000              ,1033.883,387.0,1200.0,0.0,56.0,56.000              ,56.0,56.0,56.0,56.0,56.0,56.0,56.0,42.777,31.246,39.098,39.732,62.278,16.074,50.978,20.332,37.814,1666.667,1666.667,1666.667,1666.667,2000.0,2000.0,1666.667,1666.667,2000.0,0.615,0.615,0.681,0.681,0.711,0.71,0.622,0.622,15.241,4898.0,18102.0,25.594,227.0,39.07
2026-07-08 04:48:17,56.0,69.000              ,1031.379,387.0,1200.0,0.0,56.0,56.000              ,56.0,56.0,56.0,56.0,56.0,56.0,56.0,44.745,19.956,54.846,32.784,53.441,12.822,56.651,19.808,36.881,1666.667,1666.667,1666.667,1666.667,2000.0,2000.0,1666.667,1666.667,2000.0,0.602,0.602,0.723,0.725,0.593,0.595,0.692,0.692,15.004,4903.0,18096.0,24.804,228.0,40.32
2026-07-08 04:48:18,56.0,70.000              ,1031.371,461.0,1200.0,0.0,56.0,56.000              ,56.0,56.0,56.0,56.0,56.0,56.0,56.0,33.526,33.76,51.192,35.823,52.012,12.069,53.073,17.809,36.158,1666.667,1666.667,2000.0,2000.0,1650.0,1650.0,1650.0,1650.0,2000.0,0.586,0.586,0.764,0.761,0.574,0.573,0.637,0.638,14.93,4902.0,18095.0,25.358,229.0,39.44
2026-07-08 04:48:19,56.0,71.000              ,1031.371,375.0,1200.0,0.0,56.0,56.000              ,56.0,56.0,56.0,56.0,56.0,56.0,56.0,39.69,29.412,37.307,44.747,64.165,13.274,42.692,16.436,35.965,1716.667,1716.667,1716.667,1716.667,2060.0,2060.0,1716.667,1716.667,2060.0,0.611,0.608,0.741,0.741,0.732,0.735,0.604,0.603,15.019,4901.0,18094.0,22.547,230.0,44.35
2026-07-08 04:48:20,56.0,70.000              ,1029.883,375.0,1200.0,0.0,56.0,56.000              ,56.0,56.0,56.0,56.0,56.0,56.0,56.0,41.193,33.526,45.888,43.656,63.249,15.193,46.673,27.011,39.548,1600.0,1583.333,1900.0,1900.0,1583.333,1583.333,1583.333,1583.333,1900.0,0.592,0.593,0.728,0.728,0.66,0.657,0.639,0.642,15.224,4899.0,18092.0,20.534,231.0,48.7
2026-07-08 04:48:21,56.0,69.000              ,1029.879,406.0,1200.0,0.0,56.0,56.000              ,56.0,56.0,56.0,56.0,56.0,56.0,56.0,38.007,32.815,56.961,41.38,48.673,18.3,46.785,21.439,38.045,1583.333,1583.333,1900.0,1900.0,1900.0,1900.0,1583.333,1583.333,1900.0,0.568,0.575,0.841,0.842,0.578,0.578,0.605,0.603,14.836,4907.0,18092.0,19.107,232.0,52.34
2026-07-08 04:48:22,56.0,70.000              ,1031.605,375.0,1200.0,0.0,56.0,56.000              ,56.0,56.0,56.0,56.0,56.0,56.0,56.0,43.085,35.791,44.976,50.948,62.448,20.781,51.258,21.787,41.384,1700.0,1700.0,1700.0,1700.0,2060.0,2060.0,1700.0,1700.0,2060.0,0.634,0.628,0.784,0.775,0.695,0.696,0.613,0.613,15.045,4908.0,18092.0,23.141,233.0,43.21
2026-07-08 04:48:23,56.0,70.000              ,1031.613,406.0,1200.0,0.0,56.0,56.000              ,56.0,56.0,56.0,56.0,56.0,56.0,56.0,48.905,32.239,53.15,51.071,64.281,19.042,63.393,20.782,44.108,1583.333,1583.333,1900.0,1900.0,1583.333,1583.333,1583.333,1583.333,1900.0,0.58,0.579,0.762,0.77,0.644,0.643,0.641,0.641,15.274,4906.0,18091.0,25.068,234.0,39.89
2026-07-08 04:48:24,56.0,70.000              ,1031.613,406.0,1200.0,0.0,56.0,56.000              ,56.0,56.0,56.0,56.0,56.0,56.0,56.0,46.694,36.769,57.824,47.881,63.857,29.58,56.646,21.433,45.085,1500.0,1500.0,1800.0,1800.0,1820.0,1820.0,1500.0,1500.0,1820.0,0.579,0.579,0.746,0.746,0.664,0.664,0.575,0.577,14.91,4910.0,18091.0,25.252,235.0,39.6
2026-07-08 04:48:25,56.0,71.000              ,1029.359,413.0,1200.0,0.0,56.0,56.000              ,56.0,56.0,56.0,56.0,56.0,56.0,56.0,41.615,34.092,49.627,41.27,55.385,20.936,49.081,33.047,40.632,1566.667,1566.667,1880.0,1880.0,1880.0,1880.0,1566.667,1566.667,1880.0,0.578,0.578,0.715,0.715,0.607,0.607,0.681,0.679,15.0,4915.0,18089.0,26.111,236.0,38.3
2026-07-08 04:48:26,56.0,69.000              ,1029.355,400.0,1200.0,0.0,56.0,56.000              ,56.0,56.0,56.0,56.0,56.0,56.0,56.0,46.721,31.555,46.916,49.718,56.207,15.443,53.565,23.303,40.429,1583.333,1583.333,1583.333,1880.0,1583.333,1583.333,1900.0,1900.0,1900.0,0.617,0.617,0.806,0.807,0.608,0.608,0.646,0.646,15.008,4915.0,18088.0,30.185,237.0,33.13
2026-07-08 04:48:27,56.0,70.000              ,1029.359,344.0,1200.0,0.0,56.0,56.000              ,56.0,56.0,56.0,56.0,56.0,56.0,56.0,48.49,27.477,53.468,38.349,65.692,14.876,52.92,23.521,40.599,1616.667,1616.667,1940.0,1940.0,1940.0,1940.0,1616.667,1616.667,1940.0,0.623,0.629,0.763,0.761,0.655,0.656,0.664,0.667,15.109,4916.0,18088.0,30.206,238.0,33.11
2026-07-08 04:48:28,56.0,70.000              ,1029.359,375.0,1200.0,0.0,56.0,56.000              ,56.0,56.0,56.0,56.0,56.0,56.0,56.0,39.913,34.297,51.606,45.42,61.357,18.51,56.382,33.192,42.585,1666.667,1666.667,2000.0,2000.0,1666.667,1666.667,1666.667,1666.667,2000.0,0.59,0.583,0.762,0.762,0.654,0.652,0.71,0.708,14.911,4917.0,18085.0,27.619,239.0,36.21
2026-07-08 04:48:29,56.0,70.000              ,1031.227,364.0,1200.0,0.0,56.0,56.000              ,56.0,56.0,56.0,56.0,56.0,56.0,56.0,42.833,40.455,52.506,45.952,62.206,21.226,53.305,33.762,44.031,1616.667,1616.667,1940.0,1940.0,1616.667,1616.667,1616.667,1616.667,1940.0,0.623,0.623,0.763,0.763,0.668,0.668,0.719,0.718,15.122,4936.0,18096.0,24.239,240.0,41.26
2026-07-08 04:48:30,56.0,70.000              ,1032.055,364.0,1200.0,0.0,56.0,56.000              ,56.0,56.0,56.0,56.0,56.0,56.0,56.0,34.113,31.742,44.584,37.67,47.002,12.544,42.691,27.948,34.787,1750.0,1750.0,2100.0,2100.0,2100.0,2100.0,1750.0,1750.0,2100.0,0.609,0.609,0.822,0.822,0.562,0.562,0.699,0.699,14.84,4933.0,18097.0,25.743,241.0,38.85
2026-07-08 04:48:31,56.0,70.000              ,1032.09,285.0,1200.0,0.0,56.0,56.000              ,56.0,56.0,56.0,56.0,56.0,56.0,56.0,36.656,21.922,46.412,27.468,50.2,7.844,37.801,26.992,31.912,1760.0,1760.0,2200.0,2200.0,1816.667,1816.667,1816.667,1816.667,2200.0,0.634,0.634,0.814,0.814,0.619,0.619,0.713,0.713,14.886,4940.0,18099.0,18.138,242.0,55.13
2026-07-08 04:48:32,56.0,69.000              ,1031.332,344.0,1200.0,0.0,56.0,56.000              ,56.0,56.0,56.0,56.0,56.0,56.0,56.0,37.408,28.484,50.304,34.542,57.423,9.917,46.368,19.534,35.497,1820.0,1820.0,2275.0,2275.0,1820.0,1820.0,1820.0,1820.0,2275.0,0.661,0.652,0.864,0.864,0.679,0.679,0.697,0.701,15.19,4947.0,18091.0,23.656,243.0,42.27
2026-07-08 04:48:33,56.0,69.000              ,1030.961,344.0,1200.0,0.0,56.0,56.000              ,56.0,56.0,56.0,56.0,56.0,56.0,56.0,37.509,33.496,38.514,47.627,47.803,15.311,44.93,20.776,35.746,1733.333,1733.333,2080.0,2080.0,1733.333,1733.333,1733.333,1733.333,2080.0,0.656,0.665,0.877,0.877,0.601,0.601,0.654,0.649,15.045,4946.0,18093.0,23.344,244.0,42.84
2026-07-08 04:48:34,56.0,70.000              ,1030.949,352.0,1200.0,0.0,56.0,56.000              ,56.0,56.0,56.0,56.0,56.0,56.0,56.0,40.719,55.551,51.048,44.65,59.303,15.054,55.386,30.946,44.082,1760.0,1760.0,2200.0,2200.0,1760.0,1760.0,1760.0,1760.0,2200.0,0.845,0.845,0.798,0.798,0.641,0.646,0.748,0.748,15.261,4962.0,18093.0,17.743,245.0,56.36
2026-07-08 04:48:35,56.0,70.000              ,1037.973,406.0,1200.0,0.0,56.0,56.000              ,56.0,56.0,56.0,56.0,56.0,56.0,56.0,46.281,62.02,56.237,55.503,57.577,32.944,62.991,37.421,51.372,1880.0,1880.0,1880.0,1880.0,1880.0,1880.0,1880.0,1880.0,1880.0,0.841,0.841,0.724,0.725,0.61,0.609,0.73,0.734,14.995,4969.0,18106.0,25.843,246.0,38.7
2026-07-08 04:48:36,56.0,70.000              ,1038.027,200.0,1200.0,0.0,56.0,56.000              ,56.0,56.0,56.0,56.0,56.0,56.0,56.0,36.795,38.663,39.506,51.196,51.281,15.537,51.852,22.755,38.448,1583.333,1583.333,1900.0,1900.0,1600.0,1600.0,1600.0,1600.0,1900.0,0.611,0.613,0.813,0.812,0.599,0.595,0.643,0.637,14.936,4973.0,18088.0,21.617,247.0,46.26
2026-07-08 04:48:37,56.0,69.000              ,1038.027,333.0,1200.0,0.0,56.0,56.000              ,56.0,56.0,56.0,56.0,56.0,56.0,56.0,42.914,28.323,46.39,37.22,57.153,12.727,50.27,23.653,37.331,1683.333,1683.333,1683.333,1683.333,2020.0,2020.0,1700.0,1700.0,2020.0,0.625,0.625,0.779,0.779,0.685,0.685,0.715,0.717,15.117,4971.0,18087.0,24.714,248.0,40.46
2026-07-08 04:48:38,56.0,69.000              ,1038.113,333.0,1200.0,0.0,56.0,56.000              ,56.0,56.0,56.0,56.0,56.0,56.0,56.0,41.615,27.521,45.504,31.445,49.686,13.04,43.308,26.512,34.829,1766.667,1766.667,2120.0,2120.0,1766.667,1766.667,1766.667,1766.667,2120.0,0.622,0.622,0.719,0.719,0.629,0.629,0.739,0.738,14.902,4970.0,18087.0,19.744,249.0,50.65
2026-07-08 04:48:39,56.0,69.000              ,1038.113,358.0,1200.0,0.0,56.0,56.000              ,56.0,56.0,56.0,56.0,56.0,56.0,56.0,40.692,27.595,47.714,35.472,53.086,12.55,39.592,23.183,34.986,1257.143,1816.667,2180.0,2180.0,1816.667,1816.667,1816.667,1816.667,2180.0,0.646,0.646,0.811,0.811,0.664,0.669,0.69,0.691,15.012,4970.0,18087.0,23.178,250.0,43.14
2026-07-08 04:48:40,56.0,68.000              ,1038.109,200.0,1200.0,0.0,56.0,56.000              ,56.0,56.0,56.0,56.0,56.0,56.0,56.0,32.185,27.034,32.174,42.396,55.34,10.875,40.357,13.22,31.698,1820.0,1820.0,2275.0,2275.0,1820.0,1820.0,1820.0,1820.0,2275.0,0.607,0.606,0.854,0.854,0.684,0.679,0.598,0.596,14.936,4970.0,18087.0,24.08,251.0,41.53
2026-07-08 04:48:41,56.0,68.000              ,1038.113,200.0,1200.0,0.0,56.0,56.000              ,56.0,56.0,56.0,56.0,56.0,56.0,56.0,35.117,28.5,38.491,42.661,55.637,10.995,44.613,18.589,34.325,1783.333,1783.333,2140.0,2140.0,1800.0,1800.0,1800.0,1800.0,2140.0,0.631,0.631,0.861,0.864,0.689,0.69,0.654,0.654,15.003,4978.0,18086.0,25.251,252.0,39.6
2026-07-08 04:48:42,56.0,68.000              ,1037.711,344.0,1200.0,0.0,56.0,56.000              ,56.0,56.0,56.0,56.0,56.0,56.0,56.0,39.888,28.048,44.562,39.77,58.78,11.443,44.314,16.298,35.388,1816.667,1816.667,2180.0,2180.0,1816.667,1816.667,1816.667,1816.667,2180.0,0.659,0.661,0.818,0.816,0.687,0.686,0.638,0.638,15.142,4976.0,18086.0,25.32,253.0,39.49
2026-07-08 04:48:43,56.0,69.000              ,1030.453,338.0,1200.0,0.0,56.0,56.000              ,56.0,56.0,56.0,56.0,56.0,56.0,56.0,38.443,26.504,44.587,36.813,53.963,13.796,42.328,22.244,34.835,1733.333,1733.333,2080.0,2080.0,2080.0,2080.0,1733.333,1733.333,2080.0,0.612,0.611,0.773,0.774,0.678,0.678,0.686,0.686,15.023,4981.0,18082.0,22.672,254.0,44.11
2026-07-08 04:48:44,56.0,70.000              ,1030.449,393.0,1200.0,0.0,56.0,56.000              ,56.0,56.0,56.0,56.0,56.0,56.0,56.0,40.936,30.098,52.176,32.825,48.163,14.097,43.587,22.661,35.568,1880.0,1880.0,2350.0,2350.0,1880.0,1880.0,1880.0,1880.0,2350.0,0.754,0.752,0.96,0.96,0.71,0.71,0.784,0.784,14.991,4980.0,18081.0,19.678,255.0,50.82
2026-07-08 04:48:45,56.0,70.000              ,1030.449,333.0,1200.0,0.0,56.0,56.000              ,56.0,56.0,56.0,56.0,56.0,56.0,56.0,36.487,32.132,36.465,57.095,41.835,12.376,44.434,20.102,35.116,1683.333,1683.333,2020.0,2020.0,1683.333,1683.333,1683.333,1683.333,2020.0,0.668,0.668,0.997,0.996,0.557,0.557,0.661,0.662,14.852,4980.0,18082.0,20.623,256.0,48.49
2026-07-08 04:48:46,56.0,70.000              ,1029.969,370.0,1200.0,0.0,56.0,56.000              ,56.0,56.0,56.0,56.0,56.0,56.0,56.0,40.395,26.479,55.163,34.22,45.438,14.734,45.236,16.765,34.804,1980.0,1980.0,2450.0,2450.0,1960.0,1960.0,1960.0,1960.0,2450.0,0.73,0.73,0.944,0.942,0.677,0.677,0.711,0.71,15.097,4984.0,18076.0,25.302,257.0,39.52
2026-07-08 04:48:47,56.0,70.000              ,1029.969,344.0,1200.0,0.0,56.0,56.000              ,56.0,56.0,56.0,56.0,56.0,56.0,56.0,30.816,29.078,60.539,33.67,47.44,15.489,46.491,21.188,35.589,1800.0,1800.0,2250.0,2275.0,1820.0,1820.0,1820.0,1820.0,2275.0,0.627,0.626,0.967,0.954,0.671,0.671,0.757,0.757,15.097,4984.0,18077.0,19.039,258.0,52.52
2026-07-08 04:48:48,56.0,70.000              ,1028.91,370.0,1200.0,0.0,56.0,56.000              ,56.0,56.0,56.0,56.0,56.0,56.0,56.0,41.594,26.883,36.71,38.186,49.021,13.981,48.319,16.312,33.876,1900.0,1900.0,2375.0,2375.0,1900.0,1900.0,1900.0,1900.0,2375.0,0.717,0.719,0.893,0.905,0.709,0.715,0.776,0.783,15.106,4992.0,18076.0,24.357,259.0,41.06
2026-07-08 04:48:49,56.0,69.000              ,1028.859,326.0,1200.0,0.0,56.0,56.000              ,56.0,56.0,56.0,56.0,56.0,56.0,56.0,43.651,27.38,44.238,34.304,45.346,17.427,55.676,28.987,37.126,1800.0,1820.0,2275.0,2275.0,1820.0,1820.0,1820.0,1820.0,2275.0,0.672,0.671,0.732,0.732,0.652,0.646,0.872,0.866,15.081,4995.0,18075.0,22.337,260.0,44.77
2026-07-08 04:48:50,56.0,70.000              ,1028.863,333.0,1200.0,0.0,56.0,56.000              ,56.0,56.0,56.0,56.0,56.0,56.0,56.0,45.536,25.7,42.493,33.138,43.113,10.815,51.794,22.507,34.387,1816.667,1816.667,1816.667,1816.667,1816.667,1816.667,2180.0,2180.0,2180.0,0.732,0.734,0.748,0.748,0.597,0.597,0.861,0.861,14.96,4996.0,18075.0,19.735,261.0,50.67
2026-07-08 04:48:51,56.0,69.000              ,1029.863,375.0,1200.0,0.0,56.0,56.000              ,56.0,56.0,56.0,56.0,56.0,56.0,56.0,42.981,28.896,51.646,29.977,38.138,14.104,43.344,25.795,34.36,1820.0,1820.0,1820.0,1820.0,1820.0,1820.0,2275.0,2275.0,2275.0,0.664,0.662,0.835,0.837,0.567,0.567,0.738,0.738,14.924,4995.0,18076.0,19.299,262.0,51.82
2026-07-08 04:48:52,56.0,69.000              ,1029.863,310.0,1200.0,0.0,56.0,56.000              ,56.0,56.0,56.0,56.0,56.0,56.0,56.0,38.364,26.068,48.114,37.239,49.708,19.416,49.71,25.397,36.752,1816.667,1816.667,2180.0,2180.0,1760.0,1760.0,2200.0,2200.0,2200.0,0.66,0.66,0.868,0.866,0.711,0.711,0.794,0.794,15.253,4996.0,18075.0,24.477,263.0,40.85
2026-07-08 04:48:53,56.0,69.000              ,1029.922,344.0,1200.0,0.0,56.0,56.000              ,56.0,56.0,56.0,56.0,56.0,56.0,56.0,34.461,27.127,47.982,35.092,53.76,13.534,48.383,16.689,34.629,1820.0,1820.0,2275.0,2275.0,1820.0,1820.0,2250.0,2250.0,2275.0,0.653,0.653,0.887,0.895,0.712,0.712,0.739,0.739,14.958,4996.0,18075.0,23.629,264.0,42.32
2026-07-08 04:48:54,56.0,69.000              ,1029.922,326.0,1200.0,0.0,56.0,56.000              ,56.0,56.0,56.0,56.0,56.0,56.0,56.0,35.374,28.128,48.303,41.026,48.843,16.137,49.254,31.287,37.294,1760.0,1760.0,1760.0,1760.0,1760.0,1760.0,2200.0,2200.0,2200.0,0.646,0.646,0.868,0.86,0.655,0.656,0.815,0.815,14.902,4998.0,18076.0,20.54,265.0,48.69
2026-07-08 04:48:55,56.0,70.000              ,1029.922,435.0,1200.0,0.0,56.0,56.000              ,56.0,56.0,56.0,56.0,56.0,56.0,56.0,35.595,28.243,50.51,30.585,44.96,18.504,47.437,20.152,34.498,1840.0,1840.0,2300.0,2300.0,1840.0,1840.0,1840.0,1840.0,2300.0,0.702,0.702,0.883,0.888,0.714,0.714,0.767,0.767,15.211,4997.0,18076.0,27.517,266.0,36.34
2026-07-08 04:48:56,55.0,70.000              ,1029.902,393.0,1200.0,0.0,55.875,55.875              ,55.875,55.875,55.875,55.875,55.875,55.875,55.875,34.44,31.118,37.631,35.753,46.056,12.947,47.378,22.417,33.467,1880.0,1880.0,2350.0,2350.0,1880.0,1880.0,1880.0,1880.0,2350.0,0.695,0.695,0.763,0.759,0.641,0.64,0.823,0.823,14.744,4999.0,18075.0,27.435,267.0,36.45
2026-07-08 04:48:57,55.0,70.000              ,1029.914,344.0,1200.0,0.0,55.875,55.875              ,55.875,55.875,55.875,55.875,55.875,55.875,55.875,35.743,28.608,48.135,41.52,51.496,10.673,48.87,17.553,35.325,1880.0,1880.0,2350.0,2350.0,1880.0,1880.0,1880.0,1880.0,2350.0,0.697,0.696,1.007,1.007,0.681,0.682,0.736,0.736,15.311,5001.0,18075.0,24.048,268.0,41.58
2026-07-08 04:48:58,55.0,70.000              ,1029.914,315.0,1200.0,0.0,55.875,55.875              ,55.875,55.875,55.875,55.875,55.875,55.875,55.875,33.589,24.394,57.283,25.345,56.392,7.133,40.777,21.702,33.327,1860.0,1860.0,2325.0,2325.0,1860.0,1860.0,1860.0,1860.0,2325.0,0.666,0.667,0.954,0.952,0.679,0.678,0.749,0.749,14.969,5001.0,18075.0,23.103,269.0,43.28
2026-07-08 04:48:59,55.0,69.000              ,1029.938,364.0,1200.0,0.0,55.875,55.875              ,55.875,55.875,55.875,55.875,55.875,55.875,55.875,34.588,28.459,53.657,28.549,60.753,9.865,42.108,23.431,35.176,1840.0,1840.0,2300.0,2300.0,1840.0,1840.0,1840.0,1840.0,2300.0,0.672,0.671,0.907,0.907,0.779,0.78,0.779,0.779,15.098,5003.0,18076.0,20.158,270.0,49.61
2026-07-08 04:49:00,55.0,69.000              ,1029.945,442.0,1200.0,0.0,55.875,55.875              ,55.875,55.875,55.875,55.875,55.875,55.875,55.875,37.39,27.742,48.077,39.523,52.158,12.534,46.871,16.679,35.122,1800.0,1800.0,2250.0,2250.0,1800.0,1800.0,1800.0,1800.0,2250.0,0.63,0.633,0.967,0.957,0.649,0.651,0.697,0.703,15.094,5004.0,18077.0,23.812,271.0,42.0
2026-07-08 04:49:01,55.0,69.000              ,1029.949,200.0,1200.0,0.0,55.875,55.875              ,55.875,55.875,55.875,55.875,55.875,55.875,55.875,38.2,28.092,44.455,42.548,58.284,14.591,43.272,21.389,36.354,1820.0,1820.0,2275.0,2275.0,1800.0,1800.0,1800.0,1800.0,2275.0,0.66,0.657,0.885,0.894,0.769,0.767,0.699,0.693,15.055,5006.0,18075.0,22.953,272.0,43.57
2026-07-08 04:49:02,55.0,70.000              ,1029.949,344.0,1200.0,0.0,55.875,55.875              ,55.875,55.875,55.875,55.875,55.875,55.875,55.875,37.556,27.483,37.06,38.535,60.231,10.882,45.624,16.761,34.266,1783.333,1783.333,2140.0,2140.0,1783.333,1783.333,1783.333,1783.333,2140.0,0.654,0.654,0.809,0.817,0.758,0.756,0.701,0.702,14.941,5008.0,18076.0,20.922,273.0,47.8
2026-07-08 04:49:03,55.0,70.000              ,1029.961,338.0,1200.0,0.0,55.875,55.875              ,55.875,55.875,55.875,55.875,55.875,55.875,55.875,36.951,28.212,42.507,41.516,52.99,15.817,41.521,16.963,34.56,1840.0,1840.0,2300.0,2300.0,1840.0,1840.0,1840.0,1840.0,2300.0,0.668,0.668,0.936,0.931,0.736,0.736,0.701,0.709,15.088,5008.0,18077.0,21.23,274.0,47.1
2026-07-08 04:49:04,55.0,70.000              ,1029.961,338.0,1200.0,0.0,55.875,55.875              ,55.875,55.875,55.875,55.875,55.875,55.875,55.875,38.366,34.205,42.265,43.669,53.055,13.145,47.887,18.41,36.375,1820.0,1820.0,2275.0,2275.0,1820.0,1820.0,1820.0,1820.0,2275.0,0.688,0.688,0.94,0.938,0.682,0.682,0.707,0.699,14.93,5012.0,18076.0,23.992,275.0,41.68
2026-07-08 04:49:05,55.0,69.000              ,1029.961,331.0,1200.0,0.0,55.875,55.875              ,55.875,55.875,55.875,55.875,55.875,55.875,55.875,41.912,27.886,43.786,35.395,53.294,11.718,44.931,16.182,34.388,1780.0,1780.0,2225.0,2225.0,1780.0,1780.0,1780.0,1780.0,2225.0,0.679,0.679,0.885,0.885,0.728,0.728,0.705,0.704,15.055,5012.0,18076.0,18.106,276.0,55.23
2026-07-08 04:49:06,55.0,69.000              ,1029.59,200.0,1200.0,0.0,55.875,55.875              ,55.875,55.875,55.875,55.875,55.875,55.875,55.875,39.641,22.141,44.97,34.331,46.828,9.371,42.886,18.552,32.34,1880.0,1880.0,2325.0,2325.0,1860.0,1860.0,1860.0,1860.0,2325.0,0.679,0.679,0.934,0.934,0.663,0.663,0.724,0.725,15.037,5011.0,18076.0,21.158,277.0,47.26
2026-07-08 04:49:07,55.0,68.000              ,1029.586,393.0,1200.0,0.0,55.875,55.875              ,55.875,55.875,55.875,55.875,55.875,55.875,55.875,34.519,27.196,47.611,32.333,55.325,11.733,46.744,17.598,34.132,1816.667,1816.667,2160.0,2160.0,1816.667,1816.667,1816.667,1816.667,2160.0,0.632,0.632,0.853,0.855,0.731,0.731,0.737,0.736,15.076,5014.0,18076.0,20.668,278.0,48.38
2026-07-08 04:49:08,55.0,69.000              ,1029.586,426.0,1200.0,0.0,55.75,55.750              ,55.75,55.75,55.75,55.75,55.75,55.75,55.75,37.678,27.151,54.639,29.766,50.136,6.434,42.673,20.363,33.605,1860.0,1860.0,2325.0,2325.0,1860.0,1860.0,1860.0,1860.0,2325.0,0.651,0.651,0.96,0.958,0.651,0.653,0.736,0.736,15.028,5014.0,18076.0,18.231,279.0,54.85
2026-07-08 04:49:09,55.0,70.000              ,1029.59,428.0,1200.0,0.0,55.75,55.750              ,55.75,55.75,55.75,55.75,55.75,55.75,55.75,47.699,30.828,56.209,37.99,48.586,15.517,48.257,18.836,37.99,1816.667,1816.667,2180.0,2180.0,1816.667,1816.667,1816.667,1816.667,2180.0,0.685,0.687,0.907,0.909,0.622,0.62,0.676,0.676,14.997,5015.0,18077.0,20.009,280.0,49.98
2026-07-08 04:49:10,55.0,69.000              ,1029.586,333.0,1200.0,0.0,55.75,55.750              ,55.75,55.75,55.75,55.75,55.75,55.75,55.75,40.223,28.211,44.691,35.141,47.637,10.647,48.423,16.548,33.94,1780.0,1780.0,2225.0,2225.0,1780.0,1780.0,1780.0,1780.0,2225.0,0.687,0.686,0.889,0.887,0.664,0.658,0.731,0.731,15.013,5022.0,18075.0,22.351,281.0,44.74
2026-07-08 04:49:11,55.0,69.000              ,1029.59,364.0,1200.0,0.0,55.75,55.750              ,55.75,55.75,55.75,55.75,55.75,55.75,55.75,38.954,23.597,46.735,33.419,57.498,13.871,55.684,15.837,35.699,1760.0,1760.0,2200.0,2200.0,1760.0,1760.0,1760.0,1760.0,2200.0,0.683,0.686,0.79,0.79,0.735,0.744,0.827,0.827,14.994,5024.0,18075.0,20.915,282.0,47.81
2026-07-08 04:49:12,55.0,70.000              ,1029.59,338.0,1200.0,0.0,55.75,55.750              ,55.75,55.75,55.75,55.75,55.75,55.75,55.75,46.994,19.3,48.254,26.195,60.442,8.793,50.936,13.777,34.336,1840.0,1840.0,2300.0,2300.0,2300.0,2300.0,2300.0,2300.0,2300.0,0.786,0.784,0.729,0.718,0.804,0.802,0.812,0.814,15.062,5024.0,18075.0,20.058,283.0,49.86
2026-07-08 04:49:13,55.0,70.000              ,1029.594,387.0,1200.0,0.0,55.75,55.750              ,55.75,55.75,55.75,55.75,55.75,55.75,55.75,42.424,18.175,48.351,24.579,60.823,9.478,50.983,13.115,33.491,1900.0,1900.0,2400.0,2400.0,2400.0,2400.0,1920.0,1920.0,2400.0,0.734,0.734,0.757,0.775,0.827,0.829,0.717,0.714,15.061,5024.0,18076.0,19.266,284.0,51.9
2026-07-08 04:49:14,55.0,69.000              ,1029.59,338.0,1200.0,0.0,55.75,55.750              ,55.75,55.75,55.75,55.75,55.75,55.75,55.75,37.263,21.988,50.185,29.746,51.738,6.481,44.447,11.56,31.676,1840.0,1840.0,2325.0,2325.0,1860.0,1860.0,1860.0,1860.0,2325.0,0.741,0.741,0.908,0.903,0.71,0.709,0.701,0.701,14.961,5026.0,18076.0,25.081,285.0,39.87
2026-07-08 04:49:15,55.0,69.000              ,1029.59,352.0,1200.0,0.0,55.75,55.750              ,55.75,55.75,55.75,55.75,55.75,55.75,55.75,38.461,19.728,63.016,25.082,51.865,6.762,41.206,18.895,33.127,1880.0,1880.0,2350.0,2350.0,1880.0,1880.0,1880.0,1880.0,2350.0,0.719,0.719,0.995,0.987,0.654,0.655,0.701,0.701,15.065,5025.0,18075.0,24.31,286.0,41.14
2026-07-08 04:49:16,55.0,69.000              ,1029.602,200.0,1200.0,0.0,55.75,55.750              ,55.75,55.75,55.75,55.75,55.75,55.75,55.75,47.032,22.965,46.233,34.467,56.478,9.632,43.235,16.976,34.627,1780.0,1780.0,2225.0,2225.0,1800.0,1800.0,1800.0,1800.0,2225.0,0.747,0.747,0.822,0.828,0.718,0.717,0.695,0.695,15.21,5027.0,18074.0,25.312,287.0,39.51
2026-07-08 04:49:17,55.0,70.000              ,1029.59,344.0,1200.0,0.0,55.75,55.750              ,55.75,55.75,55.75,55.75,55.75,55.75,55.75,45.973,25.08,49.816,36.435,60.892,12.002,53.834,14.985,37.377,1783.333,1783.333,2140.0,2140.0,1783.333,1783.333,1783.333,1783.333,2140.0,0.664,0.664,0.745,0.753,0.668,0.668,0.694,0.694,14.922,5028.0,18074.0,22.386,288.0,44.67
2026-07-08 04:49:18,55.0,69.000              ,1029.59,358.0,1200.0,0.0,55.75,55.750              ,55.75,55.75,55.75,55.75,55.75,55.75,55.75,50.819,35.234,50.1,47.222,59.088,22.003,53.066,27.216,43.094,1800.0,1800.0,2250.0,2225.0,1760.0,1760.0,2200.0,2250.0,2250.0,0.709,0.709,0.819,0.819,0.68,0.68,0.695,0.695,15.473,5046.0,18078.0,23.54,289.0,42.48
2026-07-08 04:49:19,55.0,69.000              ,1029.59,326.0,1200.0,0.0,55.75,55.750              ,55.75,55.75,55.75,55.75,55.75,55.75,55.75,58.239,43.76,52.0,59.693,64.112,32.692,60.231,38.697,51.178,1760.0,1760.0,1780.0,1780.0,1483.333,1483.333,1483.333,1483.333,1780.0,0.657,0.657,0.738,0.73,0.638,0.638,0.657,0.666,14.758,5046.0,18076.0,23.45,290.0,42.64
2026-07-08 04:49:20,55.0,66.000              ,1029.594,200.0,1200.0,0.0,55.75,55.750              ,55.75,55.75,55.75,55.75,55.75,55.75,55.75,46.169,16.674,48.6,26.534,49.384,11.552,61.087,15.216,34.402,1783.333,1783.333,1783.333,1783.333,1783.333,1783.333,2140.0,2140.0,2140.0,0.676,0.676,0.702,0.702,0.61,0.61,0.88,0.871,14.888,5045.0,18074.0,21.96,291.0,45.54
2026-07-08 04:49:21,55.0,67.000              ,1029.598,413.0,1200.0,0.0,55.75,55.750              ,55.75,55.75,55.75,55.75,55.75,55.75,55.75,40.707,25.483,37.72,38.315,50.324,8.444,46.298,14.427,32.715,1800.0,1800.0,2250.0,2250.0,1800.0,1800.0,1800.0,1800.0,2250.0,0.723,0.725,0.894,0.894,0.669,0.669,0.697,0.693,14.945,5049.0,18075.0,23.947,292.0,41.76
2026-07-08 04:49:22,55.0,70.000              ,1030.676,381.0,1200.0,0.0,55.75,55.750              ,55.75,55.75,55.75,55.75,55.75,55.75,55.75,43.746,31.68,48.826,49.01,51.859,15.652,54.513,15.268,38.819,1766.667,1766.667,2120.0,2120.0,1766.667,1766.667,1750.0,1750.0,2120.0,0.642,0.64,0.878,0.878,0.652,0.652,0.653,0.657,15.277,5050.0,18077.0,23.249,293.0,43.01
2026-07-08 04:49:23,55.0,70.000              ,1034.684,200.0,1200.0,0.0,55.75,55.750              ,55.75,55.75,55.75,55.75,55.75,55.75,55.75,58.059,48.8,63.151,65.425,67.732,36.445,70.47,55.201,58.16,1600.0,1600.0,1920.0,1920.0,1616.667,1616.667,1616.667,1600.0,1920.0,0.681,0.681,0.889,0.889,0.743,0.743,0.812,0.802,15.218,5083.0,18099.0,38.136,294.0,26.22
2026-07-08 04:49:24,55.0,73.000              ,1034.684,381.0,1200.0,0.0,55.75,55.750              ,55.75,55.75,55.75,55.75,55.75,55.75,55.75,54.81,46.241,56.674,68.345,57.595,52.913,60.331,47.071,55.498,1428.571,1442.857,1457.143,1471.429,1471.429,1471.429,1716.667,1716.667,1716.667,0.608,0.608,0.789,0.79,0.7,0.702,0.693,0.702,14.975,5094.0,18100.0,39.141,295.0,25.55
2026-07-08 04:49:25,55.0,76.000              ,1034.688,381.0,1200.0,0.0,55.75,55.750              ,55.75,55.75,55.75,55.75,55.75,55.75,55.75,69.546,59.575,68.652,72.878,74.333,57.083,71.002,55.203,66.034,1760.0,1760.0,1760.0,1760.0,1466.667,1466.667,1466.667,1733.333,1760.0,0.657,0.658,0.754,0.76,0.71,0.708,0.65,0.651,14.922,5149.0,18090.0,40.183,296.0,24.89
2026-07-08 04:49:26,55.0,77.000              ,1034.691,200.0,1200.0,0.0,55.75,55.750              ,55.75,55.75,55.75,55.75,55.75,55.75,55.75,44.028,32.512,42.627,48.942,57.359,26.213,56.628,19.03,40.917,1566.667,1566.667,1880.0,1880.0,1900.0,1900.0,1583.333,1583.333,1900.0,0.566,0.565,0.706,0.698,0.646,0.64,0.615,0.613,14.968,5147.0,18088.0,19.505,297.0,51.27
2026-07-08 04:49:27,55.0,71.000              ,1034.691,310.0,1200.0,0.0,55.75,55.750              ,55.75,55.75,55.75,55.75,55.75,55.75,55.75,52.468,40.784,59.735,54.131,57.994,37.083,57.712,39.653,49.945,1566.667,1566.667,1566.667,1583.333,1900.0,1900.0,1583.333,1583.333,1900.0,0.624,0.624,0.811,0.812,0.685,0.691,0.667,0.667,15.201,5161.0,18095.0,24.545,298.0,40.74
2026-07-08 04:49:28,55.0,73.000              ,1034.688,406.0,1200.0,0.0,55.75,55.750              ,55.75,55.75,55.75,55.75,55.75,55.75,55.75,51.657,45.739,55.823,62.437,63.322,38.63,60.477,36.678,51.845,1400.0,1400.0,1633.333,1633.333,1633.333,1633.333,1400.0,1400.0,1633.333,0.565,0.566,0.739,0.737,0.637,0.632,0.619,0.619,14.983,5156.0,18094.0,24.86,299.0,40.23
2026-07-08 04:49:29,55.0,78.000              ,1034.688,442.0,1200.0,0.0,55.75,55.750              ,55.75,55.75,55.75,55.75,55.75,55.75,55.75,47.536,30.753,45.794,59.414,55.502,26.179,50.315,26.675,42.771,1533.333,1533.333,1840.0,1840.0,1533.333,1533.333,1516.667,1516.667,1840.0,0.573,0.572,0.82,0.816,0.627,0.628,0.588,0.588,14.856,5174.0,18089.0,37.18,300.0,26.9
2026-07-08 04:49:30,55.0,72.000              ,1034.691,200.0,1200.0,0.0,55.75,55.750              ,55.75,55.75,55.75,55.75,55.75,55.75,55.75,46.959,31.366,54.832,43.751,54.091,28.052,57.405,27.864,43.04,1583.333,1583.333,1900.0,1900.0,1583.333,1583.333,1583.333,1566.667,1900.0,0.577,0.577,0.777,0.78,0.614,0.607,0.653,0.653,14.914,5172.0,18089.0,22.808,301.0,43.84
2026-07-08 04:49:31,55.0,65.000              ,1035.063,200.0,1200.0,0.0,55.75,55.750              ,55.75,55.75,55.75,55.75,55.75,55.75,55.75,37.781,25.729,41.652,36.664,49.051,16.938,48.943,18.206,34.37,1766.667,1766.667,2120.0,2120.0,1766.667,1766.667,1766.667,1766.667,2120.0,0.595,0.595,0.761,0.763,0.63,0.638,0.635,0.635,15.117,5183.0,18088.0,35.297,302.0,28.33
2026-07-08 04:49:32,55.0,64.000              ,1034.055,290.0,1200.0,0.0,55.75,55.750              ,55.75,55.75,55.75,55.75,55.75,55.75,55.75,57.357,44.586,59.017,60.194,74.871,52.883,62.218,44.541,56.958,1550.0,1533.333,1840.0,1533.333,1840.0,1840.0,1533.333,1533.333,1840.0,0.615,0.615,0.726,0.725,0.809,0.804,0.638,0.638,15.325,5198.0,18091.0,36.786,303.0,27.18
2026-07-08 04:49:33,55.0,71.000              ,1030.59,484.0,1200.0,0.0,55.75,55.750              ,55.75,55.75,55.75,55.75,55.75,55.75,55.75,49.966,41.862,53.266,54.328,65.726,39.116,58.544,35.301,49.764,1457.143,1457.143,1700.0,1700.0,1700.0,1700.0,1457.143,1457.143,1700.0,0.592,0.592,0.715,0.714,0.708,0.708,0.614,0.614,14.734,5189.0,18046.0,45.676,304.0,21.89
2026-07-08 04:49:34,55.0,74.000              ,1030.594,326.0,1200.0,0.0,55.75,55.750              ,55.75,55.75,55.75,55.75,55.75,55.75,55.75,40.868,31.622,40.656,59.103,58.656,28.068,59.953,23.292,42.777,1633.333,1633.333,1960.0,1960.0,1633.333,1633.333,1633.333,1633.333,1960.0,0.567,0.567,0.83,0.833,0.661,0.67,0.65,0.65,15.339,5201.0,18045.0,22.229,305.0,44.99
2026-07-08 04:49:35,55.0,74.000              ,1027.336,420.0,1200.0,0.0,55.75,55.750              ,55.75,55.75,55.75,55.75,55.75,55.75,55.75,49.908,42.146,52.384,66.628,66.715,52.511,55.39,35.65,52.667,1414.286,1414.286,1414.286,1414.286,1650.0,1633.333,1400.0,1400.0,1650.0,0.545,0.545,0.728,0.728,0.715,0.706,0.559,0.559,14.746,5231.0,18045.0,26.034,306.0,38.41
2026-07-08 04:49:36,55.0,74.000              ,1027.332,435.0,1200.0,0.0,55.75,55.750              ,55.75,55.75,55.75,55.75,55.75,55.75,55.75,37.325,25.648,58.44,36.034,51.14,14.515,50.258,22.623,36.998,1583.333,1583.333,1900.0,1900.0,1583.333,1583.333,1583.333,1583.333,1900.0,0.575,0.575,0.819,0.817,0.607,0.607,0.681,0.681,14.885,5235.0,18041.0,25.326,307.0,39.49
2026-07-08 04:49:37,55.0,72.000              ,1027.332,450.0,1200.0,0.0,55.75,55.750              ,55.75,55.75,55.75,55.75,55.75,55.75,55.75,34.509,20.431,61.076,25.628,47.134,13.128,47.587,16.732,33.278,1783.333,1783.333,2140.0,2140.0,1783.333,1783.333,1783.333,1783.333,2140.0,0.602,0.602,0.868,0.87,0.629,0.629,0.674,0.674,14.97,5233.0,18041.0,18.518,308.0,54.0
2026-07-08 04:49:38,55.0,70.000              ,1027.418,435.0,1200.0,0.0,55.75,55.750              ,55.75,55.75,55.75,55.75,55.75,55.75,55.75,36.675,26.25,45.821,34.536,54.771,17.914,49.095,15.463,35.066,1816.667,1816.667,1816.667,1816.667,2180.0,2180.0,1800.0,1800.0,2180.0,0.577,0.579,0.758,0.748,0.658,0.658,0.625,0.625,15.02,5231.0,18041.0,24.553,309.0,40.73
2026-07-08 04:49:39,55.0,69.000              ,1027.418,563.0,1200.0,0.0,55.75,55.750              ,55.75,55.75,55.75,55.75,55.75,55.75,55.75,37.949,24.919,57.505,25.569,46.729,16.448,50.688,22.172,35.247,1766.667,1766.667,2120.0,2120.0,1766.667,1766.667,1766.667,1766.667,2120.0,0.584,0.583,0.749,0.757,0.648,0.65,0.707,0.707,15.214,5230.0,18037.0,25.381,310.0,39.4
2026-07-08 04:49:40,55.0,70.000              ,1027.418,476.0,1200.0,0.0,55.875,55.875              ,55.875,55.875,55.875,55.875,55.875,55.875,55.875,58.383,37.791,52.691,38.226,55.579,19.091,47.558,22.926,41.531,2080.0,2080.0,2060.0,2060.0,1716.667,1716.667,1733.333,1733.333,2080.0,0.799,0.811,0.716,0.716,0.627,0.627,0.616,0.616,15.125,5244.0,18043.0,27.027,311.0,37.0
2026-07-08 04:49:41,55.0,69.000              ,1027.418,428.0,1200.0,0.0,55.875,55.875              ,55.875,55.875,55.875,55.875,55.875,55.875,55.875,45.392,28.221,43.519,33.498,49.541,14.434,51.181,23.212,36.125,1920.0,1920.0,1600.0,1600.0,1583.333,1583.333,1600.0,1600.0,1920.0,0.642,0.63,0.67,0.67,0.557,0.555,0.686,0.686,14.741,5243.0,18042.0,20.851,312.0,47.96
2026-07-08 04:49:42,55.0,68.000              ,1027.426,450.0,1200.0,0.0,55.875,55.875              ,55.875,55.875,55.875,55.875,55.875,55.875,55.875,39.555,30.338,42.482,47.47,51.166,15.519,54.169,19.246,37.493,1650.0,1650.0,1980.0,1980.0,1650.0,1650.0,1650.0,1650.0,1980.0,0.585,0.585,0.822,0.822,0.607,0.608,0.673,0.673,15.165,5249.0,18042.0,25.215,313.0,39.66
2026-07-08 04:49:43,55.0,70.000              ,1027.426,457.0,1200.0,0.0,55.875,55.875              ,55.875,55.875,55.875,55.875,55.875,55.875,55.875,44.045,22.914,50.808,26.874,53.564,12.586,54.375,23.475,36.08,1766.667,1766.667,2120.0,2120.0,1766.667,1766.667,1766.667,1766.667,2120.0,0.626,0.626,0.704,0.705,0.656,0.655,0.755,0.755,14.914,5249.0,18042.0,26.467,314.0,37.78
2026-07-08 04:49:44,55.0,71.000              ,1027.43,469.0,1200.0,0.0,55.875,55.875              ,55.875,55.875,55.875,55.875,55.875,55.875,55.875,46.944,24.182,44.035,27.149,46.587,17.621,56.163,22.491,35.646,1816.667,1816.667,1816.667,1816.667,1816.667,1816.667,2180.0,2180.0,2180.0,0.66,0.661,0.65,0.649,0.655,0.655,0.838,0.838,15.03,5247.0,18042.0,20.295,315.0,49.27
2026-07-08 04:49:45,55.0,70.000              ,1027.43,406.0,1200.0,0.0,55.875,55.875              ,55.875,55.875,55.875,55.875,55.875,55.875,55.875,45.336,28.847,48.232,38.21,56.485,27.968,52.596,24.747,40.303,1760.0,1760.0,1466.667,1816.667,1816.667,1816.667,2180.0,2180.0,2180.0,0.631,0.63,0.727,0.727,0.729,0.729,0.715,0.715,15.171,5248.0,18041.0,24.312,316.0,41.13
2026-07-08 04:49:46,55.0,69.000              ,1027.43,200.0,1200.0,0.0,55.875,55.875              ,55.875,55.875,55.875,55.875,55.875,55.875,55.875,41.559,24.164,52.288,32.164,48.681,19.491,51.268,19.772,36.173,1816.667,1816.667,2180.0,2180.0,1816.667,1816.667,1816.667,1816.667,2180.0,0.649,0.649,0.778,0.778,0.659,0.659,0.666,0.666,14.874,5259.0,18040.0,23.64,317.0,42.3
2026-07-08 04:49:47,55.0,69.000              ,1027.426,442.0,1200.0,0.0,55.875,55.875              ,55.875,55.875,55.875,55.875,55.875,55.875,55.875,40.0,26.359,34.771,50.743,55.009,16.998,52.978,15.859,36.589,1766.667,1766.667,1766.667,1766.667,2120.0,2120.0,1766.667,1766.667,2120.0,0.593,0.593,0.792,0.792,0.658,0.658,0.631,0.632,15.237,5259.0,18040.0,26.014,318.0,38.44
2026-07-08 04:49:48,55.0,69.000              ,1027.43,200.0,1200.0,0.0,55.875,55.875              ,55.875,55.875,55.875,55.875,55.875,55.875,55.875,44.388,20.989,44.546,29.877,52.077,14.559,64.032,19.018,36.186,1616.667,1616.667,1940.0,1940.0,1616.667,1616.667,1940.0,1940.0,1940.0,0.563,0.563,0.581,0.581,0.581,0.581,0.777,0.776,14.926,5259.0,18039.0,24.12,319.0,41.46
2026-07-08 04:49:49,55.0,68.000              ,1027.43,420.0,1200.0,0.0,55.875,55.875              ,55.875,55.875,55.875,55.875,55.875,55.875,55.875,45.49,25.684,40.365,37.63,54.38,16.409,47.269,21.831,36.132,1700.0,1700.0,1700.0,1700.0,1716.667,1716.667,2060.0,2060.0,2060.0,0.611,0.611,0.699,0.699,0.63,0.63,0.655,0.655,15.008,5259.0,18039.0,21.9,320.0,45.66
2026-07-08 04:49:50,55.0,67.000              ,1027.371,200.0,1200.0,0.0,55.875,55.875              ,55.875,55.875,55.875,55.875,55.875,55.875,55.875,36.53,24.691,48.45,31.278,57.049,7.478,38.827,25.805,33.763,1760.0,1760.0,2200.0,1760.0,2200.0,2200.0,1760.0,1760.0,2200.0,0.612,0.612,0.795,0.795,0.658,0.658,0.705,0.705,14.907,5258.0,18039.0,23.795,321.0,42.03
2026-07-08 04:49:51,55.0,68.000              ,1027.367,426.0,1200.0,0.0,55.875,55.875              ,55.875,55.875,55.875,55.875,55.875,55.875,55.875,34.166,26.331,40.633,41.294,55.596,8.961,47.683,22.222,34.611,1760.0,1760.0,2200.0,2200.0,1760.0,1760.0,1760.0,1760.0,2200.0,0.584,0.585,0.809,0.809,0.63,0.63,0.701,0.701,15.175,5258.0,18039.0,23.86,322.0,41.91
2026-07-08 04:49:52,55.0,69.000              ,1027.242,387.0,1200.0,0.0,55.875,55.875              ,55.875,55.875,55.875,55.875,55.875,55.875,55.875,31.405,26.868,49.574,33.854,50.38,8.846,52.65,16.244,33.728,1780.0,1780.0,2225.0,2225.0,1780.0,1780.0,1780.0,1780.0,2225.0,0.594,0.592,0.811,0.812,0.611,0.611,0.722,0.722,14.99,5257.0,18037.0,22.595,323.0,44.26
2026-07-08 04:49:53,55.0,69.000              ,1027.25,516.0,1200.0,0.0,55.875,55.875              ,55.875,55.875,55.875,55.875,55.875,55.875,55.875,35.747,33.384,55.182,34.134,54.33,17.679,49.499,27.004,38.37,1766.667,1766.667,2120.0,2120.0,1766.667,1766.667,2120.0,2120.0,2120.0,0.624,0.624,0.779,0.782,0.638,0.638,0.769,0.769,15.098,5259.0,18037.0,21.218,324.0,47.13
2026-07-08 04:49:54,55.0,69.000              ,1027.391,484.0,1200.0,0.0,55.875,55.875              ,55.875,55.875,55.875,55.875,55.875,55.875,55.875,35.94,33.661,44.406,41.517,48.051,16.43,45.987,26.987,36.622,1750.0,1750.0,1750.0,2080.0,1750.0,1750.0,2100.0,2100.0,2100.0,0.61,0.61,0.776,0.772,0.566,0.566,0.703,0.703,15.06,5261.0,18038.0,29.781,325.0,33.58
2026-07-08 04:49:55,55.0,69.000              ,1027.785,428.0,1200.0,0.0,55.875,55.875              ,55.875,55.875,55.875,55.875,55.875,55.875,55.875,42.083,29.398,43.463,42.072,60.846,12.049,50.512,24.896,38.165,1683.333,1683.333,2020.0,2020.0,1683.333,1683.333,1683.333,1683.333,2020.0,0.612,0.612,0.761,0.761,0.674,0.674,0.709,0.71,15.216,5263.0,18038.0,24.77,326.0,40.37
2026-07-08 04:49:56,55.0,68.000              ,1027.773,476.0,1200.0,0.0,55.875,55.875              ,55.875,55.875,55.875,55.875,55.875,55.875,55.875,36.679,28.094,56.128,33.684,43.495,11.352,54.614,16.707,35.094,1700.0,1700.0,2040.0,2040.0,1700.0,1700.0,1700.0,1700.0,2040.0,0.613,0.613,0.817,0.819,0.553,0.553,0.72,0.723,14.866,5263.0,18038.0,24.549,327.0,40.73
2026-07-08 04:49:57,55.0,69.000              ,1027.777,476.0,1200.0,0.0,55.875,55.875              ,55.875,55.875,55.875,55.875,55.875,55.875,55.875,50.033,26.691,44.457,35.695,55.996,17.923,42.391,30.983,38.021,1800.0,1800.0,1800.0,1800.0,1800.0,1800.0,2160.0,2160.0,2160.0,0.662,0.662,0.679,0.681,0.711,0.711,0.729,0.724,15.172,5264.0,18045.0,26.217,328.0,38.14
2026-07-08 04:49:58,55.0,71.000              ,1027.773,508.0,1200.0,0.0,55.875,55.875              ,55.875,55.875,55.875,55.875,55.875,55.875,55.875,43.189,28.667,39.957,35.171,54.756,17.522,41.016,28.497,36.097,1700.0,1700.0,1683.333,1683.333,2020.0,2020.0,1683.333,1683.333,2020.0,0.594,0.594,0.653,0.651,0.656,0.656,0.663,0.672,14.971,5262.0,18039.0,19.51,329.0,51.26
2026-07-08 04:49:59,55.0,71.000              ,1027.773,500.0,1200.0,0.0,55.875,55.875              ,55.875,55.875,55.875,55.875,55.875,55.875,55.875,40.69,31.697,51.216,34.654,52.762,16.834,54.354,21.679,37.986,1600.0,1600.0,1920.0,1920.0,1600.0,1600.0,1920.0,1920.0,1920.0,0.631,0.631,0.765,0.751,0.626,0.626,0.712,0.709,14.816,5261.0,18038.0,26.281,330.0,38.05
2026-07-08 04:50:00,55.0,71.000              ,1027.777,200.0,1200.0,0.0,55.875,55.875              ,55.875,55.875,55.875,55.875,55.875,55.875,55.875,42.109,27.674,39.3,41.634,46.696,15.271,55.044,21.394,36.14,1760.0,1760.0,1760.0,1760.0,1760.0,1760.0,2180.0,2180.0,2180.0,0.61,0.612,0.765,0.777,0.611,0.616,0.772,0.766,15.054,5266.0,18041.0,30.858,331.0,32.41
2026-07-08 04:50:01,55.0,70.000              ,1027.781,420.0,1200.0,0.0,55.875,55.875              ,55.875,55.875,55.875,55.875,55.875,55.875,55.875,37.635,27.137,37.767,57.868,50.345,12.037,56.389,19.213,37.299,1733.333,1733.333,2080.0,2080.0,1733.333,1733.333,1733.333,1733.333,2080.0,0.573,0.572,0.935,0.941,0.578,0.573,0.649,0.649,15.06,5266.0,18032.0,20.185,332.0,49.54
2026-07-08 04:50:02,55.0,69.000              ,1027.777,450.0,1200.0,0.0,55.75,55.750              ,55.75,55.75,55.75,55.75,55.75,55.75,55.75,39.88,23.63,34.61,53.432,46.209,9.863,45.825,16.276,33.716,1683.333,1683.333,2020.0,2020.0,1683.333,1683.333,1683.333,1683.333,2020.0,0.631,0.631,0.848,0.842,0.532,0.532,0.631,0.631,15.02,5265.0,18032.0,25.046,333.0,39.93
2026-07-08 04:50:03,55.0,70.000              ,1027.758,442.0,1200.0,0.0,55.75,55.750              ,55.75,55.75,55.75,55.75,55.75,55.75,55.75,49.108,29.23,55.227,32.335,56.009,16.062,51.181,17.782,38.367,2020.0,2020.0,2000.0,2000.0,1666.667,1666.667,1666.667,1666.667,2020.0,0.696,0.696,0.733,0.743,0.641,0.641,0.637,0.638,15.106,5268.0,18027.0,25.068,334.0,39.89
2026-07-08 04:50:04,55.0,70.000              ,1027.762,420.0,1200.0,0.0,55.75,55.750              ,55.75,55.75,55.75,55.75,55.75,55.75,55.75,48.671,31.218,51.941,46.635,53.031,17.905,49.693,33.853,41.618,1700.0,1716.667,2060.0,2060.0,1716.667,1716.667,1716.667,1716.667,2060.0,0.653,0.653,0.842,0.836,0.583,0.583,0.709,0.709,15.187,5271.0,18024.0,22.864,335.0,43.74
2026-07-08 04:50:05,55.0,71.000              ,1028.762,406.0,1200.0,0.0,55.75,55.750              ,55.75,55.75,55.75,55.75,55.75,55.75,55.75,47.483,29.343,42.965,41.498,57.976,13.381,56.277,22.32,38.905,1683.333,1683.333,2020.0,2020.0,1683.333,1683.333,1683.333,1683.333,2020.0,0.61,0.61,0.715,0.711,0.602,0.602,0.671,0.671,14.996,5272.0,18026.0,25.008,336.0,39.99
2026-07-08 04:50:06,55.0,71.000              ,1028.766,435.0,1200.0,0.0,55.75,55.750              ,55.75,55.75,55.75,55.75,55.75,55.75,55.75,40.974,25.712,43.746,51.516,55.756,11.947,47.324,22.676,37.456,1550.0,1550.0,1860.0,1880.0,1566.667,1566.667,1566.667,1566.667,1880.0,0.578,0.578,0.861,0.861,0.592,0.594,0.629,0.634,14.857,5273.0,18025.0,23.521,337.0,42.52
2026-07-08 04:50:07,55.0,70.000              ,1028.773,413.0,1200.0,0.0,55.75,55.750              ,55.75,55.75,55.75,55.75,55.75,55.75,55.75,42.479,30.699,46.771,33.451,58.065,10.875,52.517,24.607,37.433,1750.0,1750.0,2100.0,2100.0,1750.0,1750.0,1750.0,1750.0,2100.0,0.637,0.638,0.739,0.732,0.629,0.627,0.754,0.749,15.089,5268.0,18025.0,24.585,338.0,40.68
2026-07-08 04:50:08,55.0,70.000              ,1028.77,200.0,1200.0,0.0,55.75,55.750              ,55.75,55.75,55.75,55.75,55.75,55.75,55.75,48.836,29.299,39.519,48.373,54.02,15.287,50.065,23.72,38.64,1650.0,1650.0,1980.0,1980.0,1650.0,1650.0,1650.0,1650.0,1980.0,0.655,0.655,0.771,0.78,0.598,0.598,0.616,0.613,15.17,5270.0,18026.0,24.353,339.0,41.06
2026-07-08 04:50:09,55.0,69.000              ,1028.762,442.0,1200.0,0.0,55.75,55.750              ,55.75,55.75,55.75,55.75,55.75,55.75,55.75,51.106,21.348,47.656,30.1,51.449,11.745,53.704,22.161,36.158,1683.333,1683.333,2020.0,2020.0,1683.333,1683.333,1683.333,2020.0,2020.0,0.688,0.686,0.715,0.716,0.612,0.612,0.762,0.762,14.855,5272.0,18026.0,25.587,340.0,39.08
2026-07-08 04:50:10,55.0,68.000              ,1029.359,200.0,1200.0,0.0,55.75,55.750              ,55.75,55.75,55.75,55.75,55.75,55.75,55.75,47.388,29.33,48.756,31.386,55.19,16.255,56.68,28.356,39.168,1700.0,1700.0,2040.0,2040.0,1700.0,1700.0,2040.0,2040.0,2040.0,0.596,0.598,0.622,0.621,0.625,0.625,0.75,0.748,14.936,5270.0,18029.0,20.581,341.0,48.59
2026-07-08 04:50:11,55.0,69.000              ,1029.367,200.0,1200.0,0.0,55.75,55.750              ,55.75,55.75,55.75,55.75,55.75,55.75,55.75,43.136,31.497,49.932,37.648,48.707,17.829,50.077,25.311,38.017,2060.0,2060.0,2060.0,2080.0,1733.333,1733.333,1733.333,1733.333,2080.0,0.655,0.654,0.773,0.773,0.606,0.606,0.728,0.729,15.174,5273.0,18030.0,26.342,342.0,37.96
2026-07-08 04:50:12,55.0,68.000              ,1029.371,413.0,1200.0,0.0,55.75,55.750              ,55.75,55.75,55.75,55.75,55.75,55.75,55.75,41.729,25.768,51.04,37.653,44.995,15.806,52.298,18.992,36.035,1783.333,1766.667,2120.0,2120.0,1733.333,1733.333,1733.333,1733.333,2120.0,0.63,0.631,0.838,0.838,0.607,0.607,0.697,0.686,14.801,5272.0,18030.0,19.183,343.0,52.13
2026-07-08 04:50:13,55.0,69.000              ,1028.98,428.0,1200.0,0.0,55.75,55.750              ,55.75,55.75,55.75,55.75,55.75,55.75,55.75,42.48,26.345,40.467,40.393,46.629,7.826,45.867,20.009,33.752,1780.0,1780.0,2225.0,2225.0,1780.0,1780.0,1780.0,1780.0,2225.0,0.667,0.665,0.864,0.864,0.592,0.583,0.679,0.69,15.108,5274.0,18029.0,20.224,344.0,49.45
2026-07-08 04:50:14,55.0,70.000              ,1028.98,442.0,1200.0,0.0,55.75,55.750              ,55.75,55.75,55.75,55.75,55.75,55.75,55.75,45.419,26.507,45.348,33.211,45.804,17.738,52.386,29.932,37.043,1716.667,1716.667,1716.667,1716.667,1716.667,1716.667,2060.0,2060.0,2060.0,0.644,0.644,0.656,0.656,0.579,0.593,0.824,0.824,15.265,5276.0,18029.0,19.285,345.0,51.85
2026-07-08 04:50:15,55.0,70.000              ,1028.98,200.0,1200.0,0.0,55.75,55.750              ,55.75,55.75,55.75,55.75,55.75,55.75,55.75,43.218,20.309,43.78,29.931,48.112,12.266,49.414,19.35,33.298,1700.0,1700.0,2060.0,2060.0,1700.0,1700.0,1700.0,1700.0,2060.0,0.644,0.644,0.692,0.683,0.63,0.626,0.702,0.702,14.706,5276.0,18029.0,22.686,346.0,44.08
2026-07-08 04:50:16,55.0,70.000              ,1028.602,435.0,1200.0,0.0,55.75,55.750              ,55.75,55.75,55.75,55.75,55.75,55.75,55.75,44.106,22.782,48.292,29.013,51.46,12.787,55.964,14.09,34.812,1780.0,1780.0,2225.0,2225.0,1760.0,1760.0,1760.0,1760.0,2225.0,0.673,0.675,0.75,0.762,0.67,0.67,0.757,0.751,15.059,5275.0,18028.0,25.534,347.0,39.16
2026-07-08 04:50:17,55.0,70.000              ,1031.992,428.0,1200.0,0.0,55.75,55.750              ,55.75,55.75,55.75,55.75,55.75,55.75,55.75,38.694,31.389,44.743,41.621,46.953,11.464,53.119,16.871,35.607,1840.0,1840.0,2300.0,2300.0,1840.0,1840.0,1840.0,1840.0,2300.0,0.685,0.683,0.851,0.849,0.601,0.601,0.704,0.709,15.204,5276.0,18033.0,28.741,348.0,34.79
2026-07-08 04:50:18,55.0,71.000              ,1031.988,413.0,1200.0,0.0,55.75,55.750              ,55.75,55.75,55.75,55.75,55.75,55.75,55.75,40.22,23.894,61.712,25.752,46.669,15.411,51.715,21.024,35.8,1800.0,1800.0,1800.0,1800.0,2160.0,2160.0,1800.0,1800.0,2160.0,0.627,0.627,0.788,0.788,0.622,0.622,0.71,0.71,15.009,5276.0,18033.0,25.34,349.0,39.46
2026-07-08 04:50:19,55.0,70.000              ,1032.0,476.0,1200.0,0.0,55.75,55.750              ,55.75,55.75,55.75,55.75,55.75,55.75,55.75,37.14,23.07,61.212,24.195,43.627,11.74,49.068,20.44,33.811,1816.667,1816.667,2180.0,2180.0,1816.667,1816.667,1816.667,1816.667,2180.0,0.637,0.637,0.841,0.842,0.565,0.565,0.736,0.736,15.078,5275.0,18033.0,20.368,350.0,49.1
2026-07-08 04:50:20,55.0,69.000              ,1032.008,428.0,1200.0,0.0,55.75,55.750              ,55.75,55.75,55.75,55.75,55.75,55.75,55.75,68.198,47.515,57.144,61.188,66.585,30.161,61.643,33.351,53.223,1633.333,1633.333,1960.0,1960.0,1633.333,1633.333,1633.333,1633.333,1960.0,0.762,0.762,0.748,0.747,0.64,0.64,0.617,0.607,15.075,5288.0,18035.0,24.364,351.0,41.04
2026-07-08 04:50:21,55.0,70.000              ,1031.973,500.0,1200.0,0.0,55.75,55.750              ,55.75,55.75,55.75,55.75,55.75,55.75,55.75,42.692,26.657,47.037,52.392,58.818,15.008,46.666,18.971,38.53,1600.0,1600.0,1920.0,1920.0,1600.0,1600.0,1600.0,1600.0,1920.0,0.597,0.598,0.837,0.837,0.603,0.603,0.596,0.606,14.913,5287.0,18036.0,22.524,352.0,44.4
2026-07-08 04:50:22,55.0,68.000              ,1031.977,516.0,1200.0,0.0,55.75,55.750              ,55.75,55.75,55.75,55.75,55.75,55.75,55.75,43.153,27.359,40.89,47.801,48.664,19.204,55.34,23.841,38.281,1683.333,1683.333,2020.0,2020.0,1683.333,1683.333,1683.333,1683.333,2020.0,0.604,0.604,0.799,0.799,0.6,0.602,0.692,0.7,15.103,5288.0,18035.0,21.229,353.0,47.11
2026-07-08 04:50:23,55.0,66.000              ,1032.035,428.0,1200.0,0.0,55.75,55.750              ,55.75,55.75,55.75,55.75,55.75,55.75,55.75,35.813,24.62,50.085,32.442,51.046,13.352,46.369,20.056,34.223,1816.667,1816.667,1816.667,1816.667,1760.0,1760.0,2200.0,2200.0,2200.0,0.599,0.598,0.791,0.785,0.632,0.63,0.691,0.684,14.993,5290.0,18035.0,24.621,354.0,40.62
2026-07-08 04:50:24,55.0,70.000              ,1032.039,428.0,1200.0,0.0,55.75,55.750              ,55.75,55.75,55.75,55.75,55.75,55.75,55.75,43.704,24.149,49.45,39.996,50.691,11.803,44.979,20.404,35.647,1800.0,1800.0,2160.0,2160.0,1800.0,1800.0,1800.0,1800.0,2160.0,0.645,0.645,0.84,0.847,0.612,0.612,0.632,0.631,15.009,5290.0,18034.0,25.565,355.0,39.12
2026-07-08 04:50:25,55.0,70.000              ,1032.051,200.0,1200.0,0.0,55.75,55.750              ,55.75,55.75,55.75,55.75,55.75,55.75,55.75,35.334,24.043,64.141,31.336,43.437,11.059,38.404,22.561,33.789,1780.0,1780.0,2225.0,2225.0,1780.0,1780.0,1780.0,1780.0,2225.0,0.625,0.625,0.952,0.952,0.599,0.599,0.676,0.677,14.982,5292.0,18035.0,18.32,356.0,54.59
2026-07-08 04:50:26,55.0,69.000              ,1032.039,428.0,1200.0,0.0,55.75,55.750              ,55.75,55.75,55.75,55.75,55.75,55.75,55.75,35.054,27.07,40.268,34.674,52.677,13.47,54.781,12.087,33.76,1766.667,1766.667,2120.0,2120.0,1766.667,1766.667,1766.667,1783.333,2120.0,0.596,0.596,0.728,0.728,0.674,0.674,0.698,0.697,15.051,5290.0,18031.0,24.153,357.0,41.4
2026-07-08 04:50:27,55.0,69.000              ,1029.035,413.0,1200.0,0.0,55.75,55.750              ,55.75,55.75,55.75,55.75,55.75,55.75,55.75,34.725,30.313,49.406,37.932,57.767,12.446,46.757,13.873,35.403,1800.0,1800.0,2160.0,2160.0,1800.0,1800.0,1800.0,1800.0,2160.0,0.643,0.645,0.855,0.855,0.673,0.674,0.634,0.634,15.007,5289.0,18031.0,24.04,358.0,41.6
2026-07-08 04:50:28,55.0,70.000              ,1029.035,476.0,1200.0,0.0,55.75,55.750              ,55.75,55.75,55.75,55.75,55.75,55.75,55.75,42.201,26.309,37.55,59.909,54.5,13.913,47.848,17.619,37.481,1816.667,1816.667,2180.0,2180.0,1816.667,1800.0,1800.0,1800.0,2180.0,0.59,0.588,0.881,0.881,0.598,0.597,0.602,0.602,15.253,5290.0,18029.0,26.48,359.0,37.76
2026-07-08 04:50:29,55.0,69.000              ,1028.027,476.0,1200.0,0.0,55.75,55.750              ,55.75,55.75,55.75,55.75,55.75,55.75,55.75,43.261,31.507,38.944,55.543,51.648,18.999,49.865,21.703,38.934,1666.667,1666.667,2000.0,2000.0,1666.667,1666.667,1666.667,1666.667,2000.0,0.605,0.605,0.843,0.845,0.623,0.624,0.649,0.649,14.923,5289.0,18029.0,24.084,360.0,41.52
2026-07-08 04:50:30,55.0,68.000              ,1028.031,461.0,1200.0,0.0,55.75,55.750              ,55.75,55.75,55.75,55.75,55.75,55.75,55.75,36.866,29.044,46.489,52.165,46.247,9.581,42.642,19.446,35.31,1816.667,1800.0,2160.0,2160.0,1800.0,1800.0,1800.0,1800.0,2160.0,0.603,0.603,0.989,0.987,0.552,0.551,0.648,0.648,15.01,5285.0,18029.0,20.303,361.0,49.25
2026-07-08 04:50:31,55.0,70.000              ,1028.035,563.0,1200.0,0.0,55.75,55.750              ,55.75,55.75,55.75,55.75,55.75,55.75,55.75,38.971,29.945,41.494,44.331,48.168,14.664,47.821,19.784,35.647,1683.333,1683.333,2020.0,2020.0,1683.333,1683.333,1700.0,1700.0,2020.0,0.597,0.597,0.798,0.8,0.6,0.599,0.66,0.66,14.969,5285.0,18031.0,26.904,362.0,37.17
2026-07-08 04:50:32,55.0,71.000              ,1028.031,406.0,1200.0,0.0,55.75,55.750              ,55.75,55.75,55.75,55.75,55.75,55.75,55.75,39.495,26.319,51.504,41.933,47.676,13.308,45.845,25.511,36.449,1766.667,1766.667,2120.0,2120.0,1766.667,1766.667,1766.667,1766.667,2120.0,0.633,0.633,0.889,0.887,0.586,0.586,0.703,0.705,15.156,5288.0,18029.0,23.545,363.0,42.47
2026-07-08 04:50:33,55.0,70.000              ,1028.031,413.0,1200.0,0.0,55.75,55.750              ,55.75,55.75,55.75,55.75,55.75,55.75,55.75,39.582,34.793,59.134,44.585,45.397,19.758,52.581,28.287,40.515,2000.0,2000.0,1666.667,1980.0,1650.0,1650.0,1650.0,1650.0,2000.0,0.626,0.626,0.881,0.883,0.546,0.546,0.707,0.705,15.039,5285.0,18025.0,24.769,364.0,40.37
2026-07-08 04:50:34,55.0,69.000              ,1028.043,516.0,1200.0,0.0,55.75,55.750              ,55.75,55.75,55.75,55.75,55.75,55.75,55.75,44.595,28.33,42.046,37.941,54.076,20.439,55.516,26.465,38.676,1716.667,1716.667,2060.0,2060.0,1716.667,1716.667,2040.0,2040.0,2060.0,0.596,0.596,0.648,0.649,0.643,0.643,0.721,0.731,15.078,5285.0,18026.0,21.577,365.0,46.35
2026-07-08 04:50:35,55.0,68.000              ,1028.039,457.0,1200.0,0.0,55.75,55.750              ,55.75,55.75,55.75,55.75,55.75,55.75,55.75,40.115,30.065,35.101,61.145,57.109,10.414,45.839,15.107,36.862,1716.667,1716.667,2060.0,2040.0,1700.0,1700.0,1700.0,1700.0,2060.0,0.604,0.604,0.939,0.938,0.587,0.587,0.586,0.578,14.873,5287.0,18025.0,22.316,366.0,44.81
2026-07-08 04:50:36,55.0,68.000              ,1028.035,200.0,1200.0,0.0,55.75,55.750              ,55.75,55.75,55.75,55.75,55.75,55.75,55.75,40.275,30.407,41.979,52.088,55.656,13.018,48.927,35.388,39.717,1700.0,1700.0,2040.0,2040.0,1700.0,1700.0,1700.0,1700.0,2040.0,0.584,0.584,0.816,0.817,0.605,0.605,0.728,0.727,15.318,5290.0,18024.0,23.871,367.0,41.89
2026-07-08 04:50:37,55.0,70.000              ,1028.031,516.0,1200.0,0.0,55.75,55.750              ,55.75,55.75,55.75,55.75,55.75,55.75,55.75,41.817,32.387,36.847,63.454,47.373,17.061,47.968,18.541,38.181,1583.333,1583.333,1583.333,1900.0,1583.333,1583.333,1900.0,1900.0,1900.0,0.578,0.578,0.93,0.933,0.544,0.536,0.615,0.614,14.647,5290.0,18027.0,25.916,368.0,38.59
2026-07-08 04:50:38,55.0,71.000              ,1028.035,200.0,1200.0,0.0,55.75,55.750              ,55.75,55.75,55.75,55.75,55.75,55.75,55.75,32.068,28.685,24.235,57.84,51.207,8.856,40.308,18.192,32.674,1800.0,1800.0,2160.0,2160.0,1800.0,1800.0,1800.0,1800.0,2160.0,0.572,0.572,0.862,0.858,0.599,0.61,0.607,0.607,15.14,5291.0,18027.0,22.921,369.0,43.63
2026-07-08 04:50:39,55.0,70.000              ,1028.031,420.0,1200.0,0.0,55.75,55.750              ,55.75,55.75,55.75,55.75,55.75,55.75,55.75,40.203,26.137,38.907,32.602,61.556,14.503,38.316,33.792,35.752,1700.0,1700.0,1700.0,1700.0,1700.0,1700.0,2040.0,2040.0,2040.0,0.612,0.613,0.658,0.66,0.749,0.748,0.72,0.72,14.988,5293.0,18024.0,23.233,370.0,43.04
2026-07-08 04:50:40,55.0,70.000              ,1028.035,428.0,1200.0,0.0,55.75,55.750              ,55.75,55.75,55.75,55.75,55.75,55.75,55.75,33.32,29.243,38.128,33.663,69.687,13.625,36.382,33.09,35.892,1800.0,1800.0,1800.0,1800.0,2250.0,2250.0,1800.0,1800.0,2250.0,0.631,0.631,0.665,0.666,0.869,0.869,0.716,0.716,14.968,5295.0,18023.0,20.744,371.0,48.21
2026-07-08 04:50:41,55.0,70.000              ,1028.031,442.0,1200.0,0.0,55.75,55.750              ,55.75,55.75,55.75,55.75,55.75,55.75,55.75,41.753,29.178,42.738,45.915,55.971,15.676,54.346,29.325,39.363,1766.667,1766.667,2120.0,2120.0,2120.0,2120.0,2120.0,2140.0,2140.0,0.593,0.591,0.729,0.728,0.663,0.663,0.752,0.752,15.353,5297.0,18023.0,23.958,372.0,41.74
2026-07-08 04:50:42,55.0,69.000              ,1027.969,461.0,1200.0,0.0,55.75,55.750              ,55.75,55.75,55.75,55.75,55.75,55.75,55.75,44.336,30.32,43.76,50.181,56.166,14.801,54.251,33.994,40.976,1583.333,1583.333,1583.333,1583.333,1583.333,1583.333,1920.0,1920.0,1920.0,0.582,0.582,0.766,0.757,0.564,0.566,0.726,0.726,14.893,5295.0,18023.0,25.716,373.0,38.89
2026-07-08 04:50:43,55.0,71.000              ,1027.973,461.0,1200.0,0.0,55.75,55.750              ,55.75,55.75,55.75,55.75,55.75,55.75,55.75,47.985,28.089,41.514,35.902,51.417,8.376,51.499,18.146,35.366,1650.0,1650.0,1980.0,1980.0,1650.0,1650.0,1650.0,1650.0,1980.0,0.681,0.681,0.734,0.736,0.557,0.555,0.718,0.718,14.897,5297.0,18023.0,23.702,374.0,42.19
2026-07-08 04:50:44,55.0,71.000              ,1027.984,200.0,1200.0,0.0,55.75,55.750              ,55.75,55.75,55.75,55.75,55.75,55.75,55.75,43.085,30.408,48.439,40.653,54.921,16.514,49.932,30.005,39.245,1750.0,1750.0,2080.0,2080.0,1733.333,1733.333,2080.0,2080.0,2080.0,0.641,0.641,0.788,0.799,0.637,0.637,0.735,0.735,15.009,5295.0,18023.0,33.024,375.0,30.28
2026-07-08 04:50:45,55.0,69.000              ,1027.984,200.0,1200.0,0.0,55.75,55.750              ,55.75,55.75,55.75,55.75,55.75,55.75,55.75,46.003,36.446,48.291,61.484,55.828,25.146,55.48,33.226,45.238,1733.333,1733.333,2080.0,2080.0,1733.333,1733.333,1733.333,1733.333,2080.0,0.628,0.628,0.85,0.847,0.619,0.62,0.704,0.705,15.258,5297.0,18024.0,21.066,376.0,47.47
2026-07-08 04:50:46,55.0,70.000              ,1027.984,484.0,1200.0,0.0,55.75,55.750              ,55.75,55.75,55.75,55.75,55.75,55.75,55.75,40.862,30.647,41.175,46.156,61.602,11.38,38.066,32.587,37.809,1583.333,1583.333,1900.0,1900.0,1583.333,1583.333,1583.333,1583.333,1900.0,0.542,0.542,0.698,0.698,0.568,0.567,0.625,0.627,14.975,5296.0,18024.0,18.276,377.0,54.72
2026-07-08 04:50:47,55.0,72.000              ,1027.977,200.0,1200.0,0.0,55.75,55.750              ,55.75,55.75,55.75,55.75,55.75,55.75,55.75,43.235,19.893,52.987,34.559,45.705,14.222,43.96,25.967,35.066,1650.0,1650.0,1650.0,1650.0,1650.0,1650.0,1980.0,1980.0,1980.0,0.648,0.648,0.839,0.84,0.568,0.568,0.682,0.683,14.876,5298.0,18024.0,23.255,378.0,43.0
2026-07-08 04:50:48,55.0,70.000              ,1027.977,450.0,1200.0,0.0,55.75,55.750              ,55.75,55.75,55.75,55.75,55.75,55.75,55.75,41.85,18.44,61.144,28.716,46.023,16.878,44.51,19.508,34.634,1800.0,1800.0,2160.0,2160.0,1800.0,1800.0,1783.333,1783.333,2160.0,0.652,0.652,0.887,0.886,0.622,0.622,0.676,0.67,15.071,5300.0,18024.0,19.241,379.0,51.97
2026-07-08 04:50:49,55.0,69.000              ,1027.977,200.0,1200.0,0.0,55.75,55.750              ,55.75,55.75,55.75,55.75,55.75,55.75,55.75,47.952,27.751,43.052,45.009,63.83,11.804,49.238,19.605,38.53,2140.0,2140.0,2140.0,2140.0,1783.333,1783.333,1783.333,1783.333,2140.0,0.637,0.637,0.763,0.764,0.657,0.657,0.633,0.634,15.122,5302.0,18024.0,22.936,380.0,43.6
2026-07-08 04:50:50,55.0,69.000              ,1028.039,393.0,1200.0,0.0,55.75,55.750              ,55.75,55.75,55.75,55.75,55.75,55.75,55.75,48.702,22.97,45.121,35.047,51.378,9.887,53.595,11.489,34.774,1733.333,1733.333,1733.333,1733.333,2080.0,2080.0,1733.333,1733.333,2080.0,0.697,0.699,0.752,0.756,0.641,0.642,0.682,0.681,14.945,5302.0,18024.0,24.181,381.0,41.35
2026-07-08 04:50:51,55.0,68.000              ,1028.09,469.0,1200.0,0.0,55.75,55.750              ,55.75,55.75,55.75,55.75,55.75,55.75,55.75,42.67,32.399,41.13,50.509,43.881,19.679,51.231,24.36,38.232,1783.333,1783.333,2140.0,2140.0,1783.333,1783.333,1783.333,1783.333,2140.0,0.639,0.637,0.851,0.846,0.599,0.599,0.692,0.692,15.143,5301.0,18025.0,36.488,382.0,27.41
2026-07-08 04:50:52,55.0,70.000              ,1028.09,200.0,1200.0,0.0,55.75,55.750              ,55.75,55.75,55.75,55.75,55.75,55.75,55.75,31.806,28.442,46.446,48.248,54.311,11.743,51.787,17.067,36.231,1666.667,1666.667,2000.0,2000.0,1650.0,1650.0,1650.0,1650.0,2000.0,0.571,0.571,0.935,0.936,0.617,0.616,0.647,0.647,14.822,5303.0,18025.0,26.028,383.0,38.42
2026-07-08 04:50:53,55.0,70.000              ,1028.086,572.0,1200.0,0.0,55.75,55.750              ,55.75,55.75,55.75,55.75,55.75,55.75,55.75,44.074,27.343,39.271,34.806,46.761,14.041,51.182,24.209,35.211,1716.667,1716.667,2060.0,2060.0,1716.667,1716.667,1716.667,1716.667,2060.0,0.618,0.618,0.68,0.685,0.569,0.569,0.748,0.748,15.15,5304.0,18025.0,27.708,384.0,36.09
2026-07-08 04:50:54,55.0,70.000              ,1028.086,554.0,1200.0,0.0,55.75,55.750              ,55.75,55.75,55.75,55.75,55.75,55.75,55.75,39.512,28.554,41.194,40.14,46.473,21.402,50.394,26.076,36.718,1716.667,1716.667,2060.0,2060.0,1716.667,1716.667,1716.667,1716.667,2060.0,0.619,0.621,0.741,0.736,0.638,0.638,0.733,0.733,14.949,5304.0,18024.0,26.95,385.0,37.11
2026-07-08 04:50:55,55.0,72.000              ,1028.09,200.0,1200.0,0.0,55.75,55.750              ,55.75,55.75,55.75,55.75,55.75,55.75,55.75,42.153,31.135,39.587,47.424,56.047,11.829,56.123,17.379,37.71,1716.667,1716.667,2060.0,2060.0,1716.667,1716.667,2060.0,2080.0,2080.0,0.612,0.611,0.788,0.79,0.616,0.616,0.679,0.681,15.175,5291.0,18018.0,24.497,386.0,40.82
2026-07-08 04:50:56,55.0,71.000              ,1028.09,492.0,1200.0,0.0,55.75,55.750              ,55.75,55.75,55.75,55.75,55.75,55.75,55.75,42.312,29.217,46.972,32.973,41.791,21.006,50.253,30.723,36.906,1733.333,1733.333,2080.0,2080.0,1733.333,1733.333,1733.333,1733.333,2080.0,0.632,0.631,0.684,0.682,0.614,0.614,0.809,0.808,15.004,5290.0,18019.0,27.804,387.0,35.97
2026-07-08 04:50:57,55.0,69.000              ,1028.09,200.0,1200.0,0.0,55.75,55.750              ,55.75,55.75,55.75,55.75,55.75,55.75,55.75,39.622,29.0,40.554,44.452,47.013,15.875,54.273,19.444,36.279,1760.0,1760.0,2200.0,2225.0,1760.0,1760.0,1760.0,1760.0,2225.0,0.633,0.64,0.822,0.824,0.604,0.604,0.752,0.761,15.067,5288.0,18018.0,32.562,388.0,30.71
2026-07-08 04:50:58,55.0,69.000              ,1028.086,476.0,1200.0,0.0,55.75,55.750              ,55.75,55.75,55.75,55.75,55.75,55.75,55.75,38.982,38.17,41.872,58.035,56.686,14.002,54.818,19.168,40.217,1683.333,1683.333,2020.0,2020.0,1683.333,1683.333,1683.333,1683.333,2020.0,0.608,0.6,0.869,0.867,0.604,0.605,0.636,0.627,15.105,5289.0,18019.0,29.315,389.0,34.11
2026-07-08 04:50:59,55.0,68.000              ,1029.98,450.0,1200.0,0.0,55.75,55.750              ,55.75,55.75,55.75,55.75,55.75,55.75,55.75,40.163,30.757,44.671,54.964,54.298,13.435,51.348,17.242,38.36,1666.667,1650.0,1980.0,1980.0,1650.0,1650.0,1650.0,1650.0,1980.0,0.607,0.608,0.896,0.896,0.602,0.602,0.622,0.621,14.974,5288.0,18019.0,21.803,390.0,45.87
2026-07-08 04:51:00,55.0,67.000              ,1030.984,413.0,1200.0,0.0,55.75,55.750              ,55.75,55.75,55.75,55.75,55.75,55.75,55.75,42.862,32.087,34.631,57.993,54.117,13.2,50.232,20.791,38.239,1766.667,1766.667,2120.0,2120.0,1766.667,1766.667,1766.667,1766.667,2120.0,0.631,0.631,0.874,0.874,0.622,0.621,0.621,0.624,14.944,5292.0,18021.0,23.956,391.0,41.74
2026-07-08 04:51:01,55.0,68.000              ,1030.977,393.0,1200.0,0.0,55.75,55.750              ,55.75,55.75,55.75,55.75,55.75,55.75,55.75,44.371,34.581,45.729,58.566,58.855,21.426,53.401,25.728,42.832,1700.0,1700.0,2040.0,2040.0,1700.0,1700.0,1700.0,1700.0,2040.0,0.64,0.64,0.89,0.891,0.696,0.696,0.681,0.679,15.327,5283.0,18022.0,25.213,392.0,39.66
2026-07-08 04:51:02,55.0,70.000              ,1030.934,269.0,1200.0,0.0,55.75,55.750              ,55.75,55.75,55.75,55.75,55.75,55.75,55.75,74.867,69.321,75.781,81.271,77.717,67.101,77.329,62.9,73.286,1500.0,1485.714,1716.667,1716.667,1471.429,1471.429,1471.429,1485.714,1716.667,0.667,0.667,0.764,0.751,0.685,0.685,0.633,0.632,15.072,5159.0,18022.0,24.056,393.0,41.57
2026-07-08 04:51:03,55.0,78.000              ,1030.93,326.0,1200.0,0.0,55.75,55.750              ,55.75,55.75,55.75,55.75,55.75,55.75,55.75,70.536,69.481,73.011,80.524,76.45,56.873,71.87,54.265,69.126,1633.333,1633.333,1633.333,1633.333,1633.333,1633.333,1400.0,1400.0,1633.333,0.676,0.684,0.801,0.803,0.682,0.682,0.643,0.644,14.912,4973.0,18023.0,28.249,394.0,35.4
2026-07-08 04:51:04,55.0,83.000              ,1034.934,442.0,1200.0,0.0,55.75,55.750              ,55.75,55.75,55.75,55.75,55.75,55.75,55.75,43.742,37.491,49.2,48.501,55.971,22.724,56.126,25.971,42.466,1650.0,1650.0,1650.0,1650.0,1414.286,1414.286,1414.286,1414.286,1650.0,0.609,0.6,0.739,0.749,0.616,0.616,0.646,0.646,14.756,4962.0,18029.0,33.45,395.0,29.9
2026-07-08 04:51:05,55.0,73.000              ,1034.883,375.0,1200.0,0.0,55.75,55.750              ,55.75,55.75,55.75,55.75,55.75,55.75,55.75,42.977,21.359,51.666,30.295,52.901,11.772,55.031,22.698,36.087,1766.667,1766.667,2100.0,2100.0,1750.0,1750.0,1750.0,2120.0,2120.0,0.636,0.636,0.781,0.781,0.651,0.651,0.758,0.758,14.846,4961.0,18025.0,20.6,396.0,48.54
2026-07-08 04:51:06,55.0,67.000              ,1034.879,554.0,1200.0,0.0,55.75,55.750              ,55.75,55.75,55.75,55.75,55.75,55.75,55.75,38.714,26.976,51.327,28.723,48.091,15.053,52.249,27.496,36.079,1760.0,1760.0,1760.0,1760.0,2200.0,2200.0,2200.0,2200.0,2200.0,0.649,0.649,0.753,0.754,0.646,0.646,0.87,0.866,15.059,4961.0,18026.0,23.396,397.0,42.74
2026-07-08 04:51:07,55.0,71.000              ,1034.438,420.0,1200.0,0.0,55.75,55.750              ,55.75,55.75,55.75,55.75,55.75,55.75,55.75,41.591,28.161,43.234,42.229,52.115,7.993,51.767,12.389,34.935,1816.667,1800.0,2160.0,2160.0,1800.0,1800.0,1800.0,1800.0,2160.0,0.67,0.67,0.885,0.885,0.604,0.604,0.684,0.685,15.127,4961.0,18025.0,22.248,398.0,44.95
2026-07-08 04:51:08,55.0,72.000              ,1034.441,442.0,1200.0,0.0,55.75,55.750              ,55.75,55.75,55.75,55.75,55.75,55.75,55.75,40.101,27.762,57.209,31.029,49.601,14.808,52.778,21.017,36.788,1750.0,1750.0,1750.0,1750.0,2100.0,2100.0,2100.0,2100.0,2100.0,0.643,0.643,0.844,0.843,0.646,0.646,0.758,0.758,15.028,4961.0,18025.0,25.718,399.0,38.88
2026-07-08 04:51:09,55.0,70.000              ,1034.441,387.0,1200.0,0.0,55.75,55.750              ,55.75,55.75,55.75,55.75,55.75,55.75,55.75,39.558,25.339,38.567,35.77,49.797,10.976,51.138,21.763,34.114,1820.0,1820.0,2275.0,2275.0,1820.0,1820.0,1820.0,1820.0,2275.0,0.656,0.656,0.764,0.764,0.618,0.62,0.754,0.754,15.11,4960.0,18025.0,26.026,400.0,38.42
2026-07-08 04:51:10,55.0,70.000              ,1034.438,420.0,1200.0,0.0,55.75,55.750              ,55.75,55.75,55.75,55.75,55.75,55.75,55.75,42.629,30.207,38.531,50.126,52.328,14.832,50.372,15.509,36.817,1800.0,1800.0,1800.0,1800.0,1780.0,1780.0,2225.0,2225.0,2225.0,0.671,0.671,0.896,0.896,0.682,0.68,0.666,0.666,14.909,4960.0,18023.0,25.955,401.0,38.53
2026-07-08 04:51:11,55.0,71.000              ,1034.445,420.0,1200.0,0.0,55.75,55.750              ,55.75,55.75,55.75,55.75,55.75,55.75,55.75,35.529,30.574,47.321,39.86,48.615,14.797,50.268,18.424,35.674,1760.0,2225.0,1780.0,1780.0,1780.0,1780.0,1780.0,1780.0,2225.0,0.658,0.658,0.853,0.84,0.642,0.642,0.723,0.723,15.145,4960.0,18023.0,24.572,402.0,40.7
2026-07-08 04:51:12,55.0,71.000              ,1034.453,476.0,1200.0,0.0,55.75,55.750              ,55.75,55.75,55.75,55.75,55.75,55.75,55.75,37.312,28.712,51.187,32.811,41.639,14.581,56.039,18.424,35.088,1800.0,1800.0,2250.0,2250.0,1800.0,1800.0,1800.0,1800.0,2250.0,0.631,0.635,0.829,0.843,0.622,0.622,0.812,0.803,14.917,4960.0,18023.0,18.869,403.0,53.0
2026-07-08 04:51:13,55.0,71.000              ,1034.457,200.0,1200.0,0.0,55.75,55.750              ,55.75,55.75,55.75,55.75,55.75,55.75,55.75,33.653,27.818,43.232,41.078,48.872,8.806,48.391,18.132,33.748,1783.333,1783.333,2140.0,2140.0,1783.333,1783.333,1783.333,1766.667,2140.0,0.604,0.6,0.889,0.888,0.608,0.608,0.685,0.694,15.111,4960.0,18024.0,23.03,404.0,43.42
2026-07-08 04:51:14,55.0,70.000              ,1034.438,400.0,1200.0,0.0,55.75,55.750              ,55.75,55.75,55.75,55.75,55.75,55.75,55.75,40.121,27.791,41.249,40.548,46.165,10.859,46.652,21.019,34.301,1840.0,1840.0,2300.0,2300.0,1840.0,1840.0,1840.0,1840.0,2300.0,0.658,0.658,0.884,0.885,0.592,0.593,0.727,0.736,15.16,4959.0,18023.0,24.083,405.0,41.52
2026-07-08 04:51:15,55.0,69.000              ,1034.438,500.0,1200.0,0.0,55.75,55.750              ,55.75,55.75,55.75,55.75,55.75,55.75,55.75,46.957,26.754,43.512,31.832,49.279,16.254,45.56,35.336,36.936,1700.0,1700.0,1700.0,1700.0,1700.0,1700.0,2040.0,2040.0,2040.0,0.608,0.608,0.622,0.618,0.58,0.579,0.798,0.786,14.994,4959.0,18023.0,24.463,406.0,40.88
2026-07-08 04:51:16,55.0,70.000              ,1034.445,200.0,1200.0,0.0,55.75,55.750              ,55.75,55.75,55.75,55.75,55.75,55.75,55.75,37.086,30.816,46.613,50.483,45.46,13.59,50.224,17.433,36.463,1750.0,1750.0,2100.0,2100.0,1750.0,1750.0,1750.0,1750.0,2100.0,0.611,0.611,0.955,0.964,0.588,0.588,0.676,0.676,14.853,4959.0,18023.0,22.708,407.0,44.04
2026-07-08 04:51:17,55.0,69.000              ,1034.441,406.0,1200.0,0.0,55.75,55.750              ,55.75,55.75,55.75,55.75,55.75,55.75,55.75,43.483,24.266,43.644,40.16,52.411,11.738,48.611,18.721,35.379,1783.333,1783.333,2140.0,2140.0,1783.333,1783.333,1783.333,1783.333,2140.0,0.641,0.641,0.85,0.85,0.644,0.644,0.642,0.643,15.243,4958.0,18023.0,25.77,408.0,38.8
2026-07-08 04:51:18,55.0,67.000              ,1034.445,200.0,1200.0,0.0,55.75,55.750              ,55.75,55.75,55.75,55.75,55.75,55.75,55.75,42.096,22.957,45.216,37.15,51.61,10.398,56.543,15.494,35.183,1800.0,1800.0,2140.0,2140.0,1783.333,1783.333,1783.333,1783.333,2140.0,0.642,0.642,0.775,0.775,0.614,0.614,0.736,0.735,14.989,4957.0,18024.0,23.747,409.0,42.11
2026-07-08 04:51:19,55.0,68.000              ,1034.445,200.0,1200.0,0.0,55.75,55.750              ,55.75,55.75,55.75,55.75,55.75,55.75,55.75,42.581,30.264,41.247,38.66,57.044,20.515,46.709,28.162,38.148,1800.0,1800.0,2160.0,2160.0,1800.0,1800.0,1800.0,1800.0,2160.0,0.649,0.649,0.724,0.724,0.713,0.713,0.728,0.729,15.164,4959.0,18024.0,25.465,410.0,39.27
2026-07-08 04:51:20,55.0,68.000              ,1034.441,393.0,1200.0,0.0,55.75,55.750              ,55.75,55.75,55.75,55.75,55.75,55.75,55.75,40.177,32.032,38.457,43.358,51.062,16.574,51.917,22.409,36.998,1750.0,1750.0,1750.0,1750.0,2100.0,2100.0,2100.0,1750.0,2100.0,0.635,0.637,0.774,0.774,0.622,0.622,0.762,0.761,14.805,4959.0,18023.0,19.499,411.0,51.28
2026-07-08 04:51:21,55.0,68.000              ,1034.441,358.0,1200.0,0.0,55.75,55.750              ,55.75,55.75,55.75,55.75,55.75,55.75,55.75,48.131,24.159,40.543,34.423,45.955,12.359,40.847,24.625,33.88,1820.0,1820.0,2275.0,2275.0,1820.0,1820.0,1820.0,1820.0,2275.0,0.772,0.77,0.806,0.806,0.654,0.645,0.733,0.733,14.952,4959.0,18024.0,23.407,412.0,42.72
2026-07-08 04:51:22,55.0,70.000              ,1034.445,428.0,1200.0,0.0,55.75,55.750              ,55.75,55.75,55.75,55.75,55.75,55.75,55.75,39.95,27.094,45.811,36.843,58.951,14.058,47.396,27.394,37.187,1783.333,1783.333,1783.333,1783.333,1783.333,1783.333,2140.0,2140.0,2140.0,0.601,0.601,0.75,0.75,0.684,0.694,0.723,0.723,15.143,4959.0,18024.0,22.448,413.0,44.55
2026-07-08 04:51:23,55.0,70.000              ,1034.441,358.0,1200.0,0.0,55.75,55.750              ,55.75,55.75,55.75,55.75,55.75,55.75,55.75,35.682,28.42,52.08,37.272,46.627,18.355,53.382,20.227,36.506,1816.667,1816.667,2180.0,2180.0,1816.667,1816.667,1816.667,1816.667,2180.0,0.63,0.63,0.864,0.864,0.626,0.626,0.741,0.741,15.009,4959.0,18022.0,23.689,414.0,42.21
2026-07-08 04:51:24,55.0,69.000              ,1034.441,450.0,1200.0,0.0,55.75,55.750              ,55.75,55.75,55.75,55.75,55.75,55.75,55.75,30.747,31.999,57.621,29.471,47.917,13.343,51.6,15.865,34.82,1783.333,1783.333,2140.0,2140.0,1783.333,1783.333,1783.333,1783.333,2140.0,0.611,0.611,0.86,0.871,0.634,0.634,0.709,0.709,15.218,4959.0,18024.0,25.132,415.0,39.79
2026-07-08 04:51:25,55.0,69.000              ,1034.441,400.0,1200.0,0.0,55.75,55.750              ,55.75,55.75,55.75,55.75,55.75,55.75,55.75,42.413,24.657,38.095,53.105,52.547,9.807,44.378,12.877,34.735,1750.0,1750.0,2100.0,2100.0,1750.0,1750.0,1750.0,1750.0,2100.0,0.672,0.669,0.984,0.973,0.604,0.604,0.609,0.609,14.924,4959.0,18025.0,24.357,416.0,41.06
2026-07-08 04:51:26,55.0,70.000              ,1034.457,420.0,1200.0,0.0,55.75,55.750              ,55.75,55.75,55.75,55.75,55.75,55.75,55.75,36.398,28.074,37.259,46.71,53.671,13.16,46.463,15.324,34.632,1820.0,1820.0,2250.0,2250.0,1800.0,1800.0,1800.0,1800.0,2250.0,0.601,0.603,0.865,0.865,0.675,0.675,0.622,0.623,15.134,4959.0,18025.0,24.548,417.0,40.74
2026-07-08 04:51:27,55.0,69.000              ,1034.449,469.0,1200.0,0.0,55.75,55.750              ,55.75,55.75,55.75,55.75,55.75,55.75,55.75,38.526,31.698,44.499,60.142,51.272,13.099,51.6,15.252,38.261,1700.0,1700.0,2040.0,2040.0,1700.0,1700.0,1700.0,1683.333,2040.0,0.641,0.634,0.979,0.979,0.585,0.585,0.63,0.628,14.982,4960.0,18024.0,23.898,418.0,41.84
2026-07-08 04:51:28,55.0,70.000              ,1034.441,492.0,1200.0,0.0,55.75,55.750              ,55.75,55.75,55.75,55.75,55.75,55.75,55.75,37.246,29.981,30.179,68.005,54.587,12.567,44.484,15.952,36.625,1766.667,1766.667,2120.0,2120.0,1750.0,1750.0,1750.0,1750.0,2120.0,0.624,0.631,1.017,1.02,0.618,0.62,0.612,0.604,15.027,4960.0,18025.0,23.233,419.0,43.04
2026-07-08 04:51:29,55.0,72.000              ,1034.445,426.0,1200.0,0.0,55.75,55.750              ,55.75,55.75,55.75,55.75,55.75,55.75,55.75,46.108,30.633,38.068,63.675,60.698,14.507,57.62,16.838,41.018,1666.667,1666.667,2000.0,2000.0,1650.0,1650.0,1650.0,1650.0,2000.0,0.641,0.641,0.942,0.939,0.613,0.612,0.644,0.654,15.031,4964.0,18025.0,25.89,420.0,38.62
2026-07-08 04:51:30,55.0,71.000              ,1034.445,484.0,1200.0,0.0,55.75,55.750              ,55.75,55.75,55.75,55.75,55.75,55.75,55.75,42.694,28.78,40.98,46.347,53.392,12.965,59.073,15.201,37.429,1800.0,1783.333,2140.0,2140.0,1783.333,1783.333,1783.333,1783.333,2140.0,0.671,0.671,0.9,0.9,0.616,0.616,0.724,0.722,15.132,4963.0,18025.0,19.702,421.0,50.76
2026-07-08 04:51:31,55.0,69.000              ,1034.445,200.0,1200.0,0.0,55.75,55.750              ,55.75,55.75,55.75,55.75,55.75,55.75,55.75,36.095,31.959,42.961,40.932,53.832,15.236,44.973,21.895,35.985,1800.0,1800.0,2160.0,2160.0,1800.0,1816.667,1816.667,1816.667,2160.0,0.658,0.661,0.843,0.843,0.69,0.69,0.68,0.68,14.718,4964.0,18027.0,24.439,422.0,40.92
2026-07-08 04:51:32,55.0,69.000              ,1034.438,200.0,1200.0,0.0,55.75,55.750              ,55.75,55.75,55.75,55.75,55.75,55.75,55.75,38.758,32.554,36.54,51.019,53.805,12.131,45.921,14.718,35.681,1820.0,1820.0,2275.0,2275.0,1820.0,1820.0,1820.0,1820.0,2275.0,0.636,0.635,0.892,0.892,0.633,0.633,0.607,0.607,15.241,4967.0,18025.0,24.86,423.0,40.23
2026-07-08 04:51:33,55.0,68.000              ,1034.441,393.0,1200.0,0.0,55.75,55.750              ,55.75,55.75,55.75,55.75,55.75,55.75,55.75,35.683,27.694,42.443,39.393,55.763,8.08,49.166,12.054,33.785,1733.333,1733.333,2080.0,2080.0,1733.333,1733.333,1733.333,1733.333,2080.0,0.668,0.668,0.936,0.936,0.668,0.668,0.677,0.677,14.988,4966.0,18028.0,19.21,424.0,52.06
2026-07-08 04:51:34,55.0,68.000              ,1034.441,461.0,1200.0,0.0,55.75,55.750              ,55.75,55.75,55.75,55.75,55.75,55.75,55.75,38.612,28.985,35.043,49.796,52.041,12.665,51.962,15.679,35.598,1860.0,1860.0,2325.0,2325.0,1860.0,1860.0,1860.0,1860.0,2325.0,0.629,0.628,0.883,0.883,0.585,0.593,0.677,0.679,15.128,4967.0,18027.0,25.604,425.0,39.06
2026-07-08 04:51:35,55.0,69.000              ,1034.441,406.0,1200.0,0.0,55.75,55.750              ,55.75,55.75,55.75,55.75,55.75,55.75,55.75,38.708,28.646,38.71,55.371,58.773,15.205,45.658,19.703,37.597,1733.333,1733.333,1733.333,1733.333,2060.0,2060.0,1716.667,1716.667,2060.0,0.604,0.602,0.881,0.888,0.68,0.672,0.618,0.615,14.927,4975.0,18027.0,23.484,426.0,42.58
2026-07-08 04:51:36,55.0,70.000              ,1034.441,442.0,1200.0,0.0,55.75,55.750              ,55.75,55.75,55.75,55.75,55.75,55.75,55.75,40.754,28.912,39.63,59.617,55.829,15.739,53.975,16.858,38.914,1766.667,1766.667,2120.0,2120.0,1750.0,1750.0,1750.0,1750.0,2120.0,0.641,0.643,1.003,0.987,0.632,0.632,0.647,0.647,15.032,4975.0,18026.0,25.29,427.0,39.54
2026-07-08 04:51:37,55.0,71.000              ,1034.441,413.0,1200.0,0.0,55.75,55.750              ,55.75,55.75,55.75,55.75,55.75,55.75,55.75,35.033,23.096,32.454,57.378,56.165,17.587,55.05,13.257,36.253,1783.333,1783.333,2140.0,2140.0,1783.333,1783.333,1783.333,1783.333,2140.0,0.585,0.588,0.952,0.96,0.646,0.646,0.681,0.681,15.028,4974.0,18027.0,25.662,428.0,38.97
2026-07-08 04:51:38,55.0,70.000              ,1034.453,492.0,1200.0,0.0,55.75,55.750              ,55.75,55.75,55.75,55.75,55.75,55.75,55.75,45.584,31.289,47.345,38.424,51.462,16.683,43.921,23.6,37.288,1760.0,1760.0,1760.0,1760.0,2200.0,2200.0,1760.0,1760.0,2200.0,0.723,0.719,0.831,0.831,0.658,0.658,0.723,0.724,14.998,4974.0,18027.0,21.835,429.0,45.8
2026-07-08 04:51:39,55.0,69.000              ,1035.754,428.0,1200.0,0.0,55.75,55.750              ,55.75,55.75,55.75,55.75,55.75,55.75,55.75,35.131,23.828,38.809,26.69,60.715,11.419,48.701,19.611,33.113,2180.0,2180.0,2180.0,2180.0,1816.667,1816.667,1816.667,1816.667,2180.0,0.621,0.621,0.653,0.653,0.777,0.764,0.777,0.778,14.966,4974.0,18027.0,23.989,430.0,41.69
2026-07-08 04:51:40,55.0,69.000              ,1040.797,461.0,1200.0,0.0,55.75,55.750              ,55.75,55.75,55.75,55.75,55.75,55.75,55.75,38.079,26.355,38.054,49.994,43.538,16.631,46.169,19.716,34.817,1800.0,1800.0,1800.0,1800.0,1800.0,1800.0,2250.0,2250.0,2250.0,0.637,0.638,0.862,0.862,0.614,0.624,0.732,0.73,15.41,4985.0,18039.0,34.753,431.0,28.77
2026-07-08 04:51:41,55.0,70.000              ,1044.0,200.0,1200.0,0.0,55.625,55.625              ,55.625,55.625,55.625,55.625,55.625,55.625,55.625,41.295,32.839,44.828,51.96,56.039,22.819,53.414,20.295,40.436,1566.667,1566.667,1880.0,1880.0,1566.667,1566.667,1566.667,1566.667,1880.0,0.512,0.51,0.722,0.722,0.596,0.597,0.54,0.54,14.604,4986.0,18031.0,19.818,432.0,50.46
2026-07-08 04:51:42,55.0,50.000              ,1044.0,200.0,1200.0,0.0,55.875,55.875              ,55.875,55.875,55.875,55.875,55.875,55.875,55.875,10.515,9.984,41.341,12.742,35.746,3.238,15.003,11.712,17.535,2120.0,2825.0,2950.0,2950.0,3050.0,3050.0,3025.0,3025.0,3050.0,0.616,0.616,1.717,1.717,1.18,1.189,0.847,0.847,14.078,4996.0,18019.0,0.0,433.0,
2026-07-08 04:51:43,56.0,15.000              ,1044.0,200.0,1200.0,0.0,56.375,56.375              ,56.375,56.375,56.375,56.375,56.375,56.375,56.375,9.719,10.862,57.871,9.734,27.975,23.716,22.774,15.509,22.27,2560.0,2560.0,2560.0,2560.0,3200.0,3200.0,2560.0,2560.0,3200.0,0.73,0.73,1.872,1.872,1.367,1.357,1.061,1.061,15.549,4681.0,17653.0,0.0,434.0,
2026-07-08 04:51:44,56.0,0.000               ,1044.0,200.0,1200.0,0.0,56.5,56.500              ,56.5,56.5,56.5,56.5,56.5,56.5,56.5,16.596,10.871,70.059,10.473,29.122,13.087,18.933,6.98,22.015,2016.667,2016.667,3025.0,3025.0,2016.667,2016.667,2420.0,2420.0,3025.0,0.849,0.849,2.321,2.321,1.152,1.152,0.756,0.756,15.223,4498.0,16731.0,0.0,435.0,
2026-07-08 04:51:45,56.0,0.000               ,1044.0,200.0,1200.0,0.0,56.5,56.500              ,56.5,56.5,56.5,56.5,56.5,56.5,56.5,20.961,15.632,48.897,18.51,45.501,10.868,17.812,16.491,24.334,2520.0,2520.0,2520.0,2520.0,3150.0,3150.0,2520.0,2520.0,3150.0,0.89,0.89,1.765,1.765,1.35,1.35,0.807,0.809,15.075,4445.0,16631.0,0.0,436.0,
2026-07-08 04:51:46,56.0,0.000               ,1044.0,200.0,1200.0,0.0,56.625,56.625              ,56.625,56.625,56.625,56.625,56.625,56.625,56.625,17.523,11.793,66.121,4.749,21.159,10.171,10.006,7.399,18.615,2400.0,2400.0,2400.0,2400.0,2400.0,2400.0,3000.0,3000.0,3000.0,0.902,0.902,2.314,2.314,0.943,0.943,0.606,0.604,15.045,4125.0,15706.0,0.0,437.0,
2026-07-08 04:51:47,56.0,0.000               ,996.547,200.0,1200.0,0.0,56.75,56.750              ,56.75,56.75,56.75,56.75,56.75,56.75,56.75,16.058,26.671,17.51,61.162,33.178,17.051,14.265,3.705,23.7,2050.0,2050.0,2460.0,2460.0,3075.0,3075.0,2050.0,1950.0,3075.0,1.138,1.138,1.896,1.875,1.224,1.224,0.611,0.611,15.259,3931.0,15158.0,5480.855,438.0,0.18
2026-07-08 04:51:48,57.0,0.000               ,996.547,200.0,1200.0,0.0,57.0,57.000              ,57.0,57.0,57.0,57.0,57.0,57.0,57.0,14.184,15.741,4.904,83.308,24.633,8.728,14.63,14.105,22.529,2400.0,2400.0,3000.0,2975.0,1983.333,1983.333,1983.333,1983.333,3000.0,0.698,0.698,2.6,2.634,0.783,0.783,0.767,0.767,14.714,3913.0,15213.0,0.0,439.0,
2026-07-08 04:51:49,57.0,0.000               ,998.109,200.0,1200.0,0.0,57.0,57.000              ,57.0,57.0,57.0,57.0,57.0,57.0,57.0,9.24,5.61,3.341,81.089,23.175,3.143,8.002,1.735,16.917,1983.333,1983.333,2975.0,2975.0,2380.0,2380.0,2380.0,2380.0,2975.0,0.6,0.6,3.248,3.248,0.826,0.826,0.575,0.575,15.024,3858.0,15133.0,2557.375,440.0,0.39
2026-07-08 04:51:50,57.0,2.000               ,956.266,200.0,1200.0,0.0,57.25,57.250              ,57.25,57.25,57.25,57.25,57.25,57.25,57.25,9.767,5.203,7.75,85.231,21.047,5.6,14.146,2.008,18.844,2166.667,2166.667,3250.0,3250.0,2166.667,2166.667,1857.143,1857.143,3250.0,0.576,0.581,3.281,3.281,0.846,0.855,0.612,0.613,15.339,3823.0,14636.0,111.832,441.0,8.94
2026-07-08 04:51:51,57.0,2.000               ,956.266,200.0,1200.0,0.0,57.125,57.125              ,57.125,57.125,57.125,57.125,57.125,57.125,57.125,9.211,10.915,3.717,92.584,11.175,4.353,6.775,2.188,17.615,1771.429,1771.429,3100.0,3100.0,1771.429,1771.429,2066.667,2066.667,3100.0,0.615,0.609,3.707,3.713,0.548,0.535,0.435,0.433,14.7,3836.0,14655.0,0.0,442.0,
2026-07-08 04:51:52,57.0,0.000               ,956.266,200.0,1200.0,0.0,57.5,57.500              ,57.5,57.5,57.5,57.5,57.5,57.5,57.5,7.945,7.756,3.523,84.127,20.556,5.284,10.447,1.607,17.656,2150.0,2150.0,3225.0,3225.0,1842.857,1842.857,1612.5,1612.5,3225.0,0.595,0.595,3.208,3.22,0.853,0.853,0.562,0.562,15.205,3824.0,14720.0,0.0,443.0,
2026-07-08 04:51:53,57.0,0.000               ,939.566,200.0,1200.0,0.0,57.375,57.375              ,57.375,57.375,57.375,57.375,57.375,57.375,57.375,9.949,5.331,1.938,88.181,8.93,2.113,3.657,2.392,15.311,1662.5,1662.5,3325.0,3325.0,1662.5,1662.5,1662.5,1662.5,3325.0,0.622,0.622,3.345,3.332,0.502,0.502,0.475,0.475,14.998,3865.0,14466.0,3811.104,444.0,0.26
2026-07-08 04:51:54,57.0,1.000               ,939.566,200.0,1200.0,0.0,57.5,57.500              ,57.5,57.5,57.5,57.5,57.5,57.5,57.5,7.445,7.498,6.289,51.178,39.554,2.01,10.585,0.759,15.665,2166.667,2166.667,3250.0,3250.0,1857.143,1857.143,1857.143,1857.143,3250.0,0.687,0.687,1.961,1.957,1.561,1.561,0.664,0.667,15.182,3933.0,14425.0,0.0,445.0,
2026-07-08 04:51:55,56.0,1.000               ,872.828,200.0,1200.0,0.0,56.375,56.375              ,56.375,56.375,56.375,56.375,56.375,56.375,56.375,35.996,20.718,31.202,40.34,41.857,13.918,38.748,8.053,28.854,2216.667,2216.667,3325.0,3325.0,2216.667,2216.667,2216.667,2216.667,3325.0,1.031,1.031,1.441,1.441,0.992,0.992,0.764,0.764,15.617,3891.0,13942.0,1358.148,446.0,0.74
2026-07-08 04:51:56,55.0,25.000              ,872.828,200.0,1200.0,0.0,55.75,55.750              ,55.75,55.75,55.75,55.75,55.75,55.75,55.75,20.707,14.744,49.528,18.128,28.754,8.312,37.378,3.665,22.652,2120.0,2120.0,2650.0,2650.0,2120.0,2120.0,2120.0,2120.0,2650.0,0.744,0.744,1.193,1.193,0.745,0.745,0.766,0.764,14.448,3796.0,13938.0,56.059,447.0,17.84
2026-07-08 04:51:57,55.0,48.000              ,902.527,200.0,1200.0,0.0,55.75,55.750              ,55.75,55.75,55.75,55.75,55.75,55.75,55.75,39.132,23.351,51.17,37.083,39.136,22.165,44.085,11.207,33.416,2200.0,2200.0,2200.0,2200.0,2200.0,2200.0,2750.0,2750.0,2750.0,0.908,0.908,1.258,1.263,0.867,0.867,0.819,0.819,15.759,3843.0,13967.0,47.834,448.0,20.91
2026-07-08 04:51:58,55.0,55.000              ,902.543,200.0,1200.0,0.0,55.5,55.500              ,55.5,55.5,55.5,55.5,55.5,55.5,55.5,37.049,17.158,46.216,28.402,50.631,7.779,39.898,12.276,29.926,1840.0,1840.0,2300.0,2300.0,1840.0,1840.0,1840.0,1840.0,2300.0,0.699,0.699,0.904,0.899,0.763,0.763,0.743,0.743,14.836,3837.0,13939.0,19.176,449.0,52.15
2026-07-08 04:51:59,55.0,66.000              ,902.547,200.0,1200.0,0.0,55.0,55.000              ,55.0,55.0,55.0,55.0,55.0,55.0,55.0,12.447,8.055,37.795,9.727,14.802,3.221,11.213,7.924,13.148,2000.0,2000.0,1980.0,1980.0,2475.0,2475.0,2425.0,2425.0,2475.0,0.401,0.401,0.793,0.793,0.341,0.341,0.385,0.385,11.379,3682.0,13766.0,17.966,450.0,55.66
2026-07-08 04:52:00,55.0,34.000              ,715.293,200.0,1200.0,0.0,55.875,55.875              ,55.875,55.875,55.875,55.875,55.875,55.875,55.875,21.197,11.199,37.455,27.187,23.18,8.647,26.005,19.037,21.738,2650.0,2650.0,2650.0,2650.0,1325.0,1325.0,2650.0,2650.0,2650.0,1.103,1.106,2.529,2.529,1.058,1.058,1.378,1.378,16.282,3444.0,12183.0,0.0,451.0,
2026-07-08 04:52:01,55.0,1.000               ,795.777,200.0,1200.0,0.0,55.75,55.750              ,55.75,55.75,55.75,55.75,55.75,55.75,55.75,34.824,15.577,45.529,21.562,44.876,17.566,51.538,29.355,32.603,2320.0,2320.0,2900.0,2900.0,2320.0,2320.0,2300.0,2300.0,2900.0,0.866,0.863,1.172,1.175,1.053,1.057,1.241,1.245,15.044,3572.0,12263.0,0.0,452.0,
