08-07-2026 04:59:56,GPU temperature,GPU usage,Memory usage,Core clock,Memory clock,Fan tachometer,CPU1 temperature,CPU2 temperature,CPU3 temperature,CPU4 temperature,CPU5 temperature,CPU6 temperature,CPU7 temperature,CPU8 temperature,CPU temperature,CPU1 usage,CPU2 usage,CPU3 usage,CPU4 usage,CPU5 usage,CPU6 usage,CPU7 usage,CPU8 usage,CPU usage,CPU1 clock,CPU2 clock,CPU3 clock,CPU4 clock,CPU5 clock,CPU6 clock,CPU7 clock,CPU8 clock,CPU clock,CPU1 power,CPU2 power,CPU3 power,CPU4 power,CPU5 power,CPU6 power,CPU7 power,CPU8 power,CPU power,RAM usage,Commit charge,frametime,elapsed,fps
2026-07-08 04:59:56,0.0,°C                  ,0.0,100.0,10.0,,,,,,,,,,,,,,,,,,,,,,,,,,,,,,,,,,,,,,,,,0.0,
2026-07-08 04:59:56,1.0,%                   ,0.0,100.0,10.0,,,,,,,,,,,,,,,,,,,,,,,,,,,,,,,,,,,,,,,,,0.0,
2026-07-08 04:59:56,2.0,MB                  ,0.0,8192.0,10.0,,,,,,,,,,,,,,,,,,,,,,,,,,,,,,,,,,,,,,,,,0.0,
2026-07-08 04:59:56,3.0,MHz                 ,0.0,2500.0,10.0,,,,,,,,,,,,,,,,,,,,,,,,,,,,,,,,,,,,,,,,,0.0,
2026-07-08 04:59:56,4.0,MHz                 ,0.0,7500.0,10.0,,,,,,,,,,,,,,,,,,,,,,,,,,,,,,,,,,,,,,,,,0.0,
2026-07-08 04:59:56,5.0,RPM                 ,0.0,10000.0,10.0,,,,,,,,,,,,,,,,,,,,,,,,,,,,,,,,,,,,,,,,,0.0,
2026-07-08 04:59:56,6.0,°C                  ,0.0,100.0,10.0,,,,,,,,,,,,,,,,,,,,,,,,,,,,,,,,,,,,,,,,,0.0,
2026-07-08 04:59:56,7.0,°C                  ,0.0,100.0,10.0,,,,,,,,,,,,,,,,,,,,,,,,,,,,,,,,,,,,,,,,,0.0,
2026-07-08 04:59:56,8.0,°C                  ,0.0,100.0,10.0,,,,,,,,,,,,,,,,,,,,,,,,,,,,,,,,,,,,,,,,,0.0,
2026-07-08 04:59:56,9.0,°C                  ,0.0,100.0,10.0,,,,,,,,,,,,,,,,,,,,,,,,,,,,,,,,,,,,,,,,,0.0,
2026-07-08 04:59:56,10.0,°C                  ,0.0,100.0,10.0,,,,,,,,,,,,,,,,,,,,,,,,,,,,,,,,,,,,,,,,,0.0,
2026-07-08 04:59:56,11.0,°C                  ,0.0,100.0,10.0,,,,,,,,,,,,,,,,,,,,,,,,,,,,,,,,,,,,,,,,,0.0,
2026-07-08 04:59:56,12.0,°C                  ,0.0,100.0,10.0,,,,,,,,,,,,,,,,,,,,,,,,,,,,,,,,,,,,,,,,,0.0,
2026-07-08 04:59:56,13.0,°C                  ,0.0,100.0,10.0,,,,,,,,,,,,,,,,,,,,,,,,,,,,,,,,,,,,,,,,,0.0,
2026-07-08 04:59:56,14.0,°C                  ,0.0,100.0,10.0,,,,,,,,,,,,,,,,,,,,,,,,,,,,,,,,,,,,,,,,,0.0,
2026-07-08 04:59:56,15.0,%                   ,0.0,100.0,10.0,,,,,,,,,,,,,,,,,,,,,,,,,,,,,,,,,,,,,,,,,0.0,
2026-07-08 04:59:56,16.0,%                   ,0.0,100.0,10.0,,,,,,,,,,,,,,,,,,,,,,,,,,,,,,,,,,,,,,,,,0.0,
2026-07-08 04:59:56,17.0,%                   ,0.0,100.0,10.0,,,,,,,,,,,,,,,,,,,,,,,,,,,,,,,,,,,,,,,,,0.0,
2026-07-08 04:59:56,18.0,%                   ,0.0,100.0,10.0,,,,,,,,,,,,,,,,,,,,,,,,,,,,,,,,,,,,,,,,,0.0,
2026-07-08 04:59:56,19.0,%                   ,0.0,100.0,10.0,,,,,,,,,,,,,,,,,,,,,,,,,,,,,,,,,,,,,,,,,0.0,
2026-07-08 04:59:56,20.0,%                   ,0.0,100.0,10.0,,,,,,,,,,,,,,,,,,,,,,,,,,,,,,,,,,,,,,,,,0.0,
2026-07-08 04:59:56,21.0,%                   ,0.0,100.0,10.0,,,,,,,,,,,,,,,,,,,,,,,,,,,,,,,,,,,,,,,,,0.0,
2026-07-08 04:59:56,22.0,%                   ,0.0,100.0,10.0,,,,,,,,,,,,,,,,,,,,,,,,,,,,,,,,,,,,,,,,,0.0,
2026-07-08 04:59:56,23.0,%                   ,0.0,100.0,10.0,,,,,,,,,,,,,,,,,,,,,,,,,,,,,,,,,,,,,,,,,0.0,
2026-07-08 04:59:56,24.0,MHz                 ,0.0,5000.0,10.0,,,,,,,,,,,,,,,,,,,,,,,,,,,,,,,,,,,,,,,,,0.0,
2026-07-08 04:59:56,25.0,MHz                 ,0.0,5000.0,10.0,,,,,,,,,,,,,,,,,,,,,,,,,,,,,,,,,,,,,,,,,0.0,
2026-07-08 04:59:56,26.0,MHz                 ,0.0,5000.0,10.0,,,,,,,,,,,,,,,,,,,,,,,,,,,,,,,,,,,,,,,,,0.0,
2026-07-08 04:59:56,27.0,MHz                 ,0.0,5000.0,10.0,,,,,,,,,,,,,,,,,,,,,,,,,,,,,,,,,,,,,,,,,0.0,
2026-07-08 04:59:56,28.0,MHz                 ,0.0,5000.0,10.0,,,,,,,,,,,,,,,,,,,,,,,,,,,,,,,,,,,,,,,,,0.0,
2026-07-08 04:59:56,29.0,MHz                 ,0.0,5000.0,10.0,,,,,,,,,,,,,,,,,,,,,,,,,,,,,,,,,,,,,,,,,0.0,
2026-07-08 04:59:56,30.0,MHz                 ,0.0,5000.0,10.0,,,,,,,,,,,,,,,,,,,,,,,,,,,,,,,,,,,,,,,,,0.0,
2026-07-08 04:59:56,31.0,MHz                 ,0.0,5000.0,10.0,,,,,,,,,,,,,,,,,,,,,,,,,,,,,,,,,,,,,,,,,0.0,
2026-07-08 04:59:56,32.0,MHz                 ,0.0,5000.0,10.0,,,,,,,,,,,,,,,,,,,,,,,,,,,,,,,,,,,,,,,,,0.0,
2026-07-08 04:59:56,33.0,W                   ,0.0,200.0,10.0,,,%.1f                ,,,,,,,,,,,,,,,,,,,,,,,,,,,,,,,,,,,,,,0.0,
2026-07-08 04:59:56,34.0,W                   ,0.0,200.0,10.0,,,%.1f                ,,,,,,,,,,,,,,,,,,,,,,,,,,,,,,,,,,,,,,0.0,
2026-07-08 04:59:56,35.0,W                   ,0.0,200.0,10.0,,,%.1f                ,,,,,,,,,,,,,,,,,,,,,,,,,,,,,,,,,,,,,,0.0,
2026-07-08 04:59:56,36.0,W                   ,0.0,200.0,10.0,,,%.1f                ,,,,,,,,,,,,,,,,,,,,,,,,,,,,,,,,,,,,,,0.0,
2026-07-08 04:59:56,37.0,W                   ,0.0,200.0,10.0,,,%.1f                ,,,,,,,,,,,,,,,,,,,,,,,,,,,,,,,,,,,,,,0.0,
2026-07-08 04:59:56,38.0,W                   ,0.0,200.0,10.0,,,%.1f                ,,,,,,,,,,,,,,,,,,,,,,,,,,,,,,,,,,,,,,0.0,
2026-07-08 04:59:56,39.0,W                   ,0.0,200.0,10.0,,,%.1f                ,,,,,,,,,,,,,,,,,,,,,,,,,,,,,,,,,,,,,,0.0,
2026-07-08 04:59:56,40.0,W                   ,0.0,200.0,10.0,,,%.1f                ,,,,,,,,,,,,,,,,,,,,,,,,,,,,,,,,,,,,,,0.0,
2026-07-08 04:59:56,41.0,W                   ,0.0,200.0,10.0,,,%.1f                ,,,,,,,,,,,,,,,,,,,,,,,,,,,,,,,,,,,,,,0.0,
2026-07-08 04:59:56,42.0,MB                  ,0.0,16384.0,10.0,,,,,,,,,,,,,,,,,,,,,,,,,,,,,,,,,,,,,,,,,0.0,
2026-07-08 04:59:56,43.0,MB                  ,0.0,16384.0,10.0,,,,,,,,,,,,,,,,,,,,,,,,,,,,,,,,,,,,,,,,,0.0,
2026-07-08 04:59:56,44.0,ms                  ,0.0,50.0,10.0,,,%.1f                ,,,,,,,,,,,,,,,,,,,,,,,,,,,,,,,,,,,,,,0.0,
2026-07-08 04:59:56,62.0,5.000               ,493.785,200.0,1200.0,0.0,62.625,62.625              ,62.625,62.625,62.625,62.625,62.625,62.625,62.625,44.476,30.622,45.376,33.743,46.408,28.82,42.508,26.683,37.329,2650.0,2650.0,2650.0,2650.0,2650.0,2650.0,2650.0,2650.0,2650.0,1.576,1.573,1.679,1.679,1.529,1.529,1.365,1.365,16.81,3214.0,8331.0,,0.0,
2026-07-08 04:59:57,61.0,15.000              ,494.148,200.0,1200.0,0.0,61.125,61.125              ,61.125,61.125,61.125,61.125,61.125,61.125,61.125,28.462,19.903,30.511,22.674,29.799,22.901,26.012,18.148,24.801,1816.667,1816.667,2180.0,2180.0,1816.667,1816.667,1760.0,1760.0,2180.0,0.701,0.701,0.758,0.758,0.799,0.801,0.644,0.644,12.332,3227.0,8291.0,,1.0,
2026-07-08 04:59:58,60.0,10.000              ,498.73,200.0,1200.0,0.0,60.125,60.125              ,60.125,60.125,60.125,60.125,60.125,60.125,60.125,40.881,27.033,53.268,43.898,49.124,26.967,44.217,26.525,38.989,2650.0,2650.0,2650.0,2650.0,2650.0,2650.0,2650.0,2650.0,2650.0,1.388,1.391,2.494,2.502,1.615,1.615,1.44,1.453,17.742,3302.0,8395.0,,2.0,
2026-07-08 04:59:59,58.0,2.000               ,482.121,200.0,1200.0,0.0,58.5,58.500              ,58.5,58.5,58.5,58.5,58.5,58.5,58.5,86.545,75.773,85.446,84.378,87.085,81.842,88.84,83.943,84.231,1783.333,1783.333,2140.0,2140.0,2140.0,2120.0,2120.0,2120.0,2140.0,1.241,1.239,1.408,1.4,1.391,1.39,1.385,1.371,15.576,3370.0,8441.0,,3.0,
2026-07-08 05:00:00,58.0,2.000               ,484.66,200.0,1200.0,0.0,58.25,58.250              ,58.25,58.25,58.25,58.25,58.25,58.25,58.25,58.254,41.898,63.308,47.029,67.495,47.076,62.735,47.009,54.351,1700.0,2160.0,1800.0,1800.0,1800.0,1800.0,1800.0,1800.0,2160.0,1.166,1.166,1.197,1.221,1.287,1.286,1.265,1.274,14.854,3405.0,8457.0,,4.0,
2026-07-08 05:00:01,58.0,0.000               ,489.621,200.0,1200.0,0.0,58.5,58.500              ,58.5,58.5,58.5,58.5,58.5,58.5,58.5,25.665,9.7,56.885,23.858,34.396,6.961,19.801,42.094,27.42,1900.0,1900.0,1900.0,1900.0,2280.0,2280.0,2850.0,2850.0,2850.0,0.815,0.815,1.686,1.669,0.869,0.869,1.626,1.66,14.829,3461.0,8518.0,,5.0,
2026-07-08 05:00:02,58.0,2.000               ,489.621,200.0,1200.0,0.0,58.625,58.625              ,58.625,58.625,58.625,58.625,58.625,58.625,58.625,4.913,0.0,7.753,43.237,39.508,0.266,9.607,2.14,13.428,2283.333,2283.333,2283.333,2283.333,3425.0,3425.0,2283.333,2283.333,3425.0,0.512,0.512,1.673,1.673,1.504,1.504,0.731,0.691,14.735,3882.0,8919.0,,6.0,
2026-07-08 05:00:03,58.0,1.000               ,489.621,200.0,1200.0,0.0,58.875,58.875              ,58.875,58.875,58.875,58.875,58.875,58.875,58.875,5.397,3.299,7.401,34.536,53.893,2.231,18.107,3.342,16.026,2233.333,2233.333,2233.333,2233.333,2680.0,2680.0,3350.0,3350.0,3350.0,0.436,0.436,1.438,1.438,2.037,2.037,0.865,0.865,15.322,4081.0,9115.0,,7.0,
2026-07-08 05:00:04,60.0,0.000               ,489.621,200.0,1200.0,0.0,60.25,60.250              ,60.25,60.25,60.25,60.25,60.25,60.25,60.25,4.776,2.534,22.656,72.608,17.846,2.371,16.726,2.523,17.755,2233.333,2233.333,2233.333,2233.333,2580.0,2580.0,3225.0,3225.0,3225.0,0.232,0.232,3.843,3.828,0.871,0.873,0.842,0.842,15.867,4090.0,9131.0,,8.0,
2026-07-08 05:00:05,60.0,0.000               ,489.621,200.0,1200.0,0.0,60.375,60.375              ,60.375,60.375,60.375,60.375,60.375,60.375,60.375,10.955,5.805,5.011,66.866,43.101,1.577,4.216,1.944,17.434,1757.143,1757.143,3075.0,3075.0,3075.0,3075.0,1757.143,1757.143,3075.0,0.61,0.61,2.676,2.683,1.503,1.5,0.26,0.26,15.109,4156.0,9198.0,,9.0,
2026-07-08 05:00:06,60.0,0.000               ,489.621,200.0,1200.0,0.0,60.25,60.250              ,60.25,60.25,60.25,60.25,60.25,60.25,60.25,2.312,9.738,6.891,68.511,9.287,13.112,11.27,5.711,15.854,2540.0,2540.0,2116.667,2116.667,3175.0,3175.0,2116.667,2116.667,3175.0,0.555,0.555,2.978,2.968,0.902,0.902,0.717,0.717,15.12,4310.0,9280.0,,10.0,
2026-07-08 05:00:07,59.0,0.000               ,527.176,200.0,1200.0,0.0,59.875,59.875              ,59.875,59.875,59.875,59.875,59.875,59.875,59.875,16.068,7.784,28.975,53.911,50.477,8.721,21.537,7.564,24.379,2283.333,2283.333,3425.0,3425.0,3200.0,3200.0,2133.333,2133.333,3425.0,0.692,0.692,2.433,2.433,1.557,1.557,0.833,0.833,15.872,4554.0,9515.0,0.0,11.0,
2026-07-08 05:00:08,59.0,0.000               ,520.035,200.0,1200.0,0.0,59.375,59.375              ,59.375,59.375,59.375,59.375,59.375,59.375,59.375,15.8,22.017,58.48,25.671,34.281,12.391,38.652,61.027,33.54,2240.0,2240.0,1866.667,1866.667,2825.0,2825.0,2260.0,2260.0,2825.0,0.746,0.746,1.392,1.392,0.9,0.9,2.28,2.248,15.202,4387.0,9583.0,0.0,12.0,
2026-07-08 05:00:09,59.0,1.000               ,551.984,200.0,1200.0,0.0,59.25,59.250              ,59.25,59.25,59.25,59.25,59.25,59.25,59.25,38.826,8.357,39.452,35.718,66.988,13.184,17.365,17.197,29.636,1940.0,1940.0,2425.0,2425.0,1920.0,1920.0,1920.0,1920.0,2425.0,0.866,0.866,1.167,1.167,2.015,2.015,0.671,0.676,15.009,4508.0,9722.0,0.0,13.0,
2026-07-08 05:00:10,60.0,1.000               ,545.039,200.0,1200.0,0.0,60.125,60.125              ,60.125,60.125,60.125,60.125,60.125,60.125,60.125,4.901,2.543,4.946,74.368,39.842,3.618,5.292,3.089,17.325,1900.0,1900.0,3325.0,3325.0,2660.0,2660.0,1900.0,1900.0,3325.0,0.308,0.308,2.88,2.88,1.523,1.523,0.326,0.326,15.206,4590.0,9802.0,0.0,14.0,
2026-07-08 05:00:11,60.0,0.000               ,565.195,200.0,1200.0,0.0,60.375,60.375              ,60.375,60.375,60.375,60.375,60.375,60.375,60.375,13.192,12.112,17.913,44.485,49.8,3.117,13.927,5.968,20.064,2216.667,2216.667,3325.0,3325.0,2660.0,2660.0,2216.667,2216.667,3325.0,0.853,0.869,1.995,1.995,1.849,1.849,0.876,0.876,15.539,4677.0,9876.0,0.0,15.0,
2026-07-08 05:00:12,59.0,18.000              ,589.348,200.0,1200.0,0.0,59.0,59.000              ,59.0,59.0,59.0,59.0,59.0,59.0,59.0,39.127,45.498,49.622,44.113,54.123,32.183,64.246,28.424,44.667,2020.0,2020.0,2020.0,2020.0,2525.0,2550.0,2040.0,2040.0,2550.0,1.185,1.165,0.976,0.98,0.825,0.825,1.345,1.345,15.326,4648.0,9883.0,0.0,16.0,
2026-07-08 05:00:13,58.0,41.000              ,589.367,200.0,1200.0,0.0,58.0,58.000              ,58.0,58.0,58.0,58.0,58.0,58.0,58.0,30.942,25.539,58.77,33.083,54.136,17.368,51.189,27.319,37.293,1980.0,1980.0,2475.0,2475.0,1980.0,2475.0,1980.0,1980.0,2475.0,0.932,0.933,1.52,1.518,0.87,0.87,1.12,1.143,14.988,4646.0,9938.0,57.835,17.0,17.29
2026-07-08 05:00:14,58.0,46.000              ,589.363,200.0,1200.0,0.0,58.0,58.000              ,58.0,58.0,58.0,58.0,58.0,58.0,58.0,39.766,17.281,54.186,25.922,67.816,6.677,48.82,7.047,33.44,2060.0,2060.0,2060.0,2060.0,2060.0,2060.0,2575.0,2575.0,2575.0,0.936,0.934,1.563,1.548,1.217,1.217,0.906,0.88,15.261,4643.0,9933.0,25.253,18.0,39.6
2026-07-08 05:00:15,58.0,43.000              ,618.168,200.0,1200.0,0.0,58.0,58.000              ,58.0,58.0,58.0,58.0,58.0,58.0,58.0,73.003,23.081,46.791,43.871,50.718,19.195,80.701,12.451,43.727,2475.0,2475.0,1980.0,1980.0,1980.0,1980.0,1960.0,1960.0,2475.0,1.074,1.074,0.959,0.947,0.739,0.739,1.263,1.263,15.332,4676.0,9990.0,35.31,19.0,28.32
2026-07-08 05:00:16,57.0,51.000              ,618.168,200.0,1200.0,0.0,57.5,57.500              ,57.5,57.5,57.5,57.5,57.5,57.5,57.5,42.757,18.569,41.78,35.183,43.526,22.106,79.103,15.27,37.287,1880.0,1880.0,1880.0,1880.0,1880.0,1880.0,2350.0,2350.0,2350.0,0.645,0.645,0.919,0.934,0.728,0.738,1.601,1.601,15.035,4669.0,9983.0,17.63,20.0,56.72
2026-07-08 05:00:17,57.0,59.000              ,616.5,200.0,1200.0,0.0,57.75,57.750              ,57.75,57.75,57.75,57.75,57.75,57.75,57.75,46.117,25.298,28.291,40.51,38.179,22.398,34.838,42.159,34.724,2000.0,2000.0,2000.0,2000.0,1980.0,1980.0,2475.0,2475.0,2475.0,1.064,1.064,0.832,0.832,0.822,0.812,1.31,1.332,15.321,4669.0,9984.0,22.603,21.0,44.24
2026-07-08 05:00:18,57.0,61.000              ,616.395,200.0,1200.0,0.0,57.5,57.500              ,57.5,57.5,57.5,57.5,57.5,57.5,57.5,42.565,20.068,28.541,41.273,33.413,35.318,34.041,61.592,37.101,2300.0,2275.0,1820.0,1820.0,1820.0,1820.0,1820.0,1820.0,2300.0,0.705,0.705,0.704,0.704,0.801,0.801,1.652,1.632,14.861,4671.0,9980.0,17.711,22.0,56.46
2026-07-08 05:00:19,57.0,63.000              ,614.645,200.0,1200.0,0.0,57.75,57.750              ,57.75,57.75,57.75,57.75,57.75,57.75,57.75,63.085,45.043,58.826,64.019,62.644,53.64,76.148,52.963,59.546,1960.0,1960.0,2450.0,2450.0,2450.0,2450.0,1960.0,1960.0,2450.0,0.763,0.763,0.837,0.828,0.746,0.746,1.305,1.305,15.493,4653.0,9949.0,19.557,23.0,51.13
2026-07-08 05:00:20,57.0,63.000              ,614.645,200.0,1200.0,0.0,57.625,57.625              ,57.625,57.625,57.625,57.625,57.625,57.625,57.625,35.657,26.327,35.717,42.562,57.64,23.839,49.889,18.78,36.301,1700.0,1700.0,1700.0,1700.0,1700.0,1700.0,2040.0,2040.0,2040.0,0.58,0.58,0.694,0.7,0.792,0.792,0.64,0.64,14.563,4642.0,9941.0,20.277,24.0,49.32
2026-07-08 05:00:21,57.0,62.000              ,607.434,200.0,1200.0,0.0,57.75,57.750              ,57.75,57.75,57.75,57.75,57.75,57.75,57.75,29.771,13.012,31.989,41.144,46.471,11.722,31.704,6.251,26.508,2120.0,2120.0,2120.0,2120.0,2775.0,2775.0,2220.0,2220.0,2775.0,0.66,0.66,1.289,1.292,0.861,0.864,0.61,0.61,15.358,4641.0,9938.0,17.792,25.0,56.21
2026-07-08 05:00:22,57.0,63.000              ,607.434,200.0,1200.0,0.0,57.625,57.625              ,57.625,57.625,57.625,57.625,57.625,57.625,57.625,20.258,15.189,27.382,27.753,59.619,7.9,34.546,3.818,24.558,1820.0,1820.0,2275.0,2275.0,1820.0,1820.0,1516.667,1516.667,2275.0,0.568,0.568,0.891,0.89,0.869,0.867,0.57,0.57,14.889,4643.0,9935.0,17.22,26.0,58.07
2026-07-08 05:00:23,57.0,63.000              ,607.434,200.0,1200.0,0.0,57.625,57.625              ,57.625,57.625,57.625,57.625,57.625,57.625,57.625,14.836,13.065,20.376,22.028,53.021,9.449,34.501,2.91,21.273,2120.0,2120.0,2120.0,2120.0,2650.0,2650.0,2120.0,2120.0,2650.0,0.595,0.595,0.785,0.783,1.028,1.028,0.658,0.658,15.127,4642.0,9935.0,17.584,27.0,56.87
2026-07-08 05:00:24,57.0,61.000              ,606.434,200.0,1200.0,0.0,57.625,57.625              ,57.625,57.625,57.625,57.625,57.625,57.625,57.625,22.107,11.33,16.376,18.534,54.166,3.345,36.728,2.146,20.592,2240.0,2240.0,2240.0,2240.0,2240.0,2240.0,2800.0,2800.0,2800.0,0.712,0.712,0.782,0.782,1.033,1.033,0.719,0.722,14.802,4642.0,9934.0,19.376,28.0,51.61
2026-07-08 05:00:25,57.0,60.000              ,622.91,200.0,1200.0,0.0,57.75,57.750              ,57.75,57.75,57.75,57.75,57.75,57.75,57.75,29.315,14.789,48.483,16.955,35.424,5.89,25.449,11.871,23.522,2480.0,2480.0,3100.0,3100.0,2460.0,2460.0,2050.0,2050.0,3100.0,0.875,0.875,1.264,1.264,1.029,1.033,0.863,0.861,15.401,4639.0,9959.0,146.931,29.0,6.81
2026-07-08 05:00:26,58.0,52.000              ,622.906,200.0,1200.0,0.0,58.25,58.250              ,58.25,58.25,58.25,58.25,58.25,58.25,58.25,29.925,7.241,47.731,7.608,64.786,5.044,23.025,13.094,24.807,2260.0,2260.0,2260.0,2260.0,2260.0,2260.0,2825.0,2825.0,2825.0,0.755,0.755,1.527,1.531,1.944,1.94,0.931,0.93,14.777,4691.0,10026.0,238.866,30.0,4.19
2026-07-08 05:00:27,59.0,21.000              ,622.906,200.0,1200.0,0.0,59.25,59.250              ,59.25,59.25,59.25,59.25,59.25,59.25,59.25,8.29,1.582,29.464,4.124,84.685,0.602,7.575,2.201,17.315,1742.857,1742.857,3050.0,3050.0,3050.0,3050.0,2033.333,2033.333,3050.0,0.442,0.442,1.272,1.251,3.05,3.05,0.546,0.546,14.99,4755.0,10080.0,927.044,31.0,1.08
2026-07-08 05:00:28,58.0,0.000               ,622.91,200.0,1200.0,0.0,58.875,58.875              ,58.875,58.875,58.875,58.875,58.875,58.875,58.875,20.118,7.932,61.965,12.114,47.028,1.423,11.933,1.819,20.541,2033.333,2033.333,3050.0,3050.0,3050.0,3050.0,2033.333,2033.333,3050.0,0.857,0.857,2.24,2.273,1.707,1.707,0.578,0.58,15.2,4726.0,10055.0,1586.475,32.0,0.63
2026-07-08 05:00:29,58.0,21.000              ,622.684,200.0,1200.0,0.0,58.0,58.000              ,58.0,58.0,58.0,58.0,58.0,58.0,58.0,24.87,16.374,28.652,27.515,49.903,5.018,35.995,4.699,24.128,2460.0,2460.0,3075.0,3075.0,2950.0,2950.0,2360.0,2360.0,3075.0,0.832,0.832,1.052,1.054,1.034,1.034,0.78,0.778,15.407,4740.0,10054.0,47.46,33.0,21.07
2026-07-08 05:00:30,57.0,51.000              ,628.383,200.0,1200.0,0.0,57.75,57.750              ,57.75,57.75,57.75,57.75,57.75,57.75,57.75,15.766,15.279,30.049,16.871,51.226,1.846,29.731,5.548,20.79,2220.0,2220.0,2220.0,2220.0,2775.0,2775.0,2120.0,2120.0,2775.0,0.716,0.716,0.9,0.898,0.983,0.983,0.729,0.73,14.853,4735.0,10061.0,37.155,34.0,26.91
2026-07-08 05:00:31,57.0,60.000              ,628.383,200.0,1200.0,0.0,57.75,57.750              ,57.75,57.75,57.75,57.75,57.75,57.75,57.75,15.053,13.259,52.513,14.197,17.285,2.028,13.517,5.277,16.641,2460.0,2460.0,3075.0,3075.0,2050.0,2050.0,2460.0,2460.0,3075.0,0.828,0.835,1.575,1.575,0.657,0.659,0.669,0.668,15.16,4737.0,10060.0,21.626,35.0,46.24
2026-07-08 05:00:32,58.0,52.000              ,628.383,200.0,1200.0,0.0,58.0,58.000              ,58.0,58.0,58.0,58.0,58.0,58.0,58.0,15.148,34.908,44.536,11.711,19.959,2.798,14.769,5.411,18.655,2440.0,2440.0,3075.0,3075.0,2050.0,2050.0,2050.0,2050.0,3075.0,1.409,1.401,1.285,1.306,0.686,0.685,0.664,0.664,14.938,4740.0,10061.0,17.457,36.0,57.28
2026-07-08 05:00:33,58.0,25.000              ,628.512,200.0,1200.0,0.0,58.125,58.125              ,58.125,58.125,58.125,58.125,58.125,58.125,58.125,21.449,33.939,17.296,10.94,22.235,1.955,13.434,2.88,15.516,3250.0,3250.0,1857.143,1857.143,1857.143,1857.143,1857.143,1857.143,3250.0,1.935,1.935,0.842,0.8,0.893,0.893,0.58,0.58,14.698,4755.0,10080.0,754.482,37.0,1.33
2026-07-08 05:00:34,57.0,29.000              ,628.512,200.0,1200.0,0.0,57.75,57.750              ,57.75,57.75,57.75,57.75,57.75,57.75,57.75,17.323,12.385,36.204,15.816,19.781,3.246,29.19,3.008,17.119,2620.0,2620.0,3275.0,3275.0,2400.0,2400.0,2400.0,2400.0,3275.0,0.849,0.849,1.342,1.362,0.773,0.774,0.825,0.829,15.412,4757.0,10080.0,17.353,38.0,57.63
2026-07-08 05:00:35,57.0,53.000              ,629.559,200.0,1200.0,0.0,57.625,57.625              ,57.625,57.625,57.625,57.625,57.625,57.625,57.625,16.921,12.539,49.337,15.121,20.217,4.593,22.262,3.791,18.098,2600.0,2600.0,3250.0,3250.0,2600.0,2600.0,2600.0,2600.0,3250.0,0.782,0.782,1.446,1.446,0.738,0.736,0.714,0.709,15.254,4756.0,10084.0,21.278,39.0,47.0
2026-07-08 05:00:36,57.0,54.000              ,629.559,200.0,1200.0,0.0,57.625,57.625              ,57.625,57.625,57.625,57.625,57.625,57.625,57.625,15.02,12.694,56.93,12.925,18.915,3.912,27.928,2.36,18.835,2400.0,2400.0,3000.0,3000.0,2000.0,2000.0,2000.0,2000.0,3000.0,0.739,0.739,1.422,1.425,0.696,0.696,0.725,0.725,15.153,4758.0,10084.0,17.401,40.0,57.47
2026-07-08 05:00:37,57.0,56.000              ,629.531,200.0,1200.0,0.0,57.625,57.625              ,57.625,57.625,57.625,57.625,57.625,57.625,57.625,36.672,24.498,60.602,43.066,57.215,13.507,59.144,34.503,41.151,2975.0,3025.0,2420.0,2420.0,2420.0,2420.0,2420.0,2420.0,3025.0,0.788,0.788,1.254,1.251,0.916,0.916,1.07,1.07,15.488,4803.0,10146.0,107.265,41.0,9.32
2026-07-08 05:00:38,57.0,57.000              ,629.531,200.0,1200.0,0.0,57.625,57.625              ,57.625,57.625,57.625,57.625,57.625,57.625,57.625,25.875,15.054,57.229,27.995,40.189,6.712,34.628,9.703,27.173,1940.0,1940.0,2450.0,2450.0,1960.0,1960.0,1960.0,1960.0,2450.0,0.726,0.725,1.356,1.34,0.773,0.773,0.827,0.827,15.073,4808.0,10240.0,17.602,42.0,56.81
2026-07-08 05:00:39,57.0,52.000              ,629.531,200.0,1200.0,0.0,57.75,57.750              ,57.75,57.75,57.75,57.75,57.75,57.75,57.75,77.641,67.218,74.503,76.717,78.904,72.129,79.675,79.042,75.728,1566.667,1533.333,1840.0,1820.0,1820.0,1820.0,1820.0,1820.0,1840.0,0.814,0.814,0.923,0.932,0.918,0.918,0.957,0.957,15.458,4927.0,10391.0,18.236,43.0,54.84
2026-07-08 05:00:40,57.0,53.000              ,629.531,200.0,1200.0,0.0,57.75,57.750              ,57.75,57.75,57.75,57.75,57.75,57.75,57.75,67.444,48.776,60.592,64.197,67.781,57.725,69.383,49.544,60.68,1550.0,1550.0,1566.667,1566.667,1860.0,1860.0,1860.0,1860.0,1860.0,0.763,0.763,0.854,0.855,0.864,0.855,0.897,0.897,14.827,5011.0,10466.0,17.982,44.0,55.61
2026-07-08 05:00:41,57.0,58.000              ,608.984,200.0,1200.0,0.0,57.75,57.750              ,57.75,57.75,57.75,57.75,57.75,57.75,57.75,63.546,47.396,67.351,61.41,67.922,61.449,67.977,75.972,64.128,1566.667,1550.0,1860.0,1860.0,1860.0,1860.0,1550.0,1550.0,1860.0,0.727,0.727,0.82,0.819,0.861,0.871,0.967,0.967,14.953,5065.0,10508.0,29.612,45.0,33.77
2026-07-08 05:00:42,57.0,60.000              ,579.465,200.0,1200.0,0.0,57.75,57.750              ,57.75,57.75,57.75,57.75,57.75,57.75,57.75,65.868,46.297,66.248,60.113,56.593,62.713,69.691,78.804,63.291,1516.667,1516.667,1820.0,1820.0,1516.667,1516.667,1820.0,1820.0,1820.0,0.68,0.68,0.791,0.792,0.793,0.793,0.96,0.96,15.107,5073.0,10539.0,17.501,46.0,57.14
2026-07-08 05:00:43,57.0,60.000              ,579.465,200.0,1200.0,0.0,57.75,57.750              ,57.75,57.75,57.75,57.75,57.75,57.75,57.75,59.728,31.642,64.619,45.024,53.527,49.504,68.851,64.191,54.636,1633.333,1633.333,1633.333,1650.0,1633.333,1633.333,1980.0,1980.0,1980.0,0.723,0.725,0.862,0.861,0.879,0.879,1.061,1.062,14.575,5100.0,10552.0,264.712,47.0,3.78
2026-07-08 05:00:44,57.0,36.000              ,579.465,200.0,1200.0,0.0,57.875,57.875              ,57.875,57.875,57.875,57.875,57.875,57.875,57.875,55.884,34.291,61.091,55.614,58.06,50.337,63.581,55.931,54.348,1716.667,1716.667,2040.0,2040.0,2040.0,2040.0,2000.0,1666.667,2040.0,0.751,0.749,0.931,0.938,0.954,0.958,1.103,1.102,15.152,5108.0,10533.0,18.375,48.0,54.42
2026-07-08 05:00:45,57.0,39.000              ,579.465,200.0,1200.0,0.0,57.875,57.875              ,57.875,57.875,57.875,57.875,57.875,57.875,57.875,67.334,37.667,66.012,58.033,51.142,50.15,51.082,63.486,55.613,1700.0,1700.0,1700.0,1700.0,2020.0,2020.0,1700.0,1700.0,2020.0,0.833,0.834,0.878,0.871,0.898,0.895,1.001,1.01,15.375,5127.0,10525.0,18.023,49.0,55.48
2026-07-08 05:00:46,57.0,65.000              ,579.465,200.0,1200.0,0.0,57.75,57.750              ,57.75,57.75,57.75,57.75,57.75,57.75,57.75,62.64,36.759,68.688,53.729,60.806,38.928,57.138,62.099,55.098,1716.667,1716.667,2060.0,2040.0,1700.0,2020.0,1683.333,1650.0,2060.0,0.785,0.783,0.894,0.896,0.87,0.87,1.106,1.099,14.695,5148.0,10556.0,17.5,50.0,57.14
2026-07-08 05:00:47,57.0,64.000              ,579.465,200.0,1200.0,0.0,57.75,57.750              ,57.75,57.75,57.75,57.75,57.75,57.75,57.75,48.163,30.452,58.906,58.272,44.049,50.936,65.717,49.139,50.704,1800.0,1800.0,1800.0,1800.0,1800.0,1800.0,2180.0,2180.0,2180.0,0.702,0.703,0.894,0.892,0.936,0.921,1.141,1.139,15.04,5230.0,10638.0,17.599,51.0,56.82
2026-07-08 05:00:48,57.0,62.000              ,579.465,200.0,1200.0,0.0,57.75,57.750              ,57.75,57.75,57.75,57.75,57.75,57.75,57.75,46.557,28.548,54.827,57.8,49.279,49.041,49.533,73.445,51.129,1816.667,1816.667,2180.0,2180.0,1816.667,1816.667,1816.667,1816.667,2180.0,0.663,0.661,0.869,0.869,0.885,0.899,1.245,1.245,15.069,5321.0,10727.0,18.028,52.0,55.47
2026-07-08 05:00:49,57.0,63.000              ,579.465,200.0,1200.0,0.0,57.75,57.750              ,57.75,57.75,57.75,57.75,57.75,57.75,57.75,54.422,69.583,63.182,67.052,66.146,53.347,65.629,72.381,63.968,1700.0,1700.0,1700.0,1700.0,2020.0,2020.0,2020.0,2020.0,2020.0,0.727,0.729,0.82,0.82,0.809,0.814,0.868,0.868,15.437,5088.0,10761.0,18.435,53.0,54.24
2026-07-08 05:00:50,57.0,64.000              ,579.465,200.0,1200.0,0.0,57.75,57.750              ,57.75,57.75,57.75,57.75,57.75,57.75,57.75,53.76,36.776,54.431,49.148,45.892,46.217,50.52,48.554,48.162,2040.0,2040.0,1700.0,1700.0,1700.0,2080.0,1733.333,1750.0,2080.0,0.755,0.753,0.83,0.822,0.803,0.798,0.887,0.887,14.538,5104.0,10779.0,17.64,54.0,56.69
2026-07-08 05:00:51,57.0,64.000              ,579.465,200.0,1200.0,0.0,57.75,57.750              ,57.75,57.75,57.75,57.75,57.75,57.75,57.75,62.075,45.273,66.332,59.978,46.999,46.222,55.486,58.406,55.097,1820.0,1820.0,1820.0,1820.0,1840.0,1820.0,2300.0,2300.0,2300.0,0.807,0.807,1.04,1.051,0.797,0.798,0.885,0.879,15.288,4861.0,10543.0,17.898,55.0,55.87
2026-07-08 05:00:52,57.0,61.000              ,579.465,200.0,1200.0,0.0,57.75,57.750              ,57.75,57.75,57.75,57.75,57.75,57.75,57.75,64.005,47.466,75.936,67.078,66.518,62.535,69.876,68.415,65.229,1583.333,1583.333,1900.0,1900.0,1583.333,1566.667,1583.333,1583.333,1900.0,0.7,0.7,0.916,0.916,0.857,0.856,0.879,0.885,15.112,4948.0,10625.0,17.946,56.0,55.72
2026-07-08 05:00:53,57.0,42.000              ,579.465,200.0,1200.0,0.0,57.75,57.750              ,57.75,57.75,57.75,57.75,57.75,57.75,57.75,64.455,29.793,64.387,44.522,56.754,21.293,48.26,48.965,47.304,1800.0,1800.0,1800.0,1800.0,1800.0,1800.0,2160.0,2140.0,2160.0,0.842,0.845,1.061,1.061,0.841,0.841,1.154,1.154,14.893,4976.0,10654.0,173.368,57.0,5.77
2026-07-08 05:00:54,57.0,40.000              ,579.465,200.0,1200.0,0.0,57.75,57.750              ,57.75,57.75,57.75,57.75,57.75,57.75,57.75,57.468,31.571,57.559,59.853,54.976,41.733,59.05,39.665,50.234,1780.0,1760.0,2200.0,2200.0,1760.0,1816.667,2200.0,2200.0,2200.0,0.793,0.79,1.037,1.039,1.056,1.056,0.987,0.987,14.861,4984.0,10761.0,17.74,58.0,56.37
2026-07-08 05:00:55,57.0,59.000              ,579.465,200.0,1200.0,0.0,57.75,57.750              ,57.75,57.75,57.75,57.75,57.75,57.75,57.75,51.204,36.744,60.797,49.135,61.379,35.57,70.692,40.526,50.756,1760.0,1760.0,1760.0,1780.0,1780.0,1780.0,2200.0,2200.0,2200.0,0.789,0.789,0.961,0.959,0.998,0.993,1.079,1.079,15.287,4906.0,10685.0,17.956,59.0,55.69
2026-07-08 05:00:56,57.0,63.000              ,579.465,200.0,1200.0,0.0,57.75,57.750              ,57.75,57.75,57.75,57.75,57.75,57.75,57.75,57.591,31.816,55.082,59.253,69.716,22.08,68.362,25.453,48.669,1816.667,1816.667,2180.0,2180.0,1800.0,1800.0,2160.0,2160.0,2180.0,0.852,0.852,1.041,1.041,1.044,1.049,1.055,1.055,15.049,4927.0,10700.0,17.564,60.0,56.93
2026-07-08 05:00:57,57.0,64.000              ,579.465,200.0,1200.0,0.0,57.75,57.750              ,57.75,57.75,57.75,57.75,57.75,57.75,57.75,48.449,32.635,67.647,53.322,69.135,28.338,75.822,21.573,49.615,1783.333,1800.0,2140.0,2140.0,1800.0,1800.0,1783.333,1783.333,2140.0,0.752,0.752,1.093,1.095,0.997,1.002,0.997,0.997,15.002,4961.0,10743.0,17.86,61.0,55.99
2026-07-08 05:00:58,57.0,63.000              ,579.465,200.0,1200.0,0.0,57.75,57.750              ,57.75,57.75,57.75,57.75,57.75,57.75,57.75,50.305,31.879,60.863,53.778,61.19,32.822,62.211,31.718,48.096,1800.0,1800.0,2160.0,2160.0,1816.667,1816.667,1816.667,1816.667,2160.0,0.797,0.799,0.994,0.992,1.061,1.056,1.021,1.023,15.03,5005.0,10783.0,17.522,62.0,57.07
2026-07-08 05:00:59,57.0,63.000              ,579.465,200.0,1200.0,0.0,57.75,57.750              ,57.75,57.75,57.75,57.75,57.75,57.75,57.75,47.659,41.485,63.222,55.58,50.145,38.772,60.262,45.873,50.375,1783.333,1783.333,1766.667,1766.667,1766.667,1766.667,2120.0,2120.0,2120.0,0.815,0.813,0.957,0.958,0.889,0.889,0.999,0.996,15.08,5081.0,10872.0,17.45,63.0,57.31
2026-07-08 05:01:00,57.0,63.000              ,579.465,200.0,1200.0,0.0,57.75,57.750              ,57.75,57.75,57.75,57.75,57.75,57.75,57.75,47.385,35.429,65.68,57.616,51.125,41.923,61.891,46.194,50.905,1733.333,1716.667,2080.0,2080.0,1733.333,1733.333,1733.333,1733.333,2080.0,0.7,0.7,0.992,0.991,0.906,0.907,0.935,0.935,14.782,5126.0,10921.0,19.698,64.0,50.77
2026-07-08 05:01:01,57.0,61.000              ,579.465,200.0,1200.0,0.0,57.75,57.750              ,57.75,57.75,57.75,57.75,57.75,57.75,57.75,67.072,29.526,56.414,57.018,54.788,39.067,60.186,37.556,50.203,1816.667,1816.667,2160.0,2160.0,1733.333,1733.333,1733.333,1733.333,2160.0,0.785,0.785,0.886,0.887,0.791,0.79,0.813,0.813,15.204,5151.0,10932.0,17.791,65.0,56.21
2026-07-08 05:01:02,57.0,60.000              ,569.363,200.0,1200.0,0.0,57.75,57.750              ,57.75,57.75,57.75,57.75,57.75,57.75,57.75,49.709,34.426,58.422,53.518,63.318,42.484,60.294,43.343,50.689,1716.667,1716.667,1700.0,1700.0,1716.667,1716.667,2060.0,2060.0,2060.0,0.646,0.646,0.808,0.811,0.833,0.833,0.813,0.813,15.088,5166.0,10944.0,17.568,66.0,56.92
2026-07-08 05:01:03,57.0,60.000              ,569.363,200.0,1200.0,0.0,57.75,57.750              ,57.75,57.75,57.75,57.75,57.75,57.75,57.75,53.443,44.602,62.487,51.28,61.597,37.874,47.867,50.926,51.26,1683.333,1980.0,2000.0,2000.0,2000.0,2000.0,1650.0,1650.0,2000.0,0.763,0.763,0.848,0.847,0.812,0.812,0.867,0.867,15.062,5168.0,10966.0,17.687,67.0,56.54
2026-07-08 05:01:04,57.0,63.000              ,569.363,200.0,1200.0,0.0,57.75,57.750              ,57.75,57.75,57.75,57.75,57.75,57.75,57.75,49.19,35.952,71.806,56.701,49.47,57.123,64.905,44.269,53.677,1700.0,1716.667,2040.0,2040.0,2040.0,2040.0,1700.0,1700.0,2040.0,0.685,0.686,0.906,0.904,0.815,0.815,0.807,0.807,15.211,5194.0,10980.0,17.467,68.0,57.25
2026-07-08 05:01:05,58.0,65.000              ,569.363,200.0,1200.0,0.0,58.0,58.000              ,58.0,58.0,58.0,58.0,58.0,58.0,58.0,79.053,79.016,86.691,86.793,87.114,82.325,81.8,89.155,83.993,1500.0,1500.0,1516.667,1516.667,1800.0,1780.0,1780.0,1760.0,1800.0,0.724,0.722,0.805,0.794,0.814,0.814,0.838,0.838,15.064,5097.0,10984.0,18.782,69.0,53.24
2026-07-08 05:01:06,58.0,66.000              ,569.363,200.0,1200.0,0.0,58.0,58.000              ,58.0,58.0,58.0,58.0,58.0,58.0,58.0,75.348,72.171,76.348,79.452,75.928,64.312,77.207,72.952,74.215,1566.667,1566.667,1583.333,1583.333,1357.143,1583.333,1566.667,1566.667,1583.333,0.709,0.709,0.796,0.807,0.74,0.74,0.79,0.79,14.893,5032.0,10988.0,25.109,70.0,39.83
2026-07-08 05:01:07,58.0,63.000              ,569.363,200.0,1200.0,0.0,58.0,58.000              ,58.0,58.0,58.0,58.0,58.0,58.0,58.0,69.647,63.516,73.3,78.727,71.364,71.002,72.403,68.742,71.088,1820.0,1820.0,1820.0,1820.0,1516.667,1516.667,1840.0,1840.0,1840.0,0.685,0.685,0.828,0.827,0.789,0.79,0.824,0.824,15.03,5089.0,11020.0,17.864,71.0,55.98
2026-07-08 05:01:08,58.0,61.000              ,569.363,200.0,1200.0,0.0,58.0,58.000              ,58.0,58.0,58.0,58.0,58.0,58.0,58.0,64.011,55.556,71.778,73.731,67.896,51.294,75.346,45.146,63.095,1471.429,1471.429,1716.667,1716.667,1700.0,1700.0,1700.0,1700.0,1716.667,0.684,0.684,0.86,0.86,0.733,0.732,0.763,0.763,14.755,5086.0,11037.0,17.543,72.0,57.0
2026-07-08 05:01:09,58.0,63.000              ,569.363,200.0,1200.0,0.0,58.0,58.000              ,58.0,58.0,58.0,58.0,58.0,58.0,58.0,53.799,32.985,66.781,61.758,48.625,48.588,61.202,37.887,51.453,1683.333,1683.333,2020.0,2020.0,1683.333,1666.667,1666.667,1666.667,2020.0,0.67,0.671,0.916,0.916,0.748,0.749,0.764,0.758,15.099,5091.0,11058.0,18.026,73.0,55.48
2026-07-08 05:01:10,58.0,64.000              ,569.363,200.0,1200.0,0.0,58.0,58.000              ,58.0,58.0,58.0,58.0,58.0,58.0,58.0,54.709,37.726,63.304,59.553,59.398,42.377,64.572,30.184,51.478,1633.333,1633.333,1960.0,1960.0,1633.333,1633.333,1960.0,1960.0,1960.0,0.696,0.695,0.842,0.842,0.756,0.755,0.748,0.755,14.962,5098.0,11064.0,26.704,74.0,37.45
2026-07-08 05:01:11,58.0,62.000              ,569.504,200.0,1200.0,0.0,58.0,58.000              ,58.0,58.0,58.0,58.0,58.0,58.0,58.0,60.031,38.804,50.343,51.558,59.15,27.058,71.451,28.993,48.423,1716.667,1716.667,2060.0,2040.0,1700.0,1700.0,2040.0,2040.0,2060.0,0.735,0.735,0.803,0.803,0.726,0.721,0.812,0.801,15.069,5158.0,11099.0,26.318,75.0,38.0
2026-07-08 05:01:12,58.0,63.000              ,569.254,200.0,1200.0,0.0,58.0,58.000              ,58.0,58.0,58.0,58.0,58.0,58.0,58.0,59.927,32.06,50.315,60.492,61.818,34.231,59.388,38.939,49.646,1633.333,1633.333,1633.333,1633.333,1633.333,1940.0,1940.0,1960.0,1960.0,0.677,0.677,0.818,0.818,0.778,0.785,0.743,0.752,15.06,5210.0,11144.0,17.666,76.0,56.61
2026-07-08 05:01:13,58.0,65.000              ,569.254,200.0,1200.0,0.0,58.0,58.000              ,58.0,58.0,58.0,58.0,58.0,58.0,58.0,52.397,37.279,51.339,55.853,59.892,29.14,56.629,30.944,46.684,1683.333,1683.333,1683.333,1683.333,1683.333,1683.333,2020.0,2020.0,2020.0,0.698,0.698,0.838,0.84,0.741,0.741,0.766,0.766,14.975,5214.0,11155.0,17.72,77.0,56.43
2026-07-08 05:01:14,58.0,62.000              ,569.254,200.0,1200.0,0.0,58.0,58.000              ,58.0,58.0,58.0,58.0,58.0,58.0,58.0,48.875,32.187,64.248,53.509,52.841,26.474,44.256,51.53,46.74,1716.667,1716.667,1716.667,1716.667,2060.0,2060.0,1716.667,1716.667,2060.0,0.675,0.675,0.934,0.933,0.724,0.723,0.803,0.803,15.089,5247.0,11203.0,17.361,78.0,57.6
2026-07-08 05:01:15,58.0,59.000              ,569.254,200.0,1200.0,0.0,58.0,58.000              ,58.0,58.0,58.0,58.0,58.0,58.0,58.0,50.337,33.252,53.921,64.927,63.814,26.338,42.575,66.204,50.171,1683.333,1683.333,2020.0,2020.0,1683.333,1683.333,1683.333,1683.333,2020.0,0.645,0.645,0.862,0.862,0.713,0.712,0.852,0.852,14.95,5287.0,11231.0,17.866,79.0,55.97
2026-07-08 05:01:16,58.0,59.000              ,569.254,200.0,1200.0,0.0,58.0,58.000              ,58.0,58.0,58.0,58.0,58.0,58.0,58.0,54.982,52.192,77.05,56.813,47.765,54.956,55.573,69.673,58.625,1716.667,1716.667,2060.0,2060.0,2060.0,2040.0,1683.333,1683.333,2060.0,0.694,0.688,0.81,0.813,0.718,0.718,0.835,0.836,15.096,4999.0,11256.0,17.721,80.0,56.43
2026-07-08 05:01:17,58.0,59.000              ,569.254,200.0,1200.0,0.0,58.0,58.000              ,58.0,58.0,58.0,58.0,58.0,58.0,58.0,49.049,30.862,57.933,59.582,54.124,47.439,60.05,52.155,51.399,1716.667,1716.667,1716.667,1716.667,2060.0,2040.0,2040.0,2040.0,2060.0,0.616,0.621,0.833,0.834,0.747,0.747,0.871,0.87,15.169,5024.0,11281.0,18.32,81.0,54.59
2026-07-08 05:01:18,58.0,59.000              ,569.254,200.0,1200.0,0.0,58.0,58.000              ,58.0,58.0,58.0,58.0,58.0,58.0,58.0,61.323,33.523,55.046,54.577,51.914,50.057,60.201,48.057,51.837,1683.333,1700.0,2040.0,2040.0,1683.333,1683.333,1683.333,1683.333,2040.0,0.692,0.692,0.757,0.756,0.757,0.758,0.852,0.852,14.925,5040.0,11304.0,18.392,82.0,54.37
2026-07-08 05:01:19,58.0,63.000              ,569.527,200.0,1200.0,0.0,58.0,58.000              ,58.0,58.0,58.0,58.0,58.0,58.0,58.0,52.25,34.721,62.544,50.428,49.178,50.833,65.071,36.564,50.199,1683.333,1683.333,1683.333,1683.333,2020.0,2020.0,1683.333,1683.333,2020.0,0.667,0.667,0.809,0.806,0.799,0.798,0.822,0.824,15.08,5105.0,11336.0,26.708,83.0,37.44
2026-07-08 05:01:20,58.0,61.000              ,569.531,200.0,1200.0,0.0,58.0,58.000              ,58.0,58.0,58.0,58.0,58.0,58.0,58.0,56.754,38.621,57.734,52.17,53.525,44.216,71.236,69.551,55.476,1683.333,1683.333,1683.333,1683.333,1683.333,1683.333,2020.0,2020.0,2020.0,0.672,0.671,0.741,0.741,0.675,0.675,0.929,0.927,14.993,5157.0,11387.0,0.0,84.0,
2026-07-08 05:01:21,58.0,60.000              ,569.531,200.0,1200.0,0.0,58.0,58.000              ,58.0,58.0,58.0,58.0,58.0,58.0,58.0,53.599,29.577,52.08,52.596,56.622,45.562,52.79,64.217,50.881,1650.0,1650.0,1980.0,1980.0,1650.0,1650.0,1980.0,1980.0,1980.0,0.616,0.616,0.761,0.761,0.731,0.743,0.866,0.866,15.151,5178.0,11411.0,0.0,85.0,
2026-07-08 05:01:22,58.0,62.000              ,569.281,200.0,1200.0,0.0,58.0,58.000              ,58.0,58.0,58.0,58.0,58.0,58.0,58.0,52.783,32.368,60.649,47.217,40.024,35.252,73.826,78.083,52.525,1666.667,1666.667,1666.667,2000.0,2000.0,2000.0,1666.667,1666.667,2000.0,0.627,0.627,0.747,0.747,0.6,0.588,1.01,1.012,14.842,5227.0,11432.0,0.0,86.0,
2026-07-08 05:01:23,58.0,62.000              ,569.281,200.0,1200.0,0.0,58.0,58.000              ,58.0,58.0,58.0,58.0,58.0,58.0,58.0,47.585,35.351,54.262,67.828,64.264,32.129,47.472,68.2,52.136,1700.0,1700.0,1666.667,1666.667,1666.667,1666.667,2000.0,2000.0,2000.0,0.656,0.656,0.836,0.837,0.745,0.745,0.897,0.895,14.89,5234.0,11454.0,40.789,87.0,24.52
2026-07-08 05:01:24,58.0,60.000              ,569.281,200.0,1200.0,0.0,58.0,58.000              ,58.0,58.0,58.0,58.0,58.0,58.0,58.0,56.788,30.87,57.509,63.342,62.455,31.078,55.136,48.816,50.749,1800.0,1800.0,2180.0,2180.0,1816.667,1816.667,1800.0,1800.0,2180.0,0.702,0.702,0.934,0.935,0.774,0.774,0.86,0.861,15.192,5232.0,11470.0,19.133,88.0,52.27
2026-07-08 05:01:25,58.0,58.000              ,569.281,200.0,1200.0,0.0,58.0,58.000              ,58.0,58.0,58.0,58.0,58.0,58.0,58.0,58.259,43.659,63.9,54.556,54.368,57.679,62.231,58.573,56.653,1633.333,1880.0,1566.667,1566.667,1566.667,1566.667,1566.667,1566.667,1880.0,0.695,0.695,0.799,0.797,0.762,0.751,0.835,0.834,14.942,5172.0,11503.0,28.524,89.0,35.06
2026-07-08 05:01:26,58.0,61.000              ,569.281,200.0,1200.0,0.0,58.0,58.000              ,58.0,58.0,58.0,58.0,58.0,58.0,58.0,50.624,30.247,60.644,54.112,72.396,22.461,65.663,29.225,48.171,1766.667,1766.667,2120.0,2120.0,1766.667,1766.667,1766.667,1766.667,2120.0,0.642,0.643,0.87,0.87,0.764,0.776,0.76,0.76,15.206,5216.0,11523.0,20.654,90.0,48.42
2026-07-08 05:01:27,58.0,64.000              ,569.281,200.0,1200.0,0.0,58.0,58.000              ,58.0,58.0,58.0,58.0,58.0,58.0,58.0,49.625,34.344,59.859,52.417,57.075,35.647,54.964,43.193,48.391,1650.0,1650.0,1980.0,1980.0,1980.0,1980.0,1650.0,1650.0,1980.0,0.655,0.646,0.802,0.804,0.755,0.755,0.788,0.789,14.94,5231.0,11539.0,25.938,91.0,38.55
2026-07-08 05:01:28,58.0,65.000              ,569.281,200.0,1200.0,0.0,58.0,58.000              ,58.0,58.0,58.0,58.0,58.0,58.0,58.0,50.589,32.578,56.566,57.358,59.559,34.309,68.535,25.659,48.144,1700.0,1700.0,1700.0,1700.0,2040.0,2040.0,1700.0,1700.0,2040.0,0.643,0.651,0.836,0.834,0.766,0.766,0.78,0.778,15.069,5231.0,11551.0,19.328,92.0,51.74
2026-07-08 05:01:29,58.0,64.000              ,569.641,200.0,1200.0,0.0,58.0,58.000              ,58.0,58.0,58.0,58.0,58.0,58.0,58.0,50.925,41.794,56.446,63.098,55.582,46.612,65.637,41.441,52.692,1683.333,1683.333,1683.333,1683.333,2020.0,2000.0,1666.667,1666.667,2020.0,0.696,0.698,0.857,0.859,0.775,0.775,0.78,0.78,15.206,5233.0,11561.0,34.582,93.0,28.92
2026-07-08 05:01:30,58.0,63.000              ,569.641,200.0,1200.0,0.0,58.0,58.000              ,58.0,58.0,58.0,58.0,58.0,58.0,58.0,44.129,31.61,64.914,55.228,64.099,29.517,59.541,40.067,48.638,1683.333,1683.333,2020.0,2020.0,1683.333,1683.333,1683.333,1683.333,2020.0,0.614,0.613,0.879,0.877,0.755,0.755,0.788,0.79,14.869,5268.0,11576.0,27.472,94.0,36.4
2026-07-08 05:01:31,58.0,62.000              ,569.641,200.0,1200.0,0.0,58.0,58.000              ,58.0,58.0,58.0,58.0,58.0,58.0,58.0,48.021,31.224,63.213,48.183,67.819,21.855,64.686,41.262,48.283,1683.333,1683.333,1683.333,1683.333,1683.333,1683.333,2020.0,2020.0,2020.0,0.646,0.646,0.806,0.806,0.731,0.731,0.849,0.848,14.996,5295.0,11598.0,30.455,95.0,32.84
2026-07-08 05:01:32,58.0,61.000              ,569.387,200.0,1200.0,0.0,58.0,58.000              ,58.0,58.0,58.0,58.0,58.0,58.0,58.0,47.982,31.404,49.293,39.952,66.781,23.962,44.767,61.007,45.643,1683.333,1683.333,1683.333,1683.333,2020.0,2020.0,1683.333,1683.333,2020.0,0.625,0.625,0.694,0.694,0.762,0.762,0.904,0.904,14.868,5308.0,11608.0,17.83,96.0,56.09
2026-07-08 05:01:33,58.0,61.000              ,569.391,200.0,1200.0,0.0,58.0,58.000              ,58.0,58.0,58.0,58.0,58.0,58.0,58.0,49.409,26.978,47.101,60.315,54.184,36.222,43.926,53.654,46.473,1766.667,1766.667,2120.0,2120.0,2120.0,2120.0,1766.667,1766.667,2120.0,0.631,0.633,0.782,0.787,0.767,0.767,0.882,0.882,15.242,5311.0,11629.0,18.606,97.0,53.75
2026-07-08 05:01:34,58.0,60.000              ,569.391,200.0,1200.0,0.0,58.0,58.000              ,58.0,58.0,58.0,58.0,58.0,58.0,58.0,51.759,25.996,44.756,57.836,53.038,32.1,69.165,24.77,44.927,1800.0,1800.0,1800.0,1783.333,1783.333,1783.333,2140.0,2140.0,2140.0,0.671,0.67,0.833,0.832,0.747,0.747,0.839,0.839,15.072,5338.0,11635.0,17.419,98.0,57.41
2026-07-08 05:01:35,58.0,59.000              ,569.387,200.0,1200.0,0.0,58.0,58.000              ,58.0,58.0,58.0,58.0,58.0,58.0,58.0,47.007,27.524,55.55,62.185,68.87,22.512,70.863,31.181,48.212,1700.0,1700.0,2040.0,2040.0,2040.0,2040.0,1700.0,1700.0,2040.0,0.631,0.632,0.902,0.898,0.785,0.785,0.822,0.822,15.057,5347.0,11662.0,17.645,99.0,56.67
2026-07-08 05:01:36,58.0,58.000              ,569.391,200.0,1200.0,0.0,58.0,58.000              ,58.0,58.0,58.0,58.0,58.0,58.0,58.0,46.578,27.476,54.034,66.155,68.453,30.278,70.488,30.702,49.271,1683.333,1683.333,2020.0,2020.0,1683.333,1683.333,1683.333,1683.333,2020.0,0.629,0.629,0.869,0.869,0.784,0.784,0.824,0.832,15.041,5364.0,11675.0,17.859,100.0,55.99
2026-07-08 05:01:37,58.0,59.000              ,569.391,200.0,1200.0,0.0,58.0,58.000              ,58.0,58.0,58.0,58.0,58.0,58.0,58.0,60.47,31.483,69.732,49.714,54.516,35.94,59.912,37.177,49.868,1700.0,1700.0,2040.0,2040.0,2040.0,2040.0,2040.0,2040.0,2040.0,0.707,0.706,0.846,0.846,0.732,0.722,0.775,0.767,14.802,5375.0,11677.0,17.833,101.0,56.08
2026-07-08 05:01:38,58.0,61.000              ,569.387,200.0,1200.0,0.0,58.0,58.000              ,58.0,58.0,58.0,58.0,58.0,58.0,58.0,47.469,35.385,57.4,58.74,69.107,34.495,66.232,28.341,49.646,1700.0,1700.0,1700.0,1700.0,1700.0,1700.0,2040.0,2040.0,2040.0,0.699,0.699,0.953,0.953,0.866,0.878,0.854,0.854,15.261,5408.0,11703.0,17.935,102.0,55.76
2026-07-08 05:01:39,58.0,62.000              ,569.391,200.0,1200.0,0.0,58.0,58.000              ,58.0,58.0,58.0,58.0,58.0,58.0,58.0,57.081,31.246,60.769,58.237,65.341,39.127,49.232,56.439,52.184,1666.667,1666.667,2000.0,2000.0,1666.667,1980.0,1650.0,1650.0,2000.0,0.68,0.68,0.844,0.845,0.776,0.776,0.823,0.823,15.097,5527.0,11822.0,18.23,103.0,54.85
2026-07-08 05:01:40,58.0,63.000              ,569.391,200.0,1200.0,0.0,58.0,58.000              ,58.0,58.0,58.0,58.0,58.0,58.0,58.0,60.358,37.717,71.293,62.865,82.792,36.209,70.546,43.184,58.12,1583.333,1583.333,1900.0,1900.0,1583.333,1583.333,1900.0,1900.0,1900.0,0.677,0.678,0.839,0.838,0.867,0.855,0.744,0.745,14.815,5472.0,11865.0,18.157,104.0,55.08
2026-07-08 05:01:41,58.0,64.000              ,569.387,200.0,1200.0,0.0,58.0,58.000              ,58.0,58.0,58.0,58.0,58.0,58.0,58.0,48.604,31.796,60.593,62.929,63.779,35.162,76.357,35.335,51.819,1633.333,1633.333,1960.0,1960.0,1633.333,1633.333,1633.333,1633.333,1960.0,0.628,0.627,0.868,0.868,0.749,0.761,0.832,0.831,15.221,5537.0,11911.0,18.032,105.0,55.46
2026-07-08 05:01:42,58.0,65.000              ,569.391,200.0,1200.0,0.0,58.0,58.000              ,58.0,58.0,58.0,58.0,58.0,58.0,58.0,51.176,43.957,73.128,63.506,47.036,58.703,58.193,78.467,59.271,1533.333,1516.667,1820.0,1820.0,1820.0,1516.667,1820.0,1820.0,1820.0,0.669,0.669,0.884,0.886,0.788,0.786,1.089,1.089,14.644,5518.0,11934.0,18.572,106.0,53.84
2026-07-08 05:01:43,58.0,64.000              ,569.391,200.0,1200.0,0.0,58.0,58.000              ,58.0,58.0,58.0,58.0,58.0,58.0,58.0,41.881,37.672,63.905,53.08,57.241,38.551,51.74,50.397,49.308,1760.0,1760.0,1760.0,1760.0,1760.0,1760.0,2200.0,2200.0,2200.0,0.738,0.738,0.997,0.995,0.88,0.881,0.937,0.937,15.269,5544.0,11955.0,17.667,107.0,56.6
2026-07-08 05:01:44,58.0,62.000              ,569.387,200.0,1200.0,0.0,58.0,58.000              ,58.0,58.0,58.0,58.0,58.0,58.0,58.0,40.18,38.951,68.128,63.115,50.232,52.218,55.806,45.56,51.774,1733.333,1733.333,2080.0,2080.0,2080.0,2020.0,1683.333,1683.333,2080.0,0.683,0.685,1.01,1.011,0.856,0.855,0.916,0.916,15.01,5580.0,11997.0,17.732,108.0,56.4
2026-07-08 05:01:45,58.0,63.000              ,569.391,200.0,1200.0,0.0,58.0,58.000              ,58.0,58.0,58.0,58.0,58.0,58.0,58.0,41.321,33.794,60.477,56.876,56.544,43.324,65.114,63.761,52.651,1700.0,1700.0,1700.0,1700.0,2020.0,2020.0,2020.0,2020.0,2020.0,0.661,0.659,0.824,0.822,0.871,0.871,1.135,1.135,14.873,5624.0,12038.0,17.525,109.0,57.06
2026-07-08 05:01:46,58.0,63.000              ,569.391,200.0,1200.0,0.0,58.0,58.000              ,58.0,58.0,58.0,58.0,58.0,58.0,58.0,68.724,61.582,79.045,73.936,74.528,66.492,68.111,77.476,71.237,1783.333,1783.333,1783.333,1783.333,1750.0,1750.0,2100.0,2100.0,2100.0,0.788,0.789,0.953,0.954,0.875,0.876,1.014,0.998,15.345,5379.0,12080.0,17.912,110.0,55.83
2026-07-08 05:01:47,58.0,63.000              ,569.387,200.0,1200.0,0.0,58.0,58.000              ,58.0,58.0,58.0,58.0,58.0,58.0,58.0,71.958,66.239,72.487,79.274,75.111,57.164,73.503,78.548,71.786,1466.667,1466.667,1466.667,1466.667,1466.667,1466.667,1760.0,1760.0,1760.0,0.735,0.734,0.825,0.824,0.781,0.781,0.922,0.939,15.198,5372.0,12111.0,18.226,111.0,54.87
2026-07-08 05:01:48,58.0,63.000              ,569.391,200.0,1200.0,0.0,58.0,58.000              ,58.0,58.0,58.0,58.0,58.0,58.0,58.0,74.626,64.833,72.492,76.485,74.909,63.422,74.041,80.921,72.716,1583.333,1583.333,1583.333,1583.333,1583.333,1583.333,1920.0,1920.0,1920.0,0.793,0.792,0.873,0.862,0.858,0.857,1.003,1.004,14.877,5399.0,12143.0,17.571,112.0,56.91
2026-07-08 05:01:49,58.0,63.000              ,569.391,200.0,1200.0,0.0,58.125,58.125              ,58.125,58.125,58.125,58.125,58.125,58.125,58.125,68.826,78.069,72.476,75.727,71.188,60.256,70.444,76.272,71.657,1516.667,1516.667,1820.0,1820.0,1516.667,1820.0,1800.0,1800.0,1820.0,0.779,0.781,0.811,0.821,0.749,0.749,0.896,0.894,14.951,5257.0,12171.0,17.658,113.0,56.63
2026-07-08 05:01:50,58.0,63.000              ,569.387,200.0,1200.0,0.0,58.0,58.000              ,58.0,58.0,58.0,58.0,58.0,58.0,58.0,40.265,33.153,65.486,52.639,46.531,43.202,52.234,59.125,49.079,1683.333,1683.333,1683.333,2020.0,1683.333,1683.333,1683.333,2020.0,2020.0,0.671,0.67,0.954,0.954,0.785,0.775,1.056,1.056,14.716,5295.0,12216.0,17.481,114.0,57.2
2026-07-08 05:01:51,58.0,61.000              ,569.391,200.0,1200.0,0.0,58.0,58.000              ,58.0,58.0,58.0,58.0,58.0,58.0,58.0,36.627,26.196,58.949,53.11,52.255,39.449,57.2,59.04,47.853,1820.0,1820.0,1820.0,1820.0,1820.0,1820.0,2275.0,2300.0,2300.0,0.649,0.649,0.919,0.92,0.852,0.864,1.241,1.243,15.297,5341.0,12264.0,17.92,115.0,55.8
2026-07-08 05:01:52,58.0,62.000              ,569.391,200.0,1200.0,0.0,58.0,58.000              ,58.0,58.0,58.0,58.0,58.0,58.0,58.0,46.17,35.124,69.074,51.553,45.039,46.54,71.699,52.246,52.181,1780.0,1780.0,2225.0,2225.0,1780.0,1780.0,1760.0,1760.0,2225.0,0.688,0.688,0.89,0.889,0.805,0.807,1.199,1.197,15.124,5393.0,12314.0,17.926,116.0,55.78
2026-07-08 05:01:53,58.0,63.000              ,569.387,200.0,1200.0,0.0,58.0,58.000              ,58.0,58.0,58.0,58.0,58.0,58.0,58.0,51.23,50.438,69.552,56.9,55.683,51.681,71.509,62.091,58.635,1700.0,1700.0,2040.0,2040.0,2020.0,2020.0,2020.0,2020.0,2040.0,0.683,0.683,0.813,0.813,0.738,0.738,0.975,0.975,14.99,5204.0,12380.0,18.258,117.0,54.77
2026-07-08 05:01:54,58.0,63.000              ,569.391,200.0,1200.0,0.0,58.0,58.000              ,58.0,58.0,58.0,58.0,58.0,58.0,58.0,49.96,30.646,60.937,54.952,49.176,48.873,52.547,52.801,49.987,1633.333,1633.333,1960.0,1960.0,1633.333,1633.333,1960.0,1980.0,1980.0,0.674,0.674,0.844,0.844,0.815,0.813,0.944,0.944,14.976,5275.0,12455.0,34.461,118.0,29.02
2026-07-08 05:01:55,58.0,64.000              ,569.391,200.0,1200.0,0.0,58.0,58.000              ,58.0,58.0,58.0,58.0,58.0,58.0,58.0,48.139,33.903,57.029,70.14,53.414,35.126,53.512,60.913,51.522,1650.0,1650.0,1980.0,1980.0,1650.0,1650.0,2000.0,2000.0,2000.0,0.635,0.64,0.832,0.832,0.718,0.721,0.825,0.813,14.934,5304.0,12485.0,19.175,119.0,52.15
2026-07-08 05:01:56,58.0,64.000              ,569.387,200.0,1200.0,0.0,58.0,58.000              ,58.0,58.0,58.0,58.0,58.0,58.0,58.0,41.581,38.106,62.796,66.397,49.853,38.797,47.254,66.814,51.45,1683.333,1683.333,2020.0,2020.0,1666.667,1666.667,2000.0,2020.0,2020.0,0.654,0.65,0.908,0.9,0.715,0.714,0.905,0.918,15.085,5348.0,12527.0,18.194,120.0,54.96
2026-07-08 05:01:57,57.0,63.000              ,569.391,200.0,1200.0,0.0,57.75,57.750              ,57.75,57.75,57.75,57.75,57.75,57.75,57.75,35.288,26.829,50.452,52.337,43.752,24.527,50.501,40.719,40.551,1683.333,1700.0,2040.0,2040.0,1700.0,1700.0,1700.0,2020.0,2040.0,0.617,0.617,0.851,0.852,0.664,0.662,0.981,0.983,14.931,5396.0,12572.0,17.621,121.0,56.75
2026-07-08 05:01:58,57.0,61.000              ,569.391,200.0,1200.0,0.0,57.75,57.750              ,57.75,57.75,57.75,57.75,57.75,57.75,57.75,37.287,20.474,53.682,40.036,44.965,21.344,49.63,21.152,36.071,1760.0,1760.0,1760.0,1760.0,2200.0,2200.0,1760.0,1760.0,2200.0,0.635,0.635,0.897,0.905,0.721,0.721,0.833,0.832,14.96,5401.0,12581.0,22.173,122.0,45.1
2026-07-08 05:01:59,57.0,60.000              ,569.387,200.0,1200.0,0.0,57.75,57.750              ,57.75,57.75,57.75,57.75,57.75,57.75,57.75,42.767,18.9,51.621,26.105,48.604,13.524,49.472,14.211,33.15,1820.0,1820.0,1820.0,1820.0,2300.0,2300.0,1840.0,1840.0,2300.0,0.772,0.775,0.923,0.923,0.793,0.793,0.714,0.712,14.834,5403.0,12582.0,17.671,123.0,56.59
2026-07-08 05:02:00,57.0,58.000              ,570.391,200.0,1200.0,0.0,57.75,57.750              ,57.75,57.75,57.75,57.75,57.75,57.75,57.75,33.735,19.392,43.417,20.388,35.559,7.83,32.25,8.096,25.083,2000.0,2000.0,2475.0,2475.0,1980.0,1980.0,1980.0,1980.0,2475.0,0.877,0.874,1.019,1.006,0.779,0.779,0.706,0.708,15.007,5403.0,12579.0,110.494,124.0,9.05
2026-07-08 05:02:01,58.0,62.000              ,569.266,200.0,1200.0,0.0,58.125,58.125              ,58.125,58.125,58.125,58.125,58.125,58.125,58.125,20.868,12.501,20.96,57.343,27.035,17.216,31.17,23.971,26.383,2040.0,2040.0,2550.0,2550.0,2040.0,2040.0,2825.0,3050.0,3050.0,0.694,0.694,1.723,1.794,0.845,0.847,0.97,0.967,14.668,5312.0,12461.0,17.681,125.0,56.56
2026-07-08 05:02:02,58.0,33.000              ,569.266,200.0,1200.0,0.0,58.75,58.750              ,58.75,58.75,58.75,58.75,58.75,58.75,58.75,17.931,12.36,10.027,70.81,37.245,6.131,26.077,8.003,23.573,2560.0,2560.0,3200.0,3175.0,2116.667,2116.667,2540.0,2540.0,3200.0,0.806,0.806,2.668,2.672,1.082,1.109,1.013,1.017,15.347,5349.0,12480.0,0.0,126.0,
2026-07-08 05:02:03,58.0,0.000               ,570.27,200.0,1200.0,0.0,58.75,58.750              ,58.75,58.75,58.75,58.75,58.75,58.75,58.75,17.56,9.49,13.234,65.711,38.46,14.525,37.821,8.784,25.698,2100.0,2100.0,3150.0,3150.0,2100.0,2100.0,2100.0,2100.0,3150.0,0.66,0.66,1.978,1.952,1.264,1.238,1.014,1.009,14.881,5332.0,12435.0,2516.883,127.0,0.4
2026-07-08 05:02:04,59.0,0.000               ,570.27,200.0,1200.0,0.0,59.75,59.750              ,59.75,59.75,59.75,59.75,59.75,59.75,59.75,5.209,3.139,3.281,92.096,26.576,0.716,12.709,1.524,18.156,2150.0,2150.0,2580.0,2580.0,3225.0,3225.0,2150.0,2150.0,3225.0,0.493,0.493,3.689,3.687,0.833,0.828,0.554,0.555,15.005,5342.0,12450.0,0.0,128.0,
2026-07-08 05:02:05,60.0,0.000               ,570.27,200.0,1200.0,0.0,60.125,60.125              ,60.125,60.125,60.125,60.125,60.125,60.125,60.125,14.182,6.18,10.273,66.492,18.149,30.29,15.456,3.194,20.527,2540.0,2540.0,3175.0,3175.0,2116.667,2116.667,2116.667,2116.667,3175.0,0.668,0.668,2.505,2.487,1.639,1.639,0.575,0.575,15.031,5386.0,12500.0,0.0,129.0,
2026-07-08 05:02:06,60.0,0.000               ,570.27,200.0,1200.0,0.0,60.0,60.000              ,60.0,60.0,60.0,60.0,60.0,60.0,60.0,30.526,5.599,16.157,51.057,36.044,3.479,15.709,2.865,20.18,1671.429,1671.429,2925.0,2925.0,2120.0,2120.0,2120.0,2120.0,2925.0,1.05,1.05,2.02,2.01,1.207,1.207,0.611,0.609,14.99,5404.0,12519.0,3376.322,130.0,0.3
2026-07-08 05:02:07,59.0,2.000               ,564.953,200.0,1200.0,0.0,59.5,59.500              ,59.5,59.5,59.5,59.5,59.5,59.5,59.5,8.798,12.279,10.88,60.128,33.628,2.346,13.769,1.896,17.966,2600.0,2600.0,3250.0,3275.0,2620.0,2620.0,2620.0,2620.0,3275.0,0.85,0.85,2.224,2.224,1.088,1.088,0.645,0.645,15.015,5511.0,12561.0,0.0,131.0,
2026-07-08 05:02:08,58.0,2.000               ,564.953,200.0,1200.0,0.0,58.625,58.625              ,58.625,58.625,58.625,58.625,58.625,58.625,58.625,38.718,52.408,40.246,62.694,64.835,23.676,44.97,23.874,43.928,3075.0,3050.0,2440.0,2400.0,2400.0,2400.0,2000.0,2000.0,3075.0,1.176,1.176,1.41,1.41,1.173,1.173,0.913,0.916,15.353,5275.0,12605.0,0.0,132.0,
2026-07-08 05:02:09,58.0,0.000               ,564.953,200.0,1200.0,0.0,58.75,58.750              ,58.75,58.75,58.75,58.75,58.75,58.75,58.75,13.123,7.107,12.19,67.822,37.02,5.433,20.466,7.177,21.292,2360.0,2360.0,2950.0,2975.0,2380.0,2380.0,1983.333,1983.333,2975.0,0.645,0.645,2.029,2.048,1.051,1.051,0.732,0.729,14.898,5299.0,12642.0,0.0,133.0,
2026-07-08 05:02:10,58.0,0.000               ,564.953,200.0,1200.0,0.0,58.75,58.750              ,58.75,58.75,58.75,58.75,58.75,58.75,58.75,14.379,10.935,12.707,68.286,34.307,5.654,22.895,5.28,21.805,2033.333,2033.333,3050.0,3050.0,2033.333,2033.333,2400.0,2400.0,3050.0,0.72,0.72,2.172,2.154,0.971,0.971,0.755,0.755,15.129,5274.0,12676.0,0.0,134.0,
2026-07-08 05:02:11,59.0,0.000               ,564.953,200.0,1200.0,0.0,59.125,59.125              ,59.125,59.125,59.125,59.125,59.125,59.125,59.125,6.066,8.145,7.183,74.981,27.083,1.919,16.225,2.12,17.965,2250.0,2250.0,3375.0,3375.0,2250.0,2250.0,2250.0,2250.0,3375.0,0.631,0.631,2.405,2.405,0.864,0.864,0.624,0.624,14.853,5357.0,12728.0,0.0,135.0,
2026-07-08 05:02:12,59.0,0.000               ,564.953,200.0,1200.0,0.0,59.125,59.125              ,59.125,59.125,59.125,59.125,59.125,59.125,59.125,13.574,6.567,17.62,68.535,35.239,5.553,22.289,5.423,21.85,2280.0,2360.0,2360.0,2360.0,2950.0,2950.0,2950.0,2950.0,2950.0,0.634,0.634,2.285,2.285,1.014,1.014,0.746,0.746,15.077,5376.0,12775.0,0.0,136.0,
2026-07-08 05:02:13,59.0,0.000               ,564.953,200.0,1200.0,0.0,59.125,59.125              ,59.125,59.125,59.125,59.125,59.125,59.125,59.125,9.585,5.886,17.839,38.728,51.245,10.229,28.71,3.164,20.673,1800.0,1800.0,3150.0,3150.0,2520.0,2520.0,1800.0,1800.0,3150.0,0.594,0.594,1.428,1.428,1.682,1.682,0.877,0.877,15.085,5428.0,12828.0,0.0,137.0,
2026-07-08 05:02:14,58.0,0.000               ,564.953,200.0,1200.0,0.0,58.5,58.500              ,58.5,58.5,58.5,58.5,58.5,58.5,58.5,30.534,35.282,32.316,65.443,46.236,38.841,48.173,17.029,39.232,2050.0,2050.0,2460.0,2460.0,3075.0,2950.0,1966.667,1966.667,3075.0,0.944,0.944,1.456,1.475,1.329,1.329,0.991,0.991,15.279,5319.0,12890.0,0.0,138.0,
2026-07-08 05:02:15,58.0,0.000               ,564.953,200.0,1200.0,0.0,58.875,58.875              ,58.875,58.875,58.875,58.875,58.875,58.875,58.875,8.464,10.276,8.498,79.205,29.608,5.388,18.52,4.827,20.598,2033.333,2033.333,3050.0,3075.0,2460.0,2460.0,2050.0,2050.0,3075.0,0.613,0.613,2.353,2.363,0.842,0.842,0.653,0.653,14.972,5397.0,12939.0,0.0,139.0,
2026-07-08 05:02:16,59.0,0.000               ,564.953,200.0,1200.0,0.0,59.125,59.125              ,59.125,59.125,59.125,59.125,59.125,59.125,59.125,7.189,10.71,12.8,69.539,31.598,2.98,29.538,2.544,20.862,2033.333,2033.333,3050.0,3025.0,2420.0,2420.0,2420.0,2420.0,3050.0,0.642,0.632,2.201,2.196,0.914,0.914,0.848,0.848,14.926,5432.0,12984.0,0.0,140.0,
2026-07-08 05:02:17,58.0,0.000               ,564.953,200.0,1200.0,0.0,58.625,58.625              ,58.625,58.625,58.625,58.625,58.625,58.625,58.625,33.821,32.804,31.595,68.751,45.872,35.413,46.223,17.107,38.948,1757.143,1757.143,3075.0,3075.0,2460.0,2975.0,1983.333,1983.333,3075.0,0.89,0.904,1.558,1.549,1.232,1.245,0.893,0.893,15.16,5323.0,13038.0,0.0,141.0,
2026-07-08 05:02:18,58.0,0.000               ,564.953,200.0,1200.0,0.0,58.75,58.750              ,58.75,58.75,58.75,58.75,58.75,58.75,58.75,15.048,11.679,14.014,70.656,35.596,5.039,20.706,7.874,22.576,2050.0,2050.0,3075.0,3075.0,2460.0,2460.0,2050.0,2050.0,3075.0,0.741,0.741,2.109,2.109,0.977,0.965,0.757,0.757,14.878,5379.0,13105.0,0.0,142.0,
2026-07-08 05:02:19,58.0,0.000               ,564.953,200.0,1200.0,0.0,58.625,58.625              ,58.625,58.625,58.625,58.625,58.625,58.625,58.625,13.117,20.976,21.508,33.678,48.266,5.427,34.577,8.036,23.198,2520.0,3125.0,2500.0,2500.0,2500.0,2500.0,2500.0,2500.0,3125.0,0.884,0.884,1.38,1.38,1.345,1.345,1.059,1.059,15.025,5364.0,13152.0,0.0,143.0,
2026-07-08 05:02:20,58.0,0.000               ,564.953,200.0,1200.0,0.0,58.375,58.375              ,58.375,58.375,58.375,58.375,58.375,58.375,58.375,35.972,51.636,36.921,69.85,58.746,36.28,53.229,25.878,46.064,2066.667,2066.667,3100.0,3075.0,3075.0,3050.0,2400.0,2400.0,3100.0,1.044,1.044,1.52,1.52,1.242,1.243,1.08,1.08,15.61,5222.0,13216.0,0.0,144.0,
2026-07-08 05:02:21,58.0,0.000               ,564.953,200.0,1200.0,0.0,58.75,58.750              ,58.75,58.75,58.75,58.75,58.75,58.75,58.75,9.726,6.888,16.66,51.811,40.075,2.137,20.641,3.188,18.891,2340.0,2340.0,2360.0,2360.0,2950.0,2950.0,2360.0,2360.0,2950.0,0.597,0.597,1.849,1.825,1.023,1.021,0.648,0.648,14.351,5265.0,13252.0,0.0,145.0,
2026-07-08 05:02:22,59.0,0.000               ,564.953,200.0,1200.0,0.0,59.0,59.000              ,59.0,59.0,59.0,59.0,59.0,59.0,59.0,8.574,11.731,9.627,71.227,35.482,7.674,21.192,3.492,21.125,2016.667,2016.667,3025.0,3025.0,2420.0,2420.0,2975.0,2975.0,3025.0,0.661,0.661,2.221,2.246,1.076,1.076,0.714,0.742,15.208,5335.0,13329.0,0.0,146.0,
2026-07-08 05:02:23,59.0,0.000               ,564.953,200.0,1200.0,0.0,59.125,59.125              ,59.125,59.125,59.125,59.125,59.125,59.125,59.125,14.816,3.554,28.791,16.514,60.695,1.288,28.918,5.021,19.95,2120.0,2120.0,2650.0,2650.0,2825.0,2825.0,2260.0,2260.0,2825.0,0.654,0.654,1.121,1.09,1.808,1.808,0.948,0.924,14.991,5386.0,13354.0,16614.957,147.0,0.06
2026-07-08 05:02:24,59.0,0.000               ,564.953,200.0,1200.0,0.0,59.25,59.250              ,59.25,59.25,59.25,59.25,59.25,59.25,59.25,18.936,6.111,14.735,55.506,32.511,21.945,28.794,5.191,22.966,2066.667,2066.667,2066.667,2066.667,3100.0,2975.0,1983.333,1983.333,3100.0,0.687,0.687,1.78,1.791,1.287,1.287,0.845,0.845,15.182,5426.0,13390.0,0.0,148.0,
2026-07-08 05:02:25,59.0,0.000               ,564.953,200.0,1200.0,0.0,59.125,59.125              ,59.125,59.125,59.125,59.125,59.125,59.125,59.125,20.895,5.733,8.514,81.064,23.748,24.394,17.565,6.12,23.504,1771.429,1771.429,3100.0,3100.0,2480.0,2975.0,1983.333,1983.333,3100.0,0.674,0.674,2.142,2.131,1.059,1.059,0.616,0.616,14.93,5456.0,13435.0,0.0,149.0,
2026-07-08 05:02:26,59.0,0.000               ,564.953,200.0,1200.0,0.0,59.0,59.000              ,59.0,59.0,59.0,59.0,59.0,59.0,59.0,12.263,5.36,19.606,38.002,34.179,30.846,37.484,2.422,22.52,2050.0,2050.0,2460.0,2460.0,3075.0,2925.0,1950.0,1950.0,3075.0,0.625,0.615,1.387,1.387,1.633,1.633,0.985,0.985,15.023,5524.0,13482.0,0.0,150.0,
2026-07-08 05:02:27,58.0,0.000               ,564.953,200.0,1200.0,0.0,58.5,58.500              ,58.5,58.5,58.5,58.5,58.5,58.5,58.5,29.794,27.41,34.906,74.02,47.578,26.78,80.654,19.469,42.576,2100.0,2100.0,3150.0,3150.0,2100.0,2100.0,2950.0,2950.0,3150.0,0.816,0.829,1.57,1.559,1.0,1.0,1.535,1.535,15.745,5409.0,13524.0,0.0,151.0,
2026-07-08 05:02:28,58.0,0.000               ,564.953,200.0,1200.0,0.0,58.25,58.250              ,58.25,58.25,58.25,58.25,58.25,58.25,58.25,30.61,45.412,36.851,64.445,58.358,32.297,54.31,20.513,42.849,1880.0,1880.0,1880.0,1880.0,2350.0,2350.0,1880.0,1880.0,2350.0,0.85,0.85,1.234,1.24,1.076,1.076,0.892,0.892,14.515,5187.0,13569.0,0.0,152.0,
2026-07-08 05:02:29,58.0,0.000               ,564.953,200.0,1200.0,0.0,58.25,58.250              ,58.25,58.25,58.25,58.25,58.25,58.25,58.25,12.928,12.531,13.249,62.151,39.602,5.562,29.725,4.864,22.577,2116.667,2116.667,3175.0,3175.0,2540.0,2540.0,2116.667,2116.667,3175.0,0.738,0.738,1.826,1.826,1.06,1.06,0.824,0.827,14.798,5230.0,13604.0,0.0,153.0,
2026-07-08 05:02:30,58.0,0.000               ,564.953,200.0,1200.0,0.0,58.5,58.500              ,58.5,58.5,58.5,58.5,58.5,58.5,58.5,11.125,5.301,17.184,41.196,51.126,3.165,25.524,2.98,19.7,1885.714,1885.714,2200.0,2200.0,3300.0,3300.0,2200.0,2200.0,3300.0,0.653,0.672,1.558,1.558,1.578,1.578,0.838,0.835,15.223,5299.0,13649.0,0.0,154.0,
2026-07-08 05:02:31,58.0,0.000               ,564.953,200.0,1200.0,0.0,58.625,58.625              ,58.625,58.625,58.625,58.625,58.625,58.625,58.625,9.902,8.464,15.061,54.981,37.311,12.62,23.054,2.844,20.53,2033.333,2033.333,3050.0,3050.0,2440.0,2440.0,2033.333,2033.333,3050.0,0.664,0.645,1.828,1.828,1.264,1.264,0.787,0.787,14.962,5364.0,13711.0,8027.817,155.0,0.12
2026-07-08 05:02:32,58.0,0.000               ,564.953,200.0,1200.0,0.0,58.75,58.750              ,58.75,58.75,58.75,58.75,58.75,58.75,58.75,17.047,9.236,18.97,25.585,65.193,4.383,29.697,3.604,21.714,2460.0,2460.0,2460.0,2460.0,3075.0,3075.0,2420.0,2420.0,3075.0,0.787,0.791,1.091,1.091,1.91,1.91,0.874,0.861,14.869,5434.0,13790.0,0.0,156.0,
2026-07-08 05:02:33,58.0,0.000               ,564.953,200.0,1200.0,0.0,58.5,58.500              ,58.5,58.5,58.5,58.5,58.5,58.5,58.5,42.031,33.864,39.171,46.819,60.821,28.046,70.312,18.685,42.469,2280.0,2280.0,2280.0,2280.0,3100.0,3100.0,2850.0,2850.0,3100.0,1.089,1.086,1.214,1.216,1.331,1.331,1.395,1.415,15.707,5345.0,13841.0,0.0,157.0,
2026-07-08 05:02:34,58.0,0.000               ,564.953,200.0,1200.0,0.0,58.5,58.500              ,58.5,58.5,58.5,58.5,58.5,58.5,58.5,51.346,37.785,44.221,58.677,62.277,41.722,62.292,31.762,48.76,1980.0,1980.0,1980.0,1980.0,2475.0,2475.0,1980.0,1980.0,2475.0,0.978,0.987,1.196,1.2,1.115,1.115,1.071,1.071,14.936,5098.0,13855.0,0.0,158.0,
2026-07-08 05:02:35,59.0,0.000               ,564.953,200.0,1200.0,0.0,59.75,59.750              ,59.75,59.75,59.75,59.75,59.75,59.75,59.75,6.714,8.147,70.936,29.213,23.484,4.267,21.241,0.978,20.623,1950.0,1950.0,2925.0,2925.0,1950.0,1950.0,1950.0,1950.0,2925.0,0.502,0.486,2.617,2.612,0.683,0.683,0.541,0.539,14.582,5098.0,13851.0,0.0,159.0,
2026-07-08 05:02:36,60.0,0.000               ,564.953,200.0,1200.0,0.0,60.875,60.875              ,60.875,60.875,60.875,60.875,60.875,60.875,60.875,8.375,3.644,19.13,31.108,61.026,20.79,15.352,3.873,20.412,2000.0,2000.0,2400.0,2400.0,3000.0,3175.0,1814.286,1814.286,3175.0,0.481,0.481,1.246,1.299,2.241,2.241,0.583,0.583,15.156,5102.0,13852.0,0.0,160.0,
2026-07-08 05:02:37,61.0,0.000               ,564.953,200.0,1200.0,0.0,61.875,61.875              ,61.875,61.875,61.875,61.875,61.875,61.875,61.875,5.154,1.776,5.28,94.566,22.558,3.342,24.589,2.773,20.005,1766.667,1766.667,2650.0,2650.0,2120.0,2120.0,2120.0,2120.0,2650.0,0.147,0.147,3.07,3.067,0.705,0.705,0.641,0.641,14.908,5104.0,13854.0,0.0,161.0,
2026-07-08 05:02:38,62.0,0.000               ,564.953,200.0,1200.0,0.0,62.125,62.125              ,62.125,62.125,62.125,62.125,62.125,62.125,62.125,6.195,13.884,37.827,56.103,24.006,2.033,19.571,2.732,20.294,3200.0,3200.0,2560.0,2560.0,2133.333,2133.333,2133.333,2133.333,3200.0,0.644,0.644,2.722,2.717,0.667,0.667,0.586,0.586,14.912,5104.0,13855.0,0.0,162.0,
2026-07-08 05:02:39,62.0,0.000               ,624.68,200.0,1200.0,0.0,62.0,62.000              ,62.0,62.0,62.0,62.0,62.0,62.0,62.0,9.517,2.444,20.0,26.638,43.445,4.044,53.343,4.249,20.46,1625.0,1625.0,3250.0,3250.0,1857.143,1857.143,1857.143,1857.143,3250.0,0.461,0.461,1.312,1.312,1.237,1.237,1.776,1.776,15.098,5149.0,13950.0,0.0,163.0,
2026-07-08 05:02:40,62.0,0.000               ,624.68,200.0,1200.0,0.0,62.5,62.500              ,62.5,62.5,62.5,62.5,62.5,62.5,62.5,9.016,1.969,13.452,27.748,73.477,5.93,22.633,1.824,19.506,1857.143,1857.143,2166.667,2166.667,2166.667,2166.667,3250.0,3250.0,3250.0,0.498,0.498,1.179,1.184,2.349,2.349,0.773,0.773,15.031,5159.0,13950.0,0.0,164.0,
2026-07-08 05:02:41,62.0,0.000               ,624.68,200.0,1200.0,0.0,62.5,62.500              ,62.5,62.5,62.5,62.5,62.5,62.5,62.5,5.476,2.788,75.184,18.829,33.14,4.137,20.327,5.124,20.626,1928.571,1928.571,2250.0,2250.0,3375.0,3375.0,2250.0,2250.0,3375.0,0.118,0.121,2.95,2.945,1.008,1.037,0.73,0.75,15.209,5161.0,13949.0,0.0,165.0,
2026-07-08 05:02:42,62.0,0.000               ,624.68,200.0,1200.0,0.0,62.25,62.250              ,62.25,62.25,62.25,62.25,62.25,62.25,62.25,12.305,3.938,10.665,77.704,31.989,7.23,18.357,8.593,21.348,1800.0,1800.0,2100.0,2100.0,3150.0,3150.0,2100.0,2100.0,3150.0,0.548,0.545,2.538,2.555,1.001,0.97,0.68,0.658,14.86,5171.0,13949.0,0.0,166.0,
2026-07-08 05:02:43,62.0,0.000               ,628.18,200.0,1200.0,0.0,62.5,62.500              ,62.5,62.5,62.5,62.5,62.5,62.5,62.5,9.274,2.277,10.014,64.672,48.757,2.876,20.174,3.454,20.187,1625.0,1625.0,3250.0,3250.0,2166.667,2166.667,2166.667,2166.667,3250.0,0.343,0.343,2.2,2.197,1.509,1.509,0.617,0.632,15.154,5169.0,13961.0,0.0,167.0,
2026-07-08 05:02:44,62.0,0.000               ,628.18,200.0,1200.0,0.0,62.0,62.000              ,62.0,62.0,62.0,62.0,62.0,62.0,62.0,6.48,3.532,17.056,81.388,23.759,1.169,18.717,3.313,19.427,2083.333,2083.333,3125.0,3125.0,2083.333,2083.333,2083.333,2083.333,3125.0,0.478,0.478,2.94,2.932,0.69,0.69,0.607,0.61,14.892,5176.0,13962.0,0.0,168.0,
2026-07-08 05:02:45,62.0,0.000               ,628.18,200.0,1200.0,0.0,62.0,62.000              ,62.0,62.0,62.0,62.0,62.0,62.0,62.0,7.611,3.645,15.159,50.922,25.13,4.852,58.416,6.934,21.584,1625.0,1625.0,3250.0,3250.0,1857.143,1857.143,1857.143,1857.143,3250.0,0.283,0.283,1.979,1.979,0.664,0.664,1.829,1.831,15.214,5186.0,13962.0,0.0,169.0,
2026-07-08 05:02:46,62.0,0.000               ,628.18,200.0,1200.0,0.0,62.125,62.125              ,62.125,62.125,62.125,62.125,62.125,62.125,62.125,9.1,3.476,5.406,88.03,22.612,6.624,24.919,3.107,20.409,2183.333,2183.333,2183.333,2183.333,3275.0,3275.0,2620.0,2620.0,3275.0,0.463,0.463,2.79,2.806,0.821,0.823,0.752,0.752,14.919,5189.0,13961.0,0.0,170.0,
2026-07-08 05:02:47,62.0,0.000               ,628.18,200.0,1200.0,0.0,62.25,62.250              ,62.25,62.25,62.25,62.25,62.25,62.25,62.25,4.55,0.548,12.745,40.636,32.632,0.522,10.31,42.733,18.084,1477.778,1477.778,2216.667,2216.667,3325.0,3325.0,1900.0,1900.0,3325.0,0.247,0.247,1.743,1.73,1.005,1.003,1.717,1.729,14.994,5188.0,13961.0,0.0,171.0,
2026-07-08 05:02:48,62.0,0.000               ,638.305,200.0,1200.0,0.0,62.125,62.125              ,62.125,62.125,62.125,62.125,62.125,62.125,62.125,29.818,38.184,26.91,14.462,36.306,4.389,11.43,6.072,20.947,2183.333,2183.333,3275.0,3275.0,2183.333,2183.333,2620.0,2620.0,3275.0,2.001,2.001,1.084,1.082,1.159,1.159,0.585,0.577,14.992,5183.0,13970.0,16907.141,172.0,0.06
2026-07-08 05:02:49,61.0,0.000               ,638.305,200.0,1200.0,0.0,61.375,61.375              ,61.375,61.375,61.375,61.375,61.375,61.375,61.375,5.562,13.587,53.744,41.415,22.462,4.943,16.597,3.553,20.233,3300.0,3300.0,2200.0,2200.0,1885.714,1885.714,1885.714,1885.714,3300.0,0.774,0.774,3.143,3.16,0.732,0.732,0.611,0.608,15.227,5191.0,13971.0,0.0,173.0,
2026-07-08 05:02:50,61.0,0.000               ,638.305,200.0,1200.0,0.0,61.375,61.375              ,61.375,61.375,61.375,61.375,61.375,61.375,61.375,16.025,14.332,21.941,5.672,81.708,2.438,13.423,4.892,20.054,3300.0,3300.0,2640.0,2640.0,2200.0,2200.0,2200.0,2200.0,3300.0,1.015,1.015,0.751,0.735,2.779,2.74,0.587,0.587,14.811,5192.0,13971.0,0.0,174.0,
2026-07-08 05:02:51,61.0,0.000               ,638.305,200.0,1200.0,0.0,61.25,61.250              ,61.25,61.25,61.25,61.25,61.25,61.25,61.25,5.026,63.979,49.263,3.158,20.649,4.11,13.979,3.011,20.397,3450.0,3450.0,2300.0,2300.0,2300.0,2300.0,1971.429,1971.429,3450.0,2.352,2.353,1.593,1.593,0.695,0.704,0.57,0.57,15.304,5198.0,13969.0,0.0,175.0,
2026-07-08 05:02:52,61.0,0.000               ,638.305,200.0,1200.0,0.0,61.5,61.500              ,61.5,61.5,61.5,61.5,61.5,61.5,61.5,1.232,97.453,19.594,2.228,21.533,3.116,6.368,2.305,19.229,3300.0,3300.0,2640.0,2640.0,2200.0,2200.0,2200.0,2200.0,3300.0,3.385,3.35,0.675,0.675,0.75,0.75,0.469,0.47,14.892,5200.0,13967.0,0.0,176.0,
2026-07-08 05:02:53,62.0,0.000               ,638.305,200.0,1200.0,0.0,62.125,62.125              ,62.125,62.125,62.125,62.125,62.125,62.125,62.125,4.113,93.865,24.144,3.632,23.063,2.821,4.579,2.484,19.838,3325.0,3325.0,1900.0,1900.0,2216.667,2216.667,1662.5,1662.5,3325.0,3.542,3.594,0.721,0.721,0.647,0.647,0.218,0.216,15.128,5199.0,13967.0,0.0,177.0,
2026-07-08 05:02:54,61.0,0.000               ,638.305,200.0,1200.0,0.0,61.375,61.375              ,61.375,61.375,61.375,61.375,61.375,61.375,61.375,5.733,36.329,76.493,4.972,24.633,2.75,12.765,3.318,20.874,3200.0,3200.0,2133.333,2133.333,1828.571,1828.571,1828.571,1828.571,3200.0,1.457,1.446,2.503,2.503,0.722,0.722,0.525,0.525,15.065,5203.0,13970.0,0.0,178.0,
2026-07-08 05:02:55,61.0,0.000               ,638.305,200.0,1200.0,0.0,61.25,61.250              ,61.25,61.25,61.25,61.25,61.25,61.25,61.25,2.41,73.897,15.657,28.85,22.454,3.039,7.217,2.565,19.511,3325.0,3325.0,2660.0,2660.0,2216.667,2216.667,2216.667,2216.667,3325.0,2.576,2.552,1.362,1.385,0.718,0.718,0.497,0.497,15.003,5202.0,13967.0,0.0,179.0,
2026-07-08 05:02:56,61.0,0.000               ,638.305,200.0,1200.0,0.0,61.375,61.375              ,61.375,61.375,61.375,61.375,61.375,61.375,61.375,4.428,91.627,26.547,10.059,24.438,4.686,13.2,5.38,22.546,3325.0,3325.0,2660.0,2660.0,2216.667,2216.667,2216.667,2216.667,3325.0,3.05,3.083,0.83,0.797,0.767,0.767,0.548,0.548,15.291,5224.0,13986.0,0.0,180.0,
2026-07-08 05:02:57,59.0,0.000               ,666.527,200.0,1200.0,0.0,59.875,59.875              ,59.875,59.875,59.875,59.875,59.875,59.875,59.875,31.902,28.963,47.451,25.76,59.296,8.488,41.356,13.851,32.133,2260.0,2260.0,2825.0,2825.0,2800.0,2800.0,2240.0,2240.0,2825.0,1.202,1.183,1.326,1.326,1.382,1.382,1.011,1.011,15.051,5403.0,14163.0,9218.193,181.0,0.11
2026-07-08 05:02:58,58.0,2.000               ,797.402,265.0,1200.0,0.0,58.375,58.375              ,58.375,58.375,58.375,58.375,58.375,58.375,58.375,66.769,66.147,74.242,70.423,76.824,62.337,84.279,63.423,70.555,2625.0,2625.0,2100.0,2080.0,2080.0,2080.0,2180.0,1880.0,2625.0,0.942,0.958,0.94,0.94,0.867,0.856,1.014,1.014,15.874,5458.0,14406.0,429.104,182.0,2.33
2026-07-08 05:02:59,58.0,40.000              ,797.414,234.0,1200.0,0.0,58.0,58.000              ,58.0,58.0,58.0,58.0,58.0,58.0,58.0,62.542,71.965,66.826,74.015,92.663,53.624,76.467,46.338,68.055,1442.857,1275.0,1275.0,1275.0,1550.0,1550.0,1500.0,1483.333,1550.0,0.665,0.664,0.673,0.674,0.716,0.724,0.623,0.623,15.217,5424.0,14407.0,32.826,183.0,30.46
2026-07-08 05:03:00,57.0,82.000              ,795.91,281.0,1200.0,0.0,57.875,57.875              ,57.875,57.875,57.875,57.875,57.875,57.875,57.875,66.865,63.515,68.029,75.063,87.466,49.981,73.103,50.48,66.813,1483.333,1483.333,1483.333,1483.333,1483.333,1483.333,1550.0,1566.667,1566.667,0.618,0.618,0.71,0.709,0.696,0.686,0.625,0.625,14.681,5392.0,14412.0,50.553,184.0,19.78
2026-07-08 05:03:01,57.0,83.000              ,796.922,250.0,1200.0,0.0,57.875,57.875              ,57.875,57.875,57.875,57.875,57.875,57.875,57.875,63.016,62.721,66.736,70.761,77.924,44.825,74.309,43.582,62.984,1583.333,1357.143,1583.333,1583.333,1357.143,1357.143,1600.0,1633.333,1633.333,0.62,0.621,0.702,0.702,0.652,0.662,0.64,0.64,15.028,5341.0,14411.0,44.85,185.0,22.3
2026-07-08 05:03:02,57.0,83.000              ,796.918,370.0,1200.0,0.0,57.875,57.875              ,57.875,57.875,57.875,57.875,57.875,57.875,57.875,59.288,50.481,61.522,70.78,70.392,39.451,63.981,41.418,57.164,1314.286,1314.286,1533.333,1550.0,1328.571,1328.571,1550.0,1550.0,1550.0,0.564,0.564,0.727,0.727,0.605,0.604,0.609,0.609,14.821,5265.0,14410.0,34.475,186.0,29.01
2026-07-08 05:03:03,57.0,83.000              ,796.922,350.0,1200.0,0.0,57.75,57.750              ,57.75,57.75,57.75,57.75,57.75,57.75,57.75,48.743,41.87,49.008,55.156,73.782,28.281,58.224,24.783,47.481,1471.429,1485.714,1485.714,1716.667,1650.0,1650.0,1414.286,1414.286,1716.667,0.52,0.519,0.636,0.636,0.634,0.634,0.546,0.547,15.129,5126.0,14408.0,25.458,187.0,39.28
2026-07-08 05:03:04,57.0,79.000              ,796.922,393.0,1200.0,0.0,57.75,57.750              ,57.75,57.75,57.75,57.75,57.75,57.75,57.75,37.221,37.62,47.112,56.625,54.851,21.637,48.833,18.627,40.316,1457.143,1457.143,1700.0,1700.0,1457.143,1457.143,1457.143,1457.143,1700.0,0.517,0.518,0.727,0.727,0.54,0.54,0.51,0.51,14.951,5134.0,14406.0,25.697,188.0,38.92
2026-07-08 05:03:05,57.0,78.000              ,797.43,400.0,1200.0,0.0,57.75,57.750              ,57.75,57.75,57.75,57.75,57.75,57.75,57.75,37.139,38.193,43.025,46.814,55.57,18.855,52.924,21.635,39.269,1516.667,1516.667,1820.0,1820.0,1516.667,1516.667,1516.667,1516.667,1820.0,0.528,0.527,0.665,0.666,0.578,0.579,0.58,0.572,14.835,5140.0,14406.0,22.024,189.0,45.41
2026-07-08 05:03:06,57.0,76.000              ,797.43,381.0,1200.0,0.0,57.75,57.750              ,57.75,57.75,57.75,57.75,57.75,57.75,57.75,42.069,37.369,36.839,59.989,65.26,15.273,52.186,17.296,40.785,1466.667,1466.667,1760.0,1760.0,1466.667,1466.667,1466.667,1466.667,1760.0,0.546,0.547,0.694,0.699,0.589,0.588,0.534,0.541,15.141,5139.0,14406.0,27.419,190.0,36.47
2026-07-08 05:03:07,57.0,77.000              ,797.434,413.0,1200.0,0.0,57.75,57.750              ,57.75,57.75,57.75,57.75,57.75,57.75,57.75,45.092,37.328,44.89,48.238,62.343,16.267,55.713,22.152,41.503,1500.0,1500.0,1500.0,1750.0,1750.0,1750.0,1500.0,1500.0,1750.0,0.546,0.545,0.653,0.639,0.559,0.559,0.551,0.551,14.862,5141.0,14406.0,23.827,191.0,41.97
2026-07-08 05:03:08,57.0,77.000              ,790.18,457.0,1200.0,0.0,57.75,57.750              ,57.75,57.75,57.75,57.75,57.75,57.75,57.75,35.164,27.492,55.925,29.926,58.086,11.04,52.038,15.634,35.663,1566.667,1566.667,1566.667,1566.667,1880.0,1880.0,1566.667,1566.667,1880.0,0.559,0.559,0.731,0.741,0.636,0.636,0.637,0.637,15.026,5140.0,14401.0,26.784,192.0,37.34
2026-07-08 05:03:09,57.0,69.000              ,770.313,420.0,1200.0,0.0,57.75,57.750              ,57.75,57.75,57.75,57.75,57.75,57.75,57.75,35.706,32.418,35.589,50.45,58.319,14.924,49.118,14.873,36.425,1633.333,1633.333,1633.333,1633.333,1960.0,1960.0,1616.667,1616.667,1960.0,0.559,0.559,0.731,0.73,0.618,0.618,0.559,0.563,15.01,5145.0,14387.0,26.539,193.0,37.68
2026-07-08 05:03:10,57.0,67.000              ,770.316,457.0,1200.0,0.0,57.75,57.750              ,57.75,57.75,57.75,57.75,57.75,57.75,57.75,35.747,36.95,52.97,36.698,52.706,19.717,49.975,21.472,38.279,1616.667,1600.0,1940.0,1940.0,1616.667,1616.667,1616.667,1616.667,1940.0,0.596,0.6,0.732,0.732,0.632,0.632,0.645,0.633,14.819,5148.0,14386.0,27.102,194.0,36.9
2026-07-08 05:03:11,57.0,69.000              ,770.316,450.0,1200.0,0.0,57.75,57.750              ,57.75,57.75,57.75,57.75,57.75,57.75,57.75,40.166,29.802,34.062,47.568,58.296,15.121,55.695,15.39,37.012,1616.667,1616.667,1940.0,1940.0,1633.333,1633.333,1633.333,1633.333,1940.0,0.574,0.57,0.699,0.699,0.63,0.631,0.616,0.622,15.253,5148.0,14376.0,21.677,195.0,46.13
2026-07-08 05:03:12,57.0,70.000              ,770.902,476.0,1200.0,0.0,57.75,57.750              ,57.75,57.75,57.75,57.75,57.75,57.75,57.75,40.75,34.522,47.723,38.553,48.722,14.623,60.827,16.766,37.811,1616.667,1600.0,1920.0,1920.0,1600.0,1600.0,1600.0,1600.0,1920.0,0.624,0.624,0.747,0.753,0.577,0.576,0.688,0.688,14.941,5150.0,14366.0,25.619,196.0,39.03
2026-07-08 05:03:13,57.0,70.000              ,770.906,450.0,1200.0,0.0,57.75,57.750              ,57.75,57.75,57.75,57.75,57.75,57.75,57.75,36.731,26.295,48.883,41.013,55.764,8.578,55.332,9.114,35.214,1666.667,1666.667,2000.0,2000.0,1666.667,1666.667,1683.333,1683.333,2000.0,0.557,0.557,0.824,0.818,0.575,0.577,0.595,0.595,15.019,5150.0,14367.0,22.786,197.0,43.89
2026-07-08 05:03:14,57.0,69.000              ,770.898,200.0,1200.0,0.0,57.75,57.750              ,57.75,57.75,57.75,57.75,57.75,57.75,57.75,42.031,32.889,45.732,39.211,52.73,13.839,55.751,17.895,37.51,1500.0,1500.0,1800.0,1800.0,1500.0,1500.0,1500.0,1500.0,1800.0,0.603,0.603,0.724,0.724,0.597,0.595,0.653,0.653,14.995,5152.0,14367.0,28.729,198.0,34.81
2026-07-08 05:03:15,57.0,67.000              ,770.898,450.0,1200.0,0.0,57.75,57.750              ,57.75,57.75,57.75,57.75,57.75,57.75,57.75,35.527,28.196,51.947,37.433,57.508,10.008,56.164,16.329,36.639,1700.0,1700.0,2040.0,2040.0,1700.0,1700.0,2040.0,2040.0,2040.0,0.588,0.59,0.795,0.795,0.633,0.633,0.683,0.683,14.773,5156.0,14363.0,22.391,199.0,44.66
2026-07-08 05:03:16,57.0,69.000              ,770.898,450.0,1200.0,0.0,57.75,57.750              ,57.75,57.75,57.75,57.75,57.75,57.75,57.75,40.731,31.837,58.893,36.677,52.196,17.603,53.978,21.012,39.116,1666.667,1666.667,1666.667,1666.667,1666.667,1666.667,2000.0,2000.0,2000.0,0.591,0.59,0.76,0.76,0.591,0.591,0.669,0.669,15.244,5155.0,14360.0,20.483,200.0,48.82
2026-07-08 05:03:17,57.0,69.000              ,772.172,492.0,1200.0,0.0,57.75,57.750              ,57.75,57.75,57.75,57.75,57.75,57.75,57.75,34.065,26.938,55.522,32.473,50.056,16.038,49.039,19.527,35.457,1700.0,1700.0,2040.0,2040.0,1716.667,1716.667,1716.667,1716.667,2040.0,0.571,0.571,0.781,0.768,0.61,0.61,0.671,0.671,14.886,5157.0,14361.0,18.547,201.0,53.92
2026-07-08 05:03:18,57.0,68.000              ,772.168,406.0,1200.0,0.0,57.75,57.750              ,57.75,57.75,57.75,57.75,57.75,57.75,57.75,36.301,30.877,32.336,58.245,58.972,12.823,48.611,15.34,36.688,1650.0,1650.0,1980.0,2020.0,1666.667,1666.667,1666.667,1666.667,2020.0,0.551,0.551,0.793,0.806,0.617,0.618,0.59,0.59,15.358,5158.0,14360.0,22.966,202.0,43.54
2026-07-08 05:03:19,57.0,70.000              ,772.168,400.0,1200.0,0.0,57.75,57.750              ,57.75,57.75,57.75,57.75,57.75,57.75,57.75,45.216,31.849,47.129,47.401,61.628,16.889,51.732,16.53,39.797,1616.667,1616.667,1960.0,1960.0,1633.333,1633.333,1633.333,1633.333,1960.0,0.566,0.559,0.739,0.742,0.612,0.611,0.571,0.571,14.901,5158.0,14361.0,24.718,203.0,40.46
2026-07-08 05:03:20,57.0,72.000              ,772.168,476.0,1200.0,0.0,57.75,57.750              ,57.75,57.75,57.75,57.75,57.75,57.75,57.75,50.23,33.256,48.65,50.716,56.155,20.517,53.159,16.627,41.164,1566.667,1566.667,1880.0,1880.0,1566.667,1566.667,1566.667,1566.667,1880.0,0.596,0.608,0.77,0.767,0.585,0.585,0.561,0.561,14.822,5167.0,14361.0,28.261,204.0,35.38
2026-07-08 05:03:21,57.0,71.000              ,772.168,338.0,1200.0,0.0,57.875,57.875              ,57.875,57.875,57.875,57.875,57.875,57.875,57.875,48.082,37.795,50.317,53.575,62.421,26.099,57.33,24.702,45.04,1650.0,1650.0,1980.0,1980.0,1960.0,1960.0,1633.333,1633.333,1980.0,0.628,0.625,0.806,0.806,0.696,0.696,0.662,0.662,15.342,5180.0,14364.0,23.233,205.0,43.04
2026-07-08 05:03:22,57.0,73.000              ,772.168,442.0,1200.0,0.0,57.875,57.875              ,57.875,57.875,57.875,57.875,57.875,57.875,57.875,35.718,34.6,53.603,42.241,56.377,15.543,52.083,16.638,38.35,1485.714,1485.714,1733.333,1733.333,1485.714,1485.714,1485.714,1485.714,1733.333,0.566,0.562,0.75,0.75,0.6,0.604,0.583,0.583,14.8,5183.0,14363.0,24.904,206.0,40.15
2026-07-08 05:03:23,57.0,72.000              ,772.168,400.0,1200.0,0.0,57.875,57.875              ,57.875,57.875,57.875,57.875,57.875,57.875,57.875,39.164,31.047,44.868,45.001,56.829,23.295,47.598,21.308,38.639,1650.0,1650.0,1980.0,1980.0,1650.0,1650.0,1650.0,1650.0,1980.0,0.592,0.596,0.794,0.794,0.684,0.681,0.624,0.624,14.975,5184.0,14363.0,24.739,207.0,40.42
2026-07-08 05:03:24,57.0,66.000              ,772.168,333.0,1200.0,0.0,57.875,57.875              ,57.875,57.875,57.875,57.875,57.875,57.875,57.875,38.803,33.829,52.885,30.126,50.428,19.697,51.427,22.685,37.485,1600.0,1600.0,1920.0,1920.0,1920.0,1960.0,1633.333,1633.333,1960.0,0.62,0.62,0.717,0.717,0.644,0.644,0.684,0.684,15.118,5185.0,14363.0,27.508,208.0,36.35
2026-07-08 05:03:25,57.0,67.000              ,772.168,442.0,1200.0,0.0,57.875,57.875              ,57.875,57.875,57.875,57.875,57.875,57.875,57.875,38.027,31.842,37.099,46.539,59.419,12.261,50.394,14.242,36.228,1666.667,1666.667,2000.0,2000.0,1666.667,1666.667,1666.667,1666.667,2000.0,0.596,0.597,0.723,0.723,0.67,0.67,0.62,0.62,15.001,5186.0,14364.0,24.905,209.0,40.15
2026-07-08 05:03:26,57.0,68.000              ,773.922,200.0,1200.0,0.0,57.875,57.875              ,57.875,57.875,57.875,57.875,57.875,57.875,57.875,49.405,26.275,55.672,41.737,68.249,17.956,60.247,19.048,42.324,1650.0,1650.0,1650.0,1980.0,1980.0,1980.0,1980.0,1980.0,1980.0,0.612,0.611,0.704,0.704,0.71,0.711,0.628,0.628,15.066,5185.0,14365.0,24.625,210.0,40.61
2026-07-08 05:03:27,57.0,71.000              ,773.926,200.0,1200.0,0.0,57.875,57.875              ,57.875,57.875,57.875,57.875,57.875,57.875,57.875,54.739,26.074,58.754,43.825,66.105,16.476,57.358,16.923,42.532,1566.667,1566.667,1880.0,1880.0,1566.667,1566.667,1880.0,1880.0,1880.0,0.619,0.619,0.735,0.735,0.623,0.622,0.606,0.606,15.146,5188.0,14365.0,28.758,211.0,34.77
2026-07-08 05:03:28,57.0,72.000              ,773.922,428.0,1200.0,0.0,57.875,57.875              ,57.875,57.875,57.875,57.875,57.875,57.875,57.875,47.941,27.604,49.919,55.241,67.261,15.479,58.465,13.693,41.95,1566.667,1566.667,1880.0,1880.0,1566.667,1566.667,1566.667,1566.667,1880.0,0.584,0.584,0.787,0.787,0.645,0.645,0.575,0.575,14.882,5192.0,14365.0,19.585,212.0,51.06
2026-07-08 05:03:29,57.0,70.000              ,773.922,387.0,1200.0,0.0,57.875,57.875              ,57.875,57.875,57.875,57.875,57.875,57.875,57.875,47.558,26.283,57.835,44.927,66.364,14.845,58.421,25.506,42.717,1683.333,1683.333,2020.0,2020.0,1683.333,1683.333,1666.667,1666.667,2020.0,0.6,0.6,0.766,0.76,0.633,0.634,0.667,0.667,15.101,5189.0,14366.0,28.118,213.0,35.56
2026-07-08 05:03:30,57.0,71.000              ,773.926,364.0,1200.0,0.0,57.875,57.875              ,57.875,57.875,57.875,57.875,57.875,57.875,57.875,56.124,38.434,56.698,61.529,63.969,28.746,60.651,24.645,48.849,1780.0,1780.0,1780.0,1780.0,1483.333,1483.333,1483.333,1483.333,1780.0,0.588,0.588,0.738,0.746,0.588,0.587,0.564,0.565,15.056,5196.0,14366.0,27.239,214.0,36.71
2026-07-08 05:03:31,57.0,76.000              ,773.922,393.0,1200.0,0.0,57.875,57.875              ,57.875,57.875,57.875,57.875,57.875,57.875,57.875,54.317,28.602,56.954,46.828,66.663,22.512,58.499,26.173,45.068,1485.714,1485.714,1733.333,1733.333,1485.714,1485.714,1485.714,1485.714,1733.333,0.612,0.612,0.706,0.705,0.646,0.646,0.612,0.611,14.947,5201.0,14367.0,26.699,215.0,37.45
2026-07-08 05:03:32,57.0,76.000              ,773.922,450.0,1200.0,0.0,57.75,57.750              ,57.75,57.75,57.75,57.75,57.75,57.75,57.75,47.481,31.14,45.083,53.068,64.551,22.993,52.054,19.014,41.923,1466.667,1466.667,1760.0,1760.0,1466.667,1466.667,1500.0,1500.0,1760.0,0.57,0.57,0.685,0.685,0.653,0.653,0.559,0.563,15.043,5209.0,14368.0,27.02,216.0,37.01
2026-07-08 05:03:33,57.0,71.000              ,772.922,200.0,1200.0,0.0,57.75,57.750              ,57.75,57.75,57.75,57.75,57.75,57.75,57.75,34.484,32.758,52.337,36.958,57.884,10.277,43.265,22.894,36.357,1650.0,1650.0,1980.0,1980.0,1650.0,1650.0,1650.0,1650.0,1980.0,0.604,0.604,0.811,0.811,0.678,0.678,0.646,0.642,14.808,5211.0,14367.0,26.429,217.0,37.84
2026-07-08 05:03:34,57.0,67.000              ,776.68,370.0,1200.0,0.0,57.75,57.750              ,57.75,57.75,57.75,57.75,57.75,57.75,57.75,34.61,25.897,36.009,33.123,53.496,8.643,38.536,19.115,31.179,1820.0,1820.0,1820.0,1820.0,2275.0,2275.0,1820.0,1820.0,2275.0,0.616,0.616,0.732,0.734,0.698,0.698,0.667,0.662,14.817,5215.0,14372.0,24.755,218.0,40.4
2026-07-08 05:03:35,57.0,68.000              ,776.68,344.0,1200.0,0.0,57.75,57.750              ,57.75,57.75,57.75,57.75,57.75,57.75,57.75,41.325,28.809,39.346,40.434,52.082,15.629,53.06,13.263,35.494,1780.0,1780.0,2225.0,2225.0,1760.0,1760.0,1760.0,1760.0,2225.0,0.671,0.673,0.868,0.87,0.708,0.708,0.704,0.71,15.238,5217.0,14371.0,23.314,219.0,42.89
2026-07-08 05:03:36,57.0,69.000              ,775.93,338.0,1200.0,0.0,57.75,57.750              ,57.75,57.75,57.75,57.75,57.75,57.75,57.75,37.786,29.962,41.847,39.965,55.078,9.738,55.159,11.769,35.163,1816.667,1816.667,2180.0,2180.0,1816.667,1816.667,1816.667,1800.0,2180.0,0.635,0.633,0.834,0.829,0.697,0.697,0.678,0.678,15.071,5218.0,14373.0,23.831,220.0,41.96
2026-07-08 05:03:37,57.0,69.000              ,775.555,420.0,1200.0,0.0,57.75,57.750              ,57.75,57.75,57.75,57.75,57.75,57.75,57.75,40.798,28.43,44.165,34.364,53.997,9.627,52.496,15.089,34.871,1750.0,1750.0,1750.0,1750.0,1750.0,1750.0,2100.0,2100.0,2100.0,0.639,0.639,0.782,0.782,0.661,0.665,0.746,0.746,14.985,5231.0,14372.0,20.226,221.0,49.44
2026-07-08 05:03:38,57.0,69.000              ,775.703,420.0,1200.0,0.0,57.75,57.750              ,57.75,57.75,57.75,57.75,57.75,57.75,57.75,36.246,31.336,54.581,34.857,49.851,13.294,53.065,15.576,36.101,1760.0,1760.0,2200.0,2200.0,1760.0,1760.0,1760.0,1760.0,2200.0,0.686,0.686,0.917,0.917,0.694,0.698,0.737,0.737,15.101,5239.0,14372.0,27.807,222.0,35.96
2026-07-08 05:03:39,57.0,71.000              ,776.207,406.0,1200.0,0.0,57.75,57.750              ,57.75,57.75,57.75,57.75,57.75,57.75,57.75,36.692,28.725,60.302,26.346,44.728,17.901,55.71,15.868,35.784,1760.0,1760.0,2200.0,2200.0,1760.0,1760.0,1760.0,1760.0,2200.0,0.625,0.625,0.861,0.849,0.653,0.645,0.758,0.758,14.947,5243.0,14372.0,18.34,223.0,54.53
2026-07-08 05:03:40,57.0,71.000              ,776.211,352.0,1200.0,0.0,57.75,57.750              ,57.75,57.75,57.75,57.75,57.75,57.75,57.75,31.734,29.221,39.138,36.034,54.284,9.845,47.557,10.437,32.281,1760.0,1760.0,2200.0,2200.0,1760.0,1760.0,1760.0,1760.0,2200.0,0.643,0.644,0.846,0.857,0.715,0.715,0.678,0.678,15.108,5243.0,14372.0,24.628,224.0,40.6
2026-07-08 05:03:41,57.0,70.000              ,776.145,305.0,1200.0,0.0,57.75,57.750              ,57.75,57.75,57.75,57.75,57.75,57.75,57.75,35.122,28.066,48.115,36.301,54.479,7.81,49.667,8.053,33.452,1840.0,1840.0,2300.0,2275.0,1820.0,1820.0,1820.0,1820.0,2300.0,0.667,0.666,0.921,0.921,0.697,0.697,0.684,0.677,14.86,5247.0,14372.0,22.809,225.0,43.84
2026-07-08 05:03:42,57.0,69.000              ,776.148,344.0,1200.0,0.0,57.75,57.750              ,57.75,57.75,57.75,57.75,57.75,57.75,57.75,33.348,30.217,37.262,44.172,50.703,13.91,49.831,19.805,34.906,1700.0,1700.0,2040.0,2040.0,1716.667,1716.667,1716.667,1716.667,2040.0,0.633,0.634,0.858,0.858,0.682,0.682,0.726,0.734,14.994,5252.0,14373.0,26.023,226.0,38.43
2026-07-08 05:03:43,57.0,68.000              ,776.148,381.0,1200.0,0.0,57.75,57.750              ,57.75,57.75,57.75,57.75,57.75,57.75,57.75,41.909,28.105,48.905,35.629,50.262,16.52,47.711,16.571,35.702,1780.0,1780.0,2200.0,2200.0,1760.0,1760.0,1760.0,1760.0,2200.0,0.658,0.657,0.875,0.875,0.695,0.695,0.682,0.682,15.36,5252.0,14373.0,24.939,227.0,40.1
2026-07-08 05:03:44,57.0,70.000              ,771.184,393.0,1200.0,0.0,57.75,57.750              ,57.75,57.75,57.75,57.75,57.75,57.75,57.75,46.678,26.291,42.822,29.447,56.015,10.904,50.067,14.88,34.638,1783.333,1783.333,2140.0,2140.0,1766.667,1766.667,1766.667,1766.667,2140.0,0.699,0.7,0.717,0.717,0.684,0.686,0.716,0.716,14.975,5252.0,14369.0,23.781,228.0,42.05
2026-07-08 05:03:45,57.0,71.000              ,771.184,338.0,1200.0,0.0,57.75,57.750              ,57.75,57.75,57.75,57.75,57.75,57.75,57.75,26.911,28.851,44.821,35.828,50.102,11.79,38.935,12.81,31.256,1760.0,1760.0,2200.0,2200.0,1760.0,1760.0,1760.0,1760.0,2200.0,0.622,0.621,0.911,0.911,0.707,0.705,0.643,0.643,14.901,5254.0,14369.0,24.776,229.0,40.36
2026-07-08 05:03:46,57.0,70.000              ,771.18,364.0,1200.0,0.0,57.75,57.750              ,57.75,57.75,57.75,57.75,57.75,57.75,57.75,34.325,26.604,47.127,36.638,51.512,10.898,44.349,18.72,33.772,1880.0,1880.0,2350.0,2350.0,1880.0,1880.0,1860.0,1860.0,2350.0,0.648,0.649,0.871,0.874,0.699,0.699,0.712,0.714,15.003,5255.0,14368.0,21.912,230.0,45.64
2026-07-08 05:03:47,57.0,70.000              ,771.18,428.0,1200.0,0.0,57.75,57.750              ,57.75,57.75,57.75,57.75,57.75,57.75,57.75,33.29,30.685,50.246,37.01,54.627,11.375,48.426,20.293,35.744,1760.0,1760.0,2225.0,2200.0,1760.0,1760.0,1760.0,1760.0,2225.0,0.634,0.632,0.868,0.865,0.669,0.669,0.717,0.716,15.186,5259.0,14363.0,27.166,231.0,36.81
2026-07-08 05:03:48,57.0,70.000              ,771.18,321.0,1200.0,0.0,57.75,57.750              ,57.75,57.75,57.75,57.75,57.75,57.75,57.75,35.086,29.568,39.509,40.56,51.032,8.158,52.717,10.903,33.442,1800.0,1800.0,2250.0,2250.0,1800.0,1800.0,1800.0,1800.0,2250.0,0.673,0.673,0.908,0.908,0.686,0.686,0.693,0.695,14.87,5259.0,14362.0,22.377,232.0,44.69
2026-07-08 05:03:49,57.0,69.000              ,771.18,350.0,1200.0,0.0,57.75,57.750              ,57.75,57.75,57.75,57.75,57.75,57.75,57.75,41.219,32.851,45.096,39.586,54.047,15.898,51.365,18.176,37.28,1800.0,1800.0,2160.0,2160.0,1800.0,1800.0,1816.667,1816.667,2160.0,0.674,0.674,0.815,0.819,0.71,0.71,0.701,0.699,15.177,5261.0,14362.0,23.82,233.0,41.98
2026-07-08 05:03:50,57.0,69.000              ,771.18,200.0,1200.0,0.0,57.75,57.750              ,57.75,57.75,57.75,57.75,57.75,57.75,57.75,36.874,27.731,35.829,39.713,58.302,14.867,47.397,15.764,34.56,1766.667,1766.667,2120.0,2120.0,1766.667,1766.667,1766.667,1766.667,2120.0,0.633,0.633,0.775,0.771,0.761,0.761,0.674,0.674,15.102,5265.0,14362.0,24.747,234.0,40.41
2026-07-08 05:03:51,57.0,70.000              ,786.148,200.0,1200.0,0.0,57.75,57.750              ,57.75,57.75,57.75,57.75,57.75,57.75,57.75,42.443,28.682,41.112,35.111,50.07,9.879,45.768,21.289,34.294,1816.667,1816.667,1816.667,1816.667,2180.0,2180.0,1800.0,1800.0,2180.0,0.687,0.687,0.765,0.766,0.632,0.632,0.724,0.724,14.955,5277.0,14387.0,44.532,235.0,22.46
2026-07-08 05:03:52,57.0,71.000              ,786.148,393.0,1200.0,0.0,57.75,57.750              ,57.75,57.75,57.75,57.75,57.75,57.75,57.75,32.284,23.9,27.936,53.018,46.612,6.807,40.473,7.44,29.809,1750.0,1750.0,2100.0,2100.0,1750.0,1750.0,1750.0,1750.0,2100.0,0.586,0.587,0.921,0.919,0.556,0.556,0.567,0.571,15.027,5281.0,14386.0,17.685,236.0,56.55
2026-07-08 05:03:53,57.0,71.000              ,786.145,381.0,1200.0,0.0,57.75,57.750              ,57.75,57.75,57.75,57.75,57.75,57.75,57.75,33.098,19.582,41.675,28.56,56.045,8.914,51.074,10.19,31.142,1816.667,1816.667,1466.667,1760.0,2200.0,2200.0,1760.0,1760.0,2200.0,0.604,0.604,0.733,0.733,0.754,0.754,0.714,0.718,14.987,5286.0,14386.0,24.331,237.0,41.1
2026-07-08 05:03:54,57.0,70.000              ,786.121,350.0,1200.0,0.0,57.75,57.750              ,57.75,57.75,57.75,57.75,57.75,57.75,57.75,29.717,25.913,35.467,37.443,55.215,7.111,43.814,6.171,30.106,1800.0,1800.0,2250.0,2250.0,2225.0,2225.0,1780.0,1780.0,2250.0,0.622,0.621,0.85,0.851,0.716,0.716,0.639,0.633,15.023,5286.0,14388.0,23.235,238.0,43.04
2026-07-08 05:03:55,57.0,70.000              ,786.121,393.0,1200.0,0.0,57.75,57.750              ,57.75,57.75,57.75,57.75,57.75,57.75,57.75,51.345,43.317,55.619,53.688,60.239,29.374,57.482,24.108,46.897,1960.0,1960.0,1940.0,1616.667,1616.667,1616.667,1616.667,1616.667,1960.0,0.705,0.706,0.811,0.81,0.676,0.676,0.643,0.644,15.157,5300.0,14389.0,25.048,239.0,39.92
2026-07-08 05:03:56,57.0,69.000              ,786.121,364.0,1200.0,0.0,57.75,57.750              ,57.75,57.75,57.75,57.75,57.75,57.75,57.75,33.945,31.659,42.913,38.979,60.466,17.655,49.803,12.807,36.028,1766.667,1766.667,1766.667,2120.0,2120.0,2120.0,1766.667,1766.667,2120.0,0.648,0.648,0.826,0.828,0.759,0.759,0.649,0.648,14.869,5303.0,14388.0,23.267,240.0,42.98
2026-07-08 05:03:57,57.0,69.000              ,787.113,350.0,1200.0,0.0,57.75,57.750              ,57.75,57.75,57.75,57.75,57.75,57.75,57.75,32.657,30.377,44.227,36.001,58.345,9.983,57.021,13.159,35.221,1783.333,1783.333,1783.333,1783.333,2140.0,2140.0,1783.333,1783.333,2140.0,0.658,0.657,0.815,0.817,0.704,0.704,0.75,0.749,14.988,5306.0,14389.0,23.838,241.0,41.95
2026-07-08 05:03:58,57.0,71.000              ,786.738,375.0,1200.0,0.0,57.75,57.750              ,57.75,57.75,57.75,57.75,57.75,57.75,57.75,41.136,30.222,44.201,33.931,61.312,14.092,51.22,19.012,36.891,1820.0,1820.0,1820.0,1820.0,2275.0,2275.0,1820.0,1820.0,2275.0,0.708,0.708,0.774,0.769,0.834,0.825,0.74,0.74,14.977,5307.0,14388.0,29.501,242.0,33.9
2026-07-08 05:03:59,57.0,71.000              ,783.707,333.0,1200.0,0.0,57.75,57.750              ,57.75,57.75,57.75,57.75,57.75,57.75,57.75,31.93,27.293,42.239,40.211,67.42,10.711,46.334,12.652,34.849,1760.0,1760.0,1760.0,1760.0,2200.0,2200.0,1760.0,1760.0,2200.0,0.58,0.58,0.756,0.756,0.788,0.799,0.623,0.623,15.162,5304.0,14386.0,23.471,243.0,42.61
2026-07-08 05:04:00,57.0,70.000              ,786.188,352.0,1200.0,0.0,57.75,57.750              ,57.75,57.75,57.75,57.75,57.75,57.75,57.75,35.737,26.424,43.622,39.357,60.411,14.222,51.387,22.583,36.718,1816.667,1816.667,1816.667,1816.667,2180.0,2180.0,1816.667,1816.667,2180.0,0.591,0.591,0.732,0.732,0.708,0.708,0.745,0.747,15.142,5309.0,14395.0,21.412,244.0,46.7
2026-07-08 05:04:01,57.0,70.000              ,786.066,200.0,1200.0,0.0,57.75,57.750              ,57.75,57.75,57.75,57.75,57.75,57.75,57.75,35.706,30.351,42.629,34.824,57.291,13.816,49.584,21.791,35.749,1760.0,1760.0,2200.0,2200.0,2200.0,2200.0,1760.0,1760.0,2200.0,0.636,0.636,0.761,0.761,0.772,0.77,0.795,0.793,14.915,5316.0,14393.0,22.807,245.0,43.85
2026-07-08 05:04:02,57.0,68.000              ,786.191,400.0,1200.0,0.0,57.75,57.750              ,57.75,57.75,57.75,57.75,57.75,57.75,57.75,28.129,25.858,36.875,34.256,55.826,12.806,39.532,14.401,30.961,1780.0,1780.0,1780.0,1780.0,2225.0,2225.0,1780.0,1780.0,2225.0,0.579,0.57,0.718,0.718,0.772,0.772,0.634,0.634,14.928,5318.0,14392.0,24.545,246.0,40.74
2026-07-08 05:04:03,57.0,68.000              ,786.188,290.0,1200.0,0.0,57.75,57.750              ,57.75,57.75,57.75,57.75,57.75,57.75,57.75,32.273,31.91,45.763,31.837,58.186,6.771,59.768,10.103,34.576,1780.0,1800.0,2225.0,2225.0,2225.0,2225.0,1800.0,1800.0,2225.0,0.676,0.687,0.832,0.832,0.711,0.711,0.823,0.823,15.056,5318.0,14391.0,22.721,247.0,44.01
2026-07-08 05:04:04,57.0,68.000              ,774.289,352.0,1200.0,0.0,57.75,57.750              ,57.75,57.75,57.75,57.75,57.75,57.75,57.75,43.264,17.125,38.396,33.306,49.429,8.725,45.054,12.346,30.955,1820.0,1820.0,1820.0,1820.0,2275.0,2275.0,2275.0,2275.0,2275.0,0.7,0.7,0.869,0.869,0.694,0.694,0.706,0.707,14.953,5313.0,14384.0,24.283,248.0,41.18
2026-07-08 05:04:05,57.0,68.000              ,774.293,200.0,1200.0,0.0,57.75,57.750              ,57.75,57.75,57.75,57.75,57.75,57.75,57.75,42.832,24.945,53.193,24.735,65.06,12.316,58.874,12.821,36.847,1780.0,1780.0,2225.0,2225.0,2225.0,2225.0,1780.0,1780.0,2225.0,0.692,0.692,0.706,0.706,0.809,0.809,0.745,0.745,15.167,5321.0,14384.0,23.374,249.0,42.78
2026-07-08 05:04:06,57.0,70.000              ,774.289,350.0,1200.0,0.0,57.75,57.750              ,57.75,57.75,57.75,57.75,57.75,57.75,57.75,39.351,17.626,57.366,17.436,63.301,7.468,56.557,9.784,33.611,1816.667,1816.667,1816.667,1816.667,1816.667,1816.667,2180.0,2180.0,2180.0,0.652,0.654,0.654,0.654,0.796,0.796,0.742,0.744,14.969,5319.0,14383.0,22.393,250.0,44.66
2026-07-08 05:04:07,57.0,70.000              ,774.293,387.0,1200.0,0.0,57.75,57.750              ,57.75,57.75,57.75,57.75,57.75,57.75,57.75,32.149,19.968,58.731,25.442,59.481,9.925,56.171,11.683,34.194,1800.0,1800.0,2275.0,2275.0,1820.0,1820.0,1820.0,1820.0,2275.0,0.607,0.607,0.886,0.886,0.728,0.728,0.748,0.749,15.116,5319.0,14374.0,20.744,251.0,48.21
2026-07-08 05:04:08,57.0,70.000              ,774.289,375.0,1200.0,0.0,57.75,57.750              ,57.75,57.75,57.75,57.75,57.75,57.75,57.75,44.517,26.022,57.701,31.287,59.611,10.411,51.858,11.666,36.634,1800.0,1800.0,2160.0,2160.0,1800.0,1800.0,1800.0,1800.0,2160.0,0.718,0.717,0.857,0.85,0.705,0.705,0.673,0.67,15.109,5319.0,14375.0,25.882,252.0,38.64
2026-07-08 05:04:09,57.0,70.000              ,774.289,406.0,1200.0,0.0,57.75,57.750              ,57.75,57.75,57.75,57.75,57.75,57.75,57.75,39.182,20.669,67.254,22.758,51.693,9.486,48.95,16.28,34.534,1766.667,1766.667,2120.0,2120.0,1766.667,1766.667,1766.667,1766.667,2120.0,0.653,0.653,0.841,0.849,0.643,0.644,0.719,0.71,14.828,5322.0,14376.0,18.567,253.0,53.86
2026-07-08 05:04:10,57.0,71.000              ,760.391,358.0,1200.0,0.0,57.75,57.750              ,57.75,57.75,57.75,57.75,57.75,57.75,57.75,41.656,20.801,45.371,26.136,55.726,9.059,44.617,12.892,32.032,1820.0,1820.0,2275.0,2275.0,1820.0,1820.0,1820.0,1820.0,2275.0,0.718,0.72,0.795,0.795,0.738,0.737,0.681,0.69,15.219,5309.0,14361.0,27.004,254.0,37.03
2026-07-08 05:04:11,57.0,71.000              ,760.391,352.0,1200.0,0.0,57.75,57.750              ,57.75,57.75,57.75,57.75,57.75,57.75,57.75,40.307,16.157,55.656,23.796,60.025,6.333,53.713,9.127,33.139,1900.0,1900.0,2375.0,2375.0,2375.0,2375.0,1900.0,1900.0,2375.0,0.702,0.7,0.851,0.851,0.744,0.744,0.782,0.782,14.958,5319.0,14361.0,23.11,255.0,43.27
2026-07-08 05:04:12,57.0,70.000              ,760.391,310.0,1200.0,0.0,57.75,57.750              ,57.75,57.75,57.75,57.75,57.75,57.75,57.75,41.529,22.324,49.695,28.299,59.868,5.657,49.175,10.285,33.354,1800.0,1800.0,2250.0,2250.0,1800.0,1800.0,1800.0,1800.0,2250.0,0.746,0.746,0.86,0.86,0.717,0.717,0.722,0.722,14.929,5316.0,14358.0,23.181,256.0,43.14
2026-07-08 05:04:13,57.0,70.000              ,760.383,200.0,1200.0,0.0,57.75,57.750              ,57.75,57.75,57.75,57.75,57.75,57.75,57.75,31.13,30.81,36.38,34.915,57.821,10.649,62.153,10.19,34.256,1900.0,1900.0,1900.0,1900.0,1900.0,1900.0,2375.0,2375.0,2375.0,0.655,0.655,0.723,0.723,0.767,0.767,0.879,0.879,15.152,5315.0,14347.0,22.661,257.0,44.13
2026-07-08 05:04:14,57.0,68.000              ,760.379,344.0,1200.0,0.0,57.75,57.750              ,57.75,57.75,57.75,57.75,57.75,57.75,57.75,26.947,27.668,37.864,38.476,48.734,7.813,38.097,14.071,29.959,1860.0,1860.0,2325.0,2325.0,1860.0,1860.0,1860.0,1860.0,2325.0,0.659,0.662,0.984,0.985,0.717,0.719,0.674,0.674,15.082,5315.0,14349.0,26.008,258.0,38.45
2026-07-08 05:04:15,57.0,69.000              ,763.395,387.0,1200.0,0.0,57.75,57.750              ,57.75,57.75,57.75,57.75,57.75,57.75,57.75,31.169,27.682,50.652,34.009,56.65,11.851,44.017,16.446,34.059,1880.0,1880.0,2350.0,2350.0,1880.0,1880.0,1880.0,1880.0,2350.0,0.664,0.661,0.949,0.938,0.77,0.767,0.683,0.683,15.051,5311.0,14349.0,21.166,259.0,47.25
2026-07-08 05:04:16,57.0,70.000              ,764.402,200.0,1200.0,0.0,57.75,57.750              ,57.75,57.75,57.75,57.75,57.75,57.75,57.75,32.228,26.963,44.383,27.991,60.265,17.104,41.371,9.101,32.426,1760.0,1760.0,1760.0,1760.0,2200.0,2200.0,1760.0,1760.0,2200.0,0.629,0.629,0.767,0.776,0.869,0.869,0.619,0.619,15.116,5316.0,14351.0,26.149,260.0,38.24
2026-07-08 05:04:17,57.0,70.000              ,764.398,321.0,1200.0,0.0,57.75,57.750              ,57.75,57.75,57.75,57.75,57.75,57.75,57.75,33.775,27.881,54.465,34.088,54.031,12.046,46.698,19.371,35.294,1780.0,1780.0,2225.0,2225.0,1780.0,1780.0,1780.0,1780.0,2225.0,0.636,0.636,0.9,0.899,0.725,0.725,0.701,0.711,15.027,5316.0,14351.0,23.356,261.0,42.82
2026-07-08 05:04:18,57.0,69.000              ,765.0,200.0,1200.0,0.0,57.75,57.750              ,57.75,57.75,57.75,57.75,57.75,57.75,57.75,35.481,33.043,43.586,30.769,55.526,13.554,43.244,17.943,34.143,2300.0,2300.0,2300.0,2300.0,2325.0,2325.0,1860.0,1860.0,2325.0,0.658,0.657,0.748,0.748,0.734,0.734,0.669,0.658,15.019,5315.0,14352.0,23.923,262.0,41.8
2026-07-08 05:04:19,57.0,69.000              ,764.996,338.0,1200.0,0.0,57.75,57.750              ,57.75,57.75,57.75,57.75,57.75,57.75,57.75,42.007,29.613,41.268,30.451,56.828,12.44,45.821,14.453,34.11,1816.667,1816.667,1816.667,1816.667,2180.0,2180.0,1816.667,1816.667,2180.0,0.724,0.727,0.693,0.694,0.767,0.768,0.739,0.739,14.971,5322.0,14352.0,24.422,263.0,40.95
2026-07-08 05:04:20,57.0,69.000              ,764.988,364.0,1200.0,0.0,57.75,57.750              ,57.75,57.75,57.75,57.75,57.75,57.75,57.75,37.538,29.311,41.453,33.268,54.811,10.704,40.929,11.92,32.492,2325.0,2325.0,1860.0,1860.0,1860.0,1860.0,1860.0,1860.0,2325.0,0.722,0.719,0.845,0.843,0.744,0.743,0.692,0.692,15.055,5323.0,14352.0,19.775,264.0,50.57
2026-07-08 05:04:21,57.0,70.000              ,764.996,338.0,1200.0,0.0,57.75,57.750              ,57.75,57.75,57.75,57.75,57.75,57.75,57.75,35.27,31.258,42.704,44.288,57.7,11.319,47.14,26.152,36.979,1780.0,1780.0,1780.0,1780.0,1780.0,1780.0,2225.0,2225.0,2225.0,0.644,0.644,0.89,0.89,0.692,0.692,0.746,0.735,14.899,5322.0,14352.0,25.457,265.0,39.28
2026-07-08 05:04:22,57.0,70.000              ,765.0,315.0,1200.0,0.0,57.75,57.750              ,57.75,57.75,57.75,57.75,57.75,57.75,57.75,34.851,28.415,47.345,43.315,54.617,13.0,42.533,26.398,36.309,1783.333,1783.333,2140.0,2140.0,1783.333,1783.333,1783.333,1783.333,2140.0,0.627,0.627,0.893,0.893,0.675,0.675,0.737,0.749,15.222,5323.0,14352.0,22.221,266.0,45.0
2026-07-08 05:04:23,57.0,69.000              ,765.0,200.0,1200.0,0.0,57.75,57.750              ,57.75,57.75,57.75,57.75,57.75,57.75,57.75,28.448,27.518,61.795,26.77,52.536,7.522,45.155,21.845,33.949,1820.0,1820.0,2275.0,2275.0,1820.0,1820.0,1820.0,1820.0,2275.0,0.611,0.613,0.947,0.947,0.642,0.642,0.756,0.756,14.844,5325.0,14352.0,19.655,267.0,50.88
2026-07-08 05:04:24,57.0,68.000              ,765.0,326.0,1200.0,0.0,57.75,57.750              ,57.75,57.75,57.75,57.75,57.75,57.75,57.75,36.76,27.226,41.28,33.774,44.128,8.141,52.075,15.056,32.305,1780.0,1780.0,2200.0,2200.0,1760.0,1760.0,1760.0,1760.0,2200.0,0.686,0.684,0.863,0.863,0.637,0.638,0.778,0.778,15.034,5327.0,14352.0,25.086,268.0,39.86
2026-07-08 05:04:25,57.0,68.000              ,764.996,344.0,1200.0,0.0,57.75,57.750              ,57.75,57.75,57.75,57.75,57.75,57.75,57.75,42.176,27.943,40.028,38.758,49.477,11.47,50.953,22.037,35.355,1860.0,1860.0,2325.0,2325.0,1860.0,1860.0,1860.0,1860.0,2325.0,0.67,0.67,0.797,0.804,0.646,0.646,0.773,0.767,15.213,5326.0,14353.0,22.795,269.0,43.87
2026-07-08 05:04:26,57.0,69.000              ,764.996,315.0,1200.0,0.0,57.75,57.750              ,57.75,57.75,57.75,57.75,57.75,57.75,57.75,45.696,32.388,45.506,41.146,48.458,20.305,52.71,21.625,38.479,2000.0,1683.333,2020.0,2020.0,1683.333,1683.333,2020.0,2020.0,2020.0,0.695,0.695,0.763,0.757,0.668,0.668,0.708,0.713,15.077,5332.0,14356.0,19.223,270.0,52.02
2026-07-08 05:04:27,57.0,69.000              ,764.996,338.0,1200.0,0.0,57.75,57.750              ,57.75,57.75,57.75,57.75,57.75,57.75,57.75,38.853,36.59,38.207,45.687,57.759,17.205,51.267,18.957,38.066,1600.0,1600.0,1920.0,1920.0,1583.333,1583.333,1566.667,1566.667,1920.0,0.642,0.644,0.766,0.764,0.715,0.715,0.654,0.654,14.906,5341.0,14355.0,28.956,271.0,34.54
2026-07-08 05:04:28,57.0,68.000              ,765.0,358.0,1200.0,0.0,57.75,57.750              ,57.75,57.75,57.75,57.75,57.75,57.75,57.75,39.37,30.44,54.812,38.05,47.346,14.934,55.299,17.668,37.24,1800.0,1800.0,2250.0,2250.0,1800.0,1800.0,1800.0,1800.0,2250.0,0.646,0.644,0.909,0.909,0.645,0.645,0.726,0.726,15.011,5343.0,14352.0,21.215,272.0,47.14
2026-07-08 05:04:29,57.0,68.000              ,766.059,450.0,1200.0,0.0,57.75,57.750              ,57.75,57.75,57.75,57.75,57.75,57.75,57.75,50.443,32.94,55.556,49.363,60.719,21.179,59.886,18.645,43.592,1666.667,1666.667,2000.0,2000.0,1666.667,1666.667,1666.667,1666.667,2000.0,0.654,0.654,0.829,0.836,0.677,0.677,0.654,0.654,15.221,5341.0,14353.0,23.744,273.0,42.12
2026-07-08 05:04:30,57.0,69.000              ,766.07,265.0,1200.0,0.0,57.75,57.750              ,57.75,57.75,57.75,57.75,57.75,57.75,57.75,60.637,47.548,59.654,67.924,64.225,36.594,63.458,67.779,58.477,1550.0,1550.0,1550.0,1900.0,1583.333,1583.333,1583.333,1583.333,1900.0,0.659,0.66,0.807,0.798,0.669,0.671,0.823,0.823,15.413,5362.0,14370.0,25.82,274.0,38.73
2026-07-08 05:04:31,57.0,76.000              ,766.191,321.0,1200.0,0.0,57.75,57.750              ,57.75,57.75,57.75,57.75,57.75,57.75,57.75,65.103,46.906,68.113,74.51,63.178,50.383,66.366,60.322,61.86,1275.0,1275.0,1457.143,1466.667,1466.667,1466.667,1457.143,1442.857,1466.667,0.6,0.599,0.81,0.813,0.657,0.656,0.714,0.719,14.773,5383.0,14368.0,28.069,275.0,35.63
2026-07-08 05:04:32,57.0,83.000              ,766.191,375.0,1200.0,0.0,57.75,57.750              ,57.75,57.75,57.75,57.75,57.75,57.75,57.75,50.402,46.598,61.522,59.574,65.399,34.078,69.872,34.572,52.752,1385.714,1385.714,1616.667,1616.667,1385.714,1385.714,1633.333,1650.0,1650.0,0.575,0.575,0.714,0.713,0.635,0.635,0.657,0.653,14.957,5374.0,14367.0,24.156,276.0,41.4
2026-07-08 05:04:33,57.0,80.000              ,766.195,428.0,1200.0,0.0,57.75,57.750              ,57.75,57.75,57.75,57.75,57.75,57.75,57.75,39.13,38.905,53.162,47.943,54.723,26.722,57.664,20.004,42.282,1485.714,1485.714,1733.333,1733.333,1733.333,1733.333,1471.429,1471.429,1733.333,0.567,0.567,0.787,0.791,0.634,0.634,0.621,0.62,14.947,5372.0,14363.0,23.714,277.0,42.17
2026-07-08 05:04:34,57.0,76.000              ,766.203,200.0,1200.0,0.0,57.75,57.750              ,57.75,57.75,57.75,57.75,57.75,57.75,57.75,37.024,34.901,39.24,58.331,55.812,22.702,52.106,23.383,40.437,1516.667,1516.667,1820.0,1820.0,1820.0,1820.0,1516.667,1516.667,1820.0,0.587,0.587,0.83,0.813,0.637,0.638,0.635,0.636,14.934,5371.0,14364.0,25.808,278.0,38.75
2026-07-08 05:04:35,57.0,68.000              ,763.188,428.0,1200.0,0.0,57.75,57.750              ,57.75,57.75,57.75,57.75,57.75,57.75,57.75,36.79,31.91,49.598,34.178,49.719,9.655,54.344,28.72,36.864,1633.333,1633.333,1940.0,1940.0,1633.333,1633.333,1633.333,1650.0,1940.0,0.605,0.605,0.716,0.728,0.573,0.572,0.792,0.79,14.998,5366.0,14362.0,19.383,279.0,51.59
2026-07-08 05:04:36,57.0,66.000              ,763.184,435.0,1200.0,0.0,57.75,57.750              ,57.75,57.75,57.75,57.75,57.75,57.75,57.75,38.626,31.641,44.438,35.521,63.005,12.123,54.594,22.523,37.809,1716.667,1716.667,1716.667,1716.667,1716.667,1716.667,2060.0,2060.0,2060.0,0.601,0.601,0.684,0.685,0.685,0.685,0.719,0.72,15.008,5364.0,14362.0,24.442,280.0,40.91
2026-07-08 05:04:37,57.0,69.000              ,763.184,364.0,1200.0,0.0,57.75,57.750              ,57.75,57.75,57.75,57.75,57.75,57.75,57.75,33.757,32.676,42.031,38.457,60.156,13.198,49.819,19.978,36.259,1650.0,1650.0,1650.0,1650.0,1980.0,1980.0,1633.333,1633.333,1980.0,0.611,0.611,0.74,0.739,0.691,0.691,0.678,0.677,14.847,5364.0,14360.0,27.025,281.0,37.0
2026-07-08 05:04:38,57.0,69.000              ,763.188,200.0,1200.0,0.0,57.75,57.750              ,57.75,57.75,57.75,57.75,57.75,57.75,57.75,36.162,30.535,42.619,36.845,60.311,13.965,45.076,15.717,35.154,1800.0,1800.0,2160.0,2160.0,1800.0,1800.0,1800.0,1800.0,2160.0,0.626,0.626,0.759,0.759,0.747,0.747,0.672,0.672,15.168,5365.0,14360.0,23.202,282.0,43.1
2026-07-08 05:04:39,57.0,69.000              ,762.18,435.0,1200.0,0.0,57.75,57.750              ,57.75,57.75,57.75,57.75,57.75,57.75,57.75,43.633,29.273,46.863,37.914,57.579,12.353,59.515,22.339,38.684,1750.0,1750.0,2100.0,2100.0,1750.0,1750.0,2100.0,2100.0,2100.0,0.595,0.595,0.697,0.697,0.612,0.614,0.755,0.755,14.988,5366.0,14360.0,24.28,283.0,41.19
2026-07-08 05:04:40,57.0,69.000              ,762.551,381.0,1200.0,0.0,57.75,57.750              ,57.75,57.75,57.75,57.75,57.75,57.75,57.75,40.898,28.01,43.34,34.549,57.136,10.279,51.578,14.039,34.978,2120.0,2120.0,2120.0,2140.0,1766.667,1766.667,2120.0,2120.0,2140.0,0.635,0.635,0.72,0.722,0.657,0.655,0.69,0.695,15.057,5375.0,14360.0,24.52,284.0,40.78
2026-07-08 05:04:41,57.0,68.000              ,762.555,453.0,1200.0,0.0,57.75,57.750              ,57.75,57.75,57.75,57.75,57.75,57.75,57.75,43.806,32.453,46.946,39.777,57.641,15.098,51.689,25.546,39.12,1633.333,1633.333,1633.333,1633.333,1960.0,1960.0,1960.0,1960.0,1960.0,0.624,0.624,0.739,0.741,0.651,0.651,0.713,0.707,15.101,5373.0,14359.0,21.831,285.0,45.81
2026-07-08 05:04:42,57.0,69.000              ,762.301,406.0,1200.0,0.0,57.75,57.750              ,57.75,57.75,57.75,57.75,57.75,57.75,57.75,31.747,32.111,37.717,50.67,41.578,13.143,44.591,21.276,34.104,1600.0,1600.0,1600.0,1600.0,1600.0,1616.667,1940.0,1940.0,1940.0,0.589,0.591,0.865,0.87,0.536,0.536,0.642,0.642,14.974,5373.0,14359.0,24.278,286.0,41.19
2026-07-08 05:04:43,57.0,70.000              ,762.305,200.0,1200.0,0.0,57.75,57.750              ,57.75,57.75,57.75,57.75,57.75,57.75,57.75,26.746,29.807,54.394,31.541,50.837,10.297,43.21,22.897,33.716,1816.667,1816.667,2180.0,2180.0,1816.667,1816.667,1816.667,1800.0,2180.0,0.588,0.586,0.848,0.84,0.632,0.632,0.704,0.704,14.997,5374.0,14359.0,23.37,287.0,42.79
2026-07-08 05:04:44,57.0,69.000              ,762.305,420.0,1200.0,0.0,57.75,57.750              ,57.75,57.75,57.75,57.75,57.75,57.75,57.75,34.118,29.836,42.97,32.475,59.503,6.022,54.078,13.372,34.047,1733.333,1750.0,2100.0,2100.0,1750.0,1750.0,2100.0,2100.0,2100.0,0.611,0.602,0.734,0.734,0.666,0.666,0.69,0.69,15.008,5376.0,14356.0,26.603,288.0,37.59
2026-07-08 05:04:45,57.0,68.000              ,762.305,413.0,1200.0,0.0,57.75,57.750              ,57.75,57.75,57.75,57.75,57.75,57.75,57.75,35.895,31.109,51.873,34.179,52.752,11.945,41.464,23.334,35.319,1766.667,1766.667,2100.0,2100.0,1750.0,1750.0,1750.0,1750.0,2100.0,0.629,0.639,0.807,0.806,0.648,0.648,0.696,0.696,15.136,5375.0,14356.0,22.416,289.0,44.61
2026-07-08 05:04:46,57.0,70.000              ,762.301,364.0,1200.0,0.0,57.75,57.750              ,57.75,57.75,57.75,57.75,57.75,57.75,57.75,32.127,30.714,50.572,40.256,54.454,10.526,47.412,15.482,35.193,1716.667,1716.667,2060.0,2060.0,1716.667,1716.667,2040.0,2040.0,2060.0,0.595,0.595,0.84,0.84,0.628,0.628,0.657,0.658,14.909,5374.0,14355.0,21.008,290.0,47.6
2026-07-08 05:04:47,57.0,70.000              ,762.305,200.0,1200.0,0.0,57.75,57.750              ,57.75,57.75,57.75,57.75,57.75,57.75,57.75,37.357,32.001,47.263,35.385,54.522,14.824,48.295,18.181,35.979,1760.0,1760.0,2200.0,2200.0,1760.0,1760.0,1760.0,1760.0,2200.0,0.624,0.624,0.813,0.813,0.676,0.676,0.691,0.69,15.135,5373.0,14355.0,20.268,291.0,49.34
2026-07-08 05:04:48,57.0,69.000              ,762.18,428.0,1200.0,0.0,57.75,57.750              ,57.75,57.75,57.75,57.75,57.75,57.75,57.75,38.494,28.761,40.611,36.23,58.437,16.283,52.629,30.143,37.698,1633.333,1633.333,1633.333,1633.333,1633.333,1633.333,1960.0,1960.0,1960.0,0.56,0.56,0.632,0.633,0.672,0.672,0.728,0.728,15.104,5373.0,14355.0,22.706,292.0,44.04
2026-07-08 05:04:49,57.0,69.000              ,762.113,435.0,1200.0,0.0,57.75,57.750              ,57.75,57.75,57.75,57.75,57.75,57.75,57.75,38.747,28.655,45.875,38.42,60.568,10.872,56.304,17.255,37.087,1666.667,1666.667,1980.0,1980.0,1650.0,1650.0,1650.0,1650.0,1980.0,0.579,0.58,0.73,0.728,0.661,0.665,0.686,0.686,14.991,5371.0,14355.0,23.761,293.0,42.09
2026-07-08 05:04:50,57.0,70.000              ,776.063,364.0,1200.0,0.0,57.75,57.750              ,57.75,57.75,57.75,57.75,57.75,57.75,57.75,59.022,49.868,53.992,60.504,69.586,40.318,61.337,37.189,53.977,1600.0,1600.0,1583.333,1900.0,1583.333,1583.333,1900.0,1900.0,1900.0,0.652,0.652,0.716,0.718,0.682,0.678,0.625,0.626,15.163,5419.0,14383.0,29.753,294.0,33.61
2026-07-08 05:04:51,57.0,74.000              ,781.316,344.0,1200.0,0.0,57.75,57.750              ,57.75,57.75,57.75,57.75,57.75,57.75,57.75,58.093,54.054,58.537,71.655,70.064,37.815,63.183,36.408,56.226,1600.0,1500.0,1285.714,1285.714,1500.0,1500.0,1285.714,1483.333,1600.0,0.608,0.608,0.774,0.774,0.634,0.635,0.593,0.592,15.273,5425.0,14391.0,27.353,295.0,36.56
2026-07-08 05:04:52,57.0,80.000              ,781.367,381.0,1200.0,0.0,57.75,57.750              ,57.75,57.75,57.75,57.75,57.75,57.75,57.75,57.437,43.296,58.579,50.065,68.848,31.339,59.306,33.372,50.28,1371.429,1600.0,1600.0,1600.0,1566.667,1566.667,1566.667,1566.667,1600.0,0.608,0.608,0.666,0.665,0.642,0.641,0.612,0.611,14.727,5425.0,14391.0,26.91,296.0,37.16
2026-07-08 05:04:53,57.0,79.000              ,781.363,457.0,1200.0,0.0,57.75,57.750              ,57.75,57.75,57.75,57.75,57.75,57.75,57.75,49.249,44.782,52.09,50.629,61.618,31.156,58.998,26.259,46.848,1471.429,1471.429,1633.333,1633.333,1633.333,1633.333,1400.0,1400.0,1633.333,0.593,0.592,0.678,0.68,0.655,0.655,0.591,0.591,15.093,5428.0,14392.0,29.455,297.0,33.95
2026-07-08 05:04:54,57.0,73.000              ,781.363,375.0,1200.0,0.0,57.75,57.750              ,57.75,57.75,57.75,57.75,57.75,57.75,57.75,36.862,32.636,44.403,42.402,52.754,11.549,53.27,21.393,36.908,1566.667,1566.667,1566.667,1566.667,1566.667,1566.667,1880.0,1880.0,1880.0,0.581,0.581,0.721,0.719,0.582,0.582,0.667,0.667,14.686,5425.0,14391.0,24.846,298.0,40.25
2026-07-08 05:04:55,57.0,69.000              ,781.367,428.0,1200.0,0.0,57.75,57.750              ,57.75,57.75,57.75,57.75,57.75,57.75,57.75,33.21,26.014,36.924,38.417,52.465,10.703,51.69,9.564,32.374,1733.333,1733.333,1733.333,1733.333,1733.333,1733.333,2060.0,2060.0,2060.0,0.61,0.609,0.758,0.758,0.679,0.68,0.691,0.691,14.98,5426.0,14391.0,25.57,299.0,39.11
2026-07-08 05:04:56,57.0,68.000              ,781.363,406.0,1200.0,0.0,57.75,57.750              ,57.75,57.75,57.75,57.75,57.75,57.75,57.75,41.004,29.558,46.495,42.34,60.791,19.597,57.202,16.393,39.173,1780.0,1780.0,1780.0,1780.0,1780.0,1780.0,2225.0,2225.0,2225.0,0.626,0.626,0.786,0.786,0.728,0.727,0.67,0.67,15.181,5439.0,14389.0,25.841,300.0,38.7
2026-07-08 05:04:57,57.0,69.000              ,781.359,492.0,1200.0,0.0,57.75,57.750              ,57.75,57.75,57.75,57.75,57.75,57.75,57.75,49.869,41.462,54.456,42.169,68.584,18.92,59.935,35.438,46.354,1550.0,1550.0,1550.0,1860.0,1860.0,1860.0,1840.0,1533.333,1860.0,0.641,0.642,0.669,0.671,0.673,0.675,0.735,0.735,15.076,5439.0,14391.0,25.106,301.0,39.83
2026-07-08 05:04:58,57.0,66.000              ,781.426,476.0,1200.0,0.0,57.75,57.750              ,57.75,57.75,57.75,57.75,57.75,57.75,57.75,41.303,34.862,40.035,45.481,51.374,13.203,55.257,16.863,37.297,1600.0,1600.0,1900.0,1900.0,1583.333,1583.333,1900.0,1900.0,1900.0,0.637,0.636,0.755,0.754,0.577,0.576,0.66,0.66,15.106,5442.0,14391.0,24.171,302.0,41.37
2026-07-08 05:04:59,57.0,64.000              ,780.418,290.0,1200.0,0.0,57.75,57.750              ,57.75,57.75,57.75,57.75,57.75,57.75,57.75,62.806,52.056,57.49,66.796,65.796,35.499,64.502,29.935,54.36,1483.333,1483.333,1780.0,1780.0,1780.0,1780.0,1483.333,1483.333,1780.0,0.673,0.663,0.781,0.782,0.658,0.66,0.608,0.608,15.373,5463.0,14393.0,25.607,303.0,39.05
2026-07-08 05:05:00,57.0,73.000              ,776.309,305.0,1200.0,0.0,57.75,57.750              ,57.75,57.75,57.75,57.75,57.75,57.75,57.75,70.15,70.116,71.672,74.643,72.841,55.876,73.013,62.398,68.839,1500.0,1466.667,1466.667,1466.667,1466.667,1466.667,1466.667,1466.667,1500.0,0.697,0.709,0.759,0.758,0.657,0.655,0.694,0.694,14.935,5482.0,14348.0,42.54,304.0,23.51
2026-07-08 05:05:01,57.0,82.000              ,771.805,450.0,1200.0,0.0,57.75,57.750              ,57.75,57.75,57.75,57.75,57.75,57.75,57.75,46.656,37.573,41.946,52.432,53.178,26.182,55.269,19.856,41.637,1414.286,1414.286,1650.0,1650.0,1650.0,1633.333,1400.0,1400.0,1650.0,0.57,0.569,0.682,0.683,0.618,0.618,0.598,0.598,14.663,5472.0,14343.0,25.871,305.0,38.65
2026-07-08 05:05:02,57.0,73.000              ,769.551,375.0,1200.0,0.0,57.75,57.750              ,57.75,57.75,57.75,57.75,57.75,57.75,57.75,39.333,31.508,43.021,30.578,53.67,15.623,47.847,13.96,34.443,1616.667,1616.667,1616.667,1616.667,1940.0,1940.0,1616.667,1616.667,1940.0,0.626,0.626,0.702,0.701,0.671,0.671,0.658,0.659,14.99,5472.0,14340.0,21.025,306.0,47.56
2026-07-08 05:05:03,57.0,66.000              ,769.551,457.0,1200.0,0.0,57.75,57.750              ,57.75,57.75,57.75,57.75,57.75,57.75,57.75,37.142,31.307,44.37,37.96,57.252,12.01,48.345,27.967,37.044,1683.333,1683.333,2020.0,2020.0,1683.333,1683.333,1683.333,1683.333,2020.0,0.607,0.607,0.75,0.75,0.672,0.673,0.683,0.683,15.091,5467.0,14336.0,24.879,307.0,40.19
2026-07-08 05:05:04,57.0,68.000              ,769.547,457.0,1200.0,0.0,57.75,57.750              ,57.75,57.75,57.75,57.75,57.75,57.75,57.75,34.216,29.918,38.076,50.388,53.939,11.26,48.383,14.099,35.035,1616.667,1616.667,1940.0,1960.0,1633.333,1633.333,1633.333,1633.333,1960.0,0.567,0.567,0.83,0.832,0.617,0.616,0.596,0.596,15.042,5465.0,14332.0,25.085,308.0,39.86
2026-07-08 05:05:05,57.0,69.000              ,769.551,200.0,1200.0,0.0,57.75,57.750              ,57.75,57.75,57.75,57.75,57.75,57.75,57.75,34.187,31.684,44.436,39.67,52.8,15.49,51.671,19.116,36.132,1616.667,1616.667,1940.0,1940.0,1616.667,1616.667,1616.667,1616.667,1940.0,0.589,0.591,0.784,0.784,0.605,0.605,0.691,0.693,14.976,5465.0,14329.0,19.584,309.0,51.06
2026-07-08 05:05:06,57.0,68.000              ,769.555,387.0,1200.0,0.0,57.75,57.750              ,57.75,57.75,57.75,57.75,57.75,57.75,57.75,33.901,31.308,45.507,34.377,48.894,11.602,52.183,13.346,33.89,1816.667,1816.667,2180.0,2180.0,1816.667,1816.667,1816.667,1816.667,2180.0,0.637,0.637,0.79,0.789,0.633,0.633,0.716,0.72,15.088,5464.0,14329.0,23.325,310.0,42.87
2026-07-08 05:05:07,57.0,69.000              ,769.551,350.0,1200.0,0.0,57.75,57.750              ,57.75,57.75,57.75,57.75,57.75,57.75,57.75,48.412,39.937,44.814,62.071,61.269,36.398,59.165,25.144,47.151,1766.667,1766.667,2120.0,2120.0,1766.667,1766.667,1766.667,1766.667,2120.0,0.637,0.637,0.847,0.847,0.732,0.732,0.647,0.641,15.196,5481.0,14330.0,23.469,311.0,42.61
2026-07-08 05:05:08,57.0,73.000              ,769.422,450.0,1200.0,0.0,57.75,57.750              ,57.75,57.75,57.75,57.75,57.75,57.75,57.75,42.066,35.349,52.156,45.957,55.625,32.303,56.256,26.335,43.256,1457.143,1457.143,1457.143,1700.0,1700.0,1700.0,1457.143,1457.143,1700.0,0.553,0.554,0.72,0.72,0.667,0.667,0.623,0.615,14.823,5486.0,14330.0,21.889,312.0,45.69
2026-07-08 05:05:09,57.0,73.000              ,769.422,200.0,1200.0,0.0,57.75,57.750              ,57.75,57.75,57.75,57.75,57.75,57.75,57.75,40.413,28.088,51.291,38.1,55.971,26.351,58.829,13.7,39.093,1566.667,1566.667,1550.0,1550.0,1860.0,1860.0,1550.0,1550.0,1860.0,0.584,0.583,0.692,0.694,0.691,0.691,0.608,0.616,15.124,5487.0,14329.0,21.392,313.0,46.75
2026-07-08 05:05:10,57.0,66.000              ,769.418,413.0,1200.0,0.0,57.75,57.750              ,57.75,57.75,57.75,57.75,57.75,57.75,57.75,38.493,33.584,46.972,30.595,59.671,22.387,57.824,16.113,38.205,1633.333,1633.333,1633.333,1633.333,1960.0,1960.0,1960.0,1960.0,1960.0,0.6,0.6,0.642,0.64,0.71,0.711,0.704,0.704,15.135,5489.0,14328.0,24.991,314.0,40.01
2026-07-08 05:05:11,57.0,66.000              ,769.426,428.0,1200.0,0.0,57.75,57.750              ,57.75,57.75,57.75,57.75,57.75,57.75,57.75,33.994,31.453,56.752,30.878,45.06,19.854,51.143,21.046,36.273,1633.333,1633.333,1960.0,1960.0,1960.0,1960.0,1633.333,1633.333,1960.0,0.6,0.6,0.8,0.8,0.631,0.63,0.689,0.689,14.817,5488.0,14328.0,23.325,315.0,42.87
2026-07-08 05:05:12,57.0,70.000              ,769.414,457.0,1200.0,0.0,57.75,57.750              ,57.75,57.75,57.75,57.75,57.75,57.75,57.75,35.637,30.88,58.31,32.868,50.286,28.627,52.714,21.99,38.914,1650.0,1650.0,1980.0,1980.0,1650.0,1650.0,1650.0,1650.0,1980.0,0.593,0.593,0.764,0.765,0.692,0.692,0.691,0.691,15.19,5490.0,14327.0,20.099,316.0,49.75
2026-07-08 05:05:13,57.0,71.000              ,769.426,500.0,1200.0,0.0,57.75,57.750              ,57.75,57.75,57.75,57.75,57.75,57.75,57.75,47.2,38.259,45.161,50.887,58.365,23.938,61.079,19.81,43.088,1466.667,1466.667,1760.0,1760.0,1760.0,1760.0,1760.0,1760.0,1760.0,0.59,0.591,0.703,0.707,0.671,0.671,0.642,0.642,14.963,5501.0,14327.0,22.259,317.0,44.93
2026-07-08 05:05:14,57.0,68.000              ,769.422,420.0,1200.0,0.0,57.75,57.750              ,57.75,57.75,57.75,57.75,57.75,57.75,57.75,39.929,23.982,38.606,36.378,48.472,16.326,60.681,10.345,34.34,1666.667,1666.667,2000.0,2000.0,2000.0,2000.0,1666.667,1666.667,2000.0,0.59,0.593,0.69,0.688,0.654,0.656,0.758,0.758,15.031,5506.0,14326.0,23.588,318.0,42.39
2026-07-08 05:05:15,57.0,68.000              ,769.426,525.0,1200.0,0.0,57.75,57.750              ,57.75,57.75,57.75,57.75,57.75,57.75,57.75,42.64,27.639,48.39,32.144,57.445,15.394,64.629,13.993,37.784,1633.333,1633.333,1960.0,1650.0,1980.0,1980.0,1650.0,1650.0,1980.0,0.65,0.647,0.672,0.67,0.679,0.677,0.802,0.789,14.814,5503.0,14326.0,26.426,319.0,37.84
2026-07-08 05:05:16,57.0,72.000              ,769.422,420.0,1200.0,0.0,57.75,57.750              ,57.75,57.75,57.75,57.75,57.75,57.75,57.75,47.183,24.367,53.35,33.755,56.565,15.528,57.479,17.72,38.243,1750.0,1750.0,1750.0,1750.0,2100.0,2100.0,1733.333,1733.333,2100.0,0.655,0.655,0.755,0.756,0.643,0.643,0.695,0.706,15.27,5500.0,14325.0,21.454,320.0,46.61
2026-07-08 05:05:17,57.0,71.000              ,769.504,453.0,1200.0,0.0,57.75,57.750              ,57.75,57.75,57.75,57.75,57.75,57.75,57.75,45.664,20.457,41.711,42.492,57.886,11.829,52.717,12.883,35.705,1750.0,1750.0,2100.0,2100.0,1750.0,1750.0,2100.0,2100.0,2100.0,0.616,0.616,0.75,0.75,0.655,0.658,0.651,0.651,15.15,5501.0,14325.0,25.468,321.0,39.26
2026-07-08 05:05:18,57.0,70.000              ,769.516,442.0,1200.0,0.0,57.75,57.750              ,57.75,57.75,57.75,57.75,57.75,57.75,57.75,45.83,32.373,58.69,40.327,56.468,17.172,54.069,22.303,40.904,1650.0,1650.0,1980.0,1980.0,1650.0,1650.0,1650.0,1650.0,1980.0,0.654,0.654,0.787,0.788,0.643,0.64,0.687,0.687,15.032,5500.0,14326.0,25.029,322.0,39.95
2026-07-08 05:05:19,57.0,72.000              ,769.508,321.0,1200.0,0.0,57.75,57.750              ,57.75,57.75,57.75,57.75,57.75,57.75,57.75,59.883,33.391,50.606,46.254,62.872,23.33,57.256,20.921,44.314,1920.0,1920.0,1920.0,1920.0,1920.0,1920.0,1600.0,1600.0,1920.0,0.725,0.725,0.728,0.728,0.665,0.665,0.642,0.642,15.175,5498.0,14329.0,20.295,323.0,49.27
2026-07-08 05:05:20,57.0,75.000              ,769.508,450.0,1200.0,0.0,57.75,57.750              ,57.75,57.75,57.75,57.75,57.75,57.75,57.75,48.491,23.141,44.669,41.224,61.002,13.621,61.411,13.038,38.325,1457.143,1471.429,1716.667,1733.333,1485.714,1485.714,1485.714,1485.714,1733.333,0.564,0.564,0.651,0.65,0.601,0.602,0.597,0.597,14.87,5505.0,14327.0,18.975,324.0,52.7
2026-07-08 05:05:21,57.0,73.000              ,769.508,200.0,1200.0,0.0,57.75,57.750              ,57.75,57.75,57.75,57.75,57.75,57.75,57.75,45.458,20.941,56.585,28.159,57.956,13.284,58.677,12.965,36.753,1600.0,1600.0,1600.0,1600.0,1920.0,1920.0,1616.667,1616.667,1920.0,0.64,0.64,0.686,0.69,0.647,0.637,0.715,0.715,14.802,5505.0,14328.0,24.85,325.0,40.24
2026-07-08 05:05:22,57.0,69.000              ,769.504,457.0,1200.0,0.0,57.75,57.750              ,57.75,57.75,57.75,57.75,57.75,57.75,57.75,43.078,21.646,48.381,29.883,63.752,12.636,57.534,15.401,36.539,1666.667,1666.667,2000.0,2000.0,1666.667,1666.667,1666.667,1666.667,2000.0,0.593,0.594,0.645,0.641,0.663,0.673,0.71,0.71,15.352,5504.0,14327.0,19.725,326.0,50.7
2026-07-08 05:05:23,57.0,69.000              ,769.504,420.0,1200.0,0.0,57.75,57.750              ,57.75,57.75,57.75,57.75,57.75,57.75,57.75,48.851,29.596,45.512,43.232,66.072,11.464,58.604,15.181,39.814,1550.0,1550.0,1860.0,1860.0,1860.0,1860.0,1550.0,1550.0,1860.0,0.63,0.629,0.725,0.725,0.656,0.656,0.629,0.629,14.975,5504.0,14328.0,26.473,327.0,37.77
2026-07-08 05:05:24,57.0,70.000              ,769.508,450.0,1200.0,0.0,57.875,57.875              ,57.875,57.875,57.875,57.875,57.875,57.875,57.875,63.142,47.984,59.145,60.658,68.71,35.177,61.726,31.541,53.511,1466.667,1500.0,1750.0,1733.333,1716.667,1716.667,1716.667,1442.857,1750.0,0.7,0.7,0.732,0.735,0.638,0.626,0.604,0.604,14.824,5504.0,14331.0,22.644,328.0,44.16
2026-07-08 05:05:25,57.0,70.000              ,769.508,406.0,1200.0,0.0,57.875,57.875              ,57.875,57.875,57.875,57.875,57.875,57.875,57.875,46.22,33.11,45.088,55.448,57.063,21.87,57.765,23.921,42.561,1683.333,1683.333,2020.0,2020.0,1683.333,1683.333,1666.667,1666.667,2020.0,0.59,0.59,0.785,0.783,0.585,0.595,0.659,0.658,15.192,5507.0,14330.0,28.564,329.0,35.01
2026-07-08 05:05:26,57.0,71.000              ,769.508,200.0,1200.0,0.0,57.75,57.750              ,57.75,57.75,57.75,57.75,57.75,57.75,57.75,44.079,36.195,44.32,56.147,59.606,22.874,59.304,20.832,42.919,1550.0,1550.0,1860.0,1860.0,1550.0,1550.0,1566.667,1566.667,1860.0,0.58,0.58,0.775,0.775,0.628,0.629,0.604,0.604,15.003,5508.0,14328.0,25.762,330.0,38.82
2026-07-08 05:05:27,57.0,71.000              ,769.508,500.0,1200.0,0.0,57.75,57.750              ,57.75,57.75,57.75,57.75,57.75,57.75,57.75,40.037,31.01,39.988,37.249,59.881,12.985,52.1,15.261,36.064,1566.667,1583.333,1900.0,1900.0,1583.333,1583.333,1583.333,1583.333,1900.0,0.625,0.625,0.694,0.694,0.689,0.688,0.637,0.637,14.839,5510.0,14327.0,23.823,331.0,41.98
2026-07-08 05:05:28,57.0,68.000              ,769.504,428.0,1200.0,0.0,57.75,57.750              ,57.75,57.75,57.75,57.75,57.75,57.75,57.75,34.685,28.893,61.388,30.475,47.007,20.445,55.495,18.688,37.135,1666.667,1666.667,1666.667,1666.667,2020.0,2020.0,2020.0,2020.0,2020.0,0.604,0.604,0.803,0.807,0.652,0.652,0.751,0.747,14.934,5509.0,14327.0,25.096,332.0,39.85
2026-07-08 05:05:29,57.0,69.000              ,769.496,428.0,1200.0,0.0,57.75,57.750              ,57.75,57.75,57.75,57.75,57.75,57.75,57.75,43.759,32.761,42.803,45.666,51.716,12.536,50.416,14.513,36.771,2180.0,2180.0,1816.667,2160.0,1800.0,1800.0,1800.0,1800.0,2180.0,0.667,0.667,0.841,0.843,0.628,0.63,0.669,0.672,15.152,5509.0,14326.0,30.882,333.0,32.38
2026-07-08 05:05:30,57.0,71.000              ,769.504,428.0,1200.0,0.0,57.75,57.750              ,57.75,57.75,57.75,57.75,57.75,57.75,57.75,55.13,37.575,54.57,49.425,63.947,25.623,63.809,26.889,47.121,1650.0,1650.0,1980.0,1980.0,1650.0,1650.0,1650.0,1650.0,1980.0,0.657,0.657,0.757,0.752,0.681,0.669,0.682,0.683,15.158,5506.0,14321.0,21.777,334.0,45.92
2026-07-08 05:05:31,57.0,74.000              ,769.508,450.0,1200.0,0.0,57.75,57.750              ,57.75,57.75,57.75,57.75,57.75,57.75,57.75,43.045,34.133,44.254,53.549,60.482,19.373,56.191,15.536,40.82,1533.333,1516.667,1820.0,1820.0,1516.667,1516.667,1500.0,1500.0,1820.0,0.583,0.583,0.788,0.788,0.626,0.636,0.613,0.611,15.061,5508.0,14320.0,19.565,335.0,51.11
2026-07-08 05:05:32,57.0,73.000              ,769.504,200.0,1200.0,0.0,57.75,57.750              ,57.75,57.75,57.75,57.75,57.75,57.75,57.75,38.527,31.618,41.398,42.261,60.143,13.845,52.127,13.338,36.657,1600.0,1600.0,1920.0,1920.0,1600.0,1600.0,1600.0,1600.0,1920.0,0.59,0.592,0.732,0.731,0.696,0.696,0.599,0.599,15.009,5509.0,14320.0,27.839,336.0,35.92
2026-07-08 05:05:33,57.0,68.000              ,769.508,461.0,1200.0,0.0,57.75,57.750              ,57.75,57.75,57.75,57.75,57.75,57.75,57.75,43.177,25.711,52.605,31.397,55.784,12.41,58.273,9.762,36.14,1650.0,1650.0,1980.0,1980.0,1650.0,1650.0,1650.0,1650.0,1980.0,0.636,0.634,0.76,0.76,0.677,0.677,0.694,0.695,15.034,5510.0,14320.0,23.393,337.0,42.75
2026-07-08 05:05:34,57.0,69.000              ,769.508,450.0,1200.0,0.0,57.75,57.750              ,57.75,57.75,57.75,57.75,57.75,57.75,57.75,34.901,32.827,39.104,39.576,54.718,11.273,53.972,15.657,35.254,1700.0,1700.0,2040.0,2040.0,1700.0,1700.0,1700.0,1700.0,2040.0,0.619,0.619,0.723,0.723,0.639,0.639,0.688,0.686,14.921,5511.0,14321.0,27.732,338.0,36.06
2026-07-08 05:05:35,57.0,71.000              ,769.508,200.0,1200.0,0.0,57.75,57.750              ,57.75,57.75,57.75,57.75,57.75,57.75,57.75,40.055,33.024,44.747,37.028,57.818,9.91,50.417,13.942,35.868,1666.667,1666.667,2000.0,2000.0,1666.667,1666.667,2000.0,2000.0,2000.0,0.626,0.626,0.738,0.738,0.655,0.655,0.637,0.637,14.995,5511.0,14320.0,23.604,339.0,42.37
2026-07-08 05:05:36,57.0,69.000              ,769.508,428.0,1200.0,0.0,57.75,57.750              ,57.75,57.75,57.75,57.75,57.75,57.75,57.75,39.028,27.497,51.198,36.95,44.368,16.132,57.225,17.009,36.176,1700.0,1700.0,2040.0,2040.0,1700.0,1700.0,1700.0,1700.0,2040.0,0.611,0.611,0.773,0.775,0.578,0.578,0.725,0.725,15.15,5512.0,14319.0,22.161,340.0,45.12
2026-07-08 05:05:37,57.0,68.000              ,769.508,200.0,1200.0,0.0,57.75,57.750              ,57.75,57.75,57.75,57.75,57.75,57.75,57.75,49.188,36.442,58.879,42.778,54.406,25.26,60.245,27.374,44.322,1600.0,1600.0,1920.0,1920.0,1600.0,1600.0,1920.0,1920.0,1920.0,0.603,0.605,0.757,0.755,0.623,0.623,0.692,0.692,15.108,5511.0,14321.0,21.773,341.0,45.93
2026-07-08 05:05:38,57.0,73.000              ,769.504,469.0,1200.0,0.0,57.75,57.750              ,57.75,57.75,57.75,57.75,57.75,57.75,57.75,43.26,29.054,38.493,38.479,51.281,10.074,54.721,14.741,35.013,1600.0,1600.0,1920.0,1920.0,1600.0,1600.0,1600.0,1600.0,1920.0,0.628,0.625,0.696,0.696,0.561,0.56,0.69,0.69,14.88,5512.0,14320.0,21.757,342.0,45.96
2026-07-08 05:05:39,57.0,72.000              ,769.508,200.0,1200.0,0.0,57.75,57.750              ,57.75,57.75,57.75,57.75,57.75,57.75,57.75,38.664,31.195,50.615,32.185,51.108,9.322,54.495,21.452,36.13,1666.667,1666.667,2000.0,2000.0,1666.667,1666.667,1666.667,1666.667,2000.0,0.642,0.642,0.725,0.725,0.601,0.606,0.756,0.756,15.015,5512.0,14320.0,21.286,343.0,46.98
2026-07-08 05:05:40,57.0,69.000              ,769.441,484.0,1200.0,0.0,57.75,57.750              ,57.75,57.75,57.75,57.75,57.75,57.75,57.75,43.761,31.751,44.295,35.78,52.709,15.262,58.624,16.594,37.347,1700.0,1700.0,2040.0,2040.0,1700.0,1700.0,1700.0,1700.0,2040.0,0.652,0.652,0.707,0.707,0.613,0.609,0.728,0.728,15.117,5512.0,14321.0,24.131,344.0,41.44
2026-07-08 05:05:41,57.0,70.000              ,767.188,435.0,1200.0,0.0,57.75,57.750              ,57.75,57.75,57.75,57.75,57.75,57.75,57.75,45.559,19.154,53.947,27.181,60.741,13.59,64.632,10.519,36.915,1666.667,1666.667,2000.0,2000.0,1666.667,1633.333,1960.0,1960.0,2000.0,0.607,0.607,0.65,0.65,0.653,0.654,0.747,0.749,15.102,5511.0,14322.0,24.477,345.0,40.85
2026-07-08 05:05:42,57.0,71.000              ,771.809,461.0,1200.0,0.0,57.75,57.750              ,57.75,57.75,57.75,57.75,57.75,57.75,57.75,37.142,31.379,48.668,41.839,60.063,20.453,61.397,17.021,39.745,1483.333,1483.333,1780.0,1780.0,1780.0,1483.333,1483.333,1483.333,1780.0,0.568,0.568,0.729,0.729,0.692,0.689,0.652,0.658,14.826,5512.0,14328.0,21.338,346.0,46.86
2026-07-08 05:05:43,57.0,70.000              ,772.816,393.0,1200.0,0.0,57.75,57.750              ,57.75,57.75,57.75,57.75,57.75,57.75,57.75,37.243,21.584,57.601,27.484,54.525,8.478,56.624,9.84,34.172,1783.333,1783.333,2140.0,2140.0,1783.333,1783.333,1783.333,1783.333,2140.0,0.589,0.589,0.807,0.807,0.655,0.655,0.664,0.656,15.196,5514.0,14327.0,21.961,347.0,45.54
2026-07-08 05:05:44,57.0,69.000              ,772.816,457.0,1200.0,0.0,57.75,57.750              ,57.75,57.75,57.75,57.75,57.75,57.75,57.75,34.737,25.979,60.323,23.947,57.819,14.558,53.83,12.278,35.434,1733.333,1733.333,2080.0,2080.0,1733.333,1733.333,1733.333,1733.333,2080.0,0.579,0.579,0.773,0.774,0.699,0.699,0.646,0.648,14.898,5514.0,14324.0,19.27,348.0,51.89
2026-07-08 05:05:45,57.0,70.000              ,773.727,426.0,1200.0,0.0,57.625,57.625              ,57.625,57.625,57.625,57.625,57.625,57.625,57.625,38.579,24.989,47.48,29.596,56.155,10.874,56.466,10.86,34.375,1816.667,1816.667,1816.667,1816.667,2200.0,2200.0,1760.0,1760.0,2200.0,0.647,0.647,0.724,0.723,0.687,0.689,0.688,0.686,15.023,5512.0,14326.0,28.513,349.0,35.07
2026-07-08 05:05:46,57.0,70.000              ,773.762,508.0,1200.0,0.0,57.625,57.625              ,57.625,57.625,57.625,57.625,57.625,57.625,57.625,43.196,23.626,51.975,29.348,49.777,15.373,50.295,22.779,35.796,1783.333,1783.333,2140.0,2140.0,1783.333,1783.333,1783.333,1783.333,2140.0,0.632,0.632,0.74,0.74,0.637,0.636,0.742,0.744,15.188,5512.0,14326.0,22.506,350.0,44.43
2026-07-08 05:05:47,57.0,71.000              ,782.344,333.0,1200.0,0.0,57.625,57.625              ,57.625,57.625,57.625,57.625,57.625,57.625,57.625,39.509,29.638,47.863,49.341,54.831,14.116,57.485,22.549,39.416,1683.333,1683.333,2020.0,2020.0,1700.0,1700.0,1700.0,1700.0,2020.0,0.55,0.55,0.739,0.745,0.551,0.551,0.647,0.645,15.329,5513.0,14339.0,31.237,351.0,32.01
2026-07-08 05:05:48,58.0,79.000              ,782.344,200.0,1200.0,0.0,58.0,58.000              ,58.0,58.0,58.0,58.0,58.0,58.0,58.0,15.779,17.927,36.144,22.862,27.269,13.329,23.77,36.629,24.214,1457.143,1457.143,1700.0,1700.0,1457.143,1457.143,1457.143,1457.143,1700.0,0.509,0.509,1.078,1.081,0.686,0.686,1.181,1.181,13.913,5516.0,14334.0,27.123,352.0,36.87
2026-07-08 05:05:49,58.0,43.000              ,782.344,200.0,1200.0,0.0,58.25,58.250              ,58.25,58.25,58.25,58.25,58.25,58.25,58.25,10.446,7.646,34.386,16.558,23.196,6.906,38.728,12.737,18.825,1842.857,1842.857,2150.0,2150.0,2166.667,2166.667,3250.0,3250.0,3250.0,0.72,0.719,1.517,1.509,0.948,0.948,1.321,1.321,14.948,5489.0,14255.0,0.0,353.0,
2026-07-08 05:05:50,58.0,0.000               ,782.344,200.0,1200.0,0.0,58.5,58.500              ,58.5,58.5,58.5,58.5,58.5,58.5,58.5,14.919,16.569,68.45,3.703,20.919,4.501,13.485,1.748,18.037,2333.333,2333.333,3500.0,3500.0,2160.0,2160.0,2320.0,2320.0,3500.0,1.098,1.098,2.24,2.24,0.867,0.867,0.686,0.686,15.117,5089.0,13330.0,0.0,354.0,
2026-07-08 05:05:51,58.0,0.000               ,782.344,200.0,1200.0,0.0,58.875,58.875              ,58.875,58.875,58.875,58.875,58.875,58.875,58.875,17.725,11.334,55.083,24.83,30.023,10.795,20.412,5.054,21.907,2133.333,2133.333,3225.0,3225.0,2150.0,2150.0,1842.857,1842.857,3225.0,0.88,0.88,2.289,2.289,1.125,1.125,0.833,0.835,15.45,4970.0,12935.0,0.0,355.0,
2026-07-08 05:05:52,58.0,0.000               ,782.344,200.0,1200.0,0.0,58.75,58.750              ,58.75,58.75,58.75,58.75,58.75,58.75,58.75,12.921,6.574,59.411,5.377,18.425,25.575,9.698,24.647,20.329,2016.667,2016.667,3025.0,3025.0,2016.667,2380.0,2380.0,2380.0,3025.0,0.646,0.646,1.888,1.888,1.044,1.046,0.815,0.814,14.794,4622.0,12515.0,0.0,356.0,
2026-07-08 05:05:53,58.0,0.000               ,782.34,200.0,1200.0,0.0,58.75,58.750              ,58.75,58.75,58.75,58.75,58.75,58.75,58.75,21.682,13.657,46.911,20.686,50.733,5.27,10.991,2.298,21.529,2540.0,2540.0,3175.0,3175.0,2116.667,2116.667,2116.667,2116.667,3175.0,0.956,0.973,1.926,1.93,1.396,1.391,0.601,0.601,15.201,4126.0,11459.0,5389.336,357.0,0.19
2026-07-08 05:05:54,58.0,0.000               ,734.777,200.0,1200.0,0.0,58.75,58.750              ,58.75,58.75,58.75,58.75,58.75,58.75,58.75,20.399,8.215,8.995,73.419,45.625,7.589,38.063,7.201,26.188,2260.0,2260.0,2825.0,2825.0,2260.0,2260.0,2825.0,2825.0,2825.0,0.685,0.662,2.026,2.021,1.193,1.194,0.914,0.915,14.952,4134.0,11511.0,0.0,358.0,
2026-07-08 05:05:55,59.0,0.000               ,694.504,200.0,1200.0,0.0,59.375,59.375              ,59.375,59.375,59.375,59.375,59.375,59.375,59.375,9.636,7.549,1.478,85.669,13.246,3.49,4.479,1.82,15.921,2150.0,2150.0,3225.0,3250.0,2600.0,2600.0,1857.143,1857.143,3250.0,0.705,0.705,3.559,3.559,0.575,0.575,0.4,0.399,14.862,3862.0,11234.0,2271.685,359.0,0.44
2026-07-08 05:05:56,59.0,5.000               ,694.504,200.0,1200.0,0.0,59.75,59.750              ,59.75,59.75,59.75,59.75,59.75,59.75,59.75,22.632,6.645,0.707,99.13,6.63,3.371,0.994,0.28,17.549,2520.0,2520.0,3150.0,3150.0,1800.0,1800.0,1800.0,1800.0,3150.0,0.862,0.862,4.056,4.033,0.602,0.602,0.204,0.204,15.045,3637.0,10986.0,0.0,360.0,
2026-07-08 05:05:57,60.0,5.000               ,694.504,200.0,1200.0,0.0,60.125,60.125              ,60.125,60.125,60.125,60.125,60.125,60.125,60.125,8.229,7.07,10.853,88.232,11.633,3.776,2.194,1.148,16.642,1942.857,1942.857,3400.0,3400.0,1942.857,1942.857,1511.111,1511.111,3400.0,0.626,0.626,4.319,4.356,0.595,0.595,0.08,0.08,15.095,3655.0,10982.0,0.0,361.0,
2026-07-08 05:05:58,60.0,0.000               ,694.504,200.0,1200.0,0.0,60.875,60.875              ,60.875,60.875,60.875,60.875,60.875,60.875,60.875,4.477,1.361,1.168,96.622,6.759,2.251,5.19,0.807,14.829,1675.0,1675.0,3350.0,3375.0,1500.0,1500.0,1500.0,1500.0,3375.0,0.242,0.242,4.289,4.246,0.574,0.575,0.208,0.208,15.031,3714.0,10996.0,0.0,362.0,
2026-07-08 05:05:59,60.0,0.000               ,678.809,200.0,1200.0,0.0,60.5,60.500              ,60.5,60.5,60.5,60.5,60.5,60.5,60.5,23.286,9.53,5.63,37.958,43.057,3.93,7.003,1.932,16.541,3500.0,3500.0,2333.333,2333.333,2000.0,2000.0,2000.0,2000.0,3500.0,1.072,1.072,1.606,1.601,1.698,1.697,0.537,0.537,15.306,3501.0,10800.0,3263.726,363.0,0.31
2026-07-08 05:06:00,59.0,0.000               ,611.551,200.0,1200.0,0.0,59.125,59.125              ,59.125,59.125,59.125,59.125,59.125,59.125,59.125,14.745,10.426,23.267,40.346,27.703,4.904,12.726,14.201,18.54,1785.714,1785.714,3125.0,3050.0,2033.333,2033.333,2440.0,2440.0,3125.0,0.772,0.772,1.628,1.628,0.944,0.95,0.74,0.74,14.975,2943.0,10234.0,1273.888,364.0,0.78
2026-07-08 05:06:01,58.0,21.000              ,611.551,200.0,1200.0,0.0,58.125,58.125              ,58.125,58.125,58.125,58.125,58.125,58.125,58.125,39.174,28.43,49.121,21.776,27.268,8.584,37.901,7.853,27.513,3000.0,3000.0,2400.0,2380.0,2380.0,2380.0,1983.333,1983.333,3000.0,1.074,1.074,1.186,1.186,0.759,0.754,0.711,0.711,15.115,2935.0,10234.0,47.682,365.0,20.97
2026-07-08 05:06:02,58.0,44.000              ,611.535,200.0,1200.0,0.0,58.0,58.000              ,58.0,58.0,58.0,58.0,58.0,58.0,58.0,17.513,11.137,51.658,14.162,16.143,5.765,34.604,0.441,18.928,2133.333,2133.333,3200.0,3200.0,2133.333,2133.333,2560.0,2560.0,3200.0,0.767,0.767,1.383,1.383,0.71,0.721,0.813,0.813,14.938,2934.0,10228.0,21.821,366.0,45.83
2026-07-08 05:06:03,57.0,47.000              ,641.25,200.0,1200.0,0.0,57.5,57.500              ,57.5,57.5,57.5,57.5,57.5,57.5,57.5,23.778,14.75,44.507,17.635,23.989,7.569,29.606,3.489,20.665,2600.0,2600.0,3250.0,3250.0,2600.0,2600.0,2600.0,2600.0,3250.0,0.81,0.81,1.219,1.219,0.737,0.725,0.68,0.683,15.157,2959.0,10225.0,44.99,367.0,22.23
2026-07-08 05:06:04,57.0,53.000              ,641.25,200.0,1200.0,0.0,57.5,57.500              ,57.5,57.5,57.5,57.5,57.5,57.5,57.5,13.889,10.205,39.17,15.642,14.358,4.282,24.425,0.852,15.353,2160.0,2160.0,2160.0,2160.0,2160.0,2160.0,2775.0,2775.0,2775.0,0.729,0.729,1.32,1.32,0.694,0.694,0.684,0.681,14.996,2964.0,10223.0,21.782,368.0,45.91
2026-07-08 05:06:05,57.0,56.000              ,641.25,200.0,1200.0,0.0,57.5,57.500              ,57.5,57.5,57.5,57.5,57.5,57.5,57.5,12.344,11.324,50.385,16.818,15.308,2.431,26.007,2.28,17.112,2340.0,2120.0,2650.0,2650.0,2120.0,2120.0,2650.0,2650.0,2650.0,0.65,0.65,1.41,1.41,0.566,0.566,0.651,0.651,15.052,2963.0,10220.0,17.059,369.0,58.62
2026-07-08 05:06:06,57.0,57.000              ,641.242,200.0,1200.0,0.0,57.5,57.500              ,57.5,57.5,57.5,57.5,57.5,57.5,57.5,17.023,11.257,44.899,13.38,24.476,3.169,45.018,1.99,20.152,2260.0,2260.0,2260.0,2260.0,2825.0,2825.0,2260.0,2260.0,2825.0,0.71,0.713,1.19,1.19,0.757,0.757,0.945,0.945,15.222,2962.0,10201.0,17.607,370.0,56.8
2026-07-08 05:06:07,57.0,57.000              ,641.25,200.0,1200.0,0.0,57.5,57.500              ,57.5,57.5,57.5,57.5,57.5,57.5,57.5,19.762,13.252,41.641,13.904,23.284,1.972,47.548,2.309,20.459,2240.0,2240.0,2260.0,2260.0,2260.0,2260.0,2900.0,2900.0,2900.0,0.726,0.724,1.037,1.041,0.646,0.646,0.949,0.951,14.937,2962.0,10201.0,17.978,371.0,55.62
2026-07-08 05:06:08,57.0,56.000              ,641.27,200.0,1200.0,0.0,57.5,57.500              ,57.5,57.5,57.5,57.5,57.5,57.5,57.5,35.688,10.298,27.783,16.869,45.68,0.645,21.06,3.85,20.234,2420.0,2420.0,3025.0,3025.0,2420.0,2420.0,2925.0,2925.0,3025.0,0.887,0.887,0.91,0.906,0.921,0.921,0.655,0.653,14.943,2962.0,10201.0,18.164,372.0,55.05
2026-07-08 05:06:09,57.0,61.000              ,641.27,200.0,1200.0,0.0,57.375,57.375              ,57.375,57.375,57.375,57.375,57.375,57.375,57.375,8.25,27.646,32.166,8.442,22.064,1.303,8.216,1.77,13.732,2360.0,2360.0,2950.0,2950.0,2800.0,2800.0,2240.0,2240.0,2950.0,0.917,0.917,0.84,0.84,0.613,0.613,0.408,0.408,13.317,2823.0,10053.0,17.163,373.0,58.26
2026-07-08 05:06:10,58.0,32.000              ,451.754,200.0,1200.0,0.0,58.25,58.250              ,58.25,58.25,58.25,58.25,58.25,58.25,58.25,21.361,12.791,42.004,26.434,29.029,14.644,15.29,10.903,21.557,2650.0,2650.0,2650.0,2650.0,2650.0,2650.0,2650.0,2650.0,2650.0,1.164,1.164,2.659,2.659,1.479,1.479,0.968,0.968,16.607,2454.0,8381.0,0.0,374.0,
2026-07-08 05:06:11,57.0,5.000               ,530.762,200.0,1200.0,0.0,57.625,57.625              ,57.625,57.625,57.625,57.625,57.625,57.625,57.625,33.399,29.33,56.879,17.203,39.882,22.116,38.105,19.586,32.062,2900.0,2900.0,2320.0,2320.0,1933.333,1916.667,1916.667,1916.667,2900.0,0.95,0.95,1.339,1.339,0.953,0.953,0.911,0.911,14.95,2588.0,8464.0,0.0,375.0,
