08-07-2026 03:15:12,GPU temperature,GPU usage,Memory usage,Core clock,Memory clock,Fan tachometer,CPU1 temperature,CPU2 temperature,CPU3 temperature,CPU4 temperature,CPU5 temperature,CPU6 temperature,CPU7 temperature,CPU8 temperature,CPU temperature,CPU1 usage,CPU2 usage,CPU3 usage,CPU4 usage,CPU5 usage,CPU6 usage,CPU7 usage,CPU8 usage,CPU usage,CPU1 clock,CPU2 clock,CPU3 clock,CPU4 clock,CPU5 clock,CPU6 clock,CPU7 clock,CPU8 clock,CPU clock,CPU1 power,CPU2 power,CPU3 power,CPU4 power,CPU5 power,CPU6 power,CPU7 power,CPU8 power,CPU power,RAM usage,Commit charge,frametime,elapsed,fps
2026-07-08 03:15:12,0.0,°C                  ,0.0,100.0,10.0,,,,,,,,,,,,,,,,,,,,,,,,,,,,,,,,,,,,,,,,,0.0,
2026-07-08 03:15:12,1.0,%                   ,0.0,100.0,10.0,,,,,,,,,,,,,,,,,,,,,,,,,,,,,,,,,,,,,,,,,0.0,
2026-07-08 03:15:12,2.0,MB                  ,0.0,8192.0,10.0,,,,,,,,,,,,,,,,,,,,,,,,,,,,,,,,,,,,,,,,,0.0,
2026-07-08 03:15:12,3.0,MHz                 ,0.0,2500.0,10.0,,,,,,,,,,,,,,,,,,,,,,,,,,,,,,,,,,,,,,,,,0.0,
2026-07-08 03:15:12,4.0,MHz                 ,0.0,7500.0,10.0,,,,,,,,,,,,,,,,,,,,,,,,,,,,,,,,,,,,,,,,,0.0,
2026-07-08 03:15:12,5.0,RPM                 ,0.0,10000.0,10.0,,,,,,,,,,,,,,,,,,,,,,,,,,,,,,,,,,,,,,,,,0.0,
2026-07-08 03:15:12,6.0,°C                  ,0.0,100.0,10.0,,,,,,,,,,,,,,,,,,,,,,,,,,,,,,,,,,,,,,,,,0.0,
2026-07-08 03:15:12,7.0,°C                  ,0.0,100.0,10.0,,,,,,,,,,,,,,,,,,,,,,,,,,,,,,,,,,,,,,,,,0.0,
2026-07-08 03:15:12,8.0,°C                  ,0.0,100.0,10.0,,,,,,,,,,,,,,,,,,,,,,,,,,,,,,,,,,,,,,,,,0.0,
2026-07-08 03:15:12,9.0,°C                  ,0.0,100.0,10.0,,,,,,,,,,,,,,,,,,,,,,,,,,,,,,,,,,,,,,,,,0.0,
2026-07-08 03:15:12,10.0,°C                  ,0.0,100.0,10.0,,,,,,,,,,,,,,,,,,,,,,,,,,,,,,,,,,,,,,,,,0.0,
2026-07-08 03:15:12,11.0,°C                  ,0.0,100.0,10.0,,,,,,,,,,,,,,,,,,,,,,,,,,,,,,,,,,,,,,,,,0.0,
2026-07-08 03:15:12,12.0,°C                  ,0.0,100.0,10.0,,,,,,,,,,,,,,,,,,,,,,,,,,,,,,,,,,,,,,,,,0.0,
2026-07-08 03:15:12,13.0,°C                  ,0.0,100.0,10.0,,,,,,,,,,,,,,,,,,,,,,,,,,,,,,,,,,,,,,,,,0.0,
2026-07-08 03:15:12,14.0,°C                  ,0.0,100.0,10.0,,,,,,,,,,,,,,,,,,,,,,,,,,,,,,,,,,,,,,,,,0.0,
2026-07-08 03:15:12,15.0,%                   ,0.0,100.0,10.0,,,,,,,,,,,,,,,,,,,,,,,,,,,,,,,,,,,,,,,,,0.0,
2026-07-08 03:15:12,16.0,%                   ,0.0,100.0,10.0,,,,,,,,,,,,,,,,,,,,,,,,,,,,,,,,,,,,,,,,,0.0,
2026-07-08 03:15:12,17.0,%                   ,0.0,100.0,10.0,,,,,,,,,,,,,,,,,,,,,,,,,,,,,,,,,,,,,,,,,0.0,
2026-07-08 03:15:12,18.0,%                   ,0.0,100.0,10.0,,,,,,,,,,,,,,,,,,,,,,,,,,,,,,,,,,,,,,,,,0.0,
2026-07-08 03:15:12,19.0,%                   ,0.0,100.0,10.0,,,,,,,,,,,,,,,,,,,,,,,,,,,,,,,,,,,,,,,,,0.0,
2026-07-08 03:15:12,20.0,%                   ,0.0,100.0,10.0,,,,,,,,,,,,,,,,,,,,,,,,,,,,,,,,,,,,,,,,,0.0,
2026-07-08 03:15:12,21.0,%                   ,0.0,100.0,10.0,,,,,,,,,,,,,,,,,,,,,,,,,,,,,,,,,,,,,,,,,0.0,
2026-07-08 03:15:12,22.0,%                   ,0.0,100.0,10.0,,,,,,,,,,,,,,,,,,,,,,,,,,,,,,,,,,,,,,,,,0.0,
2026-07-08 03:15:12,23.0,%                   ,0.0,100.0,10.0,,,,,,,,,,,,,,,,,,,,,,,,,,,,,,,,,,,,,,,,,0.0,
2026-07-08 03:15:12,24.0,MHz                 ,0.0,5000.0,10.0,,,,,,,,,,,,,,,,,,,,,,,,,,,,,,,,,,,,,,,,,0.0,
2026-07-08 03:15:12,25.0,MHz                 ,0.0,5000.0,10.0,,,,,,,,,,,,,,,,,,,,,,,,,,,,,,,,,,,,,,,,,0.0,
2026-07-08 03:15:12,26.0,MHz                 ,0.0,5000.0,10.0,,,,,,,,,,,,,,,,,,,,,,,,,,,,,,,,,,,,,,,,,0.0,
2026-07-08 03:15:12,27.0,MHz                 ,0.0,5000.0,10.0,,,,,,,,,,,,,,,,,,,,,,,,,,,,,,,,,,,,,,,,,0.0,
2026-07-08 03:15:12,28.0,MHz                 ,0.0,5000.0,10.0,,,,,,,,,,,,,,,,,,,,,,,,,,,,,,,,,,,,,,,,,0.0,
2026-07-08 03:15:12,29.0,MHz                 ,0.0,5000.0,10.0,,,,,,,,,,,,,,,,,,,,,,,,,,,,,,,,,,,,,,,,,0.0,
2026-07-08 03:15:12,30.0,MHz                 ,0.0,5000.0,10.0,,,,,,,,,,,,,,,,,,,,,,,,,,,,,,,,,,,,,,,,,0.0,
2026-07-08 03:15:12,31.0,MHz                 ,0.0,5000.0,10.0,,,,,,,,,,,,,,,,,,,,,,,,,,,,,,,,,,,,,,,,,0.0,
2026-07-08 03:15:12,32.0,MHz                 ,0.0,5000.0,10.0,,,,,,,,,,,,,,,,,,,,,,,,,,,,,,,,,,,,,,,,,0.0,
2026-07-08 03:15:12,33.0,W                   ,0.0,200.0,10.0,,,%.1f                ,,,,,,,,,,,,,,,,,,,,,,,,,,,,,,,,,,,,,,0.0,
2026-07-08 03:15:12,34.0,W                   ,0.0,200.0,10.0,,,%.1f                ,,,,,,,,,,,,,,,,,,,,,,,,,,,,,,,,,,,,,,0.0,
2026-07-08 03:15:12,35.0,W                   ,0.0,200.0,10.0,,,%.1f                ,,,,,,,,,,,,,,,,,,,,,,,,,,,,,,,,,,,,,,0.0,
2026-07-08 03:15:12,36.0,W                   ,0.0,200.0,10.0,,,%.1f                ,,,,,,,,,,,,,,,,,,,,,,,,,,,,,,,,,,,,,,0.0,
2026-07-08 03:15:12,37.0,W                   ,0.0,200.0,10.0,,,%.1f                ,,,,,,,,,,,,,,,,,,,,,,,,,,,,,,,,,,,,,,0.0,
2026-07-08 03:15:12,38.0,W                   ,0.0,200.0,10.0,,,%.1f                ,,,,,,,,,,,,,,,,,,,,,,,,,,,,,,,,,,,,,,0.0,
2026-07-08 03:15:12,39.0,W                   ,0.0,200.0,10.0,,,%.1f                ,,,,,,,,,,,,,,,,,,,,,,,,,,,,,,,,,,,,,,0.0,
2026-07-08 03:15:12,40.0,W                   ,0.0,200.0,10.0,,,%.1f                ,,,,,,,,,,,,,,,,,,,,,,,,,,,,,,,,,,,,,,0.0,
2026-07-08 03:15:12,41.0,W                   ,0.0,200.0,10.0,,,%.1f                ,,,,,,,,,,,,,,,,,,,,,,,,,,,,,,,,,,,,,,0.0,
2026-07-08 03:15:12,42.0,MB                  ,0.0,16384.0,10.0,,,,,,,,,,,,,,,,,,,,,,,,,,,,,,,,,,,,,,,,,0.0,
2026-07-08 03:15:12,43.0,MB                  ,0.0,16384.0,10.0,,,,,,,,,,,,,,,,,,,,,,,,,,,,,,,,,,,,,,,,,0.0,
2026-07-08 03:15:12,44.0,ms                  ,0.0,50.0,10.0,,,%.1f                ,,,,,,,,,,,,,,,,,,,,,,,,,,,,,,,,,,,,,,0.0,
2026-07-08 03:15:12,53.0,7.000               ,394.441,200.0,933.0,0.0,53.125,53.125              ,53.125,53.125,53.125,53.125,53.125,53.125,53.125,49.035,38.87,53.423,46.502,56.774,40.538,52.742,42.91,47.599,2800.0,2800.0,3500.0,3500.0,2800.0,2800.0,2800.0,2800.0,3500.0,2.076,2.076,2.5,2.5,2.276,2.276,2.352,2.352,18.069,3001.0,8699.0,,0.0,
2026-07-08 03:15:13,52.0,9.000               ,395.449,200.0,933.0,0.0,52.375,52.375              ,52.375,52.375,52.375,52.375,52.375,52.375,52.375,11.696,4.049,17.187,8.611,10.933,5.853,10.383,10.27,9.873,2650.0,2650.0,2650.0,2650.0,2650.0,2650.0,2650.0,2650.0,2650.0,0.51,0.51,0.977,0.977,0.681,0.67,0.781,0.781,8.562,3066.0,8797.0,,1.0,
2026-07-08 03:15:14,53.0,6.000               ,399.676,200.0,1200.0,0.0,54.0,54.000              ,54.0,54.0,54.0,54.0,54.0,54.0,54.0,68.247,50.571,64.174,77.023,72.625,59.375,65.49,52.339,63.73,2333.333,2333.333,3500.0,3500.0,2333.333,2333.333,2333.333,2333.333,3500.0,2.522,2.522,3.201,3.201,2.97,3.022,2.532,2.494,20.088,3102.0,8857.0,,2.0,
2026-07-08 03:15:15,55.0,3.000               ,402.215,200.0,933.0,0.0,55.5,55.500              ,55.5,55.5,55.5,55.5,55.5,55.5,55.5,68.101,49.618,66.231,77.588,69.117,64.416,72.459,58.795,65.791,2420.0,2420.0,3025.0,3025.0,3050.0,3050.0,2460.0,2460.0,3050.0,1.966,1.966,2.829,2.829,2.602,2.609,2.209,2.245,18.382,3122.0,8839.0,,3.0,
2026-07-08 03:15:16,56.0,0.000               ,400.996,200.0,933.0,0.0,56.625,56.625              ,56.625,56.625,56.625,56.625,56.625,56.625,56.625,18.614,22.018,13.622,47.826,39.543,15.043,54.426,17.467,28.57,2266.667,2266.667,3400.0,3425.0,2740.0,2740.0,2283.333,2283.333,3425.0,1.701,1.701,2.624,2.659,2.068,2.057,2.747,2.747,16.639,3175.0,8913.0,,4.0,
2026-07-08 03:15:17,56.0,0.000               ,400.996,200.0,1200.0,0.0,56.125,56.125              ,56.125,56.125,56.125,56.125,56.125,56.125,56.125,6.449,3.923,4.175,51.038,40.299,3.321,10.954,5.615,15.722,2333.333,2333.333,3500.0,3500.0,2333.333,2333.333,2333.333,2333.333,3500.0,0.547,0.547,2.069,2.033,1.496,1.496,0.745,0.745,12.739,3502.0,9244.0,,5.0,
2026-07-08 03:15:18,55.0,0.000               ,400.996,200.0,933.0,0.0,55.5,55.500              ,55.5,55.5,55.5,55.5,55.5,55.5,55.5,6.689,3.992,3.225,34.366,48.546,2.406,22.641,2.476,15.543,2333.333,2333.333,2333.333,2333.333,3500.0,3500.0,2233.333,2233.333,3500.0,0.385,0.385,1.386,1.392,1.763,1.763,1.017,1.017,12.554,3823.0,9544.0,,6.0,
2026-07-08 03:15:19,56.0,0.000               ,400.996,200.0,933.0,0.0,56.5,56.500              ,56.5,56.5,56.5,56.5,56.5,56.5,56.5,3.724,2.226,15.096,23.376,16.712,0.99,21.393,45.035,16.069,2333.333,2333.333,2333.333,2333.333,2333.333,2333.333,3500.0,3500.0,3500.0,0.372,0.372,1.886,1.88,0.764,0.764,2.952,2.952,12.907,3805.0,9541.0,,7.0,
2026-07-08 03:15:20,56.0,0.000               ,400.996,200.0,933.0,0.0,56.375,56.375              ,56.375,56.375,56.375,56.375,56.375,56.375,56.375,6.673,4.336,4.279,55.082,31.18,2.054,13.194,18.615,16.927,2333.333,2333.333,3500.0,3500.0,2333.333,2333.333,2333.333,2333.333,3500.0,0.347,0.347,2.427,2.465,1.317,1.317,1.244,1.244,12.385,3902.0,9642.0,,8.0,
2026-07-08 03:15:21,56.0,0.000               ,400.996,200.0,933.0,0.0,56.5,56.500              ,56.5,56.5,56.5,56.5,56.5,56.5,56.5,6.017,2.579,2.029,49.914,48.79,1.556,8.121,2.306,15.164,2333.333,2333.333,3500.0,3500.0,2333.333,2333.333,2333.333,2333.333,3500.0,0.443,0.443,2.252,2.21,2.211,2.211,0.569,0.569,12.296,3942.0,9695.0,,9.0,
2026-07-08 03:15:22,56.0,0.000               ,438.551,200.0,1200.0,0.0,56.375,56.375              ,56.375,56.375,56.375,56.375,56.375,56.375,56.375,17.228,20.489,21.686,52.937,31.17,11.223,15.746,6.994,22.184,2333.333,2333.333,3500.0,3500.0,2333.333,2333.333,2333.333,2333.333,3500.0,1.407,1.434,2.971,2.945,1.622,1.622,1.06,1.06,15.386,4205.0,9926.0,0.0,10.0,
2026-07-08 03:15:23,57.0,0.000               ,449.543,200.0,1200.0,0.0,57.25,57.250              ,57.25,57.25,57.25,57.25,57.25,57.25,57.25,41.149,7.414,10.831,37.946,50.173,11.31,44.21,23.434,28.308,3500.0,3500.0,2333.333,2333.333,2333.333,2333.333,2800.0,2800.0,3500.0,2.031,2.004,1.853,1.84,2.48,2.485,2.417,2.483,17.355,4156.0,10052.0,0.0,11.0,
2026-07-08 03:15:24,58.0,2.000               ,476.637,200.0,933.0,0.0,58.25,58.250              ,58.25,58.25,58.25,58.25,58.25,58.25,58.25,33.595,22.201,26.122,45.262,83.661,19.693,48.596,22.485,37.702,2800.0,2800.0,2800.0,2800.0,2333.333,2333.333,3500.0,3500.0,3500.0,1.431,1.431,2.053,2.069,3.693,3.689,1.861,1.778,18.018,4264.0,10127.0,0.0,12.0,
2026-07-08 03:15:25,58.0,1.000               ,483.863,200.0,933.0,0.0,58.125,58.125              ,58.125,58.125,58.125,58.125,58.125,58.125,58.125,7.136,4.411,4.959,67.126,36.455,4.834,17.177,3.577,18.209,2333.333,2333.333,2333.333,2333.333,2333.333,2333.333,3500.0,3500.0,3500.0,0.735,0.735,2.916,2.901,1.651,1.651,1.065,1.065,13.654,4360.0,10208.0,0.0,13.0,
2026-07-08 03:15:26,57.0,0.000               ,517.098,200.0,1200.0,0.0,57.75,57.750              ,57.75,57.75,57.75,57.75,57.75,57.75,57.75,20.714,13.671,22.537,31.398,51.295,11.553,38.917,7.152,24.655,2333.333,2333.333,2333.333,2333.333,2333.333,2333.333,3500.0,3500.0,3500.0,1.168,1.168,2.071,2.071,2.209,2.244,2.245,2.245,15.606,4407.0,10290.0,0.0,14.0,
2026-07-08 03:15:27,57.0,23.000              ,529.766,200.0,1067.0,0.0,57.625,57.625              ,57.625,57.625,57.625,57.625,57.625,57.625,57.625,43.103,31.333,47.298,50.026,47.691,35.266,75.979,29.95,45.081,2800.0,2800.0,2800.0,2800.0,3500.0,3500.0,2800.0,2800.0,3500.0,1.659,1.659,2.029,2.029,2.45,2.418,3.409,3.409,19.436,4418.0,10328.0,0.0,15.0,
2026-07-08 03:15:28,57.0,48.000              ,556.598,203.0,1067.0,0.0,57.625,57.625              ,57.625,57.625,57.625,57.625,57.625,57.625,57.625,48.473,20.205,63.424,30.563,35.403,20.53,45.71,40.856,38.146,2660.0,2660.0,2660.0,2660.0,2216.667,2216.667,3325.0,3325.0,3325.0,1.824,1.824,2.22,2.223,1.524,1.526,3.343,3.343,18.594,4429.0,10379.0,0.0,16.0,
2026-07-08 03:15:29,57.0,60.000              ,556.633,200.0,1200.0,0.0,57.75,57.750              ,57.75,57.75,57.75,57.75,57.75,57.75,57.75,50.56,13.685,22.205,22.703,27.185,8.09,76.24,9.341,28.751,2540.0,2540.0,2540.0,2540.0,2540.0,2540.0,3175.0,3175.0,3175.0,2.117,2.117,1.232,1.229,1.043,1.041,4.109,4.109,18.063,4415.0,10433.0,110.729,17.0,9.03
2026-07-08 03:15:30,57.0,66.000              ,556.633,200.0,1067.0,0.0,57.75,57.750              ,57.75,57.75,57.75,57.75,57.75,57.75,57.75,31.193,23.587,39.556,30.591,41.104,17.211,48.443,7.523,29.901,2233.333,2233.333,2680.0,2680.0,3350.0,3350.0,2233.333,2233.333,3350.0,1.643,1.643,2.233,2.233,2.171,2.174,1.509,1.903,17.682,4415.0,10436.0,22.42,18.0,44.6
2026-07-08 03:15:31,58.0,62.000              ,556.633,200.0,933.0,0.0,58.0,58.000              ,58.0,58.0,58.0,58.0,58.0,58.0,58.0,30.567,13.64,52.533,15.86,62.401,5.823,39.869,23.335,30.503,3400.0,3400.0,3400.0,3400.0,2266.667,2266.667,2266.667,2266.667,3400.0,1.297,1.297,1.676,1.676,3.123,3.12,2.902,2.731,17.869,4413.0,10427.0,21.917,19.0,45.63
2026-07-08 03:15:32,58.0,60.000              ,553.914,200.0,1200.0,0.0,58.0,58.000              ,58.0,58.0,58.0,58.0,58.0,58.0,58.0,45.601,14.424,67.101,22.512,23.284,27.12,50.0,18.493,33.567,2283.333,2283.333,3400.0,3400.0,3400.0,3400.0,2266.667,2266.667,3400.0,1.744,1.744,2.802,2.806,1.637,1.611,1.656,1.713,17.77,4413.0,10401.0,21.203,20.0,47.16
2026-07-08 03:15:33,56.0,60.000              ,554.363,200.0,933.0,0.0,56.625,56.625              ,56.625,56.625,56.625,56.625,56.625,56.625,56.625,13.411,11.513,21.845,17.676,22.726,4.401,13.504,7.356,14.054,2333.333,2333.333,3500.0,3500.0,2333.333,2333.333,2333.333,2333.333,3500.0,0.634,0.634,0.985,0.985,0.856,0.87,0.629,0.557,10.509,4410.0,10427.0,553.842,21.0,1.81
2026-07-08 03:15:34,56.0,61.000              ,551.535,200.0,1200.0,0.0,56.125,56.125              ,56.125,56.125,56.125,56.125,56.125,56.125,56.125,29.838,26.291,27.301,36.124,34.548,25.022,34.785,24.81,29.84,3350.0,3350.0,3350.0,3350.0,3350.0,3350.0,3350.0,3350.0,3350.0,1.137,1.137,1.378,1.38,1.327,1.327,1.22,1.22,13.935,4378.0,10412.0,572.198,22.0,1.75
2026-07-08 03:15:35,56.0,45.000              ,551.535,200.0,933.0,0.0,56.625,56.625              ,56.625,56.625,56.625,56.625,56.625,56.625,56.625,26.585,15.696,51.46,28.84,47.537,4.395,28.986,6.453,26.244,2233.333,2233.333,3350.0,3500.0,2333.333,2333.333,2333.333,2333.333,3500.0,1.242,1.242,2.322,2.317,1.587,1.592,1.152,1.152,16.886,4379.0,10413.0,0.0,23.0,
2026-07-08 03:15:37,56.0,49.000              ,551.535,200.0,1067.0,0.0,56.25,56.250              ,56.25,56.25,56.25,56.25,56.25,56.25,56.25,45.591,30.318,64.527,51.909,59.414,21.451,45.042,42.574,45.103,2800.0,2800.0,3500.0,3500.0,2800.0,2800.0,2800.0,2800.0,3500.0,1.248,1.248,2.015,2.001,1.408,1.407,1.445,1.445,18.197,4386.0,10371.0,0.0,25.0,
2026-07-08 03:15:38,56.0,66.000              ,547.168,200.0,1200.0,0.0,56.375,56.375              ,56.375,56.375,56.375,56.375,56.375,56.375,56.375,38.202,63.173,44.633,32.399,41.877,14.292,39.317,10.759,35.581,3050.0,3050.0,2440.0,2440.0,2440.0,2440.0,2440.0,2440.0,3050.0,1.993,2.042,1.527,1.554,1.137,1.136,1.07,1.07,17.243,4390.0,10380.0,0.0,26.0,
2026-07-08 03:15:39,56.0,64.000              ,546.609,200.0,933.0,0.0,56.25,56.250              ,56.25,56.25,56.25,56.25,56.25,56.25,56.25,24.094,36.561,31.979,35.186,33.639,5.733,23.707,6.564,24.683,3100.0,3100.0,2480.0,2480.0,2480.0,2480.0,2480.0,2480.0,3100.0,1.463,1.422,1.756,1.756,1.035,1.035,0.896,0.898,15.904,4392.0,10380.0,0.0,27.0,
2026-07-08 03:15:40,56.0,66.000              ,540.609,200.0,933.0,0.0,56.125,56.125              ,56.125,56.125,56.125,56.125,56.125,56.125,56.125,18.859,17.086,29.995,32.528,21.933,4.542,25.072,3.274,19.161,2333.333,2333.333,3500.0,3500.0,2333.333,2333.333,2333.333,2333.333,3500.0,1.104,1.107,2.027,2.027,0.943,0.943,0.907,0.905,14.833,4393.0,10374.0,0.0,28.0,
2026-07-08 03:15:41,56.0,66.000              ,540.109,200.0,933.0,0.0,56.375,56.375              ,56.375,56.375,56.375,56.375,56.375,56.375,56.375,25.793,20.393,35.058,34.534,29.609,8.077,29.435,5.41,23.539,2316.667,2316.667,3475.0,3475.0,2316.667,2316.667,2316.667,2316.667,3475.0,1.393,1.404,2.24,2.24,1.278,1.278,1.086,1.086,16.133,4392.0,10367.0,40.737,29.0,24.55
2026-07-08 03:15:42,55.0,63.000              ,540.109,200.0,933.0,0.0,55.375,55.375              ,55.375,55.375,55.375,55.375,55.375,55.375,55.375,20.387,16.208,20.705,28.622,28.741,1.499,11.031,2.763,16.244,2316.667,2316.667,3475.0,3475.0,2316.667,2316.667,2316.667,2316.667,3475.0,0.927,0.912,1.372,1.372,0.801,0.806,0.574,0.574,12.582,4392.0,10364.0,19.088,30.0,52.39
2026-07-08 03:15:43,54.0,64.000              ,540.656,200.0,933.0,0.0,54.625,54.625              ,54.625,54.625,54.625,54.625,54.625,54.625,54.625,19.305,12.502,17.621,27.404,23.634,3.522,11.76,4.822,15.071,3450.0,3450.0,2760.0,2760.0,2300.0,2300.0,2300.0,2300.0,3450.0,0.808,0.808,1.197,1.197,0.835,0.83,0.564,0.564,11.153,4391.0,10382.0,564.459,31.0,1.77
2026-07-08 03:15:44,54.0,64.000              ,540.656,200.0,933.0,0.0,54.125,54.125              ,54.125,54.125,54.125,54.125,54.125,54.125,54.125,17.653,11.92,26.722,22.249,23.411,3.302,18.36,3.756,15.922,2650.0,2650.0,2650.0,2650.0,2650.0,2650.0,2650.0,2650.0,2650.0,0.752,0.752,1.269,1.269,0.795,0.782,0.688,0.688,12.148,4392.0,10380.0,17.937,32.0,55.75
2026-07-08 03:15:45,55.0,65.000              ,568.238,200.0,933.0,0.0,55.375,55.375              ,55.375,55.375,55.375,55.375,55.375,55.375,55.375,20.853,21.99,66.141,18.264,23.435,3.169,19.837,5.575,22.408,3475.0,3475.0,3500.0,3500.0,2333.333,2333.333,2333.333,2333.333,3500.0,1.4,1.414,2.491,2.491,1.029,1.045,1.066,1.066,15.423,4415.0,10398.0,27.747,33.0,36.04
2026-07-08 03:15:46,56.0,62.000              ,568.367,200.0,933.0,0.0,56.0,56.000              ,56.0,56.0,56.0,56.0,56.0,56.0,56.0,8.592,49.105,18.758,8.985,12.365,2.679,24.076,4.59,16.144,2333.333,2333.333,3500.0,3500.0,2333.333,2333.333,3500.0,3500.0,3500.0,2.448,2.433,1.039,1.039,0.587,0.587,1.224,1.224,12.764,4427.0,10418.0,698.521,34.0,1.43
2026-07-08 03:15:47,54.0,57.000              ,568.367,200.0,933.0,0.0,54.5,54.500              ,54.5,54.5,54.5,54.5,54.5,54.5,54.5,14.49,13.904,17.694,22.23,20.228,3.025,14.063,0.934,13.321,2650.0,2650.0,2650.0,2650.0,2650.0,2650.0,2650.0,2650.0,2650.0,0.622,0.622,0.885,0.885,0.582,0.582,0.468,0.468,10.508,4427.0,10418.0,18.497,35.0,54.06
2026-07-08 03:15:48,53.0,56.000              ,568.895,200.0,933.0,0.0,53.625,53.625              ,53.625,53.625,53.625,53.625,53.625,53.625,53.625,15.048,10.787,17.734,20.997,17.268,3.525,14.754,4.562,13.084,1400.0,1400.0,1400.0,1400.0,1400.0,1400.0,1400.0,1400.0,1400.0,0.618,0.618,1.066,1.066,0.605,0.605,0.543,0.543,9.834,4427.0,10444.0,535.392,36.0,1.87
2026-07-08 03:15:49,54.0,56.000              ,569.93,200.0,933.0,0.0,54.0,54.000              ,54.0,54.0,54.0,54.0,54.0,54.0,54.0,14.964,12.155,44.956,18.765,22.052,2.496,15.952,3.23,16.821,2333.333,2333.333,3500.0,3500.0,2333.333,2333.333,2333.333,2333.333,3500.0,0.883,0.883,1.861,1.861,0.858,0.858,0.747,0.747,13.368,4427.0,10444.0,17.727,37.0,56.41
2026-07-08 03:15:50,54.0,58.000              ,569.906,200.0,1200.0,0.0,54.875,54.875              ,54.875,54.875,54.875,54.875,54.875,54.875,54.875,22.611,18.734,59.445,22.287,28.997,10.835,25.605,12.633,25.143,2333.333,2333.333,3500.0,3500.0,2333.333,2333.333,2333.333,2333.333,3500.0,1.382,1.382,2.763,2.763,1.489,1.489,1.307,1.307,16.649,4472.0,10499.0,84.182,38.0,11.88
2026-07-08 03:15:51,54.0,61.000              ,569.906,200.0,933.0,0.0,54.375,54.375              ,54.375,54.375,54.375,54.375,54.375,54.375,54.375,24.592,20.067,31.685,25.21,30.923,10.479,41.015,32.311,27.035,2580.0,2580.0,2580.0,2580.0,2580.0,2580.0,3225.0,3225.0,3225.0,0.975,0.979,1.284,1.284,0.926,0.926,1.614,1.614,14.165,4473.0,10478.0,17.798,39.0,56.19
2026-07-08 03:15:52,63.0,62.000              ,569.887,200.0,933.0,0.0,63.25,63.250              ,63.25,63.25,63.25,63.25,63.25,63.25,63.25,46.255,35.603,58.396,48.604,56.599,36.236,58.408,36.18,47.035,2650.0,2650.0,2650.0,2650.0,2650.0,2650.0,2650.0,2650.0,2650.0,1.653,1.649,2.603,2.606,2.125,2.125,2.043,2.043,17.386,4576.0,10725.0,600.664,40.0,1.66
2026-07-08 03:15:53,61.0,52.000              ,569.887,200.0,1067.0,0.0,61.625,61.625              ,61.625,61.625,61.625,61.625,61.625,61.625,61.625,56.867,36.379,59.833,65.377,65.639,53.407,67.454,64.683,58.705,2340.0,2340.0,2340.0,2340.0,2340.0,2340.0,2925.0,2925.0,2925.0,1.298,1.299,1.849,1.846,1.827,1.827,2.081,2.081,18.185,4691.0,10842.0,0.0,41.0,
2026-07-08 03:15:54,60.0,50.000              ,569.887,200.0,1200.0,0.0,60.25,60.250              ,60.25,60.25,60.25,60.25,60.25,60.25,60.25,46.027,23.666,87.695,91.51,45.063,29.274,57.314,29.436,51.248,2380.0,2380.0,2380.0,2380.0,2380.0,2380.0,2975.0,2975.0,2975.0,1.117,1.116,2.857,2.857,1.239,1.239,1.427,1.427,17.634,4779.0,10952.0,0.0,42.0,
2026-07-08 03:15:55,59.0,59.000              ,566.508,200.0,1067.0,0.0,59.0,59.000              ,59.0,59.0,59.0,59.0,59.0,59.0,59.0,39.795,30.457,58.345,53.932,77.42,71.992,42.939,25.834,50.089,2360.0,2360.0,2950.0,2950.0,2360.0,2360.0,2360.0,2360.0,2950.0,1.1,1.1,1.925,1.925,2.403,2.403,1.176,1.176,17.629,4798.0,10909.0,0.0,43.0,
2026-07-08 03:15:56,58.0,59.000              ,545.945,200.0,1200.0,0.0,58.375,58.375              ,58.375,58.375,58.375,58.375,58.375,58.375,58.375,35.098,25.159,43.896,30.021,93.672,95.967,35.351,15.741,46.863,2050.0,2050.0,2460.0,2460.0,3075.0,3075.0,2050.0,2050.0,3075.0,1.027,1.027,1.399,1.399,3.141,3.141,0.997,0.998,17.712,4796.0,10913.0,0.0,44.0,
2026-07-08 03:15:57,58.0,61.000              ,545.945,200.0,1067.0,0.0,58.25,58.250              ,58.25,58.25,58.25,58.25,58.25,58.25,58.25,35.29,20.935,48.286,36.532,96.371,98.154,40.695,21.279,49.693,2320.0,2320.0,2320.0,2320.0,2900.0,2900.0,2320.0,2320.0,2900.0,0.815,0.818,1.264,1.264,2.875,2.875,0.945,0.944,17.091,4781.0,10892.0,0.0,45.0,
2026-07-08 03:15:58,58.0,61.000              ,548.203,200.0,1200.0,0.0,58.125,58.125              ,58.125,58.125,58.125,58.125,58.125,58.125,58.125,32.23,28.546,52.32,40.348,94.008,94.12,40.849,23.473,50.737,1866.667,1866.667,2240.0,2240.0,2800.0,2800.0,2240.0,2240.0,2800.0,0.969,0.967,1.356,1.356,2.989,2.989,1.078,1.08,17.192,4848.0,10975.0,0.0,46.0,
2026-07-08 03:15:59,57.0,63.000              ,547.078,200.0,1067.0,0.0,57.75,57.750              ,57.75,57.75,57.75,57.75,57.75,57.75,57.75,46.26,33.791,58.401,47.367,67.551,63.655,60.415,25.802,50.405,1983.333,1983.333,2380.0,2380.0,2975.0,2975.0,2380.0,2380.0,2975.0,1.213,1.213,1.695,1.695,2.102,2.102,1.359,1.357,17.119,4962.0,11077.0,0.0,47.0,
2026-07-08 03:16:00,57.0,61.000              ,547.078,200.0,1067.0,0.0,57.125,57.125              ,57.125,57.125,57.125,57.125,57.125,57.125,57.125,47.393,35.969,65.523,52.042,61.62,14.466,51.545,64.701,49.157,2360.0,2360.0,2950.0,2950.0,2360.0,2360.0,2360.0,2360.0,2950.0,1.283,1.283,1.798,1.798,1.176,1.176,1.772,1.772,16.952,5022.0,11124.0,0.0,48.0,
2026-07-08 03:16:01,57.0,59.000              ,547.078,200.0,1200.0,0.0,57.125,57.125              ,57.125,57.125,57.125,57.125,57.125,57.125,57.125,48.845,29.732,53.858,47.805,64.449,31.793,74.481,67.338,52.288,2360.0,2360.0,2360.0,2360.0,2360.0,2360.0,2950.0,2950.0,2950.0,1.101,1.101,1.339,1.339,1.325,1.325,2.063,2.063,17.161,5057.0,11159.0,0.0,49.0,
2026-07-08 03:16:02,56.0,62.000              ,548.203,200.0,1067.0,0.0,56.625,56.625              ,56.625,56.625,56.625,56.625,56.625,56.625,56.625,50.151,37.344,53.753,35.68,63.264,65.108,68.785,58.498,54.073,2320.0,2320.0,2320.0,2320.0,2900.0,2900.0,2320.0,2320.0,2900.0,1.208,1.208,1.224,1.224,1.623,1.623,1.596,1.596,16.793,4825.0,10937.0,0.0,50.0,
2026-07-08 03:16:03,56.0,64.000              ,548.199,200.0,1200.0,0.0,56.5,56.500              ,56.5,56.5,56.5,56.5,56.5,56.5,56.5,45.788,28.262,43.433,33.175,57.815,53.011,58.26,66.494,48.28,1950.0,1950.0,2340.0,2340.0,2925.0,2925.0,2340.0,2340.0,2925.0,1.049,1.049,1.159,1.159,1.642,1.642,1.893,1.893,16.822,4921.0,11032.0,0.0,51.0,
2026-07-08 03:16:04,56.0,63.000              ,548.203,200.0,1067.0,0.0,56.5,56.500              ,56.5,56.5,56.5,56.5,56.5,56.5,56.5,36.682,29.586,43.685,24.419,59.862,46.171,54.818,46.798,42.753,2420.0,2420.0,2420.0,2420.0,3025.0,3025.0,2420.0,2420.0,3025.0,1.208,1.208,1.193,1.193,2.173,2.173,2.138,2.138,16.389,4935.0,11047.0,0.0,52.0,
2026-07-08 03:16:05,56.0,60.000              ,548.203,200.0,1067.0,0.0,56.75,56.750              ,56.75,56.75,56.75,56.75,56.75,56.75,56.75,42.699,17.337,47.649,26.186,43.502,52.15,52.714,64.866,43.388,2360.0,2360.0,2360.0,2360.0,2360.0,2360.0,2950.0,2950.0,2950.0,0.996,0.996,1.206,1.206,1.65,1.65,2.15,2.151,16.541,4857.0,10960.0,0.0,53.0,
2026-07-08 03:16:06,56.0,59.000              ,548.199,200.0,1067.0,0.0,56.75,56.750              ,56.75,56.75,56.75,56.75,56.75,56.75,56.75,46.058,24.06,50.487,23.73,57.444,47.976,59.306,35.121,43.023,2360.0,2360.0,2360.0,2360.0,2950.0,2950.0,2360.0,2360.0,2950.0,1.251,1.251,1.201,1.202,2.262,2.262,1.946,1.945,16.479,4874.0,10983.0,0.0,54.0,
2026-07-08 03:16:07,56.0,59.000              ,548.203,200.0,1067.0,0.0,56.75,56.750              ,56.75,56.75,56.75,56.75,56.75,56.75,56.75,51.366,26.427,56.757,24.968,62.684,42.987,65.666,40.514,46.421,2380.0,2380.0,2975.0,2975.0,2380.0,2380.0,2380.0,2380.0,2975.0,1.206,1.206,1.209,1.208,1.971,1.975,1.966,1.966,16.234,4925.0,11133.0,0.0,55.0,
2026-07-08 03:16:08,57.0,57.000              ,548.203,200.0,1067.0,0.0,57.125,57.125              ,57.125,57.125,57.125,57.125,57.125,57.125,57.125,37.471,22.854,64.548,26.782,53.248,47.681,54.868,73.249,47.587,2280.0,2280.0,2280.0,2280.0,2280.0,2280.0,2850.0,2850.0,2850.0,0.936,0.938,1.203,1.203,1.732,1.729,2.239,2.243,16.211,4999.0,11212.0,0.0,56.0,
2026-07-08 03:16:09,56.0,58.000              ,548.203,200.0,1067.0,0.0,56.875,56.875              ,56.875,56.875,56.875,56.875,56.875,56.875,56.875,50.675,27.895,59.439,34.326,62.015,48.413,58.914,43.16,48.104,1966.667,1966.667,2360.0,2360.0,2360.0,2360.0,2950.0,2950.0,2950.0,1.208,1.205,1.304,1.306,1.93,1.93,1.77,1.766,16.43,5069.0,11291.0,0.0,57.0,
2026-07-08 03:16:10,56.0,61.000              ,518.742,200.0,1200.0,0.0,56.75,56.750              ,56.75,56.75,56.75,56.75,56.75,56.75,56.75,43.783,36.242,57.897,39.318,58.184,38.688,69.376,63.289,50.847,2300.0,2300.0,2875.0,2875.0,2300.0,2300.0,2300.0,2300.0,2875.0,1.062,1.064,1.305,1.303,1.235,1.238,1.545,1.545,16.231,5096.0,11305.0,0.0,58.0,
2026-07-08 03:16:11,56.0,65.000              ,518.742,200.0,1200.0,0.0,56.75,56.750              ,56.75,56.75,56.75,56.75,56.75,56.75,56.75,34.32,27.963,36.215,29.978,60.888,36.634,64.503,66.259,44.595,2160.0,2160.0,2160.0,2160.0,2160.0,2160.0,2700.0,2700.0,2700.0,0.84,0.838,0.961,0.961,1.266,1.243,1.561,1.561,15.694,5125.0,11327.0,0.0,59.0,
2026-07-08 03:16:12,56.0,64.000              ,518.738,200.0,1200.0,0.0,56.875,56.875              ,56.875,56.875,56.875,56.875,56.875,56.875,56.875,33.033,20.977,46.972,29.109,45.617,35.116,79.682,63.549,44.257,1883.333,1883.333,2260.0,2260.0,2260.0,2260.0,2825.0,2825.0,2825.0,0.734,0.734,1.054,1.058,1.043,1.06,1.854,1.854,16.106,5134.0,11343.0,0.0,60.0,
2026-07-08 03:16:13,57.0,61.000              ,518.742,200.0,1200.0,0.0,57.0,57.000              ,57.0,57.0,57.0,57.0,57.0,57.0,57.0,37.054,17.319,48.548,24.881,62.933,59.026,49.641,41.151,42.569,1933.333,1933.333,2320.0,2320.0,2900.0,2900.0,2320.0,2320.0,2900.0,0.853,0.853,1.12,1.118,1.648,1.648,1.185,1.185,15.866,5141.0,11329.0,0.0,61.0,
2026-07-08 03:16:14,56.0,61.000              ,518.742,200.0,1200.0,0.0,56.875,56.875              ,56.875,56.875,56.875,56.875,56.875,56.875,56.875,37.865,29.329,54.785,29.542,62.789,57.474,51.797,38.628,45.276,2280.0,2280.0,2280.0,2280.0,2850.0,2850.0,2280.0,2280.0,2850.0,0.933,0.933,1.172,1.171,1.499,1.499,1.181,1.181,16.084,5134.0,11347.0,0.0,62.0,
2026-07-08 03:16:15,56.0,60.000              ,518.742,200.0,1200.0,0.0,56.75,56.750              ,56.75,56.75,56.75,56.75,56.75,56.75,56.75,42.135,29.896,71.097,31.336,67.869,70.067,56.227,49.503,52.266,2100.0,2100.0,2100.0,2100.0,2100.0,2100.0,2625.0,2625.0,2625.0,0.886,0.886,1.157,1.155,1.509,1.509,1.213,1.213,15.872,5162.0,11375.0,0.0,63.0,
2026-07-08 03:16:16,56.0,61.000              ,518.742,200.0,1200.0,0.0,57.0,57.000              ,57.0,57.0,57.0,57.0,57.0,57.0,57.0,47.821,26.193,56.555,34.922,92.465,92.889,42.175,19.78,51.6,2120.0,2120.0,2120.0,2120.0,2650.0,2650.0,2120.0,2120.0,2650.0,0.875,0.875,0.976,0.976,1.972,1.972,0.769,0.771,15.619,5171.0,11406.0,0.0,64.0,
2026-07-08 03:16:17,57.0,61.000              ,518.742,200.0,1067.0,0.0,57.0,57.000              ,57.0,57.0,57.0,57.0,57.0,57.0,57.0,46.691,24.072,56.334,32.947,86.995,85.875,48.397,26.364,50.959,1325.0,1325.0,2120.0,2120.0,2650.0,2650.0,2120.0,2120.0,2650.0,0.822,0.825,0.992,0.992,1.872,1.872,0.895,0.889,15.77,5171.0,11406.0,0.0,65.0,
2026-07-08 03:16:18,56.0,62.000              ,518.738,200.0,1067.0,0.0,56.5,56.500              ,56.5,56.5,56.5,56.5,56.5,56.5,56.5,42.511,26.654,50.691,36.072,56.438,48.565,75.569,71.667,51.021,2120.0,2120.0,2650.0,2650.0,2120.0,2120.0,2120.0,2120.0,2650.0,0.804,0.802,0.964,0.964,1.115,1.115,1.471,1.486,15.566,5231.0,11439.0,0.0,66.0,
2026-07-08 03:16:19,56.0,63.000              ,520.445,200.0,1200.0,0.0,56.75,56.750              ,56.75,56.75,56.75,56.75,56.75,56.75,56.75,36.039,23.573,45.88,32.225,79.609,70.163,51.561,37.024,47.009,2180.0,2180.0,2180.0,2180.0,2725.0,2725.0,2180.0,2180.0,2725.0,0.777,0.777,1.016,1.016,1.657,1.657,1.029,1.027,15.605,5272.0,11500.0,0.0,67.0,
2026-07-08 03:16:20,56.0,61.000              ,511.832,200.0,1200.0,0.0,56.75,56.750              ,56.75,56.75,56.75,56.75,56.75,56.75,56.75,36.35,28.324,59.692,63.891,60.355,14.658,69.68,61.396,49.293,2180.0,2180.0,2725.0,2725.0,2180.0,2180.0,2180.0,2180.0,2725.0,0.773,0.775,1.387,1.387,0.92,0.917,1.418,1.42,15.929,5296.0,11533.0,0.0,68.0,
2026-07-08 03:16:21,56.0,66.000              ,511.82,200.0,1200.0,0.0,56.5,56.500              ,56.5,56.5,56.5,56.5,56.5,56.5,56.5,38.376,23.15,46.588,58.115,64.227,14.059,81.25,72.392,49.77,1960.0,1960.0,1960.0,1960.0,1960.0,1960.0,2450.0,2450.0,2450.0,0.734,0.755,1.153,1.153,0.869,0.871,1.581,1.579,15.408,5280.0,11572.0,0.0,69.0,
2026-07-08 03:16:22,56.0,65.000              ,511.824,200.0,1200.0,0.0,56.5,56.500              ,56.5,56.5,56.5,56.5,56.5,56.5,56.5,33.425,30.453,38.3,49.796,59.984,13.564,85.95,82.49,49.245,2100.0,2100.0,2100.0,2100.0,2100.0,2100.0,2625.0,2625.0,2625.0,0.713,0.683,0.973,0.973,0.918,0.917,1.848,1.848,15.5,5280.0,11601.0,0.0,70.0,
2026-07-08 03:16:23,56.0,60.000              ,511.824,200.0,1200.0,0.0,56.5,56.500              ,56.5,56.5,56.5,56.5,56.5,56.5,56.5,48.928,22.22,60.717,57.629,59.867,22.832,70.627,72.424,51.906,2160.0,2160.0,2160.0,2160.0,2160.0,2160.0,2700.0,2700.0,2700.0,0.81,0.81,1.235,1.235,0.919,0.919,1.567,1.57,15.729,5310.0,11627.0,0.0,71.0,
2026-07-08 03:16:24,56.0,60.000              ,511.824,200.0,1200.0,0.0,56.5,56.500              ,56.5,56.5,56.5,56.5,56.5,56.5,56.5,51.054,18.715,63.694,60.644,56.445,21.389,74.735,68.063,51.842,2000.0,2000.0,2500.0,2500.0,2000.0,2000.0,2500.0,2500.0,2500.0,0.762,0.762,1.23,1.23,0.846,0.846,1.527,1.525,15.259,5331.0,11661.0,0.0,72.0,
2026-07-08 03:16:25,56.0,61.000              ,511.824,200.0,1200.0,0.0,56.5,56.500              ,56.5,56.5,56.5,56.5,56.5,56.5,56.5,46.499,27.91,62.568,60.833,52.726,17.087,74.487,73.852,51.995,2100.0,2100.0,2625.0,2625.0,2100.0,2100.0,2100.0,2100.0,2625.0,0.818,0.817,1.269,1.269,0.821,0.821,1.423,1.426,15.631,5406.0,11705.0,0.0,73.0,
2026-07-08 03:16:26,56.0,64.000              ,511.824,200.0,1200.0,0.0,56.375,56.375              ,56.375,56.375,56.375,56.375,56.375,56.375,56.375,42.673,43.291,53.668,60.112,62.622,52.996,58.109,56.24,53.714,1980.0,1980.0,1980.0,1980.0,1980.0,1980.0,2475.0,2475.0,2475.0,0.868,0.867,1.127,1.127,1.149,1.149,1.186,1.184,15.366,5434.0,11742.0,0.0,74.0,
2026-07-08 03:16:27,56.0,63.000              ,510.695,200.0,1200.0,0.0,56.5,56.500              ,56.5,56.5,56.5,56.5,56.5,56.5,56.5,40.019,21.186,46.917,59.97,76.245,75.475,49.445,20.835,48.762,2040.0,2040.0,2550.0,2550.0,2040.0,2040.0,2040.0,2040.0,2550.0,0.74,0.74,1.141,1.141,1.572,1.572,0.851,0.853,15.301,5450.0,11758.0,0.0,75.0,
2026-07-08 03:16:28,56.0,60.000              ,509.566,200.0,1200.0,0.0,56.5,56.500              ,56.5,56.5,56.5,56.5,56.5,56.5,56.5,39.441,19.421,65.116,62.613,62.711,61.695,56.709,17.074,48.098,1337.5,1337.5,2140.0,2140.0,2675.0,2675.0,2140.0,2140.0,2675.0,0.749,0.749,1.392,1.392,1.405,1.405,0.896,0.895,15.543,5447.0,11779.0,0.0,76.0,
2026-07-08 03:16:29,56.0,59.000              ,509.566,200.0,1200.0,0.0,56.5,56.500              ,56.5,56.5,56.5,56.5,56.5,56.5,56.5,34.839,21.899,57.454,67.122,69.552,65.966,52.056,15.21,48.012,1766.667,1766.667,2120.0,2120.0,2650.0,2650.0,2120.0,2120.0,2650.0,0.683,0.683,1.28,1.28,1.435,1.437,0.809,0.809,15.29,5513.0,11811.0,0.0,77.0,
2026-07-08 03:16:30,56.0,64.000              ,509.383,200.0,1200.0,0.0,56.375,56.375              ,56.375,56.375,56.375,56.375,56.375,56.375,56.375,57.647,37.599,59.698,62.271,52.364,41.052,66.108,36.516,51.657,1980.0,1980.0,1980.0,1980.0,2475.0,2475.0,1980.0,1960.0,2475.0,0.925,0.925,1.228,1.231,1.001,0.999,1.1,1.1,15.317,5540.0,11851.0,39.818,78.0,25.11
2026-07-08 03:16:31,56.0,65.000              ,510.277,200.0,1200.0,0.0,56.375,56.375              ,56.375,56.375,56.375,56.375,56.375,56.375,56.375,42.456,15.809,49.824,30.445,68.847,10.798,52.332,27.237,37.218,2100.0,2100.0,2625.0,2625.0,2100.0,2100.0,2100.0,2100.0,2625.0,0.985,0.985,1.357,1.355,1.408,1.408,1.478,1.478,14.917,5557.0,11864.0,17.568,79.0,56.92
2026-07-08 03:16:32,56.0,32.000              ,510.285,200.0,1200.0,0.0,56.625,56.625              ,56.625,56.625,56.625,56.625,56.625,56.625,56.625,47.784,28.01,51.138,43.891,51.514,28.041,61.945,42.987,44.414,2200.0,2200.0,2640.0,2640.0,2200.0,2200.0,3300.0,3300.0,3300.0,1.024,1.024,1.325,1.325,1.15,1.153,1.533,1.533,15.698,5568.0,11921.0,1028.552,80.0,0.97
2026-07-08 03:16:33,56.0,31.000              ,510.285,200.0,1200.0,0.0,56.25,56.250              ,56.25,56.25,56.25,56.25,56.25,56.25,56.25,41.144,28.922,61.463,46.56,61.277,38.669,63.956,34.174,47.021,2020.0,2020.0,2525.0,2525.0,2500.0,2500.0,2550.0,2550.0,2550.0,0.761,0.761,1.197,1.199,1.136,1.146,1.097,1.096,15.325,5595.0,11935.0,17.72,81.0,56.43
2026-07-08 03:16:34,56.0,61.000              ,510.285,200.0,1200.0,0.0,56.0,56.000              ,56.0,56.0,56.0,56.0,56.0,56.0,56.0,43.875,28.821,63.824,40.917,73.908,27.48,70.955,43.097,49.11,1980.0,1980.0,1980.0,1980.0,2425.0,2450.0,1960.0,1960.0,2450.0,0.762,0.762,0.998,0.999,1.087,1.072,1.269,1.309,15.359,5606.0,11952.0,17.235,82.0,58.02
2026-07-08 03:16:35,56.0,60.000              ,510.285,200.0,1200.0,0.0,56.0,56.000              ,56.0,56.0,56.0,56.0,56.0,56.0,56.0,54.066,22.056,57.393,46.661,63.988,30.654,46.55,52.152,46.69,1733.333,1733.333,2080.0,2080.0,2100.0,2100.0,2625.0,2625.0,2625.0,0.872,0.872,1.081,1.067,1.093,1.093,1.202,1.152,15.23,5614.0,11937.0,17.507,83.0,57.12
2026-07-08 03:16:36,56.0,59.000              ,510.285,200.0,1200.0,0.0,56.0,56.000              ,56.0,56.0,56.0,56.0,56.0,56.0,56.0,56.032,24.946,58.783,41.743,75.337,20.03,73.397,20.418,46.336,2060.0,2060.0,2575.0,2575.0,2040.0,2040.0,2040.0,2040.0,2575.0,0.942,0.942,1.057,1.07,1.099,1.099,1.161,1.161,15.237,5546.0,11959.0,17.97,84.0,55.65
2026-07-08 03:16:37,56.0,60.000              ,510.285,200.0,1200.0,0.0,56.0,56.000              ,56.0,56.0,56.0,56.0,56.0,56.0,56.0,65.322,41.13,78.083,67.715,65.449,47.342,81.672,47.732,61.806,1860.0,1860.0,2300.0,2300.0,1840.0,1840.0,1860.0,2325.0,2325.0,0.941,0.943,1.245,1.243,0.952,0.954,1.074,1.074,15.476,5512.0,11970.0,18.979,85.0,52.69
2026-07-08 03:16:38,56.0,62.000              ,510.285,200.0,1200.0,0.0,56.0,56.000              ,56.0,56.0,56.0,56.0,56.0,56.0,56.0,80.291,71.029,83.256,84.116,85.816,72.534,81.849,79.667,79.82,1760.0,1760.0,2200.0,2200.0,2180.0,2180.0,2180.0,2180.0,2200.0,0.926,0.925,1.052,1.055,1.014,1.014,1.087,1.087,15.243,5405.0,11989.0,17.967,86.0,55.66
2026-07-08 03:16:39,56.0,64.000              ,510.285,200.0,1200.0,0.0,56.0,56.000              ,56.0,56.0,56.0,56.0,56.0,56.0,56.0,73.034,70.151,80.913,78.778,75.044,66.923,74.716,59.165,72.341,1783.333,1783.333,2140.0,2140.0,2140.0,2140.0,1800.0,1800.0,2140.0,0.923,0.927,1.116,1.114,0.969,0.967,0.942,0.942,15.123,5393.0,11997.0,18.247,87.0,54.8
2026-07-08 03:16:40,56.0,67.000              ,510.035,200.0,1200.0,0.0,56.0,56.000              ,56.0,56.0,56.0,56.0,56.0,56.0,56.0,77.369,64.338,80.195,80.516,73.083,65.82,80.607,57.998,72.491,2160.0,2160.0,2160.0,2160.0,2160.0,2160.0,1800.0,1800.0,2160.0,0.942,0.94,1.13,1.119,0.929,0.929,0.99,0.99,15.189,5390.0,12017.0,18.224,88.0,54.87
2026-07-08 03:16:41,56.0,68.000              ,510.035,200.0,1067.0,0.0,56.0,56.000              ,56.0,56.0,56.0,56.0,56.0,56.0,56.0,80.954,74.767,82.453,81.769,75.634,73.094,76.162,68.188,76.628,1800.0,1783.333,2140.0,2140.0,2140.0,2140.0,2120.0,2120.0,2140.0,0.956,0.954,1.079,1.087,1.002,1.002,1.025,1.025,15.15,5346.0,12031.0,17.71,89.0,56.47
2026-07-08 03:16:42,56.0,66.000              ,510.035,200.0,1200.0,0.0,56.0,56.000              ,56.0,56.0,56.0,56.0,56.0,56.0,56.0,63.239,73.401,74.895,71.466,68.715,59.729,59.48,58.86,66.223,1780.0,2225.0,2225.0,2225.0,1780.0,1780.0,2225.0,2225.0,2225.0,0.997,0.999,1.041,1.041,0.972,0.972,1.003,1.003,14.947,5128.0,12101.0,17.772,90.0,56.27
2026-07-08 03:16:43,56.0,64.000              ,510.035,200.0,1200.0,0.0,56.0,56.000              ,56.0,56.0,56.0,56.0,56.0,56.0,56.0,38.368,26.972,69.941,47.354,64.266,31.813,63.993,40.324,47.879,2000.0,2000.0,2500.0,2500.0,2000.0,2000.0,2000.0,2020.0,2500.0,0.741,0.739,1.23,1.225,1.048,1.049,1.14,1.14,15.144,5220.0,12189.0,18.505,91.0,54.04
2026-07-08 03:16:44,56.0,63.000              ,510.035,200.0,1200.0,0.0,56.0,56.000              ,56.0,56.0,56.0,56.0,56.0,56.0,56.0,54.411,32.371,68.545,47.026,64.333,32.321,76.178,17.103,49.036,2060.0,2060.0,2575.0,2575.0,2060.0,2060.0,2060.0,2060.0,2575.0,0.924,0.943,1.211,1.212,1.065,1.064,1.016,1.016,15.173,5189.0,12266.0,17.878,92.0,55.93
2026-07-08 03:16:45,56.0,63.000              ,510.035,200.0,933.0,0.0,56.375,56.375              ,56.375,56.375,56.375,56.375,56.375,56.375,56.375,38.433,60.196,65.875,51.056,58.814,32.872,57.067,57.545,52.732,2450.0,2350.0,1900.0,1900.0,1900.0,1900.0,2375.0,2400.0,2450.0,1.031,1.02,1.196,1.201,1.068,1.071,1.8,1.8,14.784,4995.0,12277.0,17.397,93.0,57.48
2026-07-08 03:16:46,56.0,62.000              ,510.035,200.0,933.0,0.0,56.5,56.500              ,56.5,56.5,56.5,56.5,56.5,56.5,56.5,33.848,22.957,70.086,46.501,48.021,36.985,51.514,56.331,45.78,1916.667,1916.667,2875.0,2875.0,2300.0,2300.0,2320.0,2320.0,2875.0,0.906,0.906,1.626,1.629,1.433,1.43,1.87,1.87,15.156,5027.0,12317.0,17.889,94.0,55.9
2026-07-08 03:16:47,56.0,61.000              ,510.035,200.0,933.0,0.0,56.75,56.750              ,56.75,56.75,56.75,56.75,56.75,56.75,56.75,32.895,24.149,71.587,51.1,57.605,23.537,64.31,49.872,46.882,1950.0,1950.0,2925.0,2900.0,2320.0,2320.0,2320.0,2320.0,2925.0,0.855,0.857,1.665,1.662,1.273,1.273,1.974,1.974,15.095,5092.0,12377.0,17.45,95.0,57.31
2026-07-08 03:16:48,57.0,61.000              ,510.035,200.0,933.0,0.0,57.0,57.000              ,57.0,57.0,57.0,57.0,57.0,57.0,57.0,32.239,23.575,62.752,55.572,52.574,44.097,52.491,49.069,46.546,1933.333,1933.333,2925.0,2925.0,2320.0,2340.0,2340.0,2340.0,2925.0,0.884,0.885,1.673,1.673,1.571,1.571,1.772,1.772,15.26,5157.0,12437.0,17.53,96.0,57.05
2026-07-08 03:16:49,56.0,61.000              ,510.035,200.0,933.0,0.0,56.875,56.875              ,56.875,56.875,56.875,56.875,56.875,56.875,56.875,31.406,26.266,71.176,40.405,44.849,45.9,60.305,46.257,45.82,1933.333,1933.333,2900.0,2900.0,2320.0,2320.0,2320.0,2900.0,2900.0,0.898,0.895,1.475,1.475,1.489,1.495,1.909,1.909,15.096,5208.0,12495.0,17.989,97.0,55.59
2026-07-08 03:16:50,56.0,62.000              ,510.035,200.0,933.0,0.0,56.75,56.750              ,56.75,56.75,56.75,56.75,56.75,56.75,56.75,32.748,27.167,53.656,50.048,60.185,36.678,57.8,62.872,47.644,1900.0,1900.0,2280.0,2280.0,2280.0,2300.0,2900.0,2900.0,2900.0,0.872,0.872,1.423,1.423,1.431,1.425,2.112,2.112,15.123,5269.0,12551.0,18.251,98.0,54.79
2026-07-08 03:16:51,56.0,63.000              ,510.035,200.0,933.0,0.0,56.75,56.750              ,56.75,56.75,56.75,56.75,56.75,56.75,56.75,41.157,29.044,66.443,48.406,55.322,35.921,74.107,41.699,49.012,1950.0,1950.0,2925.0,2925.0,2340.0,2340.0,2340.0,2925.0,2925.0,0.982,0.985,1.561,1.566,1.4,1.404,1.887,1.887,15.203,5275.0,12615.0,18.071,99.0,55.34
2026-07-08 03:16:52,56.0,62.000              ,510.035,200.0,1067.0,0.0,56.25,56.250              ,56.25,56.25,56.25,56.25,56.25,56.25,56.25,39.765,40.244,65.817,51.129,43.07,43.736,67.7,66.828,52.286,2020.0,2020.0,2525.0,2525.0,2020.0,2020.0,2000.0,2000.0,2525.0,0.88,0.877,1.144,1.142,1.032,0.989,1.526,1.53,15.23,5190.0,12678.0,17.636,100.0,56.7
2026-07-08 03:16:53,56.0,62.000              ,510.035,200.0,933.0,0.0,56.0,56.000              ,56.0,56.0,56.0,56.0,56.0,56.0,56.0,40.376,25.464,63.304,48.193,54.454,37.568,66.302,44.893,47.569,1733.333,1733.333,2080.0,2080.0,2080.0,2080.0,2600.0,2575.0,2600.0,0.806,0.806,1.189,1.186,1.114,1.114,1.616,1.613,15.028,5256.0,12768.0,17.942,101.0,55.74
2026-07-08 03:16:54,56.0,61.000              ,510.035,200.0,1200.0,0.0,56.0,56.000              ,56.0,56.0,56.0,56.0,56.0,56.0,56.0,37.648,26.311,69.901,47.679,51.672,48.843,59.456,48.646,48.77,1900.0,2260.0,2825.0,2825.0,2260.0,2260.0,2260.0,2260.0,2825.0,0.813,0.813,1.362,1.365,1.163,1.163,1.165,1.165,15.28,5305.0,12821.0,19.495,102.0,51.3
2026-07-08 03:16:55,56.0,61.000              ,510.035,200.0,1200.0,0.0,56.0,56.000              ,56.0,56.0,56.0,56.0,56.0,56.0,56.0,39.1,24.06,66.364,45.718,42.255,48.466,48.988,63.933,47.361,2060.0,2060.0,2575.0,2575.0,2060.0,2060.0,2060.0,2060.0,2575.0,0.798,0.798,1.129,1.118,1.122,1.122,1.464,1.466,14.998,5357.0,12872.0,18.218,103.0,54.89
2026-07-08 03:16:56,56.0,61.000              ,510.035,200.0,933.0,0.0,56.625,56.625              ,56.625,56.625,56.625,56.625,56.625,56.625,56.625,30.361,20.834,56.048,41.797,42.977,22.389,52.959,22.273,36.205,2260.0,2260.0,2850.0,2850.0,2280.0,2280.0,2280.0,2850.0,2850.0,0.914,0.917,1.701,1.718,1.254,1.254,1.528,1.525,14.753,5402.0,12914.0,17.83,104.0,56.09
2026-07-08 03:16:57,56.0,61.000              ,510.035,200.0,933.0,0.0,56.25,56.250              ,56.25,56.25,56.25,56.25,56.25,56.25,56.25,28.968,17.503,53.501,37.673,41.802,28.492,38.572,28.881,34.424,2133.333,2133.333,2560.0,2540.0,3175.0,3175.0,2520.0,2520.0,3175.0,0.864,0.86,1.438,1.438,1.212,1.212,1.112,1.112,14.882,5402.0,12914.0,17.753,105.0,56.33
2026-07-08 03:16:58,56.0,63.000              ,510.035,200.0,933.0,0.0,56.5,56.500              ,56.5,56.5,56.5,56.5,56.5,56.5,56.5,22.598,18.305,59.04,19.094,37.979,10.4,31.273,4.843,25.441,2300.0,2300.0,3450.0,3450.0,2300.0,2300.0,2300.0,2300.0,3450.0,1.091,1.091,1.956,1.96,1.237,1.237,0.992,0.992,14.504,5402.0,12919.0,70.858,106.0,14.11
2026-07-08 03:16:59,57.0,58.000              ,509.918,200.0,933.0,0.0,57.0,57.000              ,57.0,57.0,57.0,57.0,57.0,57.0,57.0,23.309,16.312,21.314,57.787,36.019,14.735,25.917,5.352,25.093,2580.0,2580.0,3500.0,3500.0,2333.333,2333.333,2333.333,2333.333,3500.0,1.334,1.334,2.47,2.491,1.476,1.476,1.062,1.062,15.177,5302.0,12760.0,17.317,107.0,57.75
2026-07-08 03:17:00,58.0,26.000              ,509.918,200.0,933.0,0.0,58.0,58.000              ,58.0,58.0,58.0,58.0,58.0,58.0,58.0,8.257,7.959,7.699,75.552,37.41,2.992,17.688,3.381,20.117,2333.333,2333.333,3500.0,3500.0,2333.333,2333.333,2333.333,2333.333,3500.0,0.827,0.827,3.903,3.863,1.627,1.63,0.844,0.844,14.046,5349.0,12809.0,0.0,108.0,
2026-07-08 03:17:01,58.0,0.000               ,510.922,200.0,933.0,0.0,58.625,58.625              ,58.625,58.625,58.625,58.625,58.625,58.625,58.625,16.96,5.422,8.905,75.662,27.305,2.662,20.332,2.234,19.935,2333.333,2333.333,3500.0,3500.0,2333.333,2333.333,2333.333,2333.333,3500.0,1.096,1.096,3.958,3.934,1.17,1.167,1.003,1.005,14.196,5365.0,12778.0,2331.277,109.0,0.43
2026-07-08 03:17:02,59.0,0.000               ,510.922,200.0,933.0,0.0,59.75,59.750              ,59.75,59.75,59.75,59.75,59.75,59.75,59.75,6.789,5.423,3.398,99.842,18.91,2.03,14.929,2.631,19.244,2333.333,2333.333,3500.0,3500.0,2333.333,2333.333,2333.333,2333.333,3500.0,0.762,0.762,5.498,5.513,0.949,0.949,0.788,0.787,14.503,5373.0,12799.0,0.0,110.0,
2026-07-08 03:17:03,60.0,0.000               ,510.922,200.0,933.0,0.0,60.0,60.000              ,60.0,60.0,60.0,60.0,60.0,60.0,60.0,6.943,5.362,3.682,94.626,21.148,3.408,13.969,2.145,18.91,2333.333,2333.333,3500.0,3500.0,2333.333,2333.333,2333.333,2333.333,3500.0,0.721,0.721,4.902,4.948,0.935,0.935,0.798,0.798,14.376,5412.0,12845.0,0.0,111.0,
2026-07-08 03:17:04,59.0,0.000               ,505.598,200.0,933.0,0.0,59.5,59.500              ,59.5,59.5,59.5,59.5,59.5,59.5,59.5,10.402,7.382,8.348,79.599,30.885,2.077,19.159,2.438,20.036,2333.333,2333.333,3500.0,3500.0,2333.333,2333.333,2333.333,2333.333,3500.0,0.836,0.836,3.731,3.717,1.347,1.347,0.929,0.929,14.373,5458.0,12861.0,3152.849,112.0,0.32
2026-07-08 03:17:05,58.0,1.000               ,505.598,200.0,933.0,0.0,58.625,58.625              ,58.625,58.625,58.625,58.625,58.625,58.625,58.625,15.971,12.024,12.863,57.89,33.802,4.255,19.34,3.361,19.938,2333.333,2333.333,3500.0,3500.0,2333.333,2333.333,2333.333,2333.333,3500.0,1.103,1.103,2.649,2.652,1.312,1.53,1.062,1.047,13.93,5366.0,12919.0,0.0,113.0,
2026-07-08 03:17:06,58.0,1.000               ,505.598,200.0,933.0,0.0,58.0,58.000              ,58.0,58.0,58.0,58.0,58.0,58.0,58.0,44.713,42.402,40.813,37.334,60.141,30.615,56.961,19.465,41.555,2800.0,2800.0,2800.0,2800.0,3500.0,3500.0,2800.0,2800.0,3500.0,1.77,1.77,1.583,1.58,2.435,2.288,1.569,1.595,16.714,5143.0,12954.0,0.0,114.0,
2026-07-08 03:17:07,57.0,0.000               ,505.598,200.0,933.0,0.0,57.5,57.500              ,57.5,57.5,57.5,57.5,57.5,57.5,57.5,10.397,3.591,16.305,27.772,50.374,1.474,35.605,1.514,18.379,2333.333,2333.333,3500.0,3500.0,2333.333,2333.333,2333.333,2333.333,3500.0,0.763,0.763,1.491,1.509,1.781,1.781,1.239,1.239,12.586,5220.0,12983.0,0.0,115.0,
2026-07-08 03:17:08,57.0,0.000               ,505.598,200.0,933.0,0.0,57.125,57.125              ,57.125,57.125,57.125,57.125,57.125,57.125,57.125,9.227,5.517,17.512,17.76,65.136,3.757,35.813,3.453,19.772,2333.333,2333.333,2333.333,2333.333,3500.0,3500.0,2333.333,2333.333,3500.0,0.657,0.657,1.04,1.013,2.365,2.365,1.221,1.221,12.542,5265.0,13030.0,0.0,116.0,
2026-07-08 03:17:09,57.0,0.000               ,505.598,200.0,933.0,0.0,57.125,57.125              ,57.125,57.125,57.125,57.125,57.125,57.125,57.125,10.463,3.985,15.592,29.747,59.393,1.238,24.622,2.775,18.477,2333.333,2333.333,2333.333,2333.333,3500.0,3500.0,2333.333,2333.333,3500.0,0.787,0.787,1.544,1.544,2.178,2.178,1.02,1.02,12.856,5300.0,13082.0,0.0,117.0,
2026-07-08 03:17:10,57.0,0.000               ,505.598,200.0,933.0,0.0,57.375,57.375              ,57.375,57.375,57.375,57.375,57.375,57.375,57.375,10.737,5.322,7.925,78.472,27.411,6.363,16.616,3.419,19.533,2333.333,2333.333,3500.0,3500.0,2333.333,2333.333,2333.333,2333.333,3500.0,0.766,0.766,3.076,3.076,1.154,1.156,0.82,0.82,13.347,5371.0,13135.0,0.0,118.0,
2026-07-08 03:17:11,57.0,0.000               ,505.598,200.0,933.0,0.0,57.25,57.250              ,57.25,57.25,57.25,57.25,57.25,57.25,57.25,10.536,13.102,14.089,51.275,46.383,3.104,27.31,2.929,21.091,2333.333,2333.333,2333.333,2333.333,3500.0,3500.0,2333.333,2333.333,3500.0,0.918,0.918,2.131,2.116,1.629,1.628,1.171,1.171,13.335,5388.0,13214.0,0.0,119.0,
2026-07-08 03:17:12,57.0,0.000               ,505.598,200.0,1200.0,0.0,57.25,57.250              ,57.25,57.25,57.25,57.25,57.25,57.25,57.25,54.686,43.673,51.969,42.013,64.884,24.932,59.669,22.52,45.543,2800.0,2800.0,2800.0,2800.0,2800.0,2800.0,3500.0,3500.0,3500.0,2.071,2.071,1.909,1.925,2.159,2.159,1.815,1.815,17.432,5165.0,13257.0,0.0,120.0,
2026-07-08 03:17:13,57.0,0.000               ,505.598,200.0,933.0,0.0,57.125,57.125              ,57.125,57.125,57.125,57.125,57.125,57.125,57.125,17.636,4.383,14.532,40.591,39.872,2.389,30.656,1.013,18.884,2333.333,2333.333,2333.333,2620.0,3275.0,3275.0,2620.0,2620.0,3275.0,0.912,0.912,1.861,1.827,1.515,1.562,1.123,1.123,12.779,5216.0,13316.0,0.0,121.0,
2026-07-08 03:17:14,57.0,0.000               ,505.598,200.0,933.0,0.0,57.125,57.125              ,57.125,57.125,57.125,57.125,57.125,57.125,57.125,8.134,7.292,20.719,30.018,68.145,6.435,18.7,8.891,21.042,2333.333,2333.333,2333.333,2333.333,3500.0,3500.0,2333.333,2333.333,3500.0,0.728,0.728,1.56,1.6,2.54,2.525,1.031,1.031,13.419,5281.0,13363.0,0.0,122.0,
2026-07-08 03:17:15,57.0,0.000               ,505.598,200.0,933.0,0.0,57.0,57.000              ,57.0,57.0,57.0,57.0,57.0,57.0,57.0,9.257,10.937,12.143,54.828,44.63,1.897,24.845,0.978,19.939,2333.333,2333.333,2333.333,2333.333,3500.0,3500.0,2333.333,2333.333,3500.0,0.91,0.91,2.324,2.32,1.658,1.658,1.064,1.064,13.52,5339.0,13423.0,0.0,123.0,
2026-07-08 03:17:16,57.0,0.000               ,505.598,200.0,1067.0,0.0,57.25,57.250              ,57.25,57.25,57.25,57.25,57.25,57.25,57.25,30.17,17.193,31.359,42.416,54.037,10.493,43.782,7.646,29.637,2333.333,2333.333,2333.333,2333.333,3500.0,3500.0,2333.333,2333.333,3500.0,1.636,1.636,2.381,2.381,2.142,2.147,1.923,1.927,16.65,5435.0,13512.0,0.0,124.0,
2026-07-08 03:17:17,57.0,0.000               ,505.598,200.0,1200.0,0.0,57.25,57.250              ,57.25,57.25,57.25,57.25,57.25,57.25,57.25,51.849,36.478,52.03,39.984,61.995,29.304,69.66,20.939,45.28,2620.0,2620.0,2620.0,2620.0,2620.0,2620.0,3325.0,3325.0,3325.0,1.782,1.782,1.851,1.836,2.033,2.028,1.714,1.708,16.433,5331.0,13559.0,0.0,125.0,
2026-07-08 03:17:18,57.0,0.000               ,505.598,200.0,933.0,0.0,57.0,57.000              ,57.0,57.0,57.0,57.0,57.0,57.0,57.0,23.956,17.511,28.095,20.33,73.015,8.922,41.856,11.142,28.104,2600.0,2600.0,2600.0,2600.0,3425.0,3425.0,2283.333,2283.333,3425.0,0.984,0.984,1.084,1.087,2.351,2.351,1.267,1.267,13.43,5346.0,13601.0,0.0,126.0,
2026-07-08 03:17:19,57.0,0.000               ,505.598,200.0,933.0,0.0,57.25,57.250              ,57.25,57.25,57.25,57.25,57.25,57.25,57.25,12.006,4.963,9.447,68.968,27.412,1.518,33.142,1.89,19.918,2333.333,2333.333,3500.0,3500.0,2333.333,2333.333,2333.333,2333.333,3500.0,0.807,0.807,2.773,2.777,1.072,1.072,1.298,1.303,13.479,5404.0,13674.0,0.0,127.0,
2026-07-08 03:17:20,57.0,0.000               ,505.598,200.0,933.0,0.0,57.125,57.125              ,57.125,57.125,57.125,57.125,57.125,57.125,57.125,14.07,6.305,14.885,51.763,48.735,3.572,23.939,6.715,21.248,2333.333,2333.333,3500.0,3500.0,2333.333,2333.333,2333.333,2333.333,3500.0,0.85,0.85,2.218,2.221,1.782,1.822,1.096,1.092,13.582,5452.0,13702.0,15734.371,128.0,0.06
2026-07-08 03:17:21,57.0,0.000               ,505.598,200.0,1200.0,0.0,57.125,57.125              ,57.125,57.125,57.125,57.125,57.125,57.125,57.125,19.225,5.722,8.902,75.415,34.979,5.009,17.784,2.459,21.187,2333.333,2333.333,3500.0,3500.0,2333.333,2333.333,2333.333,2333.333,3500.0,1.084,1.084,3.024,3.018,1.268,1.203,1.481,1.481,14.834,5503.0,13762.0,0.0,129.0,
2026-07-08 03:17:22,57.0,0.000               ,505.598,200.0,1200.0,0.0,57.0,57.000              ,57.0,57.0,57.0,57.0,57.0,57.0,57.0,21.004,9.621,17.723,41.109,53.486,4.11,52.593,3.543,25.399,2333.333,2333.333,2333.333,2333.333,3500.0,3500.0,2333.333,2333.333,3500.0,1.051,1.051,1.884,2.397,1.608,1.608,1.719,1.719,15.628,5524.0,13806.0,0.0,130.0,
2026-07-08 03:17:23,57.0,0.000               ,505.598,200.0,1067.0,0.0,57.375,57.375              ,57.375,57.375,57.375,57.375,57.375,57.375,57.375,48.388,38.774,40.841,58.118,53.758,19.426,61.088,17.872,42.283,2720.0,3200.0,2560.0,2560.0,2560.0,2560.0,2560.0,2560.0,3200.0,1.776,1.776,2.558,1.877,2.088,2.093,1.634,1.634,16.801,5410.0,13832.0,0.0,131.0,
2026-07-08 03:17:24,57.0,0.000               ,505.598,200.0,933.0,0.0,57.125,57.125              ,57.125,57.125,57.125,57.125,57.125,57.125,57.125,15.156,14.663,17.14,28.774,62.287,7.998,23.359,3.407,21.598,2333.333,2333.333,2333.333,2333.333,3500.0,3500.0,2333.333,2333.333,3500.0,0.977,1.079,1.428,1.428,2.258,2.255,0.942,0.942,13.322,5372.0,13883.0,0.0,132.0,
2026-07-08 03:17:25,57.0,0.000               ,505.598,200.0,933.0,0.0,57.25,57.250              ,57.25,57.25,57.25,57.25,57.25,57.25,57.25,4.712,18.645,8.72,70.832,31.132,0.743,20.495,1.329,19.576,2333.333,2333.333,3500.0,3500.0,2333.333,2333.333,2333.333,2333.333,3500.0,1.016,0.906,2.924,2.944,1.141,1.141,0.824,0.824,13.486,5358.0,13930.0,0.0,133.0,
2026-07-08 03:17:26,57.0,0.000               ,505.598,200.0,933.0,0.0,57.375,57.375              ,57.375,57.375,57.375,57.375,57.375,57.375,57.375,11.225,6.522,9.477,70.661,27.31,2.755,30.388,3.002,20.167,2520.0,2520.0,2520.0,2520.0,3500.0,3500.0,3500.0,3500.0,3500.0,0.82,0.82,2.847,2.829,1.065,1.069,1.132,1.132,13.295,5402.0,13981.0,0.0,134.0,
2026-07-08 03:17:27,57.0,0.000               ,505.598,200.0,933.0,0.0,57.0,57.000              ,57.0,57.0,57.0,57.0,57.0,57.0,57.0,17.433,8.771,17.977,31.986,60.707,2.941,24.55,3.991,21.045,2333.333,2333.333,2333.333,2333.333,3500.0,3500.0,2333.333,2333.333,3500.0,1.079,1.079,1.605,1.604,2.156,2.152,0.975,0.975,13.215,5441.0,14027.0,7314.07,135.0,0.14
2026-07-08 03:17:28,56.0,2.000               ,505.598,200.0,933.0,0.0,56.75,56.750              ,56.75,56.75,56.75,56.75,56.75,56.75,56.75,11.277,9.912,16.646,46.725,48.996,4.465,31.949,3.45,21.677,2333.333,2333.333,3500.0,3500.0,2333.333,2333.333,2333.333,2333.333,3500.0,0.873,0.873,2.191,2.202,2.223,2.223,1.258,1.258,14.797,5523.0,14138.0,0.0,136.0,
2026-07-08 03:17:29,57.0,2.000               ,505.598,200.0,1200.0,0.0,57.375,57.375              ,57.375,57.375,57.375,57.375,57.375,57.375,57.375,39.682,32.517,41.712,64.312,75.175,27.012,56.88,26.335,45.453,2760.0,2680.0,2680.0,2680.0,3350.0,3350.0,3400.0,3400.0,3400.0,1.725,1.725,2.432,2.421,2.115,2.115,2.068,2.068,18.078,5413.0,14183.0,0.0,137.0,
2026-07-08 03:17:30,58.0,0.000               ,505.598,200.0,933.0,0.0,58.25,58.250              ,58.25,58.25,58.25,58.25,58.25,58.25,58.25,24.46,17.356,18.734,78.857,27.387,10.219,27.421,11.005,26.93,3025.0,3025.0,2400.0,2400.0,2400.0,2400.0,2400.0,2400.0,3025.0,1.121,1.125,3.58,3.58,0.968,0.953,1.053,1.088,15.11,5358.0,14204.0,0.0,138.0,
2026-07-08 03:17:31,59.0,0.000               ,505.598,200.0,933.0,0.0,59.5,59.500              ,59.5,59.5,59.5,59.5,59.5,59.5,59.5,12.29,9.641,23.199,14.783,54.103,40.385,18.413,4.336,22.144,2333.333,2333.333,2333.333,2333.333,3500.0,3500.0,2333.333,2333.333,3500.0,0.91,0.964,1.272,1.272,3.773,3.832,0.957,0.925,15.1,5244.0,14199.0,0.0,139.0,
2026-07-08 03:17:32,60.0,0.000               ,505.598,200.0,933.0,0.0,60.875,60.875              ,60.875,60.875,60.875,60.875,60.875,60.875,60.875,8.034,9.293,34.817,17.341,13.687,1.189,70.816,2.091,19.659,2333.333,2333.333,3500.0,3500.0,2333.333,2333.333,2333.333,2333.333,3500.0,0.842,0.777,2.019,2.019,0.667,0.667,2.99,2.99,14.708,5240.0,14198.0,0.0,140.0,
2026-07-08 03:17:33,62.0,0.000               ,505.598,200.0,933.0,0.0,62.125,62.125              ,62.125,62.125,62.125,62.125,62.125,62.125,62.125,8.305,5.477,6.918,87.045,28.53,3.661,16.296,3.17,19.925,2333.333,2333.333,2333.333,2333.333,3500.0,3500.0,2333.333,2333.333,3500.0,0.67,0.67,3.946,3.987,1.276,1.275,0.835,0.841,15.132,5249.0,14198.0,0.0,141.0,
2026-07-08 03:17:34,62.0,0.000               ,565.328,200.0,933.0,0.0,62.5,62.500              ,62.5,62.5,62.5,62.5,62.5,62.5,62.5,8.903,5.754,9.899,75.219,31.02,2.822,23.239,1.82,19.834,2333.333,2333.333,2333.333,2333.333,3500.0,3500.0,2333.333,2333.333,3500.0,0.793,0.793,3.503,3.52,1.334,1.315,1.082,1.076,15.074,5300.0,14304.0,0.0,142.0,
2026-07-08 03:17:35,62.0,0.000               ,565.328,200.0,933.0,0.0,62.5,62.500              ,62.5,62.5,62.5,62.5,62.5,62.5,62.5,29.431,3.081,13.822,35.418,49.036,1.652,12.839,0.611,18.236,2333.333,2333.333,2333.333,2333.333,3500.0,3500.0,2333.333,2333.333,3500.0,1.57,1.57,1.981,1.896,2.162,2.196,0.681,0.681,14.35,5301.0,14303.0,0.0,143.0,
2026-07-08 03:17:36,62.0,0.000               ,565.328,200.0,933.0,0.0,63.0,63.000              ,63.0,63.0,63.0,63.0,63.0,63.0,63.0,9.422,4.759,6.503,97.733,20.685,2.481,13.451,5.254,20.036,2333.333,2333.333,3500.0,3500.0,2333.333,2333.333,2333.333,2333.333,3500.0,0.641,0.641,4.297,4.317,0.807,0.807,0.805,0.805,14.964,5310.0,14304.0,0.0,144.0,
2026-07-08 03:17:37,63.0,0.000               ,565.328,200.0,933.0,0.0,63.0,63.000              ,63.0,63.0,63.0,63.0,63.0,63.0,63.0,22.658,2.397,16.268,6.876,81.1,2.009,8.49,3.249,17.881,2333.333,2333.333,3500.0,3500.0,2333.333,2333.333,2333.333,2333.333,3500.0,1.222,1.222,0.891,0.87,3.507,3.507,0.678,0.678,14.126,5310.0,14303.0,0.0,145.0,
2026-07-08 03:17:38,62.0,0.000               ,568.844,200.0,933.0,0.0,62.5,62.500              ,62.5,62.5,62.5,62.5,62.5,62.5,62.5,8.205,4.591,16.653,30.676,14.002,2.666,7.072,71.451,19.415,2333.333,2333.333,3500.0,3500.0,2333.333,2333.333,2333.333,2333.333,3500.0,0.573,0.573,1.766,1.804,0.678,0.678,3.058,3.058,14.008,5315.0,14315.0,0.0,146.0,
2026-07-08 03:17:39,62.0,0.000               ,568.844,200.0,933.0,0.0,62.875,62.875              ,62.875,62.875,62.875,62.875,62.875,62.875,62.875,8.409,3.405,60.833,14.602,42.347,0.828,13.5,4.196,18.515,2333.333,2333.333,3500.0,3500.0,2333.333,2333.333,2333.333,2333.333,3500.0,0.736,0.736,3.209,3.162,1.901,1.901,0.827,0.827,14.85,5316.0,14316.0,0.0,147.0,
2026-07-08 03:17:40,63.0,0.000               ,568.844,200.0,933.0,0.0,63.0,63.000              ,63.0,63.0,63.0,63.0,63.0,63.0,63.0,14.291,5.988,9.719,90.427,21.643,3.364,21.198,3.276,21.238,2333.333,2333.333,3500.0,3500.0,2333.333,2333.333,2333.333,2333.333,3500.0,0.864,0.864,4.059,4.124,0.822,0.822,1.045,1.051,15.324,5322.0,14315.0,0.0,148.0,
2026-07-08 03:17:41,62.0,0.000               ,568.844,200.0,933.0,0.0,62.75,62.750              ,62.75,62.75,62.75,62.75,62.75,62.75,62.75,3.808,2.526,41.459,47.536,16.728,1.337,28.704,0.0,17.762,2333.333,2333.333,3500.0,3500.0,2333.333,2333.333,2333.333,2333.333,3500.0,0.447,0.447,3.846,3.805,0.796,0.796,1.284,1.278,14.306,5329.0,14314.0,0.0,149.0,
2026-07-08 03:17:42,62.0,0.000               ,568.844,200.0,933.0,0.0,62.875,62.875              ,62.875,62.875,62.875,62.875,62.875,62.875,62.875,19.335,23.438,18.548,25.364,68.545,4.069,15.991,3.91,22.4,2333.333,2333.333,3500.0,3500.0,2333.333,2333.333,2333.333,2333.333,3500.0,1.685,1.685,1.621,1.626,3.053,3.053,0.904,0.904,15.556,5347.0,14315.0,0.0,150.0,
2026-07-08 03:17:43,61.0,0.000               ,578.965,200.0,933.0,0.0,61.5,61.500              ,61.5,61.5,61.5,61.5,61.5,61.5,61.5,8.542,55.863,19.732,6.194,48.743,1.083,11.632,3.261,19.381,2760.0,2760.0,3450.0,3450.0,2760.0,2760.0,2300.0,2300.0,3450.0,2.686,2.686,0.907,0.907,2.121,2.121,0.667,0.667,13.96,5357.0,14323.0,15223.26,151.0,0.07
2026-07-08 03:17:44,60.0,0.000               ,578.965,200.0,933.0,0.0,60.875,60.875              ,60.875,60.875,60.875,60.875,60.875,60.875,60.875,7.157,42.369,9.623,59.793,19.899,3.241,9.512,1.941,19.192,3500.0,3500.0,2333.333,2333.333,2333.333,2333.333,2333.333,2333.333,3500.0,2.167,2.167,3.034,3.034,0.832,0.835,0.671,0.671,14.153,5358.0,14324.0,0.0,152.0,
2026-07-08 03:17:45,60.0,0.000               ,578.965,200.0,933.0,0.0,60.625,60.625              ,60.625,60.625,60.625,60.625,60.625,60.625,60.625,8.613,6.065,6.53,90.781,17.728,2.39,11.882,2.23,18.277,2333.333,2333.333,3500.0,3500.0,2333.333,2333.333,2333.333,2333.333,3500.0,0.775,0.775,4.34,4.419,0.816,0.814,0.719,0.719,13.967,5357.0,14323.0,0.0,153.0,
2026-07-08 03:17:46,60.0,0.000               ,578.965,200.0,933.0,0.0,60.75,60.750              ,60.75,60.75,60.75,60.75,60.75,60.75,60.75,6.86,28.9,77.693,6.861,17.327,2.554,14.894,2.241,19.666,3500.0,3500.0,2333.333,2333.333,2333.333,2333.333,2333.333,2333.333,3500.0,1.656,1.656,3.859,3.792,0.778,0.778,0.753,0.753,14.385,5362.0,14324.0,0.0,154.0,
2026-07-08 03:17:47,60.0,0.000               ,578.965,200.0,933.0,0.0,60.375,60.375              ,60.375,60.375,60.375,60.375,60.375,60.375,60.375,6.461,56.402,39.535,4.586,18.736,15.898,9.534,3.4,19.319,1555.556,1555.556,2333.333,2333.333,3500.0,3500.0,2333.333,2333.333,3500.0,2.707,2.707,1.768,1.768,1.493,1.521,0.657,0.657,13.919,5362.0,14324.0,0.0,155.0,
2026-07-08 03:17:48,60.0,0.000               ,578.965,200.0,933.0,0.0,60.0,60.000              ,60.0,60.0,60.0,60.0,60.0,60.0,60.0,4.509,54.034,19.829,3.288,21.789,1.609,3.146,36.751,18.119,3500.0,3500.0,2333.333,2333.333,2333.333,2333.333,2333.333,2333.333,3500.0,2.724,2.723,0.837,0.837,1.184,1.157,1.877,1.877,13.486,5362.0,14324.0,0.0,156.0,
2026-07-08 03:17:49,60.0,0.000               ,578.965,200.0,933.0,0.0,60.0,60.000              ,60.0,60.0,60.0,60.0,60.0,60.0,60.0,9.881,34.347,73.853,4.995,19.71,2.726,13.622,2.629,20.22,2333.333,2333.333,3500.0,3500.0,2333.333,2333.333,2333.333,2333.333,3500.0,1.868,1.855,3.503,3.503,0.746,0.746,0.687,0.688,14.076,5362.0,14324.0,0.0,157.0,
2026-07-08 03:17:50,60.0,0.000               ,578.965,200.0,933.0,0.0,60.0,60.000              ,60.0,60.0,60.0,60.0,60.0,60.0,60.0,15.423,22.482,36.206,5.209,66.166,2.286,15.663,0.82,20.532,3500.0,3500.0,2333.333,2333.333,2333.333,2333.333,2333.333,2333.333,3500.0,1.825,1.796,1.486,1.486,3.203,3.209,0.928,0.927,15.041,5411.0,14370.0,0.0,158.0,
2026-07-08 03:17:51,59.0,0.000               ,637.785,200.0,1200.0,0.0,59.625,59.625              ,59.625,59.625,59.625,59.625,59.625,59.625,59.625,37.016,39.605,55.076,35.528,69.236,17.531,41.023,17.636,39.081,2333.333,2333.333,2800.0,2800.0,3500.0,3500.0,2333.333,2333.333,3500.0,2.464,2.503,2.269,2.27,2.358,2.353,1.523,1.523,18.535,5651.0,14720.0,8410.245,159.0,0.12
2026-07-08 03:17:53,58.0,17.000              ,715.938,508.0,1200.0,0.0,58.125,58.125              ,58.125,58.125,58.125,58.125,58.125,58.125,58.125,73.247,67.798,83.377,77.959,75.716,66.973,88.393,63.023,74.561,1816.667,1816.667,1816.667,1816.667,1816.667,1816.667,2300.0,2300.0,2300.0,1.059,1.061,1.041,1.038,0.91,0.913,1.16,1.165,16.897,5486.0,14724.0,29.674,161.0,33.7
2026-07-08 03:17:53,56.0,55.000              ,714.449,525.0,1200.0,0.0,56.5,56.500              ,56.5,56.5,56.5,56.5,56.5,56.5,56.5,83.35,78.023,83.894,86.259,84.942,74.393,90.724,72.037,81.703,1760.0,1760.0,2200.0,2200.0,1760.0,1760.0,1760.0,1760.0,2200.0,0.971,0.969,1.109,1.109,1.039,1.037,0.906,0.893,16.089,5461.0,14726.0,19.903,161.0,50.24
2026-07-08 03:17:54,55.0,75.000              ,714.441,620.0,1067.0,0.0,55.625,55.625              ,55.625,55.625,55.625,55.625,55.625,55.625,55.625,66.76,57.635,70.937,56.605,68.121,49.047,61.433,44.932,59.434,1820.0,1800.0,2300.0,2300.0,1840.0,1840.0,1840.0,2200.0,2300.0,0.988,0.99,1.052,1.052,0.984,0.984,0.9,0.901,16.419,5427.0,14727.0,20.538,162.0,48.69
2026-07-08 03:17:55,55.0,72.000              ,712.941,533.0,1200.0,0.0,55.625,55.625              ,55.625,55.625,55.625,55.625,55.625,55.625,55.625,73.78,59.67,70.712,57.602,66.874,37.971,64.846,33.968,58.178,1960.0,1960.0,2450.0,2450.0,1960.0,1960.0,1960.0,1960.0,2450.0,1.082,1.08,1.079,1.079,0.906,0.906,0.883,0.881,16.642,5291.0,14729.0,20.503,163.0,48.77
2026-07-08 03:17:56,55.0,70.000              ,712.941,516.0,1067.0,0.0,55.5,55.500              ,55.5,55.5,55.5,55.5,55.5,55.5,55.5,43.393,27.125,59.854,47.253,54.499,15.142,50.861,12.453,38.823,1840.0,1840.0,2300.0,2425.0,1940.0,1940.0,1940.0,1940.0,2425.0,0.87,0.87,1.229,1.239,0.846,0.846,0.813,0.813,16.105,5141.0,14722.0,19.701,164.0,50.76
2026-07-08 03:17:57,55.0,71.000              ,712.941,516.0,1067.0,0.0,55.5,55.500              ,55.5,55.5,55.5,55.5,55.5,55.5,55.5,33.978,18.196,66.185,27.74,44.181,6.282,46.096,9.543,31.525,2300.0,2300.0,2875.0,2875.0,2300.0,2300.0,2300.0,2300.0,2875.0,0.927,0.93,1.458,1.448,0.836,0.838,0.981,0.981,16.289,5144.0,14721.0,19.711,165.0,50.73
2026-07-08 03:17:58,55.0,70.000              ,712.945,200.0,1067.0,0.0,55.5,55.500              ,55.5,55.5,55.5,55.5,55.5,55.5,55.5,36.777,14.355,65.449,20.671,48.65,3.887,43.494,7.341,30.078,2320.0,2320.0,2900.0,2900.0,2320.0,2320.0,2320.0,2320.0,2900.0,0.974,0.978,1.411,1.414,0.92,0.918,0.912,0.912,16.263,5155.0,14721.0,18.955,166.0,52.76
2026-07-08 03:17:59,55.0,69.000              ,713.262,476.0,1067.0,0.0,55.5,55.500              ,55.5,55.5,55.5,55.5,55.5,55.5,55.5,35.22,19.922,67.74,21.649,50.285,5.812,45.289,6.675,31.574,2340.0,2340.0,2925.0,2925.0,2320.0,2320.0,2320.0,2320.0,2925.0,0.97,0.963,1.464,1.466,0.934,0.934,0.934,0.934,16.177,5155.0,14721.0,18.727,167.0,53.4
2026-07-08 03:18:00,55.0,68.000              ,715.805,508.0,1067.0,0.0,55.5,55.500              ,55.5,55.5,55.5,55.5,55.5,55.5,55.5,35.956,26.359,58.613,30.069,48.381,12.98,48.591,11.388,34.042,2320.0,2320.0,2900.0,2900.0,2320.0,2320.0,2320.0,2320.0,2900.0,0.947,0.947,1.389,1.385,0.913,0.914,0.971,0.971,16.163,5173.0,14725.0,30.038,168.0,33.29
2026-07-08 03:18:01,55.0,69.000              ,718.422,500.0,1067.0,0.0,55.5,55.500              ,55.5,55.5,55.5,55.5,55.5,55.5,55.5,39.763,24.912,43.021,33.24,57.279,7.867,43.393,13.322,32.85,2220.0,2220.0,2775.0,2775.0,2220.0,2220.0,2220.0,2220.0,2775.0,0.942,0.942,1.145,1.149,0.914,0.913,0.868,0.868,16.307,5193.0,14728.0,25.431,169.0,39.32
2026-07-08 03:18:02,55.0,70.000              ,692.059,435.0,1067.0,0.0,55.5,55.500              ,55.5,55.5,55.5,55.5,55.5,55.5,55.5,33.575,20.135,35.492,35.767,49.187,10.697,52.614,6.666,30.517,2180.0,2180.0,2180.0,2180.0,2750.0,2750.0,2200.0,2200.0,2750.0,0.907,0.907,1.102,1.099,0.902,0.901,0.988,0.988,15.668,5189.0,14709.0,18.428,170.0,54.27
2026-07-08 03:18:03,55.0,70.000              ,698.398,200.0,1200.0,0.0,55.5,55.500              ,55.5,55.5,55.5,55.5,55.5,55.5,55.5,34.618,17.198,52.186,29.591,51.597,8.512,49.081,9.344,31.516,2280.0,2280.0,2850.0,2850.0,2280.0,2280.0,2260.0,2260.0,2850.0,0.848,0.843,1.185,1.185,0.88,0.88,0.898,0.898,16.203,5195.0,14715.0,21.233,171.0,47.1
2026-07-08 03:18:04,55.0,69.000              ,698.402,469.0,1067.0,0.0,55.5,55.500              ,55.5,55.5,55.5,55.5,55.5,55.5,55.5,37.061,21.01,59.992,32.554,56.544,9.126,53.174,8.572,34.754,2220.0,2220.0,2775.0,2775.0,2220.0,2220.0,2220.0,2220.0,2775.0,0.842,0.847,1.249,1.252,0.873,0.873,0.901,0.901,16.012,5193.0,14714.0,20.97,172.0,47.69
2026-07-08 03:18:05,55.0,69.000              ,698.445,469.0,1200.0,0.0,55.5,55.500              ,55.5,55.5,55.5,55.5,55.5,55.5,55.5,36.744,23.422,61.782,29.778,51.424,9.341,55.972,11.406,34.984,2120.0,2120.0,2650.0,2650.0,2120.0,2120.0,2120.0,2120.0,2650.0,0.885,0.885,1.215,1.212,0.837,0.837,0.95,0.95,15.735,5201.0,14697.0,24.906,173.0,40.15
2026-07-08 03:18:06,55.0,70.000              ,699.836,516.0,1067.0,0.0,55.5,55.500              ,55.5,55.5,55.5,55.5,55.5,55.5,55.5,37.04,21.449,58.247,25.924,55.821,10.452,58.654,10.073,34.708,2160.0,2160.0,2160.0,2160.0,2700.0,2700.0,2160.0,2160.0,2700.0,0.848,0.85,1.101,1.101,0.898,0.898,0.985,0.986,15.858,5206.0,14696.0,18.945,174.0,52.78
2026-07-08 03:18:07,55.0,69.000              ,701.172,545.0,1200.0,0.0,55.5,55.500              ,55.5,55.5,55.5,55.5,55.5,55.5,55.5,36.608,28.339,59.66,34.632,53.502,9.077,55.584,10.869,36.034,2000.0,2000.0,2500.0,2500.0,2000.0,2000.0,2000.0,2000.0,2500.0,0.833,0.831,1.244,1.224,0.781,0.781,0.896,0.894,15.665,5213.0,14695.0,18.558,175.0,53.89
2026-07-08 03:18:08,55.0,69.000              ,701.172,563.0,1067.0,0.0,55.5,55.500              ,55.5,55.5,55.5,55.5,55.5,55.5,55.5,40.392,24.003,55.561,33.435,60.324,8.002,51.607,12.013,35.667,2080.0,2080.0,2600.0,2600.0,2600.0,2600.0,2080.0,2080.0,2600.0,0.825,0.828,1.08,1.101,0.899,0.885,0.856,0.856,15.771,5215.0,14696.0,19.765,176.0,50.59
2026-07-08 03:18:09,55.0,71.000              ,701.172,508.0,1067.0,0.0,55.5,55.500              ,55.5,55.5,55.5,55.5,55.5,55.5,55.5,41.257,28.443,62.769,31.655,53.435,9.086,53.602,11.611,36.482,2020.0,2020.0,2020.0,2020.0,2525.0,2525.0,2040.0,2040.0,2525.0,0.875,0.873,1.119,1.116,0.799,0.812,0.858,0.858,15.626,5214.0,14697.0,19.481,177.0,51.33
2026-07-08 03:18:10,55.0,69.000              ,701.324,461.0,1200.0,0.0,55.75,55.750              ,55.75,55.75,55.75,55.75,55.75,55.75,55.75,46.389,32.387,51.67,39.037,58.202,11.383,56.358,15.496,38.865,2020.0,2020.0,2525.0,2525.0,2020.0,2020.0,2040.0,2040.0,2525.0,0.864,0.864,1.064,1.064,0.772,0.772,0.869,0.869,15.594,5238.0,14696.0,21.937,178.0,45.59
2026-07-08 03:18:11,55.0,69.000              ,701.836,469.0,1067.0,0.0,55.75,55.750              ,55.75,55.75,55.75,55.75,55.75,55.75,55.75,44.127,34.657,44.673,43.49,54.71,17.642,52.827,17.244,38.671,2575.0,2575.0,2060.0,2060.0,2040.0,2040.0,2040.0,2040.0,2575.0,0.908,0.908,1.044,1.046,0.913,0.915,0.881,0.881,15.806,5250.0,14697.0,38.276,179.0,26.13
2026-07-08 03:18:12,55.0,71.000              ,701.836,428.0,1200.0,0.0,55.75,55.750              ,55.75,55.75,55.75,55.75,55.75,55.75,55.75,38.17,31.458,50.734,41.877,51.205,11.483,51.854,13.896,36.335,1980.0,1980.0,2475.0,2475.0,1980.0,1980.0,2000.0,2000.0,2475.0,0.838,0.84,1.162,1.16,0.81,0.808,0.862,0.862,15.4,5260.0,14697.0,18.495,180.0,54.07
2026-07-08 03:18:13,55.0,70.000              ,701.836,484.0,1067.0,0.0,55.75,55.750              ,55.75,55.75,55.75,55.75,55.75,55.75,55.75,31.028,27.088,55.42,31.652,51.61,9.557,53.648,6.811,33.352,2120.0,2120.0,2650.0,2650.0,2120.0,2120.0,2120.0,2120.0,2650.0,0.789,0.787,1.19,1.192,0.875,0.875,0.873,0.873,15.342,5260.0,14698.0,20.067,181.0,49.83
2026-07-08 03:18:14,55.0,70.000              ,701.844,525.0,1067.0,0.0,55.75,55.750              ,55.75,55.75,55.75,55.75,55.75,55.75,55.75,33.312,26.135,64.184,29.351,56.091,9.14,47.6,14.351,35.02,2080.0,2080.0,2600.0,2600.0,2100.0,2100.0,2100.0,2100.0,2600.0,0.765,0.765,1.218,1.215,0.837,0.837,0.86,0.86,15.681,5262.0,14698.0,19.472,182.0,51.36
2026-07-08 03:18:15,55.0,70.000              ,700.34,600.0,1200.0,0.0,55.75,55.750              ,55.75,55.75,55.75,55.75,55.75,55.75,55.75,38.356,24.081,53.223,30.8,61.313,9.822,52.019,16.175,35.724,1980.0,1980.0,2475.0,2475.0,1980.0,1980.0,1980.0,1980.0,2475.0,0.79,0.79,1.017,1.005,0.893,0.894,0.87,0.87,15.349,5262.0,14696.0,19.01,183.0,52.6
2026-07-08 03:18:16,55.0,70.000              ,704.406,563.0,1067.0,0.0,55.75,55.750              ,55.75,55.75,55.75,55.75,55.75,55.75,55.75,40.198,29.875,53.633,35.118,58.252,10.88,53.808,14.752,37.064,2100.0,2100.0,2600.0,2600.0,2080.0,2080.0,2080.0,2080.0,2600.0,0.811,0.811,1.025,1.036,0.867,0.868,0.882,0.882,15.685,5270.0,14701.0,19.314,184.0,51.78
2026-07-08 03:18:17,55.0,70.000              ,708.738,492.0,1200.0,0.0,55.75,55.750              ,55.75,55.75,55.75,55.75,55.75,55.75,55.75,43.189,29.058,54.437,36.568,54.083,12.214,48.532,14.873,36.619,2000.0,2000.0,2500.0,2500.0,2000.0,2000.0,2020.0,2020.0,2500.0,0.83,0.817,1.086,1.086,0.768,0.769,0.799,0.799,15.159,5280.0,14707.0,20.295,185.0,49.27
2026-07-08 03:18:18,55.0,69.000              ,709.234,516.0,1067.0,0.0,55.75,55.750              ,55.75,55.75,55.75,55.75,55.75,55.75,55.75,40.176,25.13,51.12,40.731,59.049,11.35,48.607,15.141,36.413,1980.0,1980.0,2475.0,2475.0,1980.0,1980.0,1980.0,1980.0,2475.0,0.769,0.782,1.06,1.062,0.864,0.862,0.82,0.82,15.576,5286.0,14708.0,18.689,186.0,53.51
2026-07-08 03:18:19,55.0,69.000              ,708.109,428.0,1200.0,0.0,55.75,55.750              ,55.75,55.75,55.75,55.75,55.75,55.75,55.75,36.321,25.338,47.872,38.29,55.189,7.14,53.345,10.782,34.285,2040.0,2060.0,2575.0,2575.0,2060.0,2060.0,2060.0,2060.0,2575.0,0.806,0.808,1.129,1.127,0.805,0.805,0.839,0.84,15.252,5285.0,14709.0,23.104,187.0,43.28
2026-07-08 03:18:20,55.0,70.000              ,708.113,200.0,1200.0,0.0,55.75,55.750              ,55.75,55.75,55.75,55.75,55.75,55.75,55.75,29.93,27.015,46.108,36.036,45.639,13.014,55.624,9.997,32.92,2100.0,2080.0,2600.0,2625.0,2100.0,2100.0,2100.0,2100.0,2625.0,0.788,0.796,1.129,1.131,0.817,0.804,0.917,0.915,15.262,5285.0,14708.0,17.639,188.0,56.69
2026-07-08 03:18:21,55.0,69.000              ,707.742,200.0,1067.0,0.0,55.75,55.750              ,55.75,55.75,55.75,55.75,55.75,55.75,55.75,30.829,31.202,47.737,33.668,49.624,10.073,63.641,7.54,34.289,2120.0,2120.0,2650.0,2650.0,2120.0,2120.0,2120.0,2120.0,2650.0,0.825,0.816,1.08,1.078,0.812,0.825,0.983,0.983,15.405,5285.0,14707.0,23.028,189.0,43.43
2026-07-08 03:18:22,55.0,68.000              ,707.734,461.0,1067.0,0.0,55.75,55.750              ,55.75,55.75,55.75,55.75,55.75,55.75,55.75,36.271,24.336,62.415,22.586,46.245,13.417,60.038,8.609,34.24,2040.0,2040.0,2550.0,2550.0,2020.0,2020.0,2020.0,2020.0,2550.0,0.776,0.781,1.081,1.067,0.788,0.788,0.912,0.912,15.137,5290.0,14707.0,19.355,190.0,51.67
2026-07-08 03:18:23,55.0,69.000              ,707.734,469.0,1200.0,0.0,55.75,55.750              ,55.75,55.75,55.75,55.75,55.75,55.75,55.75,37.725,22.801,56.359,32.054,42.573,13.395,55.109,13.935,34.244,2180.0,2180.0,2725.0,2725.0,2180.0,2180.0,2180.0,2180.0,2725.0,0.816,0.811,1.211,1.228,0.786,0.788,0.96,0.96,15.496,5290.0,14707.0,20.049,191.0,49.88
2026-07-08 03:18:24,55.0,70.000              ,715.473,484.0,1067.0,0.0,55.75,55.750              ,55.75,55.75,55.75,55.75,55.75,55.75,55.75,34.992,27.13,57.434,34.465,57.445,11.656,53.347,11.194,35.958,2100.0,2100.0,2625.0,2625.0,2100.0,2100.0,2100.0,2100.0,2625.0,0.791,0.791,1.123,1.123,0.869,0.867,0.812,0.812,15.435,5296.0,14720.0,22.996,192.0,43.49
2026-07-08 03:18:25,55.0,68.000              ,715.477,484.0,1200.0,0.0,55.75,55.750              ,55.75,55.75,55.75,55.75,55.75,55.75,55.75,37.672,24.234,56.385,34.783,49.133,10.241,60.122,10.354,35.366,1940.0,1940.0,2425.0,2425.0,1940.0,1940.0,1940.0,1940.0,2425.0,0.756,0.746,1.068,1.068,0.718,0.718,0.844,0.844,14.999,5295.0,14722.0,19.732,193.0,50.68
2026-07-08 03:18:26,55.0,69.000              ,715.473,420.0,1067.0,0.0,55.75,55.750              ,55.75,55.75,55.75,55.75,55.75,55.75,55.75,35.026,24.539,52.803,30.112,52.771,11.582,50.778,11.938,33.694,2040.0,2040.0,2550.0,2550.0,2040.0,2020.0,2525.0,2525.0,2550.0,0.805,0.816,1.09,1.08,0.844,0.844,0.832,0.832,15.127,5297.0,14724.0,20.356,194.0,49.13
2026-07-08 03:18:27,55.0,70.000              ,711.121,200.0,1200.0,0.0,55.75,55.750              ,55.75,55.75,55.75,55.75,55.75,55.75,55.75,39.759,31.469,51.901,40.974,51.574,15.826,53.421,18.022,37.868,2220.0,2220.0,2775.0,2775.0,2240.0,2240.0,2240.0,2240.0,2775.0,0.861,0.863,1.172,1.184,0.829,0.829,0.923,0.923,15.543,5314.0,14724.0,21.398,195.0,46.73
2026-07-08 03:18:28,55.0,69.000              ,710.988,200.0,1067.0,0.0,55.75,55.750              ,55.75,55.75,55.75,55.75,55.75,55.75,55.75,31.121,22.722,57.248,33.674,52.52,8.23,53.46,10.067,33.63,2080.0,2080.0,2575.0,2575.0,2060.0,2060.0,2060.0,2060.0,2575.0,0.795,0.793,1.203,1.203,0.834,0.836,0.9,0.9,15.123,5314.0,14722.0,19.099,196.0,52.36
2026-07-08 03:18:29,55.0,68.000              ,710.992,200.0,1067.0,0.0,55.75,55.750              ,55.75,55.75,55.75,55.75,55.75,55.75,55.75,34.858,19.495,57.248,28.183,58.866,6.022,50.913,10.389,33.247,2180.0,2180.0,2725.0,2725.0,2180.0,2180.0,2180.0,2180.0,2725.0,0.827,0.827,1.163,1.163,0.904,0.904,0.906,0.906,15.234,5314.0,14722.0,21.886,197.0,45.69
2026-07-08 03:18:30,55.0,70.000              ,712.742,484.0,1067.0,0.0,55.75,55.750              ,55.75,55.75,55.75,55.75,55.75,55.75,55.75,37.653,22.698,65.89,27.065,58.407,9.037,51.049,11.617,35.427,2080.0,2080.0,2600.0,2600.0,2080.0,2080.0,2080.0,2080.0,2600.0,0.83,0.83,1.192,1.192,0.875,0.874,0.837,0.837,15.058,5317.0,14723.0,18.807,198.0,53.17
2026-07-08 03:18:31,55.0,71.000              ,711.234,428.0,1067.0,0.0,55.75,55.750              ,55.75,55.75,55.75,55.75,55.75,55.75,55.75,31.901,26.97,66.488,26.791,48.674,10.399,49.725,11.85,34.1,2160.0,2160.0,2700.0,2700.0,2160.0,2160.0,2160.0,2160.0,2700.0,0.782,0.782,1.275,1.275,0.784,0.785,0.87,0.87,15.272,5322.0,14721.0,18.726,199.0,53.4
2026-07-08 03:18:32,55.0,70.000              ,711.234,457.0,1067.0,0.0,55.75,55.750              ,55.75,55.75,55.75,55.75,55.75,55.75,55.75,36.079,19.739,60.082,28.877,48.61,9.631,50.284,8.571,32.734,2200.0,2200.0,2750.0,2750.0,2200.0,2200.0,2200.0,2200.0,2750.0,0.833,0.833,1.223,1.223,0.774,0.772,0.841,0.844,15.146,5320.0,14716.0,19.937,200.0,50.16
2026-07-08 03:18:33,55.0,69.000              ,705.219,469.0,1067.0,0.0,55.625,55.625              ,55.625,55.625,55.625,55.625,55.625,55.625,55.625,34.374,21.223,65.644,25.897,53.896,7.917,46.756,9.022,33.091,2120.0,2120.0,2625.0,2625.0,2100.0,2100.0,2100.0,2100.0,2625.0,0.784,0.784,1.19,1.19,0.812,0.82,0.799,0.796,15.271,5322.0,14716.0,18.276,201.0,54.72
2026-07-08 03:18:34,55.0,71.000              ,706.531,476.0,1200.0,0.0,55.5,55.500              ,55.5,55.5,55.5,55.5,55.5,55.5,55.5,34.014,22.12,40.104,35.784,43.792,7.378,35.73,18.708,29.704,2140.0,2140.0,2675.0,2700.0,2160.0,2160.0,2160.0,2160.0,2700.0,0.82,0.82,1.172,1.174,0.754,0.745,0.849,0.849,15.141,5321.0,14715.0,22.408,202.0,44.63
2026-07-08 03:18:35,55.0,71.000              ,706.547,200.0,1200.0,0.0,55.5,55.500              ,55.5,55.5,55.5,55.5,55.5,55.5,55.5,30.012,16.907,48.804,29.109,42.111,3.811,39.305,15.932,28.249,2160.0,2160.0,2700.0,2700.0,2180.0,2200.0,2200.0,2200.0,2700.0,0.739,0.739,1.149,1.149,0.724,0.724,0.849,0.849,15.02,5330.0,14714.0,17.527,203.0,57.05
2026-07-08 03:18:36,55.0,70.000              ,706.555,200.0,1067.0,0.0,55.5,55.500              ,55.5,55.5,55.5,55.5,55.5,55.5,55.5,25.869,19.778,56.791,31.777,45.709,5.893,36.968,10.593,29.172,2180.0,2180.0,2700.0,2700.0,2160.0,2160.0,2160.0,2160.0,2700.0,0.734,0.734,1.246,1.244,0.805,0.807,0.783,0.783,15.132,5331.0,14714.0,17.144,204.0,58.33
2026-07-08 03:18:37,55.0,69.000              ,705.551,428.0,1067.0,0.0,55.5,55.500              ,55.5,55.5,55.5,55.5,55.5,55.5,55.5,32.086,22.346,60.337,31.019,49.446,8.778,38.789,11.289,31.761,1350.0,1350.0,2675.0,2675.0,2140.0,2140.0,2140.0,2140.0,2675.0,0.792,0.789,1.24,1.24,0.845,0.844,0.798,0.798,15.25,5331.0,14713.0,18.182,205.0,55.0
2026-07-08 03:18:38,55.0,70.000              ,705.551,420.0,1200.0,0.0,55.5,55.500              ,55.5,55.5,55.5,55.5,55.5,55.5,55.5,29.278,21.684,57.337,28.289,52.375,9.789,38.782,14.152,31.461,2240.0,2240.0,2800.0,2800.0,2240.0,2240.0,2240.0,2240.0,2800.0,0.775,0.777,1.203,1.203,0.876,0.876,0.831,0.831,15.148,5330.0,14712.0,19.747,206.0,50.64
2026-07-08 03:18:39,55.0,70.000              ,705.191,469.0,1067.0,0.0,55.5,55.500              ,55.5,55.5,55.5,55.5,55.5,55.5,55.5,31.872,23.74,44.322,29.721,57.183,12.688,50.952,10.957,32.679,2180.0,2180.0,2725.0,2725.0,2180.0,2180.0,2180.0,2180.0,2725.0,0.763,0.763,0.959,0.959,0.932,0.94,0.881,0.881,15.155,5330.0,14711.0,18.621,207.0,53.7
2026-07-08 03:18:40,55.0,69.000              ,699.043,525.0,1067.0,0.0,55.5,55.500              ,55.5,55.5,55.5,55.5,55.5,55.5,55.5,33.19,25.871,44.737,33.834,59.289,10.503,49.715,10.764,33.488,2180.0,2180.0,2180.0,2180.0,2725.0,2725.0,2180.0,2180.0,2725.0,0.79,0.792,0.963,0.963,0.942,0.935,0.791,0.792,15.246,5338.0,14702.0,20.928,208.0,47.78
2026-07-08 03:18:41,55.0,69.000              ,699.293,476.0,1067.0,0.0,55.5,55.500              ,55.5,55.5,55.5,55.5,55.5,55.5,55.5,31.535,19.818,44.019,34.219,54.956,6.386,50.626,9.571,31.391,2060.0,2060.0,2575.0,2575.0,2020.0,2020.0,2020.0,2020.0,2575.0,0.748,0.746,1.052,1.052,0.806,0.806,0.8,0.799,14.831,5338.0,14702.0,18.296,209.0,54.66
2026-07-08 03:18:42,55.0,70.000              ,699.316,525.0,1067.0,0.0,55.5,55.500              ,55.5,55.5,55.5,55.5,55.5,55.5,55.5,33.221,20.407,37.182,36.15,49.31,10.473,47.796,9.077,30.452,2140.0,2140.0,2140.0,2140.0,2675.0,2675.0,2120.0,2120.0,2675.0,0.779,0.779,1.011,1.011,0.845,0.845,0.837,0.837,15.252,5338.0,14703.0,23.288,210.0,42.94
2026-07-08 03:18:43,55.0,70.000              ,699.32,420.0,1067.0,0.0,55.5,55.500              ,55.5,55.5,55.5,55.5,55.5,55.5,55.5,31.801,16.644,39.71,31.318,42.968,5.887,36.4,6.43,26.395,2140.0,2140.0,2675.0,2675.0,2140.0,2140.0,2120.0,2120.0,2675.0,0.746,0.746,1.093,1.094,0.753,0.754,0.727,0.727,15.033,5338.0,14697.0,17.247,211.0,57.98
2026-07-08 03:18:44,55.0,69.000              ,699.309,352.0,1067.0,0.0,55.5,55.500              ,55.5,55.5,55.5,55.5,55.5,55.5,55.5,28.199,20.618,50.686,28.732,44.42,6.286,41.327,6.315,28.323,2200.0,2200.0,2750.0,2750.0,2200.0,2200.0,2200.0,2200.0,2750.0,0.773,0.773,1.185,1.183,0.818,0.817,0.803,0.805,15.134,5338.0,14680.0,18.219,212.0,54.89
2026-07-08 03:18:45,55.0,68.000              ,679.758,442.0,1200.0,0.0,55.5,55.500              ,55.5,55.5,55.5,55.5,55.5,55.5,55.5,41.595,22.981,52.934,32.381,46.573,10.252,47.908,13.49,33.514,2160.0,2160.0,2700.0,2700.0,2160.0,2160.0,2160.0,2160.0,2700.0,0.855,0.855,1.163,1.163,0.813,0.813,0.859,0.858,15.272,5346.0,14682.0,18.336,213.0,54.54
2026-07-08 03:18:46,55.0,69.000              ,679.758,375.0,1067.0,0.0,55.5,55.500              ,55.5,55.5,55.5,55.5,55.5,55.5,55.5,42.5,20.974,49.709,27.244,43.97,7.424,52.827,8.48,31.641,2160.0,2160.0,2700.0,2700.0,2160.0,2160.0,2160.0,2160.0,2700.0,0.846,0.846,1.084,1.084,0.77,0.77,0.93,0.929,14.942,5348.0,14681.0,18.449,214.0,54.2
2026-07-08 03:18:47,55.0,69.000              ,679.758,450.0,1067.0,0.0,55.5,55.500              ,55.5,55.5,55.5,55.5,55.5,55.5,55.5,43.448,19.338,46.491,28.533,47.745,7.452,44.397,10.077,30.935,2725.0,2725.0,2160.0,2160.0,2160.0,2160.0,2160.0,2160.0,2725.0,0.838,0.838,0.999,1.002,0.821,0.821,0.832,0.832,15.245,5348.0,14664.0,17.84,215.0,56.05
2026-07-08 03:18:48,55.0,70.000              ,679.758,461.0,1067.0,0.0,55.5,55.500              ,55.5,55.5,55.5,55.5,55.5,55.5,55.5,43.503,20.811,54.644,30.214,44.964,12.44,48.256,12.957,33.474,2120.0,2120.0,2650.0,2650.0,2120.0,2120.0,2120.0,2120.0,2650.0,0.809,0.809,1.141,1.14,0.793,0.796,0.849,0.849,14.998,5347.0,14663.0,18.163,216.0,55.06
2026-07-08 03:18:49,55.0,70.000              ,679.762,476.0,1067.0,0.0,55.5,55.500              ,55.5,55.5,55.5,55.5,55.5,55.5,55.5,45.044,23.86,49.386,33.119,54.837,20.55,51.747,15.498,36.755,1920.0,1920.0,1900.0,1900.0,2375.0,2375.0,1900.0,1900.0,2375.0,0.762,0.767,0.955,0.953,0.904,0.902,0.793,0.793,15.001,5352.0,14663.0,18.639,217.0,53.65
2026-07-08 03:18:50,55.0,69.000              ,649.68,484.0,1067.0,0.0,55.375,55.375              ,55.375,55.375,55.375,55.375,55.375,55.375,55.375,39.61,20.004,52.286,30.346,49.027,6.934,45.003,7.627,31.355,2140.0,2140.0,2650.0,2650.0,2120.0,2120.0,2120.0,2120.0,2650.0,0.805,0.801,1.147,1.135,0.812,0.812,0.776,0.776,15.006,5342.0,14638.0,19.008,218.0,52.61
2026-07-08 03:18:51,55.0,70.000              ,649.68,461.0,1067.0,0.0,55.375,55.375              ,55.375,55.375,55.375,55.375,55.375,55.375,55.375,38.705,19.677,51.596,31.12,41.402,11.495,52.794,9.065,31.982,2120.0,2120.0,2650.0,2650.0,2120.0,2120.0,2120.0,2120.0,2650.0,0.783,0.782,1.098,1.11,0.761,0.761,0.868,0.863,15.127,5342.0,14636.0,17.837,219.0,56.06
2026-07-08 03:18:52,55.0,70.000              ,649.68,435.0,1200.0,0.0,55.375,55.375              ,55.375,55.375,55.375,55.375,55.375,55.375,55.375,42.813,17.635,45.79,28.948,40.005,10.796,53.824,9.889,31.213,2160.0,2160.0,2700.0,2700.0,2160.0,2160.0,2160.0,2160.0,2700.0,0.826,0.826,1.018,1.018,0.761,0.761,0.955,0.962,15.198,5342.0,14636.0,17.87,220.0,55.96
2026-07-08 03:18:53,55.0,69.000              ,649.691,200.0,1067.0,0.0,55.375,55.375              ,55.375,55.375,55.375,55.375,55.375,55.375,55.375,39.49,21.365,49.463,35.676,48.114,11.94,44.925,12.885,32.982,2060.0,2060.0,2060.0,2060.0,2060.0,2060.0,2575.0,2575.0,2575.0,0.781,0.781,1.099,1.099,0.798,0.798,0.814,0.814,15.177,5342.0,14607.0,18.787,221.0,53.23
2026-07-08 03:18:54,55.0,68.000              ,655.703,200.0,1067.0,0.0,55.375,55.375              ,55.375,55.375,55.375,55.375,55.375,55.375,55.375,39.91,21.634,50.594,33.546,46.675,10.653,46.884,11.445,32.668,2120.0,2120.0,2625.0,2625.0,2100.0,2100.0,2100.0,2100.0,2625.0,0.782,0.782,1.103,1.103,0.796,0.796,0.819,0.819,14.855,5348.0,14618.0,21.178,222.0,47.22
2026-07-08 03:18:55,55.0,67.000              ,655.707,469.0,1067.0,0.0,55.375,55.375              ,55.375,55.375,55.375,55.375,55.375,55.375,55.375,41.385,18.362,51.492,24.485,42.535,8.401,46.415,15.266,31.043,2160.0,2160.0,2700.0,2700.0,2160.0,2160.0,2160.0,2160.0,2700.0,0.82,0.821,1.014,1.014,0.766,0.766,0.919,0.919,14.972,5349.0,14617.0,17.872,223.0,55.95
2026-07-08 03:18:56,55.0,69.000              ,655.695,500.0,1067.0,0.0,55.375,55.375              ,55.375,55.375,55.375,55.375,55.375,55.375,55.375,42.178,23.05,55.095,27.754,43.804,12.796,48.207,12.645,33.191,2700.0,2700.0,2700.0,2700.0,2160.0,2160.0,2160.0,2160.0,2700.0,0.843,0.842,1.118,1.12,0.787,0.789,0.845,0.845,15.143,5348.0,14617.0,18.835,224.0,53.09
2026-07-08 03:18:57,55.0,69.000              ,655.668,200.0,1067.0,0.0,55.375,55.375              ,55.375,55.375,55.375,55.375,55.375,55.375,55.375,41.106,21.185,54.287,33.864,45.081,8.397,43.244,8.071,31.904,2700.0,2725.0,2180.0,2180.0,2180.0,2180.0,2180.0,2180.0,2725.0,0.788,0.788,1.158,1.156,0.758,0.756,0.745,0.745,15.298,5348.0,14617.0,18.495,225.0,54.07
2026-07-08 03:18:58,55.0,68.000              ,655.664,484.0,1067.0,0.0,55.25,55.250              ,55.25,55.25,55.25,55.25,55.25,55.25,55.25,43.024,18.027,49.029,33.039,40.978,8.776,40.402,12.963,30.78,2100.0,2100.0,2625.0,2625.0,2100.0,2100.0,2100.0,2100.0,2625.0,0.796,0.798,1.078,1.071,0.726,0.726,0.755,0.756,14.867,5348.0,14617.0,18.755,226.0,53.32
2026-07-08 03:18:59,55.0,69.000              ,655.664,476.0,1200.0,0.0,55.25,55.250              ,55.25,55.25,55.25,55.25,55.25,55.25,55.25,38.965,19.213,51.103,32.849,40.885,11.899,46.579,11.93,31.678,2080.0,2080.0,2600.0,2600.0,2080.0,2080.0,2060.0,2060.0,2600.0,0.761,0.758,1.084,1.094,0.737,0.737,0.811,0.809,15.247,5347.0,14616.0,18.755,227.0,53.32
2026-07-08 03:19:00,55.0,69.000              ,655.668,200.0,1067.0,0.0,55.25,55.250              ,55.25,55.25,55.25,55.25,55.25,55.25,55.25,31.217,22.654,47.505,35.398,45.039,15.586,42.101,13.222,31.59,2100.0,2100.0,2625.0,2625.0,2100.0,2100.0,2100.0,2100.0,2625.0,0.691,0.691,1.033,1.033,0.768,0.768,0.726,0.726,14.857,5346.0,14618.0,23.815,228.0,41.99
2026-07-08 03:19:01,55.0,68.000              ,656.039,500.0,1200.0,0.0,55.25,55.250              ,55.25,55.25,55.25,55.25,55.25,55.25,55.25,35.798,27.973,63.133,40.047,44.031,19.564,41.969,24.889,37.176,2020.0,2020.0,2500.0,2500.0,2000.0,2000.0,2000.0,2000.0,2500.0,0.781,0.781,1.214,1.214,0.775,0.775,0.808,0.81,15.391,5224.0,14619.0,21.625,229.0,46.24
2026-07-08 03:19:02,55.0,70.000              ,656.039,406.0,1067.0,0.0,55.25,55.250              ,55.25,55.25,55.25,55.25,55.25,55.25,55.25,36.547,23.416,57.269,33.336,42.0,12.813,54.643,12.26,34.035,1940.0,1940.0,2425.0,2425.0,1940.0,1940.0,1940.0,1940.0,2425.0,0.738,0.74,1.057,1.055,0.696,0.696,0.769,0.767,14.631,5223.0,14615.0,19.243,230.0,51.97
2026-07-08 03:19:03,55.0,70.000              ,656.043,200.0,1067.0,0.0,55.25,55.250              ,55.25,55.25,55.25,55.25,55.25,55.25,55.25,43.352,20.22,42.07,32.308,39.586,8.761,52.867,13.204,31.546,2160.0,2140.0,2675.0,2675.0,2140.0,2140.0,2140.0,2140.0,2675.0,0.855,0.853,0.978,0.98,0.736,0.736,0.954,0.954,15.138,5228.0,14614.0,18.112,231.0,55.21
2026-07-08 03:19:04,55.0,68.000              ,656.051,500.0,1067.0,0.0,55.25,55.250              ,55.25,55.25,55.25,55.25,55.25,55.25,55.25,42.136,19.777,41.541,32.99,41.774,8.719,52.233,6.944,30.764,2800.0,2800.0,2240.0,2240.0,2240.0,2240.0,2240.0,2240.0,2800.0,0.905,0.905,0.994,0.998,0.758,0.758,0.915,0.915,15.097,5228.0,14614.0,18.88,232.0,52.97
2026-07-08 03:19:05,55.0,69.000              ,656.051,508.0,1200.0,0.0,55.25,55.250              ,55.25,55.25,55.25,55.25,55.25,55.25,55.25,38.241,21.542,48.521,40.404,54.975,12.28,45.705,10.046,33.964,2080.0,2080.0,2600.0,2600.0,2080.0,2080.0,2080.0,2080.0,2600.0,0.777,0.777,1.12,1.114,0.792,0.793,0.726,0.726,15.195,5228.0,14614.0,18.276,233.0,54.72
2026-07-08 03:19:06,55.0,70.000              ,656.051,457.0,1067.0,0.0,55.25,55.250              ,55.25,55.25,55.25,55.25,55.25,55.25,55.25,40.153,16.546,44.322,32.909,55.024,10.998,54.074,8.155,32.773,2060.0,2060.0,2060.0,2060.0,2575.0,2575.0,2060.0,2060.0,2575.0,0.759,0.759,0.896,0.898,0.807,0.806,0.82,0.82,14.99,5234.0,14613.0,22.03,234.0,45.39
2026-07-08 03:19:07,55.0,68.000              ,656.039,461.0,1067.0,0.0,55.25,55.250              ,55.25,55.25,55.25,55.25,55.25,55.25,55.25,39.339,14.513,46.086,27.791,59.118,8.805,43.904,4.454,30.501,2080.0,2080.0,2600.0,2600.0,2080.0,2080.0,2100.0,2100.0,2600.0,0.803,0.803,0.916,0.914,0.908,0.907,0.741,0.741,15.018,5234.0,14613.0,18.066,235.0,55.35
2026-07-08 03:19:08,55.0,67.000              ,656.043,200.0,1067.0,0.0,55.25,55.250              ,55.25,55.25,55.25,55.25,55.25,55.25,55.25,30.593,20.765,47.213,27.276,46.222,6.87,45.458,5.256,28.707,2080.0,2080.0,2600.0,2600.0,2080.0,2080.0,2080.0,2080.0,2600.0,0.745,0.745,1.001,1.001,0.737,0.737,0.754,0.754,14.85,5234.0,14612.0,21.984,236.0,45.49
2026-07-08 03:19:09,55.0,68.000              ,654.469,428.0,933.0,0.0,55.25,55.250              ,55.25,55.25,55.25,55.25,55.25,55.25,55.25,29.966,16.499,47.872,24.944,36.748,5.038,41.177,4.675,25.865,2180.0,2180.0,2725.0,2725.0,2180.0,2180.0,2180.0,2180.0,2725.0,0.785,0.788,1.129,1.129,0.739,0.728,0.79,0.796,14.988,5237.0,14611.0,17.544,237.0,57.0
2026-07-08 03:19:10,55.0,69.000              ,654.223,428.0,1067.0,0.0,55.25,55.250              ,55.25,55.25,55.25,55.25,55.25,55.25,55.25,34.045,17.671,51.291,28.291,42.027,8.701,41.057,4.887,28.496,2200.0,2200.0,2750.0,2750.0,2200.0,2200.0,2200.0,2200.0,2750.0,0.804,0.803,1.156,1.159,0.808,0.821,0.756,0.751,15.055,5240.0,14612.0,17.463,238.0,57.26
2026-07-08 03:19:11,55.0,71.000              ,654.219,200.0,1067.0,0.0,55.25,55.250              ,55.25,55.25,55.25,55.25,55.25,55.25,55.25,35.987,20.373,49.251,26.587,38.406,10.327,53.863,8.682,30.434,2200.0,2200.0,2750.0,2750.0,2200.0,2200.0,2200.0,2200.0,2750.0,0.835,0.834,1.049,1.047,0.767,0.767,0.941,0.941,15.149,5239.0,14611.0,17.976,239.0,55.63
2026-07-08 03:19:12,55.0,69.000              ,654.223,200.0,1067.0,0.0,55.25,55.250              ,55.25,55.25,55.25,55.25,55.25,55.25,55.25,40.346,18.561,50.721,29.226,38.9,9.617,56.462,7.453,31.411,1255.556,1255.556,2825.0,2825.0,2260.0,2260.0,2260.0,2260.0,2825.0,0.833,0.833,1.059,1.061,0.765,0.765,0.937,0.937,14.977,5239.0,14609.0,18.14,240.0,55.13
2026-07-08 03:19:13,55.0,68.000              ,654.219,492.0,1200.0,0.0,55.25,55.250              ,55.25,55.25,55.25,55.25,55.25,55.25,55.25,32.818,18.014,50.641,27.03,41.94,8.184,62.359,6.239,30.903,2160.0,2160.0,2700.0,2700.0,2160.0,2160.0,2160.0,2160.0,2700.0,0.748,0.748,1.018,1.0,0.771,0.773,0.982,0.982,15.124,5239.0,14609.0,18.078,241.0,55.32
2026-07-08 03:19:14,55.0,69.000              ,654.219,200.0,1067.0,0.0,55.25,55.250              ,55.25,55.25,55.25,55.25,55.25,55.25,55.25,40.615,20.457,47.273,28.596,42.949,14.056,58.394,11.859,33.025,2080.0,2080.0,2600.0,2600.0,2080.0,2080.0,2080.0,2100.0,2600.0,0.72,0.72,0.866,0.883,0.728,0.726,0.905,0.906,15.122,5247.0,14608.0,18.415,242.0,54.3
2026-07-08 03:19:15,55.0,68.000              ,654.285,200.0,1067.0,0.0,55.25,55.250              ,55.25,55.25,55.25,55.25,55.25,55.25,55.25,37.657,17.162,45.789,33.182,37.305,11.685,61.435,8.904,31.64,1920.0,1920.0,2400.0,2400.0,1900.0,1900.0,2375.0,2375.0,2400.0,0.685,0.685,0.874,0.869,0.637,0.637,0.873,0.873,15.181,5246.0,14608.0,18.314,243.0,54.6
2026-07-08 03:19:16,55.0,68.000              ,653.906,484.0,1067.0,0.0,55.25,55.250              ,55.25,55.25,55.25,55.25,55.25,55.25,55.25,38.372,18.301,48.422,26.198,36.116,9.855,59.438,6.945,30.456,2060.0,2060.0,2575.0,2575.0,2060.0,2060.0,2040.0,2040.0,2575.0,0.738,0.738,0.926,0.926,0.676,0.676,0.888,0.888,14.817,5245.0,14609.0,18.281,244.0,54.7
2026-07-08 03:19:17,55.0,69.000              ,653.906,484.0,1067.0,0.0,55.25,55.250              ,55.25,55.25,55.25,55.25,55.25,55.25,55.25,40.503,17.73,45.954,28.936,42.742,13.419,54.747,6.713,31.343,2040.0,2040.0,2550.0,2550.0,2040.0,2040.0,2060.0,2060.0,2550.0,0.743,0.743,0.911,0.913,0.741,0.741,0.833,0.834,15.049,5247.0,14609.0,17.991,245.0,55.58
2026-07-08 03:19:18,55.0,71.000              ,654.289,457.0,1067.0,0.0,55.25,55.250              ,55.25,55.25,55.25,55.25,55.25,55.25,55.25,29.544,21.177,50.297,30.959,42.503,14.085,50.654,10.175,31.174,2060.0,2060.0,2575.0,2575.0,2060.0,2060.0,2060.0,2060.0,2575.0,0.678,0.678,1.025,1.023,0.743,0.743,0.799,0.798,15.075,5247.0,14609.0,17.948,246.0,55.72
2026-07-08 03:19:19,55.0,69.000              ,654.289,492.0,1067.0,0.0,55.25,55.250              ,55.25,55.25,55.25,55.25,55.25,55.25,55.25,32.052,21.955,51.703,30.459,37.043,14.317,54.427,9.756,31.464,2080.0,2080.0,2600.0,2600.0,2080.0,2080.0,2060.0,2060.0,2600.0,0.7,0.702,0.999,0.999,0.694,0.694,0.836,0.836,15.246,5247.0,14609.0,19.876,247.0,50.31
2026-07-08 03:19:20,55.0,69.000              ,654.289,500.0,1067.0,0.0,55.25,55.250              ,55.25,55.25,55.25,55.25,55.25,55.25,55.25,38.022,19.394,56.361,28.632,41.185,9.49,51.536,7.058,31.46,2020.0,2020.0,2525.0,2525.0,2020.0,2020.0,2525.0,2525.0,2525.0,0.7,0.698,1.005,1.005,0.683,0.683,0.775,0.775,14.99,5247.0,14609.0,18.165,248.0,55.05
2026-07-08 03:19:21,55.0,69.000              ,654.285,516.0,1067.0,0.0,55.25,55.250              ,55.25,55.25,55.25,55.25,55.25,55.25,55.25,30.065,20.783,58.955,29.903,43.531,8.671,52.53,8.491,31.616,2040.0,2040.0,2550.0,2550.0,2040.0,2040.0,2040.0,2040.0,2550.0,0.663,0.663,1.034,1.037,0.723,0.723,0.782,0.782,15.051,5247.0,14608.0,18.84,249.0,53.08
2026-07-08 03:19:22,55.0,68.000              ,653.898,545.0,1067.0,0.0,55.25,55.250              ,55.25,55.25,55.25,55.25,55.25,55.25,55.25,39.106,14.757,60.366,25.293,36.651,11.961,58.473,9.785,32.049,2020.0,2020.0,2020.0,2020.0,2020.0,2020.0,2525.0,2525.0,2525.0,0.743,0.732,1.069,1.068,0.682,0.682,0.812,0.817,14.816,5247.0,14609.0,17.849,250.0,56.03
2026-07-08 03:19:23,55.0,69.000              ,653.898,787.0,1067.0,0.0,55.25,55.250              ,55.25,55.25,55.25,55.25,55.25,55.25,55.25,37.681,16.651,48.548,25.817,40.899,9.955,53.297,8.31,30.145,2040.0,2040.0,2550.0,2550.0,2040.0,2040.0,2040.0,2040.0,2550.0,0.712,0.722,0.958,0.941,0.691,0.691,0.796,0.791,14.947,5251.0,14609.0,25.896,251.0,38.62
2026-07-08 03:19:24,55.0,71.000              ,653.902,762.0,1067.0,0.0,55.0,55.000              ,55.0,55.0,55.0,55.0,55.0,55.0,55.0,29.344,17.741,39.346,32.841,43.607,8.792,42.542,8.382,27.824,2040.0,2040.0,2550.0,2575.0,2060.0,2060.0,2060.0,2060.0,2575.0,0.634,0.634,0.963,0.98,0.708,0.708,0.701,0.701,15.246,5252.0,14608.0,17.403,252.0,57.46
2026-07-08 03:19:25,55.0,71.000              ,653.902,492.0,1067.0,0.0,55.0,55.000              ,55.0,55.0,55.0,55.0,55.0,55.0,55.0,31.644,18.202,44.657,26.481,40.303,5.419,46.372,9.747,27.853,2060.0,2060.0,2575.0,2600.0,2080.0,2080.0,2080.0,2080.0,2600.0,0.695,0.695,0.992,0.99,0.643,0.642,0.795,0.795,14.947,5254.0,14608.0,17.766,253.0,56.29
2026-07-08 03:19:26,55.0,68.000              ,654.902,200.0,1067.0,0.0,55.0,55.000              ,55.0,55.0,55.0,55.0,55.0,55.0,55.0,35.707,18.474,47.967,28.647,46.808,6.832,47.93,8.142,30.063,2060.0,2060.0,2575.0,2575.0,2060.0,2060.0,2080.0,2080.0,2575.0,0.724,0.724,1.01,1.011,0.712,0.715,0.808,0.808,14.987,5256.0,14609.0,18.21,254.0,54.91
2026-07-08 03:19:27,55.0,67.000              ,654.898,461.0,1200.0,0.0,55.0,55.000              ,55.0,55.0,55.0,55.0,55.0,55.0,55.0,36.786,16.282,53.97,24.622,40.868,8.874,52.366,7.128,30.112,2180.0,2180.0,2725.0,2725.0,2180.0,2180.0,2180.0,2160.0,2725.0,0.784,0.784,1.071,1.072,0.76,0.758,0.852,0.853,15.054,5256.0,14609.0,17.354,255.0,57.62
2026-07-08 03:19:28,55.0,69.000              ,654.898,420.0,1067.0,0.0,55.0,55.000              ,55.0,55.0,55.0,55.0,55.0,55.0,55.0,34.27,16.733,60.973,23.363,46.28,6.805,53.568,6.083,31.009,2140.0,2140.0,2675.0,2675.0,2140.0,2140.0,2140.0,2140.0,2675.0,0.724,0.724,1.125,1.125,0.773,0.772,0.838,0.837,15.012,5256.0,14609.0,18.1,256.0,55.25
2026-07-08 03:19:29,55.0,69.000              ,654.902,461.0,1067.0,0.0,55.0,55.000              ,55.0,55.0,55.0,55.0,55.0,55.0,55.0,30.855,19.47,63.727,19.496,47.144,8.221,55.517,6.741,31.396,2160.0,2160.0,2700.0,2700.0,2160.0,2160.0,2160.0,2160.0,2700.0,0.717,0.717,1.132,1.13,0.831,0.833,0.858,0.858,14.907,5256.0,14609.0,18.23,257.0,54.85
2026-07-08 03:19:30,55.0,68.000              ,655.289,600.0,1067.0,0.0,55.0,55.000              ,55.0,55.0,55.0,55.0,55.0,55.0,55.0,33.859,23.749,59.012,27.3,46.934,10.832,56.427,9.668,33.473,2100.0,2100.0,2625.0,2625.0,2100.0,2100.0,2100.0,2100.0,2625.0,0.731,0.732,1.078,1.078,0.764,0.764,0.865,0.865,15.348,5256.0,14609.0,18.308,258.0,54.62
2026-07-08 03:19:31,55.0,69.000              ,655.281,581.0,1067.0,0.0,55.0,55.000              ,55.0,55.0,55.0,55.0,55.0,55.0,55.0,33.629,20.563,58.643,25.56,45.008,8.433,54.602,7.127,31.696,2040.0,2040.0,2575.0,2575.0,2060.0,2060.0,2060.0,2060.0,2575.0,0.72,0.718,1.007,1.007,0.704,0.704,0.795,0.795,14.966,5256.0,14609.0,18.994,259.0,52.65
2026-07-08 03:19:32,55.0,70.000              ,654.898,500.0,1067.0,0.0,55.0,55.000              ,55.0,55.0,55.0,55.0,55.0,55.0,55.0,31.701,20.768,66.368,23.5,47.273,10.856,47.86,12.755,32.635,2020.0,2020.0,2525.0,2525.0,2040.0,2040.0,2040.0,2040.0,2525.0,0.661,0.661,1.051,1.056,0.735,0.735,0.746,0.746,14.915,5256.0,14608.0,17.949,260.0,55.71
2026-07-08 03:19:33,55.0,69.000              ,654.902,200.0,1200.0,0.0,55.0,55.000              ,55.0,55.0,55.0,55.0,55.0,55.0,55.0,27.881,21.603,61.552,27.191,50.066,9.831,47.098,8.524,31.718,2080.0,2080.0,2625.0,2625.0,2100.0,2100.0,2100.0,2100.0,2625.0,0.651,0.651,1.052,1.05,0.761,0.761,0.717,0.717,15.088,5255.0,14609.0,17.934,261.0,55.76
2026-07-08 03:19:34,55.0,67.000              ,654.895,200.0,1200.0,0.0,55.0,55.000              ,55.0,55.0,55.0,55.0,55.0,55.0,55.0,34.095,19.21,56.184,28.033,44.473,8.03,54.542,5.936,31.313,1940.0,1940.0,2450.0,2450.0,1960.0,1960.0,1960.0,1960.0,2450.0,0.686,0.686,1.003,1.01,0.717,0.705,0.779,0.79,15.04,5255.0,14610.0,18.663,262.0,53.58
2026-07-08 03:19:35,55.0,69.000              ,654.898,541.0,1067.0,0.0,55.0,55.000              ,55.0,55.0,55.0,55.0,55.0,55.0,55.0,29.949,18.916,59.614,26.11,43.019,7.192,52.8,9.834,30.929,2100.0,2100.0,2625.0,2625.0,2100.0,2100.0,2100.0,2100.0,2625.0,0.661,0.661,1.034,1.024,0.68,0.694,0.812,0.801,15.049,5256.0,14609.0,17.721,263.0,56.43
2026-07-08 03:19:36,55.0,70.000              ,654.898,563.0,1067.0,0.0,55.0,55.000              ,55.0,55.0,55.0,55.0,55.0,55.0,55.0,26.053,19.539,61.921,25.222,44.305,7.475,55.784,5.292,30.699,2060.0,2060.0,2575.0,2575.0,2060.0,2060.0,2040.0,2040.0,2575.0,0.656,0.656,1.05,1.05,0.729,0.715,0.787,0.789,15.046,5256.0,14609.0,20.258,264.0,49.36
2026-07-08 03:19:37,55.0,70.000              ,655.266,525.0,1200.0,0.0,55.0,55.000              ,55.0,55.0,55.0,55.0,55.0,55.0,55.0,28.624,22.431,63.775,28.023,46.355,7.166,46.296,6.971,31.205,2040.0,2040.0,2575.0,2575.0,2060.0,2060.0,2060.0,2060.0,2575.0,0.685,0.685,1.099,1.099,0.686,0.699,0.725,0.733,15.043,5256.0,14609.0,17.527,265.0,57.05
2026-07-08 03:19:38,55.0,70.000              ,655.273,508.0,1067.0,0.0,55.0,55.000              ,55.0,55.0,55.0,55.0,55.0,55.0,55.0,31.601,19.323,61.75,25.844,54.851,12.056,45.667,8.824,32.49,2000.0,2000.0,2500.0,2500.0,2000.0,2000.0,2000.0,2000.0,2500.0,0.649,0.64,0.964,0.964,0.774,0.772,0.68,0.67,15.023,5256.0,14609.0,18.022,266.0,55.49
2026-07-08 03:19:39,55.0,68.000              ,655.273,563.0,1067.0,0.0,55.0,55.000              ,55.0,55.0,55.0,55.0,55.0,55.0,55.0,34.083,19.575,63.91,24.567,42.44,12.06,51.976,8.778,32.174,1960.0,1960.0,2450.0,2450.0,1960.0,1960.0,1960.0,1960.0,2450.0,0.691,0.701,1.126,1.126,0.73,0.73,0.772,0.778,14.936,5258.0,14609.0,18.038,267.0,55.44
2026-07-08 03:19:40,55.0,69.000              ,655.285,563.0,1067.0,0.0,55.0,55.000              ,55.0,55.0,55.0,55.0,55.0,55.0,55.0,37.466,18.361,54.014,28.385,49.733,16.49,58.227,10.307,34.123,2100.0,2100.0,2100.0,2100.0,2100.0,2100.0,2600.0,2600.0,2600.0,0.68,0.68,0.95,0.95,0.83,0.831,0.831,0.826,15.345,5260.0,14608.0,20.664,268.0,48.39
2026-07-08 03:19:41,55.0,70.000              ,655.285,200.0,1200.0,0.0,55.0,55.000              ,55.0,55.0,55.0,55.0,55.0,55.0,55.0,35.766,18.951,59.716,26.719,48.648,8.119,51.184,6.641,31.968,1960.0,1960.0,2450.0,2450.0,1960.0,1960.0,1960.0,1960.0,2450.0,0.691,0.691,1.028,1.028,0.7,0.699,0.729,0.731,14.699,5266.0,14609.0,18.36,269.0,54.47
2026-07-08 03:19:42,55.0,69.000              ,655.297,541.0,1067.0,0.0,55.0,55.000              ,55.0,55.0,55.0,55.0,55.0,55.0,55.0,35.398,20.832,57.957,27.994,47.05,9.613,54.473,8.203,32.69,2060.0,2060.0,2575.0,2575.0,2060.0,2060.0,2060.0,2060.0,2575.0,0.699,0.7,1.008,1.008,0.716,0.716,0.775,0.774,15.181,5266.0,14609.0,19.91,270.0,50.23
2026-07-08 03:19:43,55.0,69.000              ,655.293,554.0,1067.0,0.0,55.0,55.000              ,55.0,55.0,55.0,55.0,55.0,55.0,55.0,32.512,20.981,55.873,25.822,50.562,8.818,52.382,4.954,31.488,2000.0,2000.0,2475.0,2475.0,1980.0,1980.0,1980.0,1980.0,2475.0,0.706,0.705,1.034,1.04,0.751,0.751,0.75,0.749,14.981,5266.0,14609.0,17.821,271.0,56.11
2026-07-08 03:19:44,55.0,70.000              ,706.367,484.0,1200.0,0.0,55.0,55.000              ,55.0,55.0,55.0,55.0,55.0,55.0,55.0,53.085,30.498,55.313,42.706,54.68,23.029,60.67,12.948,41.616,2080.0,2080.0,2575.0,2575.0,2060.0,2060.0,2060.0,2060.0,2575.0,0.808,0.808,0.951,0.945,0.82,0.807,0.778,0.778,15.097,5307.0,14702.0,26.12,272.0,38.28
2026-07-08 03:19:45,55.0,69.000              ,706.375,469.0,1067.0,0.0,55.0,55.000              ,55.0,55.0,55.0,55.0,55.0,55.0,55.0,41.205,23.649,46.686,28.336,47.532,16.294,59.217,17.519,35.055,2000.0,2000.0,2500.0,2500.0,2000.0,2000.0,2500.0,2500.0,2500.0,0.751,0.751,0.844,0.844,0.84,0.853,1.006,1.008,15.065,5306.0,14702.0,18.424,273.0,54.28
2026-07-08 03:19:46,55.0,68.000              ,706.375,476.0,1200.0,0.0,55.0,55.000              ,55.0,55.0,55.0,55.0,55.0,55.0,55.0,32.95,25.207,48.998,31.46,43.818,16.062,56.251,10.968,33.214,2140.0,2140.0,2120.0,2120.0,2120.0,2120.0,2650.0,2650.0,2650.0,0.728,0.728,1.018,1.018,0.81,0.813,0.884,0.882,15.077,5306.0,14701.0,19.318,274.0,51.77
2026-07-08 03:19:47,55.0,69.000              ,715.711,554.0,1067.0,0.0,55.0,55.000              ,55.0,55.0,55.0,55.0,55.0,55.0,55.0,36.103,30.593,57.186,31.273,52.528,15.606,57.776,13.873,36.867,2020.0,2020.0,2525.0,2525.0,2020.0,2020.0,2020.0,2020.0,2525.0,0.749,0.749,0.944,0.944,0.811,0.808,0.816,0.816,15.032,5310.0,14715.0,21.261,275.0,47.03
2026-07-08 03:19:48,55.0,70.000              ,722.758,516.0,1200.0,0.0,55.0,55.000              ,55.0,55.0,55.0,55.0,55.0,55.0,55.0,33.619,27.59,54.265,36.981,48.755,19.444,53.388,11.855,35.737,1980.0,1980.0,2475.0,2475.0,1980.0,1980.0,1980.0,1980.0,2475.0,0.726,0.726,1.03,1.03,0.787,0.787,0.767,0.771,15.007,5324.0,14725.0,19.243,276.0,51.97
2026-07-08 03:19:49,55.0,70.000              ,723.762,450.0,1067.0,0.0,55.0,55.000              ,55.0,55.0,55.0,55.0,55.0,55.0,55.0,37.183,27.022,58.159,32.771,50.146,17.715,57.001,11.166,36.395,1940.0,1940.0,2425.0,2425.0,1940.0,1940.0,1940.0,1940.0,2425.0,0.76,0.76,1.073,1.066,0.812,0.812,0.824,0.819,14.929,5323.0,14728.0,20.371,277.0,49.09
2026-07-08 03:19:50,55.0,70.000              ,728.801,413.0,1200.0,0.0,55.0,55.000              ,55.0,55.0,55.0,55.0,55.0,55.0,55.0,35.816,24.495,54.655,31.329,53.525,15.538,58.584,10.855,35.6,2060.0,2060.0,2575.0,2575.0,2060.0,2060.0,2060.0,2060.0,2575.0,0.74,0.74,1.029,1.035,0.864,0.864,0.844,0.844,15.045,5325.0,14737.0,19.126,278.0,52.28
2026-07-08 03:19:51,55.0,69.000              ,728.805,200.0,1200.0,0.0,55.0,55.000              ,55.0,55.0,55.0,55.0,55.0,55.0,55.0,37.262,28.215,51.914,36.88,50.089,14.964,59.341,11.778,36.305,2080.0,2080.0,2600.0,2600.0,2080.0,2080.0,2080.0,2080.0,2600.0,0.782,0.783,1.074,1.074,0.797,0.797,0.895,0.895,15.095,5331.0,14737.0,19.236,279.0,51.99
2026-07-08 03:19:52,55.0,69.000              ,728.426,563.0,1067.0,0.0,55.0,55.000              ,55.0,55.0,55.0,55.0,55.0,55.0,55.0,42.143,29.42,56.26,32.765,47.509,17.209,57.648,13.573,37.066,1980.0,1980.0,2500.0,2500.0,2000.0,2000.0,2000.0,2000.0,2500.0,0.828,0.83,1.031,1.031,0.779,0.772,0.871,0.871,14.868,5331.0,14736.0,18.722,280.0,53.41
2026-07-08 03:19:53,55.0,70.000              ,734.746,541.0,1200.0,0.0,55.0,55.000              ,55.0,55.0,55.0,55.0,55.0,55.0,55.0,40.45,32.091,54.851,41.321,58.834,15.669,52.81,20.163,39.524,2000.0,2000.0,2500.0,2500.0,2020.0,2020.0,2020.0,2020.0,2500.0,0.777,0.773,1.058,1.058,0.84,0.85,0.809,0.809,15.322,5336.0,14751.0,22.142,281.0,45.16
2026-07-08 03:19:54,55.0,70.000              ,732.766,492.0,1200.0,0.0,55.0,55.000              ,55.0,55.0,55.0,55.0,55.0,55.0,55.0,37.085,26.443,56.22,38.26,52.454,15.962,58.694,10.112,36.904,1940.0,1940.0,2425.0,2425.0,1940.0,1940.0,1940.0,1940.0,2425.0,0.719,0.719,1.036,1.036,0.751,0.75,0.793,0.793,14.934,5337.0,14749.0,18.265,282.0,54.75
2026-07-08 03:19:55,55.0,68.000              ,732.766,508.0,1067.0,0.0,55.0,55.000              ,55.0,55.0,55.0,55.0,55.0,55.0,55.0,37.963,24.41,61.428,35.801,50.567,10.935,53.839,9.632,35.572,1960.0,1960.0,2450.0,2450.0,1960.0,1960.0,1960.0,1960.0,2450.0,0.748,0.748,1.098,1.086,0.745,0.745,0.762,0.762,15.014,5335.0,14749.0,19.011,283.0,52.6
2026-07-08 03:19:56,55.0,69.000              ,736.07,572.0,1067.0,0.0,55.0,55.000              ,55.0,55.0,55.0,55.0,55.0,55.0,55.0,41.181,23.255,55.41,34.984,51.598,19.179,56.822,14.775,37.15,2000.0,2000.0,2500.0,2500.0,2000.0,2000.0,2000.0,2000.0,2500.0,0.751,0.752,1.008,1.019,0.799,0.799,0.81,0.81,15.112,5344.0,14749.0,20.997,284.0,47.63
2026-07-08 03:19:57,55.0,70.000              ,736.828,533.0,1067.0,0.0,55.0,55.000              ,55.0,55.0,55.0,55.0,55.0,55.0,55.0,35.797,27.776,58.634,31.857,50.768,15.203,55.844,17.279,36.645,1960.0,1960.0,2475.0,2475.0,1980.0,1980.0,1980.0,1980.0,2475.0,0.751,0.749,1.033,1.033,0.803,0.803,0.86,0.86,14.953,5341.0,14753.0,21.037,285.0,47.54
2026-07-08 03:19:58,55.0,71.000              ,737.992,461.0,1200.0,0.0,55.0,55.000              ,55.0,55.0,55.0,55.0,55.0,55.0,55.0,39.124,28.873,60.92,34.603,46.136,18.727,57.402,12.594,37.297,2000.0,2000.0,2500.0,2500.0,2000.0,2000.0,2020.0,2020.0,2500.0,0.778,0.778,1.08,1.08,0.772,0.772,0.814,0.814,15.041,5340.0,14754.0,19.012,286.0,52.6
2026-07-08 03:19:59,55.0,70.000              ,736.48,525.0,1067.0,0.0,55.0,55.000              ,55.0,55.0,55.0,55.0,55.0,55.0,55.0,45.266,32.796,53.394,40.321,51.639,29.316,63.033,19.522,41.911,1980.0,1980.0,1980.0,1980.0,1980.0,1980.0,2475.0,2475.0,2475.0,0.765,0.765,0.935,0.935,0.811,0.811,0.849,0.852,14.83,5342.0,14755.0,19.08,287.0,52.41
2026-07-08 03:20:00,55.0,70.000              ,736.516,500.0,1200.0,0.0,55.0,55.000              ,55.0,55.0,55.0,55.0,55.0,55.0,55.0,43.178,29.236,60.58,28.144,45.021,15.139,56.784,13.703,36.473,2020.0,2020.0,2525.0,2550.0,2040.0,2040.0,2040.0,2040.0,2550.0,0.821,0.839,1.039,1.041,0.718,0.718,0.872,0.869,15.081,5340.0,14755.0,25.027,288.0,39.96
2026-07-08 03:20:01,55.0,70.000              ,734.02,400.0,1067.0,0.0,55.0,55.000              ,55.0,55.0,55.0,55.0,55.0,55.0,55.0,45.662,26.68,45.595,45.345,54.306,16.087,47.289,14.526,36.936,1920.0,1920.0,2400.0,2400.0,1920.0,1940.0,1940.0,1940.0,2400.0,0.855,0.837,1.062,1.059,0.773,0.773,0.728,0.728,14.985,5342.0,14754.0,21.6,289.0,46.3
2026-07-08 03:20:02,55.0,69.000              ,729.395,200.0,1067.0,0.0,55.0,55.000              ,55.0,55.0,55.0,55.0,55.0,55.0,55.0,35.583,21.841,47.408,56.341,53.148,11.401,47.698,12.607,35.754,2000.0,2000.0,2500.0,2500.0,2000.0,2000.0,2000.0,2000.0,2500.0,0.738,0.738,1.281,1.284,0.752,0.752,0.772,0.772,15.105,5341.0,14750.0,17.719,290.0,56.44
2026-07-08 03:20:03,55.0,69.000              ,729.391,442.0,1200.0,0.0,55.25,55.250              ,55.25,55.25,55.25,55.25,55.25,55.25,55.25,63.404,38.572,57.816,49.259,57.648,32.05,57.225,27.752,47.966,2120.0,2120.0,2625.0,2625.0,2100.0,2100.0,2100.0,2100.0,2625.0,1.028,1.028,1.11,1.109,0.846,0.846,0.839,0.839,15.445,5360.0,14755.0,23.166,291.0,43.17
2026-07-08 03:20:04,55.0,73.000              ,729.145,457.0,1067.0,0.0,55.25,55.250              ,55.25,55.25,55.25,55.25,55.25,55.25,55.25,48.528,37.405,60.84,38.249,55.421,21.881,48.422,21.671,41.552,1800.0,1800.0,2160.0,2160.0,1800.0,1800.0,1800.0,1800.0,2160.0,0.876,0.876,0.983,0.981,0.768,0.768,0.726,0.726,14.672,5364.0,14754.0,19.184,292.0,52.13
2026-07-08 03:20:05,55.0,73.000              ,723.082,413.0,1200.0,0.0,55.25,55.250              ,55.25,55.25,55.25,55.25,55.25,55.25,55.25,42.964,30.56,49.457,36.28,56.502,16.881,50.866,13.293,37.1,1920.0,1920.0,1920.0,1920.0,2400.0,2400.0,1920.0,1920.0,2400.0,0.89,0.89,1.009,1.009,0.878,0.88,0.828,0.828,15.068,5367.0,14740.0,18.374,293.0,54.42
2026-07-08 03:20:06,55.0,69.000              ,719.574,200.0,1067.0,0.0,55.25,55.250              ,55.25,55.25,55.25,55.25,55.25,55.25,55.25,47.242,27.079,50.532,36.011,51.116,13.369,44.55,19.629,36.191,2060.0,2060.0,2575.0,2575.0,2060.0,2060.0,2060.0,2060.0,2575.0,0.919,0.919,1.079,1.079,0.818,0.816,0.824,0.824,14.932,5372.0,14740.0,18.686,294.0,53.52
2026-07-08 03:20:07,55.0,69.000              ,718.121,358.0,1067.0,0.0,55.25,55.250              ,55.25,55.25,55.25,55.25,55.25,55.25,55.25,42.912,31.486,40.859,34.443,40.967,13.566,52.074,17.569,34.235,2700.0,2700.0,2160.0,2160.0,2160.0,2160.0,2160.0,2160.0,2700.0,1.013,1.016,0.947,0.947,0.777,0.777,0.989,0.989,14.854,5370.0,14735.0,21.695,295.0,46.09
2026-07-08 03:20:08,55.0,70.000              ,717.754,420.0,1067.0,0.0,55.25,55.250              ,55.25,55.25,55.25,55.25,55.25,55.25,55.25,36.658,30.554,42.683,39.125,38.705,16.43,60.29,12.018,34.558,2160.0,2160.0,2700.0,2700.0,2160.0,2160.0,2140.0,2140.0,2700.0,0.864,0.864,1.054,1.054,0.767,0.767,0.989,0.989,15.092,5369.0,14736.0,18.986,296.0,52.67
2026-07-08 03:20:09,55.0,70.000              ,718.129,428.0,1067.0,0.0,55.25,55.250              ,55.25,55.25,55.25,55.25,55.25,55.25,55.25,36.327,28.713,39.058,37.42,38.062,11.777,62.413,16.654,33.803,2140.0,2140.0,2140.0,2140.0,2140.0,2140.0,2700.0,2700.0,2700.0,0.887,0.885,1.004,0.996,0.768,0.768,1.19,1.19,14.923,5369.0,14727.0,18.304,297.0,54.63
2026-07-08 03:20:10,55.0,69.000              ,716.488,200.0,1200.0,0.0,55.25,55.250              ,55.25,55.25,55.25,55.25,55.25,55.25,55.25,39.59,25.652,47.703,33.857,52.325,9.271,45.72,15.558,33.709,2240.0,2240.0,2240.0,2240.0,2240.0,2240.0,2800.0,2800.0,2800.0,0.917,0.917,1.132,1.141,0.876,0.876,0.954,0.954,15.268,5372.0,14728.0,27.009,298.0,37.02
2026-07-08 03:20:11,55.0,70.000              ,731.637,420.0,1200.0,0.0,55.25,55.250              ,55.25,55.25,55.25,55.25,55.25,55.25,55.25,33.188,23.587,50.977,35.802,43.923,19.388,43.395,19.629,33.736,2100.0,2100.0,2625.0,2625.0,2100.0,2100.0,2100.0,2120.0,2625.0,0.806,0.807,1.205,1.205,0.853,0.853,0.919,0.907,15.088,5395.0,14751.0,23.723,299.0,42.15
2026-07-08 03:20:12,55.0,70.000              ,731.637,344.0,1200.0,0.0,55.25,55.250              ,55.25,55.25,55.25,55.25,55.25,55.25,55.25,35.76,35.556,57.259,48.002,48.025,17.2,50.248,31.992,40.505,1860.0,1860.0,2325.0,2325.0,1860.0,1860.0,1860.0,1860.0,2325.0,0.758,0.757,1.13,1.13,0.725,0.727,0.909,0.922,15.044,5420.0,14754.0,26.411,300.0,37.86
2026-07-08 03:20:13,55.0,68.000              ,734.563,364.0,1200.0,0.0,55.25,55.250              ,55.25,55.25,55.25,55.25,55.25,55.25,55.25,38.593,32.78,57.976,39.518,53.523,23.024,47.142,34.626,40.898,1840.0,1840.0,2300.0,2300.0,1840.0,1840.0,1840.0,1840.0,2300.0,0.786,0.786,1.055,1.055,0.794,0.792,0.94,0.939,15.006,5432.0,14758.0,19.711,301.0,50.73
2026-07-08 03:20:14,55.0,68.000              ,734.563,469.0,1200.0,0.0,55.25,55.250              ,55.25,55.25,55.25,55.25,55.25,55.25,55.25,45.873,35.677,59.559,46.29,56.973,22.61,52.564,39.03,44.822,2120.0,2120.0,2650.0,2650.0,2120.0,2120.0,2120.0,2120.0,2650.0,0.87,0.87,1.147,1.155,0.84,0.84,0.995,1.007,15.424,5441.0,14767.0,24.232,302.0,41.27
2026-07-08 03:20:15,55.0,70.000              ,737.957,406.0,1200.0,0.0,55.25,55.250              ,55.25,55.25,55.25,55.25,55.25,55.25,55.25,60.829,48.263,54.206,68.922,63.892,41.867,69.179,56.444,57.95,1816.667,1816.667,2180.0,2180.0,1816.667,1816.667,1816.667,1816.667,2180.0,0.806,0.806,0.939,0.931,0.801,0.801,1.0,1.0,15.005,5467.0,14728.0,28.022,303.0,35.69
2026-07-08 03:20:16,55.0,72.000              ,741.863,450.0,1200.0,0.0,55.25,55.250              ,55.25,55.25,55.25,55.25,55.25,55.25,55.25,56.609,34.642,62.521,45.227,63.229,32.574,63.439,41.239,49.935,1683.333,1683.333,2020.0,2020.0,1683.333,1683.333,1683.333,1683.333,2020.0,0.718,0.718,0.832,0.832,0.753,0.754,0.911,0.887,14.904,5479.0,14732.0,19.881,304.0,50.3
2026-07-08 03:20:17,55.0,70.000              ,743.75,420.0,1200.0,0.0,55.25,55.250              ,55.25,55.25,55.25,55.25,55.25,55.25,55.25,37.992,27.495,56.32,38.784,56.096,13.858,46.656,18.188,36.924,1900.0,1900.0,2375.0,2375.0,1900.0,1900.0,1900.0,1900.0,2375.0,0.786,0.786,1.107,1.11,0.837,0.837,0.799,0.786,14.655,5476.0,14734.0,18.324,305.0,54.57
2026-07-08 03:20:18,55.0,68.000              ,741.512,413.0,1200.0,0.0,55.25,55.250              ,55.25,55.25,55.25,55.25,55.25,55.25,55.25,39.386,29.025,46.63,38.593,57.573,16.369,45.848,19.167,36.574,1980.0,1980.0,2475.0,2500.0,2000.0,2000.0,2000.0,2000.0,2500.0,0.833,0.833,1.049,1.046,0.927,0.925,0.849,0.862,15.23,5473.0,14730.0,18.315,306.0,54.6
2026-07-08 03:20:19,55.0,69.000              ,741.484,200.0,1067.0,0.0,55.25,55.250              ,55.25,55.25,55.25,55.25,55.25,55.25,55.25,38.146,32.002,44.314,41.364,54.796,6.909,39.36,15.903,34.099,2040.0,2040.0,2550.0,2550.0,2040.0,2040.0,2040.0,2040.0,2550.0,0.89,0.89,1.149,1.148,0.839,0.839,0.819,0.819,14.798,5471.0,14729.0,21.761,307.0,45.95
2026-07-08 03:20:20,55.0,70.000              ,744.066,393.0,1067.0,0.0,55.25,55.250              ,55.25,55.25,55.25,55.25,55.25,55.25,55.25,30.734,32.743,51.904,39.922,44.241,11.366,46.413,11.544,33.608,2140.0,2140.0,2675.0,2675.0,2120.0,2120.0,2120.0,2120.0,2675.0,0.879,0.879,1.265,1.268,0.777,0.777,0.882,0.884,15.079,5468.0,14732.0,20.888,308.0,47.87
2026-07-08 03:20:21,55.0,70.000              ,743.668,406.0,1067.0,0.0,55.25,55.250              ,55.25,55.25,55.25,55.25,55.25,55.25,55.25,39.135,28.403,48.087,39.947,39.228,13.225,47.877,14.237,33.767,2100.0,2100.0,2625.0,2625.0,2100.0,2100.0,2100.0,2100.0,2625.0,0.9,0.9,1.209,1.214,0.773,0.773,0.886,0.884,15.093,5467.0,14731.0,19.806,309.0,50.49
2026-07-08 03:20:22,55.0,70.000              ,743.305,406.0,1067.0,0.0,55.25,55.250              ,55.25,55.25,55.25,55.25,55.25,55.25,55.25,38.02,30.656,50.799,45.625,40.003,12.254,48.382,13.665,34.925,2080.0,2080.0,2600.0,2600.0,2080.0,2080.0,2060.0,2060.0,2600.0,0.848,0.848,1.298,1.296,0.72,0.72,0.827,0.827,14.948,5466.0,14731.0,20.51,310.0,48.76
2026-07-08 03:20:23,55.0,71.000              ,743.293,450.0,1200.0,0.0,55.25,55.250              ,55.25,55.25,55.25,55.25,55.25,55.25,55.25,37.34,27.726,46.591,35.784,43.141,7.542,50.106,8.056,32.036,2140.0,2140.0,2650.0,2650.0,2120.0,2120.0,2120.0,2120.0,2650.0,0.884,0.884,1.164,1.166,0.746,0.747,0.898,0.9,15.204,5466.0,14731.0,18.915,311.0,52.87
2026-07-08 03:20:24,55.0,71.000              ,742.66,200.0,1067.0,0.0,55.25,55.250              ,55.25,55.25,55.25,55.25,55.25,55.25,55.25,40.725,29.884,47.733,39.796,46.468,13.53,48.392,12.213,34.843,2080.0,2080.0,2600.0,2600.0,2080.0,2080.0,2080.0,2080.0,2600.0,0.867,0.867,1.139,1.131,0.776,0.774,0.813,0.811,15.14,5465.0,14730.0,21.873,312.0,45.72
2026-07-08 03:20:25,55.0,69.000              ,742.664,450.0,1067.0,0.0,55.25,55.250              ,55.25,55.25,55.25,55.25,55.25,55.25,55.25,40.19,26.786,48.811,39.569,47.964,10.871,49.84,10.839,34.359,1980.0,1980.0,2475.0,2475.0,1980.0,1980.0,1980.0,1980.0,2475.0,0.778,0.778,1.082,1.091,0.725,0.727,0.758,0.746,14.7,5464.0,14730.0,19.987,313.0,50.03
2026-07-08 03:20:26,55.0,69.000              ,736.512,442.0,1200.0,0.0,55.25,55.250              ,55.25,55.25,55.25,55.25,55.25,55.25,55.25,40.172,26.434,48.424,38.976,50.658,9.062,48.726,10.496,34.119,2000.0,2000.0,2500.0,2500.0,2000.0,2000.0,2000.0,2000.0,2500.0,0.814,0.814,1.085,1.076,0.776,0.774,0.781,0.794,15.104,5465.0,14724.0,18.322,314.0,54.58
2026-07-08 03:20:27,55.0,69.000              ,736.492,375.0,1067.0,0.0,55.25,55.250              ,55.25,55.25,55.25,55.25,55.25,55.25,55.25,38.466,25.781,43.053,47.353,42.13,10.736,41.917,14.556,32.999,2040.0,2040.0,2550.0,2550.0,2040.0,2040.0,2040.0,2040.0,2550.0,0.804,0.804,1.207,1.207,0.725,0.725,0.807,0.818,14.941,5467.0,14731.0,18.947,315.0,52.78
2026-07-08 03:20:28,55.0,68.000              ,742.648,381.0,1067.0,0.0,55.25,55.250              ,55.25,55.25,55.25,55.25,55.25,55.25,55.25,35.355,28.062,43.217,40.44,47.945,9.694,41.663,14.398,32.597,2140.0,2140.0,2675.0,2675.0,2140.0,2140.0,2140.0,2140.0,2675.0,0.895,0.895,1.239,1.249,0.822,0.822,0.866,0.856,15.074,5466.0,14730.0,21.281,316.0,46.99
2026-07-08 03:20:29,55.0,69.000              ,742.645,344.0,1067.0,0.0,55.25,55.250              ,55.25,55.25,55.25,55.25,55.25,55.25,55.25,37.067,28.216,45.35,39.827,54.38,11.103,42.515,11.367,33.728,2140.0,2140.0,2675.0,2675.0,2140.0,2140.0,2140.0,2140.0,2675.0,0.922,0.922,1.241,1.231,0.884,0.87,0.862,0.862,15.056,5474.0,14729.0,19.847,317.0,50.39
2026-07-08 03:20:30,55.0,70.000              ,742.637,200.0,1067.0,0.0,55.25,55.250              ,55.25,55.25,55.25,55.25,55.25,55.25,55.25,37.867,28.076,46.699,37.919,58.29,13.908,37.342,14.005,34.263,2120.0,2120.0,2650.0,2650.0,2120.0,2120.0,2120.0,2120.0,2650.0,0.882,0.882,1.144,1.144,0.977,0.993,0.788,0.788,15.194,5473.0,14730.0,18.811,318.0,53.16
2026-07-08 03:20:31,55.0,68.000              ,742.656,200.0,1067.0,0.0,55.25,55.250              ,55.25,55.25,55.25,55.25,55.25,55.25,55.25,44.365,28.105,43.252,36.394,58.587,12.265,39.028,13.384,34.422,2120.0,2120.0,2650.0,2650.0,2120.0,2120.0,2120.0,2120.0,2650.0,0.951,0.953,1.06,1.06,0.961,0.961,0.819,0.819,14.889,5472.0,14728.0,19.486,319.0,51.32
2026-07-08 03:20:32,55.0,68.000              ,742.652,420.0,1067.0,0.0,55.25,55.250              ,55.25,55.25,55.25,55.25,55.25,55.25,55.25,41.945,29.262,44.087,34.456,60.268,12.734,44.31,14.073,35.142,2140.0,2140.0,2140.0,2140.0,2650.0,2650.0,2120.0,2120.0,2650.0,0.905,0.904,1.015,1.016,1.03,1.033,0.867,0.867,15.08,5471.0,14728.0,18.405,320.0,54.33
2026-07-08 03:20:33,55.0,69.000              ,742.641,461.0,1067.0,0.0,55.25,55.250              ,55.25,55.25,55.25,55.25,55.25,55.25,55.25,40.983,29.316,42.881,39.983,57.015,11.628,42.484,14.771,34.883,2060.0,2060.0,2060.0,2060.0,2575.0,2575.0,2060.0,2060.0,2575.0,0.858,0.859,1.082,1.081,0.905,0.903,0.824,0.826,15.107,5470.0,14729.0,19.319,321.0,51.76
2026-07-08 03:20:34,55.0,70.000              ,740.395,581.0,1200.0,0.0,55.25,55.250              ,55.25,55.25,55.25,55.25,55.25,55.25,55.25,37.135,26.954,42.09,34.895,53.892,7.959,35.782,8.865,30.947,2525.0,2525.0,2525.0,2525.0,2020.0,2020.0,2020.0,2020.0,2525.0,0.833,0.832,1.059,1.06,0.844,0.844,0.715,0.713,15.123,5472.0,14727.0,23.441,322.0,42.66
2026-07-08 03:20:35,55.0,71.000              ,740.395,428.0,1067.0,0.0,55.125,55.125              ,55.125,55.125,55.125,55.125,55.125,55.125,55.125,27.506,29.414,39.169,32.143,42.623,8.542,44.091,9.675,29.145,2000.0,2000.0,2500.0,2500.0,2020.0,2020.0,2020.0,2020.0,2500.0,0.759,0.759,0.998,0.997,0.71,0.71,0.791,0.791,15.012,5471.0,14727.0,17.25,323.0,57.97
2026-07-08 03:20:36,55.0,69.000              ,740.391,200.0,1067.0,0.0,55.125,55.125              ,55.125,55.125,55.125,55.125,55.125,55.125,55.125,32.496,24.451,39.159,30.385,46.0,7.838,44.017,6.655,28.875,2100.0,2100.0,2625.0,2625.0,2100.0,2100.0,2100.0,2100.0,2625.0,0.823,0.823,1.028,1.028,0.799,0.8,0.817,0.817,14.935,5471.0,14727.0,17.565,324.0,56.93
2026-07-08 03:20:37,55.0,67.000              ,740.387,393.0,1067.0,0.0,55.125,55.125              ,55.125,55.125,55.125,55.125,55.125,55.125,55.125,36.754,23.465,42.967,35.489,49.607,7.497,37.932,8.094,30.226,2060.0,2060.0,2575.0,2575.0,2080.0,2080.0,2080.0,2080.0,2575.0,0.869,0.855,1.119,1.119,0.81,0.808,0.74,0.742,14.946,5471.0,14725.0,20.292,325.0,49.28
2026-07-08 03:20:38,55.0,69.000              ,740.379,364.0,1200.0,0.0,55.125,55.125              ,55.125,55.125,55.125,55.125,55.125,55.125,55.125,41.988,25.773,46.851,34.511,42.509,10.946,45.341,8.95,32.109,2140.0,2140.0,2675.0,2675.0,2140.0,2140.0,2140.0,2140.0,2675.0,0.911,0.926,1.168,1.169,0.794,0.788,0.846,0.844,15.071,5473.0,14725.0,17.725,326.0,56.42
2026-07-08 03:20:39,55.0,70.000              ,740.383,375.0,1067.0,0.0,55.125,55.125              ,55.125,55.125,55.125,55.125,55.125,55.125,55.125,43.772,27.076,44.845,39.269,48.571,10.933,46.724,9.832,33.878,2160.0,2160.0,2700.0,2700.0,2140.0,2140.0,2140.0,2140.0,2700.0,0.938,0.938,1.138,1.137,0.797,0.803,0.813,0.813,14.995,5472.0,14726.0,21.759,327.0,45.96
2026-07-08 03:20:40,55.0,69.000              ,734.227,554.0,1200.0,0.0,55.125,55.125              ,55.125,55.125,55.125,55.125,55.125,55.125,55.125,36.359,30.774,39.451,41.873,37.396,19.564,45.416,15.347,33.273,2040.0,2040.0,2575.0,2575.0,2060.0,2060.0,2060.0,2060.0,2575.0,0.79,0.79,1.029,1.029,0.7,0.7,0.778,0.778,15.118,5471.0,14719.0,26.887,328.0,37.19
2026-07-08 03:20:41,55.0,69.000              ,734.238,413.0,1067.0,0.0,55.125,55.125              ,55.125,55.125,55.125,55.125,55.125,55.125,55.125,31.011,19.475,42.574,34.942,41.24,5.322,37.12,13.352,28.129,2040.0,2040.0,2550.0,2550.0,2060.0,2060.0,2060.0,2060.0,2550.0,0.797,0.787,1.134,1.134,0.703,0.703,0.792,0.792,14.851,5470.0,14720.0,17.598,329.0,56.82
2026-07-08 03:20:42,55.0,69.000              ,732.73,375.0,1200.0,0.0,55.125,55.125              ,55.125,55.125,55.125,55.125,55.125,55.125,55.125,32.438,23.159,45.22,42.196,37.532,9.738,40.398,8.307,29.873,2180.0,2180.0,2725.0,2725.0,2180.0,2180.0,2180.0,2180.0,2725.0,0.819,0.829,1.325,1.325,0.723,0.723,0.778,0.778,15.146,5470.0,14719.0,17.221,330.0,58.07
2026-07-08 03:20:43,55.0,69.000              ,728.227,508.0,1200.0,0.0,55.25,55.250              ,55.25,55.25,55.25,55.25,55.25,55.25,55.25,46.426,35.628,54.954,41.258,57.21,22.181,49.279,23.169,41.263,2160.0,2160.0,2700.0,2700.0,2160.0,2160.0,2160.0,2160.0,2700.0,0.927,0.929,1.143,1.143,0.92,0.92,0.875,0.875,15.437,5458.0,14712.0,24.942,331.0,40.09
2026-07-08 03:20:44,55.0,71.000              ,732.434,406.0,1200.0,0.0,55.25,55.250              ,55.25,55.25,55.25,55.25,55.25,55.25,55.25,77.859,71.234,80.72,82.873,78.977,67.456,78.976,64.988,75.385,1980.0,1980.0,1980.0,1980.0,1650.0,1650.0,1650.0,1650.0,1980.0,0.849,0.848,0.953,0.957,0.819,0.819,0.836,0.837,15.285,5313.0,14715.0,40.085,332.0,24.95
2026-07-08 03:20:45,55.0,75.000              ,732.453,310.0,1200.0,0.0,55.25,55.250              ,55.25,55.25,55.25,55.25,55.25,55.25,55.25,85.44,79.002,86.927,88.322,85.986,80.722,84.619,81.448,84.058,1880.0,1880.0,1880.0,1880.0,1880.0,1880.0,1566.667,1566.667,1880.0,0.805,0.804,0.896,0.9,0.844,0.844,0.853,0.841,14.999,5135.0,14712.0,19.72,333.0,50.71
2026-07-08 03:20:46,55.0,81.000              ,772.16,406.0,1200.0,0.0,55.25,55.250              ,55.25,55.25,55.25,55.25,55.25,55.25,55.25,81.25,73.897,80.295,85.368,81.017,70.168,80.576,74.498,78.384,1600.0,1583.333,1583.333,1600.0,1600.0,1600.0,1600.0,1600.0,1600.0,0.8,0.786,0.901,0.895,0.787,0.787,0.84,0.851,14.82,5033.0,14776.0,89.402,334.0,11.19
2026-07-08 03:20:47,55.0,79.000              ,773.645,426.0,1200.0,0.0,55.25,55.250              ,55.25,55.25,55.25,55.25,55.25,55.25,55.25,69.128,61.41,71.201,69.767,68.712,51.349,74.266,43.852,63.711,1666.667,1666.667,1666.667,1683.333,2020.0,2020.0,1683.333,1683.333,2020.0,0.833,0.849,0.966,0.952,0.827,0.827,0.827,0.827,14.994,4907.0,14781.0,18.68,335.0,53.53
2026-07-08 03:20:48,55.0,72.000              ,773.645,381.0,1200.0,0.0,55.25,55.250              ,55.25,55.25,55.25,55.25,55.25,55.25,55.25,69.183,59.593,68.286,69.861,71.427,43.226,74.545,44.779,62.613,1733.333,1733.333,2060.0,2060.0,1716.667,1716.667,1716.667,1716.667,2060.0,0.867,0.865,0.982,0.996,0.833,0.833,0.872,0.873,15.02,4739.0,14784.0,19.961,336.0,50.1
2026-07-08 03:20:49,55.0,69.000              ,775.41,406.0,1200.0,0.0,55.25,55.250              ,55.25,55.25,55.25,55.25,55.25,55.25,55.25,70.972,57.548,64.477,69.226,73.166,42.197,70.643,38.91,60.892,1783.333,1783.333,2140.0,2160.0,1800.0,1800.0,1800.0,1800.0,2160.0,0.897,0.898,1.019,1.008,0.866,0.867,0.823,0.822,14.843,4576.0,14789.0,19.806,337.0,50.49
2026-07-08 03:20:50,55.0,69.000              ,775.41,400.0,1200.0,0.0,55.25,55.250              ,55.25,55.25,55.25,55.25,55.25,55.25,55.25,65.068,47.234,63.262,65.787,72.338,38.338,70.669,42.533,58.154,1800.0,1800.0,2160.0,2160.0,1800.0,1800.0,1800.0,1800.0,2160.0,0.813,0.813,1.008,1.019,0.855,0.854,0.901,0.901,15.196,4472.0,14791.0,19.358,338.0,51.66
2026-07-08 03:20:51,55.0,68.000              ,776.121,420.0,1200.0,0.0,55.25,55.250              ,55.25,55.25,55.25,55.25,55.25,55.25,55.25,58.223,54.509,62.543,63.861,62.32,51.095,65.588,41.596,57.467,1816.667,1816.667,2180.0,2180.0,1816.667,1816.667,1816.667,1466.667,2180.0,0.784,0.784,0.94,0.938,0.852,0.852,0.813,0.813,14.977,4332.0,14793.0,28.195,339.0,35.47
2026-07-08 03:20:52,55.0,68.000              ,778.5,469.0,1200.0,0.0,55.25,55.250              ,55.25,55.25,55.25,55.25,55.25,55.25,55.25,61.85,46.533,61.65,65.509,65.526,44.165,62.56,42.409,56.275,1816.667,1816.667,2180.0,2180.0,2180.0,2180.0,2180.0,2180.0,2180.0,0.797,0.797,0.979,0.979,0.816,0.816,0.792,0.792,14.972,4236.0,14799.0,19.856,340.0,50.36
2026-07-08 03:20:53,55.0,69.000              ,778.504,200.0,1200.0,0.0,55.25,55.250              ,55.25,55.25,55.25,55.25,55.25,55.25,55.25,66.773,55.301,69.108,66.962,70.589,55.852,70.166,54.164,63.614,1750.0,1750.0,2100.0,2120.0,1766.667,1766.667,1766.667,1766.667,2120.0,0.793,0.792,0.96,0.961,0.866,0.866,0.842,0.842,15.055,4119.0,14801.0,19.048,341.0,52.5
2026-07-08 03:20:54,55.0,68.000              ,777.66,381.0,1067.0,0.0,55.25,55.250              ,55.25,55.25,55.25,55.25,55.25,55.25,55.25,54.388,29.633,53.279,48.064,60.093,20.364,54.44,22.46,42.84,1733.333,1733.333,2080.0,2080.0,2080.0,2080.0,1733.333,1733.333,2080.0,0.803,0.805,0.966,0.964,0.787,0.787,0.77,0.774,14.752,4039.0,14797.0,19.597,342.0,51.03
2026-07-08 03:20:55,55.0,68.000              ,777.672,370.0,1067.0,0.0,55.25,55.250              ,55.25,55.25,55.25,55.25,55.25,55.25,55.25,48.083,29.322,50.379,43.636,51.5,11.535,55.634,15.192,38.16,1920.0,1920.0,2400.0,2375.0,1900.0,1900.0,1900.0,1900.0,2400.0,0.866,0.866,1.118,1.118,0.801,0.801,0.905,0.9,15.034,4039.0,14796.0,19.016,343.0,52.59
2026-07-08 03:20:56,55.0,70.000              ,770.422,387.0,1067.0,0.0,55.25,55.250              ,55.25,55.25,55.25,55.25,55.25,55.25,55.25,39.918,26.511,53.866,35.108,39.391,15.018,47.906,14.785,34.063,2060.0,2060.0,2575.0,2575.0,2060.0,2060.0,2040.0,2040.0,2575.0,0.865,0.863,1.146,1.148,0.766,0.766,0.91,0.91,14.788,4041.0,14791.0,20.46,344.0,48.88
2026-07-08 03:20:57,55.0,70.000              ,776.543,420.0,1200.0,0.0,55.25,55.250              ,55.25,55.25,55.25,55.25,55.25,55.25,55.25,35.593,29.455,50.649,31.274,43.189,10.858,49.936,11.615,32.821,2140.0,2140.0,2675.0,2675.0,2160.0,2160.0,2140.0,2140.0,2675.0,0.894,0.894,1.156,1.16,0.809,0.811,0.915,0.9,15.081,4044.0,14796.0,22.785,345.0,43.89
2026-07-08 03:20:58,55.0,70.000              ,779.555,350.0,1200.0,0.0,55.25,55.250              ,55.25,55.25,55.25,55.25,55.25,55.25,55.25,33.592,21.788,40.099,35.954,46.387,10.863,43.97,8.313,30.121,2120.0,2120.0,2650.0,2650.0,2120.0,2120.0,2120.0,2120.0,2650.0,0.845,0.849,1.162,1.157,0.853,0.851,0.844,0.863,15.185,4044.0,14801.0,17.382,346.0,57.53
2026-07-08 03:20:59,55.0,69.000              ,758.117,344.0,1200.0,0.0,55.25,55.250              ,55.25,55.25,55.25,55.25,55.25,55.25,55.25,39.129,26.711,52.624,32.382,49.954,7.566,51.781,10.794,33.868,2160.0,2160.0,2700.0,2700.0,2160.0,2160.0,2160.0,2160.0,2700.0,0.901,0.897,1.216,1.215,0.842,0.842,0.909,0.903,14.972,4045.0,14786.0,17.724,347.0,56.42
2026-07-08 03:21:00,55.0,69.000              ,758.109,200.0,1067.0,0.0,55.25,55.250              ,55.25,55.25,55.25,55.25,55.25,55.25,55.25,39.815,25.107,51.372,27.316,54.218,12.526,53.422,12.505,34.535,2120.0,2120.0,2650.0,2650.0,2120.0,2120.0,2120.0,2100.0,2650.0,0.901,0.901,1.029,1.029,0.992,0.992,0.989,0.989,15.057,4041.0,14787.0,18.08,348.0,55.31
2026-07-08 03:21:01,55.0,68.000              ,756.363,350.0,1067.0,0.0,55.25,55.250              ,55.25,55.25,55.25,55.25,55.25,55.25,55.25,45.803,25.077,46.745,28.739,47.119,9.187,50.139,16.524,33.667,2100.0,2100.0,2100.0,2100.0,2100.0,2100.0,2625.0,2625.0,2625.0,0.972,0.974,1.05,1.05,0.863,0.863,1.009,1.015,15.051,4049.0,14784.0,21.493,349.0,46.53
2026-07-08 03:21:02,55.0,69.000              ,756.371,200.0,1067.0,0.0,55.25,55.250              ,55.25,55.25,55.25,55.25,55.25,55.25,55.25,42.594,21.932,46.403,30.457,44.013,12.518,40.823,12.792,31.441,2220.0,2220.0,2800.0,2800.0,2240.0,2240.0,2220.0,2220.0,2800.0,0.968,0.965,1.195,1.199,0.912,0.912,0.919,0.912,14.99,4048.0,14764.0,18.836,350.0,53.09
2026-07-08 03:21:03,55.0,70.000              ,756.367,358.0,1067.0,0.0,55.25,55.250              ,55.25,55.25,55.25,55.25,55.25,55.25,55.25,39.79,25.973,47.59,32.701,43.066,15.146,44.31,15.594,33.021,2220.0,2220.0,2775.0,2775.0,2675.0,2675.0,2140.0,2140.0,2775.0,0.89,0.89,1.148,1.145,0.864,0.864,0.911,0.917,15.081,4052.0,14764.0,18.445,351.0,54.22
2026-07-08 03:21:04,55.0,70.000              ,756.363,338.0,1067.0,0.0,55.25,55.250              ,55.25,55.25,55.25,55.25,55.25,55.25,55.25,42.865,25.221,45.591,31.611,39.747,15.43,40.67,17.344,32.31,2260.0,2260.0,2260.0,2260.0,2260.0,2260.0,2825.0,2850.0,2850.0,0.958,0.958,1.206,1.208,0.891,0.891,0.953,0.957,14.953,4052.0,14763.0,19.22,352.0,52.03
2026-07-08 03:21:05,55.0,70.000              ,758.316,428.0,1200.0,0.0,55.25,55.250              ,55.25,55.25,55.25,55.25,55.25,55.25,55.25,32.321,24.26,38.895,27.989,42.961,5.257,39.347,10.479,27.689,2280.0,2280.0,2850.0,2850.0,2300.0,2300.0,2300.0,2300.0,2850.0,0.895,0.897,1.114,1.112,0.85,0.85,0.884,0.874,15.096,4053.0,14765.0,22.78,353.0,43.9
2026-07-08 03:21:06,55.0,69.000              ,758.094,350.0,1200.0,0.0,55.25,55.250              ,55.25,55.25,55.25,55.25,55.25,55.25,55.25,28.427,22.669,43.218,24.991,38.339,5.673,37.32,11.987,26.578,2220.0,2220.0,2775.0,2775.0,2220.0,2220.0,2220.0,2220.0,2775.0,0.878,0.88,1.185,1.185,0.797,0.797,0.907,0.907,14.949,4053.0,14765.0,17.375,354.0,57.55
2026-07-08 03:21:07,55.0,70.000              ,757.836,333.0,1200.0,0.0,55.25,55.250              ,55.25,55.25,55.25,55.25,55.25,55.25,55.25,30.41,23.365,44.068,30.064,45.082,5.815,37.624,10.254,28.335,2320.0,2320.0,2900.0,2900.0,2320.0,2320.0,2320.0,2320.0,2900.0,0.91,0.905,1.295,1.297,0.859,0.859,0.884,0.896,15.107,4055.0,14764.0,17.592,355.0,56.84
2026-07-08 03:21:08,55.0,70.000              ,757.836,315.0,1200.0,0.0,55.25,55.250              ,55.25,55.25,55.25,55.25,55.25,55.25,55.25,35.219,24.312,44.319,35.155,44.424,6.597,36.668,16.16,30.357,2240.0,2240.0,2240.0,2240.0,2260.0,2260.0,2825.0,2825.0,2825.0,0.931,0.931,1.348,1.346,0.838,0.838,0.93,0.918,15.013,4057.0,14764.0,17.656,356.0,56.64
2026-07-08 03:21:09,55.0,69.000              ,751.816,200.0,1067.0,0.0,55.25,55.250              ,55.25,55.25,55.25,55.25,55.25,55.25,55.25,45.424,21.771,36.982,36.396,44.868,9.697,45.108,14.942,31.899,2200.0,2200.0,2750.0,2750.0,2200.0,2200.0,2200.0,2200.0,2750.0,0.99,0.99,1.192,1.192,0.872,0.872,0.982,0.982,14.925,4056.0,14759.0,18.796,357.0,53.2
2026-07-08 03:21:10,55.0,69.000              ,747.207,375.0,1067.0,0.0,55.25,55.250              ,55.25,55.25,55.25,55.25,55.25,55.25,55.25,35.021,24.895,49.54,37.608,49.15,8.559,46.524,13.14,33.055,2220.0,2220.0,2775.0,2775.0,2220.0,2220.0,2220.0,2220.0,2775.0,0.87,0.874,1.291,1.291,0.894,0.88,0.919,0.919,15.112,4056.0,14757.0,19.14,358.0,52.25
2026-07-08 03:21:11,55.0,70.000              ,757.836,338.0,1200.0,0.0,55.25,55.250              ,55.25,55.25,55.25,55.25,55.25,55.25,55.25,33.21,27.749,53.181,32.3,55.31,13.924,50.849,11.538,34.758,2160.0,2160.0,2700.0,2700.0,2160.0,2160.0,2160.0,2160.0,2700.0,0.849,0.845,1.151,1.151,1.012,1.028,0.878,0.878,15.235,4061.0,14760.0,22.527,359.0,44.39
2026-07-08 03:21:12,55.0,70.000              ,757.844,375.0,1067.0,0.0,55.25,55.250              ,55.25,55.25,55.25,55.25,55.25,55.25,55.25,34.396,27.606,51.841,33.494,51.04,9.212,48.075,10.477,33.268,2140.0,2140.0,2675.0,2675.0,2140.0,2140.0,2140.0,2140.0,2675.0,0.89,0.89,1.21,1.21,0.899,0.902,0.897,0.899,14.85,4057.0,14760.0,18.692,360.0,53.5
2026-07-08 03:21:13,55.0,69.000              ,758.965,321.0,1200.0,0.0,55.25,55.250              ,55.25,55.25,55.25,55.25,55.25,55.25,55.25,37.733,28.096,47.969,34.129,53.954,10.523,45.888,10.088,33.547,2140.0,2140.0,2675.0,2675.0,2140.0,2140.0,2140.0,2140.0,2675.0,0.926,0.926,1.149,1.149,0.975,0.982,0.865,0.862,15.208,4061.0,14765.0,22.425,361.0,44.59
2026-07-08 03:21:14,55.0,70.000              ,758.961,326.0,1200.0,0.0,55.25,55.250              ,55.25,55.25,55.25,55.25,55.25,55.25,55.25,30.686,24.943,51.487,32.106,53.732,9.184,42.939,7.281,31.545,2180.0,2180.0,2725.0,2725.0,2180.0,2180.0,2180.0,2180.0,2725.0,0.859,0.859,1.26,1.26,1.002,0.993,0.822,0.822,14.987,4061.0,14765.0,18.166,362.0,55.05
2026-07-08 03:21:15,55.0,69.000              ,766.535,200.0,1067.0,0.0,55.25,55.250              ,55.25,55.25,55.25,55.25,55.25,55.25,55.25,42.746,30.221,49.713,38.167,56.727,10.906,52.03,14.867,36.922,2120.0,2120.0,2650.0,2650.0,2120.0,2120.0,2120.0,2120.0,2650.0,0.897,0.897,1.145,1.149,0.921,0.919,0.898,0.898,15.073,4067.0,14773.0,22.475,363.0,44.49
2026-07-08 03:21:16,55.0,70.000              ,766.555,375.0,1067.0,0.0,55.25,55.250              ,55.25,55.25,55.25,55.25,55.25,55.25,55.25,35.779,25.346,47.079,31.573,51.901,7.198,50.288,9.735,32.362,2100.0,2100.0,2600.0,2600.0,2080.0,2080.0,2080.0,2080.0,2600.0,0.844,0.844,1.097,1.093,0.896,0.902,0.891,0.891,14.887,4073.0,14772.0,18.369,364.0,54.44
2026-07-08 03:21:17,55.0,70.000              ,766.551,352.0,1200.0,0.0,55.25,55.250              ,55.25,55.25,55.25,55.25,55.25,55.25,55.25,40.745,27.393,44.008,32.148,45.469,6.907,56.207,9.985,32.858,2180.0,2180.0,2725.0,2725.0,2140.0,2140.0,2140.0,2140.0,2725.0,0.937,0.937,1.119,1.119,0.808,0.802,1.051,1.051,15.152,4072.0,14773.0,17.946,365.0,55.72
2026-07-08 03:21:18,55.0,70.000              ,766.523,344.0,1067.0,0.0,55.25,55.250              ,55.25,55.25,55.25,55.25,55.25,55.25,55.25,37.35,26.754,53.487,30.425,44.42,8.88,50.049,13.353,33.09,2240.0,2240.0,2800.0,2800.0,2240.0,2240.0,2240.0,2240.0,2800.0,0.878,0.878,1.248,1.248,0.847,0.849,1.019,1.011,14.904,4072.0,14770.0,18.258,366.0,54.77
2026-07-08 03:21:19,55.0,69.000              ,764.277,375.0,1067.0,0.0,55.25,55.250              ,55.25,55.25,55.25,55.25,55.25,55.25,55.25,37.624,27.571,46.681,32.756,48.612,7.152,54.235,8.052,32.835,2260.0,2260.0,2825.0,2800.0,2240.0,2240.0,2240.0,2240.0,2825.0,0.952,0.952,1.219,1.222,0.861,0.859,0.984,0.992,15.04,4071.0,14768.0,19.218,367.0,52.03
2026-07-08 03:21:20,55.0,69.000              ,764.223,400.0,1067.0,0.0,55.25,55.250              ,55.25,55.25,55.25,55.25,55.25,55.25,55.25,43.611,24.946,49.206,30.552,48.43,7.449,51.237,13.987,33.677,2200.0,2200.0,2750.0,2750.0,2200.0,2200.0,2180.0,2180.0,2750.0,0.933,0.936,1.137,1.122,0.828,0.83,0.974,0.974,15.065,4075.0,14767.0,23.357,368.0,42.81
2026-07-08 03:21:21,55.0,70.000              ,762.707,387.0,1067.0,0.0,55.25,55.250              ,55.25,55.25,55.25,55.25,55.25,55.25,55.25,42.789,27.459,45.656,28.484,48.774,6.995,53.163,7.293,32.577,2180.0,2180.0,2725.0,2725.0,2180.0,2180.0,2180.0,2180.0,2725.0,0.96,0.958,1.068,1.078,0.825,0.826,0.944,0.944,14.99,4076.0,14767.0,18.456,369.0,54.18
2026-07-08 03:21:22,55.0,71.000              ,759.754,375.0,1200.0,0.0,55.25,55.250              ,55.25,55.25,55.25,55.25,55.25,55.25,55.25,42.404,27.678,46.484,31.68,52.534,7.43,52.432,8.58,33.653,2750.0,2750.0,2750.0,2750.0,2200.0,2200.0,2200.0,2200.0,2750.0,0.925,0.925,1.109,1.109,0.933,0.93,0.949,0.95,15.169,4077.0,14766.0,18.16,370.0,55.07
2026-07-08 03:21:23,55.0,70.000              ,759.758,321.0,1067.0,0.0,55.25,55.250              ,55.25,55.25,55.25,55.25,55.25,55.25,55.25,40.698,30.016,47.151,34.845,53.772,9.672,44.697,12.331,34.148,2200.0,2200.0,2750.0,2750.0,2200.0,2200.0,2200.0,2200.0,2750.0,0.958,0.958,1.194,1.196,0.942,0.942,0.871,0.869,15.108,4077.0,14765.0,22.497,371.0,44.45
2026-07-08 03:21:24,55.0,69.000              ,759.762,358.0,1067.0,0.0,55.25,55.250              ,55.25,55.25,55.25,55.25,55.25,55.25,55.25,45.998,31.357,51.036,34.836,54.415,14.23,54.303,13.051,37.403,2140.0,2140.0,2675.0,2675.0,2140.0,2140.0,2140.0,2140.0,2675.0,0.927,0.927,1.078,1.077,0.91,0.91,0.874,0.874,14.944,4078.0,14764.0,21.918,372.0,45.62
2026-07-08 03:21:25,55.0,69.000              ,759.551,352.0,1067.0,0.0,55.25,55.250              ,55.25,55.25,55.25,55.25,55.25,55.25,55.25,44.372,26.063,49.909,37.556,55.527,15.166,55.514,13.66,37.221,2120.0,2120.0,2650.0,2650.0,2120.0,2120.0,2120.0,2120.0,2650.0,0.839,0.842,1.029,1.034,0.915,0.915,0.897,0.897,15.098,4077.0,14760.0,20.894,373.0,47.86
2026-07-08 03:21:26,55.0,69.000              ,752.074,200.0,1200.0,0.0,55.25,55.250              ,55.25,55.25,55.25,55.25,55.25,55.25,55.25,32.769,19.985,34.579,30.151,37.117,7.564,46.083,9.658,27.238,2200.0,2200.0,2200.0,2200.0,2200.0,2200.0,2725.0,2725.0,2725.0,0.857,0.855,1.065,1.064,0.769,0.769,0.987,0.987,14.762,4076.0,14754.0,25.753,374.0,38.83
2026-07-08 03:21:27,55.0,69.000              ,760.305,492.0,1200.0,0.0,55.25,55.250              ,55.25,55.25,55.25,55.25,55.25,55.25,55.25,30.425,20.627,46.765,31.841,43.288,9.161,46.035,11.604,29.968,2280.0,2280.0,2850.0,2850.0,2260.0,2260.0,2260.0,2260.0,2850.0,0.778,0.778,1.156,1.151,0.778,0.778,0.899,0.9,15.397,4083.0,14761.0,23.709,375.0,42.18
2026-07-08 03:21:28,55.0,69.000              ,760.301,200.0,933.0,0.0,55.5,55.500              ,55.5,55.5,55.5,55.5,55.5,55.5,55.5,17.522,12.738,57.369,15.958,39.97,4.725,26.155,16.239,23.834,1940.0,1940.0,2425.0,2425.0,1940.0,1940.0,1940.0,1940.0,2425.0,0.648,0.647,1.888,1.888,0.968,0.968,0.936,0.935,13.331,4103.0,14760.0,19.306,376.0,51.8
2026-07-08 03:21:29,55.0,34.000              ,760.301,200.0,1067.0,0.0,55.875,55.875              ,55.875,55.875,55.875,55.875,55.875,55.875,55.875,8.351,5.929,50.313,12.735,17.895,2.59,39.114,9.316,18.28,2333.333,2333.333,3500.0,3500.0,2333.333,2333.333,2800.0,2800.0,3500.0,0.665,0.665,2.248,2.248,0.76,0.76,1.417,1.417,12.596,4113.0,14677.0,0.0,377.0,
2026-07-08 03:21:30,55.0,0.000               ,760.301,200.0,1067.0,0.0,55.5,55.500              ,55.5,55.5,55.5,55.5,55.5,55.5,55.5,7.153,6.483,63.975,3.358,22.893,5.778,14.565,6.207,16.301,2333.333,2333.333,2333.333,2333.333,2800.0,2800.0,3500.0,3500.0,3500.0,0.695,0.695,2.033,2.038,1.016,1.016,0.834,0.845,12.009,3670.0,14148.0,0.0,378.0,
2026-07-08 03:21:31,56.0,0.000               ,760.301,200.0,933.0,0.0,56.0,56.000              ,56.0,56.0,56.0,56.0,56.0,56.0,56.0,15.053,10.778,58.96,5.872,27.093,7.764,18.2,10.987,19.338,2333.333,2333.333,3500.0,3500.0,2333.333,2333.333,2333.333,2333.333,3500.0,1.035,1.038,2.598,2.593,1.268,1.268,1.142,1.131,13.064,3633.0,13356.0,0.0,379.0,
2026-07-08 03:21:32,56.0,0.000               ,760.301,200.0,1200.0,0.0,56.125,56.125              ,56.125,56.125,56.125,56.125,56.125,56.125,56.125,12.853,14.081,44.995,22.122,27.946,19.358,36.31,13.557,23.903,2333.333,2333.333,3500.0,3500.0,2333.333,2333.333,2220.0,2220.0,3500.0,1.007,1.004,2.109,2.109,1.579,1.579,1.637,1.637,14.712,3430.0,13160.0,0.0,380.0,
2026-07-08 03:21:33,56.0,0.000               ,760.297,200.0,1200.0,0.0,56.5,56.500              ,56.5,56.5,56.5,56.5,56.5,56.5,56.5,11.6,17.739,59.732,16.432,16.434,9.536,12.1,7.981,18.944,2333.333,2333.333,3500.0,3500.0,2333.333,2333.333,2333.333,2333.333,3500.0,1.229,1.229,2.641,2.644,1.134,1.134,0.98,0.98,13.432,3235.0,12170.0,5571.804,381.0,0.18
2026-07-08 03:21:34,57.0,1.000               ,712.59,200.0,933.0,0.0,57.625,57.625              ,57.625,57.625,57.625,57.625,57.625,57.625,57.625,17.973,13.443,9.703,85.3,25.304,4.567,22.948,11.883,23.89,2316.667,2316.667,2316.667,2316.667,2316.667,2316.667,3475.0,3475.0,3475.0,1.143,1.143,3.642,3.652,1.054,1.054,1.084,1.084,14.537,3176.0,11956.0,0.0,382.0,
2026-07-08 03:21:35,58.0,1.000               ,712.59,200.0,933.0,0.0,58.25,58.250              ,58.25,58.25,58.25,58.25,58.25,58.25,58.25,5.178,4.56,2.077,81.831,39.001,2.291,14.205,6.698,19.48,2333.333,2333.333,2333.333,2333.333,3500.0,3500.0,2333.333,2333.333,3500.0,0.701,0.701,4.211,4.231,2.076,2.076,1.004,1.004,14.826,3075.0,11960.0,0.0,383.0,
2026-07-08 03:21:36,58.0,0.000               ,672.309,200.0,1200.0,0.0,58.5,58.500              ,58.5,58.5,58.5,58.5,58.5,58.5,58.5,18.643,7.653,7.481,85.196,41.51,6.626,13.258,2.763,22.891,2333.333,2333.333,3500.0,3500.0,2333.333,2333.333,2333.333,2333.333,3500.0,1.09,1.09,4.15,4.168,1.757,1.757,0.892,0.892,15.731,2895.0,11388.0,2241.049,384.0,0.45
2026-07-08 03:21:37,59.0,0.000               ,672.309,200.0,933.0,0.0,59.0,59.000              ,59.0,59.0,59.0,59.0,59.0,59.0,59.0,8.771,8.976,1.785,90.535,11.713,3.481,14.588,4.19,18.005,2333.333,2333.333,3500.0,3500.0,3275.0,3275.0,2620.0,2620.0,3500.0,0.872,0.872,4.955,4.987,0.835,0.835,1.061,1.067,14.417,2873.0,11367.0,0.0,385.0,
2026-07-08 03:21:38,59.0,0.000               ,672.309,200.0,933.0,0.0,59.375,59.375              ,59.375,59.375,59.375,59.375,59.375,59.375,59.375,2.235,1.29,1.214,95.733,5.866,1.747,5.149,0.78,14.252,2333.333,2333.333,3500.0,3500.0,2333.333,2333.333,2333.333,2333.333,3500.0,0.212,0.212,4.897,4.852,0.772,0.78,0.302,0.295,12.761,2937.0,11440.0,0.0,386.0,
2026-07-08 03:21:39,58.0,0.000               ,669.559,200.0,1200.0,0.0,58.25,58.250              ,58.25,58.25,58.25,58.25,58.25,58.25,58.25,10.792,3.104,6.26,63.96,31.741,3.694,25.311,1.671,18.317,2333.333,2333.333,3500.0,3500.0,2333.333,2333.333,1555.556,1555.556,3500.0,0.697,0.697,2.812,2.733,1.389,1.379,0.967,0.967,13.192,2971.0,11209.0,3328.308,387.0,0.3
2026-07-08 03:21:40,57.0,0.000               ,567.859,200.0,1200.0,0.0,57.75,57.750              ,57.75,57.75,57.75,57.75,57.75,57.75,57.75,21.814,5.135,7.619,61.882,34.446,4.137,20.975,7.568,20.447,2333.333,2333.333,3500.0,3500.0,2333.333,2333.333,2333.333,2333.333,3500.0,1.116,1.12,2.668,2.668,1.498,1.498,1.16,1.16,14.059,2932.0,10633.0,1295.292,388.0,0.77
2026-07-08 03:21:41,57.0,20.000              ,567.859,200.0,1067.0,0.0,57.5,57.500              ,57.5,57.5,57.5,57.5,57.5,57.5,57.5,40.232,19.261,46.397,43.252,37.259,10.705,42.723,13.775,31.7,3325.0,3325.0,2660.0,2660.0,2660.0,2660.0,2660.0,2660.0,3325.0,1.437,1.433,2.405,2.409,1.348,1.348,1.547,1.547,17.021,2793.0,10633.0,50.238,389.0,19.91
2026-07-08 03:21:42,57.0,45.000              ,567.859,200.0,933.0,0.0,57.375,57.375              ,57.375,57.375,57.375,57.375,57.375,57.375,57.375,18.208,10.952,69.967,12.191,18.759,4.569,18.691,2.004,19.418,2283.333,2283.333,3450.0,3450.0,2300.0,2300.0,2300.0,2316.667,3450.0,0.975,0.975,2.281,2.277,0.938,0.938,0.857,0.857,13.842,2790.0,10628.0,46.651,390.0,21.44
2026-07-08 03:21:43,57.0,49.000              ,597.566,200.0,933.0,0.0,57.25,57.250              ,57.25,57.25,57.25,57.25,57.25,57.25,57.25,27.143,15.84,64.508,16.292,26.407,4.084,24.405,4.07,22.844,2333.333,2333.333,3500.0,3500.0,2333.333,2333.333,2333.333,2333.333,3500.0,1.285,1.288,2.241,2.25,1.067,1.085,0.969,0.969,14.991,2818.0,10610.0,35.545,391.0,28.13
2026-07-08 03:21:44,56.0,57.000              ,597.566,200.0,933.0,0.0,56.625,56.625              ,56.625,56.625,56.625,56.625,56.625,56.625,56.625,26.635,9.951,51.083,12.765,29.173,3.021,17.507,2.068,19.025,2333.333,2333.333,3500.0,3500.0,2333.333,2333.333,3400.0,3400.0,3500.0,1.14,1.14,1.795,1.786,1.089,1.07,0.837,0.837,14.215,2818.0,10610.0,17.458,392.0,57.28
2026-07-08 03:21:45,56.0,63.000              ,597.566,200.0,933.0,0.0,56.375,56.375              ,56.375,56.375,56.375,56.375,56.375,56.375,56.375,24.325,12.061,57.558,13.552,30.29,2.579,20.904,3.158,20.553,2333.333,2333.333,3500.0,3500.0,2333.333,2333.333,2333.333,2333.333,3500.0,1.082,1.078,1.963,1.963,1.082,1.082,0.874,0.874,14.466,2812.0,10610.0,18.0,393.0,55.56
2026-07-08 03:21:46,56.0,61.000              ,597.566,200.0,933.0,0.0,56.0,56.000              ,56.0,56.0,56.0,56.0,56.0,56.0,56.0,23.735,12.285,46.129,15.767,30.965,0.649,25.409,1.537,19.559,2333.333,2333.333,2333.333,2333.333,2333.333,2333.333,3500.0,3500.0,3500.0,1.142,1.142,1.768,1.77,1.119,1.119,0.97,0.97,14.421,2811.0,10573.0,17.558,394.0,56.95
2026-07-08 03:21:47,55.0,61.000              ,597.586,200.0,933.0,0.0,55.75,55.750              ,55.75,55.75,55.75,55.75,55.75,55.75,55.75,19.141,17.155,47.087,13.038,37.355,1.922,15.262,3.985,19.368,2333.333,2333.333,3500.0,3500.0,2333.333,2333.333,2333.333,2333.333,3500.0,1.107,1.107,1.663,1.66,1.113,1.113,0.774,0.774,14.058,2811.0,10574.0,20.766,395.0,48.16
2026-07-08 03:21:48,55.0,61.000              ,597.586,200.0,933.0,0.0,55.625,55.625              ,55.625,55.625,55.625,55.625,55.625,55.625,55.625,9.589,9.151,57.158,10.026,24.447,0.406,8.387,1.558,15.09,2333.333,2333.333,2333.333,2333.333,3500.0,3500.0,2333.333,2333.333,3500.0,0.812,0.812,1.874,1.874,0.935,0.935,0.628,0.628,12.497,2658.0,10424.0,17.081,396.0,58.54
2026-07-08 03:21:49,54.0,31.000              ,597.586,200.0,933.0,0.0,54.125,54.125              ,54.125,54.125,54.125,54.125,54.125,54.125,54.125,5.201,2.723,11.09,4.307,2.401,0.89,5.937,3.547,4.512,1400.0,1400.0,1400.0,1400.0,1400.0,1400.0,1400.0,1400.0,1400.0,0.14,0.14,0.523,0.523,0.031,0.031,0.214,0.214,5.956,2594.0,9761.0,0.0,397.0,
2026-07-08 03:21:50,54.0,0.000               ,392.637,200.0,1200.0,0.0,54.875,54.875              ,54.875,54.875,54.875,54.875,54.875,54.875,54.875,22.149,18.913,25.451,41.696,32.495,17.179,18.254,13.07,23.651,2333.333,2333.333,3500.0,3500.0,2333.333,2333.333,2333.333,2333.333,3500.0,1.348,1.348,2.775,2.775,1.74,1.74,1.139,1.139,14.255,2423.0,8840.0,0.0,398.0,
2026-07-08 03:21:51,56.0,4.000               ,392.66,200.0,933.0,0.0,56.25,56.250              ,56.25,56.25,56.25,56.25,56.25,56.25,56.25,23.838,19.402,79.957,12.379,35.022,19.955,21.522,21.853,29.241,2333.333,2333.333,3500.0,3500.0,2800.0,2800.0,2333.333,2333.333,3500.0,1.606,1.606,4.392,4.392,2.044,2.044,1.682,1.687,17.003,2492.0,8784.0,0.0,399.0,
