08-07-2026 02:47:39,GPU temperature,GPU usage,Memory usage,Core clock,Memory clock,Fan tachometer,CPU1 temperature,CPU2 temperature,CPU3 temperature,CPU4 temperature,CPU5 temperature,CPU6 temperature,CPU7 temperature,CPU8 temperature,CPU temperature,CPU1 usage,CPU2 usage,CPU3 usage,CPU4 usage,CPU5 usage,CPU6 usage,CPU7 usage,CPU8 usage,CPU usage,CPU1 clock,CPU2 clock,CPU3 clock,CPU4 clock,CPU5 clock,CPU6 clock,CPU7 clock,CPU8 clock,CPU clock,CPU1 power,CPU2 power,CPU3 power,CPU4 power,CPU5 power,CPU6 power,CPU7 power,CPU8 power,CPU power,RAM usage,Commit charge,frametime,elapsed,fps
2026-07-08 02:47:39,0.0,°C                  ,0.0,100.0,10.0,,,,,,,,,,,,,,,,,,,,,,,,,,,,,,,,,,,,,,,,,0.0,
2026-07-08 02:47:39,1.0,%                   ,0.0,100.0,10.0,,,,,,,,,,,,,,,,,,,,,,,,,,,,,,,,,,,,,,,,,0.0,
2026-07-08 02:47:39,2.0,MB                  ,0.0,8192.0,10.0,,,,,,,,,,,,,,,,,,,,,,,,,,,,,,,,,,,,,,,,,0.0,
2026-07-08 02:47:39,3.0,MHz                 ,0.0,2500.0,10.0,,,,,,,,,,,,,,,,,,,,,,,,,,,,,,,,,,,,,,,,,0.0,
2026-07-08 02:47:39,4.0,MHz                 ,0.0,7500.0,10.0,,,,,,,,,,,,,,,,,,,,,,,,,,,,,,,,,,,,,,,,,0.0,
2026-07-08 02:47:39,5.0,RPM                 ,0.0,10000.0,10.0,,,,,,,,,,,,,,,,,,,,,,,,,,,,,,,,,,,,,,,,,0.0,
2026-07-08 02:47:39,6.0,°C                  ,0.0,100.0,10.0,,,,,,,,,,,,,,,,,,,,,,,,,,,,,,,,,,,,,,,,,0.0,
2026-07-08 02:47:39,7.0,°C                  ,0.0,100.0,10.0,,,,,,,,,,,,,,,,,,,,,,,,,,,,,,,,,,,,,,,,,0.0,
2026-07-08 02:47:39,8.0,°C                  ,0.0,100.0,10.0,,,,,,,,,,,,,,,,,,,,,,,,,,,,,,,,,,,,,,,,,0.0,
2026-07-08 02:47:39,9.0,°C                  ,0.0,100.0,10.0,,,,,,,,,,,,,,,,,,,,,,,,,,,,,,,,,,,,,,,,,0.0,
2026-07-08 02:47:39,10.0,°C                  ,0.0,100.0,10.0,,,,,,,,,,,,,,,,,,,,,,,,,,,,,,,,,,,,,,,,,0.0,
2026-07-08 02:47:39,11.0,°C                  ,0.0,100.0,10.0,,,,,,,,,,,,,,,,,,,,,,,,,,,,,,,,,,,,,,,,,0.0,
2026-07-08 02:47:39,12.0,°C                  ,0.0,100.0,10.0,,,,,,,,,,,,,,,,,,,,,,,,,,,,,,,,,,,,,,,,,0.0,
2026-07-08 02:47:39,13.0,°C                  ,0.0,100.0,10.0,,,,,,,,,,,,,,,,,,,,,,,,,,,,,,,,,,,,,,,,,0.0,
2026-07-08 02:47:39,14.0,°C                  ,0.0,100.0,10.0,,,,,,,,,,,,,,,,,,,,,,,,,,,,,,,,,,,,,,,,,0.0,
2026-07-08 02:47:39,15.0,%                   ,0.0,100.0,10.0,,,,,,,,,,,,,,,,,,,,,,,,,,,,,,,,,,,,,,,,,0.0,
2026-07-08 02:47:39,16.0,%                   ,0.0,100.0,10.0,,,,,,,,,,,,,,,,,,,,,,,,,,,,,,,,,,,,,,,,,0.0,
2026-07-08 02:47:39,17.0,%                   ,0.0,100.0,10.0,,,,,,,,,,,,,,,,,,,,,,,,,,,,,,,,,,,,,,,,,0.0,
2026-07-08 02:47:39,18.0,%                   ,0.0,100.0,10.0,,,,,,,,,,,,,,,,,,,,,,,,,,,,,,,,,,,,,,,,,0.0,
2026-07-08 02:47:39,19.0,%                   ,0.0,100.0,10.0,,,,,,,,,,,,,,,,,,,,,,,,,,,,,,,,,,,,,,,,,0.0,
2026-07-08 02:47:39,20.0,%                   ,0.0,100.0,10.0,,,,,,,,,,,,,,,,,,,,,,,,,,,,,,,,,,,,,,,,,0.0,
2026-07-08 02:47:39,21.0,%                   ,0.0,100.0,10.0,,,,,,,,,,,,,,,,,,,,,,,,,,,,,,,,,,,,,,,,,0.0,
2026-07-08 02:47:39,22.0,%                   ,0.0,100.0,10.0,,,,,,,,,,,,,,,,,,,,,,,,,,,,,,,,,,,,,,,,,0.0,
2026-07-08 02:47:39,23.0,%                   ,0.0,100.0,10.0,,,,,,,,,,,,,,,,,,,,,,,,,,,,,,,,,,,,,,,,,0.0,
2026-07-08 02:47:39,24.0,MHz                 ,0.0,5000.0,10.0,,,,,,,,,,,,,,,,,,,,,,,,,,,,,,,,,,,,,,,,,0.0,
2026-07-08 02:47:39,25.0,MHz                 ,0.0,5000.0,10.0,,,,,,,,,,,,,,,,,,,,,,,,,,,,,,,,,,,,,,,,,0.0,
2026-07-08 02:47:39,26.0,MHz                 ,0.0,5000.0,10.0,,,,,,,,,,,,,,,,,,,,,,,,,,,,,,,,,,,,,,,,,0.0,
2026-07-08 02:47:39,27.0,MHz                 ,0.0,5000.0,10.0,,,,,,,,,,,,,,,,,,,,,,,,,,,,,,,,,,,,,,,,,0.0,
2026-07-08 02:47:39,28.0,MHz                 ,0.0,5000.0,10.0,,,,,,,,,,,,,,,,,,,,,,,,,,,,,,,,,,,,,,,,,0.0,
2026-07-08 02:47:39,29.0,MHz                 ,0.0,5000.0,10.0,,,,,,,,,,,,,,,,,,,,,,,,,,,,,,,,,,,,,,,,,0.0,
2026-07-08 02:47:39,30.0,MHz                 ,0.0,5000.0,10.0,,,,,,,,,,,,,,,,,,,,,,,,,,,,,,,,,,,,,,,,,0.0,
2026-07-08 02:47:39,31.0,MHz                 ,0.0,5000.0,10.0,,,,,,,,,,,,,,,,,,,,,,,,,,,,,,,,,,,,,,,,,0.0,
2026-07-08 02:47:39,32.0,MHz                 ,0.0,5000.0,10.0,,,,,,,,,,,,,,,,,,,,,,,,,,,,,,,,,,,,,,,,,0.0,
2026-07-08 02:47:39,33.0,W                   ,0.0,200.0,10.0,,,%.1f                ,,,,,,,,,,,,,,,,,,,,,,,,,,,,,,,,,,,,,,0.0,
2026-07-08 02:47:39,34.0,W                   ,0.0,200.0,10.0,,,%.1f                ,,,,,,,,,,,,,,,,,,,,,,,,,,,,,,,,,,,,,,0.0,
2026-07-08 02:47:39,35.0,W                   ,0.0,200.0,10.0,,,%.1f                ,,,,,,,,,,,,,,,,,,,,,,,,,,,,,,,,,,,,,,0.0,
2026-07-08 02:47:39,36.0,W                   ,0.0,200.0,10.0,,,%.1f                ,,,,,,,,,,,,,,,,,,,,,,,,,,,,,,,,,,,,,,0.0,
2026-07-08 02:47:39,37.0,W                   ,0.0,200.0,10.0,,,%.1f                ,,,,,,,,,,,,,,,,,,,,,,,,,,,,,,,,,,,,,,0.0,
2026-07-08 02:47:39,38.0,W                   ,0.0,200.0,10.0,,,%.1f                ,,,,,,,,,,,,,,,,,,,,,,,,,,,,,,,,,,,,,,0.0,
2026-07-08 02:47:39,39.0,W                   ,0.0,200.0,10.0,,,%.1f                ,,,,,,,,,,,,,,,,,,,,,,,,,,,,,,,,,,,,,,0.0,
2026-07-08 02:47:39,40.0,W                   ,0.0,200.0,10.0,,,%.1f                ,,,,,,,,,,,,,,,,,,,,,,,,,,,,,,,,,,,,,,0.0,
2026-07-08 02:47:39,41.0,W                   ,0.0,200.0,10.0,,,%.1f                ,,,,,,,,,,,,,,,,,,,,,,,,,,,,,,,,,,,,,,0.0,
2026-07-08 02:47:39,42.0,MB                  ,0.0,16384.0,10.0,,,,,,,,,,,,,,,,,,,,,,,,,,,,,,,,,,,,,,,,,0.0,
2026-07-08 02:47:39,43.0,MB                  ,0.0,16384.0,10.0,,,,,,,,,,,,,,,,,,,,,,,,,,,,,,,,,,,,,,,,,0.0,
2026-07-08 02:47:39,44.0,ms                  ,0.0,50.0,10.0,,,%.1f                ,,,,,,,,,,,,,,,,,,,,,,,,,,,,,,,,,,,,,,0.0,
2026-07-08 02:47:41,52.0,0.000               ,393.848,200.0,1200.0,0.0,52.875,52.875              ,52.875,52.875,52.875,52.875,52.875,52.875,52.875,N/A                 ,N/A                 ,N/A                 ,N/A                 ,N/A                 ,N/A                 ,N/A                 ,N/A                 ,N/A                 ,N/A                 ,N/A                 ,N/A                 ,N/A                 ,N/A                 ,N/A                 ,N/A                 ,N/A                 ,N/A                 ,0.0,0.0,0.0,0.0,0.0,0.0,0.0,0.0,0.0,3326.0,8779.0,,2.0,
2026-07-08 02:47:42,54.0,0.000               ,399.27,200.0,933.0,0.0,54.5,54.500              ,54.5,54.5,54.5,54.5,54.5,54.5,54.5,52.106              ,22.685              ,31.656              ,86.258              ,43.044              ,42.125              ,48.188              ,32.714              ,44.847              ,3350.000            ,3350.000            ,2680.000            ,3450.000            ,3450.000            ,3450.000            ,3450.000            ,3450.000            ,3450.000            ,2.593,2.589,4.176,4.226,2.846,2.846,2.901,2.902,20.912,3435.0,8884.0,,3.0,
2026-07-08 02:47:43,53.0,1.000               ,399.27,200.0,1067.0,0.0,53.625,53.625              ,53.625,53.625,53.625,53.625,53.625,53.625,53.625,17.220              ,6.447               ,7.323               ,61.870              ,24.522              ,7.103               ,14.739              ,10.557              ,18.723              ,3500.000            ,3500.000            ,3500.000            ,3500.000            ,2283.333            ,2283.333            ,3500.000            ,3500.000            ,3500.000            ,1.016,1.001,2.435,2.355,1.239,1.239,1.092,1.093,14.355,3748.0,9220.0,,4.0,
2026-07-08 02:47:44,53.0,2.000               ,399.27,200.0,933.0,0.0,53.625,53.625              ,53.625,53.625,53.625,53.625,53.625,53.625,53.625,16.312              ,3.056               ,12.623              ,65.389              ,30.666              ,3.915               ,21.447              ,10.350              ,20.470              ,2333.333            ,2333.333            ,3500.000            ,3500.000            ,2333.333            ,2333.333            ,2333.333            ,2333.333            ,3500.000            ,0.816,0.829,2.887,2.893,1.397,1.397,1.33,1.327,14.77,4022.0,9517.0,0.0,5.0,
2026-07-08 02:47:46,56.0,2.000               ,407.637,200.0,1200.0,0.0,56.375,56.375              ,56.375,56.375,56.375,56.375,56.375,56.375,56.375,41.676              ,25.101              ,21.335              ,57.169              ,65.652              ,55.855              ,35.422              ,12.879              ,39.386              ,2333.333            ,2333.333            ,3500.000            ,3500.000            ,3500.000            ,3500.000            ,3500.000            ,3500.000            ,3500.000            ,1.843,1.843,2.795,2.793,2.96,2.96,1.574,1.574,18.815,4123.0,9628.0,0.0,7.0,
2026-07-08 02:47:47,56.0,0.000               ,407.637,200.0,933.0,0.0,56.25,56.250              ,56.25,56.25,56.25,56.25,56.25,56.25,56.25,19.356              ,12.902              ,3.154               ,2.614               ,72.558              ,34.806              ,4.561               ,3.528               ,19.185              ,2333.333            ,2333.333            ,2333.333            ,2333.333            ,3500.000            ,3500.000            ,2333.333            ,2333.333            ,3500.000            ,1.517,1.517,0.51,0.51,3.776,3.776,0.551,0.552,14.081,4120.0,9629.0,0.0,8.0,
2026-07-08 02:47:48,55.0,0.000               ,407.637,200.0,933.0,0.0,55.375,55.375              ,55.375,55.375,55.375,55.375,55.375,55.375,55.375,18.777              ,6.288               ,5.097               ,6.453               ,64.607              ,7.834               ,5.659               ,5.410               ,15.016              ,2333.333            ,2333.333            ,2333.333            ,2333.333            ,3500.000            ,3500.000            ,2333.333            ,2333.333            ,3500.000            ,1.04,1.04,0.658,0.658,2.843,2.843,0.624,0.624,12.853,4203.0,9713.0,0.0,9.0,
2026-07-08 02:47:49,55.0,0.000               ,444.816,200.0,1067.0,0.0,55.75,55.750              ,55.75,55.75,55.75,55.75,55.75,55.75,55.75,36.144              ,16.250              ,14.286              ,6.174               ,70.929              ,26.087              ,13.379              ,6.430               ,23.710              ,2333.333            ,2333.333            ,2333.333            ,2333.333            ,3500.000            ,3500.000            ,2333.333            ,2333.333            ,3500.000            ,1.979,1.979,0.989,0.99,3.493,3.493,0.966,0.966,15.179,4230.0,9853.0,0.0,10.0,
2026-07-08 02:47:50,56.0,2.000               ,463.418,200.0,1200.0,0.0,56.375,56.375              ,56.375,56.375,56.375,56.375,56.375,56.375,56.375,31.836              ,33.781              ,20.901              ,9.046               ,64.581              ,48.900              ,22.210              ,9.502               ,30.095              ,2333.333            ,2333.333            ,2333.333            ,2333.333            ,3500.000            ,3500.000            ,3500.000            ,3500.000            ,3500.000            ,2.326,2.326,1.207,1.211,4.12,4.12,1.276,1.276,17.423,4384.0,10061.0,0.0,11.0,
2026-07-08 02:47:51,57.0,5.000               ,490.949,200.0,933.0,0.0,57.125,57.125              ,57.125,57.125,57.125,57.125,57.125,57.125,57.125,38.747              ,38.390              ,23.556              ,18.417              ,67.733              ,49.219              ,24.370              ,17.362              ,34.724              ,2333.333            ,2333.333            ,2333.333            ,2333.333            ,3500.000            ,3500.000            ,2333.333            ,2333.333            ,3500.000            ,2.307,2.314,1.22,1.215,3.763,3.763,1.261,1.261,17.691,4494.0,10178.0,0.0,12.0,
2026-07-08 02:47:52,56.0,3.000               ,485.34,200.0,933.0,0.0,56.625,56.625              ,56.625,56.625,56.625,56.625,56.625,56.625,56.625,14.889              ,16.304              ,4.080               ,11.418              ,67.988              ,11.878              ,5.947               ,3.716               ,17.028              ,2333.333            ,2333.333            ,2333.333            ,2333.333            ,3500.000            ,3500.000            ,2333.333            ,2333.333            ,3500.000            ,1.102,1.096,0.738,0.74,2.929,2.929,0.568,0.568,12.242,4584.0,10243.0,0.0,13.0,
2026-07-08 02:47:53,56.0,0.000               ,486.574,200.0,933.0,0.0,56.375,56.375              ,56.375,56.375,56.375,56.375,56.375,56.375,56.375,19.207              ,10.059              ,10.325              ,20.921              ,66.948              ,26.817              ,22.042              ,2.705               ,22.378              ,2333.333            ,2333.333            ,2333.333            ,2333.333            ,3500.000            ,3500.000            ,2333.333            ,2333.333            ,3500.000            ,1.211,1.211,1.265,1.284,4.087,4.087,1.204,1.204,14.552,4611.0,10272.0,0.0,14.0,
2026-07-08 02:47:54,56.0,0.000               ,525.57,200.0,1067.0,0.0,56.625,56.625              ,56.625,56.625,56.625,56.625,56.625,56.625,56.625,36.207              ,23.352              ,50.160              ,30.293              ,41.903              ,37.899              ,46.930              ,29.256              ,37.000              ,2780.000            ,2780.000            ,3475.000            ,3475.000            ,3475.000            ,3475.000            ,3475.000            ,3475.000            ,3475.000            ,1.92,1.92,2.105,2.098,2.956,3.012,3.004,2.959,17.61,4645.0,10356.0,0.0,15.0,
2026-07-08 02:47:55,56.0,24.000              ,525.57,200.0,933.0,0.0,56.75,56.750              ,56.75,56.75,56.75,56.75,56.75,56.75,56.75,28.579              ,17.369              ,24.633              ,16.195              ,49.630              ,21.076              ,41.876              ,29.645              ,28.625              ,2333.333            ,2333.333            ,2333.333            ,2333.333            ,3500.000            ,3500.000            ,2333.333            ,2333.333            ,3500.000            ,1.27,1.27,1.246,1.246,3.217,3.166,3.228,3.285,18.005,4639.0,10353.0,0.0,16.0,
2026-07-08 02:47:56,57.0,48.000              ,525.57,200.0,933.0,0.0,57.0,57.000              ,57.0,57.0,57.0,57.0,57.0,57.0,57.0,31.749              ,13.941              ,28.573              ,17.481              ,30.312              ,18.243              ,77.210              ,4.150               ,27.707              ,2333.333            ,2333.333            ,2333.333            ,2333.333            ,3500.000            ,3500.000            ,2333.333            ,2333.333            ,3500.000            ,1.486,1.486,1.432,1.432,2.024,2.024,4.288,4.28,18.336,4640.0,10349.0,0.0,17.0,
2026-07-08 02:47:57,57.0,48.000              ,525.57,200.0,933.0,0.0,57.875,57.875              ,57.875,57.875,57.875,57.875,57.875,57.875,57.875,42.241              ,16.958              ,36.808              ,43.023              ,41.944              ,30.649              ,67.092              ,8.724               ,35.930              ,2333.333            ,2333.333            ,3500.000            ,3500.000            ,2333.333            ,2333.333            ,3500.000            ,3500.000            ,3500.000            ,2.057,2.057,2.281,2.281,3.48,3.48,3.271,3.271,19.842,4641.0,10341.0,0.0,18.0,
2026-07-08 02:47:58,58.0,49.000              ,556.855,200.0,1200.0,0.0,58.375,58.375              ,58.375,58.375,58.375,58.375,58.375,58.375,58.375,43.556              ,16.931              ,49.573              ,40.180              ,60.842              ,11.470              ,47.959              ,20.911              ,36.428              ,3400.000            ,3400.000            ,2720.000            ,3450.000            ,2300.000            ,2300.000            ,3450.000            ,3450.000            ,3450.000            ,2.021,2.024,2.516,2.521,3.242,3.301,2.991,2.991,21.103,4622.0,10355.0,0.0,19.0,
2026-07-08 02:47:59,58.0,55.000              ,578.449,200.0,933.0,0.0,58.75,58.750              ,58.75,58.75,58.75,58.75,58.75,58.75,58.75,29.175              ,18.756              ,46.946              ,34.290              ,65.587              ,17.320              ,24.374              ,16.627              ,31.634              ,3325.000            ,3325.000            ,3400.000            ,3400.000            ,3400.000            ,3400.000            ,1942.857            ,1942.857            ,3400.000            ,1.537,1.533,2.329,2.324,4.169,4.138,1.491,1.493,19.989,4632.0,10393.0,0.0,20.0,
2026-07-08 02:48:00,58.0,57.000              ,575.645,200.0,933.0,0.0,57.875,57.875              ,57.875,57.875,57.875,57.875,57.875,57.875,57.875,26.000              ,17.707              ,53.942              ,17.478              ,40.572              ,5.100               ,29.094              ,11.166              ,25.132              ,2333.333            ,2333.333            ,2333.333            ,2333.333            ,3500.000            ,3500.000            ,2333.333            ,2333.333            ,3500.000            ,1.356,1.356,2.014,2.014,1.405,1.405,1.447,1.425,15.293,4658.0,10421.0,0.0,21.0,
2026-07-08 02:48:01,58.0,50.000              ,575.777,200.0,933.0,0.0,58.25,58.250              ,58.25,58.25,58.25,58.25,58.25,58.25,58.25,13.198              ,18.893              ,26.397              ,4.783               ,18.181              ,1.389               ,55.592              ,1.669               ,17.513              ,2333.333            ,2333.333            ,3500.000            ,3500.000            ,2333.333            ,2333.333            ,2333.333            ,2333.333            ,3500.000            ,1.423,1.423,1.285,1.285,0.886,0.875,2.672,2.713,14.417,4683.0,10441.0,0.0,22.0,
2026-07-08 02:48:02,57.0,51.000              ,573.734,200.0,933.0,0.0,57.125,57.125              ,57.125,57.125,57.125,57.125,57.125,57.125,57.125,18.029              ,15.587              ,51.476              ,11.767              ,36.884              ,2.377               ,15.274              ,3.802               ,19.399              ,2333.333            ,2333.333            ,3500.000            ,3500.000            ,2333.333            ,2333.333            ,2333.333            ,2333.333            ,3500.000            ,1.128,1.128,1.823,1.823,1.198,1.214,0.794,0.794,13.91,4685.0,10441.0,0.0,23.0,
2026-07-08 02:48:03,56.0,52.000              ,573.773,200.0,933.0,0.0,56.625,56.625              ,56.625,56.625,56.625,56.625,56.625,56.625,56.625,15.368              ,12.804              ,51.113              ,10.804              ,21.544              ,2.922               ,19.244              ,2.884               ,17.085              ,2333.333            ,2333.333            ,3500.000            ,3500.000            ,2333.333            ,2333.333            ,2333.333            ,2333.333            ,3500.000            ,1.014,1.014,1.831,1.831,1.003,1.003,0.856,0.856,13.688,4685.0,10438.0,0.0,24.0,
2026-07-08 02:48:04,56.0,55.000              ,573.746,200.0,1200.0,0.0,56.875,56.875              ,56.875,56.875,56.875,56.875,56.875,56.875,56.875,45.683              ,40.432              ,51.741              ,26.608              ,41.557              ,15.590              ,38.730              ,29.481              ,36.228              ,2333.333            ,2333.333            ,2333.333            ,2333.333            ,3500.000            ,3500.000            ,2333.333            ,2333.333            ,3500.000            ,2.134,2.134,2.074,2.078,1.658,1.658,1.906,1.906,18.205,4706.0,10466.0,0.0,25.0,
2026-07-08 02:48:05,55.0,59.000              ,566.656,200.0,933.0,0.0,55.875,55.875              ,55.875,55.875,55.875,55.875,55.875,55.875,55.875,17.094              ,14.459              ,42.642              ,11.140              ,22.786              ,1.917               ,18.193              ,7.479               ,16.964              ,2600.000            ,2600.000            ,3500.000            ,3500.000            ,2333.333            ,2333.333            ,2333.333            ,2333.333            ,3500.000            ,0.979,0.979,1.413,1.409,0.82,0.82,0.953,0.953,13.026,4705.0,10456.0,0.0,26.0,
2026-07-08 02:48:06,56.0,59.000              ,566.66,200.0,1200.0,0.0,56.875,56.875              ,56.875,56.875,56.875,56.875,56.875,56.875,56.875,64.477              ,51.206              ,67.850              ,59.588              ,65.790              ,45.036              ,73.882              ,53.942              ,60.221              ,2233.333            ,2233.333            ,3350.000            ,3350.000            ,2233.333            ,2233.333            ,3350.000            ,3350.000            ,3350.000            ,2.136,2.136,2.583,2.594,2.394,2.394,2.677,2.677,21.775,4829.0,10701.0,0.0,27.0,
2026-07-08 02:48:07,66.0,57.000              ,566.66,200.0,1200.0,0.0,66.375,66.375              ,66.375,66.375,66.375,66.375,66.375,66.375,66.375,47.834              ,29.565              ,67.910              ,45.355              ,71.514              ,36.704              ,49.455              ,54.095              ,50.304              ,2660.000            ,2660.000            ,3325.000            ,3325.000            ,3325.000            ,3325.000            ,3325.000            ,3325.000            ,3325.000            ,1.895,1.895,3.151,3.141,3.027,3.027,3.015,3.015,23.803,4946.0,10818.0,0.0,28.0,
2026-07-08 02:48:08,64.0,57.000              ,566.676,200.0,1067.0,0.0,64.875,64.875              ,64.875,64.875,64.875,64.875,64.875,64.875,64.875,46.329              ,29.526              ,55.659              ,41.257              ,58.235              ,45.524              ,41.592              ,53.538              ,46.458              ,2700.000            ,2700.000            ,3375.000            ,3375.000            ,3375.000            ,3375.000            ,3375.000            ,3375.000            ,3375.000            ,1.871,1.871,2.745,2.745,3.229,3.229,2.822,2.826,23.723,4988.0,10907.0,17.796,29.0,56.19
2026-07-08 02:48:09,63.0,60.000              ,566.68,200.0,1067.0,0.0,63.625,63.625              ,63.625,63.625,63.625,63.625,63.625,63.625,63.625,39.814              ,27.572              ,65.048              ,43.899              ,68.093              ,25.170              ,57.436              ,16.107              ,42.892              ,2333.333            ,2333.333            ,3500.000            ,3500.000            ,3500.000            ,3500.000            ,2800.000            ,2800.000            ,3500.000            ,1.877,1.877,3.381,3.381,3.086,3.086,2.309,2.305,22.551,5009.0,10929.0,17.735,30.0,56.39
2026-07-08 02:48:10,63.0,60.000              ,546.117,200.0,1200.0,0.0,63.5,63.500              ,63.5,63.5,63.5,63.5,63.5,63.5,63.5,60.195              ,57.530              ,66.580              ,56.242              ,71.945              ,60.278              ,61.840              ,59.194              ,61.725              ,2740.000            ,2740.000            ,3425.000            ,3425.000            ,3425.000            ,3425.000            ,2740.000            ,2740.000            ,3425.000            ,2.576,2.576,3.0,3.0,3.331,3.331,2.993,2.993,25.588,4991.0,10917.0,20.561,31.0,48.64
2026-07-08 02:48:11,63.0,62.000              ,546.113,200.0,1067.0,0.0,63.5,63.500              ,63.5,63.5,63.5,63.5,63.5,63.5,63.5,53.568              ,39.641              ,62.595              ,56.187              ,59.853              ,59.295              ,57.255              ,47.932              ,54.541              ,2333.333            ,2333.333            ,2800.000            ,2800.000            ,3500.000            ,3500.000            ,2800.000            ,2800.000            ,3500.000            ,2.1,2.1,3.319,3.319,3.615,3.615,2.753,2.753,24.769,5042.0,10968.0,18.386,32.0,54.39
2026-07-08 02:48:12,64.0,61.000              ,546.117,200.0,1067.0,0.0,64.0,64.000              ,64.0,64.0,64.0,64.0,64.0,64.0,64.0,33.423              ,23.645              ,57.059              ,29.555              ,58.451              ,41.176              ,48.662              ,36.671              ,41.080              ,2800.000            ,2800.000            ,3500.000            ,3500.000            ,2800.000            ,2800.000            ,2800.000            ,2800.000            ,3500.000            ,1.775,1.775,3.184,3.184,3.567,3.567,2.838,2.838,24.092,5168.0,11103.0,17.386,33.0,57.52
2026-07-08 02:48:13,63.0,59.000              ,516.625,200.0,1200.0,0.0,63.625,63.625              ,63.625,63.625,63.625,63.625,63.625,63.625,63.625,39.043              ,27.619              ,56.145              ,41.311              ,58.288              ,15.048              ,57.767              ,36.985              ,41.526              ,2333.333            ,2333.333            ,2800.000            ,2800.000            ,2800.000            ,2800.000            ,3500.000            ,3500.000            ,3500.000            ,1.858,1.858,2.86,2.86,2.227,2.227,2.645,2.645,22.499,5240.0,11139.0,17.94,34.0,55.74
2026-07-08 02:48:14,63.0,60.000              ,516.496,200.0,1200.0,0.0,63.625,63.625              ,63.625,63.625,63.625,63.625,63.625,63.625,63.625,39.023              ,25.283              ,52.351              ,38.274              ,65.535              ,29.239              ,49.659              ,32.954              ,41.540              ,2333.333            ,2333.333            ,3500.000            ,3500.000            ,2800.000            ,2800.000            ,2800.000            ,2800.000            ,3500.000            ,1.942,1.942,2.811,2.815,2.858,2.858,2.513,2.517,22.988,5250.0,11173.0,18.786,35.0,53.23
2026-07-08 02:48:15,63.0,60.000              ,516.5,200.0,1200.0,0.0,63.75,63.750              ,63.75,63.75,63.75,63.75,63.75,63.75,63.75,49.632              ,33.794              ,50.667              ,50.571              ,53.783              ,42.148              ,49.868              ,58.948              ,48.676              ,2333.333            ,2333.333            ,2800.000            ,2800.000            ,2800.000            ,2800.000            ,3500.000            ,3500.000            ,3500.000            ,2.011,2.011,2.477,2.474,2.546,2.546,3.013,3.009,23.656,4950.0,10997.0,17.915,36.0,55.82
2026-07-08 02:48:16,63.0,60.000              ,516.5,200.0,1067.0,0.0,63.625,63.625              ,63.625,63.625,63.625,63.625,63.625,63.625,63.625,39.587              ,19.731              ,67.087              ,18.146              ,64.356              ,33.417              ,51.826              ,19.197              ,39.168              ,2333.333            ,2333.333            ,3500.000            ,3500.000            ,2800.000            ,2800.000            ,2333.333            ,2333.333            ,3500.000            ,1.648,1.648,3.202,3.202,3.624,3.629,2.19,2.19,22.266,4984.0,11001.0,17.429,37.0,57.38
2026-07-08 02:48:17,63.0,58.000              ,516.496,200.0,1200.0,0.0,63.5,63.500              ,63.5,63.5,63.5,63.5,63.5,63.5,63.5,34.235              ,20.298              ,60.199              ,39.080              ,59.291              ,19.391              ,47.633              ,21.150              ,37.660              ,2250.000            ,2250.000            ,3375.000            ,3350.000            ,2680.000            ,2680.000            ,2680.000            ,2680.000            ,3375.000            ,1.551,1.551,3.413,3.413,2.561,2.556,2.06,2.065,21.697,4909.0,10929.0,17.42,38.0,57.41
2026-07-08 02:48:18,63.0,58.000              ,516.5,200.0,1200.0,0.0,63.5,63.500              ,63.5,63.5,63.5,63.5,63.5,63.5,63.5,37.781              ,17.759              ,83.298              ,16.394              ,70.458              ,8.761               ,53.707              ,16.981              ,38.142              ,2266.667            ,2266.667            ,3400.000            ,3400.000            ,2720.000            ,2720.000            ,2720.000            ,2720.000            ,3400.000            ,1.522,1.522,3.778,3.778,2.616,2.616,2.22,2.215,21.187,4935.0,10947.0,17.983,39.0,55.61
2026-07-08 02:48:19,63.0,58.000              ,516.5,200.0,1067.0,0.0,63.5,63.500              ,63.5,63.5,63.5,63.5,63.5,63.5,63.5,35.925              ,18.998              ,77.303              ,18.892              ,67.232              ,14.697              ,57.390              ,15.807              ,38.281              ,2700.000            ,2700.000            ,2720.000            ,2720.000            ,3400.000            ,3400.000            ,2266.667            ,2266.667            ,3400.000            ,1.485,1.485,3.297,3.297,2.521,2.521,2.143,2.143,20.742,4976.0,11001.0,17.472,40.0,57.23
2026-07-08 02:48:20,63.0,58.000              ,516.496,200.0,1067.0,0.0,63.75,63.750              ,63.75,63.75,63.75,63.75,63.75,63.75,63.75,35.220              ,19.042              ,69.689              ,19.614              ,65.708              ,8.149               ,52.597              ,31.334              ,37.669              ,2200.000            ,2200.000            ,3300.000            ,3300.000            ,2640.000            ,2640.000            ,2640.000            ,2640.000            ,3300.000            ,1.331,1.331,2.944,2.944,2.201,2.206,2.462,2.462,20.346,5067.0,11081.0,17.661,41.0,56.62
2026-07-08 02:48:21,63.0,58.000              ,516.5,200.0,1200.0,0.0,63.5,63.500              ,63.5,63.5,63.5,63.5,63.5,63.5,63.5,34.100              ,22.812              ,64.799              ,25.060              ,61.267              ,29.277              ,56.960              ,17.428              ,38.963              ,2100.000            ,2100.000            ,3150.000            ,3150.000            ,2520.000            ,2520.000            ,2520.000            ,2520.000            ,3150.000            ,1.346,1.346,2.376,2.376,2.526,2.521,2.0,2.0,20.039,5122.0,11262.0,17.54,42.0,57.01
2026-07-08 02:48:22,63.0,58.000              ,516.5,200.0,1200.0,0.0,63.125,63.125              ,63.125,63.125,63.125,63.125,63.125,63.125,63.125,40.276              ,24.921              ,74.431              ,24.444              ,37.128              ,36.259              ,65.084              ,16.780              ,39.915              ,2283.333            ,2283.333            ,2283.333            ,2283.333            ,3425.000            ,3425.000            ,2740.000            ,2740.000            ,3425.000            ,1.408,1.409,2.442,2.442,1.689,1.689,1.798,1.798,19.832,5167.0,11282.0,17.746,43.0,56.35
2026-07-08 02:48:23,63.0,60.000              ,507.887,200.0,1200.0,0.0,63.0,63.000              ,63.0,63.0,63.0,63.0,63.0,63.0,63.0,37.649              ,20.043              ,43.384              ,37.433              ,59.936              ,30.342              ,50.300              ,37.033              ,39.515              ,2150.000            ,2150.000            ,2580.000            ,2580.000            ,3225.000            ,3225.000            ,2580.000            ,2580.000            ,3225.000            ,1.267,1.27,1.787,1.787,2.046,2.046,2.023,2.027,19.72,5199.0,11305.0,17.559,44.0,56.95
2026-07-08 02:48:24,62.0,61.000              ,507.887,200.0,1200.0,0.0,62.875,62.875              ,62.875,62.875,62.875,62.875,62.875,62.875,62.875,33.384              ,21.308              ,60.822              ,32.664              ,61.027              ,30.211              ,52.144              ,23.498              ,39.382              ,2600.000            ,2600.000            ,2600.000            ,2600.000            ,3250.000            ,3250.000            ,2600.000            ,2600.000            ,3250.000            ,1.19,1.185,1.972,1.972,2.019,2.019,1.63,1.626,19.178,5201.0,11327.0,17.266,45.0,57.92
2026-07-08 02:48:25,62.0,60.000              ,507.887,200.0,1200.0,0.0,62.75,62.750              ,62.75,62.75,62.75,62.75,62.75,62.75,62.75,37.021              ,19.926              ,61.844              ,31.488              ,63.847              ,18.048              ,53.541              ,21.459              ,38.397              ,2520.000            ,2520.000            ,2520.000            ,2520.000            ,2520.000            ,2520.000            ,3150.000            ,3150.000            ,3150.000            ,1.235,1.235,2.076,2.076,1.834,1.834,1.614,1.614,19.139,5205.0,11334.0,17.934,46.0,55.76
2026-07-08 02:48:26,62.0,61.000              ,507.883,200.0,1200.0,0.0,62.625,62.625              ,62.625,62.625,62.625,62.625,62.625,62.625,62.625,38.048              ,24.345              ,52.080              ,38.193              ,66.084              ,23.042              ,60.445              ,16.475              ,39.839              ,2520.000            ,2520.000            ,2520.000            ,2520.000            ,3150.000            ,3150.000            ,2520.000            ,2520.000            ,3150.000            ,1.24,1.24,1.842,1.846,1.854,1.854,1.591,1.591,18.806,5275.0,11355.0,18.221,47.0,54.88
2026-07-08 02:48:27,62.0,61.000              ,507.887,200.0,1200.0,0.0,62.5,62.500              ,62.5,62.5,62.5,62.5,62.5,62.5,62.5,45.590              ,19.886              ,48.820              ,32.805              ,60.397              ,19.745              ,72.006              ,14.485              ,39.217              ,2520.000            ,2500.000            ,3125.000            ,3125.000            ,2500.000            ,2500.000            ,2500.000            ,2500.000            ,3125.000            ,1.298,1.298,1.628,1.625,1.616,1.616,1.863,1.863,18.52,5302.0,11392.0,17.699,48.0,56.5
2026-07-08 02:48:28,62.0,60.000              ,507.887,200.0,1200.0,0.0,62.5,62.500              ,62.5,62.5,62.5,62.5,62.5,62.5,62.5,46.373              ,20.533              ,65.459              ,37.549              ,62.195              ,22.918              ,51.755              ,15.012              ,40.224              ,2420.000            ,2420.000            ,3025.000            ,3025.000            ,2420.000            ,2420.000            ,2420.000            ,2420.000            ,3025.000            ,1.221,1.221,1.969,1.969,1.667,1.667,1.3,1.3,18.359,5292.0,11405.0,17.52,49.0,57.08
2026-07-08 02:48:29,62.0,60.000              ,507.887,200.0,1200.0,0.0,62.375,62.375              ,62.375,62.375,62.375,62.375,62.375,62.375,62.375,37.597              ,28.232              ,65.254              ,32.510              ,54.935              ,27.867              ,51.213              ,30.384              ,40.999              ,2460.000            ,2460.000            ,3075.000            ,3075.000            ,2460.000            ,2480.000            ,2480.000            ,2480.000            ,3075.000            ,1.173,1.173,1.875,1.875,1.515,1.515,1.441,1.441,18.146,5339.0,11458.0,18.845,50.0,53.06
2026-07-08 02:48:30,62.0,61.000              ,507.887,200.0,1200.0,0.0,62.25,62.250              ,62.25,62.25,62.25,62.25,62.25,62.25,62.25,36.005              ,26.501              ,65.267              ,44.514              ,69.278              ,15.742              ,47.509              ,22.723              ,40.942              ,1983.333            ,1983.333            ,2975.000            ,2975.000            ,2380.000            ,2380.000            ,2380.000            ,2380.000            ,2975.000            ,1.09,1.09,1.96,1.96,1.481,1.481,1.263,1.263,17.758,5412.0,11491.0,17.745,51.0,56.35
2026-07-08 02:48:31,62.0,60.000              ,507.887,200.0,1200.0,0.0,62.125,62.125              ,62.125,62.125,62.125,62.125,62.125,62.125,62.125,35.400              ,29.081              ,61.469              ,41.755              ,54.470              ,30.503              ,30.140              ,59.165              ,42.748              ,2000.000            ,2000.000            ,3000.000            ,3000.000            ,2400.000            ,2400.000            ,2400.000            ,2400.000            ,3000.000            ,1.067,1.067,1.765,1.765,1.409,1.409,1.596,1.596,17.983,5446.0,11540.0,19.256,52.0,51.93
2026-07-08 02:48:32,62.0,61.000              ,507.887,200.0,1067.0,0.0,62.0,62.000              ,62.0,62.0,62.0,62.0,62.0,62.0,62.0,44.189              ,25.592              ,54.908              ,38.703              ,70.861              ,19.710              ,51.268              ,32.914              ,42.268              ,2400.000            ,2400.000            ,2380.000            ,2380.000            ,2380.000            ,2380.000            ,2975.000            ,2975.000            ,2975.000            ,1.105,1.105,1.547,1.547,1.527,1.527,1.426,1.429,17.515,5464.0,11571.0,18.04,53.0,55.43
2026-07-08 02:48:33,61.0,61.000              ,507.887,200.0,1067.0,0.0,61.875,61.875              ,61.875,61.875,61.875,61.875,61.875,61.875,61.875,41.881              ,26.197              ,49.368              ,38.054              ,46.763              ,54.745              ,55.604              ,31.204              ,42.977              ,2360.000            ,2360.000            ,2950.000            ,2950.000            ,2360.000            ,2360.000            ,2360.000            ,2360.000            ,2950.000            ,1.023,1.023,1.417,1.42,1.647,1.647,1.375,1.373,17.395,5508.0,11620.0,18.141,54.0,55.12
2026-07-08 02:48:34,61.0,60.000              ,507.887,200.0,1200.0,0.0,61.75,61.750              ,61.75,61.75,61.75,61.75,61.75,61.75,61.75,39.934              ,32.352              ,47.783              ,40.371              ,57.450              ,19.828              ,44.174              ,38.115              ,40.001              ,2340.000            ,2340.000            ,2340.000            ,2340.000            ,2925.000            ,2925.000            ,2340.000            ,2340.000            ,2925.000            ,1.148,1.148,1.47,1.467,1.339,1.339,1.394,1.394,17.071,5549.0,11640.0,17.423,55.0,57.4
2026-07-08 02:48:35,61.0,61.000              ,507.887,200.0,1200.0,0.0,61.625,61.625              ,61.625,61.625,61.625,61.625,61.625,61.625,61.625,41.492              ,30.455              ,51.772              ,45.011              ,56.646              ,39.517              ,62.632              ,27.332              ,44.357              ,2320.000            ,2320.000            ,2320.000            ,2320.000            ,2320.000            ,2320.000            ,2900.000            ,2900.000            ,2900.000            ,1.058,1.058,1.414,1.414,1.499,1.499,1.42,1.42,17.19,5585.0,11683.0,17.86,56.0,55.99
2026-07-08 02:48:36,61.0,61.000              ,507.887,200.0,1200.0,0.0,61.75,61.750              ,61.75,61.75,61.75,61.75,61.75,61.75,61.75,54.623              ,32.990              ,54.416              ,46.979              ,55.940              ,60.061              ,48.213              ,56.584              ,51.226              ,2340.000            ,2360.000            ,2360.000            ,2340.000            ,2925.000            ,2925.000            ,2340.000            ,2340.000            ,2925.000            ,1.141,1.141,1.293,1.293,1.568,1.568,1.354,1.354,17.289,5528.0,11743.0,18.176,57.0,55.02
2026-07-08 02:48:37,61.0,62.000              ,507.887,200.0,1200.0,0.0,61.625,61.625              ,61.625,61.625,61.625,61.625,61.625,61.625,61.625,74.850              ,60.745              ,68.929              ,60.998              ,72.530              ,64.117              ,74.403              ,69.971              ,68.318              ,2080.000            ,2080.000            ,2080.000            ,2080.000            ,2080.000            ,2080.000            ,2600.000            ,2600.000            ,2600.000            ,1.185,1.185,1.186,1.186,1.308,1.308,1.565,1.565,17.002,5499.0,11763.0,18.638,58.0,53.65
2026-07-08 02:48:38,61.0,62.000              ,507.887,200.0,1200.0,0.0,61.5,61.500              ,61.5,61.5,61.5,61.5,61.5,61.5,61.5,70.393              ,61.132              ,67.893              ,67.644              ,64.866              ,55.748              ,68.494              ,63.528              ,64.962              ,2160.000            ,2160.000            ,2160.000            ,2160.000            ,2160.000            ,2160.000            ,2700.000            ,2700.000            ,2700.000            ,1.246,1.246,1.285,1.287,1.169,1.171,1.334,1.334,17.003,5503.0,11773.0,19.04,59.0,52.52
2026-07-08 02:48:39,61.0,64.000              ,507.887,200.0,1200.0,0.0,61.375,61.375              ,61.375,61.375,61.375,61.375,61.375,61.375,61.375,45.751              ,59.819              ,62.965              ,54.033              ,62.379              ,42.461              ,48.895              ,62.275              ,54.822              ,2080.000            ,2080.000            ,2600.000            ,2600.000            ,2080.000            ,2080.000            ,2080.000            ,2080.000            ,2600.000            ,1.023,1.023,1.215,1.213,1.182,1.18,1.293,1.293,16.536,5214.0,11805.0,17.698,60.0,56.5
2026-07-08 02:48:40,61.0,64.000              ,507.887,200.0,1200.0,0.0,61.25,61.250              ,61.25,61.25,61.25,61.25,61.25,61.25,61.25,36.127              ,35.590              ,61.776              ,36.061              ,55.329              ,29.846              ,56.636              ,24.725              ,42.011              ,2280.000            ,2280.000            ,2280.000            ,2280.000            ,2850.000            ,2850.000            ,2280.000            ,2280.000            ,2850.000            ,1.067,1.053,1.441,1.441,1.288,1.288,1.215,1.215,16.602,5238.0,11829.0,18.315,61.0,54.6
2026-07-08 02:48:41,61.0,61.000              ,507.887,200.0,1200.0,0.0,61.25,61.250              ,61.25,61.25,61.25,61.25,61.25,61.25,61.25,36.849              ,30.181              ,52.580              ,33.827              ,67.787              ,18.684              ,58.986              ,22.113              ,40.126              ,1916.667            ,1916.667            ,2300.000            ,2300.000            ,2300.000            ,2300.000            ,2875.000            ,2900.000            ,2900.000            ,0.999,1.013,1.325,1.327,1.383,1.383,1.305,1.307,16.803,5303.0,11857.0,17.946,62.0,55.72
2026-07-08 02:48:42,61.0,59.000              ,507.887,200.0,1200.0,0.0,61.125,61.125              ,61.125,61.125,61.125,61.125,61.125,61.125,61.125,37.340              ,23.335              ,60.504              ,40.639              ,65.459              ,26.711              ,46.069              ,21.494              ,40.194              ,2260.000            ,2260.000            ,2850.000            ,2850.000            ,2280.000            ,2260.000            ,2280.000            ,2280.000            ,2850.000            ,0.927,0.927,1.517,1.518,1.414,1.414,1.062,1.06,16.42,5326.0,11877.0,17.877,63.0,55.94
2026-07-08 02:48:43,61.0,60.000              ,507.887,200.0,1200.0,0.0,61.0,61.000              ,61.0,61.0,61.0,61.0,61.0,61.0,61.0,40.708              ,22.202              ,47.826              ,41.837              ,52.299              ,24.416              ,57.237              ,30.611              ,39.642              ,2280.000            ,2280.000            ,2300.000            ,2300.000            ,2300.000            ,2300.000            ,2875.000            ,2850.000            ,2875.000            ,0.949,0.951,1.363,1.36,1.21,1.21,1.277,1.277,16.318,5326.0,11892.0,17.784,64.0,56.23
2026-07-08 02:48:44,61.0,60.000              ,507.887,200.0,1067.0,0.0,61.0,61.000              ,61.0,61.0,61.0,61.0,61.0,61.0,61.0,48.915              ,26.644              ,57.772              ,31.617              ,48.488              ,26.829              ,47.619              ,33.907              ,40.224              ,2240.000            ,2240.000            ,2800.000            ,2825.000            ,2260.000            ,2260.000            ,2260.000            ,2260.000            ,2825.000            ,1.056,1.054,1.321,1.323,1.138,1.138,1.27,1.27,16.278,5324.0,11900.0,17.816,65.0,56.13
2026-07-08 02:48:45,61.0,59.000              ,507.887,200.0,1200.0,0.0,61.0,61.000              ,61.0,61.0,61.0,61.0,61.0,61.0,61.0,32.517              ,24.707              ,59.762              ,35.662              ,55.034              ,51.820              ,49.201              ,23.738              ,41.555              ,2220.000            ,2220.000            ,2775.000            ,2775.000            ,2220.000            ,2220.000            ,2220.000            ,2260.000            ,2775.000            ,0.81,0.81,1.352,1.35,1.543,1.543,1.027,1.027,16.364,5372.0,11923.0,17.681,66.0,56.56
2026-07-08 02:48:46,60.0,60.000              ,507.887,200.0,1067.0,0.0,60.875,60.875              ,60.875,60.875,60.875,60.875,60.875,60.875,60.875,38.500              ,31.891              ,43.872              ,38.586              ,50.138              ,41.178              ,55.582              ,25.120              ,40.608              ,2240.000            ,2240.000            ,2240.000            ,2240.000            ,2800.000            ,2800.000            ,2240.000            ,2240.000            ,2800.000            ,0.971,0.973,1.133,1.134,1.376,1.376,1.173,1.173,16.042,5380.0,11945.0,17.947,67.0,55.72
2026-07-08 02:48:47,60.0,60.000              ,507.887,200.0,1200.0,0.0,60.75,60.750              ,60.75,60.75,60.75,60.75,60.75,60.75,60.75,41.000              ,31.596              ,60.544              ,23.297              ,51.564              ,31.956              ,49.475              ,54.674              ,43.013              ,2260.000            ,2260.000            ,2260.000            ,2260.000            ,2260.000            ,2260.000            ,2825.000            ,2825.000            ,2825.000            ,0.971,0.969,1.178,1.176,1.188,1.188,1.447,1.447,16.317,5387.0,11961.0,18.014,68.0,55.51
2026-07-08 02:48:48,60.0,61.000              ,507.887,200.0,1067.0,0.0,60.75,60.750              ,60.75,60.75,60.75,60.75,60.75,60.75,60.75,44.840              ,23.906              ,53.861              ,33.937              ,43.959              ,43.681              ,68.636              ,23.458              ,42.035              ,2160.000            ,2160.000            ,2160.000            ,2160.000            ,2140.000            ,2140.000            ,2700.000            ,2700.000            ,2700.000            ,0.889,0.889,1.126,1.126,1.181,1.181,1.274,1.274,15.81,5401.0,11980.0,18.086,69.0,55.29
2026-07-08 02:48:49,60.0,61.000              ,507.887,200.0,1200.0,0.0,60.5,60.500              ,60.5,60.5,60.5,60.5,60.5,60.5,60.5,39.124              ,20.718              ,65.330              ,37.219              ,42.020              ,28.847              ,72.122              ,20.684              ,40.758              ,2240.000            ,2240.000            ,2800.000            ,2800.000            ,2240.000            ,2240.000            ,2240.000            ,2240.000            ,2800.000            ,0.862,0.862,1.403,1.403,1.03,1.03,1.318,1.32,16.134,5442.0,11987.0,18.068,70.0,55.35
2026-07-08 02:48:50,60.0,61.000              ,507.887,200.0,1200.0,0.0,60.5,60.500              ,60.5,60.5,60.5,60.5,60.5,60.5,60.5,39.997              ,27.028              ,56.740              ,35.661              ,55.563              ,35.887              ,49.554              ,31.436              ,41.483              ,2200.000            ,2200.000            ,2750.000            ,2750.000            ,2200.000            ,2200.000            ,2200.000            ,2200.000            ,2750.000            ,0.902,0.902,1.275,1.275,1.244,1.247,1.09,1.088,15.791,5443.0,12006.0,17.906,71.0,55.85
2026-07-08 02:48:51,60.0,62.000              ,507.887,200.0,1200.0,0.0,60.5,60.500              ,60.5,60.5,60.5,60.5,60.5,60.5,60.5,40.690              ,27.222              ,52.635              ,31.759              ,49.351              ,26.457              ,46.068              ,40.155              ,39.292              ,2200.000            ,2200.000            ,2200.000            ,2200.000            ,2750.000            ,2750.000            ,2220.000            ,2220.000            ,2750.000            ,1.036,1.039,1.436,1.436,1.263,1.26,1.422,1.422,15.916,5466.0,12032.0,17.74,72.0,56.37
2026-07-08 02:48:52,60.0,61.000              ,507.887,200.0,1200.0,0.0,60.5,60.500              ,60.5,60.5,60.5,60.5,60.5,60.5,60.5,44.959              ,25.974              ,69.667              ,35.124              ,76.219              ,18.233              ,49.508              ,23.460              ,42.893              ,2200.000            ,2200.000            ,2200.000            ,2200.000            ,2750.000            ,2750.000            ,2220.000            ,2200.000            ,2750.000            ,0.927,0.924,1.415,1.415,1.28,1.28,1.0,1.002,15.877,5625.0,12166.0,18.961,73.0,52.74
2026-07-08 02:48:53,60.0,61.000              ,507.887,200.0,1200.0,0.0,60.5,60.500              ,60.5,60.5,60.5,60.5,60.5,60.5,60.5,54.158              ,38.843              ,74.379              ,44.091              ,24.230              ,91.018              ,64.613              ,29.790              ,52.640              ,2100.000            ,2100.000            ,2625.000            ,2625.000            ,2100.000            ,2100.000            ,2100.000            ,2100.000            ,2625.000            ,0.972,0.972,1.212,1.212,1.272,1.277,1.018,1.016,15.859,5544.0,12211.0,17.93,74.0,55.77
2026-07-08 02:48:54,60.0,61.000              ,507.887,200.0,1200.0,0.0,60.5,60.500              ,60.5,60.5,60.5,60.5,60.5,60.5,60.5,77.016              ,64.276              ,82.292              ,74.068              ,82.113              ,59.351              ,77.606              ,59.382              ,72.013              ,1860.000            ,1860.000            ,2325.000            ,2325.000            ,1860.000            ,2300.000            ,1840.000            ,1820.000            ,2325.000            ,1.013,1.015,1.238,1.22,1.1,1.095,1.054,1.056,15.721,5488.0,12254.0,18.092,75.0,55.27
2026-07-08 02:48:55,60.0,62.000              ,507.887,200.0,1200.0,0.0,60.375,60.375              ,60.375,60.375,60.375,60.375,60.375,60.375,60.375,69.122              ,64.134              ,64.934              ,62.247              ,67.308              ,54.086              ,74.054              ,79.946              ,66.979              ,1860.000            ,1860.000            ,1860.000            ,1880.000            ,1860.000            ,1860.000            ,2325.000            ,2325.000            ,2325.000            ,1.078,1.078,1.079,1.095,1.103,1.103,1.536,1.534,15.748,5474.0,12275.0,17.692,76.0,56.52
2026-07-08 02:48:56,60.0,61.000              ,507.887,200.0,933.0,0.0,60.0,60.000              ,60.0,60.0,60.0,60.0,60.0,60.0,60.0,53.657              ,48.140              ,55.131              ,61.089              ,47.844              ,64.880              ,55.803              ,52.711              ,54.907              ,2425.000            ,2425.000            ,1940.000            ,1940.000            ,1980.000            ,2450.000            ,1960.000            ,1960.000            ,2450.000            ,0.952,0.95,1.179,1.179,1.272,1.272,1.181,1.181,15.171,5317.0,12292.0,17.885,77.0,55.91
2026-07-08 02:48:57,60.0,59.000              ,507.887,200.0,933.0,0.0,60.625,60.625              ,60.625,60.625,60.625,60.625,60.625,60.625,60.625,27.085              ,27.452              ,55.524              ,20.370              ,27.077              ,69.339              ,34.263              ,44.581              ,38.211              ,2400.000            ,2400.000            ,2400.000            ,2400.000            ,2400.000            ,2400.000            ,3000.000            ,3000.000            ,3000.000            ,0.937,0.94,1.466,1.466,1.949,1.949,1.562,1.562,15.517,5364.0,12344.0,17.487,78.0,57.19
2026-07-08 02:48:58,60.0,60.000              ,507.887,200.0,933.0,0.0,60.5,60.500              ,60.5,60.5,60.5,60.5,60.5,60.5,60.5,31.755              ,30.038              ,41.116              ,32.722              ,48.847              ,32.855              ,45.649              ,35.703              ,37.336              ,2340.000            ,2340.000            ,2340.000            ,2340.000            ,2925.000            ,2925.000            ,2925.000            ,2925.000            ,2925.000            ,1.076,1.073,1.403,1.403,1.52,1.52,1.518,1.518,15.553,5419.0,12399.0,17.311,79.0,57.77
2026-07-08 02:48:59,60.0,58.000              ,507.887,200.0,933.0,0.0,60.25,60.250              ,60.25,60.25,60.25,60.25,60.25,60.25,60.25,29.373              ,23.850              ,38.828              ,40.522              ,40.052              ,49.869              ,52.692              ,40.261              ,39.431              ,1966.667            ,1966.667            ,2360.000            ,2360.000            ,2950.000            ,2950.000            ,2340.000            ,2340.000            ,2950.000            ,0.824,0.824,1.422,1.422,1.538,1.538,1.66,1.663,15.684,5474.0,12456.0,17.269,80.0,57.91
2026-07-08 02:49:00,60.0,57.000              ,507.887,200.0,1067.0,0.0,60.25,60.250              ,60.25,60.25,60.25,60.25,60.25,60.25,60.25,35.783              ,24.918              ,46.624              ,47.305              ,48.265              ,47.407              ,51.454              ,36.601              ,42.295              ,2200.000            ,2200.000            ,2750.000            ,2360.000            ,2360.000            ,2360.000            ,2950.000            ,2950.000            ,2950.000            ,0.904,0.906,1.523,1.523,1.44,1.44,1.396,1.393,15.609,5527.0,12508.0,17.453,81.0,57.3
2026-07-08 02:49:01,60.0,59.000              ,507.887,200.0,933.0,0.0,60.0,60.000              ,60.0,60.0,60.0,60.0,60.0,60.0,60.0,36.848              ,52.079              ,56.010              ,39.687              ,50.613              ,51.260              ,44.508              ,40.295              ,46.412              ,2260.000            ,2120.000            ,2800.000            ,2850.000            ,2825.000            ,2825.000            ,2260.000            ,2280.000            ,2850.000            ,1.043,1.04,1.206,1.206,1.489,1.489,1.275,1.275,15.344,5352.0,12552.0,22.343,82.0,44.76
2026-07-08 02:49:02,60.0,60.000              ,507.887,200.0,1067.0,0.0,60.0,60.000              ,60.0,60.0,60.0,60.0,60.0,60.0,60.0,36.127              ,28.042              ,48.091              ,47.378              ,55.464              ,47.781              ,50.026              ,26.557              ,42.433              ,2340.000            ,2340.000            ,2340.000            ,2340.000            ,2925.000            ,2925.000            ,2340.000            ,2340.000            ,2925.000            ,0.916,0.916,1.396,1.396,1.643,1.643,1.208,1.21,15.64,5419.0,12618.0,17.193,83.0,58.16
2026-07-08 02:49:03,59.0,59.000              ,507.887,200.0,1200.0,0.0,59.5,59.500              ,59.5,59.5,59.5,59.5,59.5,59.5,59.5,39.675              ,33.076              ,58.509              ,42.243              ,57.119              ,31.606              ,56.152              ,33.857              ,44.030              ,2080.000            ,2080.000            ,2080.000            ,2080.000            ,2575.000            ,2575.000            ,2060.000            ,2080.000            ,2575.000            ,0.924,0.926,1.333,1.333,1.208,1.208,1.206,1.204,15.534,5501.0,12701.0,17.45,84.0,57.31
2026-07-08 02:49:04,59.0,60.000              ,507.887,200.0,1200.0,0.0,59.5,59.500              ,59.5,59.5,59.5,59.5,59.5,59.5,59.5,57.861              ,60.194              ,56.336              ,65.092              ,56.749              ,54.785              ,71.780              ,52.319              ,59.390              ,2100.000            ,2100.000            ,2100.000            ,2100.000            ,2625.000            ,2650.000            ,2120.000            ,2650.000            ,2650.000            ,1.047,1.045,1.18,1.181,1.111,1.111,1.211,1.211,15.542,5343.0,12770.0,17.713,85.0,56.46
2026-07-08 02:49:05,59.0,60.000              ,507.887,200.0,1200.0,0.0,59.5,59.500              ,59.5,59.5,59.5,59.5,59.5,59.5,59.5,71.203              ,68.319              ,66.877              ,64.518              ,66.919              ,59.424              ,69.945              ,69.845              ,67.131              ,1940.000            ,1940.000            ,1940.000            ,1940.000            ,1940.000            ,1940.000            ,2425.000            ,2425.000            ,2425.000            ,1.07,1.072,1.051,1.05,1.07,1.07,1.259,1.259,15.256,5270.0,12831.0,17.481,86.0,57.2
2026-07-08 02:49:06,59.0,61.000              ,507.887,200.0,1200.0,0.0,59.375,59.375              ,59.375,59.375,59.375,59.375,59.375,59.375,59.375,41.786              ,26.139              ,46.655              ,43.678              ,42.286              ,44.181              ,50.945              ,33.136              ,41.101              ,2000.000            ,2000.000            ,2000.000            ,2020.000            ,2575.000            ,2575.000            ,2060.000            ,2100.000            ,2575.000            ,0.92,0.918,1.087,1.089,1.062,1.062,1.124,1.124,15.255,5317.0,12873.0,18.213,87.0,54.91
2026-07-08 02:49:07,59.0,61.000              ,507.887,200.0,933.0,0.0,59.375,59.375              ,59.375,59.375,59.375,59.375,59.375,59.375,59.375,37.461              ,22.803              ,41.946              ,49.305              ,49.713              ,27.617              ,33.457              ,27.363              ,36.208              ,2180.000            ,2180.000            ,2725.000            ,2725.000            ,2180.000            ,2180.000            ,2180.000            ,2180.000            ,2725.000            ,0.907,0.908,1.521,1.519,1.29,1.29,0.948,0.948,14.967,5351.0,12909.0,17.571,88.0,56.91
2026-07-08 02:49:08,59.0,59.000              ,507.887,200.0,1067.0,0.0,59.25,59.250              ,59.25,59.25,59.25,59.25,59.25,59.25,59.25,34.092              ,24.403              ,37.169              ,29.270              ,37.554              ,19.308              ,34.934              ,21.704              ,29.804              ,2540.000            ,2540.000            ,2540.000            ,2540.000            ,3175.000            ,3325.000            ,2660.000            ,2660.000            ,3325.000            ,1.006,1.004,1.22,1.22,1.022,1.022,1.078,1.078,14.843,5361.0,12910.0,19.771,89.0,50.58
2026-07-08 02:49:09,58.0,59.000              ,507.875,200.0,933.0,0.0,58.0,58.000              ,58.0,58.0,58.0,58.0,58.0,58.0,58.0,19.629              ,18.196              ,32.555              ,10.055              ,34.590              ,3.364               ,25.451              ,4.436               ,18.535              ,2440.000            ,2440.000            ,3050.000            ,3050.000            ,2266.667            ,2266.667            ,2266.667            ,2266.667            ,3050.000            ,0.819,0.823,0.883,0.883,0.822,0.822,0.708,0.71,11.923,5360.0,12918.0,55.012,90.0,18.18
2026-07-08 02:49:10,58.0,48.000              ,507.758,200.0,933.0,0.0,58.75,58.750              ,58.75,58.75,58.75,58.75,58.75,58.75,58.75,24.288              ,13.917              ,23.046              ,48.829              ,38.330              ,8.013               ,28.439              ,11.191              ,24.507              ,2233.333            ,2233.333            ,3350.000            ,3350.000            ,2233.333            ,2233.333            ,2233.333            ,2233.333            ,3350.000            ,1.301,1.297,2.288,2.288,1.448,1.448,1.338,1.336,15.592,5225.0,12754.0,17.385,91.0,57.52
2026-07-08 02:49:11,60.0,19.000              ,507.758,200.0,933.0,0.0,60.25,60.250              ,60.25,60.25,60.25,60.25,60.25,60.25,60.25,9.975               ,8.997               ,8.335               ,70.808              ,36.996              ,2.631               ,23.359              ,8.283               ,21.173              ,2333.333            ,2333.333            ,3500.000            ,3500.000            ,3500.000            ,3500.000            ,2333.333            ,2333.333            ,3500.000            ,0.917,0.917,3.753,3.753,1.565,1.565,1.249,1.255,14.901,5273.0,12808.0,0.0,92.0,
2026-07-08 02:49:12,61.0,0.000               ,508.762,200.0,1200.0,0.0,61.0,61.000              ,61.0,61.0,61.0,61.0,61.0,61.0,61.0,23.475              ,29.089              ,15.961              ,72.816              ,29.567              ,10.461              ,31.323              ,21.650              ,29.293              ,2333.333            ,2333.333            ,3500.000            ,3500.000            ,3500.000            ,3500.000            ,2333.333            ,2333.333            ,3500.000            ,1.778,1.778,3.914,3.892,1.539,1.539,1.92,1.915,16.911,5186.0,12794.0,2380.726,93.0,0.42
2026-07-08 02:49:13,61.0,2.000               ,508.762,200.0,933.0,0.0,61.5,61.500              ,61.5,61.5,61.5,61.5,61.5,61.5,61.5,11.576              ,7.212               ,18.772              ,70.701              ,42.422              ,6.117               ,28.042              ,9.839               ,24.335              ,2183.333            ,2183.333            ,3275.000            ,3200.000            ,2560.000            ,2560.000            ,2560.000            ,2560.000            ,3275.000            ,0.829,0.829,3.95,3.95,1.709,1.709,1.209,1.209,14.607,5194.0,12792.0,0.0,94.0,
2026-07-08 02:49:14,62.0,2.000               ,508.762,200.0,933.0,0.0,62.375,62.375              ,62.375,62.375,62.375,62.375,62.375,62.375,62.375,8.976               ,6.067               ,13.964              ,64.728              ,35.442              ,8.627               ,17.420              ,6.222               ,20.181              ,2316.667            ,2316.667            ,2316.667            ,2316.667            ,3500.000            ,3500.000            ,2333.333            ,2333.333            ,3500.000            ,0.822,0.829,3.732,3.756,1.961,1.961,0.97,0.97,14.673,5226.0,12821.0,0.0,95.0,
2026-07-08 02:49:15,62.0,0.000               ,508.762,200.0,933.0,0.0,62.875,62.875              ,62.875,62.875,62.875,62.875,62.875,62.875,62.875,8.564               ,4.227               ,4.866               ,80.533              ,33.441              ,1.601               ,15.903              ,5.255               ,19.299              ,2333.333            ,2333.333            ,3500.000            ,3500.000            ,2333.333            ,2333.333            ,2333.333            ,2333.333            ,3500.000            ,0.798,0.792,4.251,4.242,1.607,1.607,1.001,1.001,15.237,5294.0,12880.0,0.0,96.0,
2026-07-08 02:49:16,61.0,0.000               ,503.445,200.0,933.0,0.0,61.75,61.750              ,61.75,61.75,61.75,61.75,61.75,61.75,61.75,13.296              ,12.173              ,11.216              ,51.324              ,33.471              ,2.275               ,27.168              ,4.334               ,19.407              ,2333.333            ,2333.333            ,3500.000            ,3500.000            ,2333.333            ,2333.333            ,2333.333            ,2333.333            ,3500.000            ,1.047,1.046,2.534,2.534,1.369,1.369,1.233,1.233,14.154,5357.0,12891.0,3388.386,97.0,0.3
2026-07-08 02:49:17,61.0,0.000               ,503.445,200.0,1067.0,0.0,61.25,61.250              ,61.25,61.25,61.25,61.25,61.25,61.25,61.25,38.611              ,25.771              ,36.696              ,53.194              ,65.425              ,18.367              ,53.698              ,25.010              ,39.597              ,2316.667            ,2316.667            ,3475.000            ,2780.000            ,2780.000            ,2780.000            ,3475.000            ,3475.000            ,3475.000            ,1.598,1.598,2.198,2.198,2.173,2.173,2.015,2.015,17.096,5273.0,12941.0,0.0,98.0,
2026-07-08 02:49:18,60.0,0.000               ,503.445,200.0,933.0,0.0,60.5,60.500              ,60.5,60.5,60.5,60.5,60.5,60.5,60.5,19.990              ,15.388              ,25.584              ,38.318              ,51.141              ,11.707              ,38.390              ,10.701              ,26.402              ,2560.000            ,2560.000            ,3200.000            ,3200.000            ,2560.000            ,2560.000            ,2560.000            ,2560.000            ,3200.000            ,0.947,0.947,1.729,1.729,1.781,1.781,1.238,1.238,13.62,5253.0,12980.0,0.0,99.0,
2026-07-08 02:49:19,60.0,0.000               ,503.445,200.0,933.0,0.0,60.5,60.500              ,60.5,60.5,60.5,60.5,60.5,60.5,60.5,11.042              ,5.824               ,9.516               ,67.708              ,40.740              ,2.725               ,16.926              ,4.915               ,19.924              ,2333.333            ,2333.333            ,2333.333            ,2333.333            ,3500.000            ,3500.000            ,2333.333            ,2333.333            ,3500.000            ,0.871,0.871,2.849,2.856,1.512,1.512,0.939,0.939,13.926,5320.0,13011.0,0.0,100.0,
2026-07-08 02:49:20,60.0,0.000               ,503.445,200.0,933.0,0.0,60.5,60.500              ,60.5,60.5,60.5,60.5,60.5,60.5,60.5,43.268              ,35.061              ,36.924              ,66.879              ,44.677              ,40.389              ,61.717              ,29.468              ,44.798              ,2333.333            ,2333.333            ,3500.000            ,3500.000            ,2333.333            ,2333.333            ,2333.333            ,2333.333            ,3500.000            ,1.534,1.534,2.429,2.41,1.859,1.861,1.924,1.924,16.867,5210.0,13060.0,0.0,101.0,
2026-07-08 02:49:21,60.0,0.000               ,503.445,200.0,933.0,0.0,60.5,60.500              ,60.5,60.5,60.5,60.5,60.5,60.5,60.5,23.047              ,18.542              ,14.156              ,58.473              ,43.426              ,6.837               ,21.670              ,9.337               ,24.436              ,2480.000            ,3125.000            ,2500.000            ,2500.000            ,2500.000            ,2500.000            ,2500.000            ,2500.000            ,3125.000            ,1.119,1.119,2.197,2.203,1.436,1.433,0.93,0.93,13.756,5110.0,13112.0,0.0,102.0,
2026-07-08 02:49:22,60.0,0.000               ,503.445,200.0,933.0,0.0,60.75,60.750              ,60.75,60.75,60.75,60.75,60.75,60.75,60.75,10.988              ,4.719               ,18.085              ,50.887              ,42.520              ,2.898               ,25.649              ,5.318               ,20.133              ,2333.333            ,2333.333            ,3500.000            ,3500.000            ,2333.333            ,2333.333            ,2333.333            ,2333.333            ,3500.000            ,0.808,0.808,2.432,2.432,1.57,1.57,1.145,1.145,13.599,5176.0,13155.0,0.0,103.0,
2026-07-08 02:49:23,60.0,0.000               ,503.445,200.0,933.0,0.0,60.625,60.625              ,60.625,60.625,60.625,60.625,60.625,60.625,60.625,11.748              ,8.540               ,11.219              ,63.115              ,34.202              ,6.684               ,25.120              ,4.566               ,20.649              ,2333.333            ,2333.333            ,3500.000            ,3500.000            ,2333.333            ,2333.333            ,2333.333            ,2333.333            ,3500.000            ,0.9,0.9,2.66,2.66,1.401,1.401,1.131,1.131,13.797,5249.0,13224.0,0.0,104.0,
2026-07-08 02:49:24,60.0,0.000               ,503.445,200.0,933.0,0.0,60.5,60.500              ,60.5,60.5,60.5,60.5,60.5,60.5,60.5,11.236              ,6.819               ,18.659              ,35.728              ,52.683              ,15.063              ,29.061              ,5.724               ,21.872              ,2333.333            ,2333.333            ,3500.000            ,3500.000            ,2333.333            ,2333.333            ,2333.333            ,2333.333            ,3500.000            ,0.815,0.815,1.844,1.85,2.316,2.316,1.224,1.224,13.826,5300.0,13278.0,0.0,105.0,
2026-07-08 02:49:25,60.0,0.000               ,503.445,200.0,933.0,0.0,60.5,60.500              ,60.5,60.5,60.5,60.5,60.5,60.5,60.5,16.189              ,3.829               ,20.151              ,34.032              ,61.483              ,3.635               ,34.749              ,4.498               ,22.321              ,2333.333            ,2333.333            ,2333.333            ,2333.333            ,3500.000            ,3500.000            ,2333.333            ,2333.333            ,3500.000            ,0.916,0.916,1.825,1.82,2.327,2.327,1.402,1.405,14.274,5340.0,13326.0,0.0,106.0,
2026-07-08 02:49:26,60.0,0.000               ,503.445,200.0,933.0,0.0,60.75,60.750              ,60.75,60.75,60.75,60.75,60.75,60.75,60.75,10.263              ,3.363               ,8.944               ,75.053              ,32.255              ,24.075              ,17.498              ,6.020               ,22.184              ,2333.333            ,2333.333            ,3500.000            ,3500.000            ,2333.333            ,2333.333            ,2333.333            ,2333.333            ,3500.000            ,0.841,0.841,3.087,3.087,1.927,1.927,1.012,1.013,14.871,5412.0,13385.0,0.0,107.0,
2026-07-08 02:49:27,60.0,0.000               ,503.445,200.0,1200.0,0.0,60.75,60.750              ,60.75,60.75,60.75,60.75,60.75,60.75,60.75,30.164              ,34.329              ,30.490              ,58.295              ,42.909              ,52.321              ,49.045              ,21.020              ,39.822              ,2283.333            ,2283.333            ,2740.000            ,3500.000            ,2333.333            ,2333.333            ,2333.333            ,2333.333            ,3500.000            ,1.468,1.468,2.224,2.226,2.581,2.569,1.679,1.676,17.05,5338.0,13446.0,0.0,108.0,
2026-07-08 02:49:28,60.0,0.000               ,503.445,200.0,933.0,0.0,60.0,60.000              ,60.0,60.0,60.0,60.0,60.0,60.0,60.0,15.679              ,7.344               ,19.542              ,18.734              ,65.921              ,5.868               ,42.828              ,7.069               ,22.873              ,2250.000            ,2333.333            ,2333.333            ,2333.333            ,3275.000            ,3275.000            ,3150.000            ,3150.000            ,3275.000            ,0.815,0.82,1.04,1.038,2.233,2.235,1.297,1.297,12.877,5383.0,13500.0,0.0,109.0,
2026-07-08 02:49:29,60.0,0.000               ,503.445,200.0,933.0,0.0,60.125,60.125              ,60.125,60.125,60.125,60.125,60.125,60.125,60.125,14.255              ,2.963               ,15.809              ,27.786              ,53.999              ,20.599              ,35.749              ,2.565               ,21.716              ,2333.333            ,2333.333            ,2333.333            ,2333.333            ,3500.000            ,3500.000            ,2333.333            ,2333.333            ,3500.000            ,0.824,0.82,1.475,1.475,2.6,2.6,1.378,1.378,14.141,5439.0,13557.0,0.0,110.0,
2026-07-08 02:49:30,60.0,0.000               ,503.445,200.0,933.0,0.0,60.375,60.375              ,60.375,60.375,60.375,60.375,60.375,60.375,60.375,31.242              ,27.188              ,51.128              ,27.625              ,63.397              ,15.940              ,59.089              ,19.924              ,36.942              ,2333.333            ,2333.333            ,2333.333            ,2333.333            ,3500.000            ,3500.000            ,2333.333            ,2333.333            ,3500.000            ,1.49,1.49,2.305,2.305,2.203,2.203,2.048,2.048,17.093,5391.0,13610.0,0.0,111.0,
2026-07-08 02:49:31,60.0,0.000               ,503.445,200.0,933.0,0.0,60.125,60.125              ,60.125,60.125,60.125,60.125,60.125,60.125,60.125,19.319              ,12.319              ,24.398              ,24.884              ,55.146              ,9.799               ,32.428              ,14.547              ,24.105              ,2333.333            ,2333.333            ,2333.333            ,2333.333            ,3500.000            ,3500.000            ,2333.333            ,2333.333            ,3500.000            ,1.019,1.019,1.397,1.397,2.101,2.101,1.4,1.4,13.98,5295.0,13668.0,0.0,112.0,
2026-07-08 02:49:32,60.0,0.000               ,503.445,200.0,933.0,0.0,60.5,60.500              ,60.5,60.5,60.5,60.5,60.5,60.5,60.5,12.990              ,6.406               ,10.350              ,69.609              ,29.402              ,3.481               ,27.438              ,6.360               ,20.755              ,2333.333            ,2333.333            ,2333.333            ,2333.333            ,3500.000            ,3500.000            ,2333.333            ,2333.333            ,3500.000            ,0.9,0.9,2.908,2.914,1.155,1.155,1.241,1.241,13.851,5333.0,13703.0,16376.718,113.0,0.06
2026-07-08 02:49:33,60.0,0.000               ,503.445,200.0,933.0,0.0,60.25,60.250              ,60.25,60.25,60.25,60.25,60.25,60.25,60.25,12.777              ,7.374               ,10.310              ,63.662              ,33.881              ,5.840               ,25.603              ,5.526               ,20.621              ,2333.333            ,2333.333            ,3500.000            ,3500.000            ,2333.333            ,2333.333            ,2333.333            ,2333.333            ,3500.000            ,0.925,0.925,2.641,2.661,1.34,1.34,1.112,1.114,13.815,5373.0,13747.0,0.0,114.0,
2026-07-08 02:49:34,60.0,0.000               ,503.445,200.0,933.0,0.0,60.25,60.250              ,60.25,60.25,60.25,60.25,60.25,60.25,60.25,13.367              ,4.863               ,14.044              ,52.592              ,44.639              ,6.929               ,20.457              ,6.414               ,20.413              ,2500.000            ,2500.000            ,3125.000            ,3125.000            ,2500.000            ,2500.000            ,2500.000            ,2500.000            ,3125.000            ,0.915,0.915,2.389,2.358,1.837,1.837,1.076,1.076,13.746,5443.0,13793.0,0.0,115.0,
2026-07-08 02:49:35,60.0,0.000               ,503.445,200.0,933.0,0.0,60.25,60.250              ,60.25,60.25,60.25,60.25,60.25,60.25,60.25,12.646              ,6.386               ,15.897              ,46.194              ,37.798              ,24.386              ,33.686              ,5.959               ,22.869              ,2300.000            ,2300.000            ,2300.000            ,2300.000            ,3500.000            ,3500.000            ,2333.333            ,2333.333            ,3500.000            ,0.851,0.851,2.028,2.028,2.137,2.137,1.337,1.34,14.385,5484.0,13837.0,0.0,116.0,
2026-07-08 02:49:36,60.0,0.000               ,503.445,200.0,1067.0,0.0,60.25,60.250              ,60.25,60.25,60.25,60.25,60.25,60.25,60.25,31.850              ,21.246              ,60.849              ,31.393              ,74.065              ,13.866              ,50.776              ,19.008              ,37.881              ,3475.000            ,3475.000            ,2316.667            ,2316.667            ,3500.000            ,3500.000            ,2800.000            ,2800.000            ,3500.000            ,1.349,1.351,2.446,2.446,2.462,2.462,1.731,1.727,17.315,5423.0,13883.0,0.0,117.0,
2026-07-08 02:49:37,59.0,0.000               ,503.445,200.0,933.0,0.0,59.75,59.750              ,59.75,59.75,59.75,59.75,59.75,59.75,59.75,36.217              ,28.171              ,36.040              ,42.891              ,58.138              ,24.842              ,53.849              ,21.447              ,37.699              ,2233.333            ,2233.333            ,3350.000            ,3350.000            ,2233.333            ,2233.333            ,2680.000            ,2680.000            ,3350.000            ,1.223,1.223,1.592,1.592,1.833,1.833,1.577,1.577,15.058,5344.0,13930.0,0.0,118.0,
2026-07-08 02:49:38,60.0,0.000               ,503.445,200.0,933.0,0.0,60.0,60.000              ,60.0,60.0,60.0,60.0,60.0,60.0,60.0,8.491               ,8.292               ,7.007               ,77.411              ,31.859              ,5.224               ,22.262              ,6.700               ,20.906              ,2333.333            ,2333.333            ,3500.000            ,3500.000            ,2333.333            ,2333.333            ,2333.333            ,2333.333            ,3500.000            ,0.795,0.801,2.989,2.995,1.233,1.233,1.052,1.053,13.854,5425.0,13973.0,0.0,119.0,
2026-07-08 02:49:39,60.0,0.000               ,503.445,200.0,933.0,0.0,60.0,60.000              ,60.0,60.0,60.0,60.0,60.0,60.0,60.0,12.134              ,4.289               ,12.842              ,56.134              ,46.135              ,1.706               ,18.605              ,4.248               ,19.512              ,2333.333            ,2333.333            ,3500.000            ,3500.000            ,2333.333            ,2333.333            ,2333.333            ,2333.333            ,3500.000            ,0.876,0.869,2.483,2.477,1.72,1.72,0.971,0.969,13.633,5463.0,14021.0,0.0,120.0,
2026-07-08 02:49:40,60.0,0.000               ,503.445,200.0,933.0,0.0,60.0,60.000              ,60.0,60.0,60.0,60.0,60.0,60.0,60.0,16.589              ,5.647               ,18.250              ,36.512              ,60.656              ,3.530               ,37.859              ,11.397              ,23.805              ,2333.333            ,2333.333            ,2333.333            ,2333.333            ,3500.000            ,3500.000            ,2333.333            ,2333.333            ,3500.000            ,0.931,0.931,1.806,1.806,2.256,2.256,1.684,1.685,14.602,5549.0,14105.0,7573.9,121.0,0.13
2026-07-08 02:49:41,60.0,0.000               ,503.445,200.0,1200.0,0.0,60.375,60.375              ,60.375,60.375,60.375,60.375,60.375,60.375,60.375,26.479              ,20.937              ,33.243              ,78.009              ,77.756              ,20.123              ,49.053              ,10.312              ,39.489              ,2333.333            ,2333.333            ,3500.000            ,3500.000            ,2333.333            ,2333.333            ,2333.333            ,2333.333            ,3500.000            ,1.191,1.191,2.838,2.813,2.581,2.584,1.498,1.497,17.735,5478.0,14170.0,0.0,122.0,
2026-07-08 02:49:42,59.0,0.000               ,503.445,200.0,1200.0,0.0,59.75,59.750              ,59.75,59.75,59.75,59.75,59.75,59.75,59.75,56.006              ,57.221              ,65.603              ,83.252              ,69.468              ,51.315              ,75.555              ,51.694              ,63.764              ,2160.000            ,2160.000            ,2700.000            ,2700.000            ,2160.000            ,2160.000            ,2160.000            ,2160.000            ,2700.000            ,1.335,1.338,1.983,2.014,1.489,1.485,1.606,1.606,15.876,5258.0,14211.0,0.0,123.0,
2026-07-08 02:49:43,60.0,0.000               ,503.445,200.0,933.0,0.0,60.875,60.875              ,60.875,60.875,60.875,60.875,60.875,60.875,60.875,30.752              ,38.905              ,34.804              ,76.493              ,55.711              ,30.537              ,46.952              ,29.266              ,42.927              ,2520.000            ,2520.000            ,2520.000            ,2520.000            ,3150.000            ,3150.000            ,2520.000            ,2520.000            ,3150.000            ,1.312,1.41,2.737,2.724,1.676,1.676,1.421,1.421,15.435,4952.0,14218.0,0.0,124.0,
2026-07-08 02:49:44,62.0,0.000               ,503.445,200.0,933.0,0.0,62.25,62.250              ,62.25,62.25,62.25,62.25,62.25,62.25,62.25,6.160               ,16.694              ,22.898              ,62.555              ,22.959              ,2.864               ,37.173              ,4.959               ,22.033              ,2000.000            ,2000.000            ,3500.000            ,3500.000            ,2000.000            ,2000.000            ,2000.000            ,2000.000            ,3500.000            ,0.808,0.603,3.318,3.325,0.768,0.768,1.843,1.843,14.816,4948.0,14213.0,0.0,125.0,
2026-07-08 02:49:45,63.0,0.000               ,503.445,200.0,933.0,0.0,63.5,63.500              ,63.5,63.5,63.5,63.5,63.5,63.5,63.5,4.114               ,2.440               ,5.011               ,88.415              ,26.231              ,1.651               ,18.575              ,3.463               ,18.737              ,2333.333            ,2333.333            ,2333.333            ,2333.333            ,3500.000            ,3500.000            ,2333.333            ,2333.333            ,3500.000            ,0.347,0.347,4.115,4.075,1.141,1.141,0.935,0.935,14.886,4955.0,14214.0,0.0,126.0,
2026-07-08 02:49:46,64.0,0.000               ,503.445,200.0,933.0,0.0,64.875,64.875              ,64.875,64.875,64.875,64.875,64.875,64.875,64.875,16.236              ,3.727               ,31.572              ,62.354              ,17.147              ,2.384               ,15.300              ,4.988               ,19.214              ,3500.000            ,3500.000            ,2333.333            ,3500.000            ,2333.333            ,2333.333            ,2333.333            ,2333.333            ,3500.000            ,1.098,1.082,4.077,4.183,0.958,0.958,1.077,1.083,15.673,4951.0,14213.0,0.0,127.0,
2026-07-08 02:49:47,65.0,0.000               ,563.188,200.0,933.0,0.0,65.375,65.375              ,65.375,65.375,65.375,65.375,65.375,65.375,65.375,11.125              ,3.648               ,15.010              ,50.292              ,21.369              ,3.555               ,61.747              ,7.615               ,21.795              ,2333.333            ,2333.333            ,3500.000            ,3500.000            ,2333.333            ,2333.333            ,2333.333            ,2333.333            ,3500.000            ,0.808,0.82,2.757,2.665,0.953,0.953,2.913,2.906,15.911,4994.0,14312.0,0.0,128.0,
2026-07-08 02:49:48,65.0,0.000               ,563.188,200.0,933.0,0.0,65.75,65.750              ,65.75,65.75,65.75,65.75,65.75,65.75,65.75,6.030               ,4.247               ,77.543              ,24.594              ,19.244              ,4.716               ,16.587              ,5.148               ,19.764              ,2333.333            ,2333.333            ,3500.000            ,3500.000            ,2333.333            ,2333.333            ,2333.333            ,2333.333            ,3500.000            ,0.669,0.669,4.472,4.472,0.916,0.916,1.006,1.006,15.436,5005.0,14311.0,0.0,129.0,
2026-07-08 02:49:49,65.0,0.000               ,563.188,200.0,933.0,0.0,65.75,65.750              ,65.75,65.75,65.75,65.75,65.75,65.75,65.75,15.153              ,2.541               ,4.427               ,85.328              ,19.803              ,1.723               ,15.226              ,3.723               ,18.491              ,2333.333            ,2333.333            ,3500.000            ,3500.000            ,2333.333            ,2333.333            ,2333.333            ,2333.333            ,3500.000            ,1.031,1.031,3.97,4.038,1.006,1.012,0.891,0.891,15.479,5006.0,14310.0,0.0,130.0,
2026-07-08 02:49:50,65.0,0.000               ,563.188,200.0,933.0,0.0,65.875,65.875              ,65.875,65.875,65.875,65.875,65.875,65.875,65.875,11.348              ,19.214              ,7.651               ,79.728              ,21.598              ,5.200               ,16.240              ,7.002               ,20.998              ,2333.333            ,2333.333            ,3500.000            ,3500.000            ,2333.333            ,2333.333            ,2333.333            ,2333.333            ,3500.000            ,1.39,1.39,3.811,3.725,1.052,1.045,1.016,1.016,15.589,5011.0,14310.0,0.0,131.0,
2026-07-08 02:49:51,65.0,0.000               ,566.695,200.0,933.0,0.0,65.5,65.500              ,65.5,65.5,65.5,65.5,65.5,65.5,65.5,5.834               ,3.093               ,8.632               ,77.944              ,20.127              ,5.130               ,13.720              ,24.211              ,19.836              ,2333.333            ,2333.333            ,3500.000            ,3500.000            ,2333.333            ,2333.333            ,2333.333            ,2333.333            ,3500.000            ,0.546,0.546,3.699,3.717,0.918,0.918,1.623,1.623,15.344,5021.0,14322.0,0.0,132.0,
2026-07-08 02:49:52,65.0,0.000               ,566.695,200.0,933.0,0.0,65.75,65.750              ,65.75,65.75,65.75,65.75,65.75,65.75,65.75,9.452               ,4.189               ,3.412               ,96.033              ,17.685              ,4.651               ,14.846              ,6.165               ,19.554              ,2333.333            ,2333.333            ,3500.000            ,3500.000            ,2333.333            ,2333.333            ,2333.333            ,2333.333            ,3500.000            ,0.795,0.886,4.257,4.242,0.97,0.97,0.939,0.939,15.356,5029.0,14321.0,0.0,133.0,
2026-07-08 02:49:53,65.0,0.000               ,566.695,200.0,933.0,0.0,65.75,65.750              ,65.75,65.75,65.75,65.75,65.75,65.75,65.75,6.242               ,8.507               ,7.668               ,93.247              ,21.674              ,3.771               ,13.384              ,5.429               ,19.990              ,2333.333            ,2333.333            ,3500.000            ,3500.000            ,2333.333            ,2333.333            ,2333.333            ,2333.333            ,3500.000            ,0.789,0.69,4.458,4.473,0.895,0.896,0.931,0.931,15.763,5037.0,14320.0,0.0,134.0,
2026-07-08 02:49:54,65.0,0.000               ,566.695,200.0,933.0,0.0,65.125,65.125              ,65.125,65.125,65.125,65.125,65.125,65.125,65.125,13.041              ,2.290               ,28.426              ,6.193               ,46.306              ,19.676              ,11.605              ,25.400              ,19.117              ,2333.333            ,2333.333            ,3500.000            ,3500.000            ,2333.333            ,2333.333            ,2333.333            ,2333.333            ,3500.000            ,0.923,0.923,1.355,1.313,2.823,2.822,1.621,1.672,15.282,5036.0,14318.0,0.0,135.0,
2026-07-08 02:49:55,65.0,0.000               ,566.695,200.0,933.0,0.0,65.5,65.500              ,65.5,65.5,65.5,65.5,65.5,65.5,65.5,5.993               ,4.656               ,4.750               ,98.746              ,19.083              ,4.740               ,15.525              ,6.905               ,20.050              ,2333.333            ,2333.333            ,3500.000            ,3500.000            ,2333.333            ,2333.333            ,2333.333            ,2333.333            ,3500.000            ,0.651,0.651,4.527,4.514,0.898,0.898,0.982,0.933,15.538,5044.0,14318.0,0.0,136.0,
2026-07-08 02:49:56,64.0,0.000               ,578.813,200.0,933.0,0.0,64.125,64.125              ,64.125,64.125,64.125,64.125,64.125,64.125,64.125,11.172              ,5.096               ,92.404              ,9.853               ,17.159              ,2.687               ,15.149              ,8.181               ,20.213              ,2800.000            ,2800.000            ,3500.000            ,3500.000            ,2800.000            ,2800.000            ,2800.000            ,2800.000            ,3500.000            ,0.849,0.849,4.383,4.392,0.871,0.871,1.042,1.042,15.233,5059.0,14333.0,15887.509,137.0,0.06
2026-07-08 02:49:57,63.0,0.000               ,578.813,200.0,933.0,0.0,63.625,63.625              ,63.625,63.625,63.625,63.625,63.625,63.625,63.625,4.182               ,96.214              ,20.219              ,5.139               ,14.919              ,2.988               ,7.618               ,8.052               ,19.916              ,2333.333            ,2333.333            ,2333.333            ,2333.333            ,2333.333            ,2333.333            ,3500.000            ,3500.000            ,3500.000            ,4.336,4.376,0.913,0.899,0.858,0.864,0.806,0.794,14.317,5063.0,14333.0,0.0,138.0,
2026-07-08 02:49:58,63.0,0.000               ,578.813,200.0,933.0,0.0,63.25,63.250              ,63.25,63.25,63.25,63.25,63.25,63.25,63.25,3.582               ,85.997              ,27.710              ,6.819               ,19.790              ,3.245               ,10.637              ,5.470               ,20.406              ,2333.333            ,2333.333            ,3500.000            ,3500.000            ,2800.000            ,2800.000            ,2333.333            ,2333.333            ,3500.000            ,4.084,4.031,1.45,1.473,0.911,0.904,0.904,0.919,15.181,5071.0,14331.0,0.0,139.0,
2026-07-08 02:49:59,62.0,0.000               ,578.813,200.0,933.0,0.0,62.75,62.750              ,62.75,62.75,62.75,62.75,62.75,62.75,62.75,9.517               ,16.762              ,27.908              ,5.252               ,77.237              ,2.342               ,16.358              ,5.490               ,20.108              ,3500.000            ,3500.000            ,2333.333            ,2333.333            ,2333.333            ,2333.333            ,2333.333            ,2333.333            ,3500.000            ,1.321,1.241,1.219,1.219,3.783,3.783,0.92,0.92,14.86,5079.0,14329.0,0.0,140.0,
2026-07-08 02:50:00,62.0,0.000               ,578.813,200.0,933.0,0.0,62.875,62.875              ,62.875,62.875,62.875,62.875,62.875,62.875,62.875,13.784              ,13.478              ,82.368              ,6.106               ,15.678              ,3.703               ,16.929              ,6.363               ,19.801              ,3500.000            ,3500.000            ,2333.333            ,2333.333            ,2333.333            ,2333.333            ,2333.333            ,2333.333            ,3500.000            ,1.431,1.431,4.066,4.066,0.817,0.817,0.987,0.987,15.511,5086.0,14332.0,0.0,141.0,
2026-07-08 02:50:01,62.0,0.000               ,578.813,200.0,933.0,0.0,62.875,62.875              ,62.875,62.875,62.875,62.875,62.875,62.875,62.875,8.193               ,18.417              ,8.737               ,84.292              ,19.221              ,4.246               ,15.648              ,6.174               ,20.616              ,3500.000            ,3500.000            ,2333.333            ,2333.333            ,2333.333            ,2333.333            ,2333.333            ,2333.333            ,3500.000            ,1.242,1.242,4.236,4.243,0.855,0.855,0.875,0.875,15.086,5097.0,14331.0,0.0,142.0,
2026-07-08 02:50:02,62.0,0.000               ,578.813,200.0,933.0,0.0,62.75,62.750              ,62.75,62.75,62.75,62.75,62.75,62.75,62.75,17.209              ,53.332              ,41.291              ,4.822               ,16.946              ,3.437               ,9.686               ,3.633               ,18.794              ,3500.000            ,3500.000            ,2333.333            ,2333.333            ,2333.333            ,2333.333            ,2333.333            ,2333.333            ,3500.000            ,3.368,3.368,2.137,2.13,0.944,0.944,0.799,0.8,14.928,5097.0,14331.0,0.0,143.0,
2026-07-08 02:50:03,62.0,0.000               ,578.813,200.0,933.0,0.0,62.875,62.875              ,62.875,62.875,62.875,62.875,62.875,62.875,62.875,5.670               ,83.786              ,21.031              ,15.966              ,32.594              ,3.616               ,16.250              ,5.521               ,23.054              ,3500.000            ,3500.000            ,2333.333            ,2333.333            ,2333.333            ,2333.333            ,2333.333            ,2333.333            ,3500.000            ,4.033,4.033,1.423,1.495,1.301,1.301,0.957,0.956,15.774,5149.0,14371.0,0.0,144.0,
2026-07-08 02:50:04,62.0,0.000               ,604.27,200.0,1200.0,0.0,62.0,62.000              ,62.0,62.0,62.0,62.0,62.0,62.0,62.0,40.097              ,32.188              ,41.930              ,50.845              ,48.834              ,14.604              ,41.325              ,21.956              ,36.473              ,2333.333            ,2333.333            ,3500.000            ,3500.000            ,2800.000            ,2800.000            ,2333.333            ,2333.333            ,3500.000            ,1.928,1.935,2.76,2.711,1.575,1.575,1.584,1.584,16.435,5316.0,14525.0,8420.078,145.0,0.12
2026-07-08 02:50:05,60.0,0.000               ,706.969,393.0,1200.0,0.0,60.375,60.375              ,60.375,60.375,60.375,60.375,60.375,60.375,60.375,70.049              ,57.579              ,81.594              ,67.741              ,79.925              ,56.098              ,79.467              ,56.286              ,68.592              ,2775.000            ,2775.000            ,2220.000            ,2220.000            ,2220.000            ,2220.000            ,2220.000            ,2200.000            ,2775.000            ,1.03,1.009,1.119,1.115,1.048,1.053,0.999,0.999,16.197,5382.0,14713.0,507.289,146.0,1.97
2026-07-08 02:50:06,58.0,41.000              ,707.484,500.0,1200.0,0.0,58.875,58.875              ,58.875,58.875,58.875,58.875,58.875,58.875,58.875,58.147              ,66.924              ,73.799              ,65.697              ,71.002              ,47.828              ,71.914              ,54.285              ,63.699              ,1940.000            ,1980.000            ,1650.000            ,1650.000            ,1650.000            ,1650.000            ,1980.000            ,1980.000            ,1980.000            ,0.754,0.764,0.921,0.921,0.786,0.781,0.833,0.833,15.32,5230.0,14718.0,28.512,147.0,35.07
2026-07-08 02:50:07,57.0,78.000              ,705.984,563.0,1200.0,0.0,57.25,57.250              ,57.25,57.25,57.25,57.25,57.25,57.25,57.25,50.670              ,45.914              ,60.276              ,46.947              ,60.843              ,33.289              ,60.547              ,29.660              ,48.518              ,1766.667            ,1766.667            ,2120.000            ,2120.000            ,1766.667            ,1766.667            ,1766.667            ,1766.667            ,2120.000            ,0.748,0.748,0.87,0.87,0.797,0.797,0.77,0.77,15.105,5230.0,14718.0,20.407,148.0,49.0
2026-07-08 02:50:08,56.0,70.000              ,704.949,545.0,1200.0,0.0,56.75,56.750              ,56.75,56.75,56.75,56.75,56.75,56.75,56.75,55.566              ,39.375              ,64.011              ,48.708              ,68.148              ,29.988              ,54.406              ,31.790              ,48.999              ,1800.000            ,1800.000            ,2250.000            ,2250.000            ,1800.000            ,1800.000            ,1800.000            ,1800.000            ,2250.000            ,0.753,0.753,0.949,0.956,0.833,0.833,0.743,0.743,15.393,5216.0,14719.0,20.053,149.0,49.87
2026-07-08 02:50:09,56.0,68.000              ,704.953,461.0,1200.0,0.0,56.625,56.625              ,56.625,56.625,56.625,56.625,56.625,56.625,56.625,53.316              ,53.581              ,62.875              ,51.859              ,64.015              ,36.645              ,69.172              ,36.983              ,53.556              ,1816.667            ,1816.667            ,2180.000            ,2180.000            ,1816.667            ,1816.667            ,1816.667            ,1816.667            ,2180.000            ,0.759,0.76,0.904,0.898,0.805,0.798,0.819,0.819,15.251,5141.0,14719.0,20.262,150.0,49.35
2026-07-08 02:50:10,56.0,73.000              ,705.457,563.0,1200.0,0.0,56.5,56.500              ,56.5,56.5,56.5,56.5,56.5,56.5,56.5,46.968              ,44.546              ,62.062              ,47.311              ,63.030              ,29.149              ,68.001              ,35.456              ,49.565              ,1960.000            ,1960.000            ,1960.000            ,1960.000            ,1633.333            ,1650.000            ,1980.000            ,1980.000            ,1980.000            ,0.704,0.703,0.827,0.827,0.754,0.765,0.87,0.872,15.212,5123.0,14711.0,23.505,151.0,42.54
2026-07-08 02:50:11,56.0,69.000              ,706.535,484.0,1200.0,0.0,56.375,56.375              ,56.375,56.375,56.375,56.375,56.375,56.375,56.375,34.950              ,24.595              ,57.593              ,28.576              ,58.970              ,16.797              ,54.307              ,13.333              ,36.140              ,1880.000            ,1880.000            ,2350.000            ,2350.000            ,2350.000            ,2350.000            ,1880.000            ,1880.000            ,2350.000            ,0.745,0.745,0.998,0.998,0.905,0.901,0.817,0.817,14.996,5145.0,14710.0,25.21,152.0,39.67
2026-07-08 02:50:12,56.0,66.000              ,708.934,413.0,1200.0,0.0,56.25,56.250              ,56.25,56.25,56.25,56.25,56.25,56.25,56.25,44.174              ,25.380              ,53.104              ,33.675              ,54.804              ,23.401              ,52.243              ,13.878              ,37.582              ,1960.000            ,1960.000            ,2450.000            ,2450.000            ,1960.000            ,1960.000            ,1960.000            ,1960.000            ,2450.000            ,0.789,0.79,0.927,0.927,0.948,0.948,0.744,0.743,15.442,5152.0,14713.0,19.312,153.0,51.78
2026-07-08 02:50:13,56.0,70.000              ,709.035,364.0,1200.0,0.0,56.25,56.250              ,56.25,56.25,56.25,56.25,56.25,56.25,56.25,39.940              ,22.850              ,55.521              ,32.559              ,55.622              ,18.995              ,52.509              ,11.653              ,36.206              ,2000.000            ,2000.000            ,2500.000            ,2500.000            ,2000.000            ,2000.000            ,2000.000            ,2000.000            ,2500.000            ,0.748,0.747,0.994,0.999,0.902,0.902,0.793,0.792,15.21,5159.0,14713.0,21.522,154.0,46.46
2026-07-08 02:50:14,56.0,68.000              ,709.031,426.0,1200.0,0.0,56.25,56.250              ,56.25,56.25,56.25,56.25,56.25,56.25,56.25,42.639              ,23.844              ,55.364              ,32.071              ,58.692              ,19.854              ,57.567              ,14.799              ,38.104              ,2020.000            ,2020.000            ,2525.000            ,2525.000            ,2020.000            ,2020.000            ,2000.000            ,2000.000            ,2525.000            ,0.746,0.747,0.931,0.926,0.928,0.928,0.873,0.873,15.325,5161.0,14712.0,21.831,155.0,45.81
2026-07-08 02:50:15,56.0,69.000              ,690.5,364.0,1200.0,0.0,56.25,56.250              ,56.25,56.25,56.25,56.25,56.25,56.25,56.25,34.748              ,21.888              ,51.978              ,34.259              ,54.611              ,17.164              ,59.089              ,10.009              ,35.468              ,1940.000            ,1940.000            ,2425.000            ,2425.000            ,1940.000            ,1940.000            ,1940.000            ,1940.000            ,2425.000            ,0.702,0.701,0.965,0.967,0.897,0.897,0.826,0.826,15.109,5171.0,14697.0,24.737,156.0,40.43
2026-07-08 02:50:16,56.0,70.000              ,683.059,200.0,1200.0,0.0,56.25,56.250              ,56.25,56.25,56.25,56.25,56.25,56.25,56.25,42.947              ,25.193              ,49.668              ,36.001              ,55.003              ,25.504              ,54.149              ,14.684              ,37.894              ,1980.000            ,1980.000            ,2475.000            ,2475.000            ,1980.000            ,1980.000            ,2000.000            ,2500.000            ,2500.000            ,0.788,0.788,0.974,0.972,0.956,0.956,0.796,0.796,15.326,5178.0,14693.0,19.042,157.0,52.52
2026-07-08 02:50:17,56.0,69.000              ,683.059,420.0,1200.0,0.0,56.25,56.250              ,56.25,56.25,56.25,56.25,56.25,56.25,56.25,48.391              ,23.717              ,47.460              ,42.609              ,50.457              ,17.192              ,56.513              ,12.935              ,37.409              ,1840.000            ,1840.000            ,1840.000            ,1820.000            ,1820.000            ,1820.000            ,2275.000            ,2275.000            ,2275.000            ,0.766,0.767,0.97,0.973,0.773,0.773,0.751,0.751,14.992,5184.0,14693.0,20.386,158.0,49.05
2026-07-08 02:50:18,56.0,70.000              ,683.055,435.0,1200.0,0.0,56.25,56.250              ,56.25,56.25,56.25,56.25,56.25,56.25,56.25,43.708              ,24.883              ,44.870              ,38.655              ,56.584              ,20.116              ,53.144              ,11.742              ,36.712              ,1960.000            ,1960.000            ,2425.000            ,2425.000            ,1940.000            ,1940.000            ,1940.000            ,1940.000            ,2425.000            ,0.764,0.763,0.958,0.955,0.917,0.92,0.755,0.762,15.226,5189.0,14690.0,19.469,159.0,51.36
2026-07-08 02:50:19,56.0,71.000              ,682.805,435.0,1200.0,0.0,56.25,56.250              ,56.25,56.25,56.25,56.25,56.25,56.25,56.25,39.388              ,22.063              ,49.585              ,43.916              ,48.989              ,18.556              ,45.085              ,13.074              ,35.082              ,1880.000            ,1880.000            ,2375.000            ,2375.000            ,1900.000            ,1900.000            ,1900.000            ,1900.000            ,2375.000            ,0.728,0.728,1.067,1.069,0.827,0.825,0.71,0.703,15.034,5190.0,14677.0,19.593,160.0,51.04
2026-07-08 02:50:20,56.0,70.000              ,682.309,200.0,1200.0,0.0,56.25,56.250              ,56.25,56.25,56.25,56.25,56.25,56.25,56.25,41.065              ,21.192              ,49.568              ,32.159              ,47.140              ,12.773              ,47.887              ,8.890               ,32.584              ,2080.000            ,2080.000            ,2600.000            ,2600.000            ,2080.000            ,2080.000            ,2080.000            ,2080.000            ,2600.000            ,0.802,0.803,1.085,1.084,0.822,0.822,0.759,0.759,15.211,5190.0,14677.0,17.715,161.0,56.45
2026-07-08 02:50:21,56.0,69.000              ,682.305,400.0,1067.0,0.0,56.25,56.250              ,56.25,56.25,56.25,56.25,56.25,56.25,56.25,39.187              ,23.814              ,48.032              ,32.434              ,55.088              ,14.637              ,47.351              ,13.282              ,34.228              ,2000.000            ,2000.000            ,2500.000            ,2500.000            ,2000.000            ,2000.000            ,2000.000            ,2000.000            ,2500.000            ,0.768,0.766,0.988,0.99,0.889,0.889,0.754,0.759,15.097,5197.0,14674.0,18.305,162.0,54.63
2026-07-08 02:50:22,56.0,69.000              ,683.574,406.0,1200.0,0.0,56.25,56.250              ,56.25,56.25,56.25,56.25,56.25,56.25,56.25,36.261              ,21.935              ,42.873              ,33.550              ,59.243              ,19.479              ,43.873              ,10.392              ,33.451              ,2020.000            ,2020.000            ,2525.000            ,2525.000            ,2040.000            ,2040.000            ,2040.000            ,2040.000            ,2525.000            ,0.732,0.732,0.86,0.858,1.001,1.001,0.724,0.719,15.132,5199.0,14673.0,20.403,163.0,49.01
2026-07-08 02:50:23,56.0,69.000              ,683.578,420.0,1200.0,0.0,56.25,56.250              ,56.25,56.25,56.25,56.25,56.25,56.25,56.25,33.781              ,23.216              ,46.507              ,28.701              ,55.509              ,15.464              ,44.109              ,9.454               ,32.093              ,2020.000            ,2020.000            ,2525.000            ,2500.000            ,2000.000            ,2000.000            ,2000.000            ,2000.000            ,2525.000            ,0.757,0.76,0.932,0.932,0.987,0.987,0.764,0.764,15.197,5201.0,14670.0,18.679,164.0,53.54
2026-07-08 02:50:24,56.0,69.000              ,683.578,461.0,1200.0,0.0,56.25,56.250              ,56.25,56.25,56.25,56.25,56.25,56.25,56.25,33.735              ,21.288              ,45.706              ,32.665              ,61.779              ,12.941              ,37.711              ,8.269               ,31.762              ,2120.000            ,2120.000            ,2650.000            ,2650.000            ,2100.000            ,2100.000            ,2100.000            ,2100.000            ,2650.000            ,0.769,0.767,0.991,0.991,1.045,1.045,0.684,0.684,15.101,5202.0,14670.0,18.892,165.0,52.93
2026-07-08 02:50:25,56.0,70.000              ,682.066,442.0,1200.0,0.0,56.25,56.250              ,56.25,56.25,56.25,56.25,56.25,56.25,56.25,35.804              ,22.746              ,46.663              ,31.812              ,55.525              ,18.113              ,45.895              ,10.661              ,33.402              ,2040.000            ,2040.000            ,2040.000            ,2040.000            ,2550.000            ,2550.000            ,2040.000            ,2040.000            ,2550.000            ,0.739,0.739,0.967,0.967,0.965,0.965,0.746,0.746,15.189,5206.0,14667.0,18.491,166.0,54.08
2026-07-08 02:50:26,56.0,70.000              ,682.07,200.0,1200.0,0.0,56.25,56.250              ,56.25,56.25,56.25,56.25,56.25,56.25,56.25,35.077              ,19.924              ,41.614              ,33.944              ,57.299              ,13.274              ,45.906              ,11.119              ,32.270              ,2040.000            ,2040.000            ,2550.000            ,2550.000            ,2040.000            ,2040.000            ,2040.000            ,2040.000            ,2550.000            ,0.752,0.752,0.979,0.979,0.992,0.992,0.77,0.772,15.169,5222.0,14665.0,18.025,167.0,55.48
2026-07-08 02:50:27,56.0,69.000              ,686.621,200.0,1067.0,0.0,56.25,56.250              ,56.25,56.25,56.25,56.25,56.25,56.25,56.25,42.727              ,22.504              ,47.952              ,38.695              ,54.580              ,19.186              ,46.529              ,12.349              ,35.565              ,1980.000            ,1980.000            ,2475.000            ,2475.000            ,1980.000            ,1980.000            ,1980.000            ,1980.000            ,2475.000            ,0.852,0.852,1.111,1.111,0.949,0.952,0.761,0.759,15.142,5242.0,14672.0,18.652,168.0,53.61
2026-07-08 02:50:28,56.0,54.000              ,708.441,461.0,1200.0,0.0,56.5,56.500              ,56.5,56.5,56.5,56.5,56.5,56.5,56.5,72.815              ,45.302              ,59.483              ,60.596              ,67.362              ,45.548              ,55.561              ,53.833              ,57.563              ,2550.000            ,2550.000            ,2550.000            ,2550.000            ,2040.000            ,2040.000            ,2040.000            ,2040.000            ,2550.000            ,1.117,1.12,1.14,1.14,1.018,1.016,1.033,1.035,15.299,5296.0,14716.0,442.421,169.0,2.26
2026-07-08 02:50:29,56.0,58.000              ,708.449,413.0,1200.0,0.0,56.5,56.500              ,56.5,56.5,56.5,56.5,56.5,56.5,56.5,71.578              ,50.217              ,63.711              ,65.467              ,75.621              ,47.247              ,65.281              ,41.245              ,60.046              ,1960.000            ,1960.000            ,1960.000            ,1960.000            ,1633.333            ,1633.333            ,1650.000            ,1650.000            ,1960.000            ,0.792,0.794,0.822,0.811,0.793,0.793,0.709,0.708,15.271,5333.0,14724.0,20.872,170.0,47.91
2026-07-08 02:50:30,56.0,79.000              ,708.0,461.0,1200.0,0.0,56.5,56.500              ,56.5,56.5,56.5,56.5,56.5,56.5,56.5,64.654              ,53.730              ,63.502              ,66.162              ,68.058              ,51.214              ,73.563              ,41.890              ,60.347              ,1616.667            ,1940.000            ,1940.000            ,1940.000            ,1616.667            ,1616.667            ,1616.667            ,1616.667            ,1940.000            ,0.77,0.765,0.836,0.849,0.795,0.795,0.809,0.809,14.935,5336.0,14722.0,27.527,171.0,36.33
2026-07-08 02:50:31,56.0,78.000              ,708.004,200.0,1200.0,0.0,56.5,56.500              ,56.5,56.5,56.5,56.5,56.5,56.5,56.5,64.592              ,53.976              ,54.707              ,59.274              ,69.553              ,42.955              ,62.172              ,30.419              ,54.706              ,1733.333            ,1733.333            ,2080.000            ,2080.000            ,1716.667            ,1716.667            ,2060.000            ,2060.000            ,2080.000            ,0.916,0.917,0.823,0.823,0.924,0.924,0.733,0.734,15.09,5336.0,14720.0,18.995,172.0,52.65
2026-07-08 02:50:32,56.0,68.000              ,708.75,484.0,1200.0,0.0,56.5,56.500              ,56.5,56.5,56.5,56.5,56.5,56.5,56.5,68.420              ,49.321              ,59.246              ,54.812              ,67.870              ,53.922              ,62.137              ,27.862              ,55.449              ,1816.667            ,1816.667            ,1816.667            ,1816.667            ,2180.000            ,2180.000            ,1816.667            ,1816.667            ,2180.000            ,0.914,0.913,0.83,0.831,0.991,0.991,0.712,0.711,14.953,5337.0,14723.0,20.433,173.0,48.94
2026-07-08 02:50:33,56.0,68.000              ,709.125,516.0,1200.0,0.0,56.375,56.375              ,56.375,56.375,56.375,56.375,56.375,56.375,56.375,59.704              ,37.602              ,58.146              ,41.426              ,59.721              ,28.586              ,59.701              ,21.118              ,45.750              ,1766.667            ,1766.667            ,1766.667            ,1766.667            ,1766.667            ,1766.667            ,2120.000            ,2120.000            ,2120.000            ,0.849,0.852,0.876,0.869,0.803,0.803,0.757,0.757,14.993,5339.0,14725.0,19.638,174.0,50.92
2026-07-08 02:50:34,56.0,71.000              ,709.129,457.0,1200.0,0.0,56.375,56.375              ,56.375,56.375,56.375,56.375,56.375,56.375,56.375,68.770              ,53.752              ,65.280              ,69.104              ,75.063              ,48.046              ,71.082              ,42.629              ,61.716              ,2160.000            ,2160.000            ,1800.000            ,1800.000            ,1800.000            ,1800.000            ,1800.000            ,1816.667            ,2160.000            ,0.845,0.843,0.913,0.926,0.883,0.883,0.83,0.831,15.287,5354.0,14730.0,22.317,175.0,44.81
2026-07-08 02:50:35,56.0,73.000              ,713.926,500.0,1200.0,0.0,56.25,56.250              ,56.25,56.25,56.25,56.25,56.25,56.25,56.25,62.921              ,46.526              ,54.399              ,64.962              ,69.374              ,35.520              ,62.042              ,28.119              ,52.983              ,1733.333            ,1750.000            ,2100.000            ,2100.000            ,1750.000            ,1750.000            ,1766.667            ,1766.667            ,2100.000            ,0.826,0.826,0.919,0.913,0.835,0.835,0.707,0.706,14.92,5358.0,14741.0,21.348,176.0,46.84
2026-07-08 02:50:36,56.0,72.000              ,721.5,492.0,1200.0,0.0,56.25,56.250              ,56.25,56.25,56.25,56.25,56.25,56.25,56.25,51.107              ,38.667              ,52.663              ,51.551              ,58.580              ,28.724              ,53.143              ,23.350              ,44.723              ,1760.000            ,1760.000            ,2225.000            ,2225.000            ,1780.000            ,1780.000            ,1780.000            ,1780.000            ,2225.000            ,0.827,0.828,0.987,0.988,0.883,0.883,0.746,0.746,15.15,5370.0,14754.0,25.12,177.0,39.81
2026-07-08 02:50:37,56.0,69.000              ,721.5,442.0,1067.0,0.0,56.25,56.250              ,56.25,56.25,56.25,56.25,56.25,56.25,56.25,53.131              ,39.451              ,57.284              ,44.971              ,62.851              ,34.231              ,51.627              ,22.525              ,45.759              ,2120.000            ,2120.000            ,1766.667            ,1766.667            ,1766.667            ,1766.667            ,1766.667            ,1766.667            ,2120.000            ,0.817,0.815,0.844,0.843,0.89,0.894,0.677,0.677,14.8,5368.0,14753.0,19.638,178.0,50.92
2026-07-08 02:50:38,56.0,69.000              ,721.582,476.0,1200.0,0.0,56.25,56.250              ,56.25,56.25,56.25,56.25,56.25,56.25,56.25,61.459              ,43.454              ,55.790              ,50.568              ,70.358              ,46.548              ,57.184              ,31.500              ,52.108              ,1960.000            ,1960.000            ,2450.000            ,2450.000            ,1960.000            ,1960.000            ,1960.000            ,1960.000            ,2450.000            ,0.838,0.838,0.897,0.897,1.032,1.012,0.77,0.77,15.289,5366.0,14753.0,19.8,179.0,50.51
2026-07-08 02:50:39,56.0,71.000              ,721.586,350.0,1200.0,0.0,56.25,56.250              ,56.25,56.25,56.25,56.25,56.25,56.25,56.25,78.818              ,70.238              ,74.175              ,78.984              ,79.200              ,74.733              ,77.296              ,66.682              ,75.016              ,1733.333            ,1733.333            ,1733.333            ,1733.333            ,2100.000            ,2100.000            ,1750.000            ,1750.000            ,2100.000            ,0.88,0.88,0.897,0.898,0.941,0.955,0.827,0.829,15.279,5271.0,14759.0,34.202,180.0,29.24
2026-07-08 02:50:40,56.0,75.000              ,715.57,305.0,1200.0,0.0,56.25,56.250              ,56.25,56.25,56.25,56.25,56.25,56.25,56.25,86.915              ,83.112              ,87.660              ,86.905              ,86.362              ,82.488              ,84.502              ,78.228              ,84.521              ,1820.000            ,1820.000            ,1820.000            ,1820.000            ,1516.667            ,1516.667            ,1820.000            ,1820.000            ,1820.000            ,0.887,0.887,0.929,0.935,0.861,0.862,0.84,0.838,15.151,5110.0,14756.0,25.93,181.0,38.57
2026-07-08 02:50:41,56.0,77.000              ,715.566,442.0,1200.0,0.0,56.25,56.250              ,56.25,56.25,56.25,56.25,56.25,56.25,56.25,70.286              ,67.368              ,72.035              ,75.661              ,76.351              ,58.317              ,74.293              ,52.534              ,68.355              ,1700.000            ,1700.000            ,1716.667            ,1716.667            ,1716.667            ,1716.667            ,1716.667            ,1716.667            ,1716.667            ,0.788,0.788,0.896,0.891,0.801,0.8,0.768,0.768,14.866,5076.0,14744.0,23.986,182.0,41.69
2026-07-08 02:50:42,56.0,75.000              ,715.57,200.0,1200.0,0.0,56.25,56.250              ,56.25,56.25,56.25,56.25,56.25,56.25,56.25,66.992              ,62.239              ,66.904              ,73.370              ,71.816              ,47.142              ,69.461              ,38.916              ,62.105              ,1666.667            ,1666.667            ,2000.000            ,2000.000            ,1666.667            ,1666.667            ,1666.667            ,1666.667            ,2000.000            ,0.814,0.815,0.983,0.983,0.814,0.814,0.778,0.778,15.153,4978.0,14746.0,20.94,183.0,47.76
2026-07-08 02:50:43,56.0,71.000              ,715.57,450.0,1200.0,0.0,56.25,56.250              ,56.25,56.25,56.25,56.25,56.25,56.25,56.25,64.918              ,58.509              ,64.920              ,76.180              ,72.456              ,47.774              ,65.933              ,38.748              ,61.180              ,1650.000            ,1650.000            ,1980.000            ,1980.000            ,1650.000            ,1650.000            ,1650.000            ,1650.000            ,1980.000            ,0.778,0.777,0.989,0.992,0.808,0.808,0.723,0.723,14.967,4902.0,14743.0,19.334,184.0,51.72
2026-07-08 02:50:44,56.0,72.000              ,715.57,450.0,1200.0,0.0,56.25,56.250              ,56.25,56.25,56.25,56.25,56.25,56.25,56.25,61.620              ,59.173              ,67.330              ,68.568              ,70.502              ,43.147              ,64.129              ,43.954              ,59.803              ,1766.667            ,1766.667            ,2120.000            ,2120.000            ,1766.667            ,1766.667            ,1766.667            ,1750.000            ,2120.000            ,0.775,0.775,0.963,0.958,0.79,0.79,0.754,0.755,14.953,4805.0,14744.0,19.965,185.0,50.09
2026-07-08 02:50:45,56.0,75.000              ,715.57,435.0,1200.0,0.0,56.25,56.250              ,56.25,56.25,56.25,56.25,56.25,56.25,56.25,69.149              ,65.549              ,67.914              ,76.145              ,74.479              ,50.986              ,70.384              ,47.399              ,65.251              ,1666.667            ,1666.667            ,2000.000            ,1980.000            ,1650.000            ,1650.000            ,1683.333            ,1683.333            ,2000.000            ,0.817,0.819,1.007,1.009,0.847,0.847,0.832,0.831,15.202,4668.0,14747.0,21.406,186.0,46.72
2026-07-08 02:50:46,56.0,75.000              ,715.57,435.0,1200.0,0.0,56.25,56.250              ,56.25,56.25,56.25,56.25,56.25,56.25,56.25,67.384              ,61.176              ,70.959              ,68.279              ,72.607              ,56.810              ,71.032              ,47.944              ,64.524              ,1733.333            ,1733.333            ,2080.000            ,2080.000            ,1733.333            ,1733.333            ,1733.333            ,1733.333            ,2080.000            ,0.834,0.832,0.949,0.949,0.908,0.908,0.828,0.828,15.003,4557.0,14748.0,31.686,187.0,31.56
2026-07-08 02:50:47,56.0,74.000              ,715.566,426.0,1200.0,0.0,56.25,56.250              ,56.25,56.25,56.25,56.25,56.25,56.25,56.25,66.626              ,57.649              ,67.591              ,71.703              ,68.722              ,50.396              ,70.004              ,50.411              ,62.888              ,1633.333            ,1633.333            ,1960.000            ,1960.000            ,1633.333            ,1633.333            ,1633.333            ,1650.000            ,1960.000            ,0.803,0.815,0.949,0.949,0.793,0.793,0.84,0.841,15.144,4461.0,14749.0,21.33,188.0,46.88
2026-07-08 02:50:48,56.0,74.000              ,715.57,461.0,1200.0,0.0,56.25,56.250              ,56.25,56.25,56.25,56.25,56.25,56.25,56.25,61.560              ,53.671              ,62.873              ,65.291              ,66.272              ,49.646              ,67.865              ,41.217              ,58.549              ,1666.667            ,1666.667            ,2000.000            ,2000.000            ,2000.000            ,2000.000            ,1666.667            ,1666.667            ,2000.000            ,0.783,0.771,0.954,0.953,0.811,0.811,0.775,0.774,14.763,4364.0,14752.0,20.859,189.0,47.94
2026-07-08 02:50:49,56.0,70.000              ,715.508,387.0,1067.0,0.0,56.125,56.125              ,56.125,56.125,56.125,56.125,56.125,56.125,56.125,48.455              ,29.729              ,49.866              ,57.593              ,51.994              ,20.920              ,48.543              ,21.094              ,41.024              ,1816.667            ,1800.000            ,2160.000            ,2160.000            ,1800.000            ,1800.000            ,1800.000            ,1800.000            ,2160.000            ,0.746,0.746,1.102,1.105,0.74,0.742,0.719,0.719,14.799,4290.0,14748.0,20.342,190.0,49.16
2026-07-08 02:50:50,56.0,69.000              ,716.508,400.0,1200.0,0.0,56.125,56.125              ,56.125,56.125,56.125,56.125,56.125,56.125,56.125,39.756              ,24.034              ,39.538              ,56.440              ,45.704              ,16.759              ,41.962              ,12.935              ,34.641              ,2040.000            ,2040.000            ,2550.000            ,2525.000            ,2020.000            ,2020.000            ,2020.000            ,2020.000            ,2550.000            ,0.853,0.853,1.302,1.282,0.826,0.825,0.744,0.744,15.046,4298.0,14748.0,22.167,191.0,45.11
2026-07-08 02:50:51,56.0,71.000              ,716.508,352.0,1067.0,0.0,56.125,56.125              ,56.125,56.125,56.125,56.125,56.125,56.125,56.125,42.519              ,26.832              ,49.915              ,45.798              ,49.550              ,14.333              ,42.049              ,11.592              ,35.324              ,2000.000            ,2020.000            ,2525.000            ,2500.000            ,2000.000            ,2000.000            ,2000.000            ,2000.000            ,2525.000            ,0.839,0.839,1.212,1.228,0.842,0.841,0.73,0.73,15.182,4300.0,14747.0,20.22,192.0,49.46
2026-07-08 02:50:52,56.0,69.000              ,718.535,393.0,1200.0,0.0,56.0,56.000              ,56.0,56.0,56.0,56.0,56.0,56.0,56.0,40.635              ,26.041              ,58.390              ,36.873              ,59.144              ,17.915              ,51.795              ,15.025              ,38.227              ,2020.000            ,2020.000            ,2525.000            ,2525.000            ,2020.000            ,2020.000            ,2020.000            ,2020.000            ,2525.000            ,0.766,0.766,1.045,1.045,0.912,0.912,0.783,0.783,15.169,4316.0,14751.0,24.111,193.0,41.47
2026-07-08 02:50:53,56.0,69.000              ,718.535,400.0,1200.0,0.0,56.0,56.000              ,56.0,56.0,56.0,56.0,56.0,56.0,56.0,39.061              ,27.312              ,56.985              ,39.228              ,55.415              ,20.408              ,65.369              ,10.981              ,39.345              ,1880.000            ,1880.000            ,2350.000            ,2350.000            ,1880.000            ,1880.000            ,1880.000            ,1880.000            ,2350.000            ,0.745,0.745,1.016,1.016,0.845,0.845,0.838,0.838,14.859,4316.0,14751.0,19.448,194.0,51.42
2026-07-08 02:50:54,56.0,69.000              ,718.535,435.0,1067.0,0.0,56.0,56.000              ,56.0,56.0,56.0,56.0,56.0,56.0,56.0,43.859              ,29.511              ,56.462              ,39.999              ,52.957              ,23.411              ,56.696              ,16.287              ,39.898              ,1960.000            ,1960.000            ,2450.000            ,2450.000            ,1960.000            ,1960.000            ,1960.000            ,1960.000            ,2450.000            ,0.785,0.785,1.032,1.035,0.866,0.866,0.82,0.82,15.303,4319.0,14748.0,21.849,195.0,45.77
2026-07-08 02:50:55,56.0,69.000              ,716.281,426.0,1067.0,0.0,56.0,56.000              ,56.0,56.0,56.0,56.0,56.0,56.0,56.0,42.612              ,24.487              ,57.966              ,41.186              ,51.002              ,20.685              ,57.386              ,11.529              ,38.357              ,1880.000            ,1880.000            ,2350.000            ,2350.000            ,1880.000            ,1880.000            ,1880.000            ,1880.000            ,2350.000            ,0.746,0.748,1.083,1.088,0.805,0.805,0.789,0.789,14.964,4319.0,14749.0,18.388,196.0,54.38
2026-07-08 02:50:56,56.0,71.000              ,716.281,393.0,1200.0,0.0,56.0,56.000              ,56.0,56.0,56.0,56.0,56.0,56.0,56.0,40.084              ,19.186              ,53.955              ,32.892              ,58.565              ,16.693              ,47.486              ,12.812              ,35.209              ,1960.000            ,1960.000            ,2450.000            ,2450.000            ,1960.000            ,1960.000            ,1960.000            ,1960.000            ,2450.000            ,0.749,0.748,1.044,1.036,0.953,0.954,0.766,0.766,14.947,4323.0,14750.0,18.806,197.0,53.17
2026-07-08 02:50:57,56.0,70.000              ,716.285,200.0,1200.0,0.0,56.0,56.000              ,56.0,56.0,56.0,56.0,56.0,56.0,56.0,33.665              ,22.194              ,50.276              ,29.447              ,57.529              ,13.155              ,41.996              ,8.146               ,32.051              ,2020.000            ,2020.000            ,2525.000            ,2525.000            ,2525.000            ,2525.000            ,2020.000            ,2020.000            ,2525.000            ,0.786,0.786,1.074,1.076,0.972,0.971,0.748,0.748,15.125,4324.0,14747.0,21.056,198.0,47.49
2026-07-08 02:50:58,56.0,69.000              ,716.285,476.0,1200.0,0.0,56.0,56.000              ,56.0,56.0,56.0,56.0,56.0,56.0,56.0,30.584              ,26.209              ,43.057              ,43.279              ,47.166              ,9.970               ,42.892              ,11.660              ,31.852              ,2040.000            ,2040.000            ,2040.000            ,2040.000            ,2550.000            ,2550.000            ,2040.000            ,2040.000            ,2550.000            ,0.787,0.787,1.184,1.182,0.808,0.808,0.789,0.79,14.978,4323.0,14747.0,17.137,199.0,58.35
2026-07-08 02:50:59,56.0,69.000              ,716.281,469.0,1067.0,0.0,56.0,56.000              ,56.0,56.0,56.0,56.0,56.0,56.0,56.0,32.896              ,22.810              ,46.567              ,26.505              ,55.267              ,7.125               ,43.780              ,9.656               ,30.576              ,2020.000            ,2020.000            ,2525.000            ,2500.000            ,2000.000            ,2000.000            ,2000.000            ,2000.000            ,2525.000            ,0.76,0.76,0.987,0.987,0.916,0.916,0.77,0.768,15.09,4322.0,14746.0,17.598,200.0,56.82
2026-07-08 02:51:00,55.0,69.000              ,716.281,533.0,1200.0,0.0,55.875,55.875              ,55.875,55.875,55.875,55.875,55.875,55.875,55.875,35.918              ,28.695              ,40.147              ,34.665              ,57.269              ,16.256              ,45.824              ,17.290              ,34.508              ,2000.000            ,2000.000            ,2500.000            ,2500.000            ,2500.000            ,2500.000            ,2000.000            ,2000.000            ,2500.000            ,0.765,0.765,0.891,0.892,0.953,0.953,0.763,0.763,15.091,4325.0,14747.0,17.59,201.0,56.85
2026-07-08 02:51:01,55.0,70.000              ,716.285,533.0,1067.0,0.0,55.875,55.875              ,55.875,55.875,55.875,55.875,55.875,55.875,55.875,30.480              ,25.064              ,35.753              ,41.718              ,55.225              ,10.927              ,39.398              ,13.085              ,31.456              ,1860.000            ,1860.000            ,2325.000            ,2350.000            ,1880.000            ,1880.000            ,1880.000            ,1880.000            ,2350.000            ,0.717,0.718,1.008,1.007,0.867,0.867,0.691,0.691,14.844,4335.0,14745.0,32.438,202.0,30.83
2026-07-08 02:51:02,55.0,70.000              ,716.285,476.0,1200.0,0.0,55.75,55.750              ,55.75,55.75,55.75,55.75,55.75,55.75,55.75,33.685              ,26.838              ,42.634              ,25.645              ,52.325              ,17.045              ,41.900              ,16.599              ,32.084              ,1980.000            ,1980.000            ,2475.000            ,2475.000            ,2475.000            ,2475.000            ,1980.000            ,1980.000            ,2475.000            ,0.746,0.746,0.82,0.82,0.955,0.955,0.791,0.791,15.196,4335.0,14745.0,17.791,203.0,56.21
2026-07-08 02:51:03,55.0,69.000              ,719.945,400.0,1067.0,0.0,55.75,55.750              ,55.75,55.75,55.75,55.75,55.75,55.75,55.75,31.036              ,24.745              ,57.021              ,18.174              ,59.293              ,12.844              ,45.651              ,13.005              ,32.721              ,1980.000            ,1980.000            ,1980.000            ,1980.000            ,2475.000            ,2475.000            ,1980.000            ,1980.000            ,2475.000            ,0.753,0.753,0.922,0.922,1.033,1.045,0.815,0.817,15.026,4341.0,14752.0,19.404,204.0,51.54
2026-07-08 02:51:04,55.0,70.000              ,719.949,476.0,1200.0,0.0,55.75,55.750              ,55.75,55.75,55.75,55.75,55.75,55.75,55.75,28.468              ,23.177              ,58.325              ,19.691              ,53.431              ,11.011              ,34.078              ,12.134              ,30.040              ,2140.000            ,2140.000            ,2675.000            ,2675.000            ,2675.000            ,2675.000            ,2140.000            ,2140.000            ,2675.000            ,0.758,0.758,1.121,1.124,0.949,0.937,0.747,0.745,14.889,4341.0,14751.0,17.292,205.0,57.83
2026-07-08 02:51:05,55.0,70.000              ,719.949,200.0,1200.0,0.0,55.75,55.750              ,55.75,55.75,55.75,55.75,55.75,55.75,55.75,32.143              ,27.088              ,57.728              ,26.442              ,46.875              ,15.196              ,43.404              ,17.873              ,33.344              ,2140.000            ,2140.000            ,2675.000            ,2650.000            ,2120.000            ,2120.000            ,2120.000            ,2120.000            ,2675.000            ,0.777,0.777,1.114,1.113,0.87,0.87,0.841,0.841,15.142,4335.0,14746.0,17.993,206.0,55.58
2026-07-08 02:51:06,55.0,69.000              ,719.695,442.0,1200.0,0.0,55.75,55.750              ,55.75,55.75,55.75,55.75,55.75,55.75,55.75,32.572              ,27.618              ,44.566              ,33.126              ,50.821              ,13.008              ,50.454              ,15.594              ,33.470              ,1960.000            ,1960.000            ,2450.000            ,2450.000            ,1960.000            ,1960.000            ,1960.000            ,1960.000            ,2450.000            ,0.772,0.774,1.001,1.0,0.851,0.851,0.86,0.86,14.982,4335.0,14746.0,18.138,207.0,55.13
2026-07-08 02:51:07,55.0,69.000              ,719.695,620.0,1200.0,0.0,55.75,55.750              ,55.75,55.75,55.75,55.75,55.75,55.75,55.75,34.395              ,26.572              ,43.435              ,26.264              ,53.146              ,12.959              ,51.472              ,14.850              ,32.887              ,2040.000            ,2040.000            ,2550.000            ,2550.000            ,2040.000            ,2040.000            ,2040.000            ,2020.000            ,2550.000            ,0.727,0.725,0.872,0.872,0.875,0.875,0.873,0.875,15.112,4338.0,14744.0,17.334,208.0,57.69
2026-07-08 02:51:08,55.0,70.000              ,719.699,200.0,1200.0,0.0,55.75,55.750              ,55.75,55.75,55.75,55.75,55.75,55.75,55.75,36.674              ,27.113              ,45.700              ,28.376              ,52.524              ,18.434              ,45.945              ,17.016              ,33.973              ,2020.000            ,2020.000            ,2525.000            ,2525.000            ,2525.000            ,2525.000            ,2550.000            ,2550.000            ,2550.000            ,0.757,0.758,0.893,0.893,0.93,0.93,0.826,0.824,15.01,4338.0,14745.0,17.355,209.0,57.62
2026-07-08 02:51:09,55.0,69.000              ,719.699,620.0,1200.0,0.0,55.75,55.750              ,55.75,55.75,55.75,55.75,55.75,55.75,55.75,36.515              ,26.158              ,40.246              ,32.038              ,50.319              ,9.357               ,43.488              ,12.773              ,31.362              ,2060.000            ,2060.000            ,2060.000            ,2060.000            ,2060.000            ,2060.000            ,2575.000            ,2575.000            ,2575.000            ,0.812,0.81,1.058,1.058,0.841,0.843,0.788,0.788,15.015,4337.0,14744.0,17.621,210.0,56.75
2026-07-08 02:51:10,55.0,69.000              ,719.695,476.0,1200.0,0.0,55.75,55.750              ,55.75,55.75,55.75,55.75,55.75,55.75,55.75,38.817              ,28.478              ,40.517              ,33.338              ,53.590              ,14.765              ,59.276              ,18.022              ,35.850              ,2080.000            ,2080.000            ,2600.000            ,2600.000            ,2080.000            ,2080.000            ,2080.000            ,2080.000            ,2600.000            ,0.793,0.794,0.91,0.911,0.844,0.842,0.923,0.923,15.235,4340.0,14742.0,17.685,211.0,56.55
2026-07-08 02:51:11,55.0,70.000              ,719.699,461.0,1200.0,0.0,55.75,55.750              ,55.75,55.75,55.75,55.75,55.75,55.75,55.75,41.652              ,31.960              ,48.266              ,30.717              ,62.887              ,19.334              ,54.917              ,29.686              ,39.927              ,1840.000            ,1840.000            ,1840.000            ,1840.000            ,2300.000            ,2300.000            ,2325.000            ,2325.000            ,2325.000            ,0.716,0.714,0.754,0.753,0.904,0.904,0.895,0.895,15.11,4350.0,14742.0,17.802,212.0,56.17
2026-07-08 02:51:12,55.0,69.000              ,719.699,508.0,1200.0,0.0,55.75,55.750              ,55.75,55.75,55.75,55.75,55.75,55.75,55.75,37.067              ,28.322              ,49.065              ,25.769              ,61.799              ,13.706              ,47.090              ,18.358              ,35.147              ,1940.000            ,1940.000            ,1940.000            ,1940.000            ,2425.000            ,2425.000            ,2425.000            ,2425.000            ,2425.000            ,0.766,0.766,0.827,0.829,1.018,1.018,0.83,0.83,15.143,4356.0,14743.0,18.462,213.0,54.17
2026-07-08 02:51:13,55.0,69.000              ,719.699,393.0,1200.0,0.0,55.75,55.750              ,55.75,55.75,55.75,55.75,55.75,55.75,55.75,60.742              ,43.876              ,63.257              ,57.355              ,68.104              ,39.121              ,65.202              ,37.545              ,54.400              ,1783.333            ,1783.333            ,2140.000            ,2140.000            ,1783.333            ,1783.333            ,2120.000            ,2120.000            ,2140.000            ,0.79,0.79,0.955,0.953,0.868,0.868,0.829,0.829,14.887,4379.0,14753.0,21.66,214.0,46.17
2026-07-08 02:51:14,55.0,70.000              ,719.699,200.0,1200.0,0.0,55.75,55.750              ,55.75,55.75,55.75,55.75,55.75,55.75,55.75,44.129              ,29.497              ,51.071              ,56.352              ,55.473              ,20.202              ,50.176              ,27.548              ,41.806              ,1920.000            ,1920.000            ,2400.000            ,2400.000            ,1920.000            ,1920.000            ,1920.000            ,1920.000            ,2400.000            ,0.767,0.767,1.075,1.075,0.792,0.792,0.859,0.859,14.921,4384.0,14753.0,21.136,215.0,47.31
2026-07-08 02:51:15,55.0,69.000              ,719.695,393.0,1067.0,0.0,55.75,55.750              ,55.75,55.75,55.75,55.75,55.75,55.75,55.75,35.776              ,24.299              ,56.418              ,28.541              ,59.011              ,11.254              ,39.768              ,11.109              ,33.272              ,2020.000            ,2020.000            ,2525.000            ,2500.000            ,2000.000            ,2000.000            ,2000.000            ,2000.000            ,2525.000            ,0.808,0.808,1.089,1.089,0.99,0.99,0.795,0.797,14.81,4384.0,14750.0,18.4,216.0,54.35
2026-07-08 02:51:16,55.0,70.000              ,716.688,387.0,1200.0,0.0,55.75,55.750              ,55.75,55.75,55.75,55.75,55.75,55.75,55.75,37.444              ,26.111              ,56.826              ,25.043              ,63.451              ,13.336              ,43.034              ,13.842              ,34.886              ,2120.000            ,2120.000            ,2650.000            ,2650.000            ,2120.000            ,2120.000            ,2120.000            ,2120.000            ,2650.000            ,0.849,0.849,0.998,0.998,1.104,1.104,0.817,0.815,15.256,4388.0,14748.0,18.192,217.0,54.97
2026-07-08 02:51:17,55.0,71.000              ,716.691,364.0,1200.0,0.0,55.75,55.750              ,55.75,55.75,55.75,55.75,55.75,55.75,55.75,35.913              ,21.450              ,52.696              ,21.071              ,62.156              ,9.476               ,41.301              ,12.119              ,32.023              ,2100.000            ,2100.000            ,2625.000            ,2625.000            ,2100.000            ,2100.000            ,2100.000            ,2100.000            ,2625.000            ,0.805,0.805,0.927,0.927,1.078,1.079,0.788,0.788,15.06,4388.0,14748.0,18.951,218.0,52.77
2026-07-08 02:51:18,55.0,69.000              ,716.691,393.0,1067.0,0.0,55.75,55.750              ,55.75,55.75,55.75,55.75,55.75,55.75,55.75,32.784              ,26.034              ,55.599              ,21.600              ,58.769              ,8.731               ,50.244              ,13.237              ,33.375              ,1960.000            ,1960.000            ,2450.000            ,2450.000            ,1960.000            ,1960.000            ,1960.000            ,1960.000            ,2450.000            ,0.748,0.748,0.944,0.948,0.922,0.921,0.873,0.873,15.081,4388.0,14748.0,17.742,219.0,56.36
2026-07-08 02:51:19,55.0,69.000              ,716.688,413.0,1200.0,0.0,55.75,55.750              ,55.75,55.75,55.75,55.75,55.75,55.75,55.75,30.327              ,23.724              ,53.075              ,20.445              ,55.157              ,5.923               ,49.378              ,11.644              ,31.209              ,2080.000            ,2080.000            ,2600.000            ,2600.000            ,2080.000            ,2080.000            ,2080.000            ,2080.000            ,2600.000            ,0.783,0.783,1.027,1.026,0.91,0.91,0.921,0.921,14.891,4395.0,14744.0,17.804,220.0,56.17
2026-07-08 02:51:20,55.0,70.000              ,716.691,457.0,1200.0,0.0,55.75,55.750              ,55.75,55.75,55.75,55.75,55.75,55.75,55.75,36.748              ,26.891              ,53.017              ,25.179              ,56.222              ,11.163              ,47.032              ,13.281              ,33.692              ,2100.000            ,2100.000            ,2625.000            ,2625.000            ,2100.000            ,2100.000            ,2100.000            ,2100.000            ,2625.000            ,0.82,0.82,1.037,1.035,0.914,0.914,0.831,0.831,15.093,4395.0,14744.0,18.06,221.0,55.37
2026-07-08 02:51:21,55.0,70.000              ,716.691,508.0,1200.0,0.0,55.75,55.750              ,55.75,55.75,55.75,55.75,55.75,55.75,55.75,28.395              ,25.630              ,49.044              ,21.113              ,60.236              ,6.939               ,44.694              ,9.141               ,30.649              ,1980.000            ,1980.000            ,2475.000            ,2475.000            ,1980.000            ,1980.000            ,1980.000            ,1980.000            ,2475.000            ,0.715,0.715,0.898,0.898,1.001,1.002,0.809,0.809,15.179,4395.0,14744.0,17.827,222.0,56.09
2026-07-08 02:51:22,55.0,70.000              ,716.688,476.0,1067.0,0.0,55.75,55.750              ,55.75,55.75,55.75,55.75,55.75,55.75,55.75,32.438              ,25.825              ,51.584              ,23.255              ,48.320              ,7.946               ,44.683              ,12.179              ,30.779              ,2040.000            ,2040.000            ,2550.000            ,2550.000            ,2040.000            ,2040.000            ,2040.000            ,2040.000            ,2550.000            ,0.737,0.741,0.989,0.989,0.798,0.8,0.81,0.81,14.828,4399.0,14743.0,17.923,223.0,55.79
2026-07-08 02:51:23,55.0,70.000              ,716.691,435.0,1200.0,0.0,55.625,55.625              ,55.625,55.625,55.625,55.625,55.625,55.625,55.625,30.056              ,30.311              ,48.507              ,31.171              ,48.929              ,9.835               ,42.841              ,11.394              ,31.631              ,2080.000            ,2080.000            ,2600.000            ,2600.000            ,2080.000            ,2080.000            ,2080.000            ,2080.000            ,2600.000            ,0.762,0.759,1.081,1.081,0.821,0.818,0.773,0.773,15.149,4399.0,14744.0,18.056,224.0,55.38
2026-07-08 02:51:24,55.0,69.000              ,716.691,200.0,1200.0,0.0,55.625,55.625              ,55.625,55.625,55.625,55.625,55.625,55.625,55.625,34.871              ,28.515              ,46.876              ,34.068              ,43.517              ,12.976              ,45.611              ,10.977              ,32.176              ,2020.000            ,2020.000            ,2525.000            ,2525.000            ,2020.000            ,2040.000            ,2040.000            ,2040.000            ,2525.000            ,0.781,0.781,1.084,1.084,0.754,0.754,0.76,0.76,15.013,4399.0,14745.0,17.269,225.0,57.91
2026-07-08 02:51:25,55.0,68.000              ,716.691,200.0,1200.0,0.0,55.625,55.625              ,55.625,55.625,55.625,55.625,55.625,55.625,55.625,30.776              ,27.894              ,52.316              ,28.355              ,44.604              ,14.709              ,38.649              ,10.560              ,30.983              ,2020.000            ,2020.000            ,2525.000            ,2525.000            ,2020.000            ,2020.000            ,2020.000            ,2020.000            ,2525.000            ,0.743,0.743,1.098,1.097,0.841,0.841,0.726,0.726,14.959,4399.0,14744.0,17.649,226.0,56.66
2026-07-08 02:51:26,55.0,69.000              ,716.691,554.0,1200.0,0.0,55.625,55.625              ,55.625,55.625,55.625,55.625,55.625,55.625,55.625,29.261              ,28.124              ,47.685              ,27.188              ,37.894              ,9.574               ,43.752              ,9.882               ,29.170              ,2100.000            ,2100.000            ,2625.000            ,2625.000            ,2100.000            ,2100.000            ,2100.000            ,2100.000            ,2625.000            ,0.801,0.801,1.113,1.113,0.754,0.754,0.856,0.856,14.951,4401.0,14743.0,17.359,227.0,57.61
2026-07-08 02:51:27,55.0,70.000              ,716.688,525.0,1200.0,0.0,55.5,55.500              ,55.5,55.5,55.5,55.5,55.5,55.5,55.5,31.433              ,28.881              ,39.958              ,34.505              ,42.248              ,14.832              ,38.967              ,17.162              ,30.998              ,2100.000            ,2100.000            ,2625.000            ,2625.000            ,2100.000            ,2100.000            ,2100.000            ,2100.000            ,2625.000            ,0.787,0.787,1.062,1.064,0.811,0.811,0.817,0.817,15.189,4401.0,14744.0,17.648,228.0,56.66
2026-07-08 02:51:28,55.0,71.000              ,716.691,469.0,1200.0,0.0,55.5,55.500              ,55.5,55.5,55.5,55.5,55.5,55.5,55.5,32.941              ,23.543              ,43.361              ,27.229              ,42.704              ,12.286              ,37.036              ,14.524              ,29.203              ,2060.000            ,2060.000            ,2575.000            ,2600.000            ,2080.000            ,2080.000            ,2080.000            ,2080.000            ,2600.000            ,0.795,0.795,1.049,1.046,0.819,0.819,0.77,0.77,14.9,4404.0,14743.0,17.631,229.0,56.72
2026-07-08 02:51:29,55.0,70.000              ,719.633,413.0,1200.0,0.0,55.5,55.500              ,55.5,55.5,55.5,55.5,55.5,55.5,55.5,37.449              ,21.552              ,35.647              ,35.855              ,41.503              ,13.915              ,37.447              ,19.444              ,30.352              ,2080.000            ,2080.000            ,2600.000            ,2600.000            ,2080.000            ,2080.000            ,2080.000            ,2080.000            ,2600.000            ,0.825,0.825,1.033,1.035,0.801,0.801,0.829,0.829,15.217,4404.0,14748.0,18.219,230.0,54.89
2026-07-08 02:51:30,55.0,69.000              ,722.621,461.0,1067.0,0.0,55.5,55.500              ,55.5,55.5,55.5,55.5,55.5,55.5,55.5,34.914              ,25.592              ,39.217              ,32.835              ,46.395              ,13.057              ,40.800              ,15.852              ,31.083              ,2080.000            ,2080.000            ,2600.000            ,2600.000            ,2140.000            ,2140.000            ,2140.000            ,2140.000            ,2600.000            ,0.815,0.815,0.995,0.993,0.837,0.837,0.822,0.822,15.007,4406.0,14753.0,18.443,231.0,54.22
2026-07-08 02:51:31,55.0,69.000              ,722.621,428.0,1067.0,0.0,55.5,55.500              ,55.5,55.5,55.5,55.5,55.5,55.5,55.5,32.363              ,24.030              ,35.060              ,34.298              ,48.326              ,10.310              ,39.398              ,15.227              ,29.877              ,2100.000            ,2100.000            ,2625.000            ,2625.000            ,2100.000            ,2100.000            ,2100.000            ,2100.000            ,2625.000            ,0.785,0.788,0.971,0.971,0.842,0.842,0.793,0.793,14.916,4408.0,14753.0,18.846,232.0,53.06
2026-07-08 02:51:32,55.0,70.000              ,722.625,492.0,1200.0,0.0,55.5,55.500              ,55.5,55.5,55.5,55.5,55.5,55.5,55.5,37.104              ,25.924              ,41.304              ,29.334              ,50.329              ,11.932              ,39.267              ,18.051              ,31.656              ,2180.000            ,2180.000            ,2725.000            ,2725.000            ,2180.000            ,2180.000            ,2180.000            ,2180.000            ,2725.000            ,0.875,0.871,0.961,0.961,0.931,0.931,0.857,0.857,15.162,4409.0,14752.0,17.661,233.0,56.62
2026-07-08 02:51:33,55.0,70.000              ,722.621,554.0,1200.0,0.0,55.5,55.500              ,55.5,55.5,55.5,55.5,55.5,55.5,55.5,30.839              ,30.927              ,37.309              ,28.084              ,53.777              ,15.542              ,40.916              ,18.218              ,31.951              ,2120.000            ,2120.000            ,2120.000            ,2120.000            ,2650.000            ,2650.000            ,2120.000            ,2120.000            ,2650.000            ,0.759,0.759,0.83,0.831,1.034,1.034,0.815,0.816,15.093,4409.0,14752.0,17.358,234.0,57.61
2026-07-08 02:51:34,55.0,70.000              ,722.625,620.0,1067.0,0.0,55.5,55.500              ,55.5,55.5,55.5,55.5,55.5,55.5,55.5,28.001              ,28.510              ,41.569              ,16.041              ,56.936              ,13.733              ,41.363              ,14.084              ,30.030              ,2100.000            ,2100.000            ,2100.000            ,2100.000            ,2625.000            ,2625.000            ,2100.000            ,2100.000            ,2625.000            ,0.775,0.775,0.771,0.77,1.141,1.141,0.823,0.821,15.0,4408.0,14753.0,17.494,235.0,57.16
2026-07-08 02:51:35,55.0,71.000              ,722.625,563.0,1200.0,0.0,55.5,55.500              ,55.5,55.5,55.5,55.5,55.5,55.5,55.5,31.831              ,30.416              ,45.064              ,22.347              ,55.499              ,13.778              ,38.143              ,18.171              ,31.906              ,2120.000            ,2120.000            ,2650.000            ,2625.000            ,2625.000            ,2625.000            ,2100.000            ,2100.000            ,2650.000            ,0.812,0.812,0.9,0.903,1.067,1.068,0.803,0.803,15.087,4413.0,14753.0,17.256,236.0,57.95
2026-07-08 02:51:36,55.0,70.000              ,730.152,387.0,1067.0,0.0,55.5,55.500              ,55.5,55.5,55.5,55.5,55.5,55.5,55.5,37.510              ,25.582              ,46.495              ,29.078              ,60.347              ,10.767              ,47.585              ,12.729              ,33.761              ,2120.000            ,2120.000            ,2120.000            ,2120.000            ,2650.000            ,2650.000            ,2140.000            ,2140.000            ,2650.000            ,0.762,0.762,0.869,0.872,0.981,0.98,0.778,0.779,14.977,4416.0,14766.0,21.442,237.0,46.64
2026-07-08 02:51:37,55.0,69.000              ,730.156,413.0,1200.0,0.0,55.5,55.500              ,55.5,55.5,55.5,55.5,55.5,55.5,55.5,38.516              ,21.427              ,41.290              ,29.290              ,58.340              ,11.012              ,50.136              ,9.599               ,32.451              ,2080.000            ,2080.000            ,2600.000            ,2600.000            ,2080.000            ,2080.000            ,2080.000            ,2080.000            ,2600.000            ,0.812,0.812,0.913,0.896,0.997,0.997,0.794,0.793,15.012,4419.0,14766.0,21.221,238.0,47.12
2026-07-08 02:51:38,55.0,69.000              ,730.152,428.0,1200.0,0.0,55.5,55.500              ,55.5,55.5,55.5,55.5,55.5,55.5,55.5,37.245              ,25.094              ,44.859              ,35.164              ,51.430              ,13.068              ,47.598              ,12.702              ,33.395              ,1960.000            ,1960.000            ,1960.000            ,1960.000            ,2450.000            ,2450.000            ,2450.000            ,2450.000            ,2450.000            ,0.776,0.776,1.034,1.046,0.866,0.866,0.793,0.793,15.113,4419.0,14765.0,21.703,239.0,46.08
2026-07-08 02:51:39,55.0,70.000              ,730.152,450.0,1200.0,0.0,55.5,55.500              ,55.5,55.5,55.5,55.5,55.5,55.5,55.5,33.319              ,21.854              ,45.699              ,22.744              ,47.440              ,7.382               ,58.458              ,9.475               ,30.796              ,2040.000            ,2040.000            ,2040.000            ,2040.000            ,2040.000            ,2040.000            ,2575.000            ,2575.000            ,2575.000            ,0.747,0.747,0.877,0.877,0.768,0.768,1.014,1.014,14.897,4421.0,14765.0,18.028,240.0,55.47
2026-07-08 02:51:40,55.0,70.000              ,730.219,200.0,1200.0,0.0,55.5,55.500              ,55.5,55.5,55.5,55.5,55.5,55.5,55.5,33.737              ,23.012              ,45.522              ,24.321              ,47.419              ,14.739              ,49.469              ,8.203               ,30.803              ,2160.000            ,2160.000            ,2700.000            ,2700.000            ,2180.000            ,2180.000            ,2180.000            ,2180.000            ,2700.000            ,0.802,0.802,0.966,0.966,0.873,0.873,0.868,0.868,15.055,4422.0,14764.0,17.961,241.0,55.68
2026-07-08 02:51:41,55.0,70.000              ,727.219,554.0,1200.0,0.0,55.5,55.500              ,55.5,55.5,55.5,55.5,55.5,55.5,55.5,39.368              ,19.258              ,41.282              ,24.332              ,52.820              ,16.147              ,43.119              ,10.556              ,30.860              ,1980.000            ,1980.000            ,1980.000            ,2450.000            ,2450.000            ,2450.000            ,1960.000            ,1960.000            ,2450.000            ,0.755,0.755,0.842,0.842,0.99,0.993,0.707,0.707,15.012,4422.0,14764.0,17.78,242.0,56.24
2026-07-08 02:51:42,55.0,71.000              ,727.215,563.0,1200.0,0.0,55.5,55.500              ,55.5,55.5,55.5,55.5,55.5,55.5,55.5,45.211              ,30.031              ,39.748              ,41.154              ,60.429              ,19.537              ,51.858              ,18.214              ,38.273              ,2020.000            ,2020.000            ,2020.000            ,2020.000            ,2525.000            ,2525.000            ,2020.000            ,2020.000            ,2525.000            ,0.774,0.774,0.868,0.869,0.941,0.938,0.77,0.772,15.36,4427.0,14763.0,30.771,243.0,32.5
2026-07-08 02:51:43,55.0,71.000              ,724.961,700.0,1200.0,0.0,55.5,55.500              ,55.5,55.5,55.5,55.5,55.5,55.5,55.5,36.869              ,24.881              ,40.839              ,23.734              ,57.301              ,17.335              ,49.108              ,11.358              ,32.678              ,1880.000            ,1900.000            ,1900.000            ,1900.000            ,2375.000            ,2375.000            ,1900.000            ,1900.000            ,2375.000            ,0.7,0.702,0.694,0.692,0.99,0.99,0.721,0.72,14.774,4428.0,14759.0,18.099,244.0,55.25
2026-07-08 02:51:44,55.0,69.000              ,724.902,484.0,1067.0,0.0,55.5,55.500              ,55.5,55.5,55.5,55.5,55.5,55.5,55.5,30.186              ,26.860              ,42.719              ,20.261              ,57.246              ,15.631              ,44.498              ,12.915              ,31.290              ,2060.000            ,2060.000            ,2040.000            ,2040.000            ,2575.000            ,2575.000            ,2060.000            ,2060.000            ,2575.000            ,0.753,0.741,0.759,0.759,1.089,1.089,0.777,0.777,15.023,4432.0,14759.0,18.727,245.0,53.4
2026-07-08 02:51:45,55.0,68.000              ,724.777,508.0,1200.0,0.0,55.5,55.500              ,55.5,55.5,55.5,55.5,55.5,55.5,55.5,30.716              ,24.924              ,39.050              ,21.271              ,57.084              ,15.616              ,43.679              ,13.232              ,30.696              ,2040.000            ,2040.000            ,2550.000            ,2550.000            ,2060.000            ,2060.000            ,2060.000            ,2060.000            ,2550.000            ,0.728,0.737,0.771,0.771,1.106,1.106,0.818,0.82,14.931,4431.0,14756.0,18.712,246.0,53.44
2026-07-08 02:51:46,55.0,69.000              ,724.781,469.0,1200.0,0.0,55.5,55.500              ,55.5,55.5,55.5,55.5,55.5,55.5,55.5,30.939              ,28.293              ,35.986              ,24.010              ,61.029              ,13.138              ,43.582              ,12.640              ,31.202              ,2060.000            ,2060.000            ,2060.000            ,2060.000            ,2600.000            ,2600.000            ,2080.000            ,2080.000            ,2600.000            ,0.78,0.78,0.759,0.759,1.085,1.085,0.81,0.811,15.18,4434.0,14756.0,18.194,247.0,54.96
2026-07-08 02:51:47,55.0,71.000              ,724.777,484.0,1200.0,0.0,55.5,55.500              ,55.5,55.5,55.5,55.5,55.5,55.5,55.5,28.575              ,22.830              ,39.468              ,23.329              ,54.858              ,9.830               ,36.734              ,13.598              ,28.653              ,2080.000            ,2080.000            ,2080.000            ,2080.000            ,2600.000            ,2600.000            ,2080.000            ,2080.000            ,2600.000            ,0.73,0.73,0.856,0.857,1.053,1.053,0.798,0.794,15.001,4436.0,14755.0,18.316,248.0,54.6
2026-07-08 02:51:48,55.0,70.000              ,724.773,533.0,1067.0,0.0,55.5,55.500              ,55.5,55.5,55.5,55.5,55.5,55.5,55.5,28.494              ,29.126              ,34.653              ,24.325              ,60.254              ,13.955              ,40.935              ,14.034              ,30.722              ,2080.000            ,2080.000            ,2080.000            ,2080.000            ,2600.000            ,2600.000            ,2080.000            ,2080.000            ,2600.000            ,0.733,0.738,0.725,0.724,1.146,1.146,0.78,0.785,15.014,4437.0,14756.0,18.097,249.0,55.26
2026-07-08 02:51:49,55.0,69.000              ,724.777,469.0,1200.0,0.0,55.5,55.500              ,55.5,55.5,55.5,55.5,55.5,55.5,55.5,30.099              ,27.014              ,41.058              ,27.843              ,51.282              ,13.396              ,38.333              ,13.257              ,30.285              ,2060.000            ,2060.000            ,2060.000            ,2060.000            ,2575.000            ,2575.000            ,2060.000            ,2060.000            ,2575.000            ,0.777,0.773,0.928,0.929,1.059,1.059,0.797,0.796,15.17,4437.0,14756.0,17.806,250.0,56.16
2026-07-08 02:51:50,55.0,69.000              ,724.777,435.0,1200.0,0.0,55.5,55.500              ,55.5,55.5,55.5,55.5,55.5,55.5,55.5,43.492              ,32.920              ,41.585              ,35.997              ,60.781              ,19.030              ,45.443              ,17.140              ,37.049              ,2000.000            ,2000.000            ,2500.000            ,2000.000            ,2500.000            ,2500.000            ,2000.000            ,2000.000            ,2500.000            ,0.837,0.837,0.867,0.855,0.996,0.996,0.738,0.734,15.034,4444.0,14756.0,20.896,251.0,47.86
2026-07-08 02:51:51,55.0,69.000              ,724.723,400.0,1200.0,0.0,55.5,55.500              ,55.5,55.5,55.5,55.5,55.5,55.5,55.5,40.959              ,29.187              ,50.264              ,34.992              ,56.336              ,16.566              ,56.102              ,13.153              ,37.195              ,1820.000            ,1820.000            ,2275.000            ,2250.000            ,1800.000            ,1800.000            ,1800.000            ,1800.000            ,2275.000            ,0.771,0.771,0.98,0.992,0.853,0.856,0.819,0.819,14.965,4444.0,14757.0,19.09,252.0,52.38
2026-07-08 02:51:52,55.0,69.000              ,724.336,387.0,1200.0,0.0,55.5,55.500              ,55.5,55.5,55.5,55.5,55.5,55.5,55.5,33.819              ,21.912              ,51.174              ,26.689              ,54.180              ,11.105              ,46.470              ,8.597               ,31.743              ,2100.000            ,2100.000            ,2625.000            ,2625.000            ,2100.000            ,2100.000            ,2100.000            ,2100.000            ,2625.000            ,0.781,0.781,1.061,1.061,0.945,0.928,0.798,0.798,14.883,4449.0,14756.0,18.319,253.0,54.59
2026-07-08 02:51:53,55.0,69.000              ,725.402,200.0,1200.0,0.0,55.5,55.500              ,55.5,55.5,55.5,55.5,55.5,55.5,55.5,37.138              ,22.980              ,40.466              ,28.114              ,43.797              ,11.113              ,54.748              ,9.629               ,30.998              ,2020.000            ,2020.000            ,2020.000            ,2020.000            ,2020.000            ,2040.000            ,2550.000            ,2550.000            ,2550.000            ,0.835,0.838,0.947,0.947,0.801,0.815,0.953,0.939,14.987,4449.0,14756.0,18.005,254.0,55.54
2026-07-08 02:51:54,55.0,69.000              ,719.375,442.0,1200.0,0.0,55.5,55.500              ,55.5,55.5,55.5,55.5,55.5,55.5,55.5,34.830              ,29.820              ,42.580              ,32.785              ,58.406              ,14.525              ,49.271              ,13.233              ,34.431              ,2040.000            ,2040.000            ,2550.000            ,2550.000            ,2040.000            ,2040.000            ,2040.000            ,2040.000            ,2550.000            ,0.777,0.774,0.913,0.913,0.976,0.976,0.805,0.817,15.121,4447.0,14752.0,18.32,255.0,54.59
2026-07-08 02:51:55,55.0,70.000              ,719.379,200.0,1200.0,0.0,55.5,55.500              ,55.5,55.5,55.5,55.5,55.5,55.5,55.5,41.007              ,24.360              ,43.830              ,29.010              ,56.423              ,12.249              ,60.109              ,10.730              ,34.715              ,1980.000            ,1980.000            ,2475.000            ,2475.000            ,1980.000            ,1980.000            ,1980.000            ,1980.000            ,2475.000            ,0.817,0.817,0.852,0.852,0.968,0.968,0.978,0.978,15.068,4449.0,14752.0,23.406,256.0,42.72
2026-07-08 02:51:56,55.0,69.000              ,719.379,200.0,1200.0,0.0,55.5,55.500              ,55.5,55.5,55.5,55.5,55.5,55.5,55.5,37.653              ,24.537              ,45.291              ,24.607              ,51.992              ,10.867              ,60.059              ,10.876              ,33.235              ,2100.000            ,2100.000            ,2625.000            ,2625.000            ,2100.000            ,2100.000            ,2625.000            ,2625.000            ,2625.000            ,0.849,0.849,0.937,0.939,0.925,0.925,1.075,1.075,14.878,4449.0,14752.0,20.258,257.0,49.36
2026-07-08 02:51:57,55.0,68.000              ,719.375,364.0,1200.0,0.0,55.5,55.500              ,55.5,55.5,55.5,55.5,55.5,55.5,55.5,35.207              ,18.934              ,43.249              ,24.049              ,53.404              ,8.530               ,49.240              ,9.704               ,30.290              ,2140.000            ,2140.000            ,2140.000            ,2140.000            ,2675.000            ,2675.000            ,2120.000            ,2120.000            ,2675.000            ,0.868,0.868,1.033,1.039,1.046,1.046,0.93,0.932,15.179,4449.0,14746.0,17.962,258.0,55.67
2026-07-08 02:51:58,55.0,69.000              ,719.375,387.0,1067.0,0.0,55.5,55.500              ,55.5,55.5,55.5,55.5,55.5,55.5,55.5,37.839              ,21.327              ,44.425              ,23.082              ,54.460              ,12.018              ,49.971              ,10.604              ,31.716              ,2160.000            ,2160.000            ,2160.000            ,2160.000            ,2750.000            ,2750.000            ,2200.000            ,2200.000            ,2750.000            ,0.869,0.869,0.944,0.936,1.088,1.088,0.869,0.868,15.072,4448.0,14746.0,18.15,259.0,55.1
2026-07-08 02:51:59,55.0,70.000              ,720.012,435.0,1200.0,0.0,55.5,55.500              ,55.5,55.5,55.5,55.5,55.5,55.5,55.5,32.745              ,23.196              ,44.951              ,17.098              ,58.830              ,10.429              ,40.438              ,13.300              ,30.123              ,2140.000            ,2120.000            ,2120.000            ,2120.000            ,2650.000            ,2650.000            ,2140.000            ,2140.000            ,2650.000            ,0.824,0.824,0.859,0.859,1.151,1.151,0.82,0.82,14.846,4449.0,14748.0,17.819,260.0,56.12
2026-07-08 02:52:00,55.0,70.000              ,720.012,461.0,1200.0,0.0,55.5,55.500              ,55.5,55.5,55.5,55.5,55.5,55.5,55.5,33.485              ,24.056              ,49.891              ,27.103              ,50.668              ,14.683              ,38.427              ,11.269              ,31.198              ,2160.000            ,2160.000            ,2700.000            ,2700.000            ,2160.000            ,2160.000            ,2160.000            ,2160.000            ,2700.000            ,0.849,0.849,1.109,1.109,0.987,0.988,0.774,0.774,15.2,4448.0,14749.0,17.375,261.0,57.55
2026-07-08 02:52:01,55.0,70.000              ,720.445,435.0,1067.0,0.0,55.5,55.500              ,55.5,55.5,55.5,55.5,55.5,55.5,55.5,29.074              ,24.282              ,47.820              ,18.539              ,50.088              ,10.643              ,44.465              ,9.098               ,29.251              ,2040.000            ,2040.000            ,2550.000            ,2550.000            ,2550.000            ,2550.000            ,2040.000            ,2040.000            ,2550.000            ,0.786,0.789,1.023,1.023,0.936,0.935,0.818,0.818,14.977,4448.0,14748.0,19.553,262.0,51.14
2026-07-08 02:52:02,55.0,71.000              ,720.449,420.0,1200.0,0.0,55.5,55.500              ,55.5,55.5,55.5,55.5,55.5,55.5,55.5,30.492              ,23.971              ,44.952              ,28.621              ,52.336              ,11.306              ,38.848              ,11.639              ,30.270              ,2220.000            ,2220.000            ,2775.000            ,2775.000            ,2220.000            ,2220.000            ,2220.000            ,2220.000            ,2775.000            ,0.807,0.804,1.125,1.125,0.952,0.952,0.762,0.764,15.045,4448.0,14747.0,17.352,263.0,57.63
2026-07-08 02:52:03,55.0,70.000              ,720.445,492.0,1200.0,0.0,55.5,55.500              ,55.5,55.5,55.5,55.5,55.5,55.5,55.5,32.229              ,23.791              ,42.020              ,30.715              ,44.414              ,13.152              ,41.048              ,9.599               ,29.621              ,2160.000            ,2160.000            ,2700.000            ,2700.000            ,2160.000            ,2160.000            ,2160.000            ,2160.000            ,2700.000            ,0.817,0.817,1.069,1.069,0.864,0.864,0.755,0.754,15.095,4448.0,14747.0,17.5,264.0,57.14
2026-07-08 02:52:04,55.0,70.000              ,720.449,590.0,1200.0,0.0,55.375,55.375              ,55.375,55.375,55.375,55.375,55.375,55.375,55.375,32.643              ,26.909              ,41.902              ,25.417              ,55.171              ,12.088              ,45.715              ,14.479              ,31.790              ,2060.000            ,2060.000            ,2575.000            ,2575.000            ,2060.000            ,2060.000            ,2060.000            ,2060.000            ,2575.000            ,0.778,0.778,0.913,0.915,1.026,1.026,0.839,0.839,14.959,4448.0,14747.0,17.467,265.0,57.25
2026-07-08 02:52:05,55.0,69.000              ,722.801,554.0,1200.0,0.0,55.375,55.375              ,55.375,55.375,55.375,55.375,55.375,55.375,55.375,39.104              ,26.713              ,37.757              ,26.165              ,55.070              ,11.540              ,53.700              ,11.827              ,32.735              ,2140.000            ,2140.000            ,2675.000            ,2675.000            ,2140.000            ,2140.000            ,2140.000            ,2140.000            ,2675.000            ,0.826,0.828,0.85,0.848,0.947,0.947,0.868,0.868,15.024,4450.0,14751.0,17.654,266.0,56.64
2026-07-08 02:52:06,55.0,70.000              ,722.672,200.0,1200.0,0.0,55.375,55.375              ,55.375,55.375,55.375,55.375,55.375,55.375,55.375,36.304              ,26.572              ,45.463              ,23.677              ,58.541              ,9.215               ,40.276              ,12.626              ,31.584              ,2120.000            ,2120.000            ,2650.000            ,2650.000            ,2650.000            ,2650.000            ,2120.000            ,2120.000            ,2650.000            ,0.845,0.842,0.887,0.887,1.047,1.047,0.808,0.808,15.174,4450.0,14751.0,17.943,267.0,55.73
2026-07-08 02:52:07,55.0,69.000              ,722.672,484.0,1200.0,0.0,55.375,55.375              ,55.375,55.375,55.375,55.375,55.375,55.375,55.375,35.417              ,26.237              ,42.966              ,26.946              ,56.240              ,12.272              ,40.310              ,14.956              ,31.918              ,2040.000            ,2040.000            ,2550.000            ,2550.000            ,2040.000            ,2040.000            ,2040.000            ,2040.000            ,2550.000            ,0.796,0.796,0.896,0.896,0.984,0.984,0.772,0.771,14.979,4449.0,14750.0,17.724,268.0,56.42
2026-07-08 02:52:08,55.0,68.000              ,736.125,326.0,1067.0,0.0,55.375,55.375              ,55.375,55.375,55.375,55.375,55.375,55.375,55.375,35.732              ,30.986              ,42.377              ,42.632              ,52.274              ,15.799              ,49.540              ,12.561              ,35.238              ,2100.000            ,2100.000            ,2600.000            ,2600.000            ,2600.000            ,2600.000            ,2080.000            ,2080.000            ,2600.000            ,0.841,0.844,1.083,1.083,0.931,0.933,0.788,0.788,14.978,4460.0,14773.0,23.338,269.0,42.85
2026-07-08 02:52:09,55.0,68.000              ,739.266,338.0,1067.0,0.0,55.375,55.375              ,55.375,55.375,55.375,55.375,55.375,55.375,55.375,33.235              ,25.561              ,52.004              ,22.849              ,51.893              ,9.479               ,56.612              ,8.402               ,32.504              ,2120.000            ,2120.000            ,2650.000            ,2650.000            ,2120.000            ,2120.000            ,2120.000            ,2120.000            ,2650.000            ,0.864,0.861,1.039,1.029,0.928,0.926,0.922,0.922,14.962,4463.0,14776.0,18.204,270.0,54.93
2026-07-08 02:52:10,55.0,68.000              ,741.09,338.0,1200.0,0.0,55.375,55.375              ,55.375,55.375,55.375,55.375,55.375,55.375,55.375,34.131              ,25.083              ,54.478              ,24.299              ,47.304              ,14.148              ,51.318              ,10.986              ,32.718              ,2080.000            ,2080.000            ,2575.000            ,2575.000            ,2575.000            ,2575.000            ,2060.000            ,2060.000            ,2575.000            ,0.8,0.8,1.018,1.028,0.892,0.892,0.866,0.866,15.103,4464.0,14779.0,17.419,271.0,57.41
2026-07-08 02:52:11,55.0,68.000              ,741.219,381.0,1200.0,0.0,55.375,55.375              ,55.375,55.375,55.375,55.375,55.375,55.375,55.375,28.878              ,22.275              ,46.415              ,25.538              ,43.520              ,8.554               ,50.118              ,8.511               ,29.226              ,2100.000            ,2080.000            ,2600.000            ,2600.000            ,2100.000            ,2100.000            ,2100.000            ,2100.000            ,2600.000            ,0.815,0.815,1.069,1.069,0.85,0.85,0.929,0.929,14.978,4464.0,14779.0,17.942,272.0,55.74
2026-07-08 02:52:12,55.0,69.000              ,738.527,450.0,1067.0,0.0,55.375,55.375              ,55.375,55.375,55.375,55.375,55.375,55.375,55.375,32.308              ,19.574              ,40.224              ,24.364              ,47.592              ,12.701              ,50.757              ,9.409               ,29.616              ,2140.000            ,2140.000            ,2675.000            ,2675.000            ,2140.000            ,2140.000            ,2120.000            ,2120.000            ,2675.000            ,0.794,0.794,0.899,0.899,0.93,0.93,0.93,0.93,15.025,4464.0,14778.0,18.049,273.0,55.4
2026-07-08 02:52:13,55.0,70.000              ,738.527,435.0,1067.0,0.0,55.375,55.375              ,55.375,55.375,55.375,55.375,55.375,55.375,55.375,37.919              ,29.246              ,50.433              ,29.440              ,57.666              ,17.425              ,45.167              ,14.797              ,35.262              ,2160.000            ,2160.000            ,2675.000            ,2675.000            ,2140.000            ,2140.000            ,2140.000            ,2140.000            ,2675.000            ,0.807,0.807,0.97,0.97,1.019,1.019,0.767,0.769,15.274,4467.0,14776.0,17.799,274.0,56.18
2026-07-08 02:52:14,55.0,70.000              ,738.527,435.0,1200.0,0.0,55.375,55.375              ,55.375,55.375,55.375,55.375,55.375,55.375,55.375,52.807              ,43.600              ,57.593              ,42.440              ,61.581              ,31.181              ,63.272              ,29.709              ,47.773              ,1780.000            ,1760.000            ,2200.000            ,2200.000            ,1760.000            ,1760.000            ,1760.000            ,1760.000            ,2200.000            ,0.822,0.821,0.894,0.894,0.876,0.876,0.874,0.872,15.184,4475.0,14779.0,24.825,275.0,40.28
2026-07-08 02:52:15,55.0,69.000              ,732.512,461.0,1200.0,0.0,55.5,55.500              ,55.5,55.5,55.5,55.5,55.5,55.5,55.5,61.966              ,46.071              ,58.145              ,50.641              ,60.737              ,40.014              ,65.587              ,33.516              ,52.085              ,1860.000            ,1860.000            ,2325.000            ,2325.000            ,1860.000            ,1860.000            ,1860.000            ,1860.000            ,2325.000            ,0.88,0.88,0.906,0.906,0.836,0.838,0.852,0.852,15.062,4494.0,14772.0,19.926,276.0,50.19
2026-07-08 02:52:16,55.0,70.000              ,732.512,461.0,1200.0,0.0,55.5,55.500              ,55.5,55.5,55.5,55.5,55.5,55.5,55.5,47.852              ,42.097              ,56.304              ,44.135              ,56.757              ,30.936              ,56.578              ,25.420              ,45.010              ,1716.667            ,1716.667            ,2060.000            ,2060.000            ,1716.667            ,1716.667            ,1716.667            ,1716.667            ,2060.000            ,0.753,0.753,0.883,0.883,0.804,0.802,0.733,0.734,14.754,4507.0,14775.0,19.674,277.0,50.83
2026-07-08 02:52:17,55.0,67.000              ,733.766,428.0,1200.0,0.0,55.5,55.500              ,55.5,55.5,55.5,55.5,55.5,55.5,55.5,40.713              ,28.858              ,57.074              ,27.838              ,46.416              ,14.866              ,55.898              ,15.783              ,35.931              ,1960.000            ,1980.000            ,2475.000            ,2475.000            ,1980.000            ,1980.000            ,1980.000            ,1980.000            ,2475.000            ,0.846,0.846,1.066,1.066,0.821,0.827,0.949,0.947,15.106,4515.0,14776.0,19.461,278.0,51.38
2026-07-08 02:52:18,55.0,66.000              ,729.695,352.0,1200.0,0.0,55.5,55.500              ,55.5,55.5,55.5,55.5,55.5,55.5,55.5,72.392              ,57.317              ,72.643              ,69.494              ,74.943              ,59.312              ,68.399              ,51.215              ,65.714              ,1800.000            ,1800.000            ,2250.000            ,2250.000            ,1800.000            ,1800.000            ,1780.000            ,1780.000            ,2250.000            ,0.827,0.829,0.995,0.997,0.917,0.911,0.785,0.785,15.366,4683.0,14836.0,23.602,279.0,42.37
2026-07-08 02:52:19,55.0,73.000              ,729.695,457.0,1200.0,0.0,55.5,55.500              ,55.5,55.5,55.5,55.5,55.5,55.5,55.5,67.525              ,51.643              ,70.329              ,67.686              ,69.837              ,53.322              ,72.070              ,38.185              ,61.324              ,1533.333            ,1533.333            ,1840.000            ,1840.000            ,1533.333            ,1533.333            ,1533.333            ,1533.333            ,1840.000            ,0.742,0.74,0.94,0.939,0.772,0.772,0.716,0.717,14.869,4780.0,14953.0,22.597,280.0,44.25
2026-07-08 02:52:20,55.0,77.000              ,725.176,461.0,1200.0,0.0,55.5,55.500              ,55.5,55.5,55.5,55.5,55.5,55.5,55.5,55.875              ,45.416              ,62.376              ,49.087              ,69.083              ,32.242              ,59.759              ,30.874              ,50.589              ,1700.000            ,1700.000            ,2040.000            ,2040.000            ,1700.000            ,1716.667            ,1716.667            ,1716.667            ,2040.000            ,0.769,0.769,0.934,0.934,0.87,0.87,0.784,0.77,14.631,4635.0,14790.0,24.307,281.0,41.14
2026-07-08 02:52:21,55.0,74.000              ,725.555,364.0,1200.0,0.0,55.5,55.500              ,55.5,55.5,55.5,55.5,55.5,55.5,55.5,39.743              ,26.562              ,45.555              ,32.835              ,55.508              ,18.416              ,65.832              ,15.281              ,37.467              ,2020.000            ,2020.000            ,2020.000            ,2040.000            ,2040.000            ,2040.000            ,2550.000            ,2550.000            ,2550.000            ,0.801,0.801,0.882,0.88,0.921,0.921,1.028,1.045,14.998,4632.0,14786.0,20.683,282.0,48.35
2026-07-08 02:52:22,55.0,70.000              ,725.555,200.0,1200.0,0.0,55.5,55.500              ,55.5,55.5,55.5,55.5,55.5,55.5,55.5,34.670              ,25.422              ,55.145              ,26.662              ,52.663              ,16.327              ,51.795              ,11.913              ,34.325              ,2100.000            ,2100.000            ,2625.000            ,2625.000            ,2100.000            ,2100.000            ,2100.000            ,2100.000            ,2625.000            ,0.81,0.812,1.045,1.045,1.01,1.01,0.914,0.914,15.122,4631.0,14786.0,19.465,283.0,51.37
2026-07-08 02:52:23,55.0,68.000              ,730.063,200.0,1067.0,0.0,55.5,55.500              ,55.5,55.5,55.5,55.5,55.5,55.5,55.5,37.749              ,25.381              ,45.505              ,31.941              ,55.782              ,13.578              ,56.501              ,14.690              ,35.141              ,2080.000            ,2080.000            ,2080.000            ,2080.000            ,2600.000            ,2600.000            ,2080.000            ,2080.000            ,2600.000            ,0.82,0.818,0.968,0.968,0.994,0.979,0.935,0.935,14.78,4627.0,14789.0,19.584,284.0,51.06
2026-07-08 02:52:24,55.0,68.000              ,730.063,375.0,1067.0,0.0,55.5,55.500              ,55.5,55.5,55.5,55.5,55.5,55.5,55.5,36.094              ,23.987              ,38.879              ,42.160              ,48.149              ,16.446              ,57.357              ,15.753              ,34.853              ,2140.000            ,2140.000            ,2140.000            ,2140.000            ,2120.000            ,2120.000            ,2650.000            ,2650.000            ,2650.000            ,0.817,0.82,1.045,1.045,0.891,0.891,0.99,0.991,15.115,4628.0,14787.0,21.375,285.0,46.78
2026-07-08 02:52:25,55.0,69.000              ,727.313,200.0,1200.0,0.0,55.5,55.500              ,55.5,55.5,55.5,55.5,55.5,55.5,55.5,36.861              ,27.714              ,46.254              ,31.482              ,53.149              ,16.220              ,54.602              ,16.161              ,35.305              ,2140.000            ,2140.000            ,2675.000            ,2675.000            ,2140.000            ,2140.000            ,2140.000            ,2140.000            ,2675.000            ,0.875,0.873,0.983,0.983,0.96,0.975,0.998,0.997,15.122,4627.0,14786.0,18.979,286.0,52.69
2026-07-08 02:52:26,55.0,69.000              ,725.063,200.0,1067.0,0.0,55.5,55.500              ,55.5,55.5,55.5,55.5,55.5,55.5,55.5,33.220              ,25.304              ,54.104              ,28.738              ,45.641              ,11.482              ,49.457              ,12.430              ,32.547              ,2160.000            ,2160.000            ,2140.000            ,2140.000            ,2140.000            ,2140.000            ,2675.000            ,2675.000            ,2675.000            ,0.849,0.849,1.163,1.163,0.901,0.901,0.949,0.949,15.151,4626.0,14785.0,17.944,287.0,55.73
2026-07-08 02:52:27,55.0,69.000              ,723.918,435.0,1200.0,0.0,55.5,55.500              ,55.5,55.5,55.5,55.5,55.5,55.5,55.5,35.732              ,26.492              ,48.680              ,34.090              ,51.061              ,13.247              ,53.649              ,13.251              ,34.525              ,2060.000            ,2060.000            ,2575.000            ,2575.000            ,2060.000            ,2060.000            ,2060.000            ,2060.000            ,2575.000            ,0.856,0.858,1.1,1.103,0.906,0.906,0.938,0.938,15.07,4626.0,14784.0,18.497,288.0,54.06
2026-07-08 02:52:28,55.0,70.000              ,723.922,381.0,1200.0,0.0,55.5,55.500              ,55.5,55.5,55.5,55.5,55.5,55.5,55.5,41.765              ,26.488              ,51.379              ,29.556              ,57.653              ,14.428              ,50.293              ,19.406              ,36.371              ,2000.000            ,2000.000            ,2500.000            ,2500.000            ,2000.000            ,2000.000            ,2020.000            ,2020.000            ,2500.000            ,0.825,0.822,0.991,0.988,0.904,0.904,0.874,0.874,14.897,4605.0,14757.0,18.453,289.0,54.19
2026-07-08 02:52:29,55.0,70.000              ,726.926,352.0,1067.0,0.0,55.5,55.500              ,55.5,55.5,55.5,55.5,55.5,55.5,55.5,44.599              ,28.358              ,51.419              ,32.116              ,55.832              ,13.625              ,43.382              ,12.127              ,35.182              ,2080.000            ,2080.000            ,2600.000            ,2600.000            ,2080.000            ,2080.000            ,2080.000            ,2080.000            ,2600.000            ,0.907,0.896,1.024,1.024,0.946,0.949,0.771,0.771,14.946,4608.0,14760.0,20.36,290.0,49.12
2026-07-08 02:52:30,55.0,69.000              ,726.926,400.0,1200.0,0.0,55.5,55.500              ,55.5,55.5,55.5,55.5,55.5,55.5,55.5,30.842              ,26.844              ,49.060              ,28.738              ,44.138              ,12.114              ,39.832              ,11.399              ,30.371              ,2120.000            ,2120.000            ,2650.000            ,2650.000            ,2120.000            ,2120.000            ,2120.000            ,2120.000            ,2650.000            ,0.847,0.857,1.139,1.139,0.901,0.898,0.83,0.83,14.988,4610.0,14756.0,17.617,291.0,56.76
2026-07-08 02:52:31,55.0,70.000              ,730.688,420.0,1067.0,0.0,55.5,55.500              ,55.5,55.5,55.5,55.5,55.5,55.5,55.5,29.002              ,25.225              ,50.486              ,30.220              ,41.523              ,11.997              ,36.494              ,10.551              ,29.437              ,2140.000            ,2140.000            ,2675.000            ,2675.000            ,2140.000            ,2140.000            ,2140.000            ,2120.000            ,2675.000            ,0.816,0.816,1.216,1.216,0.811,0.811,0.763,0.763,15.123,4609.0,14762.0,17.894,292.0,55.88
2026-07-08 02:52:32,55.0,71.000              ,730.688,442.0,1067.0,0.0,55.5,55.500              ,55.5,55.5,55.5,55.5,55.5,55.5,55.5,28.453              ,22.592              ,42.510              ,25.224              ,38.715              ,9.513               ,35.424              ,7.196               ,26.203              ,2180.000            ,2180.000            ,2725.000            ,2725.000            ,2180.000            ,2180.000            ,2160.000            ,2160.000            ,2725.000            ,0.829,0.829,1.131,1.134,0.827,0.827,0.757,0.757,14.916,4609.0,14762.0,17.787,293.0,56.22
2026-07-08 02:52:33,55.0,71.000              ,730.688,420.0,1200.0,0.0,55.5,55.500              ,55.5,55.5,55.5,55.5,55.5,55.5,55.5,29.509              ,24.064              ,42.744              ,26.144              ,37.959              ,7.790               ,35.764              ,6.649               ,26.328              ,2160.000            ,2160.000            ,2700.000            ,2700.000            ,2160.000            ,2160.000            ,2160.000            ,2160.000            ,2700.000            ,0.803,0.803,1.14,1.137,0.778,0.778,0.763,0.763,15.127,4609.0,14761.0,17.753,294.0,56.33
2026-07-08 02:52:34,55.0,70.000              ,730.688,525.0,1200.0,0.0,55.5,55.500              ,55.5,55.5,55.5,55.5,55.5,55.5,55.5,28.885              ,24.339              ,40.006              ,27.141              ,41.737              ,12.351              ,38.962              ,10.085              ,27.938              ,2220.000            ,2220.000            ,2800.000            ,2825.000            ,2260.000            ,2260.000            ,2260.000            ,2260.000            ,2825.000            ,0.787,0.787,1.048,1.049,0.852,0.852,0.792,0.792,14.996,4609.0,14762.0,17.734,295.0,56.39
2026-07-08 02:52:35,55.0,70.000              ,730.688,554.0,1200.0,0.0,55.5,55.500              ,55.5,55.5,55.5,55.5,55.5,55.5,55.5,29.519              ,28.521              ,39.307              ,29.757              ,44.456              ,12.206              ,42.337              ,9.419               ,29.440              ,2200.000            ,2200.000            ,2750.000            ,2750.000            ,2200.000            ,2200.000            ,2200.000            ,2200.000            ,2750.000            ,0.785,0.787,1.041,1.04,0.847,0.847,0.759,0.76,15.026,4608.0,14762.0,17.658,296.0,56.63
2026-07-08 02:52:36,55.0,70.000              ,730.688,533.0,1200.0,0.0,55.25,55.250              ,55.25,55.25,55.25,55.25,55.25,55.25,55.25,29.405              ,29.310              ,39.131              ,24.668              ,45.608              ,14.279              ,41.333              ,10.006              ,29.217              ,2140.000            ,2140.000            ,2140.000            ,2140.000            ,2675.000            ,2675.000            ,2140.000            ,2140.000            ,2675.000            ,0.807,0.805,0.955,0.955,0.937,0.937,0.828,0.827,15.008,4608.0,14761.0,17.346,297.0,57.65
2026-07-08 02:52:37,55.0,70.000              ,730.688,545.0,1200.0,0.0,55.25,55.250              ,55.25,55.25,55.25,55.25,55.25,55.25,55.25,30.827              ,30.092              ,44.758              ,26.228              ,44.332              ,14.791              ,41.230              ,9.904               ,30.270              ,2220.000            ,2220.000            ,2750.000            ,2750.000            ,2200.000            ,2200.000            ,2200.000            ,2200.000            ,2750.000            ,0.829,0.829,1.125,1.125,0.91,0.91,0.788,0.801,15.343,4603.0,14761.0,17.245,298.0,57.99
2026-07-08 02:52:38,55.0,69.000              ,723.668,435.0,1200.0,0.0,55.25,55.250              ,55.25,55.25,55.25,55.25,55.25,55.25,55.25,37.807              ,30.285              ,61.333              ,27.118              ,61.896              ,17.737              ,56.214              ,12.059              ,38.056              ,1880.000            ,1880.000            ,2375.000            ,2375.000            ,2375.000            ,2375.000            ,1900.000            ,1900.000            ,2375.000            ,0.801,0.801,1.033,1.035,0.943,0.943,0.826,0.814,15.003,4617.0,14760.0,24.975,299.0,40.04
2026-07-08 02:52:39,55.0,70.000              ,716.59,393.0,1200.0,0.0,55.25,55.250              ,55.25,55.25,55.25,55.25,55.25,55.25,55.25,28.131              ,26.105              ,52.341              ,25.790              ,58.570              ,9.725               ,52.637              ,6.664               ,32.495              ,1920.000            ,1920.000            ,2400.000            ,2400.000            ,1920.000            ,1920.000            ,1920.000            ,1920.000            ,2400.000            ,0.734,0.734,0.971,0.969,0.93,0.93,0.848,0.848,14.863,4616.0,14755.0,18.841,300.0,53.08
2026-07-08 02:52:40,55.0,70.000              ,712.086,457.0,1067.0,0.0,55.375,55.375              ,55.375,55.375,55.375,55.375,55.375,55.375,55.375,47.644              ,40.191              ,60.955              ,51.321              ,62.355              ,35.583              ,61.098              ,22.594              ,47.718              ,2140.000            ,2140.000            ,2675.000            ,2675.000            ,2140.000            ,2140.000            ,2140.000            ,2140.000            ,2675.000            ,0.82,0.82,1.112,1.113,0.947,0.947,0.818,0.82,15.428,4628.0,14756.0,20.255,301.0,49.37
2026-07-08 02:52:41,55.0,69.000              ,704.605,420.0,1200.0,0.0,55.375,55.375              ,55.375,55.375,55.375,55.375,55.375,55.375,55.375,64.956              ,47.785              ,61.011              ,67.267              ,68.757              ,38.846              ,56.053              ,30.638              ,54.414              ,1800.000            ,1800.000            ,2250.000            ,2275.000            ,1820.000            ,1820.000            ,1820.000            ,1820.000            ,2275.000            ,0.859,0.846,1.073,1.071,0.869,0.869,0.707,0.706,15.052,4648.0,14707.0,29.392,302.0,34.02
2026-07-08 02:52:42,55.0,72.000              ,704.23,450.0,1200.0,0.0,55.25,55.250              ,55.25,55.25,55.25,55.25,55.25,55.25,55.25,40.828              ,24.654              ,38.355              ,34.639              ,45.681              ,21.327              ,51.333              ,9.338               ,33.269              ,1733.333            ,1733.333            ,1733.333            ,1733.333            ,2100.000            ,2100.000            ,1750.000            ,1750.000            ,2100.000            ,0.736,0.747,0.85,0.85,0.824,0.828,0.733,0.733,14.608,4647.0,14703.0,17.44,303.0,57.34
2026-07-08 02:52:43,55.0,72.000              ,704.227,484.0,1067.0,0.0,55.25,55.250              ,55.25,55.25,55.25,55.25,55.25,55.25,55.25,33.129              ,23.101              ,34.631              ,32.333              ,47.615              ,12.403              ,43.960              ,9.501               ,29.584              ,2180.000            ,2180.000            ,2180.000            ,2180.000            ,2725.000            ,2725.000            ,2180.000            ,2180.000            ,2725.000            ,0.793,0.795,0.943,0.943,0.93,0.926,0.766,0.767,14.933,4648.0,14694.0,18.14,304.0,55.13
2026-07-08 02:52:44,55.0,70.000              ,704.227,508.0,1067.0,0.0,55.25,55.250              ,55.25,55.25,55.25,55.25,55.25,55.25,55.25,32.778              ,25.048              ,33.417              ,31.955              ,44.387              ,13.141              ,40.641              ,10.878              ,29.031              ,2100.000            ,2100.000            ,2625.000            ,2625.000            ,2100.000            ,2100.000            ,2675.000            ,2675.000            ,2675.000            ,0.804,0.801,0.991,0.991,0.897,0.9,0.776,0.775,15.141,4648.0,14683.0,17.788,305.0,56.22
2026-07-08 02:52:45,55.0,70.000              ,704.227,620.0,1200.0,0.0,55.25,55.250              ,55.25,55.25,55.25,55.25,55.25,55.25,55.25,33.636              ,27.898              ,32.918              ,34.490              ,45.696              ,15.587              ,44.327              ,13.091              ,30.956              ,2100.000            ,2100.000            ,2100.000            ,2100.000            ,2625.000            ,2625.000            ,2120.000            ,2120.000            ,2625.000            ,0.795,0.795,0.948,0.948,0.868,0.865,0.844,0.844,14.875,4649.0,14683.0,17.801,306.0,56.18
2026-07-08 02:52:46,55.0,70.000              ,704.605,200.0,1200.0,0.0,55.25,55.250              ,55.25,55.25,55.25,55.25,55.25,55.25,55.25,35.388              ,27.006              ,33.959              ,28.936              ,47.434              ,13.361              ,49.511              ,12.182              ,30.972              ,2120.000            ,2120.000            ,2120.000            ,2120.000            ,2650.000            ,2650.000            ,2650.000            ,2650.000            ,2650.000            ,0.827,0.827,0.822,0.822,0.906,0.906,0.934,0.934,14.996,4648.0,14683.0,18.192,307.0,54.97
2026-07-08 02:52:47,55.0,70.000              ,709.113,572.0,1067.0,0.0,55.25,55.250              ,55.25,55.25,55.25,55.25,55.25,55.25,55.25,40.131              ,25.859              ,39.496              ,31.914              ,48.008              ,19.071              ,47.393              ,11.628              ,32.937              ,2160.000            ,2160.000            ,2700.000            ,2700.000            ,2160.000            ,2160.000            ,2160.000            ,2160.000            ,2700.000            ,0.821,0.821,0.911,0.911,0.942,0.941,0.848,0.848,15.189,4659.0,14688.0,17.771,308.0,56.27
2026-07-08 02:52:48,55.0,69.000              ,715.129,500.0,1200.0,0.0,55.25,55.250              ,55.25,55.25,55.25,55.25,55.25,55.25,55.25,39.427              ,24.506              ,39.472              ,30.844              ,52.546              ,19.486              ,47.136              ,13.053              ,33.309              ,2160.000            ,2160.000            ,2160.000            ,2160.000            ,2700.000            ,2700.000            ,2140.000            ,2140.000            ,2700.000            ,0.792,0.798,0.851,0.852,1.064,1.064,0.817,0.817,15.243,4668.0,14711.0,19.376,309.0,51.61
2026-07-08 02:52:49,55.0,70.000              ,723.148,442.0,1200.0,0.0,55.25,55.250              ,55.25,55.25,55.25,55.25,55.25,55.25,55.25,37.838              ,28.586              ,40.483              ,42.846              ,54.292              ,13.029              ,46.332              ,11.426              ,34.354              ,1980.000            ,1980.000            ,2475.000            ,2475.000            ,1960.000            ,1960.000            ,1960.000            ,1960.000            ,2475.000            ,0.804,0.8,1.057,1.057,0.868,0.871,0.73,0.73,14.85,4674.0,14713.0,17.95,310.0,55.71
2026-07-08 02:52:50,55.0,70.000              ,723.148,516.0,1200.0,0.0,55.25,55.250              ,55.25,55.25,55.25,55.25,55.25,55.25,55.25,38.731              ,29.380              ,50.332              ,24.967              ,60.662              ,13.155              ,45.014              ,11.307              ,34.194              ,2080.000            ,2080.000            ,2080.000            ,2080.000            ,2625.000            ,2625.000            ,2100.000            ,2100.000            ,2625.000            ,0.801,0.798,0.869,0.867,1.037,1.029,0.731,0.731,14.988,4671.0,14712.0,18.034,311.0,55.45
2026-07-08 02:52:51,55.0,70.000              ,723.156,508.0,1200.0,0.0,55.25,55.250              ,55.25,55.25,55.25,55.25,55.25,55.25,55.25,31.385              ,27.710              ,41.947              ,24.860              ,58.894              ,9.717               ,43.426              ,8.119               ,30.757              ,2100.000            ,2100.000            ,2100.000            ,2100.000            ,2625.000            ,2625.000            ,2100.000            ,2100.000            ,2625.000            ,0.788,0.788,0.87,0.87,1.036,1.041,0.769,0.769,15.114,4671.0,14712.0,18.112,312.0,55.21
2026-07-08 02:52:52,55.0,71.000              ,723.152,476.0,1067.0,0.0,55.25,55.250              ,55.25,55.25,55.25,55.25,55.25,55.25,55.25,29.588              ,29.098              ,40.935              ,24.171              ,57.369              ,11.082              ,41.386              ,9.817               ,30.431              ,2000.000            ,2000.000            ,2000.000            ,1980.000            ,2475.000            ,2475.000            ,1980.000            ,1980.000            ,2475.000            ,0.765,0.766,0.851,0.851,1.018,1.018,0.773,0.773,15.074,4669.0,14712.0,17.624,313.0,56.74
2026-07-08 02:52:53,55.0,70.000              ,723.156,492.0,1200.0,0.0,55.25,55.250              ,55.25,55.25,55.25,55.25,55.25,55.25,55.25,34.965              ,27.537              ,41.740              ,31.263              ,53.360              ,12.170              ,43.489              ,14.025              ,32.319              ,2060.000            ,2060.000            ,2060.000            ,2060.000            ,2575.000            ,2575.000            ,2040.000            ,2040.000            ,2575.000            ,0.782,0.781,0.93,0.938,0.965,0.965,0.805,0.805,15.129,4670.0,14712.0,17.708,314.0,56.47
2026-07-08 02:52:54,55.0,70.000              ,723.152,457.0,1200.0,0.0,55.25,55.250              ,55.25,55.25,55.25,55.25,55.25,55.25,55.25,37.562              ,27.410              ,35.147              ,55.746              ,51.177              ,12.473              ,39.684              ,11.100              ,33.787              ,1920.000            ,1920.000            ,2400.000            ,2400.000            ,1920.000            ,1920.000            ,1920.000            ,1920.000            ,2400.000            ,0.758,0.758,1.17,1.162,0.8,0.8,0.669,0.669,15.044,4673.0,14715.0,18.015,315.0,55.51
2026-07-08 02:52:55,55.0,70.000              ,723.156,476.0,1200.0,0.0,55.25,55.250              ,55.25,55.25,55.25,55.25,55.25,55.25,55.25,33.503              ,27.620              ,38.973              ,35.831              ,56.197              ,9.383               ,43.125              ,10.315              ,31.868              ,1980.000            ,1980.000            ,1980.000            ,1980.000            ,2475.000            ,2475.000            ,1980.000            ,1980.000            ,2475.000            ,0.764,0.764,0.967,0.967,0.888,0.888,0.734,0.737,14.917,4674.0,14715.0,17.787,316.0,56.22
2026-07-08 02:52:56,55.0,69.000              ,721.656,500.0,1200.0,0.0,55.25,55.250              ,55.25,55.25,55.25,55.25,55.25,55.25,55.25,34.155              ,27.104              ,36.449              ,29.788              ,52.383              ,7.193               ,46.566              ,10.170              ,30.476              ,2060.000            ,2060.000            ,2575.000            ,2575.000            ,2060.000            ,2060.000            ,2060.000            ,2060.000            ,2575.000            ,0.779,0.779,0.882,0.882,0.836,0.836,0.817,0.814,14.89,4674.0,14713.0,17.37,317.0,57.57
2026-07-08 02:52:57,55.0,69.000              ,719.406,387.0,1200.0,0.0,55.25,55.250              ,55.25,55.25,55.25,55.25,55.25,55.25,55.25,36.692              ,30.303              ,35.859              ,40.917              ,44.961              ,15.566              ,50.334              ,12.182              ,33.352              ,2020.000            ,2020.000            ,2525.000            ,2525.000            ,2040.000            ,2040.000            ,2550.000            ,2550.000            ,2550.000            ,0.785,0.785,1.016,1.016,0.79,0.778,0.858,0.858,15.081,4675.0,14711.0,17.892,318.0,55.89
2026-07-08 02:52:58,55.0,68.000              ,717.906,508.0,1200.0,0.0,55.25,55.250              ,55.25,55.25,55.25,55.25,55.25,55.25,55.25,36.230              ,24.644              ,37.617              ,37.105              ,45.795              ,13.969              ,42.881              ,11.627              ,31.234              ,2040.000            ,2040.000            ,2550.000            ,2550.000            ,2040.000            ,2040.000            ,2040.000            ,2040.000            ,2550.000            ,0.774,0.774,0.999,1.003,0.828,0.842,0.776,0.776,15.131,4681.0,14711.0,17.546,319.0,56.99
2026-07-08 02:52:59,55.0,69.000              ,717.902,516.0,1067.0,0.0,55.25,55.250              ,55.25,55.25,55.25,55.25,55.25,55.25,55.25,30.989              ,30.371              ,33.739              ,45.673              ,43.741              ,15.677              ,41.663              ,14.051              ,31.988              ,2080.000            ,2080.000            ,2600.000            ,2600.000            ,2080.000            ,2080.000            ,2080.000            ,2080.000            ,2600.000            ,0.747,0.747,1.062,1.059,0.791,0.792,0.787,0.787,15.054,4682.0,14711.0,17.417,320.0,57.42
2026-07-08 02:53:00,55.0,70.000              ,717.969,525.0,1200.0,0.0,55.25,55.250              ,55.25,55.25,55.25,55.25,55.25,55.25,55.25,32.316              ,29.658              ,26.087              ,59.912              ,40.588              ,12.808              ,34.200              ,15.799              ,31.421              ,2040.000            ,2040.000            ,2550.000            ,2550.000            ,2040.000            ,2040.000            ,2040.000            ,2040.000            ,2550.000            ,0.795,0.795,1.254,1.255,0.736,0.736,0.73,0.73,14.926,4684.0,14710.0,18.474,321.0,54.13
2026-07-08 02:53:01,55.0,69.000              ,719.844,428.0,1067.0,0.0,55.25,55.250              ,55.25,55.25,55.25,55.25,55.25,55.25,55.25,35.983              ,26.757              ,37.380              ,41.613              ,50.376              ,17.359              ,40.837              ,12.896              ,32.900              ,2060.000            ,2060.000            ,2575.000            ,2575.000            ,2060.000            ,2060.000            ,2060.000            ,2060.000            ,2575.000            ,0.813,0.814,1.104,1.104,0.905,0.903,0.733,0.733,15.085,4686.0,14709.0,20.614,322.0,48.51
2026-07-08 02:53:02,55.0,70.000              ,720.41,200.0,1200.0,0.0,55.25,55.250              ,55.25,55.25,55.25,55.25,55.25,55.25,55.25,34.841              ,22.580              ,43.004              ,28.816              ,50.506              ,13.110              ,48.809              ,10.594              ,31.532              ,2060.000            ,2060.000            ,2575.000            ,2575.000            ,2060.000            ,2060.000            ,2060.000            ,2060.000            ,2575.000            ,0.804,0.803,0.997,0.997,0.915,0.915,0.854,0.854,14.859,4686.0,14710.0,18.456,323.0,54.18
2026-07-08 02:53:03,55.0,70.000              ,722.906,457.0,1067.0,0.0,55.25,55.250              ,55.25,55.25,55.25,55.25,55.25,55.25,55.25,38.920              ,28.567              ,40.618              ,32.101              ,54.380              ,16.656              ,43.624              ,19.161              ,34.253              ,2675.000            ,2675.000            ,2675.000            ,2675.000            ,2140.000            ,2140.000            ,2140.000            ,2140.000            ,2675.000            ,0.854,0.856,0.955,0.955,0.969,0.969,0.815,0.815,15.051,4686.0,14714.0,17.906,324.0,55.85
2026-07-08 02:53:04,55.0,69.000              ,722.91,469.0,1200.0,0.0,55.25,55.250              ,55.25,55.25,55.25,55.25,55.25,55.25,55.25,34.244              ,28.659              ,36.655              ,31.942              ,51.225              ,17.337              ,47.361              ,16.120              ,32.943              ,2080.000            ,2080.000            ,2600.000            ,2600.000            ,2600.000            ,2600.000            ,2120.000            ,2120.000            ,2600.000            ,0.754,0.751,0.812,0.812,0.961,0.961,0.845,0.845,15.079,4685.0,14713.0,17.541,325.0,57.01
2026-07-08 02:53:05,55.0,69.000              ,722.91,492.0,1067.0,0.0,55.25,55.250              ,55.25,55.25,55.25,55.25,55.25,55.25,55.25,35.101              ,26.605              ,34.968              ,29.913              ,49.406              ,12.919              ,43.808              ,16.918              ,31.205              ,2060.000            ,2060.000            ,2575.000            ,2575.000            ,2060.000            ,2060.000            ,2060.000            ,2060.000            ,2575.000            ,0.807,0.809,0.9,0.903,0.887,0.887,0.842,0.842,14.892,4686.0,14713.0,17.931,326.0,55.77
2026-07-08 02:53:06,55.0,70.000              ,722.973,508.0,1067.0,0.0,55.25,55.250              ,55.25,55.25,55.25,55.25,55.25,55.25,55.25,39.020              ,25.857              ,34.609              ,28.034              ,52.972              ,13.309              ,39.789              ,15.587              ,31.147              ,2200.000            ,2200.000            ,2750.000            ,2750.000            ,2200.000            ,2200.000            ,2200.000            ,2200.000            ,2750.000            ,0.864,0.862,0.893,0.889,0.998,0.998,0.807,0.807,15.221,4687.0,14713.0,17.9,327.0,55.87
2026-07-08 02:53:07,55.0,70.000              ,722.98,508.0,1200.0,0.0,55.25,55.250              ,55.25,55.25,55.25,55.25,55.25,55.25,55.25,35.769              ,24.939              ,39.557              ,22.134              ,56.368              ,19.529              ,38.991              ,9.760               ,30.881              ,2160.000            ,2180.000            ,2180.000            ,2180.000            ,2725.000            ,2725.000            ,2180.000            ,2180.000            ,2725.000            ,0.831,0.831,0.779,0.78,1.169,1.169,0.714,0.714,15.052,4687.0,14712.0,17.563,328.0,56.94
2026-07-08 02:53:08,55.0,69.000              ,720.719,344.0,1200.0,0.0,55.25,55.250              ,55.25,55.25,55.25,55.25,55.25,55.25,55.25,46.298              ,25.403              ,50.264              ,25.776              ,55.047              ,14.900              ,51.909              ,8.538               ,34.767              ,2080.000            ,2080.000            ,2080.000            ,2080.000            ,2575.000            ,2575.000            ,2060.000            ,2060.000            ,2575.000            ,0.912,0.912,0.911,0.922,0.937,0.939,0.823,0.823,15.103,4689.0,14712.0,22.733,329.0,43.99
2026-07-08 02:53:09,55.0,69.000              ,720.723,364.0,1200.0,0.0,55.25,55.250              ,55.25,55.25,55.25,55.25,55.25,55.25,55.25,39.758              ,19.573              ,55.261              ,20.772              ,59.518              ,11.996              ,54.114              ,8.424               ,33.677              ,2080.000            ,2080.000            ,2600.000            ,2600.000            ,2080.000            ,2080.000            ,2080.000            ,2080.000            ,2600.000            ,0.849,0.849,0.993,0.982,1.015,1.014,0.851,0.851,14.891,4684.0,14712.0,17.403,330.0,57.46
2026-07-08 02:53:10,55.0,69.000              ,720.719,200.0,1200.0,0.0,55.25,55.250              ,55.25,55.25,55.25,55.25,55.25,55.25,55.25,35.304              ,23.484              ,51.370              ,22.230              ,57.151              ,10.085              ,44.190              ,6.865               ,31.335              ,2120.000            ,2120.000            ,2650.000            ,2650.000            ,2120.000            ,2120.000            ,2120.000            ,2120.000            ,2650.000            ,0.861,0.862,1.044,1.044,1.04,1.04,0.813,0.813,14.976,4686.0,14713.0,20.274,331.0,49.32
2026-07-08 02:53:11,55.0,69.000              ,720.594,358.0,1067.0,0.0,55.25,55.250              ,55.25,55.25,55.25,55.25,55.25,55.25,55.25,39.305              ,28.828              ,48.215              ,26.350              ,55.426              ,10.906              ,43.655              ,11.982              ,33.083              ,2200.000            ,2200.000            ,2750.000            ,2750.000            ,2200.000            ,2200.000            ,2200.000            ,2200.000            ,2750.000            ,0.911,0.911,1.039,1.039,1.013,1.016,0.846,0.848,15.262,4686.0,14705.0,19.282,332.0,51.86
2026-07-08 02:53:12,55.0,68.000              ,713.07,413.0,1067.0,0.0,55.25,55.250              ,55.25,55.25,55.25,55.25,55.25,55.25,55.25,32.985              ,25.898              ,43.517              ,27.506              ,46.882              ,9.481               ,48.790              ,8.374               ,30.429              ,2060.000            ,2060.000            ,2575.000            ,2575.000            ,2060.000            ,2060.000            ,2060.000            ,2060.000            ,2575.000            ,0.855,0.859,1.061,1.062,0.86,0.857,0.879,0.88,14.801,4686.0,14698.0,17.491,333.0,57.17
2026-07-08 02:53:13,55.0,70.000              ,710.563,426.0,1067.0,0.0,55.25,55.250              ,55.25,55.25,55.25,55.25,55.25,55.25,55.25,36.968              ,24.191              ,40.168              ,29.943              ,47.142              ,8.243               ,41.660              ,8.003               ,29.540              ,2180.000            ,2180.000            ,2725.000            ,2725.000            ,2180.000            ,2180.000            ,2200.000            ,2200.000            ,2725.000            ,0.884,0.88,1.1,1.099,0.877,0.877,0.808,0.805,15.193,4686.0,14696.0,17.838,334.0,56.06
2026-07-08 02:53:14,55.0,70.000              ,713.066,508.0,1200.0,0.0,55.25,55.250              ,55.25,55.25,55.25,55.25,55.25,55.25,55.25,41.854              ,25.156              ,42.078              ,26.981              ,50.682              ,10.626              ,42.424              ,8.696               ,31.062              ,2160.000            ,2160.000            ,2700.000            ,2700.000            ,2180.000            ,2180.000            ,2180.000            ,2180.000            ,2700.000            ,0.841,0.844,0.977,0.977,0.89,0.89,0.751,0.751,15.096,4688.0,14697.0,17.206,335.0,58.12
2026-07-08 02:53:15,55.0,69.000              ,713.063,516.0,1067.0,0.0,55.25,55.250              ,55.25,55.25,55.25,55.25,55.25,55.25,55.25,40.991              ,26.563              ,35.995              ,38.631              ,52.389              ,11.461              ,46.708              ,9.584               ,32.790              ,2040.000            ,2040.000            ,2040.000            ,2040.000            ,2550.000            ,2550.000            ,2040.000            ,2040.000            ,2550.000            ,0.801,0.799,0.929,0.929,0.859,0.866,0.744,0.744,14.976,4688.0,14692.0,17.411,336.0,57.43
2026-07-08 02:53:16,55.0,70.000              ,713.066,500.0,1200.0,0.0,55.25,55.250              ,55.25,55.25,55.25,55.25,55.25,55.25,55.25,33.345              ,28.750              ,38.556              ,27.761              ,50.868              ,16.753              ,45.138              ,13.440              ,31.826              ,2100.000            ,2100.000            ,2625.000            ,2625.000            ,2100.000            ,2100.000            ,2100.000            ,2100.000            ,2625.000            ,0.813,0.801,0.872,0.872,1.0,0.992,0.821,0.821,14.899,4688.0,14689.0,17.895,337.0,55.88
2026-07-08 02:53:17,55.0,70.000              ,713.035,581.0,1200.0,0.0,55.25,55.250              ,55.25,55.25,55.25,55.25,55.25,55.25,55.25,37.644              ,22.139              ,38.819              ,28.476              ,54.247              ,15.857              ,45.527              ,11.017              ,31.716              ,2100.000            ,2100.000            ,2100.000            ,2080.000            ,2600.000            ,2600.000            ,2080.000            ,2080.000            ,2600.000            ,0.772,0.784,0.878,0.878,1.067,1.067,0.801,0.801,15.168,4688.0,14689.0,18.491,338.0,54.08
2026-07-08 02:53:18,55.0,69.000              ,713.066,200.0,1200.0,0.0,55.25,55.250              ,55.25,55.25,55.25,55.25,55.25,55.25,55.25,37.560              ,22.455              ,38.314              ,31.651              ,55.069              ,12.706              ,42.864              ,10.666              ,31.411              ,2180.000            ,2180.000            ,2160.000            ,2160.000            ,2700.000            ,2700.000            ,2160.000            ,2160.000            ,2700.000            ,0.821,0.808,0.913,0.913,0.988,0.988,0.761,0.761,14.933,4688.0,14689.0,17.962,339.0,55.67
2026-07-08 02:53:19,55.0,69.000              ,714.816,450.0,1200.0,0.0,55.25,55.250              ,55.25,55.25,55.25,55.25,55.25,55.25,55.25,37.015              ,24.362              ,44.375              ,27.743              ,59.787              ,20.101              ,39.010              ,13.681              ,33.259              ,2000.000            ,2000.000            ,2500.000            ,2500.000            ,2000.000            ,2000.000            ,2000.000            ,2000.000            ,2500.000            ,0.79,0.804,0.824,0.824,1.121,1.13,0.731,0.731,14.961,4690.0,14691.0,17.986,340.0,55.6
2026-07-08 02:53:20,55.0,69.000              ,725.41,200.0,1067.0,0.0,55.25,55.250              ,55.25,55.25,55.25,55.25,55.25,55.25,55.25,41.220              ,34.435              ,57.171              ,39.700              ,56.118              ,26.041              ,52.465              ,18.033              ,40.648              ,2020.000            ,2020.000            ,2525.000            ,2525.000            ,2040.000            ,2040.000            ,2040.000            ,2040.000            ,2525.000            ,0.818,0.819,1.052,1.052,0.954,0.946,0.777,0.777,15.147,4702.0,14712.0,22.563,341.0,44.32
2026-07-08 02:53:21,55.0,69.000              ,725.406,400.0,1200.0,0.0,55.25,55.250              ,55.25,55.25,55.25,55.25,55.25,55.25,55.25,38.337              ,18.412              ,50.983              ,24.024              ,47.005              ,17.277              ,46.493              ,12.375              ,31.863              ,2120.000            ,2120.000            ,2650.000            ,2675.000            ,2140.000            ,2140.000            ,2120.000            ,2120.000            ,2675.000            ,0.861,0.845,1.026,1.029,0.958,0.958,0.892,0.892,14.923,4702.0,14711.0,20.913,342.0,47.82
2026-07-08 02:53:22,55.0,70.000              ,725.406,375.0,1200.0,0.0,55.25,55.250              ,55.25,55.25,55.25,55.25,55.25,55.25,55.25,32.225              ,21.946              ,56.841              ,26.067              ,51.663              ,10.428              ,40.924              ,10.784              ,31.360              ,2160.000            ,2160.000            ,2700.000            ,2700.000            ,2160.000            ,2160.000            ,2160.000            ,2160.000            ,2700.000            ,0.839,0.852,1.132,1.13,0.995,0.995,0.82,0.822,15.226,4702.0,14711.0,17.595,343.0,56.83
2026-07-08 02:53:23,55.0,70.000              ,720.965,364.0,1200.0,0.0,55.25,55.250              ,55.25,55.25,55.25,55.25,55.25,55.25,55.25,38.754              ,20.954              ,59.106              ,30.360              ,49.964              ,11.807              ,38.324              ,11.663              ,32.617              ,2140.000            ,2140.000            ,2675.000            ,2675.000            ,2140.000            ,2140.000            ,2120.000            ,2120.000            ,2675.000            ,0.848,0.848,1.186,1.184,0.91,0.91,0.777,0.776,15.002,4702.0,14709.0,17.373,344.0,57.56
2026-07-08 02:53:24,55.0,69.000              ,720.973,200.0,1200.0,0.0,55.25,55.250              ,55.25,55.25,55.25,55.25,55.25,55.25,55.25,36.033              ,23.706              ,47.181              ,32.969              ,56.150              ,18.350              ,41.372              ,13.686              ,33.681              ,2100.000            ,2100.000            ,2625.000            ,2625.000            ,2100.000            ,2100.000            ,2100.000            ,2100.000            ,2625.000            ,0.81,0.81,1.039,1.039,1.025,1.027,0.768,0.768,15.02,4702.0,14708.0,17.877,345.0,55.94
2026-07-08 02:53:25,55.0,69.000              ,720.965,484.0,1200.0,0.0,55.25,55.250              ,55.25,55.25,55.25,55.25,55.25,55.25,55.25,31.543              ,23.804              ,49.253              ,30.075              ,54.428              ,13.229              ,39.263              ,11.662              ,31.657              ,2100.000            ,2100.000            ,2625.000            ,2625.000            ,2100.000            ,2100.000            ,2100.000            ,2100.000            ,2625.000            ,0.773,0.773,1.044,1.044,0.958,0.956,0.771,0.771,14.967,4702.0,14709.0,17.7,346.0,56.5
2026-07-08 02:53:26,55.0,69.000              ,720.965,516.0,1200.0,0.0,55.25,55.250              ,55.25,55.25,55.25,55.25,55.25,55.25,55.25,27.887              ,27.268              ,38.358              ,30.597              ,43.192              ,12.126              ,46.016              ,14.008              ,29.932              ,2060.000            ,2060.000            ,2575.000            ,2575.000            ,2060.000            ,2060.000            ,2060.000            ,2060.000            ,2575.000            ,0.717,0.717,0.951,0.951,0.803,0.803,0.867,0.867,14.993,4702.0,14704.0,17.493,347.0,57.17
2026-07-08 02:53:27,55.0,70.000              ,720.898,469.0,1200.0,0.0,55.25,55.250              ,55.25,55.25,55.25,55.25,55.25,55.25,55.25,31.049              ,29.597              ,31.332              ,37.491              ,45.938              ,16.913              ,40.546              ,14.506              ,30.921              ,2080.000            ,2080.000            ,2080.000            ,2080.000            ,2600.000            ,2600.000            ,2080.000            ,2080.000            ,2600.000            ,0.771,0.771,0.925,0.911,0.892,0.892,0.791,0.791,15.135,4703.0,14704.0,17.29,348.0,57.84
2026-07-08 02:53:28,55.0,69.000              ,719.902,200.0,1200.0,0.0,55.25,55.250              ,55.25,55.25,55.25,55.25,55.25,55.25,55.25,32.093              ,30.021              ,43.776              ,33.806              ,47.466              ,12.077              ,43.603              ,13.796              ,32.080              ,1980.000            ,1980.000            ,2475.000            ,2475.000            ,1980.000            ,1980.000            ,1980.000            ,1980.000            ,2475.000            ,0.757,0.757,1.01,1.025,0.792,0.792,0.786,0.786,15.078,4703.0,14705.0,19.359,349.0,51.66
2026-07-08 02:53:29,55.0,68.000              ,721.16,420.0,1200.0,0.0,55.25,55.250              ,55.25,55.25,55.25,55.25,55.25,55.25,55.25,35.904              ,26.899              ,56.130              ,34.080              ,47.970              ,17.212              ,42.556              ,11.897              ,34.081              ,2060.000            ,2060.000            ,2575.000            ,2575.000            ,2060.000            ,2060.000            ,2060.000            ,2060.000            ,2575.000            ,0.761,0.761,1.113,1.113,0.816,0.816,0.726,0.726,15.048,4702.0,14707.0,19.413,350.0,51.51
2026-07-08 02:53:30,55.0,68.000              ,710.633,469.0,1067.0,0.0,55.25,55.250              ,55.25,55.25,55.25,55.25,55.25,55.25,55.25,32.630              ,24.759              ,48.910              ,27.814              ,40.543              ,12.767              ,37.827              ,11.333              ,29.573              ,2020.000            ,2020.000            ,2525.000            ,2525.000            ,2020.000            ,2020.000            ,2020.000            ,2020.000            ,2525.000            ,0.798,0.798,1.137,1.137,0.8,0.813,0.732,0.732,14.981,4702.0,14701.0,17.514,351.0,57.1
2026-07-08 02:53:31,55.0,70.000              ,710.629,554.0,1200.0,0.0,55.25,55.250              ,55.25,55.25,55.25,55.25,55.25,55.25,55.25,31.755              ,27.508              ,44.579              ,35.310              ,44.680              ,14.923              ,36.760              ,16.257              ,31.471              ,2020.000            ,2020.000            ,2550.000            ,2550.000            ,2040.000            ,2040.000            ,2040.000            ,2040.000            ,2550.000            ,0.767,0.768,1.125,1.125,0.814,0.802,0.731,0.731,14.996,4702.0,14700.0,17.582,352.0,56.88
2026-07-08 02:53:32,55.0,70.000              ,709.625,200.0,1067.0,0.0,55.25,55.250              ,55.25,55.25,55.25,55.25,55.25,55.25,55.25,32.795              ,33.016              ,35.699              ,52.653              ,43.151              ,13.740              ,37.765              ,16.300              ,33.140              ,2080.000            ,2080.000            ,2600.000            ,2600.000            ,2080.000            ,2080.000            ,2080.000            ,2080.000            ,2600.000            ,0.804,0.803,1.208,1.208,0.755,0.757,0.717,0.719,15.091,4703.0,14698.0,17.407,353.0,57.45
2026-07-08 02:53:33,55.0,70.000              ,709.629,677.0,1200.0,0.0,55.25,55.250              ,55.25,55.25,55.25,55.25,55.25,55.25,55.25,32.050              ,32.075              ,37.139              ,41.224              ,47.286              ,14.446              ,40.583              ,15.961              ,32.595              ,2080.000            ,2080.000            ,2600.000            ,2600.000            ,2080.000            ,2080.000            ,2080.000            ,2080.000            ,2600.000            ,0.778,0.778,1.048,1.048,0.837,0.848,0.775,0.773,14.988,4703.0,14688.0,17.731,354.0,56.4
2026-07-08 02:53:34,55.0,70.000              ,709.629,590.0,1200.0,0.0,55.25,55.250              ,55.25,55.25,55.25,55.25,55.25,55.25,55.25,36.967              ,28.818              ,35.476              ,28.673              ,56.058              ,19.414              ,41.382              ,19.053              ,33.230              ,2120.000            ,2120.000            ,2120.000            ,2120.000            ,2675.000            ,2675.000            ,2140.000            ,2140.000            ,2675.000            ,0.83,0.83,0.8,0.8,1.097,1.084,0.804,0.803,15.01,4703.0,14689.0,18.032,355.0,55.46
2026-07-08 02:53:35,55.0,69.000              ,709.625,610.0,1200.0,0.0,55.25,55.250              ,55.25,55.25,55.25,55.25,55.25,55.25,55.25,39.373              ,28.795              ,38.890              ,32.355              ,53.590              ,21.255              ,42.471              ,20.077              ,34.601              ,1980.000            ,1960.000            ,2450.000            ,2450.000            ,2450.000            ,2450.000            ,1960.000            ,1960.000            ,2450.000            ,0.754,0.756,0.796,0.796,0.986,0.986,0.77,0.77,14.995,4704.0,14689.0,17.611,356.0,56.78
2026-07-08 02:53:36,55.0,69.000              ,709.621,563.0,1200.0,0.0,55.25,55.250              ,55.25,55.25,55.25,55.25,55.25,55.25,55.25,40.763              ,28.622              ,37.730              ,35.411              ,54.150              ,16.041              ,45.724              ,16.730              ,34.396              ,1980.000            ,1980.000            ,1980.000            ,1980.000            ,2475.000            ,2475.000            ,1980.000            ,1980.000            ,2475.000            ,0.795,0.794,0.838,0.838,0.917,0.917,0.771,0.769,14.998,4705.0,14688.0,17.708,357.0,56.47
2026-07-08 02:53:37,55.0,70.000              ,709.641,700.0,1200.0,0.0,55.25,55.250              ,55.25,55.25,55.25,55.25,55.25,55.25,55.25,36.156              ,27.322              ,29.805              ,35.353              ,57.053              ,16.714              ,44.157              ,18.094              ,33.082              ,2040.000            ,2040.000            ,2040.000            ,2040.000            ,2550.000            ,2550.000            ,2060.000            ,2060.000            ,2550.000            ,0.765,0.763,0.805,0.805,1.047,1.048,0.809,0.812,15.091,4706.0,14683.0,17.825,358.0,56.1
2026-07-08 02:53:38,55.0,69.000              ,709.637,200.0,1067.0,0.0,55.25,55.250              ,55.25,55.25,55.25,55.25,55.25,55.25,55.25,39.341              ,27.281              ,34.426              ,27.689              ,56.900              ,18.258              ,48.351              ,17.473              ,33.715              ,2040.000            ,2040.000            ,2040.000            ,2040.000            ,2550.000            ,2550.000            ,2040.000            ,2040.000            ,2550.000            ,0.773,0.774,0.754,0.754,1.051,1.05,0.853,0.858,15.082,4707.0,14684.0,17.575,359.0,56.9
2026-07-08 02:53:39,55.0,69.000              ,709.477,711.0,1200.0,0.0,55.25,55.250              ,55.25,55.25,55.25,55.25,55.25,55.25,55.25,37.988              ,26.388              ,35.628              ,28.959              ,63.312              ,17.415              ,42.601              ,16.490              ,33.598              ,2100.000            ,2100.000            ,2100.000            ,2120.000            ,2650.000            ,2650.000            ,2120.000            ,2120.000            ,2650.000            ,0.759,0.757,0.725,0.725,1.104,1.104,0.783,0.778,14.942,4708.0,14684.0,17.93,360.0,55.77
2026-07-08 02:53:40,55.0,70.000              ,709.477,610.0,1200.0,0.0,55.25,55.250              ,55.25,55.25,55.25,55.25,55.25,55.25,55.25,40.325              ,31.260              ,45.647              ,28.725              ,61.918              ,22.578              ,51.032              ,17.060              ,37.318              ,2080.000            ,2080.000            ,2080.000            ,2080.000            ,2600.000            ,2575.000            ,2060.000            ,2060.000            ,2600.000            ,0.756,0.758,0.757,0.757,1.079,1.079,0.846,0.845,15.156,4712.0,14684.0,18.092,361.0,55.27
2026-07-08 02:53:41,55.0,69.000              ,709.473,461.0,1067.0,0.0,55.25,55.250              ,55.25,55.25,55.25,55.25,55.25,55.25,55.25,42.510              ,25.877              ,43.050              ,29.539              ,64.215              ,15.138              ,57.637              ,12.541              ,36.313              ,1940.000            ,1940.000            ,1940.000            ,1940.000            ,1940.000            ,1940.000            ,2425.000            ,2425.000            ,2425.000            ,0.753,0.751,0.726,0.727,0.934,0.934,0.898,0.898,14.826,4715.0,14682.0,18.496,362.0,54.07
2026-07-08 02:53:42,55.0,69.000              ,706.723,200.0,1200.0,0.0,55.25,55.250              ,55.25,55.25,55.25,55.25,55.25,55.25,55.25,38.512              ,20.958              ,45.815              ,22.601              ,66.685              ,10.047              ,44.021              ,10.846              ,32.436              ,2040.000            ,2040.000            ,2040.000            ,2040.000            ,2550.000            ,2550.000            ,2040.000            ,2040.000            ,2550.000            ,0.766,0.766,0.77,0.768,1.094,1.094,0.741,0.741,15.153,4716.0,14675.0,18.182,363.0,55.0
2026-07-08 02:53:43,55.0,69.000              ,706.719,508.0,1200.0,0.0,55.25,55.250              ,55.25,55.25,55.25,55.25,55.25,55.25,55.25,33.666              ,27.920              ,43.755              ,20.666              ,64.427              ,8.747               ,49.469              ,9.724               ,32.297              ,2080.000            ,2080.000            ,2600.000            ,2600.000            ,2600.000            ,2600.000            ,2080.000            ,2080.000            ,2600.000            ,0.746,0.746,0.771,0.773,1.055,1.055,0.794,0.796,15.077,4716.0,14674.0,17.752,364.0,56.33
2026-07-08 02:53:44,55.0,69.000              ,708.969,554.0,1067.0,0.0,55.25,55.250              ,55.25,55.25,55.25,55.25,55.25,55.25,55.25,39.304              ,25.266              ,41.413              ,23.226              ,61.210              ,12.252              ,50.213              ,8.663               ,32.694              ,2020.000            ,2020.000            ,2020.000            ,2020.000            ,2500.000            ,2500.000            ,2000.000            ,2000.000            ,2500.000            ,0.79,0.779,0.745,0.743,1.038,1.038,0.778,0.776,14.984,4721.0,14676.0,18.289,365.0,54.68
2026-07-08 02:53:45,55.0,70.000              ,708.969,581.0,1200.0,0.0,55.25,55.250              ,55.25,55.25,55.25,55.25,55.25,55.25,55.25,35.926              ,27.003              ,41.155              ,21.524              ,59.075              ,9.062               ,53.885              ,10.510              ,32.268              ,2000.000            ,2000.000            ,2000.000            ,2000.000            ,2525.000            ,2525.000            ,2020.000            ,2020.000            ,2525.000            ,0.772,0.784,0.757,0.757,1.008,1.01,0.876,0.876,14.961,4721.0,14676.0,17.932,366.0,55.77
2026-07-08 02:53:46,55.0,70.000              ,708.969,581.0,1067.0,0.0,55.25,55.250              ,55.25,55.25,55.25,55.25,55.25,55.25,55.25,36.501              ,28.108              ,37.010              ,24.642              ,62.263              ,9.204               ,47.763              ,10.067              ,31.945              ,2020.000            ,2020.000            ,2525.000            ,2525.000            ,2020.000            ,2020.000            ,2020.000            ,2020.000            ,2525.000            ,0.763,0.763,0.765,0.765,1.045,1.044,0.81,0.81,15.065,4722.0,14675.0,17.182,367.0,58.2
2026-07-08 02:53:47,55.0,69.000              ,715.004,200.0,1200.0,0.0,55.25,55.250              ,55.25,55.25,55.25,55.25,55.25,55.25,55.25,40.247              ,25.390              ,45.014              ,26.979              ,58.336              ,10.918              ,48.685              ,12.749              ,33.540              ,2120.000            ,2120.000            ,2120.000            ,2120.000            ,2120.000            ,2120.000            ,2650.000            ,2650.000            ,2650.000            ,0.805,0.805,0.837,0.837,0.981,0.981,0.857,0.859,15.129,4731.0,14685.0,18.752,368.0,53.33
2026-07-08 02:53:48,55.0,68.000              ,715.996,435.0,1200.0,0.0,55.25,55.250              ,55.25,55.25,55.25,55.25,55.25,55.25,55.25,40.059              ,29.999              ,46.173              ,42.063              ,63.563              ,14.603              ,42.840              ,27.875              ,38.397              ,1980.000            ,1960.000            ,1960.000            ,1960.000            ,2450.000            ,2450.000            ,1960.000            ,1960.000            ,2450.000            ,0.77,0.77,0.907,0.907,0.921,0.921,0.791,0.789,14.856,4732.0,14687.0,18.03,369.0,55.46
2026-07-08 02:53:49,55.0,68.000              ,715.996,200.0,1200.0,0.0,55.25,55.250              ,55.25,55.25,55.25,55.25,55.25,55.25,55.25,32.343              ,24.766              ,48.266              ,18.226              ,68.537              ,7.830               ,38.728              ,11.522              ,31.277              ,2100.000            ,2100.000            ,2100.000            ,2100.000            ,2625.000            ,2625.000            ,2100.000            ,2100.000            ,2625.000            ,0.774,0.774,0.801,0.804,1.173,1.174,0.731,0.731,15.048,4737.0,14694.0,18.125,370.0,55.17
2026-07-08 02:53:50,55.0,69.000              ,720.492,428.0,1067.0,0.0,55.25,55.250              ,55.25,55.25,55.25,55.25,55.25,55.25,55.25,37.617              ,31.396              ,49.757              ,35.452              ,68.134              ,18.149              ,45.391              ,19.261              ,38.145              ,1980.000            ,1980.000            ,2475.000            ,2475.000            ,1980.000            ,1980.000            ,1980.000            ,1980.000            ,2475.000            ,0.796,0.796,0.941,0.941,1.109,1.114,0.787,0.787,15.052,4736.0,14694.0,22.48,371.0,44.48
2026-07-08 02:53:51,55.0,70.000              ,720.496,200.0,1200.0,0.0,55.25,55.250              ,55.25,55.25,55.25,55.25,55.25,55.25,55.25,41.588              ,29.464              ,55.803              ,33.391              ,66.279              ,21.789              ,50.148              ,21.498              ,39.995              ,2040.000            ,2040.000            ,2040.000            ,2040.000            ,2550.000            ,2550.000            ,2040.000            ,2040.000            ,2550.000            ,0.751,0.752,0.922,0.922,1.065,1.06,0.841,0.841,14.954,4733.0,14694.0,25.67,372.0,38.96
2026-07-08 02:53:52,55.0,69.000              ,722.16,413.0,1200.0,0.0,55.25,55.250              ,55.25,55.25,55.25,55.25,55.25,55.25,55.25,43.912              ,26.709              ,54.979              ,30.482              ,64.473              ,17.519              ,50.752              ,14.505              ,37.916              ,2060.000            ,2060.000            ,2060.000            ,2060.000            ,2575.000            ,2575.000            ,2060.000            ,2060.000            ,2575.000            ,0.829,0.83,1.01,1.009,1.085,1.086,0.829,0.831,15.3,4733.0,14697.0,22.383,373.0,44.68
2026-07-08 02:53:53,55.0,68.000              ,722.102,387.0,1200.0,0.0,55.25,55.250              ,55.25,55.25,55.25,55.25,55.25,55.25,55.25,45.559              ,28.319              ,49.723              ,34.330              ,65.615              ,19.429              ,52.657              ,14.272              ,38.738              ,2000.000            ,2000.000            ,2000.000            ,2000.000            ,2500.000            ,2500.000            ,2000.000            ,2000.000            ,2500.000            ,0.822,0.821,0.909,0.907,1.102,1.1,0.834,0.832,14.867,4734.0,14697.0,21.216,374.0,47.13
2026-07-08 02:53:54,55.0,70.000              ,722.105,200.0,1200.0,0.0,55.25,55.250              ,55.25,55.25,55.25,55.25,55.25,55.25,55.25,43.384              ,27.854              ,51.255              ,32.653              ,72.903              ,11.171              ,52.730              ,11.496              ,37.931              ,1960.000            ,1980.000            ,2475.000            ,2475.000            ,2475.000            ,2475.000            ,1980.000            ,1980.000            ,2475.000            ,0.813,0.813,0.955,0.955,1.117,1.117,0.8,0.801,15.121,4735.0,14697.0,19.143,375.0,52.24
2026-07-08 02:53:55,55.0,69.000              ,722.105,400.0,1067.0,0.0,55.25,55.250              ,55.25,55.25,55.25,55.25,55.25,55.25,55.25,41.226              ,30.184              ,50.026              ,32.728              ,66.755              ,12.642              ,53.316              ,10.479              ,37.169              ,2000.000            ,2000.000            ,2500.000            ,2500.000            ,2000.000            ,2000.000            ,2000.000            ,2000.000            ,2500.000            ,0.83,0.828,0.968,0.968,1.1,1.1,0.873,0.872,14.929,4736.0,14697.0,19.702,376.0,50.76
2026-07-08 02:53:56,55.0,69.000              ,718.352,370.0,1067.0,0.0,55.25,55.250              ,55.25,55.25,55.25,55.25,55.25,55.25,55.25,44.019              ,30.820              ,51.063              ,33.122              ,65.190              ,18.105              ,55.201              ,11.227              ,38.593              ,2100.000            ,2100.000            ,2100.000            ,2100.000            ,2600.000            ,2600.000            ,2080.000            ,2080.000            ,2600.000            ,0.877,0.879,0.961,0.963,1.134,1.137,0.864,0.864,15.082,4737.0,14695.0,24.238,377.0,41.26
2026-07-08 02:53:57,55.0,71.000              ,718.355,375.0,1067.0,0.0,55.25,55.250              ,55.25,55.25,55.25,55.25,55.25,55.25,55.25,47.776              ,26.780              ,58.135              ,31.367              ,65.994              ,17.869              ,52.834              ,13.690              ,39.306              ,2060.000            ,2060.000            ,2575.000            ,2575.000            ,2575.000            ,2575.000            ,2060.000            ,2060.000            ,2575.000            ,0.836,0.835,1.004,1.004,1.048,1.045,0.866,0.866,15.105,4738.0,14694.0,29.902,378.0,33.44
2026-07-08 02:53:58,55.0,69.000              ,718.504,393.0,1200.0,0.0,55.25,55.250              ,55.25,55.25,55.25,55.25,55.25,55.25,55.25,44.814              ,29.466              ,54.665              ,32.390              ,62.461              ,18.907              ,54.634              ,15.049              ,39.048              ,2020.000            ,2020.000            ,2525.000            ,2525.000            ,2020.000            ,2020.000            ,2020.000            ,2020.000            ,2525.000            ,0.818,0.818,1.012,1.011,1.005,1.005,0.849,0.849,15.021,4739.0,14695.0,23.646,379.0,42.29
2026-07-08 02:53:59,55.0,69.000              ,718.133,381.0,1200.0,0.0,55.25,55.250              ,55.25,55.25,55.25,55.25,55.25,55.25,55.25,38.741              ,20.930              ,52.567              ,26.235              ,60.762              ,11.456              ,54.996              ,7.537               ,34.153              ,1980.000            ,1980.000            ,2475.000            ,2475.000            ,2475.000            ,2475.000            ,1980.000            ,1980.000            ,2475.000            ,0.806,0.807,0.937,0.936,1.041,1.041,0.856,0.856,14.809,4750.0,14695.0,19.325,380.0,51.75
2026-07-08 02:54:00,55.0,70.000              ,718.297,393.0,1067.0,0.0,55.25,55.250              ,55.25,55.25,55.25,55.25,55.25,55.25,55.25,33.249              ,20.596              ,47.010              ,28.696              ,55.114              ,11.537              ,52.492              ,8.772               ,32.183              ,2140.000            ,2140.000            ,2675.000            ,2675.000            ,2140.000            ,2140.000            ,2140.000            ,2140.000            ,2675.000            ,0.825,0.825,1.051,1.051,1.008,1.01,0.937,0.937,14.993,4750.0,14697.0,18.017,381.0,55.5
2026-07-08 02:54:01,55.0,70.000              ,718.172,344.0,1200.0,0.0,55.25,55.250              ,55.25,55.25,55.25,55.25,55.25,55.25,55.25,34.392              ,24.300              ,41.386              ,27.866              ,55.967              ,8.846               ,51.785              ,8.872               ,31.677              ,2120.000            ,2120.000            ,2650.000            ,2650.000            ,2120.000            ,2120.000            ,2120.000            ,2120.000            ,2650.000            ,0.84,0.838,0.976,0.976,1.031,1.03,0.974,0.976,15.203,4750.0,14694.0,20.246,382.0,49.39
2026-07-08 02:54:02,55.0,69.000              ,717.41,400.0,1067.0,0.0,55.25,55.250              ,55.25,55.25,55.25,55.25,55.25,55.25,55.25,35.854              ,24.552              ,30.786              ,40.833              ,50.303              ,13.006              ,47.973              ,9.157               ,31.558              ,2160.000            ,2160.000            ,2700.000            ,2725.000            ,2200.000            ,2200.000            ,2200.000            ,2200.000            ,2725.000            ,0.874,0.874,1.076,1.078,1.029,1.029,0.892,0.89,15.051,4750.0,14694.0,21.361,383.0,46.81
2026-07-08 02:54:03,55.0,69.000              ,717.422,358.0,1067.0,0.0,55.25,55.250              ,55.25,55.25,55.25,55.25,55.25,55.25,55.25,35.539              ,22.383              ,39.474              ,28.490              ,55.466              ,14.348              ,45.142              ,9.278               ,31.265              ,2140.000            ,2140.000            ,2675.000            ,2675.000            ,2140.000            ,2140.000            ,2675.000            ,2675.000            ,2675.000            ,0.799,0.799,0.941,0.941,1.063,1.075,0.808,0.809,14.99,4753.0,14693.0,19.349,384.0,51.68
2026-07-08 02:54:04,55.0,70.000              ,717.441,375.0,1200.0,0.0,55.25,55.250              ,55.25,55.25,55.25,55.25,55.25,55.25,55.25,34.127              ,18.430              ,36.609              ,25.597              ,61.255              ,11.711              ,42.211              ,7.089               ,29.629              ,2240.000            ,2240.000            ,2240.000            ,2240.000            ,2800.000            ,2800.000            ,2240.000            ,2240.000            ,2800.000            ,0.871,0.871,0.886,0.885,1.333,1.32,0.855,0.854,14.842,4754.0,14693.0,17.553,385.0,56.97
2026-07-08 02:54:05,55.0,68.000              ,719.379,358.0,1200.0,0.0,55.25,55.250              ,55.25,55.25,55.25,55.25,55.25,55.25,55.25,32.801              ,23.115              ,40.047              ,23.509              ,62.820              ,11.150              ,43.043              ,11.733              ,31.027              ,2240.000            ,2240.000            ,2220.000            ,2220.000            ,2775.000            ,2775.000            ,2220.000            ,2220.000            ,2775.000            ,0.864,0.864,0.862,0.86,1.292,1.292,0.903,0.903,15.284,4758.0,14705.0,26.252,386.0,38.09
2026-07-08 02:54:06,55.0,69.000              ,725.418,428.0,1067.0,0.0,55.25,55.250              ,55.25,55.25,55.25,55.25,55.25,55.25,55.25,30.570              ,24.517              ,37.883              ,23.845              ,57.456              ,11.895              ,51.488              ,9.731               ,30.923              ,2180.000            ,2180.000            ,2180.000            ,2180.000            ,2180.000            ,2180.000            ,2700.000            ,2700.000            ,2700.000            ,0.774,0.774,0.815,0.815,1.125,1.141,0.986,0.986,15.002,4759.0,14705.0,17.76,387.0,56.31
2026-07-08 02:54:07,55.0,70.000              ,725.418,200.0,1200.0,0.0,55.25,55.250              ,55.25,55.25,55.25,55.25,55.25,55.25,55.25,32.635              ,24.022              ,38.365              ,24.561              ,60.869              ,12.364              ,39.443              ,9.020               ,30.160              ,2120.000            ,2120.000            ,2120.000            ,2120.000            ,2650.000            ,2700.000            ,2160.000            ,2160.000            ,2700.000            ,0.843,0.843,0.853,0.853,1.224,1.21,0.771,0.771,15.018,4763.0,14705.0,17.932,388.0,55.77
2026-07-08 02:54:08,55.0,68.000              ,725.41,358.0,1200.0,0.0,55.25,55.250              ,55.25,55.25,55.25,55.25,55.25,55.25,55.25,47.224              ,19.812              ,55.197              ,23.202              ,66.385              ,8.877               ,45.545              ,7.310               ,34.194              ,2060.000            ,2060.000            ,2060.000            ,2060.000            ,2575.000            ,2575.000            ,2060.000            ,2060.000            ,2575.000            ,0.981,0.981,1.004,1.004,1.153,1.151,0.78,0.78,14.874,4764.0,14705.0,21.426,389.0,46.67
2026-07-08 02:54:09,55.0,69.000              ,726.406,350.0,1200.0,0.0,55.25,55.250              ,55.25,55.25,55.25,55.25,55.25,55.25,55.25,40.432              ,16.745              ,57.087              ,19.462              ,60.465              ,5.495               ,40.829              ,5.868               ,30.798              ,2220.000            ,2220.000            ,2775.000            ,2775.000            ,2220.000            ,2220.000            ,2220.000            ,2220.000            ,2775.000            ,0.954,0.954,1.097,1.097,1.113,1.113,0.809,0.809,15.171,4763.0,14705.0,17.206,390.0,58.12
2026-07-08 02:54:10,55.0,70.000              ,726.418,375.0,1067.0,0.0,55.25,55.250              ,55.25,55.25,55.25,55.25,55.25,55.25,55.25,35.538              ,15.638              ,46.903              ,21.040              ,61.006              ,6.390               ,44.055              ,7.119               ,29.711              ,2160.000            ,2160.000            ,2160.000            ,2160.000            ,2700.000            ,2700.000            ,2160.000            ,2160.000            ,2700.000            ,0.875,0.877,0.98,0.98,1.179,1.179,0.857,0.857,14.939,4764.0,14706.0,17.393,391.0,57.49
2026-07-08 02:54:11,55.0,69.000              ,726.414,200.0,1067.0,0.0,55.25,55.250              ,55.25,55.25,55.25,55.25,55.25,55.25,55.25,37.455              ,20.161              ,42.183              ,23.948              ,55.628              ,6.418               ,40.849              ,7.535               ,29.272              ,2280.000            ,2280.000            ,2850.000            ,2850.000            ,2280.000            ,2280.000            ,2280.000            ,2280.000            ,2850.000            ,0.943,0.94,1.058,1.06,1.059,1.059,0.879,0.879,15.104,4764.0,14707.0,17.349,392.0,57.64
2026-07-08 02:54:12,55.0,67.000              ,728.281,344.0,1200.0,0.0,55.25,55.250              ,55.25,55.25,55.25,55.25,55.25,55.25,55.25,38.812              ,24.930              ,42.753              ,23.726              ,53.277              ,11.346              ,51.874              ,7.384               ,31.763              ,2180.000            ,2180.000            ,2725.000            ,2725.000            ,2180.000            ,2180.000            ,2180.000            ,2200.000            ,2725.000            ,0.973,0.973,1.003,1.002,1.093,1.093,0.953,0.955,14.919,4768.0,14709.0,22.822,393.0,43.82
2026-07-08 02:54:13,55.0,68.000              ,728.285,200.0,1067.0,0.0,55.25,55.250              ,55.25,55.25,55.25,55.25,55.25,55.25,55.25,37.342              ,23.801              ,42.480              ,26.612              ,48.300              ,12.157              ,55.610              ,11.481              ,32.223              ,2200.000            ,2200.000            ,2200.000            ,2200.000            ,2200.000            ,2200.000            ,2750.000            ,2750.000            ,2750.000            ,0.877,0.877,1.012,1.015,0.963,0.963,1.084,1.082,15.061,4768.0,14709.0,19.38,394.0,51.6
2026-07-08 02:54:14,55.0,69.000              ,728.344,387.0,1067.0,0.0,55.25,55.250              ,55.25,55.25,55.25,55.25,55.25,55.25,55.25,33.943              ,21.510              ,38.974              ,22.587              ,58.039              ,11.502              ,42.006              ,8.690               ,29.656              ,2200.000            ,2200.000            ,2750.000            ,2750.000            ,2200.000            ,2200.000            ,2750.000            ,2750.000            ,2750.000            ,0.872,0.876,0.941,0.937,1.172,1.172,0.884,0.884,15.062,4768.0,14710.0,18.0,395.0,55.56
2026-07-08 02:54:15,55.0,70.000              ,730.75,200.0,1200.0,0.0,55.25,55.250              ,55.25,55.25,55.25,55.25,55.25,55.25,55.25,29.466              ,25.580              ,41.950              ,18.833              ,73.227              ,8.032               ,49.285              ,7.761               ,31.767              ,2280.000            ,2280.000            ,2280.000            ,2280.000            ,2825.000            ,2825.000            ,2260.000            ,2260.000            ,2825.000            ,0.864,0.859,0.874,0.867,1.355,1.355,0.883,0.883,15.122,4770.0,14715.0,23.667,396.0,42.25
2026-07-08 02:54:16,55.0,71.000              ,734.516,364.0,1067.0,0.0,55.25,55.250              ,55.25,55.25,55.25,55.25,55.25,55.25,55.25,39.820              ,25.409              ,46.352              ,21.771              ,65.458              ,10.375              ,61.365              ,10.321              ,35.109              ,2080.000            ,2080.000            ,2060.000            ,2060.000            ,2575.000            ,2575.000            ,2060.000            ,2060.000            ,2575.000            ,0.894,0.894,0.854,0.862,1.138,1.138,1.022,1.022,15.133,4773.0,14721.0,19.968,397.0,50.08
2026-07-08 02:54:17,55.0,70.000              ,734.516,338.0,1200.0,0.0,55.25,55.250              ,55.25,55.25,55.25,55.25,55.25,55.25,55.25,35.943              ,21.847              ,44.881              ,25.820              ,68.784              ,11.306              ,60.903              ,8.812               ,34.787              ,2160.000            ,2140.000            ,2140.000            ,2140.000            ,2140.000            ,2140.000            ,2675.000            ,2675.000            ,2675.000            ,0.796,0.796,0.866,0.863,1.195,1.195,0.978,0.978,14.969,4775.0,14720.0,26.196,398.0,38.17
2026-07-08 02:54:18,55.0,70.000              ,734.516,200.0,1200.0,0.0,55.25,55.250              ,55.25,55.25,55.25,55.25,55.25,55.25,55.25,36.003              ,22.764              ,37.297              ,29.676              ,68.008              ,9.964               ,61.750              ,6.139               ,33.950              ,2120.000            ,2120.000            ,2120.000            ,2120.000            ,2650.000            ,2675.000            ,2140.000            ,2140.000            ,2675.000            ,0.832,0.833,0.866,0.866,1.225,1.225,0.968,0.953,14.954,4775.0,14721.0,19.095,399.0,52.37
2026-07-08 02:54:19,55.0,69.000              ,734.512,200.0,1200.0,0.0,55.25,55.250              ,55.25,55.25,55.25,55.25,55.25,55.25,55.25,34.280              ,30.614              ,39.243              ,26.398              ,60.086              ,14.743              ,39.575              ,12.200              ,32.143              ,2120.000            ,2120.000            ,2120.000            ,2120.000            ,2650.000            ,2650.000            ,2120.000            ,2120.000            ,2650.000            ,0.859,0.86,0.852,0.852,1.178,1.178,0.764,0.776,15.146,4778.0,14721.0,29.042,400.0,34.43
2026-07-08 02:54:20,55.0,68.000              ,734.512,469.0,1067.0,0.0,55.125,55.125              ,55.125,55.125,55.125,55.125,55.125,55.125,55.125,32.129              ,31.459              ,36.589              ,33.684              ,54.735              ,15.053              ,41.581              ,10.941              ,32.021              ,2140.000            ,2140.000            ,2140.000            ,2140.000            ,2650.000            ,2650.000            ,2140.000            ,2140.000            ,2650.000            ,0.826,0.825,0.931,0.933,1.09,1.09,0.749,0.758,14.985,4777.0,14717.0,17.303,401.0,57.79
2026-07-08 02:54:21,55.0,69.000              ,733.516,200.0,1200.0,0.0,55.125,55.125              ,55.125,55.125,55.125,55.125,55.125,55.125,55.125,33.504              ,26.485              ,34.550              ,42.517              ,48.789              ,11.835              ,43.999              ,10.227              ,31.488              ,2160.000            ,2160.000            ,2700.000            ,2700.000            ,2160.000            ,2160.000            ,2160.000            ,2160.000            ,2700.000            ,0.828,0.828,1.119,1.117,0.898,0.898,0.81,0.802,15.112,4777.0,14717.0,17.723,402.0,56.42
2026-07-08 02:54:22,55.0,69.000              ,733.512,450.0,1067.0,0.0,55.0,55.000              ,55.0,55.0,55.0,55.0,55.0,55.0,55.0,37.355              ,22.798              ,36.682              ,28.692              ,56.884              ,9.564               ,46.639              ,8.740               ,30.919              ,2120.000            ,2140.000            ,2675.000            ,2675.000            ,2140.000            ,2140.000            ,2140.000            ,2140.000            ,2675.000            ,0.798,0.8,0.88,0.88,1.044,1.044,0.814,0.813,15.043,4777.0,14717.0,17.529,403.0,57.05
2026-07-08 02:54:23,55.0,69.000              ,732.016,442.0,1200.0,0.0,55.0,55.000              ,55.0,55.0,55.0,55.0,55.0,55.0,55.0,37.942              ,26.561              ,33.607              ,29.567              ,57.947              ,8.857               ,42.747              ,9.248               ,30.809              ,2100.000            ,2120.000            ,2120.000            ,2120.000            ,2650.000            ,2650.000            ,2120.000            ,2120.000            ,2650.000            ,0.906,0.904,0.891,0.893,1.034,1.034,0.78,0.78,14.803,4777.0,14715.0,17.655,404.0,56.64
2026-07-08 02:54:24,55.0,69.000              ,732.016,200.0,1200.0,0.0,55.0,55.000              ,55.0,55.0,55.0,55.0,55.0,55.0,55.0,31.693              ,24.723              ,26.309              ,48.683              ,55.476              ,10.486              ,41.593              ,9.347               ,31.039              ,2140.000            ,2140.000            ,2140.000            ,2140.000            ,2675.000            ,2675.000            ,2140.000            ,2140.000            ,2675.000            ,0.792,0.792,1.136,1.134,0.973,0.973,0.766,0.766,15.277,4776.0,14713.0,18.086,405.0,55.29
2026-07-08 02:54:25,55.0,68.000              ,725.988,200.0,1067.0,0.0,55.0,55.000              ,55.0,55.0,55.0,55.0,55.0,55.0,55.0,36.686              ,28.176              ,38.999              ,23.124              ,58.942              ,10.370              ,41.135              ,10.746              ,31.022              ,2120.000            ,2120.000            ,2650.000            ,2650.000            ,2120.000            ,2120.000            ,2120.000            ,2120.000            ,2650.000            ,0.892,0.892,0.83,0.83,1.081,1.081,0.804,0.804,15.005,4774.0,14707.0,17.587,406.0,56.86
2026-07-08 02:54:26,55.0,69.000              ,725.996,457.0,1200.0,0.0,55.0,55.000              ,55.0,55.0,55.0,55.0,55.0,55.0,55.0,37.482              ,22.424              ,48.076              ,17.566              ,64.330              ,10.150              ,41.352              ,9.814               ,31.399              ,2160.000            ,2160.000            ,2160.000            ,2160.000            ,2700.000            ,2700.000            ,2160.000            ,2160.000            ,2700.000            ,0.874,0.874,0.882,0.882,1.184,1.184,0.818,0.818,14.879,4776.0,14705.0,17.945,407.0,55.73
2026-07-08 02:54:27,55.0,70.000              ,725.992,435.0,1200.0,0.0,55.0,55.000              ,55.0,55.0,55.0,55.0,55.0,55.0,55.0,34.890              ,26.658              ,44.232              ,18.324              ,60.045              ,13.106              ,42.255              ,11.631              ,31.393              ,2120.000            ,2120.000            ,2120.000            ,2120.000            ,2650.000            ,2650.000            ,2120.000            ,2120.000            ,2650.000            ,0.874,0.874,0.834,0.837,1.187,1.187,0.844,0.844,15.25,4776.0,14704.0,17.696,408.0,56.51
2026-07-08 02:54:28,55.0,70.000              ,725.871,375.0,1200.0,0.0,55.0,55.000              ,55.0,55.0,55.0,55.0,55.0,55.0,55.0,29.275              ,25.849              ,40.831              ,22.196              ,60.076              ,8.702               ,40.175              ,7.286               ,29.299              ,2080.000            ,2080.000            ,2600.000            ,2600.000            ,2080.000            ,2080.000            ,2080.000            ,2080.000            ,2600.000            ,0.801,0.801,0.856,0.853,1.154,1.154,0.796,0.798,14.728,4776.0,14698.0,17.807,409.0,56.16
2026-07-08 02:54:29,55.0,69.000              ,725.867,387.0,1200.0,0.0,55.0,55.000              ,55.0,55.0,55.0,55.0,55.0,55.0,55.0,37.337              ,21.821              ,38.967              ,27.500              ,60.418              ,10.680              ,45.169              ,10.695              ,31.573              ,2220.000            ,2220.000            ,2220.000            ,2220.000            ,2775.000            ,2775.000            ,2220.000            ,2220.000            ,2775.000            ,0.862,0.864,0.901,0.901,1.211,1.214,0.864,0.862,15.118,4777.0,14699.0,17.811,410.0,56.15
2026-07-08 02:54:30,55.0,70.000              ,725.871,375.0,1200.0,0.0,55.0,55.000              ,55.0,55.0,55.0,55.0,55.0,55.0,55.0,32.084              ,24.014              ,35.606              ,24.509              ,59.702              ,11.460              ,36.666              ,9.002               ,29.131              ,2160.000            ,2160.000            ,2160.000            ,2160.000            ,2700.000            ,2700.000            ,2160.000            ,2160.000            ,2700.000            ,0.838,0.835,0.807,0.807,1.251,1.25,0.77,0.77,14.939,4779.0,14698.0,17.78,411.0,56.24
2026-07-08 02:54:31,55.0,69.000              ,725.871,375.0,1200.0,0.0,55.0,55.000              ,55.0,55.0,55.0,55.0,55.0,55.0,55.0,29.991              ,19.992              ,34.848              ,23.325              ,53.442              ,13.077              ,41.801              ,8.862               ,28.167              ,2240.000            ,2240.000            ,2240.000            ,2240.000            ,2800.000            ,2800.000            ,2240.000            ,2240.000            ,2800.000            ,0.807,0.807,0.86,0.86,1.211,1.209,0.846,0.846,14.96,4779.0,14687.0,17.704,412.0,56.48
2026-07-08 02:54:32,55.0,68.000              ,725.867,358.0,1067.0,0.0,55.0,55.000              ,55.0,55.0,55.0,55.0,55.0,55.0,55.0,35.885              ,21.131              ,33.486              ,22.941              ,47.600              ,16.147              ,43.436              ,5.659               ,28.285              ,2240.000            ,2240.000            ,2800.000            ,2800.000            ,2800.000            ,2800.000            ,2240.000            ,2240.000            ,2800.000            ,0.918,0.918,0.884,0.884,1.215,1.215,0.89,0.89,15.07,4778.0,14685.0,19.423,413.0,51.49
2026-07-08 02:54:33,55.0,69.000              ,722.859,200.0,1200.0,0.0,55.0,55.000              ,55.0,55.0,55.0,55.0,55.0,55.0,55.0,32.169              ,21.753              ,42.453              ,22.449              ,56.965              ,12.978              ,45.131              ,7.022               ,30.115              ,2220.000            ,2220.000            ,2775.000            ,2775.000            ,2800.000            ,2800.000            ,2240.000            ,2240.000            ,2800.000            ,0.821,0.823,0.881,0.881,1.229,1.229,0.848,0.848,15.262,4779.0,14685.0,18.112,414.0,55.21
2026-07-08 02:54:34,55.0,69.000              ,722.855,393.0,1067.0,0.0,55.0,55.000              ,55.0,55.0,55.0,55.0,55.0,55.0,55.0,34.539              ,19.011              ,39.530              ,23.075              ,57.783              ,7.076               ,37.382              ,5.623               ,28.002              ,2160.000            ,2160.000            ,2700.000            ,2700.000            ,2700.000            ,2700.000            ,2160.000            ,2160.000            ,2700.000            ,0.835,0.833,0.884,0.898,1.184,1.185,0.758,0.758,14.941,4780.0,14687.0,18.112,415.0,55.21
2026-07-08 02:54:35,55.0,69.000              ,728.883,406.0,1200.0,0.0,55.0,55.000              ,55.0,55.0,55.0,55.0,55.0,55.0,55.0,33.916              ,23.992              ,37.502              ,26.920              ,57.639              ,10.752              ,53.156              ,9.861               ,31.717              ,2080.000            ,2080.000            ,2650.000            ,2650.000            ,2120.000            ,2120.000            ,2100.000            ,2100.000            ,2650.000            ,0.754,0.754,0.788,0.774,0.991,0.989,0.882,0.882,15.259,4783.0,14699.0,17.852,416.0,56.02
2026-07-08 02:54:36,55.0,69.000              ,730.004,442.0,1067.0,0.0,55.0,55.000              ,55.0,55.0,55.0,55.0,55.0,55.0,55.0,35.984              ,24.167              ,38.903              ,26.545              ,55.191              ,10.695              ,47.993              ,8.885               ,31.045              ,2080.000            ,2080.000            ,2080.000            ,2080.000            ,2600.000            ,2600.000            ,2080.000            ,2080.000            ,2600.000            ,0.811,0.811,0.848,0.848,1.013,1.013,0.852,0.852,14.808,4783.0,14699.0,18.014,417.0,55.51
2026-07-08 02:54:37,55.0,69.000              ,730.008,406.0,1067.0,0.0,55.0,55.000              ,55.0,55.0,55.0,55.0,55.0,55.0,55.0,32.268              ,25.871              ,35.107              ,18.507              ,56.089              ,5.780               ,40.076              ,6.413               ,27.514              ,2180.000            ,2180.000            ,2180.000            ,2180.000            ,2725.000            ,2725.000            ,2180.000            ,2180.000            ,2725.000            ,0.889,0.889,0.786,0.786,1.172,1.172,0.811,0.811,15.043,4783.0,14699.0,17.344,418.0,57.66
2026-07-08 02:54:38,55.0,69.000              ,730.004,344.0,1200.0,0.0,55.0,55.000              ,55.0,55.0,55.0,55.0,55.0,55.0,55.0,36.022              ,23.963              ,39.079              ,18.973              ,57.030              ,8.664               ,39.197              ,7.354               ,28.785              ,2140.000            ,2675.000            ,2675.000            ,2180.000            ,2725.000            ,2725.000            ,2180.000            ,2180.000            ,2725.000            ,0.95,0.95,0.825,0.825,1.23,1.23,0.805,0.805,15.013,4783.0,14699.0,18.296,419.0,54.66
2026-07-08 02:54:39,55.0,68.000              ,730.004,344.0,1200.0,0.0,55.0,55.000              ,55.0,55.0,55.0,55.0,55.0,55.0,55.0,40.979              ,22.444              ,45.576              ,18.845              ,61.183              ,7.853               ,33.339              ,9.772               ,29.999              ,2750.000            ,2750.000            ,2200.000            ,2200.000            ,2750.000            ,2750.000            ,2200.000            ,2200.000            ,2750.000            ,1.017,1.02,0.874,0.874,1.215,1.215,0.753,0.753,15.175,4783.0,14699.0,17.672,420.0,56.59
2026-07-08 02:54:40,55.0,67.000              ,730.0,393.0,1200.0,0.0,55.0,55.000              ,55.0,55.0,55.0,55.0,55.0,55.0,55.0,38.229              ,24.596              ,47.532              ,20.934              ,58.267              ,12.062              ,38.260              ,8.352               ,31.029              ,2140.000            ,2140.000            ,2675.000            ,2675.000            ,2140.000            ,2140.000            ,2140.000            ,2140.000            ,2675.000            ,0.943,0.942,0.907,0.907,1.182,1.182,0.746,0.746,15.069,4782.0,14701.0,17.803,421.0,56.17
2026-07-08 02:54:41,55.0,68.000              ,730.004,435.0,1067.0,0.0,55.0,55.000              ,55.0,55.0,55.0,55.0,55.0,55.0,55.0,36.155              ,31.775              ,42.028              ,22.440              ,55.531              ,14.683              ,42.255              ,9.891               ,31.845              ,2120.000            ,2120.000            ,2650.000            ,2650.000            ,2650.000            ,2650.000            ,2120.000            ,2120.000            ,2650.000            ,0.91,0.908,0.848,0.848,1.112,1.112,0.782,0.782,14.937,4782.0,14701.0,17.189,422.0,58.18
2026-07-08 02:54:42,55.0,69.000              ,729.938,200.0,1200.0,0.0,55.0,55.000              ,55.0,55.0,55.0,55.0,55.0,55.0,55.0,39.918              ,24.148              ,41.985              ,33.297              ,47.140              ,16.594              ,35.212              ,10.626              ,31.115              ,2060.000            ,2060.000            ,2060.000            ,2060.000            ,2575.000            ,2625.000            ,2100.000            ,2100.000            ,2625.000            ,0.909,0.895,1.067,1.069,0.952,0.952,0.703,0.703,14.967,4782.0,14702.0,17.313,423.0,57.76
2026-07-08 02:54:43,55.0,68.000              ,729.941,364.0,1200.0,0.0,55.0,55.000              ,55.0,55.0,55.0,55.0,55.0,55.0,55.0,37.388              ,25.381              ,43.017              ,30.879              ,55.643              ,11.908              ,42.621              ,10.908              ,32.218              ,2100.000            ,2100.000            ,2625.000            ,2625.000            ,2100.000            ,2100.000            ,2100.000            ,2100.000            ,2625.000            ,0.874,0.887,1.07,1.068,1.065,1.065,0.794,0.795,15.05,4782.0,14702.0,18.133,424.0,55.15
2026-07-08 02:54:44,55.0,68.000              ,729.938,344.0,1067.0,0.0,55.0,55.000              ,55.0,55.0,55.0,55.0,55.0,55.0,55.0,39.549              ,26.397              ,33.607              ,31.717              ,53.423              ,18.465              ,39.279              ,14.505              ,32.118              ,2160.000            ,2160.000            ,2700.000            ,2700.000            ,2160.000            ,2160.000            ,2160.000            ,2160.000            ,2700.000            ,0.887,0.889,0.916,0.916,1.169,1.169,0.825,0.825,14.909,4782.0,14702.0,18.071,425.0,55.34
2026-07-08 02:54:45,55.0,69.000              ,730.316,352.0,1200.0,0.0,55.0,55.000              ,55.0,55.0,55.0,55.0,55.0,55.0,55.0,38.669              ,27.442              ,31.617              ,31.021              ,46.713              ,17.982              ,44.748              ,11.230              ,31.178              ,2200.000            ,2200.000            ,2825.000            ,2825.000            ,2260.000            ,2260.000            ,2260.000            ,2260.000            ,2825.000            ,0.951,0.949,0.935,0.935,1.099,1.099,0.957,0.958,14.987,4782.0,14702.0,17.822,426.0,56.11
2026-07-08 02:54:46,55.0,68.000              ,730.324,375.0,1200.0,0.0,55.0,55.000              ,55.0,55.0,55.0,55.0,55.0,55.0,55.0,38.506              ,20.266              ,44.387              ,28.445              ,58.059              ,9.706               ,57.304              ,10.119              ,33.349              ,2200.000            ,2200.000            ,2750.000            ,2750.000            ,2180.000            ,2180.000            ,2160.000            ,2160.000            ,2750.000            ,0.855,0.855,0.947,0.947,1.076,1.076,1.03,1.037,15.225,4781.0,14701.0,23.129,427.0,43.24
2026-07-08 02:54:47,55.0,69.000              ,724.297,352.0,1200.0,0.0,55.0,55.000              ,55.0,55.0,55.0,55.0,55.0,55.0,55.0,44.372              ,19.353              ,52.460              ,26.664              ,52.868              ,14.175              ,53.228              ,11.842              ,34.370              ,2140.000            ,2140.000            ,2140.000            ,2140.000            ,2140.000            ,2140.000            ,2675.000            ,2675.000            ,2675.000            ,0.874,0.874,1.022,1.03,1.028,1.028,0.983,0.974,15.074,4779.0,14696.0,23.524,428.0,42.51
2026-07-08 02:54:48,55.0,70.000              ,730.313,344.0,1200.0,0.0,55.0,55.000              ,55.0,55.0,55.0,55.0,55.0,55.0,55.0,41.827              ,25.848              ,44.079              ,27.557              ,53.803              ,16.540              ,55.874              ,12.069              ,34.700              ,2700.000            ,2700.000            ,2700.000            ,2700.000            ,2160.000            ,2160.000            ,2140.000            ,2140.000            ,2700.000            ,0.895,0.895,0.919,0.912,1.023,1.023,0.975,0.975,14.96,4781.0,14701.0,22.911,429.0,43.65
2026-07-08 02:54:49,55.0,69.000              ,730.316,200.0,1200.0,0.0,55.0,55.000              ,55.0,55.0,55.0,55.0,55.0,55.0,55.0,41.716              ,21.290              ,46.822              ,25.811              ,51.158              ,13.497              ,62.222              ,9.709               ,34.028              ,2120.000            ,2120.000            ,2650.000            ,2650.000            ,2120.000            ,2120.000            ,2675.000            ,2675.000            ,2675.000            ,0.846,0.846,0.901,0.899,0.967,0.967,1.159,1.159,15.104,4784.0,14701.0,18.125,430.0,55.17
2026-07-08 02:54:50,55.0,68.000              ,730.32,400.0,1200.0,0.0,55.0,55.000              ,55.0,55.0,55.0,55.0,55.0,55.0,55.0,38.557              ,22.005              ,46.266              ,26.729              ,55.527              ,16.313              ,61.514              ,11.149              ,34.758              ,2140.000            ,2140.000            ,2140.000            ,2140.000            ,2675.000            ,2675.000            ,2675.000            ,2675.000            ,2675.000            ,0.802,0.802,0.865,0.865,1.02,1.029,1.132,1.132,15.122,4784.0,14700.0,18.889,431.0,52.94
2026-07-08 02:54:51,55.0,69.000              ,735.711,500.0,1067.0,0.0,55.0,55.000              ,55.0,55.0,55.0,55.0,55.0,55.0,55.0,41.747              ,25.785              ,36.641              ,26.668              ,57.352              ,18.846              ,49.658              ,9.037               ,33.217              ,2100.000            ,2100.000            ,2100.000            ,2100.000            ,2625.000            ,2625.000            ,2100.000            ,2100.000            ,2625.000            ,0.882,0.882,0.82,0.82,1.095,1.086,0.827,0.827,14.767,4787.0,14708.0,34.576,432.0,28.92
2026-07-08 02:54:52,55.0,70.000              ,736.785,572.0,1200.0,0.0,55.0,55.000              ,55.0,55.0,55.0,55.0,55.0,55.0,55.0,41.488              ,25.611              ,44.583              ,32.862              ,59.309              ,13.320              ,50.189              ,13.804              ,35.146              ,2140.000            ,2140.000            ,2160.000            ,2160.000            ,2725.000            ,2725.000            ,2180.000            ,2180.000            ,2725.000            ,0.816,0.816,0.909,0.909,1.019,1.019,0.88,0.88,15.354,4788.0,14709.0,17.755,433.0,56.32
2026-07-08 02:54:53,55.0,70.000              ,777.297,400.0,1200.0,0.0,55.125,55.125              ,55.125,55.125,55.125,55.125,55.125,55.125,55.125,60.169              ,41.751              ,56.567              ,55.253              ,72.682              ,36.565              ,55.245              ,36.200              ,51.804              ,1960.000            ,1960.000            ,2450.000            ,2450.000            ,1960.000            ,1960.000            ,1960.000            ,1960.000            ,2450.000            ,0.887,0.887,0.97,0.971,0.996,0.998,0.823,0.823,15.187,4828.0,14778.0,53.24,434.0,18.78
2026-07-08 02:54:54,55.0,69.000              ,776.297,420.0,1200.0,0.0,55.125,55.125              ,55.125,55.125,55.125,55.125,55.125,55.125,55.125,63.986              ,39.866              ,55.429              ,65.399              ,69.946              ,49.115              ,64.268              ,45.617              ,56.703              ,1783.333            ,1783.333            ,1783.333            ,1783.333            ,1800.000            ,1800.000            ,2160.000            ,2160.000            ,2160.000            ,0.823,0.811,0.934,0.935,0.948,0.948,0.967,0.967,15.05,4846.0,14792.0,20.076,435.0,49.81
2026-07-08 02:54:55,55.0,69.000              ,777.297,406.0,1067.0,0.0,55.25,55.250              ,55.25,55.25,55.25,55.25,55.25,55.25,55.25,44.990              ,32.436              ,54.664              ,49.689              ,66.549              ,22.989              ,52.211              ,19.565              ,42.886              ,1716.667            ,1716.667            ,2060.000            ,2060.000            ,1716.667            ,1716.667            ,1716.667            ,1716.667            ,2060.000            ,0.74,0.751,1.042,1.04,0.905,0.903,0.73,0.73,14.541,4845.0,14791.0,19.423,436.0,51.49
2026-07-08 02:54:56,55.0,71.000              ,777.297,406.0,1067.0,0.0,55.25,55.250              ,55.25,55.25,55.25,55.25,55.25,55.25,55.25,35.263              ,25.544              ,45.795              ,26.216              ,61.224              ,11.967              ,49.596              ,10.788              ,33.299              ,2100.000            ,2100.000            ,2625.000            ,2625.000            ,2100.000            ,2100.000            ,2100.000            ,2100.000            ,2625.000            ,0.82,0.82,0.883,0.883,1.121,1.121,0.829,0.831,15.116,4842.0,14788.0,17.557,437.0,56.96
2026-07-08 02:54:57,55.0,70.000              ,777.672,400.0,1200.0,0.0,55.25,55.250              ,55.25,55.25,55.25,55.25,55.25,55.25,55.25,28.419              ,18.236              ,39.046              ,23.937              ,62.072              ,9.534               ,37.217              ,8.831               ,28.412              ,2140.000            ,2140.000            ,2675.000            ,2675.000            ,2700.000            ,2700.000            ,2700.000            ,2700.000            ,2700.000            ,0.791,0.791,0.897,0.897,1.24,1.24,0.772,0.77,14.846,4839.0,14788.0,17.983,438.0,55.61
2026-07-08 02:54:58,55.0,69.000              ,786.629,413.0,1067.0,0.0,55.25,55.250              ,55.25,55.25,55.25,55.25,55.25,55.25,55.25,35.418              ,21.173              ,37.320              ,29.395              ,57.592              ,11.232              ,37.476              ,6.432               ,29.505              ,2260.000            ,2260.000            ,2260.000            ,2260.000            ,2900.000            ,2900.000            ,2320.000            ,2320.000            ,2900.000            ,0.881,0.883,0.96,0.96,1.211,1.211,0.754,0.754,15.136,4836.0,14802.0,17.97,439.0,55.65
2026-07-08 02:54:59,55.0,69.000              ,786.68,492.0,1067.0,0.0,55.25,55.250              ,55.25,55.25,55.25,55.25,55.25,55.25,55.25,30.742              ,17.332              ,38.153              ,25.585              ,55.723              ,7.578               ,40.321              ,7.625               ,27.882              ,2220.000            ,2220.000            ,2775.000            ,2775.000            ,2775.000            ,2775.000            ,2220.000            ,2220.000            ,2775.000            ,0.794,0.792,0.937,0.937,1.094,1.094,0.762,0.762,14.822,4836.0,14803.0,17.488,440.0,57.18
2026-07-08 02:55:00,55.0,70.000              ,801.844,200.0,1067.0,0.0,55.25,55.250              ,55.25,55.25,55.25,55.25,55.25,55.25,55.25,34.975              ,21.765              ,41.104              ,27.240              ,57.200              ,10.091              ,39.751              ,10.040              ,30.271              ,2220.000            ,2220.000            ,2220.000            ,2240.000            ,2825.000            ,2825.000            ,2260.000            ,2260.000            ,2825.000            ,0.843,0.843,0.977,0.964,1.057,1.057,0.765,0.765,15.195,4855.0,14829.0,19.394,441.0,51.56
2026-07-08 02:55:01,55.0,69.000              ,792.961,442.0,1067.0,0.0,55.25,55.250              ,55.25,55.25,55.25,55.25,55.25,55.25,55.25,30.625              ,22.367              ,36.002              ,29.223              ,51.578              ,13.693              ,38.186              ,9.696               ,28.921              ,2120.000            ,2120.000            ,2120.000            ,2120.000            ,2650.000            ,2650.000            ,2120.000            ,2120.000            ,2650.000            ,0.772,0.772,0.927,0.942,1.033,1.033,0.753,0.753,15.049,4853.0,14823.0,18.836,442.0,53.09
2026-07-08 02:55:02,55.0,69.000              ,792.141,469.0,1067.0,0.0,55.25,55.250              ,55.25,55.25,55.25,55.25,55.25,55.25,55.25,35.152              ,19.421              ,38.621              ,24.968              ,53.335              ,11.207              ,39.591              ,10.136              ,29.054              ,2260.000            ,2260.000            ,2260.000            ,2260.000            ,2825.000            ,2825.000            ,2260.000            ,2260.000            ,2825.000            ,0.88,0.88,0.959,0.956,1.122,1.122,0.831,0.831,15.003,4852.0,14821.0,17.805,443.0,56.16
2026-07-08 02:55:03,55.0,70.000              ,760.086,370.0,1067.0,0.0,55.25,55.250              ,55.25,55.25,55.25,55.25,55.25,55.25,55.25,34.653              ,24.412              ,41.616              ,22.787              ,59.161              ,13.596              ,40.263              ,9.956               ,30.805              ,2220.000            ,2220.000            ,2200.000            ,2200.000            ,2750.000            ,2750.000            ,2200.000            ,2200.000            ,2750.000            ,0.876,0.876,0.92,0.92,1.175,1.177,0.79,0.79,15.183,4826.0,14798.0,21.586,444.0,46.33
2026-07-08 02:55:04,55.0,70.000              ,754.227,200.0,1200.0,0.0,55.25,55.250              ,55.25,55.25,55.25,55.25,55.25,55.25,55.25,32.416              ,20.095              ,44.795              ,16.687              ,62.828              ,11.246              ,38.045              ,8.854               ,29.371              ,2240.000            ,2240.000            ,2240.000            ,2240.000            ,2800.000            ,2800.000            ,2240.000            ,2240.000            ,2800.000            ,0.842,0.842,0.874,0.874,1.213,1.211,0.763,0.763,14.914,4822.0,14791.0,17.922,445.0,55.8
2026-07-08 02:55:05,55.0,69.000              ,760.777,457.0,1067.0,0.0,55.25,55.250              ,55.25,55.25,55.25,55.25,55.25,55.25,55.25,31.314              ,19.905              ,45.585              ,19.697              ,55.837              ,7.787               ,35.530              ,9.697               ,28.169              ,2220.000            ,2220.000            ,2220.000            ,2200.000            ,2750.000            ,2750.000            ,2200.000            ,2200.000            ,2750.000            ,0.848,0.84,0.974,0.974,1.092,1.092,0.754,0.754,14.976,4816.0,14791.0,17.536,446.0,57.03
2026-07-08 02:55:06,55.0,69.000              ,756.77,508.0,1067.0,0.0,55.25,55.250              ,55.25,55.25,55.25,55.25,55.25,55.25,55.25,27.184              ,24.538              ,34.591              ,25.846              ,46.086              ,13.412              ,38.134              ,8.743               ,27.317              ,2200.000            ,2200.000            ,2750.000            ,2750.000            ,2775.000            ,2775.000            ,2220.000            ,2220.000            ,2775.000            ,0.814,0.822,0.968,0.97,0.983,0.983,0.792,0.793,14.889,4814.0,14765.0,17.33,447.0,57.7
2026-07-08 02:55:07,55.0,70.000              ,756.41,500.0,1200.0,0.0,55.25,55.250              ,55.25,55.25,55.25,55.25,55.25,55.25,55.25,29.528              ,22.969              ,30.989              ,37.457              ,44.815              ,13.119              ,35.840              ,7.866               ,27.823              ,2240.000            ,2280.000            ,2875.000            ,2900.000            ,2320.000            ,2320.000            ,2320.000            ,2320.000            ,2900.000            ,0.837,0.837,1.1,1.098,0.915,0.915,0.745,0.744,15.265,4821.0,14759.0,17.318,448.0,57.74
2026-07-08 02:55:08,55.0,70.000              ,756.41,500.0,1200.0,0.0,55.25,55.250              ,55.25,55.25,55.25,55.25,55.25,55.25,55.25,21.044              ,27.174              ,30.640              ,37.700              ,41.141              ,10.248              ,30.905              ,7.158               ,25.751              ,2220.000            ,2220.000            ,2775.000            ,2775.000            ,2220.000            ,2220.000            ,2220.000            ,2220.000            ,2775.000            ,0.757,0.757,1.122,1.122,0.867,0.867,0.7,0.7,14.945,4821.0,14755.0,17.18,449.0,58.21
2026-07-08 02:55:09,55.0,69.000              ,756.773,677.0,1067.0,0.0,55.25,55.250              ,55.25,55.25,55.25,55.25,55.25,55.25,55.25,31.247              ,29.722              ,38.566              ,30.091              ,39.967              ,17.508              ,32.857              ,9.931               ,28.736              ,2180.000            ,2180.000            ,2725.000            ,2725.000            ,2280.000            ,2280.000            ,2280.000            ,2280.000            ,2725.000            ,0.838,0.838,1.032,1.032,0.857,0.857,0.694,0.694,15.168,4821.0,14756.0,17.669,450.0,56.6
2026-07-08 02:55:10,55.0,70.000              ,743.613,200.0,1067.0,0.0,55.25,55.250              ,55.25,55.25,55.25,55.25,55.25,55.25,55.25,33.481              ,28.466              ,42.052              ,25.754              ,37.431              ,23.033              ,34.586              ,9.861               ,29.333              ,2080.000            ,2100.000            ,2100.000            ,2100.000            ,2625.000            ,2625.000            ,2100.000            ,2100.000            ,2625.000            ,0.751,0.751,0.905,0.905,0.825,0.825,0.649,0.649,15.114,4816.0,14746.0,17.337,451.0,57.68
2026-07-08 02:55:11,55.0,69.000              ,738.051,750.0,1200.0,0.0,55.25,55.250              ,55.25,55.25,55.25,55.25,55.25,55.25,55.25,31.491              ,25.145              ,34.969              ,37.466              ,39.440              ,22.078              ,35.279              ,11.057              ,29.616              ,2120.000            ,2120.000            ,2650.000            ,2650.000            ,2120.000            ,2120.000            ,2120.000            ,2120.000            ,2650.000            ,0.739,0.739,1.002,1.011,0.836,0.836,0.699,0.699,15.1,4803.0,14739.0,17.716,452.0,56.45
2026-07-08 02:55:12,55.0,69.000              ,777.789,442.0,1200.0,0.0,55.25,55.250              ,55.25,55.25,55.25,55.25,55.25,55.25,55.25,53.134              ,42.509              ,45.609              ,54.113              ,52.169              ,32.220              ,51.660              ,24.429              ,44.480              ,1980.000            ,1980.000            ,2475.000            ,2475.000            ,1980.000            ,1980.000            ,1980.000            ,1940.000            ,2475.000            ,0.856,0.86,0.934,0.925,0.799,0.8,0.737,0.738,15.019,4816.0,14793.0,26.268,453.0,38.07
2026-07-08 02:55:13,55.0,65.000              ,777.414,476.0,1200.0,0.0,55.25,55.250              ,55.25,55.25,55.25,55.25,55.25,55.25,55.25,42.284              ,28.991              ,46.491              ,32.042              ,44.521              ,20.888              ,54.717              ,15.548              ,35.685              ,2500.000            ,2500.000            ,2000.000            ,2000.000            ,2000.000            ,2000.000            ,2000.000            ,2000.000            ,2500.000            ,0.83,0.829,0.924,0.924,0.836,0.834,0.927,0.926,15.064,4831.0,14792.0,19.611,454.0,50.99
2026-07-08 02:55:14,55.0,66.000              ,778.918,200.0,1200.0,0.0,55.25,55.250              ,55.25,55.25,55.25,55.25,55.25,55.25,55.25,45.798              ,28.078              ,53.239              ,26.399              ,50.509              ,20.503              ,49.784              ,12.569              ,35.860              ,2080.000            ,2080.000            ,2600.000            ,2600.000            ,2080.000            ,2080.000            ,2100.000            ,2100.000            ,2600.000            ,0.868,0.871,0.98,0.983,0.929,0.929,0.856,0.856,15.035,4831.0,14793.0,20.501,455.0,48.78
2026-07-08 02:55:15,55.0,70.000              ,778.914,457.0,1067.0,0.0,55.25,55.250              ,55.25,55.25,55.25,55.25,55.25,55.25,55.25,42.441              ,26.632              ,49.014              ,27.973              ,48.329              ,23.562              ,50.363              ,9.955               ,34.784              ,2525.000            ,2525.000            ,2020.000            ,2020.000            ,2020.000            ,2020.000            ,2020.000            ,2020.000            ,2525.000            ,0.876,0.874,0.934,0.923,0.956,0.956,0.81,0.81,14.859,4830.0,14787.0,19.084,456.0,52.4
2026-07-08 02:55:16,55.0,69.000              ,778.918,387.0,1200.0,0.0,55.25,55.250              ,55.25,55.25,55.25,55.25,55.25,55.25,55.25,33.395              ,28.539              ,38.130              ,50.536              ,45.738              ,22.894              ,49.882              ,15.267              ,35.548              ,1960.000            ,1960.000            ,2450.000            ,2450.000            ,1960.000            ,1960.000            ,1960.000            ,1940.000            ,2450.000            ,0.782,0.78,1.103,1.116,0.893,0.893,0.833,0.835,14.995,4830.0,14786.0,18.762,457.0,53.3
2026-07-08 02:55:17,55.0,69.000              ,755.344,461.0,1067.0,0.0,55.25,55.250              ,55.25,55.25,55.25,55.25,55.25,55.25,55.25,33.859              ,24.925              ,43.739              ,30.289              ,45.993              ,26.069              ,41.772              ,12.386              ,32.379              ,2080.000            ,2060.000            ,2575.000            ,2550.000            ,2550.000            ,2550.000            ,2040.000            ,2040.000            ,2575.000            ,0.808,0.808,1.018,1.017,1.052,1.047,0.802,0.8,14.989,4816.0,14769.0,18.224,458.0,54.87
2026-07-08 02:55:18,55.0,69.000              ,758.098,200.0,1200.0,0.0,55.25,55.250              ,55.25,55.25,55.25,55.25,55.25,55.25,55.25,38.349              ,26.675              ,47.750              ,30.854              ,46.766              ,22.973              ,36.786              ,14.860              ,33.127              ,2140.000            ,2140.000            ,2675.000            ,2675.000            ,2140.000            ,2140.000            ,2140.000            ,2140.000            ,2675.000            ,0.823,0.825,1.023,1.023,0.983,0.987,0.737,0.737,15.176,4820.0,14775.0,17.652,459.0,56.65
2026-07-08 02:55:19,55.0,69.000              ,766.496,525.0,1200.0,0.0,55.25,55.250              ,55.25,55.25,55.25,55.25,55.25,55.25,55.25,32.541              ,26.058              ,43.116              ,31.286              ,49.343              ,17.388              ,41.806              ,10.914              ,31.557              ,2000.000            ,2000.000            ,2500.000            ,2500.000            ,2000.000            ,2000.000            ,2000.000            ,2000.000            ,2500.000            ,0.75,0.748,0.955,0.958,0.938,0.938,0.747,0.747,14.953,4823.0,14776.0,18.251,460.0,54.79
2026-07-08 02:55:20,55.0,70.000              ,767.617,476.0,1200.0,0.0,55.25,55.250              ,55.25,55.25,55.25,55.25,55.25,55.25,55.25,37.799              ,28.950              ,41.224              ,28.883              ,44.380              ,23.314              ,41.682              ,12.881              ,32.389              ,2060.000            ,2060.000            ,2575.000            ,2575.000            ,2060.000            ,2040.000            ,2040.000            ,2040.000            ,2575.000            ,0.806,0.807,0.879,0.863,0.947,0.947,0.733,0.733,15.104,4830.0,14781.0,17.793,461.0,56.2
2026-07-08 02:55:21,55.0,69.000              ,773.645,200.0,1200.0,0.0,55.25,55.250              ,55.25,55.25,55.25,55.25,55.25,55.25,55.25,39.397              ,24.575              ,40.565              ,36.003              ,42.707              ,23.255              ,41.668              ,13.747              ,32.740              ,2000.000            ,2000.000            ,2500.000            ,2500.000            ,2000.000            ,2500.000            ,2000.000            ,2000.000            ,2500.000            ,0.756,0.756,1.0,1.015,0.85,0.85,0.7,0.7,15.017,4831.0,14780.0,17.647,462.0,56.67
2026-07-08 02:55:22,55.0,68.000              ,781.039,563.0,1067.0,0.0,55.25,55.250              ,55.25,55.25,55.25,55.25,55.25,55.25,55.25,38.276              ,25.838              ,38.271              ,34.305              ,42.091              ,22.636              ,40.647              ,11.786              ,31.731              ,2040.000            ,2040.000            ,2550.000            ,2550.000            ,2040.000            ,2040.000            ,2040.000            ,2040.000            ,2550.000            ,0.786,0.785,0.952,0.952,0.879,0.879,0.718,0.72,15.133,4828.0,14791.0,17.887,463.0,55.91
2026-07-08 02:55:23,55.0,70.000              ,780.918,200.0,1200.0,0.0,55.25,55.250              ,55.25,55.25,55.25,55.25,55.25,55.25,55.25,35.200              ,29.641              ,44.105              ,27.633              ,46.539              ,18.679              ,53.243              ,9.624               ,33.083              ,1960.000            ,1960.000            ,2450.000            ,2450.000            ,1960.000            ,1960.000            ,1960.000            ,1960.000            ,2450.000            ,0.762,0.761,0.865,0.865,0.855,0.855,0.835,0.833,14.967,4833.0,14791.0,17.607,464.0,56.8
2026-07-08 02:55:24,55.0,69.000              ,780.918,590.0,1067.0,0.0,55.25,55.250              ,55.25,55.25,55.25,55.25,55.25,55.25,55.25,36.499              ,26.130              ,41.651              ,27.856              ,42.558              ,22.070              ,48.916              ,8.918               ,31.825              ,2525.000            ,2525.000            ,2525.000            ,2525.000            ,2020.000            ,2020.000            ,2020.000            ,2020.000            ,2525.000            ,0.762,0.762,0.881,0.881,0.869,0.869,0.766,0.766,15.015,4831.0,14790.0,17.893,465.0,55.89
2026-07-08 02:55:25,55.0,69.000              ,780.918,610.0,1200.0,0.0,55.25,55.250              ,55.25,55.25,55.25,55.25,55.25,55.25,55.25,34.177              ,22.959              ,40.695              ,26.667              ,45.353              ,17.988              ,46.300              ,7.437               ,30.197              ,2060.000            ,2060.000            ,2575.000            ,2575.000            ,2060.000            ,2060.000            ,2060.000            ,2060.000            ,2575.000            ,0.756,0.756,0.922,0.925,0.88,0.88,0.784,0.784,15.012,4831.0,14786.0,17.527,466.0,57.05
2026-07-08 02:55:26,55.0,70.000              ,779.48,581.0,1200.0,0.0,55.25,55.250              ,55.25,55.25,55.25,55.25,55.25,55.25,55.25,30.842              ,29.616              ,34.622              ,31.299              ,53.572              ,16.875              ,47.611              ,10.049              ,31.811              ,2080.000            ,2080.000            ,2080.000            ,2080.000            ,2600.000            ,2600.000            ,2625.000            ,2625.000            ,2625.000            ,0.791,0.791,0.887,0.885,0.991,0.991,0.829,0.831,15.117,4830.0,14785.0,18.376,467.0,54.42
2026-07-08 02:55:27,55.0,70.000              ,778.488,581.0,1067.0,0.0,55.25,55.250              ,55.25,55.25,55.25,55.25,55.25,55.25,55.25,35.827              ,25.681              ,41.659              ,25.087              ,64.425              ,16.115              ,42.623              ,11.732              ,32.894              ,2060.000            ,2060.000            ,2060.000            ,2060.000            ,2575.000            ,2575.000            ,2060.000            ,2060.000            ,2575.000            ,0.773,0.773,0.76,0.763,1.148,1.148,0.74,0.738,14.995,4830.0,14783.0,17.846,468.0,56.03
2026-07-08 02:55:28,55.0,70.000              ,772.484,554.0,1200.0,0.0,55.25,55.250              ,55.25,55.25,55.25,55.25,55.25,55.25,55.25,32.016              ,27.847              ,38.764              ,30.956              ,57.678              ,9.832               ,47.831              ,8.929               ,31.732              ,2020.000            ,2020.000            ,2525.000            ,2525.000            ,2550.000            ,2550.000            ,2040.000            ,2040.000            ,2550.000            ,0.744,0.744,0.854,0.852,1.001,1.001,0.784,0.784,14.839,4825.0,14779.0,18.156,469.0,55.08
2026-07-08 02:55:29,55.0,69.000              ,757.805,563.0,1200.0,0.0,55.25,55.250              ,55.25,55.25,55.25,55.25,55.25,55.25,55.25,33.569              ,26.474              ,46.467              ,23.258              ,62.668              ,16.977              ,41.672              ,12.140              ,32.903              ,2100.000            ,2100.000            ,2100.000            ,2100.000            ,2625.000            ,2625.000            ,2100.000            ,2100.000            ,2625.000            ,0.771,0.773,0.832,0.832,1.191,1.191,0.771,0.773,15.281,4816.0,14767.0,18.164,470.0,55.05
2026-07-08 02:55:30,55.0,70.000              ,757.813,450.0,1200.0,0.0,55.25,55.250              ,55.25,55.25,55.25,55.25,55.25,55.25,55.25,30.438              ,34.038              ,41.857              ,30.013              ,64.481              ,16.246              ,44.586              ,10.602              ,34.033              ,2020.000            ,2020.000            ,2020.000            ,2040.000            ,2550.000            ,2550.000            ,2040.000            ,2040.000            ,2550.000            ,0.783,0.782,0.838,0.838,1.121,1.121,0.763,0.762,14.871,4816.0,14766.0,24.297,471.0,41.16
2026-07-08 02:55:31,55.0,70.000              ,744.641,435.0,1200.0,0.0,55.25,55.250              ,55.25,55.25,55.25,55.25,55.25,55.25,55.25,38.087              ,24.234              ,46.387              ,25.415              ,58.096              ,8.629               ,43.706              ,8.289               ,31.605              ,2080.000            ,2080.000            ,2080.000            ,2080.000            ,2600.000            ,2600.000            ,2080.000            ,2080.000            ,2600.000            ,0.839,0.839,0.947,0.936,0.998,0.999,0.769,0.769,14.972,4806.0,14750.0,20.465,472.0,48.86
2026-07-08 02:55:32,55.0,70.000              ,744.66,450.0,1200.0,0.0,55.25,55.250              ,55.25,55.25,55.25,55.25,55.25,55.25,55.25,38.881              ,24.316              ,54.003              ,26.373              ,60.182              ,11.176              ,48.013              ,10.799              ,34.218              ,2060.000            ,2060.000            ,2575.000            ,2575.000            ,2060.000            ,2060.000            ,2060.000            ,2060.000            ,2575.000            ,0.839,0.839,1.011,1.023,0.991,0.99,0.784,0.784,15.024,4806.0,14738.0,19.583,473.0,51.06
2026-07-08 02:55:33,55.0,70.000              ,744.664,457.0,1067.0,0.0,55.25,55.250              ,55.25,55.25,55.25,55.25,55.25,55.25,55.25,39.026              ,21.974              ,44.369              ,32.058              ,57.369              ,9.800               ,48.281              ,8.297               ,32.647              ,2080.000            ,2080.000            ,2600.000            ,2600.000            ,2080.000            ,2080.000            ,2080.000            ,2080.000            ,2600.000            ,0.817,0.817,1.018,1.018,0.984,0.984,0.784,0.785,15.051,4805.0,14735.0,17.668,474.0,56.6
2026-07-08 02:55:34,55.0,70.000              ,744.293,200.0,1200.0,0.0,55.25,55.250              ,55.25,55.25,55.25,55.25,55.25,55.25,55.25,36.479              ,26.233              ,39.958              ,33.185              ,55.601              ,10.840              ,51.457              ,11.029              ,33.098              ,2080.000            ,2080.000            ,2600.000            ,2600.000            ,2060.000            ,2080.000            ,2080.000            ,2080.000            ,2600.000            ,0.773,0.773,0.904,0.905,0.916,0.916,0.854,0.853,15.127,4804.0,14725.0,17.776,475.0,56.26
2026-07-08 02:55:35,55.0,68.000              ,744.668,435.0,1200.0,0.0,55.25,55.250              ,55.25,55.25,55.25,55.25,55.25,55.25,55.25,40.477              ,20.725              ,37.521              ,33.899              ,60.156              ,13.656              ,46.056              ,8.999               ,32.686              ,1940.000            ,1940.000            ,2425.000            ,2425.000            ,1920.000            ,1920.000            ,2400.000            ,2400.000            ,2425.000            ,0.809,0.797,0.86,0.858,1.039,1.039,0.774,0.774,14.937,4804.0,14725.0,21.231,476.0,47.1
2026-07-08 02:55:36,55.0,69.000              ,744.668,469.0,1200.0,0.0,55.25,55.250              ,55.25,55.25,55.25,55.25,55.25,55.25,55.25,42.044              ,18.727              ,36.556              ,29.160              ,65.543              ,10.064              ,46.866              ,7.707               ,32.083              ,2100.000            ,2100.000            ,2100.000            ,2100.000            ,2625.000            ,2625.000            ,2100.000            ,2100.000            ,2625.000            ,0.817,0.829,0.866,0.866,1.142,1.142,0.769,0.769,14.976,4804.0,14724.0,17.848,477.0,56.03
2026-07-08 02:55:37,55.0,70.000              ,744.547,469.0,1200.0,0.0,55.25,55.250              ,55.25,55.25,55.25,55.25,55.25,55.25,55.25,35.108              ,21.369              ,41.583              ,25.789              ,59.477              ,12.944              ,48.785              ,9.359               ,31.802              ,2100.000            ,2100.000            ,2100.000            ,2100.000            ,2600.000            ,2600.000            ,2080.000            ,2080.000            ,2600.000            ,0.796,0.798,0.865,0.865,1.089,1.089,0.841,0.841,15.075,4804.0,14724.0,20.141,478.0,49.65
2026-07-08 02:55:38,55.0,70.000              ,747.32,476.0,1200.0,0.0,55.25,55.250              ,55.25,55.25,55.25,55.25,55.25,55.25,55.25,39.125              ,27.171              ,43.990              ,25.398              ,66.993              ,10.793              ,45.972              ,10.803              ,33.781              ,2100.000            ,2100.000            ,2100.000            ,2100.000            ,2625.000            ,2625.000            ,2100.000            ,2100.000            ,2625.000            ,0.859,0.862,0.83,0.83,1.162,1.162,0.828,0.832,15.073,4816.0,14730.0,37.718,479.0,26.51
2026-07-08 02:55:39,55.0,72.000              ,759.016,563.0,1200.0,0.0,55.25,55.250              ,55.25,55.25,55.25,55.25,55.25,55.25,55.25,39.861              ,29.326              ,40.489              ,38.306              ,62.544              ,18.819              ,53.264              ,10.369              ,36.622              ,2020.000            ,2020.000            ,2020.000            ,2020.000            ,2525.000            ,2525.000            ,2020.000            ,2020.000            ,2525.000            ,0.753,0.75,0.845,0.846,1.062,1.062,0.781,0.777,15.2,4794.0,14739.0,43.714,480.0,22.88
2026-07-08 02:55:40,55.0,72.000              ,758.984,413.0,1200.0,0.0,55.25,55.250              ,55.25,55.25,55.25,55.25,55.25,55.25,55.25,72.362              ,57.553              ,68.340              ,67.856              ,80.256              ,60.868              ,68.947              ,45.377              ,65.195              ,1760.000            ,1760.000            ,1760.000            ,1760.000            ,2200.000            ,2200.000            ,1816.667            ,1816.667            ,2200.000            ,0.803,0.801,0.862,0.861,0.928,0.928,0.761,0.762,15.274,4654.0,14744.0,32.487,481.0,30.78
2026-07-08 02:55:41,55.0,73.000              ,759.297,590.0,1200.0,0.0,55.25,55.250              ,55.25,55.25,55.25,55.25,55.25,55.25,55.25,56.784              ,46.069              ,56.307              ,54.011              ,68.527              ,49.868              ,68.356              ,32.476              ,54.050              ,1650.000            ,1650.000            ,1980.000            ,1980.000            ,1960.000            ,1960.000            ,1633.333            ,1633.333            ,1980.000            ,0.693,0.695,0.749,0.742,0.87,0.87,0.724,0.723,14.754,4562.0,14741.0,19.588,482.0,51.05
2026-07-08 02:55:42,55.0,70.000              ,758.91,476.0,1200.0,0.0,55.25,55.250              ,55.25,55.25,55.25,55.25,55.25,55.25,55.25,43.684              ,24.379              ,45.980              ,30.640              ,58.030              ,19.369              ,60.190              ,10.985              ,36.657              ,2300.000            ,2300.000            ,1840.000            ,1840.000            ,2325.000            ,2325.000            ,1860.000            ,1860.000            ,2325.000            ,0.679,0.677,0.714,0.722,0.93,0.932,0.845,0.845,15.096,4564.0,14741.0,20.088,483.0,49.78
2026-07-08 02:55:43,55.0,69.000              ,758.535,200.0,1200.0,0.0,55.25,55.250              ,55.25,55.25,55.25,55.25,55.25,55.25,55.25,41.214              ,24.006              ,48.761              ,23.396              ,58.984              ,16.851              ,63.802              ,8.852               ,35.733              ,1900.000            ,1900.000            ,1880.000            ,1880.000            ,2375.000            ,2375.000            ,1900.000            ,1900.000            ,2375.000            ,0.702,0.702,0.725,0.725,0.954,0.942,0.905,0.905,14.791,4564.0,14741.0,20.098,484.0,49.76
2026-07-08 02:55:44,55.0,69.000              ,758.602,469.0,1200.0,0.0,55.25,55.250              ,55.25,55.25,55.25,55.25,55.25,55.25,55.25,30.648              ,27.864              ,39.662              ,29.103              ,56.682              ,12.525              ,49.125              ,8.428               ,31.755              ,1960.000            ,1960.000            ,2450.000            ,2450.000            ,1960.000            ,1960.000            ,1960.000            ,1960.000            ,2450.000            ,0.71,0.71,0.788,0.795,0.99,1.001,0.809,0.809,15.164,4564.0,14740.0,20.745,485.0,48.2
2026-07-08 02:55:45,55.0,69.000              ,758.348,469.0,1200.0,0.0,55.25,55.250              ,55.25,55.25,55.25,55.25,55.25,55.25,55.25,36.773              ,24.071              ,38.307              ,28.479              ,64.482              ,10.098              ,44.315              ,10.644              ,32.146              ,2020.000            ,2020.000            ,2020.000            ,2020.000            ,2500.000            ,2500.000            ,2000.000            ,2000.000            ,2500.000            ,0.738,0.738,0.748,0.741,1.097,1.109,0.708,0.708,15.062,4564.0,14740.0,18.441,486.0,54.23
2026-07-08 02:55:46,55.0,71.000              ,758.352,200.0,1200.0,0.0,55.25,55.250              ,55.25,55.25,55.25,55.25,55.25,55.25,55.25,34.992              ,22.306              ,39.222              ,28.858              ,58.421              ,11.857              ,46.707              ,7.342               ,31.213              ,1980.000            ,1980.000            ,1980.000            ,1980.000            ,2475.000            ,2475.000            ,1980.000            ,1980.000            ,2475.000            ,0.717,0.717,0.758,0.758,1.047,1.035,0.739,0.739,14.945,4564.0,14739.0,18.062,487.0,55.36
2026-07-08 02:55:47,55.0,69.000              ,758.102,200.0,1200.0,0.0,55.25,55.250              ,55.25,55.25,55.25,55.25,55.25,55.25,55.25,40.348              ,26.422              ,40.095              ,33.894              ,61.363              ,16.946              ,58.384              ,10.653              ,36.013              ,2000.000            ,2000.000            ,2500.000            ,2475.000            ,1980.000            ,1980.000            ,1980.000            ,1980.000            ,2500.000            ,0.761,0.761,0.807,0.807,1.011,1.011,0.824,0.825,15.04,4564.0,14739.0,23.989,488.0,41.69
2026-07-08 02:55:48,55.0,68.000              ,757.977,200.0,1200.0,0.0,55.25,55.250              ,55.25,55.25,55.25,55.25,55.25,55.25,55.25,41.893              ,23.927              ,43.383              ,28.880              ,67.144              ,13.290              ,58.411              ,10.874              ,35.975              ,1960.000            ,1960.000            ,1960.000            ,1960.000            ,2450.000            ,2450.000            ,1960.000            ,1960.000            ,2450.000            ,0.76,0.76,0.756,0.756,1.045,1.045,0.815,0.815,15.03,4564.0,14740.0,19.335,489.0,51.72
2026-07-08 02:55:49,55.0,68.000              ,759.043,572.0,1067.0,0.0,55.25,55.250              ,55.25,55.25,55.25,55.25,55.25,55.25,55.25,40.315              ,21.360              ,35.352              ,27.049              ,60.015              ,13.709              ,58.050              ,7.981               ,32.979              ,1940.000            ,1940.000            ,1940.000            ,1940.000            ,2425.000            ,2425.000            ,1960.000            ,1960.000            ,2425.000            ,0.717,0.717,0.684,0.685,1.008,1.008,0.887,0.888,15.054,4564.0,14741.0,28.305,490.0,35.33
2026-07-08 02:55:50,55.0,70.000              ,747.395,581.0,1200.0,0.0,55.25,55.250              ,55.25,55.25,55.25,55.25,55.25,55.25,55.25,41.866              ,24.109              ,39.881              ,26.783              ,62.798              ,12.096              ,57.767              ,12.741              ,34.755              ,2020.000            ,2020.000            ,2020.000            ,2020.000            ,2525.000            ,2525.000            ,2040.000            ,2040.000            ,2525.000            ,0.706,0.706,0.668,0.667,0.948,0.948,0.932,0.931,15.105,4558.0,14733.0,18.84,491.0,53.08
2026-07-08 02:55:51,55.0,70.000              ,754.605,476.0,1200.0,0.0,55.25,55.250              ,55.25,55.25,55.25,55.25,55.25,55.25,55.25,43.881              ,29.428              ,45.181              ,57.750              ,65.596              ,21.694              ,54.333              ,19.489              ,42.169              ,1880.000            ,1880.000            ,2350.000            ,2350.000            ,1880.000            ,1880.000            ,1880.000            ,1880.000            ,2350.000            ,0.6,0.6,0.887,0.887,0.763,0.763,0.648,0.648,15.354,4558.0,14737.0,35.882,492.0,27.87
2026-07-08 02:55:52,55.0,76.000              ,754.602,200.0,933.0,0.0,55.625,55.625              ,55.625,55.625,55.625,55.625,55.625,55.625,55.625,6.652               ,16.026              ,28.002              ,6.615               ,19.527              ,8.495               ,13.057              ,33.554              ,16.491              ,2650.000            ,2650.000            ,2650.000            ,2650.000            ,3125.000            ,3125.000            ,2500.000            ,2500.000            ,3125.000            ,0.895,0.895,1.057,1.057,0.958,0.958,1.814,1.814,11.77,4561.0,14718.0,0.0,493.0,
2026-07-08 02:55:53,56.0,41.000              ,754.602,200.0,933.0,0.0,56.125,56.125              ,56.125,56.125,56.125,56.125,56.125,56.125,56.125,7.808               ,4.316               ,43.941              ,30.679              ,17.351              ,6.632               ,35.660              ,12.334              ,19.840              ,2333.333            ,2333.333            ,3500.000            ,3500.000            ,2333.333            ,2333.333            ,2333.333            ,2333.333            ,3500.000            ,0.694,0.694,2.285,2.285,0.92,0.92,1.451,1.451,13.494,4281.0,14386.0,0.0,494.0,
2026-07-08 02:55:54,57.0,0.000               ,754.602,200.0,933.0,0.0,56.875,56.875              ,56.875,56.875,56.875,56.875,56.875,56.875,56.875,14.026              ,6.431               ,74.570              ,5.437               ,26.485              ,18.195              ,10.471              ,5.839               ,20.182              ,2333.333            ,2333.333            ,3500.000            ,3500.000            ,2333.333            ,2333.333            ,2333.333            ,2333.333            ,3500.000            ,0.88,0.88,2.969,2.969,1.43,1.43,0.792,0.797,13.663,4073.0,13436.0,0.0,495.0,
2026-07-08 02:55:55,57.0,0.000               ,754.602,200.0,1200.0,0.0,57.125,57.125              ,57.125,57.125,57.125,57.125,57.125,57.125,57.125,12.971              ,13.078              ,43.528              ,19.851              ,25.962              ,14.653              ,22.654              ,28.819              ,22.689              ,3500.000            ,3500.000            ,2333.333            ,2333.333            ,3500.000            ,3500.000            ,2800.000            ,2800.000            ,3500.000            ,1.143,1.143,2.536,2.536,1.533,1.533,1.6,1.599,14.772,3986.0,13324.0,0.0,496.0,
2026-07-08 02:55:56,57.0,0.000               ,754.602,200.0,933.0,0.0,57.0,57.000              ,57.0,57.0,57.0,57.0,57.0,57.0,57.0,13.385              ,5.205               ,81.893              ,2.909               ,10.659              ,15.772              ,5.292               ,4.591               ,17.463              ,2333.333            ,2400.000            ,3000.000            ,3000.000            ,2400.000            ,2400.000            ,3500.000            ,3500.000            ,3500.000            ,0.869,0.869,3.136,3.136,1.144,1.144,0.682,0.678,13.54,3662.0,12310.0,0.0,497.0,
2026-07-08 02:55:57,57.0,0.000               ,694.648,200.0,933.0,0.0,57.5,57.500              ,57.5,57.5,57.5,57.5,57.5,57.5,57.5,22.074              ,21.426              ,15.381              ,59.193              ,35.996              ,12.869              ,31.744              ,17.672              ,27.044              ,2333.333            ,2333.333            ,2333.333            ,2333.333            ,3500.000            ,3500.000            ,2333.333            ,2333.333            ,3500.000            ,1.6,1.6,2.58,2.605,1.741,1.741,1.577,1.577,15.307,3531.0,11904.0,5280.694,498.0,0.19
2026-07-08 02:55:58,58.0,0.000               ,694.648,200.0,933.0,0.0,58.125,58.125              ,58.125,58.125,58.125,58.125,58.125,58.125,58.125,17.044              ,16.231              ,3.801               ,78.525              ,28.850              ,2.346               ,27.302              ,3.383               ,22.185              ,2333.333            ,2333.333            ,3500.000            ,3500.000            ,2333.333            ,2333.333            ,2333.333            ,2333.333            ,3500.000            ,1.29,1.29,3.982,3.964,1.335,1.335,1.328,1.328,15.403,3454.0,11924.0,0.0,499.0,
2026-07-08 02:55:59,58.0,0.000               ,648.094,200.0,933.0,0.0,58.75,58.750              ,58.75,58.75,58.75,58.75,58.75,58.75,58.75,12.374              ,4.541               ,3.739               ,85.289              ,14.729              ,2.541               ,19.373              ,7.828               ,18.802              ,2333.333            ,2333.333            ,3500.000            ,3500.000            ,2333.333            ,2333.333            ,2333.333            ,2333.333            ,3500.000            ,0.856,0.861,4.211,4.219,0.922,0.922,1.167,1.167,14.192,3409.0,11360.0,2342.981,500.0,0.43
2026-07-08 02:56:00,59.0,0.000               ,648.094,200.0,933.0,0.0,59.25,59.250              ,59.25,59.25,59.25,59.25,59.25,59.25,59.25,18.206              ,5.113               ,2.456               ,89.408              ,21.077              ,5.443               ,17.995              ,4.937               ,20.579              ,2333.333            ,2333.333            ,3500.000            ,3500.000            ,2333.333            ,2333.333            ,2333.333            ,2333.333            ,3500.000            ,1.044,1.04,4.955,4.938,1.162,1.162,1.058,1.06,15.893,3309.0,11305.0,0.0,501.0,
2026-07-08 02:56:01,59.0,0.000               ,648.094,200.0,933.0,0.0,59.25,59.250              ,59.25,59.25,59.25,59.25,59.25,59.25,59.25,3.599               ,3.782               ,0.713               ,97.191              ,3.536               ,0.966               ,2.705               ,5.880               ,14.796              ,2333.333            ,2333.333            ,3500.000            ,3500.000            ,2333.333            ,2333.333            ,2333.333            ,2333.333            ,3500.000            ,0.62,0.62,5.137,5.101,0.465,0.465,0.674,0.672,13.509,3337.0,11346.0,0.0,502.0,
2026-07-08 02:56:02,59.0,0.000               ,648.094,200.0,933.0,0.0,59.5,59.500              ,59.5,59.5,59.5,59.5,59.5,59.5,59.5,12.215              ,3.274               ,2.299               ,90.854              ,2.818               ,1.431               ,3.665               ,4.818               ,15.172              ,2333.333            ,2333.333            ,3500.000            ,3500.000            ,1555.556            ,1555.556            ,2800.000            ,2800.000            ,3500.000            ,0.9,0.9,4.618,4.629,0.175,0.179,0.644,0.644,12.928,3401.0,11361.0,0.0,503.0,
2026-07-08 02:56:03,58.0,0.000               ,636.203,200.0,933.0,0.0,58.375,58.375              ,58.375,58.375,58.375,58.375,58.375,58.375,58.375,8.061               ,3.559               ,2.094               ,49.313              ,49.029              ,2.746               ,16.731              ,2.175               ,16.714              ,2316.667            ,2316.667            ,2316.667            ,2316.667            ,2800.000            ,2800.000            ,2800.000            ,2800.000            ,2800.000            ,0.733,0.733,1.943,1.909,2.028,2.023,0.958,0.96,12.959,3383.0,11149.0,3497.06,504.0,0.29
2026-07-08 02:56:04,58.0,0.000               ,555.645,200.0,1200.0,0.0,58.25,58.250              ,58.25,58.25,58.25,58.25,58.25,58.25,58.25,25.469              ,8.470               ,30.798              ,54.085              ,24.819              ,6.547               ,25.595              ,14.341              ,23.766              ,2333.333            ,2333.333            ,3500.000            ,3500.000            ,2333.333            ,2333.333            ,2333.333            ,2333.333            ,3500.000            ,1.157,1.157,2.888,2.888,1.145,1.145,1.427,1.425,15.496,3354.0,10592.0,1344.928,505.0,0.74
2026-07-08 02:56:05,57.0,20.000              ,555.645,200.0,933.0,0.0,57.375,57.375              ,57.375,57.375,57.375,57.375,57.375,57.375,57.375,44.302              ,14.434              ,60.447              ,16.136              ,45.936              ,13.694              ,30.226              ,7.651               ,29.103              ,2800.000            ,2800.000            ,3500.000            ,3500.000            ,2800.000            ,2800.000            ,2800.000            ,2800.000            ,3500.000            ,1.434,1.434,1.78,1.781,1.59,1.59,1.105,1.105,15.66,3241.0,10588.0,46.255,506.0,21.62
2026-07-08 02:56:06,56.0,45.000              ,560.883,200.0,933.0,0.0,56.875,56.875              ,56.875,56.875,56.875,56.875,56.875,56.875,56.875,32.118              ,13.378              ,42.252              ,19.071              ,18.648              ,36.069              ,42.712              ,10.344              ,26.824              ,2600.000            ,2600.000            ,2600.000            ,2600.000            ,2600.000            ,2600.000            ,3275.000            ,3275.000            ,3275.000            ,1.299,1.299,1.621,1.62,2.324,2.341,1.465,1.465,15.859,3265.0,10608.0,25.139,507.0,39.78
2026-07-08 02:56:07,56.0,51.000              ,585.352,200.0,1067.0,0.0,55.875,55.875              ,55.875,55.875,55.875,55.875,55.875,55.875,55.875,63.008              ,53.742              ,66.552              ,50.820              ,59.446              ,65.856              ,60.865              ,55.322              ,59.452              ,3500.000            ,3500.000            ,2333.333            ,2333.333            ,2333.333            ,2333.333            ,2333.333            ,2333.333            ,3500.000            ,1.383,1.383,1.456,1.456,1.526,1.496,1.319,1.319,16.529,3377.0,10603.0,44.562,508.0,22.44
2026-07-08 02:56:08,55.0,58.000              ,599.953,200.0,933.0,0.0,55.625,55.625              ,55.625,55.625,55.625,55.625,55.625,55.625,55.625,29.981              ,19.616              ,35.931              ,22.366              ,35.693              ,36.068              ,43.853              ,19.632              ,30.393              ,2360.000            ,2360.000            ,2360.000            ,2360.000            ,2950.000            ,2950.000            ,2340.000            ,2340.000            ,2950.000            ,1.017,1.017,1.167,1.167,1.571,1.571,1.281,1.281,14.834,3404.0,10620.0,31.469,509.0,31.78
2026-07-08 02:56:09,55.0,54.000              ,599.953,200.0,933.0,0.0,55.625,55.625              ,55.625,55.625,55.625,55.625,55.625,55.625,55.625,22.473              ,15.523              ,36.562              ,18.217              ,18.718              ,4.099               ,47.899              ,2.231               ,20.715              ,2460.000            ,2460.000            ,2460.000            ,2460.000            ,2460.000            ,2460.000            ,3450.000            ,3450.000            ,3450.000            ,1.102,1.102,1.522,1.522,0.861,0.861,1.374,1.374,13.56,3398.0,10606.0,17.59,510.0,56.85
2026-07-08 02:56:10,55.0,46.000              ,599.953,200.0,933.0,0.0,55.875,55.875              ,55.875,55.875,55.875,55.875,55.875,55.875,55.875,11.008              ,37.289              ,43.880              ,8.859               ,11.797              ,2.538               ,26.484              ,5.235               ,18.386              ,2333.333            ,2333.333            ,2333.333            ,2333.333            ,2333.333            ,2333.333            ,3500.000            ,3500.000            ,3500.000            ,2.023,2.089,1.624,1.624,0.691,0.691,1.036,1.036,13.768,3398.0,10601.0,17.192,511.0,58.17
2026-07-08 02:56:11,55.0,25.000              ,600.086,200.0,933.0,0.0,55.75,55.750              ,55.75,55.75,55.75,55.75,55.75,55.75,55.75,10.936              ,44.317              ,34.519              ,8.372               ,13.267              ,2.101               ,13.232              ,4.131               ,16.359              ,3500.000            ,3500.000            ,2333.333            ,2333.333            ,1555.556            ,1555.556            ,2333.333            ,2333.333            ,3500.000            ,2.341,2.282,1.283,1.286,0.515,0.515,0.687,0.687,12.763,3398.0,10608.0,690.584,512.0,1.45
2026-07-08 02:56:12,55.0,27.000              ,599.953,200.0,933.0,0.0,55.375,55.375              ,55.375,55.375,55.375,55.375,55.375,55.375,55.375,18.566              ,18.526              ,34.072              ,9.097               ,35.364              ,2.945               ,17.467              ,4.885               ,17.615              ,2540.000            ,2540.000            ,3450.000            ,3450.000            ,2300.000            ,2300.000            ,2333.333            ,2333.333            ,3450.000            ,1.149,1.149,1.199,1.196,1.305,1.309,0.778,0.778,12.971,3404.0,10610.0,180.604,513.0,5.54
2026-07-08 02:56:13,55.0,49.000              ,599.891,200.0,933.0,0.0,55.375,55.375              ,55.375,55.375,55.375,55.375,55.375,55.375,55.375,29.499              ,12.995              ,45.985              ,9.775               ,39.426              ,5.817               ,15.131              ,4.216               ,20.356              ,2333.333            ,2333.333            ,2333.333            ,2333.333            ,3500.000            ,3500.000            ,2333.333            ,2333.333            ,3500.000            ,1.284,1.284,1.632,1.636,1.5,1.498,0.871,0.871,14.606,3407.0,10610.0,18.225,514.0,54.87
2026-07-08 02:56:14,55.0,51.000              ,599.91,200.0,933.0,0.0,55.375,55.375              ,55.375,55.375,55.375,55.375,55.375,55.375,55.375,16.160              ,14.823              ,52.169              ,11.754              ,26.888              ,6.150               ,38.046              ,5.400               ,21.424              ,2360.000            ,2360.000            ,2950.000            ,2950.000            ,3500.000            ,3500.000            ,2333.333            ,2333.333            ,3500.000            ,1.019,1.019,1.811,1.806,1.158,1.156,1.274,1.276,14.949,3411.0,10610.0,17.531,515.0,57.04
2026-07-08 02:56:15,55.0,55.000              ,599.91,200.0,933.0,0.0,55.375,55.375              ,55.375,55.375,55.375,55.375,55.375,55.375,55.375,33.861              ,6.713               ,33.415              ,15.573              ,13.855              ,10.015              ,13.098              ,11.039              ,17.196              ,2333.333            ,2333.333            ,3500.000            ,3500.000            ,2333.333            ,2333.333            ,2333.333            ,2333.333            ,3500.000            ,1.266,1.266,1.843,1.843,0.988,0.989,0.97,0.969,12.074,3149.0,9638.0,0.0,516.0,
2026-07-08 02:56:16,56.0,27.000              ,387.223,200.0,933.0,0.0,56.125,56.125              ,56.125,56.125,56.125,56.125,56.125,56.125,56.125,29.823              ,20.372              ,40.792              ,55.575              ,35.584              ,9.148               ,20.661              ,10.580              ,27.817              ,2333.333            ,2333.333            ,3500.000            ,3500.000            ,2316.667            ,2316.667            ,2316.667            ,2316.667            ,3500.000            ,1.786,1.786,3.504,3.504,1.729,1.728,1.299,1.301,16.119,3011.0,8839.0,0.0,517.0,
