08-07-2026 03:22:19,GPU temperature,GPU usage,Memory usage,Core clock,Memory clock,Fan tachometer,CPU1 temperature,CPU2 temperature,CPU3 temperature,CPU4 temperature,CPU5 temperature,CPU6 temperature,CPU7 temperature,CPU8 temperature,CPU temperature,CPU1 usage,CPU2 usage,CPU3 usage,CPU4 usage,CPU5 usage,CPU6 usage,CPU7 usage,CPU8 usage,CPU usage,CPU1 clock,CPU2 clock,CPU3 clock,CPU4 clock,CPU5 clock,CPU6 clock,CPU7 clock,CPU8 clock,CPU clock,CPU1 power,CPU2 power,CPU3 power,CPU4 power,CPU5 power,CPU6 power,CPU7 power,CPU8 power,CPU power,RAM usage,Commit charge,frametime,elapsed,fps
2026-07-08 03:22:19,0.0,°C                  ,0.0,100.0,10.0,,,,,,,,,,,,,,,,,,,,,,,,,,,,,,,,,,,,,,,,,0.0,
2026-07-08 03:22:19,1.0,%                   ,0.0,100.0,10.0,,,,,,,,,,,,,,,,,,,,,,,,,,,,,,,,,,,,,,,,,0.0,
2026-07-08 03:22:19,2.0,MB                  ,0.0,8192.0,10.0,,,,,,,,,,,,,,,,,,,,,,,,,,,,,,,,,,,,,,,,,0.0,
2026-07-08 03:22:19,3.0,MHz                 ,0.0,2500.0,10.0,,,,,,,,,,,,,,,,,,,,,,,,,,,,,,,,,,,,,,,,,0.0,
2026-07-08 03:22:19,4.0,MHz                 ,0.0,7500.0,10.0,,,,,,,,,,,,,,,,,,,,,,,,,,,,,,,,,,,,,,,,,0.0,
2026-07-08 03:22:19,5.0,RPM                 ,0.0,10000.0,10.0,,,,,,,,,,,,,,,,,,,,,,,,,,,,,,,,,,,,,,,,,0.0,
2026-07-08 03:22:19,6.0,°C                  ,0.0,100.0,10.0,,,,,,,,,,,,,,,,,,,,,,,,,,,,,,,,,,,,,,,,,0.0,
2026-07-08 03:22:19,7.0,°C                  ,0.0,100.0,10.0,,,,,,,,,,,,,,,,,,,,,,,,,,,,,,,,,,,,,,,,,0.0,
2026-07-08 03:22:19,8.0,°C                  ,0.0,100.0,10.0,,,,,,,,,,,,,,,,,,,,,,,,,,,,,,,,,,,,,,,,,0.0,
2026-07-08 03:22:19,9.0,°C                  ,0.0,100.0,10.0,,,,,,,,,,,,,,,,,,,,,,,,,,,,,,,,,,,,,,,,,0.0,
2026-07-08 03:22:19,10.0,°C                  ,0.0,100.0,10.0,,,,,,,,,,,,,,,,,,,,,,,,,,,,,,,,,,,,,,,,,0.0,
2026-07-08 03:22:19,11.0,°C                  ,0.0,100.0,10.0,,,,,,,,,,,,,,,,,,,,,,,,,,,,,,,,,,,,,,,,,0.0,
2026-07-08 03:22:19,12.0,°C                  ,0.0,100.0,10.0,,,,,,,,,,,,,,,,,,,,,,,,,,,,,,,,,,,,,,,,,0.0,
2026-07-08 03:22:19,13.0,°C                  ,0.0,100.0,10.0,,,,,,,,,,,,,,,,,,,,,,,,,,,,,,,,,,,,,,,,,0.0,
2026-07-08 03:22:19,14.0,°C                  ,0.0,100.0,10.0,,,,,,,,,,,,,,,,,,,,,,,,,,,,,,,,,,,,,,,,,0.0,
2026-07-08 03:22:19,15.0,%                   ,0.0,100.0,10.0,,,,,,,,,,,,,,,,,,,,,,,,,,,,,,,,,,,,,,,,,0.0,
2026-07-08 03:22:19,16.0,%                   ,0.0,100.0,10.0,,,,,,,,,,,,,,,,,,,,,,,,,,,,,,,,,,,,,,,,,0.0,
2026-07-08 03:22:19,17.0,%                   ,0.0,100.0,10.0,,,,,,,,,,,,,,,,,,,,,,,,,,,,,,,,,,,,,,,,,0.0,
2026-07-08 03:22:19,18.0,%                   ,0.0,100.0,10.0,,,,,,,,,,,,,,,,,,,,,,,,,,,,,,,,,,,,,,,,,0.0,
2026-07-08 03:22:19,19.0,%                   ,0.0,100.0,10.0,,,,,,,,,,,,,,,,,,,,,,,,,,,,,,,,,,,,,,,,,0.0,
2026-07-08 03:22:19,20.0,%                   ,0.0,100.0,10.0,,,,,,,,,,,,,,,,,,,,,,,,,,,,,,,,,,,,,,,,,0.0,
2026-07-08 03:22:19,21.0,%                   ,0.0,100.0,10.0,,,,,,,,,,,,,,,,,,,,,,,,,,,,,,,,,,,,,,,,,0.0,
2026-07-08 03:22:19,22.0,%                   ,0.0,100.0,10.0,,,,,,,,,,,,,,,,,,,,,,,,,,,,,,,,,,,,,,,,,0.0,
2026-07-08 03:22:19,23.0,%                   ,0.0,100.0,10.0,,,,,,,,,,,,,,,,,,,,,,,,,,,,,,,,,,,,,,,,,0.0,
2026-07-08 03:22:19,24.0,MHz                 ,0.0,5000.0,10.0,,,,,,,,,,,,,,,,,,,,,,,,,,,,,,,,,,,,,,,,,0.0,
2026-07-08 03:22:19,25.0,MHz                 ,0.0,5000.0,10.0,,,,,,,,,,,,,,,,,,,,,,,,,,,,,,,,,,,,,,,,,0.0,
2026-07-08 03:22:19,26.0,MHz                 ,0.0,5000.0,10.0,,,,,,,,,,,,,,,,,,,,,,,,,,,,,,,,,,,,,,,,,0.0,
2026-07-08 03:22:19,27.0,MHz                 ,0.0,5000.0,10.0,,,,,,,,,,,,,,,,,,,,,,,,,,,,,,,,,,,,,,,,,0.0,
2026-07-08 03:22:19,28.0,MHz                 ,0.0,5000.0,10.0,,,,,,,,,,,,,,,,,,,,,,,,,,,,,,,,,,,,,,,,,0.0,
2026-07-08 03:22:19,29.0,MHz                 ,0.0,5000.0,10.0,,,,,,,,,,,,,,,,,,,,,,,,,,,,,,,,,,,,,,,,,0.0,
2026-07-08 03:22:19,30.0,MHz                 ,0.0,5000.0,10.0,,,,,,,,,,,,,,,,,,,,,,,,,,,,,,,,,,,,,,,,,0.0,
2026-07-08 03:22:19,31.0,MHz                 ,0.0,5000.0,10.0,,,,,,,,,,,,,,,,,,,,,,,,,,,,,,,,,,,,,,,,,0.0,
2026-07-08 03:22:19,32.0,MHz                 ,0.0,5000.0,10.0,,,,,,,,,,,,,,,,,,,,,,,,,,,,,,,,,,,,,,,,,0.0,
2026-07-08 03:22:19,33.0,W                   ,0.0,200.0,10.0,,,%.1f                ,,,,,,,,,,,,,,,,,,,,,,,,,,,,,,,,,,,,,,0.0,
2026-07-08 03:22:19,34.0,W                   ,0.0,200.0,10.0,,,%.1f                ,,,,,,,,,,,,,,,,,,,,,,,,,,,,,,,,,,,,,,0.0,
2026-07-08 03:22:19,35.0,W                   ,0.0,200.0,10.0,,,%.1f                ,,,,,,,,,,,,,,,,,,,,,,,,,,,,,,,,,,,,,,0.0,
2026-07-08 03:22:19,36.0,W                   ,0.0,200.0,10.0,,,%.1f                ,,,,,,,,,,,,,,,,,,,,,,,,,,,,,,,,,,,,,,0.0,
2026-07-08 03:22:19,37.0,W                   ,0.0,200.0,10.0,,,%.1f                ,,,,,,,,,,,,,,,,,,,,,,,,,,,,,,,,,,,,,,0.0,
2026-07-08 03:22:19,38.0,W                   ,0.0,200.0,10.0,,,%.1f                ,,,,,,,,,,,,,,,,,,,,,,,,,,,,,,,,,,,,,,0.0,
2026-07-08 03:22:19,39.0,W                   ,0.0,200.0,10.0,,,%.1f                ,,,,,,,,,,,,,,,,,,,,,,,,,,,,,,,,,,,,,,0.0,
2026-07-08 03:22:19,40.0,W                   ,0.0,200.0,10.0,,,%.1f                ,,,,,,,,,,,,,,,,,,,,,,,,,,,,,,,,,,,,,,0.0,
2026-07-08 03:22:19,41.0,W                   ,0.0,200.0,10.0,,,%.1f                ,,,,,,,,,,,,,,,,,,,,,,,,,,,,,,,,,,,,,,0.0,
2026-07-08 03:22:19,42.0,MB                  ,0.0,16384.0,10.0,,,,,,,,,,,,,,,,,,,,,,,,,,,,,,,,,,,,,,,,,0.0,
2026-07-08 03:22:19,43.0,MB                  ,0.0,16384.0,10.0,,,,,,,,,,,,,,,,,,,,,,,,,,,,,,,,,,,,,,,,,0.0,
2026-07-08 03:22:19,44.0,ms                  ,0.0,50.0,10.0,,,%.1f                ,,,,,,,,,,,,,,,,,,,,,,,,,,,,,,,,,,,,,,0.0,
2026-07-08 03:22:19,50.0,6.000               ,408.246,200.0,400.0,0.0,50.75,50.750              ,50.75,50.75,50.75,50.75,50.75,50.75,50.75,51.876,37.517,44.539,42.511,48.007,32.533,46.497,33.05,42.066,2700.0,2700.0,2700.0,2700.0,3375.0,3375.0,2700.0,2700.0,3375.0,2.24,2.235,2.261,2.261,2.038,2.038,2.048,2.048,17.132,2793.0,8771.0,,0.0,
2026-07-08 03:22:20,49.0,8.000               ,408.246,200.0,933.0,0.0,49.625,49.625              ,49.625,49.625,49.625,49.625,49.625,49.625,49.625,8.478,4.961,20.175,8.442,9.609,4.028,19.767,9.316,10.597,1700.0,1700.0,1700.0,1700.0,1700.0,1700.0,1700.0,1700.0,1700.0,0.572,0.572,1.106,1.106,0.535,0.535,1.202,1.183,9.313,2863.0,8852.0,,1.0,
2026-07-08 03:22:21,51.0,2.000               ,397.957,200.0,1200.0,0.0,51.125,51.125              ,51.125,51.125,51.125,51.125,51.125,51.125,51.125,68.406,54.868,72.746,67.902,75.007,56.753,74.777,60.545,66.376,2333.333,2333.333,2800.0,2800.0,3500.0,3500.0,3500.0,3500.0,3500.0,3.042,3.046,3.719,3.758,3.419,3.411,3.404,3.489,22.884,2939.0,8919.0,,2.0,
2026-07-08 03:22:22,52.0,0.000               ,400.492,200.0,933.0,0.0,52.75,52.750              ,52.75,52.75,52.75,52.75,52.75,52.75,52.75,55.73,48.01,63.902,55.597,62.423,53.282,60.417,70.06,58.678,3475.0,3475.0,3475.0,3475.0,3475.0,3475.0,3450.0,3450.0,3475.0,3.233,3.229,3.501,3.456,3.396,3.407,3.97,3.991,22.836,2964.0,8916.0,,3.0,
2026-07-08 03:22:23,54.0,0.000               ,400.246,200.0,933.0,0.0,54.125,54.125              ,54.125,54.125,54.125,54.125,54.125,54.125,54.125,16.925,12.803,20.698,70.961,22.194,10.667,38.584,15.209,26.005,2333.333,2333.333,2333.333,2333.333,3500.0,3500.0,3500.0,3500.0,3500.0,1.321,1.321,3.864,3.886,1.305,1.302,2.095,2.027,15.758,3067.0,9018.0,,4.0,
2026-07-08 03:22:24,53.0,0.000               ,400.246,200.0,1067.0,0.0,52.875,52.875              ,52.875,52.875,52.875,52.875,52.875,52.875,52.875,4.857,2.665,1.963,52.587,30.448,0.663,5.956,1.323,12.558,2600.0,2600.0,3250.0,3250.0,2600.0,2600.0,2600.0,2600.0,3250.0,0.534,0.534,1.828,1.758,1.19,1.19,0.478,0.482,12.315,3554.0,9569.0,,5.0,
2026-07-08 03:22:25,52.0,0.000               ,400.246,200.0,933.0,0.0,52.875,52.875              ,52.875,52.875,52.875,52.875,52.875,52.875,52.875,11.934,3.57,3.416,44.538,49.307,3.266,9.585,10.1,16.965,2650.0,2650.0,2650.0,2650.0,2650.0,2650.0,2650.0,2650.0,2650.0,0.661,0.66,1.967,1.948,1.975,1.975,0.85,0.959,13.128,3667.0,9608.0,,6.0,
2026-07-08 03:22:26,53.0,0.000               ,400.246,200.0,933.0,0.0,53.625,53.625              ,53.625,53.625,53.625,53.625,53.625,53.625,53.625,4.728,6.101,2.992,55.937,51.287,2.65,9.864,7.219,17.597,2333.333,2333.333,3500.0,3500.0,3500.0,3500.0,3500.0,3500.0,3500.0,0.472,0.472,2.593,2.593,1.947,1.947,0.793,0.676,12.865,3691.0,9628.0,,7.0,
2026-07-08 03:22:27,53.0,0.000               ,400.246,200.0,933.0,0.0,53.75,53.750              ,53.75,53.75,53.75,53.75,53.75,53.75,53.75,12.905,9.07,9.383,67.439,45.074,9.054,17.784,23.701,24.301,2250.0,2250.0,3375.0,3375.0,2250.0,2250.0,2250.0,2250.0,3375.0,0.792,0.792,3.079,3.079,1.763,1.763,1.305,1.305,14.52,3738.0,9662.0,,8.0,
2026-07-08 03:22:28,53.0,0.000               ,400.246,200.0,933.0,0.0,53.25,53.250              ,53.25,53.25,53.25,53.25,53.25,53.25,53.25,27.027,11.077,10.304,38.529,39.144,7.275,12.857,9.486,19.462,2333.333,2333.333,2333.333,2333.333,3500.0,3500.0,2333.333,2333.333,3500.0,1.361,1.361,1.693,1.693,1.775,1.775,0.799,0.799,12.883,3911.0,9742.0,,9.0,
2026-07-08 03:22:29,53.0,0.000               ,437.801,200.0,1067.0,0.0,53.75,53.750              ,53.75,53.75,53.75,53.75,53.75,53.75,53.75,41.964,9.512,27.772,36.975,46.751,9.474,40.792,8.44,27.71,2333.333,2333.333,3500.0,3500.0,2333.333,2333.333,2333.333,2333.333,3500.0,2.006,2.006,2.419,2.419,1.935,1.935,1.921,1.926,16.508,4092.0,10001.0,0.0,10.0,
2026-07-08 03:22:30,54.0,0.000               ,468.207,200.0,933.0,0.0,54.75,54.750              ,54.75,54.75,54.75,54.75,54.75,54.75,54.75,37.557,16.652,33.15,43.867,61.393,28.485,68.412,14.7,38.027,2333.333,2333.333,2333.333,2333.333,2333.333,2333.333,3500.0,3500.0,3500.0,1.589,1.589,2.146,2.147,3.117,3.117,2.804,2.798,19.067,4055.0,10113.0,0.0,11.0,
2026-07-08 03:22:31,55.0,13.000              ,473.074,200.0,933.0,0.0,55.75,55.750              ,55.75,55.75,55.75,55.75,55.75,55.75,55.75,10.046,6.556,36.695,40.963,45.117,6.238,11.898,6.071,20.448,2333.333,2333.333,3500.0,3500.0,3500.0,3500.0,2333.333,2333.333,3500.0,0.799,0.799,3.503,3.502,2.213,2.219,0.835,0.835,14.864,4148.0,10220.0,0.0,12.0,
2026-07-08 03:22:32,55.0,13.000              ,480.301,200.0,933.0,0.0,55.25,55.250              ,55.25,55.25,55.25,55.25,55.25,55.25,55.25,4.587,15.329,2.175,84.652,14.712,4.338,3.866,4.155,16.727,2333.333,2333.333,3500.0,3500.0,2333.333,2333.333,2333.333,2333.333,3500.0,0.976,0.976,3.097,3.113,0.848,0.841,0.569,0.569,12.788,4210.0,10282.0,0.0,13.0,
2026-07-08 03:22:33,55.0,0.000               ,480.301,200.0,933.0,0.0,55.5,55.500              ,55.5,55.5,55.5,55.5,55.5,55.5,55.5,34.152,11.148,47.072,21.342,18.341,29.013,64.054,17.665,30.348,1555.556,1555.556,3500.0,3500.0,2333.333,2333.333,2333.333,2333.333,3500.0,1.784,1.784,1.919,1.865,1.973,1.986,4.143,4.143,15.807,4240.0,10298.0,0.0,14.0,
2026-07-08 03:22:34,55.0,0.000               ,525.387,200.0,933.0,0.0,56.0,56.000              ,56.0,56.0,56.0,56.0,56.0,56.0,56.0,38.904,15.504,71.781,31.999,38.877,18.836,52.589,23.954,36.555,2333.333,2333.333,3500.0,3500.0,2333.333,2333.333,3500.0,3500.0,3500.0,1.816,1.816,3.054,3.059,1.987,1.975,3.438,3.438,19.415,4262.0,10370.0,0.0,15.0,
2026-07-08 03:22:35,56.0,23.000              ,525.387,200.0,933.0,0.0,56.375,56.375              ,56.375,56.375,56.375,56.375,56.375,56.375,56.375,29.61,12.199,48.867,38.776,63.616,11.354,58.705,7.019,33.768,2333.333,2333.333,3500.0,3500.0,2333.333,2333.333,3500.0,3500.0,3500.0,1.772,1.772,2.446,2.442,3.032,3.032,3.271,3.271,19.015,4256.0,10423.0,0.0,16.0,
2026-07-08 03:22:36,56.0,48.000              ,525.406,200.0,933.0,0.0,56.5,56.500              ,56.5,56.5,56.5,56.5,56.5,56.5,56.5,49.115,10.52,59.261,20.664,57.438,6.549,34.982,15.417,31.743,3500.0,3500.0,2333.333,2333.333,2333.333,2333.333,2333.333,2333.333,3500.0,2.625,2.625,2.572,2.572,2.805,2.813,2.346,2.346,18.592,4253.0,10424.0,35.472,17.0,28.19
2026-07-08 03:22:37,56.0,50.000              ,531.598,200.0,933.0,0.0,56.875,56.875              ,56.875,56.875,56.875,56.875,56.875,56.875,56.875,31.073,17.027,59.567,32.24,32.776,36.099,57.628,12.691,34.888,2333.333,2333.333,3500.0,3500.0,2800.0,2800.0,3500.0,3500.0,3500.0,1.745,1.736,2.465,2.465,3.005,2.996,3.45,3.45,19.159,4249.0,10430.0,26.726,18.0,37.42
2026-07-08 03:22:38,57.0,54.000              ,556.121,200.0,1067.0,0.0,57.125,57.125              ,57.125,57.125,57.125,57.125,57.125,57.125,57.125,25.379,15.177,45.184,16.534,42.37,2.877,49.036,40.92,29.685,2333.333,2333.333,2800.0,2800.0,2333.333,2333.333,3500.0,3500.0,3500.0,1.182,1.182,2.088,2.09,1.787,1.787,4.338,4.338,19.399,4257.0,10450.0,45.966,19.0,21.76
2026-07-08 03:22:39,55.0,60.000              ,556.121,200.0,933.0,0.0,55.75,55.750              ,55.75,55.75,55.75,55.75,55.75,55.75,55.75,22.666,9.613,43.816,15.378,23.554,3.506,21.511,5.83,18.234,2650.0,2650.0,2650.0,2650.0,2650.0,2650.0,2650.0,2650.0,2650.0,0.902,0.902,1.549,1.547,0.767,0.767,0.81,0.81,13.022,4254.0,10450.0,21.312,20.0,46.92
2026-07-08 03:22:40,54.0,59.000              ,556.016,200.0,933.0,0.0,54.75,54.750              ,54.75,54.75,54.75,54.75,54.75,54.75,54.75,18.63,13.316,42.689,16.177,31.088,3.048,24.708,7.935,19.699,2333.333,2333.333,2800.0,2800.0,2333.333,2333.333,3500.0,3500.0,3500.0,0.942,0.942,1.573,1.577,0.922,0.922,1.086,1.086,13.626,4286.0,10478.0,21.413,21.0,46.7
2026-07-08 03:22:41,54.0,59.000              ,549.43,200.0,933.0,0.0,54.625,54.625              ,54.625,54.625,54.625,54.625,54.625,54.625,54.625,15.24,9.639,51.777,12.049,34.933,0.505,13.806,3.421,17.671,2333.333,2333.333,3500.0,3500.0,2825.0,2825.0,2260.0,2260.0,3500.0,0.96,0.96,1.889,1.885,1.093,1.093,0.81,0.812,14.039,4285.0,10477.0,20.07,22.0,49.83
2026-07-08 03:22:42,54.0,59.000              ,571.004,200.0,933.0,0.0,54.75,54.750              ,54.75,54.75,54.75,54.75,54.75,54.75,54.75,23.157,14.481,60.044,8.324,33.389,2.365,22.486,6.023,21.284,2333.333,2333.333,2333.333,2333.333,3500.0,3500.0,2333.333,2333.333,3500.0,1.217,1.217,1.901,1.901,1.155,1.155,0.961,0.959,14.712,4296.0,10514.0,34.283,23.0,29.17
2026-07-08 03:22:43,55.0,55.000              ,571.004,200.0,933.0,0.0,55.0,55.000              ,55.0,55.0,55.0,55.0,55.0,55.0,55.0,20.893,10.03,78.065,7.889,23.902,1.457,13.451,2.312,19.75,2333.333,2333.333,3500.0,3500.0,2333.333,2333.333,2333.333,2333.333,3500.0,1.144,1.144,2.437,2.437,1.029,1.029,0.801,0.801,14.415,4303.0,10514.0,17.214,24.0,58.09
2026-07-08 03:22:44,55.0,51.000              ,563.922,200.0,933.0,0.0,55.875,55.875              ,55.875,55.875,55.875,55.875,55.875,55.875,55.875,10.287,19.201,31.797,5.779,13.81,4.247,8.579,52.501,18.275,2333.333,2333.333,3500.0,3500.0,2333.333,2333.333,2333.333,2333.333,3500.0,1.22,1.22,1.242,1.242,0.774,0.774,2.742,2.742,13.907,4291.0,10502.0,682.11,25.0,1.47
2026-07-08 03:22:45,55.0,45.000              ,563.922,200.0,933.0,0.0,55.125,55.125              ,55.125,55.125,55.125,55.125,55.125,55.125,55.125,16.085,9.89,51.151,13.701,17.805,2.041,19.987,3.589,16.781,2650.0,2650.0,2650.0,2650.0,2650.0,2650.0,2650.0,2650.0,2650.0,0.892,0.892,1.903,1.903,0.81,0.81,0.783,0.783,13.162,4292.0,10501.0,23.622,26.0,42.33
2026-07-08 03:22:46,54.0,45.000              ,563.961,200.0,933.0,0.0,54.625,54.625              ,54.625,54.625,54.625,54.625,54.625,54.625,54.625,11.7,8.161,50.165,10.665,29.49,0.522,24.186,1.897,17.098,2340.0,2340.0,2340.0,2340.0,2340.0,2340.0,2925.0,2925.0,2925.0,0.863,0.863,1.76,1.76,1.081,1.081,0.921,0.921,13.775,4293.0,10501.0,18.047,27.0,55.41
2026-07-08 03:22:47,54.0,53.000              ,563.934,200.0,1200.0,0.0,54.625,54.625              ,54.625,54.625,54.625,54.625,54.625,54.625,54.625,34.299,22.017,52.015,21.622,48.402,13.783,37.864,22.781,31.598,2316.667,2316.667,3475.0,3475.0,2316.667,2316.667,2316.667,2316.667,3475.0,1.457,1.457,2.091,2.091,1.735,1.735,1.623,1.623,16.609,4327.0,10548.0,102.571,28.0,9.75
2026-07-08 03:22:48,54.0,57.000              ,563.934,200.0,933.0,0.0,54.875,54.875              ,54.875,54.875,54.875,54.875,54.875,54.875,54.875,18.251,12.595,50.628,14.949,21.791,4.409,30.7,20.587,21.739,2333.333,2333.333,2800.0,2800.0,2333.333,2333.333,3500.0,3500.0,3500.0,1.016,1.016,1.871,1.871,0.921,0.921,1.809,1.809,15.131,4331.0,10542.0,22.274,29.0,44.9
2026-07-08 03:22:49,55.0,58.000              ,563.934,200.0,1200.0,0.0,55.625,55.625              ,55.625,55.625,55.625,55.625,55.625,55.625,55.625,53.934,36.183,65.426,51.606,59.299,49.765,64.014,42.622,52.856,1444.444,1444.444,3250.0,3250.0,2600.0,2480.0,2480.0,2480.0,3250.0,1.826,1.828,2.508,2.518,2.429,2.429,2.38,2.38,20.674,4449.0,10789.0,21.388,30.0,46.76
2026-07-08 03:22:50,57.0,54.000              ,563.934,200.0,1200.0,0.0,57.25,57.250              ,57.25,57.25,57.25,57.25,57.25,57.25,57.25,61.545,30.804,62.877,53.978,64.667,49.615,57.973,48.498,53.745,2800.0,2800.0,2800.0,2800.0,3500.0,3500.0,2800.0,2800.0,3500.0,2.372,2.374,3.097,3.087,3.327,3.327,2.988,2.988,24.289,4580.0,10912.0,23.439,31.0,42.66
2026-07-08 03:22:51,58.0,55.000              ,563.934,200.0,933.0,0.0,58.625,58.625              ,58.625,58.625,58.625,58.625,58.625,58.625,58.625,52.832,31.912,64.831,45.887,58.765,39.202,55.112,53.947,50.311,3425.0,3425.0,3425.0,3425.0,3425.0,3425.0,1957.143,1957.143,3425.0,2.081,2.077,2.929,2.909,2.912,2.912,3.132,3.132,23.309,4595.0,10941.0,22.451,32.0,44.54
2026-07-08 03:22:52,59.0,57.000              ,563.934,200.0,1200.0,0.0,59.5,59.500              ,59.5,59.5,59.5,59.5,59.5,59.5,59.5,51.132,28.426,69.988,53.435,64.824,35.351,60.009,32.339,49.438,1737.5,2333.333,3500.0,3500.0,3500.0,3500.0,2800.0,2800.0,3500.0,2.006,2.025,3.335,3.374,2.947,2.947,2.772,2.772,22.657,4629.0,10970.0,21.2,33.0,47.17
2026-07-08 03:22:53,60.0,58.000              ,543.379,200.0,1200.0,0.0,60.5,60.500              ,60.5,60.5,60.5,60.5,60.5,60.5,60.5,56.466,34.409,58.64,54.77,58.757,41.6,46.767,58.666,51.259,2333.333,2333.333,3500.0,3500.0,2800.0,2800.0,2800.0,2800.0,3500.0,2.632,2.613,3.174,3.168,3.108,3.108,3.282,3.282,25.193,4639.0,10979.0,22.637,34.0,44.18
2026-07-08 03:22:54,61.0,64.000              ,543.379,200.0,1067.0,0.0,61.75,61.750              ,61.75,61.75,61.75,61.75,61.75,61.75,61.75,47.508,29.443,64.821,58.419,62.578,39.379,60.22,36.321,49.836,2800.0,2800.0,3500.0,3500.0,2800.0,2800.0,2800.0,2800.0,3500.0,2.384,2.387,3.911,3.904,2.902,2.902,3.173,3.173,25.073,4709.0,11054.0,19.865,35.0,50.34
2026-07-08 03:22:55,62.0,64.000              ,543.379,200.0,1067.0,0.0,62.0,62.000              ,62.0,62.0,62.0,62.0,62.0,62.0,62.0,40.976,22.011,47.004,46.94,52.584,39.921,42.22,44.987,42.08,2800.0,2800.0,3500.0,3500.0,2800.0,2800.0,2800.0,2800.0,3500.0,1.927,1.896,2.947,2.951,3.276,3.284,2.83,2.83,23.509,4849.0,11197.0,24.863,36.0,40.22
2026-07-08 03:22:56,61.0,60.000              ,543.379,200.0,1200.0,0.0,61.625,61.625              ,61.625,61.625,61.625,61.625,61.625,61.625,61.625,43.835,22.759,60.049,36.438,54.017,41.957,47.31,47.087,44.181,2333.333,2333.333,2800.0,2800.0,3500.0,3500.0,2333.333,2333.333,3500.0,1.75,1.776,2.504,2.5,2.744,2.74,2.485,2.485,22.217,4903.0,11208.0,22.259,37.0,44.93
2026-07-08 03:22:57,61.0,60.000              ,543.379,200.0,1200.0,0.0,61.375,61.375              ,61.375,61.375,61.375,61.375,61.375,61.375,61.375,46.862,26.814,60.385,34.253,57.02,42.51,56.694,36.207,45.093,2800.0,2800.0,3500.0,3500.0,2800.0,3500.0,2800.0,2800.0,3500.0,2.065,2.065,2.524,2.524,2.877,2.878,2.391,2.391,22.7,4643.0,10972.0,21.833,38.0,45.8
2026-07-08 03:22:58,62.0,60.000              ,543.379,200.0,1067.0,0.0,62.125,62.125              ,62.125,62.125,62.125,62.125,62.125,62.125,62.125,59.15,27.78,65.73,40.067,66.778,29.578,42.724,37.605,46.177,2800.0,2800.0,3500.0,3500.0,2800.0,2800.0,2333.333,2333.333,3500.0,2.507,2.513,3.16,3.16,2.983,2.979,2.432,2.436,23.482,4763.0,11081.0,17.259,39.0,57.94
2026-07-08 03:22:59,62.0,58.000              ,543.379,200.0,1200.0,0.0,62.25,62.250              ,62.25,62.25,62.25,62.25,62.25,62.25,62.25,56.89,17.261,66.104,51.942,71.432,24.347,54.075,20.164,45.277,2700.0,2700.0,3375.0,3375.0,2720.0,2720.0,2720.0,2720.0,3375.0,1.969,1.963,3.344,3.344,3.244,3.244,2.381,2.377,21.673,4822.0,11145.0,22.823,40.0,43.82
2026-07-08 03:23:00,62.0,57.000              ,543.379,200.0,1200.0,0.0,62.125,62.125              ,62.125,62.125,62.125,62.125,62.125,62.125,62.125,54.854,22.837,66.362,52.315,57.004,31.97,63.92,36.28,48.193,2780.0,2780.0,3475.0,3400.0,2720.0,2740.0,2740.0,2720.0,3475.0,1.97,1.97,3.116,3.116,2.346,2.323,2.677,2.677,21.391,4699.0,11024.0,22.823,41.0,43.82
2026-07-08 03:23:01,62.0,59.000              ,543.379,200.0,1067.0,0.0,62.0,62.000              ,62.0,62.0,62.0,62.0,62.0,62.0,62.0,54.06,22.104,67.008,46.841,70.921,22.668,65.181,18.859,45.955,2620.0,2620.0,3275.0,3275.0,2640.0,2640.0,2640.0,2640.0,3275.0,1.976,1.976,2.905,2.881,2.699,2.728,2.477,2.477,20.919,4749.0,11072.0,18.032,42.0,55.46
2026-07-08 03:23:02,62.0,62.000              ,543.379,200.0,1067.0,0.0,62.0,62.000              ,62.0,62.0,62.0,62.0,62.0,62.0,62.0,51.371,21.107,64.676,45.99,72.182,28.534,69.629,14.757,46.031,2620.0,2620.0,3275.0,3275.0,2620.0,2620.0,2620.0,2620.0,3275.0,1.803,1.803,2.688,2.693,2.551,2.551,2.298,2.302,20.587,4818.0,11135.0,19.949,43.0,50.13
2026-07-08 03:23:03,61.0,63.000              ,543.379,200.0,1067.0,0.0,61.875,61.875              ,61.875,61.875,61.875,61.875,61.875,61.875,61.875,55.088,19.896,57.607,53.386,56.583,40.53,40.482,47.201,46.347,2660.0,2660.0,2660.0,2660.0,3325.0,3300.0,2640.0,3350.0,3350.0,1.71,1.71,2.454,2.465,2.571,2.571,2.329,2.324,20.171,4900.0,11238.0,17.601,44.0,56.81
2026-07-08 03:23:04,61.0,63.000              ,543.379,200.0,1200.0,0.0,61.375,61.375              ,61.375,61.375,61.375,61.375,61.375,61.375,61.375,58.824,16.898,47.471,48.627,56.358,30.514,59.855,21.131,42.46,2600.0,2600.0,3250.0,3250.0,3250.0,3250.0,2600.0,2580.0,3250.0,1.753,1.756,2.141,2.144,2.039,2.039,1.903,1.903,19.991,4931.0,11369.0,25.46,45.0,39.28
2026-07-08 03:23:05,61.0,61.000              ,543.379,200.0,1200.0,0.0,61.125,61.125              ,61.125,61.125,61.125,61.125,61.125,61.125,61.125,37.721,26.952,61.795,35.409,62.599,13.213,44.967,32.179,39.355,2600.0,2600.0,3250.0,3250.0,2600.0,2600.0,2600.0,2600.0,3250.0,1.422,1.419,2.342,2.339,1.775,1.775,1.75,1.75,19.708,4967.0,11390.0,25.882,46.0,38.64
2026-07-08 03:23:06,60.0,61.000              ,543.379,200.0,1200.0,0.0,60.875,60.875              ,60.875,60.875,60.875,60.875,60.875,60.875,60.875,42.447,24.427,71.786,31.643,55.846,22.354,52.425,30.572,41.437,2166.667,2166.667,2600.0,2600.0,2660.0,2660.0,2660.0,2660.0,2660.0,1.349,1.349,2.304,2.304,1.687,1.687,1.758,1.758,19.399,4970.0,11412.0,18.123,47.0,55.18
2026-07-08 03:23:07,60.0,63.000              ,543.379,200.0,1067.0,0.0,60.875,60.875              ,60.875,60.875,60.875,60.875,60.875,60.875,60.875,44.588,21.567,64.469,31.908,66.51,24.42,59.837,30.292,42.949,2520.0,2520.0,3125.0,3125.0,2500.0,2500.0,2520.0,2520.0,3125.0,1.292,1.292,1.918,1.918,1.831,1.835,1.804,1.804,19.148,5034.0,11440.0,21.212,48.0,47.14
2026-07-08 03:23:08,60.0,62.000              ,543.379,200.0,1200.0,0.0,60.625,60.625              ,60.625,60.625,60.625,60.625,60.625,60.625,60.625,61.825,15.101,56.408,35.141,71.234,13.031,63.654,20.888,42.16,2540.0,2540.0,2540.0,2540.0,3175.0,3175.0,2540.0,2540.0,3175.0,1.53,1.53,1.772,1.772,1.734,1.731,1.773,1.773,18.845,5056.0,11473.0,22.321,49.0,44.8
2026-07-08 03:23:09,60.0,59.000              ,543.379,200.0,1200.0,0.0,60.625,60.625              ,60.625,60.625,60.625,60.625,60.625,60.625,60.625,61.311,15.221,57.444,48.337,62.702,25.286,70.416,18.239,44.869,2460.0,2460.0,3100.0,3100.0,2480.0,2480.0,2480.0,2480.0,3100.0,1.437,1.437,1.893,1.897,1.597,1.597,1.68,1.68,18.618,5066.0,11500.0,22.648,50.0,44.15
2026-07-08 03:23:10,60.0,57.000              ,543.379,200.0,1200.0,0.0,60.5,60.500              ,60.5,60.5,60.5,60.5,60.5,60.5,60.5,65.001,38.22,63.845,60.734,70.855,41.468,69.878,40.671,56.334,2480.0,2480.0,3100.0,3100.0,2480.0,2480.0,2480.0,2480.0,3100.0,1.408,1.408,1.704,1.69,1.635,1.635,1.578,1.578,18.483,5066.0,11513.0,23.507,51.0,42.54
2026-07-08 03:23:11,60.0,58.000              ,514.461,200.0,1067.0,0.0,60.5,60.500              ,60.5,60.5,60.5,60.5,60.5,60.5,60.5,67.665,32.889,73.095,62.578,59.273,45.513,65.343,35.566,55.24,2380.0,2360.0,2925.0,2800.0,2240.0,2240.0,2240.0,2240.0,2925.0,1.356,1.356,1.894,1.911,1.368,1.368,1.404,1.404,18.216,5135.0,11547.0,18.749,52.0,53.34
2026-07-08 03:23:12,60.0,61.000              ,514.461,200.0,1067.0,0.0,60.375,60.375              ,60.375,60.375,60.375,60.375,60.375,60.375,60.375,48.729,21.207,64.919,50.077,69.331,29.633,67.898,28.024,47.477,2360.0,2360.0,2950.0,2950.0,2360.0,2360.0,2360.0,2360.0,2950.0,1.098,1.102,1.737,1.732,1.525,1.525,1.549,1.552,17.996,5168.0,11588.0,21.443,53.0,46.64
2026-07-08 03:23:13,60.0,64.000              ,514.461,200.0,1067.0,0.0,60.25,60.250              ,60.25,60.25,60.25,60.25,60.25,60.25,60.25,45.477,22.937,65.212,53.303,49.57,40.85,64.595,32.77,46.839,2360.0,2360.0,2950.0,2950.0,2360.0,2380.0,2380.0,2360.0,2950.0,1.133,1.129,1.792,1.795,1.409,1.409,1.549,1.547,17.806,5219.0,11641.0,18.043,54.0,55.42
2026-07-08 03:23:14,60.0,65.000              ,514.461,200.0,1067.0,0.0,60.25,60.250              ,60.25,60.25,60.25,60.25,60.25,60.25,60.25,70.819,16.436,66.083,46.445,53.289,39.188,47.396,44.905,48.07,2340.0,2340.0,2340.0,2360.0,2360.0,2360.0,2950.0,2950.0,2950.0,1.301,1.301,1.56,1.56,1.404,1.393,1.44,1.44,17.696,5263.0,11650.0,17.675,55.0,56.58
2026-07-08 03:23:15,60.0,63.000              ,514.461,200.0,1067.0,0.0,60.0,60.000              ,60.0,60.0,60.0,60.0,60.0,60.0,60.0,51.458,19.634,57.758,58.791,62.523,29.468,49.16,56.323,48.14,2340.0,2340.0,2380.0,2950.0,2360.0,2360.0,2950.0,2950.0,2950.0,1.091,1.091,1.549,1.53,1.327,1.337,1.609,1.613,17.441,5296.0,11683.0,18.018,56.0,55.5
2026-07-08 03:23:16,60.0,63.000              ,514.461,200.0,1200.0,0.0,60.0,60.000              ,60.0,60.0,60.0,60.0,60.0,60.0,60.0,58.684,31.963,69.936,51.838,66.318,46.054,49.762,42.768,52.165,2300.0,2300.0,2300.0,2300.0,2900.0,2900.0,2300.0,2320.0,2900.0,1.153,1.153,1.551,1.576,1.45,1.452,1.275,1.272,17.477,5211.0,11718.0,18.176,57.0,55.02
2026-07-08 03:23:17,59.0,63.000              ,514.461,200.0,1200.0,0.0,59.625,59.625              ,59.625,59.625,59.625,59.625,59.625,59.625,59.625,54.733,22.136,53.781,51.84,58.548,33.254,53.302,39.013,45.826,2300.0,2300.0,2875.0,2900.0,2300.0,2300.0,2300.0,2320.0,2900.0,1.148,1.148,1.537,1.532,1.33,1.33,1.38,1.38,16.912,5243.0,11757.0,20.678,58.0,48.36
2026-07-08 03:23:18,59.0,61.000              ,514.461,200.0,1200.0,0.0,59.625,59.625              ,59.625,59.625,59.625,59.625,59.625,59.625,59.625,60.198,31.269,57.036,40.891,64.17,37.724,49.071,39.01,47.421,2280.0,2280.0,2280.0,2280.0,2850.0,2850.0,2280.0,2300.0,2850.0,1.252,1.252,1.345,1.345,1.554,1.554,1.321,1.321,17.178,5333.0,11812.0,22.913,59.0,43.64
2026-07-08 03:23:19,59.0,59.000              ,514.461,200.0,1067.0,0.0,59.625,59.625              ,59.625,59.625,59.625,59.625,59.625,59.625,59.625,55.575,31.915,61.36,52.4,48.033,44.006,53.227,47.892,49.301,2300.0,2300.0,2875.0,2875.0,2300.0,2300.0,2300.0,2300.0,2875.0,1.214,1.214,1.503,1.503,1.308,1.311,1.471,1.471,17.268,5344.0,11837.0,17.972,60.0,55.64
2026-07-08 03:23:20,59.0,59.000              ,514.461,200.0,1200.0,0.0,59.5,59.500              ,59.5,59.5,59.5,59.5,59.5,59.5,59.5,55.34,35.318,61.913,52.586,49.14,48.316,58.306,48.673,51.199,2280.0,2280.0,2875.0,2875.0,2300.0,2300.0,2300.0,2280.0,2875.0,1.158,1.14,1.423,1.429,1.255,1.249,1.392,1.392,16.826,5356.0,11855.0,22.563,61.0,44.32
2026-07-08 03:23:21,59.0,63.000              ,505.84,200.0,1200.0,0.0,59.25,59.250              ,59.25,59.25,59.25,59.25,59.25,59.25,59.25,44.768,33.513,61.283,50.5,50.729,54.259,45.676,56.343,49.634,2260.0,2260.0,2260.0,2260.0,2260.0,2260.0,2825.0,2825.0,2825.0,1.005,1.021,1.365,1.363,1.375,1.375,1.352,1.352,16.864,5386.0,11900.0,23.235,62.0,43.04
2026-07-08 03:23:22,59.0,65.000              ,505.84,200.0,1200.0,0.0,59.25,59.250              ,59.25,59.25,59.25,59.25,59.25,59.25,59.25,53.775,33.089,57.534,59.004,59.966,45.399,45.746,34.748,48.658,2220.0,2220.0,2220.0,2240.0,2800.0,2800.0,2240.0,2240.0,2800.0,1.09,1.09,1.381,1.378,1.399,1.405,1.137,1.137,16.647,5451.0,11932.0,17.941,63.0,55.74
2026-07-08 03:23:23,59.0,63.000              ,505.84,200.0,1200.0,0.0,59.125,59.125              ,59.125,59.125,59.125,59.125,59.125,59.125,59.125,51.033,21.718,68.001,53.156,48.713,51.406,65.185,24.914,48.015,2240.0,2240.0,2800.0,2800.0,2240.0,2800.0,2240.0,2240.0,2800.0,0.959,0.962,1.388,1.388,1.36,1.354,1.176,1.179,16.691,5450.0,11935.0,17.686,64.0,56.54
2026-07-08 03:23:24,59.0,63.000              ,505.84,200.0,1067.0,0.0,59.125,59.125              ,59.125,59.125,59.125,59.125,59.125,59.125,59.125,53.387,26.09,61.216,54.356,63.744,33.557,57.84,20.559,46.343,2240.0,2240.0,2240.0,2240.0,2800.0,2800.0,2240.0,2240.0,2800.0,1.041,1.023,1.476,1.476,1.278,1.278,1.102,1.099,16.476,5455.0,11944.0,17.848,65.0,56.03
2026-07-08 03:23:25,59.0,64.000              ,505.84,200.0,1200.0,0.0,59.0,59.000              ,59.0,59.0,59.0,59.0,59.0,59.0,59.0,53.605,18.233,56.162,50.486,49.719,44.482,61.054,27.622,45.17,2200.0,2200.0,2750.0,2775.0,2220.0,2220.0,2220.0,2220.0,2775.0,0.969,0.983,1.387,1.387,1.305,1.305,1.246,1.246,16.475,5462.0,11961.0,27.472,66.0,36.4
2026-07-08 03:23:26,58.0,62.000              ,505.84,200.0,1067.0,0.0,58.75,58.750              ,58.75,58.75,58.75,58.75,58.75,58.75,58.75,52.006,18.085,60.781,48.056,51.737,43.737,51.007,47.753,46.645,1850.0,1850.0,2220.0,2220.0,2220.0,2775.0,2240.0,2240.0,2775.0,0.925,0.925,1.323,1.325,1.263,1.263,1.349,1.349,16.303,5515.0,11986.0,22.986,67.0,43.5
2026-07-08 03:23:27,58.0,59.000              ,505.84,200.0,1200.0,0.0,58.75,58.750              ,58.75,58.75,58.75,58.75,58.75,58.75,58.75,61.622,26.046,53.957,49.468,62.946,24.048,62.606,34.975,46.958,2800.0,2800.0,2220.0,2220.0,2240.0,2240.0,2240.0,2240.0,2800.0,1.181,1.183,1.277,1.276,1.129,1.129,1.294,1.294,16.247,5519.0,12009.0,23.103,68.0,43.28
2026-07-08 03:23:28,58.0,60.000              ,505.84,200.0,1200.0,0.0,58.625,58.625              ,58.625,58.625,58.625,58.625,58.625,58.625,58.625,51.935,29.717,62.773,46.589,66.999,36.509,60.626,33.525,48.584,2200.0,2200.0,2750.0,2750.0,2200.0,2200.0,2200.0,2775.0,2775.0,0.996,0.994,1.323,1.321,1.329,1.329,1.163,1.163,16.198,5528.0,12022.0,22.282,69.0,44.88
2026-07-08 03:23:29,58.0,61.000              ,505.84,200.0,1200.0,0.0,58.5,58.500              ,58.5,58.5,58.5,58.5,58.5,58.5,58.5,58.327,25.888,62.192,58.765,61.394,36.125,72.355,25.87,50.115,2200.0,2200.0,2200.0,2200.0,2725.0,2725.0,2180.0,2180.0,2725.0,1.0,1.0,1.37,1.37,1.107,1.107,1.201,1.201,16.19,5548.0,12032.0,18.765,70.0,53.29
2026-07-08 03:23:30,58.0,64.000              ,505.84,200.0,1200.0,0.0,58.5,58.500              ,58.5,58.5,58.5,58.5,58.5,58.5,58.5,59.542,24.055,60.351,49.057,66.364,34.538,59.578,32.857,48.293,2140.0,2140.0,2140.0,2140.0,2675.0,2675.0,2140.0,2140.0,2675.0,1.006,1.006,1.226,1.228,1.22,1.229,1.153,1.153,15.987,5580.0,12051.0,17.844,71.0,56.04
2026-07-08 03:23:31,58.0,64.000              ,505.59,200.0,1200.0,0.0,58.375,58.375              ,58.375,58.375,58.375,58.375,58.375,58.375,58.375,55.803,23.556,55.984,56.852,61.341,49.016,68.619,28.938,50.014,2180.0,2180.0,2725.0,2725.0,2725.0,2725.0,2725.0,2725.0,2725.0,0.947,0.931,1.195,1.193,1.282,1.274,1.184,1.184,15.99,5578.0,12058.0,17.502,72.0,57.14
2026-07-08 03:23:32,58.0,64.000              ,505.59,200.0,933.0,0.0,58.5,58.500              ,58.5,58.5,58.5,58.5,58.5,58.5,58.5,57.063,22.675,66.356,49.751,59.081,33.049,57.886,38.733,48.074,2160.0,2160.0,2675.0,2675.0,2140.0,2160.0,2160.0,2160.0,2675.0,1.07,1.087,1.469,1.469,1.25,1.25,1.421,1.421,15.765,5595.0,12083.0,17.597,73.0,56.83
2026-07-08 03:23:33,58.0,64.000              ,505.59,200.0,1200.0,0.0,58.25,58.250              ,58.25,58.25,58.25,58.25,58.25,58.25,58.25,64.081,29.376,56.349,61.132,70.992,36.921,71.689,35.537,53.26,2220.0,2220.0,2775.0,2775.0,2220.0,2220.0,2220.0,2220.0,2775.0,1.045,1.045,1.259,1.259,1.234,1.236,1.259,1.259,16.178,5617.0,12239.0,28.551,74.0,35.03
2026-07-08 03:23:34,58.0,61.000              ,505.59,200.0,1200.0,0.0,58.25,58.250              ,58.25,58.25,58.25,58.25,58.25,58.25,58.25,77.899,61.868,81.713,82.176,86.914,66.17,80.744,71.694,76.147,1900.0,1900.0,2375.0,2160.0,2160.0,1800.0,1800.0,1800.0,2375.0,1.0,1.002,1.241,1.241,1.206,1.203,1.182,1.184,16.11,5509.0,12265.0,28.687,75.0,34.86
2026-07-08 03:23:35,58.0,62.000              ,505.59,200.0,1067.0,0.0,58.125,58.125              ,58.125,58.125,58.125,58.125,58.125,58.125,58.125,72.784,56.278,76.478,69.129,79.893,52.922,71.422,58.836,67.218,2140.0,2140.0,2140.0,2140.0,2140.0,2140.0,2140.0,2160.0,2160.0,0.957,0.956,1.179,1.179,1.128,1.128,1.073,1.055,15.509,5570.0,12320.0,17.751,76.0,56.33
2026-07-08 03:23:36,58.0,64.000              ,505.59,200.0,1200.0,0.0,58.0,58.000              ,58.0,58.0,58.0,58.0,58.0,58.0,58.0,74.458,65.545,72.919,76.906,69.454,73.679,60.905,74.873,71.092,1840.0,1840.0,2300.0,2300.0,1840.0,1840.0,2300.0,2300.0,2300.0,1.047,1.05,1.234,1.236,1.243,1.243,1.249,1.269,15.84,5535.0,12334.0,25.252,77.0,39.6
2026-07-08 03:23:37,57.0,60.000              ,505.59,200.0,1200.0,0.0,57.875,57.875              ,57.875,57.875,57.875,57.875,57.875,57.875,57.875,64.69,76.595,71.84,68.22,73.822,56.111,65.533,70.682,68.437,2300.0,1840.0,1840.0,1840.0,1840.0,1840.0,2300.0,2300.0,2300.0,1.072,1.091,1.11,1.111,1.115,1.115,1.265,1.267,15.567,5286.0,12352.0,22.231,78.0,44.98
2026-07-08 03:23:38,58.0,58.000              ,505.59,200.0,933.0,0.0,58.25,58.250              ,58.25,58.25,58.25,58.25,58.25,58.25,58.25,42.453,29.363,60.772,65.72,53.006,52.192,55.761,39.897,49.896,2100.0,2100.0,2625.0,2625.0,2100.0,2100.0,2100.0,2100.0,2625.0,1.023,0.999,1.827,1.824,1.532,1.532,1.494,1.492,15.244,5302.0,12401.0,23.002,79.0,43.47
2026-07-08 03:23:39,58.0,61.000              ,505.59,200.0,933.0,0.0,58.25,58.250              ,58.25,58.25,58.25,58.25,58.25,58.25,58.25,40.6,31.723,57.75,51.074,64.063,29.568,38.175,61.977,46.866,1933.333,1933.333,2900.0,2900.0,2320.0,2320.0,2320.0,2320.0,2900.0,1.124,1.124,1.739,1.723,1.548,1.548,1.68,1.683,15.577,5353.0,12458.0,21.229,80.0,47.11
2026-07-08 03:23:40,58.0,63.000              ,505.59,200.0,933.0,0.0,58.375,58.375              ,58.375,58.375,58.375,58.375,58.375,58.375,58.375,46.168,22.824,50.309,56.008,49.521,57.525,47.868,60.1,48.791,2400.0,2400.0,2400.0,2400.0,2400.0,2400.0,3000.0,3000.0,3000.0,1.074,1.074,1.505,1.517,1.799,1.801,1.759,1.756,15.576,5411.0,12513.0,17.471,81.0,57.24
2026-07-08 03:23:41,58.0,62.000              ,505.59,200.0,933.0,0.0,58.25,58.250              ,58.25,58.25,58.25,58.25,58.25,58.25,58.25,54.788,34.185,69.647,56.011,71.946,48.765,66.107,43.209,55.582,1983.333,1983.333,2380.0,2380.0,2380.0,2380.0,2380.0,2380.0,2380.0,1.155,1.157,1.471,1.471,1.365,1.377,1.51,1.51,15.795,5129.0,12561.0,17.545,82.0,57.0
2026-07-08 03:23:42,58.0,62.000              ,505.59,200.0,933.0,0.0,58.0,58.000              ,58.0,58.0,58.0,58.0,58.0,58.0,58.0,41.918,25.282,51.058,49.467,50.352,49.417,51.915,55.75,46.895,2240.0,2240.0,2240.0,2240.0,2800.0,2825.0,2260.0,2260.0,2825.0,0.999,0.997,1.36,1.36,1.736,1.7,1.822,1.822,15.313,5185.0,12621.0,17.991,83.0,55.58
2026-07-08 03:23:43,58.0,62.000              ,505.59,200.0,1067.0,0.0,58.125,58.125              ,58.125,58.125,58.125,58.125,58.125,58.125,58.125,43.428,23.517,55.834,58.504,43.796,59.007,56.751,35.44,47.035,2340.0,2340.0,2340.0,2360.0,2360.0,2360.0,2950.0,2950.0,2950.0,1.03,1.03,1.556,1.542,1.694,1.715,1.551,1.551,15.69,5252.0,12686.0,17.863,84.0,55.98
2026-07-08 03:23:44,57.0,60.000              ,505.59,200.0,1067.0,0.0,57.5,57.500              ,57.5,57.5,57.5,57.5,57.5,57.5,57.5,42.99,27.008,50.359,38.297,45.307,54.976,47.944,54.242,45.14,2100.0,2100.0,2100.0,2100.0,2625.0,2625.0,2100.0,2100.0,2625.0,0.878,0.878,1.073,1.08,1.469,1.469,1.367,1.367,15.521,5340.0,12776.0,25.824,85.0,38.72
2026-07-08 03:23:45,57.0,59.000              ,505.59,200.0,1067.0,0.0,57.5,57.500              ,57.5,57.5,57.5,57.5,57.5,57.5,57.5,54.697,19.981,53.261,44.3,62.216,40.031,41.867,55.828,46.523,2080.0,2080.0,2600.0,2600.0,2080.0,2080.0,2080.0,2080.0,2600.0,0.955,0.955,1.242,1.244,1.473,1.473,1.363,1.341,15.271,5431.0,12865.0,22.867,86.0,43.73
2026-07-08 03:23:46,57.0,58.000              ,505.59,200.0,1200.0,0.0,57.25,57.250              ,57.25,57.25,57.25,57.25,57.25,57.25,57.25,48.276,31.587,73.476,47.516,57.204,40.702,52.826,58.197,51.223,2200.0,2200.0,2180.0,2180.0,2725.0,2725.0,2180.0,2180.0,2725.0,0.877,0.877,1.228,1.227,1.08,1.08,1.211,1.23,15.479,5473.0,12911.0,19.009,87.0,52.61
2026-07-08 03:23:47,57.0,60.000              ,505.59,200.0,1200.0,0.0,57.0,57.000              ,57.0,57.0,57.0,57.0,57.0,57.0,57.0,52.902,28.458,67.706,51.576,53.927,52.546,59.944,63.825,53.861,2140.0,2140.0,2675.0,2675.0,2140.0,2140.0,1783.333,1783.333,2675.0,0.87,0.87,1.176,1.161,1.198,1.198,1.421,1.421,15.54,5521.0,12956.0,22.333,88.0,44.78
2026-07-08 03:23:48,57.0,62.000              ,505.59,200.0,1200.0,0.0,57.125,57.125              ,57.125,57.125,57.125,57.125,57.125,57.125,57.125,50.789,20.592,70.202,53.41,60.527,43.928,42.32,49.929,48.962,2020.0,2020.0,2020.0,2020.0,2020.0,2020.0,2525.0,2525.0,2525.0,0.861,0.861,1.249,1.265,1.259,1.25,1.377,1.377,15.095,5535.0,12963.0,17.394,89.0,57.49
2026-07-08 03:23:49,57.0,63.000              ,505.59,200.0,933.0,0.0,57.0,57.000              ,57.0,57.0,57.0,57.0,57.0,57.0,57.0,44.695,17.189,46.573,37.867,47.74,25.324,50.753,28.598,37.342,2260.0,2260.0,2850.0,2850.0,2280.0,2280.0,1900.0,1900.0,2850.0,1.012,1.012,1.184,1.164,1.09,1.096,1.137,1.137,14.874,5535.0,12959.0,17.448,90.0,57.31
2026-07-08 03:23:50,57.0,63.000              ,505.59,200.0,933.0,0.0,57.0,57.000              ,57.0,57.0,57.0,57.0,57.0,57.0,57.0,24.178,17.764,51.747,18.366,47.418,7.048,29.209,13.821,26.194,2520.0,2520.0,2520.0,2520.0,2520.0,2520.0,3150.0,3150.0,3150.0,1.057,1.057,1.658,1.685,1.344,1.344,1.161,1.161,14.527,5542.0,12968.0,62.426,91.0,16.02
2026-07-08 03:23:51,57.0,60.000              ,505.473,200.0,933.0,0.0,57.625,57.625              ,57.625,57.625,57.625,57.625,57.625,57.625,57.625,20.648,9.811,29.071,43.116,38.303,8.289,38.405,21.876,26.19,2480.0,2480.0,3475.0,3475.0,2316.667,2316.667,2316.667,2316.667,3475.0,1.056,1.056,2.227,2.228,1.472,1.472,1.756,1.756,15.23,5432.0,12827.0,17.647,92.0,56.67
2026-07-08 03:23:52,58.0,29.000              ,505.473,200.0,933.0,0.0,58.875,58.875              ,58.875,58.875,58.875,58.875,58.875,58.875,58.875,10.409,1.592,6.888,75.08,24.803,2.206,32.325,7.093,20.05,2333.333,2333.333,2333.333,2333.333,2333.333,2333.333,3500.0,3500.0,3500.0,0.752,0.752,4.216,4.214,1.236,1.236,1.532,1.532,14.531,5462.0,12863.0,0.0,93.0,
2026-07-08 03:23:53,59.0,0.000               ,507.977,200.0,933.0,0.0,59.5,59.500              ,59.5,59.5,59.5,59.5,59.5,59.5,59.5,8.665,2.692,6.265,78.908,37.01,3.211,22.431,6.186,20.671,2333.333,2333.333,3500.0,3500.0,2333.333,2333.333,2333.333,2333.333,3500.0,0.684,0.684,3.92,3.944,1.582,1.582,1.072,1.073,14.522,5458.0,12839.0,2302.096,94.0,0.43
2026-07-08 03:23:54,60.0,0.000               ,507.977,200.0,933.0,0.0,60.375,60.375              ,60.375,60.375,60.375,60.375,60.375,60.375,60.375,5.084,24.488,8.48,73.944,22.224,1.18,16.395,4.331,19.516,2333.333,2333.333,3500.0,3500.0,2333.333,2333.333,2333.333,2333.333,3500.0,1.717,1.717,4.379,4.35,0.952,0.97,0.953,0.952,14.692,5483.0,12863.0,0.0,95.0,
2026-07-08 03:23:55,61.0,0.000               ,507.977,200.0,933.0,0.0,61.0,61.000              ,61.0,61.0,61.0,61.0,61.0,61.0,61.0,6.829,2.229,4.726,92.902,25.548,2.682,19.043,3.985,19.743,2333.333,2333.333,3500.0,3500.0,2333.333,2333.333,2333.333,2333.333,3500.0,0.647,0.647,4.84,4.843,1.166,1.151,0.929,0.929,15.019,5522.0,12911.0,0.0,96.0,
2026-07-08 03:23:56,60.0,0.000               ,502.668,200.0,933.0,0.0,60.125,60.125              ,60.125,60.125,60.125,60.125,60.125,60.125,60.125,21.737,1.805,16.817,39.931,45.335,1.637,23.133,3.537,19.241,3500.0,3500.0,2333.333,2333.333,2333.333,2333.333,2333.333,2333.333,3500.0,1.117,1.117,2.14,2.109,1.98,1.98,1.08,1.08,13.559,5551.0,12921.0,3114.77,97.0,0.32
2026-07-08 03:23:57,59.0,0.000               ,502.668,200.0,1067.0,0.0,59.625,59.625              ,59.625,59.625,59.625,59.625,59.625,59.625,59.625,42.824,29.784,34.789,50.681,60.738,29.188,45.942,25.628,39.947,2333.333,2333.333,3500.0,3500.0,2333.333,2333.333,2333.333,2333.333,3500.0,1.637,1.637,1.986,1.981,2.512,2.526,1.791,1.793,17.066,5319.0,12970.0,0.0,98.0,
2026-07-08 03:23:58,58.0,0.000               ,502.668,200.0,933.0,0.0,58.5,58.500              ,58.5,58.5,58.5,58.5,58.5,58.5,58.5,34.521,49.788,39.976,45.072,67.109,29.217,54.576,30.242,43.813,2240.0,2240.0,2800.0,2800.0,2240.0,2240.0,2240.0,2240.0,2800.0,1.305,1.305,1.382,1.382,1.818,1.805,1.311,1.309,14.275,5049.0,13011.0,0.0,99.0,
2026-07-08 03:23:59,58.0,0.000               ,502.668,200.0,933.0,0.0,58.625,58.625              ,58.625,58.625,58.625,58.625,58.625,58.625,58.625,15.052,2.138,17.402,46.939,50.729,3.131,19.356,7.461,20.276,2800.0,2800.0,2240.0,2240.0,2240.0,2240.0,2240.0,2240.0,2800.0,0.808,0.808,2.167,2.167,1.824,1.826,0.979,0.979,13.401,5089.0,13041.0,0.0,100.0,
2026-07-08 03:24:00,58.0,0.000               ,502.668,200.0,933.0,0.0,58.625,58.625              ,58.625,58.625,58.625,58.625,58.625,58.625,58.625,16.231,5.514,14.291,69.374,33.834,4.494,26.047,8.453,22.28,2333.333,2333.333,3500.0,3500.0,2333.333,2333.333,2333.333,2333.333,3500.0,0.909,0.909,3.037,3.039,1.339,1.338,1.217,1.217,14.413,5203.0,13093.0,0.0,101.0,
2026-07-08 03:24:01,58.0,0.000               ,502.668,200.0,933.0,0.0,58.75,58.750              ,58.75,58.75,58.75,58.75,58.75,58.75,58.75,14.679,2.669,9.766,72.974,27.057,0.921,23.798,4.71,19.572,2333.333,2333.333,3500.0,3500.0,2333.333,2333.333,2333.333,2333.333,3500.0,0.871,0.872,3.028,3.027,1.12,1.12,1.109,1.109,13.637,5237.0,13153.0,0.0,102.0,
2026-07-08 03:24:02,59.0,0.000               ,502.668,200.0,933.0,0.0,59.0,59.000              ,59.0,59.0,59.0,59.0,59.0,59.0,59.0,9.627,5.278,10.586,80.567,29.628,3.989,17.115,8.57,20.67,2333.333,2333.333,2333.333,3375.0,2700.0,2700.0,2250.0,2250.0,3375.0,0.727,0.726,3.147,3.147,1.034,1.034,0.946,0.946,13.483,5273.0,13194.0,0.0,103.0,
2026-07-08 03:24:03,58.0,0.000               ,502.668,200.0,933.0,0.0,58.75,58.750              ,58.75,58.75,58.75,58.75,58.75,58.75,58.75,12.186,1.15,18.776,46.331,41.794,2.237,33.44,4.828,20.093,2333.333,2333.333,3500.0,3500.0,2333.333,2333.333,2333.333,2333.333,3500.0,0.728,0.728,2.248,2.248,1.544,1.544,1.342,1.342,13.313,5367.0,13269.0,0.0,104.0,
2026-07-08 03:24:04,58.0,0.000               ,502.668,200.0,933.0,0.0,58.125,58.125              ,58.125,58.125,58.125,58.125,58.125,58.125,58.125,16.917,1.819,24.217,11.594,61.541,9.861,37.127,3.879,20.869,2360.0,2360.0,2950.0,2950.0,3500.0,3500.0,2333.333,2333.333,3500.0,0.803,0.803,1.089,1.09,2.389,2.391,1.325,1.325,13.18,5413.0,13323.0,0.0,105.0,
2026-07-08 03:24:05,58.0,0.000               ,502.668,200.0,933.0,0.0,58.0,58.000              ,58.0,58.0,58.0,58.0,58.0,58.0,58.0,10.75,3.427,22.495,34.841,48.161,17.368,31.748,4.227,21.627,2333.333,2333.333,3500.0,3500.0,2333.333,2333.333,2333.333,2333.333,3500.0,0.693,0.693,1.839,1.85,2.286,2.284,1.244,1.244,13.697,5458.0,13381.0,0.0,106.0,
2026-07-08 03:24:06,58.0,0.000               ,502.668,200.0,1200.0,0.0,58.625,58.625              ,58.625,58.625,58.625,58.625,58.625,58.625,58.625,28.568,23.964,37.727,33.612,66.605,18.323,65.602,15.56,36.245,2333.333,2333.333,2333.333,2333.333,3500.0,3500.0,2333.333,2333.333,3500.0,1.441,1.441,1.761,1.781,2.372,2.372,2.397,2.397,16.919,5331.0,13426.0,0.0,107.0,
2026-07-08 03:24:07,57.0,0.000               ,502.668,200.0,933.0,0.0,57.875,57.875              ,57.875,57.875,57.875,57.875,57.875,57.875,57.875,35.87,55.166,42.966,55.48,60.592,27.752,56.519,27.206,45.194,2460.0,2460.0,3075.0,3075.0,2460.0,2460.0,2440.0,2850.0,3075.0,1.518,1.518,1.775,1.755,1.503,1.503,1.468,1.468,15.484,5095.0,13488.0,0.0,108.0,
2026-07-08 03:24:08,57.0,0.000               ,502.668,200.0,933.0,0.0,57.5,57.500              ,57.5,57.5,57.5,57.5,57.5,57.5,57.5,14.571,1.241,21.131,23.023,47.254,1.585,40.189,4.177,19.146,2333.333,2333.333,3500.0,3500.0,2333.333,2333.333,2333.333,2333.333,3500.0,0.735,0.735,1.367,1.367,1.609,1.609,1.387,1.387,12.4,5158.0,13547.0,0.0,109.0,
2026-07-08 03:24:09,57.0,0.000               ,502.668,200.0,933.0,0.0,57.375,57.375              ,57.375,57.375,57.375,57.375,57.375,57.375,57.375,14.751,1.966,25.731,15.059,70.181,4.599,26.915,4.439,20.455,2333.333,2333.333,2333.333,2333.333,3500.0,3500.0,2333.333,2333.333,3500.0,0.78,0.78,1.189,1.191,2.516,2.516,1.077,1.077,12.993,5210.0,13610.0,0.0,110.0,
2026-07-08 03:24:10,57.0,0.000               ,502.668,200.0,933.0,0.0,57.5,57.500              ,57.5,57.5,57.5,57.5,57.5,57.5,57.5,9.768,1.344,24.588,30.51,60.048,1.414,27.137,3.737,19.818,2333.333,2333.333,2333.333,2333.333,3500.0,3500.0,2333.333,2333.333,3500.0,0.683,0.683,1.872,1.871,2.148,2.148,1.137,1.139,13.337,5257.0,13667.0,0.0,111.0,
2026-07-08 03:24:11,57.0,0.000               ,502.668,200.0,933.0,0.0,57.5,57.500              ,57.5,57.5,57.5,57.5,57.5,57.5,57.5,18.615,1.677,25.465,8.462,81.911,2.603,28.718,3.901,21.419,2333.333,2333.333,2333.333,2333.333,3500.0,3500.0,2333.333,2333.333,3500.0,0.897,0.897,1.027,1.027,2.947,2.953,1.106,1.103,13.472,5351.0,13729.0,0.0,112.0,
2026-07-08 03:24:12,57.0,0.000               ,502.668,200.0,933.0,0.0,57.625,57.625              ,57.625,57.625,57.625,57.625,57.625,57.625,57.625,9.568,3.667,11.407,63.533,32.194,20.1,30.94,4.11,21.94,2333.333,2333.333,3500.0,3500.0,2333.333,2333.333,2333.333,2333.333,3500.0,0.734,0.734,2.584,2.588,1.774,1.768,1.225,1.225,14.177,5382.0,13760.0,15744.668,113.0,0.06
2026-07-08 03:24:13,57.0,0.000               ,502.668,200.0,933.0,0.0,57.625,57.625              ,57.625,57.625,57.625,57.625,57.625,57.625,57.625,22.257,5.608,16.863,41.62,52.128,4.408,43.953,6.774,24.201,2333.333,2333.333,3500.0,3500.0,2333.333,2333.333,2333.333,2333.333,3500.0,0.984,0.986,1.781,1.795,1.813,1.813,1.646,1.646,14.17,5417.0,13810.0,0.0,114.0,
2026-07-08 03:24:14,57.0,0.000               ,502.668,200.0,933.0,0.0,57.625,57.625              ,57.625,57.625,57.625,57.625,57.625,57.625,57.625,17.084,2.508,12.494,54.521,53.614,2.941,30.11,4.221,22.187,2333.333,2333.333,3500.0,3500.0,2333.333,2333.333,2333.333,2333.333,3500.0,0.867,0.865,2.239,2.214,1.957,1.957,1.228,1.228,14.163,5461.0,13849.0,0.0,115.0,
2026-07-08 03:24:15,58.0,0.000               ,502.668,200.0,1200.0,0.0,58.125,58.125              ,58.125,58.125,58.125,58.125,58.125,58.125,58.125,28.105,17.108,27.441,54.867,77.366,11.542,45.181,14.691,34.538,2333.333,2333.333,3500.0,3500.0,3500.0,3500.0,2333.333,2333.333,3500.0,1.36,1.36,2.348,2.348,2.816,2.82,1.778,1.784,17.436,5449.0,13904.0,0.0,116.0,
2026-07-08 03:24:16,57.0,0.000               ,502.668,200.0,1200.0,0.0,57.625,57.625              ,57.625,57.625,57.625,57.625,57.625,57.625,57.625,38.57,54.529,43.227,50.56,65.967,28.652,60.573,31.582,46.707,2500.0,2500.0,3125.0,3125.0,2500.0,2500.0,2500.0,2500.0,3125.0,1.684,1.692,1.718,1.721,1.829,1.825,1.688,1.657,16.024,5215.0,13947.0,0.0,117.0,
2026-07-08 03:24:17,57.0,0.000               ,502.668,200.0,933.0,0.0,57.5,57.500              ,57.5,57.5,57.5,57.5,57.5,57.5,57.5,9.613,3.482,18.557,39.258,58.545,1.569,30.706,8.369,21.262,2360.0,2360.0,2360.0,2360.0,3500.0,3500.0,2333.333,2333.333,3500.0,0.712,0.704,1.873,1.86,1.966,1.966,1.339,1.359,13.567,5263.0,13996.0,0.0,118.0,
2026-07-08 03:24:18,57.0,0.000               ,502.668,200.0,933.0,0.0,57.75,57.750              ,57.75,57.75,57.75,57.75,57.75,57.75,57.75,11.311,4.189,9.209,79.965,36.285,3.452,21.358,7.27,21.63,2333.333,2333.333,2333.333,3500.0,2333.333,2333.333,2333.333,2333.333,3500.0,0.745,0.745,3.147,3.179,1.256,1.256,1.058,1.058,14.116,5343.0,14044.0,0.0,119.0,
2026-07-08 03:24:19,57.0,0.000               ,502.668,200.0,933.0,0.0,57.625,57.625              ,57.625,57.625,57.625,57.625,57.625,57.625,57.625,12.279,6.077,10.688,51.331,52.442,2.235,21.048,5.054,20.144,2333.333,2333.333,3500.0,3500.0,2333.333,2333.333,2333.333,2333.333,3500.0,0.834,0.834,2.19,2.209,1.855,1.855,1.025,1.025,13.608,5388.0,14091.0,7432.428,120.0,0.13
2026-07-08 03:24:20,58.0,2.000               ,502.668,200.0,1067.0,0.0,58.0,58.000              ,58.0,58.0,58.0,58.0,58.0,58.0,58.0,37.916,23.93,35.098,38.02,56.832,17.315,57.91,18.504,35.69,2333.333,2333.333,3500.0,3500.0,2333.333,2333.333,2333.333,2333.333,3500.0,1.709,1.709,2.097,2.079,2.219,2.219,2.248,2.248,17.006,5349.0,14186.0,0.0,121.0,
2026-07-08 03:24:21,57.0,2.000               ,502.668,200.0,933.0,0.0,57.5,57.500              ,57.5,57.5,57.5,57.5,57.5,57.5,57.5,22.607,13.038,29.718,22.185,59.491,12.29,44.723,13.768,27.227,2680.0,2680.0,2680.0,2640.0,3300.0,3300.0,2640.0,2640.0,3300.0,1.005,1.005,1.351,1.351,2.2,2.2,1.579,1.581,14.409,5363.0,14247.0,0.0,122.0,
2026-07-08 03:24:22,58.0,0.000               ,502.668,200.0,933.0,0.0,58.625,58.625              ,58.625,58.625,58.625,58.625,58.625,58.625,58.625,35.94,1.337,9.136,55.482,27.362,2.327,27.637,7.087,20.789,2333.333,2333.333,3500.0,3500.0,2333.333,2333.333,2333.333,2333.333,3500.0,1.683,1.683,2.721,2.772,1.272,1.272,1.378,1.376,15.256,5382.0,14260.0,0.0,123.0,
2026-07-08 03:24:23,59.0,0.000               ,502.668,200.0,933.0,0.0,59.875,59.875              ,59.875,59.875,59.875,59.875,59.875,59.875,59.875,12.326,1.973,15.304,73.487,19.388,21.339,18.411,4.308,20.817,2333.333,2333.333,3500.0,3500.0,2333.333,3500.0,2333.333,2333.333,3500.0,0.728,0.728,3.654,3.592,1.571,1.571,0.864,0.864,15.155,5377.0,14262.0,0.0,124.0,
2026-07-08 03:24:24,61.0,0.000               ,502.668,200.0,933.0,0.0,61.125,61.125              ,61.125,61.125,61.125,61.125,61.125,61.125,61.125,20.668,1.754,16.867,35.042,66.678,2.735,16.446,4.86,20.631,2333.333,2333.333,3500.0,3500.0,2333.333,2333.333,2333.333,2333.333,3500.0,1.044,1.044,2.027,2.026,2.891,2.891,0.887,0.887,15.382,5380.0,14258.0,0.0,125.0,
2026-07-08 03:24:25,62.0,0.000               ,502.668,200.0,933.0,0.0,62.125,62.125              ,62.125,62.125,62.125,62.125,62.125,62.125,62.125,12.284,1.196,11.681,47.831,59.772,0.927,19.396,3.59,19.584,2333.333,2333.333,3500.0,3500.0,2333.333,2333.333,2333.333,2333.333,3500.0,0.812,0.812,2.496,2.539,2.474,2.474,1.026,1.026,15.023,5385.0,14259.0,0.0,126.0,
2026-07-08 03:24:26,63.0,0.000               ,562.402,200.0,933.0,0.0,63.25,63.250              ,63.25,63.25,63.25,63.25,63.25,63.25,63.25,10.771,3.039,8.888,91.843,25.901,7.699,23.488,5.921,22.194,2333.333,2333.333,3500.0,3500.0,2333.333,2333.333,2333.333,2333.333,3500.0,0.719,0.719,4.199,4.249,1.212,1.218,1.043,1.043,15.854,5435.0,14366.0,0.0,127.0,
2026-07-08 03:24:27,64.0,0.000               ,562.402,200.0,933.0,0.0,64.0,64.000              ,64.0,64.0,64.0,64.0,64.0,64.0,64.0,6.64,3.456,5.3,96.854,31.794,1.738,27.181,7.752,22.589,1555.556,1555.556,3500.0,3500.0,2333.333,2333.333,2333.333,2333.333,3500.0,0.509,0.509,4.431,4.377,1.279,1.273,1.474,1.545,15.765,5437.0,14364.0,0.0,128.0,
2026-07-08 03:24:28,64.0,0.000               ,562.402,200.0,933.0,0.0,64.0,64.000              ,64.0,64.0,64.0,64.0,64.0,64.0,64.0,5.815,2.134,14.603,90.761,26.595,2.898,22.647,6.993,21.556,2333.333,2333.333,3500.0,3500.0,2333.333,2333.333,2333.333,2333.333,3500.0,0.438,0.438,4.187,4.174,1.048,1.048,1.066,0.973,15.142,5448.0,14367.0,0.0,129.0,
2026-07-08 03:24:29,63.0,0.000               ,562.402,200.0,933.0,0.0,63.875,63.875              ,63.875,63.875,63.875,63.875,63.875,63.875,63.875,6.412,1.239,2.976,96.861,34.902,1.934,24.635,4.589,21.694,1555.556,1555.556,3500.0,3500.0,2333.333,2333.333,2333.333,2333.333,3500.0,0.317,0.317,4.326,4.356,1.34,1.346,1.192,1.191,15.659,5458.0,14363.0,0.0,130.0,
2026-07-08 03:24:30,63.0,0.000               ,565.918,200.0,933.0,0.0,63.875,63.875              ,63.875,63.875,63.875,63.875,63.875,63.875,63.875,9.535,2.159,5.261,95.917,32.606,2.428,18.245,4.885,21.38,2333.333,2333.333,3500.0,3500.0,2333.333,2333.333,2333.333,2333.333,3500.0,0.635,0.635,4.324,4.316,1.113,1.106,0.993,0.993,15.335,5459.0,14374.0,0.0,131.0,
2026-07-08 03:24:31,63.0,0.000               ,565.918,200.0,933.0,0.0,63.625,63.625              ,63.625,63.625,63.625,63.625,63.625,63.625,63.625,6.921,0.922,16.083,28.678,46.361,34.248,19.343,3.86,19.552,2333.333,2333.333,2333.333,2333.333,3500.0,3500.0,2333.333,2333.333,3500.0,0.529,0.529,1.794,1.72,3.402,3.479,0.931,0.931,14.952,5465.0,14373.0,0.0,132.0,
2026-07-08 03:24:32,63.0,0.000               ,565.918,200.0,933.0,0.0,63.375,63.375              ,63.375,63.375,63.375,63.375,63.375,63.375,63.375,4.479,1.474,16.163,34.003,14.022,11.565,71.218,5.387,19.789,2333.333,2333.333,3500.0,3500.0,2333.333,2333.333,2333.333,2333.333,3500.0,0.134,0.134,2.027,2.027,1.004,0.886,3.039,3.039,13.775,5468.0,14374.0,0.0,133.0,
2026-07-08 03:24:33,63.0,0.000               ,565.918,200.0,933.0,0.0,63.625,63.625              ,63.625,63.625,63.625,63.625,63.625,63.625,63.625,7.901,2.134,7.492,89.448,26.841,8.228,18.546,4.128,20.59,2333.333,2333.333,3500.0,3500.0,2333.333,2333.333,2333.333,2333.333,3500.0,0.416,0.416,4.033,4.033,1.214,1.214,0.879,0.879,14.828,5468.0,14374.0,0.0,134.0,
2026-07-08 03:24:34,63.0,0.000               ,572.598,200.0,933.0,0.0,63.5,63.500              ,63.5,63.5,63.5,63.5,63.5,63.5,63.5,11.157,1.593,18.226,35.549,68.485,1.632,15.572,2.153,19.296,2333.333,1555.556,3500.0,3500.0,2333.333,2333.333,2333.333,2333.333,3500.0,0.691,0.691,2.119,2.119,2.911,2.911,0.88,0.88,14.903,5471.0,14381.0,15060.169,135.0,0.07
2026-07-08 03:24:35,62.0,9.000               ,576.027,200.0,933.0,0.0,62.0,62.000              ,62.0,62.0,62.0,62.0,62.0,62.0,62.0,7.556,59.539,48.925,5.069,23.697,3.771,15.558,7.308,21.428,3500.0,3500.0,2333.333,2333.333,2333.333,2333.333,2333.333,2333.333,3500.0,2.786,2.841,2.106,2.106,1.063,1.063,0.912,0.912,14.502,5481.0,14378.0,0.0,136.0,
2026-07-08 03:24:36,61.0,9.000               ,576.027,200.0,933.0,0.0,61.375,61.375              ,61.375,61.375,61.375,61.375,61.375,61.375,61.375,3.111,75.646,28.319,4.216,12.596,5.55,10.767,25.583,20.723,2333.333,2333.333,3500.0,3500.0,2333.333,2333.333,2333.333,2333.333,3500.0,3.487,3.453,0.978,0.978,0.798,0.798,1.576,1.598,14.161,5484.0,14379.0,0.0,137.0,
2026-07-08 03:24:37,61.0,0.000               ,576.027,200.0,933.0,0.0,61.125,61.125              ,61.125,61.125,61.125,61.125,61.125,61.125,61.125,3.632,82.356,18.671,20.809,16.713,2.491,8.04,9.812,20.316,3500.0,3500.0,2333.333,2333.333,2333.333,2333.333,2333.333,2333.333,3500.0,3.79,3.793,1.569,1.569,0.746,0.746,0.83,0.797,14.099,5484.0,14375.0,0.0,138.0,
2026-07-08 03:24:38,61.0,0.000               ,576.027,200.0,933.0,0.0,61.0,61.000              ,61.0,61.0,61.0,61.0,61.0,61.0,61.0,6.461,92.662,25.45,2.23,11.134,0.796,7.915,2.258,18.613,3500.0,3500.0,2333.333,2333.333,2333.333,2333.333,2333.333,2333.333,3500.0,4.536,4.544,1.084,1.084,0.709,0.709,0.682,0.682,14.508,5494.0,14375.0,0.0,139.0,
2026-07-08 03:24:39,61.0,0.000               ,576.027,200.0,933.0,0.0,61.0,61.000              ,61.0,61.0,61.0,61.0,61.0,61.0,61.0,3.074,71.115,20.561,28.59,20.353,1.846,9.778,3.701,19.877,3500.0,3500.0,2333.333,2333.333,2333.333,2333.333,2333.333,2333.333,3500.0,3.398,3.382,1.903,1.994,0.843,0.843,0.693,0.693,14.299,5489.0,14375.0,0.0,140.0,
2026-07-08 03:24:40,61.0,0.000               ,576.027,200.0,933.0,0.0,61.25,61.250              ,61.25,61.25,61.25,61.25,61.25,61.25,61.25,14.507,10.912,83.283,5.836,17.462,0.644,18.221,4.775,19.455,3500.0,3500.0,2333.333,2333.333,2333.333,2333.333,2333.333,2333.333,3500.0,1.337,1.337,4.127,4.104,0.797,0.797,1.017,1.017,14.857,5484.0,14374.0,0.0,141.0,
2026-07-08 03:24:41,61.0,0.000               ,576.027,200.0,933.0,0.0,61.125,61.125              ,61.125,61.125,61.125,61.125,61.125,61.125,61.125,3.331,96.789,24.177,4.683,13.107,6.9,10.645,5.243,20.609,3500.0,3500.0,2333.333,2333.333,2333.333,2333.333,2333.333,2333.333,3500.0,4.535,4.548,0.945,0.945,0.821,0.821,0.72,0.72,14.426,5500.0,14373.0,0.0,142.0,
2026-07-08 03:24:42,61.0,0.000               ,576.027,200.0,933.0,0.0,61.0,61.000              ,61.0,61.0,61.0,61.0,61.0,61.0,61.0,15.584,20.38,75.423,3.217,26.603,4.81,15.039,4.76,20.727,3500.0,3500.0,2333.333,2333.333,2333.333,2333.333,2333.333,2333.333,3500.0,1.71,1.654,3.53,3.53,1.201,1.201,0.95,0.95,14.907,5514.0,14399.0,0.0,143.0,
2026-07-08 03:24:43,60.0,0.000               ,604.258,200.0,1200.0,0.0,60.75,60.750              ,60.75,60.75,60.75,60.75,60.75,60.75,60.75,46.961,38.927,44.62,64.766,70.123,17.287,52.79,20.929,44.55,2333.333,2333.333,3500.0,3500.0,2800.0,2800.0,2333.333,2333.333,3500.0,2.042,2.039,3.252,3.255,2.246,2.246,1.701,1.701,18.61,5618.0,14581.0,8615.781,144.0,0.12
2026-07-08 03:24:44,59.0,0.000               ,742.129,413.0,1200.0,0.0,59.125,59.125              ,59.125,59.125,59.125,59.125,59.125,59.125,59.125,92.678,92.406,94.718,95.031,94.321,91.306,93.519,93.78,93.47,2550.0,2550.0,2550.0,2550.0,2550.0,2550.0,2040.0,2040.0,2550.0,1.341,1.343,1.367,1.366,1.296,1.296,1.302,1.302,16.871,5530.0,14831.0,504.452,145.0,1.98
2026-07-08 03:24:45,57.0,41.000              ,743.645,413.0,1200.0,0.0,57.625,57.625              ,57.625,57.625,57.625,57.625,57.625,57.625,57.625,88.375,85.851,90.504,90.86,87.938,86.308,95.459,86.627,88.99,2060.0,2060.0,2020.0,2020.0,2000.0,2000.0,1980.0,1980.0,2060.0,1.036,1.035,1.118,1.122,1.032,1.033,1.159,1.161,16.337,5403.0,14832.0,26.324,146.0,37.99
2026-07-08 03:24:46,56.0,77.000              ,742.145,426.0,1200.0,0.0,56.0,56.000              ,56.0,56.0,56.0,56.0,56.0,56.0,56.0,39.891,40.9,54.842,41.227,65.086,23.779,49.74,30.431,43.237,2250.0,2300.0,1840.0,1840.0,2475.0,2475.0,1980.0,1980.0,2475.0,0.888,0.888,1.043,1.038,0.977,0.972,0.949,0.947,15.505,5156.0,14829.0,30.434,147.0,32.86
2026-07-08 03:24:47,55.0,74.000              ,745.789,381.0,1200.0,0.0,55.75,55.750              ,55.75,55.75,55.75,55.75,55.75,55.75,55.75,36.687,21.413,46.499,33.199,44.838,10.907,47.522,22.77,32.979,2340.0,2340.0,2925.0,2925.0,2340.0,2340.0,2340.0,2340.0,2925.0,0.969,0.969,1.359,1.359,0.916,0.916,1.227,1.227,16.537,5172.0,14835.0,20.853,148.0,47.95
2026-07-08 03:24:48,55.0,72.000              ,747.684,344.0,1200.0,0.0,55.75,55.750              ,55.75,55.75,55.75,55.75,55.75,55.75,55.75,41.522,24.861,40.014,30.963,58.619,8.588,49.099,11.58,33.156,2240.0,2240.0,2800.0,2800.0,2240.0,2240.0,2240.0,2240.0,2800.0,0.968,0.968,1.094,1.097,1.074,1.074,1.039,1.039,16.153,5188.0,14837.0,25.558,149.0,39.13
2026-07-08 03:24:49,55.0,69.000              ,747.672,200.0,1067.0,0.0,55.75,55.750              ,55.75,55.75,55.75,55.75,55.75,55.75,55.75,39.558,25.436,39.515,28.399,56.359,10.368,51.547,13.046,33.028,2775.0,2775.0,2220.0,2220.0,2800.0,2800.0,2240.0,2240.0,2800.0,0.949,0.949,1.025,1.022,1.088,1.088,1.13,1.133,15.948,5189.0,14836.0,19.735,150.0,50.67
2026-07-08 03:24:50,55.0,69.000              ,747.672,406.0,1200.0,0.0,55.75,55.750              ,55.75,55.75,55.75,55.75,55.75,55.75,55.75,37.763,22.588,36.251,38.039,44.588,10.343,48.372,17.362,31.913,2260.0,2260.0,2825.0,2800.0,2240.0,2240.0,2240.0,2240.0,2825.0,0.956,0.956,1.24,1.241,0.902,0.902,1.149,1.146,16.216,5197.0,14837.0,23.551,151.0,42.46
2026-07-08 03:24:51,55.0,70.000              ,747.668,393.0,1067.0,0.0,55.75,55.750              ,55.75,55.75,55.75,55.75,55.75,55.75,55.75,39.721,24.802,57.111,33.065,55.571,14.767,45.445,26.072,37.069,2240.0,2240.0,2800.0,2800.0,2240.0,2240.0,2240.0,2240.0,2800.0,0.931,0.931,1.263,1.272,0.975,0.978,1.118,1.118,15.914,5211.0,14839.0,23.129,152.0,43.24
2026-07-08 03:24:52,55.0,70.000              ,747.668,333.0,1067.0,0.0,55.75,55.750              ,55.75,55.75,55.75,55.75,55.75,55.75,55.75,38.04,21.627,48.347,29.935,56.609,10.623,35.384,24.899,33.183,2300.0,2300.0,2875.0,2875.0,2300.0,2300.0,2300.0,2300.0,2875.0,0.969,0.969,1.197,1.187,1.081,1.082,1.023,1.037,15.848,5213.0,14837.0,22.31,153.0,44.82
2026-07-08 03:24:53,55.0,69.000              ,748.672,393.0,1067.0,0.0,55.75,55.750              ,55.75,55.75,55.75,55.75,55.75,55.75,55.75,42.233,24.653,51.168,28.777,52.994,12.694,36.623,21.971,33.889,2320.0,2320.0,2320.0,2320.0,2900.0,2900.0,2320.0,2320.0,2900.0,1.048,1.048,1.234,1.237,1.055,1.053,1.039,1.025,15.959,5217.0,14838.0,21.26,154.0,47.04
2026-07-08 03:24:54,55.0,68.000              ,729.02,393.0,1200.0,0.0,55.75,55.750              ,55.75,55.75,55.75,55.75,55.75,55.75,55.75,39.653,20.166,38.106,32.044,54.164,7.918,41.05,22.669,31.971,2220.0,2220.0,2775.0,2775.0,2220.0,2220.0,2240.0,2240.0,2775.0,0.873,0.873,1.045,1.042,0.896,0.896,0.948,0.948,15.718,5211.0,14824.0,25.927,155.0,38.57
2026-07-08 03:24:55,55.0,68.000              ,721.566,200.0,1200.0,0.0,55.75,55.750              ,55.75,55.75,55.75,55.75,55.75,55.75,55.75,37.78,22.906,46.79,30.041,53.018,7.381,50.173,13.634,32.715,2220.0,2220.0,2775.0,2775.0,2220.0,2220.0,2220.0,2220.0,2775.0,0.939,0.942,1.188,1.188,0.914,0.916,1.045,1.045,15.867,5219.0,14819.0,21.855,156.0,45.76
2026-07-08 03:24:56,55.0,68.000              ,721.555,375.0,1067.0,0.0,55.75,55.750              ,55.75,55.75,55.75,55.75,55.75,55.75,55.75,34.744,23.315,51.652,30.117,53.847,9.286,44.488,12.874,32.54,2280.0,2280.0,2850.0,2850.0,2280.0,2280.0,2825.0,2825.0,2850.0,0.93,0.927,1.255,1.255,1.005,1.003,0.985,0.986,15.671,5220.0,14820.0,23.158,157.0,43.18
2026-07-08 03:24:57,55.0,69.000              ,721.59,364.0,1200.0,0.0,55.75,55.750              ,55.75,55.75,55.75,55.75,55.75,55.75,55.75,43.906,22.343,52.336,27.144,57.128,10.564,43.527,22.006,34.869,2160.0,2160.0,2700.0,2700.0,2160.0,2160.0,2160.0,2160.0,2700.0,0.93,0.932,1.126,1.126,0.939,0.939,1.022,1.02,15.751,5219.0,14810.0,19.977,158.0,50.06
2026-07-08 03:24:58,55.0,69.000              ,721.617,200.0,1200.0,0.0,55.75,55.750              ,55.75,55.75,55.75,55.75,55.75,55.75,55.75,44.068,25.147,50.526,30.895,59.058,15.86,46.981,19.053,36.449,2180.0,2180.0,2180.0,2180.0,2725.0,2725.0,2180.0,2180.0,2725.0,0.912,0.913,1.054,1.062,1.083,1.085,0.952,0.952,15.424,5219.0,14801.0,24.069,159.0,41.55
2026-07-08 03:24:59,55.0,68.000              ,721.617,413.0,1200.0,0.0,55.75,55.750              ,55.75,55.75,55.75,55.75,55.75,55.75,55.75,43.654,23.499,47.75,30.939,57.068,9.063,47.7,22.023,35.212,2200.0,2200.0,2750.0,2750.0,2200.0,2200.0,2200.0,2200.0,2750.0,0.933,0.936,1.104,1.096,0.929,0.927,1.079,1.079,15.807,5220.0,14800.0,19.251,160.0,51.95
2026-07-08 03:25:00,55.0,69.000              ,721.746,333.0,1067.0,0.0,55.75,55.750              ,55.75,55.75,55.75,55.75,55.75,55.75,55.75,36.837,22.601,44.874,24.779,45.517,5.511,42.693,19.906,30.34,2220.0,2220.0,2200.0,2200.0,2200.0,2200.0,2750.0,2750.0,2750.0,0.954,0.948,1.128,1.128,0.801,0.801,1.107,1.107,15.529,5231.0,14800.0,23.457,161.0,42.63
2026-07-08 03:25:01,55.0,69.000              ,721.75,370.0,1200.0,0.0,55.75,55.750              ,55.75,55.75,55.75,55.75,55.75,55.75,55.75,40.049,28.229,51.628,29.31,51.151,12.236,54.244,17.354,35.525,2240.0,2240.0,2800.0,2800.0,2240.0,2240.0,2240.0,2240.0,2800.0,0.97,0.97,1.136,1.145,0.93,0.93,1.117,1.117,15.591,5238.0,14799.0,23.564,162.0,42.44
2026-07-08 03:25:02,55.0,69.000              ,721.746,344.0,1200.0,0.0,55.75,55.750              ,55.75,55.75,55.75,55.75,55.75,55.75,55.75,41.222,25.247,43.882,24.52,54.957,10.959,53.014,13.666,33.433,2180.0,2180.0,2700.0,2700.0,2700.0,2700.0,2160.0,2160.0,2700.0,0.978,0.978,0.963,0.954,0.987,0.987,1.12,1.12,15.409,5238.0,14795.0,22.535,163.0,44.38
2026-07-08 03:25:03,55.0,70.000              ,730.57,400.0,1200.0,0.0,55.75,55.750              ,55.75,55.75,55.75,55.75,55.75,55.75,55.75,37.958,28.326,47.918,30.434,60.157,11.99,47.586,14.219,34.823,2240.0,2240.0,2800.0,2800.0,2220.0,2220.0,2220.0,2220.0,2800.0,0.936,0.936,1.102,1.087,1.013,1.013,0.976,0.979,15.648,5259.0,14815.0,21.027,164.0,47.56
2026-07-08 03:25:04,55.0,70.000              ,730.563,461.0,1067.0,0.0,55.75,55.750              ,55.75,55.75,55.75,55.75,55.75,55.75,55.75,39.149,27.441,45.035,26.449,63.076,10.875,44.687,19.628,34.543,2120.0,2120.0,2120.0,2120.0,2650.0,2650.0,2120.0,2120.0,2650.0,0.874,0.874,0.894,0.906,1.075,1.075,1.009,1.007,15.337,5258.0,14815.0,18.687,165.0,53.51
2026-07-08 03:25:05,55.0,70.000              ,730.555,426.0,1200.0,0.0,55.75,55.750              ,55.75,55.75,55.75,55.75,55.75,55.75,55.75,33.41,24.768,39.723,29.618,44.62,9.176,43.332,16.959,30.201,2200.0,2200.0,2200.0,2200.0,2750.0,2750.0,2200.0,2200.0,2750.0,0.855,0.857,1.067,1.066,0.827,0.827,0.972,0.973,15.399,5260.0,14816.0,24.924,166.0,40.12
2026-07-08 03:25:06,55.0,70.000              ,731.57,450.0,1067.0,0.0,55.75,55.750              ,55.75,55.75,55.75,55.75,55.75,55.75,55.75,43.716,28.562,45.903,39.689,59.711,18.018,56.458,20.929,39.123,2140.0,2140.0,2675.0,2675.0,2140.0,2140.0,2140.0,2140.0,2675.0,0.851,0.854,1.02,1.012,0.951,0.953,0.975,0.973,15.591,5265.0,14816.0,22.723,167.0,44.01
2026-07-08 03:25:07,55.0,70.000              ,731.578,500.0,1200.0,0.0,55.75,55.750              ,55.75,55.75,55.75,55.75,55.75,55.75,55.75,42.047,27.375,46.582,40.866,59.883,10.787,51.371,19.695,37.326,2020.0,2020.0,2020.0,2020.0,2525.0,2525.0,2020.0,2020.0,2525.0,0.819,0.814,1.065,1.074,0.897,0.895,0.929,0.929,15.359,5266.0,14816.0,23.596,168.0,42.38
2026-07-08 03:25:08,55.0,70.000              ,732.082,442.0,1200.0,0.0,55.75,55.750              ,55.75,55.75,55.75,55.75,55.75,55.75,55.75,45.163,32.755,53.11,43.417,62.781,19.007,54.764,19.628,41.328,2040.0,2040.0,2550.0,2550.0,2525.0,2525.0,2020.0,2020.0,2550.0,0.849,0.85,1.064,1.064,0.924,0.924,0.866,0.866,15.305,5269.0,14818.0,21.44,169.0,46.64
2026-07-08 03:25:09,55.0,70.000              ,739.617,545.0,1200.0,0.0,55.75,55.750              ,55.75,55.75,55.75,55.75,55.75,55.75,55.75,44.57,25.843,44.463,45.457,54.27,16.755,58.912,17.377,38.456,1980.0,1980.0,2475.0,2475.0,1980.0,1980.0,1980.0,1980.0,2475.0,0.838,0.837,1.011,1.011,0.842,0.844,0.972,0.972,15.487,5277.0,14832.0,26.743,170.0,37.39
2026-07-08 03:25:10,55.0,70.000              ,740.129,545.0,1200.0,0.0,55.75,55.750              ,55.75,55.75,55.75,55.75,55.75,55.75,55.75,38.202,31.941,45.488,50.502,60.467,11.732,55.243,13.601,38.397,1920.0,1920.0,2400.0,2400.0,1920.0,1920.0,1940.0,1940.0,2400.0,0.737,0.737,1.092,1.093,0.78,0.778,0.767,0.759,15.132,5280.0,14831.0,22.038,171.0,45.38
2026-07-08 03:25:11,55.0,71.000              ,740.125,533.0,1200.0,0.0,55.75,55.750              ,55.75,55.75,55.75,55.75,55.75,55.75,55.75,40.692,27.874,50.749,28.948,57.665,11.871,54.212,18.343,36.294,1960.0,1960.0,1960.0,1940.0,2400.0,2400.0,1920.0,1920.0,2400.0,0.76,0.76,0.915,0.914,0.819,0.819,0.915,0.926,15.432,5279.0,14831.0,18.434,172.0,54.25
2026-07-08 03:25:12,55.0,71.000              ,740.27,600.0,1200.0,0.0,55.75,55.750              ,55.75,55.75,55.75,55.75,55.75,55.75,55.75,45.301,32.058,41.833,48.13,53.496,17.411,57.516,20.597,39.543,1920.0,1920.0,2400.0,2400.0,1920.0,1920.0,1920.0,1920.0,2400.0,0.756,0.756,0.875,0.875,0.73,0.731,0.878,0.878,15.175,5285.0,14837.0,21.12,173.0,47.35
2026-07-08 03:25:13,55.0,68.000              ,740.625,572.0,1200.0,0.0,55.75,55.750              ,55.75,55.75,55.75,55.75,55.75,55.75,55.75,39.948,33.44,54.888,38.645,49.208,14.466,60.916,18.213,38.715,1980.0,1980.0,1980.0,1980.0,1960.0,1960.0,2450.0,2450.0,2450.0,0.779,0.785,1.055,1.055,0.727,0.726,0.86,0.861,15.272,5283.0,14835.0,18.478,174.0,54.12
2026-07-08 03:25:14,55.0,68.000              ,743.023,500.0,1067.0,0.0,55.75,55.750              ,55.75,55.75,55.75,55.75,55.75,55.75,55.75,38.531,26.994,42.376,41.557,50.58,14.107,49.523,19.971,35.455,1880.0,1880.0,2350.0,2350.0,1880.0,1880.0,1880.0,1880.0,2350.0,0.696,0.69,0.946,0.946,0.688,0.688,0.797,0.795,15.322,5292.0,14841.0,22.059,175.0,45.33
2026-07-08 03:25:15,55.0,70.000              ,743.004,200.0,1200.0,0.0,55.75,55.750              ,55.75,55.75,55.75,55.75,55.75,55.75,55.75,41.122,27.893,50.397,31.347,55.547,10.896,54.456,19.204,36.358,1880.0,1880.0,2350.0,2350.0,1880.0,1880.0,1880.0,1880.0,2350.0,0.753,0.753,0.864,0.864,0.786,0.787,0.898,0.898,15.122,5293.0,14840.0,23.129,176.0,43.24
2026-07-08 03:25:16,55.0,69.000              ,742.746,461.0,1067.0,0.0,55.75,55.750              ,55.75,55.75,55.75,55.75,55.75,55.75,55.75,36.477,27.616,36.937,40.858,45.264,13.109,48.93,15.893,33.136,1960.0,1960.0,2450.0,2450.0,1960.0,1960.0,1960.0,1960.0,2450.0,0.74,0.74,0.977,0.979,0.697,0.696,0.806,0.806,15.239,5295.0,14841.0,24.3,177.0,41.15
2026-07-08 03:25:17,55.0,68.000              ,736.738,435.0,1200.0,0.0,55.75,55.750              ,55.75,55.75,55.75,55.75,55.75,55.75,55.75,39.496,28.674,57.036,37.902,52.833,12.109,54.353,15.773,37.272,1900.0,1900.0,2375.0,2375.0,1900.0,1900.0,1900.0,1900.0,2375.0,0.732,0.732,1.04,1.04,0.731,0.731,0.812,0.812,15.349,5298.0,14827.0,25.965,178.0,38.51
2026-07-08 03:25:18,55.0,69.000              ,736.738,200.0,1200.0,0.0,55.75,55.750              ,55.75,55.75,55.75,55.75,55.75,55.75,55.75,37.448,24.75,36.174,45.669,47.201,10.498,48.5,17.167,33.426,1900.0,1900.0,2375.0,2350.0,1880.0,1880.0,1900.0,1900.0,2375.0,0.69,0.69,0.997,0.998,0.66,0.66,0.781,0.781,14.983,5298.0,14827.0,23.828,179.0,41.97
2026-07-08 03:25:19,55.0,69.000              ,736.746,428.0,1200.0,0.0,55.75,55.750              ,55.75,55.75,55.75,55.75,55.75,55.75,55.75,35.081,26.476,54.714,30.764,51.288,7.661,53.75,9.46,33.649,2040.0,2040.0,2550.0,2550.0,2040.0,2040.0,2040.0,2040.0,2550.0,0.818,0.818,1.109,1.106,0.775,0.777,0.861,0.86,15.175,5303.0,14828.0,20.766,180.0,48.16
2026-07-08 03:25:20,55.0,69.000              ,736.727,400.0,1200.0,0.0,55.75,55.750              ,55.75,55.75,55.75,55.75,55.75,55.75,55.75,40.295,27.5,55.905,30.612,51.074,11.39,51.369,19.668,35.977,2040.0,2040.0,2550.0,2550.0,2040.0,2040.0,2060.0,2060.0,2550.0,0.842,0.842,1.088,1.088,0.769,0.768,0.896,0.899,15.285,5303.0,14827.0,21.938,181.0,45.58
2026-07-08 03:25:21,55.0,69.000              ,736.859,500.0,1200.0,0.0,55.75,55.750              ,55.75,55.75,55.75,55.75,55.75,55.75,55.75,38.05,28.658,59.216,32.075,45.68,15.156,53.65,15.92,36.051,2000.0,2000.0,2500.0,2500.0,2000.0,2000.0,2000.0,2000.0,2500.0,0.753,0.755,1.095,1.095,0.747,0.747,0.867,0.865,15.254,5304.0,14828.0,23.232,182.0,43.04
2026-07-08 03:25:22,55.0,69.000              ,731.215,469.0,1200.0,0.0,55.75,55.750              ,55.75,55.75,55.75,55.75,55.75,55.75,55.75,38.785,26.858,40.291,46.409,45.987,10.765,50.357,16.639,34.511,1960.0,1960.0,2450.0,2450.0,1960.0,1960.0,1960.0,1960.0,2450.0,0.764,0.764,1.064,1.064,0.676,0.676,0.828,0.821,14.855,5308.0,14824.0,23.853,183.0,41.92
2026-07-08 03:25:23,55.0,69.000              ,731.215,420.0,1200.0,0.0,55.75,55.750              ,55.75,55.75,55.75,55.75,55.75,55.75,55.75,40.241,27.657,52.744,36.09,51.021,10.549,61.536,12.174,36.502,2100.0,2120.0,2120.0,2120.0,2120.0,2120.0,2650.0,2650.0,2650.0,0.805,0.803,1.04,1.04,0.778,0.778,0.946,0.956,15.429,5310.0,14824.0,22.134,184.0,45.18
2026-07-08 03:25:24,55.0,69.000              ,731.227,572.0,1200.0,0.0,55.75,55.750              ,55.75,55.75,55.75,55.75,55.75,55.75,55.75,49.116,38.478,62.513,43.203,56.197,24.678,59.272,29.113,45.321,1980.0,1980.0,2475.0,2475.0,1980.0,1980.0,1980.0,1980.0,2475.0,0.795,0.797,1.043,1.043,0.767,0.768,0.857,0.857,15.322,5317.0,14819.0,21.291,185.0,46.97
2026-07-08 03:25:25,55.0,71.000              ,729.855,200.0,1200.0,0.0,55.75,55.750              ,55.75,55.75,55.75,55.75,55.75,55.75,55.75,43.233,24.797,44.294,26.214,52.455,10.429,55.305,15.146,33.984,1840.0,1840.0,2300.0,2300.0,1840.0,1840.0,1840.0,1840.0,2300.0,0.729,0.727,0.742,0.743,0.756,0.755,0.883,0.883,14.955,5324.0,14813.0,19.28,186.0,51.87
2026-07-08 03:25:26,55.0,68.000              ,729.645,457.0,1200.0,0.0,55.75,55.750              ,55.75,55.75,55.75,55.75,55.75,55.75,55.75,44.803,28.464,48.171,40.999,52.353,15.957,57.627,14.852,37.903,2020.0,2020.0,2020.0,2500.0,2000.0,2000.0,2500.0,2500.0,2500.0,0.822,0.822,1.038,1.036,0.761,0.761,0.901,0.901,15.135,5326.0,14814.0,22.433,187.0,44.58
2026-07-08 03:25:27,55.0,66.000              ,729.648,476.0,1067.0,0.0,55.75,55.750              ,55.75,55.75,55.75,55.75,55.75,55.75,55.75,39.613,28.281,52.537,31.214,50.187,8.929,54.741,9.963,34.433,2040.0,2040.0,2550.0,2550.0,2040.0,2040.0,2040.0,2040.0,2550.0,0.821,0.821,1.1,1.1,0.791,0.786,0.877,0.877,14.98,5325.0,14812.0,24.754,188.0,40.4
2026-07-08 03:25:28,55.0,71.000              ,729.656,420.0,1067.0,0.0,55.75,55.750              ,55.75,55.75,55.75,55.75,55.75,55.75,55.75,39.748,31.969,44.146,53.964,50.812,15.65,51.132,14.88,37.788,2000.0,2020.0,2525.0,2525.0,2020.0,2020.0,2020.0,2020.0,2525.0,0.795,0.795,1.177,1.185,0.755,0.76,0.795,0.795,15.292,5331.0,14812.0,31.616,189.0,31.63
2026-07-08 03:25:29,55.0,71.000              ,729.656,442.0,1200.0,0.0,55.75,55.750              ,55.75,55.75,55.75,55.75,55.75,55.75,55.75,39.433,28.772,48.197,47.682,45.243,11.053,52.564,12.025,35.621,2000.0,2000.0,2500.0,2500.0,2000.0,2000.0,2000.0,2000.0,2500.0,0.808,0.808,1.134,1.126,0.704,0.704,0.804,0.804,14.966,5332.0,14812.0,19.326,190.0,51.74
2026-07-08 03:25:30,55.0,70.000              ,729.645,516.0,1200.0,0.0,55.75,55.750              ,55.75,55.75,55.75,55.75,55.75,55.75,55.75,42.759,28.222,43.74,43.712,49.391,14.071,51.356,15.133,36.048,2000.0,2000.0,2500.0,2500.0,2000.0,2000.0,2000.0,2000.0,2500.0,0.776,0.776,1.051,1.051,0.752,0.753,0.848,0.848,15.07,5332.0,14812.0,18.665,191.0,53.58
2026-07-08 03:25:31,55.0,70.000              ,729.664,200.0,1200.0,0.0,55.75,55.750              ,55.75,55.75,55.75,55.75,55.75,55.75,55.75,48.814,20.834,47.965,37.405,44.203,16.34,55.803,15.153,35.815,2060.0,2060.0,2575.0,2575.0,2060.0,2060.0,2060.0,2060.0,2575.0,0.786,0.786,0.971,0.971,0.734,0.733,0.924,0.924,15.313,5331.0,14806.0,19.154,192.0,52.21
2026-07-08 03:25:32,55.0,70.000              ,729.285,484.0,1200.0,0.0,55.75,55.750              ,55.75,55.75,55.75,55.75,55.75,55.75,55.75,44.162,22.933,39.993,35.143,40.033,12.478,44.613,20.709,32.508,2020.0,2020.0,2525.0,2525.0,2020.0,2020.0,2020.0,2020.0,2525.0,0.788,0.788,0.972,0.972,0.665,0.665,0.867,0.867,15.095,5330.0,14805.0,23.999,193.0,41.67
2026-07-08 03:25:33,55.0,70.000              ,729.289,450.0,1200.0,0.0,55.75,55.750              ,55.75,55.75,55.75,55.75,55.75,55.75,55.75,38.384,28.66,53.402,31.985,52.358,10.509,60.1,17.036,36.554,2060.0,2060.0,2575.0,2575.0,2060.0,2060.0,2060.0,2060.0,2575.0,0.78,0.78,1.022,1.022,0.758,0.758,0.981,0.981,15.129,5330.0,14806.0,22.156,194.0,45.13
2026-07-08 03:25:34,55.0,70.000              ,729.281,200.0,1200.0,0.0,55.75,55.750              ,55.75,55.75,55.75,55.75,55.75,55.75,55.75,41.103,27.793,47.108,34.276,44.678,14.545,57.313,11.054,34.734,1920.0,1920.0,2375.0,2375.0,1900.0,1900.0,1900.0,1900.0,2375.0,0.793,0.793,0.976,0.976,0.735,0.735,0.862,0.864,14.984,5331.0,14805.0,23.596,195.0,42.38
2026-07-08 03:25:35,55.0,68.000              ,729.27,476.0,1200.0,0.0,55.75,55.750              ,55.75,55.75,55.75,55.75,55.75,55.75,55.75,35.827,27.055,37.326,38.176,40.884,9.474,45.282,17.245,31.409,2000.0,2000.0,2000.0,2500.0,2500.0,2500.0,2000.0,2000.0,2500.0,0.777,0.777,1.048,1.048,0.67,0.671,0.819,0.817,14.943,5331.0,14805.0,24.652,196.0,40.56
2026-07-08 03:25:36,55.0,68.000              ,729.273,200.0,1200.0,0.0,55.75,55.750              ,55.75,55.75,55.75,55.75,55.75,55.75,55.75,34.034,26.097,53.175,31.069,54.503,9.075,55.439,12.884,34.535,2080.0,2080.0,2600.0,2600.0,2080.0,2080.0,2080.0,2080.0,2600.0,0.745,0.745,1.075,1.078,0.799,0.797,0.884,0.884,15.391,5332.0,14807.0,21.47,197.0,46.58
2026-07-08 03:25:37,55.0,69.000              ,729.273,442.0,1067.0,0.0,55.75,55.750              ,55.75,55.75,55.75,55.75,55.75,55.75,55.75,40.392,26.064,54.721,37.831,43.924,11.067,56.683,10.212,35.112,1940.0,1940.0,2425.0,2425.0,1940.0,1940.0,1940.0,1940.0,2425.0,0.75,0.75,1.101,1.099,0.685,0.685,0.813,0.813,15.044,5332.0,14806.0,23.436,198.0,42.67
2026-07-08 03:25:38,55.0,69.000              ,736.355,541.0,1067.0,0.0,55.625,55.625              ,55.625,55.625,55.625,55.625,55.625,55.625,55.625,39.698,24.629,57.634,24.318,52.777,10.793,51.874,14.455,34.522,2000.0,2000.0,2500.0,2500.0,2000.0,2000.0,2000.0,2000.0,2500.0,0.725,0.725,0.935,0.943,0.771,0.771,0.803,0.803,15.018,5335.0,14819.0,26.667,199.0,37.5
2026-07-08 03:25:39,55.0,70.000              ,736.355,620.0,1200.0,0.0,55.625,55.625              ,55.625,55.625,55.625,55.625,55.625,55.625,55.625,34.577,27.374,51.91,31.744,48.143,10.351,59.248,15.053,34.8,2000.0,2000.0,2500.0,2500.0,2000.0,2000.0,2000.0,2000.0,2500.0,0.733,0.733,1.001,0.994,0.729,0.729,0.936,0.936,15.132,5339.0,14818.0,18.893,200.0,52.93
2026-07-08 03:25:40,55.0,71.000              ,774.961,572.0,1200.0,0.0,55.5,55.500              ,55.5,55.5,55.5,55.5,55.5,55.5,55.5,52.568,27.971,55.914,39.622,48.229,25.995,65.213,25.537,42.631,1960.0,1960.0,1940.0,1940.0,1940.0,1940.0,2425.0,2425.0,2425.0,0.762,0.762,0.857,0.859,0.735,0.735,0.842,0.842,14.922,5368.0,14882.0,35.055,201.0,28.53
2026-07-08 03:25:41,55.0,68.000              ,775.043,533.0,1067.0,0.0,55.5,55.500              ,55.5,55.5,55.5,55.5,55.5,55.5,55.5,41.254,23.267,48.607,26.817,48.91,14.87,47.776,15.097,33.325,2040.0,2040.0,2550.0,2550.0,2060.0,2040.0,2040.0,2040.0,2550.0,0.763,0.763,0.985,0.984,0.78,0.769,0.779,0.779,14.989,5366.0,14881.0,20.761,202.0,48.17
2026-07-08 03:25:42,55.0,66.000              ,775.039,413.0,1067.0,0.0,55.5,55.500              ,55.5,55.5,55.5,55.5,55.5,55.5,55.5,40.043,19.639,46.678,26.565,42.611,12.613,55.938,12.536,32.078,2040.0,2040.0,2550.0,2550.0,2040.0,2040.0,2040.0,2040.0,2550.0,0.819,0.819,0.991,0.992,0.74,0.751,0.951,0.951,15.046,5366.0,14880.0,21.837,203.0,45.79
2026-07-08 03:25:43,55.0,69.000              ,775.414,200.0,1200.0,0.0,55.5,55.500              ,55.5,55.5,55.5,55.5,55.5,55.5,55.5,50.807,19.93,44.67,22.738,37.377,9.304,54.757,7.499,30.885,2240.0,2240.0,2800.0,2800.0,2240.0,2240.0,2800.0,2800.0,2800.0,1.061,1.061,1.0,0.984,0.748,0.748,0.951,0.951,14.89,5363.0,14880.0,22.139,204.0,45.17
2026-07-08 03:25:44,55.0,69.000              ,775.414,406.0,1067.0,0.0,55.5,55.500              ,55.5,55.5,55.5,55.5,55.5,55.5,55.5,44.58,19.127,55.872,26.361,42.346,9.375,54.255,14.176,33.261,2180.0,2180.0,2725.0,2725.0,2180.0,2180.0,2180.0,2180.0,2725.0,0.884,0.884,1.145,1.161,0.763,0.763,0.962,0.962,15.458,5364.0,14881.0,21.044,205.0,47.52
2026-07-08 03:25:45,55.0,70.000              ,768.258,364.0,1200.0,0.0,55.625,55.625              ,55.625,55.625,55.625,55.625,55.625,55.625,55.625,79.258,63.746,73.137,65.491,73.956,58.292,80.569,58.067,69.064,1980.0,1980.0,1980.0,1980.0,1980.0,1980.0,2475.0,2475.0,2475.0,0.954,0.954,0.859,0.859,0.831,0.83,0.929,0.929,15.412,5246.0,14879.0,25.129,206.0,39.79
2026-07-08 03:25:46,55.0,75.000              ,768.152,387.0,1200.0,0.0,55.625,55.625              ,55.625,55.625,55.625,55.625,55.625,55.625,55.625,78.688,73.773,78.596,82.143,79.071,71.827,78.451,59.116,75.208,1566.667,1880.0,1880.0,1880.0,1880.0,1880.0,1566.667,1566.667,1880.0,0.865,0.866,0.895,0.898,0.861,0.863,0.787,0.787,15.133,5077.0,14882.0,30.351,207.0,32.95
2026-07-08 03:25:47,55.0,77.000              ,768.152,428.0,1200.0,0.0,55.625,55.625              ,55.625,55.625,55.625,55.625,55.625,55.625,55.625,75.052,64.948,71.986,72.49,77.802,56.594,75.598,48.628,67.887,1920.0,1920.0,1920.0,1920.0,1920.0,1920.0,1920.0,1920.0,1920.0,0.799,0.799,0.888,0.885,0.82,0.818,0.754,0.754,14.879,4917.0,14885.0,26.912,208.0,37.16
2026-07-08 03:25:48,55.0,76.000              ,762.129,461.0,1067.0,0.0,55.75,55.750              ,55.75,55.75,55.75,55.75,55.75,55.75,55.75,64.766,54.55,61.966,68.167,71.594,39.492,65.067,36.33,57.742,1716.667,1716.667,2060.0,2060.0,1716.667,1716.667,1716.667,1716.667,2060.0,0.808,0.808,0.939,0.939,0.777,0.78,0.75,0.75,14.97,4801.0,14876.0,24.474,209.0,40.86
2026-07-08 03:25:49,55.0,76.000              ,765.102,420.0,1200.0,0.0,55.75,55.750              ,55.75,55.75,55.75,55.75,55.75,55.75,55.75,80.527,67.855,75.156,69.029,75.943,52.384,73.015,45.799,67.463,1650.0,1650.0,1980.0,1980.0,1650.0,1650.0,1650.0,1650.0,1980.0,0.869,0.868,0.846,0.846,0.768,0.766,0.741,0.741,15.276,4675.0,14881.0,26.072,210.0,38.36
2026-07-08 03:25:50,55.0,79.000              ,762.543,442.0,1200.0,0.0,55.75,55.750              ,55.75,55.75,55.75,55.75,55.75,55.75,55.75,79.834,64.29,67.146,64.921,68.717,43.988,65.908,39.634,61.805,1920.0,1920.0,1920.0,1920.0,1600.0,1600.0,1600.0,1600.0,1920.0,0.952,0.947,0.797,0.797,0.694,0.694,0.681,0.681,14.933,4556.0,14883.0,27.521,211.0,36.34
2026-07-08 03:25:51,55.0,81.000              ,765.813,413.0,1200.0,0.0,55.75,55.750              ,55.75,55.75,55.75,55.75,55.75,55.75,55.75,76.764,66.702,66.926,64.036,66.672,43.867,65.294,38.201,61.058,2040.0,2040.0,1700.0,1700.0,1700.0,1700.0,1700.0,1700.0,2040.0,0.918,0.923,0.868,0.87,0.739,0.739,0.687,0.687,14.945,4437.0,14882.0,26.667,212.0,37.5
2026-07-08 03:25:52,55.0,81.000              ,764.313,428.0,1200.0,0.0,55.75,55.750              ,55.75,55.75,55.75,55.75,55.75,55.75,55.75,78.997,70.158,66.126,68.111,69.525,39.618,67.556,37.552,62.205,1940.0,1940.0,1940.0,1940.0,1616.667,1940.0,1616.667,1616.667,1940.0,0.98,0.98,0.87,0.872,0.706,0.707,0.724,0.724,15.18,4346.0,14883.0,28.613,213.0,34.95
2026-07-08 03:25:53,55.0,81.000              ,779.281,435.0,1200.0,0.0,55.75,55.750              ,55.75,55.75,55.75,55.75,55.75,55.75,55.75,67.063,52.421,70.052,71.383,64.974,36.309,61.046,34.695,57.243,2020.0,2020.0,2040.0,2040.0,1700.0,1700.0,1700.0,1700.0,2040.0,0.836,0.836,1.021,1.017,0.726,0.725,0.723,0.723,14.9,4255.0,14906.0,43.944,214.0,22.76
2026-07-08 03:25:54,55.0,79.000              ,778.504,620.0,1067.0,0.0,55.75,55.750              ,55.75,55.75,55.75,55.75,55.75,55.75,55.75,52.231,35.961,61.56,67.079,58.026,29.353,61.176,28.375,49.22,1650.0,1650.0,1980.0,1980.0,1650.0,1650.0,1650.0,1650.0,1980.0,0.675,0.675,1.016,1.016,0.675,0.677,0.725,0.725,14.882,4166.0,14908.0,21.298,215.0,46.95
2026-07-08 03:25:55,55.0,70.000              ,778.504,492.0,1200.0,0.0,55.75,55.750              ,55.75,55.75,55.75,55.75,55.75,55.75,55.75,37.258,22.751,40.173,38.451,51.648,17.216,40.485,9.779,32.22,2000.0,2000.0,2500.0,2525.0,2020.0,2020.0,2020.0,2020.0,2525.0,0.745,0.745,0.964,0.964,0.871,0.871,0.675,0.675,14.927,4172.0,14903.0,24.609,216.0,40.64
2026-07-08 03:25:56,55.0,65.000              ,757.441,428.0,1067.0,0.0,55.75,55.750              ,55.75,55.75,55.75,55.75,55.75,55.75,55.75,44.598,19.504,51.51,24.273,48.828,11.448,50.346,11.633,32.768,2040.0,2040.0,2550.0,2550.0,2040.0,2040.0,2040.0,2040.0,2550.0,0.874,0.874,1.036,1.044,0.834,0.832,0.871,0.871,14.891,4162.0,14887.0,23.611,217.0,42.35
2026-07-08 03:25:57,55.0,69.000              ,757.43,364.0,1067.0,0.0,55.75,55.750              ,55.75,55.75,55.75,55.75,55.75,55.75,55.75,48.373,24.219,50.068,31.387,45.55,15.357,51.368,16.385,35.338,2120.0,2120.0,2650.0,2650.0,2120.0,2120.0,2120.0,2120.0,2650.0,0.884,0.884,1.016,1.008,0.808,0.808,0.902,0.904,14.932,4174.0,14886.0,23.014,218.0,43.45
2026-07-08 03:25:58,55.0,69.000              ,757.449,461.0,1067.0,0.0,55.75,55.750              ,55.75,55.75,55.75,55.75,55.75,55.75,55.75,44.415,25.691,49.895,33.999,44.861,13.566,44.907,19.237,34.571,2160.0,2160.0,2700.0,2700.0,2160.0,2160.0,2160.0,2160.0,2700.0,0.875,0.878,1.098,1.1,0.788,0.788,0.919,0.917,15.13,4173.0,14885.0,19.065,219.0,52.45
2026-07-08 03:25:59,55.0,68.000              ,758.332,541.0,1200.0,0.0,55.75,55.750              ,55.75,55.75,55.75,55.75,55.75,55.75,55.75,44.487,30.73,44.724,34.928,44.385,14.107,50.07,22.626,35.757,2060.0,2060.0,2550.0,2550.0,2040.0,2040.0,2040.0,2040.0,2550.0,0.874,0.875,0.955,0.958,0.705,0.705,0.933,0.933,15.418,4171.0,14887.0,23.263,220.0,42.99
2026-07-08 03:26:00,55.0,69.000              ,758.375,516.0,1067.0,0.0,55.625,55.625              ,55.625,55.625,55.625,55.625,55.625,55.625,55.625,39.577,24.34,32.886,45.277,46.935,12.927,46.032,15.672,32.956,1900.0,1920.0,2400.0,2400.0,1920.0,1920.0,1920.0,1920.0,2400.0,0.741,0.737,0.96,0.966,0.692,0.692,0.735,0.735,14.892,4171.0,14889.0,25.048,221.0,39.92
2026-07-08 03:26:01,55.0,70.000              ,756.125,450.0,1067.0,0.0,55.5,55.500              ,55.5,55.5,55.5,55.5,55.5,55.5,55.5,39.474,17.451,42.246,39.448,48.424,5.231,45.851,11.165,31.161,2060.0,2060.0,2575.0,2575.0,2060.0,2060.0,2060.0,2060.0,2575.0,0.745,0.745,1.14,1.128,0.719,0.719,0.805,0.8,14.879,4173.0,14886.0,23.36,222.0,42.81
2026-07-08 03:26:02,55.0,71.000              ,756.125,469.0,1067.0,0.0,55.5,55.500              ,55.5,55.5,55.5,55.5,55.5,55.5,55.5,39.48,17.309,40.949,27.602,41.399,7.595,59.682,10.469,30.561,2100.0,2100.0,2100.0,2100.0,2080.0,2080.0,2600.0,2600.0,2600.0,0.763,0.763,0.889,0.891,0.708,0.708,1.028,1.037,15.063,4177.0,14883.0,20.619,223.0,48.5
2026-07-08 03:26:03,55.0,71.000              ,756.086,461.0,1200.0,0.0,55.5,55.500              ,55.5,55.5,55.5,55.5,55.5,55.5,55.5,34.501,23.315,51.086,23.004,41.966,10.637,61.057,15.361,32.616,2140.0,2140.0,2675.0,2675.0,2140.0,2160.0,2700.0,2700.0,2700.0,0.78,0.78,0.95,0.948,0.756,0.756,1.094,1.089,14.975,4179.0,14881.0,22.939,224.0,43.59
2026-07-08 03:26:04,55.0,69.000              ,762.223,370.0,1067.0,0.0,55.5,55.500              ,55.5,55.5,55.5,55.5,55.5,55.5,55.5,49.028,24.617,43.498,32.173,47.286,9.384,54.859,15.327,34.522,2060.0,2060.0,2575.0,2575.0,2060.0,2060.0,2060.0,2060.0,2575.0,0.922,0.924,0.983,0.985,0.764,0.765,0.943,0.945,15.1,4181.0,14877.0,25.599,225.0,39.06
2026-07-08 03:26:05,55.0,68.000              ,762.238,525.0,1067.0,0.0,55.5,55.500              ,55.5,55.5,55.5,55.5,55.5,55.5,55.5,45.78,22.735,37.299,40.079,51.464,8.693,53.716,14.972,34.342,2040.0,2040.0,2550.0,2550.0,2040.0,2040.0,2575.0,2575.0,2575.0,0.77,0.769,0.945,0.943,0.72,0.719,0.851,0.851,15.175,4186.0,14877.0,25.706,226.0,38.9
2026-07-08 03:26:06,55.0,68.000              ,762.227,442.0,1067.0,0.0,55.5,55.500              ,55.5,55.5,55.5,55.5,55.5,55.5,55.5,48.835,22.096,44.79,31.322,60.043,10.88,53.201,10.982,35.268,2500.0,2500.0,2500.0,2500.0,2525.0,2525.0,2020.0,2020.0,2525.0,0.87,0.87,0.926,0.926,0.878,0.887,0.831,0.833,15.063,4187.0,14877.0,22.792,227.0,43.88
2026-07-08 03:26:07,55.0,69.000              ,762.23,381.0,1200.0,0.0,55.5,55.500              ,55.5,55.5,55.5,55.5,55.5,55.5,55.5,44.278,17.79,54.236,26.32,63.357,11.352,54.692,10.086,35.264,2020.0,2020.0,2525.0,2525.0,2525.0,2525.0,2020.0,2020.0,2525.0,0.81,0.811,0.926,0.927,0.942,0.933,0.843,0.842,15.103,4189.0,14874.0,22.122,228.0,45.2
2026-07-08 03:26:08,55.0,69.000              ,762.219,200.0,1200.0,0.0,55.5,55.500              ,55.5,55.5,55.5,55.5,55.5,55.5,55.5,39.465,29.64,57.233,34.72,49.13,9.55,49.825,12.388,35.244,2000.0,2000.0,2500.0,2500.0,2000.0,2000.0,2000.0,2000.0,2500.0,0.841,0.841,1.16,1.158,0.755,0.755,0.834,0.834,15.037,4187.0,14874.0,22.957,229.0,43.56
2026-07-08 03:26:09,55.0,68.000              ,762.102,541.0,1067.0,0.0,55.5,55.500              ,55.5,55.5,55.5,55.5,55.5,55.5,55.5,34.556,27.043,37.275,39.551,47.349,10.318,44.261,14.127,31.81,2100.0,2100.0,2625.0,2650.0,2120.0,2120.0,2120.0,2120.0,2650.0,0.753,0.75,1.009,1.009,0.733,0.734,0.761,0.761,15.15,4186.0,14874.0,23.842,230.0,41.94
2026-07-08 03:26:10,55.0,68.000              ,754.508,442.0,1200.0,0.0,55.5,55.500              ,55.5,55.5,55.5,55.5,55.5,55.5,55.5,34.564,26.139,49.848,29.986,46.236,7.781,55.407,8.844,32.351,1900.0,1900.0,2375.0,2375.0,1900.0,1900.0,1900.0,1900.0,2375.0,0.775,0.775,1.007,1.008,0.744,0.743,0.819,0.819,14.815,4182.0,14868.0,24.081,231.0,41.53
2026-07-08 03:26:11,55.0,68.000              ,754.512,744.0,1067.0,0.0,55.5,55.500              ,55.5,55.5,55.5,55.5,55.5,55.5,55.5,36.321,17.58,35.72,33.594,44.393,4.827,44.384,8.841,28.207,2100.0,2100.0,2625.0,2625.0,2100.0,2100.0,2100.0,2080.0,2625.0,0.739,0.741,1.015,1.015,0.722,0.722,0.795,0.796,15.209,4186.0,14868.0,24.843,232.0,40.25
2026-07-08 03:26:12,55.0,68.000              ,754.523,525.0,1067.0,0.0,55.375,55.375              ,55.375,55.375,55.375,55.375,55.375,55.375,55.375,45.33,31.656,58.207,32.182,52.439,14.412,53.11,16.287,37.953,2450.0,2450.0,2450.0,2450.0,1960.0,1960.0,1960.0,1960.0,2450.0,0.83,0.829,1.024,1.024,0.779,0.779,0.806,0.805,14.891,4186.0,14870.0,24.225,233.0,41.28
2026-07-08 03:26:13,55.0,71.000              ,754.484,375.0,1200.0,0.0,55.375,55.375              ,55.375,55.375,55.375,55.375,55.375,55.375,55.375,35.361,23.246,40.858,46.026,41.436,6.625,40.868,8.318,30.342,2040.0,2040.0,2550.0,2550.0,2040.0,2040.0,2040.0,2040.0,2550.0,0.774,0.773,1.225,1.225,0.682,0.684,0.738,0.726,14.946,4189.0,14863.0,21.009,234.0,47.6
2026-07-08 03:26:14,55.0,70.000              ,754.48,484.0,1200.0,0.0,55.375,55.375              ,55.375,55.375,55.375,55.375,55.375,55.375,55.375,34.844,28.103,41.785,33.97,52.168,8.81,41.699,13.526,31.863,2040.0,2040.0,2550.0,2550.0,2040.0,2040.0,2080.0,2080.0,2550.0,0.78,0.78,0.99,0.975,0.784,0.782,0.713,0.725,15.099,4190.0,14863.0,26.687,235.0,37.47
2026-07-08 03:26:15,55.0,68.000              ,754.492,413.0,1067.0,0.0,55.375,55.375              ,55.375,55.375,55.375,55.375,55.375,55.375,55.375,43.782,19.905,55.08,26.399,46.369,12.456,55.736,10.805,33.817,2040.0,2040.0,2525.0,2525.0,2020.0,2020.0,2020.0,2040.0,2525.0,0.856,0.856,1.055,1.074,0.822,0.822,0.903,0.903,15.074,4190.0,14862.0,20.274,236.0,49.32
2026-07-08 03:26:16,55.0,69.000              ,754.469,508.0,1067.0,0.0,55.375,55.375              ,55.375,55.375,55.375,55.375,55.375,55.375,55.375,42.885,21.109,39.23,32.061,49.62,12.353,45.478,10.317,31.632,2060.0,2060.0,2060.0,2080.0,2600.0,2600.0,2080.0,2080.0,2600.0,0.794,0.801,0.939,0.937,0.835,0.835,0.705,0.695,15.001,4193.0,14862.0,23.814,237.0,41.99
2026-07-08 03:26:17,55.0,69.000              ,755.098,393.0,1200.0,0.0,55.375,55.375              ,55.375,55.375,55.375,55.375,55.375,55.375,55.375,35.984,21.802,52.543,40.184,45.8,12.054,55.314,10.432,34.264,2040.0,2060.0,2575.0,2575.0,2060.0,2060.0,2060.0,2060.0,2575.0,0.765,0.757,1.178,1.178,0.748,0.748,0.809,0.821,15.102,4194.0,14868.0,21.437,238.0,46.65
2026-07-08 03:26:18,55.0,68.000              ,754.727,620.0,1200.0,0.0,55.375,55.375              ,55.375,55.375,55.375,55.375,55.375,55.375,55.375,38.406,25.789,40.419,26.117,50.104,10.658,44.692,8.587,30.597,2020.0,2020.0,2525.0,2550.0,2040.0,2040.0,2040.0,2040.0,2550.0,0.826,0.826,0.884,0.886,0.882,0.882,0.756,0.756,15.082,4199.0,14868.0,26.175,239.0,38.2
2026-07-08 03:26:19,55.0,70.000              ,755.098,400.0,1200.0,0.0,55.375,55.375              ,55.375,55.375,55.375,55.375,55.375,55.375,55.375,46.005,24.93,51.575,31.986,49.912,15.845,44.747,17.13,35.266,2020.0,2020.0,2525.0,2550.0,2020.0,2020.0,2020.0,2020.0,2550.0,0.884,0.888,1.052,1.051,0.821,0.821,0.829,0.83,14.942,4201.0,14867.0,21.916,240.0,45.63
2026-07-08 03:26:20,55.0,70.000              ,755.02,200.0,1067.0,0.0,55.375,55.375              ,55.375,55.375,55.375,55.375,55.375,55.375,55.375,38.929,18.523,48.591,30.216,43.052,11.304,45.475,14.81,31.362,2575.0,2575.0,2575.0,2575.0,2040.0,2040.0,2040.0,2040.0,2575.0,0.797,0.793,1.107,1.107,0.796,0.796,0.847,0.846,15.157,4199.0,14866.0,23.493,241.0,42.57
2026-07-08 03:26:21,55.0,68.000              ,754.988,610.0,1067.0,0.0,55.375,55.375              ,55.375,55.375,55.375,55.375,55.375,55.375,55.375,41.783,18.996,40.11,30.911,45.895,9.838,43.543,14.964,30.755,2000.0,2000.0,2500.0,2525.0,2020.0,2020.0,2020.0,2020.0,2525.0,0.756,0.756,0.901,0.901,0.709,0.709,0.798,0.798,15.163,4200.0,14866.0,24.802,242.0,40.32
2026-07-08 03:26:22,55.0,67.000              ,754.988,428.0,1067.0,0.0,55.375,55.375              ,55.375,55.375,55.375,55.375,55.375,55.375,55.375,40.308,20.392,56.526,24.071,49.069,10.285,62.019,12.969,34.455,1980.0,1980.0,2475.0,2475.0,1980.0,1980.0,1980.0,1980.0,2475.0,0.815,0.814,0.957,0.966,0.772,0.774,1.01,1.01,14.83,4202.0,14869.0,22.354,243.0,44.73
2026-07-08 03:26:23,55.0,68.000              ,754.988,428.0,1067.0,0.0,55.375,55.375              ,55.375,55.375,55.375,55.375,55.375,55.375,55.375,42.358,22.196,46.96,24.46,41.908,10.159,64.601,11.78,33.053,2100.0,2100.0,2625.0,2625.0,2100.0,2100.0,2100.0,2100.0,2625.0,0.864,0.864,0.927,0.918,0.742,0.74,1.117,1.117,14.925,4202.0,14868.0,22.146,244.0,45.15
2026-07-08 03:26:24,55.0,71.000              ,753.996,400.0,1200.0,0.0,55.375,55.375              ,55.375,55.375,55.375,55.375,55.375,55.375,55.375,42.686,20.468,47.779,25.895,53.482,9.563,59.87,13.614,34.17,2140.0,2140.0,2140.0,2140.0,2140.0,2140.0,2675.0,2675.0,2675.0,0.852,0.853,0.91,0.91,0.899,0.899,1.012,1.012,14.988,4201.0,14867.0,20.027,245.0,49.93
2026-07-08 03:26:25,55.0,70.000              ,754.0,200.0,1200.0,0.0,55.375,55.375              ,55.375,55.375,55.375,55.375,55.375,55.375,55.375,46.462,25.358,53.966,25.194,54.005,21.806,60.344,17.912,38.131,2160.0,2160.0,2160.0,2160.0,2160.0,2160.0,2700.0,2700.0,2700.0,0.846,0.845,0.878,0.878,0.913,0.913,1.026,1.026,15.294,4205.0,14869.0,19.585,246.0,51.06
2026-07-08 03:26:26,55.0,68.000              ,753.977,450.0,1067.0,0.0,55.5,55.500              ,55.5,55.5,55.5,55.5,55.5,55.5,55.5,65.069,52.9,68.694,52.447,69.721,53.847,68.536,43.308,59.315,1880.0,1880.0,2325.0,2325.0,1860.0,1860.0,1860.0,1860.0,2325.0,0.788,0.788,0.866,0.866,0.939,0.942,0.832,0.833,15.518,4238.0,14877.0,25.277,247.0,39.56
2026-07-08 03:26:27,55.0,73.000              ,746.453,492.0,1200.0,0.0,55.5,55.500              ,55.5,55.5,55.5,55.5,55.5,55.5,55.5,50.905,37.854,55.315,61.756,60.267,34.434,65.082,25.129,48.843,1666.667,1666.667,1666.667,1666.667,2000.0,2000.0,1666.667,1666.667,2000.0,0.71,0.71,0.965,0.969,0.785,0.781,0.748,0.748,14.848,4249.0,14870.0,26.823,248.0,37.28
2026-07-08 03:26:28,55.0,74.000              ,746.586,525.0,1200.0,0.0,55.5,55.500              ,55.5,55.5,55.5,55.5,55.5,55.5,55.5,46.733,27.359,44.603,47.258,54.298,20.64,52.457,18.598,38.993,1766.667,1766.667,2120.0,2120.0,1766.667,1766.667,1766.667,1766.667,2120.0,0.737,0.737,0.907,0.903,0.727,0.729,0.705,0.703,14.862,4255.0,14866.0,20.99,249.0,47.64
2026-07-08 03:26:29,55.0,66.000              ,749.113,428.0,1067.0,0.0,55.5,55.500              ,55.5,55.5,55.5,55.5,55.5,55.5,55.5,41.928,27.48,50.226,34.672,42.929,16.86,51.394,20.788,35.785,2020.0,2020.0,2525.0,2525.0,2000.0,2000.0,2000.0,2000.0,2525.0,0.839,0.839,1.038,1.04,0.774,0.772,0.907,0.907,14.801,4256.0,14869.0,22.046,250.0,45.36
2026-07-08 03:26:30,55.0,67.000              ,750.113,400.0,1067.0,0.0,55.5,55.500              ,55.5,55.5,55.5,55.5,55.5,55.5,55.5,38.456,23.14,56.335,32.322,41.363,15.739,50.532,20.713,34.825,2100.0,2100.0,2650.0,2625.0,2100.0,2100.0,2100.0,2100.0,2650.0,0.823,0.826,1.121,1.119,0.778,0.778,0.938,0.956,15.082,4259.0,14866.0,22.89,251.0,43.69
2026-07-08 03:26:31,55.0,70.000              ,738.219,381.0,1200.0,0.0,55.375,55.375              ,55.375,55.375,55.375,55.375,55.375,55.375,55.375,40.296,25.559,44.8,34.15,43.233,11.991,61.21,23.076,35.539,2080.0,2080.0,2600.0,2600.0,2080.0,2080.0,2080.0,2080.0,2600.0,0.832,0.83,0.909,0.909,0.736,0.736,1.129,1.114,14.995,4255.0,14858.0,20.779,252.0,48.13
2026-07-08 03:26:32,55.0,69.000              ,738.32,461.0,1067.0,0.0,55.375,55.375              ,55.375,55.375,55.375,55.375,55.375,55.375,55.375,40.745,31.101,51.442,35.484,43.147,21.993,54.408,24.482,37.85,2080.0,2080.0,2100.0,2100.0,2100.0,2100.0,2625.0,2625.0,2625.0,0.835,0.835,1.088,1.091,0.786,0.786,0.951,0.949,14.933,4258.0,14857.0,21.577,253.0,46.35
2026-07-08 03:26:33,55.0,69.000              ,738.32,476.0,1067.0,0.0,55.375,55.375              ,55.375,55.375,55.375,55.375,55.375,55.375,55.375,41.739,21.842,60.332,32.016,43.308,13.281,45.926,19.611,34.757,2080.0,2080.0,2600.0,2600.0,2080.0,2080.0,2080.0,2080.0,2600.0,0.799,0.799,1.14,1.138,0.756,0.756,0.874,0.874,15.047,4258.0,14857.0,22.05,254.0,45.35
2026-07-08 03:26:34,55.0,70.000              ,738.691,420.0,1200.0,0.0,55.375,55.375              ,55.375,55.375,55.375,55.375,55.375,55.375,55.375,40.714,22.88,44.803,32.454,51.211,7.335,58.2,12.699,33.787,2060.0,2060.0,2060.0,2060.0,2060.0,2060.0,2550.0,2550.0,2550.0,0.819,0.819,1.008,1.007,0.754,0.754,0.972,0.972,15.154,4259.0,14846.0,23.292,255.0,42.93
2026-07-08 03:26:35,55.0,70.000              ,739.223,442.0,1200.0,0.0,55.375,55.375              ,55.375,55.375,55.375,55.375,55.375,55.375,55.375,49.516,22.95,53.195,30.847,48.482,11.179,58.687,11.78,35.829,2500.0,2500.0,2500.0,2500.0,2000.0,2000.0,2000.0,2000.0,2500.0,0.86,0.86,0.987,0.987,0.736,0.736,0.883,0.883,14.99,4263.0,14847.0,23.1,256.0,43.29
2026-07-08 03:26:36,55.0,70.000              ,739.641,525.0,1200.0,0.0,55.375,55.375              ,55.375,55.375,55.375,55.375,55.375,55.375,55.375,47.216,26.479,48.789,31.851,45.325,14.342,63.05,15.686,36.592,2040.0,2040.0,2040.0,2040.0,2040.0,2040.0,2550.0,2550.0,2550.0,0.823,0.825,0.896,0.896,0.702,0.702,0.985,0.99,15.13,4267.0,14847.0,21.693,257.0,46.1
2026-07-08 03:26:37,55.0,70.000              ,739.488,554.0,1200.0,0.0,55.375,55.375              ,55.375,55.375,55.375,55.375,55.375,55.375,55.375,45.248,23.865,48.554,26.483,52.623,13.406,61.827,13.649,35.707,2040.0,2040.0,2575.0,2575.0,2060.0,2060.0,2060.0,2060.0,2575.0,0.775,0.773,0.863,0.849,0.796,0.796,0.964,0.96,14.965,4267.0,14847.0,19.617,258.0,50.98
2026-07-08 03:26:38,55.0,69.000              ,739.121,406.0,1200.0,0.0,55.375,55.375              ,55.375,55.375,55.375,55.375,55.375,55.375,55.375,45.904,26.955,45.31,41.737,43.309,11.605,52.016,14.958,35.224,2000.0,2000.0,2500.0,2500.0,2020.0,2000.0,2500.0,2500.0,2500.0,0.864,0.865,1.122,1.139,0.721,0.723,0.875,0.875,14.967,4267.0,14846.0,28.643,259.0,34.91
2026-07-08 03:26:39,55.0,70.000              ,745.262,420.0,1067.0,0.0,55.375,55.375              ,55.375,55.375,55.375,55.375,55.375,55.375,55.375,51.304,29.298,44.769,46.527,47.407,17.016,59.372,15.597,38.911,2080.0,2080.0,2600.0,2600.0,2080.0,2080.0,2100.0,2100.0,2600.0,0.922,0.922,1.126,1.126,0.782,0.78,0.916,0.923,15.195,4268.0,14857.0,21.581,260.0,46.34
2026-07-08 03:26:40,55.0,70.000              ,740.754,469.0,1200.0,0.0,55.375,55.375              ,55.375,55.375,55.375,55.375,55.375,55.375,55.375,44.787,28.137,39.716,48.126,43.175,18.991,55.105,16.466,36.813,2000.0,2000.0,2500.0,2500.0,2000.0,2000.0,2020.0,2020.0,2500.0,0.794,0.781,1.01,1.01,0.687,0.689,0.813,0.806,15.031,4287.0,14853.0,24.845,261.0,40.25
2026-07-08 03:26:41,55.0,69.000              ,740.758,413.0,1200.0,0.0,55.25,55.250              ,55.25,55.25,55.25,55.25,55.25,55.25,55.25,41.602,28.593,45.915,36.289,50.017,10.442,53.107,21.716,35.96,1920.0,1920.0,1920.0,1920.0,1920.0,1920.0,2400.0,2400.0,2400.0,0.762,0.773,0.897,0.897,0.713,0.711,0.944,0.944,15.043,4287.0,14853.0,23.686,262.0,42.22
2026-07-08 03:26:42,55.0,69.000              ,742.273,200.0,1200.0,0.0,55.25,55.250              ,55.25,55.25,55.25,55.25,55.25,55.25,55.25,42.248,26.377,50.536,36.789,50.482,9.44,55.693,10.501,35.258,2020.0,2020.0,2525.0,2525.0,2020.0,2020.0,2020.0,2020.0,2525.0,0.827,0.827,1.15,1.15,0.742,0.742,0.859,0.861,14.9,4286.0,14854.0,23.442,263.0,42.66
2026-07-08 03:26:43,55.0,69.000              ,742.27,525.0,1200.0,0.0,55.25,55.250              ,55.25,55.25,55.25,55.25,55.25,55.25,55.25,41.413,26.809,48.75,35.959,51.109,9.154,56.834,12.665,35.337,2020.0,2020.0,2525.0,2525.0,2020.0,2020.0,2525.0,2525.0,2525.0,0.825,0.815,1.098,1.098,0.771,0.771,0.918,0.917,15.057,4286.0,14854.0,19.141,264.0,52.24
2026-07-08 03:26:44,55.0,69.000              ,745.145,508.0,1200.0,0.0,55.25,55.250              ,55.25,55.25,55.25,55.25,55.25,55.25,55.25,50.295,30.126,53.717,33.847,52.986,14.554,51.408,18.394,38.166,2500.0,2500.0,2500.0,2500.0,2000.0,2000.0,2020.0,2020.0,2500.0,0.857,0.869,1.002,1.002,0.753,0.753,0.814,0.817,15.165,4286.0,14858.0,20.132,265.0,49.67
2026-07-08 03:26:45,55.0,70.000              ,737.742,387.0,1200.0,0.0,55.25,55.250              ,55.25,55.25,55.25,55.25,55.25,55.25,55.25,40.433,29.659,49.89,39.06,53.745,14.302,47.944,13.647,36.085,1960.0,1960.0,2450.0,2450.0,2450.0,2450.0,1960.0,1960.0,2450.0,0.842,0.842,1.082,1.082,0.838,0.838,0.823,0.818,14.852,4286.0,14853.0,22.324,266.0,44.79
2026-07-08 03:26:46,55.0,69.000              ,737.742,435.0,1200.0,0.0,55.25,55.250              ,55.25,55.25,55.25,55.25,55.25,55.25,55.25,40.822,29.043,45.42,29.982,58.454,11.853,50.956,12.598,34.891,2080.0,2080.0,2600.0,2600.0,2080.0,2080.0,2100.0,2100.0,2600.0,0.811,0.811,0.917,0.917,0.909,0.909,0.838,0.838,15.046,4287.0,14853.0,25.236,267.0,39.63
2026-07-08 03:26:47,55.0,69.000              ,737.695,387.0,1200.0,0.0,55.25,55.250              ,55.25,55.25,55.25,55.25,55.25,55.25,55.25,44.255,28.162,46.809,30.006,47.431,15.328,49.61,9.467,33.884,2020.0,2020.0,2020.0,2020.0,2020.0,2020.0,2525.0,2525.0,2525.0,0.924,0.924,0.975,0.976,0.823,0.823,0.869,0.869,14.971,4284.0,14844.0,21.601,268.0,46.29
2026-07-08 03:26:48,55.0,69.000              ,737.699,381.0,1067.0,0.0,55.25,55.250              ,55.25,55.25,55.25,55.25,55.25,55.25,55.25,43.476,25.436,43.936,39.871,48.542,6.868,55.511,10.172,34.227,2060.0,2040.0,2575.0,2550.0,2040.0,2040.0,2040.0,2040.0,2575.0,0.87,0.87,1.133,1.131,0.749,0.749,0.841,0.841,15.036,4285.0,14845.0,23.32,269.0,42.88
2026-07-08 03:26:49,55.0,68.000              ,738.074,500.0,1067.0,0.0,55.25,55.250              ,55.25,55.25,55.25,55.25,55.25,55.25,55.25,47.964,27.934,48.876,33.412,49.564,12.279,53.588,15.992,36.201,2020.0,2020.0,2020.0,2020.0,2020.0,2020.0,2525.0,2525.0,2525.0,0.858,0.858,0.985,0.985,0.796,0.796,0.896,0.896,15.26,4284.0,14844.0,20.215,270.0,49.47
2026-07-08 03:26:50,55.0,69.000              ,738.098,554.0,1200.0,0.0,55.25,55.250              ,55.25,55.25,55.25,55.25,55.25,55.25,55.25,36.655,26.784,32.844,53.381,49.359,11.787,43.069,11.919,33.225,2000.0,2000.0,2500.0,2475.0,1980.0,1980.0,1980.0,1980.0,2500.0,0.761,0.761,1.129,1.131,0.746,0.746,0.718,0.718,15.057,4284.0,14844.0,25.218,271.0,39.65
2026-07-08 03:26:51,55.0,70.000              ,738.414,428.0,1067.0,0.0,55.25,55.250              ,55.25,55.25,55.25,55.25,55.25,55.25,55.25,39.063,27.209,54.491,30.343,39.457,10.903,59.286,18.583,34.917,1900.0,1900.0,2375.0,2375.0,1900.0,1900.0,1900.0,1900.0,2375.0,0.787,0.776,0.998,0.997,0.656,0.656,0.973,0.973,14.829,4285.0,14845.0,24.025,272.0,41.62
2026-07-08 03:26:52,55.0,71.000              ,738.352,450.0,1067.0,0.0,55.25,55.250              ,55.25,55.25,55.25,55.25,55.25,55.25,55.25,35.652,26.165,43.933,32.272,47.83,8.616,41.728,13.281,31.184,2100.0,2100.0,2625.0,2625.0,2100.0,2100.0,2100.0,2100.0,2625.0,0.793,0.794,1.008,1.008,0.759,0.759,0.809,0.809,14.99,4288.0,14844.0,23.795,273.0,42.03
2026-07-08 03:26:53,55.0,69.000              ,732.09,435.0,1067.0,0.0,55.25,55.250              ,55.25,55.25,55.25,55.25,55.25,55.25,55.25,45.872,27.48,47.128,34.799,49.09,13.649,44.535,16.438,34.874,2080.0,2080.0,2575.0,2575.0,2060.0,2060.0,2060.0,2060.0,2575.0,0.902,0.917,1.039,1.04,0.83,0.832,0.838,0.838,15.027,4286.0,14838.0,21.575,274.0,46.35
2026-07-08 03:26:54,55.0,69.000              ,744.039,442.0,1200.0,0.0,55.25,55.250              ,55.25,55.25,55.25,55.25,55.25,55.25,55.25,42.072,32.617,43.749,33.776,50.877,14.354,53.111,13.284,35.48,2060.0,2060.0,2575.0,2550.0,2040.0,2040.0,2040.0,2040.0,2575.0,0.888,0.884,0.921,0.92,0.807,0.807,0.918,0.917,14.937,4289.0,14851.0,27.486,275.0,36.38
2026-07-08 03:26:55,55.0,70.000              ,743.637,554.0,1200.0,0.0,55.25,55.250              ,55.25,55.25,55.25,55.25,55.25,55.25,55.25,40.733,17.064,36.427,27.866,45.883,5.366,39.729,17.403,28.809,2120.0,2120.0,2120.0,2120.0,2120.0,2120.0,2650.0,2650.0,2650.0,0.819,0.819,0.882,0.882,0.703,0.701,0.887,0.889,15.284,4291.0,14851.0,25.059,276.0,39.91
2026-07-08 03:26:56,55.0,69.000              ,742.637,420.0,1200.0,0.0,55.25,55.250              ,55.25,55.25,55.25,55.25,55.25,55.25,55.25,42.434,24.341,50.813,27.683,52.886,12.894,47.444,15.936,34.304,1980.0,1980.0,2475.0,2475.0,1980.0,1980.0,1980.0,1980.0,2475.0,0.844,0.844,0.956,0.956,0.788,0.788,0.895,0.896,14.927,4290.0,14850.0,22.571,277.0,44.3
2026-07-08 03:26:57,55.0,69.000              ,742.637,420.0,1067.0,0.0,55.25,55.250              ,55.25,55.25,55.25,55.25,55.25,55.25,55.25,43.027,30.082,45.731,36.214,60.334,15.253,45.716,20.983,37.168,2500.0,2500.0,2500.0,2500.0,2000.0,2000.0,2000.0,2000.0,2500.0,0.826,0.826,0.971,0.971,0.909,0.909,0.856,0.863,15.166,4292.0,14847.0,22.082,278.0,45.29
2026-07-08 03:26:58,55.0,70.000              ,740.441,500.0,1200.0,0.0,55.25,55.250              ,55.25,55.25,55.25,55.25,55.25,55.25,55.25,39.76,31.411,49.673,33.463,48.813,16.76,55.342,19.659,36.86,2040.0,2020.0,2525.0,2525.0,2020.0,2020.0,2020.0,2020.0,2525.0,0.858,0.858,0.985,0.985,0.826,0.826,0.934,0.927,14.883,4295.0,14847.0,21.573,279.0,46.35
2026-07-08 03:26:59,55.0,71.000              ,740.445,484.0,1200.0,0.0,55.25,55.250              ,55.25,55.25,55.25,55.25,55.25,55.25,55.25,39.703,23.597,34.201,47.002,44.12,6.849,39.91,22.186,32.196,2525.0,2525.0,2020.0,2020.0,2020.0,2020.0,2040.0,2040.0,2525.0,0.808,0.81,1.087,1.09,0.71,0.71,0.826,0.826,15.143,4296.0,14847.0,23.695,280.0,42.2
2026-07-08 03:27:00,55.0,70.000              ,740.449,200.0,1067.0,0.0,55.25,55.250              ,55.25,55.25,55.25,55.25,55.25,55.25,55.25,47.875,32.476,52.13,40.355,54.61,17.707,49.691,22.503,39.668,1880.0,1880.0,2350.0,2350.0,1880.0,1880.0,1880.0,1880.0,2350.0,0.822,0.82,1.017,1.014,0.795,0.795,0.843,0.844,15.159,4296.0,14846.0,24.519,281.0,40.78
2026-07-08 03:27:01,55.0,69.000              ,740.445,484.0,1067.0,0.0,55.25,55.250              ,55.25,55.25,55.25,55.25,55.25,55.25,55.25,43.606,25.395,48.93,36.068,50.526,9.282,47.269,22.887,35.495,1960.0,1960.0,2425.0,2425.0,1940.0,1940.0,1940.0,1940.0,2425.0,0.787,0.787,1.016,1.018,0.749,0.749,0.88,0.879,14.983,4297.0,14842.0,20.88,282.0,47.89
2026-07-08 03:27:02,55.0,70.000              ,740.445,541.0,1200.0,0.0,55.25,55.250              ,55.25,55.25,55.25,55.25,55.25,55.25,55.25,46.498,29.844,48.768,39.384,47.193,13.361,51.011,21.954,37.252,1940.0,1940.0,2425.0,2450.0,1960.0,1960.0,1960.0,1960.0,2450.0,0.831,0.831,1.037,1.029,0.717,0.718,0.868,0.868,15.049,4298.0,14843.0,20.286,283.0,49.3
2026-07-08 03:27:03,55.0,70.000              ,740.094,200.0,1200.0,0.0,55.25,55.250              ,55.25,55.25,55.25,55.25,55.25,55.25,55.25,39.307,25.816,40.605,31.888,49.717,9.543,45.481,13.547,31.988,2020.0,2020.0,2525.0,2525.0,2020.0,2020.0,2020.0,2020.0,2525.0,0.77,0.77,0.957,0.962,0.763,0.762,0.765,0.765,14.943,4298.0,14843.0,23.476,284.0,42.6
2026-07-08 03:27:04,55.0,68.000              ,739.895,393.0,1067.0,0.0,55.25,55.250              ,55.25,55.25,55.25,55.25,55.25,55.25,55.25,43.559,23.041,52.784,34.856,45.322,12.793,53.427,16.021,35.225,1980.0,1980.0,2475.0,2475.0,1980.0,1980.0,1980.0,1980.0,2475.0,0.815,0.815,1.116,1.119,0.763,0.763,0.863,0.863,14.834,4298.0,14844.0,25.458,285.0,39.28
2026-07-08 03:27:05,55.0,68.000              ,727.988,200.0,1200.0,0.0,55.25,55.250              ,55.25,55.25,55.25,55.25,55.25,55.25,55.25,39.523,27.013,41.619,35.348,54.283,17.968,48.499,17.949,35.275,2080.0,2080.0,2600.0,2600.0,2080.0,2080.0,2080.0,2080.0,2600.0,0.758,0.759,0.924,0.924,0.858,0.858,0.802,0.803,15.227,4292.0,14836.0,24.114,286.0,41.47
2026-07-08 03:27:06,55.0,69.000              ,730.211,420.0,1200.0,0.0,55.25,55.250              ,55.25,55.25,55.25,55.25,55.25,55.25,55.25,41.834,28.569,45.609,34.35,51.9,9.344,56.574,14.398,35.322,2000.0,2000.0,2500.0,2500.0,2000.0,2000.0,2500.0,2500.0,2500.0,0.821,0.823,0.986,0.982,0.774,0.775,0.904,0.903,15.045,4299.0,14837.0,22.773,287.0,43.91
2026-07-08 03:27:07,55.0,69.000              ,729.961,387.0,1200.0,0.0,55.25,55.250              ,55.25,55.25,55.25,55.25,55.25,55.25,55.25,51.149,26.05,48.242,36.594,55.103,16.704,59.724,16.324,38.736,2425.0,2425.0,2425.0,2425.0,1920.0,1920.0,2400.0,2400.0,2425.0,0.833,0.831,0.957,0.958,0.788,0.787,0.9,0.9,14.933,4300.0,14831.0,22.305,288.0,44.83
2026-07-08 03:27:08,55.0,68.000              ,729.695,428.0,1200.0,0.0,55.25,55.250              ,55.25,55.25,55.25,55.25,55.25,55.25,55.25,58.627,48.299,56.836,60.956,60.595,39.295,61.55,40.74,53.362,1980.0,1980.0,2475.0,2475.0,1980.0,1980.0,1980.0,1980.0,2475.0,0.888,0.888,1.075,1.075,0.875,0.877,0.872,0.872,15.52,4340.0,14845.0,30.432,289.0,32.86
2026-07-08 03:27:09,55.0,71.000              ,729.691,200.0,1200.0,0.0,55.25,55.250              ,55.25,55.25,55.25,55.25,55.25,55.25,55.25,46.528,30.554,50.693,50.464,52.79,21.912,49.093,19.407,40.18,1920.0,1920.0,1920.0,1920.0,1600.0,1600.0,1600.0,1600.0,1920.0,0.721,0.721,0.984,0.982,0.702,0.701,0.679,0.68,14.475,4367.0,14844.0,23.119,290.0,43.25
2026-07-08 03:27:10,55.0,71.000              ,729.313,426.0,1067.0,0.0,55.25,55.250              ,55.25,55.25,55.25,55.25,55.25,55.25,55.25,43.499,28.012,41.502,44.716,51.911,14.539,49.078,18.031,36.411,2080.0,2060.0,2600.0,2600.0,2080.0,2080.0,2080.0,2080.0,2600.0,0.878,0.878,1.171,1.159,0.843,0.845,0.872,0.87,15.052,4362.0,14839.0,22.26,291.0,44.92
2026-07-08 03:27:11,55.0,69.000              ,727.047,492.0,1200.0,0.0,55.25,55.250              ,55.25,55.25,55.25,55.25,55.25,55.25,55.25,38.225,23.013,38.144,42.778,48.065,10.694,39.51,15.066,31.937,2040.0,2040.0,2550.0,2550.0,2550.0,2550.0,2040.0,2040.0,2550.0,0.757,0.757,1.053,1.064,0.779,0.78,0.751,0.751,15.075,4370.0,14836.0,25.073,292.0,39.88
2026-07-08 03:27:12,55.0,70.000              ,736.984,428.0,1200.0,0.0,55.25,55.250              ,55.25,55.25,55.25,55.25,55.25,55.25,55.25,37.936,25.371,53.816,34.699,46.89,11.905,49.618,15.167,34.425,2100.0,2100.0,2625.0,2625.0,2100.0,2100.0,2100.0,2100.0,2625.0,0.864,0.865,1.195,1.195,0.829,0.829,0.891,0.891,15.195,4365.0,14851.0,21.791,293.0,45.89
2026-07-08 03:27:13,55.0,69.000              ,741.5,352.0,1200.0,0.0,55.25,55.250              ,55.25,55.25,55.25,55.25,55.25,55.25,55.25,43.165,29.43,48.952,47.798,47.641,15.44,50.224,15.517,37.271,2000.0,2000.0,2500.0,2525.0,2020.0,2020.0,2020.0,2020.0,2525.0,0.871,0.87,1.177,1.177,0.765,0.764,0.8,0.8,14.853,4369.0,14858.0,23.353,294.0,42.82
2026-07-08 03:27:14,55.0,68.000              ,741.5,450.0,1067.0,0.0,55.25,55.250              ,55.25,55.25,55.25,55.25,55.25,55.25,55.25,41.737,31.189,54.87,40.174,47.509,16.24,49.121,15.544,37.048,1960.0,1960.0,2450.0,2450.0,1960.0,1960.0,1960.0,1960.0,2450.0,0.81,0.81,1.146,1.156,0.762,0.76,0.798,0.798,15.201,4365.0,14846.0,20.552,295.0,48.66
2026-07-08 03:27:15,55.0,69.000              ,741.5,406.0,1200.0,0.0,55.25,55.250              ,55.25,55.25,55.25,55.25,55.25,55.25,55.25,41.817,23.673,49.77,33.144,46.934,9.291,45.462,12.255,32.793,2000.0,1980.0,2475.0,2475.0,1980.0,1980.0,1980.0,1980.0,2475.0,0.826,0.826,1.086,1.084,0.776,0.776,0.821,0.821,14.98,4365.0,14845.0,29.093,296.0,34.37
2026-07-08 03:27:16,55.0,70.000              ,743.434,200.0,1067.0,0.0,55.25,55.250              ,55.25,55.25,55.25,55.25,55.25,55.25,55.25,45.45,26.636,49.306,36.579,53.902,10.0,44.13,18.433,35.554,2060.0,2060.0,2575.0,2575.0,2060.0,2060.0,2060.0,2060.0,2575.0,0.884,0.886,1.122,1.096,0.825,0.827,0.834,0.835,14.815,4365.0,14848.0,26.527,297.0,37.7
2026-07-08 03:27:17,55.0,69.000              ,746.977,484.0,1067.0,0.0,55.25,55.250              ,55.25,55.25,55.25,55.25,55.25,55.25,55.25,36.136,27.449,52.666,45.698,40.954,17.065,51.958,13.379,35.663,2100.0,2100.0,2625.0,2625.0,2100.0,2100.0,2100.0,2100.0,2625.0,0.785,0.787,1.231,1.257,0.767,0.765,0.889,0.888,15.161,4364.0,14852.0,19.884,298.0,50.29
2026-07-08 03:27:18,55.0,70.000              ,746.977,200.0,1067.0,0.0,55.25,55.250              ,55.25,55.25,55.25,55.25,55.25,55.25,55.25,47.345,32.664,53.999,47.175,61.393,21.175,52.772,25.041,42.695,2080.0,2080.0,2600.0,2600.0,2080.0,2080.0,2080.0,2080.0,2600.0,0.827,0.823,1.133,1.127,0.86,0.862,0.882,0.892,15.414,4364.0,14853.0,23.496,299.0,42.56
2026-07-08 03:27:19,55.0,70.000              ,749.238,406.0,1067.0,0.0,55.25,55.250              ,55.25,55.25,55.25,55.25,55.25,55.25,55.25,46.611,37.47,56.934,53.89,57.464,25.011,59.774,24.693,45.231,1716.667,1716.667,2040.0,2040.0,2040.0,2040.0,1700.0,1683.333,2040.0,0.767,0.767,1.084,1.087,0.766,0.765,0.773,0.763,14.479,4409.0,14859.0,25.121,300.0,39.81
2026-07-08 03:27:20,55.0,69.000              ,749.359,381.0,1200.0,0.0,55.25,55.250              ,55.25,55.25,55.25,55.25,55.25,55.25,55.25,42.778,22.445,57.02,37.859,53.656,13.857,56.383,19.918,37.989,2080.0,2080.0,2600.0,2600.0,2080.0,2080.0,2080.0,2040.0,2600.0,0.805,0.805,1.142,1.14,0.847,0.848,0.892,0.892,15.178,4412.0,14859.0,23.922,301.0,41.8
2026-07-08 03:27:21,55.0,70.000              ,750.02,450.0,1200.0,0.0,55.375,55.375              ,55.375,55.375,55.375,55.375,55.375,55.375,55.375,48.628,32.66,60.769,42.077,57.591,28.108,59.928,20.538,43.787,2060.0,2060.0,2575.0,2575.0,2060.0,2060.0,2060.0,2060.0,2575.0,0.861,0.861,1.093,1.098,0.92,0.918,0.864,0.864,15.237,4421.0,14857.0,24.616,302.0,40.62
2026-07-08 03:27:22,55.0,70.000              ,746.754,381.0,1067.0,0.0,55.375,55.375              ,55.375,55.375,55.375,55.375,55.375,55.375,55.375,57.134,45.482,59.059,48.934,57.044,40.204,64.088,31.068,50.377,1900.0,1920.0,2400.0,2400.0,1920.0,1920.0,1920.0,1920.0,2400.0,0.869,0.869,0.98,0.975,0.869,0.869,0.813,0.814,14.98,4435.0,14814.0,27.048,303.0,36.97
2026-07-08 03:27:23,55.0,69.000              ,746.512,200.0,1067.0,0.0,55.25,55.250              ,55.25,55.25,55.25,55.25,55.25,55.25,55.25,36.238,31.568,60.036,32.275,50.241,11.768,59.502,17.94,37.446,2000.0,2000.0,2525.0,2525.0,2020.0,2020.0,2020.0,2020.0,2525.0,0.789,0.789,1.125,1.128,0.778,0.778,0.895,0.894,14.933,4445.0,14809.0,26.299,304.0,38.02
2026-07-08 03:27:24,55.0,68.000              ,746.496,200.0,1067.0,0.0,55.25,55.250              ,55.25,55.25,55.25,55.25,55.25,55.25,55.25,35.835,28.948,64.726,27.328,47.723,13.519,53.389,16.011,35.935,2120.0,2100.0,2625.0,2650.0,2120.0,2120.0,2120.0,2120.0,2650.0,0.799,0.799,1.205,1.202,0.822,0.824,0.901,0.901,15.047,4446.0,14810.0,19.837,305.0,50.41
2026-07-08 03:27:25,55.0,69.000              ,746.492,516.0,1067.0,0.0,55.25,55.250              ,55.25,55.25,55.25,55.25,55.25,55.25,55.25,37.664,27.806,64.801,25.058,41.409,14.929,53.974,16.853,35.312,2160.0,2160.0,2700.0,2700.0,2160.0,2160.0,2140.0,2140.0,2700.0,0.837,0.837,1.2,1.2,0.743,0.74,0.935,0.936,15.071,4446.0,14807.0,20.966,306.0,47.7
2026-07-08 03:27:26,55.0,71.000              ,745.117,500.0,1067.0,0.0,55.25,55.250              ,55.25,55.25,55.25,55.25,55.25,55.25,55.25,36.348,27.197,62.172,28.156,45.302,13.828,53.035,18.359,35.549,2060.0,2060.0,2575.0,2575.0,2060.0,2060.0,2060.0,2060.0,2575.0,0.772,0.772,1.123,1.123,0.717,0.717,0.893,0.891,14.958,4444.0,14806.0,19.561,307.0,51.12
2026-07-08 03:27:27,55.0,71.000              ,742.859,428.0,1200.0,0.0,55.25,55.250              ,55.25,55.25,55.25,55.25,55.25,55.25,55.25,35.949,24.227,42.43,34.525,40.176,13.257,43.697,18.256,31.565,2060.0,2060.0,2575.0,2575.0,2060.0,2060.0,2060.0,2060.0,2575.0,0.801,0.801,1.049,1.049,0.712,0.712,0.85,0.85,14.9,4444.0,14805.0,22.677,308.0,44.1
2026-07-08 03:27:28,55.0,69.000              ,736.344,413.0,1200.0,0.0,55.25,55.250              ,55.25,55.25,55.25,55.25,55.25,55.25,55.25,36.244,25.874,49.026,36.724,44.695,14.152,52.999,18.207,34.74,2100.0,2100.0,2625.0,2625.0,2100.0,2100.0,2100.0,2100.0,2625.0,0.826,0.83,1.142,1.142,0.795,0.795,0.959,0.962,15.022,4443.0,14799.0,21.562,309.0,46.38
2026-07-08 03:27:29,55.0,69.000              ,742.484,428.0,1067.0,0.0,55.25,55.250              ,55.25,55.25,55.25,55.25,55.25,55.25,55.25,43.518,23.302,57.468,32.904,50.555,11.189,55.697,17.68,36.539,2120.0,2120.0,2650.0,2650.0,2120.0,2120.0,2120.0,2120.0,2650.0,0.827,0.826,1.131,1.132,0.771,0.771,0.947,0.932,15.121,4440.0,14804.0,23.558,310.0,42.45
2026-07-08 03:27:30,55.0,70.000              ,733.465,476.0,1200.0,0.0,55.25,55.250              ,55.25,55.25,55.25,55.25,55.25,55.25,55.25,34.534,26.159,44.077,34.38,48.787,9.175,44.914,15.291,32.165,2040.0,2040.0,2550.0,2550.0,2040.0,2040.0,2040.0,2040.0,2550.0,0.777,0.773,1.03,1.029,0.75,0.75,0.8,0.811,15.098,4441.0,14797.0,24.49,311.0,40.83
2026-07-08 03:27:31,55.0,70.000              ,734.281,393.0,1200.0,0.0,55.25,55.250              ,55.25,55.25,55.25,55.25,55.25,55.25,55.25,33.485,27.322,51.084,30.479,43.583,8.642,49.981,15.701,32.535,2100.0,2100.0,2100.0,2100.0,2100.0,2100.0,2625.0,2625.0,2625.0,0.839,0.839,1.131,1.133,0.778,0.778,0.947,0.947,14.996,4443.0,14797.0,21.729,312.0,46.02
2026-07-08 03:27:32,55.0,69.000              ,741.836,375.0,1200.0,0.0,55.25,55.250              ,55.25,55.25,55.25,55.25,55.25,55.25,55.25,42.593,26.833,42.527,39.018,47.764,16.605,54.414,21.614,36.421,2140.0,2140.0,2675.0,2675.0,2140.0,2140.0,2140.0,2140.0,2675.0,0.839,0.839,1.009,1.008,0.808,0.808,0.992,0.992,15.011,4441.0,14808.0,23.665,313.0,42.26
2026-07-08 03:27:33,55.0,69.000              ,741.836,200.0,1200.0,0.0,55.25,55.250              ,55.25,55.25,55.25,55.25,55.25,55.25,55.25,44.45,30.376,48.483,33.701,48.841,10.889,51.936,19.543,36.027,2120.0,2120.0,2650.0,2650.0,2120.0,2120.0,2650.0,2650.0,2650.0,0.918,0.918,1.082,1.083,0.81,0.801,0.979,0.979,14.992,4455.0,14809.0,20.225,314.0,49.44
2026-07-08 03:27:34,55.0,69.000              ,744.176,525.0,1067.0,0.0,55.25,55.250              ,55.25,55.25,55.25,55.25,55.25,55.25,55.25,35.435,25.908,41.714,30.472,53.499,12.231,44.295,18.062,32.702,2060.0,2060.0,2575.0,2575.0,2575.0,2575.0,2060.0,2060.0,2575.0,0.773,0.776,0.921,0.919,0.857,0.867,0.84,0.84,15.071,4459.0,14810.0,26.296,315.0,38.03
2026-07-08 03:27:35,55.0,69.000              ,755.691,200.0,1200.0,0.0,55.25,55.250              ,55.25,55.25,55.25,55.25,55.25,55.25,55.25,42.656,28.811,47.272,43.66,42.357,16.257,53.657,16.64,36.414,2040.0,2040.0,2550.0,2550.0,2040.0,2040.0,2040.0,2040.0,2550.0,0.834,0.832,1.183,1.183,0.749,0.749,0.876,0.876,15.25,4461.0,14826.0,21.506,316.0,46.5
2026-07-08 03:27:36,55.0,68.000              ,755.32,200.0,1067.0,0.0,55.25,55.250              ,55.25,55.25,55.25,55.25,55.25,55.25,55.25,37.603,24.619,52.488,39.756,43.948,12.358,46.856,16.977,34.326,2020.0,2020.0,2525.0,2525.0,2020.0,2020.0,2020.0,2020.0,2525.0,0.792,0.791,1.137,1.137,0.758,0.758,0.849,0.85,14.831,4463.0,14828.0,21.382,317.0,46.77
2026-07-08 03:27:37,55.0,68.000              ,749.559,428.0,1200.0,0.0,55.25,55.250              ,55.25,55.25,55.25,55.25,55.25,55.25,55.25,40.173,30.085,50.034,42.451,47.619,10.713,54.112,14.619,36.226,2080.0,2060.0,2575.0,2575.0,2060.0,2060.0,2060.0,2060.0,2575.0,0.86,0.86,1.192,1.192,0.78,0.78,0.877,0.875,15.214,4463.0,14822.0,20.493,318.0,48.8
2026-07-08 03:27:38,55.0,70.000              ,749.613,200.0,1200.0,0.0,55.25,55.250              ,55.25,55.25,55.25,55.25,55.25,55.25,55.25,38.68,28.325,48.707,41.801,43.049,19.84,52.992,20.914,36.788,1980.0,1980.0,2475.0,2475.0,1980.0,1980.0,2000.0,2000.0,2475.0,0.765,0.765,1.051,1.051,0.753,0.753,0.891,0.891,14.95,4463.0,14821.0,19.114,319.0,52.32
2026-07-08 03:27:39,55.0,68.000              ,749.363,541.0,1067.0,0.0,55.25,55.250              ,55.25,55.25,55.25,55.25,55.25,55.25,55.25,33.546,30.053,45.02,26.287,46.654,7.39,52.969,11.606,31.69,2080.0,2080.0,2600.0,2600.0,2080.0,2080.0,2080.0,2080.0,2600.0,0.809,0.809,0.927,0.927,0.747,0.747,0.872,0.872,14.971,4463.0,14820.0,23.857,320.0,41.92
2026-07-08 03:27:40,55.0,68.000              ,747.863,420.0,1200.0,0.0,55.25,55.250              ,55.25,55.25,55.25,55.25,55.25,55.25,55.25,39.289,28.164,49.022,47.015,49.793,8.804,46.987,14.055,35.391,2060.0,2060.0,2575.0,2575.0,2060.0,2060.0,2060.0,2060.0,2575.0,0.839,0.839,1.199,1.199,0.737,0.737,0.826,0.828,15.052,4462.0,14811.0,20.618,321.0,48.5
2026-07-08 03:27:41,55.0,70.000              ,737.328,420.0,1200.0,0.0,55.25,55.250              ,55.25,55.25,55.25,55.25,55.25,55.25,55.25,35.093,32.158,59.532,32.479,52.786,14.182,49.64,17.358,36.653,2060.0,2060.0,2575.0,2575.0,2060.0,2060.0,2060.0,2060.0,2575.0,0.85,0.85,1.169,1.169,0.816,0.816,0.906,0.903,15.068,4458.0,14803.0,23.891,322.0,41.86
2026-07-08 03:27:42,55.0,70.000              ,740.227,469.0,1067.0,0.0,55.25,55.250              ,55.25,55.25,55.25,55.25,55.25,55.25,55.25,39.159,29.909,54.94,35.067,51.746,13.059,49.718,18.08,36.46,2080.0,2080.0,2575.0,2575.0,2060.0,2060.0,2060.0,2060.0,2575.0,0.826,0.829,1.087,1.087,0.774,0.777,0.908,0.908,15.064,4459.0,14806.0,18.671,323.0,53.56
2026-07-08 03:27:43,55.0,70.000              ,730.84,420.0,1200.0,0.0,55.25,55.250              ,55.25,55.25,55.25,55.25,55.25,55.25,55.25,38.354,23.637,41.428,31.604,50.688,8.562,45.77,13.948,31.749,2040.0,2040.0,2550.0,2550.0,2040.0,2040.0,2040.0,2040.0,2550.0,0.834,0.832,1.017,1.017,0.787,0.775,0.809,0.809,14.823,4458.0,14798.0,26.522,324.0,37.7
2026-07-08 03:27:44,55.0,70.000              ,730.844,406.0,1200.0,0.0,55.25,55.250              ,55.25,55.25,55.25,55.25,55.25,55.25,55.25,39.234,25.89,52.259,35.136,59.08,8.767,41.156,16.031,34.694,2100.0,2100.0,2625.0,2600.0,2080.0,2080.0,2080.0,2080.0,2625.0,0.809,0.808,1.106,1.106,0.859,0.87,0.796,0.796,15.276,4459.0,14797.0,24.659,325.0,40.55
2026-07-08 03:27:45,55.0,70.000              ,734.863,400.0,1200.0,0.0,55.25,55.250              ,55.25,55.25,55.25,55.25,55.25,55.25,55.25,41.173,27.085,53.949,38.47,55.15,10.698,41.138,16.554,35.527,2080.0,2080.0,2600.0,2600.0,2080.0,2080.0,2080.0,2080.0,2600.0,0.844,0.844,1.143,1.143,0.834,0.834,0.791,0.791,14.863,4457.0,14791.0,20.037,326.0,49.91
2026-07-08 03:27:46,55.0,69.000              ,737.98,500.0,1067.0,0.0,55.25,55.250              ,55.25,55.25,55.25,55.25,55.25,55.25,55.25,34.295,25.715,56.547,35.464,56.434,11.542,46.486,20.868,35.919,2060.0,2060.0,2575.0,2575.0,2060.0,2060.0,2060.0,2060.0,2575.0,0.748,0.748,1.088,1.096,0.82,0.82,0.864,0.864,15.112,4457.0,14795.0,21.426,327.0,46.67
2026-07-08 03:27:47,55.0,69.000              ,737.98,200.0,1200.0,0.0,55.25,55.250              ,55.25,55.25,55.25,55.25,55.25,55.25,55.25,41.374,22.147,40.83,28.879,48.328,12.413,50.925,12.191,32.136,2000.0,2000.0,2500.0,2500.0,2000.0,2000.0,2020.0,2020.0,2500.0,0.74,0.74,0.856,0.853,0.736,0.736,0.788,0.788,15.185,4458.0,14800.0,21.736,328.0,46.01
2026-07-08 03:27:48,55.0,68.000              ,742.965,428.0,1200.0,0.0,55.25,55.250              ,55.25,55.25,55.25,55.25,55.25,55.25,55.25,43.721,24.205,53.898,28.516,61.736,10.799,42.404,24.274,36.194,1920.0,1920.0,2400.0,2400.0,2400.0,2400.0,1920.0,1920.0,2400.0,0.824,0.825,0.985,0.985,0.895,0.895,0.86,0.86,14.882,4459.0,14803.0,23.9,329.0,41.84
2026-07-08 03:27:49,55.0,68.000              ,750.949,484.0,1200.0,0.0,55.25,55.250              ,55.25,55.25,55.25,55.25,55.25,55.25,55.25,33.733,27.511,37.936,35.396,54.604,9.307,47.381,14.112,32.497,2020.0,2020.0,2525.0,2525.0,2020.0,2020.0,2020.0,2020.0,2525.0,0.715,0.714,0.886,0.884,0.807,0.807,0.775,0.775,14.979,4466.0,14812.0,25.026,330.0,39.96
2026-07-08 03:27:50,55.0,70.000              ,752.219,393.0,1200.0,0.0,55.25,55.250              ,55.25,55.25,55.25,55.25,55.25,55.25,55.25,41.02,27.269,52.002,33.248,60.723,8.726,47.35,24.467,36.851,2020.0,2020.0,2500.0,2500.0,2000.0,2000.0,2000.0,2000.0,2500.0,0.848,0.85,1.051,1.051,0.82,0.82,0.917,0.917,14.958,4466.0,14812.0,21.897,331.0,45.67
2026-07-08 03:27:51,55.0,68.000              ,754.246,200.0,1067.0,0.0,55.25,55.250              ,55.25,55.25,55.25,55.25,55.25,55.25,55.25,44.097,25.769,50.958,32.578,61.066,14.089,45.612,26.277,37.556,2020.0,2020.0,2020.0,2020.0,2525.0,2525.0,2020.0,2020.0,2525.0,0.801,0.799,0.965,0.968,0.931,0.931,0.904,0.904,15.17,4465.0,14815.0,23.439,332.0,42.66
2026-07-08 03:27:52,55.0,69.000              ,754.121,435.0,1200.0,0.0,55.25,55.250              ,55.25,55.25,55.25,55.25,55.25,55.25,55.25,42.227,31.606,46.295,36.4,57.13,10.948,46.454,24.184,36.906,2060.0,2060.0,2575.0,2600.0,2080.0,2080.0,2080.0,2080.0,2600.0,0.81,0.814,0.958,0.96,0.773,0.774,0.85,0.85,15.032,4463.0,14810.0,26.085,333.0,38.34
2026-07-08 03:27:53,55.0,70.000              ,751.25,500.0,1200.0,0.0,55.25,55.250              ,55.25,55.25,55.25,55.25,55.25,55.25,55.25,35.4,26.755,41.368,27.782,57.478,12.191,44.95,16.626,32.819,2020.0,2020.0,2525.0,2525.0,2020.0,2020.0,2020.0,2020.0,2525.0,0.754,0.75,0.836,0.83,0.924,0.922,0.773,0.775,15.081,4467.0,14808.0,24.136,334.0,41.43
2026-07-08 03:27:54,55.0,70.000              ,741.973,461.0,1200.0,0.0,55.25,55.250              ,55.25,55.25,55.25,55.25,55.25,55.25,55.25,41.4,24.262,43.036,32.61,62.214,9.986,48.408,18.804,35.09,2100.0,2100.0,2625.0,2625.0,2100.0,2100.0,2100.0,2100.0,2625.0,0.839,0.839,0.97,0.966,0.926,0.926,0.885,0.883,14.797,4466.0,14800.0,20.667,335.0,48.39
2026-07-08 03:27:55,55.0,70.000              ,743.234,364.0,1200.0,0.0,55.25,55.250              ,55.25,55.25,55.25,55.25,55.25,55.25,55.25,39.12,26.532,47.499,33.317,58.625,9.468,46.328,17.199,34.761,2100.0,2100.0,2625.0,2625.0,2100.0,2100.0,2100.0,2120.0,2625.0,0.855,0.855,1.075,1.08,0.879,0.879,0.872,0.872,15.195,4466.0,14800.0,23.283,336.0,42.95
2026-07-08 03:27:56,55.0,70.000              ,743.246,381.0,1067.0,0.0,55.25,55.250              ,55.25,55.25,55.25,55.25,55.25,55.25,55.25,39.093,24.22,48.942,34.583,52.935,9.046,46.748,13.617,33.648,2060.0,2060.0,2575.0,2575.0,2060.0,2060.0,2060.0,2060.0,2575.0,0.849,0.851,1.121,1.121,0.82,0.82,0.86,0.861,14.964,4463.0,14794.0,20.544,337.0,48.68
2026-07-08 03:27:57,55.0,68.000              ,736.102,500.0,1200.0,0.0,55.25,55.250              ,55.25,55.25,55.25,55.25,55.25,55.25,55.25,32.537,25.257,37.886,32.157,51.005,10.038,41.106,12.784,30.346,2140.0,2140.0,2675.0,2725.0,2180.0,2180.0,2180.0,2180.0,2725.0,0.776,0.774,0.991,0.991,0.835,0.835,0.8,0.798,15.046,4465.0,14792.0,24.402,338.0,40.98
2026-07-08 03:27:58,55.0,69.000              ,737.105,387.0,1200.0,0.0,55.25,55.250              ,55.25,55.25,55.25,55.25,55.25,55.25,55.25,33.48,25.589,52.296,33.133,52.775,11.863,42.517,13.854,33.188,2140.0,2140.0,2675.0,2675.0,2700.0,2700.0,2160.0,2160.0,2700.0,0.842,0.842,1.128,1.128,0.906,0.906,0.848,0.848,14.914,4465.0,14790.0,20.76,339.0,48.17
2026-07-08 03:27:59,55.0,69.000              ,737.133,406.0,1067.0,0.0,55.25,55.250              ,55.25,55.25,55.25,55.25,55.25,55.25,55.25,40.016,21.826,59.533,27.524,57.943,9.431,43.605,18.41,34.786,2100.0,2100.0,2625.0,2625.0,2100.0,2100.0,2100.0,2100.0,2625.0,0.821,0.821,1.144,1.144,0.877,0.877,0.894,0.894,15.237,4463.0,14790.0,24.269,340.0,41.2
2026-07-08 03:28:00,55.0,69.000              ,737.098,450.0,1067.0,0.0,55.25,55.250              ,55.25,55.25,55.25,55.25,55.25,55.25,55.25,32.818,30.598,43.527,33.165,43.443,8.996,41.11,18.812,31.559,2080.0,2080.0,2600.0,2600.0,2080.0,2080.0,2100.0,2100.0,2600.0,0.802,0.803,1.043,1.043,0.714,0.714,0.851,0.851,14.999,4462.0,14785.0,24.705,341.0,40.48
2026-07-08 03:28:01,55.0,70.000              ,733.375,400.0,1067.0,0.0,55.25,55.250              ,55.25,55.25,55.25,55.25,55.25,55.25,55.25,32.865,21.144,59.499,23.826,50.987,7.096,44.428,10.993,31.355,2140.0,2140.0,2675.0,2675.0,2140.0,2140.0,2140.0,2140.0,2675.0,0.821,0.807,1.153,1.153,0.874,0.874,0.854,0.854,14.818,4461.0,14781.0,21.972,342.0,45.51
2026-07-08 03:28:02,55.0,70.000              ,733.621,393.0,1067.0,0.0,55.25,55.250              ,55.25,55.25,55.25,55.25,55.25,55.25,55.25,44.119,21.249,49.376,28.078,43.806,8.828,50.167,16.817,32.805,2220.0,2220.0,2775.0,2775.0,2220.0,2220.0,2220.0,2220.0,2775.0,0.91,0.926,1.135,1.135,0.79,0.79,0.974,0.975,15.03,4462.0,14774.0,23.0,343.0,43.48
2026-07-08 03:28:03,55.0,71.000              ,733.621,358.0,1067.0,0.0,55.25,55.250              ,55.25,55.25,55.25,55.25,55.25,55.25,55.25,42.436,26.158,50.346,27.333,40.221,10.203,53.942,14.276,33.115,2750.0,2750.0,2200.0,2200.0,2220.0,2220.0,2220.0,2220.0,2750.0,0.931,0.93,1.109,1.109,0.76,0.76,1.01,1.009,15.225,4463.0,14774.0,22.478,344.0,44.49
2026-07-08 03:28:04,55.0,70.000              ,730.359,200.0,1067.0,0.0,55.25,55.250              ,55.25,55.25,55.25,55.25,55.25,55.25,55.25,36.792,28.84,47.718,31.09,39.876,14.783,51.076,17.344,33.44,2160.0,2160.0,2700.0,2700.0,2180.0,2180.0,2180.0,2180.0,2700.0,0.846,0.846,1.094,1.097,0.8,0.8,0.982,0.982,14.884,4459.0,14771.0,19.614,345.0,50.98
2026-07-08 03:28:05,55.0,69.000              ,725.848,457.0,1067.0,0.0,55.25,55.250              ,55.25,55.25,55.25,55.25,55.25,55.25,55.25,41.666,25.191,48.436,26.972,41.104,11.353,47.361,17.517,32.45,2700.0,2700.0,2160.0,2160.0,2160.0,2140.0,2140.0,2140.0,2700.0,0.922,0.922,1.074,1.07,0.823,0.823,0.943,0.945,15.236,4461.0,14769.0,21.435,346.0,46.65
2026-07-08 03:28:06,55.0,69.000              ,725.859,484.0,1067.0,0.0,55.25,55.250              ,55.25,55.25,55.25,55.25,55.25,55.25,55.25,35.342,22.672,38.668,30.513,48.965,9.184,46.53,16.25,31.015,2040.0,2040.0,2550.0,2550.0,2600.0,2600.0,2080.0,2080.0,2600.0,0.772,0.772,0.951,0.951,0.799,0.799,0.837,0.838,14.913,4461.0,14769.0,23.011,347.0,43.46
2026-07-08 03:28:07,55.0,70.000              ,725.219,420.0,1067.0,0.0,55.25,55.250              ,55.25,55.25,55.25,55.25,55.25,55.25,55.25,37.457,20.885,55.234,25.532,48.575,9.35,58.088,12.219,33.418,2120.0,2120.0,2120.0,2120.0,2120.0,2120.0,2650.0,2650.0,2650.0,0.818,0.82,1.065,1.072,0.798,0.798,0.983,0.98,14.991,4461.0,14766.0,21.536,348.0,46.43
2026-07-08 03:28:08,55.0,70.000              ,726.348,200.0,1067.0,0.0,55.25,55.250              ,55.25,55.25,55.25,55.25,55.25,55.25,55.25,36.989,21.055,57.673,32.627,50.654,8.549,54.783,7.618,33.744,2200.0,2200.0,2750.0,2750.0,2200.0,2200.0,2200.0,2200.0,2750.0,0.859,0.857,1.244,1.237,0.831,0.831,0.892,0.881,15.042,4461.0,14762.0,22.299,349.0,44.85
2026-07-08 03:28:09,55.0,70.000              ,726.355,420.0,1067.0,0.0,55.25,55.250              ,55.25,55.25,55.25,55.25,55.25,55.25,55.25,33.132,22.845,68.871,25.422,45.252,11.081,54.85,9.528,33.873,2120.0,2120.0,2650.0,2650.0,2120.0,2120.0,2120.0,2120.0,2650.0,0.806,0.806,1.22,1.22,0.794,0.797,0.899,0.91,15.106,4461.0,14762.0,19.822,350.0,50.45
2026-07-08 03:28:10,55.0,70.000              ,726.352,435.0,1067.0,0.0,55.25,55.250              ,55.25,55.25,55.25,55.25,55.25,55.25,55.25,32.911,22.969,67.624,23.028,46.808,11.329,53.697,11.081,33.681,2120.0,2120.0,2650.0,2650.0,2120.0,2120.0,2120.0,2120.0,2650.0,0.798,0.798,1.232,1.232,0.795,0.798,0.927,0.927,15.079,4461.0,14762.0,19.235,351.0,51.99
2026-07-08 03:28:11,55.0,70.000              ,726.344,375.0,1067.0,0.0,55.25,55.250              ,55.25,55.25,55.25,55.25,55.25,55.25,55.25,37.846,17.481,45.164,24.604,50.849,7.965,49.14,5.304,29.794,2100.0,2100.0,2625.0,2625.0,2100.0,2100.0,2100.0,2100.0,2625.0,0.869,0.869,1.031,1.031,0.888,0.883,0.844,0.844,14.955,4461.0,14761.0,29.982,352.0,33.35
2026-07-08 03:28:12,55.0,68.000              ,726.66,413.0,1067.0,0.0,55.25,55.250              ,55.25,55.25,55.25,55.25,55.25,55.25,55.25,37.192,22.549,48.384,26.235,47.71,9.2,56.755,11.083,32.389,2160.0,2160.0,2700.0,2700.0,2160.0,2160.0,2140.0,2140.0,2700.0,0.876,0.876,1.047,1.047,0.801,0.801,1.031,1.031,14.996,4461.0,14761.0,22.823,353.0,43.82
2026-07-08 03:28:13,55.0,69.000              ,726.66,375.0,1067.0,0.0,55.25,55.250              ,55.25,55.25,55.25,55.25,55.25,55.25,55.25,49.381,23.51,51.564,30.511,51.725,11.755,47.734,14.612,35.099,2080.0,2080.0,2600.0,2600.0,2080.0,2080.0,2080.0,2080.0,2600.0,0.917,0.917,1.027,1.027,0.795,0.795,0.892,0.892,14.968,4461.0,14760.0,21.584,354.0,46.33
2026-07-08 03:28:14,55.0,70.000              ,726.664,428.0,1067.0,0.0,55.25,55.250              ,55.25,55.25,55.25,55.25,55.25,55.25,55.25,36.972,25.2,50.039,28.205,48.357,9.544,50.279,11.703,32.537,2140.0,2140.0,2675.0,2675.0,2140.0,2140.0,2140.0,2140.0,2675.0,0.856,0.858,1.126,1.114,0.789,0.789,0.959,0.959,15.086,4461.0,14760.0,21.205,355.0,47.16
2026-07-08 03:28:15,55.0,70.000              ,726.66,461.0,1200.0,0.0,55.25,55.250              ,55.25,55.25,55.25,55.25,55.25,55.25,55.25,42.681,25.446,43.306,27.291,53.664,8.067,44.701,13.973,32.391,2100.0,2100.0,2625.0,2625.0,2100.0,2100.0,2100.0,2100.0,2625.0,0.885,0.883,0.961,0.97,0.84,0.84,0.927,0.922,14.993,4460.0,14758.0,19.993,356.0,50.02
2026-07-08 03:28:16,55.0,70.000              ,726.98,508.0,1200.0,0.0,55.25,55.250              ,55.25,55.25,55.25,55.25,55.25,55.25,55.25,29.942,26.291,46.829,26.796,52.297,7.361,42.246,13.797,30.695,2100.0,2100.0,2625.0,2625.0,2100.0,2100.0,2100.0,2100.0,2625.0,0.72,0.72,0.988,0.988,0.774,0.774,0.8,0.802,15.142,4461.0,14758.0,24.235,357.0,41.26
2026-07-08 03:28:17,55.0,69.000              ,726.977,344.0,1200.0,0.0,55.25,55.250              ,55.25,55.25,55.25,55.25,55.25,55.25,55.25,32.27,25.773,43.657,30.087,52.097,6.852,43.093,13.884,30.964,2120.0,2120.0,2120.0,2120.0,2650.0,2650.0,2120.0,2120.0,2650.0,0.864,0.864,1.074,1.075,0.854,0.854,0.928,0.928,14.991,4462.0,14758.0,20.016,358.0,49.96
2026-07-08 03:28:18,55.0,69.000              ,726.977,338.0,1067.0,0.0,55.25,55.250              ,55.25,55.25,55.25,55.25,55.25,55.25,55.25,38.338,25.475,45.812,35.615,53.167,10.274,45.21,13.272,33.395,2675.0,2675.0,2140.0,2140.0,2140.0,2140.0,2140.0,2140.0,2675.0,0.881,0.881,1.121,1.12,0.855,0.855,0.9,0.9,15.156,4462.0,14759.0,23.492,359.0,42.57
2026-07-08 03:28:19,55.0,68.000              ,724.73,200.0,1067.0,0.0,55.25,55.250              ,55.25,55.25,55.25,55.25,55.25,55.25,55.25,43.902,29.737,49.665,36.538,47.001,11.585,46.497,18.693,35.452,2080.0,2080.0,2600.0,2600.0,2080.0,2080.0,2080.0,2080.0,2600.0,0.92,0.92,1.127,1.136,0.766,0.766,0.904,0.905,14.884,4462.0,14753.0,20.702,360.0,48.3
2026-07-08 03:28:20,55.0,68.000              ,724.727,428.0,1067.0,0.0,55.25,55.250              ,55.25,55.25,55.25,55.25,55.25,55.25,55.25,43.479,28.283,45.274,23.96,46.651,13.191,48.161,14.38,32.922,2100.0,2100.0,2600.0,2600.0,2080.0,2080.0,2080.0,2080.0,2600.0,0.973,0.961,0.929,0.921,0.833,0.833,0.961,0.96,15.05,4462.0,14753.0,19.956,361.0,50.11
2026-07-08 03:28:21,55.0,69.000              ,724.727,426.0,1200.0,0.0,55.25,55.250              ,55.25,55.25,55.25,55.25,55.25,55.25,55.25,42.411,23.644,55.075,33.82,54.477,10.373,41.385,15.283,34.558,2100.0,2100.0,2650.0,2650.0,2120.0,2120.0,2120.0,2120.0,2650.0,0.835,0.845,1.189,1.188,0.849,0.849,0.827,0.827,15.028,4463.0,14753.0,20.261,362.0,49.36
2026-07-08 03:28:22,55.0,69.000              ,723.73,200.0,1200.0,0.0,55.0,55.000              ,55.0,55.0,55.0,55.0,55.0,55.0,55.0,36.251,26.923,41.287,33.908,42.671,16.333,46.502,20.863,33.092,2020.0,2020.0,2525.0,2525.0,2020.0,2020.0,2020.0,2020.0,2525.0,0.71,0.71,0.908,0.908,0.705,0.705,0.812,0.812,15.163,4462.0,14748.0,24.607,363.0,40.64
2026-07-08 03:28:23,55.0,69.000              ,723.789,400.0,1067.0,0.0,55.0,55.000              ,55.0,55.0,55.0,55.0,55.0,55.0,55.0,29.724,25.691,58.991,29.365,46.073,9.318,34.453,13.502,30.89,2100.0,2100.0,2625.0,2625.0,2100.0,2100.0,2100.0,2100.0,2625.0,0.82,0.82,1.29,1.292,0.793,0.793,0.784,0.784,14.809,4462.0,14749.0,21.405,364.0,46.72
2026-07-08 03:28:24,55.0,69.000              ,723.793,492.0,1200.0,0.0,55.0,55.000              ,55.0,55.0,55.0,55.0,55.0,55.0,55.0,32.352,25.771,39.196,29.365,49.835,6.473,40.815,11.279,29.386,2160.0,2160.0,2700.0,2700.0,2160.0,2160.0,2160.0,2160.0,2700.0,0.796,0.796,1.019,1.019,0.815,0.815,0.829,0.829,15.311,4463.0,14748.0,25.496,365.0,39.22
2026-07-08 03:28:25,55.0,69.000              ,723.797,200.0,1067.0,0.0,55.0,55.000              ,55.0,55.0,55.0,55.0,55.0,55.0,55.0,42.826,25.953,43.015,35.469,60.525,13.189,39.897,22.218,35.386,2100.0,2100.0,2625.0,2625.0,2080.0,2080.0,2080.0,2080.0,2625.0,0.869,0.869,1.011,1.001,0.984,0.984,0.851,0.851,14.81,4463.0,14747.0,23.79,366.0,42.03
2026-07-08 03:28:26,55.0,69.000              ,723.797,426.0,1067.0,0.0,55.0,55.000              ,55.0,55.0,55.0,55.0,55.0,55.0,55.0,38.83,29.131,52.193,36.113,60.116,11.457,42.31,18.862,36.127,2080.0,2080.0,2080.0,2080.0,2600.0,2600.0,2080.0,2080.0,2600.0,0.852,0.852,1.139,1.15,0.923,0.924,0.844,0.846,15.19,4463.0,14748.0,21.087,367.0,47.42
2026-07-08 03:28:27,55.0,71.000              ,723.809,200.0,1200.0,0.0,55.0,55.000              ,55.0,55.0,55.0,55.0,55.0,55.0,55.0,38.804,27.55,46.485,37.751,53.072,17.555,43.501,17.27,35.248,2080.0,2080.0,2600.0,2600.0,2080.0,2080.0,2080.0,2080.0,2600.0,0.817,0.817,1.1,1.082,0.897,0.896,0.824,0.821,14.901,4464.0,14750.0,25.616,368.0,39.04
2026-07-08 03:28:28,55.0,70.000              ,723.805,387.0,1067.0,0.0,55.0,55.000              ,55.0,55.0,55.0,55.0,55.0,55.0,55.0,39.993,26.066,52.105,27.37,47.78,11.004,46.891,10.382,32.699,2100.0,2100.0,2625.0,2625.0,2100.0,2100.0,2100.0,2100.0,2625.0,0.9,0.9,1.101,1.118,0.799,0.799,0.888,0.888,14.99,4464.0,14750.0,22.831,369.0,43.8
2026-07-08 03:28:29,55.0,69.000              ,724.055,393.0,1200.0,0.0,55.0,55.000              ,55.0,55.0,55.0,55.0,55.0,55.0,55.0,42.191,24.744,55.649,25.836,46.117,12.136,50.13,15.472,34.034,2160.0,2180.0,2725.0,2725.0,2180.0,2180.0,2180.0,2180.0,2725.0,0.898,0.898,1.113,1.113,0.793,0.793,0.919,0.919,15.239,4466.0,14749.0,23.025,370.0,43.43
2026-07-08 03:28:30,55.0,70.000              ,724.004,457.0,1200.0,0.0,55.0,55.000              ,55.0,55.0,55.0,55.0,55.0,55.0,55.0,37.191,31.489,58.182,31.764,50.631,13.34,49.244,18.033,36.234,2100.0,2100.0,2625.0,2625.0,2100.0,2100.0,2100.0,2100.0,2625.0,0.802,0.802,1.124,1.124,0.758,0.758,0.837,0.84,15.015,4471.0,14748.0,25.186,371.0,39.7
2026-07-08 03:28:31,55.0,69.000              ,724.047,406.0,1067.0,0.0,55.0,55.000              ,55.0,55.0,55.0,55.0,55.0,55.0,55.0,36.485,23.649,40.769,26.956,58.388,9.71,40.656,12.993,31.201,2080.0,2080.0,2600.0,2600.0,2100.0,2100.0,2100.0,2100.0,2600.0,0.86,0.86,0.989,0.989,0.995,0.997,0.865,0.866,14.97,4472.0,14748.0,21.539,372.0,46.43
2026-07-08 03:28:32,55.0,70.000              ,723.043,344.0,1200.0,0.0,55.0,55.000              ,55.0,55.0,55.0,55.0,55.0,55.0,55.0,36.649,26.643,49.605,31.758,56.125,13.645,40.532,13.074,33.504,2180.0,2180.0,2180.0,2725.0,2180.0,2180.0,2180.0,2180.0,2725.0,0.866,0.866,1.068,1.072,0.952,0.951,0.864,0.86,14.937,4472.0,14748.0,24.092,373.0,41.51
2026-07-08 03:28:33,55.0,70.000              ,724.043,420.0,1200.0,0.0,55.0,55.000              ,55.0,55.0,55.0,55.0,55.0,55.0,55.0,38.436,28.392,53.068,31.46,54.821,12.708,46.182,13.083,34.769,2120.0,2120.0,2650.0,2650.0,2120.0,2120.0,2120.0,2120.0,2650.0,0.867,0.867,1.135,1.131,0.875,0.874,0.88,0.88,15.137,4472.0,14747.0,20.453,374.0,48.89
2026-07-08 03:28:34,55.0,69.000              ,730.063,457.0,1200.0,0.0,55.0,55.000              ,55.0,55.0,55.0,55.0,55.0,55.0,55.0,36.45,32.634,53.644,34.23,56.921,13.28,43.183,13.445,35.473,2100.0,2100.0,2100.0,2100.0,2625.0,2625.0,2080.0,2080.0,2625.0,0.828,0.828,1.096,1.103,0.867,0.867,0.767,0.769,15.006,4479.0,14759.0,22.517,375.0,44.41
2026-07-08 03:28:35,55.0,69.000              ,730.063,435.0,1067.0,0.0,55.0,55.000              ,55.0,55.0,55.0,55.0,55.0,55.0,55.0,42.687,22.903,49.881,28.913,58.533,12.358,37.484,17.269,33.753,2120.0,2120.0,2650.0,2625.0,2100.0,2100.0,2100.0,2120.0,2650.0,0.861,0.85,1.012,1.005,0.965,0.965,0.824,0.823,14.901,4479.0,14759.0,20.183,376.0,49.55
2026-07-08 03:28:36,55.0,69.000              ,733.316,200.0,1067.0,0.0,55.0,55.000              ,55.0,55.0,55.0,55.0,55.0,55.0,55.0,35.985,23.396,47.785,36.821,47.42,11.368,36.179,19.028,32.248,2160.0,2160.0,2700.0,2700.0,2160.0,2160.0,2160.0,2160.0,2700.0,0.86,0.872,1.218,1.218,0.837,0.837,0.85,0.849,15.142,4482.0,14763.0,23.008,377.0,43.46
2026-07-08 03:28:37,55.0,71.000              ,733.313,381.0,1067.0,0.0,55.0,55.000              ,55.0,55.0,55.0,55.0,55.0,55.0,55.0,44.047,23.234,54.403,29.966,54.532,14.036,41.029,14.669,34.489,2100.0,2100.0,2625.0,2625.0,2100.0,2100.0,2100.0,2100.0,2625.0,0.882,0.882,1.108,1.108,0.906,0.906,0.831,0.833,14.909,4482.0,14764.0,24.902,378.0,40.16
2026-07-08 03:28:38,55.0,71.000              ,733.313,381.0,1200.0,0.0,55.0,55.000              ,55.0,55.0,55.0,55.0,55.0,55.0,55.0,33.639,27.659,58.157,24.658,47.836,10.855,57.143,15.981,34.491,2100.0,2100.0,2625.0,2625.0,2100.0,2100.0,2100.0,2120.0,2625.0,0.824,0.824,1.096,1.098,0.84,0.84,0.99,0.987,15.087,4481.0,14764.0,19.22,379.0,52.03
2026-07-08 03:28:39,55.0,69.000              ,733.313,200.0,1067.0,0.0,55.0,55.000              ,55.0,55.0,55.0,55.0,55.0,55.0,55.0,32.885,27.574,60.816,24.19,40.862,19.015,44.283,20.748,33.797,2160.0,2160.0,2700.0,2700.0,2160.0,2160.0,2160.0,2160.0,2700.0,0.814,0.814,1.135,1.139,0.835,0.835,0.929,0.929,15.083,4481.0,14764.0,21.122,380.0,47.34
2026-07-08 03:28:40,55.0,69.000              ,731.816,393.0,1067.0,0.0,55.0,55.000              ,55.0,55.0,55.0,55.0,55.0,55.0,55.0,39.623,26.687,47.463,33.93,45.794,15.028,50.14,15.741,34.301,2120.0,2120.0,2650.0,2650.0,2120.0,2120.0,2120.0,2120.0,2650.0,0.838,0.838,1.132,1.126,0.824,0.824,0.907,0.907,15.024,4481.0,14762.0,25.799,381.0,38.76
2026-07-08 03:28:41,55.0,69.000              ,731.863,200.0,1200.0,0.0,55.0,55.000              ,55.0,55.0,55.0,55.0,55.0,55.0,55.0,48.889,23.151,42.582,28.555,41.288,14.912,55.082,13.65,33.514,2060.0,2060.0,2575.0,2575.0,2060.0,2060.0,2060.0,2060.0,2575.0,0.992,0.992,0.94,0.94,0.781,0.781,0.98,0.98,15.017,4484.0,14762.0,22.879,382.0,43.71
2026-07-08 03:28:42,55.0,68.000              ,731.863,200.0,1200.0,0.0,55.0,55.000              ,55.0,55.0,55.0,55.0,55.0,55.0,55.0,36.675,26.8,41.436,37.025,44.481,14.914,48.361,11.845,32.692,2040.0,2040.0,2550.0,2550.0,2040.0,2040.0,2040.0,2040.0,2550.0,0.782,0.782,1.041,1.041,0.768,0.77,0.795,0.795,15.043,4486.0,14762.0,25.882,383.0,38.64
2026-07-08 03:28:43,55.0,67.000              ,731.797,400.0,1067.0,0.0,55.0,55.000              ,55.0,55.0,55.0,55.0,55.0,55.0,55.0,32.328,21.736,35.754,34.587,41.16,12.722,49.766,11.013,29.883,2140.0,2140.0,2675.0,2675.0,2140.0,2140.0,2140.0,2140.0,2675.0,0.831,0.817,1.103,1.103,0.812,0.815,0.908,0.908,14.932,4486.0,14762.0,17.89,384.0,55.9
2026-07-08 03:28:44,55.0,69.000              ,730.797,387.0,1200.0,0.0,55.0,55.000              ,55.0,55.0,55.0,55.0,55.0,55.0,55.0,35.809,27.19,58.066,26.997,45.412,12.988,54.634,9.931,33.878,2220.0,2220.0,2220.0,2220.0,2220.0,2220.0,2775.0,2775.0,2775.0,0.885,0.899,1.135,1.135,0.841,0.837,0.947,0.947,15.059,4485.0,14761.0,24.661,385.0,40.55
2026-07-08 03:28:45,55.0,70.000              ,730.801,364.0,1200.0,0.0,55.0,55.000              ,55.0,55.0,55.0,55.0,55.0,55.0,55.0,30.095,26.447,61.26,27.173,47.938,15.595,46.15,12.057,33.34,2140.0,2140.0,2675.0,2675.0,2120.0,2120.0,2140.0,2140.0,2675.0,0.802,0.805,1.186,1.186,0.862,0.862,0.863,0.865,15.123,4486.0,14761.0,21.907,386.0,45.65
2026-07-08 03:28:46,55.0,68.000              ,730.793,476.0,1200.0,0.0,55.0,55.000              ,55.0,55.0,55.0,55.0,55.0,55.0,55.0,33.925,24.863,43.625,30.397,50.999,8.74,40.268,11.918,30.592,2200.0,2200.0,2750.0,2750.0,2200.0,2200.0,2200.0,2200.0,2750.0,0.783,0.779,1.023,1.023,0.795,0.795,0.767,0.766,15.099,4485.0,14761.0,25.322,387.0,39.49
2026-07-08 03:28:47,55.0,68.000              ,730.793,381.0,1200.0,0.0,55.0,55.000              ,55.0,55.0,55.0,55.0,55.0,55.0,55.0,40.632,24.447,43.834,26.084,46.014,10.049,45.23,11.248,30.942,2120.0,2120.0,2650.0,2650.0,2120.0,2120.0,2140.0,2140.0,2650.0,0.917,0.92,1.034,1.034,0.828,0.821,0.931,0.931,14.838,4485.0,14761.0,21.99,388.0,45.48
2026-07-08 03:28:48,55.0,69.000              ,731.301,370.0,1200.0,0.0,55.0,55.000              ,55.0,55.0,55.0,55.0,55.0,55.0,55.0,43.515,28.628,37.736,32.478,42.523,14.813,63.671,12.31,34.459,2140.0,2140.0,2140.0,2140.0,2140.0,2140.0,2675.0,2675.0,2675.0,0.913,0.911,0.885,0.885,0.772,0.778,1.11,1.112,15.273,4487.0,14763.0,23.73,389.0,42.14
2026-07-08 03:28:49,55.0,70.000              ,731.305,387.0,1067.0,0.0,55.0,55.000              ,55.0,55.0,55.0,55.0,55.0,55.0,55.0,44.572,27.874,43.832,28.715,46.108,23.962,63.709,14.912,36.711,2100.0,2100.0,2100.0,2100.0,2100.0,2100.0,2650.0,2650.0,2650.0,0.864,0.865,0.861,0.861,0.881,0.881,1.099,1.099,14.99,4490.0,14763.0,23.434,390.0,42.67
2026-07-08 03:28:50,55.0,69.000              ,731.301,435.0,1200.0,0.0,55.0,55.000              ,55.0,55.0,55.0,55.0,55.0,55.0,55.0,42.903,29.555,45.96,28.973,44.606,10.087,51.806,14.727,33.577,2140.0,2140.0,2675.0,2675.0,2140.0,2650.0,2120.0,2120.0,2675.0,0.897,0.895,0.987,0.99,0.756,0.756,0.954,0.953,15.002,4491.0,14761.0,24.392,391.0,41.0
2026-07-08 03:28:51,55.0,69.000              ,731.242,442.0,1067.0,0.0,55.0,55.000              ,55.0,55.0,55.0,55.0,55.0,55.0,55.0,44.315,25.74,48.285,32.465,43.463,16.186,50.787,11.811,34.131,2080.0,2080.0,2600.0,2600.0,2080.0,2100.0,2100.0,2100.0,2600.0,0.852,0.855,1.011,1.009,0.789,0.789,0.847,0.85,15.028,4493.0,14761.0,18.923,392.0,52.85
2026-07-08 03:28:52,55.0,69.000              ,723.473,450.0,1067.0,0.0,55.0,55.000              ,55.0,55.0,55.0,55.0,55.0,55.0,55.0,35.552,23.359,39.488,32.854,47.058,10.103,36.417,13.01,29.73,2160.0,2160.0,2700.0,2700.0,2160.0,2160.0,2160.0,2160.0,2700.0,0.813,0.81,1.07,1.07,0.798,0.798,0.777,0.77,14.966,4494.0,14757.0,24.111,393.0,41.47
2026-07-08 03:28:53,55.0,69.000              ,722.539,200.0,1200.0,0.0,55.0,55.000              ,55.0,55.0,55.0,55.0,55.0,55.0,55.0,36.492,21.314,49.637,29.161,54.157,11.005,39.192,14.922,31.985,2100.0,2100.0,2625.0,2625.0,2120.0,2120.0,2120.0,2120.0,2625.0,0.83,0.83,1.108,1.112,0.934,0.934,0.864,0.869,15.107,4494.0,14756.0,21.39,394.0,46.75
2026-07-08 03:28:54,55.0,68.000              ,722.824,533.0,1067.0,0.0,55.125,55.125              ,55.125,55.125,55.125,55.125,55.125,55.125,55.125,28.621,18.921,38.514,28.759,43.375,7.656,35.989,9.605,26.43,2060.0,2060.0,2575.0,2600.0,2080.0,2080.0,2080.0,2080.0,2600.0,0.717,0.705,1.048,1.044,0.782,0.782,0.767,0.767,14.804,4493.0,14758.0,26.077,395.0,38.35
2026-07-08 03:28:55,55.0,67.000              ,722.785,381.0,1067.0,0.0,55.125,55.125              ,55.125,55.125,55.125,55.125,55.125,55.125,55.125,36.673,24.333,41.038,27.258,59.435,8.027,39.411,10.028,30.775,2140.0,2140.0,2675.0,2675.0,2140.0,2140.0,2160.0,2160.0,2675.0,0.841,0.854,0.972,0.972,0.985,0.985,0.785,0.785,15.132,4496.0,14756.0,22.304,396.0,44.84
2026-07-08 03:28:56,55.0,69.000              ,722.734,545.0,1200.0,0.0,55.125,55.125              ,55.125,55.125,55.125,55.125,55.125,55.125,55.125,42.598,27.124,44.046,28.085,56.149,12.931,37.152,11.025,32.389,2160.0,2160.0,2160.0,2160.0,2700.0,2700.0,2160.0,2160.0,2700.0,0.923,0.924,0.974,0.977,0.972,0.972,0.784,0.784,15.102,4499.0,14754.0,25.602,397.0,39.06
2026-07-08 03:28:57,55.0,71.000              ,722.734,200.0,1200.0,0.0,55.125,55.125              ,55.125,55.125,55.125,55.125,55.125,55.125,55.125,51.732,22.309,47.562,28.042,40.127,12.064,46.463,12.872,32.646,2160.0,2160.0,2700.0,2700.0,2160.0,2160.0,2180.0,2180.0,2700.0,1.022,1.005,1.024,1.021,0.764,0.764,0.895,0.895,14.999,4500.0,14753.0,24.085,398.0,41.52
2026-07-08 03:28:58,55.0,70.000              ,722.734,406.0,1067.0,0.0,55.25,55.250              ,55.25,55.25,55.25,55.25,55.25,55.25,55.25,49.555,25.843,47.056,32.949,48.421,13.479,47.095,12.147,34.568,2725.0,2725.0,2180.0,2180.0,2180.0,2180.0,2180.0,2180.0,2725.0,0.965,0.98,1.028,1.031,0.856,0.858,0.842,0.842,15.246,4498.0,14750.0,21.938,399.0,45.58
2026-07-08 03:28:59,55.0,69.000              ,725.238,435.0,1067.0,0.0,55.25,55.250              ,55.25,55.25,55.25,55.25,55.25,55.25,55.25,35.717,27.202,51.385,32.741,46.613,16.11,47.201,17.023,34.249,2120.0,2120.0,2650.0,2650.0,2120.0,2120.0,2120.0,2120.0,2650.0,0.807,0.805,1.1,1.1,0.855,0.854,0.843,0.843,14.897,4495.0,14752.0,28.13,400.0,35.55
2026-07-08 03:29:00,55.0,71.000              ,728.242,375.0,1200.0,0.0,55.25,55.250              ,55.25,55.25,55.25,55.25,55.25,55.25,55.25,36.021,24.077,57.892,31.97,47.417,11.025,53.468,17.081,34.869,2140.0,2140.0,2675.0,2675.0,2140.0,2140.0,2140.0,2140.0,2675.0,0.816,0.816,1.19,1.189,0.781,0.781,0.941,0.941,14.96,4498.0,14760.0,23.481,401.0,42.59
2026-07-08 03:29:01,55.0,69.000              ,722.227,352.0,1067.0,0.0,55.25,55.250              ,55.25,55.25,55.25,55.25,55.25,55.25,55.25,32.711,28.657,47.609,36.735,45.309,10.274,43.237,11.886,32.052,2100.0,2100.0,2625.0,2625.0,2100.0,2100.0,2100.0,2100.0,2625.0,0.807,0.807,1.159,1.158,0.775,0.775,0.829,0.829,15.121,4495.0,14753.0,23.675,402.0,42.24
2026-07-08 03:29:02,55.0,68.000              ,722.234,428.0,1200.0,0.0,55.25,55.250              ,55.25,55.25,55.25,55.25,55.25,55.25,55.25,44.385,35.23,51.139,44.148,55.967,26.031,68.673,41.409,45.873,2160.0,2160.0,2700.0,2700.0,2160.0,2160.0,2160.0,2160.0,2700.0,0.809,0.81,0.956,0.957,0.793,0.793,1.306,1.306,15.41,4499.0,14758.0,22.983,403.0,43.51
2026-07-08 03:29:03,55.0,69.000              ,724.488,435.0,1200.0,0.0,55.25,55.250              ,55.25,55.25,55.25,55.25,55.25,55.25,55.25,52.939,40.969,49.674,61.754,56.435,27.225,81.393,43.263,51.707,1780.0,1780.0,1780.0,1780.0,1780.0,1780.0,2225.0,2225.0,2225.0,0.738,0.737,0.832,0.83,0.703,0.708,1.285,1.287,14.936,4510.0,14759.0,26.483,404.0,37.76
2026-07-08 03:29:04,55.0,70.000              ,724.488,469.0,1200.0,0.0,55.25,55.250              ,55.25,55.25,55.25,55.25,55.25,55.25,55.25,51.122,37.936,48.352,53.982,59.285,31.515,67.521,59.946,51.207,1760.0,1760.0,1760.0,1760.0,1816.667,1816.667,2180.0,2180.0,2180.0,0.684,0.684,0.798,0.798,0.728,0.723,1.145,1.142,14.778,4526.0,14752.0,22.329,405.0,44.78
2026-07-08 03:29:05,55.0,69.000              ,723.242,442.0,1067.0,0.0,55.25,55.250              ,55.25,55.25,55.25,55.25,55.25,55.25,55.25,37.147,30.162,53.339,35.876,53.43,18.24,43.813,14.656,35.833,1960.0,1980.0,2475.0,2475.0,1980.0,1980.0,1980.0,1980.0,2475.0,0.798,0.8,1.098,1.098,0.896,0.896,0.777,0.777,14.995,4528.0,14751.0,19.89,406.0,50.28
2026-07-08 03:29:06,55.0,68.000              ,723.867,442.0,1067.0,0.0,55.25,55.250              ,55.25,55.25,55.25,55.25,55.25,55.25,55.25,39.111,26.992,52.876,32.443,56.687,17.102,40.617,18.254,35.51,2140.0,2140.0,2675.0,2675.0,2140.0,2140.0,2140.0,2140.0,2675.0,0.853,0.851,1.093,1.093,0.922,0.922,0.854,0.854,15.004,4527.0,14750.0,18.491,407.0,54.08
2026-07-08 03:29:07,55.0,69.000              ,724.238,450.0,1200.0,0.0,55.25,55.250              ,55.25,55.25,55.25,55.25,55.25,55.25,55.25,41.092,25.431,46.468,28.959,57.831,13.358,44.628,15.627,34.174,2080.0,2080.0,2080.0,2080.0,2600.0,2600.0,2080.0,2080.0,2600.0,0.857,0.859,0.987,0.987,0.926,0.926,0.863,0.863,14.948,4527.0,14752.0,18.717,408.0,53.43
2026-07-08 03:29:08,55.0,69.000              ,725.238,413.0,1200.0,0.0,55.25,55.250              ,55.25,55.25,55.25,55.25,55.25,55.25,55.25,37.958,25.39,52.758,34.037,50.787,17.967,40.749,24.247,35.487,1980.0,1980.0,2475.0,2475.0,1980.0,1980.0,1980.0,1980.0,2475.0,0.803,0.806,1.11,1.11,0.872,0.872,0.886,0.886,15.087,4526.0,14751.0,21.621,409.0,46.25
2026-07-08 03:29:09,55.0,70.000              ,725.305,393.0,1067.0,0.0,55.25,55.250              ,55.25,55.25,55.25,55.25,55.25,55.25,55.25,35.359,21.324,54.322,28.416,48.393,14.151,39.718,22.487,33.021,2120.0,2120.0,2650.0,2675.0,2120.0,2120.0,2120.0,2120.0,2675.0,0.829,0.825,1.164,1.167,0.901,0.901,0.883,0.885,15.006,4529.0,14751.0,23.879,410.0,41.88
2026-07-08 03:29:10,55.0,70.000              ,725.301,461.0,1200.0,0.0,55.25,55.250              ,55.25,55.25,55.25,55.25,55.25,55.25,55.25,33.396,26.393,39.07,32.891,46.596,9.618,46.025,9.485,30.434,2180.0,2180.0,2725.0,2775.0,2220.0,2220.0,2220.0,2220.0,2775.0,0.826,0.826,1.083,1.08,0.753,0.753,0.844,0.842,15.042,4527.0,14751.0,26.425,411.0,37.84
2026-07-08 03:29:11,55.0,69.000              ,724.926,370.0,1200.0,0.0,55.25,55.250              ,55.25,55.25,55.25,55.25,55.25,55.25,55.25,36.235,24.832,48.149,28.985,55.603,11.89,51.64,10.278,33.451,2080.0,2080.0,2080.0,2080.0,2600.0,2600.0,2080.0,2080.0,2600.0,0.882,0.882,1.074,1.074,0.874,0.861,0.89,0.89,14.906,4527.0,14748.0,23.828,412.0,41.97
2026-07-08 03:29:12,55.0,68.000              ,721.805,381.0,1067.0,0.0,55.25,55.250              ,55.25,55.25,55.25,55.25,55.25,55.25,55.25,35.074,30.131,50.834,37.066,54.518,14.719,52.905,11.601,35.856,2100.0,2100.0,2100.0,2100.0,2625.0,2625.0,2100.0,2100.0,2625.0,0.84,0.84,1.127,1.131,0.92,0.935,0.872,0.872,15.281,4525.0,14747.0,20.764,413.0,48.16
2026-07-08 03:29:13,55.0,69.000              ,721.805,426.0,1067.0,0.0,55.25,55.250              ,55.25,55.25,55.25,55.25,55.25,55.25,55.25,35.04,24.91,40.798,36.33,59.644,13.148,48.694,13.576,34.017,2120.0,2120.0,2650.0,2650.0,2120.0,2120.0,2120.0,2120.0,2650.0,0.835,0.835,1.032,1.029,0.982,0.982,0.889,0.889,14.914,4528.0,14747.0,19.481,414.0,51.33
2026-07-08 03:29:14,55.0,70.000              ,721.801,450.0,1200.0,0.0,55.25,55.250              ,55.25,55.25,55.25,55.25,55.25,55.25,55.25,40.257,27.763,45.98,36.56,49.773,14.337,48.03,11.267,34.246,2140.0,2120.0,2650.0,2650.0,2120.0,2120.0,2120.0,2120.0,2650.0,0.882,0.883,1.117,1.117,0.895,0.895,0.866,0.868,15.142,4526.0,14744.0,18.411,415.0,54.32
2026-07-08 03:29:15,55.0,70.000              ,717.039,413.0,1200.0,0.0,55.25,55.250              ,55.25,55.25,55.25,55.25,55.25,55.25,55.25,29.515,27.681,32.745,36.223,38.341,16.015,38.916,16.899,29.542,2080.0,2080.0,2600.0,2600.0,2080.0,2575.0,2060.0,2060.0,2600.0,0.796,0.798,1.055,1.055,0.757,0.757,0.834,0.832,14.905,4527.0,14741.0,23.974,416.0,41.71
2026-07-08 03:29:16,55.0,68.000              ,718.418,442.0,1200.0,0.0,55.25,55.250              ,55.25,55.25,55.25,55.25,55.25,55.25,55.25,36.905,25.961,54.685,31.946,48.169,15.539,41.152,23.23,34.698,2200.0,2200.0,2725.0,2725.0,2180.0,2180.0,2180.0,2180.0,2725.0,0.84,0.838,1.146,1.148,0.839,0.839,0.915,0.915,15.255,4528.0,14741.0,20.878,417.0,47.9
2026-07-08 03:29:17,55.0,69.000              ,718.422,381.0,1067.0,0.0,55.25,55.250              ,55.25,55.25,55.25,55.25,55.25,55.25,55.25,42.783,26.128,56.129,38.896,56.633,16.151,45.844,23.009,38.197,2020.0,2020.0,2525.0,2525.0,2020.0,2000.0,2000.0,2000.0,2525.0,0.812,0.812,1.078,1.076,0.832,0.832,0.833,0.833,14.936,4527.0,14741.0,24.469,418.0,40.87
2026-07-08 03:29:18,55.0,70.000              ,718.422,200.0,1067.0,0.0,55.25,55.250              ,55.25,55.25,55.25,55.25,55.25,55.25,55.25,47.57,28.641,61.246,34.635,55.775,19.781,42.325,21.499,38.934,1980.0,1980.0,2475.0,2475.0,1980.0,1980.0,1980.0,1980.0,2475.0,0.851,0.852,1.093,1.093,0.877,0.879,0.813,0.813,15.106,4534.0,14742.0,20.201,419.0,49.5
2026-07-08 03:29:19,55.0,68.000              ,718.418,484.0,1200.0,0.0,55.25,55.250              ,55.25,55.25,55.25,55.25,55.25,55.25,55.25,41.719,28.923,56.684,38.26,54.481,25.597,43.86,24.136,39.207,2020.0,2020.0,2525.0,2525.0,2020.0,2020.0,2020.0,2020.0,2525.0,0.781,0.78,1.055,1.057,0.917,0.917,0.842,0.842,14.951,4536.0,14739.0,18.954,420.0,52.76
2026-07-08 03:29:20,55.0,69.000              ,718.422,492.0,1200.0,0.0,55.25,55.250              ,55.25,55.25,55.25,55.25,55.25,55.25,55.25,36.024,25.864,34.98,40.425,38.187,18.411,43.58,17.984,31.932,2000.0,2000.0,2500.0,2500.0,2000.0,2000.0,2000.0,2000.0,2500.0,0.761,0.763,1.009,1.008,0.705,0.702,0.794,0.794,14.885,4534.0,14738.0,22.905,421.0,43.66
2026-07-08 03:29:21,55.0,70.000              ,717.422,435.0,1067.0,0.0,55.25,55.250              ,55.25,55.25,55.25,55.25,55.25,55.25,55.25,40.524,23.544,55.304,27.875,44.397,10.814,54.875,10.576,33.489,2080.0,2080.0,2600.0,2600.0,2080.0,2080.0,2080.0,2080.0,2600.0,0.864,0.863,1.146,1.146,0.782,0.782,0.924,0.926,15.042,4535.0,14738.0,22.511,422.0,44.42
2026-07-08 03:29:22,55.0,70.000              ,716.418,387.0,1067.0,0.0,55.25,55.250              ,55.25,55.25,55.25,55.25,55.25,55.25,55.25,31.818,26.917,62.582,25.676,45.559,11.204,51.481,8.977,33.027,2100.0,2100.0,2625.0,2625.0,2100.0,2100.0,2100.0,2100.0,2625.0,0.806,0.805,1.212,1.212,0.782,0.782,0.908,0.906,15.144,4534.0,14739.0,23.942,423.0,41.77
2026-07-08 03:29:23,55.0,69.000              ,716.418,428.0,1200.0,0.0,55.25,55.250              ,55.25,55.25,55.25,55.25,55.25,55.25,55.25,34.57,23.415,64.053,23.336,49.322,10.278,46.714,12.551,33.03,2100.0,2100.0,2625.0,2625.0,2100.0,2100.0,2100.0,2100.0,2625.0,0.794,0.794,1.179,1.179,0.818,0.818,0.869,0.869,14.995,4535.0,14739.0,19.429,424.0,51.47
2026-07-08 03:29:24,55.0,69.000              ,716.754,200.0,1200.0,0.0,55.25,55.250              ,55.25,55.25,55.25,55.25,55.25,55.25,55.25,41.905,20.334,46.132,26.989,55.159,10.948,55.646,17.301,34.302,2160.0,2160.0,2700.0,2700.0,2160.0,2160.0,2160.0,2160.0,2700.0,0.826,0.826,0.944,0.946,0.897,0.897,1.01,1.01,14.967,4534.0,14743.0,18.942,425.0,52.79
2026-07-08 03:29:25,55.0,69.000              ,719.727,381.0,1200.0,0.0,55.25,55.250              ,55.25,55.25,55.25,55.25,55.25,55.25,55.25,36.772,17.448,41.275,27.658,52.471,7.595,49.502,7.902,30.078,2120.0,2120.0,2650.0,2650.0,2120.0,2120.0,2100.0,2100.0,2650.0,0.831,0.831,1.069,1.067,0.857,0.857,0.879,0.879,14.947,4535.0,14743.0,23.49,426.0,42.57
2026-07-08 03:29:26,55.0,69.000              ,719.355,200.0,1200.0,0.0,55.25,55.250              ,55.25,55.25,55.25,55.25,55.25,55.25,55.25,44.676,20.378,37.962,28.42,56.991,11.004,52.862,8.911,32.65,2140.0,2140.0,2675.0,2675.0,2140.0,2140.0,2140.0,2140.0,2675.0,0.928,0.93,0.943,0.943,0.963,0.963,0.909,0.91,15.071,4534.0,14743.0,22.564,427.0,44.32
2026-07-08 03:29:27,55.0,68.000              ,719.355,450.0,1067.0,0.0,55.25,55.250              ,55.25,55.25,55.25,55.25,55.25,55.25,55.25,38.417,19.579,36.739,29.709,48.292,10.993,40.756,10.299,29.348,2160.0,2160.0,2160.0,2160.0,2700.0,2700.0,2160.0,2160.0,2700.0,0.835,0.833,0.964,0.967,0.905,0.905,0.773,0.772,15.002,4534.0,14742.0,25.406,428.0,39.36
2026-07-08 03:29:28,55.0,68.000              ,719.238,406.0,1200.0,0.0,55.25,55.250              ,55.25,55.25,55.25,55.25,55.25,55.25,55.25,32.787,18.664,37.473,22.326,50.438,7.756,53.377,8.34,28.895,2200.0,2200.0,2180.0,2180.0,2750.0,2750.0,2200.0,2775.0,2775.0,0.828,0.828,0.933,0.93,0.924,0.924,1.04,1.04,14.972,4534.0,14742.0,21.905,429.0,45.65
2026-07-08 03:29:29,55.0,69.000              ,718.863,370.0,1200.0,0.0,55.25,55.250              ,55.25,55.25,55.25,55.25,55.25,55.25,55.25,34.819,22.048,42.198,29.287,60.677,9.372,51.836,9.261,32.437,2260.0,2260.0,2825.0,2825.0,2260.0,2260.0,2260.0,2260.0,2825.0,0.853,0.853,1.074,1.074,1.034,1.034,0.921,0.921,15.09,4534.0,14741.0,23.878,430.0,41.88
2026-07-08 03:29:30,55.0,69.000              ,718.867,200.0,1067.0,0.0,55.125,55.125              ,55.125,55.125,55.125,55.125,55.125,55.125,55.125,32.477,24.112,49.364,24.058,46.042,8.636,55.438,14.243,31.796,2160.0,2160.0,2725.0,2725.0,2220.0,2220.0,2775.0,2775.0,2775.0,0.818,0.818,1.031,1.031,0.831,0.831,1.08,1.082,15.164,4534.0,14741.0,22.092,431.0,45.27
2026-07-08 03:29:31,55.0,68.000              ,718.863,442.0,1067.0,0.0,55.125,55.125              ,55.125,55.125,55.125,55.125,55.125,55.125,55.125,36.876,20.166,60.879,22.772,43.617,11.12,56.211,11.45,32.887,2240.0,2220.0,2220.0,2220.0,2220.0,2220.0,2775.0,2775.0,2775.0,0.806,0.806,1.118,1.122,0.765,0.765,0.937,0.935,15.072,4534.0,14740.0,18.305,432.0,54.63
2026-07-08 03:29:32,55.0,70.000              ,718.988,476.0,1200.0,0.0,55.125,55.125              ,55.125,55.125,55.125,55.125,55.125,55.125,55.125,38.361,21.974,58.9,21.994,42.878,16.064,52.354,14.931,33.432,2080.0,2080.0,2600.0,2600.0,2080.0,2080.0,2080.0,2080.0,2600.0,0.787,0.787,1.072,1.069,0.806,0.806,0.921,0.906,14.847,4534.0,14739.0,18.548,433.0,53.91
2026-07-08 03:29:33,55.0,69.000              ,719.977,476.0,1200.0,0.0,55.125,55.125              ,55.125,55.125,55.125,55.125,55.125,55.125,55.125,29.624,25.62,41.251,32.565,47.217,10.528,42.789,9.341,29.867,2120.0,2120.0,2650.0,2625.0,2100.0,2100.0,2120.0,2120.0,2650.0,0.737,0.737,1.062,1.065,0.813,0.813,0.776,0.789,15.224,4535.0,14740.0,22.752,434.0,43.95
2026-07-08 03:29:34,55.0,69.000              ,719.977,400.0,1067.0,0.0,55.125,55.125              ,55.125,55.125,55.125,55.125,55.125,55.125,55.125,29.933,23.686,44.782,23.582,41.052,7.297,45.211,6.51,27.757,2140.0,2140.0,2650.0,2650.0,2120.0,2120.0,2120.0,2120.0,2650.0,0.817,0.817,1.072,1.069,0.748,0.748,0.865,0.865,14.744,4539.0,14740.0,18.167,435.0,55.04
2026-07-08 03:29:35,55.0,70.000              ,719.98,375.0,1067.0,0.0,55.125,55.125              ,55.125,55.125,55.125,55.125,55.125,55.125,55.125,41.157,28.116,46.724,37.234,39.946,14.143,46.446,10.569,33.042,2240.0,2240.0,2800.0,2800.0,2240.0,2240.0,2240.0,2240.0,2800.0,0.95,0.95,1.192,1.198,0.835,0.835,0.928,0.928,15.307,4537.0,14740.0,23.163,436.0,43.17
2026-07-08 03:29:36,55.0,70.000              ,716.977,344.0,1200.0,0.0,55.125,55.125              ,55.125,55.125,55.125,55.125,55.125,55.125,55.125,40.318,27.097,46.596,29.494,41.627,13.898,51.352,12.648,32.879,2160.0,2160.0,2700.0,2700.0,2140.0,2140.0,2140.0,2140.0,2700.0,0.917,0.917,1.086,1.08,0.814,0.814,0.941,0.943,14.871,4537.0,14738.0,23.211,437.0,43.08
2026-07-08 03:29:37,55.0,69.000              ,720.383,375.0,1200.0,0.0,55.125,55.125              ,55.125,55.125,55.125,55.125,55.125,55.125,55.125,45.107,27.035,46.865,36.08,40.183,15.44,49.927,13.678,34.289,2180.0,2180.0,2200.0,2200.0,2200.0,2200.0,2725.0,2725.0,2725.0,0.938,0.938,1.147,1.147,0.803,0.803,0.95,0.948,15.07,4536.0,14740.0,21.522,438.0,46.46
2026-07-08 03:29:38,55.0,69.000              ,723.379,442.0,1200.0,0.0,55.125,55.125              ,55.125,55.125,55.125,55.125,55.125,55.125,55.125,43.02,30.758,54.619,34.979,45.317,14.019,48.235,14.036,35.623,2625.0,2625.0,2100.0,2100.0,2100.0,2100.0,2100.0,2100.0,2625.0,0.876,0.876,1.234,1.234,0.777,0.777,0.846,0.848,15.164,4537.0,14745.0,19.498,439.0,51.29
2026-07-08 03:29:39,55.0,70.000              ,723.379,400.0,1200.0,0.0,55.125,55.125              ,55.125,55.125,55.125,55.125,55.125,55.125,55.125,43.031,26.939,46.666,29.127,43.539,10.648,47.763,10.533,32.281,2160.0,2160.0,2675.0,2675.0,2140.0,2140.0,2160.0,2160.0,2675.0,0.96,0.96,1.053,1.053,0.807,0.807,0.895,0.894,14.916,4538.0,14746.0,19.593,440.0,51.04
2026-07-08 03:29:40,55.0,69.000              ,723.383,442.0,1067.0,0.0,55.125,55.125              ,55.125,55.125,55.125,55.125,55.125,55.125,55.125,31.799,24.069,40.17,35.859,45.651,12.974,45.68,12.651,31.107,2120.0,2120.0,2650.0,2650.0,2120.0,2120.0,2120.0,2120.0,2650.0,0.746,0.746,1.057,1.057,0.827,0.827,0.836,0.84,15.118,4537.0,14746.0,23.457,441.0,42.63
2026-07-08 03:29:41,55.0,69.000              ,723.379,358.0,1200.0,0.0,55.125,55.125              ,55.125,55.125,55.125,55.125,55.125,55.125,55.125,28.764,25.416,54.229,31.402,38.537,11.161,43.408,11.08,30.5,2180.0,2180.0,2725.0,2725.0,2180.0,2180.0,2180.0,2180.0,2725.0,0.864,0.864,1.27,1.273,0.837,0.837,0.9,0.894,14.933,4537.0,14746.0,20.754,442.0,48.18
2026-07-08 03:29:42,55.0,70.000              ,723.379,484.0,1200.0,0.0,55.125,55.125              ,55.125,55.125,55.125,55.125,55.125,55.125,55.125,33.48,25.191,39.133,30.923,44.785,9.315,45.581,8.576,29.623,2160.0,2160.0,2700.0,2700.0,2140.0,2140.0,2140.0,2140.0,2700.0,0.801,0.801,1.042,1.041,0.778,0.778,0.848,0.848,15.119,4537.0,14746.0,24.789,443.0,40.34
2026-07-08 03:29:43,55.0,69.000              ,723.379,375.0,1067.0,0.0,55.125,55.125              ,55.125,55.125,55.125,55.125,55.125,55.125,55.125,44.014,25.152,41.319,35.522,41.047,16.277,50.342,13.388,33.383,2100.0,2100.0,2625.0,2625.0,2100.0,2100.0,2100.0,2100.0,2625.0,0.945,0.945,1.051,1.049,0.796,0.796,0.947,0.955,15.032,4537.0,14745.0,22.751,444.0,43.95
2026-07-08 03:29:44,55.0,70.000              ,723.379,364.0,1200.0,0.0,55.125,55.125              ,55.125,55.125,55.125,55.125,55.125,55.125,55.125,42.504,24.959,43.154,45.461,42.2,12.538,42.071,13.251,33.267,2180.0,2180.0,2725.0,2725.0,2180.0,2180.0,2180.0,2180.0,2725.0,0.907,0.907,1.271,1.272,0.806,0.806,0.838,0.831,15.021,4538.0,14747.0,23.235,445.0,43.04
2026-07-08 03:29:45,55.0,70.000              ,723.383,375.0,1067.0,0.0,55.125,55.125              ,55.125,55.125,55.125,55.125,55.125,55.125,55.125,46.9,24.895,43.585,33.691,40.911,14.067,50.155,13.541,33.468,2650.0,2650.0,2650.0,2650.0,2120.0,2120.0,2120.0,2140.0,2650.0,0.948,0.948,1.076,1.082,0.773,0.762,0.924,0.923,14.94,4540.0,14747.0,22.693,446.0,44.07
2026-07-08 03:29:46,55.0,69.000              ,723.383,200.0,1200.0,0.0,55.0,55.000              ,55.0,55.0,55.0,55.0,55.0,55.0,55.0,31.887,25.721,38.662,35.767,38.312,14.829,39.763,18.582,30.44,2140.0,2140.0,2700.0,2700.0,2160.0,2160.0,2160.0,2160.0,2700.0,0.778,0.778,1.077,1.071,0.757,0.768,0.852,0.852,14.971,4539.0,14747.0,22.705,447.0,44.04
2026-07-08 03:29:47,55.0,68.000              ,723.379,344.0,1200.0,0.0,55.0,55.000              ,55.0,55.0,55.0,55.0,55.0,55.0,55.0,33.378,24.444,54.892,32.371,39.662,14.876,48.104,14.194,32.74,2180.0,2180.0,2725.0,2725.0,2180.0,2180.0,2180.0,2180.0,2725.0,0.847,0.847,1.24,1.24,0.832,0.832,0.94,0.94,15.219,4539.0,14746.0,21.972,448.0,45.51
2026-07-08 03:29:48,55.0,67.000              ,722.383,400.0,1067.0,0.0,55.0,55.000              ,55.0,55.0,55.0,55.0,55.0,55.0,55.0,31.008,22.533,56.368,27.779,44.57,15.164,44.824,15.707,32.244,2180.0,2180.0,2725.0,2725.0,2200.0,2200.0,2200.0,2200.0,2725.0,0.814,0.814,1.224,1.227,0.867,0.867,0.9,0.901,15.062,4540.0,14746.0,23.959,449.0,41.74
2026-07-08 03:29:49,55.0,69.000              ,722.379,420.0,1067.0,0.0,55.0,55.000              ,55.0,55.0,55.0,55.0,55.0,55.0,55.0,30.125,23.851,39.756,25.74,45.317,13.922,42.159,10.868,28.967,2100.0,2100.0,2625.0,2650.0,2120.0,2120.0,2120.0,2120.0,2650.0,0.752,0.752,1.006,1.002,0.869,0.869,0.834,0.832,14.942,4539.0,14745.0,23.681,450.0,42.23
2026-07-08 03:29:50,55.0,69.000              ,722.379,344.0,1200.0,0.0,55.0,55.000              ,55.0,55.0,55.0,55.0,55.0,55.0,55.0,38.697,24.857,43.812,30.585,42.532,11.263,44.648,7.609,30.5,2260.0,2260.0,2825.0,2825.0,2260.0,2240.0,2240.0,2240.0,2825.0,0.933,0.934,1.175,1.175,0.847,0.847,0.895,0.895,15.003,4539.0,14744.0,21.902,451.0,45.66
2026-07-08 03:29:51,55.0,68.000              ,722.383,364.0,1200.0,0.0,55.25,55.250              ,55.25,55.25,55.25,55.25,55.25,55.25,55.25,52.916,33.168,52.721,36.89,57.807,21.078,51.925,29.284,41.973,2220.0,2220.0,2775.0,2775.0,2220.0,2220.0,2220.0,2220.0,2775.0,0.951,0.95,1.01,1.011,0.92,0.92,0.934,0.935,15.296,4567.0,14781.0,24.359,452.0,41.05
2026-07-08 03:29:52,55.0,68.000              ,722.379,420.0,1200.0,0.0,55.25,55.250              ,55.25,55.25,55.25,55.25,55.25,55.25,55.25,51.698,49.268,51.346,57.809,57.831,35.211,58.478,26.849,48.561,1860.0,1860.0,1860.0,1860.0,2325.0,2325.0,1860.0,1860.0,2325.0,0.831,0.835,0.98,0.982,0.789,0.789,0.728,0.726,14.809,4561.0,14745.0,19.654,453.0,50.88
2026-07-08 03:29:53,55.0,69.000              ,722.379,461.0,1200.0,0.0,55.25,55.250              ,55.25,55.25,55.25,55.25,55.25,55.25,55.25,39.528,27.169,51.536,30.939,41.652,17.931,48.576,17.927,34.407,2060.0,2060.0,2575.0,2575.0,2060.0,2060.0,2060.0,2060.0,2575.0,0.821,0.816,1.097,1.094,0.78,0.78,0.901,0.902,15.023,4575.0,14744.0,20.015,454.0,49.96
2026-07-08 03:29:54,55.0,70.000              ,722.379,469.0,1067.0,0.0,55.125,55.125              ,55.125,55.125,55.125,55.125,55.125,55.125,55.125,33.854,23.533,43.441,30.41,40.146,10.36,39.741,16.667,29.769,2080.0,2080.0,2600.0,2600.0,2080.0,2080.0,2080.0,2080.0,2600.0,0.802,0.804,1.116,1.116,0.753,0.746,0.833,0.831,14.97,4572.0,14744.0,24.517,455.0,40.79
2026-07-08 03:29:55,55.0,69.000              ,722.383,200.0,1067.0,0.0,55.125,55.125              ,55.125,55.125,55.125,55.125,55.125,55.125,55.125,27.916,23.573,58.477,27.838,42.323,11.589,50.447,8.983,31.393,2140.0,2140.0,2675.0,2675.0,2140.0,2140.0,2700.0,2700.0,2700.0,0.775,0.772,1.211,1.211,0.794,0.801,0.905,0.905,15.004,4569.0,14744.0,21.55,456.0,46.4
2026-07-08 03:29:56,55.0,69.000              ,722.379,358.0,1200.0,0.0,55.125,55.125              ,55.125,55.125,55.125,55.125,55.125,55.125,55.125,31.617,25.27,59.904,22.481,46.214,7.259,50.57,13.401,32.089,2200.0,2200.0,2750.0,2750.0,2200.0,2200.0,2200.0,2200.0,2750.0,0.85,0.85,1.197,1.197,0.809,0.809,0.988,0.988,15.182,4568.0,14744.0,23.087,457.0,43.31
2026-07-08 03:29:57,55.0,69.000              ,722.383,200.0,1067.0,0.0,55.125,55.125              ,55.125,55.125,55.125,55.125,55.125,55.125,55.125,32.453,28.206,62.14,30.861,43.74,12.901,49.038,11.565,33.863,2120.0,2120.0,2675.0,2675.0,2140.0,2140.0,2140.0,2140.0,2675.0,0.812,0.812,1.287,1.291,0.791,0.791,0.861,0.861,14.9,4568.0,14743.0,20.639,458.0,48.45
2026-07-08 03:29:58,55.0,69.000              ,722.383,461.0,1200.0,0.0,55.125,55.125              ,55.125,55.125,55.125,55.125,55.125,55.125,55.125,31.752,25.274,35.509,34.152,45.33,8.867,41.03,12.71,29.328,2200.0,2200.0,2750.0,2750.0,2180.0,2180.0,2180.0,2180.0,2750.0,0.812,0.812,1.112,1.11,0.788,0.788,0.856,0.856,15.195,4568.0,14743.0,25.41,459.0,39.35
2026-07-08 03:29:59,55.0,69.000              ,722.379,387.0,1200.0,0.0,55.125,55.125              ,55.125,55.125,55.125,55.125,55.125,55.125,55.125,33.057,28.672,53.854,29.055,45.511,12.686,51.841,11.505,33.273,2120.0,2120.0,2650.0,2650.0,2120.0,2120.0,2120.0,2120.0,2650.0,0.851,0.851,1.155,1.156,0.811,0.811,0.922,0.922,14.934,4568.0,14743.0,22.792,460.0,43.88
2026-07-08 03:30:00,55.0,69.000              ,722.383,200.0,1067.0,0.0,55.125,55.125              ,55.125,55.125,55.125,55.125,55.125,55.125,55.125,36.942,28.147,53.12,31.876,45.519,13.184,50.354,12.326,33.934,2140.0,2140.0,2700.0,2700.0,2160.0,2160.0,2160.0,2160.0,2700.0,0.883,0.886,1.191,1.188,0.794,0.794,0.893,0.893,15.015,4570.0,14746.0,24.871,461.0,40.21
2026-07-08 03:30:01,55.0,69.000              ,722.379,428.0,1200.0,0.0,55.125,55.125              ,55.125,55.125,55.125,55.125,55.125,55.125,55.125,34.872,27.607,57.744,25.821,42.872,14.479,52.815,14.765,33.872,2160.0,2160.0,2700.0,2700.0,2160.0,2160.0,2160.0,2160.0,2700.0,0.83,0.827,1.128,1.128,0.812,0.812,0.988,0.972,14.904,4569.0,14742.0,21.664,462.0,46.16
2026-07-08 03:30:02,55.0,69.000              ,722.383,484.0,1200.0,0.0,55.125,55.125              ,55.125,55.125,55.125,55.125,55.125,55.125,55.125,35.62,24.374,37.613,33.847,41.399,11.634,44.495,15.048,30.504,2100.0,2100.0,2625.0,2625.0,2100.0,2100.0,2100.0,2100.0,2625.0,0.799,0.799,1.067,1.067,0.737,0.737,0.854,0.869,15.169,4570.0,14742.0,24.07,463.0,41.55
2026-07-08 03:30:03,55.0,70.000              ,722.379,400.0,1067.0,0.0,55.125,55.125              ,55.125,55.125,55.125,55.125,55.125,55.125,55.125,36.137,21.288,53.14,25.13,44.566,8.598,49.876,11.642,31.297,2160.0,2160.0,2700.0,2675.0,2140.0,2140.0,2140.0,2140.0,2700.0,0.858,0.849,1.156,1.156,0.789,0.797,0.924,0.924,14.999,4571.0,14741.0,20.894,464.0,47.86
2026-07-08 03:30:04,55.0,70.000              ,722.379,344.0,1200.0,0.0,55.125,55.125              ,55.125,55.125,55.125,55.125,55.125,55.125,55.125,34.005,24.258,60.916,22.891,47.103,12.469,49.474,10.817,32.742,2160.0,2160.0,2700.0,2725.0,2180.0,2180.0,2180.0,2180.0,2725.0,0.849,0.859,1.209,1.209,0.874,0.871,0.931,0.931,15.118,4571.0,14742.0,23.66,465.0,42.27
2026-07-08 03:30:05,55.0,69.000              ,720.121,476.0,1200.0,0.0,55.125,55.125              ,55.125,55.125,55.125,55.125,55.125,55.125,55.125,30.535,23.543,33.977,30.02,45.371,11.064,42.104,11.272,28.486,2200.0,2200.0,2750.0,2750.0,2200.0,2200.0,2200.0,2200.0,2750.0,0.784,0.788,1.01,1.013,0.853,0.848,0.853,0.853,15.044,4570.0,14741.0,24.519,466.0,40.78
2026-07-08 03:30:06,55.0,68.000              ,720.121,375.0,1200.0,0.0,55.125,55.125              ,55.125,55.125,55.125,55.125,55.125,55.125,55.125,28.868,23.622,52.303,29.424,43.231,8.089,42.953,8.535,29.628,2200.0,2200.0,2750.0,2750.0,2200.0,2200.0,2200.0,2200.0,2750.0,0.819,0.815,1.25,1.247,0.78,0.78,0.864,0.864,14.929,4571.0,14742.0,19.964,467.0,50.09
2026-07-08 03:30:07,55.0,69.000              ,719.746,400.0,1067.0,0.0,55.125,55.125              ,55.125,55.125,55.125,55.125,55.125,55.125,55.125,33.09,22.773,56.564,25.29,41.16,8.671,49.419,9.178,30.768,2120.0,2120.0,2725.0,2725.0,2180.0,2180.0,2180.0,2180.0,2725.0,0.825,0.827,1.176,1.164,0.73,0.732,0.892,0.892,15.024,4570.0,14741.0,22.834,468.0,43.79
2026-07-08 03:30:08,55.0,70.000              ,719.746,413.0,1200.0,0.0,55.125,55.125              ,55.125,55.125,55.125,55.125,55.125,55.125,55.125,44.629,27.342,50.44,34.179,53.301,17.319,55.556,20.325,37.886,2080.0,2080.0,2600.0,2600.0,2080.0,2080.0,2080.0,2080.0,2600.0,0.855,0.852,1.064,1.075,0.836,0.836,0.945,0.945,15.363,4583.0,14759.0,22.574,469.0,44.3
2026-07-08 03:30:09,55.0,70.000              ,722.379,200.0,1200.0,0.0,55.125,55.125              ,55.125,55.125,55.125,55.125,55.125,55.125,55.125,55.065,36.813,50.202,51.863,59.178,45.816,67.251,39.687,50.734,1800.0,1800.0,1800.0,1800.0,1780.0,1780.0,2225.0,2225.0,2225.0,0.738,0.738,0.856,0.856,0.835,0.833,0.872,0.872,15.015,4602.0,14776.0,21.05,470.0,47.51
2026-07-08 03:30:10,55.0,68.000              ,722.383,406.0,1067.0,0.0,55.125,55.125              ,55.125,55.125,55.125,55.125,55.125,55.125,55.125,41.369,26.514,44.416,35.238,52.719,21.92,52.734,22.762,37.209,1900.0,1900.0,1900.0,1900.0,2375.0,2375.0,2350.0,2350.0,2375.0,0.719,0.719,0.867,0.867,0.819,0.819,0.833,0.836,14.67,4556.0,14737.0,22.79,471.0,43.88
2026-07-08 03:30:11,55.0,67.000              ,722.379,344.0,1200.0,0.0,55.125,55.125              ,55.125,55.125,55.125,55.125,55.125,55.125,55.125,28.983,23.563,47.173,24.191,45.642,9.805,53.776,11.227,30.545,2180.0,2180.0,2725.0,2725.0,2180.0,2180.0,2180.0,2180.0,2725.0,0.817,0.817,1.074,1.074,0.829,0.83,0.997,0.994,14.915,4556.0,14737.0,20.55,472.0,48.66
2026-07-08 03:30:12,55.0,68.000              ,722.383,400.0,1067.0,0.0,55.125,55.125              ,55.125,55.125,55.125,55.125,55.125,55.125,55.125,33.919,25.322,56.145,23.789,40.52,11.629,58.894,12.45,32.834,2220.0,2220.0,2775.0,2775.0,2220.0,2220.0,2220.0,2220.0,2775.0,0.853,0.853,1.066,1.066,0.787,0.786,1.104,1.104,15.131,4555.0,14737.0,24.214,473.0,41.3
2026-07-08 03:30:13,55.0,68.000              ,722.379,393.0,1067.0,0.0,55.125,55.125              ,55.125,55.125,55.125,55.125,55.125,55.125,55.125,40.901,23.391,42.703,23.566,39.257,13.204,53.199,11.967,31.023,2725.0,2725.0,2180.0,2180.0,2220.0,2220.0,2240.0,2240.0,2725.0,0.925,0.925,0.96,0.963,0.831,0.831,1.061,1.067,15.025,4555.0,14738.0,20.91,474.0,47.82
2026-07-08 03:30:14,55.0,70.000              ,722.379,381.0,1200.0,0.0,55.125,55.125              ,55.125,55.125,55.125,55.125,55.125,55.125,55.125,41.811,26.015,53.515,23.236,43.496,12.442,49.882,12.416,32.852,2260.0,2260.0,2825.0,2825.0,2260.0,2260.0,2260.0,2260.0,2825.0,0.934,0.934,1.072,1.071,0.84,0.84,0.973,0.967,14.964,4554.0,14739.0,20.116,475.0,49.71
2026-07-08 03:30:15,55.0,69.000              ,721.836,461.0,1067.0,0.0,55.125,55.125              ,55.125,55.125,55.125,55.125,55.125,55.125,55.125,41.908,24.107,50.581,27.634,41.558,11.44,51.338,14.884,32.931,2200.0,2200.0,2750.0,2750.0,2200.0,2200.0,2200.0,2200.0,2750.0,0.883,0.883,1.142,1.14,0.789,0.789,0.988,0.99,15.191,4554.0,14739.0,18.496,476.0,54.07
2026-07-08 03:30:16,55.0,69.000              ,721.836,200.0,1067.0,0.0,55.125,55.125              ,55.125,55.125,55.125,55.125,55.125,55.125,55.125,32.42,23.107,40.723,30.788,42.464,9.845,42.428,9.75,28.941,2200.0,2220.0,2220.0,2220.0,2220.0,2220.0,2825.0,2825.0,2825.0,0.86,0.86,1.164,1.166,0.865,0.865,0.9,0.897,15.094,4554.0,14738.0,29.487,477.0,33.91
2026-07-08 03:30:17,55.0,68.000              ,720.336,370.0,1067.0,0.0,55.125,55.125              ,55.125,55.125,55.125,55.125,55.125,55.125,55.125,41.377,22.957,46.83,33.049,39.556,11.972,41.754,13.903,31.425,2180.0,2180.0,2725.0,2725.0,2180.0,2180.0,2180.0,2180.0,2725.0,0.897,0.897,1.174,1.172,0.804,0.806,0.88,0.88,15.061,4552.0,14737.0,21.849,478.0,45.77
2026-07-08 03:30:18,55.0,68.000              ,721.832,344.0,1067.0,0.0,55.125,55.125              ,55.125,55.125,55.125,55.125,55.125,55.125,55.125,37.622,25.378,47.112,31.268,40.327,14.347,54.088,13.308,32.931,2200.0,2200.0,2750.0,2750.0,2200.0,2200.0,2200.0,2200.0,2750.0,0.851,0.854,1.124,1.124,0.793,0.791,0.971,0.971,14.948,4553.0,14737.0,23.615,479.0,42.35
2026-07-08 03:30:19,55.0,69.000              ,721.836,352.0,1067.0,0.0,55.125,55.125              ,55.125,55.125,55.125,55.125,55.125,55.125,55.125,34.488,26.768,56.449,22.295,40.926,12.366,43.063,11.231,30.948,2140.0,2140.0,2675.0,2675.0,2140.0,2140.0,2140.0,2140.0,2675.0,0.864,0.862,1.145,1.149,0.832,0.832,0.873,0.873,14.906,4550.0,14737.0,20.5,480.0,48.78
2026-07-08 03:30:20,55.0,69.000              ,721.832,461.0,1200.0,0.0,55.0,55.000              ,55.0,55.0,55.0,55.0,55.0,55.0,55.0,30.988,26.886,35.356,32.157,47.065,12.328,44.428,14.846,30.507,2160.0,2160.0,2700.0,2700.0,2160.0,2160.0,2160.0,2160.0,2700.0,0.756,0.756,0.937,0.933,0.862,0.862,0.861,0.861,15.15,4550.0,14737.0,26.752,481.0,37.38
2026-07-08 03:30:21,55.0,69.000              ,721.836,200.0,1067.0,0.0,55.0,55.000              ,55.0,55.0,55.0,55.0,55.0,55.0,55.0,38.472,22.03,45.218,32.832,40.258,12.862,40.116,12.559,30.543,2220.0,2220.0,2775.0,2775.0,2220.0,2220.0,2220.0,2220.0,2775.0,0.861,0.863,1.19,1.192,0.814,0.814,0.842,0.844,15.036,4548.0,14737.0,21.404,482.0,46.72
2026-07-08 03:30:22,55.0,69.000              ,721.832,338.0,1200.0,0.0,55.0,55.000              ,55.0,55.0,55.0,55.0,55.0,55.0,55.0,35.903,25.983,50.969,29.266,42.377,10.196,45.822,11.746,31.533,2140.0,2140.0,2675.0,2675.0,2140.0,2140.0,2140.0,2140.0,2675.0,0.879,0.877,1.208,1.207,0.822,0.822,0.884,0.883,15.169,4549.0,14737.0,23.086,483.0,43.32
2026-07-08 03:30:23,55.0,68.000              ,721.895,352.0,1200.0,0.0,55.0,55.000              ,55.0,55.0,55.0,55.0,55.0,55.0,55.0,30.903,22.365,59.863,25.606,46.223,10.347,41.573,15.842,31.59,2140.0,2140.0,2675.0,2675.0,2140.0,2140.0,2140.0,2140.0,2675.0,0.794,0.794,1.268,1.268,0.829,0.829,0.904,0.902,14.962,4548.0,14736.0,21.463,484.0,46.59
2026-07-08 03:30:24,55.0,68.000              ,721.902,420.0,1067.0,0.0,55.0,55.000              ,55.0,55.0,55.0,55.0,55.0,55.0,55.0,29.796,26.062,65.622,28.153,46.351,10.66,36.608,12.388,31.955,2220.0,2220.0,2775.0,2775.0,2220.0,2220.0,2220.0,2220.0,2775.0,0.828,0.83,1.329,1.333,0.84,0.84,0.827,0.827,14.938,4549.0,14737.0,21.508,485.0,46.49
2026-07-08 03:30:25,55.0,70.000              ,721.898,469.0,1200.0,0.0,55.0,55.000              ,55.0,55.0,55.0,55.0,55.0,55.0,55.0,40.839,24.69,43.758,31.954,44.021,14.175,46.999,16.4,32.855,2160.0,2140.0,2675.0,2700.0,2160.0,2160.0,2160.0,2160.0,2700.0,0.867,0.865,1.086,1.083,0.779,0.781,0.874,0.874,15.166,4533.0,14732.0,25.8,486.0,38.76
2026-07-08 03:30:26,55.0,70.000              ,721.895,364.0,1200.0,0.0,55.0,55.000              ,55.0,55.0,55.0,55.0,55.0,55.0,55.0,41.543,19.18,57.637,28.015,43.251,7.933,45.729,9.62,31.614,2140.0,2140.0,2675.0,2675.0,2140.0,2140.0,2140.0,2140.0,2675.0,0.876,0.876,1.159,1.159,0.763,0.76,0.901,0.901,14.91,4537.0,14732.0,21.507,487.0,46.5
2026-07-08 03:30:27,55.0,69.000              ,719.648,393.0,1200.0,0.0,55.0,55.000              ,55.0,55.0,55.0,55.0,55.0,55.0,55.0,49.855,18.277,57.781,31.829,54.137,13.446,45.997,11.555,35.36,2140.0,2140.0,2675.0,2675.0,2140.0,2140.0,2140.0,2140.0,2675.0,0.967,0.969,1.166,1.168,0.838,0.84,0.797,0.797,15.125,4537.0,14732.0,23.548,488.0,42.47
2026-07-08 03:30:28,55.0,70.000              ,719.648,387.0,1200.0,0.0,55.0,55.000              ,55.0,55.0,55.0,55.0,55.0,55.0,55.0,48.582,15.393,60.11,29.869,45.972,14.509,46.634,12.367,34.179,2120.0,2120.0,2650.0,2625.0,2100.0,2100.0,2100.0,2100.0,2650.0,0.913,0.91,1.167,1.165,0.771,0.769,0.805,0.806,14.985,4537.0,14732.0,20.341,489.0,49.16
2026-07-08 03:30:29,55.0,69.000              ,719.777,200.0,1067.0,0.0,55.0,55.000              ,55.0,55.0,55.0,55.0,55.0,55.0,55.0,42.39,17.573,63.705,27.189,47.756,12.892,49.472,10.94,33.99,2080.0,2080.0,2600.0,2600.0,2080.0,2080.0,2080.0,2080.0,2600.0,0.862,0.862,1.177,1.181,0.776,0.776,0.817,0.816,15.15,4537.0,14731.0,18.671,490.0,53.56
2026-07-08 03:30:30,55.0,67.000              ,719.648,200.0,1067.0,0.0,55.0,55.000              ,55.0,55.0,55.0,55.0,55.0,55.0,55.0,48.489,13.149,50.97,24.415,48.935,7.347,40.114,7.756,30.147,2140.0,2140.0,2675.0,2675.0,2140.0,2140.0,2160.0,2160.0,2675.0,0.998,0.998,1.076,1.073,0.785,0.785,0.754,0.754,14.862,4537.0,14729.0,30.322,491.0,32.98
2026-07-08 03:30:31,55.0,68.000              ,719.652,200.0,1200.0,0.0,55.0,55.000              ,55.0,55.0,55.0,55.0,55.0,55.0,55.0,47.252,10.384,55.647,16.993,55.391,8.901,40.171,8.104,30.356,2260.0,2260.0,2825.0,2825.0,2260.0,2260.0,2260.0,2260.0,2825.0,1.005,1.005,1.062,1.066,0.903,0.903,0.799,0.801,14.976,4539.0,14728.0,17.378,492.0,57.54
2026-07-08 03:30:32,55.0,69.000              ,719.648,413.0,1067.0,0.0,55.0,55.000              ,55.0,55.0,55.0,55.0,55.0,55.0,55.0,50.543,11.343,52.332,23.372,59.932,7.105,44.069,8.906,32.2,2180.0,2180.0,2180.0,2700.0,2160.0,2160.0,2160.0,2160.0,2700.0,1.003,1.003,1.052,1.051,0.906,0.906,0.812,0.812,15.016,4536.0,14727.0,23.229,493.0,43.05
2026-07-08 03:30:33,55.0,70.000              ,719.652,358.0,1200.0,0.0,55.0,55.000              ,55.0,55.0,55.0,55.0,55.0,55.0,55.0,48.709,12.774,52.367,23.741,60.535,10.441,45.409,7.163,32.642,2160.0,2160.0,2160.0,2160.0,2700.0,2700.0,2160.0,2160.0,2700.0,0.961,0.961,0.99,0.988,0.971,0.971,0.808,0.805,15.156,4536.0,14728.0,23.192,494.0,43.12
2026-07-08 03:30:34,55.0,70.000              ,719.59,200.0,1067.0,0.0,55.0,55.000              ,55.0,55.0,55.0,55.0,55.0,55.0,55.0,42.647,19.972,66.723,17.875,45.499,11.487,48.41,9.306,32.74,2160.0,2160.0,2700.0,2700.0,2140.0,2140.0,2140.0,2140.0,2700.0,0.919,0.919,1.201,1.201,0.802,0.802,0.863,0.865,14.95,4535.0,14728.0,20.687,495.0,48.34
2026-07-08 03:30:35,55.0,69.000              ,719.715,200.0,1200.0,0.0,55.0,55.000              ,55.0,55.0,55.0,55.0,55.0,55.0,55.0,33.181,25.025,42.867,26.163,49.581,8.237,42.102,10.22,29.672,2180.0,2180.0,2725.0,2725.0,2180.0,2180.0,2180.0,2180.0,2725.0,0.849,0.849,1.113,1.113,0.88,0.88,0.894,0.892,15.018,4536.0,14728.0,31.354,496.0,31.89
2026-07-08 03:30:36,55.0,69.000              ,719.711,400.0,1200.0,0.0,55.0,55.000              ,55.0,55.0,55.0,55.0,55.0,55.0,55.0,38.96,26.269,45.707,35.141,39.163,11.41,51.32,9.499,32.184,2200.0,2200.0,2750.0,2750.0,2200.0,2200.0,2200.0,2180.0,2750.0,0.884,0.884,1.204,1.204,0.758,0.766,0.946,0.947,15.171,4535.0,14728.0,22.193,497.0,45.06
2026-07-08 03:30:37,55.0,70.000              ,719.883,358.0,1200.0,0.0,55.0,55.000              ,55.0,55.0,55.0,55.0,55.0,55.0,55.0,43.837,26.006,39.465,39.441,41.507,15.228,47.412,12.621,33.19,2140.0,2140.0,2675.0,2650.0,2120.0,2120.0,2120.0,2120.0,2675.0,0.894,0.894,1.13,1.13,0.8,0.794,0.893,0.891,14.978,4535.0,14729.0,23.702,498.0,42.19
2026-07-08 03:30:38,55.0,70.000              ,719.887,200.0,1200.0,0.0,55.0,55.000              ,55.0,55.0,55.0,55.0,55.0,55.0,55.0,36.31,27.91,40.234,50.94,43.818,15.127,50.951,14.016,34.913,2060.0,2060.0,2575.0,2575.0,2060.0,2060.0,2060.0,2060.0,2575.0,0.843,0.846,1.26,1.26,0.784,0.782,0.867,0.868,15.025,4535.0,14729.0,24.21,499.0,41.31
2026-07-08 03:30:39,55.0,69.000              ,719.887,428.0,1200.0,0.0,55.0,55.000              ,55.0,55.0,55.0,55.0,55.0,55.0,55.0,39.293,19.18,40.002,29.867,46.131,11.649,39.128,12.091,29.667,2080.0,2080.0,2625.0,2625.0,2100.0,2100.0,2100.0,2100.0,2625.0,0.827,0.824,0.988,0.988,0.798,0.798,0.767,0.766,14.958,4535.0,14728.0,25.09,500.0,39.86
2026-07-08 03:30:40,55.0,68.000              ,720.258,370.0,1067.0,0.0,55.125,55.125              ,55.125,55.125,55.125,55.125,55.125,55.125,55.125,42.155,20.462,59.889,27.344,39.901,15.514,38.847,14.314,32.303,2180.0,2180.0,2725.0,2725.0,2180.0,2180.0,2180.0,2180.0,2725.0,0.92,0.92,1.246,1.246,0.809,0.811,0.835,0.835,14.958,4536.0,14729.0,22.486,501.0,44.47
2026-07-08 03:30:41,55.0,68.000              ,720.254,344.0,1067.0,0.0,55.125,55.125              ,55.125,55.125,55.125,55.125,55.125,55.125,55.125,40.069,18.938,61.904,26.787,45.658,18.282,41.052,13.784,33.309,2240.0,2240.0,2775.0,2775.0,2220.0,2220.0,2240.0,2240.0,2775.0,0.93,0.933,1.284,1.284,0.91,0.908,0.822,0.822,15.2,4534.0,14728.0,22.406,502.0,44.63
2026-07-08 03:30:42,55.0,69.000              ,720.254,358.0,1200.0,0.0,55.125,55.125              ,55.125,55.125,55.125,55.125,55.125,55.125,55.125,42.253,19.755,59.315,26.748,49.281,17.457,44.822,11.991,33.953,2200.0,2200.0,2750.0,2750.0,2180.0,2180.0,2180.0,2180.0,2750.0,0.909,0.907,1.194,1.194,0.899,0.899,0.855,0.856,15.016,4536.0,14727.0,21.234,503.0,47.09
2026-07-08 03:30:43,55.0,69.000              ,720.258,393.0,1067.0,0.0,55.125,55.125              ,55.125,55.125,55.125,55.125,55.125,55.125,55.125,42.098,17.346,60.771,26.172,52.628,19.326,40.198,15.097,34.205,2200.0,2200.0,2750.0,2750.0,2200.0,2200.0,2200.0,2200.0,2750.0,0.896,0.896,1.158,1.158,0.966,0.967,0.816,0.815,14.874,4534.0,14728.0,19.319,504.0,51.76
2026-07-08 03:30:44,55.0,69.000              ,720.254,533.0,1067.0,0.0,55.125,55.125              ,55.125,55.125,55.125,55.125,55.125,55.125,55.125,37.409,16.666,33.94,31.487,47.92,10.903,44.009,13.551,29.486,2160.0,2160.0,2700.0,2700.0,2725.0,2725.0,2180.0,2180.0,2725.0,0.829,0.831,1.014,1.024,0.892,0.891,0.891,0.891,15.111,4536.0,14728.0,25.497,505.0,39.22
2026-07-08 03:30:45,55.0,68.000              ,722.254,400.0,1200.0,0.0,55.125,55.125              ,55.125,55.125,55.125,55.125,55.125,55.125,55.125,43.023,14.209,50.451,29.617,50.683,9.254,46.266,10.701,31.776,2180.0,2180.0,2725.0,2725.0,2180.0,2180.0,2180.0,2180.0,2725.0,0.923,0.924,1.181,1.171,0.838,0.838,0.862,0.865,15.11,4541.0,14731.0,21.68,506.0,46.13
2026-07-08 03:30:46,55.0,69.000              ,722.258,200.0,1200.0,0.0,55.25,55.250              ,55.25,55.25,55.25,55.25,55.25,55.25,55.25,48.89,25.467,54.842,28.277,59.848,10.338,51.018,9.647,36.041,2180.0,2180.0,2180.0,2725.0,2725.0,2725.0,2180.0,2180.0,2725.0,0.976,0.974,1.069,1.069,0.903,0.903,0.807,0.804,15.009,4540.0,14732.0,24.347,507.0,41.07
2026-07-08 03:30:47,55.0,69.000              ,722.262,450.0,1200.0,0.0,55.375,55.375              ,55.375,55.375,55.375,55.375,55.375,55.375,55.375,70.063,57.667,64.863,52.923,65.279,32.842,62.44,30.094,54.522,2120.0,2120.0,2650.0,2650.0,2120.0,2120.0,2120.0,2120.0,2650.0,0.996,0.998,1.004,1.004,0.84,0.83,0.821,0.821,15.439,4413.0,14735.0,21.692,508.0,46.1
2026-07-08 03:30:48,55.0,72.000              ,722.254,476.0,1200.0,0.0,55.25,55.250              ,55.25,55.25,55.25,55.25,55.25,55.25,55.25,48.835,17.654,42.289,32.246,49.55,12.3,44.959,11.299,32.391,1820.0,1820.0,2275.0,2300.0,1840.0,1840.0,1840.0,1840.0,2300.0,0.802,0.799,0.876,0.876,0.717,0.727,0.709,0.709,14.719,4411.0,14733.0,21.351,509.0,46.84
2026-07-08 03:30:49,55.0,73.000              ,722.254,321.0,1200.0,0.0,55.25,55.250              ,55.25,55.25,55.25,55.25,55.25,55.25,55.25,46.166,14.16,52.435,30.046,43.512,9.636,35.601,10.348,30.238,2120.0,2120.0,2650.0,2675.0,2140.0,2140.0,2140.0,2140.0,2675.0,0.981,0.981,1.193,1.193,0.769,0.768,0.742,0.73,14.721,4413.0,14732.0,21.693,510.0,46.1
2026-07-08 03:30:50,55.0,68.000              ,723.258,200.0,1067.0,0.0,55.25,55.250              ,55.25,55.25,55.25,55.25,55.25,55.25,55.25,47.776,13.289,48.453,24.267,60.437,8.483,44.388,9.206,32.037,2220.0,2220.0,2220.0,2220.0,2775.0,2775.0,2240.0,2240.0,2775.0,0.996,0.999,1.035,1.035,1.017,1.017,0.822,0.836,15.212,4414.0,14733.0,21.676,511.0,46.13
2026-07-08 03:30:51,55.0,68.000              ,723.258,200.0,1200.0,0.0,55.125,55.125              ,55.125,55.125,55.125,55.125,55.125,55.125,55.125,35.023,17.36,39.291,25.812,43.697,13.577,47.632,10.485,29.11,2140.0,2140.0,2140.0,2140.0,2675.0,2675.0,2160.0,2160.0,2675.0,0.818,0.815,0.955,0.955,0.878,0.878,0.857,0.857,15.147,4413.0,14733.0,24.771,512.0,40.37
2026-07-08 03:30:52,55.0,68.000              ,723.254,413.0,1200.0,0.0,55.0,55.000              ,55.0,55.0,55.0,55.0,55.0,55.0,55.0,44.601,13.497,46.734,28.259,47.159,14.953,51.306,9.729,32.03,2160.0,2160.0,2675.0,2675.0,2140.0,2140.0,2140.0,2140.0,2675.0,0.858,0.858,1.02,1.023,0.764,0.766,0.86,0.86,15.106,4414.0,14733.0,21.731,513.0,46.02
2026-07-08 03:30:53,55.0,70.000              ,723.254,358.0,1067.0,0.0,55.0,55.000              ,55.0,55.0,55.0,55.0,55.0,55.0,55.0,44.729,14.921,48.871,34.538,54.168,11.084,48.579,8.358,33.156,2080.0,2080.0,2600.0,2600.0,2060.0,2060.0,2060.0,2060.0,2600.0,0.881,0.881,1.179,1.176,0.795,0.794,0.793,0.793,14.849,4412.0,14732.0,24.319,514.0,41.12
2026-07-08 03:30:54,55.0,70.000              ,723.242,381.0,1200.0,0.0,55.0,55.000              ,55.0,55.0,55.0,55.0,55.0,55.0,55.0,37.4,21.474,56.982,19.915,51.64,9.719,51.266,8.817,32.152,2180.0,2180.0,2725.0,2725.0,2160.0,2160.0,2160.0,2160.0,2725.0,0.868,0.854,1.095,1.095,0.857,0.856,0.928,0.928,15.038,4413.0,14733.0,20.904,515.0,47.84
2026-07-08 03:30:55,55.0,68.000              ,718.008,200.0,1067.0,0.0,55.0,55.000              ,55.0,55.0,55.0,55.0,55.0,55.0,55.0,37.894,25.885,48.22,29.181,45.952,15.159,53.549,9.499,33.167,2120.0,2120.0,2650.0,2650.0,2120.0,2120.0,2120.0,2120.0,2650.0,0.854,0.867,1.092,1.092,0.863,0.862,0.911,0.911,15.03,4410.0,14731.0,20.749,516.0,48.2
2026-07-08 03:30:56,55.0,69.000              ,718.035,200.0,1200.0,0.0,55.0,55.000              ,55.0,55.0,55.0,55.0,55.0,55.0,55.0,28.93,24.994,39.175,23.797,44.775,11.156,41.956,6.128,27.614,2200.0,2180.0,2750.0,2750.0,2200.0,2200.0,2200.0,2200.0,2750.0,0.782,0.782,1.002,1.002,0.864,0.866,0.813,0.813,14.967,4412.0,14730.0,24.338,517.0,41.09
2026-07-08 03:30:57,55.0,69.000              ,718.059,370.0,1200.0,0.0,55.0,55.000              ,55.0,55.0,55.0,55.0,55.0,55.0,55.0,32.642,23.464,52.508,25.754,42.272,9.28,41.496,8.884,29.538,2140.0,2140.0,2675.0,2675.0,2140.0,2120.0,2120.0,2120.0,2675.0,0.888,0.888,1.2,1.2,0.841,0.838,0.87,0.87,14.896,4412.0,14730.0,19.466,518.0,51.37
2026-07-08 03:30:58,55.0,70.000              ,718.063,352.0,1200.0,0.0,55.0,55.000              ,55.0,55.0,55.0,55.0,55.0,55.0,55.0,37.527,27.148,42.881,33.636,51.797,9.79,45.687,13.555,32.752,2240.0,2240.0,2800.0,2800.0,2240.0,2240.0,2240.0,2260.0,2800.0,0.906,0.906,1.11,1.11,0.903,0.903,0.959,0.959,15.309,4412.0,14726.0,21.603,519.0,46.29
2026-07-08 03:30:59,55.0,70.000              ,718.066,200.0,1200.0,0.0,55.0,55.000              ,55.0,55.0,55.0,55.0,55.0,55.0,55.0,40.166,25.911,42.731,29.532,60.787,10.925,42.194,13.976,33.278,2140.0,2140.0,2675.0,2700.0,2160.0,2160.0,2160.0,2160.0,2700.0,0.916,0.918,0.928,0.928,1.045,1.045,0.921,0.921,15.029,4411.0,14725.0,24.859,520.0,40.23
2026-07-08 03:31:00,55.0,68.000              ,749.352,450.0,1067.0,0.0,55.125,55.125              ,55.125,55.125,55.125,55.125,55.125,55.125,55.125,53.483,27.231,50.307,31.341,59.262,14.158,50.798,15.304,37.736,2160.0,2160.0,2700.0,2700.0,2160.0,2160.0,2160.0,2160.0,2700.0,1.214,1.212,1.151,1.151,1.043,1.045,0.984,0.984,15.064,4459.0,14778.0,334.864,521.0,2.99
2026-07-08 03:31:01,55.0,68.000              ,748.352,461.0,1200.0,0.0,55.125,55.125              ,55.125,55.125,55.125,55.125,55.125,55.125,55.125,38.719,23.177,42.91,34.112,50.497,11.796,46.786,13.935,32.742,2020.0,2020.0,2020.0,2020.0,2525.0,2525.0,2020.0,2020.0,2525.0,0.747,0.745,0.981,0.981,0.809,0.807,0.815,0.815,15.052,4456.0,14775.0,21.676,522.0,46.13
2026-07-08 03:31:02,55.0,69.000              ,748.352,435.0,1200.0,0.0,55.0,55.000              ,55.0,55.0,55.0,55.0,55.0,55.0,55.0,32.342,18.834,45.808,31.258,42.842,8.016,53.907,10.511,30.44,2040.0,2040.0,2550.0,2575.0,2060.0,2060.0,2060.0,2060.0,2575.0,0.688,0.69,1.039,1.039,0.7,0.7,0.884,0.884,14.97,4457.0,14775.0,22.264,523.0,44.92
2026-07-08 03:31:03,55.0,69.000              ,748.227,500.0,1067.0,0.0,55.0,55.000              ,55.0,55.0,55.0,55.0,55.0,55.0,55.0,30.441,22.284,48.802,25.901,50.864,11.584,45.437,8.842,30.519,2040.0,2040.0,2550.0,2550.0,2060.0,2060.0,2060.0,2060.0,2550.0,0.724,0.721,1.067,1.067,0.918,0.912,0.802,0.802,14.869,4456.0,14775.0,19.423,524.0,51.49
2026-07-08 03:31:04,55.0,69.000              ,748.234,200.0,1200.0,0.0,55.0,55.000              ,55.0,55.0,55.0,55.0,55.0,55.0,55.0,30.238,22.171,35.207,30.29,46.28,9.95,42.299,10.931,28.421,2060.0,2060.0,2575.0,2575.0,2040.0,2040.0,2040.0,2040.0,2575.0,0.68,0.68,0.9,0.9,0.779,0.783,0.788,0.788,15.039,4455.0,14774.0,23.522,525.0,42.51
2026-07-08 03:31:05,55.0,69.000              ,748.223,352.0,1200.0,0.0,55.0,55.000              ,55.0,55.0,55.0,55.0,55.0,55.0,55.0,30.559,20.838,47.545,27.683,35.483,6.434,45.511,7.08,27.642,2180.0,2180.0,2725.0,2725.0,2180.0,2180.0,2180.0,2180.0,2725.0,0.818,0.821,1.152,1.152,0.709,0.709,0.909,0.909,14.993,4453.0,14774.0,21.111,526.0,47.37
2026-07-08 03:31:06,55.0,68.000              ,748.223,333.0,1200.0,0.0,55.0,55.000              ,55.0,55.0,55.0,55.0,55.0,55.0,55.0,42.368,24.397,44.603,35.351,36.146,12.293,46.382,9.45,31.374,2200.0,2200.0,2750.0,2750.0,2200.0,2200.0,2200.0,2200.0,2750.0,0.93,0.927,1.23,1.23,0.787,0.787,0.896,0.896,15.242,4453.0,14774.0,22.221,527.0,45.0
2026-07-08 03:31:07,55.0,68.000              ,749.672,200.0,1067.0,0.0,55.0,55.000              ,55.0,55.0,55.0,55.0,55.0,55.0,55.0,39.96,26.256,43.686,41.177,41.453,13.863,51.322,10.068,33.473,2180.0,2180.0,2725.0,2725.0,2180.0,2180.0,2180.0,2180.0,2725.0,0.87,0.87,1.203,1.203,0.798,0.798,0.871,0.871,15.042,4454.0,14777.0,23.894,528.0,41.85
2026-07-08 03:31:08,55.0,68.000              ,755.559,450.0,1067.0,0.0,55.0,55.000              ,55.0,55.0,55.0,55.0,55.0,55.0,55.0,35.166,23.746,38.327,32.291,45.451,11.511,39.098,17.706,30.412,2140.0,2140.0,2675.0,2675.0,2140.0,2140.0,2140.0,2140.0,2675.0,0.833,0.835,1.05,1.05,0.813,0.813,0.838,0.838,14.96,4454.0,14787.0,24.321,529.0,41.12
2026-07-08 03:31:09,55.0,68.000              ,759.703,200.0,1067.0,0.0,55.0,55.000              ,55.0,55.0,55.0,55.0,55.0,55.0,55.0,31.939,23.58,50.309,31.334,42.026,9.273,45.608,13.845,30.989,2200.0,2200.0,2750.0,2750.0,2220.0,2220.0,2220.0,2220.0,2750.0,0.82,0.82,1.215,1.217,0.802,0.802,0.91,0.91,14.99,4455.0,14793.0,20.812,530.0,48.05
2026-07-08 03:31:10,55.0,69.000              ,759.691,358.0,1200.0,0.0,55.0,55.000              ,55.0,55.0,55.0,55.0,55.0,55.0,55.0,35.518,26.301,57.58,29.773,49.078,10.121,48.418,20.635,34.678,2140.0,2140.0,2650.0,2650.0,2140.0,2140.0,2140.0,2140.0,2650.0,0.809,0.807,1.153,1.152,0.823,0.823,0.953,0.953,15.099,4455.0,14791.0,24.15,531.0,41.41
2026-07-08 03:31:11,55.0,69.000              ,759.945,200.0,1067.0,0.0,55.0,55.000              ,55.0,55.0,55.0,55.0,55.0,55.0,55.0,35.532,26.836,52.052,23.738,43.118,14.878,56.976,10.191,32.915,2120.0,2120.0,2650.0,2650.0,2120.0,2120.0,2120.0,2120.0,2650.0,0.862,0.864,1.027,1.026,0.841,0.841,1.037,1.037,14.961,4457.0,14794.0,20.656,532.0,48.41
2026-07-08 03:31:12,55.0,68.000              ,762.957,420.0,1067.0,0.0,55.0,55.000              ,55.0,55.0,55.0,55.0,55.0,55.0,55.0,39.201,27.919,49.921,30.122,54.175,11.689,52.955,15.048,35.129,1350.0,2160.0,2700.0,2700.0,2160.0,2160.0,2700.0,2700.0,2700.0,0.814,0.812,1.024,1.024,0.903,0.903,0.946,0.958,15.161,4458.0,14799.0,20.036,533.0,49.91
2026-07-08 03:31:13,55.0,68.000              ,762.957,484.0,1067.0,0.0,55.0,55.000              ,55.0,55.0,55.0,55.0,55.0,55.0,55.0,39.725,25.2,55.211,29.356,46.64,11.382,44.844,17.61,33.746,2140.0,2140.0,2675.0,2675.0,2160.0,2160.0,2160.0,2160.0,2675.0,0.828,0.83,1.174,1.174,0.826,0.826,0.859,0.848,15.094,4457.0,14800.0,19.505,534.0,51.27
2026-07-08 03:31:14,55.0,70.000              ,762.961,200.0,1200.0,0.0,55.0,55.000              ,55.0,55.0,55.0,55.0,55.0,55.0,55.0,24.805,28.672,47.604,35.647,40.252,13.93,33.095,14.427,29.804,2080.0,2080.0,2600.0,2600.0,2100.0,2100.0,2100.0,2100.0,2600.0,0.726,0.723,1.135,1.135,0.746,0.746,0.696,0.696,14.826,4456.0,14799.0,24.855,535.0,40.23
2026-07-08 03:31:15,55.0,69.000              ,763.082,375.0,1200.0,0.0,55.0,55.000              ,55.0,55.0,55.0,55.0,55.0,55.0,55.0,29.06,24.874,60.43,23.785,41.803,9.195,34.38,19.436,30.37,2140.0,2140.0,2675.0,2675.0,2140.0,2140.0,2140.0,2140.0,2675.0,0.843,0.843,1.254,1.254,0.804,0.804,0.9,0.9,15.143,4451.0,14795.0,21.857,536.0,45.75
2026-07-08 03:31:16,55.0,69.000              ,764.367,406.0,1067.0,0.0,55.0,55.000              ,55.0,55.0,55.0,55.0,55.0,55.0,55.0,40.007,25.364,47.239,28.684,38.067,12.175,47.467,15.027,31.754,2160.0,2180.0,2725.0,2725.0,2180.0,2180.0,2180.0,2180.0,2725.0,0.924,0.924,1.112,1.112,0.773,0.773,0.938,0.938,14.743,4455.0,14798.0,23.801,537.0,42.02
2026-07-08 03:31:17,55.0,70.000              ,764.332,344.0,1200.0,0.0,55.0,55.000              ,55.0,55.0,55.0,55.0,55.0,55.0,55.0,43.192,25.448,45.701,25.046,39.395,11.967,41.688,22.632,31.883,2825.0,2825.0,2280.0,2280.0,2340.0,2340.0,2925.0,2925.0,2925.0,0.972,0.972,1.042,1.042,0.807,0.807,1.038,1.039,15.282,4455.0,14797.0,23.395,538.0,42.74
2026-07-08 03:31:18,55.0,70.000              ,765.84,364.0,1200.0,0.0,55.0,55.000              ,55.0,55.0,55.0,55.0,55.0,55.0,55.0,38.182,29.158,51.516,28.34,40.052,12.426,50.634,17.433,33.468,2200.0,2200.0,2750.0,2750.0,2200.0,2200.0,2200.0,2200.0,2750.0,0.883,0.883,1.131,1.13,0.766,0.766,0.99,0.99,15.097,4457.0,14799.0,18.982,539.0,52.68
2026-07-08 03:31:19,55.0,69.000              ,773.875,450.0,1067.0,0.0,55.0,55.000              ,55.0,55.0,55.0,55.0,55.0,55.0,55.0,43.445,28.865,51.624,27.893,40.967,19.206,50.184,19.481,35.208,2160.0,2160.0,2160.0,2160.0,2180.0,2180.0,2725.0,2725.0,2725.0,0.899,0.899,1.042,1.042,0.819,0.819,0.955,0.954,14.884,4459.0,14815.0,22.227,540.0,44.99
2026-07-08 03:31:20,55.0,69.000              ,772.871,358.0,1200.0,0.0,55.0,55.000              ,55.0,55.0,55.0,55.0,55.0,55.0,55.0,33.989,24.59,51.98,32.864,42.654,10.912,41.95,11.447,31.298,2160.0,2160.0,2700.0,2700.0,2700.0,2700.0,2180.0,2180.0,2700.0,0.854,0.854,1.217,1.217,0.836,0.836,0.843,0.843,15.06,4465.0,14815.0,26.774,541.0,37.35
2026-07-08 03:31:21,55.0,69.000              ,778.898,492.0,1067.0,0.0,55.0,55.000              ,55.0,55.0,55.0,55.0,55.0,55.0,55.0,41.587,29.331,47.831,38.581,46.341,18.345,50.099,10.705,35.353,2100.0,2100.0,2625.0,2625.0,2100.0,2100.0,2100.0,2100.0,2625.0,0.904,0.904,1.187,1.187,0.853,0.839,0.857,0.857,15.037,4466.0,14826.0,27.935,542.0,35.8
2026-07-08 03:31:22,55.0,70.000              ,777.656,525.0,1067.0,0.0,55.0,55.000              ,55.0,55.0,55.0,55.0,55.0,55.0,55.0,41.251,17.968,47.771,30.175,45.559,11.115,48.13,10.539,31.563,2060.0,2060.0,2550.0,2550.0,2040.0,2040.0,2040.0,2040.0,2550.0,0.81,0.81,1.044,1.044,0.769,0.781,0.834,0.835,15.185,4470.0,14825.0,26.427,543.0,37.84
2026-07-08 03:31:23,55.0,71.000              ,771.398,200.0,1067.0,0.0,55.0,55.000              ,55.0,55.0,55.0,55.0,55.0,55.0,55.0,45.521,18.846,42.026,31.829,46.035,10.375,38.694,10.292,30.452,2080.0,2080.0,2600.0,2625.0,2100.0,2100.0,2100.0,2100.0,2625.0,0.928,0.93,1.041,1.041,0.756,0.756,0.758,0.757,14.854,4468.0,14822.0,27.679,544.0,36.13
2026-07-08 03:31:24,55.0,69.000              ,768.391,461.0,1067.0,0.0,55.0,55.000              ,55.0,55.0,55.0,55.0,55.0,55.0,55.0,42.731,17.194,43.451,30.094,49.736,8.548,48.441,11.344,31.443,2160.0,2160.0,2675.0,2675.0,2140.0,2140.0,2140.0,2140.0,2675.0,0.855,0.853,1.016,1.016,0.773,0.775,0.87,0.87,15.031,4468.0,14819.0,23.747,545.0,42.11
2026-07-08 03:31:25,55.0,68.000              ,768.383,469.0,1200.0,0.0,55.0,55.000              ,55.0,55.0,55.0,55.0,55.0,55.0,55.0,36.997,13.542,40.586,24.528,54.267,7.02,47.139,8.197,29.035,2200.0,2200.0,2750.0,2750.0,2200.0,2200.0,2200.0,2200.0,2750.0,0.82,0.822,0.948,0.948,0.919,0.917,0.863,0.863,15.094,4469.0,14818.0,19.662,546.0,50.86
2026-07-08 03:31:26,55.0,69.000              ,762.117,533.0,1067.0,0.0,55.0,55.000              ,55.0,55.0,55.0,55.0,55.0,55.0,55.0,36.559,16.842,41.679,27.763,55.719,11.521,43.205,14.248,30.942,2160.0,2180.0,2180.0,2180.0,2725.0,2725.0,2180.0,2180.0,2725.0,0.815,0.813,0.917,0.917,0.97,0.97,0.875,0.875,15.042,4466.0,14809.0,18.783,547.0,53.24
2026-07-08 03:31:27,55.0,69.000              ,760.867,545.0,1067.0,0.0,55.0,55.000              ,55.0,55.0,55.0,55.0,55.0,55.0,55.0,39.567,20.501,40.802,25.396,52.531,13.573,48.351,14.167,31.861,2200.0,2200.0,2200.0,2200.0,2750.0,2750.0,2200.0,2200.0,2750.0,0.799,0.799,0.84,0.84,0.937,0.937,0.917,0.917,14.882,4467.0,14808.0,19.807,548.0,50.49
2026-07-08 03:31:28,55.0,69.000              ,760.867,554.0,1200.0,0.0,55.125,55.125              ,55.125,55.125,55.125,55.125,55.125,55.125,55.125,48.334,26.351,38.198,33.252,44.702,17.039,40.796,12.244,32.614,2240.0,2240.0,2775.0,2775.0,2220.0,2220.0,2220.0,2220.0,2775.0,1.037,1.039,0.966,0.966,0.824,0.824,0.754,0.754,15.303,4471.0,14812.0,25.572,549.0,39.11
2026-07-08 03:31:29,55.0,70.000              ,759.484,492.0,1200.0,0.0,55.0,55.000              ,55.0,55.0,55.0,55.0,55.0,55.0,55.0,51.878,29.349,52.763,42.753,54.901,28.792,51.214,22.28,41.741,1840.0,1840.0,2300.0,2275.0,1820.0,1820.0,1820.0,1820.0,2300.0,0.791,0.789,0.912,0.915,0.825,0.825,0.759,0.764,15.135,4486.0,14813.0,29.063,550.0,34.41
2026-07-08 03:31:30,55.0,70.000              ,757.922,450.0,1067.0,0.0,55.0,55.000              ,55.0,55.0,55.0,55.0,55.0,55.0,55.0,41.825,27.772,37.356,40.762,36.881,13.684,34.031,11.761,30.509,2350.0,2350.0,1880.0,1880.0,1880.0,1880.0,1880.0,1880.0,2350.0,0.912,0.912,0.992,0.989,0.642,0.642,0.647,0.644,14.653,4489.0,14811.0,25.465,551.0,39.27
2026-07-08 03:31:31,55.0,69.000              ,748.906,500.0,1067.0,0.0,55.0,55.000              ,55.0,55.0,55.0,55.0,55.0,55.0,55.0,40.439,14.847,59.895,21.907,54.322,8.556,39.059,7.215,30.78,2140.0,2140.0,2675.0,2675.0,2140.0,2140.0,2140.0,2140.0,2675.0,0.831,0.831,1.107,1.107,0.857,0.857,0.733,0.731,15.027,4482.0,14803.0,23.914,552.0,41.82
2026-07-08 03:31:32,55.0,70.000              ,748.898,200.0,1067.0,0.0,55.0,55.000              ,55.0,55.0,55.0,55.0,55.0,55.0,55.0,39.522,17.709,55.351,25.123,54.472,8.907,41.639,6.916,31.205,2160.0,2160.0,2700.0,2700.0,2160.0,2160.0,2160.0,2160.0,2700.0,0.836,0.836,1.094,1.097,0.875,0.875,0.742,0.742,15.052,4485.0,14801.0,21.114,553.0,47.36
2026-07-08 03:31:33,55.0,70.000              ,765.473,358.0,1067.0,0.0,55.125,55.125              ,55.125,55.125,55.125,55.125,55.125,55.125,55.125,46.769,14.439,39.167,35.31,49.375,13.686,37.709,8.869,30.666,2220.0,2200.0,2750.0,2750.0,2200.0,2200.0,2200.0,2200.0,2750.0,0.959,0.959,1.088,1.086,0.848,0.851,0.738,0.738,15.01,4480.0,14819.0,27.442,554.0,36.44
2026-07-08 03:31:34,55.0,69.000              ,765.473,370.0,1200.0,0.0,55.125,55.125              ,55.125,55.125,55.125,55.125,55.125,55.125,55.125,49.616,13.821,59.766,20.571,51.965,11.24,44.918,8.016,32.489,2180.0,2180.0,2725.0,2725.0,2180.0,2180.0,2180.0,2180.0,2725.0,1.007,1.007,1.089,1.091,0.861,0.858,0.802,0.802,15.238,4489.0,14819.0,22.408,555.0,44.63
2026-07-08 03:31:35,55.0,70.000              ,765.473,352.0,1200.0,0.0,55.125,55.125              ,55.125,55.125,55.125,55.125,55.125,55.125,55.125,44.184,13.871,53.835,25.367,58.185,12.292,52.41,9.466,33.701,2140.0,2140.0,2675.0,2675.0,2140.0,2140.0,2140.0,2140.0,2675.0,0.883,0.883,1.033,1.031,0.922,0.922,0.885,0.885,14.942,4488.0,14819.0,23.092,556.0,43.31
2026-07-08 03:31:36,55.0,69.000              ,766.973,400.0,1067.0,0.0,55.125,55.125              ,55.125,55.125,55.125,55.125,55.125,55.125,55.125,43.855,11.723,51.293,24.313,59.666,11.978,47.615,9.904,32.543,2220.0,2220.0,2220.0,2220.0,2220.0,2220.0,2750.0,2750.0,2750.0,0.908,0.908,0.989,0.992,0.984,0.984,0.879,0.879,15.008,4489.0,14817.0,22.986,557.0,43.5
2026-07-08 03:31:37,55.0,70.000              ,768.352,364.0,1067.0,0.0,55.125,55.125              ,55.125,55.125,55.125,55.125,55.125,55.125,55.125,42.859,14.649,53.52,29.154,46.719,10.218,39.813,12.53,31.183,2100.0,2100.0,2625.0,2600.0,2080.0,2080.0,2080.0,2080.0,2625.0,0.868,0.868,1.129,1.126,0.811,0.811,0.759,0.759,15.043,4490.0,14819.0,29.406,558.0,34.01
2026-07-08 03:31:38,55.0,70.000              ,768.41,338.0,1200.0,0.0,55.125,55.125              ,55.125,55.125,55.125,55.125,55.125,55.125,55.125,44.061,14.0,60.586,24.218,53.348,7.998,38.327,11.615,31.769,2200.0,2200.0,2750.0,2750.0,2200.0,2200.0,2200.0,2200.0,2750.0,0.946,0.946,1.214,1.215,0.864,0.864,0.791,0.793,15.027,4493.0,14819.0,23.387,559.0,42.76
2026-07-08 03:31:39,55.0,69.000              ,768.414,200.0,1067.0,0.0,55.125,55.125              ,55.125,55.125,55.125,55.125,55.125,55.125,55.125,43.019,17.289,63.97,26.153,50.308,12.666,50.416,11.052,34.359,2180.0,2180.0,2725.0,2725.0,2180.0,2180.0,2180.0,2180.0,2725.0,0.903,0.903,1.234,1.233,0.842,0.842,0.836,0.844,15.109,4492.0,14818.0,23.346,560.0,42.83
2026-07-08 03:31:40,55.0,69.000              ,769.41,413.0,1067.0,0.0,55.25,55.250              ,55.25,55.25,55.25,55.25,55.25,55.25,55.25,50.702,20.972,59.438,28.022,58.869,13.961,43.17,15.263,36.3,2180.0,2180.0,2725.0,2725.0,2180.0,2180.0,2180.0,2180.0,2725.0,0.987,0.99,1.083,1.085,0.916,0.916,0.791,0.781,14.949,4493.0,14819.0,19.884,561.0,50.29
2026-07-08 03:31:41,55.0,70.000              ,770.699,428.0,1067.0,0.0,55.25,55.250              ,55.25,55.25,55.25,55.25,55.25,55.25,55.25,38.226,15.741,66.68,19.078,48.514,10.275,42.789,11.244,31.568,2160.0,2160.0,2700.0,2700.0,2160.0,2160.0,2160.0,2180.0,2700.0,0.89,0.888,1.232,1.231,0.833,0.833,0.825,0.825,14.927,4492.0,14820.0,22.204,562.0,45.04
2026-07-08 03:31:42,55.0,69.000              ,764.672,461.0,1067.0,0.0,55.25,55.250              ,55.25,55.25,55.25,55.25,55.25,55.25,55.25,39.581,12.901,60.994,17.523,45.362,6.951,37.761,8.172,28.656,2260.0,2260.0,2825.0,2825.0,2260.0,2260.0,2260.0,2260.0,2825.0,0.872,0.872,1.177,1.177,0.831,0.831,0.804,0.804,15.075,4487.0,14815.0,25.409,563.0,39.36
2026-07-08 03:31:43,55.0,70.000              ,758.652,364.0,1067.0,0.0,55.125,55.125              ,55.125,55.125,55.125,55.125,55.125,55.125,55.125,30.019,16.303,51.648,20.287,36.175,8.259,49.843,6.527,27.383,2340.0,2340.0,2925.0,2925.0,2340.0,2340.0,2340.0,2340.0,2925.0,0.83,0.83,1.252,1.252,0.812,0.812,0.966,0.96,14.872,4486.0,14810.0,22.839,564.0,43.78
2026-07-08 03:31:44,55.0,70.000              ,766.914,700.0,1067.0,0.0,55.25,55.250              ,55.25,55.25,55.25,55.25,55.25,55.25,55.25,38.282,21.346,42.931,30.851,36.13,15.755,50.056,8.587,30.492,2320.0,2320.0,2900.0,2900.0,2320.0,2320.0,2320.0,2320.0,2900.0,0.861,0.862,1.12,1.12,0.821,0.821,0.963,0.972,15.496,4482.0,14815.0,26.816,565.0,37.29
2026-07-08 03:31:45,55.0,71.000              ,766.789,200.0,933.0,0.0,55.125,55.125              ,55.125,55.125,55.125,55.125,55.125,55.125,55.125,39.205,16.723,41.866,33.266,41.652,14.811,49.41,17.513,31.806,1960.0,1960.0,2450.0,2450.0,1960.0,1960.0,1960.0,1960.0,2450.0,0.682,0.681,0.958,0.962,0.702,0.702,1.067,1.065,13.981,4495.0,14808.0,23.165,566.0,43.17
2026-07-08 03:31:46,56.0,38.000              ,766.789,200.0,933.0,0.0,56.0,56.000              ,56.0,56.0,56.0,56.0,56.0,56.0,56.0,11.324,2.713,58.779,8.229,31.411,4.826,25.067,13.622,19.497,2300.0,2300.0,3450.0,3475.0,2316.667,2316.667,2316.667,2316.667,3475.0,0.677,0.677,2.54,2.537,1.119,1.119,1.351,1.351,12.756,4487.0,14734.0,0.0,567.0,
2026-07-08 03:31:47,56.0,2.000               ,766.789,200.0,933.0,0.0,56.25,56.250              ,56.25,56.25,56.25,56.25,56.25,56.25,56.25,14.189,4.236,65.042,9.933,29.62,15.897,17.537,7.484,20.492,2333.333,2333.333,2300.0,2300.0,2280.0,3500.0,2333.333,2333.333,3500.0,0.804,0.804,2.293,2.292,1.303,1.303,0.982,0.982,13.382,4057.0,14274.0,0.0,568.0,
2026-07-08 03:31:48,56.0,0.000               ,766.789,200.0,933.0,0.0,56.75,56.750              ,56.75,56.75,56.75,56.75,56.75,56.75,56.75,33.423,4.517,69.285,4.829,25.908,1.604,17.112,8.285,20.62,2333.333,2333.333,3500.0,3500.0,2333.333,2333.333,2333.333,2333.333,3500.0,1.361,1.364,2.928,2.928,1.128,1.128,1.121,1.121,14.368,3996.0,13414.0,0.0,569.0,
2026-07-08 03:31:49,57.0,0.000               ,766.789,200.0,933.0,0.0,57.0,57.000              ,57.0,57.0,57.0,57.0,57.0,57.0,57.0,14.789,5.333,47.331,24.139,25.319,3.188,40.433,13.367,21.737,2333.333,3475.0,2316.667,3500.0,2333.333,2333.333,2333.333,2333.333,3500.0,0.854,0.851,2.345,2.345,1.065,1.065,1.733,1.733,13.916,3772.0,13224.0,0.0,570.0,
2026-07-08 03:31:50,57.0,0.000               ,766.785,200.0,933.0,0.0,57.25,57.250              ,57.25,57.25,57.25,57.25,57.25,57.25,57.25,13.297,25.599,63.729,8.7,14.604,2.396,20.977,9.009,19.789,2333.333,2333.333,3500.0,3500.0,2333.333,2333.333,2333.333,2333.333,3500.0,1.444,1.444,2.844,2.832,0.818,0.822,1.21,1.21,13.859,3609.0,12233.0,5236.31,571.0,0.19
2026-07-08 03:31:51,57.0,3.000               ,706.512,200.0,933.0,0.0,57.75,57.750              ,57.75,57.75,57.75,57.75,57.75,57.75,57.75,35.374,7.981,17.484,49.4,28.716,1.575,41.943,23.242,25.714,2333.333,2333.333,2800.0,2800.0,2333.333,2333.333,3500.0,3500.0,3500.0,1.641,1.641,2.559,2.581,1.334,1.33,2.043,2.043,15.571,3446.0,11999.0,0.0,572.0,
2026-07-08 03:31:52,58.0,3.000               ,706.512,200.0,933.0,0.0,58.625,58.625              ,58.625,58.625,58.625,58.625,58.625,58.625,58.625,13.356,2.203,2.532,93.419,10.83,1.575,22.484,9.518,19.49,2333.333,2333.333,3500.0,3500.0,2333.333,2333.333,2333.333,2333.333,3500.0,0.825,0.825,5.148,5.176,0.808,0.808,1.316,1.316,14.949,3387.0,12016.0,0.0,573.0,
2026-07-08 03:31:53,59.0,0.000               ,659.973,200.0,933.0,0.0,59.0,59.000              ,59.0,59.0,59.0,59.0,59.0,59.0,59.0,10.264,1.983,8.275,81.682,28.311,2.889,39.636,5.662,22.338,2333.333,2333.333,3500.0,3500.0,2333.333,2333.333,2333.333,2333.333,3500.0,0.733,0.733,4.02,4.059,1.369,1.373,1.612,1.612,15.504,3209.0,11443.0,2233.735,574.0,0.45
2026-07-08 03:31:54,59.0,0.000               ,659.973,200.0,933.0,0.0,59.0,59.000              ,59.0,59.0,59.0,59.0,59.0,59.0,59.0,5.074,11.074,2.177,84.664,18.305,1.288,6.387,4.417,16.673,2333.333,2333.333,3500.0,3500.0,2333.333,2333.333,2333.333,2333.333,3500.0,0.8,0.8,4.708,4.721,1.217,1.213,0.67,0.67,13.936,3220.0,11418.0,0.0,575.0,
2026-07-08 03:31:55,59.0,0.000               ,659.973,200.0,933.0,0.0,59.5,59.500              ,59.5,59.5,59.5,59.5,59.5,59.5,59.5,2.496,0.988,6.29,91.682,6.163,1.453,4.489,4.134,14.712,1555.556,1555.556,3500.0,3500.0,2333.333,2333.333,2333.333,2333.333,3500.0,0.108,0.108,4.863,4.843,0.487,0.487,0.644,0.644,12.67,3283.0,11481.0,0.0,576.0,
2026-07-08 03:31:56,58.0,0.000               ,658.023,200.0,933.0,0.0,58.375,58.375              ,58.375,58.375,58.375,58.375,58.375,58.375,58.375,7.962,0.75,0.978,48.434,52.008,0.836,18.923,6.573,17.058,1555.556,1555.556,3500.0,3500.0,2333.333,2333.333,2333.333,2333.333,3500.0,0.442,0.442,2.229,2.182,1.993,1.993,1.15,1.152,13.099,3260.0,11243.0,3264.3,577.0,0.31
2026-07-08 03:31:57,57.0,0.000               ,560.07,200.0,1067.0,0.0,57.5,57.500              ,57.5,57.5,57.5,57.5,57.5,57.5,57.5,11.87,6.508,10.195,54.261,46.056,3.46,14.459,7.322,19.266,2333.333,2333.333,2333.333,2333.333,3500.0,3500.0,2333.333,2333.333,3500.0,0.82,0.82,2.337,2.331,1.819,1.819,0.882,0.884,13.491,3203.0,10678.0,1299.881,578.0,0.77
2026-07-08 03:31:58,57.0,19.000              ,560.059,200.0,933.0,0.0,57.125,57.125              ,57.125,57.125,57.125,57.125,57.125,57.125,57.125,26.729,18.061,46.187,17.258,33.613,9.147,36.759,20.517,26.034,2333.333,2333.333,2333.333,2333.333,2333.333,2333.333,3500.0,3500.0,3500.0,1.29,1.29,1.735,1.739,1.316,1.316,1.737,1.734,15.742,3081.0,10678.0,48.619,579.0,20.57
2026-07-08 03:31:59,56.0,43.000              ,560.047,200.0,933.0,0.0,56.875,56.875              ,56.875,56.875,56.875,56.875,56.875,56.875,56.875,23.135,12.666,62.989,10.369,36.253,7.072,15.353,7.795,21.954,2333.333,2333.333,3500.0,3500.0,2333.333,2333.333,2333.333,2333.333,3500.0,1.119,1.119,2.069,2.065,1.354,1.354,0.93,0.93,14.304,3080.0,10676.0,31.24,580.0,32.01
2026-07-08 03:32:00,56.0,49.000              ,589.77,200.0,933.0,0.0,56.75,56.750              ,56.75,56.75,56.75,56.75,56.75,56.75,56.75,25.06,11.43,51.23,18.31,42.581,3.769,23.703,11.576,23.457,3500.0,3500.0,2333.333,2333.333,2333.333,2333.333,2333.333,2333.333,3500.0,1.153,1.153,1.952,1.952,1.418,1.418,1.161,1.161,15.212,3106.0,10654.0,33.775,581.0,29.61
2026-07-08 03:32:01,56.0,55.000              ,589.77,200.0,933.0,0.0,56.375,56.375              ,56.375,56.375,56.375,56.375,56.375,56.375,56.375,29.653,10.219,44.384,11.183,50.192,2.4,16.249,6.152,21.304,2333.333,2333.333,3500.0,3500.0,2333.333,2333.333,2333.333,2333.333,3500.0,1.117,1.117,1.571,1.571,1.504,1.507,0.847,0.847,14.403,3100.0,10652.0,18.078,582.0,55.32
2026-07-08 03:32:02,56.0,61.000              ,589.766,200.0,933.0,0.0,56.375,56.375              ,56.375,56.375,56.375,56.375,56.375,56.375,56.375,17.097,9.375,61.645,8.908,41.854,3.648,13.188,5.126,20.105,2333.333,2333.333,3500.0,3500.0,2333.333,2333.333,2333.333,2333.333,3500.0,1.014,1.014,2.066,2.066,1.478,1.478,0.896,0.896,15.169,3100.0,10649.0,18.017,583.0,55.5
2026-07-08 03:32:03,56.0,62.000              ,589.77,200.0,933.0,0.0,56.625,56.625              ,56.625,56.625,56.625,56.625,56.625,56.625,56.625,17.7,10.706,70.684,8.106,32.847,1.953,13.06,5.936,20.124,2333.333,2333.333,3500.0,3500.0,2333.333,2333.333,2333.333,2333.333,3500.0,0.98,0.98,2.243,2.243,1.162,1.16,0.819,0.819,14.786,3100.0,10624.0,17.369,584.0,57.57
2026-07-08 03:32:04,56.0,63.000              ,589.77,200.0,933.0,0.0,56.75,56.750              ,56.75,56.75,56.75,56.75,56.75,56.75,56.75,14.348,11.526,71.159,13.591,29.043,1.959,13.619,5.749,20.124,2333.333,2333.333,3500.0,3500.0,2333.333,2333.333,2333.333,2333.333,3500.0,0.917,0.917,2.378,2.385,1.083,1.083,0.842,0.842,14.843,3099.0,10624.0,17.517,585.0,57.09
2026-07-08 03:32:05,56.0,62.000              ,589.789,200.0,933.0,0.0,56.25,56.250              ,56.25,56.25,56.25,56.25,56.25,56.25,56.25,15.568,8.626,49.907,8.616,29.421,2.186,17.228,3.703,16.907,2333.333,2333.333,3500.0,3500.0,2333.333,2333.333,2333.333,2333.333,3500.0,0.863,0.863,1.657,1.652,1.043,1.043,0.793,0.793,13.559,3099.0,10624.0,23.948,586.0,41.76
2026-07-08 03:32:06,55.0,62.000              ,589.789,200.0,933.0,0.0,55.5,55.500              ,55.5,55.5,55.5,55.5,55.5,55.5,55.5,17.601,8.358,45.528,12.334,17.672,4.673,26.779,2.909,16.982,1555.556,1555.556,3500.0,3500.0,2333.333,2333.333,2333.333,2333.333,3500.0,0.841,0.841,1.598,1.596,0.809,0.809,0.842,0.845,13.161,3099.0,10624.0,17.131,587.0,58.37
2026-07-08 03:32:07,54.0,62.000              ,589.789,200.0,933.0,0.0,54.625,54.625              ,54.625,54.625,54.625,54.625,54.625,54.625,54.625,9.042,1.509,35.927,1.779,5.454,0.0,5.931,2.036,7.71,2650.0,2650.0,2650.0,2650.0,2650.0,2650.0,2650.0,2650.0,2650.0,0.45,0.45,1.181,1.181,0.319,0.319,0.409,0.406,8.519,2869.0,9799.0,19.693,588.0,50.78
2026-07-08 03:32:08,55.0,31.000              ,388.75,200.0,933.0,0.0,55.625,55.625              ,55.625,55.625,55.625,55.625,55.625,55.625,55.625,42.614,28.198,36.315,45.506,50.174,35.479,34.618,17.444,36.294,2333.333,2333.333,3500.0,3500.0,2333.333,2333.333,2333.333,2333.333,3500.0,1.93,1.93,2.738,2.738,2.514,2.514,1.544,1.545,17.265,2715.0,8873.0,0.0,589.0,
