08-07-2026 02:06:18,GPU temperature,GPU usage,Memory usage,Core clock,Memory clock,Fan tachometer,CPU1 temperature,CPU2 temperature,CPU3 temperature,CPU4 temperature,CPU5 temperature,CPU6 temperature,CPU7 temperature,CPU8 temperature,CPU temperature,CPU1 usage,CPU2 usage,CPU3 usage,CPU4 usage,CPU5 usage,CPU6 usage,CPU7 usage,CPU8 usage,CPU usage,CPU1 clock,CPU2 clock,CPU3 clock,CPU4 clock,CPU5 clock,CPU6 clock,CPU7 clock,CPU8 clock,CPU clock,CPU1 power,CPU2 power,CPU3 power,CPU4 power,CPU5 power,CPU6 power,CPU7 power,CPU8 power,CPU power,RAM usage,Commit charge,frametime,elapsed,fps
2026-07-08 02:06:18,0.0,°C                  ,0.0,100.0,10.0,,,,,,,,,,,,,,,,,,,,,,,,,,,,,,,,,,,,,,,,,0.0,
2026-07-08 02:06:18,1.0,%                   ,0.0,100.0,10.0,,,,,,,,,,,,,,,,,,,,,,,,,,,,,,,,,,,,,,,,,0.0,
2026-07-08 02:06:18,2.0,MB                  ,0.0,8192.0,10.0,,,,,,,,,,,,,,,,,,,,,,,,,,,,,,,,,,,,,,,,,0.0,
2026-07-08 02:06:18,3.0,MHz                 ,0.0,2500.0,10.0,,,,,,,,,,,,,,,,,,,,,,,,,,,,,,,,,,,,,,,,,0.0,
2026-07-08 02:06:18,4.0,MHz                 ,0.0,7500.0,10.0,,,,,,,,,,,,,,,,,,,,,,,,,,,,,,,,,,,,,,,,,0.0,
2026-07-08 02:06:18,5.0,RPM                 ,0.0,10000.0,10.0,,,,,,,,,,,,,,,,,,,,,,,,,,,,,,,,,,,,,,,,,0.0,
2026-07-08 02:06:18,6.0,°C                  ,0.0,100.0,10.0,,,,,,,,,,,,,,,,,,,,,,,,,,,,,,,,,,,,,,,,,0.0,
2026-07-08 02:06:18,7.0,°C                  ,0.0,100.0,10.0,,,,,,,,,,,,,,,,,,,,,,,,,,,,,,,,,,,,,,,,,0.0,
2026-07-08 02:06:18,8.0,°C                  ,0.0,100.0,10.0,,,,,,,,,,,,,,,,,,,,,,,,,,,,,,,,,,,,,,,,,0.0,
2026-07-08 02:06:18,9.0,°C                  ,0.0,100.0,10.0,,,,,,,,,,,,,,,,,,,,,,,,,,,,,,,,,,,,,,,,,0.0,
2026-07-08 02:06:18,10.0,°C                  ,0.0,100.0,10.0,,,,,,,,,,,,,,,,,,,,,,,,,,,,,,,,,,,,,,,,,0.0,
2026-07-08 02:06:18,11.0,°C                  ,0.0,100.0,10.0,,,,,,,,,,,,,,,,,,,,,,,,,,,,,,,,,,,,,,,,,0.0,
2026-07-08 02:06:18,12.0,°C                  ,0.0,100.0,10.0,,,,,,,,,,,,,,,,,,,,,,,,,,,,,,,,,,,,,,,,,0.0,
2026-07-08 02:06:18,13.0,°C                  ,0.0,100.0,10.0,,,,,,,,,,,,,,,,,,,,,,,,,,,,,,,,,,,,,,,,,0.0,
2026-07-08 02:06:18,14.0,°C                  ,0.0,100.0,10.0,,,,,,,,,,,,,,,,,,,,,,,,,,,,,,,,,,,,,,,,,0.0,
2026-07-08 02:06:18,15.0,%                   ,0.0,100.0,10.0,,,,,,,,,,,,,,,,,,,,,,,,,,,,,,,,,,,,,,,,,0.0,
2026-07-08 02:06:18,16.0,%                   ,0.0,100.0,10.0,,,,,,,,,,,,,,,,,,,,,,,,,,,,,,,,,,,,,,,,,0.0,
2026-07-08 02:06:18,17.0,%                   ,0.0,100.0,10.0,,,,,,,,,,,,,,,,,,,,,,,,,,,,,,,,,,,,,,,,,0.0,
2026-07-08 02:06:18,18.0,%                   ,0.0,100.0,10.0,,,,,,,,,,,,,,,,,,,,,,,,,,,,,,,,,,,,,,,,,0.0,
2026-07-08 02:06:18,19.0,%                   ,0.0,100.0,10.0,,,,,,,,,,,,,,,,,,,,,,,,,,,,,,,,,,,,,,,,,0.0,
2026-07-08 02:06:18,20.0,%                   ,0.0,100.0,10.0,,,,,,,,,,,,,,,,,,,,,,,,,,,,,,,,,,,,,,,,,0.0,
2026-07-08 02:06:18,21.0,%                   ,0.0,100.0,10.0,,,,,,,,,,,,,,,,,,,,,,,,,,,,,,,,,,,,,,,,,0.0,
2026-07-08 02:06:18,22.0,%                   ,0.0,100.0,10.0,,,,,,,,,,,,,,,,,,,,,,,,,,,,,,,,,,,,,,,,,0.0,
2026-07-08 02:06:18,23.0,%                   ,0.0,100.0,10.0,,,,,,,,,,,,,,,,,,,,,,,,,,,,,,,,,,,,,,,,,0.0,
2026-07-08 02:06:18,24.0,MHz                 ,0.0,5000.0,10.0,,,,,,,,,,,,,,,,,,,,,,,,,,,,,,,,,,,,,,,,,0.0,
2026-07-08 02:06:18,25.0,MHz                 ,0.0,5000.0,10.0,,,,,,,,,,,,,,,,,,,,,,,,,,,,,,,,,,,,,,,,,0.0,
2026-07-08 02:06:18,26.0,MHz                 ,0.0,5000.0,10.0,,,,,,,,,,,,,,,,,,,,,,,,,,,,,,,,,,,,,,,,,0.0,
2026-07-08 02:06:18,27.0,MHz                 ,0.0,5000.0,10.0,,,,,,,,,,,,,,,,,,,,,,,,,,,,,,,,,,,,,,,,,0.0,
2026-07-08 02:06:18,28.0,MHz                 ,0.0,5000.0,10.0,,,,,,,,,,,,,,,,,,,,,,,,,,,,,,,,,,,,,,,,,0.0,
2026-07-08 02:06:18,29.0,MHz                 ,0.0,5000.0,10.0,,,,,,,,,,,,,,,,,,,,,,,,,,,,,,,,,,,,,,,,,0.0,
2026-07-08 02:06:18,30.0,MHz                 ,0.0,5000.0,10.0,,,,,,,,,,,,,,,,,,,,,,,,,,,,,,,,,,,,,,,,,0.0,
2026-07-08 02:06:18,31.0,MHz                 ,0.0,5000.0,10.0,,,,,,,,,,,,,,,,,,,,,,,,,,,,,,,,,,,,,,,,,0.0,
2026-07-08 02:06:18,32.0,MHz                 ,0.0,5000.0,10.0,,,,,,,,,,,,,,,,,,,,,,,,,,,,,,,,,,,,,,,,,0.0,
2026-07-08 02:06:18,33.0,W                   ,0.0,200.0,10.0,,,%.1f                ,,,,,,,,,,,,,,,,,,,,,,,,,,,,,,,,,,,,,,0.0,
2026-07-08 02:06:18,34.0,W                   ,0.0,200.0,10.0,,,%.1f                ,,,,,,,,,,,,,,,,,,,,,,,,,,,,,,,,,,,,,,0.0,
2026-07-08 02:06:18,35.0,W                   ,0.0,200.0,10.0,,,%.1f                ,,,,,,,,,,,,,,,,,,,,,,,,,,,,,,,,,,,,,,0.0,
2026-07-08 02:06:18,36.0,W                   ,0.0,200.0,10.0,,,%.1f                ,,,,,,,,,,,,,,,,,,,,,,,,,,,,,,,,,,,,,,0.0,
2026-07-08 02:06:18,37.0,W                   ,0.0,200.0,10.0,,,%.1f                ,,,,,,,,,,,,,,,,,,,,,,,,,,,,,,,,,,,,,,0.0,
2026-07-08 02:06:18,38.0,W                   ,0.0,200.0,10.0,,,%.1f                ,,,,,,,,,,,,,,,,,,,,,,,,,,,,,,,,,,,,,,0.0,
2026-07-08 02:06:18,39.0,W                   ,0.0,200.0,10.0,,,%.1f                ,,,,,,,,,,,,,,,,,,,,,,,,,,,,,,,,,,,,,,0.0,
2026-07-08 02:06:18,40.0,W                   ,0.0,200.0,10.0,,,%.1f                ,,,,,,,,,,,,,,,,,,,,,,,,,,,,,,,,,,,,,,0.0,
2026-07-08 02:06:18,41.0,W                   ,0.0,200.0,10.0,,,%.1f                ,,,,,,,,,,,,,,,,,,,,,,,,,,,,,,,,,,,,,,0.0,
2026-07-08 02:06:18,42.0,MB                  ,0.0,16384.0,10.0,,,,,,,,,,,,,,,,,,,,,,,,,,,,,,,,,,,,,,,,,0.0,
2026-07-08 02:06:18,43.0,MB                  ,0.0,16384.0,10.0,,,,,,,,,,,,,,,,,,,,,,,,,,,,,,,,,,,,,,,,,0.0,
2026-07-08 02:06:18,44.0,ms                  ,0.0,50.0,10.0,,,%.1f                ,,,,,,,,,,,,,,,,,,,,,,,,,,,,,,,,,,,,,,0.0,
2026-07-08 02:06:19,57.0,6.000               ,412.281,200.0,933.0,0.0,57.125,57.125              ,57.125,57.125,57.125,57.125,57.125,57.125,57.125,N/A                 ,N/A                 ,N/A                 ,N/A                 ,N/A                 ,N/A                 ,N/A                 ,N/A                 ,N/A                 ,N/A                 ,N/A                 ,N/A                 ,N/A                 ,N/A                 ,N/A                 ,N/A                 ,N/A                 ,N/A                 ,0.0,0.0,0.0,0.0,0.0,0.0,0.0,0.0,0.0,3957.0,8623.0,,1.0,
2026-07-08 02:06:20,55.0,3.000               ,417.691,200.0,933.0,0.0,55.875,55.875              ,55.875,55.875,55.875,55.875,55.875,55.875,55.875,19.176              ,10.620              ,38.548              ,46.563              ,30.938              ,7.769               ,30.398              ,12.811              ,24.603              ,2333.333            ,2333.333            ,3500.000            ,3500.000            ,3500.000            ,3500.000            ,2333.333            ,2333.333            ,3500.000            ,1.243,1.243,3.572,3.572,1.648,1.648,1.848,1.848,15.415,4035.0,8715.0,,2.0,
2026-07-08 02:06:21,54.0,0.000               ,411.789,200.0,1067.0,0.0,54.5,54.500              ,54.5,54.5,54.5,54.5,54.5,54.5,54.5,15.359              ,6.632               ,6.048               ,64.553              ,38.076              ,11.381              ,17.117              ,6.588               ,20.719              ,2333.333            ,2333.333            ,2800.000            ,2800.000            ,3500.000            ,3500.000            ,2333.333            ,2333.333            ,3500.000            ,0.886,0.886,2.457,2.457,1.663,1.663,0.912,0.912,14.261,4409.0,9071.0,,3.0,
2026-07-08 02:06:22,53.0,0.000               ,411.789,200.0,933.0,0.0,53.875,53.875              ,53.875,53.875,53.875,53.875,53.875,53.875,53.875,22.112              ,8.360               ,8.292               ,67.307              ,15.746              ,12.331              ,33.617              ,5.261               ,21.628              ,2650.000            ,2650.000            ,2650.000            ,3200.000            ,2560.000            ,2560.000            ,2560.000            ,2560.000            ,3200.000            ,1.108,1.111,2.674,2.674,1.097,1.097,1.536,1.542,14.689,4571.0,9265.0,,4.0,
2026-07-08 02:06:23,54.0,0.000               ,411.789,200.0,1200.0,0.0,54.625,54.625              ,54.625,54.625,54.625,54.625,54.625,54.625,54.625,39.099              ,22.983              ,13.217              ,64.307              ,26.571              ,9.018               ,31.769              ,9.790               ,27.094              ,2333.333            ,2333.333            ,2300.000            ,3500.000            ,3500.000            ,3500.000            ,2333.333            ,2333.333            ,3500.000            ,2.395,2.397,3.286,3.286,1.471,1.471,1.658,1.652,16.416,4563.0,9341.0,0.0,5.0,
2026-07-08 02:06:24,55.0,1.000               ,411.789,200.0,933.0,0.0,55.25,55.250              ,55.25,55.25,55.25,55.25,55.25,55.25,55.25,33.458              ,17.327              ,21.273              ,72.316              ,20.694              ,9.481               ,35.501              ,11.307              ,27.670              ,3500.000            ,3500.000            ,3500.000            ,3500.000            ,3500.000            ,3500.000            ,3500.000            ,3500.000            ,3500.000            ,1.581,1.576,3.572,3.572,1.096,1.096,1.766,1.766,16.321,4588.0,9381.0,0.0,6.0,
2026-07-08 02:06:25,55.0,1.000               ,411.789,200.0,933.0,0.0,55.0,55.000              ,55.0,55.0,55.0,55.0,55.0,55.0,55.0,8.963               ,10.494              ,1.995               ,82.427              ,10.868              ,3.665               ,16.437              ,2.557               ,17.176              ,3500.000            ,3500.000            ,2333.333            ,3500.000            ,3500.000            ,3500.000            ,3500.000            ,3500.000            ,3500.000            ,0.884,0.884,3.75,3.75,0.731,0.731,0.948,0.949,13.305,4656.0,9449.0,0.0,7.0,
2026-07-08 02:06:26,54.0,0.000               ,411.789,200.0,1200.0,0.0,54.125,54.125              ,54.125,54.125,54.125,54.125,54.125,54.125,54.125,17.736              ,6.346               ,6.706               ,59.946              ,23.574              ,9.736               ,29.599              ,6.924               ,20.071              ,2333.333            ,2333.333            ,3500.000            ,3500.000            ,2333.333            ,2333.333            ,2333.333            ,2333.333            ,3500.000            ,0.972,0.972,2.528,2.528,1.342,1.342,1.45,1.454,14.216,4862.0,9498.0,0.0,8.0,
2026-07-08 02:06:27,55.0,0.000               ,453.367,200.0,1067.0,0.0,55.25,55.250              ,55.25,55.25,55.25,55.25,55.25,55.25,55.25,39.258              ,21.081              ,40.665              ,20.005              ,40.850              ,27.827              ,31.463              ,54.282              ,34.429              ,2800.000            ,2800.000            ,3500.000            ,3500.000            ,2333.333            ,2800.000            ,3500.000            ,3500.000            ,3500.000            ,2.055,2.055,2.147,2.147,2.432,2.432,3.245,3.24,19.196,4838.0,9746.0,0.0,9.0,
2026-07-08 02:06:28,55.0,0.000               ,491.828,200.0,933.0,0.0,55.5,55.500              ,55.5,55.5,55.5,55.5,55.5,55.5,55.5,38.516              ,35.136              ,27.022              ,66.571              ,43.706              ,21.605              ,35.556              ,20.421              ,36.067              ,3500.000            ,3500.000            ,3500.000            ,3500.000            ,3475.000            ,3350.000            ,3450.000            ,3450.000            ,3500.000            ,2.29,2.29,3.22,3.22,2.127,2.127,1.794,1.795,19.011,4935.0,9883.0,0.0,10.0,
2026-07-08 02:06:29,56.0,2.000               ,491.828,200.0,933.0,0.0,56.0,56.000              ,56.0,56.0,56.0,56.0,56.0,56.0,56.0,8.230               ,3.364               ,2.353               ,70.452              ,20.846              ,6.846               ,12.454              ,13.026              ,17.196              ,3500.000            ,3500.000            ,3500.000            ,3500.000            ,2333.333            ,2333.333            ,2333.333            ,2333.333            ,3500.000            ,0.69,0.69,3.227,3.227,1.277,1.277,1.253,1.253,13.72,5019.0,9969.0,0.0,11.0,
2026-07-08 02:06:30,55.0,2.000               ,490.563,200.0,933.0,0.0,55.625,55.625              ,55.625,55.625,55.625,55.625,55.625,55.625,55.625,9.050               ,4.861               ,3.487               ,72.351              ,17.861              ,11.062              ,17.557              ,5.006               ,17.654              ,2333.333            ,2333.333            ,3500.000            ,3500.000            ,2333.333            ,2333.333            ,2333.333            ,2333.333            ,3500.000            ,0.718,0.718,2.826,2.826,1.197,1.197,1.014,1.014,13.519,5093.0,10019.0,0.0,12.0,
2026-07-08 02:06:31,55.0,0.000               ,523.805,200.0,1067.0,0.0,55.625,55.625              ,55.625,55.625,55.625,55.625,55.625,55.625,55.625,29.145              ,18.464              ,34.505              ,30.367              ,59.036              ,14.411              ,39.813              ,18.162              ,30.488              ,2333.333            ,2333.333            ,3500.000            ,3500.000            ,2333.333            ,2333.333            ,2333.333            ,2333.333            ,3500.000            ,1.341,1.368,2.136,2.136,2.813,2.817,2.079,2.049,17.557,5044.0,10069.0,0.0,13.0,
2026-07-08 02:06:32,56.0,25.000              ,523.805,200.0,1200.0,0.0,56.25,56.250              ,56.25,56.25,56.25,56.25,56.25,56.25,56.25,35.063              ,20.570              ,45.941              ,38.925              ,71.323              ,17.087              ,62.369              ,18.008              ,38.661              ,2333.333            ,2333.333            ,3500.000            ,3500.000            ,2333.333            ,2333.333            ,3500.000            ,3500.000            ,3500.000            ,1.667,1.645,2.441,2.441,3.657,3.653,2.868,2.911,21.53,5036.0,10064.0,0.0,14.0,
2026-07-08 02:06:33,56.0,56.000              ,524.121,200.0,1200.0,0.0,56.5,56.500              ,56.5,56.5,56.5,56.5,56.5,56.5,56.5,49.201              ,35.636              ,48.582              ,49.124              ,65.761              ,41.263              ,60.594              ,32.263              ,47.803              ,2333.333            ,2333.333            ,2800.000            ,2800.000            ,3500.000            ,3500.000            ,2333.333            ,2333.333            ,3500.000            ,1.98,1.942,2.562,2.568,3.43,3.435,2.768,2.773,21.62,5065.0,10092.0,0.0,15.0,
2026-07-08 02:06:34,57.0,59.000              ,549.676,200.0,1200.0,0.0,57.375,57.375              ,57.375,57.375,57.375,57.375,57.375,57.375,57.375,94.093              ,92.192              ,94.310              ,94.537              ,96.028              ,93.515              ,94.502              ,93.880              ,94.132              ,3325.000            ,3325.000            ,3325.000            ,3325.000            ,3325.000            ,3325.000            ,3325.000            ,3325.000            ,3325.000            ,2.71,2.721,2.787,2.782,2.88,2.875,3.012,3.007,23.805,5129.0,10165.0,0.0,16.0,
2026-07-08 02:06:35,57.0,58.000              ,549.742,200.0,1200.0,0.0,58.0,58.000              ,58.0,58.0,58.0,58.0,58.0,58.0,58.0,87.157              ,80.021              ,85.074              ,85.396              ,92.295              ,84.774              ,88.113              ,87.628              ,86.307              ,3325.000            ,3325.000            ,3325.000            ,3325.000            ,3325.000            ,3325.000            ,3325.000            ,3325.000            ,3325.000            ,2.627,2.658,2.761,2.761,2.922,2.934,2.915,2.915,23.682,5138.0,10192.0,0.0,17.0,
2026-07-08 02:06:36,58.0,62.000              ,552.23,200.0,1200.0,0.0,58.5,58.500              ,58.5,58.5,58.5,58.5,58.5,58.5,58.5,59.624              ,45.716              ,63.015              ,54.248              ,78.246              ,43.976              ,65.961              ,47.125              ,57.239              ,3325.000            ,3325.000            ,3325.000            ,3325.000            ,3325.000            ,3325.000            ,3325.000            ,3325.000            ,3325.000            ,2.603,2.603,2.658,2.663,3.282,3.275,2.981,3.015,23.294,5151.0,10214.0,0.0,18.0,
2026-07-08 02:06:37,59.0,63.000              ,552.246,200.0,1067.0,0.0,59.0,59.000              ,59.0,59.0,59.0,59.0,59.0,59.0,59.0,51.842              ,31.100              ,51.727              ,41.660              ,75.279              ,28.909              ,52.541              ,29.189              ,45.281              ,2250.000            ,2700.000            ,3375.000            ,3375.000            ,3375.000            ,3375.000            ,1928.571            ,1928.571            ,3375.000            ,2.176,2.176,2.515,2.51,3.652,3.652,2.407,2.359,22.432,5155.0,10201.0,0.0,19.0,
2026-07-08 02:06:38,59.0,63.000              ,573.832,200.0,1067.0,0.0,59.625,59.625              ,59.625,59.625,59.625,59.625,59.625,59.625,59.625,32.801              ,15.434              ,33.282              ,20.330              ,64.582              ,14.020              ,47.916              ,13.746              ,30.264              ,2660.000            ,2660.000            ,2660.000            ,2660.000            ,3400.000            ,3400.000            ,2266.667            ,2266.667            ,3400.000            ,1.577,1.577,1.683,1.683,3.639,3.639,2.799,2.794,20.093,5158.0,10213.0,0.0,20.0,
2026-07-08 02:06:39,60.0,57.000              ,574.121,200.0,1067.0,0.0,60.25,60.250              ,60.25,60.25,60.25,60.25,60.25,60.25,60.25,13.173              ,70.151              ,21.340              ,14.982              ,27.907              ,6.786               ,17.721              ,5.474               ,22.192              ,2333.333            ,2333.333            ,2333.333            ,2333.333            ,2333.333            ,2333.333            ,3500.000            ,3500.000            ,3500.000            ,3.664,3.664,1.397,1.397,1.392,1.396,0.93,0.93,15.756,5211.0,10271.0,0.0,21.0,
2026-07-08 02:06:40,58.0,51.000              ,574.02,200.0,933.0,0.0,58.875,58.875              ,58.875,58.875,58.875,58.875,58.875,58.875,58.875,17.874              ,13.134              ,21.263              ,15.673              ,50.127              ,4.872               ,39.519              ,3.217               ,20.710              ,2380.000            ,2380.000            ,2380.000            ,2380.000            ,2975.000            ,2975.000            ,3200.000            ,3200.000            ,3200.000            ,1.025,1.025,1.241,1.241,1.541,1.536,1.213,1.213,14.024,5213.0,10271.0,0.0,22.0,
2026-07-08 02:06:41,58.0,53.000              ,574.059,200.0,933.0,0.0,58.125,58.125              ,58.125,58.125,58.125,58.125,58.125,58.125,58.125,21.026              ,13.326              ,33.929              ,8.027               ,35.881              ,4.042               ,40.542              ,2.938               ,19.964              ,2333.333            ,2333.333            ,2333.333            ,2333.333            ,2333.333            ,2333.333            ,3500.000            ,3500.000            ,3500.000            ,1.141,1.141,1.354,1.354,1.329,1.329,1.291,1.297,14.312,5220.0,10266.0,0.0,23.0,
2026-07-08 02:06:42,58.0,55.000              ,566.961,200.0,1067.0,0.0,58.25,58.250              ,58.25,58.25,58.25,58.25,58.25,58.25,58.25,36.540              ,24.368              ,60.490              ,18.584              ,37.450              ,13.153              ,36.931              ,13.815              ,30.166              ,2333.333            ,2333.333            ,3500.000            ,3500.000            ,2333.333            ,2333.333            ,2333.333            ,2333.333            ,3500.000            ,1.729,1.729,2.224,2.224,1.622,1.622,1.523,1.525,16.858,5255.0,10312.0,0.0,24.0,
2026-07-08 02:06:43,58.0,57.000              ,566.961,200.0,933.0,0.0,58.0,58.000              ,58.0,58.0,58.0,58.0,58.0,58.0,58.0,24.744              ,15.305              ,48.818              ,15.426              ,29.770              ,9.756               ,42.623              ,34.080              ,27.565              ,3375.000            ,3375.000            ,3375.000            ,3375.000            ,2800.000            ,2700.000            ,3325.000            ,3325.000            ,3375.000            ,1.243,1.243,1.862,1.862,1.261,1.261,2.399,2.391,17.08,5248.0,10283.0,0.0,25.0,
2026-07-08 02:06:44,58.0,57.000              ,540.629,800.0,1200.0,0.0,58.5,58.500              ,58.5,58.5,58.5,58.5,58.5,58.5,58.5,54.072              ,32.833              ,69.194              ,41.867              ,59.909              ,32.340              ,54.234              ,40.497              ,48.118              ,2233.333            ,2233.333            ,3500.000            ,3500.000            ,2333.333            ,2333.333            ,2333.333            ,2333.333            ,3500.000            ,1.856,1.859,2.531,2.537,2.143,2.147,2.089,2.092,19.774,5314.0,10481.0,0.0,26.0,
2026-07-08 02:06:45,60.0,50.000              ,540.633,200.0,1200.0,0.0,60.0,60.000              ,60.0,60.0,60.0,60.0,60.0,60.0,60.0,56.477              ,43.970              ,65.874              ,51.096              ,52.702              ,64.280              ,63.341              ,52.667              ,56.301              ,3325.000            ,3325.000            ,3325.000            ,3325.000            ,2660.000            ,2660.000            ,3325.000            ,3325.000            ,3325.000            ,2.433,2.434,3.131,3.105,3.23,3.23,2.895,2.892,24.667,5401.0,10605.0,0.0,27.0,
2026-07-08 02:06:46,61.0,51.000              ,540.633,200.0,1067.0,0.0,61.375,61.375              ,61.375,61.375,61.375,61.375,61.375,61.375,61.375,58.034              ,53.460              ,61.931              ,59.909              ,63.996              ,54.503              ,59.308              ,52.059              ,57.900              ,3450.000            ,3450.000            ,2300.000            ,2300.000            ,3450.000            ,3450.000            ,2760.000            ,2760.000            ,3450.000            ,2.473,2.468,3.198,3.222,3.105,3.101,2.756,2.769,25.043,5282.0,10702.0,0.0,28.0,
2026-07-08 02:06:47,62.0,59.000              ,540.629,200.0,1067.0,0.0,62.25,62.250              ,62.25,62.25,62.25,62.25,62.25,62.25,62.25,52.682              ,21.135              ,70.376              ,35.418              ,66.592              ,29.244              ,53.265              ,29.762              ,44.809              ,2800.000            ,2800.000            ,2800.000            ,2800.000            ,3500.000            ,3500.000            ,2800.000            ,2800.000            ,3500.000            ,2.027,2.032,3.112,3.114,3.233,3.211,2.594,2.58,23.329,5302.0,10692.0,0.0,29.0,
2026-07-08 02:06:48,62.0,57.000              ,520.09,200.0,1200.0,0.0,62.875,62.875              ,62.875,62.875,62.875,62.875,62.875,62.875,62.875,65.067              ,46.365              ,73.517              ,56.135              ,76.605              ,38.190              ,61.426              ,50.987              ,58.537              ,1914.286            ,1914.286            ,3350.000            ,3400.000            ,3400.000            ,3400.000            ,3400.000            ,3400.000            ,3400.000            ,2.604,2.561,3.242,3.259,2.972,2.991,2.58,2.646,24.315,5291.0,10747.0,20.856,30.0,47.95
2026-07-08 02:06:49,64.0,61.000              ,520.09,200.0,1200.0,0.0,64.125,64.125              ,64.125,64.125,64.125,64.125,64.125,64.125,64.125,61.934              ,46.826              ,65.772              ,63.467              ,62.877              ,53.236              ,67.554              ,66.807              ,61.059              ,2800.000            ,2800.000            ,2800.000            ,2800.000            ,2333.333            ,2333.333            ,3500.000            ,3500.000            ,3500.000            ,2.511,2.558,3.141,3.12,2.869,2.861,3.36,3.305,25.317,5275.0,10724.0,24.933,31.0,40.11
2026-07-08 02:06:50,64.0,64.000              ,520.09,200.0,1067.0,0.0,64.625,64.625              ,64.625,64.625,64.625,64.625,64.625,64.625,64.625,44.890              ,24.260              ,59.357              ,46.597              ,57.471              ,27.446              ,48.550              ,40.045              ,43.577              ,2800.000            ,2800.000            ,3500.000            ,3500.000            ,2800.000            ,2800.000            ,3350.000            ,3350.000            ,3500.000            ,2.073,2.062,3.688,3.69,2.637,2.67,2.931,2.977,24.247,5383.0,10843.0,21.947,32.0,45.56
2026-07-08 02:06:51,64.0,61.000              ,520.09,200.0,1200.0,0.0,64.875,64.875              ,64.875,64.875,64.875,64.875,64.875,64.875,64.875,48.283              ,19.205              ,58.443              ,52.467              ,60.074              ,43.326              ,50.973              ,32.544              ,45.664              ,2283.333            ,2283.333            ,3425.000            ,3400.000            ,2720.000            ,2720.000            ,2266.667            ,2266.667            ,3425.000            ,1.893,1.863,3.162,3.16,3.194,3.177,2.243,2.19,23.23,5463.0,10915.0,24.352,33.0,41.06
2026-07-08 02:06:52,64.0,58.000              ,519.965,200.0,1200.0,0.0,64.875,64.875              ,64.875,64.875,64.875,64.875,64.875,64.875,64.875,52.921              ,30.591              ,69.748              ,58.589              ,58.902              ,54.422              ,55.075              ,31.937              ,51.523              ,2800.000            ,2800.000            ,2780.000            ,2780.000            ,3450.000            ,3450.000            ,2780.000            ,2780.000            ,3450.000            ,1.999,2.033,2.998,2.997,2.615,2.661,2.205,2.205,23.022,5523.0,10957.0,23.004,34.0,43.47
2026-07-08 02:06:53,64.0,57.000              ,519.965,200.0,1067.0,0.0,64.5,64.500              ,64.5,64.5,64.5,64.5,64.5,64.5,64.5,62.974              ,35.452              ,62.953              ,49.474              ,58.541              ,55.007              ,55.087              ,54.275              ,54.220              ,2540.000            ,2540.000            ,2540.000            ,2540.000            ,3150.000            ,3150.000            ,3175.000            ,3200.000            ,3200.000            ,2.058,2.06,2.358,2.339,2.501,2.429,2.467,2.467,22.306,5273.0,10748.0,18.394,35.0,54.37
2026-07-08 02:06:54,64.0,58.000              ,519.715,200.0,1067.0,0.0,64.625,64.625              ,64.625,64.625,64.625,64.625,64.625,64.625,64.625,54.633              ,31.820              ,69.696              ,52.190              ,56.079              ,47.519              ,50.884              ,42.655              ,50.684              ,2250.000            ,2250.000            ,3375.000            ,3375.000            ,2700.000            ,2700.000            ,2700.000            ,2700.000            ,3375.000            ,2.019,2.015,2.933,2.933,2.376,2.396,2.473,2.473,22.21,5341.0,10826.0,24.655,36.0,40.56
2026-07-08 02:06:55,64.0,60.000              ,519.715,200.0,1200.0,0.0,64.625,64.625              ,64.625,64.625,64.625,64.625,64.625,64.625,64.625,54.104              ,18.634              ,61.929              ,51.946              ,55.076              ,39.893              ,65.855              ,28.241              ,46.960              ,2660.000            ,2660.000            ,2660.000            ,3375.000            ,2700.000            ,2700.000            ,2250.000            ,2250.000            ,3375.000            ,1.871,1.876,3.171,3.134,2.66,2.655,2.717,2.733,21.863,5372.0,10852.0,17.639,37.0,56.69
2026-07-08 02:06:56,64.0,61.000              ,519.715,200.0,1067.0,0.0,64.75,64.750              ,64.75,64.75,64.75,64.75,64.75,64.75,64.75,49.483              ,24.316              ,68.233              ,58.010              ,55.294              ,40.723              ,49.981              ,40.407              ,48.306              ,2600.000            ,2600.000            ,3250.000            ,3275.000            ,2620.000            ,2600.000            ,2600.000            ,2580.000            ,3275.000            ,1.758,1.754,2.688,2.732,2.34,2.34,2.186,2.17,20.984,5301.0,10765.0,20.282,38.0,49.3
2026-07-08 02:06:57,64.0,62.000              ,519.715,200.0,1067.0,0.0,64.75,64.750              ,64.75,64.75,64.75,64.75,64.75,64.75,64.75,50.629              ,18.769              ,67.858              ,47.449              ,75.703              ,22.589              ,65.881              ,17.633              ,45.814              ,2560.000            ,2560.000            ,3200.000            ,3200.000            ,2560.000            ,2560.000            ,2560.000            ,2560.000            ,3200.000            ,1.787,1.792,2.728,2.736,2.663,2.682,2.393,2.393,21.031,5316.0,10795.0,18.863,39.0,53.01
2026-07-08 02:06:58,64.0,62.000              ,519.715,200.0,1200.0,0.0,64.5,64.500              ,64.5,64.5,64.5,64.5,64.5,64.5,64.5,52.644              ,16.685              ,66.326              ,48.125              ,77.465              ,27.339              ,69.316              ,19.883              ,47.223              ,2580.000            ,2580.000            ,2580.000            ,2580.000            ,3225.000            ,3225.000            ,2580.000            ,2580.000            ,3225.000            ,1.686,1.682,2.395,2.374,2.645,2.626,2.296,2.305,20.424,5365.0,10839.0,17.734,40.0,56.39
2026-07-08 02:06:59,63.0,62.000              ,519.715,200.0,1067.0,0.0,63.75,63.750              ,63.75,63.75,63.75,63.75,63.75,63.75,63.75,71.515              ,35.135              ,68.952              ,60.461              ,71.003              ,45.646              ,65.115              ,63.655              ,60.185              ,2420.000            ,2420.000            ,3050.000            ,3025.000            ,2420.000            ,2420.000            ,3025.000            ,3025.000            ,3050.000            ,1.747,1.747,2.231,2.236,2.001,2.004,2.416,2.407,20.131,5431.0,11012.0,23.558,41.0,42.45
2026-07-08 02:07:00,63.0,59.000              ,519.715,200.0,1200.0,0.0,63.75,63.750              ,63.75,63.75,63.75,63.75,63.75,63.75,63.75,66.894              ,45.188              ,68.716              ,72.381              ,73.175              ,43.097              ,73.756              ,45.909              ,61.140              ,2320.000            ,2340.000            ,2925.000            ,2925.000            ,2340.000            ,2340.000            ,2950.000            ,2950.000            ,2950.000            ,1.744,1.73,2.332,2.327,1.911,1.921,2.023,2.048,19.936,5499.0,11091.0,23.772,42.0,42.07
2026-07-08 02:07:01,63.0,57.000              ,519.715,200.0,1200.0,0.0,63.375,63.375              ,63.375,63.375,63.375,63.375,63.375,63.375,63.375,62.165              ,50.213              ,65.890              ,65.404              ,71.264              ,55.947              ,72.419              ,68.052              ,63.919              ,2400.000            ,2400.000            ,2400.000            ,2400.000            ,2400.000            ,2420.000            ,3025.000            ,3025.000            ,3025.000            ,1.674,1.709,1.921,1.921,1.77,1.762,2.119,2.093,19.591,5524.0,11123.0,22.521,43.0,44.4
2026-07-08 02:07:02,63.0,59.000              ,519.715,200.0,1200.0,0.0,63.375,63.375              ,63.375,63.375,63.375,63.375,63.375,63.375,63.375,63.655              ,41.385              ,70.252              ,58.692              ,60.908              ,46.914              ,61.958              ,53.268              ,57.129              ,2500.000            ,2500.000            ,2500.000            ,2500.000            ,2520.000            ,2520.000            ,2520.000            ,2520.000            ,2520.000            ,1.584,1.563,1.972,1.972,1.657,1.654,1.848,1.848,19.305,5528.0,11128.0,18.127,44.0,55.17
2026-07-08 02:07:03,63.0,62.000              ,519.715,200.0,1200.0,0.0,63.375,63.375              ,63.375,63.375,63.375,63.375,63.375,63.375,63.375,61.080              ,43.141              ,73.521              ,60.816              ,62.478              ,60.215              ,65.019              ,54.225              ,60.062              ,2440.000            ,2440.000            ,3050.000            ,3050.000            ,2440.000            ,2440.000            ,2440.000            ,2460.000            ,3050.000            ,1.43,1.424,1.887,1.887,1.851,1.835,1.721,1.724,19.41,5585.0,11141.0,18.204,45.0,54.93
2026-07-08 02:07:04,63.0,64.000              ,519.465,200.0,1200.0,0.0,63.25,63.250              ,63.25,63.25,63.25,63.25,63.25,63.25,63.25,54.749              ,36.819              ,71.082              ,64.781              ,66.750              ,49.817              ,71.619              ,45.217              ,57.604              ,2180.000            ,2180.000            ,2725.000            ,2750.000            ,2200.000            ,2200.000            ,2200.000            ,2200.000            ,2750.000            ,1.252,1.263,1.861,1.842,1.526,1.537,1.706,1.704,18.597,5599.0,11152.0,17.605,46.0,56.8
2026-07-08 02:07:05,63.0,65.000              ,519.465,200.0,1200.0,0.0,63.25,63.250              ,63.25,63.25,63.25,63.25,63.25,63.25,63.25,54.558              ,25.324              ,64.242              ,55.733              ,61.321              ,34.201              ,55.593              ,41.752              ,49.090              ,2380.000            ,2380.000            ,2380.000            ,2380.000            ,2380.000            ,2400.000            ,3000.000            ,3000.000            ,3000.000            ,1.294,1.287,1.806,1.835,1.48,1.494,1.533,1.533,18.378,5608.0,11161.0,17.837,47.0,56.06
2026-07-08 02:07:06,63.0,65.000              ,519.465,200.0,1200.0,0.0,63.25,63.250              ,63.25,63.25,63.25,63.25,63.25,63.25,63.25,54.755              ,25.212              ,64.505              ,56.474              ,67.405              ,37.054              ,62.616              ,38.524              ,50.818              ,2360.000            ,2360.000            ,2950.000            ,2950.000            ,2360.000            ,2360.000            ,2360.000            ,2340.000            ,2950.000            ,1.203,1.203,1.766,1.736,1.668,1.654,1.553,1.563,18.564,5531.0,11187.0,17.894,48.0,55.88
2026-07-08 02:07:07,63.0,64.000              ,519.465,200.0,1200.0,0.0,63.0,63.000              ,63.0,63.0,63.0,63.0,63.0,63.0,63.0,75.459              ,66.479              ,84.432              ,78.418              ,71.395              ,63.870              ,75.733              ,69.395              ,73.148              ,2120.000            ,2120.000            ,2650.000            ,2650.000            ,2120.000            ,2120.000            ,2120.000            ,2120.000            ,2650.000            ,1.332,1.351,1.669,1.688,1.343,1.343,1.544,1.534,18.1,5430.0,11214.0,18.716,49.0,53.43
2026-07-08 02:07:08,63.0,65.000              ,519.465,200.0,1067.0,0.0,63.0,63.000              ,63.0,63.0,63.0,63.0,63.0,63.0,63.0,55.988              ,27.461              ,65.440              ,59.271              ,58.499              ,27.135              ,59.555              ,22.736              ,47.011              ,2280.000            ,2280.000            ,2850.000            ,2850.000            ,2280.000            ,2280.000            ,2300.000            ,2300.000            ,2850.000            ,1.329,1.309,1.792,1.792,1.313,1.315,1.351,1.354,17.836,5430.0,11230.0,17.861,50.0,55.99
2026-07-08 02:07:09,62.0,65.000              ,519.465,200.0,1200.0,0.0,62.875,62.875              ,62.875,62.875,62.875,62.875,62.875,62.875,62.875,64.397              ,22.543              ,59.978              ,36.139              ,59.799              ,29.379              ,62.853              ,29.643              ,45.591              ,2300.000            ,2300.000            ,2875.000            ,2875.000            ,2300.000            ,2300.000            ,2300.000            ,2320.000            ,2875.000            ,1.33,1.33,1.508,1.496,1.423,1.421,1.534,1.531,17.781,5450.0,11257.0,22.365,51.0,44.71
2026-07-08 02:07:10,62.0,61.000              ,519.465,200.0,1200.0,0.0,62.75,62.750              ,62.75,62.75,62.75,62.75,62.75,62.75,62.75,63.797              ,28.778              ,70.213              ,53.244              ,78.432              ,29.798              ,60.463              ,27.585              ,51.539              ,2280.000            ,2280.000            ,2850.000            ,2875.000            ,2280.000            ,2280.000            ,2300.000            ,2300.000            ,2875.000            ,1.268,1.268,1.641,1.663,1.539,1.524,1.263,1.263,17.658,5471.0,11318.0,24.455,52.0,40.89
2026-07-08 02:07:11,62.0,59.000              ,519.465,200.0,1200.0,0.0,62.625,62.625              ,62.625,62.625,62.625,62.625,62.625,62.625,62.625,79.531              ,59.252              ,78.029              ,84.113              ,71.956              ,69.783              ,71.542              ,61.537              ,71.968              ,2180.000            ,2180.000            ,2675.000            ,2675.000            ,2675.000            ,2675.000            ,2140.000            ,2140.000            ,2675.000            ,1.256,1.256,1.589,1.585,1.277,1.297,1.284,1.286,17.568,5356.0,11334.0,19.964,53.0,50.09
2026-07-08 02:07:12,62.0,63.000              ,519.465,200.0,1200.0,0.0,62.5,62.500              ,62.5,62.5,62.5,62.5,62.5,62.5,62.5,76.454              ,62.394              ,80.051              ,79.518              ,72.564              ,63.108              ,67.557              ,62.134              ,70.473              ,1980.000            ,1980.000            ,2475.000            ,2475.000            ,1980.000            ,1980.000            ,1980.000            ,1980.000            ,2475.000            ,1.199,1.203,1.533,1.528,1.225,1.219,1.259,1.25,17.313,5390.0,11372.0,17.982,54.0,55.61
2026-07-08 02:07:13,62.0,65.000              ,519.465,200.0,1200.0,0.0,62.5,62.500              ,62.5,62.5,62.5,62.5,62.5,62.5,62.5,74.994              ,54.850              ,76.570              ,76.854              ,71.682              ,59.342              ,71.555              ,61.578              ,68.428              ,2060.000            ,2060.000            ,2575.000            ,2575.000            ,2060.000            ,2060.000            ,2040.000            ,2020.000            ,2575.000            ,1.191,1.187,1.409,1.409,1.2,1.202,1.325,1.336,17.11,5403.0,11407.0,17.657,55.0,56.63
2026-07-08 02:07:14,62.0,66.000              ,519.215,200.0,1200.0,0.0,62.375,62.375              ,62.375,62.375,62.375,62.375,62.375,62.375,62.375,67.071              ,61.327              ,73.979              ,73.402              ,71.048              ,66.147              ,73.468              ,67.732              ,69.272              ,2000.000            ,2000.000            ,2500.000            ,2500.000            ,2020.000            ,2525.000            ,2020.000            ,2020.000            ,2525.000            ,1.146,1.145,1.357,1.354,1.283,1.282,1.436,1.433,17.271,5445.0,11435.0,17.677,56.0,56.57
2026-07-08 02:07:15,62.0,66.000              ,519.215,200.0,1200.0,0.0,62.125,62.125              ,62.125,62.125,62.125,62.125,62.125,62.125,62.125,62.442              ,44.893              ,75.227              ,77.373              ,63.549              ,53.536              ,59.466              ,68.145              ,63.079              ,1900.000            ,1900.000            ,2375.000            ,2375.000            ,1900.000            ,1900.000            ,2375.000            ,2375.000            ,2375.000            ,1.024,1.019,1.435,1.441,1.148,1.143,1.309,1.313,16.702,5329.0,11459.0,18.963,57.0,52.73
2026-07-08 02:07:16,62.0,64.000              ,519.215,200.0,1200.0,0.0,62.125,62.125              ,62.125,62.125,62.125,62.125,62.125,62.125,62.125,47.910              ,44.878              ,72.086              ,55.858              ,60.823              ,44.689              ,52.127              ,51.259              ,53.704              ,2200.000            ,2200.000            ,2750.000            ,2750.000            ,2200.000            ,2200.000            ,2220.000            ,2220.000            ,2750.000            ,1.096,1.115,1.513,1.515,1.207,1.217,1.274,1.26,17.056,5195.0,11487.0,17.355,58.0,57.62
2026-07-08 02:07:17,62.0,63.000              ,519.215,200.0,1200.0,0.0,62.0,62.000              ,62.0,62.0,62.0,62.0,62.0,62.0,62.0,43.384              ,68.803              ,62.049              ,56.161              ,65.712              ,41.423              ,55.930              ,46.956              ,55.052              ,2550.000            ,2550.000            ,2040.000            ,2040.000            ,2060.000            ,2040.000            ,2550.000            ,2550.000            ,2550.000            ,1.203,1.199,1.259,1.262,1.205,1.197,1.165,1.177,16.84,4957.0,11521.0,17.715,59.0,56.45
2026-07-08 02:07:18,61.0,64.000              ,519.215,200.0,1200.0,0.0,61.875,61.875              ,61.875,61.875,61.875,61.875,61.875,61.875,61.875,45.741              ,27.419              ,63.959              ,53.878              ,74.357              ,32.478              ,53.190              ,41.932              ,49.119              ,2200.000            ,2200.000            ,2200.000            ,2200.000            ,2200.000            ,2200.000            ,2750.000            ,2750.000            ,2750.000            ,0.974,0.974,1.406,1.401,1.339,1.337,1.26,1.263,16.575,5049.0,11572.0,17.94,60.0,55.74
2026-07-08 02:07:19,61.0,64.000              ,519.215,200.0,1067.0,0.0,61.75,61.750              ,61.75,61.75,61.75,61.75,61.75,61.75,61.75,50.374              ,29.642              ,60.414              ,57.975              ,63.071              ,35.886              ,57.494              ,44.510              ,49.921              ,2180.000            ,2180.000            ,2725.000            ,2725.000            ,2180.000            ,2180.000            ,2160.000            ,2160.000            ,2725.000            ,0.991,0.991,1.437,1.434,1.217,1.217,1.303,1.3,16.473,5059.0,11599.0,20.464,61.0,48.87
2026-07-08 02:07:20,61.0,61.000              ,519.215,200.0,1200.0,0.0,61.75,61.750              ,61.75,61.75,61.75,61.75,61.75,61.75,61.75,45.084              ,32.184              ,65.996              ,47.805              ,51.357              ,54.297              ,56.252              ,42.631              ,49.451              ,2140.000            ,2140.000            ,2700.000            ,2700.000            ,2160.000            ,2160.000            ,2160.000            ,2160.000            ,2700.000            ,0.99,0.99,1.366,1.366,1.323,1.323,1.222,1.223,16.632,5069.0,11616.0,21.25,62.0,47.06
2026-07-08 02:07:21,61.0,61.000              ,519.215,200.0,1200.0,0.0,61.75,61.750              ,61.75,61.75,61.75,61.75,61.75,61.75,61.75,54.838              ,36.693              ,59.891              ,51.715              ,48.624              ,59.500              ,58.749              ,28.534              ,49.818              ,2080.000            ,2080.000            ,2600.000            ,2625.000            ,2100.000            ,2625.000            ,2100.000            ,2100.000            ,2625.000            ,1.073,1.073,1.321,1.319,1.271,1.271,1.097,1.094,16.552,5124.0,11639.0,24.711,63.0,40.47
2026-07-08 02:07:22,61.0,64.000              ,519.215,200.0,1200.0,0.0,61.625,61.625              ,61.625,61.625,61.625,61.625,61.625,61.625,61.625,56.648              ,23.984              ,65.625              ,42.934              ,51.045              ,52.915              ,58.708              ,37.086              ,48.618              ,2120.000            ,2120.000            ,2650.000            ,2650.000            ,2120.000            ,2120.000            ,2140.000            ,2140.000            ,2650.000            ,0.995,0.995,1.291,1.304,1.298,1.298,1.16,1.142,16.132,5150.0,11675.0,19.128,64.0,52.28
2026-07-08 02:07:23,61.0,64.000              ,519.215,200.0,1200.0,0.0,61.5,61.500              ,61.5,61.5,61.5,61.5,61.5,61.5,61.5,47.562              ,30.704              ,61.679              ,57.920              ,64.270              ,32.220              ,61.194              ,34.259              ,48.726              ,2080.000            ,2080.000            ,2080.000            ,2080.000            ,2080.000            ,2100.000            ,2625.000            ,2625.000            ,2625.000            ,0.952,0.953,1.347,1.336,1.134,1.138,1.188,1.207,16.28,5170.0,11703.0,18.068,65.0,55.35
2026-07-08 02:07:24,61.0,63.000              ,518.965,200.0,1200.0,0.0,61.375,61.375              ,61.375,61.375,61.375,61.375,61.375,61.375,61.375,56.606              ,27.546              ,62.992              ,57.665              ,61.599              ,39.244              ,53.537              ,30.414              ,48.700              ,2080.000            ,2080.000            ,2625.000            ,2600.000            ,2600.000            ,2100.000            ,2100.000            ,2100.000            ,2625.000            ,1.015,1.014,1.366,1.366,1.21,1.198,1.043,1.045,16.199,5174.0,11721.0,17.418,66.0,57.41
2026-07-08 02:07:25,61.0,63.000              ,518.965,200.0,1200.0,0.0,61.25,61.250              ,61.25,61.25,61.25,61.25,61.25,61.25,61.25,38.441              ,25.748              ,65.272              ,51.024              ,53.827              ,47.013              ,67.558              ,30.341              ,47.403              ,1766.667            ,1766.667            ,2100.000            ,2100.000            ,2625.000            ,2625.000            ,2100.000            ,2120.000            ,2625.000            ,0.849,0.85,1.297,1.299,1.226,1.238,1.185,1.182,16.077,5211.0,11726.0,17.576,67.0,56.9
2026-07-08 02:07:26,61.0,63.000              ,518.961,200.0,1200.0,0.0,61.25,61.250              ,61.25,61.25,61.25,61.25,61.25,61.25,61.25,48.833              ,32.283              ,66.004              ,47.927              ,60.716              ,48.010              ,60.855              ,28.861              ,49.186              ,2060.000            ,2060.000            ,2060.000            ,2060.000            ,2060.000            ,2060.000            ,2575.000            ,2600.000            ,2600.000            ,0.958,0.957,1.232,1.231,1.235,1.246,1.12,1.12,16.253,5224.0,11740.0,17.93,68.0,55.77
2026-07-08 02:07:27,61.0,63.000              ,518.965,200.0,1067.0,0.0,61.25,61.250              ,61.25,61.25,61.25,61.25,61.25,61.25,61.25,65.283              ,21.516              ,57.539              ,49.052              ,49.872              ,48.637              ,58.885              ,29.368              ,47.519              ,2100.000            ,2100.000            ,2100.000            ,2100.000            ,2625.000            ,2625.000            ,2100.000            ,2100.000            ,2625.000            ,1.014,1.014,1.129,1.129,1.254,1.241,1.089,1.089,15.907,5231.0,11757.0,18.252,69.0,54.79
2026-07-08 02:07:28,61.0,63.000              ,518.965,200.0,1200.0,0.0,61.125,61.125              ,61.125,61.125,61.125,61.125,61.125,61.125,61.125,60.007              ,31.751              ,69.766              ,49.543              ,57.910              ,48.518              ,55.248              ,39.558              ,51.538              ,2040.000            ,2040.000            ,2550.000            ,2550.000            ,2040.000            ,2040.000            ,2040.000            ,2040.000            ,2550.000            ,1.059,1.059,1.24,1.244,1.188,1.188,1.085,1.085,15.841,5233.0,11774.0,18.085,70.0,55.29
2026-07-08 02:07:29,61.0,62.000              ,518.965,200.0,1200.0,0.0,61.0,61.000              ,61.0,61.0,61.0,61.0,61.0,61.0,61.0,49.532              ,27.064              ,63.088              ,65.260              ,58.407              ,42.288              ,54.273              ,44.734              ,50.581              ,2040.000            ,2040.000            ,2550.000            ,2550.000            ,2040.000            ,2040.000            ,2040.000            ,2040.000            ,2550.000            ,0.869,0.87,1.288,1.281,1.117,1.116,1.109,1.109,16.021,5077.0,11801.0,23.259,71.0,42.99
2026-07-08 02:07:30,60.0,63.000              ,518.965,200.0,1067.0,0.0,60.75,60.750              ,60.75,60.75,60.75,60.75,60.75,60.75,60.75,53.729              ,29.745              ,68.281              ,61.349              ,63.920              ,39.363              ,65.888              ,27.680              ,51.244              ,1940.000            ,1940.000            ,2425.000            ,2450.000            ,1960.000            ,1960.000            ,1980.000            ,1980.000            ,2450.000            ,0.898,0.905,1.286,1.297,1.045,1.048,1.021,1.023,15.682,5082.0,11806.0,17.84,72.0,56.05
2026-07-08 02:07:31,60.0,64.000              ,518.965,200.0,1200.0,0.0,60.75,60.750              ,60.75,60.75,60.75,60.75,60.75,60.75,60.75,55.693              ,18.829              ,59.672              ,38.196              ,60.599              ,35.101              ,53.307              ,41.818              ,45.402              ,2080.000            ,2080.000            ,2080.000            ,2080.000            ,2600.000            ,2600.000            ,2080.000            ,2080.000            ,2600.000            ,0.91,0.902,1.14,1.131,1.173,1.173,1.172,1.171,15.694,5087.0,11827.0,32.256,73.0,31.0
2026-07-08 02:07:32,60.0,62.000              ,518.965,200.0,1200.0,0.0,60.625,60.625              ,60.625,60.625,60.625,60.625,60.625,60.625,60.625,41.787              ,27.002              ,64.590              ,39.598              ,63.122              ,33.756              ,47.435              ,32.475              ,43.721              ,2100.000            ,2100.000            ,2100.000            ,2100.000            ,2100.000            ,2120.000            ,2650.000            ,2650.000            ,2650.000            ,0.863,0.863,1.287,1.287,1.194,1.192,1.022,1.022,15.77,5101.0,11846.0,25.334,74.0,39.47
2026-07-08 02:07:33,60.0,61.000              ,518.965,200.0,1200.0,0.0,60.5,60.500              ,60.5,60.5,60.5,60.5,60.5,60.5,60.5,44.977              ,21.763              ,64.533              ,37.647              ,62.354              ,29.457              ,52.899              ,23.943              ,42.197              ,2120.000            ,2120.000            ,2675.000            ,2675.000            ,2140.000            ,2140.000            ,2140.000            ,2140.000            ,2675.000            ,0.863,0.865,1.287,1.287,1.188,1.188,0.988,0.988,15.584,5122.0,11839.0,18.05,75.0,55.4
2026-07-08 02:07:34,60.0,60.000              ,518.965,200.0,1200.0,0.0,60.625,60.625              ,60.625,60.625,60.625,60.625,60.625,60.625,60.625,49.882              ,22.807              ,58.307              ,48.188              ,63.657              ,30.359              ,60.881              ,35.674              ,46.220              ,2080.000            ,2080.000            ,2080.000            ,2080.000            ,2575.000            ,2575.000            ,2575.000            ,2575.000            ,2575.000            ,0.997,0.995,1.465,1.458,1.355,1.355,1.362,1.362,15.845,5197.0,11919.0,18.104,76.0,55.24
2026-07-08 02:07:35,60.0,60.000              ,518.965,200.0,1200.0,0.0,60.625,60.625              ,60.625,60.625,60.625,60.625,60.625,60.625,60.625,50.811              ,38.888              ,60.416              ,48.755              ,66.269              ,28.833              ,65.465              ,24.904              ,48.043              ,2040.000            ,2040.000            ,2550.000            ,2550.000            ,2040.000            ,2060.000            ,2060.000            ,2060.000            ,2550.000            ,1.003,1.013,1.242,1.229,1.121,1.121,1.044,1.044,15.723,5249.0,12031.0,17.993,77.0,55.58
2026-07-08 02:07:36,60.0,61.000              ,518.965,200.0,1200.0,0.0,60.5,60.500              ,60.5,60.5,60.5,60.5,60.5,60.5,60.5,74.606              ,54.568              ,76.920              ,61.854              ,81.041              ,45.782              ,65.850              ,71.059              ,66.460              ,1780.000            ,1780.000            ,2225.000            ,2225.000            ,2225.000            ,2225.000            ,2225.000            ,2225.000            ,2225.000            ,0.988,0.978,1.06,1.074,1.089,1.089,1.076,1.076,15.285,5232.0,12059.0,18.117,78.0,55.2
2026-07-08 02:07:37,60.0,61.000              ,518.965,200.0,933.0,0.0,60.625,60.625              ,60.625,60.625,60.625,60.625,60.625,60.625,60.625,57.641              ,26.648              ,56.125              ,58.512              ,62.690              ,32.305              ,59.064              ,31.755              ,48.093              ,2020.000            ,2020.000            ,2550.000            ,2550.000            ,2040.000            ,2040.000            ,2040.000            ,2040.000            ,2550.000            ,1.045,1.045,1.489,1.516,1.179,1.183,1.165,1.204,15.422,5259.0,12101.0,17.774,79.0,56.26
2026-07-08 02:07:38,61.0,59.000              ,518.965,200.0,933.0,0.0,61.0,61.000              ,61.0,61.0,61.0,61.0,61.0,61.0,61.0,47.354              ,25.027              ,66.238              ,55.201              ,49.800              ,53.262              ,35.723              ,61.296              ,49.238              ,1883.333            ,1883.333            ,2260.000            ,2825.000            ,2825.000            ,2825.000            ,2260.000            ,2280.000            ,2825.000            ,1.108,1.108,1.848,1.827,1.581,1.578,1.607,1.576,15.35,5269.0,12122.0,22.531,80.0,44.38
2026-07-08 02:07:39,61.0,58.000              ,518.965,200.0,933.0,0.0,61.0,61.000              ,61.0,61.0,61.0,61.0,61.0,61.0,61.0,30.300              ,22.562              ,50.733              ,37.750              ,45.200              ,48.610              ,49.621              ,41.702              ,40.810              ,2340.000            ,2340.000            ,2340.000            ,2340.000            ,2925.000            ,2925.000            ,2975.000            ,2950.000            ,2975.000            ,0.924,0.926,1.634,1.607,1.718,1.733,1.553,1.551,15.683,5322.0,12173.0,24.72,81.0,40.45
2026-07-08 02:07:40,60.0,57.000              ,518.965,200.0,1067.0,0.0,60.625,60.625              ,60.625,60.625,60.625,60.625,60.625,60.625,60.625,46.435              ,35.146              ,66.906              ,28.453              ,40.079              ,42.580              ,58.725              ,45.770              ,45.512              ,2180.000            ,2180.000            ,2180.000            ,2180.000            ,2180.000            ,2750.000            ,2725.000            ,2725.000            ,2750.000            ,1.109,1.107,1.306,1.326,1.196,1.175,1.566,1.571,15.596,5364.0,12213.0,17.298,82.0,57.81
2026-07-08 02:07:41,60.0,57.000              ,518.965,200.0,933.0,0.0,60.375,60.375              ,60.375,60.375,60.375,60.375,60.375,60.375,60.375,50.013              ,23.829              ,46.958              ,44.418              ,38.567              ,67.242              ,36.385              ,54.340              ,45.219              ,2160.000            ,2160.000            ,2700.000            ,2700.000            ,2160.000            ,2200.000            ,2800.000            ,2800.000            ,2800.000            ,1.14,1.142,1.348,1.359,1.764,1.773,1.434,1.412,15.262,5420.0,12271.0,22.929,83.0,43.61
2026-07-08 02:07:42,60.0,57.000              ,518.965,200.0,1067.0,0.0,60.375,60.375              ,60.375,60.375,60.375,60.375,60.375,60.375,60.375,43.193              ,41.107              ,49.599              ,61.294              ,55.613              ,48.261              ,49.325              ,43.441              ,48.979              ,2140.000            ,2140.000            ,2675.000            ,2725.000            ,2180.000            ,2200.000            ,2200.000            ,2200.000            ,2725.000            ,1.14,1.141,1.408,1.396,1.56,1.569,1.263,1.261,15.535,5468.0,12319.0,22.704,84.0,44.05
2026-07-08 02:07:43,60.0,57.000              ,518.965,200.0,1067.0,0.0,60.25,60.250              ,60.25,60.25,60.25,60.25,60.25,60.25,60.25,54.633              ,32.948              ,49.884              ,61.471              ,55.020              ,48.134              ,52.705              ,35.788              ,48.823              ,2080.000            ,2080.000            ,2600.000            ,2600.000            ,2080.000            ,2080.000            ,2080.000            ,2080.000            ,2600.000            ,1.257,1.257,1.585,1.585,1.411,1.401,1.292,1.304,15.407,5521.0,12373.0,24.77,85.0,40.37
2026-07-08 02:07:44,60.0,57.000              ,518.965,200.0,1067.0,0.0,60.125,60.125              ,60.125,60.125,60.125,60.125,60.125,60.125,60.125,52.984              ,47.925              ,60.137              ,62.421              ,57.560              ,46.839              ,65.523              ,43.478              ,54.608              ,2550.000            ,2600.000            ,2080.000            ,2080.000            ,2080.000            ,2080.000            ,2080.000            ,2625.000            ,2625.000            ,1.168,1.17,1.48,1.474,1.179,1.173,1.356,1.361,15.679,5571.0,12419.0,18.321,86.0,54.58
2026-07-08 02:07:45,59.0,59.000              ,518.965,200.0,1067.0,0.0,59.625,59.625              ,59.625,59.625,59.625,59.625,59.625,59.625,59.625,53.289              ,35.298              ,71.827              ,55.820              ,67.622              ,43.261              ,54.743              ,61.004              ,55.358              ,1840.000            ,1840.000            ,2325.000            ,2300.000            ,1840.000            ,1840.000            ,1840.000            ,1840.000            ,2325.000            ,0.865,0.866,1.262,1.267,1.039,1.045,1.214,1.21,14.987,5634.0,12479.0,17.782,87.0,56.24
2026-07-08 02:07:46,59.0,61.000              ,518.965,200.0,1067.0,0.0,59.5,59.500              ,59.5,59.5,59.5,59.5,59.5,59.5,59.5,49.239              ,30.929              ,68.211              ,64.211              ,59.740              ,44.794              ,55.184              ,46.537              ,52.356              ,2000.000            ,2000.000            ,2500.000            ,2500.000            ,2000.000            ,2000.000            ,2000.000            ,1980.000            ,2500.000            ,0.863,0.861,1.38,1.382,1.066,1.071,1.121,1.104,15.326,5526.0,12561.0,20.939,88.0,47.76
2026-07-08 02:07:47,59.0,63.000              ,518.965,200.0,1200.0,0.0,59.5,59.500              ,59.5,59.5,59.5,59.5,59.5,59.5,59.5,78.050              ,66.915              ,83.393              ,76.696              ,74.653              ,73.665              ,69.367              ,74.108              ,74.606              ,1800.000            ,1800.000            ,2225.000            ,2225.000            ,1780.000            ,1780.000            ,1760.000            ,1800.000            ,2225.000            ,0.975,0.975,1.172,1.172,1.067,1.063,1.073,1.09,15.767,5462.0,12603.0,17.773,89.0,56.27
2026-07-08 02:07:48,59.0,63.000              ,518.965,200.0,1200.0,0.0,59.5,59.500              ,59.5,59.5,59.5,59.5,59.5,59.5,59.5,65.565              ,56.887              ,62.050              ,62.908              ,60.777              ,64.630              ,66.541              ,64.559              ,62.989              ,1733.333            ,1733.333            ,1733.333            ,2060.000            ,2040.000            ,2040.000            ,1700.000            ,1700.000            ,2060.000            ,0.946,0.946,1.058,1.055,1.067,1.063,1.026,1.026,14.736,5435.0,12665.0,25.328,90.0,39.48
2026-07-08 02:07:49,59.0,61.000              ,518.965,200.0,1200.0,0.0,59.5,59.500              ,59.5,59.5,59.5,59.5,59.5,59.5,59.5,58.262              ,50.773              ,59.934              ,58.494              ,61.084              ,57.739              ,59.517              ,67.673              ,59.184              ,1940.000            ,1940.000            ,2450.000            ,2425.000            ,1940.000            ,1940.000            ,1940.000            ,2400.000            ,2450.000            ,0.947,0.948,1.012,1.019,1.053,1.064,1.033,1.033,15.315,5410.0,12700.0,17.791,91.0,56.21
2026-07-08 02:07:50,59.0,59.000              ,518.965,200.0,933.0,0.0,59.375,59.375              ,59.375,59.375,59.375,59.375,59.375,59.375,59.375,54.997              ,60.391              ,65.428              ,59.457              ,61.539              ,58.254              ,59.216              ,59.539              ,59.853              ,1920.000            ,1920.000            ,1920.000            ,1920.000            ,1920.000            ,1920.000            ,2425.000            ,2425.000            ,2425.000            ,0.984,0.983,1.122,1.152,1.117,1.11,1.12,1.123,15.185,5250.0,12737.0,17.675,92.0,56.58
2026-07-08 02:07:51,59.0,56.000              ,518.965,200.0,1200.0,0.0,59.5,59.500              ,59.5,59.5,59.5,59.5,59.5,59.5,59.5,37.658              ,18.799              ,57.918              ,34.557              ,41.305              ,36.908              ,38.015              ,42.496              ,38.457              ,2280.000            ,2280.000            ,2850.000            ,2850.000            ,2280.000            ,2280.000            ,2280.000            ,2280.000            ,2850.000            ,0.981,0.984,1.408,1.377,1.263,1.254,1.507,1.509,15.25,5312.0,12741.0,22.606,93.0,44.24
2026-07-08 02:07:52,59.0,58.000              ,518.965,200.0,933.0,0.0,59.5,59.500              ,59.5,59.5,59.5,59.5,59.5,59.5,59.5,38.064              ,20.961              ,48.424              ,35.302              ,44.200              ,19.353              ,35.519              ,21.512              ,32.917              ,2180.000            ,2180.000            ,2180.000            ,2180.000            ,2180.000            ,2180.000            ,2725.000            ,2750.000            ,2750.000            ,1.05,1.048,1.44,1.444,1.146,1.153,1.048,1.043,14.646,5312.0,12737.0,23.448,94.0,42.65
2026-07-08 02:07:53,59.0,58.000              ,519.965,200.0,933.0,0.0,59.5,59.500              ,59.5,59.5,59.5,59.5,59.5,59.5,59.5,34.578              ,16.323              ,44.905              ,21.711              ,42.170              ,12.431              ,32.133              ,14.017              ,27.284              ,2266.667            ,2266.667            ,3400.000            ,3400.000            ,2925.000            ,2925.000            ,2340.000            ,2360.000            ,3400.000            ,1.319,1.319,1.676,1.672,1.463,1.463,1.365,1.365,15.341,5324.0,12746.0,66.154,95.0,15.12
2026-07-08 02:07:54,60.0,60.000              ,518.824,200.0,933.0,0.0,60.125,60.125              ,60.125,60.125,60.125,60.125,60.125,60.125,60.125,24.234              ,11.342              ,29.513              ,56.482              ,44.637              ,14.192              ,42.528              ,20.552              ,30.435              ,2280.000            ,2280.000            ,2825.000            ,2825.000            ,2260.000            ,2260.000            ,2240.000            ,2240.000            ,2825.000            ,1.008,1.008,2.279,2.279,1.583,1.583,1.606,1.641,15.038,5246.0,12623.0,18.504,96.0,54.04
2026-07-08 02:07:55,61.0,32.000              ,518.824,200.0,933.0,0.0,61.0,61.000              ,61.0,61.0,61.0,61.0,61.0,61.0,61.0,15.166              ,14.297              ,18.195              ,68.343              ,46.928              ,5.950               ,26.584              ,14.350              ,26.227              ,2000.000            ,2000.000            ,3500.000            ,3500.000            ,3500.000            ,3500.000            ,2800.000            ,2800.000            ,3500.000            ,1.05,1.05,3.747,3.799,1.751,1.751,1.461,1.413,15.599,5168.0,12642.0,0.0,97.0,
2026-07-08 02:07:56,61.0,0.000               ,519.82,200.0,1067.0,0.0,61.0,61.000              ,61.0,61.0,61.0,61.0,61.0,61.0,61.0,32.308              ,11.074              ,33.407              ,66.889              ,52.380              ,16.568              ,44.472              ,22.126              ,34.903              ,1900.000            ,1900.000            ,3325.000            ,3325.000            ,2660.000            ,2660.000            ,2680.000            ,2680.000            ,3325.000            ,1.096,1.096,2.893,2.827,1.772,1.772,1.709,1.709,15.229,5167.0,12611.0,2757.246,98.0,0.36
2026-07-08 02:07:57,61.0,2.000               ,519.82,200.0,933.0,0.0,61.625,61.625              ,61.625,61.625,61.625,61.625,61.625,61.625,61.625,28.711              ,4.507               ,12.346              ,69.891              ,17.870              ,12.658              ,21.333              ,9.532               ,22.106              ,2183.333            ,2183.333            ,3275.000            ,3475.000            ,1985.714            ,1985.714            ,2316.667            ,2316.667            ,3475.000            ,1.707,1.707,3.506,3.516,1.178,1.178,1.013,1.013,14.237,5160.0,12609.0,0.0,99.0,
2026-07-08 02:07:58,62.0,2.000               ,519.82,200.0,933.0,0.0,62.625,62.625              ,62.625,62.625,62.625,62.625,62.625,62.625,62.625,12.451              ,2.706               ,6.881               ,89.373              ,23.107              ,4.194               ,17.155              ,8.110               ,20.497              ,2333.333            ,2333.333            ,3500.000            ,3500.000            ,2333.333            ,2333.333            ,2333.333            ,2333.333            ,3500.000            ,0.754,0.754,4.783,4.907,1.019,1.019,1.046,1.046,14.898,5193.0,12646.0,0.0,100.0,
2026-07-08 02:07:59,63.0,0.000               ,519.82,200.0,933.0,0.0,63.375,63.375              ,63.375,63.375,63.375,63.375,63.375,63.375,63.375,5.697               ,2.309               ,11.300              ,80.504              ,17.993              ,2.182               ,17.007              ,17.333              ,19.291              ,2333.333            ,2333.333            ,3500.000            ,3500.000            ,2333.333            ,2333.333            ,2333.333            ,3500.000            ,3500.000            ,0.691,0.691,4.341,4.401,0.972,0.972,1.479,1.482,15.116,5247.0,12703.0,0.0,101.0,
2026-07-08 02:08:00,62.0,0.000               ,514.504,200.0,933.0,0.0,62.5,62.500              ,62.5,62.5,62.5,62.5,62.5,62.5,62.5,12.877              ,4.829               ,19.070              ,50.582              ,47.757              ,7.292               ,31.514              ,11.393              ,23.164              ,2333.333            ,2333.333            ,3500.000            ,3500.000            ,2333.333            ,2333.333            ,2333.333            ,2333.333            ,3500.000            ,0.922,0.922,2.512,2.205,2.343,2.343,1.564,1.56,15.94,5332.0,12716.0,3476.469,102.0,0.29
2026-07-08 02:08:01,62.0,0.000               ,514.504,200.0,933.0,0.0,62.0,62.000              ,62.0,62.0,62.0,62.0,62.0,62.0,62.0,12.788              ,6.096               ,16.176              ,41.143              ,48.846              ,6.700               ,33.283              ,8.073               ,21.638              ,2333.333            ,2333.333            ,2333.333            ,2333.333            ,3500.000            ,3500.000            ,2333.333            ,2333.333            ,3500.000            ,0.866,0.866,1.94,1.94,1.956,1.956,1.459,1.473,13.86,5326.0,12754.0,0.0,103.0,
2026-07-08 02:08:02,61.0,0.000               ,514.504,200.0,933.0,0.0,61.625,61.625              ,61.625,61.625,61.625,61.625,61.625,61.625,61.625,11.100              ,8.210               ,13.935              ,54.448              ,44.751              ,5.399               ,38.322              ,10.077              ,23.280              ,2333.333            ,2333.333            ,2333.333            ,2333.333            ,3500.000            ,3500.000            ,2800.000            ,2800.000            ,3500.000            ,0.904,0.904,2.421,2.421,1.775,1.775,1.589,1.574,14.492,5372.0,12795.0,0.0,104.0,
2026-07-08 02:08:03,61.0,0.000               ,514.504,200.0,933.0,0.0,61.25,61.250              ,61.25,61.25,61.25,61.25,61.25,61.25,61.25,12.824              ,2.436               ,22.042              ,21.317              ,60.654              ,2.214               ,32.240              ,4.853               ,19.823              ,2333.333            ,2333.333            ,2333.333            ,2333.333            ,3500.000            ,3500.000            ,2333.333            ,2333.333            ,3500.000            ,0.83,0.83,1.615,1.615,2.289,2.289,1.361,1.364,14.085,5442.0,12829.0,0.0,105.0,
2026-07-08 02:08:04,61.0,0.000               ,514.504,200.0,1067.0,0.0,61.0,61.000              ,61.0,61.0,61.0,61.0,61.0,61.0,61.0,14.766              ,2.656               ,18.004              ,30.876              ,62.774              ,3.284               ,42.933              ,5.851               ,22.643              ,2266.667            ,2266.667            ,2300.000            ,2300.000            ,3450.000            ,3450.000            ,2333.333            ,2333.333            ,3450.000            ,0.853,0.853,1.586,1.586,2.422,2.427,1.696,1.694,14.467,5416.0,12883.0,0.0,106.0,
2026-07-08 02:08:05,60.0,0.000               ,514.504,200.0,1200.0,0.0,60.875,60.875              ,60.875,60.875,60.875,60.875,60.875,60.875,60.875,37.427              ,41.017              ,34.290              ,73.435              ,53.866              ,29.569              ,57.367              ,34.919              ,45.236              ,2800.000            ,2800.000            ,3500.000            ,3500.000            ,2333.333            ,2333.333            ,2800.000            ,2800.000            ,3500.000            ,1.498,1.498,2.479,2.465,1.622,1.618,1.821,1.803,16.652,5279.0,12934.0,0.0,107.0,
2026-07-08 02:08:06,60.0,0.000               ,514.504,200.0,1067.0,0.0,60.375,60.375              ,60.375,60.375,60.375,60.375,60.375,60.375,60.375,22.992              ,9.550               ,29.508              ,18.333              ,59.432              ,4.483               ,42.854              ,7.095               ,24.281              ,2233.333            ,2233.333            ,2233.333            ,2233.333            ,3350.000            ,3350.000            ,2233.333            ,2233.333            ,3350.000            ,1.046,1.046,1.25,1.245,2.063,2.069,1.518,1.532,13.806,5244.0,12977.0,0.0,108.0,
2026-07-08 02:08:07,60.0,0.000               ,514.504,200.0,933.0,0.0,60.875,60.875              ,60.875,60.875,60.875,60.875,60.875,60.875,60.875,15.854              ,3.437               ,8.924               ,66.324              ,23.516              ,5.345               ,33.107              ,6.515               ,20.378              ,2316.667            ,2316.667            ,3475.000            ,3500.000            ,2333.333            ,2333.333            ,2333.333            ,2333.333            ,3500.000            ,0.916,0.916,2.816,2.816,1.156,1.15,1.459,1.459,14.478,5311.0,13043.0,0.0,109.0,
2026-07-08 02:08:08,61.0,0.000               ,514.504,200.0,933.0,0.0,61.125,61.125              ,61.125,61.125,61.125,61.125,61.125,61.125,61.125,11.717              ,3.429               ,9.419               ,68.540              ,36.715              ,6.248               ,23.877              ,7.158               ,20.888              ,2333.333            ,2333.333            ,3500.000            ,3500.000            ,2333.333            ,2333.333            ,2333.333            ,2333.333            ,3500.000            ,0.781,0.781,2.836,2.842,1.506,1.506,1.134,1.134,14.109,5358.0,13096.0,0.0,110.0,
2026-07-08 02:08:09,61.0,0.000               ,514.504,200.0,1200.0,0.0,61.375,61.375              ,61.375,61.375,61.375,61.375,61.375,61.375,61.375,14.374              ,7.953               ,13.966              ,75.782              ,44.609              ,6.937               ,29.841              ,10.404              ,25.483              ,2333.333            ,2333.333            ,3500.000            ,3500.000            ,2333.333            ,2333.333            ,2333.333            ,2333.333            ,3500.000            ,0.948,1.016,3.202,3.196,1.751,1.751,1.432,1.432,15.738,5339.0,13149.0,0.0,111.0,
2026-07-08 02:08:10,61.0,0.000               ,514.504,200.0,933.0,0.0,61.375,61.375              ,61.375,61.375,61.375,61.375,61.375,61.375,61.375,24.826              ,19.810              ,20.736              ,76.784              ,30.378              ,12.264              ,43.356              ,14.667              ,30.353              ,2480.000            ,2360.000            ,2360.000            ,2360.000            ,2360.000            ,2360.000            ,2950.000            ,2950.000            ,2950.000            ,1.218,1.152,3.029,3.035,1.176,1.176,1.538,1.538,15.259,5358.0,13207.0,0.0,112.0,
2026-07-08 02:08:11,61.0,0.000               ,514.504,200.0,933.0,0.0,61.0,61.000              ,61.0,61.0,61.0,61.0,61.0,61.0,61.0,17.705              ,4.547               ,18.117              ,46.377              ,50.065              ,3.458               ,27.199              ,6.095               ,21.695              ,2333.333            ,2333.333            ,3500.000            ,3500.000            ,2333.333            ,2333.333            ,2333.333            ,2333.333            ,3500.000            ,0.956,0.955,2.239,2.203,1.822,1.824,1.181,1.181,13.914,5404.0,13259.0,0.0,113.0,
2026-07-08 02:08:12,60.0,0.000               ,514.504,200.0,1067.0,0.0,60.75,60.750              ,60.75,60.75,60.75,60.75,60.75,60.75,60.75,12.205              ,7.319               ,12.069              ,66.395              ,49.075              ,4.007               ,28.455              ,5.830               ,23.169              ,2333.333            ,2333.333            ,3500.000            ,3500.000            ,2333.333            ,2333.333            ,2333.333            ,2333.333            ,3500.000            ,0.883,0.883,2.769,2.815,2.073,2.077,1.275,1.275,15.197,5453.0,13332.0,0.0,114.0,
2026-07-08 02:08:13,60.0,0.000               ,514.504,200.0,933.0,0.0,60.5,60.500              ,60.5,60.5,60.5,60.5,60.5,60.5,60.5,36.748              ,32.875              ,36.913              ,47.201              ,59.219              ,28.454              ,55.688              ,24.258              ,40.170              ,2480.000            ,2480.000            ,3100.000            ,3100.000            ,3100.000            ,3100.000            ,2480.000            ,2480.000            ,3100.000            ,1.375,1.375,1.849,1.843,1.994,1.987,1.722,1.731,15.824,5397.0,13380.0,0.0,115.0,
2026-07-08 02:08:14,60.0,0.000               ,514.504,200.0,1067.0,0.0,60.625,60.625              ,60.625,60.625,60.625,60.625,60.625,60.625,60.625,21.814              ,2.750               ,17.332              ,24.861              ,58.579              ,22.943              ,32.493              ,8.162               ,23.617              ,2333.333            ,2333.333            ,2333.333            ,2333.333            ,3500.000            ,3500.000            ,2333.333            ,2333.333            ,3500.000            ,0.994,0.994,1.365,1.39,2.909,2.909,1.367,1.359,15.016,5471.0,13431.0,0.0,116.0,
2026-07-08 02:08:15,61.0,0.000               ,514.504,200.0,1067.0,0.0,61.0,61.000              ,61.0,61.0,61.0,61.0,61.0,61.0,61.0,22.559              ,2.893               ,15.640              ,50.386              ,34.833              ,27.556              ,35.319              ,9.099               ,24.785              ,2333.333            ,2333.333            ,3500.000            ,3500.000            ,2333.333            ,2333.333            ,2333.333            ,2333.333            ,3500.000            ,1.068,1.068,2.18,2.145,2.025,2.361,1.608,1.612,16.097,5519.0,13505.0,0.0,117.0,
2026-07-08 02:08:16,60.0,0.000               ,514.504,200.0,1200.0,0.0,60.5,60.500              ,60.5,60.5,60.5,60.5,60.5,60.5,60.5,43.673              ,34.888              ,38.215              ,39.692              ,49.233              ,42.834              ,67.230              ,25.825              ,42.699              ,2340.000            ,2340.000            ,2340.000            ,2340.000            ,2340.000            ,2340.000            ,2925.000            ,2925.000            ,2925.000            ,1.476,1.476,1.447,1.42,2.171,1.689,1.798,1.795,15.583,5424.0,13528.0,16246.213,118.0,0.06
2026-07-08 02:08:17,60.0,0.000               ,514.504,200.0,1067.0,0.0,60.25,60.250              ,60.25,60.25,60.25,60.25,60.25,60.25,60.25,23.911              ,34.136              ,28.945              ,34.199              ,47.991              ,17.546              ,47.963              ,19.766              ,31.807              ,2420.000            ,2420.000            ,2420.000            ,2420.000            ,2420.000            ,2420.000            ,3025.000            ,3025.000            ,3025.000            ,1.348,1.353,1.532,1.548,1.594,1.594,1.595,1.593,14.81,5250.0,13556.0,0.0,119.0,
2026-07-08 02:08:18,60.0,0.000               ,514.504,200.0,933.0,0.0,60.875,60.875              ,60.875,60.875,60.875,60.875,60.875,60.875,60.875,9.194               ,6.165               ,5.660               ,80.855              ,27.751              ,2.539               ,25.670              ,5.510               ,20.418              ,2500.000            ,2500.000            ,2500.000            ,2500.000            ,3500.000            ,3500.000            ,2333.333            ,2333.333            ,3500.000            ,0.867,0.862,3.279,3.231,1.124,1.126,1.162,1.161,14.363,5276.0,13602.0,0.0,120.0,
2026-07-08 02:08:19,60.0,0.000               ,514.504,200.0,933.0,0.0,60.75,60.750              ,60.75,60.75,60.75,60.75,60.75,60.75,60.75,13.697              ,3.209               ,10.819              ,50.562              ,47.095              ,3.439               ,33.844              ,7.638               ,21.288              ,2333.333            ,2333.333            ,3500.000            ,3500.000            ,2333.333            ,2333.333            ,2333.333            ,2333.333            ,3500.000            ,0.833,0.833,2.198,2.229,1.769,1.767,1.383,1.383,14.085,5319.0,13649.0,0.0,121.0,
2026-07-08 02:08:20,60.0,0.000               ,514.504,200.0,933.0,0.0,60.625,60.625              ,60.625,60.625,60.625,60.625,60.625,60.625,60.625,13.711              ,3.732               ,13.534              ,44.292              ,50.638              ,3.586               ,31.837              ,4.762               ,20.761              ,2333.333            ,2333.333            ,2333.333            ,2333.333            ,3500.000            ,3500.000            ,2333.333            ,2333.333            ,3500.000            ,0.841,0.841,2.051,2.051,1.937,1.937,1.238,1.238,13.821,5363.0,13694.0,0.0,122.0,
2026-07-08 02:08:21,61.0,0.000               ,514.504,200.0,1200.0,0.0,61.25,61.250              ,61.25,61.25,61.25,61.25,61.25,61.25,61.25,17.593              ,9.869               ,7.934               ,77.682              ,42.042              ,4.938               ,36.686              ,10.376              ,25.890              ,2333.333            ,2333.333            ,3500.000            ,3500.000            ,2333.333            ,2333.333            ,3475.000            ,3475.000            ,3500.000            ,1.027,1.027,3.064,3.056,1.708,1.708,1.588,1.588,15.926,5400.0,13748.0,0.0,123.0,
2026-07-08 02:08:22,60.0,0.000               ,514.504,200.0,1067.0,0.0,60.875,60.875              ,60.875,60.875,60.875,60.875,60.875,60.875,60.875,32.048              ,26.004              ,26.341              ,69.119              ,52.674              ,16.377              ,43.154              ,21.965              ,35.960              ,2580.000            ,2580.000            ,3225.000            ,3225.000            ,3175.000            ,3175.000            ,2540.000            ,2540.000            ,3225.000            ,1.348,1.348,2.37,2.388,1.553,1.553,1.562,1.562,16.027,5388.0,13796.0,0.0,124.0,
2026-07-08 02:08:23,60.0,0.000               ,514.504,200.0,933.0,0.0,60.75,60.750              ,60.75,60.75,60.75,60.75,60.75,60.75,60.75,14.053              ,3.344               ,19.388              ,37.728              ,45.321              ,2.844               ,35.436              ,6.935               ,20.631              ,2333.333            ,2333.333            ,3500.000            ,3500.000            ,2333.333            ,2333.333            ,2333.333            ,2333.333            ,3500.000            ,0.855,0.855,2.004,1.987,1.682,1.682,1.429,1.429,14.056,5418.0,13833.0,0.0,125.0,
2026-07-08 02:08:24,60.0,0.000               ,514.504,200.0,1200.0,0.0,60.375,60.375              ,60.375,60.375,60.375,60.375,60.375,60.375,60.375,21.256              ,3.320               ,20.838              ,25.624              ,58.492              ,3.543               ,49.209              ,7.815               ,23.762              ,2560.000            ,2360.000            ,2950.000            ,2950.000            ,2360.000            ,2360.000            ,3475.000            ,3475.000            ,3475.000            ,0.967,0.967,1.508,1.505,2.168,2.168,1.928,1.942,14.823,5488.0,13912.0,7720.933,126.0,0.13
2026-07-08 02:08:25,60.0,0.000               ,514.504,200.0,1200.0,0.0,60.0,60.000              ,60.0,60.0,60.0,60.0,60.0,60.0,60.0,45.543              ,30.345              ,38.470              ,33.226              ,60.821              ,37.324              ,58.644              ,30.866              ,41.905              ,2316.667            ,2316.667            ,2316.667            ,3100.000            ,2480.000            ,2480.000            ,2520.000            ,2500.000            ,3100.000            ,1.585,1.585,1.509,1.509,2.289,2.289,1.88,1.866,16.597,5448.0,13978.0,0.0,127.0,
2026-07-08 02:08:26,60.0,0.000               ,514.504,200.0,933.0,0.0,60.5,60.500              ,60.5,60.5,60.5,60.5,60.5,60.5,60.5,18.834              ,5.531               ,27.830              ,33.179              ,59.489              ,7.601               ,34.339              ,10.169              ,24.621              ,2333.333            ,2333.333            ,2333.333            ,2333.333            ,3500.000            ,3500.000            ,2333.333            ,2333.333            ,3500.000            ,0.937,0.937,2.416,2.416,2.362,2.506,1.414,1.414,15.077,5474.0,14026.0,0.0,128.0,
2026-07-08 02:08:27,61.0,0.000               ,514.504,200.0,933.0,0.0,61.5,61.500              ,61.5,61.5,61.5,61.5,61.5,61.5,61.5,14.075              ,27.699              ,34.495              ,20.785              ,44.952              ,19.908              ,48.325              ,16.446              ,28.336              ,1750.000            ,1750.000            ,2000.000            ,2000.000            ,3500.000            ,3500.000            ,2000.000            ,2000.000            ,3500.000            ,1.531,1.531,1.654,1.654,2.233,2.16,1.897,1.897,15.357,5489.0,14027.0,0.0,129.0,
2026-07-08 02:08:28,62.0,0.000               ,514.504,200.0,933.0,0.0,62.25,62.250              ,62.25,62.25,62.25,62.25,62.25,62.25,62.25,11.263              ,12.971              ,9.712               ,66.250              ,14.471              ,27.837              ,32.967              ,4.590               ,22.508              ,3500.000            ,3500.000            ,2333.333            ,2333.333            ,2333.333            ,2333.333            ,2333.333            ,2333.333            ,3500.000            ,1.041,1.041,3.194,3.194,1.391,1.514,1.27,1.27,15.354,5492.0,14026.0,0.0,130.0,
2026-07-08 02:08:29,63.0,0.000               ,514.504,200.0,933.0,0.0,63.375,63.375              ,63.375,63.375,63.375,63.375,63.375,63.375,63.375,11.758              ,3.470               ,10.447              ,67.888              ,43.238              ,16.361              ,19.148              ,8.453               ,22.596              ,1737.500            ,1737.500            ,1985.714            ,1985.714            ,3475.000            ,3475.000            ,1985.714            ,1985.714            ,3475.000            ,0.684,0.685,3.054,3.054,2.297,2.432,0.94,0.94,15.266,5494.0,14025.0,0.0,131.0,
2026-07-08 02:08:30,64.0,0.000               ,514.504,200.0,933.0,0.0,64.375,64.375              ,64.375,64.375,64.375,64.375,64.375,64.375,64.375,36.762              ,3.171               ,16.229              ,40.997              ,24.462              ,21.277              ,22.525              ,6.471               ,21.487              ,2000.000            ,2000.000            ,3500.000            ,3500.000            ,2333.333            ,2333.333            ,2333.333            ,2333.333            ,3500.000            ,1.644,1.643,2.091,2.091,1.545,0.874,1.59,1.597,15.064,5499.0,14028.0,0.0,132.0,
2026-07-08 02:08:31,64.0,0.000               ,574.227,200.0,933.0,0.0,64.75,64.750              ,64.75,64.75,64.75,64.75,64.75,64.75,64.75,11.966              ,14.371              ,13.366              ,46.229              ,33.204              ,33.504              ,28.583              ,6.121               ,23.418              ,3500.000            ,3500.000            ,2333.333            ,2333.333            ,2333.333            ,2333.333            ,2333.333            ,2333.333            ,3500.000            ,1.147,1.147,2.352,2.4,2.421,2.421,1.022,1.016,15.81,5510.0,14124.0,0.0,133.0,
2026-07-08 02:08:32,63.0,0.000               ,574.227,200.0,933.0,0.0,63.625,63.625              ,63.625,63.625,63.625,63.625,63.625,63.625,63.625,34.195              ,36.831              ,40.046              ,78.291              ,56.849              ,18.953              ,39.723              ,29.749              ,41.830              ,2580.000            ,2580.000            ,3225.000            ,3225.000            ,2580.000            ,2580.000            ,2150.000            ,2150.000            ,3225.000            ,1.346,1.346,2.79,2.791,1.691,1.691,1.711,1.711,14.818,5271.0,14130.0,0.0,134.0,
2026-07-08 02:08:33,64.0,0.000               ,574.227,200.0,933.0,0.0,64.375,64.375              ,64.375,64.375,64.375,64.375,64.375,64.375,64.375,5.015               ,58.672              ,15.392              ,14.391              ,26.839              ,2.754               ,28.138              ,6.063               ,19.658              ,2333.333            ,2333.333            ,3500.000            ,3500.000            ,2333.333            ,2333.333            ,2333.333            ,2333.333            ,3500.000            ,2.716,2.921,1.11,1.11,0.879,0.881,1.31,1.316,14.952,5276.0,14126.0,0.0,135.0,
2026-07-08 02:08:34,65.0,0.000               ,574.227,200.0,933.0,0.0,65.125,65.125              ,65.125,65.125,65.125,65.125,65.125,65.125,65.125,12.415              ,14.799              ,8.528               ,69.191              ,19.055              ,5.109               ,33.294              ,7.055               ,21.181              ,2333.333            ,2333.333            ,3500.000            ,3500.000            ,2333.333            ,2333.333            ,2333.333            ,2333.333            ,3500.000            ,1.262,0.821,3.657,3.753,0.949,0.947,1.144,1.136,15.796,5290.0,14128.0,0.0,136.0,
2026-07-08 02:08:35,65.0,0.000               ,574.227,200.0,933.0,0.0,65.625,65.625              ,65.625,65.625,65.625,65.625,65.625,65.625,65.625,8.750               ,45.897              ,23.107              ,15.931              ,15.500              ,34.765              ,17.194              ,7.315               ,21.057              ,2000.000            ,2000.000            ,3500.000            ,3500.000            ,2000.000            ,2000.000            ,2000.000            ,2000.000            ,3500.000            ,2.234,2.234,1.589,1.293,1.956,1.956,0.897,0.897,14.812,5290.0,14130.0,0.0,137.0,
2026-07-08 02:08:36,65.0,0.000               ,577.734,200.0,933.0,0.0,65.875,65.875              ,65.875,65.875,65.875,65.875,65.875,65.875,65.875,7.378               ,0.779               ,20.903              ,80.216              ,14.714              ,1.926               ,20.761              ,5.477               ,19.019              ,2333.333            ,2333.333            ,3500.000            ,3500.000            ,2333.333            ,2333.333            ,2333.333            ,2333.333            ,3500.000            ,0.669,0.669,4.464,4.52,0.961,0.961,1.074,1.074,15.466,5304.0,14137.0,0.0,138.0,
2026-07-08 02:08:37,66.0,0.000               ,577.734,200.0,933.0,0.0,66.0,66.000              ,66.0,66.0,66.0,66.0,66.0,66.0,66.0,16.202              ,2.629               ,21.030              ,71.409              ,27.006              ,3.896               ,23.306              ,6.622               ,21.513              ,2333.333            ,2333.333            ,3500.000            ,3500.000            ,2333.333            ,2333.333            ,2333.333            ,2333.333            ,3500.000            ,0.868,0.868,3.974,4.001,1.055,1.055,1.047,1.049,15.608,5304.0,14136.0,0.0,139.0,
2026-07-08 02:08:38,65.0,0.000               ,577.734,200.0,933.0,0.0,65.875,65.875              ,65.875,65.875,65.875,65.875,65.875,65.875,65.875,9.246               ,13.057              ,58.669              ,32.445              ,24.733              ,4.535               ,17.943              ,6.375               ,20.875              ,3500.000            ,3500.000            ,2333.333            ,2333.333            ,2333.333            ,2333.333            ,2333.333            ,2333.333            ,3500.000            ,0.908,0.908,3.835,3.783,0.954,0.954,1.193,1.217,14.831,5308.0,14138.0,0.0,140.0,
2026-07-08 02:08:39,65.0,0.000               ,577.734,200.0,933.0,0.0,65.625,65.625              ,65.625,65.625,65.625,65.625,65.625,65.625,65.625,7.265               ,25.459              ,10.042              ,66.502              ,18.404              ,2.758               ,26.382              ,5.078               ,20.236              ,2333.333            ,2333.333            ,3500.000            ,3500.000            ,2333.333            ,2333.333            ,2333.333            ,2333.333            ,3500.000            ,1.392,1.733,2.967,3.031,0.823,0.823,1.073,1.05,15.22,5322.0,14132.0,0.0,141.0,
2026-07-08 02:08:40,64.0,0.000               ,587.855,200.0,933.0,0.0,64.5,64.500              ,64.5,64.5,64.5,64.5,64.5,64.5,64.5,11.951              ,45.640              ,18.953              ,17.762              ,25.751              ,5.472               ,17.749              ,38.684              ,22.745              ,2333.333            ,2333.333            ,2333.333            ,2333.333            ,3500.000            ,3500.000            ,2333.333            ,2333.333            ,3500.000            ,2.331,2.015,1.302,0.92,1.245,1.245,2.284,2.55,14.268,5329.0,14141.0,16025.722,142.0,0.06
2026-07-08 02:08:41,63.0,0.000               ,587.855,200.0,933.0,0.0,63.125,63.125              ,63.125,63.125,63.125,63.125,63.125,63.125,63.125,10.284              ,2.983               ,22.967              ,4.994               ,30.831              ,61.894              ,19.651              ,17.408              ,21.376              ,2333.333            ,2333.333            ,2333.333            ,2333.333            ,3500.000            ,3500.000            ,2333.333            ,2333.333            ,3500.000            ,0.759,0.759,0.966,0.966,4.033,4.075,1.644,1.371,14.649,5334.0,14140.0,0.0,143.0,
2026-07-08 02:08:42,62.0,0.000               ,587.855,200.0,933.0,0.0,62.625,62.625              ,62.625,62.625,62.625,62.625,62.625,62.625,62.625,6.368               ,25.252              ,27.884              ,2.206               ,17.841              ,31.600              ,26.104              ,16.887              ,19.268              ,3500.000            ,3500.000            ,2333.333            ,2333.333            ,2333.333            ,2333.333            ,2333.333            ,2333.333            ,3500.000            ,1.614,1.614,1.338,1.338,2.273,2.015,1.587,1.579,14.697,5346.0,14142.0,0.0,144.0,
2026-07-08 02:08:43,62.0,0.000               ,587.855,200.0,933.0,0.0,62.25,62.250              ,62.25,62.25,62.25,62.25,62.25,62.25,62.25,8.314               ,21.277              ,35.376              ,4.011               ,21.937              ,4.156               ,62.118              ,7.040               ,20.528              ,3500.000            ,3500.000            ,2333.333            ,2333.333            ,2333.333            ,2333.333            ,2333.333            ,2333.333            ,3500.000            ,1.417,1.417,1.622,1.622,0.893,0.893,3.1,3.1,14.145,5349.0,14141.0,0.0,145.0,
2026-07-08 02:08:44,62.0,0.000               ,587.855,200.0,933.0,0.0,62.125,62.125              ,62.125,62.125,62.125,62.125,62.125,62.125,62.125,14.778              ,16.242              ,46.097              ,4.949               ,16.708              ,5.978               ,65.375              ,8.054               ,22.273              ,3500.000            ,3500.000            ,2333.333            ,2333.333            ,2333.333            ,2333.333            ,2333.333            ,2333.333            ,3500.000            ,1.266,1.266,2.116,2.116,0.89,0.893,2.789,2.789,14.7,5370.0,14139.0,0.0,146.0,
2026-07-08 02:08:45,62.0,0.000               ,587.855,200.0,933.0,0.0,62.5,62.500              ,62.5,62.5,62.5,62.5,62.5,62.5,62.5,9.183               ,53.914              ,16.291              ,28.703              ,12.633              ,16.447              ,40.633              ,12.446              ,23.781              ,2333.333            ,2333.333            ,2333.333            ,2333.333            ,3500.000            ,3500.000            ,2333.333            ,2333.333            ,3500.000            ,2.796,3.007,1.882,2.098,1.242,1.24,1.519,1.519,15.669,5388.0,14140.0,0.0,147.0,
2026-07-08 02:08:46,62.0,0.000               ,587.855,200.0,933.0,0.0,62.625,62.625              ,62.625,62.625,62.625,62.625,62.625,62.625,62.625,7.673               ,35.473              ,60.950              ,15.349              ,16.745              ,6.653               ,13.299              ,4.290               ,20.054              ,2333.333            ,2333.333            ,3500.000            ,3500.000            ,2333.333            ,2333.333            ,2333.333            ,2333.333            ,3500.000            ,2.002,1.621,3.883,3.942,0.921,0.921,0.864,0.869,15.023,5391.0,14138.0,0.0,148.0,
2026-07-08 02:08:47,62.0,0.000               ,587.855,200.0,933.0,0.0,62.75,62.750              ,62.75,62.75,62.75,62.75,62.75,62.75,62.75,24.953              ,19.346              ,65.061              ,10.428              ,15.597              ,6.291               ,16.106              ,6.154               ,20.492              ,3500.000            ,3500.000            ,2333.333            ,2333.333            ,2333.333            ,2333.333            ,2333.333            ,2333.333            ,3500.000            ,2.03,2.275,2.963,2.829,0.881,0.882,1.276,1.277,14.786,5394.0,14137.0,0.0,149.0,
2026-07-08 02:08:48,62.0,0.000               ,603.359,200.0,1200.0,0.0,62.625,62.625              ,62.625,62.625,62.625,62.625,62.625,62.625,62.625,32.724              ,28.657              ,43.735              ,37.329              ,65.280              ,17.748              ,48.636              ,14.390              ,36.062              ,2316.667            ,2316.667            ,2800.000            ,2800.000            ,3500.000            ,3500.000            ,2800.000            ,2800.000            ,3500.000            ,1.907,1.582,2.594,2.591,2.687,2.688,1.624,1.622,16.877,5536.0,14338.0,8686.104,150.0,0.12
2026-07-08 02:08:49,61.0,0.000               ,697.617,200.0,1200.0,0.0,61.0,61.000              ,61.0,61.0,61.0,61.0,61.0,61.0,61.0,67.352              ,74.464              ,75.782              ,67.319              ,72.649              ,64.197              ,86.357              ,62.432              ,71.319              ,2200.000            ,2200.000            ,2200.000            ,2180.000            ,2180.000            ,2180.000            ,2700.000            ,2700.000            ,2700.000            ,1.441,1.424,1.373,1.359,1.253,1.246,1.486,1.483,16.03,5558.0,14556.0,579.736,151.0,1.72
2026-07-08 02:08:50,59.0,17.000              ,732.738,364.0,1200.0,0.0,59.5,59.500              ,59.5,59.5,59.5,59.5,59.5,59.5,59.5,86.342              ,86.213              ,89.861              ,87.992              ,92.321              ,83.096              ,88.955              ,84.459              ,87.405              ,1716.667            ,1716.667            ,1716.667            ,1716.667            ,1600.000            ,1600.000            ,1600.000            ,1600.000            ,1716.667            ,0.861,0.853,0.884,0.892,0.886,0.948,0.838,0.837,14.951,5473.0,14567.0,57.907,152.0,17.27
2026-07-08 02:08:51,57.0,53.000              ,734.27,393.0,1200.0,0.0,57.875,57.875              ,57.875,57.875,57.875,57.875,57.875,57.875,57.875,54.915              ,48.417              ,58.391              ,48.513              ,62.247              ,54.326              ,72.153              ,39.892              ,54.857              ,1733.333            ,1733.333            ,1733.333            ,1733.333            ,1733.333            ,1733.333            ,2080.000            ,2080.000            ,2080.000            ,0.799,0.806,0.838,0.838,0.944,0.863,1.033,1.034,15.04,5481.0,14567.0,26.963,153.0,37.09
2026-07-08 02:08:52,57.0,71.000              ,732.766,338.0,1200.0,0.0,57.0,57.000              ,57.0,57.0,57.0,57.0,57.0,57.0,57.0,45.546              ,33.558              ,47.127              ,32.224              ,65.834              ,19.480              ,61.062              ,22.662              ,40.937              ,1900.000            ,1920.000            ,1920.000            ,1920.000            ,1920.000            ,1920.000            ,2400.000            ,2400.000            ,2400.000            ,0.874,0.874,0.764,0.764,0.962,0.963,1.001,0.999,15.156,5492.0,14566.0,27.346,154.0,36.57
2026-07-08 02:08:53,56.0,69.000              ,732.77,200.0,1200.0,0.0,56.75,56.750              ,56.75,56.75,56.75,56.75,56.75,56.75,56.75,58.349              ,22.428              ,48.131              ,27.630              ,50.089              ,28.856              ,43.733              ,17.758              ,37.122              ,2040.000            ,2040.000            ,2550.000            ,2525.000            ,2020.000            ,2020.000            ,2020.000            ,2020.000            ,2550.000            ,1.068,1.068,0.89,0.89,1.029,1.027,0.836,0.836,15.112,5498.0,14561.0,21.709,155.0,46.06
2026-07-08 02:08:54,56.0,70.000              ,735.426,387.0,1067.0,0.0,56.625,56.625              ,56.625,56.625,56.625,56.625,56.625,56.625,56.625,43.134              ,20.043              ,50.167              ,26.806              ,62.227              ,14.300              ,60.123              ,14.317              ,36.390              ,1960.000            ,1960.000            ,1960.000            ,1980.000            ,2475.000            ,2475.000            ,1980.000            ,1980.000            ,2475.000            ,0.791,0.794,0.851,0.851,0.982,0.982,0.993,0.993,15.045,5504.0,14561.0,34.124,156.0,29.3
2026-07-08 02:08:55,56.0,71.000              ,735.43,406.0,1200.0,0.0,56.5,56.500              ,56.5,56.5,56.5,56.5,56.5,56.5,56.5,50.801              ,17.983              ,46.132              ,27.262              ,54.938              ,18.676              ,58.691              ,10.000              ,35.560              ,1940.000            ,1940.000            ,1940.000            ,1940.000            ,2425.000            ,2425.000            ,2425.000            ,2425.000            ,2425.000            ,0.839,0.836,0.787,0.787,0.953,0.953,0.987,0.989,15.204,5505.0,14563.0,25.536,157.0,39.16
2026-07-08 02:08:56,56.0,71.000              ,735.52,358.0,1067.0,0.0,56.5,56.500              ,56.5,56.5,56.5,56.5,56.5,56.5,56.5,42.054              ,23.424              ,54.361              ,29.586              ,52.996              ,25.579              ,53.043              ,14.324              ,36.921              ,1960.000            ,1960.000            ,1960.000            ,1960.000            ,2450.000            ,2450.000            ,1960.000            ,1960.000            ,2450.000            ,0.803,0.803,0.99,0.999,0.976,0.976,0.881,0.879,14.997,5510.0,14561.0,27.96,158.0,35.77
2026-07-08 02:08:57,56.0,70.000              ,735.52,428.0,1200.0,0.0,56.5,56.500              ,56.5,56.5,56.5,56.5,56.5,56.5,56.5,41.400              ,22.025              ,54.019              ,28.953              ,56.330              ,25.234              ,58.900              ,11.941              ,37.350              ,2060.000            ,2060.000            ,2600.000            ,2600.000            ,2080.000            ,2080.000            ,2080.000            ,2080.000            ,2600.000            ,0.799,0.801,0.973,0.964,1.034,1.034,0.905,0.904,15.061,5519.0,14561.0,23.531,159.0,42.5
2026-07-08 02:08:58,56.0,69.000              ,735.539,442.0,1200.0,0.0,56.5,56.500              ,56.5,56.5,56.5,56.5,56.5,56.5,56.5,38.435              ,23.117              ,47.590              ,23.255              ,61.376              ,16.739              ,56.869              ,11.009              ,34.799              ,2000.000            ,2000.000            ,2000.000            ,2000.000            ,2500.000            ,2500.000            ,2020.000            ,2020.000            ,2500.000            ,0.731,0.729,0.741,0.741,1.078,1.078,0.889,0.889,15.101,5519.0,14560.0,21.869,160.0,45.73
2026-07-08 02:08:59,56.0,70.000              ,735.539,381.0,1200.0,0.0,56.5,56.500              ,56.5,56.5,56.5,56.5,56.5,56.5,56.5,46.366              ,17.923              ,56.158              ,26.345              ,54.580              ,18.595              ,47.359              ,9.271               ,34.575              ,2080.000            ,2080.000            ,2600.000            ,2600.000            ,2080.000            ,2080.000            ,2080.000            ,2080.000            ,2600.000            ,0.868,0.869,1.037,1.037,0.962,0.962,0.783,0.783,15.246,5521.0,14561.0,22.621,161.0,44.21
2026-07-08 02:09:00,56.0,70.000              ,715.52,500.0,1200.0,0.0,56.375,56.375              ,56.375,56.375,56.375,56.375,56.375,56.375,56.375,46.939              ,30.671              ,49.424              ,42.985              ,58.835              ,40.223              ,55.989              ,23.805              ,43.609              ,1940.000            ,1940.000            ,1940.000            ,1940.000            ,2400.000            ,2400.000            ,1920.000            ,1920.000            ,2400.000            ,0.807,0.807,0.899,0.902,1.115,1.116,0.827,0.827,15.222,5533.0,14547.0,26.712,162.0,37.44
2026-07-08 02:09:01,56.0,72.000              ,708.066,381.0,1067.0,0.0,56.25,56.250              ,56.25,56.25,56.25,56.25,56.25,56.25,56.25,47.078              ,22.953              ,52.868              ,29.089              ,46.426              ,31.467              ,62.842              ,11.639              ,38.045              ,1880.000            ,1880.000            ,1880.000            ,1880.000            ,2350.000            ,2350.000            ,1880.000            ,1880.000            ,2350.000            ,0.78,0.78,0.863,0.86,0.931,0.929,0.987,0.989,15.008,5536.0,14542.0,24.749,163.0,40.41
2026-07-08 02:09:02,56.0,71.000              ,708.059,413.0,1067.0,0.0,56.25,56.250              ,56.25,56.25,56.25,56.25,56.25,56.25,56.25,46.140              ,17.181              ,57.960              ,23.958              ,54.949              ,16.888              ,57.479              ,14.384              ,36.117              ,2000.000            ,2000.000            ,2500.000            ,2500.000            ,2000.000            ,2000.000            ,2000.000            ,2000.000            ,2500.000            ,0.81,0.811,0.924,0.926,0.938,0.938,0.953,0.951,15.045,5539.0,14540.0,18.894,164.0,52.93
2026-07-08 02:09:03,56.0,68.000              ,708.055,420.0,1067.0,0.0,56.25,56.250              ,56.25,56.25,56.25,56.25,56.25,56.25,56.25,35.144              ,23.057              ,33.379              ,31.029              ,47.185              ,26.735              ,42.841              ,17.464              ,32.104              ,1980.000            ,1980.000            ,1980.000            ,1980.000            ,2475.000            ,2475.000            ,2475.000            ,2475.000            ,2475.000            ,0.783,0.786,0.77,0.775,1.068,1.068,0.848,0.848,14.915,5539.0,14529.0,22.83,165.0,43.8
2026-07-08 02:09:04,56.0,69.000              ,708.211,200.0,1067.0,0.0,56.25,56.250              ,56.25,56.25,56.25,56.25,56.25,56.25,56.25,41.073              ,25.981              ,54.328              ,31.715              ,53.103              ,17.471              ,44.894              ,17.813              ,35.797              ,2080.000            ,2080.000            ,2600.000            ,2600.000            ,2080.000            ,2080.000            ,2080.000            ,2080.000            ,2600.000            ,0.874,0.871,1.149,1.142,0.974,0.974,0.836,0.836,15.281,5543.0,14518.0,20.46,166.0,48.88
2026-07-08 02:09:05,56.0,68.000              ,708.207,352.0,1067.0,0.0,56.25,56.250              ,56.25,56.25,56.25,56.25,56.25,56.25,56.25,44.333              ,25.046              ,62.021              ,26.834              ,46.291              ,21.461              ,46.751              ,17.207              ,36.243              ,2060.000            ,2060.000            ,2575.000            ,2575.000            ,2060.000            ,2060.000            ,2060.000            ,2060.000            ,2575.000            ,0.876,0.875,1.194,1.194,0.891,0.891,0.831,0.838,14.996,5549.0,14518.0,23.026,167.0,43.43
2026-07-08 02:09:06,56.0,69.000              ,708.203,413.0,1200.0,0.0,56.25,56.250              ,56.25,56.25,56.25,56.25,56.25,56.25,56.25,38.031              ,22.110              ,58.770              ,24.289              ,49.995              ,20.281              ,47.672              ,17.862              ,34.876              ,2100.000            ,2100.000            ,2625.000            ,2625.000            ,2100.000            ,2100.000            ,2100.000            ,2100.000            ,2625.000            ,0.819,0.821,1.122,1.124,1.018,1.021,0.92,0.914,15.104,5547.0,14513.0,19.014,168.0,52.59
2026-07-08 02:09:07,56.0,71.000              ,708.289,420.0,1067.0,0.0,56.25,56.250              ,56.25,56.25,56.25,56.25,56.25,56.25,56.25,29.036              ,23.871              ,40.203              ,17.660              ,64.668              ,12.454              ,45.002              ,15.256              ,31.019              ,2100.000            ,2100.000            ,2100.000            ,2100.000            ,2625.000            ,2625.000            ,2100.000            ,2100.000            ,2625.000            ,0.735,0.733,0.738,0.736,1.217,1.223,0.889,0.889,15.118,5544.0,14513.0,23.984,169.0,41.69
2026-07-08 02:09:08,56.0,70.000              ,708.945,326.0,1200.0,0.0,56.25,56.250              ,56.25,56.25,56.25,56.25,56.25,56.25,56.25,44.362              ,28.514              ,51.558              ,25.247              ,55.965              ,19.205              ,47.879              ,16.774              ,36.188              ,2140.000            ,2140.000            ,2140.000            ,2140.000            ,2675.000            ,2675.000            ,2140.000            ,2140.000            ,2675.000            ,0.924,0.925,0.925,0.925,1.068,1.062,0.874,0.874,14.983,5548.0,14513.0,28.123,170.0,35.56
2026-07-08 02:09:09,56.0,69.000              ,708.949,338.0,1200.0,0.0,56.25,56.250              ,56.25,56.25,56.25,56.25,56.25,56.25,56.25,42.348              ,24.809              ,54.331              ,26.643              ,57.299              ,18.199              ,54.949              ,14.171              ,36.594              ,1960.000            ,1960.000            ,2450.000            ,2450.000            ,1960.000            ,1960.000            ,1960.000            ,1960.000            ,2450.000            ,0.798,0.796,0.941,0.941,0.994,0.992,0.926,0.926,15.06,5547.0,14514.0,23.709,171.0,42.18
2026-07-08 02:09:10,56.0,68.000              ,708.957,364.0,1200.0,0.0,56.25,56.250              ,56.25,56.25,56.25,56.25,56.25,56.25,56.25,43.763              ,22.109              ,50.517              ,26.792              ,51.059              ,23.611              ,56.378              ,13.717              ,35.993              ,2000.000            ,2000.000            ,2500.000            ,2500.000            ,2000.000            ,2000.000            ,2000.000            ,2000.000            ,2500.000            ,0.832,0.834,0.949,0.949,1.014,1.014,0.978,0.978,15.166,5546.0,14513.0,22.026,172.0,45.4
2026-07-08 02:09:11,56.0,69.000              ,705.953,272.0,1200.0,0.0,56.25,56.250              ,56.25,56.25,56.25,56.25,56.25,56.25,56.25,49.460              ,40.053              ,57.022              ,45.673              ,62.847              ,35.518              ,65.108              ,29.981              ,48.208              ,1760.000            ,1760.000            ,2200.000            ,2200.000            ,1760.000            ,1760.000            ,1760.000            ,1760.000            ,2200.000            ,0.846,0.843,0.995,0.984,0.954,0.954,1.002,1.002,15.296,5566.0,14513.0,22.923,173.0,43.62
2026-07-08 02:09:12,56.0,68.000              ,705.953,387.0,1200.0,0.0,56.25,56.250              ,56.25,56.25,56.25,56.25,56.25,56.25,56.25,50.803              ,29.305              ,50.478              ,46.500              ,57.925              ,26.670              ,67.245              ,31.375              ,45.038              ,1880.000            ,1880.000            ,1880.000            ,1880.000            ,1880.000            ,1880.000            ,2350.000            ,2350.000            ,2350.000            ,0.746,0.746,0.87,0.88,0.875,0.875,1.055,1.057,15.092,5558.0,14512.0,22.274,174.0,44.9
2026-07-08 02:09:13,56.0,67.000              ,705.957,381.0,1067.0,0.0,56.25,56.250              ,56.25,56.25,56.25,56.25,56.25,56.25,56.25,42.016              ,26.909              ,45.844              ,37.533              ,58.601              ,20.737              ,67.986              ,19.010              ,39.830              ,1860.000            ,1860.000            ,2300.000            ,2300.000            ,2300.000            ,2300.000            ,1860.000            ,1860.000            ,2300.000            ,0.721,0.721,0.868,0.87,0.966,0.966,0.897,0.897,14.748,5560.0,14509.0,26.749,175.0,37.38
2026-07-08 02:09:14,56.0,69.000              ,705.961,381.0,1067.0,0.0,56.25,56.250              ,56.25,56.25,56.25,56.25,56.25,56.25,56.25,37.969              ,30.094              ,53.853              ,30.237              ,52.892              ,29.563              ,59.304              ,19.256              ,39.146              ,1980.000            ,1980.000            ,2475.000            ,2475.000            ,1980.000            ,1980.000            ,1980.000            ,1980.000            ,2475.000            ,0.767,0.767,0.951,0.947,1.024,1.025,0.949,0.948,15.052,5562.0,14510.0,22.957,176.0,43.56
2026-07-08 02:09:15,56.0,70.000              ,705.973,400.0,1200.0,0.0,56.25,56.250              ,56.25,56.25,56.25,56.25,56.25,56.25,56.25,37.092              ,21.083              ,58.872              ,18.993              ,50.439              ,19.070              ,60.433              ,12.542              ,34.816              ,2020.000            ,2020.000            ,2525.000            ,2525.000            ,2525.000            ,2525.000            ,2020.000            ,2020.000            ,2525.000            ,0.756,0.756,0.933,0.933,0.984,0.988,0.966,0.966,14.95,5560.0,14509.0,19.23,177.0,52.0
2026-07-08 02:09:16,56.0,70.000              ,705.965,375.0,1067.0,0.0,56.25,56.250              ,56.25,56.25,56.25,56.25,56.25,56.25,56.25,42.152              ,18.928              ,41.052              ,27.559              ,51.199              ,25.035              ,52.150              ,14.046              ,34.015              ,2000.000            ,2000.000            ,2000.000            ,2000.000            ,2550.000            ,2550.000            ,2040.000            ,2040.000            ,2550.000            ,0.776,0.776,0.845,0.845,1.056,1.05,0.898,0.898,15.099,5568.0,14508.0,23.114,178.0,43.26
2026-07-08 02:09:17,56.0,69.000              ,705.961,381.0,1067.0,0.0,56.25,56.250              ,56.25,56.25,56.25,56.25,56.25,56.25,56.25,45.201              ,18.063              ,46.149              ,30.845              ,49.004              ,17.877              ,59.702              ,15.830              ,35.334              ,2000.000            ,2000.000            ,2000.000            ,2000.000            ,2000.000            ,2000.000            ,2500.000            ,2500.000            ,2500.000            ,0.848,0.838,0.91,0.91,0.936,0.936,1.057,1.057,15.059,5570.0,14508.0,24.074,179.0,41.54
2026-07-08 02:09:18,56.0,70.000              ,705.895,375.0,1067.0,0.0,56.25,56.250              ,56.25,56.25,56.25,56.25,56.25,56.25,56.25,39.884              ,24.694              ,50.497              ,23.501              ,50.754              ,19.336              ,63.178              ,16.066              ,35.989              ,1960.000            ,1960.000            ,1960.000            ,1940.000            ,2425.000            ,2425.000            ,1940.000            ,1940.000            ,2425.000            ,0.804,0.814,0.849,0.844,0.892,0.892,1.112,1.112,15.042,5575.0,14504.0,20.12,180.0,49.7
2026-07-08 02:09:19,56.0,71.000              ,705.898,381.0,1200.0,0.0,56.25,56.250              ,56.25,56.25,56.25,56.25,56.25,56.25,56.25,35.618              ,21.315              ,39.091              ,34.011              ,50.623              ,25.307              ,49.196              ,15.076              ,33.780              ,2060.000            ,2060.000            ,2575.000            ,2575.000            ,2060.000            ,2600.000            ,2600.000            ,2600.000            ,2600.000            ,0.745,0.745,0.876,0.882,1.054,1.054,0.859,0.859,15.068,5574.0,14503.0,23.769,181.0,42.07
2026-07-08 02:09:20,56.0,69.000              ,705.895,326.0,1067.0,0.0,56.125,56.125              ,56.125,56.125,56.125,56.125,56.125,56.125,56.125,38.346              ,21.338              ,48.056              ,26.992              ,60.378              ,23.870              ,47.335              ,12.856              ,34.896              ,2120.000            ,2120.000            ,2100.000            ,2600.000            ,2100.000            ,2100.000            ,2100.000            ,2100.000            ,2600.000            ,0.774,0.774,0.86,0.86,1.187,1.199,0.855,0.855,15.232,5583.0,14503.0,23.408,182.0,42.72
2026-07-08 02:09:21,56.0,67.000              ,705.902,375.0,1200.0,0.0,56.125,56.125              ,56.125,56.125,56.125,56.125,56.125,56.125,56.125,33.102              ,30.051              ,33.855              ,34.153              ,50.573              ,16.641              ,34.196              ,22.563              ,31.892              ,2020.000            ,2020.000            ,2020.000            ,2020.000            ,2525.000            ,2525.000            ,2020.000            ,2020.000            ,2525.000            ,0.876,0.876,0.879,0.88,0.998,0.986,0.824,0.824,14.824,5585.0,14502.0,23.478,183.0,42.59
2026-07-08 02:09:22,56.0,69.000              ,705.902,338.0,1200.0,0.0,56.125,56.125              ,56.125,56.125,56.125,56.125,56.125,56.125,56.125,34.382              ,21.034              ,61.020              ,22.751              ,54.080              ,17.814              ,47.992              ,17.025              ,34.512              ,2100.000            ,2100.000            ,2625.000            ,2625.000            ,2120.000            ,2120.000            ,2120.000            ,2120.000            ,2625.000            ,0.79,0.79,1.127,1.112,1.01,1.012,0.935,0.935,15.136,5583.0,14503.0,22.546,184.0,44.35
2026-07-08 02:09:23,56.0,69.000              ,705.906,406.0,1067.0,0.0,56.125,56.125              ,56.125,56.125,56.125,56.125,56.125,56.125,56.125,40.711              ,24.073              ,56.189              ,26.012              ,65.126              ,15.074              ,48.301              ,20.571              ,37.007              ,1940.000            ,1940.000            ,1940.000            ,1940.000            ,2425.000            ,2425.000            ,1940.000            ,1940.000            ,2425.000            ,0.767,0.767,0.885,0.901,1.054,1.052,0.84,0.84,15.084,5585.0,14504.0,23.881,185.0,41.87
2026-07-08 02:09:24,56.0,69.000              ,705.91,400.0,1067.0,0.0,56.0,56.000              ,56.0,56.0,56.0,56.0,56.0,56.0,56.0,30.245              ,22.907              ,39.468              ,21.337              ,62.753              ,10.170              ,43.926              ,11.678              ,30.311              ,2080.000            ,2080.000            ,2080.000            ,2080.000            ,2600.000            ,2600.000            ,2080.000            ,2080.000            ,2600.000            ,0.738,0.738,0.784,0.777,1.148,1.149,0.815,0.815,14.889,5584.0,14503.0,24.527,186.0,40.77
2026-07-08 02:09:25,56.0,69.000              ,705.91,406.0,1067.0,0.0,56.0,56.000              ,56.0,56.0,56.0,56.0,56.0,56.0,56.0,39.364              ,23.776              ,42.699              ,35.639              ,63.708              ,14.146              ,53.359              ,15.423              ,36.014              ,2080.000            ,2080.000            ,2080.000            ,2060.000            ,2575.000            ,2575.000            ,2060.000            ,2060.000            ,2575.000            ,0.818,0.817,0.971,0.96,1.08,1.078,0.964,0.964,15.191,5588.0,14503.0,24.124,187.0,41.45
2026-07-08 02:09:26,56.0,69.000              ,705.973,476.0,1200.0,0.0,56.0,56.000              ,56.0,56.0,56.0,56.0,56.0,56.0,56.0,50.361              ,32.324              ,59.941              ,55.223              ,61.787              ,42.899              ,62.942              ,30.142              ,49.452              ,2000.000            ,1980.000            ,1980.000            ,1980.000            ,1980.000            ,1980.000            ,2475.000            ,2475.000            ,2475.000            ,0.733,0.733,0.989,1.0,0.984,0.989,0.859,0.861,15.391,5582.0,14498.0,36.451,188.0,27.43
2026-07-08 02:09:27,56.0,70.000              ,705.98,525.0,1200.0,0.0,56.0,56.000              ,56.0,56.0,56.0,56.0,56.0,56.0,56.0,62.948              ,55.261              ,67.458              ,70.328              ,71.314              ,55.402              ,65.959              ,55.849              ,63.065              ,1750.000            ,1750.000            ,2100.000            ,2100.000            ,2100.000            ,2100.000            ,1750.000            ,1733.333            ,2100.000            ,0.762,0.762,0.922,0.922,0.886,0.865,0.823,0.821,14.895,5502.0,14503.0,31.98,189.0,31.27
2026-07-08 02:09:28,56.0,71.000              ,705.984,469.0,1200.0,0.0,56.0,56.000              ,56.0,56.0,56.0,56.0,56.0,56.0,56.0,40.349              ,27.514              ,46.524              ,35.199              ,65.070              ,15.578              ,61.793              ,17.301              ,38.666              ,1760.000            ,1816.667            ,1816.667            ,1816.667            ,2180.000            ,2180.000            ,1816.667            ,1816.667            ,2180.000            ,0.654,0.654,0.719,0.719,0.876,0.884,0.833,0.833,14.84,5507.0,14499.0,24.917,190.0,40.13
2026-07-08 02:09:29,56.0,71.000              ,706.492,442.0,1200.0,0.0,56.0,56.000              ,56.0,56.0,56.0,56.0,56.0,56.0,56.0,37.391              ,22.694              ,45.219              ,26.657              ,64.549              ,14.799              ,62.518              ,14.739              ,36.071              ,1980.000            ,1980.000            ,1980.000            ,1980.000            ,1980.000            ,1980.000            ,2475.000            ,2475.000            ,2475.000            ,0.739,0.739,0.788,0.788,1.01,1.007,0.957,0.959,14.976,5512.0,14499.0,24.099,191.0,41.5
2026-07-08 02:09:30,56.0,70.000              ,706.488,457.0,1067.0,0.0,56.0,56.000              ,56.0,56.0,56.0,56.0,56.0,56.0,56.0,41.757              ,26.490              ,49.312              ,24.682              ,65.944              ,16.325              ,61.279              ,18.015              ,37.975              ,1880.000            ,1880.000            ,1880.000            ,1880.000            ,2350.000            ,2350.000            ,1880.000            ,1880.000            ,2350.000            ,0.757,0.757,0.761,0.763,0.986,0.986,0.918,0.917,15.017,5514.0,14498.0,20.93,192.0,47.78
2026-07-08 02:09:31,56.0,69.000              ,706.484,525.0,1067.0,0.0,56.0,56.000              ,56.0,56.0,56.0,56.0,56.0,56.0,56.0,35.050              ,27.864              ,55.974              ,25.312              ,64.510              ,15.341              ,54.416              ,15.180              ,36.706              ,1980.000            ,1980.000            ,1980.000            ,1980.000            ,2475.000            ,2475.000            ,1980.000            ,1980.000            ,2475.000            ,0.729,0.729,0.859,0.861,1.059,1.059,0.847,0.846,15.09,5518.0,14498.0,19.717,193.0,50.72
2026-07-08 02:09:32,56.0,69.000              ,706.488,200.0,1200.0,0.0,56.0,56.000              ,56.0,56.0,56.0,56.0,56.0,56.0,56.0,36.749              ,26.882              ,40.618              ,26.322              ,60.466              ,14.220              ,54.173              ,21.917              ,35.169              ,1920.000            ,1900.000            ,1900.000            ,1900.000            ,1900.000            ,1900.000            ,2425.000            ,2425.000            ,2425.000            ,0.697,0.697,0.697,0.695,0.908,0.908,0.86,0.862,15.096,5522.0,14497.0,22.834,194.0,43.79
2026-07-08 02:09:33,56.0,70.000              ,706.359,450.0,1067.0,0.0,56.0,56.000              ,56.0,56.0,56.0,56.0,56.0,56.0,56.0,37.681              ,22.145              ,52.053              ,23.303              ,61.731              ,17.685              ,60.053              ,17.294              ,36.493              ,1880.000            ,1880.000            ,1880.000            ,1880.000            ,1880.000            ,1880.000            ,2350.000            ,2350.000            ,2350.000            ,0.69,0.691,0.782,0.784,0.969,0.969,0.98,0.978,15.13,5521.0,14498.0,24.777,195.0,40.36
2026-07-08 02:09:34,56.0,69.000              ,706.871,545.0,1200.0,0.0,56.0,56.000              ,56.0,56.0,56.0,56.0,56.0,56.0,56.0,36.970              ,23.921              ,54.465              ,27.577              ,68.084              ,11.891              ,53.805              ,13.867              ,36.322              ,1980.000            ,1980.000            ,2475.000            ,2475.000            ,1980.000            ,1980.000            ,1980.000            ,1980.000            ,2475.000            ,0.738,0.737,0.862,0.86,1.047,1.048,0.835,0.824,14.866,5525.0,14498.0,19.403,196.0,51.54
2026-07-08 02:09:35,56.0,70.000              ,706.863,387.0,1200.0,0.0,56.0,56.000              ,56.0,56.0,56.0,56.0,56.0,56.0,56.0,42.524              ,20.749              ,52.078              ,33.126              ,58.708              ,13.859              ,56.254              ,13.211              ,36.314              ,1900.000            ,1900.000            ,1900.000            ,1900.000            ,2400.000            ,2400.000            ,1920.000            ,1920.000            ,2400.000            ,0.778,0.778,0.896,0.896,0.937,0.935,0.854,0.865,15.062,5525.0,14498.0,23.137,197.0,43.22
2026-07-08 02:09:36,56.0,68.000              ,706.738,450.0,1067.0,0.0,56.0,56.000              ,56.0,56.0,56.0,56.0,56.0,56.0,56.0,32.858              ,17.364              ,53.623              ,21.725              ,60.234              ,16.353              ,57.668              ,10.884              ,33.839              ,1960.000            ,1960.000            ,1960.000            ,1960.000            ,2450.000            ,2450.000            ,1960.000            ,1960.000            ,2450.000            ,0.725,0.725,0.863,0.863,1.05,1.05,0.929,0.929,14.839,5530.0,14499.0,21.074,198.0,47.45
2026-07-08 02:09:37,56.0,69.000              ,706.672,492.0,1200.0,0.0,56.0,56.000              ,56.0,56.0,56.0,56.0,56.0,56.0,56.0,56.183              ,38.593              ,52.716              ,41.502              ,66.144              ,28.035              ,62.533              ,25.245              ,46.369              ,2020.000            ,2020.000            ,2020.000            ,2020.000            ,2525.000            ,2525.000            ,2020.000            ,2020.000            ,2525.000            ,0.847,0.847,0.82,0.82,0.984,0.986,0.854,0.855,15.335,5541.0,14500.0,26.193,199.0,38.18
2026-07-08 02:09:38,56.0,71.000              ,706.684,393.0,1200.0,0.0,56.0,56.000              ,56.0,56.0,56.0,56.0,56.0,56.0,56.0,45.451              ,19.673              ,42.792              ,40.089              ,52.314              ,25.712              ,65.328              ,13.064              ,38.053              ,1840.000            ,1840.000            ,2300.000            ,2325.000            ,1860.000            ,1860.000            ,1840.000            ,1840.000            ,2325.000            ,0.713,0.713,0.841,0.843,0.911,0.909,0.926,0.925,14.921,5541.0,14500.0,23.494,200.0,42.56
2026-07-08 02:09:39,56.0,70.000              ,706.68,469.0,1200.0,0.0,56.0,56.000              ,56.0,56.0,56.0,56.0,56.0,56.0,56.0,46.327              ,20.617              ,47.098              ,25.591              ,57.707              ,23.617              ,63.795              ,12.895              ,37.206              ,1900.000            ,1900.000            ,1900.000            ,1900.000            ,2375.000            ,2375.000            ,1900.000            ,1900.000            ,2375.000            ,0.756,0.759,0.751,0.75,0.996,1.005,0.977,0.977,15.179,5542.0,14499.0,19.584,201.0,51.06
2026-07-08 02:09:40,56.0,70.000              ,706.68,500.0,1200.0,0.0,56.0,56.000              ,56.0,56.0,56.0,56.0,56.0,56.0,56.0,48.142              ,31.575              ,42.171              ,48.504              ,60.479              ,30.136              ,61.472              ,20.647              ,42.891              ,2425.000            ,2425.000            ,1940.000            ,1940.000            ,2425.000            ,2425.000            ,1940.000            ,1940.000            ,2425.000            ,0.757,0.755,0.825,0.832,0.96,0.95,0.83,0.83,14.974,5551.0,14500.0,21.899,202.0,45.66
2026-07-08 02:09:41,56.0,71.000              ,706.676,400.0,1200.0,0.0,56.0,56.000              ,56.0,56.0,56.0,56.0,56.0,56.0,56.0,60.367              ,40.130              ,60.776              ,50.332              ,69.086              ,36.079              ,69.383              ,32.717              ,52.359              ,1780.000            ,1780.000            ,2225.000            ,2225.000            ,1780.000            ,1780.000            ,1780.000            ,1780.000            ,2225.000            ,0.795,0.794,0.908,0.904,0.931,0.931,0.885,0.885,15.363,5563.0,14509.0,23.2,203.0,43.1
2026-07-08 02:09:42,56.0,71.000              ,706.676,200.0,1200.0,0.0,56.0,56.000              ,56.0,56.0,56.0,56.0,56.0,56.0,56.0,73.395              ,58.111              ,66.282              ,73.489              ,73.754              ,57.826              ,70.592              ,63.957              ,67.176              ,1600.000            ,1600.000            ,1920.000            ,1920.000            ,1600.000            ,1900.000            ,1900.000            ,1900.000            ,1920.000            ,0.785,0.791,0.875,0.873,0.82,0.823,0.861,0.889,14.862,5591.0,14514.0,22.693,204.0,44.07
2026-07-08 02:09:43,56.0,73.000              ,706.672,420.0,1200.0,0.0,56.0,56.000              ,56.0,56.0,56.0,56.0,56.0,56.0,56.0,64.597              ,56.928              ,65.192              ,70.712              ,67.323              ,52.097              ,66.691              ,69.678              ,64.152              ,1766.667            ,1766.667            ,1766.667            ,1766.667            ,1750.000            ,1750.000            ,2160.000            ,2160.000            ,2160.000            ,0.757,0.751,0.893,0.891,0.782,0.781,0.964,0.951,15.286,5519.0,14517.0,27.329,205.0,36.59
2026-07-08 02:09:44,56.0,77.000              ,706.672,461.0,1200.0,0.0,56.0,56.000              ,56.0,56.0,56.0,56.0,56.0,56.0,56.0,46.837              ,31.134              ,46.229              ,56.225              ,64.400              ,43.745              ,57.094              ,30.190              ,46.982              ,1666.667            ,1666.667            ,2000.000            ,2000.000            ,1683.333            ,1683.333            ,1683.333            ,1683.333            ,2000.000            ,0.652,0.652,0.864,0.852,0.982,0.984,0.726,0.724,14.91,5527.0,14516.0,24.487,206.0,40.84
2026-07-08 02:09:45,56.0,76.000              ,706.672,413.0,1200.0,0.0,56.0,56.000              ,56.0,56.0,56.0,56.0,56.0,56.0,56.0,51.870              ,46.987              ,49.700              ,70.192              ,76.014              ,72.304              ,62.055              ,33.096              ,57.777              ,1683.333            ,1683.333            ,1683.333            ,1683.333            ,2020.000            ,2020.000            ,1683.333            ,1683.333            ,2020.000            ,0.689,0.69,0.843,0.858,1.131,1.128,0.718,0.718,15.018,5537.0,14517.0,22.396,207.0,44.65
2026-07-08 02:09:46,56.0,75.000              ,706.668,590.0,1200.0,0.0,56.0,56.000              ,56.0,56.0,56.0,56.0,56.0,56.0,56.0,46.305              ,35.655              ,53.052              ,49.044              ,67.366              ,44.723              ,64.119              ,31.045              ,48.914              ,1633.333            ,1633.333            ,1633.333            ,1650.000            ,1980.000            ,1980.000            ,1650.000            ,1650.000            ,1980.000            ,0.613,0.613,0.726,0.723,0.946,0.944,0.814,0.814,14.905,5540.0,14516.0,25.271,208.0,39.57
2026-07-08 02:09:47,56.0,73.000              ,706.676,406.0,1200.0,0.0,56.0,56.000              ,56.0,56.0,56.0,56.0,56.0,56.0,56.0,43.015              ,26.198              ,52.606              ,38.284              ,59.793              ,24.338              ,63.705              ,20.448              ,41.048              ,1783.333            ,1783.333            ,1783.333            ,1800.000            ,2140.000            ,2140.000            ,1783.333            ,1783.333            ,2140.000            ,0.661,0.66,0.84,0.84,0.829,0.829,0.885,0.872,14.728,5547.0,14516.0,21.254,209.0,47.05
2026-07-08 02:09:48,56.0,69.000              ,706.672,516.0,1200.0,0.0,56.0,56.000              ,56.0,56.0,56.0,56.0,56.0,56.0,56.0,39.116              ,26.833              ,39.069              ,40.952              ,57.688              ,26.020              ,52.843              ,19.666              ,37.773              ,1960.000            ,1960.000            ,1960.000            ,1960.000            ,2450.000            ,2450.000            ,2500.000            ,2500.000            ,2500.000            ,0.704,0.704,0.808,0.798,0.974,0.974,0.808,0.819,15.159,5551.0,14514.0,26.399,210.0,37.88
2026-07-08 02:09:49,56.0,69.000              ,706.672,200.0,1200.0,0.0,56.0,56.000              ,56.0,56.0,56.0,56.0,56.0,56.0,56.0,52.258              ,32.130              ,43.132              ,48.907              ,58.598              ,39.459              ,63.764              ,22.081              ,45.041              ,1840.000            ,1840.000            ,2275.000            ,2275.000            ,1820.000            ,1820.000            ,2300.000            ,2300.000            ,2300.000            ,0.721,0.721,0.758,0.77,0.881,0.881,0.784,0.784,15.356,5555.0,14514.0,22.086,211.0,45.28
2026-07-08 02:09:50,56.0,70.000              ,706.668,508.0,1200.0,0.0,56.0,56.000              ,56.0,56.0,56.0,56.0,56.0,56.0,56.0,40.680              ,27.582              ,40.675              ,41.671              ,59.838              ,27.886              ,62.244              ,19.377              ,39.994              ,1780.000            ,1760.000            ,2200.000            ,2200.000            ,2200.000            ,2225.000            ,1780.000            ,1780.000            ,2225.000            ,0.676,0.676,0.732,0.73,0.924,0.927,0.824,0.825,14.883,5557.0,14513.0,23.223,212.0,43.06
2026-07-08 02:09:51,56.0,70.000              ,706.68,200.0,1200.0,0.0,56.0,56.000              ,56.0,56.0,56.0,56.0,56.0,56.0,56.0,40.786              ,23.388              ,45.356              ,34.067              ,61.871              ,20.160              ,62.622              ,15.451              ,37.963              ,1880.000            ,1880.000            ,2350.000            ,2350.000            ,1880.000            ,1880.000            ,1880.000            ,1880.000            ,2350.000            ,0.705,0.704,0.807,0.809,0.973,0.973,0.887,0.887,14.852,5560.0,14513.0,22.405,213.0,44.63
2026-07-08 02:09:52,56.0,69.000              ,706.684,516.0,1200.0,0.0,56.0,56.000              ,56.0,56.0,56.0,56.0,56.0,56.0,56.0,51.029              ,26.887              ,49.663              ,32.881              ,60.254              ,20.051              ,67.130              ,19.410              ,40.913              ,1880.000            ,1880.000            ,2350.000            ,2350.000            ,1880.000            ,1880.000            ,2350.000            ,2350.000            ,2350.000            ,0.775,0.765,0.786,0.786,0.87,0.868,0.95,0.948,15.129,5563.0,14514.0,20.525,214.0,48.72
2026-07-08 02:09:53,56.0,69.000              ,706.688,442.0,1200.0,0.0,56.0,56.000              ,56.0,56.0,56.0,56.0,56.0,56.0,56.0,37.444              ,22.485              ,50.596              ,24.851              ,65.067              ,18.343              ,52.367              ,12.882              ,35.504              ,1800.000            ,1800.000            ,2250.000            ,2250.000            ,2250.000            ,2250.000            ,1800.000            ,1800.000            ,2250.000            ,0.665,0.673,0.704,0.707,1.071,1.07,0.817,0.818,15.01,5564.0,14513.0,19.123,215.0,52.29
2026-07-08 02:09:54,56.0,70.000              ,706.68,200.0,1067.0,0.0,56.0,56.000              ,56.0,56.0,56.0,56.0,56.0,56.0,56.0,41.436              ,24.012              ,39.240              ,33.140              ,54.428              ,17.319              ,59.841              ,13.146              ,35.320              ,1940.000            ,1940.000            ,1960.000            ,1980.000            ,1980.000            ,1980.000            ,2475.000            ,2475.000            ,2475.000            ,0.8,0.8,0.819,0.815,0.91,0.912,0.992,0.991,14.938,5566.0,14516.0,22.005,216.0,45.44
2026-07-08 02:09:55,56.0,69.000              ,706.676,428.0,1200.0,0.0,56.0,56.000              ,56.0,56.0,56.0,56.0,56.0,56.0,56.0,46.138              ,23.127              ,48.698              ,28.284              ,46.534              ,21.114              ,54.475              ,17.836              ,35.776              ,2060.000            ,2060.000            ,2060.000            ,2060.000            ,2060.000            ,2060.000            ,2575.000            ,2575.000            ,2575.000            ,0.877,0.877,0.903,0.903,0.92,0.918,1.018,1.018,15.155,5566.0,14515.0,24.257,217.0,41.23
2026-07-08 02:09:56,56.0,69.000              ,706.684,420.0,1200.0,0.0,56.0,56.000              ,56.0,56.0,56.0,56.0,56.0,56.0,56.0,46.132              ,26.154              ,46.209              ,25.933              ,51.186              ,22.243              ,61.728              ,17.214              ,37.100              ,1980.000            ,1980.000            ,2475.000            ,2475.000            ,1980.000            ,1980.000            ,2475.000            ,2475.000            ,2475.000            ,0.802,0.802,0.759,0.759,0.875,0.875,1.04,1.04,14.904,5566.0,14514.0,29.607,218.0,33.78
2026-07-08 02:09:57,56.0,70.000              ,706.652,393.0,1200.0,0.0,56.0,56.000              ,56.0,56.0,56.0,56.0,56.0,56.0,56.0,42.240              ,23.383              ,45.571              ,26.571              ,65.009              ,13.157              ,51.621              ,17.909              ,35.683              ,1980.000            ,1980.000            ,1960.000            ,1960.000            ,2450.000            ,2450.000            ,1960.000            ,1960.000            ,2450.000            ,0.754,0.742,0.759,0.76,1.061,1.061,0.885,0.885,14.945,5568.0,14512.0,21.269,219.0,47.02
2026-07-08 02:09:58,56.0,69.000              ,706.656,200.0,1200.0,0.0,56.0,56.000              ,56.0,56.0,56.0,56.0,56.0,56.0,56.0,47.435              ,29.064              ,49.473              ,30.031              ,65.632              ,17.300              ,62.428              ,22.157              ,40.440              ,2000.000            ,2000.000            ,2000.000            ,2000.000            ,2500.000            ,2500.000            ,2000.000            ,2000.000            ,2500.000            ,0.733,0.745,0.736,0.734,0.934,0.934,0.921,0.921,15.179,5573.0,14513.0,19.943,220.0,50.14
2026-07-08 02:09:59,56.0,69.000              ,706.652,554.0,1200.0,0.0,56.0,56.000              ,56.0,56.0,56.0,56.0,56.0,56.0,56.0,45.165              ,24.204              ,46.908              ,26.567              ,65.407              ,26.381              ,51.273              ,21.731              ,38.455              ,1880.000            ,1880.000            ,1880.000            ,1880.000            ,1880.000            ,1880.000            ,2350.000            ,2350.000            ,2350.000            ,0.692,0.692,0.678,0.678,1.064,1.064,0.878,0.878,15.163,5572.0,14512.0,19.681,221.0,50.81
2026-07-08 02:10:00,56.0,70.000              ,706.648,200.0,1200.0,0.0,56.0,56.000              ,56.0,56.0,56.0,56.0,56.0,56.0,56.0,45.189              ,28.199              ,53.157              ,30.983              ,60.963              ,25.352              ,49.272              ,26.921              ,40.005              ,1860.000            ,1860.000            ,1860.000            ,1860.000            ,2325.000            ,2325.000            ,1860.000            ,1860.000            ,2325.000            ,0.732,0.72,0.768,0.768,0.967,0.967,0.792,0.792,14.832,5585.0,14514.0,22.776,222.0,43.91
2026-07-08 02:10:01,56.0,70.000              ,706.645,563.0,1067.0,0.0,56.0,56.000              ,56.0,56.0,56.0,56.0,56.0,56.0,56.0,42.137              ,23.505              ,61.693              ,28.941              ,53.398              ,25.837              ,63.857              ,15.584              ,39.369              ,2000.000            ,2000.000            ,2500.000            ,2500.000            ,2000.000            ,2000.000            ,2500.000            ,2500.000            ,2500.000            ,0.742,0.755,1.023,1.008,0.902,0.904,0.896,0.896,15.21,5583.0,14512.0,23.304,223.0,42.91
2026-07-08 02:10:02,55.0,71.000              ,706.656,533.0,1200.0,0.0,55.875,55.875              ,55.875,55.875,55.875,55.875,55.875,55.875,55.875,41.154              ,23.645              ,47.991              ,31.438              ,59.404              ,33.719              ,56.391              ,16.099              ,38.730              ,1820.000            ,1820.000            ,1820.000            ,1820.000            ,2275.000            ,2275.000            ,1820.000            ,1820.000            ,2275.000            ,0.625,0.625,0.716,0.726,1.026,1.024,0.741,0.741,15.117,5593.0,14512.0,25.548,224.0,39.14
2026-07-08 02:10:03,55.0,72.000              ,706.652,541.0,1200.0,0.0,55.75,55.750              ,55.75,55.75,55.75,55.75,55.75,55.75,55.75,43.750              ,24.781              ,43.964              ,26.703              ,65.040              ,24.754              ,52.323              ,19.955              ,37.659              ,1860.000            ,1860.000            ,1860.000            ,1860.000            ,2325.000            ,2325.000            ,1860.000            ,1860.000            ,2325.000            ,0.674,0.674,0.659,0.665,1.031,1.031,0.743,0.743,15.0,5596.0,14513.0,25.692,225.0,38.92
2026-07-08 02:10:04,55.0,69.000              ,706.652,476.0,1200.0,0.0,55.75,55.750              ,55.75,55.75,55.75,55.75,55.75,55.75,55.75,39.277              ,20.171              ,61.896              ,23.044              ,54.756              ,23.515              ,63.481              ,13.786              ,37.491              ,1920.000            ,1920.000            ,2375.000            ,2375.000            ,1900.000            ,1900.000            ,2375.000            ,2375.000            ,2375.000            ,0.705,0.704,0.867,0.86,0.947,0.947,0.944,0.945,14.959,5595.0,14513.0,24.109,226.0,41.48
2026-07-08 02:10:05,55.0,69.000              ,706.648,541.0,1200.0,0.0,55.75,55.750              ,55.75,55.75,55.75,55.75,55.75,55.75,55.75,44.846              ,24.437              ,55.813              ,29.394              ,59.275              ,21.908              ,69.859              ,15.901              ,40.179              ,1820.000            ,1820.000            ,2275.000            ,2275.000            ,1820.000            ,1820.000            ,2300.000            ,2300.000            ,2300.000            ,0.725,0.725,0.807,0.808,0.86,0.86,0.983,0.983,15.022,5597.0,14512.0,22.24,227.0,44.96
2026-07-08 02:10:06,55.0,70.000              ,706.645,545.0,1200.0,0.0,55.75,55.750              ,55.75,55.75,55.75,55.75,55.75,55.75,55.75,43.376              ,21.800              ,60.292              ,28.964              ,57.703              ,17.982              ,60.991              ,17.374              ,38.560              ,1880.000            ,1880.000            ,1880.000            ,1880.000            ,1880.000            ,1880.000            ,2350.000            ,2350.000            ,2350.000            ,0.694,0.694,0.94,0.932,0.856,0.866,0.881,0.881,15.185,5595.0,14513.0,19.859,228.0,50.36
2026-07-08 02:10:07,55.0,70.000              ,706.648,200.0,1200.0,0.0,55.75,55.750              ,55.75,55.75,55.75,55.75,55.75,55.75,55.75,38.087              ,19.450              ,47.364              ,32.105              ,61.781              ,19.992              ,48.168              ,14.862              ,35.226              ,1780.000            ,1780.000            ,2225.000            ,2225.000            ,2250.000            ,2250.000            ,1800.000            ,1780.000            ,2250.000            ,0.658,0.658,0.822,0.828,0.983,0.973,0.733,0.733,14.78,5602.0,14511.0,19.876,229.0,50.31
2026-07-08 02:10:08,55.0,69.000              ,706.645,420.0,1067.0,0.0,55.75,55.750              ,55.75,55.75,55.75,55.75,55.75,55.75,55.75,39.629              ,19.604              ,57.252              ,26.862              ,52.872              ,20.123              ,50.896              ,17.917              ,35.644              ,1920.000            ,1920.000            ,2400.000            ,2400.000            ,1920.000            ,1920.000            ,1920.000            ,1900.000            ,2400.000            ,0.754,0.742,1.029,1.031,0.908,0.908,0.831,0.834,14.939,5604.0,14511.0,22.491,230.0,44.46
2026-07-08 02:10:09,55.0,69.000              ,706.645,500.0,1200.0,0.0,55.75,55.750              ,55.75,55.75,55.75,55.75,55.75,55.75,55.75,36.695              ,21.676              ,42.956              ,29.551              ,58.917              ,19.897              ,48.315              ,13.899              ,33.988              ,2020.000            ,2020.000            ,2525.000            ,2525.000            ,2525.000            ,2525.000            ,2020.000            ,2020.000            ,2525.000            ,0.679,0.69,0.813,0.813,1.011,1.013,0.778,0.777,15.143,5604.0,14511.0,24.766,231.0,40.38
2026-07-08 02:10:10,55.0,70.000              ,706.648,435.0,1067.0,0.0,55.75,55.750              ,55.75,55.75,55.75,55.75,55.75,55.75,55.75,41.593              ,32.896              ,46.061              ,32.256              ,55.107              ,21.596              ,59.018              ,14.620              ,37.893              ,1940.000            ,1940.000            ,1940.000            ,1940.000            ,1940.000            ,1940.000            ,2425.000            ,2425.000            ,2425.000            ,0.796,0.796,0.82,0.819,0.929,0.932,0.946,0.944,14.887,5606.0,14511.0,25.941,232.0,38.55
2026-07-08 02:10:11,55.0,69.000              ,706.645,200.0,1200.0,0.0,55.75,55.750              ,55.75,55.75,55.75,55.75,55.75,55.75,55.75,42.570              ,28.211              ,49.857              ,27.049              ,61.364              ,14.175              ,54.878              ,17.515              ,36.952              ,2000.000            ,2000.000            ,2000.000            ,2000.000            ,2525.000            ,2525.000            ,2020.000            ,2020.000            ,2525.000            ,0.786,0.787,0.817,0.815,0.96,0.955,0.969,0.969,15.26,5607.0,14510.0,26.048,233.0,38.39
2026-07-08 02:10:12,55.0,68.000              ,706.645,413.0,1067.0,0.0,55.75,55.750              ,55.75,55.75,55.75,55.75,55.75,55.75,55.75,41.473              ,23.522              ,48.630              ,24.226              ,54.455              ,14.021              ,59.051              ,14.362              ,34.968              ,2000.000            ,2000.000            ,2000.000            ,2000.000            ,2000.000            ,2000.000            ,2500.000            ,2500.000            ,2500.000            ,0.748,0.749,0.787,0.787,0.918,0.918,0.984,0.973,14.855,5608.0,14510.0,21.639,234.0,46.21
2026-07-08 02:10:13,55.0,68.000              ,706.645,461.0,1067.0,0.0,55.75,55.750              ,55.75,55.75,55.75,55.75,55.75,55.75,55.75,39.244              ,27.053              ,51.189              ,31.106              ,53.513              ,19.386              ,53.966              ,19.822              ,36.910              ,1980.000            ,1980.000            ,1980.000            ,1980.000            ,1980.000            ,1980.000            ,2475.000            ,2475.000            ,2475.000            ,0.728,0.726,0.876,0.89,0.911,0.911,0.867,0.878,15.263,5611.0,14511.0,26.323,235.0,37.99
2026-07-08 02:10:14,55.0,70.000              ,706.645,428.0,1200.0,0.0,55.75,55.750              ,55.75,55.75,55.75,55.75,55.75,55.75,55.75,43.506              ,21.618              ,49.683              ,25.401              ,58.478              ,20.234              ,54.711              ,18.159              ,36.474              ,1860.000            ,1860.000            ,2325.000            ,2325.000            ,1860.000            ,1860.000            ,1860.000            ,1860.000            ,2325.000            ,0.747,0.748,0.765,0.751,1.003,1.003,0.863,0.862,14.737,5608.0,14510.0,24.678,236.0,40.52
2026-07-08 02:10:15,55.0,69.000              ,706.648,200.0,1200.0,0.0,55.75,55.750              ,55.75,55.75,55.75,55.75,55.75,55.75,55.75,46.928              ,22.174              ,45.950              ,24.325              ,57.229              ,21.296              ,63.244              ,15.867              ,37.127              ,2080.000            ,2080.000            ,2080.000            ,2080.000            ,2080.000            ,2080.000            ,2600.000            ,2600.000            ,2600.000            ,0.767,0.766,0.714,0.714,1.018,1.03,0.989,0.989,15.367,5618.0,14510.0,19.234,237.0,51.99
2026-07-08 02:10:16,55.0,68.000              ,706.652,500.0,1200.0,0.0,55.75,55.750              ,55.75,55.75,55.75,55.75,55.75,55.75,55.75,39.782              ,24.056              ,48.040              ,27.987              ,56.590              ,19.206              ,51.448              ,15.526              ,35.329              ,1920.000            ,1920.000            ,1920.000            ,1920.000            ,2400.000            ,2400.000            ,2400.000            ,2400.000            ,2400.000            ,0.729,0.729,0.841,0.841,0.955,0.943,0.791,0.794,14.82,5622.0,14509.0,22.79,238.0,43.88
2026-07-08 02:10:17,55.0,69.000              ,706.656,387.0,1200.0,0.0,55.75,55.750              ,55.75,55.75,55.75,55.75,55.75,55.75,55.75,45.786              ,23.000              ,48.166              ,32.264              ,56.317              ,20.535              ,58.476              ,16.572              ,37.640              ,1920.000            ,1920.000            ,1920.000            ,1920.000            ,2400.000            ,2425.000            ,1920.000            ,1920.000            ,2425.000            ,0.762,0.762,0.84,0.84,0.976,0.976,0.872,0.872,15.185,5618.0,14512.0,21.392,239.0,46.75
2026-07-08 02:10:18,55.0,68.000              ,706.656,375.0,1200.0,0.0,55.75,55.750              ,55.75,55.75,55.75,55.75,55.75,55.75,55.75,40.587              ,18.380              ,43.730              ,24.282              ,56.668              ,16.931              ,54.219              ,17.701              ,34.062              ,2000.000            ,2000.000            ,2000.000            ,2000.000            ,2000.000            ,2000.000            ,2525.000            ,2525.000            ,2525.000            ,0.768,0.771,0.774,0.774,1.005,1.005,0.979,0.977,14.933,5618.0,14512.0,20.832,240.0,48.0
2026-07-08 02:10:19,55.0,67.000              ,706.645,469.0,1067.0,0.0,55.75,55.750              ,55.75,55.75,55.75,55.75,55.75,55.75,55.75,36.912              ,26.562              ,43.590              ,25.301              ,74.873              ,15.390              ,46.188              ,15.338              ,35.519              ,1900.000            ,1900.000            ,1900.000            ,1900.000            ,2400.000            ,2400.000            ,1920.000            ,1920.000            ,2400.000            ,0.794,0.793,0.781,0.781,1.219,1.219,0.77,0.77,14.873,5618.0,14511.0,21.925,241.0,45.61
2026-07-08 02:10:20,55.0,69.000              ,706.652,200.0,1200.0,0.0,55.75,55.750              ,55.75,55.75,55.75,55.75,55.75,55.75,55.75,38.374              ,20.005              ,40.709              ,29.308              ,65.639              ,14.212              ,56.745              ,12.790              ,34.723              ,2000.000            ,2000.000            ,2000.000            ,2000.000            ,2500.000            ,2500.000            ,2000.000            ,2000.000            ,2500.000            ,0.754,0.753,0.799,0.799,1.117,1.117,0.894,0.896,15.231,5621.0,14511.0,25.677,242.0,38.95
2026-07-08 02:10:21,55.0,69.000              ,706.648,426.0,1200.0,0.0,55.75,55.750              ,55.75,55.75,55.75,55.75,55.75,55.75,55.75,46.407              ,20.238              ,42.505              ,29.103              ,64.404              ,12.528              ,57.105              ,16.605              ,36.112              ,2060.000            ,2060.000            ,2060.000            ,2060.000            ,2575.000            ,2575.000            ,2060.000            ,2060.000            ,2575.000            ,0.769,0.768,0.78,0.781,1.005,1.005,0.896,0.895,15.025,5622.0,14510.0,24.947,243.0,40.08
2026-07-08 02:10:22,55.0,69.000              ,706.656,461.0,1200.0,0.0,55.75,55.750              ,55.75,55.75,55.75,55.75,55.75,55.75,55.75,39.598              ,22.304              ,41.077              ,29.175              ,63.998              ,18.353              ,63.770              ,13.391              ,36.458              ,1980.000            ,1980.000            ,1980.000            ,1980.000            ,2475.000            ,2475.000            ,1980.000            ,1980.000            ,2475.000            ,0.728,0.728,0.756,0.757,1.035,1.034,0.998,0.999,15.023,5621.0,14511.0,19.582,244.0,51.07
2026-07-08 02:10:23,55.0,69.000              ,706.656,590.0,1200.0,0.0,55.75,55.750              ,55.75,55.75,55.75,55.75,55.75,55.75,55.75,44.985              ,28.760              ,40.089              ,42.448              ,59.914              ,24.190              ,57.997              ,16.948              ,39.416              ,1920.000            ,1920.000            ,1920.000            ,1920.000            ,2400.000            ,2400.000            ,2400.000            ,2400.000            ,2400.000            ,0.736,0.736,0.784,0.783,1.0,1.0,0.861,0.86,14.971,5620.0,14510.0,19.467,245.0,51.37
2026-07-08 02:10:24,55.0,69.000              ,706.656,200.0,1067.0,0.0,55.75,55.750              ,55.75,55.75,55.75,55.75,55.75,55.75,55.75,46.084              ,28.745              ,52.420              ,30.729              ,58.179              ,23.220              ,52.348              ,19.368              ,38.886              ,1880.000            ,1880.000            ,1860.000            ,1860.000            ,2325.000            ,2325.000            ,1860.000            ,1860.000            ,2325.000            ,0.788,0.788,0.811,0.807,0.963,0.963,0.819,0.819,14.986,5628.0,14510.0,22.538,246.0,44.37
2026-07-08 02:10:25,55.0,69.000              ,706.652,469.0,1067.0,0.0,55.75,55.750              ,55.75,55.75,55.75,55.75,55.75,55.75,55.75,49.054              ,29.147              ,50.346              ,29.867              ,57.112              ,23.794              ,54.637              ,18.178              ,39.017              ,2020.000            ,2020.000            ,2525.000            ,2525.000            ,2020.000            ,2020.000            ,2020.000            ,2020.000            ,2525.000            ,0.805,0.806,0.811,0.815,0.931,0.932,0.852,0.852,15.235,5635.0,14510.0,22.608,247.0,44.23
2026-07-08 02:10:26,55.0,69.000              ,706.668,442.0,1200.0,0.0,55.75,55.750              ,55.75,55.75,55.75,55.75,55.75,55.75,55.75,41.251              ,26.403              ,50.381              ,25.422              ,55.593              ,22.671              ,58.197              ,17.125              ,37.130              ,1920.000            ,1920.000            ,1920.000            ,1920.000            ,2400.000            ,2400.000            ,1920.000            ,1920.000            ,2400.000            ,0.751,0.751,0.809,0.809,0.975,0.973,0.935,0.935,15.028,5633.0,14511.0,23.255,248.0,43.0
2026-07-08 02:10:28,55.0,69.000              ,706.668,476.0,1067.0,0.0,55.75,55.750              ,55.75,55.75,55.75,55.75,55.75,55.75,55.75,42.862              ,26.891              ,51.373              ,38.832              ,62.209              ,24.424              ,50.886              ,38.447              ,41.991              ,1980.000            ,1980.000            ,2475.000            ,2500.000            ,2000.000            ,2000.000            ,2000.000            ,2000.000            ,2500.000            ,0.68,0.682,0.859,0.855,0.904,0.905,0.889,0.946,15.139,5619.0,14511.0,22.828,250.0,43.81
2026-07-08 02:10:28,55.0,69.000              ,706.664,387.0,1200.0,0.0,55.75,55.750              ,55.75,55.75,55.75,55.75,55.75,55.75,55.75,63.983              ,51.043              ,64.484              ,76.311              ,72.018              ,57.161              ,50.274              ,89.339              ,65.577              ,1780.000            ,1780.000            ,1780.000            ,1780.000            ,1760.000            ,1760.000            ,2200.000            ,2200.000            ,2200.000            ,0.751,0.746,0.914,0.92,0.887,0.886,0.975,0.899,15.224,5553.0,14520.0,29.567,250.0,33.82
2026-07-08 02:10:29,55.0,72.000              ,706.656,563.0,1200.0,0.0,55.75,55.750              ,55.75,55.75,55.75,55.75,55.75,55.75,55.75,45.074              ,34.091              ,51.659              ,35.774              ,60.436              ,25.765              ,60.842              ,22.459              ,42.013              ,1616.667            ,1616.667            ,1940.000            ,1940.000            ,1616.667            ,1616.667            ,1960.000            ,1960.000            ,1960.000            ,0.713,0.716,0.744,0.744,0.868,0.868,0.834,0.832,14.572,5561.0,14513.0,24.587,251.0,40.67
2026-07-08 02:10:30,55.0,70.000              ,706.652,393.0,1200.0,0.0,55.875,55.875              ,55.875,55.875,55.875,55.875,55.875,55.875,55.875,53.208              ,36.809              ,54.892              ,45.643              ,63.857              ,32.380              ,64.331              ,29.686              ,47.601              ,2500.000            ,2500.000            ,2500.000            ,2475.000            ,2475.000            ,2475.000            ,1980.000            ,1980.000            ,2500.000            ,0.801,0.793,0.926,0.932,0.963,0.963,0.948,0.949,15.582,5526.0,14516.0,21.834,252.0,45.8
2026-07-08 02:10:31,55.0,69.000              ,706.656,381.0,1200.0,0.0,55.875,55.875              ,55.875,55.875,55.875,55.875,55.875,55.875,55.875,59.908              ,51.298              ,69.590              ,73.881              ,78.827              ,62.970              ,70.224              ,43.986              ,63.835              ,1600.000            ,1600.000            ,1600.000            ,1600.000            ,1920.000            ,1940.000            ,1616.667            ,1616.667            ,1940.000            ,0.71,0.725,0.918,0.909,0.899,0.899,0.782,0.773,14.888,5433.0,14516.0,23.978,253.0,41.7
2026-07-08 02:10:32,55.0,73.000              ,707.664,200.0,1200.0,0.0,55.875,55.875              ,55.875,55.875,55.875,55.875,55.875,55.875,55.875,81.866              ,78.685              ,82.763              ,87.455              ,84.404              ,74.783              ,81.840              ,78.572              ,81.296              ,1840.000            ,1840.000            ,1840.000            ,1840.000            ,1840.000            ,1840.000            ,1533.333            ,1533.333            ,1840.000            ,0.811,0.803,0.911,0.911,0.84,0.84,0.858,0.868,15.25,5182.0,14522.0,27.014,254.0,37.02
2026-07-08 02:10:33,55.0,76.000              ,707.664,358.0,1200.0,0.0,55.875,55.875              ,55.875,55.875,55.875,55.875,55.875,55.875,55.875,78.746              ,67.975              ,80.804              ,82.559              ,81.038              ,70.244              ,75.629              ,72.303              ,76.162              ,1750.000            ,1750.000            ,1760.000            ,1760.000            ,1760.000            ,1760.000            ,1466.667            ,1500.000            ,1760.000            ,0.767,0.767,0.877,0.878,0.816,0.816,0.82,0.819,14.74,5021.0,14524.0,24.738,255.0,40.42
2026-07-08 02:10:34,55.0,76.000              ,707.668,426.0,1200.0,0.0,55.875,55.875              ,55.875,55.875,55.875,55.875,55.875,55.875,55.875,73.902              ,65.196              ,77.002              ,80.838              ,77.187              ,65.695              ,75.232              ,65.721              ,72.597              ,1533.333            ,1533.333            ,1840.000            ,1840.000            ,1550.000            ,1860.000            ,1860.000            ,1550.000            ,1860.000            ,0.742,0.735,0.9,0.9,0.796,0.797,0.772,0.772,14.945,4903.0,14528.0,22.364,256.0,44.71
2026-07-08 02:10:35,55.0,76.000              ,707.668,200.0,1200.0,0.0,55.875,55.875              ,55.875,55.875,55.875,55.875,55.875,55.875,55.875,63.601              ,61.142              ,69.701              ,71.591              ,75.786              ,52.382              ,71.523              ,45.227              ,63.869              ,1666.667            ,1666.667            ,2000.000            ,2000.000            ,1650.000            ,1650.000            ,1650.000            ,1650.000            ,2000.000            ,0.731,0.737,0.923,0.922,0.828,0.815,0.753,0.756,15.096,4808.0,14527.0,21.51,257.0,46.49
2026-07-08 02:10:36,55.0,77.000              ,707.672,428.0,1200.0,0.0,55.875,55.875              ,55.875,55.875,55.875,55.875,55.875,55.875,55.875,65.431              ,60.294              ,66.756              ,67.660              ,73.626              ,50.775              ,69.684              ,53.928              ,63.519              ,1616.667            ,1616.667            ,1940.000            ,1940.000            ,1940.000            ,1940.000            ,1616.667            ,1616.667            ,1940.000            ,0.758,0.758,0.89,0.894,0.832,0.845,0.802,0.802,14.95,4718.0,14531.0,23.348,258.0,42.83
2026-07-08 02:10:37,55.0,76.000              ,707.676,200.0,1200.0,0.0,55.875,55.875              ,55.875,55.875,55.875,55.875,55.875,55.875,55.875,64.911              ,56.472              ,65.611              ,62.984              ,71.024              ,50.713              ,67.699              ,48.610              ,61.003              ,1650.000            ,1650.000            ,1980.000            ,1980.000            ,1650.000            ,1650.000            ,1650.000            ,1650.000            ,1980.000            ,0.754,0.757,0.871,0.866,0.801,0.8,0.803,0.801,15.107,4622.0,14531.0,22.68,259.0,44.09
2026-07-08 02:10:38,56.0,75.000              ,707.641,442.0,1200.0,0.0,56.0,56.000              ,56.0,56.0,56.0,56.0,56.0,56.0,56.0,61.569              ,52.744              ,60.118              ,67.259              ,75.923              ,67.349              ,69.450              ,43.044              ,62.182              ,1600.000            ,1600.000            ,1583.333            ,1920.000            ,1920.000            ,1920.000            ,1600.000            ,1600.000            ,1920.000            ,0.698,0.696,0.823,0.823,0.95,0.95,0.738,0.739,15.011,4497.0,14532.0,23.031,260.0,43.42
2026-07-08 02:10:39,56.0,75.000              ,707.672,400.0,1200.0,0.0,56.0,56.000              ,56.0,56.0,56.0,56.0,56.0,56.0,56.0,66.275              ,54.424              ,66.318              ,70.243              ,71.463              ,56.244              ,71.733              ,58.796              ,64.437              ,1666.667            ,1666.667            ,2000.000            ,2020.000            ,1683.333            ,1683.333            ,2020.000            ,2020.000            ,2020.000            ,0.714,0.712,0.86,0.861,0.801,0.801,0.835,0.826,15.02,4403.0,14534.0,20.355,261.0,49.13
2026-07-08 02:10:40,56.0,77.000              ,707.676,420.0,1200.0,0.0,56.0,56.000              ,56.0,56.0,56.0,56.0,56.0,56.0,56.0,64.404              ,55.195              ,65.038              ,69.550              ,70.814              ,56.616              ,69.068              ,57.120              ,63.476              ,1550.000            ,1550.000            ,1860.000            ,1860.000            ,1550.000            ,1550.000            ,1550.000            ,1550.000            ,1860.000            ,0.696,0.698,0.851,0.85,0.795,0.796,0.812,0.819,15.045,4292.0,14536.0,22.906,262.0,43.66
2026-07-08 02:10:41,56.0,78.000              ,707.684,400.0,1200.0,0.0,56.0,56.000              ,56.0,56.0,56.0,56.0,56.0,56.0,56.0,74.779              ,65.760              ,61.771              ,68.849              ,75.306              ,67.455              ,67.236              ,43.997              ,65.644              ,1900.000            ,1900.000            ,1900.000            ,1900.000            ,1900.000            ,1880.000            ,1880.000            ,1880.000            ,1900.000            ,0.831,0.831,0.802,0.802,0.909,0.908,0.704,0.708,15.022,4170.0,14538.0,25.514,263.0,39.19
2026-07-08 02:10:42,56.0,76.000              ,707.684,420.0,1200.0,0.0,56.0,56.000              ,56.0,56.0,56.0,56.0,56.0,56.0,56.0,70.755              ,62.164              ,61.866              ,61.907              ,74.200              ,58.869              ,65.828              ,39.331              ,61.865              ,1980.000            ,1960.000            ,1960.000            ,1960.000            ,1960.000            ,1960.000            ,1633.333            ,1633.333            ,1980.000            ,0.836,0.836,0.801,0.801,0.883,0.885,0.714,0.7,14.928,4081.0,14538.0,21.067,264.0,47.47
2026-07-08 02:10:43,56.0,76.000              ,707.672,525.0,1200.0,0.0,56.0,56.000              ,56.0,56.0,56.0,56.0,56.0,56.0,56.0,64.391              ,58.575              ,64.008              ,60.047              ,72.187              ,55.299              ,66.435              ,35.266              ,59.526              ,1600.000            ,1600.000            ,1600.000            ,1600.000            ,1920.000            ,1920.000            ,1616.667            ,1616.667            ,1920.000            ,0.787,0.784,0.816,0.817,0.841,0.84,0.686,0.695,14.967,3987.0,14540.0,20.794,265.0,48.09
2026-07-08 02:10:44,56.0,72.000              ,707.672,400.0,1200.0,0.0,56.0,56.000              ,56.0,56.0,56.0,56.0,56.0,56.0,56.0,35.943              ,24.928              ,47.950              ,24.982              ,58.205              ,12.433              ,61.664              ,13.855              ,34.995              ,1820.000            ,1820.000            ,1820.000            ,1820.000            ,1820.000            ,1820.000            ,2275.000            ,2275.000            ,2275.000            ,0.613,0.613,0.702,0.7,0.792,0.792,0.876,0.869,14.722,3993.0,14537.0,23.973,266.0,41.71
2026-07-08 02:10:45,56.0,68.000              ,707.676,200.0,1067.0,0.0,56.0,56.000              ,56.0,56.0,56.0,56.0,56.0,56.0,56.0,49.303              ,22.298              ,49.507              ,27.017              ,48.479              ,15.233              ,58.054              ,12.734              ,35.328              ,1920.000            ,1920.000            ,2400.000            ,2400.000            ,1920.000            ,1920.000            ,1920.000            ,1920.000            ,2400.000            ,0.798,0.798,0.867,0.87,0.795,0.795,0.901,0.908,15.03,3995.0,14537.0,24.921,267.0,40.13
2026-07-08 02:10:46,56.0,69.000              ,707.676,200.0,1200.0,0.0,56.0,56.000              ,56.0,56.0,56.0,56.0,56.0,56.0,56.0,40.355              ,23.574              ,40.277              ,30.568              ,54.875              ,19.444              ,50.381              ,18.397              ,34.734              ,1940.000            ,1940.000            ,2425.000            ,2425.000            ,1960.000            ,1960.000            ,2450.000            ,2450.000            ,2450.000            ,0.702,0.702,0.71,0.709,0.885,0.885,0.823,0.824,15.123,3994.0,14536.0,24.317,268.0,41.12
2026-07-08 02:10:47,56.0,68.000              ,707.609,381.0,1200.0,0.0,56.0,56.000              ,56.0,56.0,56.0,56.0,56.0,56.0,56.0,43.394              ,23.121              ,49.180              ,26.280              ,61.128              ,13.105              ,56.517              ,11.799              ,35.566              ,1880.000            ,1880.000            ,1880.000            ,1880.000            ,2350.000            ,2350.000            ,1880.000            ,1880.000            ,2350.000            ,0.706,0.707,0.725,0.723,0.958,0.958,0.848,0.847,15.009,3997.0,14536.0,23.146,269.0,43.2
2026-07-08 02:10:48,56.0,67.000              ,707.617,200.0,1200.0,0.0,56.0,56.000              ,56.0,56.0,56.0,56.0,56.0,56.0,56.0,43.933              ,22.265              ,48.069              ,26.281              ,52.620              ,12.011              ,63.625              ,11.848              ,35.082              ,2375.000            ,2375.000            ,2375.000            ,2375.000            ,1900.000            ,1900.000            ,1900.000            ,1900.000            ,2375.000            ,0.775,0.774,0.798,0.799,0.835,0.835,0.979,0.979,15.021,4007.0,14536.0,20.508,270.0,48.76
2026-07-08 02:10:49,56.0,69.000              ,707.605,469.0,1200.0,0.0,56.0,56.000              ,56.0,56.0,56.0,56.0,56.0,56.0,56.0,45.032              ,22.188              ,47.945              ,24.703              ,60.470              ,13.925              ,62.094              ,14.124              ,36.310              ,1940.000            ,1940.000            ,1960.000            ,1960.000            ,1960.000            ,1960.000            ,2450.000            ,2450.000            ,2450.000            ,0.723,0.725,0.717,0.716,0.925,0.927,0.922,0.922,14.976,4007.0,14536.0,19.379,271.0,51.6
2026-07-08 02:10:50,56.0,70.000              ,707.762,484.0,1200.0,0.0,56.0,56.000              ,56.0,56.0,56.0,56.0,56.0,56.0,56.0,31.234              ,28.785              ,36.285              ,47.378              ,48.665              ,17.905              ,39.672              ,14.315              ,33.030              ,1920.000            ,1920.000            ,1920.000            ,1920.000            ,2400.000            ,2400.000            ,1920.000            ,1920.000            ,2400.000            ,0.678,0.676,0.984,0.984,0.787,0.787,0.66,0.66,15.253,4009.0,14537.0,23.255,272.0,43.0
2026-07-08 02:10:51,56.0,70.000              ,709.02,406.0,1067.0,0.0,56.0,56.000              ,56.0,56.0,56.0,56.0,56.0,56.0,56.0,42.343              ,24.656              ,42.604              ,34.808              ,56.637              ,16.041              ,49.235              ,15.897              ,35.278              ,1900.000            ,1900.000            ,2375.000            ,2375.000            ,1900.000            ,1900.000            ,1900.000            ,1900.000            ,2375.000            ,0.749,0.749,0.931,0.933,0.923,0.922,0.764,0.764,14.974,4013.0,14537.0,22.856,273.0,43.75
2026-07-08 02:10:52,56.0,70.000              ,709.539,420.0,1067.0,0.0,56.0,56.000              ,56.0,56.0,56.0,56.0,56.0,56.0,56.0,40.040              ,26.876              ,48.356              ,30.284              ,60.483              ,16.199              ,51.052              ,20.713              ,36.750              ,1920.000            ,1920.000            ,1900.000            ,1900.000            ,2375.000            ,2375.000            ,2375.000            ,2400.000            ,2400.000            ,0.691,0.691,0.751,0.75,0.88,0.88,0.79,0.79,15.043,4013.0,14537.0,24.332,274.0,41.1
2026-07-08 02:10:53,56.0,69.000              ,709.527,406.0,1200.0,0.0,56.0,56.000              ,56.0,56.0,56.0,56.0,56.0,56.0,56.0,39.846              ,30.060              ,56.532              ,29.257              ,57.939              ,18.086              ,56.112              ,16.714              ,38.068              ,1920.000            ,1920.000            ,1900.000            ,1900.000            ,2375.000            ,2375.000            ,1900.000            ,1900.000            ,2375.000            ,0.742,0.742,0.959,0.945,0.851,0.851,0.803,0.803,15.003,4032.0,14536.0,22.482,275.0,44.48
2026-07-08 02:10:54,56.0,69.000              ,709.527,484.0,1200.0,0.0,56.0,56.000              ,56.0,56.0,56.0,56.0,56.0,56.0,56.0,34.585              ,27.496              ,41.045              ,25.574              ,63.468              ,14.787              ,44.245              ,17.194              ,33.549              ,1920.000            ,1920.000            ,1920.000            ,1920.000            ,2400.000            ,2400.000            ,1920.000            ,1920.000            ,2400.000            ,0.673,0.673,0.681,0.689,0.995,0.995,0.723,0.723,15.137,4036.0,14536.0,23.704,276.0,42.19
2026-07-08 02:10:55,56.0,69.000              ,709.523,428.0,1200.0,0.0,56.0,56.000              ,56.0,56.0,56.0,56.0,56.0,56.0,56.0,48.775              ,24.159              ,48.578              ,28.752              ,63.667              ,14.695              ,50.338              ,20.444              ,37.426              ,1940.000            ,1940.000            ,1940.000            ,1940.000            ,2400.000            ,2400.000            ,1920.000            ,1920.000            ,2400.000            ,0.843,0.843,0.795,0.795,0.948,0.949,0.823,0.823,15.102,4044.0,14537.0,24.382,277.0,41.01
2026-07-08 02:10:56,56.0,69.000              ,709.531,461.0,1200.0,0.0,56.0,56.000              ,56.0,56.0,56.0,56.0,56.0,56.0,56.0,47.062              ,37.061              ,51.501              ,41.246              ,60.723              ,19.829              ,55.241              ,25.529              ,42.274              ,1820.000            ,1820.000            ,2275.000            ,2275.000            ,1820.000            ,1820.000            ,1820.000            ,1820.000            ,2275.000            ,0.76,0.762,0.896,0.9,0.828,0.828,0.828,0.818,14.882,4046.0,14540.0,28.102,278.0,35.58
2026-07-08 02:10:57,56.0,69.000              ,709.59,590.0,1200.0,0.0,56.0,56.000              ,56.0,56.0,56.0,56.0,56.0,56.0,56.0,60.251              ,39.887              ,55.207              ,55.346              ,65.903              ,32.273              ,62.668              ,36.636              ,51.021              ,1783.333            ,1783.333            ,2140.000            ,2120.000            ,1766.667            ,1766.667            ,1766.667            ,1766.667            ,2140.000            ,0.801,0.799,0.91,0.906,0.766,0.764,0.792,0.802,15.079,4059.0,14539.0,22.85,279.0,43.76
2026-07-08 02:10:58,56.0,67.000              ,709.602,200.0,1200.0,0.0,56.0,56.000              ,56.0,56.0,56.0,56.0,56.0,56.0,56.0,42.576              ,30.434              ,61.591              ,29.310              ,59.673              ,17.781              ,53.083              ,15.475              ,38.740              ,1860.000            ,1860.000            ,2325.000            ,2325.000            ,1860.000            ,1860.000            ,1860.000            ,1860.000            ,2325.000            ,0.777,0.778,0.996,0.998,0.901,0.903,0.821,0.821,15.086,4056.0,14537.0,20.459,280.0,48.88
2026-07-08 02:10:59,56.0,67.000              ,709.59,442.0,1067.0,0.0,56.0,56.000              ,56.0,56.0,56.0,56.0,56.0,56.0,56.0,35.687              ,28.288              ,56.677              ,29.251              ,66.214              ,15.260              ,51.050              ,16.475              ,37.363              ,1880.000            ,1880.000            ,2350.000            ,2350.000            ,1880.000            ,1880.000            ,1880.000            ,1880.000            ,2350.000            ,0.72,0.718,0.912,0.911,1.006,1.004,0.772,0.774,14.982,4065.0,14538.0,21.424,281.0,46.68
2026-07-08 02:11:00,56.0,70.000              ,709.594,406.0,1200.0,0.0,56.0,56.000              ,56.0,56.0,56.0,56.0,56.0,56.0,56.0,39.516              ,28.014              ,54.677              ,31.597              ,64.677              ,15.837              ,48.187              ,18.070              ,37.572              ,2020.000            ,2020.000            ,2020.000            ,2525.000            ,2525.000            ,2525.000            ,2020.000            ,2020.000            ,2525.000            ,0.781,0.781,0.963,0.964,1.027,1.027,0.812,0.81,14.891,4073.0,14539.0,27.239,282.0,36.71
2026-07-08 02:11:01,56.0,70.000              ,709.219,461.0,1200.0,0.0,56.0,56.000              ,56.0,56.0,56.0,56.0,56.0,56.0,56.0,37.940              ,30.897              ,42.513              ,26.900              ,65.368              ,15.876              ,41.930              ,16.413              ,34.730              ,2000.000            ,2000.000            ,2500.000            ,2500.000            ,2500.000            ,2500.000            ,2000.000            ,2000.000            ,2500.000            ,0.796,0.796,0.766,0.765,1.056,1.039,0.748,0.748,15.112,4075.0,14536.0,24.166,283.0,41.38
2026-07-08 02:11:02,56.0,69.000              ,711.109,461.0,1200.0,0.0,56.0,56.000              ,56.0,56.0,56.0,56.0,56.0,56.0,56.0,39.375              ,29.428              ,55.638              ,35.816              ,60.876              ,24.903              ,47.504              ,21.563              ,39.388              ,1920.000            ,1920.000            ,2400.000            ,2400.000            ,2400.000            ,2400.000            ,1920.000            ,1920.000            ,2400.000            ,0.729,0.729,0.947,0.95,0.999,1.015,0.764,0.764,15.171,4079.0,14539.0,26.859,284.0,37.23
2026-07-08 02:11:03,55.0,69.000              ,712.238,457.0,1067.0,0.0,55.875,55.875              ,55.875,55.875,55.875,55.875,55.875,55.875,55.875,38.710              ,22.544              ,64.389              ,24.645              ,46.334              ,18.256              ,49.086              ,16.810              ,35.097              ,1960.000            ,1960.000            ,2425.000            ,2425.000            ,1940.000            ,1940.000            ,1940.000            ,1940.000            ,2425.000            ,0.735,0.739,1.057,1.053,0.812,0.814,0.782,0.782,14.814,4082.0,14543.0,20.544,285.0,48.68
2026-07-08 02:11:04,55.0,70.000              ,712.238,469.0,1067.0,0.0,55.875,55.875              ,55.875,55.875,55.875,55.875,55.875,55.875,55.875,27.083              ,26.569              ,37.702              ,43.317              ,42.470              ,15.781              ,41.690              ,15.677              ,31.286              ,2000.000            ,2000.000            ,2500.000            ,2500.000            ,2000.000            ,2000.000            ,2000.000            ,2000.000            ,2500.000            ,0.675,0.671,1.059,1.059,0.764,0.762,0.747,0.747,15.026,4085.0,14545.0,23.437,286.0,42.67
2026-07-08 02:11:05,55.0,70.000              ,712.238,387.0,1200.0,0.0,55.875,55.875              ,55.875,55.875,55.875,55.875,55.875,55.875,55.875,42.487              ,20.759              ,61.639              ,22.588              ,56.367              ,20.619              ,53.199              ,16.522              ,36.772              ,2000.000            ,2000.000            ,2500.000            ,2500.000            ,2000.000            ,2000.000            ,2000.000            ,2000.000            ,2500.000            ,0.781,0.781,0.988,0.996,0.96,0.96,0.819,0.821,15.043,4090.0,14545.0,22.894,287.0,43.68
2026-07-08 02:11:06,55.0,70.000              ,713.258,435.0,1200.0,0.0,55.875,55.875              ,55.875,55.875,55.875,55.875,55.875,55.875,55.875,62.698              ,41.856              ,63.572              ,63.712              ,69.053              ,50.181              ,66.721              ,40.931              ,57.341              ,1880.000            ,1880.000            ,2350.000            ,2350.000            ,2350.000            ,2350.000            ,1880.000            ,1880.000            ,2350.000            ,0.788,0.788,1.023,1.015,0.953,0.944,0.832,0.831,15.423,4141.0,14552.0,23.226,288.0,43.06
2026-07-08 02:11:07,55.0,71.000              ,713.258,413.0,1200.0,0.0,55.75,55.750              ,55.75,55.75,55.75,55.75,55.75,55.75,55.75,52.304              ,36.012              ,53.479              ,56.947              ,61.312              ,31.975              ,61.790              ,28.344              ,47.770              ,1666.667            ,1666.667            ,2000.000            ,1980.000            ,1980.000            ,1650.000            ,1650.000            ,1650.000            ,2000.000            ,0.696,0.697,0.962,0.962,0.793,0.799,0.752,0.751,14.664,4140.0,14545.0,24.215,289.0,41.3
2026-07-08 02:11:08,55.0,70.000              ,713.273,400.0,1200.0,0.0,55.75,55.750              ,55.75,55.75,55.75,55.75,55.75,55.75,55.75,40.588              ,22.473              ,55.135              ,25.230              ,56.485              ,17.519              ,58.178              ,13.247              ,36.107              ,2040.000            ,2040.000            ,2550.000            ,2550.000            ,2550.000            ,2550.000            ,2040.000            ,2040.000            ,2550.000            ,0.776,0.776,0.934,0.934,0.994,0.994,0.923,0.923,14.956,4140.0,14542.0,23.779,290.0,42.05
2026-07-08 02:11:09,55.0,70.000              ,713.277,484.0,1200.0,0.0,55.75,55.750              ,55.75,55.75,55.75,55.75,55.75,55.75,55.75,46.999              ,20.531              ,43.804              ,36.691              ,49.413              ,13.174              ,39.885              ,13.614              ,33.014              ,2100.000            ,2100.000            ,2625.000            ,2625.000            ,2100.000            ,2100.000            ,2080.000            ,2080.000            ,2625.000            ,0.912,0.91,1.056,1.062,0.892,0.892,0.744,0.744,15.231,4140.0,14541.0,26.304,291.0,38.02
2026-07-08 02:11:10,55.0,70.000              ,713.238,413.0,1067.0,0.0,55.75,55.750              ,55.75,55.75,55.75,55.75,55.75,55.75,55.75,40.801              ,23.170              ,55.661              ,32.445              ,48.997              ,11.794              ,54.421              ,14.437              ,35.216              ,2020.000            ,2020.000            ,2525.000            ,2550.000            ,2040.000            ,2040.000            ,2040.000            ,2040.000            ,2550.000            ,0.838,0.838,1.122,1.116,0.846,0.846,0.862,0.862,15.058,4143.0,14540.0,25.256,292.0,39.59
2026-07-08 02:11:11,55.0,69.000              ,713.172,545.0,1200.0,0.0,55.75,55.750              ,55.75,55.75,55.75,55.75,55.75,55.75,55.75,32.594              ,32.708              ,55.207              ,23.039              ,50.631              ,13.900              ,55.620              ,12.884              ,34.573              ,1980.000            ,1980.000            ,1980.000            ,1980.000            ,1980.000            ,1980.000            ,2475.000            ,2500.000            ,2500.000            ,0.791,0.791,0.988,0.989,0.836,0.836,0.939,0.939,15.039,4145.0,14540.0,24.201,293.0,41.32
2026-07-08 02:11:12,55.0,70.000              ,713.238,413.0,1067.0,0.0,55.75,55.750              ,55.75,55.75,55.75,55.75,55.75,55.75,55.75,36.440              ,27.579              ,59.795              ,26.562              ,59.784              ,16.028              ,42.458              ,20.221              ,36.108              ,2000.000            ,2000.000            ,2500.000            ,2500.000            ,2000.000            ,2000.000            ,2000.000            ,2000.000            ,2500.000            ,0.793,0.793,1.016,1.014,0.953,0.953,0.831,0.831,14.876,4151.0,14540.0,21.603,294.0,46.29
2026-07-08 02:11:13,55.0,71.000              ,713.238,533.0,1200.0,0.0,55.75,55.750              ,55.75,55.75,55.75,55.75,55.75,55.75,55.75,31.645              ,24.469              ,44.341              ,20.992              ,58.262              ,11.365              ,43.035              ,15.069              ,31.147              ,2080.000            ,2080.000            ,2080.000            ,2080.000            ,2600.000            ,2600.000            ,2060.000            ,2060.000            ,2600.000            ,0.718,0.718,0.789,0.789,1.013,1.013,0.818,0.819,15.06,4151.0,14541.0,24.472,295.0,40.86
2026-07-08 02:11:14,55.0,71.000              ,713.199,200.0,1067.0,0.0,55.75,55.750              ,55.75,55.75,55.75,55.75,55.75,55.75,55.75,41.555              ,20.529              ,43.081              ,31.641              ,63.638              ,16.311              ,43.558              ,16.095              ,34.551              ,2040.000            ,2040.000            ,2040.000            ,2060.000            ,2575.000            ,2575.000            ,2060.000            ,2060.000            ,2575.000            ,0.792,0.792,0.826,0.822,1.109,1.109,0.803,0.804,15.111,4150.0,14540.0,23.861,296.0,41.91
2026-07-08 02:11:15,55.0,71.000              ,711.734,200.0,1200.0,0.0,55.75,55.750              ,55.75,55.75,55.75,55.75,55.75,55.75,55.75,36.695              ,20.773              ,42.137              ,24.826              ,58.490              ,14.315              ,42.874              ,13.734              ,31.731              ,2100.000            ,2100.000            ,2625.000            ,2600.000            ,2080.000            ,2080.000            ,2080.000            ,2080.000            ,2625.000            ,0.735,0.749,0.795,0.787,1.067,1.089,0.773,0.773,15.104,4152.0,14539.0,26.363,297.0,37.93
2026-07-08 02:11:16,55.0,69.000              ,711.801,476.0,1200.0,0.0,55.75,55.750              ,55.75,55.75,55.75,55.75,55.75,55.75,55.75,50.238              ,31.744              ,44.265              ,34.239              ,61.119              ,28.141              ,54.292              ,22.435              ,40.809              ,2060.000            ,2060.000            ,2040.000            ,2040.000            ,2550.000            ,2550.000            ,2040.000            ,2040.000            ,2550.000            ,0.85,0.837,0.772,0.784,1.084,1.061,0.813,0.811,14.818,4181.0,14539.0,30.024,298.0,33.31
2026-07-08 02:11:17,55.0,69.000              ,711.793,200.0,1200.0,0.0,55.75,55.750              ,55.75,55.75,55.75,55.75,55.75,55.75,55.75,39.436              ,27.253              ,51.617              ,27.288              ,60.065              ,18.484              ,61.753              ,18.432              ,38.041              ,2060.000            ,2060.000            ,2060.000            ,2060.000            ,2575.000            ,2575.000            ,2060.000            ,2060.000            ,2575.000            ,0.793,0.791,0.854,0.854,0.982,0.983,0.989,0.989,15.026,4189.0,14541.0,22.373,299.0,44.7
2026-07-08 02:11:18,55.0,68.000              ,713.078,457.0,1200.0,0.0,55.75,55.750              ,55.75,55.75,55.75,55.75,55.75,55.75,55.75,34.087              ,23.563              ,56.602              ,22.516              ,55.330              ,11.020              ,54.307              ,12.238              ,33.708              ,2080.000            ,2080.000            ,2600.000            ,2600.000            ,2080.000            ,2080.000            ,2080.000            ,2080.000            ,2600.000            ,0.765,0.767,0.992,0.992,0.927,0.926,0.924,0.926,15.098,4191.0,14539.0,21.51,300.0,46.49
2026-07-08 02:11:19,55.0,69.000              ,713.047,492.0,1200.0,0.0,55.75,55.750              ,55.75,55.75,55.75,55.75,55.75,55.75,55.75,33.196              ,26.443              ,48.940              ,22.322              ,53.413              ,17.338              ,55.684              ,12.221              ,33.695              ,2040.000            ,2040.000            ,2550.000            ,2550.000            ,2040.000            ,2040.000            ,2040.000            ,2040.000            ,2550.000            ,0.779,0.777,0.887,0.887,0.996,0.996,0.95,0.949,15.005,4193.0,14540.0,25.215,301.0,39.66
2026-07-08 02:11:20,55.0,71.000              ,713.086,492.0,1067.0,0.0,55.75,55.750              ,55.75,55.75,55.75,55.75,55.75,55.75,55.75,37.934              ,22.595              ,59.316              ,22.463              ,52.879              ,17.512              ,51.741              ,15.844              ,35.036              ,2000.000            ,2000.000            ,2500.000            ,2500.000            ,2000.000            ,2000.000            ,2020.000            ,2020.000            ,2500.000            ,0.72,0.72,0.941,0.942,0.885,0.89,0.886,0.886,15.114,4196.0,14540.0,20.858,302.0,47.94
2026-07-08 02:11:21,55.0,70.000              ,713.047,476.0,1200.0,0.0,55.5,55.500              ,55.5,55.5,55.5,55.5,55.5,55.5,55.5,32.008              ,24.208              ,42.165              ,15.547              ,54.700              ,15.658              ,41.509              ,11.450              ,29.656              ,1980.000            ,1980.000            ,1980.000            ,1980.000            ,2475.000            ,2475.000            ,1980.000            ,1980.000            ,2475.000            ,0.748,0.748,0.724,0.725,1.082,1.077,0.771,0.771,15.073,4198.0,14540.0,21.004,303.0,47.61
2026-07-08 02:11:22,55.0,68.000              ,713.082,387.0,1067.0,0.0,55.5,55.500              ,55.5,55.5,55.5,55.5,55.5,55.5,55.5,38.721              ,20.642              ,49.058              ,24.401              ,49.981              ,11.931              ,47.243              ,12.640              ,31.827              ,2040.000            ,2040.000            ,2040.000            ,2040.000            ,2550.000            ,2550.000            ,2040.000            ,2040.000            ,2550.000            ,0.833,0.833,0.958,0.962,0.982,0.982,0.896,0.896,14.953,4200.0,14540.0,22.16,304.0,45.13
2026-07-08 02:11:23,55.0,69.000              ,713.047,442.0,1200.0,0.0,55.5,55.500              ,55.5,55.5,55.5,55.5,55.5,55.5,55.5,39.544              ,25.361              ,53.368              ,28.829              ,48.510              ,20.608              ,51.946              ,14.169              ,35.292              ,2100.000            ,2100.000            ,2100.000            ,2100.000            ,2100.000            ,2100.000            ,2625.000            ,2625.000            ,2625.000            ,0.835,0.835,1.059,1.052,0.928,0.928,0.905,0.908,14.88,4200.0,14541.0,24.068,305.0,41.55
2026-07-08 02:11:24,55.0,70.000              ,712.664,428.0,1200.0,0.0,55.5,55.500              ,55.5,55.5,55.5,55.5,55.5,55.5,55.5,45.438              ,27.449              ,48.940              ,27.007              ,57.699              ,17.893              ,53.709              ,16.347              ,36.810              ,2140.000            ,2140.000            ,2140.000            ,2140.000            ,2140.000            ,2140.000            ,2675.000            ,2675.000            ,2675.000            ,0.884,0.884,0.891,0.891,1.059,1.07,0.952,0.949,15.314,4200.0,14540.0,28.425,306.0,35.18
2026-07-08 02:11:25,55.0,70.000              ,712.68,428.0,1200.0,0.0,55.625,55.625              ,55.625,55.625,55.625,55.625,55.625,55.625,55.625,44.486              ,27.880              ,53.818              ,25.476              ,53.202              ,14.588              ,53.242              ,13.834              ,35.816              ,1960.000            ,1960.000            ,1960.000            ,1960.000            ,2450.000            ,2450.000            ,1980.000            ,1980.000            ,2450.000            ,0.859,0.859,0.956,0.956,0.918,0.907,0.859,0.861,15.02,4200.0,14540.0,24.787,307.0,40.34
2026-07-08 02:11:26,55.0,69.000              ,712.945,457.0,1067.0,0.0,55.625,55.625              ,55.625,55.625,55.625,55.625,55.625,55.625,55.625,45.368              ,22.531              ,51.044              ,25.306              ,55.157              ,14.391              ,55.309              ,14.967              ,35.509              ,2040.000            ,2040.000            ,2550.000            ,2550.000            ,2040.000            ,2040.000            ,2550.000            ,2550.000            ,2550.000            ,0.852,0.854,0.941,0.943,0.946,0.946,0.869,0.867,14.952,4200.0,14540.0,19.216,308.0,52.04
2026-07-08 02:11:27,55.0,69.000              ,712.934,461.0,1200.0,0.0,55.625,55.625              ,55.625,55.625,55.625,55.625,55.625,55.625,55.625,42.433              ,23.922              ,43.117              ,27.016              ,58.942              ,18.025              ,43.446              ,17.175              ,34.259              ,1920.000            ,1920.000            ,1920.000            ,1920.000            ,2400.000            ,2400.000            ,1920.000            ,1920.000            ,2400.000            ,0.76,0.758,0.745,0.743,0.974,0.974,0.716,0.716,15.137,4204.0,14540.0,20.117,309.0,49.71
2026-07-08 02:11:28,55.0,70.000              ,712.863,420.0,1067.0,0.0,55.625,55.625              ,55.625,55.625,55.625,55.625,55.625,55.625,55.625,38.108              ,21.564              ,43.357              ,27.493              ,65.396              ,14.244              ,48.760              ,16.008              ,34.366              ,1900.000            ,1900.000            ,2375.000            ,2375.000            ,1900.000            ,1900.000            ,1920.000            ,1920.000            ,2375.000            ,0.756,0.756,0.808,0.808,1.055,1.055,0.784,0.784,14.904,4206.0,14540.0,22.389,310.0,44.66
2026-07-08 02:11:29,55.0,70.000              ,712.926,200.0,1200.0,0.0,55.625,55.625              ,55.625,55.625,55.625,55.625,55.625,55.625,55.625,39.115              ,23.291              ,44.875              ,27.478              ,56.149              ,17.634              ,47.234              ,12.551              ,33.541              ,2040.000            ,2040.000            ,2550.000            ,2550.000            ,2040.000            ,2040.000            ,2020.000            ,2020.000            ,2550.000            ,0.685,0.687,0.802,0.802,0.916,0.916,0.722,0.722,15.322,4205.0,14540.0,25.151,311.0,39.76
2026-07-08 02:11:30,55.0,69.000              ,712.922,375.0,1067.0,0.0,55.625,55.625              ,55.625,55.625,55.625,55.625,55.625,55.625,55.625,46.243              ,22.402              ,42.543              ,28.786              ,57.821              ,16.564              ,60.772              ,15.136              ,36.283              ,1880.000            ,1880.000            ,1880.000            ,1880.000            ,2350.000            ,2350.000            ,1860.000            ,1860.000            ,2350.000            ,0.769,0.767,0.711,0.711,0.92,0.92,0.958,0.959,14.826,4209.0,14539.0,22.712,312.0,44.03
2026-07-08 02:11:31,55.0,68.000              ,712.926,381.0,1067.0,0.0,55.625,55.625              ,55.625,55.625,55.625,55.625,55.625,55.625,55.625,37.544              ,20.333              ,40.480              ,24.540              ,56.512              ,21.740              ,54.081              ,14.875              ,33.763              ,2060.000            ,2060.000            ,2060.000            ,2060.000            ,2575.000            ,2575.000            ,2600.000            ,2600.000            ,2600.000            ,0.772,0.772,0.805,0.805,1.107,1.107,0.954,0.953,15.048,4209.0,14539.0,21.043,313.0,47.52
2026-07-08 02:11:32,55.0,68.000              ,711.926,428.0,1067.0,0.0,55.625,55.625              ,55.625,55.625,55.625,55.625,55.625,55.625,55.625,46.238              ,20.452              ,41.395              ,39.954              ,59.135              ,16.876              ,53.734              ,13.502              ,36.411              ,2000.000            ,2000.000            ,2000.000            ,2000.000            ,2500.000            ,2500.000            ,2000.000            ,2000.000            ,2500.000            ,0.777,0.779,0.916,0.916,1.005,1.005,0.842,0.842,14.985,4220.0,14539.0,20.243,314.0,49.4
2026-07-08 02:11:33,55.0,68.000              ,709.676,500.0,1067.0,0.0,55.625,55.625              ,55.625,55.625,55.625,55.625,55.625,55.625,55.625,41.430              ,22.065              ,39.940              ,26.373              ,61.699              ,15.510              ,56.479              ,15.819              ,34.914              ,2060.000            ,2060.000            ,2060.000            ,2060.000            ,2600.000            ,2600.000            ,2080.000            ,2080.000            ,2600.000            ,0.791,0.789,0.778,0.78,1.107,1.109,0.91,0.91,14.928,4220.0,14539.0,18.733,315.0,53.38
2026-07-08 02:11:34,55.0,69.000              ,709.676,200.0,1200.0,0.0,55.625,55.625              ,55.625,55.625,55.625,55.625,55.625,55.625,55.625,44.235              ,34.998              ,54.493              ,65.111              ,60.904              ,30.021              ,52.443              ,28.106              ,46.289              ,1980.000            ,1980.000            ,2475.000            ,2500.000            ,2000.000            ,1980.000            ,1980.000            ,1980.000            ,2500.000            ,0.713,0.714,1.13,1.128,0.84,0.838,0.752,0.752,15.395,4240.0,14541.0,23.781,316.0,42.05
2026-07-08 02:11:35,55.0,70.000              ,706.336,428.0,1200.0,0.0,55.75,55.750              ,55.75,55.75,55.75,55.75,55.75,55.75,55.75,61.524              ,45.183              ,66.230              ,73.969              ,67.442              ,43.667              ,62.604              ,44.173              ,58.099              ,1820.000            ,1800.000            ,2250.000            ,2250.000            ,2250.000            ,2250.000            ,1800.000            ,1800.000            ,2250.000            ,0.78,0.768,1.093,1.095,0.846,0.846,0.782,0.782,15.084,4267.0,14493.0,31.141,317.0,32.11
2026-07-08 02:11:36,55.0,71.000              ,704.832,461.0,1200.0,0.0,55.75,55.750              ,55.75,55.75,55.75,55.75,55.75,55.75,55.75,41.557              ,29.087              ,41.621              ,52.368              ,59.767              ,17.235              ,47.473              ,17.492              ,38.325              ,1800.000            ,1800.000            ,2160.000            ,2160.000            ,1800.000            ,1800.000            ,1800.000            ,1800.000            ,2160.000            ,0.71,0.724,0.996,0.994,0.782,0.785,0.674,0.674,14.773,4267.0,14490.0,22.924,318.0,43.62
2026-07-08 02:11:37,55.0,71.000              ,704.836,200.0,1200.0,0.0,55.75,55.750              ,55.75,55.75,55.75,55.75,55.75,55.75,55.75,38.181              ,21.359              ,38.944              ,51.229              ,68.404              ,11.677              ,45.443              ,11.085              ,35.790              ,1920.000            ,1920.000            ,2400.000            ,2400.000            ,1920.000            ,1920.000            ,1920.000            ,1920.000            ,2400.000            ,0.731,0.727,1.111,1.116,0.897,0.893,0.711,0.711,14.972,4267.0,14490.0,24.046,319.0,41.59
2026-07-08 02:11:38,55.0,69.000              ,704.836,500.0,1200.0,0.0,55.75,55.750              ,55.75,55.75,55.75,55.75,55.75,55.75,55.75,37.871              ,21.105              ,39.740              ,35.832              ,55.342              ,11.822              ,54.656              ,13.364              ,33.716              ,1980.000            ,1980.000            ,2475.000            ,2475.000            ,1980.000            ,1960.000            ,1960.000            ,1960.000            ,2475.000            ,0.715,0.705,0.885,0.88,0.863,0.863,0.835,0.837,15.038,4267.0,14487.0,23.946,320.0,41.76
2026-07-08 02:11:39,55.0,69.000              ,704.844,435.0,1067.0,0.0,55.75,55.750              ,55.75,55.75,55.75,55.75,55.75,55.75,55.75,33.271              ,23.899              ,51.647              ,30.253              ,65.166              ,12.107              ,45.894              ,15.694              ,34.741              ,2040.000            ,2040.000            ,2550.000            ,2550.000            ,2550.000            ,2550.000            ,2040.000            ,2040.000            ,2550.000            ,0.743,0.753,0.956,0.956,1.08,1.082,0.815,0.815,14.99,4267.0,14485.0,22.296,321.0,44.85
2026-07-08 02:11:40,55.0,70.000              ,704.848,435.0,1067.0,0.0,55.75,55.750              ,55.75,55.75,55.75,55.75,55.75,55.75,55.75,41.137              ,33.265              ,50.133              ,39.506              ,65.855              ,18.383              ,43.844              ,14.250              ,38.297              ,2000.000            ,2000.000            ,2525.000            ,2525.000            ,2020.000            ,2020.000            ,2000.000            ,2000.000            ,2525.000            ,0.837,0.84,1.017,1.017,1.018,1.016,0.689,0.687,14.989,4268.0,14485.0,20.392,322.0,49.04
2026-07-08 02:11:41,55.0,71.000              ,704.832,484.0,1200.0,0.0,55.75,55.750              ,55.75,55.75,55.75,55.75,55.75,55.75,55.75,37.355              ,25.498              ,48.768              ,26.862              ,73.981              ,14.860              ,41.931              ,16.547              ,35.725              ,1960.000            ,1960.000            ,1960.000            ,1940.000            ,2425.000            ,2425.000            ,1940.000            ,1940.000            ,2425.000            ,0.788,0.785,0.81,0.81,1.19,1.19,0.756,0.756,14.989,4267.0,14484.0,19.091,323.0,52.38
2026-07-08 02:11:42,55.0,71.000              ,707.621,500.0,1200.0,0.0,55.75,55.750              ,55.75,55.75,55.75,55.75,55.75,55.75,55.75,37.599              ,24.577              ,32.492              ,57.831              ,59.794              ,14.075              ,47.289              ,16.065              ,36.215              ,2060.000            ,2060.000            ,2575.000            ,2575.000            ,2575.000            ,2575.000            ,2060.000            ,2060.000            ,2575.000            ,0.781,0.781,1.224,1.224,0.905,0.905,0.777,0.777,15.204,4269.0,14484.0,25.882,324.0,38.64
2026-07-08 02:11:43,55.0,72.000              ,707.625,563.0,1200.0,0.0,55.5,55.500              ,55.5,55.5,55.5,55.5,55.5,55.5,55.5,35.289              ,17.998              ,39.982              ,29.621              ,56.204              ,8.507               ,37.550              ,11.974              ,29.641              ,1940.000            ,1940.000            ,2425.000            ,2425.000            ,1940.000            ,1940.000            ,1940.000            ,1920.000            ,2425.000            ,0.718,0.718,0.934,0.934,0.954,0.954,0.696,0.696,14.905,4273.0,14484.0,23.766,325.0,42.08
2026-07-08 02:11:44,55.0,71.000              ,707.621,428.0,1200.0,0.0,55.5,55.500              ,55.5,55.5,55.5,55.5,55.5,55.5,55.5,30.584              ,20.676              ,49.870              ,18.371              ,69.629              ,7.900               ,41.639              ,9.889               ,31.070              ,2060.000            ,2060.000            ,2060.000            ,2060.000            ,2575.000            ,2575.000            ,2060.000            ,2060.000            ,2575.000            ,0.745,0.745,0.866,0.866,1.242,1.242,0.817,0.817,15.146,4268.0,14483.0,21.863,326.0,45.74
2026-07-08 02:11:45,55.0,70.000              ,707.652,484.0,1200.0,0.0,55.5,55.500              ,55.5,55.5,55.5,55.5,55.5,55.5,55.5,32.941              ,21.270              ,37.592              ,30.203              ,44.098              ,15.292              ,41.454              ,12.968              ,29.477              ,2120.000            ,2120.000            ,2120.000            ,2120.000            ,2625.000            ,2625.000            ,2100.000            ,2100.000            ,2625.000            ,0.749,0.749,0.925,0.926,0.888,0.888,0.821,0.821,14.957,4281.0,14484.0,26.12,327.0,38.28
2026-07-08 02:11:46,55.0,70.000              ,715.867,200.0,1200.0,0.0,55.5,55.500              ,55.5,55.5,55.5,55.5,55.5,55.5,55.5,40.928              ,18.497              ,43.389              ,30.887              ,50.507              ,14.511              ,51.806              ,15.287              ,33.227              ,2100.000            ,2100.000            ,2100.000            ,2100.000            ,2625.000            ,2625.000            ,2100.000            ,2080.000            ,2625.000            ,0.784,0.786,0.934,0.932,0.983,0.983,0.959,0.959,15.274,4279.0,14497.0,26.302,328.0,38.02
2026-07-08 02:11:47,55.0,70.000              ,715.863,200.0,933.0,0.0,55.5,55.500              ,55.5,55.5,55.5,55.5,55.5,55.5,55.5,37.485              ,23.700              ,48.535              ,34.781              ,53.630              ,18.093              ,46.708              ,14.415              ,34.668              ,1760.000            ,1760.000            ,1760.000            ,1760.000            ,2200.000            ,2180.000            ,1800.000            ,1800.000            ,2200.000            ,0.668,0.666,1.016,1.016,0.789,0.789,0.693,0.693,14.17,4288.0,14488.0,24.169,329.0,41.38
2026-07-08 02:11:48,56.0,39.000              ,715.863,200.0,933.0,0.0,56.125,56.125              ,56.125,56.125,56.125,56.125,56.125,56.125,56.125,9.649               ,7.009               ,58.743              ,6.218               ,21.938              ,6.341               ,30.839              ,3.997               ,18.092              ,2000.000            ,2000.000            ,3500.000            ,3500.000            ,2333.333            ,2333.333            ,2640.000            ,2640.000            ,3500.000            ,0.703,0.703,2.422,2.426,0.932,0.936,1.215,1.258,12.585,4291.0,14418.0,0.0,330.0,
2026-07-08 02:11:49,57.0,4.000               ,715.863,200.0,933.0,0.0,57.0,57.000              ,57.0,57.0,57.0,57.0,57.0,57.0,57.0,18.328              ,20.703              ,64.777              ,15.822              ,19.626              ,10.089              ,26.601              ,7.390               ,22.917              ,2333.333            ,2333.333            ,3500.000            ,3500.000            ,2800.000            ,2800.000            ,3450.000            ,3450.000            ,3500.000            ,1.311,1.311,2.382,2.378,1.184,1.183,1.149,1.101,14.434,3864.0,13960.0,0.0,331.0,
2026-07-08 02:11:50,57.0,0.000               ,715.863,200.0,933.0,0.0,57.625,57.625              ,57.625,57.625,57.625,57.625,57.625,57.625,57.625,15.435              ,5.685               ,76.026              ,5.761               ,22.483              ,4.852               ,9.465               ,18.560              ,19.783              ,2333.333            ,2333.333            ,3500.000            ,3500.000            ,2333.333            ,2333.333            ,2333.333            ,2333.333            ,3500.000            ,0.931,0.931,3.277,3.277,1.096,1.093,1.077,1.077,13.856,3793.0,13105.0,0.0,332.0,
2026-07-08 02:11:51,57.0,0.000               ,715.863,200.0,933.0,0.0,57.625,57.625              ,57.625,57.625,57.625,57.625,57.625,57.625,57.625,21.499              ,6.154               ,64.147              ,15.576              ,28.379              ,12.440              ,16.530              ,2.814               ,20.942              ,2333.333            ,2333.333            ,3500.000            ,3500.000            ,2800.000            ,2800.000            ,2800.000            ,2800.000            ,3500.000            ,1.166,1.166,2.752,2.752,1.607,1.605,0.923,0.923,14.537,3660.0,12917.0,0.0,333.0,
2026-07-08 02:11:52,57.0,0.000               ,715.863,200.0,933.0,0.0,57.625,57.625              ,57.625,57.625,57.625,57.625,57.625,57.625,57.625,14.170              ,9.080               ,73.774              ,4.015               ,15.611              ,11.643              ,6.126               ,3.864               ,17.286              ,2333.333            ,2333.333            ,3500.000            ,3500.000            ,2333.333            ,2333.333            ,2333.333            ,2333.333            ,3500.000            ,1.053,1.053,3.288,3.288,1.042,1.038,0.664,0.664,13.113,3511.0,12089.0,0.0,334.0,
2026-07-08 02:11:53,57.0,0.000               ,668.52,200.0,1067.0,0.0,57.75,57.750              ,57.75,57.75,57.75,57.75,57.75,57.75,57.75,21.786              ,16.629              ,13.937              ,57.381              ,36.437              ,5.704               ,23.614              ,4.780               ,22.534              ,2650.000            ,2650.000            ,2650.000            ,2650.000            ,2650.000            ,2650.000            ,2650.000            ,2650.000            ,2650.000            ,1.549,1.554,2.533,2.532,1.674,1.678,1.196,1.196,14.906,3376.0,11683.0,5498.69,335.0,0.18
2026-07-08 02:11:54,58.0,0.000               ,668.52,200.0,933.0,0.0,58.375,58.375              ,58.375,58.375,58.375,58.375,58.375,58.375,58.375,16.060              ,5.397               ,11.063              ,78.418              ,32.651              ,11.228              ,12.106              ,2.776               ,21.213              ,2333.333            ,2333.333            ,3500.000            ,3500.000            ,2333.333            ,2333.333            ,2333.333            ,2333.333            ,3500.000            ,0.909,0.91,4.115,4.143,1.656,1.648,0.86,0.86,14.691,3367.0,11705.0,0.0,336.0,
2026-07-08 02:11:55,58.0,0.000               ,628.246,200.0,933.0,0.0,58.75,58.750              ,58.75,58.75,58.75,58.75,58.75,58.75,58.75,20.431              ,10.340              ,17.773              ,79.812              ,41.343              ,14.028              ,18.044              ,9.968               ,26.467              ,2333.333            ,2333.333            ,3500.000            ,3500.000            ,2333.333            ,2333.333            ,2333.333            ,2333.333            ,3500.000            ,1.206,1.2,4.117,4.117,2.081,2.081,1.192,1.195,16.328,3339.0,11326.0,2563.506,337.0,0.39
2026-07-08 02:11:56,58.0,2.000               ,628.246,200.0,933.0,0.0,58.25,58.250              ,58.25,58.25,58.25,58.25,58.25,58.25,58.25,42.942              ,27.627              ,24.338              ,77.986              ,48.839              ,22.254              ,38.168              ,25.610              ,38.470              ,2333.333            ,2333.333            ,3500.000            ,3500.000            ,2333.333            ,2333.333            ,2333.333            ,2333.333            ,3500.000            ,1.558,1.558,3.135,3.135,1.682,1.682,1.508,1.504,15.933,3335.0,11121.0,0.0,338.0,
2026-07-08 02:11:57,59.0,2.000               ,628.246,200.0,933.0,0.0,59.125,59.125              ,59.125,59.125,59.125,59.125,59.125,59.125,59.125,8.970               ,7.677               ,5.704               ,93.213              ,21.501              ,5.788               ,14.639              ,9.747               ,20.905              ,2000.000            ,2000.000            ,3500.000            ,3500.000            ,2333.333            ,2333.333            ,2000.000            ,2000.000            ,3500.000            ,0.881,0.881,4.872,4.886,1.211,1.211,1.044,1.044,15.169,3294.0,11129.0,0.0,339.0,
2026-07-08 02:11:58,59.0,0.000               ,628.246,200.0,933.0,0.0,59.625,59.625              ,59.625,59.625,59.625,59.625,59.625,59.625,59.625,13.014              ,7.253               ,5.125               ,72.774              ,47.638              ,5.124               ,22.903              ,4.330               ,22.270              ,1957.143            ,1957.143            ,3425.000            ,3425.000            ,2740.000            ,2740.000            ,2266.667            ,2266.667            ,3425.000            ,0.931,0.931,3.536,3.522,2.215,2.215,1.285,1.285,15.361,3153.0,11128.0,0.0,340.0,
2026-07-08 02:11:59,59.0,0.000               ,628.246,200.0,1067.0,0.0,59.5,59.500              ,59.5,59.5,59.5,59.5,59.5,59.5,59.5,30.062              ,12.233              ,21.786              ,74.353              ,31.371              ,17.856              ,29.037              ,43.260              ,32.495              ,2333.333            ,2333.333            ,2800.000            ,2780.000            ,2316.667            ,2316.667            ,3475.000            ,3475.000            ,3475.000            ,1.261,1.261,3.089,3.093,1.418,1.418,2.383,2.398,15.675,3225.0,11165.0,0.0,341.0,
2026-07-08 02:12:00,58.0,0.000               ,618.711,200.0,1200.0,0.0,58.0,58.000              ,58.0,58.0,58.0,58.0,58.0,58.0,58.0,30.901              ,11.433              ,26.649              ,61.741              ,36.900              ,46.090              ,35.465              ,19.011              ,33.524              ,2520.000            ,2520.000            ,3150.000            ,3150.000            ,2520.000            ,2520.000            ,2520.000            ,2520.000            ,3150.000            ,0.984,0.984,2.096,2.091,2.293,2.325,1.36,1.324,15.657,3293.0,10975.0,4303.124,342.0,0.23
2026-07-08 02:12:01,57.0,0.000               ,559.441,200.0,1067.0,0.0,57.625,57.625              ,57.625,57.625,57.625,57.625,57.625,57.625,57.625,31.263              ,19.257              ,35.222              ,55.006              ,45.140              ,34.714              ,47.043              ,15.157              ,35.350              ,2066.667            ,2066.667            ,3075.000            ,3075.000            ,2460.000            ,2440.000            ,2440.000            ,2440.000            ,3075.000            ,1.263,1.248,2.06,2.069,1.775,1.747,1.444,1.445,15.508,3265.0,10399.0,1531.091,343.0,0.65
2026-07-08 02:12:02,56.0,23.000              ,559.441,200.0,1067.0,0.0,56.75,56.750              ,56.75,56.75,56.75,56.75,56.75,56.75,56.75,27.291              ,16.941              ,48.709              ,21.042              ,39.629              ,19.027              ,33.507              ,14.527              ,27.584              ,2420.000            ,2420.000            ,3025.000            ,3025.000            ,2420.000            ,2420.000            ,2420.000            ,2420.000            ,3025.000            ,1.051,1.063,1.729,1.72,1.331,1.331,1.133,1.132,14.765,3120.0,10399.0,43.897,344.0,22.78
2026-07-08 02:12:03,56.0,46.000              ,559.426,200.0,933.0,0.0,56.5,56.500              ,56.5,56.5,56.5,56.5,56.5,56.5,56.5,24.868              ,15.219              ,55.078              ,13.285              ,31.237              ,5.601               ,38.317              ,12.101              ,24.463              ,2600.000            ,2600.000            ,3250.000            ,3250.000            ,2600.000            ,2600.000            ,2520.000            ,2520.000            ,3250.000            ,1.101,1.101,1.781,1.781,1.128,1.128,1.473,1.473,14.626,3071.0,10393.0,28.226,345.0,35.43
2026-07-08 02:12:04,56.0,45.000              ,589.148,200.0,400.0,0.0,56.375,56.375              ,56.375,56.375,56.375,56.375,56.375,56.375,56.375,20.129              ,14.422              ,45.120              ,17.438              ,28.017              ,5.997               ,21.501              ,12.819              ,20.680              ,2500.000            ,2500.000            ,3500.000            ,3500.000            ,2333.333            ,2333.333            ,2333.333            ,2333.333            ,3500.000            ,1.019,1.019,1.747,1.747,1.075,1.075,1.059,1.059,14.281,3093.0,10388.0,32.211,346.0,31.05
2026-07-08 02:12:05,56.0,50.000              ,589.148,200.0,933.0,0.0,56.25,56.250              ,56.25,56.25,56.25,56.25,56.25,56.25,56.25,15.415              ,12.254              ,50.547              ,9.355               ,22.554              ,3.951               ,16.687              ,4.776               ,16.942              ,2333.333            ,2333.333            ,3500.000            ,3500.000            ,2333.333            ,2333.333            ,2333.333            ,2333.333            ,3500.000            ,1.025,1.028,1.806,1.806,1.042,1.042,0.881,0.881,13.996,3086.0,10383.0,20.73,347.0,48.24
2026-07-08 02:12:06,56.0,56.000              ,589.148,200.0,933.0,0.0,56.125,56.125              ,56.125,56.125,56.125,56.125,56.125,56.125,56.125,14.230              ,13.122              ,55.880              ,10.738              ,19.288              ,4.466               ,20.129              ,6.957               ,18.101              ,2333.333            ,2333.333            ,3500.000            ,3500.000            ,2333.333            ,2333.333            ,2333.333            ,2333.333            ,3500.000            ,0.968,0.967,1.873,1.873,0.911,0.927,0.909,0.909,14.045,3086.0,10382.0,22.11,348.0,45.23
2026-07-08 02:12:07,56.0,57.000              ,589.148,200.0,933.0,0.0,56.125,56.125              ,56.125,56.125,56.125,56.125,56.125,56.125,56.125,16.299              ,12.965              ,57.071              ,9.413               ,21.720              ,4.631               ,21.874              ,2.739               ,18.339              ,2333.333            ,2333.333            ,3500.000            ,3500.000            ,2333.333            ,2333.333            ,2333.333            ,2333.333            ,3500.000            ,1.047,1.046,1.949,1.949,1.086,1.07,0.936,0.936,14.324,3087.0,10368.0,17.211,349.0,58.1
2026-07-08 02:12:08,56.0,56.000              ,589.145,200.0,933.0,0.0,56.125,56.125              ,56.125,56.125,56.125,56.125,56.125,56.125,56.125,30.936              ,13.577              ,46.205              ,16.486              ,29.002              ,9.590               ,27.415              ,4.584               ,22.224              ,2160.000            ,2160.000            ,2700.000            ,2700.000            ,2160.000            ,2160.000            ,3475.000            ,3475.000            ,3475.000            ,1.272,1.272,1.71,1.71,1.242,1.242,1.045,1.045,14.891,3087.0,10367.0,17.386,350.0,57.52
2026-07-08 02:12:09,56.0,57.000              ,589.145,200.0,933.0,0.0,56.125,56.125              ,56.125,56.125,56.125,56.125,56.125,56.125,56.125,32.393              ,11.940              ,49.962              ,11.405              ,30.198              ,6.119               ,26.106              ,5.037               ,21.645              ,3500.000            ,3500.000            ,2800.000            ,2800.000            ,2333.333            ,2333.333            ,3500.000            ,3500.000            ,3500.000            ,1.296,1.296,1.741,1.741,1.194,1.194,1.075,1.075,15.012,3087.0,10367.0,19.484,351.0,51.32
2026-07-08 02:12:10,56.0,62.000              ,589.168,200.0,933.0,0.0,56.375,56.375              ,56.375,56.375,56.375,56.375,56.375,56.375,56.375,16.673              ,8.413               ,59.563              ,10.372              ,30.548              ,3.225               ,11.203              ,3.640               ,17.955              ,2333.333            ,2333.333            ,3500.000            ,3500.000            ,2333.333            ,2333.333            ,2333.333            ,2333.333            ,3500.000            ,0.986,0.986,2.061,2.061,1.202,1.202,0.767,0.767,13.694,2901.0,10144.0,18.084,352.0,55.3
2026-07-08 02:12:11,57.0,33.000              ,402.531,200.0,1067.0,0.0,57.25,57.250              ,57.25,57.25,57.25,57.25,57.25,57.25,57.25,23.958              ,12.372              ,33.410              ,35.259              ,35.242              ,26.847              ,23.761              ,18.948              ,26.225              ,2333.333            ,2333.333            ,3500.000            ,3500.000            ,2333.333            ,2333.333            ,2333.333            ,2333.333            ,3500.000            ,1.286,1.286,2.689,2.662,1.996,1.996,1.473,1.475,15.41,2720.0,8657.0,0.0,353.0,
