08-07-2026 02:22:07,GPU temperature,GPU usage,Memory usage,Core clock,Memory clock,Fan tachometer,CPU1 temperature,CPU2 temperature,CPU3 temperature,CPU4 temperature,CPU5 temperature,CPU6 temperature,CPU7 temperature,CPU8 temperature,CPU temperature,CPU1 usage,CPU2 usage,CPU3 usage,CPU4 usage,CPU5 usage,CPU6 usage,CPU7 usage,CPU8 usage,CPU usage,CPU1 clock,CPU2 clock,CPU3 clock,CPU4 clock,CPU5 clock,CPU6 clock,CPU7 clock,CPU8 clock,CPU clock,CPU1 power,CPU2 power,CPU3 power,CPU4 power,CPU5 power,CPU6 power,CPU7 power,CPU8 power,CPU power,RAM usage,Commit charge,frametime,elapsed,fps
2026-07-08 02:22:07,0.0,°C                  ,0.0,100.0,10.0,,,,,,,,,,,,,,,,,,,,,,,,,,,,,,,,,,,,,,,,,0.0,
2026-07-08 02:22:07,1.0,%                   ,0.0,100.0,10.0,,,,,,,,,,,,,,,,,,,,,,,,,,,,,,,,,,,,,,,,,0.0,
2026-07-08 02:22:07,2.0,MB                  ,0.0,8192.0,10.0,,,,,,,,,,,,,,,,,,,,,,,,,,,,,,,,,,,,,,,,,0.0,
2026-07-08 02:22:07,3.0,MHz                 ,0.0,2500.0,10.0,,,,,,,,,,,,,,,,,,,,,,,,,,,,,,,,,,,,,,,,,0.0,
2026-07-08 02:22:07,4.0,MHz                 ,0.0,7500.0,10.0,,,,,,,,,,,,,,,,,,,,,,,,,,,,,,,,,,,,,,,,,0.0,
2026-07-08 02:22:07,5.0,RPM                 ,0.0,10000.0,10.0,,,,,,,,,,,,,,,,,,,,,,,,,,,,,,,,,,,,,,,,,0.0,
2026-07-08 02:22:07,6.0,°C                  ,0.0,100.0,10.0,,,,,,,,,,,,,,,,,,,,,,,,,,,,,,,,,,,,,,,,,0.0,
2026-07-08 02:22:07,7.0,°C                  ,0.0,100.0,10.0,,,,,,,,,,,,,,,,,,,,,,,,,,,,,,,,,,,,,,,,,0.0,
2026-07-08 02:22:07,8.0,°C                  ,0.0,100.0,10.0,,,,,,,,,,,,,,,,,,,,,,,,,,,,,,,,,,,,,,,,,0.0,
2026-07-08 02:22:07,9.0,°C                  ,0.0,100.0,10.0,,,,,,,,,,,,,,,,,,,,,,,,,,,,,,,,,,,,,,,,,0.0,
2026-07-08 02:22:07,10.0,°C                  ,0.0,100.0,10.0,,,,,,,,,,,,,,,,,,,,,,,,,,,,,,,,,,,,,,,,,0.0,
2026-07-08 02:22:07,11.0,°C                  ,0.0,100.0,10.0,,,,,,,,,,,,,,,,,,,,,,,,,,,,,,,,,,,,,,,,,0.0,
2026-07-08 02:22:07,12.0,°C                  ,0.0,100.0,10.0,,,,,,,,,,,,,,,,,,,,,,,,,,,,,,,,,,,,,,,,,0.0,
2026-07-08 02:22:07,13.0,°C                  ,0.0,100.0,10.0,,,,,,,,,,,,,,,,,,,,,,,,,,,,,,,,,,,,,,,,,0.0,
2026-07-08 02:22:07,14.0,°C                  ,0.0,100.0,10.0,,,,,,,,,,,,,,,,,,,,,,,,,,,,,,,,,,,,,,,,,0.0,
2026-07-08 02:22:07,15.0,%                   ,0.0,100.0,10.0,,,,,,,,,,,,,,,,,,,,,,,,,,,,,,,,,,,,,,,,,0.0,
2026-07-08 02:22:07,16.0,%                   ,0.0,100.0,10.0,,,,,,,,,,,,,,,,,,,,,,,,,,,,,,,,,,,,,,,,,0.0,
2026-07-08 02:22:07,17.0,%                   ,0.0,100.0,10.0,,,,,,,,,,,,,,,,,,,,,,,,,,,,,,,,,,,,,,,,,0.0,
2026-07-08 02:22:07,18.0,%                   ,0.0,100.0,10.0,,,,,,,,,,,,,,,,,,,,,,,,,,,,,,,,,,,,,,,,,0.0,
2026-07-08 02:22:07,19.0,%                   ,0.0,100.0,10.0,,,,,,,,,,,,,,,,,,,,,,,,,,,,,,,,,,,,,,,,,0.0,
2026-07-08 02:22:07,20.0,%                   ,0.0,100.0,10.0,,,,,,,,,,,,,,,,,,,,,,,,,,,,,,,,,,,,,,,,,0.0,
2026-07-08 02:22:07,21.0,%                   ,0.0,100.0,10.0,,,,,,,,,,,,,,,,,,,,,,,,,,,,,,,,,,,,,,,,,0.0,
2026-07-08 02:22:07,22.0,%                   ,0.0,100.0,10.0,,,,,,,,,,,,,,,,,,,,,,,,,,,,,,,,,,,,,,,,,0.0,
2026-07-08 02:22:07,23.0,%                   ,0.0,100.0,10.0,,,,,,,,,,,,,,,,,,,,,,,,,,,,,,,,,,,,,,,,,0.0,
2026-07-08 02:22:07,24.0,MHz                 ,0.0,5000.0,10.0,,,,,,,,,,,,,,,,,,,,,,,,,,,,,,,,,,,,,,,,,0.0,
2026-07-08 02:22:07,25.0,MHz                 ,0.0,5000.0,10.0,,,,,,,,,,,,,,,,,,,,,,,,,,,,,,,,,,,,,,,,,0.0,
2026-07-08 02:22:07,26.0,MHz                 ,0.0,5000.0,10.0,,,,,,,,,,,,,,,,,,,,,,,,,,,,,,,,,,,,,,,,,0.0,
2026-07-08 02:22:07,27.0,MHz                 ,0.0,5000.0,10.0,,,,,,,,,,,,,,,,,,,,,,,,,,,,,,,,,,,,,,,,,0.0,
2026-07-08 02:22:07,28.0,MHz                 ,0.0,5000.0,10.0,,,,,,,,,,,,,,,,,,,,,,,,,,,,,,,,,,,,,,,,,0.0,
2026-07-08 02:22:07,29.0,MHz                 ,0.0,5000.0,10.0,,,,,,,,,,,,,,,,,,,,,,,,,,,,,,,,,,,,,,,,,0.0,
2026-07-08 02:22:07,30.0,MHz                 ,0.0,5000.0,10.0,,,,,,,,,,,,,,,,,,,,,,,,,,,,,,,,,,,,,,,,,0.0,
2026-07-08 02:22:07,31.0,MHz                 ,0.0,5000.0,10.0,,,,,,,,,,,,,,,,,,,,,,,,,,,,,,,,,,,,,,,,,0.0,
2026-07-08 02:22:07,32.0,MHz                 ,0.0,5000.0,10.0,,,,,,,,,,,,,,,,,,,,,,,,,,,,,,,,,,,,,,,,,0.0,
2026-07-08 02:22:07,33.0,W                   ,0.0,200.0,10.0,,,%.1f                ,,,,,,,,,,,,,,,,,,,,,,,,,,,,,,,,,,,,,,0.0,
2026-07-08 02:22:07,34.0,W                   ,0.0,200.0,10.0,,,%.1f                ,,,,,,,,,,,,,,,,,,,,,,,,,,,,,,,,,,,,,,0.0,
2026-07-08 02:22:07,35.0,W                   ,0.0,200.0,10.0,,,%.1f                ,,,,,,,,,,,,,,,,,,,,,,,,,,,,,,,,,,,,,,0.0,
2026-07-08 02:22:07,36.0,W                   ,0.0,200.0,10.0,,,%.1f                ,,,,,,,,,,,,,,,,,,,,,,,,,,,,,,,,,,,,,,0.0,
2026-07-08 02:22:07,37.0,W                   ,0.0,200.0,10.0,,,%.1f                ,,,,,,,,,,,,,,,,,,,,,,,,,,,,,,,,,,,,,,0.0,
2026-07-08 02:22:07,38.0,W                   ,0.0,200.0,10.0,,,%.1f                ,,,,,,,,,,,,,,,,,,,,,,,,,,,,,,,,,,,,,,0.0,
2026-07-08 02:22:07,39.0,W                   ,0.0,200.0,10.0,,,%.1f                ,,,,,,,,,,,,,,,,,,,,,,,,,,,,,,,,,,,,,,0.0,
2026-07-08 02:22:07,40.0,W                   ,0.0,200.0,10.0,,,%.1f                ,,,,,,,,,,,,,,,,,,,,,,,,,,,,,,,,,,,,,,0.0,
2026-07-08 02:22:07,41.0,W                   ,0.0,200.0,10.0,,,%.1f                ,,,,,,,,,,,,,,,,,,,,,,,,,,,,,,,,,,,,,,0.0,
2026-07-08 02:22:07,42.0,MB                  ,0.0,16384.0,10.0,,,,,,,,,,,,,,,,,,,,,,,,,,,,,,,,,,,,,,,,,0.0,
2026-07-08 02:22:07,43.0,MB                  ,0.0,16384.0,10.0,,,,,,,,,,,,,,,,,,,,,,,,,,,,,,,,,,,,,,,,,0.0,
2026-07-08 02:22:07,44.0,ms                  ,0.0,50.0,10.0,,,%.1f                ,,,,,,,,,,,,,,,,,,,,,,,,,,,,,,,,,,,,,,0.0,
2026-07-08 02:22:07,55.0,0.000               ,420.605,200.0,1200.0,0.0,55.375,55.375              ,55.375,55.375,55.375,55.375,55.375,55.375,55.375,49.965,26.627,46.309,28.071,43.182,18.552,34.739,22.056,33.688,2800.0,2800.0,3500.0,3500.0,3500.0,3500.0,2800.0,2800.0,3500.0,2.226,2.226,2.291,2.291,1.946,1.953,1.725,1.725,16.309,3449.0,8627.0,,0.0,
2026-07-08 02:22:08,54.0,1.000               ,408.414,200.0,933.0,0.0,54.0,54.000              ,54.0,54.0,54.0,54.0,54.0,54.0,54.0,14.417,4.65,20.51,10.371,14.084,13.693,9.854,13.387,12.621,2650.0,2650.0,2650.0,2650.0,2650.0,2650.0,2650.0,2650.0,2650.0,0.627,0.627,1.11,1.11,0.949,0.941,0.779,0.779,9.871,3451.0,8634.0,,1.0,
2026-07-08 02:22:09,54.0,2.000               ,412.641,200.0,1200.0,0.0,54.5,54.500              ,54.5,54.5,54.5,54.5,54.5,54.5,54.5,63.066,50.811,69.585,60.61,71.325,50.358,63.55,50.063,59.921,3500.0,3500.0,2333.333,2333.333,2333.333,2333.333,3500.0,3500.0,3500.0,2.851,2.851,3.25,3.25,3.179,3.194,2.82,2.82,21.329,3529.0,8762.0,,2.0,
2026-07-08 02:22:10,56.0,1.000               ,405.516,200.0,933.0,0.0,56.125,56.125              ,56.125,56.125,56.125,56.125,56.125,56.125,56.125,68.476,43.616,78.016,66.144,71.438,66.462,71.637,61.109,65.862,3450.0,3450.0,3450.0,3450.0,3450.0,3450.0,3450.0,3450.0,3450.0,3.208,3.208,4.201,4.201,3.905,3.902,3.888,3.925,25.111,3581.0,8789.0,,3.0,
2026-07-08 02:22:11,57.0,1.000               ,410.938,200.0,933.0,0.0,57.75,57.750              ,57.75,57.75,57.75,57.75,57.75,57.75,57.75,18.361,21.112,10.722,86.408,24.66,14.484,31.818,22.367,28.741,1957.143,3500.0,2333.333,2333.333,2333.333,2333.333,3500.0,3500.0,3500.0,1.873,1.873,4.016,4.045,1.838,1.838,2.411,2.376,17.72,3675.0,8871.0,,4.0,
2026-07-08 02:22:12,56.0,0.000               ,410.938,200.0,1200.0,0.0,56.875,56.875              ,56.875,56.875,56.875,56.875,56.875,56.875,56.875,7.57,2.82,2.404,37.924,41.995,4.438,9.783,11.666,14.825,2333.333,2333.333,3500.0,3500.0,2333.333,2333.333,2333.333,2333.333,3500.0,0.595,0.595,1.565,1.454,1.636,1.636,1.015,1.015,12.851,3993.0,9211.0,,5.0,
2026-07-08 02:22:13,56.0,0.000               ,410.938,200.0,933.0,0.0,56.625,56.625              ,56.625,56.625,56.625,56.625,56.625,56.625,56.625,8.985,8.041,3.226,45.854,29.643,19.441,16.118,3.33,16.83,2333.333,2333.333,2333.333,2333.333,3500.0,3500.0,2333.333,2333.333,3500.0,0.774,0.774,1.85,1.85,1.858,1.858,0.86,0.86,13.601,4252.0,9446.0,,6.0,
2026-07-08 02:22:14,57.0,0.000               ,410.938,200.0,933.0,0.0,57.875,57.875              ,57.875,57.875,57.875,57.875,57.875,57.875,57.875,5.057,13.884,45.767,34.228,28.434,5.342,8.914,4.447,18.259,2333.333,2333.333,2333.333,2333.333,3500.0,3500.0,2333.333,2333.333,3500.0,1.012,1.012,3.705,3.705,1.487,1.493,0.742,0.742,14.592,4276.0,9466.0,,7.0,
2026-07-08 02:22:15,58.0,0.000               ,410.938,200.0,933.0,0.0,58.5,58.500              ,58.5,58.5,58.5,58.5,58.5,58.5,58.5,13.267,4.551,4.193,57.681,25.729,4.73,31.045,2.565,17.97,2333.333,2333.333,3500.0,3500.0,2333.333,2333.333,2333.333,2333.333,3500.0,0.923,0.923,2.783,2.818,1.291,1.286,1.515,1.516,14.003,4353.0,9561.0,,8.0,
2026-07-08 02:22:16,59.0,0.000               ,410.938,200.0,933.0,0.0,59.375,59.375              ,59.375,59.375,59.375,59.375,59.375,59.375,59.375,10.061,4.73,4.96,67.926,35.201,7.521,18.621,11.122,20.018,2333.333,2333.333,3500.0,3500.0,2333.333,2333.333,2333.333,2333.333,3500.0,0.797,0.797,3.249,3.22,1.879,1.884,1.389,1.389,14.785,4458.0,9598.0,,9.0,
2026-07-08 02:22:17,59.0,0.000               ,448.117,200.0,1200.0,0.0,59.25,59.250              ,59.25,59.25,59.25,59.25,59.25,59.25,59.25,20.345,15.805,21.963,28.203,39.672,25.448,27.978,11.227,23.83,2250.0,2250.0,3375.0,3375.0,2250.0,2620.0,2620.0,2620.0,3375.0,1.327,1.327,2.013,2.013,2.587,2.583,1.632,1.631,16.124,4470.0,9772.0,0.0,10.0,
2026-07-08 02:22:18,60.0,3.000               ,455.727,200.0,1200.0,0.0,60.75,60.750              ,60.75,60.75,60.75,60.75,60.75,60.75,60.75,47.568,7.823,28.171,22.153,36.373,19.829,61.656,8.326,28.987,3425.0,3425.0,3425.0,3425.0,3425.0,3425.0,2333.333,2333.333,3425.0,2.36,2.36,1.965,1.965,2.111,2.144,3.029,3.029,18.863,4606.0,9916.0,0.0,11.0,
2026-07-08 02:22:19,61.0,4.000               ,498.883,200.0,933.0,0.0,61.875,61.875              ,61.875,61.875,61.875,61.875,61.875,61.875,61.875,32.542,33.611,29.547,36.286,51.85,39.32,74.743,19.897,39.724,3325.0,3325.0,2660.0,2660.0,3325.0,3325.0,2660.0,2660.0,3325.0,2.002,2.002,1.854,1.855,2.794,2.762,3.343,3.343,19.96,4722.0,10072.0,0.0,12.0,
2026-07-08 02:22:20,62.0,1.000               ,498.883,200.0,933.0,0.0,62.0,62.000              ,62.0,62.0,62.0,62.0,62.0,62.0,62.0,38.251,4.296,3.749,51.307,11.875,5.321,8.745,15.403,17.368,2333.333,2333.333,3500.0,3500.0,2333.333,2333.333,2333.333,2333.333,3500.0,2.007,2.007,2.316,2.334,0.84,0.84,1.15,1.15,14.053,4809.0,10143.0,0.0,13.0,
2026-07-08 02:22:21,62.0,1.000               ,493.059,200.0,933.0,0.0,62.0,62.000              ,62.0,62.0,62.0,62.0,62.0,62.0,62.0,11.486,7.018,9.045,82.029,19.286,6.931,9.408,3.646,18.606,2333.333,2333.333,3500.0,3500.0,2333.333,2333.333,2333.333,2333.333,3500.0,1.114,1.114,3.692,3.715,1.258,1.258,1.042,1.051,14.956,4843.0,10185.0,0.0,14.0,
2026-07-08 02:22:22,63.0,0.000               ,538.242,200.0,933.0,0.0,63.0,63.000              ,63.0,63.0,63.0,63.0,63.0,63.0,63.0,46.26,33.945,59.86,28.889,44.708,33.446,77.285,23.72,43.514,2720.0,3300.0,3300.0,3300.0,3300.0,3300.0,3300.0,3300.0,3300.0,2.117,2.117,2.456,2.456,2.333,2.333,4.2,4.124,21.865,4905.0,10274.0,0.0,15.0,
2026-07-08 02:22:23,64.0,21.000              ,536.898,200.0,933.0,0.0,64.0,64.000              ,64.0,64.0,64.0,64.0,64.0,64.0,64.0,34.516,14.504,54.898,23.275,39.897,19.379,76.683,8.988,34.018,3475.0,3475.0,3475.0,3475.0,2316.667,2316.667,1985.714,1985.714,3475.0,1.75,1.75,2.687,2.689,2.595,2.598,4.191,4.261,21.276,4892.0,10272.0,0.0,16.0,
2026-07-08 02:22:24,64.0,43.000              ,568.219,200.0,933.0,0.0,64.625,64.625              ,64.625,64.625,64.625,64.625,64.625,64.625,64.625,43.668,15.122,28.76,21.158,57.597,27.224,56.362,10.485,32.547,2333.333,2333.333,3500.0,3500.0,2333.333,2333.333,3500.0,3500.0,3500.0,1.877,1.877,1.643,1.641,3.892,3.87,3.012,3.005,21.108,4921.0,10379.0,45.828,17.0,21.82
2026-07-08 02:22:25,65.0,53.000              ,568.219,200.0,933.0,0.0,65.875,65.875              ,65.875,65.875,65.875,65.875,65.875,65.875,65.875,52.165,17.358,45.997,42.449,50.367,46.826,44.374,26.412,40.743,2333.333,2333.333,3500.0,3500.0,3500.0,3500.0,2333.333,2333.333,3500.0,1.924,1.924,2.414,2.414,4.283,4.346,2.767,2.775,22.832,4924.0,10389.0,18.122,18.0,55.18
2026-07-08 02:22:26,66.0,62.000              ,589.805,200.0,1200.0,0.0,66.75,66.750              ,66.75,66.75,66.75,66.75,66.75,66.75,66.75,36.229,12.061,64.837,20.437,34.258,14.477,70.321,6.715,32.417,3500.0,3500.0,2333.333,2333.333,2333.333,2333.333,3500.0,3500.0,3500.0,1.704,1.704,3.497,3.497,2.048,1.936,3.757,3.758,21.594,4920.0,10396.0,37.248,19.0,26.85
2026-07-08 02:22:27,67.0,53.000              ,588.156,200.0,1200.0,0.0,67.375,67.375              ,67.375,67.375,67.375,67.375,67.375,67.375,67.375,37.768,12.639,47.49,18.575,38.627,19.714,68.699,14.523,32.254,2333.333,2333.333,2333.333,2333.333,3500.0,3500.0,2333.333,2333.333,3500.0,1.829,1.829,2.195,2.195,2.593,2.593,4.143,4.19,21.169,4932.0,10396.0,23.62,20.0,42.34
2026-07-08 02:22:28,67.0,45.000              ,588.051,200.0,933.0,0.0,67.375,67.375              ,67.375,67.375,67.375,67.375,67.375,67.375,67.375,22.46,14.227,53.869,15.907,25.125,23.145,28.042,23.53,25.788,1942.857,1942.857,3400.0,3400.0,1942.857,1942.857,3400.0,3400.0,3400.0,1.299,1.299,2.104,2.104,1.952,1.952,2.034,1.958,17.237,4943.0,10411.0,21.567,21.0,46.37
2026-07-08 02:22:29,66.0,44.000              ,586.301,200.0,933.0,0.0,66.875,66.875              ,66.875,66.875,66.875,66.875,66.875,66.875,66.875,12.141,7.975,54.605,9.9,17.104,5.78,34.005,2.618,18.016,2160.0,2160.0,2160.0,2160.0,2160.0,2160.0,3100.0,3100.0,3100.0,0.951,0.951,2.0,2.0,1.06,1.063,1.264,1.264,14.71,4942.0,10411.0,20.425,22.0,48.96
2026-07-08 02:22:30,66.0,44.000              ,586.301,200.0,933.0,0.0,66.75,66.750              ,66.75,66.75,66.75,66.75,66.75,66.75,66.75,17.499,9.53,52.755,7.41,14.544,5.737,38.343,2.852,18.584,2500.0,2500.0,3500.0,3500.0,2333.333,2333.333,2333.333,2333.333,3500.0,1.126,1.126,1.949,1.949,1.097,1.094,1.425,1.425,14.798,4913.0,10380.0,21.87,23.0,45.72
2026-07-08 02:22:31,66.0,45.000              ,586.301,200.0,933.0,0.0,66.75,66.750              ,66.75,66.75,66.75,66.75,66.75,66.75,66.75,40.95,8.409,46.418,11.256,16.635,6.039,31.056,3.554,20.54,3500.0,3500.0,2333.333,2333.333,2333.333,2333.333,2333.333,2333.333,3500.0,1.532,1.532,1.747,1.747,1.05,1.05,1.24,1.24,15.119,4921.0,10379.0,17.57,24.0,56.92
2026-07-08 02:22:32,66.0,48.000              ,579.09,200.0,933.0,0.0,66.75,66.750              ,66.75,66.75,66.75,66.75,66.75,66.75,66.75,27.774,11.464,64.016,13.234,20.235,5.77,17.084,4.421,20.5,3500.0,3500.0,2333.333,2333.333,2333.333,2333.333,2333.333,2333.333,3500.0,1.382,1.382,2.386,2.386,1.224,1.224,1.044,1.044,15.902,4918.0,10374.0,17.687,25.0,56.54
2026-07-08 02:22:33,66.0,51.000              ,579.09,200.0,933.0,0.0,66.75,66.750              ,66.75,66.75,66.75,66.75,66.75,66.75,66.75,27.414,8.349,59.023,8.002,15.086,3.95,25.192,1.821,18.605,2333.333,2333.333,3500.0,3500.0,2333.333,2333.333,2333.333,2333.333,3500.0,1.348,1.348,2.073,2.073,1.1,1.1,1.168,1.168,15.32,4917.0,10374.0,16.942,26.0,59.02
2026-07-08 02:22:34,66.0,50.000              ,578.09,200.0,933.0,0.0,66.75,66.750              ,66.75,66.75,66.75,66.75,66.75,66.75,66.75,31.581,9.314,58.819,8.506,18.086,5.476,26.052,3.352,20.148,3475.0,3475.0,2316.667,2316.667,2316.667,2316.667,2316.667,2316.667,3475.0,1.411,1.411,2.066,2.066,1.14,1.14,1.177,1.177,15.547,4913.0,10369.0,17.002,27.0,58.82
2026-07-08 02:22:35,66.0,51.000              ,578.09,200.0,933.0,0.0,66.875,66.875              ,66.875,66.875,66.875,66.875,66.875,66.875,66.875,32.426,10.408,61.07,10.594,18.117,6.131,18.454,4.561,20.22,2333.333,2333.333,3500.0,3500.0,2333.333,2333.333,2333.333,2333.333,3500.0,1.469,1.473,2.25,2.25,1.18,1.18,1.096,1.096,15.774,4914.0,10362.0,17.297,28.0,57.81
2026-07-08 02:22:36,67.0,50.000              ,557.543,200.0,933.0,0.0,67.75,67.750              ,67.75,67.75,67.75,67.75,67.75,67.75,67.75,9.149,9.884,80.505,4.563,9.71,2.925,11.521,3.691,16.493,2540.0,2540.0,3175.0,3175.0,2540.0,2540.0,2540.0,2540.0,3175.0,1.132,1.128,4.177,4.177,0.937,0.937,1.014,1.015,15.772,4919.0,10371.0,694.794,29.0,1.44
2026-07-08 02:22:37,66.0,24.000              ,557.676,200.0,933.0,0.0,66.25,66.250              ,66.25,66.25,66.25,66.25,66.25,66.25,66.25,19.851,14.476,23.772,14.743,23.067,5.753,17.685,7.905,15.907,2650.0,2650.0,2650.0,2650.0,2650.0,2650.0,2650.0,2650.0,2650.0,0.799,0.799,0.893,0.893,0.753,0.753,0.712,0.711,11.657,4918.0,10369.0,24.845,30.0,40.25
2026-07-08 02:22:38,65.0,28.000              ,558.715,200.0,933.0,0.0,65.625,65.625              ,65.625,65.625,65.625,65.625,65.625,65.625,65.625,14.768,9.653,43.219,12.071,19.849,4.846,14.688,3.422,15.314,2650.0,2650.0,2650.0,2650.0,2650.0,2650.0,2650.0,2650.0,2650.0,0.99,0.993,1.688,1.688,1.073,1.073,0.871,0.871,14.116,4918.0,10370.0,21.495,31.0,46.52
2026-07-08 02:22:39,66.0,56.000              ,558.688,200.0,1200.0,0.0,66.375,66.375              ,66.375,66.375,66.375,66.375,66.375,66.375,66.375,48.803,35.74,62.712,35.504,49.341,33.443,50.368,39.622,44.442,2333.333,2333.333,3500.0,3500.0,2333.333,2333.333,2333.333,2333.333,3500.0,2.084,2.082,2.462,2.467,2.077,2.077,2.273,2.273,20.21,4958.0,10418.0,85.462,32.0,11.7
2026-07-08 02:22:40,66.0,60.000              ,558.684,200.0,933.0,0.0,66.75,66.750              ,66.75,66.75,66.75,66.75,66.75,66.75,66.75,33.824,27.015,58.502,37.651,40.765,22.036,37.353,22.758,34.988,1737.5,1737.5,3475.0,3475.0,2316.667,2316.667,3475.0,3475.0,3475.0,1.593,1.593,2.344,2.339,1.69,1.69,1.503,1.503,18.364,4950.0,10400.0,21.969,33.0,45.52
2026-07-08 02:22:41,67.0,61.000              ,558.688,200.0,1067.0,0.0,67.5,67.500              ,67.5,67.5,67.5,67.5,67.5,67.5,67.5,60.681,43.074,68.467,60.005,63.038,39.353,62.776,42.107,54.937,2333.333,2333.333,3500.0,3500.0,2333.333,2333.333,2333.333,2333.333,3500.0,2.147,2.147,2.656,2.662,2.349,2.349,2.232,2.232,21.613,5035.0,10605.0,21.162,34.0,47.25
2026-07-08 02:22:42,69.0,51.000              ,558.688,200.0,1067.0,0.0,69.0,69.000              ,69.0,69.0,69.0,69.0,69.0,69.0,69.0,61.228,32.519,62.002,66.727,66.283,48.536,66.492,52.773,57.07,3275.0,3275.0,3275.0,3275.0,3275.0,3275.0,3250.0,3275.0,3275.0,2.346,2.346,3.11,3.105,3.055,3.055,3.08,3.08,24.814,5151.0,10728.0,23.855,35.0,41.92
2026-07-08 02:22:43,70.0,51.000              ,558.688,200.0,1067.0,0.0,70.375,70.375              ,70.375,70.375,70.375,70.375,70.375,70.375,70.375,53.864,34.151,59.275,57.9,49.184,46.27,69.838,48.778,52.408,3250.0,3250.0,3375.0,3425.0,3425.0,3400.0,2700.0,3300.0,3425.0,2.111,2.12,2.977,2.977,2.644,2.644,3.22,3.22,24.454,5247.0,10847.0,22.395,36.0,44.65
2026-07-08 02:22:44,71.0,60.000              ,558.688,200.0,1067.0,0.0,71.0,71.000              ,71.0,71.0,71.0,71.0,71.0,71.0,71.0,49.819,28.701,62.822,51.695,62.746,39.568,66.677,27.437,48.683,3350.0,3350.0,3350.0,3350.0,1914.286,1914.286,3450.0,3450.0,3450.0,2.13,2.121,3.126,3.126,2.947,2.947,2.965,2.965,23.38,5279.0,10860.0,21.024,37.0,47.56
2026-07-08 02:22:45,71.0,63.000              ,528.984,200.0,1200.0,0.0,71.375,71.375              ,71.375,71.375,71.375,71.375,71.375,71.375,71.375,66.221,44.444,63.47,61.955,60.969,42.599,62.129,63.777,58.196,3325.0,3325.0,3350.0,3350.0,2233.333,2660.0,3325.0,3325.0,3350.0,2.628,2.628,2.818,2.824,2.624,2.624,3.312,3.312,25.225,5101.0,10828.0,19.236,38.0,51.99
2026-07-08 02:22:46,72.0,64.000              ,528.984,200.0,1200.0,0.0,72.0,72.000              ,72.0,72.0,72.0,72.0,72.0,72.0,72.0,53.44,28.221,47.767,46.001,57.652,44.347,71.54,27.452,47.052,2600.0,3250.0,3250.0,3250.0,3250.0,3250.0,3250.0,3250.0,3250.0,2.266,2.27,2.689,2.683,3.204,3.204,2.919,2.919,24.239,5143.0,10876.0,28.078,39.0,35.62
2026-07-08 02:22:47,72.0,62.000              ,528.984,200.0,1200.0,0.0,72.5,72.500              ,72.5,72.5,72.5,72.5,72.5,72.5,72.5,45.947,22.009,55.764,47.774,56.577,19.308,65.258,39.989,44.078,3350.0,3350.0,3350.0,3300.0,3250.0,3250.0,3375.0,3425.0,3425.0,1.928,1.924,3.03,3.03,2.429,2.429,3.542,3.542,23.916,5282.0,11025.0,23.619,40.0,42.34
2026-07-08 02:22:48,72.0,58.000              ,528.984,200.0,1200.0,0.0,72.25,72.250              ,72.25,72.25,72.25,72.25,72.25,72.25,72.25,50.75,24.056,44.453,64.797,60.586,34.959,58.052,51.058,48.589,1675.0,1675.0,3350.0,2680.0,3300.0,3300.0,3300.0,3300.0,3350.0,1.891,1.891,2.719,2.719,2.667,2.667,2.788,2.794,23.343,5346.0,11063.0,19.993,41.0,50.02
2026-07-08 02:22:49,72.0,58.000              ,528.98,200.0,1200.0,0.0,72.5,72.500              ,72.5,72.5,72.5,72.5,72.5,72.5,72.5,50.45,24.939,55.325,63.14,61.1,36.191,57.081,57.887,50.764,2200.0,2200.0,3300.0,3300.0,2640.0,2640.0,3300.0,3300.0,3300.0,1.936,1.936,2.795,2.795,2.656,2.656,3.134,3.128,24.002,5381.0,11097.0,18.098,42.0,55.25
2026-07-08 02:22:50,72.0,58.000              ,528.984,200.0,1067.0,0.0,72.5,72.500              ,72.5,72.5,72.5,72.5,72.5,72.5,72.5,50.354,31.144,60.66,50.854,45.605,45.741,65.858,65.969,52.023,2680.0,2680.0,3425.0,3350.0,3300.0,3300.0,3300.0,3425.0,3425.0,1.896,1.896,2.603,2.619,2.364,2.364,3.032,3.032,23.205,5193.0,10913.0,18.007,43.0,55.53
2026-07-08 02:22:51,72.0,58.000              ,528.984,200.0,1067.0,0.0,72.875,72.875              ,72.875,72.875,72.875,72.875,72.875,72.875,72.875,42.495,21.937,66.174,48.621,66.252,30.945,64.23,37.652,47.288,1885.714,1885.714,3300.0,3300.0,3300.0,3300.0,3300.0,3300.0,3300.0,1.932,1.932,3.188,3.18,3.382,3.382,3.39,3.39,23.952,5227.0,10949.0,21.142,44.0,47.3
2026-07-08 02:22:52,72.0,62.000              ,528.98,200.0,1067.0,0.0,72.75,72.750              ,72.75,72.75,72.75,72.75,72.75,72.75,72.75,50.844,27.142,60.122,54.054,53.005,42.11,62.931,26.861,47.134,3250.0,3250.0,3250.0,3300.0,3300.0,3300.0,2200.0,2640.0,3300.0,2.186,2.186,3.079,3.082,2.868,2.868,2.811,2.811,23.71,5151.0,10874.0,18.114,45.0,55.21
2026-07-08 02:22:53,72.0,64.000              ,528.984,200.0,1067.0,0.0,72.75,72.750              ,72.75,72.75,72.75,72.75,72.75,72.75,72.75,53.783,24.083,70.221,51.377,72.497,20.651,64.699,20.168,47.185,2600.0,2600.0,3250.0,3350.0,3350.0,3300.0,3350.0,3350.0,3350.0,2.292,2.292,3.153,3.142,3.248,3.248,2.974,2.974,23.776,5180.0,10896.0,17.775,46.0,56.26
2026-07-08 02:22:54,72.0,61.000              ,528.984,200.0,1200.0,0.0,72.875,72.875              ,72.875,72.875,72.875,72.875,72.875,72.875,72.875,50.919,17.056,68.293,46.499,71.358,22.776,67.467,24.968,46.167,1662.5,1662.5,3325.0,3325.0,3325.0,3325.0,3325.0,3325.0,3325.0,2.118,2.118,3.181,3.181,3.252,3.271,3.105,3.105,23.966,5233.0,10951.0,18.131,47.0,55.15
2026-07-08 02:22:55,73.0,59.000              ,520.379,200.0,1200.0,0.0,73.125,73.125              ,73.125,73.125,73.125,73.125,73.125,73.125,73.125,46.28,15.628,57.33,52.186,63.993,14.574,49.423,38.737,42.269,2200.0,2200.0,3425.0,3400.0,3350.0,3350.0,3250.0,3250.0,3425.0,1.857,1.831,3.449,3.449,2.755,2.736,3.007,3.007,23.464,5331.0,11054.0,24.354,48.0,41.06
2026-07-08 02:22:56,72.0,59.000              ,520.379,200.0,1200.0,0.0,72.625,72.625              ,72.625,72.625,72.625,72.625,72.625,72.625,72.625,41.943,30.137,55.255,59.115,44.751,45.977,51.701,38.763,45.955,3300.0,3300.0,3400.0,3400.0,3350.0,3350.0,3250.0,3250.0,3400.0,1.956,1.984,3.068,3.088,2.705,2.705,2.532,2.532,23.38,5375.0,11217.0,22.503,49.0,44.44
2026-07-08 02:22:57,72.0,59.000              ,520.379,200.0,1200.0,0.0,72.5,72.500              ,72.5,72.5,72.5,72.5,72.5,72.5,72.5,51.185,26.169,54.647,59.836,50.826,22.221,65.391,19.535,43.726,3300.0,3300.0,3300.0,3300.0,2640.0,2640.0,3250.0,3250.0,3300.0,2.143,2.143,2.819,2.798,2.173,2.138,2.405,2.405,22.795,5420.0,11254.0,20.639,50.0,48.45
2026-07-08 02:22:58,73.0,59.000              ,520.375,200.0,1200.0,0.0,73.0,73.000              ,73.0,73.0,73.0,73.0,73.0,73.0,73.0,59.14,29.625,60.947,65.036,69.573,30.032,68.341,40.534,52.904,2233.333,2233.333,2680.0,3325.0,2660.0,2660.0,3325.0,3325.0,3325.0,2.079,2.079,2.84,2.855,2.574,2.582,2.901,2.901,24.41,5414.0,11253.0,18.933,51.0,52.82
2026-07-08 02:22:59,73.0,59.000              ,520.379,200.0,1200.0,0.0,73.0,73.000              ,73.0,73.0,73.0,73.0,73.0,73.0,73.0,48.695,26.202,69.366,50.795,70.523,33.088,65.146,21.704,48.19,1885.714,1885.714,3300.0,3350.0,2233.333,2233.333,2640.0,2640.0,3350.0,1.892,1.892,2.85,2.835,2.746,2.783,2.425,2.399,23.858,5424.0,11277.0,22.84,52.0,43.78
2026-07-08 02:23:00,73.0,62.000              ,520.379,200.0,1200.0,0.0,73.0,73.000              ,73.0,73.0,73.0,73.0,73.0,73.0,73.0,60.531,22.708,64.233,52.917,62.72,32.242,70.909,18.802,48.133,3300.0,3300.0,3300.0,3300.0,3300.0,3250.0,2166.667,2166.667,3300.0,2.116,2.118,2.757,2.757,2.489,2.511,2.429,2.455,24.027,5453.0,11283.0,18.298,53.0,54.65
2026-07-08 02:23:01,73.0,65.000              ,520.375,200.0,1200.0,0.0,73.0,73.000              ,73.0,73.0,73.0,73.0,73.0,73.0,73.0,60.949,19.662,58.263,56.906,48.413,46.101,69.817,18.662,47.346,3300.0,3300.0,3300.0,3300.0,3300.0,3250.0,2600.0,2600.0,3300.0,2.067,2.065,2.706,2.728,2.488,2.466,2.442,2.445,23.686,5503.0,11320.0,18.201,54.0,54.94
2026-07-08 02:23:02,73.0,64.000              ,520.379,200.0,1200.0,0.0,73.0,73.000              ,73.0,73.0,73.0,73.0,73.0,73.0,73.0,53.858,22.585,71.265,59.157,59.171,37.492,56.213,28.288,48.504,3250.0,3250.0,3300.0,3250.0,2600.0,2600.0,3250.0,3250.0,3300.0,2.004,2.004,3.031,3.008,2.569,2.569,2.309,2.308,24.157,5504.0,11342.0,17.805,55.0,56.16
2026-07-08 02:23:03,73.0,64.000              ,520.379,200.0,1200.0,0.0,73.0,73.000              ,73.0,73.0,73.0,73.0,73.0,73.0,73.0,51.588,23.259,64.968,49.705,58.061,39.675,66.79,32.324,48.296,1885.714,1885.714,3225.0,3250.0,2600.0,3250.0,3300.0,3300.0,3300.0,1.912,1.912,2.744,2.744,2.589,2.589,2.652,2.65,24.006,5571.0,11384.0,18.196,56.0,54.96
2026-07-08 02:23:04,73.0,65.000              ,520.375,200.0,1200.0,0.0,73.5,73.500              ,73.5,73.5,73.5,73.5,73.5,73.5,73.5,63.32,51.391,77.791,68.809,72.632,56.996,56.951,47.935,61.978,2266.667,3250.0,3250.0,3250.0,3250.0,3300.0,2640.0,2640.0,3300.0,2.502,2.502,3.016,3.016,2.808,2.813,2.52,2.52,25.516,5425.0,11444.0,18.007,57.0,55.53
2026-07-08 02:23:05,73.0,67.000              ,520.129,200.0,1200.0,0.0,73.75,73.750              ,73.75,73.75,73.75,73.75,73.75,73.75,73.75,62.065,43.211,74.445,63.733,67.491,48.844,75.686,33.278,58.594,3250.0,3250.0,3250.0,3225.0,3225.0,3225.0,3250.0,3250.0,3250.0,2.314,2.317,2.972,2.938,2.714,2.709,2.643,2.635,24.807,5389.0,11477.0,17.708,58.0,56.47
2026-07-08 02:23:06,73.0,66.000              ,520.129,200.0,1200.0,0.0,73.75,73.750              ,73.75,73.75,73.75,73.75,73.75,73.75,73.75,60.306,19.559,65.793,53.011,55.017,36.139,44.187,47.505,47.69,3300.0,3300.0,3300.0,3300.0,3300.0,3300.0,2640.0,3250.0,3300.0,2.156,2.123,2.806,2.838,2.468,2.468,2.53,2.537,24.498,5417.0,11522.0,19.087,59.0,52.39
2026-07-08 02:23:07,73.0,65.000              ,520.129,200.0,1200.0,0.0,73.75,73.750              ,73.75,73.75,73.75,73.75,73.75,73.75,73.75,49.615,30.398,71.202,51.315,43.867,47.338,37.21,60.839,48.973,2600.0,2600.0,3300.0,3300.0,3250.0,3250.0,3250.0,3300.0,3300.0,2.08,2.11,2.933,2.893,2.375,2.375,2.693,2.712,24.329,5497.0,11563.0,18.599,60.0,53.77
2026-07-08 02:23:08,73.0,66.000              ,520.129,200.0,1200.0,0.0,73.75,73.750              ,73.75,73.75,73.75,73.75,73.75,73.75,73.75,47.142,29.046,62.738,56.779,49.299,50.489,62.726,47.577,50.725,3250.0,3250.0,3250.0,3250.0,3250.0,3400.0,3400.0,3325.0,3400.0,1.795,1.795,2.779,2.836,2.664,2.664,2.919,2.901,24.322,5530.0,11607.0,19.362,61.0,51.65
2026-07-08 02:23:09,73.0,66.000              ,520.129,200.0,1200.0,0.0,73.75,73.750              ,73.75,73.75,73.75,73.75,73.75,73.75,73.75,57.351,34.437,62.989,60.566,55.686,45.946,59.175,50.508,53.332,3350.0,3350.0,3350.0,3350.0,3375.0,3375.0,3300.0,3300.0,3375.0,2.171,2.171,2.835,2.842,2.566,2.566,2.795,2.799,24.72,5581.0,11665.0,17.644,62.0,56.68
2026-07-08 02:23:10,74.0,65.000              ,520.129,200.0,1200.0,0.0,74.0,74.000              ,74.0,74.0,74.0,74.0,74.0,74.0,74.0,55.916,35.887,66.807,59.89,65.389,44.109,74.368,47.536,56.238,3300.0,3250.0,2600.0,2600.0,2600.0,3250.0,3250.0,3250.0,3300.0,2.227,2.227,2.83,2.804,2.744,2.773,2.964,2.959,25.777,5512.0,11703.0,18.497,63.0,54.06
2026-07-08 02:23:11,74.0,65.000              ,520.129,200.0,1200.0,0.0,74.25,74.250              ,74.25,74.25,74.25,74.25,74.25,74.25,74.25,64.621,54.318,73.767,71.177,65.868,60.758,77.742,45.265,64.19,2760.0,2760.0,2760.0,2760.0,3450.0,3300.0,3300.0,3300.0,3450.0,2.551,2.551,3.336,3.342,3.001,2.935,2.875,2.875,26.257,5483.0,11732.0,25.806,64.0,38.75
2026-07-08 02:23:12,74.0,65.000              ,520.129,200.0,1200.0,0.0,74.25,74.250              ,74.25,74.25,74.25,74.25,74.25,74.25,74.25,67.693,43.349,65.935,68.118,68.334,47.572,66.411,62.275,61.211,2740.0,2740.0,3425.0,3400.0,2740.0,2740.0,2283.333,2283.333,3425.0,2.337,2.337,2.852,2.849,2.522,2.551,3.032,3.038,25.394,5484.0,11772.0,18.982,65.0,52.68
2026-07-08 02:23:13,74.0,64.000              ,520.129,200.0,1200.0,0.0,74.125,74.125              ,74.125,74.125,74.125,74.125,74.125,74.125,74.125,74.956,57.615,69.502,78.288,71.825,56.432,72.602,64.011,68.154,2640.0,2600.0,3275.0,3275.0,2660.0,2660.0,2660.0,2660.0,3275.0,2.365,2.365,2.813,2.81,2.385,2.385,2.8,2.799,24.859,5480.0,11785.0,18.648,66.0,53.63
2026-07-08 02:23:14,74.0,66.000              ,520.129,200.0,1200.0,0.0,74.0,74.000              ,74.0,74.0,74.0,74.0,74.0,74.0,74.0,74.599,57.072,75.455,82.047,76.131,58.668,68.248,59.769,68.999,3300.0,3275.0,2620.0,2620.0,2620.0,2620.0,2620.0,2620.0,3300.0,2.503,2.503,3.11,3.11,2.543,2.543,2.498,2.492,25.18,5495.0,11817.0,18.677,67.0,53.54
2026-07-08 02:23:15,74.0,64.000              ,520.129,200.0,1200.0,0.0,74.125,74.125              ,74.125,74.125,74.125,74.125,74.125,74.125,74.125,62.45,40.07,66.998,61.296,53.545,34.377,60.553,40.615,52.488,2640.0,2660.0,3325.0,3350.0,2680.0,2680.0,2680.0,2680.0,3350.0,2.474,2.474,3.125,3.129,2.211,2.215,2.799,2.799,24.968,5424.0,11837.0,17.662,68.0,56.62
2026-07-08 02:23:16,74.0,61.000              ,520.129,200.0,1200.0,0.0,74.25,74.250              ,74.25,74.25,74.25,74.25,74.25,74.25,74.25,62.145,24.72,63.609,48.624,51.808,39.46,48.808,44.42,47.949,2680.0,2680.0,3400.0,3400.0,2266.667,2266.667,2720.0,2700.0,3400.0,2.386,2.386,2.881,2.877,2.467,2.463,2.704,2.704,24.606,5423.0,11853.0,19.64,69.0,50.92
2026-07-08 02:23:17,74.0,61.000              ,520.129,200.0,1200.0,0.0,74.25,74.250              ,74.25,74.25,74.25,74.25,74.25,74.25,74.25,57.538,22.672,69.734,50.13,50.154,42.24,54.377,47.996,49.355,2540.0,2540.0,3175.0,3450.0,2300.0,2300.0,2300.0,2720.0,3450.0,2.212,2.217,3.133,3.133,2.566,2.559,2.861,2.861,25.25,5420.0,11867.0,18.213,70.0,54.91
2026-07-08 02:23:18,74.0,64.000              ,520.129,200.0,1200.0,0.0,74.25,74.250              ,74.25,74.25,74.25,74.25,74.25,74.25,74.25,54.388,33.324,71.968,58.886,70.219,41.917,61.911,51.332,55.493,2680.0,2680.0,3350.0,3350.0,2680.0,2680.0,2700.0,2700.0,3350.0,2.222,2.216,2.837,2.837,2.578,2.594,2.664,2.667,25.074,5006.0,11899.0,17.967,71.0,55.66
2026-07-08 02:23:19,74.0,64.000              ,520.129,200.0,1200.0,0.0,74.25,74.250              ,74.25,74.25,74.25,74.25,74.25,74.25,74.25,58.139,38.715,71.307,53.151,58.864,43.415,60.911,41.59,53.262,2720.0,2720.0,3425.0,3425.0,2740.0,2740.0,2740.0,2740.0,3425.0,2.3,2.308,3.065,3.065,2.515,2.504,2.584,2.583,24.923,5034.0,11907.0,17.802,72.0,56.17
2026-07-08 02:23:20,74.0,65.000              ,520.129,200.0,1200.0,0.0,74.25,74.250              ,74.25,74.25,74.25,74.25,74.25,74.25,74.25,51.327,24.491,58.662,52.661,50.545,38.626,49.047,50.672,47.004,2720.0,2720.0,2720.0,2720.0,3400.0,3400.0,2720.0,2720.0,3400.0,2.165,2.17,2.85,2.85,2.609,2.609,2.927,2.924,24.819,5042.0,11934.0,17.75,73.0,56.34
2026-07-08 02:23:21,74.0,66.000              ,520.129,200.0,1200.0,0.0,74.25,74.250              ,74.25,74.25,74.25,74.25,74.25,74.25,74.25,48.899,24.309,66.785,56.596,59.948,30.289,40.561,55.054,47.805,2283.333,2283.333,2740.0,3350.0,2680.0,2680.0,3375.0,3400.0,3400.0,2.046,2.041,3.233,3.212,2.443,2.443,2.777,2.777,25.066,5048.0,11949.0,17.896,74.0,55.88
2026-07-08 02:23:22,74.0,65.000              ,520.129,200.0,1200.0,0.0,74.375,74.375              ,74.375,74.375,74.375,74.375,74.375,74.375,74.375,63.176,25.86,60.22,60.108,48.278,34.902,57.148,35.093,48.098,2680.0,2680.0,3350.0,3350.0,2680.0,2680.0,2680.0,2700.0,3350.0,2.465,2.465,3.158,3.179,2.343,2.308,2.673,2.678,25.02,5085.0,11967.0,17.857,75.0,56.0
2026-07-08 02:23:23,74.0,64.000              ,520.129,200.0,1200.0,0.0,74.625,74.625              ,74.625,74.625,74.625,74.625,74.625,74.625,74.625,51.818,20.166,61.767,51.536,57.792,33.906,59.566,37.823,46.797,2720.0,2720.0,3425.0,3400.0,2720.0,2720.0,2720.0,2740.0,3425.0,2.124,2.124,3.083,3.083,2.604,2.644,3.14,3.136,24.408,5153.0,12037.0,17.714,76.0,56.45
2026-07-08 02:23:24,74.0,64.000              ,520.129,200.0,1067.0,0.0,74.5,74.500              ,74.5,74.5,74.5,74.5,74.5,74.5,74.5,71.603,42.892,77.185,64.45,66.758,57.159,68.227,45.245,61.69,2740.0,2720.0,3425.0,3425.0,2740.0,2740.0,2740.0,2700.0,3425.0,2.518,2.518,3.183,3.183,2.968,2.968,2.576,2.576,25.913,5094.0,12143.0,19.253,77.0,51.94
2026-07-08 02:23:25,74.0,64.000              ,520.129,200.0,1200.0,0.0,74.0,74.000              ,74.0,74.0,74.0,74.0,74.0,74.0,74.0,70.857,55.067,75.076,68.78,76.183,45.931,77.722,45.269,64.361,2620.0,2620.0,3275.0,3275.0,2620.0,2620.0,2620.0,2620.0,3275.0,2.394,2.394,2.945,2.949,2.486,2.486,2.627,2.627,24.74,5101.0,12213.0,26.917,78.0,37.15
2026-07-08 02:23:26,74.0,64.000              ,520.129,200.0,933.0,0.0,74.75,74.750              ,74.75,74.75,74.75,74.75,74.75,74.75,74.75,53.962,21.162,54.143,57.179,43.37,57.444,45.439,50.741,47.93,2680.0,2680.0,3350.0,3375.0,2700.0,2700.0,2700.0,2700.0,3375.0,2.133,2.133,3.275,3.278,3.405,3.411,3.485,3.485,24.809,5126.0,12235.0,27.052,79.0,36.97
2026-07-08 02:23:27,74.0,61.000              ,520.121,200.0,933.0,0.0,74.625,74.625              ,74.625,74.625,74.625,74.625,74.625,74.625,74.625,47.044,28.814,60.508,54.23,39.293,48.395,56.18,52.847,48.414,2780.0,2780.0,3475.0,3475.0,2740.0,2740.0,2780.0,2780.0,3475.0,2.053,2.053,3.154,3.153,2.664,2.659,3.524,3.524,23.117,5167.0,12289.0,23.909,80.0,41.83
2026-07-08 02:23:28,74.0,60.000              ,520.121,200.0,933.0,0.0,74.5,74.500              ,74.5,74.5,74.5,74.5,74.5,74.5,74.5,46.688,25.014,65.605,49.736,40.882,63.314,70.854,25.669,48.47,1900.0,2216.667,3325.0,3300.0,3300.0,3350.0,3325.0,3325.0,3350.0,1.912,1.912,3.083,3.077,3.149,3.149,2.966,2.966,22.883,5229.0,12354.0,18.077,81.0,55.32
2026-07-08 02:23:29,74.0,62.000              ,520.121,200.0,1067.0,0.0,74.375,74.375              ,74.375,74.375,74.375,74.375,74.375,74.375,74.375,49.855,39.409,62.205,50.826,48.281,44.278,79.957,46.278,52.636,3250.0,3250.0,3250.0,3250.0,3250.0,3250.0,3250.0,3325.0,3325.0,2.269,2.269,2.906,2.93,2.694,2.7,3.636,3.636,24.718,5119.0,12420.0,18.052,82.0,55.4
2026-07-08 02:23:30,74.0,62.000              ,520.121,200.0,933.0,0.0,74.375,74.375              ,74.375,74.375,74.375,74.375,74.375,74.375,74.375,43.996,27.69,53.399,55.03,45.344,40.784,45.812,59.838,46.487,3300.0,3300.0,3400.0,3400.0,1942.857,1942.857,3475.0,3475.0,3475.0,2.102,2.102,3.036,3.02,2.641,2.635,3.401,3.401,23.501,5188.0,12487.0,18.251,83.0,54.79
2026-07-08 02:23:31,74.0,62.000              ,520.121,200.0,1067.0,0.0,74.375,74.375              ,74.375,74.375,74.375,74.375,74.375,74.375,74.375,36.579,33.403,43.524,49.555,36.637,41.055,71.882,36.642,43.66,1914.286,1914.286,2680.0,2680.0,3425.0,3425.0,3425.0,3300.0,3425.0,2.033,2.033,2.719,2.711,2.595,2.595,3.514,3.514,23.7,5248.0,12556.0,30.241,84.0,33.07
2026-07-08 02:23:32,73.0,60.000              ,520.121,200.0,1200.0,0.0,73.75,73.750              ,73.75,73.75,73.75,73.75,73.75,73.75,73.75,42.71,27.131,50.715,63.333,58.134,26.04,48.978,46.447,45.436,2640.0,2640.0,3300.0,3300.0,2640.0,3400.0,3300.0,3450.0,3450.0,2.002,2.002,3.225,3.225,2.651,2.656,3.015,3.015,24.462,5362.0,12668.0,21.484,85.0,46.55
2026-07-08 02:23:33,73.0,57.000              ,520.121,200.0,1200.0,0.0,73.5,73.500              ,73.5,73.5,73.5,73.5,73.5,73.5,73.5,62.546,39.326,55.308,69.628,65.954,51.008,48.793,66.359,57.365,3250.0,3250.0,3250.0,3250.0,2600.0,2600.0,3250.0,3250.0,3250.0,2.393,2.393,3.011,3.011,2.966,2.972,3.185,3.185,25.314,5338.0,12778.0,21.277,86.0,47.0
2026-07-08 02:23:34,72.0,57.000              ,520.121,200.0,1200.0,0.0,72.875,72.875              ,72.875,72.875,72.875,72.875,72.875,72.875,72.875,63.913,49.464,67.375,65.288,73.933,47.813,61.548,62.702,61.504,3250.0,3250.0,3250.0,3250.0,2600.0,3250.0,3250.0,3250.0,3250.0,2.408,2.411,2.77,2.782,2.684,2.674,2.706,2.706,24.201,5336.0,12821.0,20.06,87.0,49.85
2026-07-08 02:23:35,72.0,58.000              ,520.121,200.0,933.0,0.0,72.875,72.875              ,72.875,72.875,72.875,72.875,72.875,72.875,72.875,43.817,31.406,52.666,54.471,46.716,34.96,47.608,57.099,46.093,3250.0,3250.0,3250.0,3250.0,3325.0,3300.0,3300.0,3450.0,3450.0,2.067,2.058,2.694,2.687,2.547,2.547,3.203,3.203,23.39,5377.0,12867.0,26.68,88.0,37.48
2026-07-08 02:23:36,72.0,57.000              ,520.121,200.0,1067.0,0.0,72.0,72.000              ,72.0,72.0,72.0,72.0,72.0,72.0,72.0,31.093,22.296,54.209,46.841,35.287,35.591,43.767,33.877,37.87,2333.333,2333.333,3450.0,3450.0,3450.0,3475.0,3475.0,3475.0,3475.0,1.61,1.609,2.587,2.582,2.078,2.081,2.197,2.197,21.312,5388.0,12868.0,23.607,89.0,42.36
2026-07-08 02:23:37,70.0,59.000              ,520.109,200.0,933.0,0.0,70.875,70.875              ,70.875,70.875,70.875,70.875,70.875,70.875,70.875,24.882,16.792,48.692,34.255,42.901,10.762,27.911,14.491,27.586,2333.333,2333.333,2800.0,3500.0,2333.333,2333.333,2333.333,2333.333,3500.0,1.451,1.451,2.439,2.439,1.816,1.813,1.461,1.461,17.677,5391.0,12872.0,66.197,90.0,15.11
2026-07-08 02:23:38,69.0,48.000              ,519.984,200.0,933.0,0.0,69.75,69.750              ,69.75,69.75,69.75,69.75,69.75,69.75,69.75,19.22,11.948,22.861,44.509,31.749,17.159,26.011,8.464,22.74,1325.0,1325.0,2650.0,2650.0,2650.0,2650.0,2650.0,2650.0,2650.0,1.092,1.092,2.084,2.103,1.674,1.678,1.285,1.285,15.876,5255.0,12706.0,37.492,91.0,26.67
2026-07-08 02:23:39,69.0,16.000              ,519.984,200.0,933.0,0.0,69.75,69.750              ,69.75,69.75,69.75,69.75,69.75,69.75,69.75,9.537,4.849,11.086,67.832,45.426,6.257,17.65,6.203,21.105,2333.333,2333.333,3500.0,3500.0,2333.333,2333.333,2333.333,2333.333,3500.0,0.933,0.933,3.814,3.823,2.197,2.195,1.174,1.174,16.056,5316.0,12765.0,0.0,92.0,
2026-07-08 02:23:40,69.0,0.000               ,519.98,200.0,933.0,0.0,69.875,69.875              ,69.875,69.875,69.875,69.875,69.875,69.875,69.875,14.05,1.873,6.622,86.575,21.775,7.648,18.954,8.453,20.744,2333.333,2333.333,3500.0,3500.0,2333.333,2333.333,2333.333,2333.333,3500.0,1.06,1.06,4.935,4.902,1.443,1.441,1.435,1.44,16.512,5293.0,12721.0,2273.322,93.0,0.44
2026-07-08 02:23:41,69.0,2.000               ,519.98,200.0,933.0,0.0,69.75,69.750              ,69.75,69.75,69.75,69.75,69.75,69.75,69.75,6.534,3.138,9.669,79.917,35.837,5.719,15.93,6.642,20.423,2333.333,2333.333,3500.0,3500.0,2333.333,2333.333,2333.333,2333.333,3500.0,0.805,0.805,4.801,4.893,2.041,2.041,1.129,1.124,16.115,5316.0,12739.0,0.0,94.0,
2026-07-08 02:23:42,69.0,2.000               ,519.98,200.0,933.0,0.0,69.0,69.000              ,69.0,69.0,69.0,69.0,69.0,69.0,69.0,12.113,5.974,9.34,70.925,27.007,3.703,23.133,5.959,19.769,2333.333,2333.333,3500.0,3500.0,2333.333,2333.333,2333.333,2333.333,3500.0,1.242,1.242,4.16,4.166,1.482,1.482,1.509,1.509,15.832,5346.0,12780.0,0.0,95.0,
2026-07-08 02:23:43,69.0,0.000               ,519.98,200.0,933.0,0.0,69.125,69.125              ,69.125,69.125,69.125,69.125,69.125,69.125,69.125,8.227,2.523,7.371,73.918,40.962,2.911,17.225,4.162,19.662,2333.333,2333.333,3500.0,3500.0,2333.333,2333.333,2333.333,2333.333,3500.0,0.886,0.886,4.029,3.959,2.129,2.129,1.072,1.072,15.907,5402.0,12837.0,0.0,96.0,
2026-07-08 02:23:44,67.0,0.000               ,514.672,200.0,933.0,0.0,67.75,67.750              ,67.75,67.75,67.75,67.75,67.75,67.75,67.75,12.412,9.347,18.013,59.906,32.607,5.134,23.606,6.853,20.985,2333.333,2333.333,3500.0,3500.0,2333.333,2800.0,2333.333,2333.333,3500.0,1.117,1.117,3.081,3.081,1.479,1.479,1.291,1.291,15.469,5424.0,12850.0,3289.316,97.0,0.3
2026-07-08 02:23:45,67.0,0.000               ,514.672,200.0,1200.0,0.0,67.625,67.625              ,67.625,67.625,67.625,67.625,67.625,67.625,67.625,24.379,26.028,38.762,53.285,61.897,15.692,41.691,15.678,34.676,2333.333,2333.333,3500.0,3500.0,2333.333,2333.333,2333.333,2333.333,3500.0,1.668,1.668,3.084,3.079,2.583,2.587,1.886,1.886,18.786,5279.0,12901.0,0.0,98.0,
2026-07-08 02:23:46,67.0,0.000               ,514.672,200.0,933.0,0.0,67.125,67.125              ,67.125,67.125,67.125,67.125,67.125,67.125,67.125,27.516,24.674,30.703,37.405,67.713,17.911,37.711,19.828,32.933,2333.333,2333.333,3500.0,3500.0,3500.0,3500.0,3500.0,3500.0,3500.0,1.729,1.729,2.125,2.116,2.79,2.785,1.897,1.897,17.864,5134.0,12947.0,0.0,99.0,
2026-07-08 02:23:47,66.0,0.000               ,514.672,200.0,1067.0,0.0,66.0,66.000              ,66.0,66.0,66.0,66.0,66.0,66.0,66.0,10.325,5.067,19.76,27.127,47.246,3.725,42.155,6.983,20.299,2333.333,2333.333,2333.333,2333.333,3500.0,3500.0,2333.333,2333.333,3500.0,0.891,0.891,1.805,1.818,1.929,1.929,1.773,1.773,14.444,5179.0,12971.0,0.0,100.0,
2026-07-08 02:23:48,65.0,0.000               ,514.672,200.0,933.0,0.0,65.625,65.625              ,65.625,65.625,65.625,65.625,65.625,65.625,65.625,14.607,6.536,10.94,69.681,35.752,5.47,20.374,8.404,21.471,2333.333,2333.333,3500.0,3500.0,2333.333,2333.333,2333.333,2333.333,3500.0,0.999,0.999,3.064,3.051,1.544,1.549,1.178,1.178,14.826,5263.0,13027.0,0.0,101.0,
2026-07-08 02:23:49,65.0,0.000               ,514.672,200.0,933.0,0.0,65.25,65.250              ,65.25,65.25,65.25,65.25,65.25,65.25,65.25,14.409,8.222,15.656,46.103,52.118,8.95,21.624,6.436,21.69,2333.333,2333.333,3500.0,3500.0,2333.333,2333.333,2333.333,2333.333,3500.0,1.08,1.08,2.223,2.242,2.171,2.166,1.166,1.166,14.526,5295.0,13080.0,0.0,102.0,
2026-07-08 02:23:50,64.0,0.000               ,514.672,200.0,933.0,0.0,64.875,64.875              ,64.875,64.875,64.875,64.875,64.875,64.875,64.875,16.89,15.194,21.891,34.956,64.345,7.045,28.252,9.824,24.8,2333.333,2333.333,2333.333,2333.333,3500.0,3500.0,2333.333,2333.333,3500.0,1.367,1.367,1.986,1.967,2.591,2.591,1.436,1.436,15.458,5357.0,13134.0,0.0,103.0,
2026-07-08 02:23:51,64.0,0.000               ,514.672,200.0,1200.0,0.0,64.875,64.875              ,64.875,64.875,64.875,64.875,64.875,64.875,64.875,31.104,23.047,28.371,39.07,64.75,16.137,51.193,33.009,35.835,2333.333,2333.333,3500.0,3500.0,3500.0,3500.0,2333.333,2333.333,3500.0,1.603,1.603,2.048,2.048,2.584,2.584,2.825,2.825,18.923,5308.0,13202.0,0.0,104.0,
2026-07-08 02:23:52,64.0,0.000               ,514.672,200.0,933.0,0.0,64.5,64.500              ,64.5,64.5,64.5,64.5,64.5,64.5,64.5,20.728,12.317,24.922,27.302,70.569,9.073,32.375,15.218,26.563,3425.0,3425.0,2740.0,2740.0,2740.0,2740.0,2740.0,2740.0,3425.0,1.233,1.233,1.624,1.624,2.803,2.803,1.628,1.633,15.433,5335.0,13254.0,0.0,105.0,
2026-07-08 02:23:53,64.0,0.000               ,514.672,200.0,933.0,0.0,64.375,64.375              ,64.375,64.375,64.375,64.375,64.375,64.375,64.375,19.903,11.326,18.774,46.714,51.473,8.021,32.625,13.303,25.267,2333.333,2333.333,2333.333,2333.333,3500.0,3500.0,2333.333,2333.333,3500.0,1.216,1.216,2.26,2.301,2.074,2.074,1.556,1.551,15.38,5385.0,13294.0,0.0,106.0,
2026-07-08 02:23:54,65.0,0.000               ,514.672,200.0,1067.0,0.0,65.0,65.000              ,65.0,65.0,65.0,65.0,65.0,65.0,65.0,29.164,25.062,20.864,75.572,38.786,15.436,52.077,14.495,33.932,2333.333,2333.333,3500.0,3500.0,2333.333,2333.333,2333.333,2333.333,3500.0,1.887,1.887,3.397,3.416,1.777,1.777,2.369,2.369,19.164,5334.0,13362.0,0.0,107.0,
2026-07-08 02:23:55,64.0,0.000               ,514.672,200.0,933.0,0.0,64.875,64.875              ,64.875,64.875,64.875,64.875,64.875,64.875,64.875,27.083,22.152,24.616,52.862,51.679,18.387,44.721,12.617,31.765,2800.0,2800.0,3500.0,3500.0,2800.0,2800.0,2800.0,2800.0,3500.0,1.643,1.643,2.654,2.626,2.157,2.157,1.929,1.929,17.629,5193.0,13416.0,0.0,108.0,
2026-07-08 02:23:56,64.0,0.000               ,514.672,200.0,933.0,0.0,64.0,64.000              ,64.0,64.0,64.0,64.0,64.0,64.0,64.0,11.853,6.07,15.246,34.375,52.574,4.301,30.934,4.94,20.037,2333.333,2333.333,2333.333,2333.333,2333.333,2333.333,3500.0,3500.0,3500.0,0.877,0.877,1.744,1.744,2.071,2.071,1.287,1.287,13.611,5285.0,13479.0,0.0,109.0,
2026-07-08 02:23:57,63.0,0.000               ,514.672,200.0,933.0,0.0,63.375,63.375              ,63.375,63.375,63.375,63.375,63.375,63.375,63.375,16.877,5.775,23.429,11.026,72.567,4.169,35.474,5.818,21.892,2333.333,2333.333,2333.333,2333.333,3500.0,3500.0,2333.333,2333.333,3500.0,0.996,0.996,1.134,1.134,2.718,2.675,1.408,1.408,13.923,5326.0,13532.0,0.0,110.0,
2026-07-08 02:23:58,63.0,0.000               ,514.672,200.0,933.0,0.0,63.125,63.125              ,63.125,63.125,63.125,63.125,63.125,63.125,63.125,12.618,7.361,18.667,67.014,36.568,9.241,25.703,6.882,23.007,2333.333,2333.333,3500.0,3500.0,2333.333,2333.333,2333.333,2333.333,3500.0,0.899,0.899,3.037,3.04,1.636,1.672,1.171,1.175,14.954,5386.0,13597.0,0.0,111.0,
2026-07-08 02:23:59,63.0,0.000               ,514.672,200.0,1200.0,0.0,63.0,63.000              ,63.0,63.0,63.0,63.0,63.0,63.0,63.0,25.556,19.985,31.538,31.757,62.461,13.079,61.088,12.581,32.255,3000.0,3000.0,2400.0,2400.0,2400.0,2400.0,2400.0,2400.0,3000.0,1.504,1.48,2.03,2.037,2.451,2.453,2.498,2.495,17.791,5357.0,13651.0,0.0,112.0,
2026-07-08 02:24:00,62.0,0.000               ,514.672,200.0,933.0,0.0,62.875,62.875              ,62.875,62.875,62.875,62.875,62.875,62.875,62.875,26.851,20.055,25.018,37.221,67.797,14.525,45.787,13.244,31.312,3425.0,3425.0,3425.0,3425.0,2740.0,2740.0,3500.0,3500.0,3500.0,1.513,1.538,1.894,1.886,2.742,2.742,1.916,1.916,17.581,5387.0,13682.0,15884.8,113.0,0.06
2026-07-08 02:24:01,62.0,0.000               ,514.672,200.0,933.0,0.0,62.25,62.250              ,62.25,62.25,62.25,62.25,62.25,62.25,62.25,12.657,5.128,15.852,36.444,59.129,4.967,36.312,5.38,21.984,2333.333,2333.333,2333.333,2333.333,3500.0,3500.0,2333.333,2333.333,3500.0,0.835,0.835,1.788,1.798,2.292,2.293,1.504,1.504,14.569,5417.0,13724.0,0.0,114.0,
2026-07-08 02:24:02,62.0,0.000               ,514.672,200.0,1200.0,0.0,62.375,62.375              ,62.375,62.375,62.375,62.375,62.375,62.375,62.375,21.272,15.915,19.826,62.896,35.045,40.506,38.197,9.792,30.431,2333.333,2333.333,2800.0,2800.0,2333.333,2333.333,3500.0,3500.0,3500.0,1.384,1.384,2.848,2.843,2.67,2.669,1.687,1.687,17.899,5403.0,13775.0,0.0,115.0,
2026-07-08 02:24:03,62.0,0.000               ,514.672,200.0,933.0,0.0,62.5,62.500              ,62.5,62.5,62.5,62.5,62.5,62.5,62.5,32.152,38.974,46.606,29.57,67.088,21.364,55.472,19.076,38.788,2800.0,2800.0,2800.0,2800.0,3500.0,3500.0,2800.0,3425.0,3500.0,2.014,2.016,2.135,2.129,2.749,2.749,2.263,2.263,18.87,5174.0,13819.0,0.0,116.0,
2026-07-08 02:24:04,61.0,0.000               ,514.672,200.0,933.0,0.0,61.75,61.750              ,61.75,61.75,61.75,61.75,61.75,61.75,61.75,16.197,3.025,19.526,11.506,61.433,3.033,38.317,3.278,19.54,2260.0,2260.0,2260.0,2260.0,3500.0,3500.0,2333.333,2333.333,3500.0,0.908,0.906,1.067,1.067,2.287,2.287,1.503,1.508,13.492,5249.0,13866.0,0.0,117.0,
2026-07-08 02:24:05,61.0,0.000               ,514.672,200.0,933.0,0.0,61.25,61.250              ,61.25,61.25,61.25,61.25,61.25,61.25,61.25,13.374,5.43,17.894,15.372,70.418,6.172,39.144,5.172,21.622,2333.333,2333.333,2333.333,2333.333,3500.0,3500.0,2333.333,2333.333,3500.0,0.863,0.863,1.102,1.102,2.641,2.641,1.469,1.465,13.813,5284.0,13909.0,0.0,118.0,
2026-07-08 02:24:06,60.0,0.000               ,514.672,200.0,933.0,0.0,60.875,60.875              ,60.875,60.875,60.875,60.875,60.875,60.875,60.875,11.035,7.465,12.216,47.06,46.753,5.409,36.03,5.529,21.437,2333.333,2333.333,3500.0,3500.0,2333.333,2333.333,2333.333,2333.333,3500.0,0.827,0.827,2.079,2.079,1.759,1.759,1.456,1.46,13.739,5328.0,13957.0,0.0,119.0,
2026-07-08 02:24:07,60.0,0.000               ,514.672,200.0,933.0,0.0,60.375,60.375              ,60.375,60.375,60.375,60.375,60.375,60.375,60.375,14.096,8.351,17.596,42.033,56.365,4.709,31.077,4.658,22.36,2283.333,2283.333,2283.333,2283.333,3500.0,3500.0,2800.0,2800.0,3500.0,0.937,0.937,2.019,2.019,2.148,2.148,1.238,1.234,14.316,5430.0,14021.0,7524.09,120.0,0.13
2026-07-08 02:24:08,60.0,0.000               ,514.672,200.0,1067.0,0.0,60.625,60.625              ,60.625,60.625,60.625,60.625,60.625,60.625,60.625,31.789,11.404,24.229,25.024,49.667,27.384,56.05,6.609,29.02,2333.333,2333.333,3500.0,3500.0,2800.0,2800.0,2333.333,2333.333,3500.0,1.559,1.562,1.688,1.691,2.656,2.659,2.24,2.24,17.05,5450.0,14103.0,0.0,121.0,
2026-07-08 02:24:09,61.0,0.000               ,514.672,200.0,933.0,0.0,61.75,61.750              ,61.75,61.75,61.75,61.75,61.75,61.75,61.75,25.321,27.116,28.863,69.274,54.845,18.138,36.956,16.343,34.607,2800.0,2800.0,2800.0,2800.0,3500.0,3500.0,2800.0,2800.0,3500.0,1.62,1.617,3.391,3.415,2.356,2.356,1.683,1.683,18.329,5399.0,14153.0,0.0,122.0,
2026-07-08 02:24:10,62.0,0.000               ,514.672,200.0,933.0,0.0,62.875,62.875              ,62.875,62.875,62.875,62.875,62.875,62.875,62.875,11.119,4.698,7.47,84.522,28.801,5.406,23.902,4.672,21.324,3500.0,3500.0,2333.333,2333.333,2333.333,2333.333,2333.333,2333.333,3500.0,0.936,0.936,4.013,4.014,1.564,1.561,1.283,1.283,16.216,5405.0,14157.0,0.0,123.0,
2026-07-08 02:24:11,64.0,0.000               ,514.672,200.0,933.0,0.0,64.25,64.250              ,64.25,64.25,64.25,64.25,64.25,64.25,64.25,7.826,4.734,4.446,88.25,18.467,13.419,25.417,4.224,20.848,2333.333,2333.333,3500.0,3500.0,2333.333,3500.0,3500.0,3500.0,3500.0,0.742,0.742,4.103,4.095,1.259,1.259,1.228,1.228,15.753,5410.0,14161.0,0.0,124.0,
2026-07-08 02:24:12,65.0,0.000               ,514.672,200.0,933.0,0.0,65.375,65.375              ,65.375,65.375,65.375,65.375,65.375,65.375,65.375,26.83,5.243,22.703,65.308,25.224,5.429,14.048,3.916,21.088,2333.333,2333.333,3500.0,3500.0,2333.333,2333.333,2333.333,2333.333,3500.0,1.45,1.45,3.804,3.804,1.272,1.272,0.883,0.884,16.102,5415.0,14160.0,0.0,125.0,
2026-07-08 02:24:13,65.0,0.000               ,514.672,200.0,933.0,0.0,65.375,65.375              ,65.375,65.375,65.375,65.375,65.375,65.375,65.375,15.558,4.06,20.773,7.921,89.007,1.484,13.421,8.4,20.078,2333.333,2333.333,3500.0,3500.0,2333.333,2333.333,2333.333,2333.333,3500.0,1.09,1.09,1.085,1.085,3.885,3.885,1.082,1.081,15.457,5413.0,14157.0,0.0,126.0,
2026-07-08 02:24:14,65.0,0.000               ,574.391,200.0,933.0,0.0,65.125,65.125              ,65.125,65.125,65.125,65.125,65.125,65.125,65.125,16.269,7.898,20.513,22.963,39.793,33.09,49.933,7.372,24.729,2333.333,2333.333,3500.0,3500.0,2333.333,2333.333,2333.333,2333.333,3500.0,1.037,1.037,1.535,1.535,2.936,2.936,2.119,2.119,16.304,5454.0,14257.0,0.0,127.0,
2026-07-08 02:24:15,65.0,0.000               ,574.391,200.0,933.0,0.0,65.875,65.875              ,65.875,65.875,65.875,65.875,65.875,65.875,65.875,8.949,4.99,6.199,86.379,22.689,10.33,18.464,3.028,20.128,2333.333,2333.333,2333.333,2333.333,3500.0,3500.0,2333.333,2333.333,3500.0,0.84,0.84,4.109,4.115,1.514,1.52,0.998,0.998,15.918,5466.0,14256.0,0.0,128.0,
2026-07-08 02:24:16,65.0,0.000               ,574.391,200.0,933.0,0.0,65.75,65.750              ,65.75,65.75,65.75,65.75,65.75,65.75,65.75,6.682,60.263,34.102,18.641,29.216,6.458,23.205,5.964,23.066,2333.333,2333.333,2333.333,2333.333,3500.0,3500.0,2333.333,2333.333,3500.0,2.842,2.842,2.095,2.027,1.397,1.391,1.256,1.256,16.136,5482.0,14255.0,0.0,129.0,
2026-07-08 02:24:17,65.0,0.000               ,574.391,200.0,933.0,0.0,65.5,65.500              ,65.5,65.5,65.5,65.5,65.5,65.5,65.5,9.975,4.462,36.899,15.63,73.914,2.352,22.293,3.828,21.169,2333.333,2333.333,3500.0,3500.0,2333.333,2333.333,2333.333,2333.333,3500.0,0.822,0.822,2.114,2.114,3.355,3.355,1.008,1.008,16.141,5481.0,14254.0,0.0,130.0,
2026-07-08 02:24:18,65.0,0.000               ,577.906,200.0,933.0,0.0,65.25,65.250              ,65.25,65.25,65.25,65.25,65.25,65.25,65.25,12.075,5.025,43.981,16.034,66.636,4.041,25.863,5.253,22.363,2333.333,2333.333,3500.0,3500.0,2333.333,2333.333,2333.333,2333.333,3500.0,0.798,0.798,2.393,2.393,2.901,2.901,1.301,1.301,15.836,5487.0,14262.0,0.0,131.0,
2026-07-08 02:24:19,65.0,0.000               ,577.906,200.0,933.0,0.0,65.375,65.375              ,65.375,65.375,65.375,65.375,65.375,65.375,65.375,8.687,2.229,6.607,76.03,34.297,3.132,16.309,12.926,20.027,2333.333,2333.333,3500.0,3500.0,2333.333,2333.333,2333.333,2333.333,3500.0,0.789,0.789,3.699,3.699,1.607,1.607,1.227,1.227,15.869,5497.0,14263.0,0.0,132.0,
2026-07-08 02:24:20,65.0,0.000               ,577.906,200.0,933.0,0.0,65.375,65.375              ,65.375,65.375,65.375,65.375,65.375,65.375,65.375,6.071,48.068,12.047,46.639,13.819,13.708,18.553,4.627,20.442,2333.333,2333.333,3500.0,3500.0,2333.333,2333.333,2333.333,2333.333,3500.0,2.385,2.385,2.475,2.539,1.152,1.152,1.092,1.092,15.684,5502.0,14263.0,0.0,133.0,
2026-07-08 02:24:21,64.0,0.000               ,577.906,200.0,933.0,0.0,64.75,64.750              ,64.75,64.75,64.75,64.75,64.75,64.75,64.75,14.462,4.384,22.028,9.654,31.63,4.372,79.589,3.092,21.151,2333.333,2333.333,2333.333,2333.333,3500.0,3500.0,2333.333,2333.333,3500.0,0.857,0.857,1.166,1.06,1.536,1.543,3.25,3.25,15.118,5500.0,14262.0,0.0,134.0,
2026-07-08 02:24:22,64.0,0.000               ,588.016,200.0,933.0,0.0,64.125,64.125              ,64.125,64.125,64.125,64.125,64.125,64.125,64.125,10.436,18.264,20.286,19.583,37.885,2.27,17.928,37.914,20.571,2333.333,2333.333,3500.0,3500.0,2333.333,2333.333,2333.333,2333.333,3500.0,1.364,1.376,1.503,1.503,1.633,1.626,2.371,2.371,15.38,5514.0,14273.0,15276.93,135.0,0.07
2026-07-08 02:24:23,62.0,3.000               ,588.016,200.0,933.0,0.0,62.75,62.750              ,62.75,62.75,62.75,62.75,62.75,62.75,62.75,10.663,16.418,18.42,5.275,87.325,2.747,19.252,7.861,20.995,2333.333,2333.333,2333.333,2333.333,2333.333,2333.333,3500.0,3500.0,3500.0,1.205,1.19,0.904,0.904,3.933,3.87,1.051,1.051,14.458,5510.0,14269.0,0.0,136.0,
2026-07-08 02:24:24,62.0,3.000               ,588.016,200.0,933.0,0.0,62.0,62.000              ,62.0,62.0,62.0,62.0,62.0,62.0,62.0,15.063,15.166,38.366,4.31,16.703,7.713,12.808,57.224,20.919,3500.0,3500.0,2333.333,2333.333,2333.333,2333.333,2333.333,2333.333,3500.0,1.356,1.356,1.661,1.661,0.954,0.969,2.943,3.006,14.528,5519.0,14269.0,0.0,137.0,
2026-07-08 02:24:25,62.0,0.000               ,588.016,200.0,933.0,0.0,62.125,62.125              ,62.125,62.125,62.125,62.125,62.125,62.125,62.125,13.315,15.05,60.825,21.483,16.049,7.067,10.706,5.581,18.759,3500.0,3500.0,2333.333,2333.333,2333.333,2333.333,2333.333,2333.333,3500.0,1.465,1.465,3.823,3.836,1.075,1.075,0.897,0.803,14.809,5520.0,14269.0,0.0,138.0,
2026-07-08 02:24:26,62.0,0.000               ,588.016,200.0,933.0,0.0,62.375,62.375              ,62.375,62.375,62.375,62.375,62.375,62.375,62.375,2.213,97.258,17.773,5.708,15.287,3.851,9.867,4.558,19.564,3500.0,3500.0,2333.333,2333.333,2333.333,2333.333,2333.333,2333.333,3500.0,4.489,4.544,1.032,0.931,0.95,0.95,0.79,0.788,14.826,5522.0,14268.0,0.0,139.0,
2026-07-08 02:24:27,62.0,0.000               ,588.016,200.0,933.0,0.0,62.375,62.375              ,62.375,62.375,62.375,62.375,62.375,62.375,62.375,7.941,62.229,17.831,35.461,24.486,5.545,21.976,5.763,22.654,3500.0,3500.0,2333.333,2333.333,2333.333,2333.333,2333.333,2333.333,3500.0,3.222,3.152,2.324,2.324,1.254,1.254,1.248,1.248,15.629,5528.0,14269.0,0.0,140.0,
2026-07-08 02:24:28,62.0,0.000               ,588.016,200.0,933.0,0.0,62.0,62.000              ,62.0,62.0,62.0,62.0,62.0,62.0,62.0,12.627,16.52,19.011,18.99,70.899,3.313,14.672,3.538,19.946,3500.0,3500.0,2333.333,2333.333,2333.333,2333.333,2333.333,2333.333,3500.0,1.396,1.382,1.598,1.61,3.326,3.326,0.775,0.775,14.588,5539.0,14268.0,0.0,141.0,
2026-07-08 02:24:29,62.0,0.000               ,588.016,200.0,933.0,0.0,62.0,62.000              ,62.0,62.0,62.0,62.0,62.0,62.0,62.0,3.885,81.108,35.671,9.775,12.787,4.973,8.452,4.823,20.184,3500.0,3500.0,2333.333,2333.333,2333.333,2333.333,2333.333,2333.333,3500.0,3.997,4.0,1.794,1.787,0.923,0.93,0.727,0.727,14.925,5543.0,14267.0,0.0,142.0,
2026-07-08 02:24:30,62.0,0.000               ,588.016,200.0,933.0,0.0,62.375,62.375              ,62.375,62.375,62.375,62.375,62.375,62.375,62.375,12.665,64.258,22.591,33.342,33.902,8.162,14.218,5.829,24.371,3500.0,3500.0,2333.333,2333.333,2333.333,2333.333,2333.333,2333.333,3500.0,3.493,3.474,2.349,2.361,1.796,1.789,0.938,0.938,16.702,5625.0,14354.0,0.0,143.0,
2026-07-08 02:24:31,62.0,0.000               ,649.602,200.0,1200.0,0.0,62.0,62.000              ,62.0,62.0,62.0,62.0,62.0,62.0,62.0,47.5,52.868,52.905,47.551,46.835,29.514,81.538,29.635,48.543,3500.0,3500.0,2333.333,2333.333,2333.333,2333.333,2333.333,2333.333,3500.0,2.981,2.985,2.681,2.683,2.133,2.113,3.405,3.435,21.769,5730.0,14571.0,8503.225,144.0,0.12
2026-07-08 02:24:32,61.0,10.000              ,726.672,733.0,1200.0,0.0,61.0,61.000              ,61.0,61.0,61.0,61.0,61.0,61.0,61.0,88.563,85.488,89.247,90.075,89.882,79.69,90.83,83.953,87.216,2800.0,2800.0,3500.0,3500.0,2800.0,2800.0,2800.0,2800.0,3500.0,2.206,2.211,2.381,2.366,2.163,2.185,2.392,2.364,23.715,5562.0,14677.0,116.844,145.0,8.56
2026-07-08 02:24:33,59.0,51.000              ,725.184,666.0,1200.0,0.0,59.875,59.875              ,59.875,59.875,59.875,59.875,59.875,59.875,59.875,78.939,74.203,80.234,81.223,79.855,69.094,79.459,72.991,77.0,2320.0,2320.0,2900.0,2900.0,2320.0,2320.0,2320.0,2320.0,2900.0,1.88,1.87,2.039,2.039,1.812,1.812,1.914,1.92,22.058,5375.0,14679.0,35.277,146.0,28.35
2026-07-08 02:24:34,59.0,76.000              ,723.688,200.0,1200.0,0.0,59.625,59.625              ,59.625,59.625,59.625,59.625,59.625,59.625,59.625,72.529,64.588,72.627,77.126,77.073,52.611,70.436,67.673,69.333,2420.0,2420.0,3025.0,3025.0,2420.0,2420.0,2420.0,2420.0,3025.0,1.78,1.752,2.055,2.055,1.686,1.689,1.916,1.91,21.298,5193.0,14682.0,24.538,147.0,40.75
2026-07-08 02:24:35,59.0,69.000              ,723.688,600.0,1200.0,0.0,59.75,59.750              ,59.75,59.75,59.75,59.75,59.75,59.75,59.75,74.164,64.424,73.675,76.76,76.279,52.642,72.865,69.556,70.046,2440.0,2440.0,3050.0,3050.0,2440.0,2440.0,2440.0,2440.0,3050.0,1.857,1.89,2.187,2.187,1.749,1.747,2.009,2.01,21.261,4990.0,14689.0,62.856,148.0,15.91
2026-07-08 02:24:36,59.0,70.000              ,723.84,200.0,1067.0,0.0,59.5,59.500              ,59.5,59.5,59.5,59.5,59.5,59.5,59.5,50.618,49.341,61.638,47.771,64.131,28.291,54.02,35.323,48.892,2380.0,2380.0,2975.0,2975.0,2380.0,2380.0,2380.0,2380.0,2975.0,1.673,1.67,1.907,1.907,1.613,1.611,1.631,1.627,20.735,4894.0,14689.0,27.472,149.0,36.4
2026-07-08 02:24:37,59.0,70.000              ,732.16,393.0,1200.0,0.0,59.625,59.625              ,59.625,59.625,59.625,59.625,59.625,59.625,59.625,52.488,38.649,55.015,41.253,57.68,21.337,57.227,22.921,43.321,2600.0,2600.0,3250.0,3250.0,2600.0,2600.0,2600.0,2600.0,3250.0,1.794,1.794,1.952,1.952,1.643,1.643,1.685,1.685,20.431,4904.0,14703.0,25.083,150.0,39.87
2026-07-08 02:24:38,59.0,68.000              ,732.684,200.0,1200.0,0.0,59.625,59.625              ,59.625,59.625,59.625,59.625,59.625,59.625,59.625,49.858,38.118,59.37,36.386,54.684,23.101,57.741,21.692,42.619,3225.0,3225.0,2580.0,2580.0,2580.0,2580.0,2580.0,2580.0,3225.0,1.738,1.738,1.857,1.836,1.609,1.609,1.662,1.662,20.09,4876.0,14704.0,22.271,151.0,44.9
2026-07-08 02:24:39,59.0,68.000              ,732.684,461.0,1200.0,0.0,59.75,59.750              ,59.75,59.75,59.75,59.75,59.75,59.75,59.75,46.903,39.364,53.926,37.868,52.741,23.559,51.176,24.682,41.277,3250.0,3250.0,3250.0,3250.0,2600.0,2600.0,2600.0,2600.0,3250.0,1.654,1.654,1.88,1.901,1.533,1.533,1.608,1.608,20.009,4813.0,14704.0,27.959,152.0,35.77
2026-07-08 02:24:40,59.0,68.000              ,732.738,508.0,1200.0,0.0,59.75,59.750              ,59.75,59.75,59.75,59.75,59.75,59.75,59.75,63.147,54.584,68.001,60.596,68.42,35.138,67.445,33.999,56.416,2460.0,2460.0,3050.0,3050.0,2440.0,2440.0,2440.0,2440.0,3050.0,1.527,1.538,1.918,1.918,1.47,1.472,1.471,1.471,19.642,4706.0,14706.0,23.44,153.0,42.66
2026-07-08 02:24:41,59.0,69.000              ,732.734,200.0,1200.0,0.0,59.625,59.625              ,59.625,59.625,59.625,59.625,59.625,59.625,59.625,56.795,52.91,62.459,61.435,65.881,37.868,64.971,37.018,54.917,2340.0,2340.0,2925.0,2925.0,2360.0,2360.0,2360.0,2360.0,2925.0,1.418,1.408,1.729,1.732,1.515,1.514,1.498,1.498,19.337,4597.0,14706.0,24.272,154.0,41.2
2026-07-08 02:24:42,59.0,68.000              ,712.688,476.0,1200.0,0.0,59.625,59.625              ,59.625,59.625,59.625,59.625,59.625,59.625,59.625,62.642,45.882,64.524,60.984,67.369,40.784,65.194,44.285,56.458,2320.0,2320.0,2900.0,2900.0,2320.0,2320.0,2320.0,2320.0,2900.0,1.408,1.413,1.766,1.763,1.458,1.464,1.531,1.531,19.291,4459.0,14693.0,27.335,155.0,36.58
2026-07-08 02:24:43,59.0,68.000              ,705.734,381.0,1067.0,0.0,59.5,59.500              ,59.5,59.5,59.5,59.5,59.5,59.5,59.5,55.854,43.978,56.331,57.751,60.758,34.776,52.016,42.469,50.492,2260.0,2260.0,2260.0,2260.0,2825.0,2800.0,2240.0,2240.0,2825.0,1.391,1.385,1.668,1.668,1.368,1.362,1.356,1.342,18.468,4249.0,14688.0,25.185,156.0,39.71
2026-07-08 02:24:44,59.0,69.000              ,714.676,338.0,1200.0,0.0,59.5,59.500              ,59.5,59.5,59.5,59.5,59.5,59.5,59.5,37.982,27.422,62.627,23.746,46.814,12.376,51.002,15.102,34.634,2500.0,2500.0,3125.0,3125.0,2500.0,2500.0,2500.0,2500.0,3125.0,1.325,1.325,1.701,1.703,1.242,1.242,1.446,1.461,18.735,4259.0,14692.0,22.309,157.0,44.82
2026-07-08 02:24:45,59.0,69.000              ,722.262,200.0,1200.0,0.0,59.5,59.500              ,59.5,59.5,59.5,59.5,59.5,59.5,59.5,40.669,33.568,63.726,31.621,46.87,15.107,51.608,14.287,37.182,2460.0,2460.0,3075.0,3075.0,2460.0,2460.0,2460.0,2460.0,3075.0,1.343,1.343,1.742,1.74,1.223,1.223,1.307,1.307,18.337,4270.0,14694.0,21.127,158.0,47.33
2026-07-08 02:24:46,59.0,68.000              ,722.266,442.0,1200.0,0.0,59.5,59.500              ,59.5,59.5,59.5,59.5,59.5,59.5,59.5,36.365,31.592,61.622,28.605,46.466,12.667,50.069,16.656,35.505,2440.0,2440.0,3025.0,3025.0,2420.0,2420.0,2420.0,2420.0,3025.0,1.245,1.245,1.716,1.724,1.202,1.202,1.307,1.307,18.046,4280.0,14692.0,18.381,159.0,54.4
2026-07-08 02:24:47,59.0,68.000              ,731.105,200.0,1200.0,0.0,59.375,59.375              ,59.375,59.375,59.375,59.375,59.375,59.375,59.375,41.646,29.669,55.0,42.804,46.679,12.415,53.942,16.971,37.391,2380.0,2380.0,2975.0,2975.0,2380.0,2380.0,2380.0,2380.0,2975.0,1.198,1.198,1.675,1.683,1.078,1.078,1.28,1.28,18.167,4287.0,14703.0,24.444,160.0,40.91
2026-07-08 02:24:48,59.0,69.000              ,730.727,420.0,1200.0,0.0,59.25,59.250              ,59.25,59.25,59.25,59.25,59.25,59.25,59.25,28.123,29.327,36.06,42.252,45.706,12.92,39.425,12.505,30.79,2440.0,2440.0,3050.0,3050.0,2440.0,2440.0,2440.0,2440.0,3050.0,1.159,1.159,1.61,1.594,1.178,1.178,1.123,1.123,17.549,4296.0,14702.0,22.997,161.0,43.48
2026-07-08 02:24:49,59.0,70.000              ,730.863,364.0,1200.0,0.0,59.25,59.250              ,59.25,59.25,59.25,59.25,59.25,59.25,59.25,45.395,25.164,50.093,24.529,50.253,9.739,47.622,10.04,32.855,2460.0,2460.0,3075.0,3075.0,2460.0,2460.0,2460.0,2460.0,3075.0,1.45,1.45,1.449,1.449,1.274,1.274,1.208,1.201,17.68,4301.0,14703.0,20.095,162.0,49.76
2026-07-08 02:24:50,59.0,70.000              ,728.23,200.0,1200.0,0.0,59.0,59.000              ,59.0,59.0,59.0,59.0,59.0,59.0,59.0,45.113,27.094,52.395,29.783,50.858,16.761,55.503,16.042,36.694,2420.0,2420.0,3025.0,3025.0,2420.0,2420.0,2420.0,2420.0,3025.0,1.205,1.208,1.4,1.4,1.191,1.191,1.311,1.319,17.403,4308.0,14701.0,22.304,163.0,44.84
2026-07-08 02:24:51,59.0,69.000              ,730.453,370.0,1200.0,0.0,59.0,59.000              ,59.0,59.0,59.0,59.0,59.0,59.0,59.0,39.971,24.053,51.469,30.509,43.933,14.07,49.779,13.465,33.406,2975.0,2975.0,2380.0,2975.0,2380.0,2380.0,2380.0,2380.0,2975.0,1.17,1.166,1.474,1.474,1.127,1.127,1.245,1.245,17.452,4316.0,14702.0,21.207,164.0,47.15
2026-07-08 02:24:52,58.0,69.000              ,730.457,200.0,1200.0,0.0,58.625,58.625              ,58.625,58.625,58.625,58.625,58.625,58.625,58.625,30.811,25.995,42.547,28.657,39.419,12.783,38.827,14.414,29.182,2400.0,2400.0,3000.0,3000.0,2400.0,2400.0,2400.0,2400.0,3000.0,1.099,1.099,1.435,1.435,1.024,1.025,1.064,1.064,17.022,4322.0,14702.0,26.505,165.0,37.73
2026-07-08 02:24:53,58.0,69.000              ,733.637,364.0,1200.0,0.0,58.625,58.625              ,58.625,58.625,58.625,58.625,58.625,58.625,58.625,38.151,26.049,51.466,23.34,44.078,9.206,48.365,13.382,31.755,2460.0,2460.0,3075.0,3075.0,2460.0,2460.0,2440.0,2440.0,3075.0,1.219,1.219,1.467,1.467,1.055,1.054,1.248,1.248,17.156,4325.0,14705.0,21.403,166.0,46.72
2026-07-08 02:24:54,58.0,69.000              ,721.23,200.0,1200.0,0.0,58.625,58.625              ,58.625,58.625,58.625,58.625,58.625,58.625,58.625,44.225,22.913,45.094,26.026,45.914,10.921,47.217,14.401,32.089,2950.0,2400.0,3000.0,3000.0,2400.0,2400.0,2400.0,3025.0,3025.0,1.283,1.283,1.353,1.353,1.102,1.105,1.252,1.255,17.027,4321.0,14693.0,23.324,167.0,42.87
2026-07-08 02:24:55,58.0,69.000              ,721.609,200.0,1067.0,0.0,58.625,58.625              ,58.625,58.625,58.625,58.625,58.625,58.625,58.625,37.478,26.396,58.397,24.752,42.66,11.905,46.397,16.408,33.049,2380.0,2380.0,2975.0,2975.0,2380.0,2380.0,2380.0,2825.0,2975.0,1.154,1.154,1.534,1.536,1.046,1.043,1.224,1.221,17.016,4321.0,14693.0,19.499,168.0,51.28
2026-07-08 02:24:56,58.0,68.000              ,721.605,492.0,1200.0,0.0,58.375,58.375              ,58.375,58.375,58.375,58.375,58.375,58.375,58.375,34.387,30.227,50.363,23.682,43.507,12.125,49.834,13.239,32.171,2400.0,2400.0,3000.0,3000.0,2400.0,2400.0,2400.0,2400.0,3000.0,1.125,1.125,1.336,1.334,1.048,1.048,1.248,1.25,16.739,4320.0,14692.0,27.156,169.0,36.82
2026-07-08 02:24:57,58.0,69.000              ,714.84,375.0,1067.0,0.0,58.25,58.250              ,58.25,58.25,58.25,58.25,58.25,58.25,58.25,43.118,23.536,49.311,30.108,43.96,16.292,44.069,13.22,32.952,2380.0,2380.0,2975.0,2975.0,2360.0,2360.0,2360.0,2360.0,2975.0,1.165,1.168,1.439,1.439,1.079,1.079,1.084,1.082,16.677,4319.0,14681.0,21.352,170.0,46.83
2026-07-08 02:24:58,58.0,70.000              ,714.84,333.0,1200.0,0.0,58.125,58.125              ,58.125,58.125,58.125,58.125,58.125,58.125,58.125,39.55,22.828,49.16,28.977,48.785,8.476,45.272,12.56,31.951,2400.0,2400.0,3000.0,3000.0,2400.0,2400.0,2400.0,2400.0,3000.0,1.147,1.15,1.385,1.385,1.061,1.061,1.133,1.147,16.6,4318.0,14681.0,24.111,171.0,41.47
2026-07-08 02:24:59,58.0,70.000              ,714.871,200.0,1200.0,0.0,58.0,58.000              ,58.0,58.0,58.0,58.0,58.0,58.0,58.0,50.69,28.263,54.92,29.853,58.107,17.665,44.898,31.115,39.439,2360.0,2360.0,2950.0,2950.0,2360.0,2360.0,2360.0,2360.0,2950.0,1.092,1.085,1.197,1.198,1.116,1.116,1.183,1.17,16.76,4325.0,14670.0,22.422,172.0,44.6
2026-07-08 02:25:00,57.0,68.000              ,714.875,500.0,1200.0,0.0,57.75,57.750              ,57.75,57.75,57.75,57.75,57.75,57.75,57.75,48.437,30.563,48.162,46.495,57.847,19.2,51.471,25.268,40.93,2100.0,2100.0,2625.0,2600.0,2080.0,2080.0,2080.0,2080.0,2625.0,0.995,0.997,1.204,1.213,1.025,1.025,1.005,1.005,16.428,4335.0,14665.0,21.247,173.0,47.07
2026-07-08 02:25:01,57.0,69.000              ,714.879,200.0,1200.0,0.0,57.75,57.750              ,57.75,57.75,57.75,57.75,57.75,57.75,57.75,36.869,26.435,37.254,35.72,49.179,14.695,44.771,13.272,32.274,2120.0,2120.0,2650.0,2650.0,2120.0,2120.0,2120.0,2120.0,2650.0,0.925,0.923,1.134,1.124,1.008,1.008,0.944,0.943,16.198,4347.0,14663.0,23.343,174.0,42.84
2026-07-08 02:25:02,57.0,69.000              ,714.875,435.0,1200.0,0.0,57.75,57.750              ,57.75,57.75,57.75,57.75,57.75,57.75,57.75,40.462,18.622,54.723,26.778,49.881,10.887,44.757,11.31,32.178,2220.0,2220.0,2775.0,2775.0,2220.0,2220.0,2220.0,2220.0,2775.0,0.991,0.991,1.261,1.263,1.036,1.036,0.984,0.984,16.248,4349.0,14664.0,21.118,175.0,47.35
2026-07-08 02:25:03,57.0,70.000              ,712.371,358.0,1200.0,0.0,57.75,57.750              ,57.75,57.75,57.75,57.75,57.75,57.75,57.75,33.392,17.297,54.578,22.039,55.107,11.574,50.531,8.012,31.566,2240.0,2240.0,2800.0,2800.0,2240.0,2240.0,2240.0,2240.0,2800.0,0.925,0.925,1.181,1.179,1.176,1.177,1.022,1.022,16.093,4348.0,14663.0,23.292,176.0,42.93
2026-07-08 02:25:04,57.0,70.000              ,714.141,200.0,1067.0,0.0,57.5,57.500              ,57.5,57.5,57.5,57.5,57.5,57.5,57.5,38.134,23.473,54.473,23.048,51.842,12.77,52.018,11.421,33.397,2280.0,2280.0,2825.0,2825.0,2260.0,2260.0,2260.0,2260.0,2825.0,0.983,0.983,1.185,1.173,1.076,1.077,1.035,1.035,16.048,4350.0,14667.0,25.901,177.0,38.61
2026-07-08 02:25:05,57.0,69.000              ,713.141,200.0,1067.0,0.0,57.5,57.500              ,57.5,57.5,57.5,57.5,57.5,57.5,57.5,39.961,23.19,62.84,22.574,48.794,14.682,46.674,12.15,33.858,2280.0,2280.0,2850.0,2850.0,2280.0,2280.0,2280.0,2280.0,2850.0,0.96,0.96,1.229,1.242,1.0,0.998,0.923,0.914,15.983,4357.0,14667.0,26.023,178.0,38.43
2026-07-08 02:25:06,57.0,70.000              ,713.137,428.0,1200.0,0.0,57.375,57.375              ,57.375,57.375,57.375,57.375,57.375,57.375,57.375,32.089,22.635,58.144,21.611,53.657,10.141,52.892,12.457,32.953,2180.0,2180.0,2725.0,2725.0,2180.0,2180.0,2180.0,2180.0,2725.0,0.882,0.884,1.17,1.17,0.999,1.001,0.995,1.005,16.056,4360.0,14664.0,19.088,179.0,52.39
2026-07-08 02:25:07,57.0,69.000              ,713.137,381.0,1067.0,0.0,57.25,57.250              ,57.25,57.25,57.25,57.25,57.25,57.25,57.25,32.565,23.655,42.933,25.322,52.974,11.787,37.593,9.88,29.589,2240.0,2240.0,2800.0,2800.0,2240.0,2240.0,2240.0,2240.0,2800.0,0.988,0.985,1.094,1.094,1.15,1.148,0.872,0.874,15.824,4363.0,14663.0,22.89,180.0,43.69
2026-07-08 02:25:08,57.0,69.000              ,713.145,200.0,1200.0,0.0,57.25,57.250              ,57.25,57.25,57.25,57.25,57.25,57.25,57.25,44.135,22.272,51.742,25.198,51.197,15.089,62.436,11.234,35.413,2260.0,2260.0,2260.0,2260.0,2260.0,2260.0,2825.0,2825.0,2825.0,0.992,0.992,1.065,1.065,1.031,1.031,1.14,1.138,15.798,4363.0,14662.0,23.418,181.0,42.7
2026-07-08 02:25:09,57.0,69.000              ,713.141,387.0,1200.0,0.0,57.25,57.250              ,57.25,57.25,57.25,57.25,57.25,57.25,57.25,38.975,24.302,58.288,23.75,61.628,8.279,40.939,14.786,33.868,2260.0,2260.0,2825.0,2825.0,2260.0,2260.0,2240.0,2240.0,2825.0,0.993,0.993,1.196,1.18,1.124,1.124,0.885,0.896,16.014,4361.0,14662.0,25.796,182.0,38.77
2026-07-08 02:25:10,57.0,69.000              ,713.141,435.0,1200.0,0.0,57.25,57.250              ,57.25,57.25,57.25,57.25,57.25,57.25,57.25,39.657,22.992,62.918,24.806,54.135,10.865,43.857,16.916,34.518,2160.0,2160.0,2700.0,2725.0,2180.0,2180.0,2180.0,2180.0,2725.0,0.942,0.942,1.246,1.263,1.002,1.002,0.956,0.932,15.707,4365.0,14662.0,19.383,183.0,51.59
2026-07-08 02:25:11,57.0,70.000              ,713.145,200.0,1067.0,0.0,57.0,57.000              ,57.0,57.0,57.0,57.0,57.0,57.0,57.0,40.983,22.651,62.426,22.981,53.396,11.921,41.984,18.572,34.364,2200.0,2200.0,2750.0,2750.0,2200.0,2200.0,2200.0,2200.0,2750.0,0.934,0.934,1.229,1.229,0.986,0.986,0.945,0.958,15.899,4366.0,14662.0,21.528,184.0,46.45
2026-07-08 02:25:12,56.0,69.000              ,713.141,400.0,1067.0,0.0,56.75,56.750              ,56.75,56.75,56.75,56.75,56.75,56.75,56.75,36.858,24.625,40.608,26.293,46.112,9.714,42.704,18.251,30.646,2140.0,2140.0,2700.0,2700.0,2160.0,2160.0,2160.0,2160.0,2700.0,0.901,0.914,0.999,0.999,0.832,0.832,0.987,0.987,15.497,4369.0,14661.0,24.849,185.0,40.24
2026-07-08 02:25:13,56.0,69.000              ,713.145,200.0,1200.0,0.0,56.75,56.750              ,56.75,56.75,56.75,56.75,56.75,56.75,56.75,35.735,24.239,62.404,24.966,46.225,7.788,41.439,12.593,31.924,2260.0,2280.0,2850.0,2850.0,2280.0,2280.0,2280.0,2280.0,2850.0,1.001,0.989,1.369,1.369,0.87,0.87,0.968,0.968,15.774,4371.0,14664.0,22.381,186.0,44.68
2026-07-08 02:25:14,56.0,68.000              ,713.125,400.0,1067.0,0.0,56.75,56.750              ,56.75,56.75,56.75,56.75,56.75,56.75,56.75,41.112,26.296,61.706,26.771,59.92,8.548,44.398,14.041,35.349,2140.0,2120.0,2625.0,2625.0,2100.0,2100.0,2100.0,2100.0,2625.0,0.933,0.933,1.231,1.234,0.919,0.919,0.871,0.871,15.582,4369.0,14661.0,24.844,187.0,40.25
2026-07-08 02:25:15,56.0,69.000              ,713.629,457.0,1200.0,0.0,56.5,56.500              ,56.5,56.5,56.5,56.5,56.5,56.5,56.5,45.042,24.018,59.553,24.896,53.734,17.489,50.763,16.126,36.452,2140.0,2140.0,2675.0,2675.0,2140.0,2140.0,2140.0,2140.0,2675.0,0.953,0.951,1.118,1.115,0.963,0.963,0.942,0.942,15.611,4374.0,14667.0,20.131,188.0,49.67
2026-07-08 02:25:16,56.0,71.000              ,713.633,200.0,1200.0,0.0,56.5,56.500              ,56.5,56.5,56.5,56.5,56.5,56.5,56.5,36.528,28.016,44.429,32.665,45.685,8.707,43.226,11.905,31.395,2120.0,2120.0,2650.0,2650.0,2120.0,2120.0,2120.0,2120.0,2650.0,0.91,0.913,1.16,1.16,0.79,0.79,0.885,0.885,15.406,4375.0,14663.0,23.869,189.0,41.9
2026-07-08 02:25:17,56.0,70.000              ,713.629,387.0,1200.0,0.0,56.5,56.500              ,56.5,56.5,56.5,56.5,56.5,56.5,56.5,44.28,23.425,50.638,28.701,57.544,13.8,42.002,11.805,34.024,2160.0,2160.0,2700.0,2700.0,2160.0,2160.0,2160.0,2160.0,2700.0,0.967,0.964,1.111,1.111,1.04,1.04,0.892,0.878,15.479,4375.0,14663.0,20.597,190.0,48.55
2026-07-08 02:25:18,56.0,70.000              ,713.629,375.0,1067.0,0.0,56.5,56.500              ,56.5,56.5,56.5,56.5,56.5,56.5,56.5,37.117,25.857,52.871,24.722,51.871,10.257,47.493,12.297,32.811,2160.0,2160.0,2700.0,2725.0,2180.0,2180.0,2180.0,2180.0,2725.0,0.92,0.922,1.119,1.119,0.94,0.94,0.946,0.964,15.505,4374.0,14663.0,21.654,191.0,46.18
2026-07-08 02:25:19,56.0,71.000              ,714.141,387.0,1067.0,0.0,56.5,56.500              ,56.5,56.5,56.5,56.5,56.5,56.5,56.5,46.581,27.45,54.7,21.431,45.245,8.917,50.861,12.145,33.416,2160.0,2140.0,2675.0,2675.0,2140.0,2140.0,2140.0,2140.0,2675.0,1.035,1.034,1.075,1.06,0.812,0.813,0.971,0.968,15.447,4373.0,14660.0,24.302,192.0,41.15
2026-07-08 02:25:20,56.0,71.000              ,714.141,364.0,1200.0,0.0,56.375,56.375              ,56.375,56.375,56.375,56.375,56.375,56.375,56.375,42.792,29.059,57.697,27.266,50.133,13.215,49.496,12.588,35.281,2160.0,2160.0,2700.0,2700.0,2160.0,2160.0,2160.0,2160.0,2700.0,0.92,0.921,1.133,1.149,0.908,0.906,0.919,0.919,15.548,4371.0,14659.0,20.972,193.0,47.68
2026-07-08 02:25:21,56.0,69.000              ,714.145,200.0,1200.0,0.0,56.25,56.250              ,56.25,56.25,56.25,56.25,56.25,56.25,56.25,43.815,26.839,52.52,23.562,42.662,10.335,52.618,12.779,33.141,2180.0,2180.0,2725.0,2725.0,2180.0,2180.0,2180.0,2180.0,2725.0,0.947,0.946,1.091,1.091,0.807,0.807,0.992,0.992,15.365,4378.0,14659.0,18.348,194.0,54.5
2026-07-08 02:25:22,56.0,67.000              ,714.141,461.0,1067.0,0.0,56.125,56.125              ,56.125,56.125,56.125,56.125,56.125,56.125,56.125,30.417,22.979,46.306,21.268,38.506,8.048,40.168,10.165,27.232,2220.0,2220.0,2775.0,2775.0,2220.0,2220.0,2220.0,2220.0,2775.0,0.859,0.861,1.089,1.089,0.808,0.808,0.895,0.895,15.261,4379.0,14660.0,24.397,195.0,40.99
2026-07-08 02:25:23,56.0,69.000              ,714.457,375.0,1200.0,0.0,56.125,56.125              ,56.125,56.125,56.125,56.125,56.125,56.125,56.125,37.525,29.431,63.672,26.65,45.253,15.184,44.213,14.839,34.596,2220.0,2220.0,2775.0,2775.0,2220.0,2220.0,2220.0,2220.0,2775.0,0.943,0.943,1.272,1.272,0.898,0.898,0.902,0.902,15.432,4381.0,14660.0,21.549,196.0,46.41
2026-07-08 02:25:24,56.0,69.000              ,714.457,500.0,1067.0,0.0,56.0,56.000              ,56.0,56.0,56.0,56.0,56.0,56.0,56.0,36.913,28.668,43.028,19.835,53.996,9.585,45.257,13.874,31.394,2080.0,2080.0,2600.0,2600.0,2080.0,2080.0,2080.0,2080.0,2600.0,0.872,0.869,0.847,0.847,0.925,0.926,0.862,0.864,15.526,4386.0,14658.0,26.58,197.0,37.62
2026-07-08 02:25:25,56.0,70.000              ,718.492,200.0,1067.0,0.0,56.0,56.000              ,56.0,56.0,56.0,56.0,56.0,56.0,56.0,44.6,30.829,49.69,29.778,53.345,11.36,48.21,13.513,35.166,2060.0,2060.0,2060.0,2040.0,2550.0,2550.0,2040.0,2040.0,2550.0,0.963,0.963,1.015,1.015,0.937,0.936,0.886,0.884,15.209,4388.0,14664.0,22.097,198.0,45.26
2026-07-08 02:25:26,56.0,70.000              ,718.488,400.0,1200.0,0.0,56.0,56.000              ,56.0,56.0,56.0,56.0,56.0,56.0,56.0,40.577,30.95,53.876,24.528,46.801,14.765,54.934,13.354,34.973,2080.0,2080.0,2600.0,2600.0,2080.0,2080.0,2060.0,2060.0,2600.0,0.921,0.921,1.046,1.047,0.845,0.845,0.959,0.959,15.233,4389.0,14658.0,21.461,199.0,46.6
2026-07-08 02:25:27,55.0,70.000              ,711.477,450.0,1200.0,0.0,55.875,55.875              ,55.875,55.875,55.875,55.875,55.875,55.875,55.875,48.916,30.774,49.266,33.497,48.901,17.636,50.186,22.54,37.714,2100.0,2100.0,2625.0,2625.0,2100.0,2100.0,2100.0,2100.0,2625.0,0.913,0.914,1.003,1.002,0.824,0.824,0.911,0.911,15.393,4392.0,14659.0,24.16,200.0,41.39
2026-07-08 02:25:28,55.0,71.000              ,711.473,420.0,1200.0,0.0,55.75,55.750              ,55.75,55.75,55.75,55.75,55.75,55.75,55.75,38.379,26.875,60.524,29.508,46.767,10.614,51.468,18.477,35.326,2160.0,2160.0,2700.0,2700.0,2160.0,2160.0,2160.0,2160.0,2700.0,0.854,0.853,1.132,1.132,0.771,0.771,0.931,0.932,15.37,4393.0,14658.0,21.328,201.0,46.89
2026-07-08 02:25:29,55.0,70.000              ,723.504,364.0,1200.0,0.0,55.75,55.750              ,55.75,55.75,55.75,55.75,55.75,55.75,55.75,36.493,29.138,62.496,26.721,52.913,13.754,47.491,19.659,36.083,2020.0,2020.0,2550.0,2550.0,2040.0,2040.0,2040.0,2040.0,2550.0,0.802,0.801,1.11,1.11,0.829,0.829,0.871,0.869,15.226,4399.0,14674.0,23.278,202.0,42.96
2026-07-08 02:25:30,55.0,69.000              ,723.883,400.0,1067.0,0.0,55.75,55.750              ,55.75,55.75,55.75,55.75,55.75,55.75,55.75,33.262,28.291,64.309,20.562,46.322,11.285,58.605,14.653,34.661,2040.0,2040.0,2550.0,2550.0,2040.0,2040.0,2040.0,2040.0,2550.0,0.814,0.813,1.064,1.064,0.771,0.771,0.983,0.985,15.1,4409.0,14674.0,21.066,203.0,47.47
2026-07-08 02:25:31,55.0,69.000              ,723.879,476.0,1067.0,0.0,55.75,55.750              ,55.75,55.75,55.75,55.75,55.75,55.75,55.75,35.055,30.964,65.627,26.678,48.792,11.696,49.543,14.069,35.303,2120.0,2120.0,2650.0,2650.0,2120.0,2120.0,2120.0,2120.0,2650.0,0.861,0.863,1.236,1.236,0.86,0.86,0.9,0.898,15.188,4410.0,14673.0,18.94,204.0,52.8
2026-07-08 02:25:32,55.0,70.000              ,733.672,533.0,1200.0,0.0,55.625,55.625              ,55.625,55.625,55.625,55.625,55.625,55.625,55.625,40.409,28.828,57.902,30.356,44.012,17.247,62.516,17.384,37.332,2100.0,2100.0,2625.0,2625.0,2100.0,2100.0,2100.0,2100.0,2625.0,0.8,0.8,1.023,1.023,0.741,0.741,0.979,0.981,15.415,4418.0,14689.0,25.063,205.0,39.9
2026-07-08 02:25:33,55.0,71.000              ,733.664,469.0,1200.0,0.0,55.5,55.500              ,55.5,55.5,55.5,55.5,55.5,55.5,55.5,44.044,36.697,57.376,35.458,60.018,14.23,61.075,14.632,40.441,2000.0,2000.0,2500.0,2500.0,2000.0,2000.0,2000.0,2000.0,2500.0,0.89,0.89,1.017,1.017,0.818,0.819,0.928,0.926,15.447,4419.0,14689.0,22.55,206.0,44.35
2026-07-08 02:25:34,55.0,71.000              ,733.793,442.0,1200.0,0.0,55.5,55.500              ,55.5,55.5,55.5,55.5,55.5,55.5,55.5,60.071,53.635,61.441,62.619,62.059,27.666,59.736,29.648,52.109,1880.0,1880.0,2325.0,2325.0,1860.0,1860.0,1860.0,1880.0,2325.0,0.848,0.847,1.004,1.007,0.769,0.768,0.75,0.751,15.189,4365.0,14694.0,22.746,207.0,43.96
2026-07-08 02:25:35,55.0,71.000              ,734.797,393.0,1200.0,0.0,55.5,55.500              ,55.5,55.5,55.5,55.5,55.5,55.5,55.5,52.431,44.931,56.877,56.012,66.722,25.261,60.494,22.235,48.12,2000.0,2000.0,2020.0,2020.0,1700.0,1700.0,1683.333,1683.333,2020.0,0.757,0.755,0.899,0.896,0.795,0.796,0.733,0.732,14.917,4314.0,14691.0,21.703,208.0,46.08
2026-07-08 02:25:36,55.0,68.000              ,734.793,435.0,1200.0,0.0,55.5,55.500              ,55.5,55.5,55.5,55.5,55.5,55.5,55.5,40.859,33.783,55.554,32.993,51.479,13.412,44.43,15.182,35.962,2000.0,2000.0,2500.0,2500.0,2000.0,2000.0,2000.0,2000.0,2500.0,0.858,0.859,1.029,1.029,0.78,0.779,0.746,0.746,15.099,4316.0,14690.0,24.836,209.0,40.26
2026-07-08 02:25:37,55.0,67.000              ,734.547,461.0,1200.0,0.0,55.5,55.500              ,55.5,55.5,55.5,55.5,55.5,55.5,55.5,32.893,29.803,46.255,29.33,47.025,16.394,47.817,16.259,33.222,2060.0,2060.0,2575.0,2575.0,2060.0,2500.0,2000.0,2000.0,2575.0,0.78,0.78,0.964,0.964,0.8,0.8,0.846,0.833,15.055,4321.0,14692.0,24.762,210.0,40.38
2026-07-08 02:25:38,55.0,70.000              ,728.898,387.0,1067.0,0.0,55.5,55.500              ,55.5,55.5,55.5,55.5,55.5,55.5,55.5,37.495,23.223,61.292,24.933,48.302,11.221,53.385,15.729,34.447,2020.0,2020.0,2525.0,2525.0,2020.0,2020.0,2040.0,2040.0,2525.0,0.828,0.828,1.105,1.105,0.843,0.843,0.911,0.936,15.216,4321.0,14686.0,22.608,211.0,44.23
2026-07-08 02:25:39,55.0,70.000              ,736.621,352.0,1200.0,0.0,55.25,55.250              ,55.25,55.25,55.25,55.25,55.25,55.25,55.25,41.519,25.939,50.767,26.056,53.334,15.127,57.567,16.813,35.89,2220.0,2220.0,2220.0,2220.0,2220.0,2220.0,2800.0,2800.0,2800.0,0.915,0.916,0.946,0.946,0.97,0.97,1.075,1.063,15.148,4322.0,14698.0,22.967,212.0,43.54
2026-07-08 02:25:40,55.0,69.000              ,733.75,492.0,1200.0,0.0,55.25,55.250              ,55.25,55.25,55.25,55.25,55.25,55.25,55.25,42.943,27.918,60.533,33.126,47.46,26.991,57.539,17.931,39.305,2080.0,2080.0,2625.0,2625.0,2100.0,2100.0,2100.0,2100.0,2625.0,0.834,0.835,1.104,1.104,0.888,0.888,0.875,0.878,15.049,4333.0,14696.0,19.522,213.0,51.22
2026-07-08 02:25:41,55.0,69.000              ,736.676,200.0,1200.0,0.0,55.25,55.250              ,55.25,55.25,55.25,55.25,55.25,55.25,55.25,41.884,25.109,49.508,29.712,53.042,14.845,60.046,13.999,36.018,2080.0,2080.0,2080.0,2080.0,2080.0,2080.0,2600.0,2600.0,2600.0,0.849,0.849,0.984,0.984,0.89,0.89,1.013,1.01,15.189,4336.0,14697.0,26.276,214.0,38.06
2026-07-08 02:25:42,55.0,69.000              ,736.301,406.0,1200.0,0.0,55.25,55.250              ,55.25,55.25,55.25,55.25,55.25,55.25,55.25,44.641,22.239,57.424,22.711,46.571,13.491,66.883,12.13,35.761,2160.0,2160.0,2675.0,2675.0,2140.0,2140.0,2675.0,2675.0,2675.0,0.865,0.863,0.95,0.952,0.797,0.797,1.119,1.126,15.208,4335.0,14697.0,23.507,215.0,42.54
2026-07-08 02:25:43,55.0,70.000              ,736.301,381.0,1200.0,0.0,55.125,55.125              ,55.125,55.125,55.125,55.125,55.125,55.125,55.125,43.103,24.859,52.11,29.75,55.555,16.371,62.845,13.553,37.268,2060.0,2060.0,2575.0,2575.0,2060.0,2060.0,2060.0,2060.0,2575.0,0.817,0.817,0.908,0.907,0.892,0.892,1.01,1.002,14.974,4342.0,14696.0,20.289,216.0,49.29
2026-07-08 02:25:44,55.0,70.000              ,733.688,200.0,1200.0,0.0,55.0,55.000              ,55.0,55.0,55.0,55.0,55.0,55.0,55.0,42.106,24.995,61.289,23.644,44.642,13.911,59.209,12.395,35.274,2100.0,2100.0,2100.0,2100.0,2100.0,2100.0,2625.0,2625.0,2625.0,0.835,0.835,1.066,1.065,0.788,0.788,0.971,0.971,15.206,4342.0,14693.0,18.923,217.0,52.85
2026-07-08 02:25:45,55.0,68.000              ,735.594,469.0,1200.0,0.0,55.0,55.000              ,55.0,55.0,55.0,55.0,55.0,55.0,55.0,34.206,29.145,43.616,31.975,44.951,14.737,46.341,9.017,31.749,2100.0,2100.0,2625.0,2625.0,2080.0,2080.0,2080.0,2080.0,2625.0,0.813,0.813,1.024,1.026,0.801,0.801,0.811,0.811,15.188,4346.0,14696.0,24.362,218.0,41.05
2026-07-08 02:25:46,55.0,68.000              ,735.531,344.0,1200.0,0.0,55.0,55.000              ,55.0,55.0,55.0,55.0,55.0,55.0,55.0,45.678,22.601,49.237,27.838,39.821,12.323,55.113,12.262,33.109,2100.0,2100.0,2100.0,2120.0,2120.0,2120.0,2650.0,2650.0,2650.0,0.962,0.962,0.984,0.982,0.748,0.751,1.022,1.022,14.982,4350.0,14695.0,22.056,219.0,45.34
2026-07-08 02:25:47,55.0,69.000              ,735.598,200.0,1067.0,0.0,55.0,55.000              ,55.0,55.0,55.0,55.0,55.0,55.0,55.0,44.372,24.52,43.835,30.7,44.616,16.012,57.43,14.944,34.554,2160.0,2160.0,2160.0,2160.0,2160.0,2160.0,2700.0,2700.0,2700.0,0.92,0.922,0.942,0.942,0.835,0.835,1.061,1.061,15.059,4355.0,14691.0,24.813,220.0,40.3
2026-07-08 02:25:48,55.0,68.000              ,736.484,461.0,1067.0,0.0,55.0,55.000              ,55.0,55.0,55.0,55.0,55.0,55.0,55.0,39.107,27.524,38.721,30.795,48.994,15.782,45.767,14.316,32.626,2140.0,2140.0,2675.0,2675.0,2140.0,2140.0,2140.0,2140.0,2675.0,0.864,0.867,0.911,0.911,0.878,0.877,0.856,0.842,14.993,4359.0,14693.0,25.154,221.0,39.76
2026-07-08 02:25:49,55.0,68.000              ,730.375,393.0,1067.0,0.0,55.0,55.000              ,55.0,55.0,55.0,55.0,55.0,55.0,55.0,39.313,22.003,52.11,28.217,52.47,11.428,56.345,10.184,34.009,2200.0,2200.0,2725.0,2725.0,2180.0,2180.0,2180.0,2180.0,2725.0,0.862,0.857,1.05,1.05,0.873,0.871,0.928,0.942,15.405,4359.0,14687.0,21.554,222.0,46.4
2026-07-08 02:25:50,55.0,70.000              ,721.754,435.0,1200.0,0.0,55.0,55.000              ,55.0,55.0,55.0,55.0,55.0,55.0,55.0,45.474,25.725,56.894,28.354,51.817,22.18,60.041,13.726,38.026,1920.0,1920.0,2400.0,2400.0,1920.0,1920.0,1920.0,1920.0,2400.0,0.83,0.832,0.9,0.9,0.873,0.873,0.902,0.902,14.999,4351.0,14679.0,25.404,223.0,39.36
2026-07-08 02:25:51,55.0,70.000              ,730.117,476.0,1067.0,0.0,55.0,55.000              ,55.0,55.0,55.0,55.0,55.0,55.0,55.0,41.225,25.228,50.474,33.383,54.074,14.33,58.03,12.468,36.152,2000.0,1980.0,2475.0,2475.0,1980.0,1980.0,1980.0,1980.0,2475.0,0.787,0.785,0.962,0.962,0.866,0.866,0.875,0.882,15.167,4359.0,14682.0,21.291,224.0,46.97
2026-07-08 02:25:52,54.0,69.000              ,730.164,469.0,1200.0,0.0,54.875,54.875              ,54.875,54.875,54.875,54.875,54.875,54.875,54.875,34.325,24.504,40.87,34.306,47.489,19.168,47.343,14.758,32.845,2000.0,2000.0,2500.0,2500.0,2000.0,2000.0,2000.0,2000.0,2500.0,0.752,0.752,0.962,0.962,0.834,0.823,0.828,0.822,15.0,4358.0,14683.0,23.432,225.0,42.68
2026-07-08 02:25:53,54.0,69.000              ,731.34,364.0,1200.0,0.0,54.875,54.875              ,54.875,54.875,54.875,54.875,54.875,54.875,54.875,38.864,25.21,56.465,27.34,50.699,16.481,56.774,17.447,36.16,2020.0,2020.0,2525.0,2525.0,2020.0,2020.0,2020.0,2020.0,2525.0,0.771,0.772,0.952,0.952,0.875,0.886,0.92,0.919,15.196,4357.0,14685.0,22.808,226.0,43.84
2026-07-08 02:25:54,54.0,69.000              ,734.352,400.0,1200.0,0.0,54.875,54.875              ,54.875,54.875,54.875,54.875,54.875,54.875,54.875,39.136,23.595,59.63,28.118,53.126,15.296,54.359,14.384,35.955,2080.0,2080.0,2600.0,2600.0,2080.0,2080.0,2080.0,2080.0,2600.0,0.848,0.849,1.082,1.082,0.944,0.944,0.879,0.879,15.07,4362.0,14685.0,20.256,227.0,49.37
2026-07-08 02:25:55,54.0,69.000              ,740.457,469.0,1067.0,0.0,54.875,54.875              ,54.875,54.875,54.875,54.875,54.875,54.875,54.875,44.997,28.989,41.919,29.867,59.06,16.932,54.25,13.964,36.247,2080.0,2080.0,2600.0,2600.0,2060.0,2060.0,2575.0,2575.0,2600.0,0.835,0.833,0.803,0.803,0.959,0.959,0.849,0.849,15.056,4358.0,14692.0,25.504,228.0,39.21
2026-07-08 02:25:56,54.0,70.000              ,740.332,393.0,1067.0,0.0,54.75,54.750              ,54.75,54.75,54.75,54.75,54.75,54.75,54.75,39.976,22.313,50.447,30.216,47.732,15.968,62.922,10.482,35.007,1980.0,1980.0,1980.0,1980.0,1980.0,1980.0,2475.0,2475.0,2475.0,0.81,0.81,0.934,0.934,0.828,0.828,1.03,1.03,15.117,4365.0,14691.0,23.792,229.0,42.03
2026-07-08 02:25:57,54.0,70.000              ,738.961,200.0,1067.0,0.0,54.75,54.750              ,54.75,54.75,54.75,54.75,54.75,54.75,54.75,36.696,23.933,56.03,25.75,44.711,9.445,66.821,8.132,33.94,2080.0,2080.0,2600.0,2600.0,2080.0,2080.0,2600.0,2600.0,2600.0,0.815,0.817,0.98,0.98,0.725,0.725,1.075,1.075,14.984,4369.0,14691.0,23.638,230.0,42.3
2026-07-08 02:25:58,54.0,70.000              ,738.961,461.0,1200.0,0.0,54.75,54.750              ,54.75,54.75,54.75,54.75,54.75,54.75,54.75,48.555,34.233,54.423,47.039,57.575,25.177,62.446,19.191,43.58,2120.0,2120.0,2120.0,2120.0,2120.0,2120.0,2650.0,2650.0,2650.0,0.813,0.812,1.015,1.016,0.837,0.837,0.933,0.933,15.15,4377.0,14692.0,25.068,231.0,39.89
2026-07-08 02:25:59,54.0,69.000              ,738.84,406.0,1067.0,0.0,54.75,54.750              ,54.75,54.75,54.75,54.75,54.75,54.75,54.75,40.021,28.712,38.335,36.695,61.09,14.322,58.732,16.801,36.838,2020.0,2020.0,2020.0,2020.0,2525.0,2525.0,2020.0,2020.0,2525.0,0.847,0.847,0.861,0.862,1.0,1.0,0.98,0.98,14.921,4383.0,14691.0,29.706,232.0,33.66
2026-07-08 02:26:00,54.0,69.000              ,739.219,200.0,1200.0,0.0,54.75,54.750              ,54.75,54.75,54.75,54.75,54.75,54.75,54.75,44.639,33.06,53.274,46.245,62.795,23.237,64.04,21.569,43.608,2100.0,2100.0,2100.0,2100.0,2625.0,2625.0,2625.0,2625.0,2625.0,0.784,0.784,0.981,0.979,0.909,0.909,0.95,0.95,15.282,4389.0,14693.0,25.024,233.0,39.96
2026-07-08 02:26:01,54.0,68.000              ,738.977,442.0,1200.0,0.0,54.75,54.750              ,54.75,54.75,54.75,54.75,54.75,54.75,54.75,60.538,55.989,65.898,66.612,65.628,47.843,67.926,47.085,59.69,1920.0,1920.0,2400.0,2400.0,1920.0,1920.0,1920.0,1920.0,2400.0,0.841,0.841,1.059,1.048,0.827,0.827,0.882,0.882,15.25,4426.0,14705.0,23.391,234.0,42.75
2026-07-08 02:26:02,54.0,71.000              ,739.984,435.0,1200.0,0.0,54.75,54.750              ,54.75,54.75,54.75,54.75,54.75,54.75,54.75,62.279,48.828,70.319,63.921,65.863,41.244,64.814,37.69,56.87,2020.0,2020.0,1683.333,1683.333,1683.333,1683.333,1683.333,1666.667,2020.0,0.761,0.761,0.984,0.995,0.78,0.782,0.761,0.761,15.14,4439.0,14703.0,21.453,235.0,46.61
2026-07-08 02:26:03,54.0,75.000              ,734.082,400.0,1067.0,0.0,54.75,54.750              ,54.75,54.75,54.75,54.75,54.75,54.75,54.75,45.825,36.274,61.68,40.916,48.136,39.847,54.583,22.744,43.751,1700.0,1700.0,2040.0,2060.0,1716.667,1716.667,1716.667,1716.667,2060.0,0.741,0.743,0.978,0.977,0.816,0.803,0.742,0.742,14.403,4447.0,14699.0,25.383,236.0,39.4
2026-07-08 02:26:04,54.0,71.000              ,734.086,413.0,1200.0,0.0,54.75,54.750              ,54.75,54.75,54.75,54.75,54.75,54.75,54.75,46.211,25.906,59.088,29.69,44.078,16.411,60.472,14.083,36.992,2100.0,2100.0,2625.0,2625.0,2100.0,2100.0,2100.0,2100.0,2625.0,0.902,0.9,1.065,1.065,0.784,0.796,1.019,1.019,15.238,4454.0,14697.0,24.652,237.0,40.56
2026-07-08 02:26:05,54.0,69.000              ,734.086,200.0,1200.0,0.0,54.75,54.750              ,54.75,54.75,54.75,54.75,54.75,54.75,54.75,38.917,32.624,41.306,29.316,54.027,20.164,52.221,19.808,36.048,2000.0,2000.0,2500.0,2500.0,2000.0,2000.0,2000.0,2000.0,2500.0,0.807,0.81,0.809,0.809,0.872,0.872,0.907,0.909,15.01,4464.0,14696.0,22.814,238.0,43.83
2026-07-08 02:26:06,54.0,69.000              ,733.836,310.0,1200.0,0.0,54.75,54.750              ,54.75,54.75,54.75,54.75,54.75,54.75,54.75,36.067,27.494,63.294,29.875,43.337,18.513,45.428,18.437,35.306,2120.0,2120.0,2650.0,2650.0,2120.0,2120.0,2120.0,2120.0,2650.0,0.882,0.882,1.215,1.215,0.822,0.822,0.906,0.904,15.044,4465.0,14690.0,23.705,239.0,42.19
2026-07-08 02:26:07,54.0,68.000              ,734.211,358.0,1200.0,0.0,54.75,54.750              ,54.75,54.75,54.75,54.75,54.75,54.75,54.75,38.354,29.34,61.442,25.659,46.701,13.727,47.351,21.293,35.483,2060.0,2060.0,2575.0,2575.0,2060.0,2060.0,2060.0,2060.0,2575.0,0.878,0.875,1.112,1.112,0.832,0.832,0.915,0.915,14.972,4472.0,14689.0,19.416,240.0,51.5
2026-07-08 02:26:08,54.0,67.000              ,741.766,428.0,1067.0,0.0,54.625,54.625              ,54.625,54.625,54.625,54.625,54.625,54.625,54.625,48.698,31.467,53.869,36.907,56.501,17.124,63.211,18.383,40.77,2020.0,2020.0,2525.0,2525.0,2020.0,2020.0,2020.0,2020.0,2525.0,0.865,0.865,1.0,1.0,0.863,0.863,0.947,0.946,15.229,4477.0,14702.0,24.572,241.0,40.7
2026-07-08 02:26:09,54.0,68.000              ,738.77,200.0,1200.0,0.0,54.625,54.625              ,54.625,54.625,54.625,54.625,54.625,54.625,54.625,42.896,34.797,50.591,36.632,64.077,14.48,62.243,15.528,40.156,1960.0,1960.0,1960.0,1960.0,1960.0,1960.0,2425.0,2425.0,2425.0,0.787,0.787,0.911,0.913,0.859,0.859,0.876,0.876,15.162,4480.0,14701.0,27.199,242.0,36.77
2026-07-08 02:26:10,54.0,67.000              ,738.383,428.0,1200.0,0.0,54.625,54.625              ,54.625,54.625,54.625,54.625,54.625,54.625,54.625,42.802,29.187,56.243,34.283,62.183,11.791,55.955,19.485,38.991,1900.0,1900.0,2375.0,2375.0,1900.0,1900.0,1900.0,1880.0,2375.0,0.767,0.767,0.989,0.987,0.813,0.813,0.836,0.836,14.967,4484.0,14702.0,24.478,243.0,40.85
2026-07-08 02:26:11,54.0,69.000              ,737.426,381.0,1200.0,0.0,54.625,54.625              ,54.625,54.625,54.625,54.625,54.625,54.625,54.625,43.482,30.882,56.596,40.903,62.73,14.279,59.041,17.584,40.687,1960.0,1960.0,2450.0,2450.0,1940.0,1940.0,1940.0,1940.0,2450.0,0.831,0.831,1.104,1.104,0.897,0.897,0.879,0.879,15.069,4485.0,14701.0,27.718,244.0,36.08
2026-07-08 02:26:12,54.0,71.000              ,737.426,413.0,1200.0,0.0,54.625,54.625              ,54.625,54.625,54.625,54.625,54.625,54.625,54.625,51.533,30.032,60.567,35.972,63.333,20.049,64.257,18.895,43.08,1980.0,1980.0,2450.0,2450.0,1960.0,1980.0,2475.0,2475.0,2475.0,0.841,0.841,0.971,0.974,0.907,0.907,0.928,0.928,14.997,4493.0,14698.0,22.882,245.0,43.7
2026-07-08 02:26:13,54.0,70.000              ,740.363,200.0,1067.0,0.0,54.625,54.625              ,54.625,54.625,54.625,54.625,54.625,54.625,54.625,51.718,24.582,52.012,34.1,60.306,17.828,54.934,15.541,38.878,2000.0,2000.0,2500.0,2500.0,2000.0,2000.0,2000.0,2000.0,2500.0,0.949,0.949,0.973,0.971,0.982,0.982,0.887,0.887,14.951,4494.0,14703.0,27.125,246.0,36.87
2026-07-08 02:26:14,54.0,69.000              ,739.613,200.0,1200.0,0.0,54.625,54.625              ,54.625,54.625,54.625,54.625,54.625,54.625,54.625,38.914,26.172,46.385,27.296,55.377,11.088,46.025,14.122,33.172,2060.0,2060.0,2575.0,2575.0,2600.0,2600.0,2080.0,2080.0,2600.0,0.857,0.857,0.995,0.995,0.94,0.94,0.826,0.826,14.972,4493.0,14701.0,24.695,247.0,40.49
2026-07-08 02:26:15,54.0,68.000              ,740.652,344.0,1200.0,0.0,54.625,54.625              ,54.625,54.625,54.625,54.625,54.625,54.625,54.625,50.055,20.11,54.523,25.348,57.078,12.693,48.796,10.883,34.936,2160.0,2160.0,2700.0,2700.0,2700.0,2700.0,2160.0,2160.0,2700.0,1.03,1.03,1.046,1.049,0.969,0.972,0.875,0.875,15.089,4493.0,14702.0,22.413,248.0,44.62
2026-07-08 02:26:16,54.0,69.000              ,747.816,352.0,1200.0,0.0,54.625,54.625              ,54.625,54.625,54.625,54.625,54.625,54.625,54.625,41.133,24.951,52.107,25.411,62.101,11.384,60.724,11.469,36.16,2040.0,2040.0,2040.0,2040.0,2040.0,2040.0,2550.0,2550.0,2550.0,0.892,0.892,0.965,0.962,0.959,0.956,1.037,1.037,14.957,4498.0,14713.0,23.139,249.0,43.22
2026-07-08 02:26:17,54.0,70.000              ,744.82,381.0,1067.0,0.0,54.5,54.500              ,54.5,54.5,54.5,54.5,54.5,54.5,54.5,36.518,26.964,47.996,22.948,45.146,10.877,67.097,11.85,33.674,2140.0,2140.0,2140.0,2140.0,2140.0,2140.0,2675.0,2675.0,2675.0,0.928,0.928,0.94,0.941,0.854,0.857,1.271,1.271,15.125,4502.0,14712.0,19.838,250.0,50.41
2026-07-08 02:26:18,54.0,70.000              ,744.055,200.0,1200.0,0.0,54.5,54.500              ,54.5,54.5,54.5,54.5,54.5,54.5,54.5,37.823,28.738,51.487,26.353,45.847,11.741,60.828,10.646,34.183,2220.0,2220.0,2775.0,2775.0,2220.0,2220.0,2220.0,2220.0,2775.0,0.949,0.956,1.094,1.093,0.849,0.846,1.14,1.14,15.115,4501.0,14712.0,25.072,251.0,39.89
2026-07-08 02:26:19,54.0,69.000              ,744.492,200.0,1200.0,0.0,54.5,54.500              ,54.5,54.5,54.5,54.5,54.5,54.5,54.5,32.694,23.571,47.457,35.255,37.743,7.706,36.075,8.036,28.567,2200.0,2180.0,2725.0,2750.0,2180.0,2180.0,2180.0,2180.0,2750.0,0.887,0.88,1.317,1.317,0.758,0.758,0.799,0.799,14.796,4504.0,14713.0,25.761,252.0,38.82
2026-07-08 02:26:20,54.0,68.000              ,745.496,406.0,1200.0,0.0,54.5,54.500              ,54.5,54.5,54.5,54.5,54.5,54.5,54.5,44.772,33.846,54.999,40.345,55.879,23.318,54.123,18.488,40.721,2160.0,2160.0,2700.0,2700.0,2160.0,2160.0,2160.0,2160.0,2700.0,0.873,0.873,1.117,1.117,0.931,0.931,0.881,0.868,15.202,4516.0,14712.0,30.605,253.0,32.67
2026-07-08 02:26:21,54.0,69.000              ,739.484,387.0,1067.0,0.0,54.5,54.500              ,54.5,54.5,54.5,54.5,54.5,54.5,54.5,37.654,25.772,39.472,27.868,47.244,12.792,47.796,10.6,31.15,2000.0,2000.0,2500.0,2500.0,1980.0,1980.0,1980.0,1980.0,2500.0,0.881,0.881,0.95,0.95,0.895,0.895,0.886,0.898,14.886,4524.0,14706.0,22.984,254.0,43.51
2026-07-08 02:26:22,54.0,70.000              ,737.051,200.0,1067.0,0.0,54.5,54.500              ,54.5,54.5,54.5,54.5,54.5,54.5,54.5,36.026,19.97,46.974,20.166,42.161,8.953,56.988,5.75,29.623,2260.0,2260.0,2300.0,2300.0,2900.0,2900.0,2320.0,2320.0,2900.0,0.959,0.962,1.02,1.02,0.885,0.885,1.125,1.125,15.079,4525.0,14706.0,21.15,255.0,47.28
2026-07-08 02:26:23,54.0,69.000              ,736.039,344.0,1067.0,0.0,54.5,54.500              ,54.5,54.5,54.5,54.5,54.5,54.5,54.5,38.555,25.038,49.628,21.32,37.881,11.038,62.523,8.259,31.78,2220.0,2220.0,2750.0,2750.0,2200.0,2200.0,2220.0,2220.0,2750.0,0.964,0.961,1.033,1.035,0.787,0.787,1.216,1.223,15.176,4524.0,14705.0,23.848,256.0,41.93
2026-07-08 02:26:24,54.0,69.000              ,736.035,344.0,1200.0,0.0,54.375,54.375              ,54.375,54.375,54.375,54.375,54.375,54.375,54.375,40.228,24.205,44.363,23.183,40.728,9.42,65.868,8.691,32.086,2300.0,2300.0,2300.0,2300.0,2300.0,2300.0,2875.0,2875.0,2875.0,0.949,0.949,0.949,0.949,0.781,0.781,1.26,1.253,14.935,4523.0,14697.0,21.34,257.0,46.86
2026-07-08 02:26:25,54.0,71.000              ,736.039,364.0,1067.0,0.0,54.375,54.375              ,54.375,54.375,54.375,54.375,54.375,54.375,54.375,36.685,23.738,49.677,19.825,40.452,10.787,62.89,8.273,31.541,2300.0,2300.0,2300.0,2300.0,2300.0,2300.0,2875.0,2875.0,2875.0,0.944,0.944,0.961,0.961,0.837,0.837,1.208,1.208,15.177,4525.0,14697.0,18.962,258.0,52.74
2026-07-08 02:26:26,54.0,70.000              ,729.891,400.0,1067.0,0.0,54.375,54.375              ,54.375,54.375,54.375,54.375,54.375,54.375,54.375,28.349,27.862,44.917,24.193,37.443,9.568,44.182,8.045,28.07,2200.0,2220.0,2775.0,2775.0,2220.0,2220.0,2220.0,2220.0,2775.0,0.871,0.871,1.123,1.123,0.784,0.784,0.924,0.924,14.967,4521.0,14692.0,25.911,259.0,38.59
2026-07-08 02:26:27,54.0,69.000              ,729.891,315.0,1067.0,0.0,54.375,54.375              ,54.375,54.375,54.375,54.375,54.375,54.375,54.375,29.873,24.541,56.276,22.45,44.214,10.343,48.134,8.598,30.554,2260.0,2260.0,2825.0,2825.0,2260.0,2260.0,2260.0,2260.0,2825.0,0.891,0.891,1.189,1.189,0.935,0.935,0.974,0.975,15.107,4523.0,14690.0,21.049,260.0,47.51
2026-07-08 02:26:28,54.0,69.000              ,730.043,200.0,1067.0,0.0,54.25,54.250              ,54.25,54.25,54.25,54.25,54.25,54.25,54.25,35.098,25.799,48.342,23.587,37.356,12.823,61.771,11.173,31.994,2240.0,2240.0,2775.0,2775.0,2220.0,2220.0,2240.0,2240.0,2775.0,0.927,0.927,1.024,1.027,0.813,0.813,1.194,1.192,14.86,4523.0,14689.0,23.179,261.0,43.14
2026-07-08 02:26:29,54.0,69.000              ,727.031,321.0,1067.0,0.0,54.25,54.250              ,54.25,54.25,54.25,54.25,54.25,54.25,54.25,38.872,24.362,45.75,27.234,39.39,9.655,59.665,12.911,32.23,2280.0,2280.0,2850.0,2850.0,2280.0,2280.0,2260.0,2260.0,2850.0,0.968,0.968,1.026,1.023,0.831,0.831,1.196,1.196,15.091,4519.0,14679.0,23.182,262.0,43.14
2026-07-08 02:26:30,54.0,69.000              ,724.027,326.0,1067.0,0.0,54.25,54.250              ,54.25,54.25,54.25,54.25,54.25,54.25,54.25,38.801,24.739,45.252,25.764,40.101,14.839,64.697,13.115,33.414,2850.0,2850.0,2260.0,2260.0,2260.0,2260.0,2260.0,2260.0,2850.0,0.912,0.912,0.964,0.964,0.821,0.821,1.262,1.262,15.121,4521.0,14678.0,20.39,263.0,49.04
2026-07-08 02:26:31,54.0,69.000              ,724.027,387.0,1067.0,0.0,54.25,54.250              ,54.25,54.25,54.25,54.25,54.25,54.25,54.25,37.312,23.327,55.586,25.979,37.402,10.531,58.279,13.538,32.744,2260.0,2260.0,2825.0,2825.0,2280.0,2280.0,2280.0,2280.0,2825.0,0.91,0.91,1.174,1.177,0.783,0.786,1.158,1.158,15.116,4521.0,14677.0,18.603,264.0,53.75
2026-07-08 02:26:32,54.0,69.000              ,724.023,393.0,1067.0,0.0,54.25,54.250              ,54.25,54.25,54.25,54.25,54.25,54.25,54.25,33.923,25.863,44.783,28.158,43.221,10.655,62.781,8.799,32.273,2260.0,2260.0,2260.0,2260.0,2260.0,2260.0,2825.0,2825.0,2825.0,0.913,0.913,1.061,1.058,0.858,0.858,1.145,1.145,14.895,4521.0,14671.0,19.17,265.0,52.16
2026-07-08 02:26:33,54.0,70.000              ,724.027,344.0,1067.0,0.0,54.25,54.250              ,54.25,54.25,54.25,54.25,54.25,54.25,54.25,29.774,23.036,51.991,23.213,48.105,8.845,46.278,9.866,30.139,2280.0,2280.0,2850.0,2850.0,2280.0,2280.0,2280.0,2280.0,2850.0,0.882,0.882,1.181,1.181,0.953,0.95,0.952,0.952,15.111,4520.0,14671.0,29.035,266.0,34.44
2026-07-08 02:26:34,54.0,70.000              ,724.023,321.0,1200.0,0.0,54.25,54.250              ,54.25,54.25,54.25,54.25,54.25,54.25,54.25,36.658,24.519,56.163,18.354,46.531,9.141,53.078,8.16,31.576,2260.0,2260.0,2825.0,2825.0,2260.0,2260.0,2260.0,2260.0,2825.0,0.912,0.912,1.121,1.121,0.92,0.92,0.982,0.982,14.889,4521.0,14670.0,23.274,267.0,42.97
2026-07-08 02:26:35,54.0,69.000              ,724.023,406.0,1200.0,0.0,54.25,54.250              ,54.25,54.25,54.25,54.25,54.25,54.25,54.25,32.494,24.051,38.2,22.143,51.525,7.619,45.016,10.427,28.934,2260.0,2260.0,2260.0,2260.0,2260.0,2260.0,2825.0,2800.0,2825.0,0.881,0.883,0.906,0.906,0.988,0.988,0.923,0.923,14.999,4520.0,14669.0,25.878,268.0,38.64
2026-07-08 02:26:36,54.0,70.000              ,724.027,358.0,1067.0,0.0,54.25,54.250              ,54.25,54.25,54.25,54.25,54.25,54.25,54.25,33.739,25.821,56.57,17.84,45.93,7.062,59.035,6.814,31.601,2320.0,2320.0,2900.0,2900.0,2320.0,2320.0,2320.0,2320.0,2900.0,0.92,0.918,1.07,1.07,0.885,0.885,1.105,1.108,15.149,4520.0,14669.0,21.922,269.0,45.62
2026-07-08 02:26:37,54.0,70.000              ,724.031,326.0,1067.0,0.0,54.25,54.250              ,54.25,54.25,54.25,54.25,54.25,54.25,54.25,33.41,25.933,51.836,23.154,42.559,10.574,59.906,9.065,32.055,2260.0,2260.0,2825.0,2800.0,2240.0,2240.0,2800.0,2800.0,2825.0,0.915,0.918,1.089,1.095,0.829,0.829,1.173,1.17,15.259,4519.0,14670.0,23.423,270.0,42.69
2026-07-08 02:26:38,54.0,70.000              ,724.023,364.0,1067.0,0.0,54.25,54.250              ,54.25,54.25,54.25,54.25,54.25,54.25,54.25,39.763,20.877,46.78,21.877,39.942,8.982,69.582,9.043,32.106,2200.0,2200.0,2200.0,2200.0,2200.0,2200.0,2750.0,2750.0,2750.0,0.919,0.917,0.996,0.974,0.778,0.778,1.262,1.262,14.816,4519.0,14670.0,22.335,271.0,44.77
2026-07-08 02:26:39,54.0,70.000              ,724.023,358.0,1200.0,0.0,54.25,54.250              ,54.25,54.25,54.25,54.25,54.25,54.25,54.25,39.665,20.113,49.926,19.605,41.353,7.56,69.034,6.889,31.768,2300.0,2300.0,2300.0,2300.0,2300.0,2300.0,2875.0,2875.0,2875.0,0.938,0.938,0.957,0.972,0.807,0.807,1.312,1.312,15.149,4520.0,14670.0,20.94,272.0,47.76
2026-07-08 02:26:40,54.0,70.000              ,724.027,387.0,1200.0,0.0,54.25,54.250              ,54.25,54.25,54.25,54.25,54.25,54.25,54.25,41.357,20.928,46.23,27.058,47.004,10.366,71.762,10.074,34.347,2280.0,2280.0,2280.0,2280.0,2280.0,2280.0,2850.0,2850.0,2850.0,0.868,0.868,0.929,0.929,0.879,0.879,1.217,1.22,14.932,4522.0,14670.0,18.377,273.0,54.42
2026-07-08 02:26:41,54.0,69.000              ,724.027,200.0,1200.0,0.0,54.25,54.250              ,54.25,54.25,54.25,54.25,54.25,54.25,54.25,27.065,26.46,43.5,15.85,51.651,6.818,37.391,8.895,27.204,2280.0,2260.0,2825.0,2825.0,2260.0,2260.0,2825.0,2825.0,2825.0,0.869,0.869,0.959,0.959,1.037,1.037,0.884,0.881,15.001,4521.0,14671.0,25.957,274.0,38.53
2026-07-08 02:26:42,54.0,69.000              ,724.023,333.0,1067.0,0.0,54.25,54.250              ,54.25,54.25,54.25,54.25,54.25,54.25,54.25,34.91,24.096,53.474,23.142,42.585,9.574,44.679,10.805,30.408,2360.0,2360.0,2925.0,2925.0,2340.0,2340.0,2340.0,2340.0,2925.0,0.955,0.96,1.242,1.242,0.897,0.9,0.982,0.982,15.166,4521.0,14670.0,21.59,275.0,46.32
2026-07-08 02:26:43,54.0,70.000              ,724.023,326.0,1200.0,0.0,54.25,54.250              ,54.25,54.25,54.25,54.25,54.25,54.25,54.25,34.932,21.018,43.315,24.411,44.699,10.546,56.938,12.946,31.101,2320.0,2320.0,2320.0,2320.0,2320.0,2320.0,2900.0,2900.0,2900.0,0.922,0.917,1.051,1.051,0.892,0.888,1.15,1.15,14.916,4523.0,14670.0,23.49,276.0,42.57
2026-07-08 02:26:44,54.0,70.000              ,724.031,393.0,1067.0,0.0,54.25,54.250              ,54.25,54.25,54.25,54.25,54.25,54.25,54.25,31.23,20.866,48.955,20.376,40.932,9.579,40.783,13.454,28.272,2300.0,2300.0,2875.0,2875.0,2300.0,2300.0,2300.0,2300.0,2875.0,0.842,0.842,1.149,1.149,0.8,0.8,0.967,0.96,14.909,4523.0,14670.0,25.597,277.0,39.07
2026-07-08 02:26:45,54.0,70.000              ,724.035,364.0,1067.0,0.0,54.25,54.250              ,54.25,54.25,54.25,54.25,54.25,54.25,54.25,36.307,17.912,49.047,17.287,40.804,5.939,56.111,6.742,28.769,2280.0,2280.0,2850.0,2850.0,2280.0,2280.0,2280.0,2280.0,2850.0,0.932,0.932,1.048,1.048,0.834,0.834,1.131,1.142,15.178,4523.0,14670.0,20.58,278.0,48.59
2026-07-08 02:26:46,54.0,70.000              ,724.031,338.0,1200.0,0.0,54.25,54.250              ,54.25,54.25,54.25,54.25,54.25,54.25,54.25,41.786,20.177,47.171,21.883,43.842,7.872,61.463,5.681,31.234,2260.0,2260.0,2240.0,2240.0,2240.0,2240.0,2800.0,2800.0,2800.0,0.914,0.917,0.937,0.937,0.821,0.821,1.106,1.108,15.206,4525.0,14669.0,22.835,279.0,43.79
2026-07-08 02:26:47,54.0,70.000              ,724.027,381.0,1067.0,0.0,54.25,54.250              ,54.25,54.25,54.25,54.25,54.25,54.25,54.25,31.681,23.984,48.429,25.153,37.345,10.353,38.251,16.212,28.926,2240.0,2240.0,2800.0,2800.0,2240.0,2240.0,2800.0,2800.0,2800.0,0.869,0.866,1.258,1.258,0.779,0.779,0.868,0.866,14.872,4523.0,14669.0,26.876,280.0,37.21
2026-07-08 02:26:48,54.0,69.000              ,724.027,200.0,1067.0,0.0,54.25,54.250              ,54.25,54.25,54.25,54.25,54.25,54.25,54.25,29.813,24.524,59.876,23.086,43.983,7.37,51.593,7.847,31.011,2280.0,2280.0,2850.0,2850.0,2280.0,2280.0,2280.0,2280.0,2850.0,0.94,0.94,1.334,1.334,0.886,0.886,0.984,0.984,15.178,4524.0,14669.0,22.583,281.0,44.28
2026-07-08 02:26:49,54.0,69.000              ,724.023,344.0,1067.0,0.0,54.25,54.250              ,54.25,54.25,54.25,54.25,54.25,54.25,54.25,35.221,25.209,61.876,19.277,45.147,9.613,54.857,10.345,32.693,2220.0,2220.0,2775.0,2775.0,2220.0,2220.0,2220.0,2220.0,2775.0,0.925,0.925,1.216,1.218,0.825,0.825,1.03,1.033,15.054,4523.0,14670.0,19.989,282.0,50.03
2026-07-08 02:26:50,54.0,69.000              ,724.023,333.0,1200.0,0.0,54.25,54.250              ,54.25,54.25,54.25,54.25,54.25,54.25,54.25,33.459,25.808,61.603,18.243,42.445,7.963,56.737,12.446,32.338,2200.0,2200.0,2200.0,2200.0,2200.0,2200.0,2220.0,2220.0,2220.0,0.9,0.9,1.209,1.207,0.825,0.825,1.09,1.085,14.827,4524.0,14670.0,20.499,283.0,48.78
2026-07-08 02:26:51,54.0,69.000              ,724.027,435.0,1200.0,0.0,54.25,54.250              ,54.25,54.25,54.25,54.25,54.25,54.25,54.25,30.974,22.251,48.0,19.822,42.279,9.791,43.251,10.886,28.407,2220.0,2220.0,2750.0,2750.0,2200.0,2200.0,2200.0,2200.0,2750.0,0.856,0.856,1.105,1.109,0.857,0.857,0.912,0.912,15.059,4525.0,14670.0,25.971,284.0,38.5
2026-07-08 02:26:52,54.0,70.000              ,724.023,310.0,1200.0,0.0,54.125,54.125              ,54.125,54.125,54.125,54.125,54.125,54.125,54.125,36.525,25.895,51.089,19.422,46.822,9.771,57.64,11.226,32.299,2100.0,2100.0,2625.0,2625.0,2100.0,2100.0,2100.0,2100.0,2625.0,0.93,0.93,1.018,1.013,0.883,0.883,1.166,1.147,15.005,4529.0,14669.0,21.759,285.0,45.96
2026-07-08 02:26:53,54.0,70.000              ,724.027,200.0,1067.0,0.0,54.125,54.125              ,54.125,54.125,54.125,54.125,54.125,54.125,54.125,38.899,22.342,49.651,20.917,41.713,8.88,65.46,10.46,32.29,2220.0,2220.0,2220.0,2220.0,2220.0,2220.0,2800.0,2800.0,2800.0,0.903,0.903,0.983,0.985,0.775,0.775,1.262,1.282,15.228,4528.0,14668.0,23.45,286.0,42.64
2026-07-08 02:26:54,54.0,68.000              ,724.027,420.0,1067.0,0.0,54.125,54.125              ,54.125,54.125,54.125,54.125,54.125,54.125,54.125,35.773,23.499,42.822,24.107,37.548,10.713,42.746,14.544,28.969,2300.0,2300.0,2280.0,2280.0,2280.0,2280.0,2850.0,2850.0,2850.0,0.931,0.931,1.081,1.081,0.777,0.777,0.965,0.965,14.912,4530.0,14669.0,24.485,287.0,40.84
2026-07-08 02:26:55,54.0,69.000              ,724.027,352.0,1067.0,0.0,54.125,54.125              ,54.125,54.125,54.125,54.125,54.125,54.125,54.125,31.157,22.315,58.024,22.351,45.016,6.944,39.503,6.255,28.946,2300.0,2300.0,2875.0,2875.0,2300.0,2300.0,2300.0,2300.0,2875.0,0.937,0.937,1.33,1.306,0.901,0.907,0.875,0.876,15.029,4530.0,14670.0,21.824,288.0,45.82
2026-07-08 02:26:56,54.0,70.000              ,724.023,364.0,1067.0,0.0,54.125,54.125              ,54.125,54.125,54.125,54.125,54.125,54.125,54.125,30.739,25.42,56.029,22.25,50.19,6.374,56.854,8.963,32.102,2260.0,2260.0,2825.0,2825.0,2260.0,2260.0,2240.0,2240.0,2825.0,0.88,0.88,1.146,1.168,0.936,0.929,1.046,1.044,15.148,4530.0,14669.0,23.432,289.0,42.68
2026-07-08 02:26:57,54.0,71.000              ,724.023,315.0,1200.0,0.0,54.125,54.125              ,54.125,54.125,54.125,54.125,54.125,54.125,54.125,31.569,29.327,65.256,19.034,46.56,10.894,59.71,12.208,34.32,2220.0,2220.0,2750.0,2750.0,2200.0,2200.0,2220.0,2220.0,2750.0,0.888,0.888,1.197,1.194,0.842,0.842,1.055,1.055,15.011,4531.0,14668.0,23.961,290.0,41.73
2026-07-08 02:26:58,54.0,69.000              ,724.027,200.0,1067.0,0.0,54.125,54.125              ,54.125,54.125,54.125,54.125,54.125,54.125,54.125,29.941,27.353,62.635,17.821,39.46,8.777,59.662,9.83,31.935,2240.0,2240.0,2800.0,2800.0,2240.0,2240.0,2240.0,2260.0,2800.0,0.886,0.888,1.206,1.206,0.807,0.807,1.086,1.086,14.881,4531.0,14669.0,19.119,291.0,52.3
2026-07-08 02:26:59,54.0,69.000              ,724.027,442.0,1200.0,0.0,54.125,54.125              ,54.125,54.125,54.125,54.125,54.125,54.125,54.125,34.399,23.988,40.421,23.389,39.162,7.923,52.819,10.715,29.102,2260.0,2260.0,2825.0,2825.0,2260.0,2260.0,2260.0,2260.0,2825.0,0.902,0.899,0.954,0.954,0.759,0.759,1.114,1.114,15.154,4532.0,14669.0,24.239,292.0,41.26
2026-07-08 02:27:00,54.0,70.000              ,724.035,333.0,1067.0,0.0,54.125,54.125              ,54.125,54.125,54.125,54.125,54.125,54.125,54.125,34.434,26.495,52.349,17.982,43.11,11.384,59.694,7.151,31.575,2300.0,2300.0,2875.0,2875.0,2300.0,2300.0,2280.0,2280.0,2875.0,0.936,0.936,1.008,1.008,0.833,0.834,1.192,1.192,15.089,4532.0,14670.0,22.122,293.0,45.2
2026-07-08 02:27:01,54.0,70.000              ,724.023,321.0,1200.0,0.0,54.125,54.125              ,54.125,54.125,54.125,54.125,54.125,54.125,54.125,37.79,24.153,50.591,23.583,38.739,7.468,61.018,7.359,31.338,2240.0,2240.0,2240.0,2800.0,2240.0,2240.0,2800.0,2800.0,2800.0,0.944,0.944,1.06,1.06,0.771,0.77,1.152,1.152,14.92,4532.0,14669.0,22.968,294.0,43.54
2026-07-08 02:27:02,54.0,69.000              ,724.023,321.0,1200.0,0.0,54.125,54.125              ,54.125,54.125,54.125,54.125,54.125,54.125,54.125,39.381,25.406,52.611,21.221,39.934,9.265,58.968,7.867,31.832,2180.0,2180.0,2725.0,2725.0,2180.0,2180.0,2180.0,2180.0,2725.0,0.929,0.929,1.095,1.095,0.763,0.763,1.104,1.105,15.179,4536.0,14669.0,21.544,295.0,46.42
2026-07-08 02:27:03,54.0,68.000              ,724.023,400.0,1200.0,0.0,54.125,54.125              ,54.125,54.125,54.125,54.125,54.125,54.125,54.125,38.267,22.397,64.638,19.159,41.295,8.144,54.541,8.61,32.131,2260.0,2260.0,2825.0,2825.0,2260.0,2260.0,2260.0,2260.0,2825.0,0.885,0.887,1.217,1.217,0.784,0.784,1.021,1.019,14.917,4536.0,14670.0,18.113,296.0,55.21
2026-07-08 02:27:04,54.0,69.000              ,724.035,381.0,1200.0,0.0,54.0,54.000              ,54.0,54.0,54.0,54.0,54.0,54.0,54.0,26.206,22.901,53.752,19.391,38.986,6.226,40.263,7.108,26.854,2220.0,2220.0,2775.0,2775.0,2200.0,2200.0,2200.0,2200.0,2775.0,0.809,0.806,1.237,1.237,0.735,0.735,0.813,0.813,14.922,4534.0,14670.0,25.963,297.0,38.52
2026-07-08 02:27:05,54.0,69.000              ,724.031,350.0,1200.0,0.0,54.0,54.000              ,54.0,54.0,54.0,54.0,54.0,54.0,54.0,29.929,26.308,56.388,21.244,41.547,8.485,49.41,8.642,30.244,2240.0,2240.0,2800.0,2800.0,2240.0,2240.0,2240.0,2240.0,2800.0,0.912,0.912,1.183,1.183,0.843,0.843,1.019,1.019,15.136,4535.0,14669.0,21.83,298.0,45.81
2026-07-08 02:27:06,54.0,69.000              ,724.031,315.0,1200.0,0.0,54.0,54.000              ,54.0,54.0,54.0,54.0,54.0,54.0,54.0,39.009,22.305,44.058,27.583,38.955,11.952,56.706,11.851,31.552,2240.0,2240.0,2800.0,2800.0,2240.0,2240.0,2825.0,2825.0,2825.0,0.956,0.959,1.024,1.026,0.786,0.786,1.202,1.202,15.01,4535.0,14670.0,23.324,299.0,42.87
2026-07-08 02:27:07,54.0,70.000              ,724.723,364.0,1200.0,0.0,54.0,54.000              ,54.0,54.0,54.0,54.0,54.0,54.0,54.0,51.912,37.653,56.182,48.796,54.216,27.379,67.07,26.927,46.267,2300.0,2300.0,2300.0,2300.0,2300.0,2300.0,2875.0,2875.0,2875.0,0.973,0.971,1.173,1.171,0.878,0.878,1.105,1.105,15.402,4570.0,14671.0,24.448,300.0,40.9
2026-07-08 02:27:08,54.0,69.000              ,725.801,364.0,1200.0,0.0,54.0,54.000              ,54.0,54.0,54.0,54.0,54.0,54.0,54.0,46.424,34.547,56.762,45.857,53.167,27.162,61.795,25.24,43.869,1816.667,1816.667,2180.0,2180.0,1816.667,1816.667,1816.667,1816.667,2180.0,0.794,0.795,1.031,1.031,0.787,0.787,0.881,0.881,14.954,4588.0,14674.0,24.975,301.0,40.04
2026-07-08 02:27:09,54.0,68.000              ,725.801,370.0,1200.0,0.0,54.0,54.000              ,54.0,54.0,54.0,54.0,54.0,54.0,54.0,61.359,51.884,69.548,73.178,67.839,46.144,68.994,61.713,62.582,1920.0,1920.0,1900.0,1900.0,1900.0,1900.0,2375.0,2375.0,2375.0,0.862,0.861,1.148,1.148,0.906,0.893,1.038,1.038,15.281,4640.0,14700.0,23.002,302.0,43.47
2026-07-08 02:27:10,54.0,71.000              ,725.141,413.0,1200.0,0.0,54.0,54.000              ,54.0,54.0,54.0,54.0,54.0,54.0,54.0,71.399,53.73,70.012,67.73,73.223,53.299,66.981,51.305,63.46,1550.0,1550.0,1566.667,1566.667,1880.0,1880.0,1880.0,1900.0,1900.0,0.816,0.815,0.915,0.917,0.865,0.878,0.862,0.864,15.115,4673.0,14689.0,23.728,303.0,42.14
2026-07-08 02:27:11,54.0,73.000              ,722.461,393.0,1200.0,0.0,54.0,54.000              ,54.0,54.0,54.0,54.0,54.0,54.0,54.0,52.804,45.451,57.091,58.224,63.394,37.977,71.494,31.798,52.279,1600.0,1600.0,1920.0,1920.0,1920.0,1920.0,1920.0,1920.0,1920.0,0.732,0.721,0.899,0.897,0.77,0.77,0.804,0.805,14.548,4670.0,14645.0,28.26,304.0,35.39
2026-07-08 02:27:12,54.0,70.000              ,722.473,200.0,1200.0,0.0,54.0,54.000              ,54.0,54.0,54.0,54.0,54.0,54.0,54.0,40.121,27.48,51.17,33.714,51.578,16.745,67.658,13.413,37.735,2000.0,2000.0,2020.0,2020.0,2020.0,2020.0,2525.0,2500.0,2525.0,0.763,0.776,0.889,0.889,0.8,0.8,0.994,0.994,14.942,4670.0,14643.0,24.809,305.0,40.31
2026-07-08 02:27:13,54.0,68.000              ,722.461,476.0,1200.0,0.0,54.0,54.000              ,54.0,54.0,54.0,54.0,54.0,54.0,54.0,43.386,30.763,53.346,40.717,47.277,18.449,62.47,14.194,38.825,1960.0,1960.0,2450.0,2450.0,1960.0,1960.0,2475.0,2475.0,2475.0,0.762,0.762,0.984,0.984,0.733,0.725,0.884,0.894,15.125,4669.0,14642.0,19.485,306.0,51.32
2026-07-08 02:27:14,54.0,69.000              ,722.461,461.0,1200.0,0.0,54.0,54.000              ,54.0,54.0,54.0,54.0,54.0,54.0,54.0,35.898,25.967,49.686,37.772,41.643,15.425,43.749,12.955,32.887,2040.0,2040.0,2550.0,2525.0,2020.0,2020.0,2020.0,2020.0,2550.0,0.732,0.732,1.081,1.081,0.688,0.695,0.783,0.771,14.999,4666.0,14639.0,23.25,307.0,43.01
2026-07-08 02:27:15,54.0,69.000              ,722.461,381.0,1200.0,0.0,54.0,54.000              ,54.0,54.0,54.0,54.0,54.0,54.0,54.0,35.171,20.162,60.379,31.755,40.447,11.599,49.792,14.526,32.979,2120.0,2120.0,2650.0,2650.0,2120.0,2120.0,2120.0,2120.0,2650.0,0.793,0.793,1.222,1.222,0.75,0.75,0.914,0.914,14.842,4666.0,14639.0,21.616,308.0,46.26
2026-07-08 02:27:16,54.0,69.000              ,722.836,508.0,1200.0,0.0,54.0,54.000              ,54.0,54.0,54.0,54.0,54.0,54.0,54.0,28.905,24.095,39.937,24.817,54.282,6.937,43.88,9.028,28.985,2200.0,2180.0,2750.0,2750.0,2200.0,2200.0,2200.0,2200.0,2750.0,0.745,0.745,0.931,0.931,0.898,0.898,0.821,0.821,15.103,4666.0,14639.0,24.602,309.0,40.65
2026-07-08 02:27:17,54.0,68.000              ,722.84,476.0,1200.0,0.0,54.0,54.000              ,54.0,54.0,54.0,54.0,54.0,54.0,54.0,41.452,31.69,47.75,48.292,58.273,31.042,56.721,16.851,41.509,2120.0,2120.0,2650.0,2650.0,2140.0,2140.0,2140.0,2140.0,2650.0,0.867,0.867,1.043,1.043,1.08,1.08,0.866,0.865,15.485,4673.0,14639.0,21.959,310.0,45.54
2026-07-08 02:27:18,54.0,70.000              ,721.84,200.0,1200.0,0.0,54.0,54.000              ,54.0,54.0,54.0,54.0,54.0,54.0,54.0,40.751,25.577,44.224,32.647,49.55,16.225,59.435,13.012,35.178,1800.0,1820.0,2250.0,2275.0,1820.0,1820.0,1820.0,1820.0,2275.0,0.708,0.708,0.79,0.79,0.717,0.717,0.871,0.871,14.651,4676.0,14637.0,22.308,311.0,44.83
2026-07-08 02:27:19,54.0,69.000              ,722.332,413.0,1200.0,0.0,54.0,54.000              ,54.0,54.0,54.0,54.0,54.0,54.0,54.0,40.779,24.561,54.491,23.485,39.702,8.918,64.433,9.926,33.287,2080.0,2080.0,2080.0,2080.0,2080.0,2080.0,2600.0,2600.0,2600.0,0.846,0.855,0.916,0.919,0.682,0.682,1.141,1.141,14.897,4677.0,14636.0,21.693,312.0,46.1
2026-07-08 02:27:20,54.0,69.000              ,722.336,200.0,1200.0,0.0,54.0,54.000              ,54.0,54.0,54.0,54.0,54.0,54.0,54.0,52.142,33.231,49.201,54.479,67.997,35.825,55.773,21.404,46.257,2060.0,2060.0,2575.0,2575.0,2060.0,2060.0,2040.0,2060.0,2575.0,0.784,0.773,0.938,0.938,1.14,1.138,0.723,0.723,15.424,4682.0,14638.0,24.373,313.0,41.03
2026-07-08 02:27:21,54.0,70.000              ,722.02,413.0,1067.0,0.0,54.0,54.000              ,54.0,54.0,54.0,54.0,54.0,54.0,54.0,38.268,26.536,52.91,29.404,42.496,11.532,62.464,11.139,34.343,1860.0,1860.0,2325.0,2325.0,1860.0,1860.0,2325.0,2325.0,2325.0,0.757,0.757,0.962,0.971,0.652,0.652,0.938,0.938,14.648,4681.0,14627.0,23.427,314.0,42.69
2026-07-08 02:27:22,54.0,70.000              ,722.02,426.0,1200.0,0.0,54.0,54.000              ,54.0,54.0,54.0,54.0,54.0,54.0,54.0,33.18,27.367,54.509,29.442,53.122,10.533,66.039,8.544,35.342,2080.0,2080.0,2080.0,2080.0,2080.0,2080.0,2600.0,2600.0,2600.0,0.788,0.79,1.061,1.05,0.849,0.851,0.992,0.992,15.163,4680.0,14629.0,19.433,315.0,51.46
2026-07-08 02:27:23,54.0,70.000              ,721.996,413.0,1200.0,0.0,54.0,54.000              ,54.0,54.0,54.0,54.0,54.0,54.0,54.0,37.349,28.603,54.953,32.267,50.385,13.8,46.839,14.353,34.819,2040.0,2040.0,2550.0,2550.0,2040.0,2040.0,2040.0,2040.0,2550.0,0.864,0.862,1.097,1.097,0.861,0.86,0.878,0.88,14.856,4686.0,14628.0,25.237,316.0,39.62
2026-07-08 02:27:24,54.0,70.000              ,731.156,200.0,1200.0,0.0,54.0,54.000              ,54.0,54.0,54.0,54.0,54.0,54.0,54.0,43.298,33.702,55.929,40.109,58.447,24.044,57.013,22.765,41.913,2040.0,2040.0,2550.0,2550.0,2040.0,2040.0,2040.0,2040.0,2550.0,0.813,0.813,1.083,1.086,0.95,0.949,0.87,0.868,15.246,4702.0,14645.0,36.233,317.0,27.6
2026-07-08 02:27:25,54.0,69.000              ,731.145,406.0,1067.0,0.0,54.0,54.000              ,54.0,54.0,54.0,54.0,54.0,54.0,54.0,45.126,33.11,49.798,49.561,56.594,17.63,58.666,23.369,41.732,1920.0,1920.0,2400.0,2400.0,1920.0,1920.0,1920.0,1920.0,2400.0,0.789,0.791,1.032,1.037,0.805,0.792,0.872,0.872,14.864,4682.0,14645.0,19.849,318.0,50.38
2026-07-08 02:27:26,54.0,69.000              ,735.164,406.0,1067.0,0.0,54.0,54.000              ,54.0,54.0,54.0,54.0,54.0,54.0,54.0,44.809,26.761,47.801,37.095,50.85,14.419,56.636,16.169,36.818,2060.0,2060.0,2575.0,2575.0,2060.0,2060.0,2060.0,2060.0,2575.0,0.843,0.84,1.011,1.004,0.781,0.794,0.946,0.947,15.121,4684.0,14650.0,25.419,319.0,39.34
2026-07-08 02:27:27,54.0,71.000              ,735.16,387.0,1200.0,0.0,54.0,54.000              ,54.0,54.0,54.0,54.0,54.0,54.0,54.0,45.357,24.282,50.085,32.961,49.686,15.908,62.451,12.366,36.637,2060.0,2060.0,2575.0,2575.0,2060.0,2060.0,2575.0,2575.0,2575.0,0.83,0.83,0.993,1.002,0.841,0.841,1.003,1.002,15.114,4683.0,14649.0,18.455,320.0,54.19
2026-07-08 02:27:28,54.0,71.000              ,736.168,428.0,1200.0,0.0,54.0,54.000              ,54.0,54.0,54.0,54.0,54.0,54.0,54.0,37.523,26.52,35.023,46.609,44.408,12.193,44.106,15.318,32.712,2120.0,2120.0,2650.0,2625.0,2100.0,2100.0,2100.0,2100.0,2650.0,0.847,0.847,1.107,1.102,0.766,0.766,0.81,0.81,14.765,4682.0,14651.0,24.47,321.0,40.87
2026-07-08 02:27:29,54.0,70.000              ,738.488,387.0,1200.0,0.0,54.0,54.000              ,54.0,54.0,54.0,54.0,54.0,54.0,54.0,37.9,23.596,54.168,34.156,57.039,10.806,48.944,11.26,34.734,2180.0,2180.0,2725.0,2725.0,2180.0,2180.0,2180.0,2180.0,2725.0,0.816,0.816,1.179,1.177,0.941,0.941,0.845,0.845,15.306,4678.0,14654.0,22.159,322.0,45.13
2026-07-08 02:27:30,54.0,69.000              ,738.492,200.0,1067.0,0.0,54.0,54.000              ,54.0,54.0,54.0,54.0,54.0,54.0,54.0,37.523,23.241,68.921,26.316,50.742,8.806,48.246,14.357,34.769,2140.0,2140.0,2675.0,2675.0,2140.0,2140.0,2140.0,2140.0,2675.0,0.824,0.824,1.238,1.239,0.806,0.806,0.877,0.877,14.9,4679.0,14654.0,24.17,323.0,41.37
2026-07-08 02:27:31,54.0,69.000              ,738.488,484.0,1200.0,0.0,54.0,54.000              ,54.0,54.0,54.0,54.0,54.0,54.0,54.0,45.451,21.344,50.91,28.542,52.894,9.185,40.744,11.953,32.628,2160.0,2160.0,2725.0,2725.0,2180.0,2180.0,2180.0,2180.0,2725.0,0.888,0.888,1.087,1.084,0.823,0.823,0.778,0.779,15.286,4682.0,14655.0,24.238,324.0,41.26
2026-07-08 02:27:32,54.0,69.000              ,738.492,375.0,1067.0,0.0,54.0,54.000              ,54.0,54.0,54.0,54.0,54.0,54.0,54.0,46.978,22.48,50.504,32.507,49.679,10.929,52.081,9.755,34.364,2020.0,2020.0,2525.0,2525.0,2020.0,2020.0,2020.0,2020.0,2525.0,0.919,0.919,1.046,1.048,0.822,0.822,0.875,0.874,14.655,4691.0,14657.0,21.125,325.0,47.34
2026-07-08 02:27:33,54.0,70.000              ,735.492,200.0,1200.0,0.0,54.0,54.000              ,54.0,54.0,54.0,54.0,54.0,54.0,54.0,40.314,21.163,48.193,28.684,45.293,10.339,47.497,10.4,31.485,2160.0,2160.0,2675.0,2675.0,2140.0,2140.0,2140.0,2140.0,2675.0,0.829,0.829,1.091,1.089,0.769,0.769,0.87,0.87,15.252,4689.0,14655.0,25.427,326.0,39.33
2026-07-08 02:27:34,54.0,69.000              ,733.613,375.0,1200.0,0.0,54.0,54.000              ,54.0,54.0,54.0,54.0,54.0,54.0,54.0,44.146,25.501,53.94,26.143,48.143,9.13,48.543,13.528,33.634,2060.0,2060.0,2575.0,2575.0,2575.0,2575.0,2060.0,2060.0,2575.0,0.934,0.934,1.09,1.085,0.802,0.802,0.905,0.905,14.871,4689.0,14654.0,22.036,327.0,45.38
2026-07-08 02:27:35,54.0,69.000              ,733.676,381.0,1200.0,0.0,54.0,54.000              ,54.0,54.0,54.0,54.0,54.0,54.0,54.0,49.999,20.953,49.702,28.699,45.143,11.659,56.812,11.84,34.351,2060.0,2060.0,2575.0,2575.0,2060.0,2060.0,2060.0,2060.0,2575.0,0.921,0.921,0.981,0.986,0.751,0.751,0.993,0.994,15.113,4686.0,14651.0,20.743,328.0,48.21
2026-07-08 02:27:36,54.0,70.000              ,730.176,450.0,1200.0,0.0,54.0,54.000              ,54.0,54.0,54.0,54.0,54.0,54.0,54.0,52.061,22.749,46.388,26.323,48.672,11.286,50.975,10.189,33.58,2575.0,2575.0,2575.0,2575.0,2060.0,2060.0,2575.0,2575.0,2575.0,1.02,1.02,0.928,0.93,0.848,0.848,0.928,0.926,15.075,4684.0,14645.0,18.86,329.0,53.02
2026-07-08 02:27:37,54.0,69.000              ,728.672,484.0,1067.0,0.0,54.0,54.000              ,54.0,54.0,54.0,54.0,54.0,54.0,54.0,51.211,26.299,45.971,33.895,52.679,9.588,54.968,13.323,35.992,2100.0,2100.0,2100.0,2100.0,2100.0,2100.0,2625.0,2625.0,2625.0,0.954,0.954,0.977,0.974,0.818,0.818,0.922,0.922,15.125,4683.0,14643.0,18.844,330.0,53.07
2026-07-08 02:27:38,54.0,70.000              ,727.68,200.0,1067.0,0.0,54.0,54.000              ,54.0,54.0,54.0,54.0,54.0,54.0,54.0,35.175,21.774,51.866,29.996,45.991,12.265,52.165,13.155,32.798,2080.0,2080.0,2600.0,2600.0,2080.0,2080.0,2080.0,2080.0,2600.0,0.824,0.824,1.101,1.107,0.849,0.85,0.914,0.916,14.879,4683.0,14642.0,28.672,331.0,34.88
2026-07-08 02:27:39,54.0,69.000              ,727.676,375.0,1067.0,0.0,54.0,54.000              ,54.0,54.0,54.0,54.0,54.0,54.0,54.0,44.195,18.814,53.082,22.526,43.159,11.59,54.72,12.034,32.515,2180.0,2180.0,2180.0,2180.0,2180.0,2180.0,2725.0,2700.0,2725.0,0.905,0.905,1.04,1.044,0.832,0.831,1.03,1.029,14.981,4682.0,14639.0,23.416,332.0,42.71
2026-07-08 02:27:40,54.0,69.000              ,727.676,450.0,1200.0,0.0,54.0,54.000              ,54.0,54.0,54.0,54.0,54.0,54.0,54.0,47.945,26.411,54.804,36.039,58.63,15.454,55.404,16.17,38.857,2140.0,2140.0,2650.0,2650.0,2120.0,2120.0,2120.0,2120.0,2650.0,0.963,0.963,1.118,1.108,0.963,0.963,0.88,0.88,15.166,4682.0,14639.0,22.163,333.0,45.12
2026-07-08 02:27:41,54.0,70.000              ,730.047,428.0,1200.0,0.0,54.0,54.000              ,54.0,54.0,54.0,54.0,54.0,54.0,54.0,52.525,23.647,47.214,35.801,61.56,12.77,53.488,16.273,37.91,2300.0,2300.0,2300.0,2275.0,1820.0,1820.0,1820.0,1820.0,2300.0,0.912,0.912,0.901,0.901,0.835,0.835,0.81,0.811,15.151,4680.0,14634.0,24.875,334.0,40.2
2026-07-08 02:27:42,54.0,71.000              ,736.07,364.0,1200.0,0.0,54.0,54.000              ,54.0,54.0,54.0,54.0,54.0,54.0,54.0,47.603,20.767,52.406,36.505,55.836,11.392,55.551,9.53,36.199,1980.0,1980.0,2475.0,2500.0,2000.0,2000.0,1980.0,1980.0,2500.0,0.854,0.854,1.035,1.035,0.789,0.789,0.827,0.827,15.012,4686.0,14645.0,25.227,335.0,39.64
2026-07-08 02:27:43,53.0,70.000              ,736.074,469.0,1067.0,0.0,53.875,53.875              ,53.875,53.875,53.875,53.875,53.875,53.875,53.875,41.444,20.779,42.703,33.769,51.251,12.241,49.68,13.284,33.144,2040.0,2040.0,2550.0,2550.0,2040.0,2040.0,2040.0,2040.0,2550.0,0.834,0.834,1.019,1.025,0.85,0.85,0.85,0.85,15.042,4690.0,14644.0,24.309,336.0,41.14
2026-07-08 02:27:44,53.0,70.000              ,737.578,484.0,1200.0,0.0,53.875,53.875              ,53.875,53.875,53.875,53.875,53.875,53.875,53.875,40.519,21.916,44.518,37.294,52.964,21.305,43.594,13.893,34.5,1980.0,1980.0,2475.0,2475.0,1980.0,1980.0,1980.0,1980.0,2475.0,0.758,0.761,0.962,0.957,0.921,0.921,0.725,0.725,14.963,4689.0,14646.0,25.429,337.0,39.33
2026-07-08 02:27:45,53.0,70.000              ,737.57,375.0,1200.0,0.0,53.75,53.750              ,53.75,53.75,53.75,53.75,53.75,53.75,53.75,34.813,18.224,65.269,30.083,42.476,14.835,55.242,10.984,33.991,2020.0,2020.0,2525.0,2525.0,2020.0,2020.0,2020.0,2020.0,2525.0,0.766,0.763,1.228,1.228,0.773,0.773,0.934,0.934,14.802,4690.0,14645.0,23.979,338.0,41.7
2026-07-08 02:27:46,53.0,69.000              ,737.625,484.0,1200.0,0.0,53.75,53.750              ,53.75,53.75,53.75,53.75,53.75,53.75,53.75,37.718,21.926,43.679,36.239,54.753,13.778,46.028,11.424,33.193,2080.0,2100.0,2625.0,2625.0,2100.0,2100.0,2080.0,2080.0,2625.0,0.779,0.78,1.072,1.072,0.927,0.93,0.819,0.819,15.07,4689.0,14647.0,25.593,339.0,39.07
2026-07-08 02:27:47,53.0,69.000              ,737.629,364.0,1200.0,0.0,53.75,53.750              ,53.75,53.75,53.75,53.75,53.75,53.75,53.75,40.68,19.685,49.809,28.256,55.824,12.437,56.086,13.034,34.476,2120.0,2120.0,2650.0,2650.0,2650.0,2650.0,2120.0,2120.0,2650.0,0.84,0.839,0.996,0.996,0.999,0.996,0.979,0.979,15.156,4689.0,14646.0,22.487,340.0,44.47
2026-07-08 02:27:48,53.0,69.000              ,736.875,500.0,1067.0,0.0,53.75,53.750              ,53.75,53.75,53.75,53.75,53.75,53.75,53.75,39.803,21.869,45.974,33.523,43.053,11.337,55.032,14.269,33.107,2140.0,2140.0,2140.0,2140.0,2140.0,2140.0,2700.0,2700.0,2700.0,0.784,0.784,0.976,0.976,0.693,0.693,0.945,0.945,15.079,4689.0,14646.0,24.709,341.0,40.47
2026-07-08 02:27:49,53.0,68.000              ,737.004,393.0,1067.0,0.0,53.75,53.750              ,53.75,53.75,53.75,53.75,53.75,53.75,53.75,42.063,20.445,52.741,30.714,53.077,11.721,53.481,13.533,34.722,1980.0,1980.0,2475.0,2475.0,1980.0,1980.0,1980.0,1980.0,2475.0,0.789,0.789,0.975,0.975,0.872,0.875,0.884,0.884,14.96,4689.0,14642.0,23.0,342.0,43.48
2026-07-08 02:27:50,53.0,69.000              ,742.555,413.0,1200.0,0.0,53.75,53.750              ,53.75,53.75,53.75,53.75,53.75,53.75,53.75,44.997,20.744,56.817,33.034,54.11,15.362,60.42,13.639,37.39,2040.0,2040.0,2550.0,2550.0,2550.0,2550.0,2550.0,2525.0,2550.0,0.792,0.792,1.011,1.011,0.867,0.864,0.914,0.914,15.13,4694.0,14655.0,21.234,343.0,47.09
2026-07-08 02:27:51,53.0,70.000              ,742.93,469.0,1067.0,0.0,53.75,53.750              ,53.75,53.75,53.75,53.75,53.75,53.75,53.75,41.57,19.643,49.091,32.602,56.358,12.357,64.756,11.037,35.927,2100.0,2080.0,2600.0,2600.0,2080.0,2080.0,2080.0,2080.0,2600.0,0.784,0.787,0.995,0.995,0.913,0.913,0.971,0.973,14.962,4701.0,14655.0,19.585,344.0,51.06
2026-07-08 02:27:52,53.0,70.000              ,742.555,435.0,1200.0,0.0,53.75,53.750              ,53.75,53.75,53.75,53.75,53.75,53.75,53.75,37.953,24.425,37.299,56.747,45.053,15.357,44.854,13.576,34.408,2475.0,2475.0,2475.0,2475.0,1980.0,1980.0,1980.0,1980.0,2475.0,0.762,0.759,1.212,1.218,0.73,0.73,0.741,0.739,15.016,4699.0,14655.0,23.24,345.0,43.03
2026-07-08 02:27:53,53.0,70.000              ,744.813,364.0,1200.0,0.0,53.75,53.750              ,53.75,53.75,53.75,53.75,53.75,53.75,53.75,39.47,21.657,58.263,34.311,45.994,10.17,51.174,13.906,34.368,2080.0,2080.0,2600.0,2600.0,2080.0,2080.0,2080.0,2080.0,2600.0,0.852,0.852,1.258,1.252,0.838,0.838,0.868,0.868,14.869,4700.0,14658.0,20.077,346.0,49.81
2026-07-08 02:27:54,53.0,69.000              ,756.863,400.0,1067.0,0.0,53.75,53.750              ,53.75,53.75,53.75,53.75,53.75,53.75,53.75,39.862,23.159,46.26,37.886,49.953,17.512,47.063,14.327,34.503,2100.0,2100.0,2625.0,2625.0,2100.0,2100.0,2625.0,2625.0,2625.0,0.83,0.83,1.077,1.077,0.83,0.83,0.875,0.875,15.268,4711.0,14680.0,24.956,347.0,40.07
2026-07-08 02:27:55,53.0,69.000              ,751.0,413.0,1200.0,0.0,53.75,53.750              ,53.75,53.75,53.75,53.75,53.75,53.75,53.75,41.823,28.537,52.733,45.924,60.731,18.633,55.556,13.718,39.707,1980.0,1980.0,2475.0,2475.0,1980.0,2450.0,1980.0,1980.0,2475.0,0.767,0.767,1.044,1.047,0.91,0.91,0.784,0.788,15.112,4707.0,14675.0,25.116,348.0,39.82
2026-07-08 02:27:56,53.0,69.000              ,755.559,200.0,1200.0,0.0,53.75,53.750              ,53.75,53.75,53.75,53.75,53.75,53.75,53.75,42.08,26.239,47.297,38.954,51.827,17.451,51.803,15.934,36.448,1980.0,1980.0,2475.0,2475.0,1980.0,1980.0,1980.0,1980.0,2475.0,0.789,0.789,0.997,0.995,0.809,0.809,0.826,0.822,14.756,4709.0,14684.0,25.006,349.0,39.99
2026-07-08 02:27:57,53.0,68.000              ,755.559,200.0,1200.0,0.0,53.75,53.750              ,53.75,53.75,53.75,53.75,53.75,53.75,53.75,45.604,25.424,46.703,58.382,50.978,20.228,57.215,13.828,39.795,2040.0,2040.0,2550.0,2525.0,2020.0,2020.0,2040.0,2040.0,2550.0,0.838,0.838,1.287,1.287,0.81,0.81,0.85,0.85,15.353,4708.0,14684.0,32.247,350.0,31.01
2026-07-08 02:27:58,53.0,69.000              ,754.43,406.0,1200.0,0.0,53.75,53.750              ,53.75,53.75,53.75,53.75,53.75,53.75,53.75,41.986,23.967,49.496,39.941,56.883,14.55,57.099,9.683,36.701,1940.0,1940.0,2425.0,2425.0,1920.0,1920.0,1920.0,1920.0,2425.0,0.804,0.792,1.023,1.023,0.883,0.883,0.847,0.847,14.842,4710.0,14683.0,20.01,351.0,49.98
2026-07-08 02:27:59,53.0,71.000              ,752.934,406.0,1200.0,0.0,53.75,53.750              ,53.75,53.75,53.75,53.75,53.75,53.75,53.75,38.784,24.544,42.327,41.254,56.796,14.292,45.779,14.536,34.789,2040.0,2040.0,2525.0,2525.0,2020.0,2020.0,2020.0,2020.0,2525.0,0.805,0.819,1.08,1.078,0.925,0.925,0.82,0.82,14.886,4707.0,14675.0,24.813,352.0,40.3
2026-07-08 02:28:00,53.0,69.000              ,749.93,406.0,1200.0,0.0,53.75,53.750              ,53.75,53.75,53.75,53.75,53.75,53.75,53.75,38.452,21.444,45.795,42.383,50.854,14.608,42.398,14.457,33.799,2040.0,2040.0,2550.0,2550.0,2040.0,2040.0,2040.0,2040.0,2550.0,0.8,0.8,1.173,1.182,0.889,0.889,0.79,0.79,15.154,4703.0,14668.0,20.067,353.0,49.83
2026-07-08 02:28:01,53.0,68.000              ,749.93,381.0,1200.0,0.0,53.75,53.750              ,53.75,53.75,53.75,53.75,53.75,53.75,53.75,33.667,20.836,51.604,33.055,47.0,8.099,53.483,8.241,31.998,2140.0,2140.0,2675.0,2675.0,2120.0,2120.0,2120.0,2120.0,2675.0,0.832,0.832,1.188,1.178,0.821,0.821,0.928,0.928,14.899,4708.0,14666.0,17.911,354.0,55.83
2026-07-08 02:28:02,53.0,69.000              ,751.559,200.0,1067.0,0.0,53.75,53.750              ,53.75,53.75,53.75,53.75,53.75,53.75,53.75,45.126,22.594,47.637,34.537,44.331,12.797,61.78,13.192,35.249,2140.0,2140.0,2675.0,2675.0,2140.0,2140.0,2140.0,2140.0,2675.0,0.915,0.917,1.04,1.04,0.819,0.811,1.054,1.054,15.06,4705.0,14669.0,23.492,355.0,42.57
2026-07-08 02:28:03,53.0,69.000              ,752.555,400.0,1067.0,0.0,53.75,53.750              ,53.75,53.75,53.75,53.75,53.75,53.75,53.75,45.668,22.1,52.394,29.71,45.634,11.755,60.869,14.11,35.28,2080.0,2080.0,2080.0,2080.0,2080.0,2060.0,2575.0,2575.0,2575.0,0.888,0.886,1.017,1.023,0.808,0.816,1.051,1.051,15.199,4707.0,14668.0,21.006,356.0,47.61
2026-07-08 02:28:04,53.0,70.000              ,752.555,461.0,1200.0,0.0,53.75,53.750              ,53.75,53.75,53.75,53.75,53.75,53.75,53.75,41.474,21.25,56.03,27.02,53.379,19.113,61.487,11.654,36.426,2020.0,2020.0,2020.0,2020.0,2020.0,2020.0,2525.0,2525.0,2525.0,0.798,0.798,0.959,0.953,0.935,0.935,0.974,0.974,14.904,4707.0,14668.0,20.247,357.0,49.39
2026-07-08 02:28:05,53.0,71.000              ,755.941,435.0,1200.0,0.0,53.75,53.750              ,53.75,53.75,53.75,53.75,53.75,53.75,53.75,39.62,26.083,44.64,33.739,43.991,12.872,51.827,12.219,33.124,2080.0,2080.0,2600.0,2600.0,2080.0,2080.0,2080.0,2080.0,2600.0,0.804,0.805,1.03,1.033,0.757,0.757,0.827,0.827,15.092,4705.0,14675.0,23.466,358.0,42.61
2026-07-08 02:28:06,53.0,69.000              ,755.813,457.0,1067.0,0.0,53.75,53.750              ,53.75,53.75,53.75,53.75,53.75,53.75,53.75,40.455,20.654,59.232,31.513,47.538,8.197,48.007,10.995,33.324,2120.0,2120.0,2100.0,2100.0,2100.0,2100.0,2625.0,2625.0,2625.0,0.875,0.874,1.23,1.208,0.816,0.816,0.88,0.88,14.9,4708.0,14674.0,22.2,359.0,45.05
2026-07-08 02:28:07,53.0,69.000              ,761.82,406.0,1200.0,0.0,53.75,53.750              ,53.75,53.75,53.75,53.75,53.75,53.75,53.75,41.614,22.609,62.106,32.033,57.155,14.018,55.282,12.15,37.121,2060.0,2060.0,2575.0,2575.0,2060.0,2060.0,2060.0,2060.0,2575.0,0.801,0.803,1.102,1.12,0.917,0.917,0.86,0.861,15.289,4706.0,14680.0,23.024,360.0,43.43
2026-07-08 02:28:08,53.0,71.000              ,756.051,200.0,1067.0,0.0,53.75,53.750              ,53.75,53.75,53.75,53.75,53.75,53.75,53.75,36.934,19.319,62.998,23.925,57.347,11.549,56.561,11.856,35.061,2040.0,2040.0,2550.0,2550.0,2040.0,2040.0,2040.0,2040.0,2550.0,0.769,0.767,1.038,1.038,0.904,0.904,0.898,0.897,14.849,4709.0,14675.0,20.187,361.0,49.54
2026-07-08 02:28:09,53.0,69.000              ,755.922,400.0,1200.0,0.0,53.75,53.750              ,53.75,53.75,53.75,53.75,53.75,53.75,53.75,35.315,19.763,46.449,25.144,50.146,8.348,60.037,6.585,31.473,2140.0,2140.0,2675.0,2675.0,2120.0,2120.0,2120.0,2120.0,2675.0,0.824,0.824,0.972,0.972,0.854,0.854,1.052,1.052,15.054,4710.0,14674.0,27.872,362.0,35.88
2026-07-08 02:28:10,53.0,69.000              ,748.762,200.0,1200.0,0.0,53.75,53.750              ,53.75,53.75,53.75,53.75,53.75,53.75,53.75,41.447,23.655,57.187,31.38,53.975,16.26,57.481,14.607,36.999,2140.0,2140.0,2675.0,2650.0,2120.0,2120.0,2120.0,2120.0,2675.0,0.862,0.865,1.061,1.061,0.857,0.857,0.948,0.948,15.08,4700.0,14665.0,23.225,363.0,43.06
2026-07-08 02:28:11,53.0,70.000              ,748.758,435.0,1067.0,0.0,53.75,53.750              ,53.75,53.75,53.75,53.75,53.75,53.75,53.75,40.083,20.933,57.244,27.941,49.849,9.302,62.834,12.554,35.092,2060.0,2060.0,2575.0,2575.0,2060.0,2060.0,2060.0,2060.0,2575.0,0.821,0.819,1.026,1.026,0.794,0.794,1.008,1.008,15.099,4710.0,14665.0,21.919,364.0,45.62
2026-07-08 02:28:12,53.0,70.000              ,748.008,492.0,1067.0,0.0,53.75,53.750              ,53.75,53.75,53.75,53.75,53.75,53.75,53.75,42.119,21.722,49.241,34.44,48.71,12.796,54.987,10.043,34.257,2020.0,2020.0,2525.0,2525.0,2525.0,2525.0,2020.0,2020.0,2525.0,0.728,0.728,0.968,0.968,0.681,0.681,0.787,0.787,15.224,4709.0,14664.0,24.689,365.0,40.5
2026-07-08 02:28:13,53.0,70.000              ,746.637,420.0,1067.0,0.0,53.75,53.750              ,53.75,53.75,53.75,53.75,53.75,53.75,53.75,38.247,25.374,55.465,30.099,54.605,13.546,54.809,11.641,35.473,1920.0,1920.0,2400.0,2400.0,1920.0,1920.0,1920.0,1920.0,2400.0,0.757,0.757,0.998,0.998,0.863,0.863,0.809,0.809,14.81,4707.0,14664.0,23.324,366.0,42.87
2026-07-08 02:28:14,53.0,70.000              ,749.789,492.0,1200.0,0.0,53.75,53.750              ,53.75,53.75,53.75,53.75,53.75,53.75,53.75,40.098,20.069,60.282,27.144,49.356,11.983,59.707,11.814,35.057,2060.0,2060.0,2060.0,2060.0,2060.0,2060.0,2575.0,2575.0,2575.0,0.777,0.777,1.045,1.045,0.807,0.807,0.939,0.939,15.01,4706.0,14667.0,22.517,367.0,44.41
2026-07-08 02:28:15,53.0,72.000              ,748.168,200.0,1200.0,0.0,53.75,53.750              ,53.75,53.75,53.75,53.75,53.75,53.75,53.75,35.099,22.886,51.976,32.645,49.237,10.461,44.681,12.277,32.408,2040.0,2040.0,2040.0,2040.0,2020.0,2020.0,2525.0,2525.0,2525.0,0.758,0.758,1.088,1.09,0.778,0.778,0.792,0.792,15.126,4707.0,14666.0,24.245,368.0,41.25
2026-07-08 02:28:16,53.0,70.000              ,748.164,387.0,1200.0,0.0,53.75,53.750              ,53.75,53.75,53.75,53.75,53.75,53.75,53.75,44.553,23.085,46.817,35.737,57.623,10.692,60.141,12.818,36.433,2060.0,2060.0,2575.0,2575.0,2575.0,2575.0,2575.0,2575.0,2575.0,0.821,0.825,0.988,0.986,0.932,0.932,0.916,0.916,14.858,4707.0,14659.0,22.276,369.0,44.89
2026-07-08 02:28:17,53.0,69.000              ,748.199,400.0,1200.0,0.0,53.75,53.750              ,53.75,53.75,53.75,53.75,53.75,53.75,53.75,48.18,22.289,56.173,29.153,49.093,13.327,62.868,13.447,36.816,2060.0,2060.0,2575.0,2575.0,2060.0,2040.0,2550.0,2550.0,2575.0,0.877,0.877,0.98,0.982,0.822,0.822,0.935,0.935,14.915,4707.0,14660.0,21.696,370.0,46.09
2026-07-08 02:28:18,53.0,70.000              ,741.52,457.0,1200.0,0.0,53.75,53.750              ,53.75,53.75,53.75,53.75,53.75,53.75,53.75,41.98,29.94,58.421,29.884,47.605,15.915,51.264,24.058,37.383,2100.0,2100.0,2625.0,2625.0,2100.0,2100.0,2100.0,2080.0,2625.0,0.851,0.848,1.086,1.084,0.827,0.827,0.949,0.949,15.241,4702.0,14654.0,20.442,371.0,48.92
2026-07-08 02:28:19,53.0,70.000              ,741.52,469.0,1200.0,0.0,53.75,53.750              ,53.75,53.75,53.75,53.75,53.75,53.75,53.75,38.847,28.013,45.628,30.999,49.978,12.989,55.216,14.51,34.522,2060.0,2060.0,2575.0,2575.0,2060.0,2060.0,2060.0,2060.0,2575.0,0.761,0.761,0.938,0.938,0.754,0.754,0.862,0.862,15.026,4702.0,14652.0,24.664,372.0,40.54
2026-07-08 02:28:20,53.0,70.000              ,738.512,393.0,1200.0,0.0,53.75,53.750              ,53.75,53.75,53.75,53.75,53.75,53.75,53.75,44.278,24.161,50.752,37.243,49.59,13.369,46.664,13.446,34.938,2080.0,2080.0,2600.0,2600.0,2080.0,2080.0,2080.0,2080.0,2600.0,0.86,0.86,1.112,1.112,0.845,0.845,0.845,0.848,15.04,4700.0,14650.0,23.806,373.0,42.01
2026-07-08 02:28:21,53.0,70.000              ,738.957,393.0,1200.0,0.0,53.75,53.750              ,53.75,53.75,53.75,53.75,53.75,53.75,53.75,42.124,28.527,53.785,34.377,57.498,12.258,52.297,18.555,37.428,2080.0,2080.0,2600.0,2600.0,2080.0,2080.0,2100.0,2100.0,2600.0,0.84,0.84,1.067,1.069,0.841,0.843,0.911,0.908,14.969,4700.0,14648.0,23.446,374.0,42.65
2026-07-08 02:28:22,53.0,68.000              ,738.957,525.0,1200.0,0.0,53.75,53.750              ,53.75,53.75,53.75,53.75,53.75,53.75,53.75,44.069,25.918,55.525,34.179,63.841,15.33,49.096,18.593,38.319,1960.0,1960.0,1960.0,1960.0,2450.0,2450.0,1960.0,1960.0,2450.0,0.792,0.794,0.965,0.963,0.97,0.969,0.864,0.869,15.191,4701.0,14648.0,19.867,375.0,50.33
2026-07-08 02:28:23,53.0,70.000              ,739.957,393.0,1067.0,0.0,53.75,53.750              ,53.75,53.75,53.75,53.75,53.75,53.75,53.75,40.103,26.528,49.601,36.709,56.167,11.753,50.723,17.882,36.184,1960.0,1960.0,2450.0,2450.0,1940.0,1940.0,1960.0,1960.0,2450.0,0.798,0.796,1.023,1.023,0.83,0.83,0.871,0.869,14.798,4699.0,14648.0,30.069,376.0,33.26
2026-07-08 02:28:24,53.0,70.000              ,739.578,393.0,1200.0,0.0,53.75,53.750              ,53.75,53.75,53.75,53.75,53.75,53.75,53.75,47.399,23.517,52.803,27.575,51.848,9.882,49.416,17.183,34.953,2040.0,2020.0,2525.0,2525.0,2020.0,2020.0,2020.0,2020.0,2525.0,0.934,0.934,1.018,1.018,0.874,0.874,0.886,0.883,14.991,4700.0,14648.0,23.729,377.0,42.14
2026-07-08 02:28:25,53.0,69.000              ,739.582,400.0,1067.0,0.0,53.75,53.750              ,53.75,53.75,53.75,53.75,53.75,53.75,53.75,51.076,24.672,48.017,31.9,44.307,15.496,50.363,18.058,35.486,2650.0,2650.0,2650.0,2650.0,2120.0,2120.0,2120.0,2120.0,2650.0,0.989,0.99,0.975,0.975,0.821,0.821,0.946,0.946,15.134,4699.0,14650.0,21.207,378.0,47.15
2026-07-08 02:28:26,53.0,69.000              ,733.82,442.0,1067.0,0.0,53.75,53.750              ,53.75,53.75,53.75,53.75,53.75,53.75,53.75,47.848,23.533,45.672,33.086,47.873,14.58,52.728,19.433,35.594,2650.0,2650.0,2625.0,2625.0,2100.0,2100.0,2100.0,2100.0,2650.0,0.939,0.937,0.945,0.947,0.845,0.845,1.004,1.004,15.066,4697.0,14637.0,24.891,379.0,40.18
2026-07-08 02:28:27,53.0,69.000              ,730.699,420.0,1200.0,0.0,53.75,53.750              ,53.75,53.75,53.75,53.75,53.75,53.75,53.75,49.455,31.255,49.4,46.634,51.33,21.969,57.184,20.193,40.928,2550.0,2550.0,2040.0,2040.0,2060.0,2060.0,2060.0,2600.0,2600.0,0.867,0.867,1.011,1.011,0.759,0.76,0.85,0.85,15.046,4700.0,14639.0,22.536,380.0,44.37
2026-07-08 02:28:28,53.0,68.000              ,731.695,393.0,1200.0,0.0,53.75,53.750              ,53.75,53.75,53.75,53.75,53.75,53.75,53.75,42.279,21.528,43.275,32.572,60.38,10.246,59.006,17.33,35.827,1960.0,1960.0,1960.0,1960.0,2450.0,2450.0,1980.0,1980.0,2450.0,0.781,0.783,0.876,0.874,0.887,0.888,1.022,1.022,15.09,4699.0,14638.0,24.731,381.0,40.44
2026-07-08 02:28:29,53.0,68.000              ,731.695,428.0,1200.0,0.0,53.75,53.750              ,53.75,53.75,53.75,53.75,53.75,53.75,53.75,37.976,28.248,50.236,32.243,61.469,13.655,57.224,16.94,37.249,2060.0,2060.0,2575.0,2575.0,2060.0,2060.0,2060.0,2060.0,2575.0,0.774,0.772,0.929,0.929,0.929,0.926,0.923,0.936,15.002,4700.0,14629.0,20.564,382.0,48.63
2026-07-08 02:28:30,53.0,70.000              ,742.855,500.0,1200.0,0.0,53.75,53.750              ,53.75,53.75,53.75,53.75,53.75,53.75,53.75,46.63,33.593,54.064,49.265,58.985,21.624,58.427,23.74,43.291,2040.0,2040.0,2550.0,2550.0,2040.0,2040.0,2575.0,2575.0,2575.0,0.797,0.797,1.055,1.055,0.795,0.797,0.876,0.863,15.011,4711.0,14646.0,24.974,383.0,40.04
2026-07-08 02:28:31,53.0,69.000              ,753.449,406.0,1067.0,0.0,53.75,53.750              ,53.75,53.75,53.75,53.75,53.75,53.75,53.75,43.808,28.131,40.069,56.82,52.978,14.723,52.191,15.069,37.974,1900.0,1900.0,2375.0,2350.0,1880.0,1880.0,1880.0,2350.0,2375.0,0.756,0.756,1.123,1.123,0.72,0.718,0.761,0.761,15.101,4717.0,14663.0,22.285,384.0,44.87
2026-07-08 02:28:32,53.0,67.000              ,753.453,435.0,1200.0,0.0,53.75,53.750              ,53.75,53.75,53.75,53.75,53.75,53.75,53.75,38.582,29.548,48.355,34.932,55.537,13.026,44.602,19.179,35.47,2000.0,2000.0,2500.0,2500.0,2000.0,2000.0,2020.0,2020.0,2500.0,0.797,0.797,0.978,0.978,0.854,0.855,0.798,0.798,14.9,4723.0,14663.0,24.619,385.0,40.62
2026-07-08 02:28:33,53.0,68.000              ,753.453,200.0,1200.0,0.0,53.75,53.750              ,53.75,53.75,53.75,53.75,53.75,53.75,53.75,41.578,22.53,36.23,46.633,54.517,12.153,50.067,14.602,34.789,2020.0,2020.0,2525.0,2525.0,2000.0,2000.0,2000.0,2000.0,2525.0,0.807,0.807,1.075,1.075,0.868,0.867,0.868,0.868,15.189,4725.0,14663.0,24.51,386.0,40.8
2026-07-08 02:28:34,53.0,68.000              ,753.039,457.0,1200.0,0.0,53.75,53.750              ,53.75,53.75,53.75,53.75,53.75,53.75,53.75,40.986,23.268,49.148,30.749,64.792,9.606,48.741,14.33,35.203,2080.0,2080.0,2080.0,2080.0,2600.0,2600.0,2080.0,2080.0,2600.0,0.838,0.84,0.961,0.951,1.003,1.003,0.891,0.89,14.836,4726.0,14663.0,23.668,387.0,42.25
2026-07-08 02:28:35,53.0,70.000              ,748.98,393.0,1200.0,0.0,53.75,53.750              ,53.75,53.75,53.75,53.75,53.75,53.75,53.75,35.865,30.263,43.28,43.762,49.752,15.285,45.417,18.322,35.243,2060.0,2060.0,2575.0,2575.0,2060.0,2060.0,2060.0,2060.0,2575.0,0.793,0.791,1.119,1.133,0.806,0.806,0.842,0.842,15.121,4724.0,14660.0,23.862,388.0,41.91
2026-07-08 02:28:36,53.0,71.000              ,752.688,435.0,1067.0,0.0,53.75,53.750              ,53.75,53.75,53.75,53.75,53.75,53.75,53.75,39.385,28.94,57.146,37.972,53.624,14.076,57.657,17.673,38.309,2060.0,2060.0,2575.0,2575.0,2060.0,2060.0,2060.0,2060.0,2575.0,0.829,0.829,1.207,1.213,0.785,0.785,0.942,0.927,14.972,4726.0,14660.0,20.721,389.0,48.26
2026-07-08 02:28:37,53.0,70.000              ,751.684,428.0,1067.0,0.0,53.75,53.750              ,53.75,53.75,53.75,53.75,53.75,53.75,53.75,38.926,27.391,51.043,39.924,62.998,15.32,45.009,15.435,37.006,2020.0,2020.0,2525.0,2525.0,2020.0,2020.0,2020.0,2020.0,2525.0,0.812,0.812,1.077,1.071,0.985,0.985,0.783,0.796,15.162,4725.0,14660.0,29.64,390.0,33.74
2026-07-08 02:28:38,53.0,71.000              ,751.688,358.0,1067.0,0.0,53.75,53.750              ,53.75,53.75,53.75,53.75,53.75,53.75,53.75,36.083,26.669,49.518,32.497,64.41,11.187,47.053,14.318,35.217,2000.0,2000.0,2000.0,2000.0,2500.0,2500.0,2000.0,2000.0,2500.0,0.801,0.801,0.984,0.982,1.04,1.04,0.812,0.812,14.843,4725.0,14661.0,24.501,391.0,40.81
2026-07-08 02:28:39,53.0,69.000              ,751.684,428.0,1067.0,0.0,53.75,53.750              ,53.75,53.75,53.75,53.75,53.75,53.75,53.75,40.425,31.511,60.975,32.785,52.457,17.926,53.206,20.382,38.708,2060.0,2060.0,2575.0,2575.0,2060.0,2060.0,2060.0,2060.0,2575.0,0.805,0.807,1.117,1.117,0.88,0.881,0.897,0.902,15.223,4726.0,14660.0,20.288,392.0,49.29
2026-07-08 02:28:40,53.0,68.000              ,751.457,500.0,1200.0,0.0,53.875,53.875              ,53.875,53.875,53.875,53.875,53.875,53.875,53.875,45.499,33.366,63.741,35.943,47.055,21.453,53.569,23.804,40.554,2040.0,2040.0,2550.0,2550.0,2040.0,2040.0,2040.0,2040.0,2550.0,0.827,0.825,1.133,1.135,0.802,0.801,0.86,0.855,14.975,4724.0,14663.0,19.877,393.0,50.31
2026-07-08 02:28:41,53.0,70.000              ,754.75,450.0,1200.0,0.0,53.875,53.875              ,53.875,53.875,53.875,53.875,53.875,53.875,53.875,40.613,28.038,36.351,54.367,43.07,15.411,49.782,20.572,36.025,1940.0,1940.0,2425.0,2425.0,1920.0,1920.0,1920.0,1920.0,2425.0,0.764,0.764,1.085,1.083,0.688,0.688,0.819,0.821,14.944,4738.0,14665.0,21.864,394.0,45.74
2026-07-08 02:28:42,53.0,70.000              ,755.75,442.0,1067.0,0.0,54.0,54.000              ,54.0,54.0,54.0,54.0,54.0,54.0,54.0,39.77,30.228,58.054,33.173,50.379,13.117,56.622,14.117,36.933,2020.0,2020.0,2525.0,2525.0,2020.0,2020.0,2020.0,2020.0,2525.0,0.815,0.819,1.117,1.1,0.773,0.779,0.939,0.937,15.09,4740.0,14668.0,22.933,395.0,43.61
2026-07-08 02:28:43,54.0,71.000              ,755.758,420.0,1200.0,0.0,54.0,54.000              ,54.0,54.0,54.0,54.0,54.0,54.0,54.0,37.557,28.119,41.532,39.627,51.936,15.349,50.719,16.282,35.14,2020.0,2020.0,2525.0,2525.0,2020.0,2020.0,2020.0,2020.0,2525.0,0.805,0.804,1.039,1.055,0.852,0.847,0.86,0.861,14.917,4740.0,14668.0,24.311,396.0,41.13
2026-07-08 02:28:44,54.0,70.000              ,756.883,364.0,1200.0,0.0,54.0,54.000              ,54.0,54.0,54.0,54.0,54.0,54.0,54.0,38.57,25.807,66.462,34.511,45.764,16.154,51.637,14.745,36.706,2080.0,2080.0,2600.0,2600.0,2080.0,2080.0,2080.0,2080.0,2600.0,0.84,0.837,1.3,1.3,0.811,0.813,0.864,0.864,15.066,4740.0,14670.0,24.581,397.0,40.68
2026-07-08 02:28:45,54.0,69.000              ,756.883,400.0,1200.0,0.0,54.0,54.000              ,54.0,54.0,54.0,54.0,54.0,54.0,54.0,39.926,27.416,64.566,29.962,48.417,17.267,56.945,19.489,37.999,2080.0,2080.0,2600.0,2600.0,2100.0,2100.0,2100.0,2100.0,2600.0,0.824,0.824,1.126,1.126,0.816,0.815,1.013,1.013,15.112,4740.0,14667.0,19.471,398.0,51.36
2026-07-08 02:28:46,54.0,69.000              ,756.879,492.0,1200.0,0.0,54.0,54.000              ,54.0,54.0,54.0,54.0,54.0,54.0,54.0,44.286,25.81,38.005,51.41,48.982,23.924,57.453,16.292,38.27,2100.0,2100.0,2600.0,2600.0,2080.0,2080.0,2080.0,2080.0,2600.0,0.782,0.782,1.018,1.021,0.808,0.808,0.897,0.9,15.022,4739.0,14666.0,26.886,399.0,37.19
2026-07-08 02:28:47,54.0,69.000              ,753.875,358.0,1067.0,0.0,54.125,54.125              ,54.125,54.125,54.125,54.125,54.125,54.125,54.125,46.47,26.333,48.322,32.344,51.188,10.613,56.21,14.149,35.704,2020.0,2020.0,2525.0,2525.0,2040.0,2040.0,2040.0,2040.0,2525.0,0.919,0.919,1.038,1.024,0.81,0.81,0.953,0.951,15.016,4738.0,14663.0,23.021,400.0,43.44
2026-07-08 02:28:48,54.0,69.000              ,753.809,200.0,1067.0,0.0,54.25,54.250              ,54.25,54.25,54.25,54.25,54.25,54.25,54.25,46.313,24.322,49.657,41.296,50.424,18.572,61.529,13.46,38.196,2060.0,2060.0,2060.0,2060.0,2060.0,2060.0,2575.0,2600.0,2600.0,0.856,0.856,1.073,1.086,0.878,0.878,0.966,0.966,15.264,4744.0,14663.0,24.63,401.0,40.6
2026-07-08 02:28:49,54.0,68.000              ,753.805,413.0,1200.0,0.0,54.25,54.250              ,54.25,54.25,54.25,54.25,54.25,54.25,54.25,40.006,23.594,28.875,65.789,43.63,19.004,48.05,13.463,35.301,1940.0,1940.0,2425.0,2425.0,1940.0,1940.0,1940.0,1940.0,2425.0,0.76,0.76,1.218,1.218,0.737,0.737,0.746,0.746,14.808,4745.0,14664.0,21.701,402.0,46.08
2026-07-08 02:28:50,54.0,70.000              ,753.902,413.0,1200.0,0.0,54.25,54.250              ,54.25,54.25,54.25,54.25,54.25,54.25,54.25,37.262,23.388,61.214,30.305,52.332,16.429,52.478,12.643,35.756,2040.0,2040.0,2550.0,2550.0,2040.0,2040.0,2040.0,2040.0,2550.0,0.784,0.784,1.156,1.156,0.892,0.892,0.853,0.854,15.021,4744.0,14662.0,24.428,403.0,40.94
2026-07-08 02:28:51,54.0,71.000              ,754.453,200.0,1200.0,0.0,54.25,54.250              ,54.25,54.25,54.25,54.25,54.25,54.25,54.25,39.937,25.514,62.934,26.894,51.781,13.379,55.458,14.906,36.35,2100.0,2100.0,2625.0,2625.0,2100.0,2100.0,2100.0,2100.0,2625.0,0.833,0.836,1.161,1.161,0.827,0.83,0.944,0.943,15.163,4746.0,14671.0,20.22,404.0,49.46
2026-07-08 02:28:52,54.0,70.000              ,754.207,413.0,1200.0,0.0,54.75,54.750              ,54.75,54.75,54.75,54.75,54.75,54.75,54.75,82.759,51.283,58.49,61.617,65.597,29.659,54.787,31.843,54.504,1880.0,2350.0,2350.0,2350.0,1880.0,1880.0,1880.0,1880.0,2350.0,1.171,1.168,0.937,0.938,0.8,0.797,0.731,0.731,15.237,4756.0,14671.0,22.857,405.0,43.75
2026-07-08 02:28:53,54.0,69.000              ,754.203,435.0,1200.0,0.0,54.75,54.750              ,54.75,54.75,54.75,54.75,54.75,54.75,54.75,79.208,43.172,58.902,66.915,63.236,38.297,65.188,32.34,55.907,2160.0,2160.0,1800.0,1816.667,1816.667,1816.667,1816.667,1800.0,2160.0,1.073,1.073,0.906,0.905,0.791,0.792,0.761,0.755,15.032,4769.0,14672.0,29.805,406.0,33.55
2026-07-08 02:28:54,54.0,72.000              ,754.203,435.0,1200.0,0.0,54.75,54.750              ,54.75,54.75,54.75,54.75,54.75,54.75,54.75,77.938,48.612,64.755,65.492,70.442,36.857,64.376,41.524,58.75,2020.0,2020.0,2020.0,2020.0,1683.333,1683.333,1700.0,1700.0,2020.0,0.972,0.972,0.914,0.915,0.77,0.774,0.763,0.77,15.229,4780.0,14670.0,19.191,407.0,52.11
2026-07-08 02:28:55,54.0,76.000              ,751.953,525.0,1200.0,0.0,54.75,54.750              ,54.75,54.75,54.75,54.75,54.75,54.75,54.75,53.561,39.495,55.065,62.218,54.475,35.899,59.329,34.405,49.306,1666.667,1666.667,2000.0,2000.0,1666.667,1666.667,2000.0,2000.0,2000.0,0.732,0.732,1.009,1.008,0.744,0.741,0.783,0.782,14.665,4788.0,14662.0,19.164,408.0,52.18
2026-07-08 02:28:56,54.0,71.000              ,751.953,387.0,1200.0,0.0,54.75,54.750              ,54.75,54.75,54.75,54.75,54.75,54.75,54.75,39.776,28.438,48.662,39.505,56.332,15.036,54.107,10.11,36.496,1920.0,1920.0,2425.0,2425.0,1940.0,1940.0,1940.0,1940.0,2425.0,0.786,0.786,1.062,1.062,0.91,0.909,0.817,0.817,14.777,4795.0,14662.0,23.948,409.0,41.76
2026-07-08 02:28:57,54.0,66.000              ,751.969,545.0,1200.0,0.0,54.75,54.750              ,54.75,54.75,54.75,54.75,54.75,54.75,54.75,40.974,32.588,55.992,42.798,51.685,19.178,53.798,18.255,39.408,2020.0,2020.0,2525.0,2525.0,2020.0,2020.0,2020.0,2020.0,2525.0,0.81,0.812,1.146,1.146,0.853,0.854,0.854,0.854,15.32,4793.0,14661.0,24.254,410.0,41.23
2026-07-08 02:28:58,54.0,70.000              ,751.969,500.0,1200.0,0.0,54.75,54.750              ,54.75,54.75,54.75,54.75,54.75,54.75,54.75,46.065,25.29,60.758,29.645,56.83,21.188,56.439,17.273,39.186,1880.0,1880.0,2350.0,2350.0,1880.0,1880.0,1880.0,1880.0,2350.0,0.742,0.741,0.932,0.932,0.879,0.878,0.825,0.825,15.018,4792.0,14660.0,20.182,411.0,49.55
2026-07-08 02:28:59,54.0,70.000              ,752.035,469.0,1200.0,0.0,54.75,54.750              ,54.75,54.75,54.75,54.75,54.75,54.75,54.75,36.449,24.979,50.239,23.266,54.042,11.539,54.711,10.59,33.227,1940.0,1940.0,2425.0,2425.0,1940.0,2400.0,2425.0,2425.0,2425.0,0.777,0.777,0.862,0.863,0.874,0.874,0.892,0.892,14.93,4792.0,14659.0,24.059,412.0,41.56
2026-07-08 02:29:00,54.0,69.000              ,749.773,200.0,1067.0,0.0,54.75,54.750              ,54.75,54.75,54.75,54.75,54.75,54.75,54.75,40.55,29.979,59.182,34.728,45.016,18.187,53.826,19.548,37.627,2020.0,2020.0,2525.0,2525.0,2020.0,2020.0,2020.0,2020.0,2525.0,0.837,0.837,1.139,1.14,0.798,0.798,0.942,0.942,14.897,4796.0,14659.0,22.339,413.0,44.76
2026-07-08 02:29:01,54.0,69.000              ,741.332,300.0,1200.0,0.0,54.75,54.750              ,54.75,54.75,54.75,54.75,54.75,54.75,54.75,40.07,31.329,54.491,40.6,47.457,15.417,48.777,18.253,37.049,2020.0,2020.0,2525.0,2525.0,2020.0,2020.0,2020.0,2020.0,2525.0,0.891,0.891,1.204,1.207,0.845,0.845,0.881,0.881,14.97,4793.0,14655.0,22.617,414.0,44.21
2026-07-08 02:29:02,54.0,67.000              ,741.332,200.0,1200.0,0.0,54.75,54.750              ,54.75,54.75,54.75,54.75,54.75,54.75,54.75,47.592,20.588,55.19,27.169,48.373,7.085,46.588,11.238,32.978,2625.0,2625.0,2100.0,2100.0,2100.0,2100.0,2120.0,2120.0,2625.0,0.96,0.96,1.163,1.159,0.789,0.789,0.896,0.896,15.139,4794.0,14655.0,24.985,415.0,40.02
2026-07-08 02:29:03,54.0,67.000              ,742.496,200.0,1067.0,0.0,54.75,54.750              ,54.75,54.75,54.75,54.75,54.75,54.75,54.75,38.299,20.133,52.037,29.105,60.438,9.291,45.148,9.242,32.962,2120.0,2120.0,2625.0,2625.0,2100.0,2100.0,2120.0,2120.0,2625.0,0.817,0.817,1.059,1.059,0.985,0.985,0.806,0.806,14.879,4794.0,14654.0,24.945,416.0,40.09
2026-07-08 02:29:04,54.0,68.000              ,742.531,476.0,1200.0,0.0,54.75,54.750              ,54.75,54.75,54.75,54.75,54.75,54.75,54.75,36.233,19.332,53.501,24.306,46.832,10.799,50.147,9.017,31.271,2080.0,2080.0,2600.0,2600.0,2080.0,2080.0,2080.0,2080.0,2600.0,0.774,0.777,1.043,1.04,0.847,0.847,0.883,0.885,15.222,4797.0,14650.0,19.363,417.0,51.64
2026-07-08 02:29:05,54.0,70.000              ,750.738,554.0,1200.0,0.0,54.75,54.750              ,54.75,54.75,54.75,54.75,54.75,54.75,54.75,44.137,29.586,50.859,43.44,59.844,19.601,52.717,20.668,40.107,2100.0,2100.0,2100.0,2100.0,2625.0,2625.0,2100.0,2100.0,2625.0,0.678,0.675,0.924,0.924,0.801,0.804,0.753,0.752,15.379,4796.0,14660.0,26.907,418.0,37.17
2026-07-08 02:29:06,55.0,77.000              ,750.738,200.0,933.0,0.0,55.5,55.500              ,55.5,55.5,55.5,55.5,55.5,55.5,55.5,17.73,13.605,37.29,30.908,18.255,15.737,40.197,8.781,22.813,1800.0,1800.0,2160.0,2160.0,1783.333,1783.333,1783.333,1783.333,2160.0,0.771,0.771,1.87,1.87,0.897,0.894,1.443,1.443,12.711,4801.0,14656.0,19.928,419.0,50.18
2026-07-08 02:29:07,55.0,41.000              ,750.738,200.0,933.0,0.0,55.375,55.375              ,55.375,55.375,55.375,55.375,55.375,55.375,55.375,9.317,2.482,52.635,6.541,19.132,15.282,41.129,12.464,19.873,2333.333,2333.333,3500.0,3500.0,2333.333,3500.0,3400.0,3400.0,3500.0,0.612,0.612,1.755,1.755,1.11,1.11,1.527,1.531,12.876,4626.0,14403.0,0.0,420.0,
2026-07-08 02:29:08,56.0,0.000               ,750.738,200.0,933.0,0.0,56.125,56.125              ,56.125,56.125,56.125,56.125,56.125,56.125,56.125,13.665,2.527,71.079,4.6,36.124,6.333,14.141,8.821,19.661,2333.333,2333.333,3500.0,3500.0,2333.333,2333.333,2333.333,2333.333,3500.0,0.796,0.796,2.735,2.735,1.36,1.361,0.974,0.97,13.339,4304.0,13428.0,0.0,421.0,
2026-07-08 02:29:09,56.0,0.000               ,750.738,200.0,933.0,0.0,56.5,56.500              ,56.5,56.5,56.5,56.5,56.5,56.5,56.5,10.267,7.103,44.489,26.16,35.029,11.698,39.522,15.336,23.7,2333.333,2333.333,3500.0,3500.0,2333.333,2333.333,2333.333,2333.333,3500.0,0.783,0.783,2.585,2.588,1.657,1.656,1.735,1.735,14.392,4193.0,13242.0,0.0,422.0,
2026-07-08 02:29:10,56.0,0.000               ,750.738,200.0,933.0,0.0,56.625,56.625              ,56.625,56.625,56.625,56.625,56.625,56.625,56.625,9.973,1.871,63.976,15.125,27.804,7.959,22.563,4.416,19.211,2333.333,2333.333,3500.0,3500.0,2333.333,2333.333,3475.0,3475.0,3500.0,0.777,0.777,2.654,2.65,1.427,1.427,1.208,1.208,14.024,3873.0,12677.0,0.0,423.0,
2026-07-08 02:29:11,56.0,0.000               ,750.734,200.0,1067.0,0.0,56.875,56.875              ,56.875,56.875,56.875,56.875,56.875,56.875,56.875,18.618,25.822,31.145,36.815,25.758,7.584,21.94,6.999,21.835,2333.333,2333.333,3500.0,3500.0,2333.333,2333.333,2333.333,2333.333,3500.0,1.656,1.714,2.44,2.44,1.296,1.281,1.14,1.14,14.303,3553.0,11816.0,5433.987,424.0,0.18
2026-07-08 02:29:12,57.0,0.000               ,702.633,200.0,933.0,0.0,57.625,57.625              ,57.625,57.625,57.625,57.625,57.625,57.625,57.625,10.563,2.583,15.734,61.144,42.186,4.126,23.82,3.303,20.432,2333.333,2333.333,3500.0,3500.0,2333.333,2333.333,2333.333,2333.333,3500.0,0.775,0.715,3.201,3.266,1.753,1.777,1.149,1.149,14.63,3542.0,11854.0,0.0,425.0,
2026-07-08 02:29:13,58.0,0.000               ,662.352,200.0,933.0,0.0,58.125,58.125              ,58.125,58.125,58.125,58.125,58.125,58.125,58.125,8.549,4.257,16.335,78.353,11.282,3.919,4.31,5.358,16.545,2333.333,2333.333,3500.0,3500.0,2333.333,2333.333,2333.333,2333.333,3500.0,0.754,0.754,4.832,4.761,0.843,0.843,0.674,0.676,13.862,3524.0,11666.0,2289.688,426.0,0.44
2026-07-08 02:29:14,58.0,6.000               ,662.352,200.0,933.0,0.0,58.75,58.750              ,58.75,58.75,58.75,58.75,58.75,58.75,58.75,16.22,3.28,10.574,83.771,40.603,6.263,31.615,11.859,25.523,2333.333,2333.333,3500.0,3500.0,2333.333,2333.333,2333.333,2333.333,3500.0,0.928,0.928,4.431,4.463,1.781,1.781,1.615,1.614,16.594,3349.0,11294.0,0.0,427.0,
2026-07-08 02:29:15,58.0,6.000               ,662.352,200.0,933.0,0.0,58.875,58.875              ,58.875,58.875,58.875,58.875,58.875,58.875,58.875,10.218,3.137,0.238,91.594,4.969,1.104,4.044,7.657,15.37,2000.0,2000.0,3500.0,3500.0,2333.333,2333.333,2333.333,2333.333,3500.0,0.768,0.768,5.005,5.004,0.707,0.707,0.842,0.842,13.886,3362.0,11294.0,0.0,428.0,
2026-07-08 02:29:16,59.0,0.000               ,662.352,200.0,933.0,0.0,59.25,59.250              ,59.25,59.25,59.25,59.25,59.25,59.25,59.25,2.993,1.526,11.115,87.287,6.638,3.105,4.684,3.779,15.141,2333.333,2333.333,3500.0,3500.0,2333.333,2333.333,2333.333,2333.333,3500.0,0.131,0.131,4.798,4.742,0.575,0.575,0.708,0.708,12.904,3424.0,11302.0,0.0,429.0,
2026-07-08 02:29:17,58.0,0.000               ,658.676,200.0,933.0,0.0,58.375,58.375              ,58.375,58.375,58.375,58.375,58.375,58.375,58.375,10.098,3.201,2.413,77.549,23.96,3.697,15.312,4.63,17.607,1555.556,1555.556,3500.0,3500.0,2333.333,2333.333,2333.333,2333.333,3500.0,0.491,0.491,3.125,3.149,1.103,1.104,0.898,0.898,13.194,3462.0,11117.0,3495.547,430.0,0.29
2026-07-08 02:29:18,57.0,0.000               ,566.152,200.0,933.0,0.0,57.5,57.500              ,57.5,57.5,57.5,57.5,57.5,57.5,57.5,17.956,8.145,10.566,54.781,42.027,7.621,17.785,8.321,20.9,2333.333,2333.333,3500.0,3500.0,2333.333,2333.333,2333.333,2333.333,3500.0,1.061,1.061,2.413,2.408,1.759,1.759,1.05,1.05,14.34,3394.0,10562.0,1355.481,431.0,0.74
2026-07-08 02:29:19,56.0,18.000              ,566.152,200.0,933.0,0.0,56.75,56.750              ,56.75,56.75,56.75,56.75,56.75,56.75,56.75,44.514,18.622,55.432,18.832,46.69,9.411,37.974,10.635,30.264,2333.333,2333.333,3500.0,3500.0,2800.0,2800.0,2800.0,2800.0,3500.0,1.525,1.525,1.92,1.915,1.512,1.512,1.395,1.395,16.711,3275.0,10562.0,53.724,432.0,18.61
2026-07-08 02:29:20,56.0,43.000              ,566.137,200.0,933.0,0.0,56.5,56.500              ,56.5,56.5,56.5,56.5,56.5,56.5,56.5,32.472,7.994,47.677,15.27,23.714,2.426,27.384,8.591,20.691,3100.0,3100.0,2480.0,2480.0,2500.0,2500.0,2500.0,2500.0,3100.0,1.224,1.224,1.784,1.784,0.985,0.985,1.167,1.167,13.968,3265.0,10557.0,32.438,433.0,30.83
2026-07-08 02:29:21,56.0,50.000              ,595.852,200.0,933.0,0.0,56.5,56.500              ,56.5,56.5,56.5,56.5,56.5,56.5,56.5,42.127,14.486,52.251,16.743,38.666,5.524,18.918,8.308,24.628,3500.0,3500.0,2333.333,2333.333,2333.333,2333.333,2333.333,2333.333,3500.0,1.546,1.546,1.968,1.969,1.406,1.411,0.998,0.998,15.896,3288.0,10531.0,33.979,434.0,29.43
2026-07-08 02:29:22,56.0,57.000              ,595.871,200.0,933.0,0.0,56.5,56.500              ,56.5,56.5,56.5,56.5,56.5,56.5,56.5,29.438,9.673,51.17,13.348,28.367,3.666,24.996,3.456,20.514,2333.333,2333.333,3500.0,3500.0,2333.333,2333.333,2333.333,2333.333,3500.0,1.186,1.186,1.849,1.847,1.14,1.135,1.029,1.029,14.836,3288.0,10530.0,19.359,435.0,51.66
2026-07-08 02:29:23,56.0,65.000              ,595.871,200.0,933.0,0.0,56.0,56.000              ,56.0,56.0,56.0,56.0,56.0,56.0,56.0,21.339,6.369,40.176,6.982,31.382,3.612,11.913,5.759,15.941,2333.333,2333.333,3500.0,3500.0,2333.333,2333.333,2333.333,2333.333,3500.0,0.858,0.858,1.366,1.366,1.091,1.091,0.698,0.698,11.877,3080.0,9833.0,17.343,436.0,57.66
2026-07-08 02:29:24,56.0,33.000              ,404.34,200.0,933.0,0.0,56.25,56.250              ,56.25,56.25,56.25,56.25,56.25,56.25,56.25,30.587,16.378,40.427,34.147,41.364,16.893,16.136,12.534,26.058,2333.333,2333.333,3500.0,3500.0,2333.333,2333.333,2333.333,2333.333,3500.0,1.653,1.653,2.943,2.943,2.142,2.146,1.193,1.193,15.718,2869.0,8783.0,0.0,437.0,
