08-07-2026 03:06:04,GPU temperature,GPU usage,Memory usage,Core clock,Memory clock,Fan tachometer,CPU1 temperature,CPU2 temperature,CPU3 temperature,CPU4 temperature,CPU5 temperature,CPU6 temperature,CPU7 temperature,CPU8 temperature,CPU temperature,CPU1 usage,CPU2 usage,CPU3 usage,CPU4 usage,CPU5 usage,CPU6 usage,CPU7 usage,CPU8 usage,CPU usage,CPU1 clock,CPU2 clock,CPU3 clock,CPU4 clock,CPU5 clock,CPU6 clock,CPU7 clock,CPU8 clock,CPU clock,CPU1 power,CPU2 power,CPU3 power,CPU4 power,CPU5 power,CPU6 power,CPU7 power,CPU8 power,CPU power,RAM usage,Commit charge,frametime,elapsed,fps
2026-07-08 03:06:04,0.0,°C                  ,0.0,100.0,10.0,,,,,,,,,,,,,,,,,,,,,,,,,,,,,,,,,,,,,,,,,0.0,
2026-07-08 03:06:04,1.0,%                   ,0.0,100.0,10.0,,,,,,,,,,,,,,,,,,,,,,,,,,,,,,,,,,,,,,,,,0.0,
2026-07-08 03:06:04,2.0,MB                  ,0.0,8192.0,10.0,,,,,,,,,,,,,,,,,,,,,,,,,,,,,,,,,,,,,,,,,0.0,
2026-07-08 03:06:04,3.0,MHz                 ,0.0,2500.0,10.0,,,,,,,,,,,,,,,,,,,,,,,,,,,,,,,,,,,,,,,,,0.0,
2026-07-08 03:06:04,4.0,MHz                 ,0.0,7500.0,10.0,,,,,,,,,,,,,,,,,,,,,,,,,,,,,,,,,,,,,,,,,0.0,
2026-07-08 03:06:04,5.0,RPM                 ,0.0,10000.0,10.0,,,,,,,,,,,,,,,,,,,,,,,,,,,,,,,,,,,,,,,,,0.0,
2026-07-08 03:06:04,6.0,°C                  ,0.0,100.0,10.0,,,,,,,,,,,,,,,,,,,,,,,,,,,,,,,,,,,,,,,,,0.0,
2026-07-08 03:06:04,7.0,°C                  ,0.0,100.0,10.0,,,,,,,,,,,,,,,,,,,,,,,,,,,,,,,,,,,,,,,,,0.0,
2026-07-08 03:06:04,8.0,°C                  ,0.0,100.0,10.0,,,,,,,,,,,,,,,,,,,,,,,,,,,,,,,,,,,,,,,,,0.0,
2026-07-08 03:06:04,9.0,°C                  ,0.0,100.0,10.0,,,,,,,,,,,,,,,,,,,,,,,,,,,,,,,,,,,,,,,,,0.0,
2026-07-08 03:06:04,10.0,°C                  ,0.0,100.0,10.0,,,,,,,,,,,,,,,,,,,,,,,,,,,,,,,,,,,,,,,,,0.0,
2026-07-08 03:06:04,11.0,°C                  ,0.0,100.0,10.0,,,,,,,,,,,,,,,,,,,,,,,,,,,,,,,,,,,,,,,,,0.0,
2026-07-08 03:06:04,12.0,°C                  ,0.0,100.0,10.0,,,,,,,,,,,,,,,,,,,,,,,,,,,,,,,,,,,,,,,,,0.0,
2026-07-08 03:06:04,13.0,°C                  ,0.0,100.0,10.0,,,,,,,,,,,,,,,,,,,,,,,,,,,,,,,,,,,,,,,,,0.0,
2026-07-08 03:06:04,14.0,°C                  ,0.0,100.0,10.0,,,,,,,,,,,,,,,,,,,,,,,,,,,,,,,,,,,,,,,,,0.0,
2026-07-08 03:06:04,15.0,%                   ,0.0,100.0,10.0,,,,,,,,,,,,,,,,,,,,,,,,,,,,,,,,,,,,,,,,,0.0,
2026-07-08 03:06:04,16.0,%                   ,0.0,100.0,10.0,,,,,,,,,,,,,,,,,,,,,,,,,,,,,,,,,,,,,,,,,0.0,
2026-07-08 03:06:04,17.0,%                   ,0.0,100.0,10.0,,,,,,,,,,,,,,,,,,,,,,,,,,,,,,,,,,,,,,,,,0.0,
2026-07-08 03:06:04,18.0,%                   ,0.0,100.0,10.0,,,,,,,,,,,,,,,,,,,,,,,,,,,,,,,,,,,,,,,,,0.0,
2026-07-08 03:06:04,19.0,%                   ,0.0,100.0,10.0,,,,,,,,,,,,,,,,,,,,,,,,,,,,,,,,,,,,,,,,,0.0,
2026-07-08 03:06:04,20.0,%                   ,0.0,100.0,10.0,,,,,,,,,,,,,,,,,,,,,,,,,,,,,,,,,,,,,,,,,0.0,
2026-07-08 03:06:04,21.0,%                   ,0.0,100.0,10.0,,,,,,,,,,,,,,,,,,,,,,,,,,,,,,,,,,,,,,,,,0.0,
2026-07-08 03:06:04,22.0,%                   ,0.0,100.0,10.0,,,,,,,,,,,,,,,,,,,,,,,,,,,,,,,,,,,,,,,,,0.0,
2026-07-08 03:06:04,23.0,%                   ,0.0,100.0,10.0,,,,,,,,,,,,,,,,,,,,,,,,,,,,,,,,,,,,,,,,,0.0,
2026-07-08 03:06:04,24.0,MHz                 ,0.0,5000.0,10.0,,,,,,,,,,,,,,,,,,,,,,,,,,,,,,,,,,,,,,,,,0.0,
2026-07-08 03:06:04,25.0,MHz                 ,0.0,5000.0,10.0,,,,,,,,,,,,,,,,,,,,,,,,,,,,,,,,,,,,,,,,,0.0,
2026-07-08 03:06:04,26.0,MHz                 ,0.0,5000.0,10.0,,,,,,,,,,,,,,,,,,,,,,,,,,,,,,,,,,,,,,,,,0.0,
2026-07-08 03:06:04,27.0,MHz                 ,0.0,5000.0,10.0,,,,,,,,,,,,,,,,,,,,,,,,,,,,,,,,,,,,,,,,,0.0,
2026-07-08 03:06:04,28.0,MHz                 ,0.0,5000.0,10.0,,,,,,,,,,,,,,,,,,,,,,,,,,,,,,,,,,,,,,,,,0.0,
2026-07-08 03:06:04,29.0,MHz                 ,0.0,5000.0,10.0,,,,,,,,,,,,,,,,,,,,,,,,,,,,,,,,,,,,,,,,,0.0,
2026-07-08 03:06:04,30.0,MHz                 ,0.0,5000.0,10.0,,,,,,,,,,,,,,,,,,,,,,,,,,,,,,,,,,,,,,,,,0.0,
2026-07-08 03:06:04,31.0,MHz                 ,0.0,5000.0,10.0,,,,,,,,,,,,,,,,,,,,,,,,,,,,,,,,,,,,,,,,,0.0,
2026-07-08 03:06:04,32.0,MHz                 ,0.0,5000.0,10.0,,,,,,,,,,,,,,,,,,,,,,,,,,,,,,,,,,,,,,,,,0.0,
2026-07-08 03:06:04,33.0,W                   ,0.0,200.0,10.0,,,%.1f                ,,,,,,,,,,,,,,,,,,,,,,,,,,,,,,,,,,,,,,0.0,
2026-07-08 03:06:04,34.0,W                   ,0.0,200.0,10.0,,,%.1f                ,,,,,,,,,,,,,,,,,,,,,,,,,,,,,,,,,,,,,,0.0,
2026-07-08 03:06:04,35.0,W                   ,0.0,200.0,10.0,,,%.1f                ,,,,,,,,,,,,,,,,,,,,,,,,,,,,,,,,,,,,,,0.0,
2026-07-08 03:06:04,36.0,W                   ,0.0,200.0,10.0,,,%.1f                ,,,,,,,,,,,,,,,,,,,,,,,,,,,,,,,,,,,,,,0.0,
2026-07-08 03:06:04,37.0,W                   ,0.0,200.0,10.0,,,%.1f                ,,,,,,,,,,,,,,,,,,,,,,,,,,,,,,,,,,,,,,0.0,
2026-07-08 03:06:04,38.0,W                   ,0.0,200.0,10.0,,,%.1f                ,,,,,,,,,,,,,,,,,,,,,,,,,,,,,,,,,,,,,,0.0,
2026-07-08 03:06:04,39.0,W                   ,0.0,200.0,10.0,,,%.1f                ,,,,,,,,,,,,,,,,,,,,,,,,,,,,,,,,,,,,,,0.0,
2026-07-08 03:06:04,40.0,W                   ,0.0,200.0,10.0,,,%.1f                ,,,,,,,,,,,,,,,,,,,,,,,,,,,,,,,,,,,,,,0.0,
2026-07-08 03:06:04,41.0,W                   ,0.0,200.0,10.0,,,%.1f                ,,,,,,,,,,,,,,,,,,,,,,,,,,,,,,,,,,,,,,0.0,
2026-07-08 03:06:04,42.0,MB                  ,0.0,16384.0,10.0,,,,,,,,,,,,,,,,,,,,,,,,,,,,,,,,,,,,,,,,,0.0,
2026-07-08 03:06:04,43.0,MB                  ,0.0,16384.0,10.0,,,,,,,,,,,,,,,,,,,,,,,,,,,,,,,,,,,,,,,,,0.0,
2026-07-08 03:06:04,44.0,ms                  ,0.0,50.0,10.0,,,%.1f                ,,,,,,,,,,,,,,,,,,,,,,,,,,,,,,,,,,,,,,0.0,
2026-07-08 03:06:05,56.0,0.000               ,401.578,200.0,1200.0,0.0,56.375,56.375              ,56.375,56.375,56.375,56.375,56.375,56.375,56.375,N/A                 ,N/A                 ,N/A                 ,N/A                 ,N/A                 ,N/A                 ,N/A                 ,N/A                 ,N/A                 ,N/A                 ,N/A                 ,N/A                 ,N/A                 ,N/A                 ,N/A                 ,N/A                 ,N/A                 ,N/A                 ,0.0,0.0,0.0,0.0,0.0,0.0,0.0,0.0,0.0,3112.0,8703.0,,1.0,
2026-07-08 03:06:06,57.0,0.000               ,401.59,200.0,933.0,0.0,57.125,57.125              ,57.125,57.125,57.125,57.125,57.125,57.125,57.125,56.759              ,31.517              ,67.758              ,71.373              ,53.293              ,60.279              ,60.741              ,41.116              ,55.354              ,3250.000            ,3250.000            ,2600.000            ,2580.000            ,2580.000            ,2580.000            ,3225.000            ,3225.000            ,3250.000            ,2.548,2.543,3.776,3.783,3.251,3.238,2.946,2.946,20.472,3220.0,8795.0,,2.0,
2026-07-08 03:06:07,57.0,0.000               ,401.59,200.0,1200.0,0.0,57.125,57.125              ,57.125,57.125,57.125,57.125,57.125,57.125,57.125,15.212              ,10.361              ,10.103              ,60.195              ,40.242              ,29.701              ,34.536              ,20.287              ,27.580              ,2333.333            ,2333.333            ,2333.333            ,2333.333            ,3500.000            ,3500.000            ,2800.000            ,2800.000            ,3500.000            ,1.157,1.157,2.597,2.552,2.729,2.729,2.28,2.28,17.308,3634.0,9180.0,,3.0,
2026-07-08 03:06:08,56.0,0.000               ,401.59,200.0,933.0,0.0,56.625,56.625              ,56.625,56.625,56.625,56.625,56.625,56.625,56.625,7.806               ,6.073               ,13.506              ,46.889              ,40.129              ,10.597              ,13.782              ,11.123              ,18.738              ,2333.333            ,2333.333            ,3500.000            ,3500.000            ,2333.333            ,2333.333            ,2333.333            ,2333.333            ,3500.000            ,0.794,0.794,2.403,2.375,2.047,2.103,1.028,1.04,14.116,3831.0,9456.0,0.0,4.0,
2026-07-08 03:06:09,57.0,0.000               ,401.59,200.0,933.0,0.0,57.625,57.625              ,57.625,57.625,57.625,57.625,57.625,57.625,57.625,5.472               ,13.673              ,4.266               ,91.415              ,23.644              ,7.449               ,12.662              ,7.226               ,20.726              ,2333.333            ,2333.333            ,3500.000            ,3500.000            ,2800.000            ,2800.000            ,2333.333            ,2800.000            ,3500.000            ,0.851,0.851,4.209,4.287,1.418,1.358,1.018,1.005,14.998,3852.0,9482.0,0.0,5.0,
2026-07-08 03:06:10,57.0,0.000               ,401.59,200.0,1200.0,0.0,57.75,57.750              ,57.75,57.75,57.75,57.75,57.75,57.75,57.75,11.990              ,3.602               ,8.890               ,89.787              ,8.318               ,16.641              ,13.072              ,19.245              ,21.443              ,2333.333            ,2333.333            ,3500.000            ,3500.000            ,2333.333            ,2333.333            ,2333.333            ,2333.333            ,3500.000            ,0.801,0.801,4.094,4.087,1.073,1.073,1.178,1.178,14.89,3930.0,9564.0,0.0,6.0,
2026-07-08 03:06:11,57.0,0.000               ,401.59,200.0,1200.0,0.0,57.25,57.250              ,57.25,57.25,57.25,57.25,57.25,57.25,57.25,26.586              ,7.910               ,7.982               ,67.561              ,17.401              ,4.751               ,25.529              ,6.116               ,20.479              ,2333.333            ,2333.333            ,3500.000            ,3500.000            ,2333.333            ,2333.333            ,2333.333            ,2333.333            ,3500.000            ,1.408,1.412,3.241,3.213,1.011,0.995,1.328,1.328,14.664,4163.0,9648.0,0.0,7.0,
2026-07-08 03:06:12,57.0,0.000               ,439.145,200.0,1200.0,0.0,57.625,57.625              ,57.625,57.625,57.625,57.625,57.625,57.625,57.625,22.189              ,8.173               ,28.659              ,58.225              ,60.225              ,8.942               ,28.200              ,10.951              ,28.195              ,2333.333            ,2333.333            ,3500.000            ,3500.000            ,2333.333            ,2333.333            ,2333.333            ,2333.333            ,3500.000            ,1.15,1.147,3.148,3.148,2.805,2.85,1.454,1.523,17.497,4130.0,9890.0,0.0,8.0,
2026-07-08 03:06:13,58.0,0.000               ,470.766,200.0,933.0,0.0,58.125,58.125              ,58.125,58.125,58.125,58.125,58.125,58.125,58.125,41.889              ,19.184              ,27.397              ,36.876              ,64.926              ,17.580              ,21.985              ,26.946              ,32.098              ,2333.333            ,2333.333            ,2333.333            ,2333.333            ,3500.000            ,3500.000            ,2333.333            ,2333.333            ,3500.000            ,2.228,2.251,2.339,2.344,3.05,3.05,1.63,1.563,18.203,4224.0,10011.0,0.0,9.0,
2026-07-08 03:06:14,58.0,12.000              ,475.641,200.0,933.0,0.0,58.25,58.250              ,58.25,58.25,58.25,58.25,58.25,58.25,58.25,8.744               ,6.605               ,7.254               ,35.412              ,41.713              ,5.565               ,48.145              ,5.912               ,19.919              ,2333.333            ,2333.333            ,3500.000            ,3500.000            ,2333.333            ,2333.333            ,2333.333            ,2333.333            ,3500.000            ,0.779,0.733,1.977,2.008,2.05,2.05,2.403,2.403,14.318,4337.0,10117.0,0.0,10.0,
2026-07-08 03:06:15,57.0,12.000              ,482.867,200.0,933.0,0.0,57.625,57.625              ,57.625,57.625,57.625,57.625,57.625,57.625,57.625,4.474               ,2.632               ,2.462               ,81.475              ,18.953              ,1.797               ,16.059              ,2.951               ,16.350              ,2333.333            ,2333.333            ,3500.000            ,3500.000            ,2333.333            ,2333.333            ,2333.333            ,2333.333            ,3500.000            ,0.269,0.269,3.174,3.138,0.936,0.936,0.941,0.941,12.774,4408.0,10191.0,0.0,11.0,
2026-07-08 03:06:16,57.0,0.000               ,482.297,200.0,933.0,0.0,57.625,57.625              ,57.625,57.625,57.625,57.625,57.625,57.625,57.625,23.857              ,9.917               ,51.109              ,36.340              ,48.215              ,7.448               ,42.177              ,12.841              ,28.988              ,2333.333            ,2333.333            ,3500.000            ,3500.000            ,2333.333            ,2333.333            ,2333.333            ,2333.333            ,3500.000            ,1.534,1.534,2.869,2.828,2.545,2.554,2.566,2.566,16.293,4413.0,10224.0,0.0,12.0,
2026-07-08 03:06:17,58.0,0.000               ,527.211,200.0,933.0,0.0,58.0,58.000              ,58.0,58.0,58.0,58.0,58.0,58.0,58.0,42.572              ,28.097              ,50.742              ,46.542              ,65.012              ,21.424              ,76.491              ,31.726              ,45.326              ,2333.333            ,2333.333            ,3500.000            ,3500.000            ,2800.000            ,2800.000            ,2800.000            ,2800.000            ,3500.000            ,2.071,2.071,2.626,2.624,2.626,2.62,3.479,3.479,20.536,4431.0,10224.0,0.0,13.0,
2026-07-08 03:06:18,58.0,25.000              ,527.211,200.0,933.0,0.0,58.25,58.250              ,58.25,58.25,58.25,58.25,58.25,58.25,58.25,34.692              ,11.667              ,52.731              ,33.997              ,74.644              ,8.424               ,49.484              ,11.165              ,34.600              ,2283.333            ,2283.333            ,3500.000            ,3500.000            ,2333.333            ,2333.333            ,2800.000            ,2800.000            ,3500.000            ,1.406,1.406,2.318,2.363,4.076,4.114,2.582,2.582,19.187,4421.0,10226.0,0.0,14.0,
2026-07-08 03:06:19,58.0,50.000              ,527.207,200.0,933.0,0.0,58.625,58.625              ,58.625,58.625,58.625,58.625,58.625,58.625,58.625,45.305              ,18.175              ,52.878              ,43.795              ,69.548              ,28.156              ,47.890              ,21.380              ,40.891              ,2333.333            ,2333.333            ,2333.333            ,2333.333            ,3500.000            ,3500.000            ,3500.000            ,3500.000            ,3500.000            ,2.027,2.027,2.702,2.698,4.081,4.055,2.464,2.464,20.617,4424.0,10235.0,0.0,15.0,
2026-07-08 03:06:20,58.0,47.000              ,557.918,200.0,933.0,0.0,58.5,58.500              ,58.5,58.5,58.5,58.5,58.5,58.5,58.5,51.600              ,21.032              ,48.077              ,42.672              ,59.449              ,16.733              ,32.230              ,49.631              ,40.178              ,2800.000            ,2800.000            ,3500.000            ,3500.000            ,2800.000            ,2800.000            ,2800.000            ,2800.000            ,3500.000            ,1.924,1.924,2.284,2.283,2.784,2.73,2.87,2.877,19.991,4448.0,10288.0,0.0,16.0,
2026-07-08 03:06:21,58.0,55.000              ,557.918,200.0,933.0,0.0,58.875,58.875              ,58.875,58.875,58.875,58.875,58.875,58.875,58.875,30.766              ,16.072              ,44.225              ,45.838              ,62.188              ,6.662               ,28.768              ,35.865              ,33.798              ,2333.333            ,2333.333            ,3500.000            ,3500.000            ,2800.000            ,2800.000            ,2333.333            ,2333.333            ,3500.000            ,1.315,1.319,2.441,2.456,3.138,3.138,2.775,2.844,19.002,4448.0,10282.0,0.0,17.0,
2026-07-08 03:06:22,58.0,65.000              ,557.918,200.0,933.0,0.0,58.625,58.625              ,58.625,58.625,58.625,58.625,58.625,58.625,58.625,35.447              ,15.887              ,41.032              ,42.049              ,37.900              ,21.732              ,39.890              ,8.731               ,30.334              ,2660.000            ,2660.000            ,2660.000            ,2660.000            ,2660.000            ,2660.000            ,3325.000            ,3325.000            ,3325.000            ,1.616,1.611,2.5,2.484,2.393,2.393,1.485,1.364,17.367,4448.0,10283.0,0.0,18.0,
2026-07-08 03:06:23,58.0,62.000              ,553.93,200.0,933.0,0.0,58.375,58.375              ,58.375,58.375,58.375,58.375,58.375,58.375,58.375,19.053              ,14.796              ,65.223              ,21.919              ,25.520              ,5.924               ,19.997              ,4.302               ,22.092              ,2333.333            ,2333.333            ,3500.000            ,3500.000            ,2333.333            ,2333.333            ,2333.333            ,2333.333            ,3500.000            ,1.117,1.117,2.487,2.487,1.13,1.13,0.921,0.925,15.386,4447.0,10279.0,0.0,19.0,
2026-07-08 03:06:24,57.0,62.000              ,572.512,200.0,933.0,0.0,57.625,57.625              ,57.625,57.625,57.625,57.625,57.625,57.625,57.625,15.296              ,14.687              ,51.063              ,12.797              ,17.282              ,4.204               ,28.325              ,8.828               ,19.060              ,2333.333            ,2333.333            ,3500.000            ,3500.000            ,2333.333            ,2333.333            ,2333.333            ,2333.333            ,3500.000            ,1.055,1.041,1.725,1.725,0.891,0.891,1.148,1.145,13.819,4450.0,10316.0,0.0,20.0,
2026-07-08 03:06:25,57.0,53.000              ,572.512,200.0,933.0,0.0,57.375,57.375              ,57.375,57.375,57.375,57.375,57.375,57.375,57.375,25.949              ,30.273              ,48.173              ,21.940              ,36.416              ,14.574              ,37.588              ,11.994              ,28.363              ,3500.000            ,3500.000            ,3500.000            ,3500.000            ,2333.333            ,2333.333            ,2333.333            ,2333.333            ,3500.000            ,1.515,1.536,1.954,1.954,1.305,1.305,1.258,1.259,15.237,4447.0,10307.0,0.0,21.0,
2026-07-08 03:06:26,57.0,25.000              ,572.645,200.0,933.0,0.0,57.25,57.250              ,57.25,57.25,57.25,57.25,57.25,57.25,57.25,16.209              ,54.588              ,28.455              ,14.120              ,19.948              ,8.361               ,20.669              ,10.796              ,21.643              ,3500.000            ,3500.000            ,2333.333            ,2333.333            ,2333.333            ,2333.333            ,2800.000            ,2800.000            ,3500.000            ,2.76,2.76,1.144,1.144,0.836,0.836,0.935,0.935,13.822,4460.0,10329.0,0.0,22.0,
2026-07-08 03:06:27,56.0,29.000              ,572.645,200.0,933.0,0.0,56.25,56.250              ,56.25,56.25,56.25,56.25,56.25,56.25,56.25,13.258              ,11.849              ,45.267              ,12.694              ,19.608              ,2.712               ,12.133              ,4.939               ,15.308              ,2260.000            ,2260.000            ,2650.000            ,2650.000            ,2650.000            ,2650.000            ,2650.000            ,2650.000            ,2650.000            ,0.831,0.831,1.541,1.544,0.735,0.735,0.725,0.725,12.361,4461.0,10327.0,0.0,23.0,
2026-07-08 03:06:28,56.0,52.000              ,565.434,200.0,933.0,0.0,56.0,56.000              ,56.0,56.0,56.0,56.0,56.0,56.0,56.0,11.627              ,10.415              ,48.514              ,11.957              ,27.601              ,3.109               ,11.539              ,4.668               ,16.179              ,2300.000            ,2300.000            ,3500.000            ,3500.000            ,2333.333            ,2333.333            ,2333.333            ,2333.333            ,3500.000            ,0.807,0.807,1.67,1.667,0.869,0.871,0.7,0.7,12.641,4449.0,10311.0,0.0,24.0,
2026-07-08 03:06:29,55.0,52.000              ,565.434,200.0,933.0,0.0,55.75,55.750              ,55.75,55.75,55.75,55.75,55.75,55.75,55.75,12.541              ,10.639              ,56.435              ,10.275              ,27.151              ,1.762               ,11.078              ,3.095               ,16.622              ,2333.333            ,2333.333            ,3500.000            ,3500.000            ,2333.333            ,2333.333            ,2333.333            ,2333.333            ,3500.000            ,0.924,0.924,1.968,1.968,0.981,0.98,0.751,0.751,13.565,4453.0,10311.0,0.0,25.0,
2026-07-08 03:06:30,55.0,52.000              ,565.434,200.0,933.0,0.0,55.5,55.500              ,55.5,55.5,55.5,55.5,55.5,55.5,55.5,15.544              ,14.109              ,49.805              ,12.642              ,43.428              ,2.784               ,12.584              ,6.218               ,19.639              ,2333.333            ,2333.333            ,3500.000            ,3500.000            ,2333.333            ,2333.333            ,2333.333            ,2333.333            ,3500.000            ,0.964,0.964,1.695,1.695,1.317,1.317,0.779,0.779,13.716,4452.0,10310.0,0.0,26.0,
2026-07-08 03:06:31,55.0,52.000              ,565.434,200.0,933.0,0.0,55.625,55.625              ,55.625,55.625,55.625,55.625,55.625,55.625,55.625,19.054              ,10.916              ,50.003              ,9.562               ,44.473              ,0.782               ,13.707              ,4.406               ,19.113              ,2333.333            ,2333.333            ,3500.000            ,3500.000            ,3500.000            ,3500.000            ,2333.333            ,2333.333            ,3500.000            ,0.998,1.002,1.704,1.709,1.367,1.367,0.81,0.81,14.006,4452.0,10300.0,0.0,27.0,
2026-07-08 03:06:32,56.0,54.000              ,565.434,200.0,933.0,0.0,56.0,56.000              ,56.0,56.0,56.0,56.0,56.0,56.0,56.0,16.186              ,11.284              ,70.490              ,7.920               ,34.059              ,1.703               ,11.823              ,4.894               ,19.795              ,2333.333            ,2333.333            ,3500.000            ,3500.000            ,2333.333            ,2333.333            ,2333.333            ,2333.333            ,3500.000            ,0.993,0.989,2.228,2.223,1.187,1.187,0.773,0.777,14.455,4451.0,10300.0,0.0,28.0,
2026-07-08 03:06:33,56.0,58.000              ,565.434,200.0,933.0,0.0,56.25,56.250              ,56.25,56.25,56.25,56.25,56.25,56.25,56.25,17.656              ,12.855              ,76.855              ,6.877               ,30.629              ,3.552               ,13.169              ,11.481              ,21.634              ,2333.333            ,2333.333            ,3500.000            ,3500.000            ,2333.333            ,2333.333            ,2333.333            ,2333.333            ,3500.000            ,1.027,1.027,2.403,2.403,1.177,1.177,1.025,1.021,14.931,4451.0,10298.0,0.0,29.0,
2026-07-08 03:06:34,56.0,58.000              ,565.453,200.0,933.0,0.0,56.5,56.500              ,56.5,56.5,56.5,56.5,56.5,56.5,56.5,16.474              ,12.229              ,72.736              ,11.514              ,31.404              ,2.518               ,16.301              ,6.314               ,21.186              ,2333.333            ,2333.333            ,3500.000            ,3500.000            ,2333.333            ,2333.333            ,2333.333            ,2333.333            ,3500.000            ,1.011,1.015,2.471,2.471,1.216,1.216,0.949,0.949,15.041,4451.0,10353.0,17.226,30.0,58.05
2026-07-08 03:06:35,56.0,57.000              ,544.93,200.0,933.0,0.0,56.0,56.000              ,56.0,56.0,56.0,56.0,56.0,56.0,56.0,17.347              ,13.380              ,50.969              ,12.485              ,23.880              ,3.222               ,16.922              ,8.518               ,18.340              ,2333.333            ,2333.333            ,3500.000            ,3500.000            ,2333.333            ,2333.333            ,2333.333            ,2333.333            ,3500.000            ,1.083,1.079,1.822,1.822,0.972,0.972,1.048,1.048,13.966,4444.0,10342.0,24.931,31.0,40.11
2026-07-08 03:06:36,56.0,57.000              ,544.902,200.0,1200.0,0.0,56.375,56.375              ,56.375,56.375,56.375,56.375,56.375,56.375,56.375,31.415              ,20.193              ,55.489              ,30.048              ,45.101              ,32.802              ,37.365              ,19.484              ,33.987              ,2333.333            ,2333.333            ,3500.000            ,3500.000            ,2333.333            ,2333.333            ,2333.333            ,2333.333            ,3500.000            ,1.462,1.462,2.49,2.49,2.124,2.129,1.661,1.662,17.885,4479.0,10397.0,82.813,32.0,12.08
2026-07-08 03:06:37,56.0,59.000              ,544.902,200.0,933.0,0.0,56.625,56.625              ,56.625,56.625,56.625,56.625,56.625,56.625,56.625,20.368              ,11.245              ,64.107              ,16.335              ,28.245              ,17.120              ,29.150              ,3.996               ,23.821              ,2333.333            ,2333.333            ,3500.000            ,3500.000            ,2333.333            ,2333.333            ,2333.333            ,2333.333            ,3500.000            ,1.086,1.086,2.321,2.321,1.719,1.714,1.145,1.144,16.03,4483.0,10394.0,18.352,33.0,54.49
2026-07-08 03:06:38,56.0,62.000              ,544.902,200.0,1200.0,0.0,56.875,56.875              ,56.875,56.875,56.875,56.875,56.875,56.875,56.875,70.711              ,51.871              ,72.237              ,67.365              ,75.432              ,62.384              ,73.298              ,52.106              ,65.675              ,2800.000            ,2800.000            ,3500.000            ,3500.000            ,2800.000            ,2800.000            ,2800.000            ,2800.000            ,3500.000            ,1.938,1.941,2.541,2.541,2.383,2.383,2.179,2.188,20.868,4611.0,10645.0,18.402,34.0,54.34
2026-07-08 03:06:39,57.0,61.000              ,544.902,200.0,1200.0,0.0,57.125,57.125              ,57.125,57.125,57.125,57.125,57.125,57.125,57.125,52.271              ,33.630              ,53.646              ,56.772              ,48.780              ,44.202              ,49.520              ,65.638              ,50.558              ,2540.000            ,2540.000            ,2540.000            ,2540.000            ,2540.000            ,2540.000            ,3175.000            ,3175.000            ,3175.000            ,1.434,1.431,1.997,2.0,1.701,1.701,2.261,2.254,18.62,4714.0,10752.0,24.906,35.0,40.15
2026-07-08 03:06:40,57.0,60.000              ,544.902,200.0,1067.0,0.0,57.375,57.375              ,57.375,57.375,57.375,57.375,57.375,57.375,57.375,43.754              ,33.170              ,47.114              ,53.422              ,42.245              ,35.156              ,45.121              ,67.582              ,45.945              ,2540.000            ,2540.000            ,2540.000            ,2540.000            ,2116.667            ,2116.667            ,3175.000            ,3175.000            ,3175.000            ,1.4,1.402,1.773,1.771,1.468,1.468,2.421,2.419,18.526,4826.0,10835.0,22.878,36.0,43.71
2026-07-08 03:06:41,58.0,61.000              ,544.902,200.0,1200.0,0.0,58.125,58.125              ,58.125,58.125,58.125,58.125,58.125,58.125,58.125,51.325              ,16.570              ,69.615              ,40.373              ,58.932              ,29.024              ,56.786              ,25.956              ,43.572              ,2133.333            ,2133.333            ,2560.000            ,2560.000            ,2560.000            ,2560.000            ,3200.000            ,3200.000            ,3200.000            ,1.506,1.504,2.701,2.705,2.096,2.096,1.892,1.892,18.243,4835.0,10844.0,22.624,37.0,44.2
2026-07-08 03:06:42,57.0,59.000              ,544.902,200.0,1200.0,0.0,57.5,57.500              ,57.5,57.5,57.5,57.5,57.5,57.5,57.5,59.360              ,30.873              ,53.651              ,53.565              ,45.783              ,43.512              ,57.521              ,52.668              ,49.617              ,2460.000            ,2460.000            ,3075.000            ,3075.000            ,3075.000            ,3075.000            ,2460.000            ,2460.000            ,3075.000            ,1.494,1.496,1.605,1.601,1.559,1.559,2.101,2.101,17.894,4794.0,10817.0,23.53,38.0,42.5
2026-07-08 03:06:43,57.0,58.000              ,544.902,200.0,1067.0,0.0,57.625,57.625              ,57.625,57.625,57.625,57.625,57.625,57.625,57.625,64.783              ,29.911              ,67.889              ,51.781              ,49.006              ,37.828              ,62.379              ,43.097              ,50.834              ,3000.000            ,3000.000            ,3000.000            ,3000.000            ,2400.000            ,2400.000            ,2380.000            ,2380.000            ,3000.000            ,1.629,1.628,1.978,1.978,1.514,1.514,1.844,1.814,17.861,4849.0,10873.0,23.505,39.0,42.54
2026-07-08 03:06:44,57.0,59.000              ,544.902,200.0,1067.0,0.0,57.75,57.750              ,57.75,57.75,57.75,57.75,57.75,57.75,57.75,49.425              ,25.775              ,61.901              ,51.880              ,50.888              ,40.008              ,53.039              ,55.339              ,48.532              ,2380.000            ,2380.000            ,2975.000            ,2975.000            ,2380.000            ,2380.000            ,2380.000            ,2380.000            ,2975.000            ,1.182,1.18,1.925,1.925,1.597,1.605,2.006,2.039,17.971,4970.0,10997.0,23.198,40.0,43.11
2026-07-08 03:06:45,57.0,60.000              ,544.902,200.0,1200.0,0.0,57.375,57.375              ,57.375,57.375,57.375,57.375,57.375,57.375,57.375,50.539              ,28.438              ,60.656              ,57.734              ,53.884              ,40.136              ,65.986              ,39.519              ,49.612              ,2340.000            ,2340.000            ,2340.000            ,2340.000            ,2340.000            ,2340.000            ,2900.000            ,2900.000            ,2900.000            ,1.3,1.3,1.71,1.71,1.537,1.531,1.7,1.7,17.53,5039.0,11061.0,18.275,41.0,54.72
2026-07-08 03:06:46,57.0,63.000              ,544.902,200.0,1200.0,0.0,57.5,57.500              ,57.5,57.5,57.5,57.5,57.5,57.5,57.5,47.513              ,29.057              ,68.795              ,46.754              ,49.076              ,41.893              ,59.620              ,46.464              ,48.647              ,2360.000            ,2360.000            ,2950.000            ,2950.000            ,2360.000            ,2360.000            ,2360.000            ,2360.000            ,2950.000            ,1.142,1.142,1.65,1.653,1.41,1.385,1.706,1.706,17.141,5073.0,11085.0,20.059,42.0,49.85
2026-07-08 03:06:47,57.0,64.000              ,544.902,200.0,1200.0,0.0,57.25,57.250              ,57.25,57.25,57.25,57.25,57.25,57.25,57.25,43.552              ,29.027              ,62.961              ,58.010              ,53.270              ,43.334              ,53.307              ,51.063              ,49.316              ,2380.000            ,2380.000            ,2975.000            ,2975.000            ,2380.000            ,2380.000            ,2380.000            ,2380.000            ,2975.000            ,1.183,1.183,1.828,1.825,1.328,1.35,1.533,1.533,17.45,4879.0,10887.0,18.197,43.0,54.95
2026-07-08 03:06:48,57.0,63.000              ,544.902,200.0,1067.0,0.0,57.375,57.375              ,57.375,57.375,57.375,57.375,57.375,57.375,57.375,48.971              ,25.574              ,57.560              ,47.912              ,52.424              ,38.801              ,60.811              ,39.539              ,46.449              ,2240.000            ,2240.000            ,2240.000            ,2800.000            ,2240.000            ,2240.000            ,2825.000            ,2825.000            ,2825.000            ,1.337,1.337,1.666,1.67,1.706,1.706,1.848,1.848,17.061,4944.0,10960.0,17.358,44.0,57.61
2026-07-08 03:06:49,57.0,60.000              ,544.902,200.0,1200.0,0.0,57.625,57.625              ,57.625,57.625,57.625,57.625,57.625,57.625,57.625,54.333              ,14.215              ,67.323              ,36.000              ,62.385              ,20.536              ,59.780              ,25.818              ,42.549              ,2420.000            ,2420.000            ,3025.000            ,3025.000            ,2420.000            ,2420.000            ,2420.000            ,2420.000            ,3025.000            ,1.375,1.375,2.228,2.224,1.897,1.9,1.811,1.811,17.171,4998.0,11014.0,22.132,45.0,45.18
2026-07-08 03:06:50,57.0,59.000              ,544.902,200.0,1067.0,0.0,57.5,57.500              ,57.5,57.5,57.5,57.5,57.5,57.5,57.5,59.242              ,17.726              ,71.884              ,31.778              ,66.009              ,25.056              ,67.542              ,15.604              ,44.355              ,2440.000            ,2440.000            ,2440.000            ,2440.000            ,2440.000            ,2440.000            ,3050.000            ,3050.000            ,3050.000            ,1.384,1.384,2.028,2.036,1.906,1.903,1.423,1.426,17.06,4882.0,10897.0,23.242,46.0,43.03
2026-07-08 03:06:51,57.0,58.000              ,544.902,200.0,1067.0,0.0,57.5,57.500              ,57.5,57.5,57.5,57.5,57.5,57.5,57.5,60.764              ,18.773              ,65.624              ,38.601              ,67.761              ,17.673              ,69.375              ,19.689              ,44.783              ,2320.000            ,2320.000            ,2320.000            ,2320.000            ,2340.000            ,2340.000            ,2925.000            ,2925.000            ,2925.000            ,1.304,1.304,2.247,2.239,1.862,1.862,1.7,1.697,16.784,4916.0,10939.0,21.827,47.0,45.81
2026-07-08 03:06:52,57.0,55.000              ,544.902,200.0,1067.0,0.0,57.5,57.500              ,57.5,57.5,57.5,57.5,57.5,57.5,57.5,54.243              ,21.076              ,69.460              ,42.767              ,55.497              ,27.192              ,67.024              ,31.189              ,46.056              ,2360.000            ,2360.000            ,2925.000            ,2925.000            ,2340.000            ,2340.000            ,2340.000            ,2340.000            ,2925.000            ,1.304,1.304,2.001,2.001,1.539,1.542,1.832,1.832,16.539,4966.0,10985.0,17.658,48.0,56.63
2026-07-08 03:06:53,57.0,57.000              ,544.902,200.0,1067.0,0.0,57.5,57.500              ,57.5,57.5,57.5,57.5,57.5,57.5,57.5,48.542              ,27.433              ,67.674              ,43.690              ,52.858              ,43.906              ,64.597              ,33.454              ,47.769              ,2320.000            ,2320.000            ,2900.000            ,2900.000            ,2340.000            ,2340.000            ,2340.000            ,2340.000            ,2900.000            ,1.238,1.241,1.728,1.728,1.641,1.637,1.8,1.8,16.973,5069.0,11200.0,17.344,49.0,57.66
2026-07-08 03:06:54,57.0,61.000              ,514.07,200.0,1067.0,0.0,57.25,57.250              ,57.25,57.25,57.25,57.25,57.25,57.25,57.25,53.023              ,22.887              ,65.475              ,63.885              ,49.382              ,54.409              ,54.404              ,16.940              ,47.551              ,2340.000            ,2340.000            ,2925.000            ,2925.000            ,2320.000            ,2320.000            ,2320.000            ,2320.000            ,2925.000            ,1.228,1.224,1.728,1.73,1.613,1.613,1.231,1.231,16.542,5095.0,11234.0,18.18,50.0,55.01
2026-07-08 03:06:55,57.0,64.000              ,514.07,200.0,1200.0,0.0,57.25,57.250              ,57.25,57.25,57.25,57.25,57.25,57.25,57.25,58.529              ,21.187              ,69.265              ,51.591              ,44.384              ,39.514              ,58.669              ,35.320              ,47.307              ,2240.000            ,2240.000            ,2800.000            ,2800.000            ,2220.000            ,2220.000            ,2240.000            ,2240.000            ,2800.000            ,1.089,1.074,1.579,1.577,1.09,1.09,1.254,1.255,16.542,5143.0,11252.0,17.428,51.0,57.38
2026-07-08 03:06:56,57.0,65.000              ,514.07,200.0,1067.0,0.0,57.25,57.250              ,57.25,57.25,57.25,57.25,57.25,57.25,57.25,36.107              ,29.110              ,53.694              ,38.048              ,57.238              ,39.199              ,57.915              ,38.740              ,43.756              ,2220.000            ,2220.000            ,2800.000            ,2825.000            ,2260.000            ,2260.000            ,2260.000            ,2260.000            ,2825.000            ,0.88,0.894,1.253,1.258,1.351,1.353,1.488,1.487,16.243,5156.0,11281.0,25.151,52.0,39.76
2026-07-08 03:06:57,57.0,63.000              ,514.07,200.0,1200.0,0.0,57.25,57.250              ,57.25,57.25,57.25,57.25,57.25,57.25,57.25,41.197              ,21.912              ,66.874              ,25.743              ,61.608              ,20.134              ,65.282              ,12.968              ,39.465              ,2320.000            ,2320.000            ,2900.000            ,2900.000            ,2320.000            ,2320.000            ,2800.000            ,2800.000            ,2900.000            ,0.959,0.957,1.51,1.505,1.308,1.306,1.279,1.258,16.058,5164.0,11274.0,26.242,53.0,38.11
2026-07-08 03:06:58,57.0,62.000              ,514.07,200.0,1200.0,0.0,57.25,57.250              ,57.25,57.25,57.25,57.25,57.25,57.25,57.25,58.095              ,17.316              ,64.013              ,40.399              ,53.735              ,22.912              ,69.810              ,27.281              ,44.195              ,2280.000            ,2280.000            ,2850.000            ,2850.000            ,2280.000            ,2280.000            ,2280.000            ,2280.000            ,2850.000            ,1.04,1.041,1.43,1.43,1.121,1.121,1.398,1.422,16.54,5169.0,11275.0,24.95,54.0,40.08
2026-07-08 03:06:59,57.0,60.000              ,514.07,200.0,1200.0,0.0,57.25,57.250              ,57.25,57.25,57.25,57.25,57.25,57.25,57.25,59.844              ,18.519              ,69.959              ,37.088              ,64.261              ,23.417              ,68.562              ,21.588              ,45.405              ,2220.000            ,2220.000            ,2775.000            ,2775.000            ,2200.000            ,2200.000            ,2220.000            ,2220.000            ,2775.000            ,1.051,1.051,1.479,1.458,1.173,1.173,1.164,1.162,15.894,5231.0,11310.0,17.537,55.0,57.02
2026-07-08 03:07:00,57.0,58.000              ,514.07,200.0,1067.0,0.0,57.25,57.250              ,57.25,57.25,57.25,57.25,57.25,57.25,57.25,62.799              ,22.190              ,69.803              ,53.909              ,62.337              ,32.329              ,65.160              ,21.827              ,48.794              ,2220.000            ,2220.000            ,2775.000            ,2775.000            ,2220.000            ,2220.000            ,2220.000            ,2220.000            ,2775.000            ,1.059,1.06,1.492,1.527,1.164,1.164,1.118,1.121,16.116,5244.0,11336.0,17.727,56.0,56.41
2026-07-08 03:07:01,57.0,59.000              ,514.07,200.0,1200.0,0.0,57.0,57.000              ,57.0,57.0,57.0,57.0,57.0,57.0,57.0,44.952              ,26.893              ,66.487              ,46.217              ,49.398              ,42.174              ,74.634              ,25.102              ,46.982              ,2160.000            ,2160.000            ,2180.000            ,2180.000            ,2725.000            ,2725.000            ,2180.000            ,2180.000            ,2725.000            ,0.904,0.902,1.344,1.331,1.133,1.133,1.344,1.343,16.238,5245.0,11346.0,21.638,57.0,46.21
2026-07-08 03:07:02,57.0,63.000              ,514.07,200.0,1200.0,0.0,57.0,57.000              ,57.0,57.0,57.0,57.0,57.0,57.0,57.0,48.180              ,27.637              ,68.998              ,63.775              ,60.893              ,31.742              ,67.402              ,32.241              ,50.108              ,2200.000            ,2200.000            ,2200.000            ,2200.000            ,2200.000            ,2200.000            ,2750.000            ,2750.000            ,2750.000            ,0.906,0.906,1.473,1.453,1.086,1.086,1.171,1.169,16.074,5265.0,11399.0,20.602,58.0,48.54
2026-07-08 03:07:03,57.0,66.000              ,514.07,200.0,1200.0,0.0,57.0,57.000              ,57.0,57.0,57.0,57.0,57.0,57.0,57.0,60.944              ,32.236              ,62.578              ,55.962              ,50.636              ,42.327              ,56.831              ,28.956              ,48.809              ,2550.000            ,2550.000            ,2550.000            ,2550.000            ,2040.000            ,2040.000            ,2040.000            ,2040.000            ,2550.000            ,1.02,1.026,1.314,1.33,1.089,1.089,0.98,0.98,15.506,5244.0,11426.0,17.687,59.0,56.54
2026-07-08 03:07:04,57.0,65.000              ,505.449,200.0,1200.0,0.0,57.0,57.000              ,57.0,57.0,57.0,57.0,57.0,57.0,57.0,44.955              ,29.271              ,69.688              ,52.524              ,50.007              ,26.399              ,35.502              ,68.694              ,47.130              ,2140.000            ,2140.000            ,2700.000            ,2700.000            ,2160.000            ,2160.000            ,2140.000            ,2140.000            ,2700.000            ,0.943,0.936,1.343,1.324,0.959,0.959,1.348,1.348,15.9,5277.0,11460.0,17.623,60.0,56.74
2026-07-08 03:07:05,57.0,64.000              ,505.449,200.0,1067.0,0.0,57.0,57.000              ,57.0,57.0,57.0,57.0,57.0,57.0,57.0,58.046              ,23.769              ,64.428              ,53.668              ,49.016              ,34.002              ,57.052              ,41.683              ,47.708              ,2160.000            ,2160.000            ,2675.000            ,2675.000            ,2140.000            ,2140.000            ,2140.000            ,2140.000            ,2675.000            ,0.984,0.984,1.363,1.382,1.012,1.012,1.176,1.176,15.991,5301.0,11495.0,17.361,61.0,57.6
2026-07-08 03:07:06,56.0,64.000              ,505.449,200.0,1200.0,0.0,56.75,56.750              ,56.75,56.75,56.75,56.75,56.75,56.75,56.75,48.670              ,24.425              ,52.261              ,42.954              ,56.606              ,26.559              ,34.282              ,75.260              ,45.127              ,2160.000            ,2160.000            ,2160.000            ,2160.000            ,2160.000            ,2160.000            ,2700.000            ,2725.000            ,2725.000            ,0.9,0.9,1.043,1.043,1.036,1.036,1.505,1.505,15.723,5365.0,11540.0,26.001,62.0,38.46
2026-07-08 03:07:07,56.0,61.000              ,505.449,200.0,1200.0,0.0,56.75,56.750              ,56.75,56.75,56.75,56.75,56.75,56.75,56.75,62.339              ,20.359              ,54.427              ,47.517              ,49.440              ,31.901              ,60.497              ,39.048              ,45.691              ,2160.000            ,2160.000            ,2160.000            ,2160.000            ,2180.000            ,2160.000            ,2700.000            ,2700.000            ,2700.000            ,1.021,1.007,1.166,1.168,1.012,1.012,1.303,1.305,15.542,5389.0,11567.0,23.576,63.0,42.42
2026-07-08 03:07:08,56.0,60.000              ,505.449,200.0,1200.0,0.0,56.75,56.750              ,56.75,56.75,56.75,56.75,56.75,56.75,56.75,63.973              ,23.745              ,67.632              ,48.084              ,48.785              ,39.562              ,71.342              ,34.521              ,49.706              ,2160.000            ,2160.000            ,2675.000            ,2675.000            ,2140.000            ,2140.000            ,2140.000            ,2140.000            ,2675.000            ,0.951,0.964,1.29,1.288,1.033,1.033,1.295,1.294,15.867,5415.0,11606.0,19.761,64.0,50.6
2026-07-08 03:07:09,56.0,60.000              ,505.449,200.0,1200.0,0.0,57.0,57.000              ,57.0,57.0,57.0,57.0,57.0,57.0,57.0,53.229              ,37.599              ,59.522              ,46.719              ,55.648              ,29.778              ,62.966              ,33.036              ,47.312              ,2080.000            ,2100.000            ,2625.000            ,2625.000            ,2100.000            ,2100.000            ,2625.000            ,2625.000            ,2625.000            ,1.086,1.088,1.343,1.346,1.103,1.103,1.217,1.21,15.462,5458.0,11686.0,205.253,65.0,4.87
2026-07-08 03:07:10,57.0,58.000              ,505.715,200.0,1200.0,0.0,57.0,57.000              ,57.0,57.0,57.0,57.0,57.0,57.0,57.0,52.257              ,29.850              ,59.984              ,43.700              ,54.846              ,30.983              ,47.364              ,54.291              ,46.659              ,2140.000            ,2120.000            ,2650.000            ,2650.000            ,2120.000            ,2120.000            ,2140.000            ,2160.000            ,2650.000            ,0.996,0.994,1.332,1.332,1.076,1.076,1.337,1.351,15.708,5523.0,11714.0,205.735,66.0,4.86
2026-07-08 03:07:11,57.0,55.000              ,504.703,200.0,1200.0,0.0,57.0,57.000              ,57.0,57.0,57.0,57.0,57.0,57.0,57.0,43.065              ,23.768              ,73.041              ,29.990              ,39.424              ,48.973              ,45.138              ,33.936              ,42.167              ,2140.000            ,2140.000            ,2140.000            ,2140.000            ,2675.000            ,2650.000            ,2120.000            ,2120.000            ,2675.000            ,0.877,0.877,1.468,1.469,1.237,1.237,1.089,1.086,15.19,5543.0,11737.0,197.856,67.0,5.05
2026-07-08 03:07:12,57.0,44.000              ,506.207,200.0,1200.0,0.0,57.25,57.250              ,57.25,57.25,57.25,57.25,57.25,57.25,57.25,42.047              ,20.018              ,54.860              ,33.143              ,50.392              ,42.242              ,41.404              ,44.379              ,41.061              ,2400.000            ,2400.000            ,3000.000            ,3000.000            ,2975.000            ,2975.000            ,2380.000            ,2360.000            ,3000.000            ,1.073,1.073,1.551,1.548,1.62,1.62,1.518,1.518,15.872,5579.0,11791.0,791.796,68.0,1.26
2026-07-08 03:07:13,57.0,46.000              ,506.031,200.0,1200.0,0.0,57.5,57.500              ,57.5,57.5,57.5,57.5,57.5,57.5,57.5,41.118              ,27.385              ,63.366              ,43.614              ,45.479              ,29.197              ,72.322              ,19.348              ,42.729              ,2033.333            ,2033.333            ,3050.000            ,3075.000            ,2050.000            ,2050.000            ,2480.000            ,2480.000            ,3075.000            ,1.078,1.081,1.829,1.829,1.25,1.296,1.461,1.461,15.627,5552.0,11828.0,794.81,69.0,1.26
2026-07-08 03:07:17,56.0,44.000              ,507.309,200.0,1200.0,0.0,56.75,56.750              ,56.75,56.75,56.75,56.75,56.75,56.75,56.75,83.787              ,70.134              ,78.346              ,79.826              ,77.026              ,74.817              ,93.813              ,87.890              ,80.705              ,1940.000            ,1940.000            ,1940.000            ,1940.000            ,1940.000            ,1940.000            ,2250.000            ,2275.000            ,2275.000            ,1.0,0.999,1.044,1.045,1.022,1.0,1.254,1.258,15.421,5544.0,11856.0,0.0,73.0,
2026-07-08 03:07:18,56.0,46.000              ,505.434,200.0,1200.0,0.0,56.75,56.750              ,56.75,56.75,56.75,56.75,56.75,56.75,56.75,67.623              ,40.579              ,49.872              ,57.123              ,57.390              ,36.300              ,94.245              ,94.915              ,62.256              ,1880.000            ,1880.000            ,1880.000            ,1880.000            ,1880.000            ,1880.000            ,2350.000            ,2350.000            ,2350.000            ,0.943,0.943,0.925,0.924,0.831,0.831,1.485,1.465,15.184,5577.0,11861.0,0.0,74.0,
2026-07-08 03:07:19,56.0,64.000              ,507.715,200.0,1200.0,0.0,56.75,56.750              ,56.75,56.75,56.75,56.75,56.75,56.75,56.75,74.627              ,68.904              ,64.133              ,65.116              ,72.270              ,65.983              ,82.119              ,78.942              ,71.512              ,1860.000            ,1860.000            ,1860.000            ,1860.000            ,1860.000            ,1860.000            ,2325.000            ,2325.000            ,2325.000            ,1.018,1.018,0.938,0.938,0.98,0.982,1.245,1.245,15.347,5482.0,11882.0,0.0,75.0,
2026-07-08 03:07:20,56.0,69.000              ,507.715,200.0,1200.0,0.0,56.5,56.500              ,56.5,56.5,56.5,56.5,56.5,56.5,56.5,58.627              ,46.351              ,55.636              ,48.819              ,68.103              ,61.642              ,80.279              ,73.537              ,61.624              ,2225.000            ,2225.000            ,1780.000            ,1780.000            ,1780.000            ,1780.000            ,1780.000            ,1780.000            ,2225.000            ,0.815,0.815,0.865,0.865,0.965,0.965,1.24,1.24,15.301,5310.0,11894.0,0.0,76.0,
2026-07-08 03:07:21,56.0,69.000              ,507.715,200.0,1200.0,0.0,56.5,56.500              ,56.5,56.5,56.5,56.5,56.5,56.5,56.5,44.697              ,20.762              ,55.032              ,31.629              ,43.541              ,30.243              ,73.132              ,86.957              ,48.249              ,2020.000            ,2020.000            ,2020.000            ,2020.000            ,2020.000            ,2020.000            ,2525.000            ,2525.000            ,2525.000            ,0.746,0.746,0.966,0.966,0.842,0.841,1.557,1.56,15.028,5346.0,11901.0,0.0,77.0,
2026-07-08 03:07:22,56.0,65.000              ,507.715,200.0,1200.0,0.0,56.5,56.500              ,56.5,56.5,56.5,56.5,56.5,56.5,56.5,51.656              ,37.405              ,50.461              ,38.374              ,59.805              ,46.780              ,68.706              ,72.323              ,53.189              ,2080.000            ,2080.000            ,2080.000            ,2080.000            ,2080.000            ,2080.000            ,2600.000            ,2600.000            ,2600.000            ,0.872,0.872,0.911,0.911,1.002,1.004,1.403,1.401,15.584,5351.0,11912.0,0.0,78.0,
2026-07-08 03:07:23,56.0,67.000              ,507.715,200.0,1200.0,0.0,56.125,56.125              ,56.125,56.125,56.125,56.125,56.125,56.125,56.125,41.009              ,28.548              ,45.870              ,38.833              ,48.130              ,36.467              ,73.224              ,78.536              ,48.827              ,1920.000            ,1920.000            ,1920.000            ,1920.000            ,2400.000            ,2375.000            ,1900.000            ,1900.000            ,2400.000            ,0.704,0.704,0.893,0.896,0.835,0.833,1.479,1.479,15.04,5364.0,11925.0,0.0,79.0,
2026-07-08 03:07:24,56.0,68.000              ,507.465,200.0,1200.0,0.0,56.125,56.125              ,56.125,56.125,56.125,56.125,56.125,56.125,56.125,37.999              ,21.023              ,45.698              ,34.126              ,41.976              ,35.672              ,63.897              ,76.395              ,44.598              ,2120.000            ,2120.000            ,2120.000            ,2120.000            ,2120.000            ,2120.000            ,2650.000            ,2650.000            ,2650.000            ,0.711,0.711,0.983,0.985,0.878,0.88,1.499,1.499,15.28,5366.0,11945.0,0.0,80.0,
2026-07-08 03:07:25,56.0,65.000              ,507.465,200.0,1067.0,0.0,56.25,56.250              ,56.25,56.25,56.25,56.25,56.25,56.25,56.25,38.244              ,19.441              ,48.689              ,29.492              ,55.636              ,51.810              ,58.832              ,49.433              ,43.947              ,2120.000            ,2120.000            ,2120.000            ,2120.000            ,2650.000            ,2650.000            ,2120.000            ,2120.000            ,2650.000            ,0.76,0.76,1.047,1.043,1.171,1.151,1.163,1.165,15.166,5388.0,11942.0,0.0,81.0,
2026-07-08 03:07:26,56.0,65.000              ,507.465,200.0,1200.0,0.0,56.375,56.375              ,56.375,56.375,56.375,56.375,56.375,56.375,56.375,46.338              ,25.313              ,55.717              ,31.883              ,52.689              ,47.084              ,66.012              ,61.551              ,48.323              ,2120.000            ,2120.000            ,2120.000            ,2120.000            ,2120.000            ,2120.000            ,2650.000            ,2650.000            ,2650.000            ,0.884,0.884,1.089,1.091,1.21,1.229,1.593,1.591,15.36,5451.0,12008.0,0.0,82.0,
2026-07-08 03:07:27,56.0,65.000              ,507.465,200.0,1200.0,0.0,56.25,56.250              ,56.25,56.25,56.25,56.25,56.25,56.25,56.25,59.134              ,25.392              ,58.203              ,32.641              ,58.139              ,55.664              ,69.364              ,63.149              ,52.711              ,2080.000            ,2080.000            ,2600.000            ,2600.000            ,2080.000            ,2080.000            ,2600.000            ,2600.000            ,2600.000            ,0.86,0.86,0.882,0.88,1.078,1.078,1.325,1.325,15.31,5483.0,12117.0,0.0,83.0,
2026-07-08 03:07:28,56.0,65.000              ,507.465,200.0,1067.0,0.0,56.25,56.250              ,56.25,56.25,56.25,56.25,56.25,56.25,56.25,63.118              ,47.384              ,68.532              ,41.507              ,71.104              ,57.969              ,82.144              ,59.716              ,61.434              ,1840.000            ,1840.000            ,1840.000            ,1840.000            ,1840.000            ,1840.000            ,2300.000            ,2300.000            ,2300.000            ,0.909,0.895,0.882,0.885,1.001,1.001,1.205,1.205,14.927,5470.0,12161.0,0.0,84.0,
2026-07-08 03:07:29,56.0,66.000              ,507.465,200.0,933.0,0.0,56.5,56.500              ,56.5,56.5,56.5,56.5,56.5,56.5,56.5,42.065              ,20.898              ,60.273              ,35.231              ,55.627              ,46.216              ,58.630              ,66.333              ,48.159              ,2100.000            ,2100.000            ,2625.000            ,2625.000            ,2100.000            ,2100.000            ,2100.000            ,2100.000            ,2625.000            ,0.831,0.845,1.165,1.166,1.17,1.17,1.52,1.52,15.119,5524.0,12197.0,0.0,85.0,
2026-07-08 03:07:30,57.0,65.000              ,507.465,200.0,933.0,0.0,57.25,57.250              ,57.25,57.25,57.25,57.25,57.25,57.25,57.25,46.468              ,35.805              ,68.226              ,63.848              ,54.963              ,24.101              ,44.608              ,33.050              ,46.384              ,2016.667            ,2016.667            ,3025.000            ,3025.000            ,2420.000            ,2420.000            ,2420.000            ,2420.000            ,3025.000            ,1.179,1.179,2.037,2.033,1.252,1.252,1.2,1.2,15.288,5527.0,12213.0,0.0,86.0,
2026-07-08 03:07:31,57.0,64.000              ,507.465,200.0,1067.0,0.0,57.625,57.625              ,57.625,57.625,57.625,57.625,57.625,57.625,57.625,92.821              ,94.798              ,48.489              ,39.885              ,33.167              ,14.111              ,26.060              ,14.139              ,45.434              ,2800.000            ,2800.000            ,2240.000            ,2240.000            ,1866.667            ,1866.667            ,1866.667            ,1866.667            ,2800.000            ,2.298,2.298,1.14,1.145,0.709,0.709,0.626,0.626,15.234,5572.0,12261.0,0.0,87.0,
2026-07-08 03:07:32,57.0,64.000              ,507.465,200.0,1200.0,0.0,57.625,57.625              ,57.625,57.625,57.625,57.625,57.625,57.625,57.625,91.116              ,94.602              ,47.305              ,43.916              ,33.372              ,22.602              ,32.518              ,12.407              ,47.230              ,2775.000            ,2775.000            ,2220.000            ,2220.000            ,1850.000            ,1850.000            ,1850.000            ,1850.000            ,2775.000            ,2.219,2.219,1.148,1.143,0.78,0.78,0.652,0.641,15.183,5541.0,12314.0,0.0,88.0,
2026-07-08 03:07:33,57.0,65.000              ,507.465,200.0,1067.0,0.0,57.0,57.000              ,57.0,57.0,57.0,57.0,57.0,57.0,57.0,74.832              ,65.990              ,61.500              ,50.470              ,58.836              ,35.932              ,74.937              ,63.970              ,60.808              ,2375.000            ,2375.000            ,1900.000            ,1900.000            ,1900.000            ,1900.000            ,1900.000            ,1900.000            ,2375.000            ,1.261,1.263,0.981,0.981,0.888,0.888,1.257,1.277,15.302,5509.0,12353.0,0.0,89.0,
2026-07-08 03:07:34,57.0,64.000              ,507.465,200.0,1067.0,0.0,57.0,57.000              ,57.0,57.0,57.0,57.0,57.0,57.0,57.0,39.364              ,33.995              ,63.528              ,30.532              ,45.296              ,15.492              ,85.596              ,92.098              ,50.738              ,2160.000            ,2160.000            ,2160.000            ,2160.000            ,2160.000            ,2160.000            ,2700.000            ,2700.000            ,2700.000            ,0.897,0.897,1.094,1.094,0.8,0.8,2.158,2.158,15.178,5559.0,12401.0,0.0,90.0,
2026-07-08 03:07:35,56.0,64.000              ,507.465,200.0,1067.0,0.0,57.0,57.000              ,57.0,57.0,57.0,57.0,57.0,57.0,57.0,50.119              ,36.659              ,61.516              ,30.632              ,47.784              ,26.362              ,77.078              ,82.113              ,51.533              ,2080.000            ,2080.000            ,2080.000            ,2080.000            ,2080.000            ,2080.000            ,2600.000            ,2600.000            ,2600.000            ,1.07,1.068,1.042,1.044,0.939,1.075,1.903,1.903,15.092,5585.0,12468.0,0.0,91.0,
2026-07-08 03:07:36,56.0,63.000              ,507.465,200.0,1067.0,0.0,56.25,56.250              ,56.25,56.25,56.25,56.25,56.25,56.25,56.25,59.682              ,55.593              ,70.816              ,60.748              ,49.393              ,79.021              ,85.549              ,90.699              ,68.938              ,1860.000            ,1860.000            ,1860.000            ,1860.000            ,1860.000            ,1860.000            ,2325.000            ,2325.000            ,2325.000            ,0.925,0.925,1.03,1.027,1.159,0.979,1.488,1.488,15.382,5534.0,12491.0,0.0,92.0,
2026-07-08 03:07:37,56.0,64.000              ,507.465,200.0,1067.0,0.0,56.625,56.625              ,56.625,56.625,56.625,56.625,56.625,56.625,56.625,39.740              ,39.684              ,45.894              ,29.641              ,24.618              ,8.669               ,84.954              ,75.692              ,43.612              ,1833.333            ,1833.333            ,2200.000            ,2200.000            ,1833.333            ,1833.333            ,2750.000            ,2750.000            ,2750.000            ,1.045,1.045,1.116,1.116,0.567,0.57,2.203,2.203,14.896,5583.0,12538.0,0.0,93.0,
2026-07-08 03:07:38,56.0,65.000              ,507.465,200.0,1200.0,0.0,56.5,56.500              ,56.5,56.5,56.5,56.5,56.5,56.5,56.5,44.690              ,32.556              ,42.444              ,38.407              ,46.836              ,14.392              ,88.100              ,90.498              ,49.740              ,1966.667            ,1966.667            ,2360.000            ,2360.000            ,1966.667            ,1966.667            ,2950.000            ,2950.000            ,2950.000            ,0.916,0.918,1.001,1.003,0.767,0.765,2.037,2.039,15.222,5617.0,12595.0,0.0,94.0,
2026-07-08 03:07:39,56.0,65.000              ,507.465,200.0,1067.0,0.0,56.5,56.500              ,56.5,56.5,56.5,56.5,56.5,56.5,56.5,82.480              ,80.201              ,77.962              ,77.505              ,76.673              ,71.634              ,88.404              ,91.498              ,80.795              ,1880.000            ,1880.000            ,1880.000            ,1880.000            ,1880.000            ,1880.000            ,2350.000            ,2350.000            ,2350.000            ,1.057,1.055,1.021,1.019,1.003,1.003,1.256,1.254,15.273,5522.0,12643.0,0.0,95.0,
2026-07-08 03:07:40,56.0,63.000              ,507.465,200.0,1067.0,0.0,56.25,56.250              ,56.25,56.25,56.25,56.25,56.25,56.25,56.25,66.594              ,57.663              ,49.312              ,37.021              ,48.792              ,21.168              ,57.899              ,78.940              ,52.174              ,2000.000            ,2000.000            ,2000.000            ,2000.000            ,2000.000            ,2000.000            ,2500.000            ,2500.000            ,2500.000            ,1.356,1.356,0.937,0.941,0.829,0.829,1.538,1.543,14.901,5589.0,12709.0,0.0,96.0,
2026-07-08 03:07:41,56.0,62.000              ,507.465,200.0,1200.0,0.0,56.25,56.250              ,56.25,56.25,56.25,56.25,56.25,56.25,56.25,71.894              ,80.201              ,71.177              ,65.719              ,76.113              ,50.218              ,86.710              ,92.029              ,74.258              ,2040.000            ,2040.000            ,2200.000            ,2200.000            ,2200.000            ,2200.000            ,2200.000            ,2200.000            ,2200.000            ,1.037,1.037,0.955,0.953,0.969,0.969,1.264,1.249,15.315,5332.0,12740.0,0.0,97.0,
2026-07-08 03:07:42,56.0,63.000              ,507.465,200.0,1200.0,0.0,56.0,56.000              ,56.0,56.0,56.0,56.0,56.0,56.0,56.0,46.254              ,31.049              ,35.232              ,35.291              ,29.957              ,9.561               ,80.677              ,81.952              ,43.747              ,1980.000            ,1980.000            ,1980.000            ,2000.000            ,2000.000            ,2000.000            ,2500.000            ,2500.000            ,2500.000            ,0.835,0.835,0.925,0.923,0.574,0.574,1.632,1.632,14.845,5368.0,12765.0,0.0,98.0,
2026-07-08 03:07:43,55.0,63.000              ,507.465,200.0,1067.0,0.0,55.875,55.875              ,55.875,55.875,55.875,55.875,55.875,55.875,55.875,39.139              ,22.159              ,51.415              ,26.964              ,23.853              ,5.581               ,70.578              ,48.236              ,35.991              ,2180.000            ,2180.000            ,2725.000            ,2725.000            ,2180.000            ,2180.000            ,2180.000            ,2180.000            ,2725.000            ,0.842,0.844,1.087,1.09,0.53,0.53,1.821,1.821,14.937,5423.0,12822.0,0.0,99.0,
2026-07-08 03:07:44,56.0,64.000              ,507.465,200.0,1200.0,0.0,56.125,56.125              ,56.125,56.125,56.125,56.125,56.125,56.125,56.125,34.914              ,21.503              ,59.270              ,24.811              ,25.658              ,7.584               ,55.912              ,52.043              ,35.212              ,1916.667            ,1916.667            ,2300.000            ,2300.000            ,1642.857            ,1642.857            ,2875.000            ,2875.000            ,2875.000            ,0.932,0.93,1.403,1.401,0.675,0.675,1.868,1.87,15.127,5462.0,12854.0,0.0,100.0,
2026-07-08 03:07:45,56.0,65.000              ,507.465,200.0,933.0,0.0,56.0,56.000              ,56.0,56.0,56.0,56.0,56.0,56.0,56.0,40.360              ,34.142              ,58.396              ,21.578              ,36.491              ,11.642              ,52.026              ,44.915              ,37.444              ,2340.000            ,2340.000            ,2340.000            ,2340.000            ,2340.000            ,2340.000            ,2925.000            ,2925.000            ,2925.000            ,0.98,0.982,1.262,1.261,0.845,0.845,1.258,1.256,14.728,5483.0,12849.0,0.0,101.0,
2026-07-08 03:07:46,55.0,62.000              ,507.465,200.0,1067.0,0.0,55.875,55.875              ,55.875,55.875,55.875,55.875,55.875,55.875,55.875,35.082              ,25.769              ,55.148              ,20.105              ,38.873              ,7.822               ,22.542              ,15.074              ,27.552              ,2133.333            ,2133.333            ,3200.000            ,3200.000            ,2560.000            ,2560.000            ,2560.000            ,2560.000            ,3200.000            ,1.172,1.17,1.611,1.616,1.054,1.054,0.919,0.919,14.767,5487.0,12854.0,0.0,102.0,
2026-07-08 03:07:47,56.0,56.000              ,507.375,200.0,933.0,0.0,56.375,56.375              ,56.375,56.375,56.375,56.375,56.375,56.375,56.375,42.049              ,24.286              ,25.926              ,39.221              ,32.287              ,12.760              ,34.245              ,14.768              ,28.193              ,3400.000            ,3400.000            ,2720.000            ,2720.000            ,2266.667            ,2266.667            ,2266.667            ,2266.667            ,3400.000            ,1.508,1.508,1.718,1.72,1.091,1.091,1.222,1.222,15.397,5369.0,12699.0,0.0,103.0,
2026-07-08 03:07:48,57.0,27.000              ,507.375,200.0,933.0,0.0,57.25,57.250              ,57.25,57.25,57.25,57.25,57.25,57.25,57.25,21.703              ,14.275              ,12.152              ,75.486              ,13.743              ,9.254               ,8.175               ,3.763               ,19.819              ,2480.000            ,2480.000            ,2480.000            ,2480.000            ,3100.000            ,3100.000            ,2480.000            ,2480.000            ,3100.000            ,1.072,1.072,4.12,4.114,1.009,1.009,0.709,0.709,13.833,5404.0,12744.0,0.0,104.0,
2026-07-08 03:07:49,57.0,0.000               ,508.371,200.0,933.0,0.0,57.75,57.750              ,57.75,57.75,57.75,57.75,57.75,57.75,57.75,30.961              ,20.434              ,5.839               ,61.474              ,11.806              ,3.425               ,25.969              ,6.769               ,20.835              ,2333.333            ,2333.333            ,3500.000            ,3500.000            ,2333.333            ,2333.333            ,2333.333            ,2333.333            ,3500.000            ,1.586,1.586,3.435,3.435,0.937,0.937,1.495,1.495,14.658,5399.0,12718.0,0.0,105.0,
2026-07-08 03:07:50,58.0,0.000               ,508.371,200.0,933.0,0.0,58.25,58.250              ,58.25,58.25,58.25,58.25,58.25,58.25,58.25,27.867              ,17.597              ,8.668               ,73.635              ,11.093              ,12.053              ,12.925              ,5.553               ,21.174              ,2333.333            ,2333.333            ,3500.000            ,3500.000            ,2333.333            ,2333.333            ,2333.333            ,2333.333            ,3500.000            ,1.348,1.348,4.218,4.218,1.277,1.277,1.011,1.012,14.559,5408.0,12729.0,0.0,106.0,
2026-07-08 03:07:51,59.0,0.000               ,508.371,200.0,933.0,0.0,59.125,59.125              ,59.125,59.125,59.125,59.125,59.125,59.125,59.125,21.940              ,16.756              ,14.748              ,63.434              ,8.586               ,8.284               ,20.295              ,3.397               ,19.680              ,2333.333            ,2333.333            ,3500.000            ,3500.000            ,2333.333            ,2333.333            ,2333.333            ,2333.333            ,3500.000            ,1.177,1.177,3.756,3.758,1.016,1.016,1.321,1.32,14.161,5457.0,12766.0,0.0,107.0,
2026-07-08 03:07:52,58.0,0.000               ,503.055,200.0,1067.0,0.0,58.875,58.875              ,58.875,58.875,58.875,58.875,58.875,58.875,58.875,26.627              ,16.441              ,31.141              ,58.797              ,8.631               ,8.869               ,8.233               ,4.749               ,20.436              ,2333.333            ,2333.333            ,3500.000            ,3500.000            ,2333.333            ,2333.333            ,2333.333            ,2333.333            ,3500.000            ,1.359,1.359,3.804,3.802,0.901,0.901,0.787,0.787,14.133,5479.0,12794.0,0.0,108.0,
2026-07-08 03:07:53,58.0,4.000               ,503.055,200.0,1200.0,0.0,58.25,58.250              ,58.25,58.25,58.25,58.25,58.25,58.25,58.25,33.886              ,25.776              ,12.212              ,54.578              ,35.812              ,7.065               ,14.418              ,8.154               ,23.988              ,2333.333            ,2333.333            ,2333.333            ,2333.333            ,3500.000            ,3500.000            ,2333.333            ,2333.333            ,3500.000            ,1.688,1.688,2.502,2.508,1.56,1.56,0.974,0.974,15.067,5536.0,12848.0,0.0,109.0,
2026-07-08 03:07:54,57.0,5.000               ,503.055,200.0,933.0,0.0,57.5,57.500              ,57.5,57.5,57.5,57.5,57.5,57.5,57.5,48.476              ,65.741              ,48.976              ,44.267              ,66.992              ,32.784              ,50.353              ,28.198              ,48.223              ,2720.000            ,2720.000            ,2720.000            ,2720.000            ,3400.000            ,3400.000            ,2720.000            ,2720.000            ,3400.000            ,1.821,1.821,1.569,1.563,1.899,1.899,1.44,1.442,15.928,5193.0,12881.0,0.0,110.0,
2026-07-08 03:07:55,57.0,1.000               ,503.195,200.0,933.0,0.0,57.125,57.125              ,57.125,57.125,57.125,57.125,57.125,57.125,57.125,23.304              ,27.841              ,11.059              ,36.893              ,47.642              ,2.258               ,10.248              ,5.461               ,20.588              ,2333.333            ,2333.333            ,3500.000            ,3500.000            ,2333.333            ,2333.333            ,2333.333            ,2333.333            ,3500.000            ,1.358,1.358,1.701,1.701,1.794,1.794,0.771,0.769,12.833,5265.0,12914.0,0.0,111.0,
2026-07-08 03:07:56,57.0,0.000               ,503.195,200.0,933.0,0.0,57.25,57.250              ,57.25,57.25,57.25,57.25,57.25,57.25,57.25,30.364              ,20.170              ,5.488               ,57.805              ,37.743              ,3.489               ,12.208              ,5.668               ,21.617              ,2800.000            ,2800.000            ,2333.333            ,2333.333            ,3500.000            ,3500.000            ,2333.333            ,2333.333            ,3500.000            ,1.489,1.489,2.326,2.326,1.456,1.433,0.838,0.838,13.511,5318.0,12955.0,0.0,112.0,
2026-07-08 03:07:57,57.0,0.000               ,503.195,200.0,933.0,0.0,57.0,57.000              ,57.0,57.0,57.0,57.0,57.0,57.0,57.0,22.993              ,24.911              ,6.792               ,38.898              ,56.913              ,2.974               ,14.656              ,4.160               ,21.537              ,2333.333            ,2333.333            ,3500.000            ,3500.000            ,2333.333            ,2333.333            ,2333.333            ,2333.333            ,3500.000            ,1.238,1.238,1.627,1.632,2.073,2.106,0.829,0.829,13.368,5352.0,13012.0,0.0,113.0,
2026-07-08 03:07:58,56.0,0.000               ,503.051,200.0,1200.0,0.0,57.0,57.000              ,57.0,57.0,57.0,57.0,57.0,57.0,57.0,26.094              ,25.475              ,13.691              ,35.820              ,54.888              ,5.618               ,27.563              ,8.477               ,24.703              ,2800.000            ,2800.000            ,2333.333            ,2333.333            ,3500.000            ,3500.000            ,2333.333            ,2333.333            ,3500.000            ,1.306,1.306,1.594,1.589,2.012,2.012,1.224,1.224,14.072,5393.0,13064.0,0.0,114.0,
2026-07-08 03:07:59,57.0,0.000               ,503.051,200.0,1067.0,0.0,57.0,57.000              ,57.0,57.0,57.0,57.0,57.0,57.0,57.0,28.267              ,28.180              ,11.432              ,33.531              ,53.858              ,9.507               ,27.652              ,8.819               ,25.156              ,2333.333            ,2333.333            ,3500.000            ,3500.000            ,2333.333            ,2333.333            ,2333.333            ,2333.333            ,3500.000            ,1.57,1.57,1.626,1.626,2.243,2.243,1.554,1.554,15.886,5498.0,13144.0,0.0,115.0,
2026-07-08 03:08:00,57.0,0.000               ,503.051,200.0,1200.0,0.0,57.5,57.500              ,57.5,57.5,57.5,57.5,57.5,57.5,57.5,34.822              ,25.289              ,17.624              ,43.864              ,44.341              ,8.639               ,28.646              ,21.016              ,28.030              ,3450.000            ,3450.000            ,2300.000            ,2300.000            ,2300.000            ,2300.000            ,2300.000            ,2300.000            ,3450.000            ,1.573,1.575,2.046,2.046,1.686,1.686,1.412,1.755,16.56,5552.0,13196.0,0.0,116.0,
2026-07-08 03:08:01,57.0,2.000               ,503.051,200.0,1200.0,0.0,57.125,57.125              ,57.125,57.125,57.125,57.125,57.125,57.125,57.125,58.941              ,49.360              ,37.955              ,53.034              ,66.664              ,22.543              ,46.764              ,38.419              ,46.710              ,2580.000            ,2580.000            ,2580.000            ,2580.000            ,3225.000            ,3225.000            ,3100.000            ,3100.000            ,3225.000            ,1.877,1.876,1.691,1.691,1.774,1.774,1.693,1.352,15.78,5458.0,13240.0,0.0,117.0,
2026-07-08 03:08:02,57.0,3.000               ,503.051,200.0,1067.0,0.0,57.375,57.375              ,57.375,57.375,57.375,57.375,57.375,57.375,57.375,32.996              ,23.861              ,21.962              ,52.367              ,45.819              ,6.298               ,9.985               ,11.470              ,25.595              ,2780.000            ,2780.000            ,3475.000            ,3475.000            ,2316.667            ,2316.667            ,2316.667            ,2316.667            ,3475.000            ,1.408,1.408,2.306,2.313,1.587,1.587,0.914,0.913,14.631,5516.0,13279.0,0.0,118.0,
2026-07-08 03:08:03,57.0,3.000               ,503.051,200.0,933.0,0.0,57.0,57.000              ,57.0,57.0,57.0,57.0,57.0,57.0,57.0,29.011              ,25.053              ,14.534              ,15.778              ,60.106              ,5.011               ,25.256              ,5.083               ,22.479              ,2560.000            ,2560.000            ,2560.000            ,2560.000            ,3200.000            ,3200.000            ,2560.000            ,2560.000            ,3200.000            ,1.384,1.396,1.131,1.125,2.485,2.485,1.405,1.405,14.324,5582.0,13346.0,0.0,119.0,
2026-07-08 03:08:04,57.0,3.000               ,503.051,200.0,1067.0,0.0,57.375,57.375              ,57.375,57.375,57.375,57.375,57.375,57.375,57.375,44.163              ,43.516              ,34.094              ,45.564              ,68.678              ,29.472              ,59.509              ,14.346              ,42.418              ,2600.000            ,2600.000            ,2600.000            ,2600.000            ,3250.000            ,3250.000            ,2600.000            ,2600.000            ,3250.000            ,1.685,1.694,1.622,1.622,2.144,2.144,1.46,1.46,16.405,5408.0,13390.0,0.0,120.0,
2026-07-08 03:08:05,57.0,0.000               ,503.051,200.0,933.0,0.0,57.25,57.250              ,57.25,57.25,57.25,57.25,57.25,57.25,57.25,22.250              ,25.697              ,9.615               ,26.449              ,58.660              ,2.827               ,12.621              ,1.730               ,19.981              ,2580.000            ,2580.000            ,2580.000            ,2580.000            ,3225.000            ,3225.000            ,2580.000            ,2580.000            ,3225.000            ,1.286,1.264,1.38,1.386,2.284,2.284,0.671,0.671,13.316,5378.0,13445.0,0.0,121.0,
2026-07-08 03:08:06,57.0,0.000               ,503.051,200.0,933.0,0.0,57.125,57.125              ,57.125,57.125,57.125,57.125,57.125,57.125,57.125,27.480              ,23.733              ,9.648               ,32.715              ,45.025              ,7.771               ,31.627              ,7.115               ,23.139              ,2333.333            ,2333.333            ,3500.000            ,3500.000            ,2333.333            ,2333.333            ,2333.333            ,2333.333            ,3500.000            ,1.316,1.316,1.481,1.475,1.715,1.715,1.324,1.324,13.405,5453.0,13511.0,0.0,122.0,
2026-07-08 03:08:07,57.0,0.000               ,503.051,200.0,933.0,0.0,57.375,57.375              ,57.375,57.375,57.375,57.375,57.375,57.375,57.375,58.446              ,49.480              ,44.575              ,39.768              ,58.819              ,31.184              ,42.347              ,24.466              ,43.636              ,2800.000            ,2800.000            ,3500.000            ,3500.000            ,2800.000            ,2800.000            ,2800.000            ,2800.000            ,3500.000            ,2.203,2.203,1.973,1.974,2.054,2.054,1.506,1.506,17.017,5301.0,13563.0,0.0,123.0,
2026-07-08 03:08:08,57.0,0.000               ,503.051,200.0,933.0,0.0,57.125,57.125              ,57.125,57.125,57.125,57.125,57.125,57.125,57.125,21.230              ,26.185              ,8.460               ,19.611              ,62.896              ,3.845               ,18.437              ,3.192               ,20.482              ,2560.000            ,2560.000            ,3200.000            ,3200.000            ,2560.000            ,2560.000            ,2560.000            ,2560.000            ,3200.000            ,1.162,1.162,1.035,1.035,2.252,2.252,0.881,0.885,12.813,5363.0,13627.0,0.0,124.0,
2026-07-08 03:08:09,57.0,0.000               ,503.051,200.0,933.0,0.0,57.25,57.250              ,57.25,57.25,57.25,57.25,57.25,57.25,57.25,30.338              ,20.938              ,5.639               ,11.343              ,80.284              ,4.499               ,8.255               ,2.070               ,20.421              ,2333.333            ,2333.333            ,2333.333            ,2333.333            ,3500.000            ,3500.000            ,2333.333            ,2333.333            ,3500.000            ,1.467,1.444,0.815,0.82,3.017,3.017,0.671,0.667,13.293,5390.0,13661.0,0.0,125.0,
2026-07-08 03:08:10,57.0,0.000               ,503.051,200.0,933.0,0.0,57.25,57.250              ,57.25,57.25,57.25,57.25,57.25,57.25,57.25,20.055              ,23.447              ,6.690               ,16.588              ,76.311              ,2.519               ,17.004              ,6.210               ,21.103              ,2333.333            ,2333.333            ,2333.333            ,2333.333            ,3500.000            ,3500.000            ,2333.333            ,2333.333            ,3500.000            ,1.123,1.142,0.943,0.94,2.79,2.79,0.934,0.934,13.372,5462.0,13702.0,0.0,126.0,
2026-07-08 03:08:11,57.0,0.000               ,503.051,200.0,1200.0,0.0,57.125,57.125              ,57.125,57.125,57.125,57.125,57.125,57.125,57.125,30.154              ,24.854              ,17.406              ,27.262              ,51.854              ,6.827               ,35.868              ,9.188               ,25.427              ,2333.333            ,2333.333            ,3500.000            ,3500.000            ,2333.333            ,2333.333            ,2333.333            ,2333.333            ,3500.000            ,1.485,1.485,1.547,1.545,1.989,1.989,1.61,1.633,14.907,5496.0,13757.0,0.0,127.0,
2026-07-08 03:08:12,57.0,1.000               ,503.051,200.0,1200.0,0.0,57.25,57.250              ,57.25,57.25,57.25,57.25,57.25,57.25,57.25,49.288              ,42.937              ,33.274              ,54.820              ,56.891              ,23.747              ,36.560              ,24.040              ,40.195              ,2800.000            ,2800.000            ,3500.000            ,3500.000            ,2333.333            ,2333.333            ,2333.333            ,2333.333            ,3500.000            ,1.887,1.887,2.291,2.291,2.034,2.034,1.495,1.475,16.643,5399.0,13797.0,0.0,128.0,
2026-07-08 03:08:13,57.0,2.000               ,503.051,200.0,1200.0,0.0,57.125,57.125              ,57.125,57.125,57.125,57.125,57.125,57.125,57.125,17.219              ,17.703              ,18.516              ,34.414              ,48.434              ,4.302               ,31.687              ,12.600              ,23.109              ,2480.000            ,2480.000            ,2480.000            ,2480.000            ,3100.000            ,3100.000            ,2480.000            ,2480.000            ,3100.000            ,1.159,1.21,1.624,1.624,1.813,1.819,1.365,1.361,14.63,5369.0,13847.0,0.0,129.0,
2026-07-08 03:08:14,57.0,0.000               ,503.051,200.0,933.0,0.0,57.375,57.375              ,57.375,57.375,57.375,57.375,57.375,57.375,57.375,11.883              ,18.098              ,16.394              ,71.669              ,15.691              ,6.824               ,26.189              ,19.058              ,23.226              ,2333.333            ,2333.333            ,3500.000            ,3500.000            ,2333.333            ,2333.333            ,2333.333            ,2333.333            ,3500.000            ,1.047,0.991,3.025,3.025,0.833,0.832,1.302,1.302,14.127,5357.0,13887.0,0.0,130.0,
2026-07-08 03:08:15,57.0,0.000               ,503.051,200.0,933.0,0.0,57.0,57.000              ,57.0,57.0,57.0,57.0,57.0,57.0,57.0,9.339               ,3.340               ,15.908              ,48.195              ,33.695              ,4.559               ,33.313              ,9.411               ,19.720              ,2400.000            ,2400.000            ,2400.000            ,2400.000            ,3000.000            ,3000.000            ,2400.000            ,2400.000            ,3000.000            ,0.75,0.75,2.105,2.107,1.403,1.398,1.406,1.406,13.075,5410.0,13942.0,0.0,131.0,
2026-07-08 03:08:16,57.0,0.000               ,503.051,200.0,1200.0,0.0,57.25,57.250              ,57.25,57.25,57.25,57.25,57.25,57.25,57.25,21.247              ,6.597               ,21.252              ,44.584              ,39.931              ,17.631              ,38.019              ,14.972              ,25.529              ,2333.333            ,2333.333            ,2333.333            ,2333.333            ,3500.000            ,3500.000            ,2800.000            ,2800.000            ,3500.000            ,1.02,1.033,2.118,2.12,1.953,1.975,1.751,1.751,14.666,5475.0,14010.0,0.0,132.0,
2026-07-08 03:08:17,57.0,0.000               ,503.051,200.0,1067.0,0.0,57.5,57.500              ,57.5,57.5,57.5,57.5,57.5,57.5,57.5,29.453              ,27.782              ,31.544              ,57.883              ,52.717              ,17.561              ,42.242              ,20.130              ,34.914              ,2800.000            ,2800.000            ,2800.000            ,2800.000            ,3500.000            ,3500.000            ,2800.000            ,2800.000            ,3500.000            ,1.544,1.531,2.519,2.515,2.071,2.049,1.725,1.725,16.757,5493.0,14086.0,0.0,133.0,
2026-07-08 03:08:18,57.0,0.000               ,503.051,200.0,933.0,0.0,57.625,57.625              ,57.625,57.625,57.625,57.625,57.625,57.625,57.625,21.371              ,11.788              ,23.048              ,54.050              ,37.279              ,14.911              ,26.997              ,14.056              ,25.438              ,2333.333            ,2333.333            ,3500.000            ,3500.000            ,2800.000            ,2760.000            ,2300.000            ,2300.000            ,3500.000            ,1.093,1.098,2.557,2.557,1.933,1.933,1.618,1.618,15.394,5520.0,14135.0,0.0,134.0,
2026-07-08 03:08:19,58.0,0.000               ,503.051,200.0,933.0,0.0,58.5,58.500              ,58.5,58.5,58.5,58.5,58.5,58.5,58.5,19.164              ,7.776               ,27.449              ,33.583              ,20.462              ,11.685              ,23.723              ,50.351              ,24.274              ,3250.000            ,3250.000            ,2620.000            ,2620.000            ,2640.000            ,2640.000            ,2800.000            ,2800.000            ,3250.000            ,0.989,0.984,1.934,1.934,1.264,1.265,2.785,2.785,15.122,5513.0,14133.0,0.0,135.0,
2026-07-08 03:08:20,59.0,0.000               ,503.051,200.0,933.0,0.0,59.375,59.375              ,59.375,59.375,59.375,59.375,59.375,59.375,59.375,16.832              ,10.436              ,18.956              ,45.652              ,15.003              ,12.668              ,14.286              ,41.700              ,21.942              ,2316.667            ,2316.667            ,2316.667            ,2316.667            ,2316.667            ,2316.667            ,3475.000            ,3475.000            ,3475.000            ,0.932,0.932,2.289,2.289,1.191,1.19,2.266,2.266,14.978,5515.0,14132.0,0.0,136.0,
2026-07-08 03:08:21,59.0,3.000               ,503.051,200.0,933.0,0.0,59.625,59.625              ,59.625,59.625,59.625,59.625,59.625,59.625,59.625,18.701              ,21.426              ,35.747              ,32.979              ,22.092              ,20.720              ,23.956              ,23.302              ,24.865              ,2333.333            ,2333.333            ,2333.333            ,2333.333            ,2333.333            ,2333.333            ,3500.000            ,3500.000            ,3500.000            ,1.415,1.421,2.377,2.377,1.678,1.682,1.841,1.841,15.831,5524.0,14133.0,0.0,137.0,
2026-07-08 03:08:22,60.0,3.000               ,503.051,200.0,933.0,0.0,60.125,60.125              ,60.125,60.125,60.125,60.125,60.125,60.125,60.125,17.014              ,11.619              ,33.173              ,22.286              ,16.244              ,12.632              ,21.675              ,16.214              ,18.857              ,2333.333            ,2333.333            ,3500.000            ,3500.000            ,2333.333            ,2333.333            ,3500.000            ,3500.000            ,3500.000            ,1.153,1.147,1.978,1.978,1.365,1.362,1.648,1.649,14.305,5525.0,14133.0,0.0,138.0,
2026-07-08 03:08:23,60.0,0.000               ,562.773,200.0,933.0,0.0,60.625,60.625              ,60.625,60.625,60.625,60.625,60.625,60.625,60.625,14.129              ,31.266              ,19.109              ,49.520              ,13.249              ,2.673               ,20.974              ,11.062              ,20.248              ,3500.000            ,3500.000            ,2333.333            ,2333.333            ,2333.333            ,2333.333            ,2333.333            ,2333.333            ,3500.000            ,1.687,1.687,2.429,2.429,0.829,0.829,1.416,1.415,14.634,5570.0,14233.0,0.0,139.0,
2026-07-08 03:08:24,61.0,0.000               ,562.773,200.0,933.0,0.0,61.375,61.375              ,61.375,61.375,61.375,61.375,61.375,61.375,61.375,14.687              ,9.685               ,26.395              ,43.260              ,3.883               ,3.966               ,43.085              ,7.035               ,19.000              ,2333.333            ,2333.333            ,2333.333            ,2333.333            ,2333.333            ,2333.333            ,3500.000            ,3500.000            ,3500.000            ,0.916,0.939,2.59,2.59,0.49,0.488,2.105,2.105,14.129,5569.0,14232.0,0.0,140.0,
2026-07-08 03:08:25,62.0,0.000               ,562.773,200.0,933.0,0.0,62.5,62.500              ,62.5,62.5,62.5,62.5,62.5,62.5,62.5,21.838              ,13.609              ,61.570              ,32.884              ,9.009               ,4.942               ,5.524               ,24.753              ,21.766              ,2700.000            ,2700.000            ,2700.000            ,2700.000            ,2250.000            ,2250.000            ,3375.000            ,3475.000            ,3475.000            ,1.205,1.181,3.941,3.941,0.837,0.845,1.398,1.401,15.707,5569.0,14232.0,0.0,141.0,
2026-07-08 03:08:26,62.0,0.000               ,562.773,200.0,933.0,0.0,62.5,62.500              ,62.5,62.5,62.5,62.5,62.5,62.5,62.5,21.100              ,23.745              ,26.090              ,62.081              ,10.828              ,4.713               ,5.164               ,6.271               ,19.999              ,2333.333            ,2333.333            ,3500.000            ,3500.000            ,2333.333            ,2333.333            ,3500.000            ,3500.000            ,3500.000            ,1.477,1.477,3.428,3.428,0.837,0.837,0.712,0.711,14.389,5568.0,14233.0,0.0,142.0,
2026-07-08 03:08:27,62.0,0.000               ,566.289,200.0,933.0,0.0,62.0,62.000              ,62.0,62.0,62.0,62.0,62.0,62.0,62.0,21.655              ,16.435              ,26.587              ,41.643              ,12.076              ,11.576              ,28.524              ,28.715              ,23.402              ,2333.333            ,2333.333            ,3500.000            ,3500.000            ,2333.333            ,2333.333            ,2333.333            ,2333.333            ,3500.000            ,1.375,1.375,2.649,2.649,0.98,0.98,1.854,1.853,14.915,5590.0,14246.0,0.0,143.0,
2026-07-08 03:08:28,62.0,0.000               ,566.289,200.0,933.0,0.0,61.875,61.875              ,61.875,61.875,61.875,61.875,61.875,61.875,61.875,9.917               ,12.913              ,30.083              ,55.179              ,14.218              ,6.402               ,19.133              ,16.801              ,20.581              ,2333.333            ,2333.333            ,3500.000            ,3500.000            ,2333.333            ,2333.333            ,2333.333            ,2333.333            ,3500.000            ,1.027,1.027,3.083,3.083,0.872,0.872,1.312,1.315,14.182,5592.0,14245.0,0.0,144.0,
2026-07-08 03:08:29,61.0,0.000               ,566.289,200.0,933.0,0.0,61.625,61.625              ,61.625,61.625,61.625,61.625,61.625,61.625,61.625,8.668               ,1.308               ,28.505              ,43.674              ,13.110              ,7.875               ,27.893              ,24.893              ,19.491              ,3475.000            ,3475.000            ,3500.000            ,3500.000            ,2460.000            ,3500.000            ,2333.333            ,2333.333            ,3500.000            ,0.46,0.46,2.344,2.349,0.869,0.879,2.188,2.185,13.643,5589.0,14245.0,0.0,145.0,
2026-07-08 03:08:30,61.0,0.000               ,566.289,200.0,933.0,0.0,61.125,61.125              ,61.125,61.125,61.125,61.125,61.125,61.125,61.125,10.978              ,10.420              ,24.206              ,35.450              ,12.527              ,25.339              ,21.539              ,15.990              ,19.556              ,1555.556            ,1555.556            ,3500.000            ,3500.000            ,2333.333            ,2333.333            ,2333.333            ,2333.333            ,3500.000            ,1.026,1.026,1.858,1.853,1.643,1.633,1.673,1.676,13.94,5595.0,14244.0,0.0,146.0,
2026-07-08 03:08:31,61.0,0.000               ,566.289,200.0,933.0,0.0,61.0,61.000              ,61.0,61.0,61.0,61.0,61.0,61.0,61.0,15.315              ,7.336               ,37.470              ,50.098              ,28.943              ,11.127              ,27.157              ,12.005              ,23.681              ,2333.333            ,2333.333            ,3500.000            ,3500.000            ,2800.000            ,2780.000            ,2316.667            ,2316.667            ,3500.000            ,1.002,1.002,3.007,3.007,1.51,1.51,1.57,1.568,15.023,5592.0,14242.0,0.0,147.0,
2026-07-08 03:08:32,60.0,0.000               ,576.402,200.0,933.0,0.0,60.375,60.375              ,60.375,60.375,60.375,60.375,60.375,60.375,60.375,14.859              ,33.096              ,28.283              ,30.157              ,21.218              ,12.140              ,17.027              ,14.862              ,21.455              ,3500.000            ,3500.000            ,2333.333            ,2333.333            ,2333.333            ,2333.333            ,2950.000            ,3500.000            ,3500.000            ,1.952,1.952,1.689,1.689,1.304,1.325,1.285,1.285,13.985,5608.0,14251.0,0.0,148.0,
2026-07-08 03:08:33,59.0,0.000               ,576.41,200.0,933.0,0.0,59.5,59.500              ,59.5,59.5,59.5,59.5,59.5,59.5,59.5,10.535              ,40.846              ,32.833              ,36.327              ,10.477              ,8.547               ,16.250              ,8.951               ,20.596              ,2333.333            ,2333.333            ,3500.000            ,3500.000            ,2333.333            ,2333.333            ,2333.333            ,2333.333            ,3500.000            ,2.188,2.188,2.198,2.198,0.867,0.847,1.183,1.183,13.544,5612.0,14250.0,0.0,149.0,
2026-07-08 03:08:34,59.0,0.000               ,573.496,200.0,933.0,0.0,60.0,60.000              ,60.0,60.0,60.0,60.0,60.0,60.0,60.0,22.067              ,25.030              ,42.824              ,36.090              ,20.635              ,75.377              ,19.312              ,24.185              ,33.190              ,2333.333            ,2333.333            ,2333.333            ,2333.333            ,3500.000            ,3500.000            ,2333.333            ,2333.333            ,3500.000            ,1.521,2.007,1.901,1.901,3.31,3.31,1.814,1.825,17.112,5584.0,14250.0,0.0,150.0,
2026-07-08 03:08:35,59.0,0.000               ,573.496,200.0,933.0,0.0,59.75,59.750              ,59.75,59.75,59.75,59.75,59.75,59.75,59.75,22.915              ,73.687              ,47.965              ,36.417              ,28.491              ,21.884              ,42.021              ,9.534               ,35.364              ,3050.000            ,3050.000            ,2440.000            ,2440.000            ,2420.000            ,2420.000            ,2420.000            ,2420.000            ,3050.000            ,2.896,2.575,2.29,2.29,1.1,1.1,0.989,0.929,14.671,5505.0,14248.0,0.0,151.0,
2026-07-08 03:08:36,60.0,0.000               ,573.496,200.0,933.0,0.0,60.875,60.875              ,60.875,60.875,60.875,60.875,60.875,60.875,60.875,9.738               ,57.496              ,61.357              ,15.966              ,18.773              ,13.022              ,16.076              ,4.192               ,24.577              ,3500.000            ,3500.000            ,2333.333            ,2333.333            ,2333.333            ,2333.333            ,2333.333            ,2333.333            ,3500.000            ,2.974,2.987,2.954,2.954,1.098,1.098,0.935,0.935,15.414,5531.0,14249.0,0.0,152.0,
2026-07-08 03:08:37,61.0,0.000               ,573.496,200.0,933.0,0.0,61.0,61.000              ,61.0,61.0,61.0,61.0,61.0,61.0,61.0,2.981               ,72.135              ,40.115              ,11.026              ,21.071              ,12.416              ,7.639               ,4.962               ,21.543              ,3500.000            ,3500.000            ,2333.333            ,2333.333            ,2333.333            ,2333.333            ,2333.333            ,2333.333            ,3500.000            ,3.388,3.404,2.1,2.1,1.146,1.146,0.728,0.728,15.029,5535.0,14249.0,0.0,153.0,
2026-07-08 03:08:38,60.0,0.000               ,581.863,200.0,933.0,0.0,60.75,60.750              ,60.75,60.75,60.75,60.75,60.75,60.75,60.75,7.542               ,60.758              ,10.837              ,31.648              ,19.412              ,30.583              ,11.856              ,11.072              ,22.964              ,2333.333            ,2333.333            ,3500.000            ,3500.000            ,2333.333            ,2333.333            ,2333.333            ,2333.333            ,3500.000            ,2.939,2.927,1.877,1.877,1.665,1.665,0.883,0.883,14.959,5549.0,14257.0,0.0,154.0,
2026-07-08 03:08:39,61.0,3.000               ,581.863,200.0,933.0,0.0,61.125,61.125              ,61.125,61.125,61.125,61.125,61.125,61.125,61.125,14.724              ,76.994              ,24.240              ,14.166              ,19.502              ,5.447               ,8.124               ,5.884               ,21.135              ,2333.333            ,2333.333            ,3500.000            ,3500.000            ,2333.333            ,2333.333            ,2333.333            ,2333.333            ,3500.000            ,4.198,4.225,1.331,1.331,1.091,1.09,0.763,0.764,15.011,5548.0,14258.0,0.0,155.0,
2026-07-08 03:08:40,61.0,3.000               ,581.863,200.0,933.0,0.0,61.0,61.000              ,61.0,61.0,61.0,61.0,61.0,61.0,61.0,17.359              ,32.023              ,77.798              ,13.247              ,18.601              ,6.519               ,23.065              ,15.554              ,25.521              ,3500.000            ,3500.000            ,2333.333            ,2333.333            ,2333.333            ,2333.333            ,2333.333            ,2333.333            ,3500.000            ,2.133,2.081,3.568,3.568,1.019,1.019,1.311,1.31,15.962,5569.0,14271.0,0.0,156.0,
2026-07-08 03:08:41,60.0,1.000               ,643.023,200.0,1200.0,0.0,60.375,60.375              ,60.375,60.375,60.375,60.375,60.375,60.375,60.375,37.086              ,20.730              ,53.099              ,58.616              ,70.414              ,24.754              ,50.013              ,29.079              ,42.974              ,2333.333            ,2333.333            ,3500.000            ,3500.000            ,2333.333            ,2333.333            ,2800.000            ,2800.000            ,3500.000            ,1.375,1.38,3.165,3.165,2.536,2.451,1.558,1.555,17.074,5747.0,14526.0,16242.027,157.0,0.06
2026-07-08 03:08:42,58.0,11.000              ,689.555,426.0,1200.0,0.0,58.875,58.875              ,58.875,58.875,58.875,58.875,58.875,58.875,58.875,62.357              ,80.304              ,78.698              ,73.547              ,60.995              ,88.632              ,70.699              ,58.011              ,71.655              ,2160.000            ,2160.000            ,2700.000            ,2700.000            ,2160.000            ,2160.000            ,2160.000            ,2160.000            ,2700.000            ,1.498,1.495,1.571,1.547,1.489,1.246,1.176,1.174,16.858,5770.0,14651.0,532.908,158.0,1.88
2026-07-08 03:08:43,57.0,45.000              ,713.629,200.0,1200.0,0.0,57.25,57.250              ,57.25,57.25,57.25,57.25,57.25,57.25,57.25,83.725              ,82.422              ,88.787              ,89.702              ,89.157              ,83.736              ,88.189              ,75.831              ,85.194              ,1820.000            ,1820.000            ,1820.000            ,1820.000            ,1820.000            ,1820.000            ,1516.667            ,1516.667            ,1820.000            ,1.019,1.024,1.174,1.186,1.158,1.35,1.144,1.146,15.415,5599.0,14686.0,525.745,159.0,1.9
2026-07-08 03:08:44,56.0,43.000              ,712.488,200.0,1200.0,0.0,56.125,56.125              ,56.125,56.125,56.125,56.125,56.125,56.125,56.125,79.955              ,76.436              ,82.509              ,85.143              ,80.116              ,81.414              ,80.263              ,65.319              ,78.894              ,2000.000            ,2000.000            ,2000.000            ,2000.000            ,2000.000            ,2000.000            ,1666.667            ,1666.667            ,2000.000            ,1.127,1.122,1.208,1.208,1.226,0.941,0.912,0.909,15.921,5490.0,14687.0,31.324,160.0,31.92
2026-07-08 03:08:45,56.0,28.000              ,711.141,428.0,1200.0,0.0,56.0,56.000              ,56.0,56.0,56.0,56.0,56.0,56.0,56.0,76.478              ,74.480              ,79.591              ,84.846              ,81.461              ,71.367              ,77.864              ,62.184              ,76.034              ,1900.000            ,1900.000            ,2375.000            ,2375.000            ,1900.000            ,1900.000            ,1900.000            ,1900.000            ,2375.000            ,0.946,0.946,1.103,1.103,0.972,0.971,0.884,0.884,15.883,5371.0,14698.0,153.929,161.0,6.5
2026-07-08 03:08:46,56.0,62.000              ,711.648,387.0,1200.0,0.0,56.0,56.000              ,56.0,56.0,56.0,56.0,56.0,56.0,56.0,78.113              ,72.017              ,82.381              ,82.433              ,80.576              ,72.889              ,78.276              ,60.020              ,75.838              ,1940.000            ,1940.000            ,1940.000            ,1940.000            ,1616.667            ,1616.667            ,1616.667            ,1616.667            ,1940.000            ,0.86,0.861,0.996,0.997,0.876,0.876,0.799,0.8,15.887,5314.0,14701.0,19.944,162.0,50.14
2026-07-08 03:08:47,56.0,81.000              ,711.648,476.0,1067.0,0.0,56.0,56.000              ,56.0,56.0,56.0,56.0,56.0,56.0,56.0,74.588              ,71.651              ,77.926              ,82.362              ,80.310              ,71.286              ,80.103              ,59.438              ,74.708              ,1550.000            ,1840.000            ,1860.000            ,1860.000            ,1550.000            ,1550.000            ,1550.000            ,1550.000            ,1860.000            ,0.806,0.806,0.942,0.947,0.9,0.885,0.793,0.793,15.36,5180.0,14703.0,40.388,163.0,24.76
2026-07-08 03:08:48,55.0,80.000              ,711.801,554.0,1200.0,0.0,55.625,55.625              ,55.625,55.625,55.625,55.625,55.625,55.625,55.625,53.136              ,44.803              ,59.621              ,57.485              ,71.490              ,46.445              ,59.099              ,32.023              ,53.013              ,1760.000            ,1760.000            ,2225.000            ,2225.000            ,2225.000            ,2225.000            ,1780.000            ,1780.000            ,2225.000            ,0.72,0.72,0.884,0.879,0.948,0.964,0.754,0.753,15.729,5182.0,14680.0,19.294,164.0,51.83
2026-07-08 03:08:49,55.0,75.000              ,711.801,630.0,1200.0,0.0,55.625,55.625              ,55.625,55.625,55.625,55.625,55.625,55.625,55.625,47.484              ,32.749              ,46.942              ,43.212              ,56.457              ,24.598              ,61.492              ,20.411              ,41.668              ,1840.000            ,1840.000            ,2300.000            ,2300.000            ,1840.000            ,1840.000            ,1840.000            ,1840.000            ,2300.000            ,0.769,0.771,0.833,0.833,0.856,0.855,0.868,0.868,15.555,5178.0,14675.0,19.984,165.0,50.04
2026-07-08 03:08:50,55.0,71.000              ,713.82,572.0,1200.0,0.0,55.625,55.625              ,55.625,55.625,55.625,55.625,55.625,55.625,55.625,44.484              ,32.460              ,54.204              ,48.889              ,57.972              ,24.990              ,59.280              ,19.045              ,42.665              ,1880.000            ,1880.000            ,2375.000            ,2375.000            ,1900.000            ,1900.000            ,1900.000            ,1900.000            ,2375.000            ,0.745,0.741,1.003,1.003,0.825,0.826,0.787,0.787,15.585,5186.0,14673.0,24.818,166.0,40.29
2026-07-08 03:08:51,55.0,71.000              ,713.816,476.0,1200.0,0.0,55.625,55.625              ,55.625,55.625,55.625,55.625,55.625,55.625,55.625,51.958              ,36.835              ,59.224              ,57.819              ,64.438              ,43.086              ,63.094              ,27.978              ,50.554              ,1840.000            ,1840.000            ,2300.000            ,2300.000            ,1840.000            ,1840.000            ,1820.000            ,1820.000            ,2300.000            ,0.768,0.768,0.982,0.982,0.893,0.891,0.802,0.804,15.583,5144.0,14672.0,20.784,167.0,48.11
2026-07-08 03:08:52,55.0,70.000              ,713.82,508.0,1200.0,0.0,55.625,55.625              ,55.625,55.625,55.625,55.625,55.625,55.625,55.625,63.487              ,57.005              ,66.389              ,70.777              ,71.857              ,48.140              ,67.915              ,41.942              ,60.939              ,1766.667            ,1766.667            ,2120.000            ,2120.000            ,1766.667            ,1766.667            ,1766.667            ,1766.667            ,2120.000            ,0.779,0.779,1.008,1.009,0.855,0.855,0.815,0.814,15.588,5061.0,14674.0,20.372,168.0,49.09
2026-07-08 03:08:53,55.0,70.000              ,707.762,200.0,1200.0,0.0,55.625,55.625              ,55.625,55.625,55.625,55.625,55.625,55.625,55.625,62.787              ,57.143              ,63.119              ,69.437              ,72.322              ,47.951              ,65.318              ,40.934              ,59.876              ,1766.667            ,1766.667            ,2120.000            ,2120.000            ,1766.667            ,1766.667            ,1766.667            ,1766.667            ,2120.000            ,0.809,0.811,0.966,0.965,0.846,0.847,0.764,0.767,15.367,4947.0,14657.0,22.864,169.0,43.74
2026-07-08 03:08:54,55.0,70.000              ,686.91,508.0,1200.0,0.0,55.625,55.625              ,55.625,55.625,55.625,55.625,55.625,55.625,55.625,56.807              ,53.116              ,62.738              ,62.910              ,69.660              ,46.374              ,64.946              ,41.804              ,57.294              ,2060.000            ,2060.000            ,2060.000            ,2060.000            ,2060.000            ,2060.000            ,1716.667            ,1716.667            ,2060.000            ,0.761,0.759,0.911,0.911,0.871,0.858,0.79,0.787,15.421,4726.0,14654.0,27.83,170.0,35.93
2026-07-08 03:08:55,55.0,73.000              ,686.91,492.0,1200.0,0.0,55.625,55.625              ,55.625,55.625,55.625,55.625,55.625,55.625,55.625,59.523              ,45.965              ,62.180              ,65.112              ,69.354              ,59.065              ,72.888              ,48.358              ,60.306              ,1716.667            ,1716.667            ,1716.667            ,1733.333            ,2080.000            ,2080.000            ,1733.333            ,1733.333            ,2080.000            ,0.7,0.7,0.879,0.881,0.829,0.841,0.819,0.808,15.468,4416.0,14655.0,19.875,171.0,50.31
2026-07-08 03:08:56,55.0,74.000              ,686.91,442.0,1200.0,0.0,55.625,55.625              ,55.625,55.625,55.625,55.625,55.625,55.625,55.625,38.053              ,32.552              ,47.904              ,42.975              ,55.139              ,17.619              ,50.710              ,17.597              ,37.819              ,1733.333            ,1750.000            ,2100.000            ,2100.000            ,1750.000            ,1750.000            ,1750.000            ,1750.000            ,2100.000            ,0.681,0.681,0.91,0.894,0.775,0.775,0.687,0.697,15.173,4364.0,14641.0,18.11,172.0,55.22
2026-07-08 03:08:57,55.0,70.000              ,686.906,200.0,1200.0,0.0,55.625,55.625              ,55.625,55.625,55.625,55.625,55.625,55.625,55.625,45.571              ,29.532              ,48.733              ,37.972              ,53.667              ,14.622              ,46.199              ,13.574              ,36.234              ,2020.000            ,2020.000            ,2525.000            ,2525.000            ,2020.000            ,2020.000            ,2020.000            ,2020.000            ,2525.000            ,0.814,0.814,1.03,1.046,0.898,0.898,0.77,0.77,15.504,4381.0,14623.0,19.959,173.0,50.1
2026-07-08 03:08:58,55.0,68.000              ,686.906,200.0,1200.0,0.0,55.625,55.625              ,55.625,55.625,55.625,55.625,55.625,55.625,55.625,45.058              ,25.456              ,43.382              ,33.861              ,48.706              ,13.242              ,53.549              ,11.338              ,34.324              ,2020.000            ,2020.000            ,2525.000            ,2525.000            ,2020.000            ,2020.000            ,2020.000            ,2020.000            ,2525.000            ,0.829,0.829,0.963,0.963,0.835,0.835,0.852,0.852,15.205,4383.0,14623.0,20.081,174.0,49.8
2026-07-08 03:08:59,55.0,69.000              ,688.582,413.0,1200.0,0.0,55.625,55.625              ,55.625,55.625,55.625,55.625,55.625,55.625,55.625,43.317              ,27.258              ,43.035              ,36.736              ,49.159              ,17.157              ,62.125              ,10.951              ,36.217              ,2060.000            ,2060.000            ,2060.000            ,2060.000            ,2060.000            ,2060.000            ,2575.000            ,2575.000            ,2575.000            ,0.797,0.799,0.899,0.899,0.871,0.872,1.005,1.005,15.554,4392.0,14625.0,20.371,175.0,49.09
2026-07-08 03:09:00,55.0,70.000              ,685.418,450.0,1200.0,0.0,55.625,55.625              ,55.625,55.625,55.625,55.625,55.625,55.625,55.625,48.576              ,33.398              ,44.724              ,46.413              ,54.892              ,24.649              ,55.760              ,14.062              ,40.309              ,1980.000            ,1980.000            ,2475.000            ,2475.000            ,1980.000            ,1980.000            ,1980.000            ,1980.000            ,2475.000            ,0.802,0.8,1.008,1.008,0.894,0.9,0.792,0.792,15.299,4389.0,14625.0,22.847,176.0,43.77
2026-07-08 03:09:01,55.0,71.000              ,685.332,516.0,1200.0,0.0,55.625,55.625              ,55.625,55.625,55.625,55.625,55.625,55.625,55.625,47.655              ,30.134              ,46.220              ,45.750              ,54.744              ,24.859              ,53.651              ,19.007              ,40.253              ,1940.000            ,1940.000            ,1940.000            ,1940.000            ,2425.000            ,2425.000            ,1940.000            ,1960.000            ,2425.000            ,0.799,0.786,0.939,0.939,0.906,0.899,0.805,0.807,15.353,4400.0,14624.0,20.158,177.0,49.61
2026-07-08 03:09:02,55.0,70.000              ,687.578,533.0,1200.0,0.0,55.625,55.625              ,55.625,55.625,55.625,55.625,55.625,55.625,55.625,44.195              ,33.222              ,55.130              ,48.219              ,58.888              ,21.356              ,54.312              ,17.182              ,41.563              ,1840.000            ,1840.000            ,2300.000            ,2300.000            ,2300.000            ,2300.000            ,1840.000            ,1840.000            ,2300.000            ,0.724,0.736,1.018,1.026,0.83,0.83,0.784,0.782,15.44,4402.0,14624.0,23.55,178.0,42.46
2026-07-08 03:09:03,55.0,70.000              ,687.578,364.0,1200.0,0.0,55.625,55.625              ,55.625,55.625,55.625,55.625,55.625,55.625,55.625,46.201              ,26.109              ,42.313              ,47.549              ,63.030              ,13.773              ,52.958              ,11.241              ,37.897              ,1880.000            ,1880.000            ,2350.000            ,2325.000            ,1840.000            ,1840.000            ,1840.000            ,1840.000            ,2350.000            ,0.807,0.807,1.004,0.996,0.9,0.902,0.753,0.755,15.073,4411.0,14623.0,19.839,179.0,50.41
2026-07-08 03:09:04,55.0,69.000              ,688.242,375.0,1200.0,0.0,55.625,55.625              ,55.625,55.625,55.625,55.625,55.625,55.625,55.625,39.545              ,32.686              ,54.950              ,51.371              ,63.534              ,21.226              ,45.507              ,17.120              ,40.742              ,1960.000            ,1960.000            ,2450.000            ,2450.000            ,1960.000            ,1960.000            ,1960.000            ,1960.000            ,2450.000            ,0.796,0.796,1.113,1.115,0.949,0.948,0.739,0.739,15.289,4415.0,14623.0,19.223,180.0,52.02
2026-07-08 03:09:05,55.0,68.000              ,691.754,393.0,1067.0,0.0,55.625,55.625              ,55.625,55.625,55.625,55.625,55.625,55.625,55.625,42.706              ,28.327              ,44.722              ,50.939              ,61.038              ,18.939              ,48.475              ,14.454              ,38.700              ,1920.000            ,1920.000            ,2400.000            ,2400.000            ,1920.000            ,1920.000            ,1920.000            ,1920.000            ,2400.000            ,0.809,0.812,1.063,1.06,0.924,0.924,0.758,0.758,15.049,4415.0,14626.0,19.413,181.0,51.51
2026-07-08 03:09:06,55.0,70.000              ,692.012,381.0,1200.0,0.0,55.625,55.625              ,55.625,55.625,55.625,55.625,55.625,55.625,55.625,39.365              ,26.409              ,42.422              ,40.159              ,58.870              ,13.638              ,44.828              ,11.939              ,34.704              ,2100.000            ,2080.000            ,2080.000            ,2080.000            ,2600.000            ,2600.000            ,2080.000            ,2080.000            ,2600.000            ,0.877,0.877,1.022,1.022,0.96,0.96,0.777,0.775,15.408,4421.0,14624.0,20.123,182.0,49.69
2026-07-08 03:09:07,55.0,70.000              ,699.715,393.0,1200.0,0.0,55.625,55.625              ,55.625,55.625,55.625,55.625,55.625,55.625,55.625,44.738              ,20.940              ,52.429              ,32.847              ,54.510              ,15.456              ,52.007              ,9.449               ,35.297              ,2100.000            ,2080.000            ,2600.000            ,2600.000            ,2600.000            ,2600.000            ,2080.000            ,2080.000            ,2600.000            ,0.914,0.914,1.017,1.017,0.912,0.912,0.899,0.899,15.12,4433.0,14638.0,22.396,183.0,44.65
2026-07-08 03:09:08,55.0,70.000              ,699.707,406.0,1067.0,0.0,55.625,55.625              ,55.625,55.625,55.625,55.625,55.625,55.625,55.625,41.715              ,17.766              ,48.652              ,34.910              ,55.378              ,14.982              ,49.430              ,9.714               ,34.068              ,2120.000            ,2120.000            ,2650.000            ,2650.000            ,2120.000            ,2120.000            ,2140.000            ,2140.000            ,2650.000            ,0.896,0.896,1.124,1.128,1.053,1.053,0.88,0.88,15.188,4435.0,14638.0,19.573,184.0,51.09
2026-07-08 03:09:09,55.0,70.000              ,699.176,450.0,1067.0,0.0,55.625,55.625              ,55.625,55.625,55.625,55.625,55.625,55.625,55.625,34.838              ,20.357              ,39.451              ,37.544              ,54.266              ,9.847               ,46.276              ,8.412               ,31.374              ,2220.000            ,2220.000            ,2220.000            ,2220.000            ,2775.000            ,2775.000            ,2220.000            ,2220.000            ,2775.000            ,0.852,0.85,1.142,1.138,0.971,0.973,0.883,0.883,15.367,4440.0,14637.0,23.593,185.0,42.39
2026-07-08 03:09:10,55.0,69.000              ,698.418,387.0,1200.0,0.0,55.625,55.625              ,55.625,55.625,55.625,55.625,55.625,55.625,55.625,35.975              ,25.906              ,32.772              ,36.464              ,46.378              ,11.881              ,47.482              ,8.250               ,30.638              ,2180.000            ,2180.000            ,2725.000            ,2725.000            ,2180.000            ,2160.000            ,2160.000            ,2160.000            ,2725.000            ,0.878,0.878,1.026,1.028,0.923,0.92,0.921,0.921,15.115,4441.0,14637.0,17.625,186.0,56.74
2026-07-08 03:09:11,55.0,69.000              ,698.41,338.0,1200.0,0.0,55.625,55.625              ,55.625,55.625,55.625,55.625,55.625,55.625,55.625,34.021              ,25.277              ,38.664              ,38.654              ,41.755              ,14.790              ,47.129              ,7.732               ,31.003              ,2240.000            ,2240.000            ,2800.000            ,2800.000            ,2240.000            ,2240.000            ,2240.000            ,2240.000            ,2800.000            ,0.866,0.866,1.172,1.171,0.898,0.9,0.885,0.885,15.157,4441.0,14637.0,17.629,187.0,56.72
2026-07-08 03:09:12,55.0,69.000              ,698.402,200.0,1067.0,0.0,55.625,55.625              ,55.625,55.625,55.625,55.625,55.625,55.625,55.625,41.659              ,23.933              ,41.457              ,30.856              ,47.167              ,13.945              ,52.547              ,11.099              ,32.833              ,2180.000            ,2180.000            ,2775.000            ,2775.000            ,2220.000            ,2220.000            ,2220.000            ,2220.000            ,2775.000            ,0.932,0.932,1.025,1.011,0.945,0.944,0.997,0.999,15.188,4441.0,14636.0,17.687,188.0,56.54
2026-07-08 03:09:13,55.0,69.000              ,696.086,381.0,1067.0,0.0,55.625,55.625              ,55.625,55.625,55.625,55.625,55.625,55.625,55.625,46.814              ,29.059              ,42.619              ,42.292              ,50.987              ,24.796              ,53.628              ,14.418              ,38.077              ,2575.000            ,2575.000            ,2575.000            ,2575.000            ,2060.000            ,2060.000            ,2060.000            ,2060.000            ,2575.000            ,0.919,0.919,0.997,1.009,0.949,0.957,0.884,0.882,15.093,4459.0,14634.0,19.001,189.0,52.63
2026-07-08 03:09:14,55.0,70.000              ,696.094,350.0,1200.0,0.0,55.625,55.625              ,55.625,55.625,55.625,55.625,55.625,55.625,55.625,43.088              ,29.146              ,38.873              ,36.161              ,50.220              ,19.855              ,57.128              ,11.325              ,35.724              ,2160.000            ,2160.000            ,2160.000            ,2160.000            ,2160.000            ,2160.000            ,2675.000            ,2675.000            ,2675.000            ,0.917,0.918,0.92,0.92,0.964,0.955,0.986,0.986,15.25,4469.0,14634.0,19.728,190.0,50.69
2026-07-08 03:09:15,55.0,70.000              ,695.094,381.0,1200.0,0.0,55.625,55.625              ,55.625,55.625,55.625,55.625,55.625,55.625,55.625,39.708              ,29.182              ,37.613              ,37.360              ,47.656              ,15.187              ,51.011              ,9.771               ,33.436              ,2200.000            ,2200.000            ,2750.000            ,2775.000            ,2220.000            ,2220.000            ,2220.000            ,2200.000            ,2775.000            ,0.94,0.939,0.988,0.988,0.978,0.978,0.937,0.937,15.094,4470.0,14635.0,18.484,191.0,54.1
2026-07-08 03:09:16,55.0,70.000              ,697.199,200.0,1200.0,0.0,55.625,55.625              ,55.625,55.625,55.625,55.625,55.625,55.625,55.625,44.807              ,23.635              ,35.052              ,36.221              ,41.937              ,14.619              ,55.196              ,12.535              ,33.000              ,2800.000            ,2800.000            ,2240.000            ,2240.000            ,2240.000            ,2240.000            ,2800.000            ,2800.000            ,2800.000            ,0.949,0.949,0.96,0.962,0.901,0.901,1.046,1.029,15.052,4471.0,14635.0,20.307,192.0,49.24
2026-07-08 03:09:17,55.0,69.000              ,697.195,200.0,1200.0,0.0,55.625,55.625              ,55.625,55.625,55.625,55.625,55.625,55.625,55.625,43.814              ,25.081              ,35.968              ,36.097              ,47.636              ,15.367              ,54.175              ,12.925              ,33.883              ,2725.000            ,2725.000            ,2180.000            ,2180.000            ,2180.000            ,2180.000            ,2180.000            ,2180.000            ,2725.000            ,0.954,0.954,0.954,0.953,0.922,0.922,0.979,0.995,15.282,4472.0,14635.0,18.566,193.0,53.86
2026-07-08 03:09:18,55.0,68.000              ,698.566,413.0,1067.0,0.0,55.625,55.625              ,55.625,55.625,55.625,55.625,55.625,55.625,55.625,39.381              ,26.967              ,35.990              ,34.144              ,49.682              ,18.032              ,56.885              ,8.905               ,33.748              ,2725.000            ,2725.000            ,2180.000            ,2180.000            ,2180.000            ,2180.000            ,2200.000            ,2200.000            ,2725.000            ,0.905,0.905,0.905,0.897,0.984,0.984,1.022,1.022,15.049,4478.0,14635.0,19.037,194.0,52.53
2026-07-08 03:09:19,55.0,69.000              ,697.715,413.0,1200.0,0.0,55.625,55.625              ,55.625,55.625,55.625,55.625,55.625,55.625,55.625,44.572              ,23.934              ,39.846              ,38.127              ,47.725              ,11.737              ,50.582              ,9.990               ,33.314              ,2725.000            ,2725.000            ,2180.000            ,2180.000            ,2180.000            ,2180.000            ,2180.000            ,2180.000            ,2725.000            ,0.913,0.913,1.087,1.1,0.938,0.938,0.903,0.903,15.384,4478.0,14634.0,19.071,195.0,52.44
2026-07-08 03:09:20,55.0,70.000              ,697.59,370.0,1200.0,0.0,55.5,55.500              ,55.5,55.5,55.5,55.5,55.5,55.5,55.5,44.362              ,23.246              ,38.684              ,39.133              ,48.622              ,16.385              ,46.261              ,8.975               ,33.209              ,2650.000            ,2650.000            ,2675.000            ,2675.000            ,2140.000            ,2140.000            ,2100.000            ,2100.000            ,2675.000            ,0.931,0.931,1.054,1.054,0.994,0.994,0.807,0.807,15.062,4482.0,14634.0,18.816,196.0,53.15
2026-07-08 03:09:21,55.0,70.000              ,693.094,200.0,1200.0,0.0,55.5,55.500              ,55.5,55.5,55.5,55.5,55.5,55.5,55.5,47.862              ,23.764              ,32.469              ,39.868              ,45.896              ,15.043              ,48.304              ,11.500              ,33.088              ,2700.000            ,2700.000            ,2160.000            ,2160.000            ,2180.000            ,2180.000            ,2180.000            ,2180.000            ,2700.000            ,1.002,1.002,1.002,1.001,0.921,0.921,0.853,0.853,15.114,4483.0,14633.0,18.049,197.0,55.4
2026-07-08 03:09:22,55.0,69.000              ,693.07,200.0,1200.0,0.0,55.5,55.500              ,55.5,55.5,55.5,55.5,55.5,55.5,55.5,34.170              ,25.210              ,37.238              ,34.916              ,45.412              ,12.471              ,61.489              ,6.339               ,32.156              ,2160.000            ,2160.000            ,2700.000            ,2700.000            ,2675.000            ,2675.000            ,2675.000            ,2675.000            ,2700.000            ,0.824,0.824,1.019,1.019,0.86,0.86,1.073,1.073,15.031,4483.0,14631.0,18.375,198.0,54.42
2026-07-08 03:09:23,55.0,68.000              ,693.066,381.0,1067.0,0.0,55.5,55.500              ,55.5,55.5,55.5,55.5,55.5,55.5,55.5,42.763              ,22.379              ,37.619              ,29.690              ,44.400              ,9.949               ,61.093              ,6.846               ,31.842              ,2725.000            ,2725.000            ,2180.000            ,2180.000            ,2180.000            ,2180.000            ,2180.000            ,2180.000            ,2725.000            ,0.881,0.881,0.901,0.9,0.849,0.852,1.069,1.069,15.054,4482.0,14632.0,20.487,199.0,48.81
2026-07-08 03:09:24,55.0,69.000              ,693.066,364.0,1200.0,0.0,55.5,55.500              ,55.5,55.5,55.5,55.5,55.5,55.5,55.5,39.943              ,27.137              ,34.219              ,35.048              ,47.700              ,11.757              ,59.057              ,10.598              ,33.182              ,2140.000            ,2140.000            ,2140.000            ,2140.000            ,2140.000            ,2140.000            ,2675.000            ,2675.000            ,2675.000            ,0.848,0.848,0.887,0.886,0.861,0.858,1.072,1.072,15.139,4481.0,14629.0,18.746,200.0,53.34
2026-07-08 03:09:25,55.0,69.000              ,693.574,200.0,1067.0,0.0,55.5,55.500              ,55.5,55.5,55.5,55.5,55.5,55.5,55.5,41.472              ,20.284              ,33.231              ,37.898              ,42.241              ,10.644              ,51.990              ,7.735               ,30.687              ,2220.000            ,2220.000            ,2800.000            ,2800.000            ,2240.000            ,2240.000            ,2240.000            ,2850.000            ,2850.000            ,0.92,0.92,1.148,1.148,0.919,0.919,0.958,0.96,15.096,4481.0,14629.0,18.164,201.0,55.05
2026-07-08 03:09:26,55.0,69.000              ,701.512,381.0,1200.0,0.0,55.5,55.500              ,55.5,55.5,55.5,55.5,55.5,55.5,55.5,47.667              ,22.453              ,38.233              ,35.022              ,51.056              ,11.905              ,49.986              ,7.696               ,33.002              ,2280.000            ,2280.000            ,2850.000            ,2850.000            ,2280.000            ,2280.000            ,2825.000            ,2825.000            ,2850.000            ,0.969,0.969,1.013,1.016,1.006,1.006,0.899,0.897,15.191,4487.0,14643.0,21.046,202.0,47.51
2026-07-08 03:09:27,55.0,69.000              ,704.426,370.0,1200.0,0.0,55.5,55.500              ,55.5,55.5,55.5,55.5,55.5,55.5,55.5,40.260              ,22.905              ,40.437              ,33.841              ,48.185              ,9.294               ,52.973              ,6.875               ,31.846              ,2160.000            ,2160.000            ,2700.000            ,2700.000            ,2160.000            ,2160.000            ,2160.000            ,2160.000            ,2700.000            ,0.843,0.843,1.091,1.088,0.907,0.907,0.893,0.893,14.882,4489.0,14644.0,19.686,203.0,50.8
2026-07-08 03:09:28,55.0,70.000              ,706.32,387.0,1200.0,0.0,55.5,55.500              ,55.5,55.5,55.5,55.5,55.5,55.5,55.5,36.094              ,23.845              ,39.687              ,27.455              ,46.828              ,10.707              ,60.802              ,6.313               ,31.467              ,2220.000            ,2220.000            ,2220.000            ,2220.000            ,2220.000            ,2220.000            ,2775.000            ,2775.000            ,2775.000            ,0.829,0.831,0.929,0.929,0.904,0.904,1.11,1.11,15.254,4488.0,14648.0,19.923,204.0,50.19
2026-07-08 03:09:29,55.0,70.000              ,706.32,370.0,1067.0,0.0,55.5,55.500              ,55.5,55.5,55.5,55.5,55.5,55.5,55.5,35.456              ,24.110              ,39.755              ,30.862              ,52.216              ,11.426              ,56.733              ,9.117               ,32.459              ,2220.000            ,2220.000            ,2220.000            ,2220.000            ,2775.000            ,2775.000            ,2220.000            ,2775.000            ,2775.000            ,0.8,0.798,0.937,0.937,1.009,1.01,1.033,1.037,15.087,4488.0,14647.0,18.678,205.0,53.54
2026-07-08 03:09:30,55.0,69.000              ,709.367,381.0,1200.0,0.0,55.5,55.500              ,55.5,55.5,55.5,55.5,55.5,55.5,55.5,35.530              ,24.586              ,34.321              ,41.348              ,48.685              ,11.491              ,51.758              ,10.392              ,32.264              ,2160.000            ,2160.000            ,2700.000            ,2700.000            ,2160.000            ,2160.000            ,2160.000            ,2160.000            ,2700.000            ,0.815,0.815,1.08,1.08,0.921,0.92,0.941,0.936,15.116,4495.0,14650.0,19.486,206.0,51.32
2026-07-08 03:09:31,55.0,69.000              ,707.121,406.0,1067.0,0.0,55.5,55.500              ,55.5,55.5,55.5,55.5,55.5,55.5,55.5,30.470              ,27.956              ,37.330              ,38.006              ,45.083              ,14.080              ,48.856              ,10.304              ,31.511              ,2180.000            ,2180.000            ,2725.000            ,2750.000            ,2200.000            ,2200.000            ,2200.000            ,2200.000            ,2750.000            ,0.819,0.819,1.109,1.112,0.901,0.904,0.935,0.935,14.971,4494.0,14649.0,29.658,207.0,33.72
2026-07-08 03:09:32,55.0,70.000              ,705.617,375.0,1067.0,0.0,55.5,55.500              ,55.5,55.5,55.5,55.5,55.5,55.5,55.5,25.322              ,26.218              ,30.251              ,48.272              ,36.155              ,13.938              ,38.719              ,8.025               ,28.362              ,2300.000            ,2300.000            ,2875.000            ,2875.000            ,2300.000            ,2300.000            ,2300.000            ,2300.000            ,2875.000            ,0.85,0.85,1.344,1.341,0.877,0.877,0.819,0.819,15.026,4498.0,14647.0,17.1,208.0,58.48
2026-07-08 03:09:33,55.0,70.000              ,705.617,326.0,1200.0,0.0,55.5,55.500              ,55.5,55.5,55.5,55.5,55.5,55.5,55.5,23.033              ,23.269              ,30.506              ,32.387              ,35.586              ,12.193              ,49.367              ,6.314               ,26.582              ,2320.000            ,2320.000            ,2900.000            ,2900.000            ,2320.000            ,2320.000            ,2320.000            ,2320.000            ,2900.000            ,0.849,0.849,1.135,1.135,0.93,0.927,1.062,1.062,15.161,4501.0,14648.0,17.249,209.0,57.97
2026-07-08 03:09:34,55.0,70.000              ,705.555,321.0,1067.0,0.0,55.375,55.375              ,55.375,55.375,55.375,55.375,55.375,55.375,55.375,24.189              ,25.954              ,35.621              ,30.831              ,35.364              ,13.612              ,66.933              ,11.973              ,30.560              ,2320.000            ,2320.000            ,2320.000            ,2320.000            ,2320.000            ,2320.000            ,2900.000            ,2900.000            ,2900.000            ,0.813,0.813,0.957,0.942,0.839,0.839,1.309,1.312,15.016,4503.0,14648.0,20.155,210.0,49.62
2026-07-08 03:09:35,55.0,68.000              ,705.559,344.0,1067.0,0.0,55.375,55.375              ,55.375,55.375,55.375,55.375,55.375,55.375,55.375,28.875              ,27.583              ,44.410              ,33.426              ,51.619              ,12.944              ,42.973              ,9.713               ,31.443              ,2300.000            ,2300.000            ,2875.000            ,2875.000            ,2300.000            ,2300.000            ,2300.000            ,2300.000            ,2875.000            ,0.879,0.883,1.142,1.16,1.06,1.06,0.896,0.893,15.18,4504.0,14646.0,20.994,211.0,47.63
2026-07-08 03:09:36,55.0,69.000              ,707.441,350.0,1067.0,0.0,55.375,55.375              ,55.375,55.375,55.375,55.375,55.375,55.375,55.375,31.542              ,27.012              ,59.319              ,30.949              ,42.909              ,17.221              ,44.688              ,10.630              ,33.034              ,2220.000            ,2220.000            ,2180.000            ,2180.000            ,2180.000            ,2180.000            ,2725.000            ,2725.000            ,2725.000            ,0.854,0.854,1.218,1.218,0.909,0.909,0.853,0.853,14.997,4503.0,14651.0,18.864,212.0,53.01
2026-07-08 03:09:37,55.0,70.000              ,707.441,381.0,1067.0,0.0,55.375,55.375              ,55.375,55.375,55.375,55.375,55.375,55.375,55.375,23.786              ,26.118              ,60.323              ,30.574              ,43.655              ,13.358              ,36.088              ,8.638               ,30.317              ,2280.000            ,2280.000            ,2850.000            ,2850.000            ,2280.000            ,2280.000            ,2280.000            ,2280.000            ,2850.000            ,0.825,0.813,1.286,1.295,1.034,1.034,0.813,0.813,15.106,4503.0,14651.0,19.134,213.0,52.26
2026-07-08 03:09:38,55.0,71.000              ,707.438,400.0,1067.0,0.0,55.375,55.375              ,55.375,55.375,55.375,55.375,55.375,55.375,55.375,29.852              ,28.930              ,57.273              ,36.302              ,41.996              ,15.931              ,40.782              ,11.972              ,32.880              ,2240.000            ,2240.000            ,2800.000            ,2800.000            ,2240.000            ,2240.000            ,2240.000            ,2240.000            ,2800.000            ,0.806,0.814,1.384,1.377,0.876,0.878,0.839,0.839,15.004,4502.0,14651.0,17.995,214.0,55.57
2026-07-08 03:09:39,55.0,70.000              ,707.434,375.0,1067.0,0.0,55.375,55.375              ,55.375,55.375,55.375,55.375,55.375,55.375,55.375,29.976              ,28.623              ,55.456              ,33.602              ,46.346              ,10.529              ,38.666              ,6.091               ,31.161              ,2240.000            ,2240.000            ,2800.000            ,2800.000            ,2240.000            ,2240.000            ,2240.000            ,2240.000            ,2800.000            ,0.881,0.881,1.313,1.313,0.935,0.933,0.752,0.752,15.088,4502.0,14650.0,20.394,215.0,49.03
2026-07-08 03:09:40,55.0,70.000              ,707.816,381.0,1200.0,0.0,55.375,55.375              ,55.375,55.375,55.375,55.375,55.375,55.375,55.375,36.144              ,24.859              ,36.261              ,39.471              ,38.143              ,15.203              ,39.504              ,8.587               ,29.772              ,2240.000            ,2240.000            ,2800.000            ,2800.000            ,2240.000            ,2240.000            ,2240.000            ,2240.000            ,2800.000            ,0.929,0.929,1.107,1.104,0.84,0.842,0.798,0.798,15.123,4500.0,14650.0,23.644,216.0,42.29
2026-07-08 03:09:41,55.0,69.000              ,707.82,200.0,1200.0,0.0,55.375,55.375              ,55.375,55.375,55.375,55.375,55.375,55.375,55.375,27.691              ,23.044              ,41.747              ,35.661              ,42.250              ,10.453              ,34.831              ,8.493               ,28.021              ,2220.000            ,2220.000            ,2775.000            ,2775.000            ,2220.000            ,2220.000            ,2260.000            ,2260.000            ,2775.000            ,0.816,0.816,1.221,1.232,0.921,0.92,0.779,0.781,15.091,4499.0,14651.0,17.147,217.0,58.32
2026-07-08 03:09:42,55.0,68.000              ,707.816,364.0,1067.0,0.0,55.375,55.375              ,55.375,55.375,55.375,55.375,55.375,55.375,55.375,27.234              ,28.904              ,47.645              ,32.741              ,46.683              ,12.669              ,39.560              ,9.350               ,30.598              ,2220.000            ,2220.000            ,2775.000            ,2775.000            ,2220.000            ,2220.000            ,2220.000            ,2220.000            ,2775.000            ,0.847,0.847,1.182,1.175,0.959,0.961,0.816,0.814,14.941,4503.0,14651.0,19.263,218.0,51.91
2026-07-08 03:09:43,55.0,70.000              ,707.816,333.0,1200.0,0.0,55.375,55.375              ,55.375,55.375,55.375,55.375,55.375,55.375,55.375,29.275              ,23.479              ,55.363              ,28.846              ,42.592              ,10.564              ,47.481              ,7.174               ,30.597              ,2220.000            ,2220.000            ,2775.000            ,2775.000            ,2220.000            ,2220.000            ,2220.000            ,2220.000            ,2775.000            ,0.863,0.863,1.234,1.23,0.92,0.919,0.93,0.93,15.228,4503.0,14651.0,19.125,219.0,52.29
2026-07-08 03:09:44,55.0,70.000              ,707.816,200.0,1067.0,0.0,55.25,55.250              ,55.25,55.25,55.25,55.25,55.25,55.25,55.25,32.836              ,27.750              ,51.359              ,31.148              ,43.028              ,14.311              ,55.588              ,9.351               ,33.171              ,2180.000            ,2180.000            ,2725.000            ,2725.000            ,2180.000            ,2180.000            ,2160.000            ,2160.000            ,2725.000            ,0.845,0.845,1.098,1.098,0.862,0.847,1.004,1.004,14.828,4503.0,14651.0,18.252,220.0,54.79
2026-07-08 03:09:45,55.0,68.000              ,707.82,200.0,1067.0,0.0,55.25,55.250              ,55.25,55.25,55.25,55.25,55.25,55.25,55.25,29.650              ,29.422              ,41.496              ,32.634              ,44.439              ,15.642              ,59.250              ,8.747               ,32.660              ,2200.000            ,2200.000            ,2750.000            ,2750.000            ,2200.000            ,2200.000            ,2200.000            ,2200.000            ,2750.000            ,0.84,0.843,1.006,1.006,0.9,0.916,1.083,1.083,15.107,4503.0,14651.0,20.422,221.0,48.97
2026-07-08 03:09:46,55.0,68.000              ,707.82,200.0,1067.0,0.0,55.25,55.250              ,55.25,55.25,55.25,55.25,55.25,55.25,55.25,34.841              ,27.433              ,47.093              ,33.081              ,44.424              ,15.430              ,58.771              ,8.508               ,33.698              ,2280.000            ,2280.000            ,2280.000            ,2280.000            ,2280.000            ,2280.000            ,2825.000            ,2825.000            ,2825.000            ,0.844,0.842,1.07,1.074,0.896,0.894,1.027,1.027,15.056,4515.0,14650.0,19.212,222.0,52.05
2026-07-08 03:09:47,55.0,69.000              ,707.816,387.0,1200.0,0.0,55.25,55.250              ,55.25,55.25,55.25,55.25,55.25,55.25,55.25,32.941              ,23.847              ,50.162              ,30.229              ,46.293              ,16.802              ,48.191              ,7.116               ,31.948              ,2260.000            ,2260.000            ,2825.000            ,2825.000            ,2260.000            ,2260.000            ,2260.000            ,2260.000            ,2825.000            ,0.855,0.855,1.143,1.139,0.962,0.962,0.944,0.928,14.975,4515.0,14651.0,20.746,223.0,48.2
2026-07-08 03:09:48,55.0,69.000              ,707.816,370.0,1200.0,0.0,55.25,55.250              ,55.25,55.25,55.25,55.25,55.25,55.25,55.25,39.025              ,17.982              ,40.108              ,40.585              ,59.750              ,11.486              ,41.420              ,8.627               ,32.373              ,2160.000            ,2160.000            ,2700.000            ,2700.000            ,2160.000            ,2160.000            ,2160.000            ,2160.000            ,2700.000            ,0.873,0.873,1.113,1.113,1.036,1.036,0.775,0.788,15.131,4514.0,14651.0,18.286,224.0,54.69
2026-07-08 03:09:49,55.0,69.000              ,708.816,352.0,1067.0,0.0,55.25,55.250              ,55.25,55.25,55.25,55.25,55.25,55.25,55.25,38.118              ,16.418              ,44.366              ,31.272              ,57.367              ,12.983              ,49.671              ,7.346               ,32.193              ,2200.000            ,2200.000            ,2200.000            ,2200.000            ,2750.000            ,2750.000            ,2200.000            ,2200.000            ,2750.000            ,0.823,0.823,0.986,0.986,1.061,1.061,0.862,0.862,15.248,4514.0,14652.0,20.568,225.0,48.62
2026-07-08 03:09:50,55.0,68.000              ,708.82,364.0,1067.0,0.0,55.25,55.250              ,55.25,55.25,55.25,55.25,55.25,55.25,55.25,28.019              ,26.416              ,40.731              ,35.203              ,44.872              ,9.788               ,40.244              ,8.840               ,29.264              ,2120.000            ,2120.000            ,2650.000            ,2650.000            ,2120.000            ,2120.000            ,2120.000            ,2120.000            ,2650.000            ,0.795,0.795,1.126,1.133,0.851,0.851,0.797,0.797,14.954,4523.0,14652.0,17.602,226.0,56.81
2026-07-08 03:09:51,55.0,69.000              ,708.816,358.0,1067.0,0.0,55.25,55.250              ,55.25,55.25,55.25,55.25,55.25,55.25,55.25,26.652              ,25.653              ,46.693              ,24.531              ,42.124              ,6.727               ,46.749              ,5.591               ,28.090              ,2160.000            ,2160.000            ,2700.000            ,2700.000            ,2140.000            ,2140.000            ,2140.000            ,2140.000            ,2700.000            ,0.85,0.85,1.102,1.095,0.869,0.869,0.944,0.944,14.907,4523.0,14652.0,19.417,227.0,51.5
2026-07-08 03:09:52,55.0,70.000              ,708.816,333.0,1200.0,0.0,55.25,55.250              ,55.25,55.25,55.25,55.25,55.25,55.25,55.25,38.821              ,22.108              ,37.819              ,31.256              ,39.417              ,12.013              ,50.035              ,9.066               ,30.067              ,2180.000            ,2180.000            ,2725.000            ,2750.000            ,2200.000            ,2200.000            ,2200.000            ,2200.000            ,2750.000            ,0.929,0.929,1.019,1.019,0.875,0.876,0.977,0.977,14.922,4523.0,14652.0,17.265,228.0,57.92
2026-07-08 03:09:53,55.0,70.000              ,708.82,358.0,1067.0,0.0,55.25,55.250              ,55.25,55.25,55.25,55.25,55.25,55.25,55.25,45.439              ,23.408              ,41.467              ,31.952              ,41.799              ,14.911              ,44.315              ,9.075               ,31.546              ,2160.000            ,2160.000            ,2875.000            ,2875.000            ,2300.000            ,2300.000            ,2300.000            ,2300.000            ,2875.000            ,0.964,0.967,1.027,1.027,0.919,0.919,0.888,0.888,15.084,4523.0,14651.0,18.551,229.0,53.91
2026-07-08 03:09:54,55.0,70.000              ,708.816,344.0,1067.0,0.0,55.25,55.250              ,55.25,55.25,55.25,55.25,55.25,55.25,55.25,35.666              ,23.414              ,41.910              ,31.014              ,44.175              ,9.511               ,45.386              ,7.625               ,29.838              ,2800.000            ,2800.000            ,2800.000            ,2800.000            ,2240.000            ,2240.000            ,2240.000            ,2240.000            ,2800.000            ,0.883,0.879,1.095,1.095,0.908,0.908,0.907,0.907,15.038,4523.0,14651.0,19.231,230.0,52.0
2026-07-08 03:09:55,55.0,70.000              ,708.797,400.0,1067.0,0.0,55.25,55.250              ,55.25,55.25,55.25,55.25,55.25,55.25,55.25,37.632              ,24.572              ,43.999              ,30.297              ,40.033              ,10.213              ,51.075              ,9.624               ,30.931              ,2240.000            ,2240.000            ,2800.000            ,2800.000            ,2240.000            ,2260.000            ,2260.000            ,2260.000            ,2800.000            ,0.872,0.872,1.119,1.119,0.867,0.87,1.072,1.072,15.109,4523.0,14651.0,18.286,231.0,54.69
2026-07-08 03:09:56,55.0,70.000              ,708.793,400.0,1067.0,0.0,55.25,55.250              ,55.25,55.25,55.25,55.25,55.25,55.25,55.25,42.008              ,22.590              ,48.145              ,34.139              ,40.804              ,10.655              ,42.424              ,10.216              ,31.373              ,2825.000            ,2825.000            ,2260.000            ,2260.000            ,2260.000            ,2260.000            ,2260.000            ,2260.000            ,2825.000            ,0.908,0.911,1.247,1.247,0.868,0.864,0.874,0.874,15.094,4523.0,14650.0,21.362,232.0,46.81
2026-07-08 03:09:57,55.0,70.000              ,708.777,364.0,1200.0,0.0,55.25,55.250              ,55.25,55.25,55.25,55.25,55.25,55.25,55.25,42.069              ,19.349              ,43.681              ,27.564              ,42.063              ,7.651               ,47.621              ,6.921               ,29.615              ,2240.000            ,2240.000            ,2800.000            ,2800.000            ,2240.000            ,2240.000            ,2240.000            ,2240.000            ,2800.000            ,0.894,0.891,1.03,1.03,0.864,0.866,0.9,0.9,14.99,4522.0,14651.0,18.041,233.0,55.43
2026-07-08 03:09:58,55.0,69.000              ,708.781,200.0,1200.0,0.0,55.25,55.250              ,55.25,55.25,55.25,55.25,55.25,55.25,55.25,37.703              ,23.227              ,41.178              ,31.888              ,41.348              ,11.178              ,52.030              ,6.369               ,30.615              ,2240.000            ,2240.000            ,2800.000            ,2800.000            ,2240.000            ,2240.000            ,2240.000            ,2240.000            ,2800.000            ,0.842,0.842,1.106,1.107,0.859,0.858,0.927,0.927,15.037,4522.0,14651.0,17.853,234.0,56.01
2026-07-08 03:09:59,55.0,68.000              ,709.848,492.0,1067.0,0.0,55.25,55.250              ,55.25,55.25,55.25,55.25,55.25,55.25,55.25,39.861              ,24.473              ,52.335              ,26.428              ,47.422              ,9.041               ,57.040              ,7.886               ,33.061              ,2180.000            ,2180.000            ,2700.000            ,2700.000            ,2160.000            ,2160.000            ,2160.000            ,2160.000            ,2700.000            ,0.839,0.839,1.08,1.085,0.848,0.85,0.971,0.971,15.26,4522.0,14652.0,19.061,235.0,52.46
2026-07-08 03:10:00,55.0,70.000              ,710.035,516.0,1200.0,0.0,55.25,55.250              ,55.25,55.25,55.25,55.25,55.25,55.25,55.25,46.016              ,33.274              ,58.153              ,45.860              ,62.611              ,27.022              ,54.502              ,32.521              ,44.995              ,2100.000            ,2100.000            ,2600.000            ,2600.000            ,2080.000            ,2080.000            ,2080.000            ,2080.000            ,2600.000            ,0.77,0.771,1.066,1.06,0.967,0.967,0.869,0.869,15.241,4540.0,14657.0,22.632,236.0,44.19
2026-07-08 03:10:01,55.0,71.000              ,709.039,476.0,1200.0,0.0,55.25,55.250              ,55.25,55.25,55.25,55.25,55.25,55.25,55.25,54.570              ,41.074              ,62.619              ,73.505              ,66.701              ,42.430              ,63.635              ,39.311              ,55.481              ,1683.333            ,1683.333            ,2020.000            ,2020.000            ,1666.667            ,1666.667            ,1666.667            ,1666.667            ,2020.000            ,0.716,0.715,1.074,1.075,0.83,0.828,0.813,0.813,15.035,4586.0,14673.0,20.64,237.0,48.45
2026-07-08 03:10:02,55.0,70.000              ,709.035,581.0,1200.0,0.0,55.25,55.250              ,55.25,55.25,55.25,55.25,55.25,55.25,55.25,42.450              ,34.353              ,55.680              ,49.028              ,50.839              ,32.435              ,55.885              ,20.217              ,42.611              ,1816.667            ,1816.667            ,2180.000            ,2180.000            ,1816.667            ,1816.667            ,1816.667            ,1816.667            ,2180.000            ,0.675,0.677,0.934,0.936,0.775,0.775,0.738,0.74,14.898,4595.0,14667.0,26.71,238.0,37.44
2026-07-08 03:10:03,55.0,68.000              ,709.047,572.0,1200.0,0.0,55.25,55.250              ,55.25,55.25,55.25,55.25,55.25,55.25,55.25,40.172              ,29.367              ,54.096              ,39.074              ,54.928              ,19.772              ,50.046              ,18.343              ,38.225              ,1860.000            ,1860.000            ,2325.000            ,2325.000            ,1860.000            ,1860.000            ,1860.000            ,1860.000            ,2325.000            ,0.689,0.687,0.927,0.931,0.758,0.758,0.71,0.708,15.087,4589.0,14667.0,18.559,239.0,53.88
2026-07-08 03:10:04,55.0,68.000              ,712.289,563.0,1067.0,0.0,55.25,55.250              ,55.25,55.25,55.25,55.25,55.25,55.25,55.25,35.810              ,28.547              ,52.629              ,33.654              ,49.130              ,19.393              ,52.160              ,14.898              ,35.778              ,1940.000            ,1940.000            ,2425.000            ,2425.000            ,1940.000            ,1940.000            ,2450.000            ,2450.000            ,2450.000            ,0.706,0.706,0.964,0.96,0.795,0.795,0.776,0.776,14.807,4590.0,14670.0,18.867,240.0,53.0
2026-07-08 03:10:05,55.0,69.000              ,712.285,428.0,1067.0,0.0,55.25,55.250              ,55.25,55.25,55.25,55.25,55.25,55.25,55.25,33.637              ,28.380              ,61.341              ,33.124              ,46.490              ,20.604              ,49.075              ,11.784              ,35.554              ,1980.000            ,1980.000            ,2475.000            ,2450.000            ,1980.000            ,1980.000            ,1980.000            ,1980.000            ,2475.000            ,0.724,0.726,1.108,1.11,0.815,0.817,0.75,0.75,15.088,4594.0,14670.0,19.114,241.0,52.32
2026-07-08 03:10:06,55.0,70.000              ,712.285,400.0,1200.0,0.0,55.25,55.250              ,55.25,55.25,55.25,55.25,55.25,55.25,55.25,30.608              ,27.350              ,54.560              ,36.512              ,46.778              ,15.862              ,45.459              ,12.926              ,33.757              ,2080.000            ,2080.000            ,2600.000            ,2600.000            ,2080.000            ,2080.000            ,2080.000            ,2080.000            ,2600.000            ,0.77,0.768,1.238,1.235,0.862,0.861,0.788,0.789,14.99,4594.0,14666.0,19.264,242.0,51.91
2026-07-08 03:10:07,55.0,69.000              ,712.289,200.0,1200.0,0.0,55.25,55.250              ,55.25,55.25,55.25,55.25,55.25,55.25,55.25,30.936              ,25.787              ,54.606              ,32.756              ,40.974              ,16.353              ,50.586              ,9.287               ,32.661              ,2140.000            ,2140.000            ,2675.000            ,2675.000            ,2140.000            ,2140.000            ,2140.000            ,2140.000            ,2675.000            ,0.784,0.784,1.205,1.205,0.835,0.835,0.882,0.883,14.811,4593.0,14666.0,17.981,243.0,55.61
2026-07-08 03:10:08,55.0,68.000              ,712.285,500.0,1067.0,0.0,55.25,55.250              ,55.25,55.25,55.25,55.25,55.25,55.25,55.25,35.213              ,25.563              ,60.265              ,27.255              ,45.084              ,12.451              ,42.688              ,11.979              ,32.562              ,2200.000            ,2200.000            ,2750.000            ,2750.000            ,2200.000            ,2200.000            ,2200.000            ,2200.000            ,2750.000            ,0.82,0.82,1.225,1.226,0.837,0.844,0.818,0.816,15.23,4593.0,14666.0,18.261,244.0,54.76
2026-07-08 03:10:09,55.0,69.000              ,711.277,533.0,1200.0,0.0,55.25,55.250              ,55.25,55.25,55.25,55.25,55.25,55.25,55.25,30.636              ,26.837              ,46.460              ,34.104              ,52.307              ,14.900              ,41.132              ,13.359              ,32.467              ,2060.000            ,2060.000            ,2575.000            ,2600.000            ,2080.000            ,2080.000            ,2080.000            ,2080.000            ,2600.000            ,0.717,0.717,1.003,1.002,0.912,0.905,0.725,0.727,15.004,4598.0,14665.0,24.615,245.0,40.63
2026-07-08 03:10:10,55.0,69.000              ,711.281,200.0,1200.0,0.0,55.25,55.250              ,55.25,55.25,55.25,55.25,55.25,55.25,55.25,32.134              ,23.414              ,35.528              ,32.187              ,51.138              ,12.495              ,37.337              ,8.581               ,29.102              ,2080.000            ,2080.000            ,2600.000            ,2600.000            ,2080.000            ,2080.000            ,2060.000            ,2060.000            ,2600.000            ,0.78,0.78,0.932,0.932,0.959,0.959,0.694,0.693,14.839,4599.0,14665.0,17.674,246.0,56.58
2026-07-08 03:10:11,55.0,68.000              ,712.293,420.0,1067.0,0.0,55.25,55.250              ,55.25,55.25,55.25,55.25,55.25,55.25,55.25,30.757              ,23.126              ,41.974              ,36.308              ,44.945              ,11.133              ,38.746              ,6.785               ,29.222              ,2200.000            ,2200.000            ,2750.000            ,2750.000            ,2750.000            ,2750.000            ,2200.000            ,2200.000            ,2750.000            ,0.844,0.844,1.177,1.18,0.883,0.883,0.718,0.718,15.092,4601.0,14666.0,17.318,247.0,57.74
2026-07-08 03:10:12,55.0,70.000              ,712.043,364.0,1200.0,0.0,55.25,55.250              ,55.25,55.25,55.25,55.25,55.25,55.25,55.25,30.349              ,21.124              ,55.871              ,29.399              ,42.007              ,8.839               ,39.820              ,8.523               ,29.492              ,2220.000            ,2220.000            ,2775.000            ,2775.000            ,2220.000            ,2220.000            ,2220.000            ,2220.000            ,2775.000            ,0.792,0.792,1.31,1.308,0.811,0.811,0.76,0.76,15.222,4601.0,14665.0,17.56,248.0,56.95
2026-07-08 03:10:13,55.0,69.000              ,712.102,358.0,1200.0,0.0,55.25,55.250              ,55.25,55.25,55.25,55.25,55.25,55.25,55.25,28.707              ,24.364              ,64.527              ,28.055              ,53.507              ,9.561               ,36.284              ,7.523               ,31.566              ,2200.000            ,2200.000            ,2750.000            ,2750.000            ,2200.000            ,2200.000            ,2200.000            ,2200.000            ,2750.000            ,0.793,0.793,1.308,1.306,0.892,0.892,0.709,0.709,15.015,4601.0,14663.0,17.601,249.0,56.81
2026-07-08 03:10:14,55.0,67.000              ,700.277,200.0,1067.0,0.0,55.25,55.250              ,55.25,55.25,55.25,55.25,55.25,55.25,55.25,36.620              ,19.876              ,61.637              ,26.089              ,58.482              ,12.362              ,46.400              ,10.735              ,34.025              ,2160.000            ,2160.000            ,2700.000            ,2700.000            ,2160.000            ,2160.000            ,2160.000            ,2160.000            ,2700.000            ,0.767,0.767,1.138,1.141,0.875,0.875,0.767,0.767,14.955,4601.0,14657.0,19.628,250.0,50.95
2026-07-08 03:10:15,55.0,67.000              ,713.707,581.0,1067.0,0.0,55.25,55.250              ,55.25,55.25,55.25,55.25,55.25,55.25,55.25,30.098              ,20.006              ,67.856              ,25.536              ,54.324              ,10.104              ,42.993              ,9.829               ,32.593              ,2140.000            ,2140.000            ,2650.000            ,2650.000            ,2140.000            ,2140.000            ,2140.000            ,2140.000            ,2650.000            ,0.759,0.759,1.286,1.27,0.898,0.898,0.785,0.785,15.184,4601.0,14666.0,22.628,251.0,44.19
2026-07-08 03:10:16,55.0,71.000              ,713.215,516.0,1200.0,0.0,55.25,55.250              ,55.25,55.25,55.25,55.25,55.25,55.25,55.25,32.354              ,25.847              ,64.188              ,27.716              ,53.226              ,13.429              ,43.857              ,15.723              ,34.543              ,2040.000            ,2040.000            ,2550.000            ,2550.000            ,2060.000            ,2060.000            ,2060.000            ,2060.000            ,2550.000            ,0.688,0.688,1.118,1.128,0.805,0.805,0.749,0.749,15.012,4605.0,14666.0,18.584,252.0,53.81
2026-07-08 03:10:17,55.0,71.000              ,713.211,516.0,1067.0,0.0,55.25,55.250              ,55.25,55.25,55.25,55.25,55.25,55.25,55.25,32.042              ,19.714              ,55.779              ,30.301              ,55.650              ,9.066               ,44.585              ,11.444              ,32.323              ,2040.000            ,2040.000            ,2550.000            ,2550.000            ,2040.000            ,2040.000            ,2040.000            ,2040.000            ,2550.000            ,0.713,0.713,1.116,1.119,0.843,0.843,0.752,0.752,15.019,4605.0,14667.0,18.327,253.0,54.56
2026-07-08 03:10:18,55.0,69.000              ,713.211,525.0,1200.0,0.0,55.25,55.250              ,55.25,55.25,55.25,55.25,55.25,55.25,55.25,36.877              ,25.191              ,57.238              ,32.270              ,58.955              ,16.798              ,49.149              ,17.726              ,36.775              ,2040.000            ,2040.000            ,2550.000            ,2550.000            ,2040.000            ,2040.000            ,2040.000            ,2040.000            ,2550.000            ,0.711,0.711,1.015,1.014,0.888,0.888,0.791,0.791,15.336,4611.0,14664.0,21.991,254.0,45.47
2026-07-08 03:10:19,55.0,70.000              ,708.715,406.0,1067.0,0.0,55.25,55.250              ,55.25,55.25,55.25,55.25,55.25,55.25,55.25,39.849              ,23.764              ,52.304              ,36.286              ,54.930              ,16.562              ,45.763              ,16.854              ,35.789              ,1780.000            ,1780.000            ,2225.000            ,2225.000            ,1760.000            ,1760.000            ,1780.000            ,1780.000            ,2225.000            ,0.694,0.694,0.989,0.988,0.771,0.771,0.696,0.696,14.606,4610.0,14657.0,23.778,255.0,42.06
2026-07-08 03:10:20,55.0,70.000              ,709.719,428.0,1067.0,0.0,55.25,55.250              ,55.25,55.25,55.25,55.25,55.25,55.25,55.25,34.035              ,15.402              ,55.596              ,32.461              ,47.268              ,10.061              ,41.955              ,6.239               ,30.377              ,2140.000            ,2140.000            ,2675.000            ,2675.000            ,2140.000            ,2140.000            ,2140.000            ,2140.000            ,2675.000            ,0.801,0.792,1.279,1.279,0.871,0.877,0.732,0.732,15.06,4622.0,14658.0,17.515,256.0,57.09
2026-07-08 03:10:21,55.0,70.000              ,709.711,381.0,1200.0,0.0,55.25,55.250              ,55.25,55.25,55.25,55.25,55.25,55.25,55.25,32.105              ,25.170              ,56.247              ,28.256              ,44.030              ,15.909              ,56.099              ,7.267               ,33.136              ,2100.000            ,2100.000            ,2625.000            ,2625.000            ,2100.000            ,2100.000            ,2100.000            ,2100.000            ,2625.000            ,0.79,0.799,1.164,1.164,0.847,0.841,0.859,0.859,15.224,4622.0,14658.0,22.314,257.0,44.81
2026-07-08 03:10:22,55.0,69.000              ,709.719,200.0,1067.0,0.0,55.25,55.250              ,55.25,55.25,55.25,55.25,55.25,55.25,55.25,31.758              ,25.710              ,59.141              ,30.136              ,49.407              ,11.514              ,55.027              ,6.506               ,33.650              ,2100.000            ,2100.000            ,2625.000            ,2625.000            ,2100.000            ,2100.000            ,2100.000            ,2100.000            ,2625.000            ,0.744,0.744,1.162,1.162,0.821,0.821,0.793,0.793,14.867,4621.0,14653.0,19.514,258.0,51.25
2026-07-08 03:10:23,55.0,69.000              ,712.277,525.0,1067.0,0.0,55.25,55.250              ,55.25,55.25,55.25,55.25,55.25,55.25,55.25,29.534              ,28.422              ,62.915              ,29.396              ,48.348              ,14.745              ,46.609              ,7.540               ,33.439              ,2080.000            ,2080.000            ,2575.000            ,2575.000            ,2080.000            ,2080.000            ,2080.000            ,2080.000            ,2575.000            ,0.741,0.741,1.204,1.193,0.837,0.838,0.746,0.746,15.084,4622.0,14657.0,19.29,259.0,51.84
2026-07-08 03:10:24,55.0,69.000              ,712.52,200.0,1200.0,0.0,55.25,55.250              ,55.25,55.25,55.25,55.25,55.25,55.25,55.25,36.906              ,25.049              ,57.236              ,31.599              ,52.364              ,13.642              ,51.029              ,11.503              ,34.916              ,2040.000            ,2040.000            ,2550.000            ,2575.000            ,2060.000            ,2060.000            ,2060.000            ,2060.000            ,2575.000            ,0.704,0.704,1.034,1.042,0.826,0.825,0.756,0.759,15.298,4621.0,14657.0,18.298,260.0,54.65
2026-07-08 03:10:25,55.0,69.000              ,714.02,590.0,1067.0,0.0,55.25,55.250              ,55.25,55.25,55.25,55.25,55.25,55.25,55.25,36.847              ,28.321              ,50.566              ,35.262              ,58.998              ,15.150              ,55.310              ,11.697              ,36.519              ,1880.000            ,1880.000            ,2325.000            ,2325.000            ,2325.000            ,2325.000            ,2350.000            ,2350.000            ,2350.000            ,0.679,0.679,0.94,0.94,0.794,0.796,0.728,0.725,14.899,4621.0,14659.0,20.265,261.0,49.35
2026-07-08 03:10:26,55.0,69.000              ,714.027,525.0,1067.0,0.0,55.125,55.125              ,55.125,55.125,55.125,55.125,55.125,55.125,55.125,34.852              ,24.508              ,60.060              ,27.380              ,54.759              ,13.044              ,46.917              ,9.880               ,33.925              ,1900.000            ,1900.000            ,2375.000            ,2375.000            ,1900.000            ,1900.000            ,1900.000            ,1900.000            ,2375.000            ,0.687,0.687,1.02,1.02,0.791,0.791,0.679,0.679,15.11,4621.0,14660.0,18.343,262.0,54.52
2026-07-08 03:10:27,55.0,69.000              ,714.031,200.0,1200.0,0.0,55.125,55.125              ,55.125,55.125,55.125,55.125,55.125,55.125,55.125,36.570              ,24.415              ,52.485              ,40.751              ,53.654              ,13.917              ,46.335              ,11.682              ,34.976              ,1980.000            ,1980.000            ,2475.000            ,2475.000            ,1980.000            ,1980.000            ,1980.000            ,2000.000            ,2475.000            ,0.687,0.687,1.068,1.071,0.779,0.777,0.678,0.678,14.763,4628.0,14659.0,18.915,263.0,52.87
2026-07-08 03:10:28,55.0,68.000              ,713.656,476.0,1200.0,0.0,55.125,55.125              ,55.125,55.125,55.125,55.125,55.125,55.125,55.125,28.720              ,19.992              ,42.212              ,33.688              ,49.463              ,9.968               ,46.448              ,5.140               ,29.454              ,2120.000            ,2120.000            ,2650.000            ,2650.000            ,2120.000            ,2120.000            ,2120.000            ,2120.000            ,2650.000            ,0.765,0.765,1.186,1.183,0.883,0.883,0.771,0.771,15.115,4628.0,14659.0,17.462,264.0,57.27
2026-07-08 03:10:29,55.0,70.000              ,713.656,435.0,1200.0,0.0,55.125,55.125              ,55.125,55.125,55.125,55.125,55.125,55.125,55.125,27.470              ,24.568              ,48.366              ,35.631              ,52.817              ,7.206               ,55.610              ,7.125               ,32.349              ,2160.000            ,2160.000            ,2700.000            ,2700.000            ,2180.000            ,2180.000            ,2180.000            ,2180.000            ,2700.000            ,0.736,0.736,1.16,1.16,0.859,0.859,0.865,0.865,15.102,4628.0,14660.0,20.484,265.0,48.82
2026-07-08 03:10:30,55.0,70.000              ,714.031,400.0,1067.0,0.0,55.125,55.125              ,55.125,55.125,55.125,55.125,55.125,55.125,55.125,28.724              ,26.029              ,55.222              ,30.708              ,56.397              ,10.024              ,50.013              ,9.809               ,33.366              ,2080.000            ,2080.000            ,2600.000            ,2600.000            ,2080.000            ,2080.000            ,2600.000            ,2600.000            ,2600.000            ,0.723,0.725,1.103,1.103,0.869,0.869,0.83,0.83,14.811,4628.0,14659.0,19.063,266.0,52.46
2026-07-08 03:10:31,55.0,69.000              ,714.031,469.0,1200.0,0.0,55.125,55.125              ,55.125,55.125,55.125,55.125,55.125,55.125,55.125,33.096              ,22.752              ,47.905              ,31.232              ,57.648              ,12.291              ,53.366              ,7.706               ,33.250              ,2100.000            ,2100.000            ,2625.000            ,2625.000            ,2100.000            ,2100.000            ,2100.000            ,2100.000            ,2625.000            ,0.746,0.744,1.028,1.028,0.958,0.958,0.825,0.825,15.264,4627.0,14659.0,21.014,267.0,47.59
2026-07-08 03:10:32,55.0,69.000              ,714.031,554.0,1200.0,0.0,55.125,55.125              ,55.125,55.125,55.125,55.125,55.125,55.125,55.125,33.833              ,27.057              ,56.809              ,31.068              ,54.383              ,17.646              ,48.426              ,10.935              ,35.020              ,2060.000            ,2060.000            ,2060.000            ,2060.000            ,2575.000            ,2575.000            ,2575.000            ,2575.000            ,2575.000            ,0.743,0.743,1.045,1.045,0.897,0.897,0.754,0.754,14.972,4626.0,14658.0,22.073,268.0,45.3
2026-07-08 03:10:33,55.0,69.000              ,714.027,581.0,1200.0,0.0,55.125,55.125              ,55.125,55.125,55.125,55.125,55.125,55.125,55.125,35.582              ,24.630              ,59.685              ,31.365              ,55.340              ,10.445              ,44.883              ,9.682               ,33.952              ,2000.000            ,2000.000            ,2475.000            ,2475.000            ,1980.000            ,1980.000            ,1980.000            ,1980.000            ,2475.000            ,0.74,0.741,1.086,1.089,0.798,0.798,0.708,0.708,15.079,4629.0,14659.0,19.132,269.0,52.27
2026-07-08 03:10:34,55.0,70.000              ,703.5,508.0,1200.0,0.0,55.0,55.000              ,55.0,55.0,55.0,55.0,55.0,55.0,55.0,32.500              ,24.576              ,53.463              ,31.433              ,52.584              ,13.407              ,49.999              ,12.695              ,33.832              ,1940.000            ,1940.000            ,2425.000            ,2425.000            ,1940.000            ,1940.000            ,1960.000            ,1960.000            ,2425.000            ,0.672,0.671,0.959,0.957,0.827,0.828,0.759,0.759,15.055,4628.0,14651.0,19.049,270.0,52.5
2026-07-08 03:10:35,55.0,70.000              ,703.25,533.0,1067.0,0.0,55.0,55.000              ,55.0,55.0,55.0,55.0,55.0,55.0,55.0,31.842              ,20.686              ,57.298              ,29.273              ,55.468              ,12.350              ,38.694              ,10.060              ,31.959              ,2080.000            ,2080.000            ,2575.000            ,2575.000            ,2060.000            ,2060.000            ,2060.000            ,2060.000            ,2575.000            ,0.694,0.694,1.102,1.102,0.897,0.896,0.675,0.675,14.828,4628.0,14651.0,18.735,271.0,53.38
2026-07-08 03:10:36,55.0,70.000              ,703.25,469.0,1067.0,0.0,55.0,55.000              ,55.0,55.0,55.0,55.0,55.0,55.0,55.0,29.785              ,19.701              ,58.339              ,32.159              ,46.791              ,12.029              ,46.644              ,8.490               ,31.742              ,2060.000            ,2060.000            ,2575.000            ,2600.000            ,2080.000            ,2080.000            ,2080.000            ,2080.000            ,2600.000            ,0.709,0.71,1.203,1.203,0.799,0.799,0.749,0.757,15.065,4628.0,14650.0,19.009,272.0,52.61
2026-07-08 03:10:37,55.0,71.000              ,703.25,413.0,1200.0,0.0,55.0,55.000              ,55.0,55.0,55.0,55.0,55.0,55.0,55.0,30.299              ,22.197              ,49.926              ,28.754              ,59.653              ,12.350              ,49.269              ,7.827               ,32.534              ,2100.000            ,2100.000            ,2625.000            ,2625.000            ,2100.000            ,2100.000            ,2100.000            ,2100.000            ,2625.000            ,0.766,0.764,1.053,1.053,1.028,1.028,0.816,0.809,15.095,4627.0,14643.0,21.259,273.0,47.04
2026-07-08 03:10:38,55.0,70.000              ,703.25,200.0,1200.0,0.0,55.0,55.000              ,55.0,55.0,55.0,55.0,55.0,55.0,55.0,32.266              ,24.817              ,53.918              ,31.468              ,62.337              ,9.758               ,43.594              ,9.946               ,33.513              ,2160.000            ,2160.000            ,2160.000            ,2160.000            ,2700.000            ,2700.000            ,2160.000            ,2160.000            ,2700.000            ,0.763,0.764,1.134,1.134,0.987,0.987,0.754,0.754,15.137,4625.0,14632.0,19.9,274.0,50.25
2026-07-08 03:10:39,55.0,69.000              ,703.246,461.0,1067.0,0.0,55.0,55.000              ,55.0,55.0,55.0,55.0,55.0,55.0,55.0,34.215              ,21.092              ,47.307              ,32.606              ,63.451              ,9.713               ,41.002              ,7.434               ,32.103              ,2100.000            ,2100.000            ,2600.000            ,2600.000            ,2080.000            ,2080.000            ,2080.000            ,2080.000            ,2600.000            ,0.769,0.768,1.026,1.026,1.023,1.023,0.738,0.738,14.731,4626.0,14633.0,18.98,275.0,52.69
2026-07-08 03:10:40,55.0,70.000              ,703.25,442.0,1067.0,0.0,55.0,55.000              ,55.0,55.0,55.0,55.0,55.0,55.0,55.0,32.244              ,29.063              ,61.378              ,27.654              ,58.269              ,14.560              ,47.189              ,12.282              ,35.330              ,2140.000            ,2140.000            ,2140.000            ,2140.000            ,2675.000            ,2675.000            ,2140.000            ,2140.000            ,2675.000            ,0.748,0.748,1.065,1.069,0.932,0.932,0.765,0.765,15.095,4627.0,14634.0,19.667,276.0,50.85
2026-07-08 03:10:41,55.0,69.000              ,703.25,533.0,1067.0,0.0,55.0,55.000              ,55.0,55.0,55.0,55.0,55.0,55.0,55.0,32.191              ,27.612              ,54.855              ,31.026              ,48.224              ,16.545              ,49.863              ,13.144              ,34.183              ,2080.000            ,2080.000            ,2575.000            ,2575.000            ,2060.000            ,2060.000            ,2080.000            ,2080.000            ,2575.000            ,0.737,0.737,1.038,1.034,0.842,0.847,0.812,0.812,15.156,4626.0,14630.0,20.456,277.0,48.89
2026-07-08 03:10:42,55.0,68.000              ,703.5,200.0,1200.0,0.0,55.0,55.000              ,55.0,55.0,55.0,55.0,55.0,55.0,55.0,50.846              ,36.959              ,54.119              ,53.736              ,61.886              ,24.210              ,52.162              ,17.716              ,43.954              ,2060.000            ,2060.000            ,2060.000            ,2060.000            ,2575.000            ,2575.000            ,2080.000            ,2080.000            ,2575.000            ,0.77,0.77,0.957,0.957,0.809,0.805,0.731,0.731,15.337,4578.0,14635.0,20.884,278.0,47.88
2026-07-08 03:10:43,55.0,68.000              ,714.027,413.0,1200.0,0.0,55.125,55.125              ,55.125,55.125,55.125,55.125,55.125,55.125,55.125,81.117              ,63.814              ,78.762              ,75.976              ,72.542              ,51.002              ,62.117              ,43.459              ,66.099              ,2275.000            ,2275.000            ,2275.000            ,2275.000            ,1820.000            ,1820.000            ,1820.000            ,1820.000            ,2275.000            ,0.886,0.886,0.948,0.952,0.755,0.743,0.668,0.669,15.072,4447.0,14653.0,25.333,279.0,39.47
2026-07-08 03:10:44,55.0,72.000              ,713.652,413.0,1200.0,0.0,55.125,55.125              ,55.125,55.125,55.125,55.125,55.125,55.125,55.125,74.886              ,70.616              ,73.097              ,75.322              ,67.773              ,50.388              ,68.150              ,37.635              ,64.733              ,1683.333            ,1683.333            ,2020.000            ,2020.000            ,1683.333            ,1683.333            ,1683.333            ,1683.333            ,2020.000            ,0.899,0.9,0.937,0.933,0.726,0.738,0.699,0.698,15.046,4309.0,14656.0,19.223,280.0,52.02
2026-07-08 03:10:45,55.0,79.000              ,713.652,640.0,1200.0,0.0,55.125,55.125              ,55.125,55.125,55.125,55.125,55.125,55.125,55.125,38.681              ,33.617              ,47.382              ,49.716              ,59.817              ,19.314              ,47.745              ,14.502              ,38.847              ,1700.000            ,1700.000            ,2040.000            ,2040.000            ,1700.000            ,2020.000            ,1683.333            ,1683.333            ,2040.000            ,0.669,0.669,0.913,0.913,0.752,0.752,0.621,0.621,14.735,4306.0,14656.0,18.928,281.0,52.83
2026-07-08 03:10:46,55.0,74.000              ,713.652,572.0,1067.0,0.0,55.125,55.125              ,55.125,55.125,55.125,55.125,55.125,55.125,55.125,26.568              ,23.072              ,48.040              ,38.898              ,57.431              ,7.635               ,46.418              ,6.475               ,31.817              ,2020.000            ,2020.000            ,2525.000            ,2525.000            ,2020.000            ,2020.000            ,2020.000            ,2040.000            ,2525.000            ,0.67,0.668,1.09,1.09,0.832,0.832,0.697,0.697,14.935,4306.0,14655.0,18.736,282.0,53.37
2026-07-08 03:10:47,55.0,68.000              ,713.656,200.0,1200.0,0.0,55.0,55.000              ,55.0,55.0,55.0,55.0,55.0,55.0,55.0,31.855              ,26.418              ,49.256              ,24.558              ,58.809              ,10.301              ,54.436              ,9.803               ,33.180              ,2000.000            ,2000.000            ,2500.000            ,2500.000            ,2000.000            ,2000.000            ,2020.000            ,2020.000            ,2500.000            ,0.717,0.72,0.812,0.812,0.873,0.873,0.81,0.81,15.028,4314.0,14655.0,18.8,283.0,53.19
2026-07-08 03:10:48,55.0,68.000              ,713.656,581.0,1200.0,0.0,55.0,55.000              ,55.0,55.0,55.0,55.0,55.0,55.0,55.0,39.013              ,23.322              ,47.721              ,35.324              ,65.396              ,14.719              ,45.994              ,9.269               ,35.095              ,1960.000            ,1960.000            ,2450.000            ,2450.000            ,1960.000            ,1960.000            ,1960.000            ,1960.000            ,2450.000            ,0.695,0.692,0.838,0.838,0.9,0.9,0.641,0.641,15.176,4312.0,14653.0,18.687,284.0,53.51
2026-07-08 03:10:49,55.0,69.000              ,713.656,492.0,1067.0,0.0,55.0,55.000              ,55.0,55.0,55.0,55.0,55.0,55.0,55.0,35.010              ,27.573              ,42.913              ,38.081              ,58.316              ,9.359               ,42.501              ,11.522              ,33.159              ,1960.000            ,1960.000            ,1960.000            ,1960.000            ,2450.000            ,2450.000            ,1960.000            ,1960.000            ,2450.000            ,0.68,0.68,0.911,0.912,0.766,0.767,0.618,0.618,15.017,4318.0,14653.0,20.082,285.0,49.8
2026-07-08 03:10:50,55.0,69.000              ,713.285,200.0,1200.0,0.0,55.0,55.000              ,55.0,55.0,55.0,55.0,55.0,55.0,55.0,38.670              ,15.772              ,48.882              ,35.597              ,50.351              ,9.934               ,39.243              ,6.321               ,30.596              ,1940.000            ,1940.000            ,2425.000            ,2425.000            ,1940.000            ,1940.000            ,1940.000            ,1940.000            ,2425.000            ,0.764,0.764,1.033,1.032,0.767,0.766,0.648,0.648,14.731,4318.0,14654.0,17.369,286.0,57.57
2026-07-08 03:10:51,55.0,68.000              ,713.25,508.0,1200.0,0.0,55.0,55.000              ,55.0,55.0,55.0,55.0,55.0,55.0,55.0,35.242              ,25.401              ,53.066              ,35.834              ,54.257              ,11.788              ,46.402              ,6.639               ,33.579              ,2040.000            ,2040.000            ,2550.000            ,2550.000            ,2020.000            ,2020.000            ,2020.000            ,2020.000            ,2550.000            ,0.769,0.771,1.118,1.118,0.833,0.834,0.696,0.696,15.27,4318.0,14654.0,21.899,287.0,45.66
2026-07-08 03:10:52,55.0,69.000              ,712.277,469.0,1200.0,0.0,55.0,55.000              ,55.0,55.0,55.0,55.0,55.0,55.0,55.0,38.037              ,25.414              ,42.881              ,33.178              ,61.594              ,10.909              ,49.565              ,8.904               ,33.810              ,2040.000            ,2040.000            ,2550.000            ,2550.000            ,2040.000            ,2040.000            ,2040.000            ,2040.000            ,2550.000            ,0.808,0.805,0.944,0.944,0.91,0.909,0.733,0.735,14.869,4318.0,14654.0,23.623,288.0,42.33
2026-07-08 03:10:53,55.0,70.000              ,705.262,600.0,1200.0,0.0,55.0,55.000              ,55.0,55.0,55.0,55.0,55.0,55.0,55.0,39.652              ,22.065              ,39.592              ,33.504              ,61.004              ,16.559              ,55.746              ,9.156               ,34.660              ,2100.000            ,2100.000            ,2100.000            ,2100.000            ,2625.000            ,2625.000            ,2120.000            ,2120.000            ,2625.000            ,0.79,0.79,0.831,0.831,1.029,1.017,0.792,0.792,15.133,4317.0,14649.0,22.158,289.0,45.13
2026-07-08 03:10:54,55.0,70.000              ,705.262,590.0,1067.0,0.0,55.0,55.000              ,55.0,55.0,55.0,55.0,55.0,55.0,55.0,37.294              ,23.801              ,37.864              ,35.585              ,63.896              ,17.104              ,54.749              ,10.911              ,35.150              ,1960.000            ,1960.000            ,1960.000            ,1960.000            ,2450.000            ,2450.000            ,1960.000            ,1960.000            ,2450.000            ,0.667,0.671,0.803,0.803,0.974,0.985,0.726,0.725,15.149,4317.0,14648.0,19.683,290.0,50.81
2026-07-08 03:10:55,55.0,71.000              ,694.73,590.0,1067.0,0.0,55.0,55.000              ,55.0,55.0,55.0,55.0,55.0,55.0,55.0,36.575              ,26.808              ,39.816              ,32.401              ,61.376              ,16.127              ,55.374              ,10.644              ,34.890              ,1980.000            ,1980.000            ,1980.000            ,2000.000            ,2500.000            ,2500.000            ,2000.000            ,2000.000            ,2500.000            ,0.672,0.668,0.733,0.733,0.926,0.928,0.741,0.741,15.008,4316.0,14639.0,20.357,291.0,49.12
2026-07-08 03:10:56,55.0,70.000              ,694.73,610.0,1200.0,0.0,55.0,55.000              ,55.0,55.0,55.0,55.0,55.0,55.0,55.0,35.236              ,25.625              ,39.859              ,33.452              ,62.697              ,15.646              ,52.863              ,9.995               ,34.422              ,1940.000            ,1940.000            ,1940.000            ,1960.000            ,2450.000            ,2450.000            ,1960.000            ,1960.000            ,2450.000            ,0.663,0.664,0.769,0.769,0.943,0.941,0.693,0.693,14.919,4316.0,14638.0,19.139,292.0,52.25
2026-07-08 03:10:57,54.0,69.000              ,694.73,581.0,1067.0,0.0,54.875,54.875              ,54.875,54.875,54.875,54.875,54.875,54.875,54.875,37.067              ,23.356              ,42.319              ,30.337              ,60.642              ,15.092              ,58.483              ,8.448               ,34.468              ,1920.000            ,1940.000            ,1940.000            ,1940.000            ,2425.000            ,2425.000            ,1920.000            ,1920.000            ,2425.000            ,0.66,0.658,0.698,0.698,0.919,0.919,0.726,0.726,15.079,4316.0,14638.0,18.498,293.0,54.06
2026-07-08 03:10:58,54.0,69.000              ,694.734,200.0,1200.0,0.0,54.875,54.875              ,54.875,54.875,54.875,54.875,54.875,54.875,54.875,32.281              ,21.312              ,39.640              ,25.061              ,60.879              ,13.269              ,55.675              ,8.942               ,32.132              ,1980.000            ,1980.000            ,1980.000            ,1980.000            ,2475.000            ,2475.000            ,1980.000            ,1980.000            ,2475.000            ,0.668,0.668,0.698,0.689,0.947,0.947,0.783,0.783,15.011,4315.0,14627.0,18.913,294.0,52.87
2026-07-08 03:10:59,54.0,68.000              ,694.734,581.0,1200.0,0.0,54.875,54.875              ,54.875,54.875,54.875,54.875,54.875,54.875,54.875,32.229              ,22.490              ,40.947              ,32.376              ,60.215              ,16.793              ,54.772              ,10.884              ,33.838              ,2040.000            ,2040.000            ,2040.000            ,2040.000            ,2550.000            ,2575.000            ,2060.000            ,2060.000            ,2575.000            ,0.639,0.633,0.763,0.773,0.966,0.966,0.75,0.749,15.03,4315.0,14626.0,18.558,295.0,53.89
2026-07-08 03:11:00,54.0,69.000              ,694.738,469.0,1200.0,0.0,54.875,54.875              ,54.875,54.875,54.875,54.875,54.875,54.875,54.875,33.588              ,24.900              ,43.669              ,36.651              ,59.648              ,18.989              ,57.535              ,11.001              ,35.748              ,1980.000            ,1980.000            ,1960.000            ,1960.000            ,2450.000            ,2450.000            ,2450.000            ,2450.000            ,2450.000            ,0.676,0.683,0.861,0.861,0.968,0.97,0.786,0.786,15.144,4321.0,14629.0,20.675,296.0,48.37
2026-07-08 03:11:01,54.0,69.000              ,694.742,461.0,1067.0,0.0,54.875,54.875              ,54.875,54.875,54.875,54.875,54.875,54.875,54.875,44.724              ,25.058              ,55.195              ,38.374              ,51.734              ,23.197              ,52.993              ,10.296              ,37.696              ,1800.000            ,1800.000            ,2250.000            ,2250.000            ,1800.000            ,1800.000            ,1800.000            ,1800.000            ,2250.000            ,0.742,0.742,0.982,0.982,0.806,0.804,0.656,0.656,14.891,4337.0,14631.0,21.164,297.0,47.25
2026-07-08 03:11:02,54.0,68.000              ,694.73,508.0,1067.0,0.0,54.875,54.875              ,54.875,54.875,54.875,54.875,54.875,54.875,54.875,29.906              ,27.255              ,58.741              ,26.746              ,53.818              ,14.608              ,44.884              ,13.402              ,33.670              ,2040.000            ,2040.000            ,2550.000            ,2550.000            ,2040.000            ,2040.000            ,2020.000            ,2020.000            ,2550.000            ,0.717,0.719,1.051,1.053,0.876,0.876,0.732,0.732,14.986,4337.0,14631.0,21.201,298.0,47.17
2026-07-08 03:11:03,54.0,68.000              ,694.734,545.0,1200.0,0.0,54.875,54.875              ,54.875,54.875,54.875,54.875,54.875,54.875,54.875,36.167              ,30.478              ,54.067              ,36.754              ,51.636              ,19.435              ,47.600              ,11.696              ,35.979              ,2040.000            ,2040.000            ,2575.000            ,2575.000            ,2060.000            ,2060.000            ,2060.000            ,2060.000            ,2575.000            ,0.753,0.754,1.108,1.108,0.849,0.851,0.703,0.703,15.352,4340.0,14631.0,24.885,299.0,40.18
2026-07-08 03:11:04,55.0,70.000              ,685.945,428.0,1200.0,0.0,55.0,55.000              ,55.0,55.0,55.0,55.0,55.0,55.0,55.0,56.699              ,46.280              ,54.337              ,61.956              ,65.494              ,32.972              ,61.661              ,32.419              ,51.477              ,1733.333            ,1733.333            ,2060.000            ,2060.000            ,1716.667            ,1716.667            ,1716.667            ,1716.667            ,2060.000            ,0.771,0.772,0.915,0.918,0.784,0.783,0.72,0.721,15.189,4364.0,14603.0,27.262,300.0,36.68
2026-07-08 03:11:05,55.0,72.000              ,686.145,200.0,1067.0,0.0,55.0,55.000              ,55.0,55.0,55.0,55.0,55.0,55.0,55.0,45.803              ,32.172              ,40.461              ,59.321              ,64.332              ,22.412              ,55.526              ,18.831              ,42.357              ,1616.667            ,1616.667            ,1940.000            ,1940.000            ,1616.667            ,1616.667            ,1616.667            ,1616.667            ,1940.000            ,0.676,0.674,0.908,0.905,0.744,0.746,0.653,0.651,14.671,4360.0,14588.0,22.871,301.0,43.72
2026-07-08 03:11:06,55.0,69.000              ,686.145,450.0,1200.0,0.0,55.0,55.000              ,55.0,55.0,55.0,55.0,55.0,55.0,55.0,55.487              ,42.135              ,64.576              ,54.874              ,68.476              ,45.833              ,61.510              ,33.268              ,53.270              ,1760.000            ,1760.000            ,2200.000            ,2200.000            ,1760.000            ,1760.000            ,1760.000            ,1760.000            ,2200.000            ,0.71,0.709,0.936,0.934,0.883,0.881,0.755,0.751,15.185,4402.0,14596.0,22.058,302.0,45.34
2026-07-08 03:11:07,55.0,71.000              ,686.145,442.0,1067.0,0.0,55.0,55.000              ,55.0,55.0,55.0,55.0,55.0,55.0,55.0,32.275              ,30.716              ,56.765              ,33.789              ,54.019              ,12.635              ,49.895              ,12.366              ,35.308              ,1650.000            ,1666.667            ,2000.000            ,2000.000            ,1666.667            ,1666.667            ,1683.333            ,1683.333            ,2000.000            ,0.657,0.659,0.966,0.956,0.738,0.738,0.695,0.7,14.766,4389.0,14583.0,25.368,303.0,39.42
2026-07-08 03:11:08,55.0,73.000              ,686.141,500.0,1067.0,0.0,55.0,55.000              ,55.0,55.0,55.0,55.0,55.0,55.0,55.0,26.655              ,27.628              ,62.373              ,30.700              ,47.868              ,12.680              ,48.179              ,9.432               ,33.189              ,2040.000            ,2040.000            ,2550.000            ,2525.000            ,2040.000            ,2040.000            ,2040.000            ,2040.000            ,2550.000            ,0.693,0.69,1.19,1.203,0.796,0.801,0.764,0.762,15.035,4389.0,14573.0,18.588,304.0,53.8
2026-07-08 03:11:09,55.0,70.000              ,686.141,572.0,1067.0,0.0,55.0,55.000              ,55.0,55.0,55.0,55.0,55.0,55.0,55.0,31.710              ,27.110              ,67.728              ,25.030              ,46.312              ,12.931              ,43.928              ,10.683              ,33.179              ,2000.000            ,2000.000            ,2525.000            ,2525.000            ,2020.000            ,2020.000            ,2020.000            ,2020.000            ,2525.000            ,0.705,0.705,1.166,1.166,0.766,0.761,0.705,0.705,15.071,4389.0,14573.0,18.816,305.0,53.15
2026-07-08 03:11:10,55.0,71.000              ,686.148,659.0,1200.0,0.0,55.0,55.000              ,55.0,55.0,55.0,55.0,55.0,55.0,55.0,28.701              ,26.068              ,62.591              ,30.436              ,43.162              ,14.108              ,40.562              ,11.356              ,32.123              ,2000.000            ,2000.000            ,2525.000            ,2525.000            ,2020.000            ,2020.000            ,2020.000            ,2020.000            ,2525.000            ,0.664,0.664,1.16,1.16,0.747,0.747,0.677,0.679,14.953,4389.0,14573.0,22.215,306.0,45.01
2026-07-08 03:11:11,55.0,71.000              ,686.145,492.0,1067.0,0.0,55.0,55.000              ,55.0,55.0,55.0,55.0,55.0,55.0,55.0,30.571              ,22.213              ,40.431              ,32.563              ,46.849              ,10.287              ,37.008              ,6.609               ,28.316              ,2000.000            ,1980.000            ,2475.000            ,2475.000            ,1980.000            ,1980.000            ,1980.000            ,1980.000            ,2475.000            ,0.71,0.71,1.011,1.011,0.784,0.786,0.634,0.624,14.878,4389.0,14573.0,17.716,307.0,56.45
2026-07-08 03:11:12,55.0,71.000              ,686.148,442.0,1200.0,0.0,55.0,55.000              ,55.0,55.0,55.0,55.0,55.0,55.0,55.0,29.262              ,24.168              ,38.945              ,36.127              ,46.778              ,12.636              ,39.275              ,8.128               ,29.415              ,2060.000            ,2060.000            ,2575.000            ,2575.000            ,2060.000            ,2060.000            ,2060.000            ,2060.000            ,2575.000            ,0.736,0.736,1.067,1.067,0.837,0.835,0.717,0.726,15.144,4389.0,14572.0,18.121,308.0,55.18
2026-07-08 03:11:13,55.0,69.000              ,686.148,200.0,1200.0,0.0,55.0,55.000              ,55.0,55.0,55.0,55.0,55.0,55.0,55.0,29.847              ,25.417              ,46.860              ,39.729              ,43.997              ,11.466              ,34.799              ,12.689              ,30.600              ,2180.000            ,2180.000            ,2725.000            ,2725.000            ,2180.000            ,2180.000            ,2180.000            ,2180.000            ,2725.000            ,0.783,0.783,1.263,1.265,0.795,0.795,0.737,0.737,15.113,4388.0,14572.0,19.345,309.0,51.69
2026-07-08 03:11:14,55.0,68.000              ,686.145,435.0,1067.0,0.0,55.0,55.000              ,55.0,55.0,55.0,55.0,55.0,55.0,55.0,30.050              ,24.262              ,56.119              ,30.888              ,45.825              ,14.143              ,42.199              ,10.491              ,31.747              ,2060.000            ,2060.000            ,2575.000            ,2575.000            ,2060.000            ,2060.000            ,2060.000            ,2060.000            ,2575.000            ,0.711,0.711,1.121,1.119,0.794,0.794,0.757,0.757,14.914,4388.0,14572.0,18.834,310.0,53.1
2026-07-08 03:11:15,55.0,69.000              ,686.516,406.0,1200.0,0.0,55.0,55.000              ,55.0,55.0,55.0,55.0,55.0,55.0,55.0,26.929              ,27.341              ,62.690              ,29.098              ,47.294              ,10.397              ,42.275              ,10.093              ,32.015              ,2120.000            ,2120.000            ,2650.000            ,2625.000            ,2100.000            ,2100.000            ,2100.000            ,2100.000            ,2650.000            ,0.757,0.757,1.219,1.219,0.809,0.809,0.795,0.795,14.957,4388.0,14573.0,18.166,311.0,55.05
2026-07-08 03:11:16,55.0,69.000              ,686.523,484.0,1067.0,0.0,55.0,55.000              ,55.0,55.0,55.0,55.0,55.0,55.0,55.0,28.027              ,28.327              ,53.511              ,34.733              ,55.656              ,13.815              ,46.663              ,12.852              ,34.198              ,2080.000            ,2080.000            ,2600.000            ,2625.000            ,2100.000            ,2100.000            ,2100.000            ,2100.000            ,2625.000            ,0.719,0.719,1.093,1.094,0.867,0.87,0.809,0.809,15.159,4393.0,14573.0,19.229,312.0,52.0
2026-07-08 03:11:17,55.0,69.000              ,686.523,610.0,1200.0,0.0,55.0,55.000              ,55.0,55.0,55.0,55.0,55.0,55.0,55.0,34.089              ,26.226              ,35.436              ,35.559              ,51.754              ,11.505              ,41.107              ,8.365               ,30.505              ,2080.000            ,2080.000            ,2600.000            ,2600.000            ,2575.000            ,2575.000            ,2060.000            ,2060.000            ,2600.000            ,0.727,0.727,0.923,0.921,0.848,0.832,0.674,0.674,15.099,4392.0,14573.0,23.8,313.0,42.02
2026-07-08 03:11:18,55.0,69.000              ,686.516,461.0,1067.0,0.0,55.0,55.000              ,55.0,55.0,55.0,55.0,55.0,55.0,55.0,35.686              ,20.098              ,37.819              ,37.912              ,41.103              ,15.590              ,41.692              ,8.984               ,29.861              ,1880.000            ,1880.000            ,2350.000            ,2350.000            ,1880.000            ,1900.000            ,1900.000            ,1900.000            ,2350.000            ,0.702,0.702,1.013,1.013,0.774,0.786,0.684,0.684,15.013,4392.0,14573.0,17.957,314.0,55.69
2026-07-08 03:11:19,55.0,69.000              ,686.52,200.0,1067.0,0.0,55.0,55.000              ,55.0,55.0,55.0,55.0,55.0,55.0,55.0,27.238              ,24.216              ,45.283              ,33.727              ,47.121              ,10.939              ,42.142              ,7.466               ,29.767              ,2140.000            ,2140.000            ,2700.000            ,2700.000            ,2160.000            ,2140.000            ,2140.000            ,2140.000            ,2700.000            ,0.762,0.762,1.188,1.191,0.838,0.838,0.715,0.715,14.966,4392.0,14572.0,17.531,315.0,57.04
2026-07-08 03:11:20,55.0,69.000              ,692.531,406.0,1200.0,0.0,55.0,55.000              ,55.0,55.0,55.0,55.0,55.0,55.0,55.0,44.743              ,26.531              ,46.734              ,36.465              ,51.264              ,19.097              ,54.682              ,11.701              ,36.402              ,2120.000            ,2120.000            ,2650.000            ,2700.000            ,2160.000            ,2160.000            ,2160.000            ,2160.000            ,2700.000            ,0.836,0.838,1.022,1.027,0.875,0.877,0.767,0.767,15.061,4405.0,14585.0,20.351,316.0,49.14
2026-07-08 03:11:21,55.0,69.000              ,692.543,516.0,1200.0,0.0,55.0,55.000              ,55.0,55.0,55.0,55.0,55.0,55.0,55.0,55.052              ,41.280              ,59.453              ,59.136              ,60.126              ,45.025              ,64.281              ,30.091              ,51.806              ,2400.000            ,2400.000            ,2400.000            ,2400.000            ,1920.000            ,1920.000            ,1920.000            ,1920.000            ,2400.000            ,0.746,0.744,0.949,0.941,0.831,0.829,0.758,0.758,15.338,4436.0,14595.0,24.092,317.0,41.51
2026-07-08 03:11:22,55.0,70.000              ,692.539,516.0,1200.0,0.0,55.0,55.000              ,55.0,55.0,55.0,55.0,55.0,55.0,55.0,37.266              ,31.122              ,43.144              ,55.769              ,55.965              ,21.977              ,51.285              ,21.945              ,39.809              ,1816.667            ,1816.667            ,2180.000            ,2180.000            ,2180.000            ,2180.000            ,1816.667            ,1816.667            ,2180.000            ,0.646,0.649,0.986,0.975,0.728,0.728,0.706,0.706,14.803,4448.0,14594.0,17.929,318.0,55.78
2026-07-08 03:11:23,55.0,68.000              ,693.535,364.0,1200.0,0.0,55.0,55.000              ,55.0,55.0,55.0,55.0,55.0,55.0,55.0,25.059              ,29.416              ,38.812              ,35.105              ,53.559              ,8.508               ,35.818              ,8.779               ,29.382              ,2000.000            ,2000.000            ,2500.000            ,2500.000            ,2000.000            ,2000.000            ,2000.000            ,2000.000            ,2500.000            ,0.761,0.759,1.03,1.042,0.925,0.925,0.732,0.732,14.886,4447.0,14594.0,18.495,319.0,54.07
2026-07-08 03:11:24,55.0,67.000              ,691.039,200.0,1200.0,0.0,55.0,55.000              ,55.0,55.0,55.0,55.0,55.0,55.0,55.0,30.642              ,27.437              ,46.137              ,37.194              ,37.406              ,7.368               ,42.163              ,8.633               ,29.623              ,2220.000            ,2220.000            ,2775.000            ,2775.000            ,2220.000            ,2220.000            ,2240.000            ,2240.000            ,2775.000            ,0.849,0.848,1.286,1.29,0.773,0.761,0.802,0.802,14.949,4447.0,14593.0,21.306,320.0,46.94
2026-07-08 03:11:25,55.0,70.000              ,691.035,358.0,1200.0,0.0,55.0,55.000              ,55.0,55.0,55.0,55.0,55.0,55.0,55.0,30.769              ,26.336              ,44.838              ,44.923              ,41.756              ,14.124              ,46.712              ,6.804               ,32.033              ,2140.000            ,2140.000            ,2650.000            ,2650.000            ,2120.000            ,2120.000            ,2120.000            ,2120.000            ,2650.000            ,0.788,0.788,1.325,1.322,0.805,0.818,0.765,0.765,15.168,4447.0,14592.0,19.662,321.0,50.86
2026-07-08 03:11:26,55.0,69.000              ,691.164,400.0,1200.0,0.0,55.0,55.000              ,55.0,55.0,55.0,55.0,55.0,55.0,55.0,40.225              ,25.248              ,49.706              ,37.569              ,43.616              ,12.934              ,50.677              ,8.188               ,33.520              ,2140.000            ,2140.000            ,2675.000            ,2675.000            ,2140.000            ,2140.000            ,2140.000            ,2140.000            ,2675.000            ,0.878,0.878,1.193,1.193,0.833,0.834,0.82,0.82,15.204,4447.0,14593.0,19.52,322.0,51.23
2026-07-08 03:11:27,55.0,68.000              ,693.367,461.0,1200.0,0.0,55.0,55.000              ,55.0,55.0,55.0,55.0,55.0,55.0,55.0,32.875              ,27.236              ,46.599              ,42.445              ,47.237              ,16.406              ,43.594              ,12.764              ,33.645              ,2020.000            ,2020.000            ,2525.000            ,2525.000            ,2020.000            ,2020.000            ,2020.000            ,2020.000            ,2525.000            ,0.768,0.768,1.115,1.118,0.843,0.842,0.741,0.741,14.902,4448.0,14594.0,18.598,323.0,53.77
2026-07-08 03:11:28,55.0,70.000              ,693.363,484.0,1200.0,0.0,55.0,55.000              ,55.0,55.0,55.0,55.0,55.0,55.0,55.0,34.875              ,24.425              ,60.526              ,33.911              ,46.215              ,10.225              ,42.436              ,8.366               ,32.622              ,2100.000            ,2100.000            ,2625.000            ,2625.000            ,2100.000            ,2100.000            ,2100.000            ,2100.000            ,2625.000            ,0.748,0.748,1.295,1.292,0.829,0.829,0.722,0.722,15.065,4448.0,14594.0,18.882,324.0,52.96
2026-07-08 03:11:29,55.0,70.000              ,692.996,200.0,1200.0,0.0,55.0,55.000              ,55.0,55.0,55.0,55.0,55.0,55.0,55.0,33.274              ,21.283              ,50.159              ,34.285              ,42.088              ,10.909              ,47.459              ,4.595               ,30.507              ,2120.000            ,2120.000            ,2650.000            ,2650.000            ,2120.000            ,2120.000            ,2120.000            ,2120.000            ,2650.000            ,0.754,0.754,1.132,1.132,0.829,0.829,0.797,0.797,15.005,4447.0,14593.0,18.726,325.0,53.4
2026-07-08 03:11:30,55.0,69.000              ,692.996,200.0,1200.0,0.0,55.0,55.000              ,55.0,55.0,55.0,55.0,55.0,55.0,55.0,31.181              ,21.110              ,38.215              ,35.039              ,50.749              ,11.187              ,34.978              ,9.653               ,29.014              ,2140.000            ,2140.000            ,2675.000            ,2675.000            ,2140.000            ,2140.000            ,2140.000            ,2140.000            ,2675.000            ,0.731,0.731,1.028,1.028,0.901,0.901,0.694,0.694,14.882,4447.0,14593.0,21.288,326.0,46.97
2026-07-08 03:11:31,55.0,68.000              ,692.988,426.0,1200.0,0.0,55.0,55.000              ,55.0,55.0,55.0,55.0,55.0,55.0,55.0,28.743              ,26.017              ,40.218              ,29.866              ,46.798              ,11.070              ,37.638              ,7.545               ,28.487              ,2140.000            ,2140.000            ,2675.000            ,2675.000            ,2140.000            ,2140.000            ,2140.000            ,2140.000            ,2675.000            ,0.784,0.785,1.05,1.049,0.93,0.93,0.745,0.745,14.976,4447.0,14592.0,17.842,327.0,56.05
2026-07-08 03:11:32,55.0,69.000              ,692.238,387.0,1200.0,0.0,55.0,55.000              ,55.0,55.0,55.0,55.0,55.0,55.0,55.0,26.461              ,28.495              ,47.856              ,30.435              ,54.064              ,8.413               ,34.413              ,10.440              ,30.072              ,2200.000            ,2200.000            ,2750.000            ,2750.000            ,2200.000            ,2200.000            ,2200.000            ,2200.000            ,2750.000            ,0.8,0.8,1.136,1.136,0.949,0.949,0.764,0.767,15.155,4447.0,14592.0,18.902,328.0,52.9
2026-07-08 03:11:33,55.0,69.000              ,692.238,428.0,1200.0,0.0,55.0,55.000              ,55.0,55.0,55.0,55.0,55.0,55.0,55.0,27.431              ,24.508              ,53.151              ,34.978              ,46.684              ,5.211               ,39.089              ,8.041               ,29.887              ,2120.000            ,2120.000            ,2650.000            ,2650.000            ,2120.000            ,2120.000            ,2120.000            ,2120.000            ,2650.000            ,0.784,0.783,1.23,1.233,0.796,0.796,0.762,0.759,15.003,4447.0,14592.0,17.311,329.0,57.77
2026-07-08 03:11:34,55.0,70.000              ,692.238,428.0,1200.0,0.0,55.0,55.000              ,55.0,55.0,55.0,55.0,55.0,55.0,55.0,31.675              ,28.694              ,59.930              ,31.460              ,56.910              ,11.691              ,48.026              ,13.268              ,35.207              ,2160.000            ,2160.000            ,2700.000            ,2700.000            ,2160.000            ,2160.000            ,2160.000            ,2160.000            ,2700.000            ,0.776,0.776,1.222,1.22,0.91,0.91,0.861,0.862,15.463,4447.0,14587.0,18.954,330.0,52.76
2026-07-08 03:11:35,55.0,70.000              ,691.988,400.0,1200.0,0.0,55.0,55.000              ,55.0,55.0,55.0,55.0,55.0,55.0,55.0,27.191              ,27.740              ,61.823              ,34.834              ,50.828              ,7.118               ,40.546              ,9.315               ,32.424              ,1960.000            ,1960.000            ,2450.000            ,2475.000            ,1980.000            ,1980.000            ,1980.000            ,1980.000            ,2475.000            ,0.715,0.715,1.251,1.249,0.765,0.765,0.697,0.696,14.744,4447.0,14585.0,17.829,331.0,56.09
2026-07-08 03:11:36,55.0,69.000              ,689.738,525.0,1200.0,0.0,55.0,55.000              ,55.0,55.0,55.0,55.0,55.0,55.0,55.0,25.166              ,26.784              ,63.019              ,32.395              ,51.027              ,10.412              ,39.368              ,8.924               ,32.137              ,2140.000            ,2140.000            ,2675.000            ,2675.000            ,2140.000            ,2140.000            ,2140.000            ,2140.000            ,2675.000            ,0.737,0.737,1.274,1.274,0.84,0.84,0.723,0.723,15.023,4448.0,14584.0,17.725,332.0,56.42
2026-07-08 03:11:37,55.0,70.000              ,688.238,492.0,1200.0,0.0,55.0,55.000              ,55.0,55.0,55.0,55.0,55.0,55.0,55.0,28.296              ,21.206              ,38.904              ,36.121              ,46.440              ,13.615              ,41.085              ,11.666              ,29.666              ,2040.000            ,2040.000            ,2550.000            ,2550.000            ,2040.000            ,2040.000            ,2040.000            ,2040.000            ,2550.000            ,0.661,0.661,1.049,1.051,0.801,0.801,0.73,0.73,15.005,4448.0,14583.0,23.393,333.0,42.75
2026-07-08 03:11:38,55.0,70.000              ,688.238,200.0,1067.0,0.0,55.0,55.000              ,55.0,55.0,55.0,55.0,55.0,55.0,55.0,26.266              ,22.841              ,36.653              ,40.162              ,46.522              ,12.683              ,37.008              ,9.615               ,28.969              ,2100.000            ,2100.000            ,2625.000            ,2625.000            ,2625.000            ,2625.000            ,2100.000            ,2100.000            ,2625.000            ,0.729,0.729,1.183,1.181,0.879,0.879,0.745,0.745,14.88,4448.0,14583.0,18.091,334.0,55.28
2026-07-08 03:11:39,55.0,69.000              ,688.234,381.0,1200.0,0.0,55.0,55.000              ,55.0,55.0,55.0,55.0,55.0,55.0,55.0,31.454              ,21.452              ,36.256              ,33.049              ,52.270              ,9.722               ,40.420              ,6.325               ,28.868              ,2220.000            ,2220.000            ,2775.000            ,2775.000            ,2200.000            ,2200.000            ,2200.000            ,2200.000            ,2775.000            ,0.827,0.827,1.098,1.098,1.003,1.003,0.782,0.782,15.21,4448.0,14580.0,17.678,335.0,56.57
2026-07-08 03:11:40,55.0,69.000              ,688.23,413.0,1067.0,0.0,55.125,55.125              ,55.125,55.125,55.125,55.125,55.125,55.125,55.125,45.715              ,24.443              ,43.501              ,40.573              ,58.025              ,17.564              ,46.721              ,9.876               ,35.802              ,2140.000            ,2140.000            ,2140.000            ,2700.000            ,2700.000            ,2700.000            ,2160.000            ,2160.000            ,2700.000            ,0.903,0.903,1.03,1.03,1.021,1.021,0.751,0.754,15.01,4448.0,14580.0,22.249,336.0,44.95
2026-07-08 03:11:41,55.0,70.000              ,688.605,370.0,1200.0,0.0,55.125,55.125              ,55.125,55.125,55.125,55.125,55.125,55.125,55.125,38.532              ,17.501              ,40.398              ,38.294              ,59.136              ,12.699              ,53.165              ,8.467               ,33.524              ,2100.000            ,2100.000            ,2600.000            ,2600.000            ,2600.000            ,2600.000            ,2080.000            ,2080.000            ,2600.000            ,0.792,0.792,1.037,1.038,1.01,1.01,0.865,0.863,15.109,4447.0,14580.0,18.729,337.0,53.39
2026-07-08 03:11:42,55.0,70.000              ,696.496,381.0,1200.0,0.0,55.125,55.125              ,55.125,55.125,55.125,55.125,55.125,55.125,55.125,41.737              ,17.275              ,44.230              ,36.331              ,61.961              ,18.678              ,50.694              ,9.007               ,34.989              ,2140.000            ,2140.000            ,2140.000            ,2675.000            ,2140.000            ,2140.000            ,2120.000            ,2120.000            ,2675.000            ,0.814,0.814,0.933,0.934,1.121,1.121,0.814,0.814,15.08,4460.0,14593.0,21.597,338.0,46.3
2026-07-08 03:11:43,55.0,69.000              ,697.625,450.0,1200.0,0.0,55.125,55.125              ,55.125,55.125,55.125,55.125,55.125,55.125,55.125,38.709              ,20.341              ,45.852              ,37.201              ,63.424              ,16.181              ,41.915              ,9.281               ,34.113              ,2120.000            ,2120.000            ,2120.000            ,2120.000            ,2650.000            ,2650.000            ,2120.000            ,2120.000            ,2650.000            ,0.823,0.823,0.941,0.939,1.158,1.158,0.745,0.745,15.018,4460.0,14594.0,19.549,339.0,51.15
2026-07-08 03:11:44,55.0,68.000              ,704.008,492.0,1067.0,0.0,55.125,55.125              ,55.125,55.125,55.125,55.125,55.125,55.125,55.125,32.419              ,20.410              ,42.919              ,33.414              ,58.433              ,15.222              ,48.511              ,10.492              ,32.728              ,2080.000            ,2080.000            ,2080.000            ,2080.000            ,2600.000            ,2600.000            ,2080.000            ,2080.000            ,2600.000            ,0.769,0.769,0.921,0.921,1.097,1.1,0.83,0.83,14.931,4463.0,14604.0,19.502,340.0,51.28
2026-07-08 03:11:45,55.0,70.000              ,704.004,442.0,1200.0,0.0,55.125,55.125              ,55.125,55.125,55.125,55.125,55.125,55.125,55.125,37.889              ,23.606              ,44.156              ,38.583              ,58.032              ,15.789              ,50.418              ,8.102               ,34.572              ,2060.000            ,2060.000            ,2550.000            ,2550.000            ,2040.000            ,2040.000            ,2040.000            ,2040.000            ,2550.000            ,0.803,0.803,0.993,0.993,0.988,0.985,0.793,0.793,15.018,4461.0,14605.0,19.768,341.0,50.59
2026-07-08 03:11:46,55.0,71.000              ,704.008,435.0,1067.0,0.0,55.125,55.125              ,55.125,55.125,55.125,55.125,55.125,55.125,55.125,37.590              ,15.857              ,44.449              ,30.066              ,45.135              ,10.002              ,34.453              ,9.628               ,28.398              ,2100.000            ,2100.000            ,2625.000            ,2650.000            ,2625.000            ,2625.000            ,2100.000            ,2100.000            ,2650.000            ,0.837,0.837,1.114,1.114,0.845,0.845,0.71,0.71,15.016,4461.0,14604.0,24.961,342.0,40.06
2026-07-08 03:11:47,55.0,69.000              ,703.996,393.0,1200.0,0.0,55.125,55.125              ,55.125,55.125,55.125,55.125,55.125,55.125,55.125,39.220              ,16.740              ,40.008              ,38.453              ,54.471              ,9.486               ,38.186              ,6.756               ,30.415              ,2200.000            ,2200.000            ,2750.000            ,2750.000            ,2180.000            ,2180.000            ,2180.000            ,2180.000            ,2750.000            ,0.863,0.863,1.155,1.155,0.916,0.916,0.72,0.72,14.994,4463.0,14604.0,17.91,343.0,55.83
2026-07-08 03:11:48,55.0,69.000              ,703.996,352.0,1200.0,0.0,55.125,55.125              ,55.125,55.125,55.125,55.125,55.125,55.125,55.125,36.882              ,17.130              ,45.118              ,31.982              ,57.244              ,10.708              ,39.745              ,7.325               ,30.767              ,2160.000            ,2160.000            ,2160.000            ,2160.000            ,2700.000            ,2700.000            ,2140.000            ,2140.000            ,2700.000            ,0.878,0.878,1.096,1.096,1.035,1.035,0.778,0.778,15.185,4464.0,14605.0,20.715,344.0,48.27
2026-07-08 03:11:49,55.0,69.000              ,704.0,400.0,1200.0,0.0,55.25,55.250              ,55.25,55.25,55.25,55.25,55.25,55.25,55.25,51.108              ,29.622              ,42.469              ,46.355              ,62.451              ,15.353              ,48.176              ,10.884              ,38.302              ,2140.000            ,2140.000            ,2675.000            ,2675.000            ,2675.000            ,2675.000            ,2140.000            ,2140.000            ,2675.000            ,0.919,0.919,1.025,1.025,0.969,0.969,0.744,0.744,15.13,4471.0,14605.0,35.562,345.0,28.12
2026-07-08 03:11:50,55.0,68.000              ,703.941,200.0,1200.0,0.0,55.25,55.250              ,55.25,55.25,55.25,55.25,55.25,55.25,55.25,33.812              ,15.201              ,56.384              ,21.448              ,62.895              ,11.376              ,52.047              ,6.954               ,32.515              ,2100.000            ,2100.000            ,2100.000            ,2100.000            ,2625.000            ,2625.000            ,2100.000            ,2100.000            ,2625.000            ,0.743,0.743,0.949,0.949,1.066,1.066,0.882,0.882,14.912,4471.0,14605.0,17.498,346.0,57.15
2026-07-08 03:11:51,55.0,68.000              ,703.938,413.0,1067.0,0.0,55.25,55.250              ,55.25,55.25,55.25,55.25,55.25,55.25,55.25,34.849              ,15.518              ,50.786              ,25.965              ,58.427              ,13.743              ,53.623              ,6.098               ,32.376              ,2140.000            ,2140.000            ,2650.000            ,2625.000            ,2100.000            ,2100.000            ,2100.000            ,2100.000            ,2650.000            ,0.737,0.73,0.945,0.945,0.949,0.949,0.835,0.835,14.958,4470.0,14605.0,18.384,347.0,54.4
2026-07-08 03:11:52,55.0,70.000              ,707.984,406.0,1200.0,0.0,55.25,55.250              ,55.25,55.25,55.25,55.25,55.25,55.25,55.25,37.951              ,21.265              ,51.935              ,26.401              ,66.343              ,15.179              ,50.061              ,12.129              ,35.158              ,2080.000            ,2080.000            ,2080.000            ,2080.000            ,2600.000            ,2600.000            ,2080.000            ,2080.000            ,2600.000            ,0.797,0.805,0.869,0.87,1.093,1.093,0.814,0.814,15.11,4472.0,14612.0,23.141,348.0,43.21
2026-07-08 03:11:53,55.0,70.000              ,707.988,484.0,1067.0,0.0,55.25,55.250              ,55.25,55.25,55.25,55.25,55.25,55.25,55.25,34.606              ,19.530              ,41.914              ,30.250              ,60.788              ,17.410              ,57.025              ,6.892               ,33.552              ,2140.000            ,2140.000            ,2140.000            ,2140.000            ,2675.000            ,2675.000            ,2140.000            ,2140.000            ,2675.000            ,0.763,0.763,0.849,0.85,1.072,1.072,0.871,0.871,14.944,4472.0,14611.0,19.202,349.0,52.08
2026-07-08 03:11:54,55.0,70.000              ,707.914,200.0,1200.0,0.0,55.25,55.250              ,55.25,55.25,55.25,55.25,55.25,55.25,55.25,42.240              ,29.372              ,54.659              ,37.297              ,60.384              ,16.546              ,49.867              ,12.739              ,37.888              ,2080.000            ,2080.000            ,2600.000            ,2600.000            ,2600.000            ,2600.000            ,2080.000            ,2080.000            ,2600.000            ,0.834,0.834,1.049,1.046,0.874,0.874,0.776,0.776,15.097,4472.0,14612.0,25.488,350.0,39.23
2026-07-08 03:11:55,55.0,69.000              ,723.078,484.0,1200.0,0.0,55.25,55.250              ,55.25,55.25,55.25,55.25,55.25,55.25,55.25,43.303              ,32.126              ,50.282              ,40.057              ,61.191              ,16.844              ,47.316              ,16.543              ,38.458              ,2060.000            ,2060.000            ,2550.000            ,2550.000            ,2040.000            ,2040.000            ,2040.000            ,2000.000            ,2550.000            ,0.8,0.803,1.001,1.001,0.906,0.908,0.785,0.785,15.088,4494.0,14637.0,25.348,351.0,39.45
2026-07-08 03:11:56,55.0,68.000              ,723.078,413.0,1200.0,0.0,55.25,55.250              ,55.25,55.25,55.25,55.25,55.25,55.25,55.25,43.966              ,19.790              ,42.526              ,36.571              ,56.341              ,13.826              ,46.820              ,9.930               ,33.721              ,2080.000            ,2080.000            ,2600.000            ,2600.000            ,2080.000            ,2080.000            ,2080.000            ,2080.000            ,2600.000            ,0.817,0.814,1.005,1.007,0.866,0.864,0.744,0.744,14.976,4495.0,14637.0,18.141,352.0,55.12
2026-07-08 03:11:57,55.0,67.000              ,723.078,200.0,1200.0,0.0,55.25,55.250              ,55.25,55.25,55.25,55.25,55.25,55.25,55.25,44.901              ,14.979              ,50.965              ,34.911              ,51.912              ,12.349              ,41.371              ,10.481              ,32.734              ,2100.000            ,2100.000            ,2625.000            ,2600.000            ,2080.000            ,2080.000            ,2100.000            ,2100.000            ,2625.000            ,0.842,0.842,1.104,1.105,0.841,0.841,0.761,0.761,14.937,4494.0,14637.0,17.671,353.0,56.59
2026-07-08 03:11:58,55.0,68.000              ,723.125,450.0,1067.0,0.0,55.25,55.250              ,55.25,55.25,55.25,55.25,55.25,55.25,55.25,37.841              ,15.917              ,59.566              ,28.421              ,57.174              ,9.582               ,53.784              ,8.063               ,33.794              ,2140.000            ,2140.000            ,2675.000            ,2675.000            ,2140.000            ,2140.000            ,2140.000            ,2140.000            ,2675.000            ,0.806,0.806,1.147,1.144,0.898,0.9,0.88,0.88,15.107,4494.0,14637.0,17.649,354.0,56.66
2026-07-08 03:11:59,55.0,70.000              ,717.266,375.0,1200.0,0.0,55.25,55.250              ,55.25,55.25,55.25,55.25,55.25,55.25,55.25,41.857              ,17.891              ,58.833              ,27.473              ,64.628              ,16.832              ,47.216              ,11.179              ,35.739              ,2120.000            ,2120.000            ,2650.000            ,2650.000            ,2120.000            ,2120.000            ,2120.000            ,2120.000            ,2650.000            ,0.834,0.834,1.017,1.017,1.085,1.083,0.777,0.777,15.071,4496.0,14634.0,18.3,355.0,54.64
2026-07-08 03:12:00,55.0,69.000              ,717.27,428.0,1200.0,0.0,55.25,55.250              ,55.25,55.25,55.25,55.25,55.25,55.25,55.25,43.976              ,18.933              ,58.876              ,32.262              ,69.263              ,12.931              ,51.231              ,15.190              ,37.833              ,2120.000            ,2120.000            ,2120.000            ,2120.000            ,2650.000            ,2650.000            ,2120.000            ,2120.000            ,2650.000            ,0.815,0.815,1.043,1.043,1.007,1.007,0.817,0.817,15.148,4496.0,14634.0,19.017,356.0,52.58
2026-07-08 03:12:01,55.0,67.000              ,719.727,484.0,1200.0,0.0,55.25,55.250              ,55.25,55.25,55.25,55.25,55.25,55.25,55.25,36.904              ,19.091              ,42.146              ,39.127              ,49.618              ,15.494              ,42.395              ,12.128              ,32.113              ,2060.000            ,2060.000            ,2060.000            ,2060.000            ,2575.000            ,2575.000            ,2060.000            ,2060.000            ,2575.000            ,0.734,0.734,1.035,1.035,0.845,0.845,0.718,0.72,14.967,4498.0,14630.0,23.358,357.0,42.81
2026-07-08 03:12:02,55.0,68.000              ,720.988,393.0,1200.0,0.0,55.25,55.250              ,55.25,55.25,55.25,55.25,55.25,55.25,55.25,38.153              ,19.225              ,38.888              ,43.567              ,48.567              ,14.120              ,42.476              ,9.579               ,31.822              ,2080.000            ,2080.000            ,2600.000            ,2600.000            ,2080.000            ,2080.000            ,2080.000            ,2080.000            ,2600.000            ,0.817,0.817,1.17,1.17,0.833,0.833,0.732,0.732,14.883,4497.0,14629.0,17.688,358.0,56.54
2026-07-08 03:12:03,55.0,70.000              ,726.887,420.0,1067.0,0.0,55.25,55.250              ,55.25,55.25,55.25,55.25,55.25,55.25,55.25,46.185              ,20.857              ,44.162              ,45.088              ,58.774              ,18.093              ,53.949              ,12.869              ,37.497              ,2000.000            ,2000.000            ,2500.000            ,2500.000            ,2000.000            ,2000.000            ,2000.000            ,2000.000            ,2500.000            ,0.838,0.838,1.058,1.06,0.976,0.976,0.835,0.834,15.234,4501.0,14638.0,22.632,359.0,44.19
2026-07-08 03:12:04,55.0,70.000              ,726.887,453.0,1200.0,0.0,55.25,55.250              ,55.25,55.25,55.25,55.25,55.25,55.25,55.25,39.182              ,20.938              ,49.868              ,43.399              ,57.258              ,22.670              ,47.106              ,11.431              ,36.482              ,2100.000            ,2100.000            ,2625.000            ,2625.000            ,2100.000            ,2100.000            ,2100.000            ,2100.000            ,2625.000            ,0.811,0.814,1.178,1.181,0.988,0.988,0.757,0.757,14.907,4500.0,14637.0,19.782,360.0,50.55
2026-07-08 03:12:05,55.0,71.000              ,726.887,413.0,1200.0,0.0,55.25,55.250              ,55.25,55.25,55.25,55.25,55.25,55.25,55.25,43.780              ,17.910              ,49.429              ,24.421              ,63.353              ,12.399              ,51.600              ,11.876              ,34.346              ,2020.000            ,2020.000            ,2525.000            ,2525.000            ,2525.000            ,2525.000            ,2020.000            ,2020.000            ,2525.000            ,0.835,0.833,0.902,0.896,1.041,1.041,0.857,0.857,14.931,4504.0,14637.0,19.061,361.0,52.46
2026-07-08 03:12:06,55.0,70.000              ,726.535,200.0,1200.0,0.0,55.25,55.250              ,55.25,55.25,55.25,55.25,55.25,55.25,55.25,36.192              ,22.773              ,53.449              ,29.126              ,65.898              ,18.524              ,45.866              ,11.828              ,35.457              ,2120.000            ,2120.000            ,2120.000            ,2120.000            ,2650.000            ,2650.000            ,2100.000            ,2100.000            ,2650.000            ,0.792,0.792,0.937,0.937,1.208,1.208,0.799,0.798,15.211,4504.0,14635.0,22.191,362.0,45.06
2026-07-08 03:12:07,55.0,69.000              ,726.535,428.0,1067.0,0.0,55.25,55.250              ,55.25,55.25,55.25,55.25,55.25,55.25,55.25,35.227              ,18.291              ,43.034              ,43.019              ,59.829              ,15.142              ,54.978              ,10.069              ,34.949              ,2060.000            ,2060.000            ,2550.000            ,2550.000            ,2060.000            ,2060.000            ,2060.000            ,2060.000            ,2550.000            ,0.758,0.76,1.126,1.109,0.993,0.993,0.802,0.802,14.866,4504.0,14635.0,19.278,363.0,51.87
2026-07-08 03:12:08,55.0,69.000              ,726.441,442.0,1200.0,0.0,55.25,55.250              ,55.25,55.25,55.25,55.25,55.25,55.25,55.25,40.709              ,21.284              ,49.445              ,38.367              ,57.997              ,16.584              ,52.958              ,9.349               ,35.837              ,2080.000            ,2080.000            ,2080.000            ,2080.000            ,2600.000            ,2600.000            ,2080.000            ,2080.000            ,2600.000            ,0.783,0.782,1.033,1.059,1.001,1.001,0.802,0.802,15.063,4503.0,14633.0,22.013,364.0,45.43
2026-07-08 03:12:09,55.0,70.000              ,726.816,406.0,1200.0,0.0,55.25,55.250              ,55.25,55.25,55.25,55.25,55.25,55.25,55.25,36.963              ,19.456              ,33.518              ,58.067              ,60.094              ,11.591              ,45.196              ,6.933               ,33.977              ,2100.000            ,2100.000            ,2625.000            ,2625.000            ,2100.000            ,2100.000            ,2080.000            ,2080.000            ,2625.000            ,0.79,0.788,1.297,1.272,0.893,0.893,0.723,0.723,15.049,4505.0,14633.0,19.187,365.0,52.12
2026-07-08 03:12:10,55.0,69.000              ,724.566,428.0,1067.0,0.0,55.25,55.250              ,55.25,55.25,55.25,55.25,55.25,55.25,55.25,42.351              ,19.481              ,39.881              ,43.895              ,63.825              ,16.116              ,49.301              ,9.662               ,35.564              ,2080.000            ,2080.000            ,2600.000            ,2600.000            ,2600.000            ,2600.000            ,2080.000            ,2080.000            ,2600.000            ,0.825,0.827,1.061,1.074,1.079,1.082,0.763,0.763,15.092,4505.0,14634.0,18.584,366.0,53.81
2026-07-08 03:12:11,55.0,69.000              ,724.566,413.0,1200.0,0.0,55.25,55.250              ,55.25,55.25,55.25,55.25,55.25,55.25,55.25,41.082              ,17.064              ,47.665              ,31.111              ,61.401              ,15.231              ,48.185              ,11.365              ,34.138              ,2140.000            ,2140.000            ,2140.000            ,2140.000            ,2675.000            ,2675.000            ,2140.000            ,2140.000            ,2675.000            ,0.831,0.829,0.951,0.951,1.122,1.119,0.798,0.798,14.9,4505.0,14633.0,20.384,367.0,49.06
2026-07-08 03:12:12,55.0,69.000              ,724.195,428.0,1200.0,0.0,55.25,55.250              ,55.25,55.25,55.25,55.25,55.25,55.25,55.25,43.819              ,18.502              ,50.366              ,29.221              ,63.225              ,14.506              ,45.942              ,12.512              ,34.762              ,2140.000            ,2140.000            ,2140.000            ,2140.000            ,2700.000            ,2675.000            ,2140.000            ,2140.000            ,2700.000            ,0.891,0.891,0.943,0.943,1.113,1.113,0.806,0.808,15.202,4505.0,14633.0,18.902,368.0,52.9
2026-07-08 03:12:13,55.0,69.000              ,724.191,426.0,1200.0,0.0,55.25,55.250              ,55.25,55.25,55.25,55.25,55.25,55.25,55.25,43.909              ,18.972              ,47.318              ,37.678              ,59.628              ,17.736              ,48.446              ,11.804              ,35.687              ,2120.000            ,2120.000            ,2120.000            ,2120.000            ,2650.000            ,2650.000            ,2120.000            ,2120.000            ,2650.000            ,0.838,0.84,1.028,1.028,0.984,0.984,0.796,0.795,15.105,4505.0,14630.0,18.484,369.0,54.1
2026-07-08 03:12:14,55.0,70.000              ,724.195,442.0,1200.0,0.0,55.25,55.250              ,55.25,55.25,55.25,55.25,55.25,55.25,55.25,39.331              ,18.033              ,42.208              ,54.950              ,58.465              ,14.908              ,49.493              ,13.009              ,36.300              ,2060.000            ,2060.000            ,2060.000            ,2060.000            ,2575.000            ,2575.000            ,2060.000            ,2060.000            ,2575.000            ,0.768,0.769,1.23,1.23,0.859,0.859,0.779,0.779,14.871,4507.0,14631.0,19.403,370.0,51.54
2026-07-08 03:12:15,55.0,69.000              ,737.965,450.0,1067.0,0.0,55.25,55.250              ,55.25,55.25,55.25,55.25,55.25,55.25,55.25,47.405              ,26.329              ,40.777              ,53.362              ,63.406              ,24.063              ,41.662              ,18.490              ,39.437              ,1900.000            ,1900.000            ,2375.000            ,2375.000            ,1900.000            ,1900.000            ,1900.000            ,1900.000            ,2375.000            ,0.781,0.781,1.008,1.009,0.975,0.975,0.708,0.708,15.157,4517.0,14651.0,22.729,371.0,44.0
2026-07-08 03:12:16,55.0,69.000              ,738.117,413.0,1200.0,0.0,55.25,55.250              ,55.25,55.25,55.25,55.25,55.25,55.25,55.25,37.556              ,20.551              ,50.285              ,36.380              ,63.659              ,14.586              ,45.943              ,10.595              ,34.944              ,2120.000            ,2120.000            ,2650.000            ,2650.000            ,2625.000            ,2625.000            ,2100.000            ,2100.000            ,2650.000            ,0.784,0.782,1.036,1.037,1.063,1.063,0.75,0.749,14.965,4517.0,14651.0,18.835,372.0,53.09
2026-07-08 03:12:17,55.0,70.000              ,726.086,200.0,1200.0,0.0,55.25,55.250              ,55.25,55.25,55.25,55.25,55.25,55.25,55.25,41.344              ,15.693              ,45.609              ,35.669              ,64.738              ,14.425              ,39.771              ,13.258              ,33.813              ,2120.000            ,2120.000            ,2120.000            ,2120.000            ,2650.000            ,2650.000            ,2120.000            ,2120.000            ,2650.000            ,0.838,0.825,0.966,0.963,1.127,1.127,0.765,0.765,14.936,4520.0,14643.0,20.349,373.0,49.14
2026-07-08 03:12:18,55.0,68.000              ,726.09,450.0,1067.0,0.0,55.25,55.250              ,55.25,55.25,55.25,55.25,55.25,55.25,55.25,43.988              ,20.516              ,45.128              ,37.110              ,61.402              ,17.600              ,49.577              ,11.880              ,35.900              ,2040.000            ,2040.000            ,2020.000            ,2020.000            ,2525.000            ,2525.000            ,2020.000            ,2020.000            ,2525.000            ,0.841,0.854,1.01,0.999,1.041,1.041,0.789,0.789,15.058,4520.0,14643.0,19.542,374.0,51.17
2026-07-08 03:12:19,55.0,68.000              ,726.086,387.0,1200.0,0.0,55.25,55.250              ,55.25,55.25,55.25,55.25,55.25,55.25,55.25,42.812              ,18.859              ,43.310              ,44.604              ,64.027              ,17.939              ,46.081              ,11.516              ,36.143              ,2080.000            ,2080.000            ,2080.000            ,2060.000            ,2575.000            ,2575.000            ,2060.000            ,2060.000            ,2575.000            ,0.787,0.787,0.998,1.009,1.072,1.072,0.753,0.753,14.995,4520.0,14642.0,18.592,375.0,53.79
2026-07-08 03:12:20,55.0,68.000              ,717.867,413.0,1067.0,0.0,55.25,55.250              ,55.25,55.25,55.25,55.25,55.25,55.25,55.25,37.048              ,19.613              ,42.552              ,45.026              ,59.390              ,15.944              ,46.235              ,12.710              ,34.815              ,2100.000            ,2120.000            ,2650.000            ,2650.000            ,2650.000            ,2650.000            ,2120.000            ,2120.000            ,2650.000            ,0.812,0.812,1.099,1.101,1.025,1.025,0.783,0.783,15.174,4518.0,14635.0,21.132,376.0,47.32
2026-07-08 03:12:21,55.0,69.000              ,717.863,413.0,1200.0,0.0,55.25,55.250              ,55.25,55.25,55.25,55.25,55.25,55.25,55.25,42.913              ,22.232              ,48.442              ,35.014              ,65.738              ,13.623              ,43.836              ,15.329              ,35.891              ,2100.000            ,2100.000            ,2080.000            ,2080.000            ,2600.000            ,2600.000            ,2080.000            ,2080.000            ,2600.000            ,0.81,0.811,0.93,0.928,0.983,0.983,0.771,0.772,15.125,4518.0,14634.0,19.442,377.0,51.44
2026-07-08 03:12:22,55.0,70.000              ,717.742,457.0,1067.0,0.0,55.25,55.250              ,55.25,55.25,55.25,55.25,55.25,55.25,55.25,36.971              ,25.341              ,42.183              ,35.999              ,49.584              ,19.131              ,46.092              ,10.156              ,33.182              ,2040.000            ,2040.000            ,2040.000            ,2040.000            ,2550.000            ,2550.000            ,2040.000            ,2040.000            ,2550.000            ,0.774,0.765,0.94,0.94,0.942,0.942,0.732,0.73,14.716,4517.0,14635.0,26.199,378.0,38.17
2026-07-08 03:12:23,55.0,70.000              ,717.758,200.0,1200.0,0.0,55.25,55.250              ,55.25,55.25,55.25,55.25,55.25,55.25,55.25,34.646              ,25.512              ,51.687              ,33.297              ,38.852              ,17.869              ,42.615              ,11.794              ,32.034              ,2160.000            ,2160.000            ,2700.000            ,2725.000            ,2180.000            ,2180.000            ,2180.000            ,2180.000            ,2725.000            ,0.843,0.855,1.221,1.221,0.876,0.876,0.841,0.841,15.18,4517.0,14621.0,17.817,379.0,56.13
2026-07-08 03:12:24,55.0,68.000              ,721.777,413.0,1067.0,0.0,55.25,55.250              ,55.25,55.25,55.25,55.25,55.25,55.25,55.25,33.506              ,24.419              ,59.134              ,32.645              ,45.569              ,13.356              ,48.381              ,11.520              ,33.566              ,2160.000            ,2160.000            ,2700.000            ,2700.000            ,2160.000            ,2160.000            ,2160.000            ,2160.000            ,2700.000            ,0.806,0.804,1.229,1.229,0.848,0.848,0.86,0.86,15.012,4516.0,14623.0,18.058,380.0,55.38
2026-07-08 03:12:25,55.0,68.000              ,722.082,381.0,1200.0,0.0,55.25,55.250              ,55.25,55.25,55.25,55.25,55.25,55.25,55.25,38.399              ,31.986              ,49.410              ,37.259              ,49.822              ,20.091              ,47.484              ,16.114              ,36.321              ,2100.000            ,2100.000            ,2625.000            ,2625.000            ,2100.000            ,2100.000            ,2100.000            ,2100.000            ,2625.000            ,0.868,0.868,1.116,1.118,0.941,0.941,0.832,0.832,15.121,4517.0,14623.0,18.54,381.0,53.94
2026-07-08 03:12:26,55.0,69.000              ,717.074,393.0,1200.0,0.0,55.25,55.250              ,55.25,55.25,55.25,55.25,55.25,55.25,55.25,40.062              ,28.571              ,53.934              ,30.987              ,47.013              ,26.239              ,47.747              ,21.498              ,37.006              ,2100.000            ,2140.000            ,2675.000            ,2675.000            ,2140.000            ,2140.000            ,2700.000            ,2700.000            ,2700.000            ,0.829,0.829,1.086,1.084,0.905,0.906,0.9,0.9,15.041,4513.0,14623.0,19.78,382.0,50.56
2026-07-08 03:12:27,55.0,68.000              ,717.074,554.0,1067.0,0.0,55.25,55.250              ,55.25,55.25,55.25,55.25,55.25,55.25,55.25,37.923              ,32.036              ,46.830              ,35.624              ,51.169              ,20.848              ,53.282              ,14.514              ,36.528              ,2100.000            ,2100.000            ,2625.000            ,2625.000            ,2100.000            ,2100.000            ,2100.000            ,2100.000            ,2625.000            ,0.8,0.8,0.974,0.974,0.891,0.89,0.875,0.876,15.099,4518.0,14623.0,24.766,383.0,40.38
2026-07-08 03:12:28,55.0,69.000              ,715.574,476.0,1067.0,0.0,55.25,55.250              ,55.25,55.25,55.25,55.25,55.25,55.25,55.25,36.727              ,26.754              ,42.866              ,28.782              ,55.720              ,15.429              ,50.711              ,10.441              ,33.429              ,1960.000            ,1960.000            ,1960.000            ,1980.000            ,2475.000            ,2475.000            ,1980.000            ,1980.000            ,2475.000            ,0.732,0.732,0.784,0.785,0.927,0.927,0.782,0.781,14.895,4517.0,14623.0,17.635,384.0,56.71
2026-07-08 03:12:29,55.0,70.000              ,714.941,435.0,1200.0,0.0,55.25,55.250              ,55.25,55.25,55.25,55.25,55.25,55.25,55.25,38.418              ,25.713              ,43.911              ,33.657              ,51.465              ,17.537              ,54.701              ,10.833              ,34.529              ,2060.000            ,2060.000            ,2060.000            ,2060.000            ,2080.000            ,2080.000            ,2600.000            ,2600.000            ,2600.000            ,0.797,0.797,0.882,0.881,0.933,0.933,0.941,0.943,15.008,4517.0,14613.0,17.687,385.0,56.54
2026-07-08 03:12:30,55.0,69.000              ,718.473,461.0,1200.0,0.0,55.125,55.125              ,55.125,55.125,55.125,55.125,55.125,55.125,55.125,33.845              ,31.045              ,45.245              ,34.293              ,55.998              ,15.546              ,64.520              ,13.205              ,36.712              ,2040.000            ,2040.000            ,2040.000            ,2040.000            ,2550.000            ,2550.000            ,2040.000            ,2040.000            ,2550.000            ,0.738,0.738,0.857,0.857,0.898,0.899,1.042,1.04,15.116,4518.0,14618.0,18.741,386.0,53.36
2026-07-08 03:12:31,55.0,70.000              ,718.469,435.0,1067.0,0.0,55.125,55.125              ,55.125,55.125,55.125,55.125,55.125,55.125,55.125,31.739              ,29.064              ,50.325              ,36.597              ,55.721              ,11.391              ,55.500              ,9.895               ,35.029              ,2040.000            ,2040.000            ,2550.000            ,2550.000            ,2040.000            ,2040.000            ,2040.000            ,2040.000            ,2550.000            ,0.749,0.749,1.056,1.056,0.869,0.868,0.866,0.866,14.889,4521.0,14618.0,19.055,387.0,52.48
2026-07-08 03:12:32,55.0,70.000              ,718.344,387.0,1200.0,0.0,55.125,55.125              ,55.125,55.125,55.125,55.125,55.125,55.125,55.125,33.664              ,26.407              ,47.370              ,25.810              ,59.237              ,12.706              ,59.542              ,9.404               ,34.267              ,2080.000            ,2080.000            ,2600.000            ,2600.000            ,2080.000            ,2080.000            ,2080.000            ,2080.000            ,2600.000            ,0.777,0.777,0.967,0.969,1.006,1.006,0.932,0.934,14.995,4523.0,14617.0,18.544,388.0,53.93
2026-07-08 03:12:33,55.0,69.000              ,718.223,200.0,1067.0,0.0,55.125,55.125              ,55.125,55.125,55.125,55.125,55.125,55.125,55.125,36.224              ,25.123              ,40.574              ,26.959              ,66.669              ,12.364              ,62.566              ,11.750              ,35.279              ,2100.000            ,2100.000            ,2100.000            ,2100.000            ,2625.000            ,2625.000            ,2100.000            ,2100.000            ,2625.000            ,0.778,0.778,0.807,0.808,1.096,1.096,0.959,0.958,15.048,4525.0,14617.0,18.505,389.0,54.04
2026-07-08 03:12:34,55.0,69.000              ,718.594,572.0,1067.0,0.0,55.125,55.125              ,55.125,55.125,55.125,55.125,55.125,55.125,55.125,34.759              ,27.957              ,49.361              ,29.391              ,62.845              ,14.263              ,48.998              ,12.704              ,35.035              ,2080.000            ,2080.000            ,2080.000            ,2080.000            ,2600.000            ,2600.000            ,2100.000            ,2100.000            ,2600.000            ,0.757,0.757,0.941,0.945,0.997,0.998,0.807,0.807,15.232,4525.0,14617.0,25.126,390.0,39.8
2026-07-08 03:12:35,55.0,70.000              ,718.727,200.0,1200.0,0.0,55.125,55.125              ,55.125,55.125,55.125,55.125,55.125,55.125,55.125,32.857              ,19.853              ,47.636              ,17.328              ,56.694              ,13.155              ,53.937              ,7.416               ,31.109              ,2020.000            ,2020.000            ,2020.000            ,2040.000            ,2550.000            ,2550.000            ,2020.000            ,2020.000            ,2550.000            ,0.71,0.71,0.772,0.765,0.989,0.988,0.849,0.85,14.808,4525.0,14616.0,18.075,391.0,55.33
2026-07-08 03:12:36,55.0,68.000              ,717.223,442.0,1067.0,0.0,55.0,55.000              ,55.0,55.0,55.0,55.0,55.0,55.0,55.0,34.378              ,22.557              ,38.693              ,28.157              ,56.971              ,8.971               ,48.966              ,10.577              ,31.159              ,2060.000            ,2040.000            ,2060.000            ,2060.000            ,2575.000            ,2575.000            ,2060.000            ,2060.000            ,2575.000            ,0.759,0.759,0.809,0.809,0.998,0.998,0.866,0.865,15.085,4525.0,14615.0,18.537,392.0,53.95
2026-07-08 03:12:37,55.0,68.000              ,717.285,457.0,1200.0,0.0,55.0,55.000              ,55.0,55.0,55.0,55.0,55.0,55.0,55.0,34.546              ,23.200              ,47.505              ,22.567              ,60.342              ,11.157              ,55.330              ,11.186              ,33.229              ,2100.000            ,2100.000            ,2100.000            ,2080.000            ,2600.000            ,2600.000            ,2080.000            ,2080.000            ,2600.000            ,0.788,0.79,0.869,0.875,1.069,1.069,0.977,0.977,15.096,4525.0,14615.0,19.684,393.0,50.8
2026-07-08 03:12:38,55.0,70.000              ,717.277,400.0,1200.0,0.0,55.0,55.000              ,55.0,55.0,55.0,55.0,55.0,55.0,55.0,30.119              ,21.234              ,56.053              ,24.675              ,60.185              ,9.218               ,54.981              ,8.236               ,33.088              ,2140.000            ,2140.000            ,2140.000            ,2140.000            ,2675.000            ,2675.000            ,2140.000            ,2140.000            ,2675.000            ,0.746,0.745,1.039,1.036,0.964,0.965,0.904,0.904,15.002,4524.0,14614.0,17.992,394.0,55.58
2026-07-08 03:12:39,55.0,70.000              ,717.281,435.0,1200.0,0.0,55.0,55.000              ,55.0,55.0,55.0,55.0,55.0,55.0,55.0,32.816              ,23.104              ,55.983              ,27.874              ,59.254              ,12.419              ,55.743              ,10.129              ,34.665              ,2080.000            ,2080.000            ,2600.000            ,2600.000            ,2080.000            ,2080.000            ,2080.000            ,2080.000            ,2600.000            ,0.751,0.75,1.012,1.009,0.955,0.956,0.902,0.902,15.148,4524.0,14612.0,19.495,395.0,51.3
2026-07-08 03:12:40,55.0,69.000              ,717.277,492.0,1067.0,0.0,55.0,55.000              ,55.0,55.0,55.0,55.0,55.0,55.0,55.0,37.833              ,27.555              ,55.578              ,29.119              ,62.095              ,17.141              ,59.815              ,17.096              ,38.279              ,2080.000            ,2080.000            ,2575.000            ,2575.000            ,2080.000            ,2080.000            ,2080.000            ,2080.000            ,2575.000            ,0.732,0.734,0.865,0.873,0.932,0.929,0.922,0.922,15.062,4525.0,14613.0,19.069,396.0,52.44
2026-07-08 03:12:41,55.0,70.000              ,717.281,600.0,1200.0,0.0,55.0,55.000              ,55.0,55.0,55.0,55.0,55.0,55.0,55.0,36.046              ,22.950              ,54.049              ,27.796              ,56.568              ,13.485              ,47.330              ,10.804              ,33.628              ,2060.000            ,2060.000            ,2575.000            ,2575.000            ,2060.000            ,2060.000            ,2575.000            ,2575.000            ,2575.000            ,0.725,0.725,0.986,0.978,0.858,0.858,0.764,0.764,14.895,4524.0,14613.0,24.482,397.0,40.85
2026-07-08 03:12:42,55.0,70.000              ,718.289,525.0,1200.0,0.0,55.0,55.000              ,55.0,55.0,55.0,55.0,55.0,55.0,55.0,37.345              ,20.394              ,46.480              ,28.239              ,55.927              ,10.618              ,48.120              ,8.836               ,31.995              ,1960.000            ,1960.000            ,2450.000            ,2450.000            ,1960.000            ,1960.000            ,1960.000            ,1960.000            ,2450.000            ,0.708,0.707,0.872,0.872,0.822,0.822,0.749,0.749,15.145,4524.0,14614.0,17.541,398.0,57.01
2026-07-08 03:12:43,55.0,71.000              ,718.297,400.0,1067.0,0.0,55.0,55.000              ,55.0,55.0,55.0,55.0,55.0,55.0,55.0,33.652              ,20.987              ,49.859              ,19.176              ,59.922              ,9.277               ,52.405              ,9.430               ,31.839              ,2040.000            ,2040.000            ,2550.000            ,2575.000            ,2060.000            ,2060.000            ,2060.000            ,2060.000            ,2575.000            ,0.734,0.733,0.835,0.835,0.96,0.96,0.878,0.878,14.919,4523.0,14611.0,18.539,399.0,53.94
2026-07-08 03:12:44,55.0,69.000              ,715.281,435.0,1067.0,0.0,55.0,55.000              ,55.0,55.0,55.0,55.0,55.0,55.0,55.0,34.497              ,20.098              ,48.785              ,27.043              ,59.198              ,7.051               ,47.891              ,11.379              ,31.993              ,2080.000            ,2080.000            ,2080.000            ,2080.000            ,2600.000            ,2600.000            ,2080.000            ,2080.000            ,2600.000            ,0.76,0.759,1.003,1.007,0.937,0.937,0.866,0.867,15.045,4523.0,14609.0,17.207,400.0,58.12
2026-07-08 03:12:45,55.0,69.000              ,715.277,420.0,1200.0,0.0,55.0,55.000              ,55.0,55.0,55.0,55.0,55.0,55.0,55.0,33.418              ,27.943              ,45.287              ,32.408              ,48.497              ,13.517              ,57.900              ,6.215               ,33.148              ,2180.000            ,2180.000            ,2725.000            ,2725.000            ,2160.000            ,2160.000            ,2160.000            ,2160.000            ,2725.000            ,0.809,0.809,1.089,1.086,0.865,0.865,0.915,0.915,15.007,4523.0,14609.0,20.877,401.0,47.9
2026-07-08 03:12:46,55.0,70.000              ,715.281,420.0,1200.0,0.0,55.0,55.000              ,55.0,55.0,55.0,55.0,55.0,55.0,55.0,35.246              ,27.422              ,48.671              ,28.506              ,52.778              ,12.969              ,56.172              ,6.909               ,33.584              ,2080.000            ,2080.000            ,2600.000            ,2600.000            ,2080.000            ,2080.000            ,2080.000            ,2080.000            ,2600.000            ,0.805,0.805,1.012,1.012,0.865,0.865,0.869,0.869,15.044,4523.0,14609.0,18.348,402.0,54.5
2026-07-08 03:12:47,55.0,70.000              ,715.324,516.0,1200.0,0.0,55.0,55.000              ,55.0,55.0,55.0,55.0,55.0,55.0,55.0,60.524              ,38.372              ,60.718              ,48.904              ,64.260              ,40.420              ,67.117              ,33.529              ,51.730              ,1980.000            ,1980.000            ,1980.000            ,1980.000            ,1980.000            ,1980.000            ,2475.000            ,2475.000            ,2475.000            ,0.767,0.767,0.893,0.893,0.847,0.847,0.839,0.84,15.325,4556.0,14649.0,19.374,403.0,51.62
2026-07-08 03:12:48,55.0,71.000              ,715.32,533.0,1200.0,0.0,55.0,55.000              ,55.0,55.0,55.0,55.0,55.0,55.0,55.0,58.990              ,36.126              ,59.087              ,59.565              ,65.205              ,35.567              ,63.958              ,40.224              ,52.340              ,1780.000            ,1780.000            ,1780.000            ,1780.000            ,2225.000            ,2225.000            ,1780.000            ,1780.000            ,2225.000            ,0.727,0.728,0.912,0.912,0.758,0.759,0.825,0.824,14.943,4557.0,14650.0,21.141,404.0,47.3
2026-07-08 03:12:49,55.0,71.000              ,716.828,200.0,1200.0,0.0,55.0,55.000              ,55.0,55.0,55.0,55.0,55.0,55.0,55.0,54.839              ,41.492              ,60.976              ,44.935              ,65.809              ,28.480              ,62.138              ,46.513              ,50.648              ,1760.000            ,1760.000            ,2200.000            ,1760.000            ,1760.000            ,1760.000            ,2200.000            ,2200.000            ,2200.000            ,0.779,0.779,0.857,0.857,0.823,0.821,0.989,0.989,15.035,4556.0,14651.0,25.972,405.0,38.5
2026-07-08 03:12:50,55.0,69.000              ,716.824,500.0,1200.0,0.0,55.0,55.000              ,55.0,55.0,55.0,55.0,55.0,55.0,55.0,53.660              ,42.692              ,54.329              ,42.545              ,62.086              ,28.127              ,54.888              ,32.278              ,46.326              ,1900.000            ,1900.000            ,1900.000            ,1900.000            ,1900.000            ,1900.000            ,2375.000            ,2375.000            ,2375.000            ,0.826,0.825,0.831,0.831,0.877,0.878,0.845,0.845,14.89,4436.0,14610.0,19.011,406.0,52.6
2026-07-08 03:12:51,55.0,69.000              ,716.82,442.0,1200.0,0.0,55.0,55.000              ,55.0,55.0,55.0,55.0,55.0,55.0,55.0,34.929              ,30.802              ,56.943              ,27.862              ,53.899              ,11.684              ,41.593              ,11.190              ,33.613              ,2000.000            ,2000.000            ,2000.000            ,2000.000            ,2500.000            ,2500.000            ,2000.000            ,2000.000            ,2500.000            ,0.812,0.812,1.103,1.103,0.91,0.91,0.772,0.774,14.856,4435.0,14609.0,22.654,407.0,44.14
2026-07-08 03:12:52,55.0,69.000              ,716.828,450.0,1067.0,0.0,55.0,55.000              ,55.0,55.0,55.0,55.0,55.0,55.0,55.0,41.308              ,27.093              ,49.766              ,31.167              ,46.000              ,15.479              ,52.841              ,12.325              ,34.497              ,2080.000            ,2080.000            ,2600.000            ,2600.000            ,2080.000            ,2080.000            ,2080.000            ,2080.000            ,2600.000            ,0.825,0.827,1.073,1.075,0.85,0.849,0.902,0.901,15.107,4435.0,14609.0,19.891,408.0,50.27
2026-07-08 03:12:53,55.0,69.000              ,716.824,428.0,1200.0,0.0,55.0,55.000              ,55.0,55.0,55.0,55.0,55.0,55.0,55.0,32.087              ,31.447              ,42.027              ,36.266              ,47.471              ,15.925              ,48.818              ,9.531               ,32.946              ,2100.000            ,2100.000            ,2625.000            ,2625.000            ,2100.000            ,2100.000            ,2100.000            ,2100.000            ,2625.000            ,0.82,0.82,1.085,1.09,0.873,0.873,0.862,0.863,15.086,4435.0,14609.0,22.195,409.0,45.06
2026-07-08 03:12:54,55.0,70.000              ,716.824,381.0,1067.0,0.0,55.0,55.000              ,55.0,55.0,55.0,55.0,55.0,55.0,55.0,27.710              ,26.234              ,50.897              ,25.319              ,49.548              ,13.738              ,46.467              ,10.072              ,31.248              ,2120.000            ,2120.000            ,2650.000            ,2650.000            ,2120.000            ,2120.000            ,2120.000            ,2120.000            ,2650.000            ,0.773,0.771,1.039,1.035,0.902,0.902,0.877,0.876,14.841,4435.0,14599.0,17.477,410.0,57.22
2026-07-08 03:12:55,55.0,69.000              ,716.828,358.0,1200.0,0.0,55.0,55.000              ,55.0,55.0,55.0,55.0,55.0,55.0,55.0,29.118              ,26.598              ,47.253              ,21.985              ,51.618              ,12.064              ,46.718              ,8.636               ,30.499              ,2200.000            ,2200.000            ,2200.000            ,2200.000            ,2775.000            ,2775.000            ,2220.000            ,2220.000            ,2775.000            ,0.84,0.84,1.014,1.012,0.998,0.998,0.913,0.902,14.958,4435.0,14599.0,18.92,411.0,52.85
2026-07-08 03:12:56,55.0,68.000              ,716.828,200.0,1067.0,0.0,55.0,55.000              ,55.0,55.0,55.0,55.0,55.0,55.0,55.0,38.284              ,18.082              ,46.956              ,27.837              ,47.913              ,12.099              ,60.321              ,9.493               ,32.623              ,2200.000            ,2200.000            ,2750.000            ,2750.000            ,2200.000            ,2200.000            ,2200.000            ,2200.000            ,2750.000            ,0.824,0.824,1.008,1.01,0.864,0.866,1.018,1.03,15.051,4435.0,14600.0,24.018,412.0,41.64
2026-07-08 03:12:57,55.0,68.000              ,716.82,393.0,1067.0,0.0,55.0,55.000              ,55.0,55.0,55.0,55.0,55.0,55.0,55.0,33.251              ,25.787              ,47.842              ,29.304              ,49.544              ,12.938              ,62.214              ,8.066               ,33.618              ,2180.000            ,2180.000            ,2725.000            ,2725.000            ,2180.000            ,2180.000            ,2180.000            ,2180.000            ,2725.000            ,0.802,0.804,0.98,0.986,0.898,0.896,1.08,1.08,15.191,4435.0,14600.0,23.763,413.0,42.08
2026-07-08 03:12:58,55.0,70.000              ,716.824,457.0,1067.0,0.0,55.0,55.000              ,55.0,55.0,55.0,55.0,55.0,55.0,55.0,34.066              ,28.789              ,42.630              ,35.287              ,50.219              ,12.623              ,57.126              ,10.316              ,33.882              ,2180.000            ,2180.000            ,2725.000            ,2700.000            ,2160.000            ,2160.000            ,2160.000            ,2180.000            ,2725.000            ,0.83,0.828,1.038,1.033,0.94,0.94,0.963,0.963,15.082,4435.0,14600.0,18.786,414.0,53.23
2026-07-08 03:12:59,55.0,70.000              ,720.391,484.0,1200.0,0.0,55.0,55.000              ,55.0,55.0,55.0,55.0,55.0,55.0,55.0,43.120              ,26.746              ,47.961              ,38.206              ,44.346              ,15.767              ,56.851              ,11.720              ,35.590              ,2120.000            ,2120.000            ,2120.000            ,2120.000            ,2120.000            ,2120.000            ,2650.000            ,2650.000            ,2650.000            ,0.842,0.844,1.057,1.054,0.781,0.781,0.894,0.894,15.077,4435.0,14604.0,21.003,415.0,47.61
2026-07-08 03:13:00,55.0,70.000              ,721.328,435.0,1200.0,0.0,55.0,55.000              ,55.0,55.0,55.0,55.0,55.0,55.0,55.0,32.453              ,27.827              ,49.827              ,36.667              ,47.868              ,16.500              ,57.573              ,10.769              ,34.936              ,2080.000            ,2080.000            ,2600.000            ,2600.000            ,2080.000            ,2080.000            ,2080.000            ,2080.000            ,2600.000            ,0.756,0.753,1.019,1.019,0.815,0.815,0.897,0.897,14.974,4433.0,14607.0,20.344,416.0,49.15
2026-07-08 03:13:01,55.0,69.000              ,725.988,469.0,1067.0,0.0,55.0,55.000              ,55.0,55.0,55.0,55.0,55.0,55.0,55.0,30.366              ,28.673              ,38.714              ,51.812              ,45.081              ,12.287              ,41.914              ,8.799               ,32.206              ,1940.000            ,1940.000            ,2425.000            ,2425.000            ,1940.000            ,1940.000            ,1940.000            ,1940.000            ,2425.000            ,0.669,0.669,1.034,1.034,0.694,0.694,0.639,0.639,15.141,4437.0,14612.0,21.876,417.0,45.71
2026-07-08 03:13:02,55.0,68.000              ,725.992,420.0,1200.0,0.0,55.0,55.000              ,55.0,55.0,55.0,55.0,55.0,55.0,55.0,32.500              ,25.736              ,44.291              ,32.535              ,54.135              ,13.057              ,45.724              ,10.268              ,32.281              ,1920.000            ,1920.000            ,2400.000            ,2425.000            ,1920.000            ,1920.000            ,1920.000            ,1920.000            ,2425.000            ,0.748,0.736,0.945,0.945,0.881,0.882,0.765,0.765,14.849,4437.0,14611.0,17.415,418.0,57.42
2026-07-08 03:13:03,55.0,68.000              ,726.051,400.0,1067.0,0.0,55.0,55.000              ,55.0,55.0,55.0,55.0,55.0,55.0,55.0,32.874              ,27.071              ,40.355              ,28.359              ,44.421              ,12.020              ,56.245              ,5.341               ,30.836              ,2120.000            ,2120.000            ,2650.000            ,2650.000            ,2120.000            ,2120.000            ,2100.000            ,2100.000            ,2650.000            ,0.823,0.836,0.945,0.945,0.87,0.869,0.995,0.995,15.109,4437.0,14611.0,17.896,419.0,55.88
2026-07-08 03:13:04,55.0,69.000              ,725.129,413.0,1200.0,0.0,55.0,55.000              ,55.0,55.0,55.0,55.0,55.0,55.0,55.0,33.878              ,31.229              ,47.127              ,32.110              ,52.083              ,10.386              ,56.715              ,6.297               ,33.728              ,2120.000            ,2120.000            ,2650.000            ,2650.000            ,2120.000            ,2120.000            ,2120.000            ,2120.000            ,2650.000            ,0.838,0.838,1.025,1.025,0.863,0.865,0.906,0.906,15.073,4446.0,14611.0,20.277,420.0,49.32
2026-07-08 03:13:05,55.0,70.000              ,725.129,413.0,1200.0,0.0,55.0,55.000              ,55.0,55.0,55.0,55.0,55.0,55.0,55.0,32.643              ,26.564              ,49.058              ,22.518              ,47.945              ,12.937              ,62.049              ,6.477               ,32.524              ,2120.000            ,2120.000            ,2120.000            ,2120.000            ,2120.000            ,2120.000            ,2650.000            ,2650.000            ,2650.000            ,0.82,0.82,0.922,0.922,0.896,0.894,1.001,1.001,14.855,4445.0,14611.0,21.506,421.0,46.5
2026-07-08 03:13:06,55.0,70.000              ,725.004,381.0,1200.0,0.0,55.0,55.000              ,55.0,55.0,55.0,55.0,55.0,55.0,55.0,41.347              ,27.413              ,48.860              ,24.017              ,48.299              ,11.524              ,60.474              ,9.843               ,33.972              ,2200.000            ,2200.000            ,2200.000            ,2200.000            ,2200.000            ,2200.000            ,2750.000            ,2750.000            ,2750.000            ,0.899,0.899,0.908,0.908,0.853,0.853,1.036,1.041,15.062,4445.0,14611.0,19.431,422.0,51.46
2026-07-08 03:13:07,55.0,69.000              ,725.961,461.0,1067.0,0.0,55.0,55.000              ,55.0,55.0,55.0,55.0,55.0,55.0,55.0,34.111              ,29.996              ,53.257              ,26.748              ,52.756              ,15.034              ,57.098              ,8.856               ,34.732              ,2120.000            ,2120.000            ,2120.000            ,2120.000            ,2120.000            ,2120.000            ,2650.000            ,2650.000            ,2650.000            ,0.794,0.794,0.986,0.992,0.88,0.88,0.934,0.929,15.192,4445.0,14611.0,19.004,423.0,52.62
2026-07-08 03:13:08,55.0,69.000              ,725.957,476.0,1067.0,0.0,55.0,55.000              ,55.0,55.0,55.0,55.0,55.0,55.0,55.0,38.505              ,24.605              ,53.895              ,27.478              ,44.840              ,12.175              ,60.067              ,9.023               ,33.823              ,2100.000            ,2100.000            ,2625.000            ,2625.000            ,2100.000            ,2100.000            ,2100.000            ,2080.000            ,2625.000            ,0.778,0.78,1.056,1.049,0.802,0.81,0.925,0.925,15.027,4444.0,14611.0,20.299,424.0,49.26
2026-07-08 03:13:09,55.0,70.000              ,725.969,508.0,1200.0,0.0,55.0,55.000              ,55.0,55.0,55.0,55.0,55.0,55.0,55.0,33.218              ,27.461              ,42.830              ,32.397              ,49.657              ,10.140              ,45.412              ,9.943               ,31.382              ,2140.000            ,2140.000            ,2675.000            ,2675.000            ,2140.000            ,2140.000            ,2140.000            ,2140.000            ,2675.000            ,0.785,0.784,1.006,1.006,0.847,0.839,0.803,0.803,14.962,4444.0,14612.0,23.414,425.0,42.71
2026-07-08 03:13:10,55.0,69.000              ,725.98,200.0,1200.0,0.0,55.0,55.000              ,55.0,55.0,55.0,55.0,55.0,55.0,55.0,31.234              ,25.363              ,42.120              ,33.912              ,54.680              ,10.327              ,43.890              ,9.034               ,31.320              ,2040.000            ,2040.000            ,2550.000            ,2550.000            ,2020.000            ,2020.000            ,2020.000            ,2020.000            ,2550.000            ,0.745,0.745,1.0,1.0,0.875,0.878,0.775,0.775,15.123,4444.0,14612.0,17.516,426.0,57.09
2026-07-08 03:13:11,55.0,68.000              ,725.969,413.0,1200.0,0.0,55.0,55.000              ,55.0,55.0,55.0,55.0,55.0,55.0,55.0,35.532              ,21.792              ,36.110              ,38.962              ,53.104              ,10.736              ,51.144              ,8.259               ,31.955              ,2100.000            ,2100.000            ,2625.000            ,2625.000            ,2100.000            ,2100.000            ,2100.000            ,2100.000            ,2625.000            ,0.771,0.771,0.997,1.008,0.889,0.886,0.873,0.873,14.996,4444.0,14612.0,17.558,427.0,56.95
2026-07-08 03:13:12,55.0,69.000              ,725.957,428.0,1200.0,0.0,55.0,55.000              ,55.0,55.0,55.0,55.0,55.0,55.0,55.0,31.763              ,21.086              ,41.306              ,30.207              ,60.566              ,10.978              ,58.302              ,9.702               ,32.989              ,2160.000            ,2160.000            ,2700.000            ,2700.000            ,2675.000            ,2675.000            ,2140.000            ,2140.000            ,2700.000            ,0.745,0.745,0.951,0.943,0.952,0.952,1.021,1.021,15.065,4441.0,14612.0,18.23,428.0,54.85
2026-07-08 03:13:13,55.0,70.000              ,725.957,400.0,1200.0,0.0,55.0,55.000              ,55.0,55.0,55.0,55.0,55.0,55.0,55.0,34.955              ,24.970              ,41.614              ,25.777              ,60.132              ,11.039              ,61.030              ,8.037               ,33.444              ,2140.000            ,2140.000            ,2140.000            ,2140.000            ,2675.000            ,2675.000            ,2675.000            ,2675.000            ,2675.000            ,0.81,0.81,0.826,0.826,0.974,0.974,1.049,1.049,14.878,4444.0,14611.0,18.987,429.0,52.67
2026-07-08 03:13:14,55.0,70.000              ,725.961,375.0,1200.0,0.0,55.0,55.000              ,55.0,55.0,55.0,55.0,55.0,55.0,55.0,30.328              ,22.986              ,43.982              ,26.238              ,58.139              ,12.074              ,61.848              ,7.274               ,32.859              ,2120.000            ,2120.000            ,2140.000            ,2140.000            ,2675.000            ,2675.000            ,2675.000            ,2675.000            ,2675.000            ,0.746,0.746,0.887,0.885,0.974,0.974,1.039,1.039,15.043,4444.0,14611.0,21.019,430.0,47.58
2026-07-08 03:13:15,55.0,68.000              ,727.379,457.0,1200.0,0.0,55.0,55.000              ,55.0,55.0,55.0,55.0,55.0,55.0,55.0,31.512              ,26.592              ,40.979              ,26.491              ,59.206              ,11.503              ,67.422              ,10.355              ,34.257              ,2140.000            ,2140.000            ,2140.000            ,2140.000            ,2140.000            ,2140.000            ,2675.000            ,2675.000            ,2675.000            ,0.771,0.771,0.804,0.804,0.915,0.915,1.134,1.134,15.082,4442.0,14612.0,18.986,431.0,52.67
2026-07-08 03:13:16,55.0,69.000              ,727.379,500.0,1200.0,0.0,55.0,55.000              ,55.0,55.0,55.0,55.0,55.0,55.0,55.0,28.822              ,19.955              ,41.670              ,26.422              ,63.773              ,13.524              ,60.904              ,10.123              ,33.149              ,2160.000            ,2160.000            ,2160.000            ,2160.000            ,2700.000            ,2675.000            ,2675.000            ,2675.000            ,2700.000            ,0.73,0.718,0.866,0.871,1.096,1.096,0.974,0.974,15.012,4442.0,14612.0,18.37,432.0,54.44
2026-07-08 03:13:17,55.0,70.000              ,728.383,200.0,1200.0,0.0,55.0,55.000              ,55.0,55.0,55.0,55.0,55.0,55.0,55.0,32.442              ,25.560              ,44.981              ,28.192              ,57.919              ,14.311              ,65.042              ,8.208               ,34.582              ,2140.000            ,2140.000            ,2140.000            ,2140.000            ,2140.000            ,2140.000            ,2675.000            ,2675.000            ,2675.000            ,0.774,0.788,0.871,0.858,0.948,0.948,1.056,1.056,15.086,4441.0,14614.0,19.426,433.0,51.48
2026-07-08 03:13:18,55.0,69.000              ,728.383,457.0,1067.0,0.0,55.0,55.000              ,55.0,55.0,55.0,55.0,55.0,55.0,55.0,41.997              ,24.237              ,43.882              ,35.417              ,58.913              ,15.232              ,51.856              ,7.771               ,34.913              ,2040.000            ,2040.000            ,2040.000            ,2040.000            ,2550.000            ,2550.000            ,2040.000            ,2040.000            ,2550.000            ,0.819,0.818,0.976,0.986,0.975,0.975,0.813,0.813,15.107,4441.0,14614.0,19.139,434.0,52.25
2026-07-08 03:13:19,55.0,69.000              ,728.637,476.0,1067.0,0.0,55.0,55.000              ,55.0,55.0,55.0,55.0,55.0,55.0,55.0,34.216              ,24.563              ,44.844              ,34.280              ,61.798              ,15.143              ,56.680              ,10.973              ,35.312              ,2080.000            ,2080.000            ,2080.000            ,2575.000            ,2575.000            ,2575.000            ,2060.000            ,2060.000            ,2575.000            ,0.736,0.736,0.92,0.926,0.962,0.962,0.846,0.847,14.968,4441.0,14614.0,20.403,435.0,49.01
2026-07-08 03:13:20,55.0,70.000              ,727.688,420.0,1067.0,0.0,55.0,55.000              ,55.0,55.0,55.0,55.0,55.0,55.0,55.0,44.364              ,33.772              ,59.595              ,36.077              ,58.029              ,19.864              ,55.371              ,18.400              ,40.684              ,1940.000            ,1940.000            ,1940.000            ,1940.000            ,1940.000            ,1940.000            ,2400.000            ,2400.000            ,2400.000            ,0.807,0.807,1.043,1.04,0.869,0.869,0.826,0.824,14.968,4438.0,14614.0,26.9,436.0,37.17
2026-07-08 03:13:21,55.0,70.000              ,721.547,476.0,1067.0,0.0,55.0,55.000              ,55.0,55.0,55.0,55.0,55.0,55.0,55.0,33.908              ,28.980              ,62.968              ,23.740              ,48.799              ,18.372              ,49.749              ,11.132              ,34.706              ,2080.000            ,2080.000            ,2600.000            ,2600.000            ,2080.000            ,2080.000            ,2080.000            ,2080.000            ,2600.000            ,0.801,0.804,1.125,1.122,0.889,0.891,0.811,0.811,15.113,4438.0,14609.0,19.777,437.0,50.56
2026-07-08 03:13:22,55.0,70.000              ,722.539,476.0,1200.0,0.0,55.0,55.000              ,55.0,55.0,55.0,55.0,55.0,55.0,55.0,34.745              ,27.974              ,58.053              ,26.027              ,63.223              ,13.997              ,44.117              ,12.977              ,35.139              ,2100.000            ,2100.000            ,2100.000            ,2100.000            ,2625.000            ,2625.000            ,2100.000            ,2100.000            ,2625.000            ,0.798,0.796,1.033,1.033,1.015,1.015,0.797,0.797,15.15,4438.0,14611.0,21.76,438.0,45.96
2026-07-08 03:13:23,55.0,70.000              ,724.047,457.0,1067.0,0.0,55.0,55.000              ,55.0,55.0,55.0,55.0,55.0,55.0,55.0,37.297              ,27.991              ,50.490              ,35.263              ,60.369              ,20.595              ,47.104              ,15.632              ,36.843              ,2040.000            ,2040.000            ,2550.000            ,2550.000            ,2060.000            ,2060.000            ,2060.000            ,2060.000            ,2550.000            ,0.748,0.748,0.957,0.957,0.96,0.958,0.792,0.792,14.965,4438.0,14610.0,19.827,439.0,50.44
2026-07-08 03:13:24,55.0,69.000              ,723.797,450.0,1200.0,0.0,55.0,55.000              ,55.0,55.0,55.0,55.0,55.0,55.0,55.0,36.584              ,27.330              ,47.016              ,35.245              ,66.976              ,17.114              ,40.182              ,12.531              ,35.372              ,2080.000            ,2080.000            ,2080.000            ,2080.000            ,2625.000            ,2625.000            ,2100.000            ,2100.000            ,2625.000            ,0.796,0.797,0.983,0.983,1.087,1.088,0.753,0.753,15.03,4438.0,14610.0,20.115,440.0,49.71
2026-07-08 03:13:25,55.0,68.000              ,716.277,469.0,1067.0,0.0,55.0,55.000              ,55.0,55.0,55.0,55.0,55.0,55.0,55.0,37.490              ,26.179              ,48.059              ,36.083              ,61.161              ,12.983              ,43.760              ,12.161              ,34.735              ,2080.000            ,2080.000            ,2600.000            ,2600.000            ,2080.000            ,2080.000            ,2080.000            ,2080.000            ,2600.000            ,0.8,0.799,1.089,1.093,0.941,0.939,0.786,0.788,14.879,4438.0,14605.0,20.063,441.0,49.84
2026-07-08 03:13:26,55.0,69.000              ,715.273,457.0,1067.0,0.0,55.0,55.000              ,55.0,55.0,55.0,55.0,55.0,55.0,55.0,34.918              ,26.974              ,54.786              ,30.010              ,62.308              ,14.938              ,38.868              ,11.971              ,34.347              ,2080.000            ,2080.000            ,2600.000            ,2600.000            ,2080.000            ,2080.000            ,2080.000            ,2080.000            ,2600.000            ,0.811,0.813,1.088,1.085,1.044,1.044,0.755,0.753,14.978,4438.0,14600.0,18.973,442.0,52.71
2026-07-08 03:13:27,55.0,70.000              ,716.148,469.0,1067.0,0.0,55.0,55.000              ,55.0,55.0,55.0,55.0,55.0,55.0,55.0,43.650              ,26.838              ,64.682              ,23.209              ,50.918              ,20.876              ,51.829              ,14.359              ,37.045              ,2140.000            ,2140.000            ,2675.000            ,2675.000            ,2140.000            ,2140.000            ,2140.000            ,2140.000            ,2675.000            ,0.851,0.852,1.076,1.076,0.883,0.883,0.831,0.831,15.212,4437.0,14599.0,22.43,443.0,44.58
2026-07-08 03:13:28,55.0,71.000              ,716.148,200.0,1200.0,0.0,55.0,55.000              ,55.0,55.0,55.0,55.0,55.0,55.0,55.0,43.720              ,27.878              ,54.017              ,27.890              ,43.130              ,25.108              ,60.305              ,13.534              ,36.948              ,2020.000            ,2020.000            ,2525.000            ,2525.000            ,2020.000            ,2040.000            ,2040.000            ,2040.000            ,2525.000            ,0.834,0.83,0.934,0.934,0.852,0.852,0.905,0.908,15.092,4437.0,14593.0,18.927,444.0,52.83
2026-07-08 03:13:29,55.0,69.000              ,716.414,200.0,1200.0,0.0,55.0,55.000              ,55.0,55.0,55.0,55.0,55.0,55.0,55.0,37.906              ,27.922              ,41.954              ,38.313              ,43.530              ,21.294              ,56.363              ,14.912              ,35.274              ,2100.000            ,2100.000            ,2100.000            ,2100.000            ,2100.000            ,2100.000            ,2625.000            ,2625.000            ,2625.000            ,0.811,0.813,0.964,0.964,0.866,0.866,0.956,0.956,15.004,4437.0,14593.0,21.31,445.0,46.93
2026-07-08 03:13:30,55.0,67.000              ,716.051,200.0,1200.0,0.0,55.0,55.000              ,55.0,55.0,55.0,55.0,55.0,55.0,55.0,44.607              ,30.223              ,44.271              ,36.293              ,50.232              ,18.098              ,45.166              ,15.574              ,35.558              ,2100.000            ,2100.000            ,2625.000            ,2625.000            ,2100.000            ,2100.000            ,2100.000            ,2100.000            ,2625.000            ,0.893,0.894,0.949,0.949,0.823,0.823,0.744,0.741,15.014,4443.0,14594.0,23.956,446.0,41.74
2026-07-08 03:13:31,55.0,67.000              ,716.051,200.0,1200.0,0.0,55.0,55.000              ,55.0,55.0,55.0,55.0,55.0,55.0,55.0,28.248              ,22.783              ,42.571              ,33.772              ,47.552              ,10.472              ,41.183              ,8.255               ,29.355              ,2080.000            ,2080.000            ,2600.000            ,2600.000            ,2080.000            ,2100.000            ,2100.000            ,2100.000            ,2600.000            ,0.737,0.734,1.096,1.096,0.818,0.82,0.717,0.717,14.951,4443.0,14593.0,17.379,447.0,57.54
2026-07-08 03:13:32,55.0,68.000              ,715.992,200.0,1067.0,0.0,55.0,55.000              ,55.0,55.0,55.0,55.0,55.0,55.0,55.0,28.011              ,25.881              ,45.352              ,26.400              ,55.592              ,17.279              ,40.786              ,10.623              ,31.241              ,2060.000            ,2060.000            ,2575.000            ,2575.000            ,2060.000            ,2060.000            ,2060.000            ,2060.000            ,2575.000            ,0.761,0.761,0.963,0.963,1.0,0.997,0.755,0.755,14.959,4444.0,14593.0,18.074,448.0,55.33
2026-07-08 03:13:33,55.0,68.000              ,712.738,387.0,1067.0,0.0,55.0,55.000              ,55.0,55.0,55.0,55.0,55.0,55.0,55.0,32.531              ,26.138              ,41.240              ,30.795              ,60.118              ,16.709              ,47.297              ,11.353              ,33.273              ,2140.000            ,2140.000            ,2140.000            ,2140.000            ,2675.000            ,2675.000            ,2140.000            ,2140.000            ,2675.000            ,0.825,0.828,0.929,0.929,1.145,1.145,0.842,0.844,15.065,4444.0,14592.0,18.433,449.0,54.25
2026-07-08 03:13:34,55.0,70.000              ,710.996,413.0,1067.0,0.0,55.0,55.000              ,55.0,55.0,55.0,55.0,55.0,55.0,55.0,38.868              ,33.500              ,41.868              ,38.673              ,56.020              ,19.729              ,55.015              ,13.461              ,37.142              ,2140.000            ,2140.000            ,2140.000            ,2140.000            ,2675.000            ,2650.000            ,2120.000            ,2120.000            ,2675.000            ,0.871,0.872,0.959,0.961,0.989,0.991,0.869,0.866,15.247,4446.0,14592.0,19.977,450.0,50.06
2026-07-08 03:13:35,55.0,71.000              ,711.012,200.0,1067.0,0.0,55.0,55.000              ,55.0,55.0,55.0,55.0,55.0,55.0,55.0,34.840              ,25.932              ,44.873              ,39.129              ,56.014              ,16.784              ,50.374              ,11.882              ,34.979              ,2080.000            ,2080.000            ,2600.000            ,2600.000            ,2080.000            ,2080.000            ,2080.000            ,2080.000            ,2600.000            ,0.801,0.797,1.079,1.084,0.931,0.929,0.844,0.844,14.685,4447.0,14592.0,18.624,451.0,53.69
2026-07-08 03:13:36,55.0,69.000              ,711.012,200.0,1067.0,0.0,55.0,55.000              ,55.0,55.0,55.0,55.0,55.0,55.0,55.0,33.970              ,33.216              ,44.299              ,32.975              ,61.197              ,15.225              ,51.030              ,12.003              ,35.489              ,2120.000            ,2120.000            ,2120.000            ,2120.000            ,2650.000            ,2650.000            ,2120.000            ,2120.000            ,2650.000            ,0.852,0.854,0.918,0.913,1.008,1.008,0.852,0.852,15.041,4448.0,14590.0,19.958,452.0,50.11
2026-07-08 03:13:37,55.0,67.000              ,710.758,435.0,1067.0,0.0,55.0,55.000              ,55.0,55.0,55.0,55.0,55.0,55.0,55.0,30.283              ,29.362              ,49.710              ,33.912              ,55.624              ,17.895              ,48.552              ,11.939              ,34.660              ,2140.000            ,2140.000            ,2675.000            ,2675.000            ,2140.000            ,2140.000            ,2140.000            ,2140.000            ,2675.000            ,0.781,0.781,1.096,1.094,1.012,1.013,0.812,0.813,15.214,4448.0,14586.0,19.615,453.0,50.98
2026-07-08 03:13:38,55.0,69.000              ,710.746,420.0,1200.0,0.0,55.0,55.000              ,55.0,55.0,55.0,55.0,55.0,55.0,55.0,34.838              ,22.139              ,48.597              ,32.051              ,56.340              ,14.664              ,46.701              ,10.192              ,33.190              ,2120.000            ,2120.000            ,2650.000            ,2650.000            ,2120.000            ,2120.000            ,2120.000            ,2120.000            ,2650.000            ,0.823,0.821,1.035,1.035,1.002,1.0,0.824,0.822,15.099,4448.0,14586.0,19.105,454.0,52.34
2026-07-08 03:13:39,55.0,70.000              ,710.746,406.0,1200.0,0.0,55.0,55.000              ,55.0,55.0,55.0,55.0,55.0,55.0,55.0,31.732              ,26.523              ,46.515              ,31.852              ,59.360              ,13.145              ,50.557              ,9.998               ,33.710              ,2140.000            ,2140.000            ,2140.000            ,2140.000            ,2675.000            ,2675.000            ,2160.000            ,2160.000            ,2675.000            ,0.778,0.78,0.982,0.982,0.98,0.97,0.837,0.837,14.817,4450.0,14587.0,19.298,455.0,51.82
2026-07-08 03:13:40,55.0,69.000              ,711.121,442.0,1067.0,0.0,55.0,55.000              ,55.0,55.0,55.0,55.0,55.0,55.0,55.0,40.222              ,29.491              ,51.232              ,34.536              ,59.737              ,21.585              ,53.338              ,19.576              ,38.715              ,2140.000            ,2140.000            ,2140.000            ,2140.000            ,2675.000            ,2675.000            ,2140.000            ,2140.000            ,2675.000            ,0.804,0.805,0.939,0.939,0.985,0.995,0.876,0.876,15.138,4456.0,14585.0,19.178,456.0,52.14
2026-07-08 03:13:41,55.0,69.000              ,711.625,370.0,1067.0,0.0,55.0,55.000              ,55.0,55.0,55.0,55.0,55.0,55.0,55.0,33.571              ,28.891              ,53.562              ,32.431              ,39.528              ,14.582              ,49.456              ,12.373              ,33.049              ,2040.000            ,2040.000            ,2550.000            ,2550.000            ,2040.000            ,2040.000            ,2040.000            ,2040.000            ,2550.000            ,0.854,0.852,1.149,1.149,0.781,0.781,0.885,0.887,15.027,4456.0,14585.0,21.156,457.0,47.27
2026-07-08 03:13:42,55.0,70.000              ,711.625,375.0,1200.0,0.0,55.0,55.000              ,55.0,55.0,55.0,55.0,55.0,55.0,55.0,38.433              ,29.584              ,56.377              ,38.503              ,45.659              ,19.711              ,54.698              ,13.860              ,37.103              ,2160.000            ,2160.000            ,2700.000            ,2700.000            ,2160.000            ,2160.000            ,2160.000            ,2160.000            ,2700.000            ,0.882,0.88,1.182,1.184,0.848,0.848,0.875,0.874,15.063,4457.0,14586.0,24.454,458.0,40.89
2026-07-08 03:13:43,55.0,69.000              ,711.625,406.0,1200.0,0.0,55.0,55.000              ,55.0,55.0,55.0,55.0,55.0,55.0,55.0,45.318              ,24.412              ,53.719              ,33.594              ,42.650              ,21.444              ,51.746              ,11.516              ,35.550              ,1300.000            ,1300.000            ,2600.000            ,2600.000            ,2080.000            ,2080.000            ,2080.000            ,2080.000            ,2600.000            ,0.917,0.916,1.066,1.064,0.851,0.851,0.834,0.834,14.928,4458.0,14585.0,18.232,459.0,54.85
2026-07-08 03:13:44,55.0,69.000              ,711.625,400.0,1200.0,0.0,55.0,55.000              ,55.0,55.0,55.0,55.0,55.0,55.0,55.0,42.108              ,26.475              ,53.084              ,31.459              ,50.686              ,27.364              ,57.553              ,14.637              ,37.921              ,2120.000            ,2120.000            ,2120.000            ,2120.000            ,2120.000            ,2120.000            ,2650.000            ,2650.000            ,2650.000            ,0.798,0.798,0.987,0.987,0.971,0.971,0.93,0.93,15.249,4459.0,14585.0,27.991,460.0,35.73
2026-07-08 03:13:45,55.0,69.000              ,711.629,200.0,1200.0,0.0,55.0,55.000              ,55.0,55.0,55.0,55.0,55.0,55.0,55.0,43.075              ,22.038              ,49.376              ,36.780              ,55.411              ,19.870              ,52.610              ,12.464              ,36.453              ,2060.000            ,2060.000            ,2575.000            ,2575.000            ,2060.000            ,2060.000            ,2060.000            ,2060.000            ,2575.000            ,0.825,0.825,1.015,1.015,0.916,0.916,0.805,0.804,14.997,4460.0,14585.0,20.66,461.0,48.4
2026-07-08 03:13:46,55.0,68.000              ,711.625,358.0,1200.0,0.0,55.0,55.000              ,55.0,55.0,55.0,55.0,55.0,55.0,55.0,33.566              ,22.094              ,63.959              ,23.145              ,47.340              ,16.071              ,58.378              ,8.994               ,34.193              ,2080.000            ,2080.000            ,2600.000            ,2600.000            ,2080.000            ,2080.000            ,2080.000            ,2080.000            ,2600.000            ,0.791,0.791,1.126,1.126,0.874,0.874,0.869,0.869,14.986,4459.0,14584.0,18.773,462.0,53.27
2026-07-08 03:13:47,55.0,67.000              ,711.645,435.0,1200.0,0.0,55.0,55.000              ,55.0,55.0,55.0,55.0,55.0,55.0,55.0,38.792              ,21.230              ,60.357              ,22.807              ,52.780              ,13.471              ,49.755              ,11.095              ,33.786              ,2120.000            ,2120.000            ,2650.000            ,2650.000            ,2120.000            ,2120.000            ,2120.000            ,2140.000            ,2650.000            ,0.837,0.837,1.118,1.118,0.906,0.906,0.819,0.822,15.004,4460.0,14582.0,23.952,463.0,41.75
2026-07-08 03:13:48,55.0,68.000              ,710.645,476.0,1200.0,0.0,55.0,55.000              ,55.0,55.0,55.0,55.0,55.0,55.0,55.0,41.287              ,30.559              ,65.768              ,37.158              ,56.525              ,20.781              ,58.370              ,17.536              ,40.998              ,2040.000            ,2040.000            ,2525.000            ,2525.000            ,2040.000            ,2040.000            ,2040.000            ,2040.000            ,2525.000            ,0.787,0.787,1.118,1.119,0.879,0.879,0.84,0.838,15.267,4464.0,14585.0,19.217,464.0,52.04
2026-07-08 03:13:49,55.0,70.000              ,710.625,500.0,1067.0,0.0,55.0,55.000              ,55.0,55.0,55.0,55.0,55.0,55.0,55.0,36.185              ,27.966              ,53.786              ,27.145              ,61.960              ,11.554              ,53.084              ,10.527              ,35.276              ,1840.000            ,1840.000            ,2300.000            ,2300.000            ,1840.000            ,1860.000            ,1860.000            ,1860.000            ,2300.000            ,0.739,0.732,0.94,0.939,0.869,0.869,0.755,0.755,14.832,4465.0,14584.0,23.861,465.0,41.91
2026-07-08 03:13:50,55.0,71.000              ,710.754,492.0,1067.0,0.0,55.0,55.000              ,55.0,55.0,55.0,55.0,55.0,55.0,55.0,32.785              ,33.526              ,47.761              ,27.617              ,50.426              ,18.781              ,42.559              ,10.818              ,33.034              ,2020.000            ,2020.000            ,2525.000            ,2525.000            ,2020.000            ,2020.000            ,2040.000            ,2040.000            ,2525.000            ,0.776,0.786,0.961,0.961,0.88,0.88,0.735,0.735,15.211,4468.0,14585.0,22.19,466.0,45.07
2026-07-08 03:13:51,55.0,69.000              ,710.754,387.0,1200.0,0.0,55.0,55.000              ,55.0,55.0,55.0,55.0,55.0,55.0,55.0,42.135              ,31.881              ,49.454              ,40.050              ,46.018              ,22.782              ,49.739              ,20.552              ,37.826              ,1980.000            ,1980.000            ,2475.000            ,2500.000            ,2000.000            ,1980.000            ,1960.000            ,1960.000            ,2500.000            ,0.771,0.77,0.989,0.989,0.824,0.827,0.827,0.827,14.799,4473.0,14585.0,26.174,467.0,38.21
2026-07-08 03:13:52,55.0,69.000              ,710.75,457.0,1200.0,0.0,55.0,55.000              ,55.0,55.0,55.0,55.0,55.0,55.0,55.0,41.680              ,31.153              ,45.301              ,30.188              ,47.679              ,15.593              ,53.729              ,12.899              ,34.778              ,2140.000            ,2140.000            ,2675.000            ,2700.000            ,2140.000            ,2140.000            ,2675.000            ,2675.000            ,2700.000            ,0.877,0.877,0.979,0.979,0.867,0.866,0.942,0.942,14.917,4474.0,14585.0,19.843,468.0,50.4
2026-07-08 03:13:53,55.0,70.000              ,710.746,450.0,1067.0,0.0,55.0,55.000              ,55.0,55.0,55.0,55.0,55.0,55.0,55.0,44.028              ,24.039              ,47.590              ,31.375              ,45.596              ,17.464              ,52.446              ,16.033              ,34.821              ,2120.000            ,2120.000            ,2625.000            ,2650.000            ,2120.000            ,2120.000            ,2120.000            ,2120.000            ,2650.000            ,0.841,0.841,1.022,1.034,0.869,0.868,0.966,0.967,15.133,4475.0,14584.0,19.222,469.0,52.02
2026-07-08 03:13:54,55.0,70.000              ,710.746,420.0,1200.0,0.0,55.0,55.000              ,55.0,55.0,55.0,55.0,55.0,55.0,55.0,38.520              ,26.249              ,47.161              ,32.537              ,50.986              ,10.719              ,47.636              ,10.331              ,33.017              ,2140.000            ,2140.000            ,2675.000            ,2675.000            ,2140.000            ,2140.000            ,2140.000            ,2140.000            ,2675.000            ,0.857,0.857,1.145,1.133,0.877,0.879,0.838,0.837,14.999,4477.0,14584.0,19.137,470.0,52.25
2026-07-08 03:13:55,55.0,68.000              ,713.75,450.0,1067.0,0.0,55.0,55.000              ,55.0,55.0,55.0,55.0,55.0,55.0,55.0,44.862              ,26.017              ,52.756              ,29.622              ,47.809              ,16.709              ,47.977              ,12.791              ,34.818              ,2080.000            ,2080.000            ,2625.000            ,2625.000            ,2100.000            ,2100.000            ,2100.000            ,2100.000            ,2625.000            ,0.86,0.86,1.086,1.086,0.858,0.857,0.867,0.87,15.1,4483.0,14589.0,19.331,471.0,51.73
2026-07-08 03:13:56,55.0,68.000              ,715.996,442.0,1200.0,0.0,55.0,55.000              ,55.0,55.0,55.0,55.0,55.0,55.0,55.0,40.110              ,25.666              ,51.228              ,28.324              ,46.600              ,17.387              ,50.855              ,13.848              ,34.252              ,2675.000            ,2675.000            ,2120.000            ,2120.000            ,2120.000            ,2080.000            ,2080.000            ,2080.000            ,2675.000            ,0.832,0.832,1.028,1.028,0.868,0.868,0.898,0.895,14.98,4486.0,14593.0,20.088,472.0,49.78
2026-07-08 03:13:57,55.0,69.000              ,717.016,200.0,1200.0,0.0,55.0,55.000              ,55.0,55.0,55.0,55.0,55.0,55.0,55.0,44.930              ,25.664              ,47.316              ,32.195              ,49.263              ,16.564              ,47.619              ,9.948               ,34.188              ,2100.000            ,2100.000            ,2625.000            ,2625.000            ,2100.000            ,2100.000            ,2100.000            ,2100.000            ,2625.000            ,0.882,0.882,1.038,1.038,0.916,0.916,0.808,0.808,15.085,4486.0,14594.0,19.316,473.0,51.77
2026-07-08 03:13:58,55.0,68.000              ,717.012,457.0,1200.0,0.0,55.0,55.000              ,55.0,55.0,55.0,55.0,55.0,55.0,55.0,47.249              ,24.193              ,53.567              ,22.494              ,47.073              ,16.707              ,50.904              ,12.197              ,34.298              ,2100.000            ,2100.000            ,2625.000            ,2625.000            ,2080.000            ,2080.000            ,2080.000            ,2080.000            ,2625.000            ,0.881,0.883,0.946,0.952,0.862,0.863,0.869,0.869,15.083,4485.0,14593.0,18.275,474.0,54.72
2026-07-08 03:13:59,55.0,68.000              ,716.012,476.0,1200.0,0.0,55.0,55.000              ,55.0,55.0,55.0,55.0,55.0,55.0,55.0,52.756              ,25.182              ,58.567              ,27.373              ,47.653              ,34.512              ,55.422              ,15.912              ,39.672              ,2100.000            ,2100.000            ,2625.000            ,2625.000            ,2100.000            ,2100.000            ,2080.000            ,2080.000            ,2625.000            ,0.856,0.855,0.967,0.973,1.02,1.018,0.864,0.864,15.151,4488.0,14600.0,19.579,475.0,51.08
2026-07-08 03:14:00,55.0,70.000              ,716.004,461.0,1200.0,0.0,55.0,55.000              ,55.0,55.0,55.0,55.0,55.0,55.0,55.0,59.705              ,38.897              ,61.308              ,44.632              ,50.991              ,67.692              ,69.432              ,29.325              ,52.748              ,1783.333            ,1783.333            ,1783.333            ,1783.333            ,2140.000            ,2140.000            ,1783.333            ,1783.333            ,2140.000            ,0.76,0.76,0.749,0.739,1.096,1.097,0.838,0.842,15.237,4506.0,14602.0,22.583,476.0,44.28
2026-07-08 03:14:01,55.0,71.000              ,717.305,516.0,1067.0,0.0,55.0,55.000              ,55.0,55.0,55.0,55.0,55.0,55.0,55.0,47.467              ,30.177              ,43.910              ,52.692              ,44.511              ,58.097              ,72.519              ,19.984              ,46.170              ,1716.667            ,1716.667            ,1716.667            ,1716.667            ,2060.000            ,2060.000            ,1716.667            ,1716.667            ,2060.000            ,0.685,0.686,0.779,0.786,1.056,1.056,0.906,0.902,14.854,4524.0,14602.0,31.758,477.0,31.49
2026-07-08 03:14:02,55.0,69.000              ,717.305,484.0,1200.0,0.0,55.0,55.000              ,55.0,55.0,55.0,55.0,55.0,55.0,55.0,33.672              ,24.808              ,52.516              ,33.542              ,49.733              ,15.246              ,52.833              ,8.411               ,33.845              ,1820.000            ,1820.000            ,1820.000            ,1820.000            ,1840.000            ,1840.000            ,2300.000            ,2300.000            ,2300.000            ,0.704,0.702,1.022,1.016,0.785,0.783,0.792,0.792,14.597,4524.0,14595.0,18.533,478.0,53.96
2026-07-08 03:14:03,55.0,68.000              ,717.344,590.0,1067.0,0.0,55.0,55.000              ,55.0,55.0,55.0,55.0,55.0,55.0,55.0,28.122              ,21.562              ,57.141              ,18.395              ,56.621              ,10.514              ,45.078              ,10.029              ,30.933              ,2180.000            ,2180.000            ,2725.000            ,2725.000            ,2180.000            ,2180.000            ,2180.000            ,2180.000            ,2725.000            ,0.73,0.736,1.021,1.019,1.007,1.007,0.851,0.837,15.064,4525.0,14594.0,18.499,479.0,54.06
2026-07-08 03:14:04,55.0,69.000              ,724.551,533.0,1200.0,0.0,55.0,55.000              ,55.0,55.0,55.0,55.0,55.0,55.0,55.0,47.268              ,35.765              ,58.922              ,42.182              ,57.629              ,30.692              ,55.649              ,27.748              ,44.482              ,1980.000            ,1980.000            ,2450.000            ,2450.000            ,1940.000            ,1940.000            ,1940.000            ,1940.000            ,2450.000            ,0.7,0.696,0.879,0.879,0.763,0.765,0.732,0.744,15.577,4537.0,14606.0,26.065,480.0,38.37
2026-07-08 03:14:05,55.0,75.000              ,724.547,200.0,933.0,0.0,55.625,55.625              ,55.625,55.625,55.625,55.625,55.625,55.625,55.625,12.957              ,9.262               ,46.386              ,4.118               ,31.183              ,19.730              ,11.811              ,20.339              ,19.473              ,2160.000            ,2160.000            ,2725.000            ,2725.000            ,2180.000            ,2180.000            ,2180.000            ,2180.000            ,2725.000            ,0.811,0.81,1.58,1.58,1.576,1.575,1.107,1.107,12.169,4558.0,14590.0,16.829,481.0,59.42
2026-07-08 03:14:06,55.0,41.000              ,724.547,200.0,933.0,0.0,55.75,55.750              ,55.75,55.75,55.75,55.75,55.75,55.75,55.75,31.392              ,16.277              ,46.742              ,3.078               ,13.661              ,6.930               ,36.285              ,26.586              ,22.619              ,2333.333            ,2333.333            ,3500.000            ,3500.000            ,2333.333            ,3500.000            ,2333.333            ,2333.333            ,3500.000            ,1.633,1.633,1.675,1.675,0.798,0.798,1.548,1.548,13.81,4339.0,14350.0,0.0,482.0,
2026-07-08 03:14:07,56.0,0.000               ,724.547,200.0,1200.0,0.0,56.5,56.500              ,56.5,56.5,56.5,56.5,56.5,56.5,56.5,14.696              ,8.677               ,76.710              ,2.987               ,29.300              ,3.584               ,9.066               ,8.001               ,19.127              ,2333.333            ,2333.333            ,3500.000            ,3500.000            ,2333.333            ,2333.333            ,2333.333            ,2333.333            ,3500.000            ,1.024,1.024,3.086,3.086,1.118,1.118,0.793,0.793,13.336,4052.0,13387.0,0.0,483.0,
2026-07-08 03:14:08,56.0,0.000               ,724.547,200.0,933.0,0.0,56.5,56.500              ,56.5,56.5,56.5,56.5,56.5,56.5,56.5,33.388              ,13.401              ,53.180              ,9.005               ,22.641              ,3.693               ,14.361              ,13.273              ,20.368              ,2650.000            ,2650.000            ,2650.000            ,2650.000            ,2650.000            ,2650.000            ,2650.000            ,2650.000            ,2650.000            ,1.575,1.575,2.456,2.456,1.064,1.064,1.113,1.113,13.571,4006.0,13199.0,0.0,484.0,
2026-07-08 03:14:09,56.0,0.000               ,724.547,200.0,933.0,0.0,56.125,56.125              ,56.125,56.125,56.125,56.125,56.125,56.125,56.125,15.204              ,9.263               ,46.644              ,21.423              ,14.518              ,3.657               ,9.997               ,6.853               ,15.945              ,2333.333            ,2333.333            ,3500.000            ,3500.000            ,3500.000            ,3500.000            ,2333.333            ,2333.333            ,3500.000            ,1.004,1.004,2.001,2.001,0.78,0.78,0.726,0.726,11.847,3683.0,12795.0,0.0,485.0,
2026-07-08 03:14:10,56.0,0.000               ,724.543,200.0,933.0,0.0,56.375,56.375              ,56.375,56.375,56.375,56.375,56.375,56.375,56.375,30.346              ,17.253              ,46.835              ,28.178              ,12.157              ,2.341               ,6.612               ,9.488               ,19.151              ,2333.333            ,2333.333            ,3500.000            ,3500.000            ,2333.333            ,2333.333            ,2333.333            ,2333.333            ,3500.000            ,1.759,1.731,2.694,2.694,0.825,0.825,0.914,0.914,13.696,3585.0,11977.0,5694.269,486.0,0.18
2026-07-08 03:14:11,57.0,0.000               ,676.586,200.0,933.0,0.0,57.125,57.125              ,57.125,57.125,57.125,57.125,57.125,57.125,57.125,33.168              ,16.212              ,5.347               ,69.535              ,24.430              ,7.808               ,11.281              ,2.476               ,21.282              ,2333.333            ,2333.333            ,2333.333            ,2333.333            ,3500.000            ,3500.000            ,2333.333            ,2333.333            ,3500.000            ,1.741,1.769,3.208,3.222,1.384,1.384,0.734,0.734,14.27,3395.0,11808.0,0.0,487.0,
2026-07-08 03:14:12,58.0,0.000               ,676.586,200.0,933.0,0.0,58.0,58.000              ,58.0,58.0,58.0,58.0,58.0,58.0,58.0,9.313               ,5.629               ,3.358               ,88.527              ,11.199              ,2.469               ,3.539               ,1.932               ,15.746              ,2333.333            ,2333.333            ,3500.000            ,3500.000            ,2333.333            ,2333.333            ,2333.333            ,2333.333            ,3500.000            ,0.865,0.865,4.861,4.901,0.783,0.783,0.662,0.667,13.746,3379.0,11716.0,2265.765,488.0,0.44
2026-07-08 03:14:13,58.0,0.000               ,636.313,200.0,1200.0,0.0,58.375,58.375              ,58.375,58.375,58.375,58.375,58.375,58.375,58.375,34.389              ,9.692               ,4.522               ,78.926              ,23.592              ,3.677               ,37.383              ,3.951               ,24.516              ,2333.333            ,2333.333            ,2333.333            ,2333.333            ,2333.333            ,2333.333            ,3500.000            ,3500.000            ,3500.000            ,1.598,1.598,4.011,4.009,1.136,1.136,1.49,1.484,16.091,3229.0,11268.0,68.986,489.0,14.5
2026-07-08 03:14:14,58.0,0.000               ,636.313,200.0,933.0,0.0,58.5,58.500              ,58.5,58.5,58.5,58.5,58.5,58.5,58.5,1.488               ,1.550               ,0.248               ,96.645              ,3.453               ,0.251               ,2.465               ,0.365               ,13.308              ,2333.333            ,2333.333            ,3500.000            ,3500.000            ,2333.333            ,2333.333            ,2333.333            ,2333.333            ,3500.000            ,0.571,0.571,5.327,5.354,0.641,0.641,0.583,0.583,13.79,3246.0,11245.0,0.0,490.0,
2026-07-08 03:14:15,59.0,0.000               ,636.313,200.0,933.0,0.0,59.0,59.000              ,59.0,59.0,59.0,59.0,59.0,59.0,59.0,4.504               ,3.429               ,2.374               ,98.539              ,6.703               ,3.712               ,3.111               ,2.504               ,15.609              ,2333.333            ,2333.333            ,3500.000            ,3500.000            ,2333.333            ,2333.333            ,2333.333            ,2333.333            ,3500.000            ,0.264,0.264,4.989,4.959,0.707,0.707,0.235,0.236,12.641,3311.0,11268.0,0.0,491.0,
2026-07-08 03:14:16,58.0,0.000               ,632.574,200.0,933.0,0.0,58.0,58.000              ,58.0,58.0,58.0,58.0,58.0,58.0,58.0,32.739              ,9.066               ,2.231               ,70.273              ,19.412              ,1.559               ,10.184              ,0.264               ,18.216              ,1555.556            ,1555.556            ,3500.000            ,3500.000            ,2333.333            ,2333.333            ,2333.333            ,2333.333            ,3500.000            ,1.483,1.483,2.772,2.762,0.963,0.963,0.639,0.639,13.832,3292.0,11081.0,3324.504,492.0,0.3
2026-07-08 03:14:17,57.0,0.000               ,548.313,200.0,1067.0,0.0,57.625,57.625              ,57.625,57.625,57.625,57.625,57.625,57.625,57.625,25.261              ,15.064              ,17.483              ,65.747              ,24.661              ,4.835               ,23.248              ,8.237               ,23.067              ,2333.333            ,2333.333            ,3500.000            ,3500.000            ,2333.333            ,2333.333            ,2333.333            ,2333.333            ,3500.000            ,1.395,1.395,2.931,2.894,1.047,1.047,1.085,1.085,14.84,3261.0,10514.0,1277.69,493.0,0.78
2026-07-08 03:14:18,56.0,22.000              ,548.188,200.0,1067.0,0.0,56.75,56.750              ,56.75,56.75,56.75,56.75,56.75,56.75,56.75,41.152              ,77.851              ,61.535              ,23.219              ,45.851              ,11.391              ,34.155              ,7.443               ,37.825              ,3500.000            ,3500.000            ,2800.000            ,2800.000            ,2800.000            ,2800.000            ,2800.000            ,2800.000            ,3500.000            ,2.943,2.947,1.571,1.567,1.258,1.274,1.002,1.002,17.301,3247.0,10514.0,55.343,494.0,18.07
2026-07-08 03:14:19,56.0,45.000              ,548.184,200.0,1067.0,0.0,56.375,56.375              ,56.375,56.375,56.375,56.375,56.375,56.375,56.375,29.692              ,83.631              ,55.540              ,17.947              ,37.702              ,10.097              ,25.350              ,6.326               ,33.286              ,3075.000            ,3075.000            ,2440.000            ,2440.000            ,2033.333            ,2033.333            ,2033.333            ,2033.333            ,3075.000            ,2.649,2.645,1.306,1.306,0.985,0.969,0.709,0.709,15.678,3209.0,10516.0,51.899,495.0,19.27
2026-07-08 03:14:20,56.0,44.000              ,548.16,200.0,933.0,0.0,56.125,56.125              ,56.125,56.125,56.125,56.125,56.125,56.125,56.125,23.549              ,59.508              ,57.094              ,12.719              ,39.045              ,5.262               ,20.342              ,2.586               ,27.513              ,3150.000            ,3150.000            ,2520.000            ,2520.000            ,2100.000            ,2100.000            ,1800.000            ,1800.000            ,3150.000            ,2.108,2.112,1.38,1.38,1.038,1.038,0.697,0.697,14.952,3195.0,10428.0,37.056,496.0,26.99
2026-07-08 03:14:21,56.0,44.000              ,577.902,200.0,933.0,0.0,56.125,56.125              ,56.125,56.125,56.125,56.125,56.125,56.125,56.125,24.938              ,16.045              ,50.290              ,16.100              ,41.317              ,6.827               ,30.407              ,11.129              ,24.632              ,2620.000            ,2620.000            ,2620.000            ,2620.000            ,2620.000            ,2620.000            ,3275.000            ,3425.000            ,3425.000            ,1.35,1.346,1.856,1.856,1.387,1.387,1.175,1.175,15.385,3223.0,10474.0,40.365,497.0,24.77
2026-07-08 03:14:22,56.0,55.000              ,577.902,200.0,933.0,0.0,56.125,56.125              ,56.125,56.125,56.125,56.125,56.125,56.125,56.125,15.943              ,14.314              ,52.713              ,11.426              ,40.236              ,3.238               ,25.927              ,4.379               ,21.022              ,2316.667            ,2316.667            ,3475.000            ,3500.000            ,2333.333            ,2333.333            ,2333.333            ,2333.333            ,3500.000            ,0.978,0.978,1.765,1.765,1.28,1.28,0.951,0.954,14.513,3216.0,10474.0,17.574,498.0,56.9
2026-07-08 03:14:23,56.0,64.000              ,577.902,200.0,933.0,0.0,56.0,56.000              ,56.0,56.0,56.0,56.0,56.0,56.0,56.0,14.355              ,8.749               ,51.091              ,12.225              ,34.888              ,0.699               ,28.507              ,3.163               ,19.210              ,2333.333            ,2333.333            ,3500.000            ,3500.000            ,2333.333            ,2333.333            ,2333.333            ,2333.333            ,3500.000            ,0.918,0.918,1.88,1.88,1.217,1.217,1.077,1.073,14.535,3216.0,10473.0,17.462,499.0,57.27
2026-07-08 03:14:24,56.0,62.000              ,577.902,200.0,933.0,0.0,56.125,56.125              ,56.125,56.125,56.125,56.125,56.125,56.125,56.125,15.626              ,9.999               ,58.741              ,9.890               ,31.357              ,2.160               ,27.819              ,4.028               ,19.953              ,2600.000            ,2600.000            ,3500.000            ,3500.000            ,2333.333            ,2333.333            ,2333.333            ,2333.333            ,3500.000            ,0.895,0.901,1.937,1.937,1.119,1.119,1.018,1.018,14.48,3216.0,10474.0,17.451,500.0,57.3
2026-07-08 03:14:25,56.0,60.000              ,577.902,200.0,933.0,0.0,56.125,56.125              ,56.125,56.125,56.125,56.125,56.125,56.125,56.125,12.581              ,8.107               ,58.201              ,7.980               ,32.304              ,0.763               ,27.340              ,2.360               ,18.705              ,2333.333            ,2333.333            ,3500.000            ,3500.000            ,2333.333            ,2333.333            ,2333.333            ,2333.333            ,3500.000            ,0.878,0.873,1.937,1.916,1.15,1.15,1.012,1.012,14.406,3216.0,10474.0,17.17,501.0,58.24
2026-07-08 03:14:26,56.0,60.000              ,577.902,200.0,933.0,0.0,56.0,56.000              ,56.0,56.0,56.0,56.0,56.0,56.0,56.0,12.908              ,10.714              ,57.504              ,10.670              ,29.938              ,1.250               ,27.644              ,3.130               ,19.220              ,2540.000            ,2540.000            ,2540.000            ,2540.000            ,2540.000            ,2540.000            ,3175.000            ,3175.000            ,3175.000            ,0.916,0.916,1.923,1.944,1.092,1.094,1.018,1.018,14.412,3215.0,10475.0,17.422,502.0,57.4
2026-07-08 03:14:27,56.0,60.000              ,523.449,200.0,933.0,0.0,56.25,56.250              ,56.25,56.25,56.25,56.25,56.25,56.25,56.25,16.231              ,14.464              ,57.185              ,15.800              ,38.556              ,3.871               ,20.511              ,4.586               ,21.401              ,2333.333            ,2333.333            ,3500.000            ,3500.000            ,2333.333            ,2333.333            ,2333.333            ,2333.333            ,3500.000            ,1.043,1.043,2.056,2.056,1.32,1.319,0.887,0.887,14.735,3189.0,10433.0,19.724,503.0,50.7
2026-07-08 03:14:28,56.0,59.000              ,523.449,200.0,933.0,0.0,56.0,56.000              ,56.0,56.0,56.0,56.0,56.0,56.0,56.0,14.930              ,10.295              ,38.984              ,16.628              ,39.669              ,2.064               ,30.915              ,3.692               ,19.647              ,2600.000            ,2600.000            ,3500.000            ,3500.000            ,2333.333            ,2333.333            ,2333.333            ,2333.333            ,3500.000            ,0.875,0.875,1.539,1.539,1.247,1.247,1.055,1.055,13.926,3188.0,10433.0,17.337,504.0,57.68
2026-07-08 03:14:29,56.0,58.000              ,523.449,200.0,933.0,0.0,56.0,56.000              ,56.0,56.0,56.0,56.0,56.0,56.0,56.0,12.505              ,10.522              ,60.608              ,5.597               ,35.159              ,1.306               ,22.796              ,2.948               ,18.930              ,2400.000            ,2400.000            ,3000.000            ,3000.000            ,2400.000            ,2400.000            ,2400.000            ,2400.000            ,3000.000            ,0.886,0.886,1.903,1.903,1.202,1.207,0.947,0.947,14.543,3188.0,10432.0,17.576,505.0,56.9
2026-07-08 03:14:30,56.0,62.000              ,522.441,200.0,933.0,0.0,56.0,56.000              ,56.0,56.0,56.0,56.0,56.0,56.0,56.0,18.783              ,12.787              ,64.297              ,9.213               ,37.273              ,3.013               ,19.999              ,5.470               ,21.354              ,2333.333            ,2333.333            ,3500.000            ,3500.000            ,2333.333            ,2333.333            ,2333.333            ,2333.333            ,3500.000            ,1.059,1.059,2.052,2.052,1.261,1.256,0.904,0.904,14.929,3187.0,10378.0,17.411,506.0,57.43
2026-07-08 03:14:31,56.0,62.000              ,516.441,200.0,933.0,0.0,56.25,56.250              ,56.25,56.25,56.25,56.25,56.25,56.25,56.25,13.360              ,8.834               ,62.672              ,6.668               ,29.954              ,2.041               ,27.515              ,2.931               ,19.247              ,1500.000            ,1500.000            ,3500.000            ,3500.000            ,2333.333            ,2333.333            ,2333.333            ,2333.333            ,3500.000            ,0.893,0.893,1.994,1.995,1.137,1.137,1.04,1.04,14.463,3187.0,10374.0,17.798,507.0,56.19
2026-07-08 03:14:32,56.0,61.000              ,516.441,200.0,933.0,0.0,56.25,56.250              ,56.25,56.25,56.25,56.25,56.25,56.25,56.25,13.696              ,10.722              ,60.871              ,9.655               ,35.081              ,1.904               ,22.567              ,3.985               ,19.810              ,2333.333            ,2333.333            ,2333.333            ,2333.333            ,3500.000            ,3500.000            ,2333.333            ,2333.333            ,3500.000            ,0.873,0.873,1.955,1.954,1.184,1.184,0.916,0.916,14.483,3187.0,10373.0,17.308,508.0,57.78
2026-07-08 03:14:33,56.0,60.000              ,516.441,200.0,933.0,0.0,56.25,56.250              ,56.25,56.25,56.25,56.25,56.25,56.25,56.25,14.712              ,10.936              ,51.583              ,11.201              ,31.961              ,2.069               ,34.768              ,3.614               ,20.105              ,2333.333            ,2333.333            ,3500.000            ,3500.000            ,2333.333            ,2333.333            ,2333.333            ,2333.333            ,3500.000            ,0.891,0.891,1.76,1.76,1.117,1.125,1.138,1.138,14.43,3187.0,10372.0,17.189,509.0,58.18
2026-07-08 03:14:34,56.0,60.000              ,516.441,200.0,933.0,0.0,56.25,56.250              ,56.25,56.25,56.25,56.25,56.25,56.25,56.25,13.562              ,8.818               ,51.433              ,10.467              ,32.920              ,1.436               ,30.123              ,2.901               ,18.957              ,2333.333            ,2333.333            ,2333.333            ,2333.333            ,3500.000            ,3500.000            ,3500.000            ,3500.000            ,3500.000            ,0.866,0.866,1.749,1.749,1.158,1.151,1.019,1.022,14.188,3186.0,10365.0,17.358,510.0,57.61
2026-07-08 03:14:35,56.0,59.000              ,516.441,200.0,933.0,0.0,56.125,56.125              ,56.125,56.125,56.125,56.125,56.125,56.125,56.125,14.814              ,8.641               ,61.173              ,8.190               ,32.396              ,3.802               ,19.291              ,2.828               ,18.892              ,2333.333            ,2333.333            ,3500.000            ,3500.000            ,2333.333            ,2333.333            ,2333.333            ,2333.333            ,3500.000            ,0.899,0.884,1.973,1.973,1.196,1.196,0.859,0.855,14.401,3186.0,10365.0,17.322,511.0,57.73
2026-07-08 03:14:36,56.0,59.000              ,516.441,200.0,933.0,0.0,56.0,56.000              ,56.0,56.0,56.0,56.0,56.0,56.0,56.0,13.641              ,9.786               ,56.996              ,9.417               ,37.198              ,1.995               ,25.991              ,3.768               ,19.849              ,2333.333            ,2333.333            ,2333.333            ,2333.333            ,3500.000            ,3500.000            ,3500.000            ,3500.000            ,3500.000            ,0.819,0.832,1.857,1.857,1.223,1.223,0.97,0.97,14.275,3186.0,10365.0,17.269,512.0,57.91
2026-07-08 03:14:37,56.0,59.000              ,516.441,200.0,933.0,0.0,56.0,56.000              ,56.0,56.0,56.0,56.0,56.0,56.0,56.0,14.285              ,9.423               ,56.729              ,8.610               ,30.850              ,0.804               ,26.809              ,2.654               ,18.771              ,2180.000            ,2180.000            ,2650.000            ,2650.000            ,2650.000            ,2650.000            ,2650.000            ,2650.000            ,2650.000            ,0.905,0.905,1.849,1.853,1.104,1.104,0.968,0.968,14.32,3186.0,10365.0,18.031,513.0,55.46
2026-07-08 03:14:38,56.0,59.000              ,516.441,200.0,933.0,0.0,56.0,56.000              ,56.0,56.0,56.0,56.0,56.0,56.0,56.0,13.413              ,12.371              ,61.848              ,6.383               ,36.936              ,2.442               ,22.046              ,4.101               ,19.943              ,2333.333            ,2333.333            ,3500.000            ,3500.000            ,2333.333            ,2333.333            ,2333.333            ,2333.333            ,3500.000            ,0.873,0.873,1.901,1.897,1.2,1.2,0.895,0.895,14.389,3185.0,10365.0,17.489,514.0,57.18
2026-07-08 03:14:39,56.0,59.000              ,516.441,200.0,933.0,0.0,56.0,56.000              ,56.0,56.0,56.0,56.0,56.0,56.0,56.0,13.120              ,9.620               ,70.654              ,6.010               ,31.569              ,1.689               ,19.983              ,3.941               ,19.573              ,2333.333            ,2333.333            ,3500.000            ,3500.000            ,2333.333            ,2333.333            ,2333.333            ,2333.333            ,3500.000            ,0.855,0.855,2.162,2.162,1.123,1.123,0.869,0.869,14.563,3185.0,10365.0,17.024,515.0,58.74
2026-07-08 03:14:40,56.0,60.000              ,516.441,200.0,933.0,0.0,56.0,56.000              ,56.0,56.0,56.0,56.0,56.0,56.0,56.0,16.306              ,9.940               ,58.491              ,9.493               ,31.444              ,0.633               ,26.027              ,2.115               ,19.306              ,2333.333            ,2333.333            ,3500.000            ,3500.000            ,2333.333            ,2333.333            ,3500.000            ,3500.000            ,3500.000            ,1.042,1.042,1.934,1.934,1.125,1.127,0.988,0.988,14.702,3186.0,10365.0,17.34,516.0,57.67
2026-07-08 03:14:41,56.0,62.000              ,516.441,200.0,933.0,0.0,56.0,56.000              ,56.0,56.0,56.0,56.0,56.0,56.0,56.0,13.598              ,11.890              ,59.494              ,7.679               ,36.535              ,3.033               ,23.819              ,3.878               ,19.991              ,2333.333            ,2333.333            ,2333.333            ,2333.333            ,3500.000            ,3500.000            ,2333.333            ,2333.333            ,3500.000            ,0.894,0.894,1.89,1.89,1.253,1.251,0.948,0.948,14.464,3185.0,10364.0,17.236,517.0,58.02
2026-07-08 03:14:42,56.0,59.000              ,516.441,200.0,933.0,0.0,56.125,56.125              ,56.125,56.125,56.125,56.125,56.125,56.125,56.125,12.198              ,9.533               ,62.595              ,8.152               ,33.373              ,0.741               ,20.697              ,3.242               ,18.816              ,2333.333            ,2333.333            ,3500.000            ,3500.000            ,2333.333            ,2333.333            ,2333.333            ,2333.333            ,3500.000            ,0.863,0.863,2.003,2.003,1.174,1.174,0.894,0.894,14.488,3185.0,10364.0,17.354,518.0,57.62
2026-07-08 03:14:43,56.0,59.000              ,516.441,200.0,933.0,0.0,56.375,56.375              ,56.375,56.375,56.375,56.375,56.375,56.375,56.375,12.900              ,10.140              ,72.803              ,7.183               ,29.811              ,1.240               ,16.998              ,3.514               ,19.324              ,2333.333            ,2333.333            ,3500.000            ,3500.000            ,2333.333            ,2333.333            ,2333.333            ,2333.333            ,3500.000            ,0.906,0.906,2.324,2.287,1.084,1.084,0.847,0.847,14.596,3185.0,10365.0,17.215,519.0,58.09
2026-07-08 03:14:44,56.0,60.000              ,516.441,200.0,933.0,0.0,56.25,56.250              ,56.25,56.25,56.25,56.25,56.25,56.25,56.25,13.831              ,10.003              ,67.526              ,6.239               ,35.271              ,2.588               ,20.824              ,4.060               ,20.043              ,2333.333            ,2333.333            ,2333.333            ,2333.333            ,2333.333            ,2333.333            ,3500.000            ,3500.000            ,3500.000            ,0.856,0.856,2.065,2.099,1.215,1.215,0.892,0.892,14.518,3184.0,10364.0,17.357,520.0,57.61
2026-07-08 03:14:45,56.0,60.000              ,516.441,200.0,933.0,0.0,56.25,56.250              ,56.25,56.25,56.25,56.25,56.25,56.25,56.25,14.818              ,9.929               ,61.957              ,10.775              ,32.135              ,0.806               ,20.060              ,2.699               ,19.147              ,2333.333            ,2333.333            ,2333.333            ,2333.333            ,2333.333            ,2333.333            ,3500.000            ,3500.000            ,3500.000            ,0.949,0.949,2.106,2.106,1.147,1.147,0.892,0.895,14.697,3183.0,10364.0,17.459,521.0,57.28
2026-07-08 03:14:46,56.0,60.000              ,516.441,200.0,933.0,0.0,56.25,56.250              ,56.25,56.25,56.25,56.25,56.25,56.25,56.25,14.002              ,10.373              ,70.640              ,8.765               ,31.074              ,2.859               ,19.114              ,4.100               ,20.116              ,2333.333            ,2333.333            ,3500.000            ,3500.000            ,2333.333            ,2333.333            ,2333.333            ,2333.333            ,3500.000            ,0.899,0.899,2.237,2.237,1.13,1.13,0.862,0.859,14.645,3184.0,10365.0,17.547,522.0,56.99
2026-07-08 03:14:47,56.0,59.000              ,516.441,200.0,933.0,0.0,56.125,56.125              ,56.125,56.125,56.125,56.125,56.125,56.125,56.125,11.487              ,9.803               ,64.916              ,8.982               ,25.958              ,1.031               ,25.427              ,2.615               ,18.777              ,2333.333            ,2333.333            ,3500.000            ,3500.000            ,2333.333            ,2333.333            ,2333.333            ,2333.333            ,3500.000            ,0.877,0.877,2.145,2.127,1.019,1.019,0.984,0.984,14.443,3183.0,10364.0,17.235,523.0,58.02
2026-07-08 03:14:48,56.0,59.000              ,516.441,200.0,933.0,0.0,56.0,56.000              ,56.0,56.0,56.0,56.0,56.0,56.0,56.0,13.319              ,10.668              ,60.646              ,9.310               ,35.061              ,2.470               ,23.914              ,4.000               ,19.924              ,2333.333            ,2333.333            ,3500.000            ,3500.000            ,2333.333            ,2333.333            ,2333.333            ,2333.333            ,3500.000            ,0.866,0.866,1.947,1.962,1.162,1.162,0.924,0.927,14.379,3184.0,10365.0,17.45,524.0,57.31
2026-07-08 03:14:49,56.0,61.000              ,516.441,200.0,1200.0,0.0,56.75,56.750              ,56.75,56.75,56.75,56.75,56.75,56.75,56.75,51.703              ,18.483              ,59.154              ,16.254              ,37.929              ,3.611               ,20.465              ,3.921               ,26.440              ,2333.333            ,2333.333            ,3500.000            ,3500.000            ,2333.333            ,2333.333            ,2333.333            ,2333.333            ,3500.000            ,2.68,2.68,2.055,2.055,1.351,1.351,0.981,0.978,17.33,3182.0,10366.0,17.251,525.0,57.97
2026-07-08 03:14:50,56.0,61.000              ,516.441,200.0,1067.0,0.0,56.5,56.500              ,56.5,56.5,56.5,56.5,56.5,56.5,56.5,86.631              ,26.236              ,47.497              ,25.812              ,40.947              ,7.697               ,30.031              ,7.437               ,34.036              ,3375.000            ,3375.000            ,2680.000            ,2680.000            ,2680.000            ,2680.000            ,1914.286            ,1914.286            ,3375.000            ,2.849,2.855,1.378,1.37,1.016,1.016,0.828,0.832,17.257,3182.0,10367.0,17.395,526.0,57.49
2026-07-08 03:14:51,56.0,60.000              ,516.441,200.0,933.0,0.0,56.375,56.375              ,56.375,56.375,56.375,56.375,56.375,56.375,56.375,75.150              ,21.412              ,54.153              ,21.186              ,30.145              ,3.203               ,33.855              ,4.533               ,30.455              ,3100.000            ,3100.000            ,2480.000            ,2480.000            ,2066.667            ,2066.667            ,2083.333            ,2083.333            ,3100.000            ,2.347,2.341,1.37,1.378,0.825,0.825,0.797,0.793,16.009,3185.0,10368.0,17.153,527.0,58.3
2026-07-08 03:14:52,56.0,61.000              ,516.441,200.0,933.0,0.0,56.125,56.125              ,56.125,56.125,56.125,56.125,56.125,56.125,56.125,14.287              ,10.917              ,52.296              ,13.110              ,34.456              ,2.297               ,29.108              ,4.565               ,20.129              ,2333.333            ,2333.333            ,3500.000            ,3500.000            ,2333.333            ,2333.333            ,2333.333            ,2333.333            ,3500.000            ,0.846,0.846,1.765,1.773,1.085,1.085,0.971,0.971,14.097,3182.0,10366.0,17.473,528.0,57.23
2026-07-08 03:14:53,56.0,60.000              ,516.441,200.0,933.0,0.0,56.25,56.250              ,56.25,56.25,56.25,56.25,56.25,56.25,56.25,12.214              ,8.805               ,62.734              ,8.549               ,32.602              ,3.771               ,19.080              ,2.695               ,18.806              ,2333.333            ,2333.333            ,3500.000            ,3500.000            ,2333.333            ,2333.333            ,2333.333            ,2333.333            ,3500.000            ,0.868,0.868,2.042,2.037,1.237,1.237,0.9,0.9,14.658,3182.0,10366.0,17.462,529.0,57.27
2026-07-08 03:14:54,56.0,60.000              ,516.441,200.0,933.0,0.0,56.375,56.375              ,56.375,56.375,56.375,56.375,56.375,56.375,56.375,31.934              ,17.186              ,58.910              ,16.467              ,38.343              ,5.750               ,24.567              ,5.566               ,24.840              ,1555.556            ,1555.556            ,3500.000            ,3500.000            ,2333.333            ,2333.333            ,2333.333            ,2333.333            ,3500.000            ,1.674,1.674,2.127,2.127,1.334,1.334,1.02,1.023,15.848,3186.0,10367.0,17.203,530.0,58.13
2026-07-08 03:14:55,56.0,60.000              ,516.441,200.0,933.0,0.0,56.5,56.500              ,56.5,56.5,56.5,56.5,56.5,56.5,56.5,12.940              ,9.878               ,61.392              ,6.844               ,35.534              ,1.619               ,20.305              ,3.375               ,18.986              ,1488.889            ,1488.889            ,3125.000            ,3125.000            ,3450.000            ,3450.000            ,2300.000            ,2300.000            ,3450.000            ,0.916,0.916,1.966,1.966,1.234,1.234,0.903,0.9,14.562,3187.0,10367.0,17.669,531.0,56.6
2026-07-08 03:14:56,56.0,60.000              ,516.441,200.0,933.0,0.0,56.5,56.500              ,56.5,56.5,56.5,56.5,56.5,56.5,56.5,13.094              ,9.979               ,66.146              ,6.831               ,31.541              ,2.026               ,20.513              ,3.739               ,19.234              ,2333.333            ,2333.333            ,3500.000            ,3500.000            ,2333.333            ,2333.333            ,2333.333            ,2333.333            ,3500.000            ,0.867,0.867,2.064,2.064,1.155,1.155,0.903,0.904,14.576,3188.0,10367.0,17.357,532.0,57.61
2026-07-08 03:14:57,56.0,61.000              ,516.441,200.0,933.0,0.0,56.625,56.625              ,56.625,56.625,56.625,56.625,56.625,56.625,56.625,15.898              ,11.730              ,73.761              ,9.560               ,27.618              ,2.268               ,20.411              ,3.435               ,20.585              ,2333.333            ,2333.333            ,3500.000            ,3500.000            ,2333.333            ,2333.333            ,2333.333            ,2333.333            ,3500.000            ,1.023,1.023,2.429,2.429,1.14,1.14,0.948,0.946,15.219,3189.0,10367.0,17.37,533.0,57.57
2026-07-08 03:14:58,56.0,62.000              ,516.441,200.0,933.0,0.0,56.75,56.750              ,56.75,56.75,56.75,56.75,56.75,56.75,56.75,15.980              ,11.978              ,61.474              ,12.412              ,37.584              ,2.722               ,20.209              ,4.467               ,20.853              ,2333.333            ,2333.333            ,3500.000            ,3500.000            ,2333.333            ,2333.333            ,2333.333            ,2333.333            ,3500.000            ,0.955,0.955,2.095,2.095,1.29,1.27,0.88,0.88,14.702,3189.0,10367.0,19.307,534.0,51.79
2026-07-08 03:14:59,56.0,61.000              ,522.77,200.0,933.0,0.0,56.375,56.375              ,56.375,56.375,56.375,56.375,56.375,56.375,56.375,34.444              ,22.803              ,47.167              ,23.132              ,45.589              ,10.659              ,27.093              ,12.039              ,27.866              ,2800.000            ,2800.000            ,3500.000            ,3500.000            ,2800.000            ,2800.000            ,2800.000            ,2800.000            ,3500.000            ,1.667,1.667,2.045,2.045,1.453,1.477,1.266,1.266,16.349,3205.0,10389.0,26.808,535.0,37.3
2026-07-08 03:15:00,56.0,51.000              ,523.727,200.0,933.0,0.0,56.125,56.125              ,56.125,56.125,56.125,56.125,56.125,56.125,56.125,18.278              ,14.218              ,51.054              ,12.732              ,37.544              ,4.190               ,21.778              ,5.332               ,20.641              ,2500.000            ,2320.000            ,2900.000            ,2900.000            ,3500.000            ,3500.000            ,2333.333            ,2333.333            ,3500.000            ,1.093,1.093,1.76,1.767,1.233,1.233,0.98,0.984,14.471,3202.0,10388.0,17.836,536.0,56.07
2026-07-08 03:15:01,56.0,51.000              ,523.727,200.0,933.0,0.0,56.25,56.250              ,56.25,56.25,56.25,56.25,56.25,56.25,56.25,26.910              ,13.363              ,61.887              ,12.662              ,22.074              ,6.362               ,28.886              ,6.376               ,22.315              ,2480.000            ,2480.000            ,2480.000            ,2480.000            ,2480.000            ,2480.000            ,3500.000            ,3500.000            ,3500.000            ,1.144,1.144,2.041,2.034,1.033,1.033,1.114,1.11,14.931,3202.0,10385.0,21.138,537.0,47.31
2026-07-08 03:15:02,55.0,62.000              ,523.727,200.0,933.0,0.0,55.5,55.500              ,55.5,55.5,55.5,55.5,55.5,55.5,55.5,12.443              ,4.598               ,40.064              ,4.521               ,7.711               ,3.821               ,11.944              ,3.671               ,11.097              ,2333.333            ,2333.333            ,3500.000            ,3500.000            ,2333.333            ,2333.333            ,2333.333            ,2333.333            ,3500.000            ,0.522,0.522,1.235,1.235,0.377,0.377,0.509,0.509,9.238,3045.0,10229.0,17.495,538.0,57.16
2026-07-08 03:15:03,55.0,32.000              ,388.84,200.0,1067.0,0.0,55.375,55.375              ,55.375,55.375,55.375,55.375,55.375,55.375,55.375,20.379              ,6.297               ,29.978              ,33.933              ,28.181              ,8.965               ,16.953              ,5.012               ,18.712              ,2650.000            ,2650.000            ,2650.000            ,2650.000            ,2650.000            ,2650.000            ,2650.000            ,2650.000            ,2650.000            ,1.09,1.097,2.56,2.56,1.348,1.348,0.883,0.883,12.772,2816.0,8776.0,0.0,539.0,
2026-07-08 03:15:04,55.0,0.000               ,388.855,200.0,1200.0,0.0,55.25,55.250              ,55.25,55.25,55.25,55.25,55.25,55.25,55.25,12.081              ,23.323              ,22.412              ,25.350              ,30.238              ,15.083              ,18.272              ,5.161               ,18.990              ,2420.000            ,2420.000            ,2420.000            ,2420.000            ,3025.000            ,3025.000            ,2420.000            ,2420.000            ,3025.000            ,1.118,1.111,1.479,1.479,1.378,1.378,0.825,0.827,11.82,2693.0,8686.0,0.0,540.0,
