08-07-2026 02:31:42,GPU temperature,GPU usage,Memory usage,Core clock,Memory clock,Fan tachometer,CPU1 temperature,CPU2 temperature,CPU3 temperature,CPU4 temperature,CPU5 temperature,CPU6 temperature,CPU7 temperature,CPU8 temperature,CPU temperature,CPU1 usage,CPU2 usage,CPU3 usage,CPU4 usage,CPU5 usage,CPU6 usage,CPU7 usage,CPU8 usage,CPU usage,CPU1 clock,CPU2 clock,CPU3 clock,CPU4 clock,CPU5 clock,CPU6 clock,CPU7 clock,CPU8 clock,CPU clock,CPU1 power,CPU2 power,CPU3 power,CPU4 power,CPU5 power,CPU6 power,CPU7 power,CPU8 power,CPU power,RAM usage,Commit charge,frametime,elapsed,fps
2026-07-08 02:31:42,0.0,°C                  ,0.0,100.0,10.0,,,,,,,,,,,,,,,,,,,,,,,,,,,,,,,,,,,,,,,,,0.0,
2026-07-08 02:31:42,1.0,%                   ,0.0,100.0,10.0,,,,,,,,,,,,,,,,,,,,,,,,,,,,,,,,,,,,,,,,,0.0,
2026-07-08 02:31:42,2.0,MB                  ,0.0,8192.0,10.0,,,,,,,,,,,,,,,,,,,,,,,,,,,,,,,,,,,,,,,,,0.0,
2026-07-08 02:31:42,3.0,MHz                 ,0.0,2500.0,10.0,,,,,,,,,,,,,,,,,,,,,,,,,,,,,,,,,,,,,,,,,0.0,
2026-07-08 02:31:42,4.0,MHz                 ,0.0,7500.0,10.0,,,,,,,,,,,,,,,,,,,,,,,,,,,,,,,,,,,,,,,,,0.0,
2026-07-08 02:31:42,5.0,RPM                 ,0.0,10000.0,10.0,,,,,,,,,,,,,,,,,,,,,,,,,,,,,,,,,,,,,,,,,0.0,
2026-07-08 02:31:42,6.0,°C                  ,0.0,100.0,10.0,,,,,,,,,,,,,,,,,,,,,,,,,,,,,,,,,,,,,,,,,0.0,
2026-07-08 02:31:42,7.0,°C                  ,0.0,100.0,10.0,,,,,,,,,,,,,,,,,,,,,,,,,,,,,,,,,,,,,,,,,0.0,
2026-07-08 02:31:42,8.0,°C                  ,0.0,100.0,10.0,,,,,,,,,,,,,,,,,,,,,,,,,,,,,,,,,,,,,,,,,0.0,
2026-07-08 02:31:42,9.0,°C                  ,0.0,100.0,10.0,,,,,,,,,,,,,,,,,,,,,,,,,,,,,,,,,,,,,,,,,0.0,
2026-07-08 02:31:42,10.0,°C                  ,0.0,100.0,10.0,,,,,,,,,,,,,,,,,,,,,,,,,,,,,,,,,,,,,,,,,0.0,
2026-07-08 02:31:42,11.0,°C                  ,0.0,100.0,10.0,,,,,,,,,,,,,,,,,,,,,,,,,,,,,,,,,,,,,,,,,0.0,
2026-07-08 02:31:42,12.0,°C                  ,0.0,100.0,10.0,,,,,,,,,,,,,,,,,,,,,,,,,,,,,,,,,,,,,,,,,0.0,
2026-07-08 02:31:42,13.0,°C                  ,0.0,100.0,10.0,,,,,,,,,,,,,,,,,,,,,,,,,,,,,,,,,,,,,,,,,0.0,
2026-07-08 02:31:42,14.0,°C                  ,0.0,100.0,10.0,,,,,,,,,,,,,,,,,,,,,,,,,,,,,,,,,,,,,,,,,0.0,
2026-07-08 02:31:42,15.0,%                   ,0.0,100.0,10.0,,,,,,,,,,,,,,,,,,,,,,,,,,,,,,,,,,,,,,,,,0.0,
2026-07-08 02:31:42,16.0,%                   ,0.0,100.0,10.0,,,,,,,,,,,,,,,,,,,,,,,,,,,,,,,,,,,,,,,,,0.0,
2026-07-08 02:31:42,17.0,%                   ,0.0,100.0,10.0,,,,,,,,,,,,,,,,,,,,,,,,,,,,,,,,,,,,,,,,,0.0,
2026-07-08 02:31:42,18.0,%                   ,0.0,100.0,10.0,,,,,,,,,,,,,,,,,,,,,,,,,,,,,,,,,,,,,,,,,0.0,
2026-07-08 02:31:42,19.0,%                   ,0.0,100.0,10.0,,,,,,,,,,,,,,,,,,,,,,,,,,,,,,,,,,,,,,,,,0.0,
2026-07-08 02:31:42,20.0,%                   ,0.0,100.0,10.0,,,,,,,,,,,,,,,,,,,,,,,,,,,,,,,,,,,,,,,,,0.0,
2026-07-08 02:31:42,21.0,%                   ,0.0,100.0,10.0,,,,,,,,,,,,,,,,,,,,,,,,,,,,,,,,,,,,,,,,,0.0,
2026-07-08 02:31:42,22.0,%                   ,0.0,100.0,10.0,,,,,,,,,,,,,,,,,,,,,,,,,,,,,,,,,,,,,,,,,0.0,
2026-07-08 02:31:42,23.0,%                   ,0.0,100.0,10.0,,,,,,,,,,,,,,,,,,,,,,,,,,,,,,,,,,,,,,,,,0.0,
2026-07-08 02:31:42,24.0,MHz                 ,0.0,5000.0,10.0,,,,,,,,,,,,,,,,,,,,,,,,,,,,,,,,,,,,,,,,,0.0,
2026-07-08 02:31:42,25.0,MHz                 ,0.0,5000.0,10.0,,,,,,,,,,,,,,,,,,,,,,,,,,,,,,,,,,,,,,,,,0.0,
2026-07-08 02:31:42,26.0,MHz                 ,0.0,5000.0,10.0,,,,,,,,,,,,,,,,,,,,,,,,,,,,,,,,,,,,,,,,,0.0,
2026-07-08 02:31:42,27.0,MHz                 ,0.0,5000.0,10.0,,,,,,,,,,,,,,,,,,,,,,,,,,,,,,,,,,,,,,,,,0.0,
2026-07-08 02:31:42,28.0,MHz                 ,0.0,5000.0,10.0,,,,,,,,,,,,,,,,,,,,,,,,,,,,,,,,,,,,,,,,,0.0,
2026-07-08 02:31:42,29.0,MHz                 ,0.0,5000.0,10.0,,,,,,,,,,,,,,,,,,,,,,,,,,,,,,,,,,,,,,,,,0.0,
2026-07-08 02:31:42,30.0,MHz                 ,0.0,5000.0,10.0,,,,,,,,,,,,,,,,,,,,,,,,,,,,,,,,,,,,,,,,,0.0,
2026-07-08 02:31:42,31.0,MHz                 ,0.0,5000.0,10.0,,,,,,,,,,,,,,,,,,,,,,,,,,,,,,,,,,,,,,,,,0.0,
2026-07-08 02:31:42,32.0,MHz                 ,0.0,5000.0,10.0,,,,,,,,,,,,,,,,,,,,,,,,,,,,,,,,,,,,,,,,,0.0,
2026-07-08 02:31:42,33.0,W                   ,0.0,200.0,10.0,,,%.1f                ,,,,,,,,,,,,,,,,,,,,,,,,,,,,,,,,,,,,,,0.0,
2026-07-08 02:31:42,34.0,W                   ,0.0,200.0,10.0,,,%.1f                ,,,,,,,,,,,,,,,,,,,,,,,,,,,,,,,,,,,,,,0.0,
2026-07-08 02:31:42,35.0,W                   ,0.0,200.0,10.0,,,%.1f                ,,,,,,,,,,,,,,,,,,,,,,,,,,,,,,,,,,,,,,0.0,
2026-07-08 02:31:42,36.0,W                   ,0.0,200.0,10.0,,,%.1f                ,,,,,,,,,,,,,,,,,,,,,,,,,,,,,,,,,,,,,,0.0,
2026-07-08 02:31:42,37.0,W                   ,0.0,200.0,10.0,,,%.1f                ,,,,,,,,,,,,,,,,,,,,,,,,,,,,,,,,,,,,,,0.0,
2026-07-08 02:31:42,38.0,W                   ,0.0,200.0,10.0,,,%.1f                ,,,,,,,,,,,,,,,,,,,,,,,,,,,,,,,,,,,,,,0.0,
2026-07-08 02:31:42,39.0,W                   ,0.0,200.0,10.0,,,%.1f                ,,,,,,,,,,,,,,,,,,,,,,,,,,,,,,,,,,,,,,0.0,
2026-07-08 02:31:42,40.0,W                   ,0.0,200.0,10.0,,,%.1f                ,,,,,,,,,,,,,,,,,,,,,,,,,,,,,,,,,,,,,,0.0,
2026-07-08 02:31:42,41.0,W                   ,0.0,200.0,10.0,,,%.1f                ,,,,,,,,,,,,,,,,,,,,,,,,,,,,,,,,,,,,,,0.0,
2026-07-08 02:31:42,42.0,MB                  ,0.0,16384.0,10.0,,,,,,,,,,,,,,,,,,,,,,,,,,,,,,,,,,,,,,,,,0.0,
2026-07-08 02:31:42,43.0,MB                  ,0.0,16384.0,10.0,,,,,,,,,,,,,,,,,,,,,,,,,,,,,,,,,,,,,,,,,0.0,
2026-07-08 02:31:42,44.0,ms                  ,0.0,50.0,10.0,,,%.1f                ,,,,,,,,,,,,,,,,,,,,,,,,,,,,,,,,,,,,,,0.0,
2026-07-08 02:31:42,57.0,0.000               ,416.789,200.0,1200.0,0.0,57.875,57.875              ,57.875,57.875,57.875,57.875,57.875,57.875,57.875,27.182,17.542,29.47,40.149,31.043,15.938,27.953,17.581,25.857,2333.333,2333.333,3500.0,3500.0,2333.333,2333.333,2333.333,2333.333,3500.0,1.332,1.332,2.219,2.224,1.378,1.378,1.369,1.369,13.632,3270.0,8614.0,,0.0,
2026-07-08 02:31:43,56.0,4.000               ,416.754,200.0,933.0,0.0,56.5,56.500              ,56.5,56.5,56.5,56.5,56.5,56.5,56.5,34.56,24.17,36.666,25.275,34.291,26.498,31.174,31.332,30.496,3350.0,3350.0,3350.0,3350.0,3350.0,3350.0,3350.0,3350.0,3350.0,1.493,1.493,1.609,1.604,1.532,1.532,1.515,1.515,13.573,3316.0,8634.0,,1.0,
2026-07-08 02:31:44,55.0,5.000               ,416.754,200.0,933.0,0.0,55.25,55.250              ,55.25,55.25,55.25,55.25,55.25,55.25,55.25,16.365,5.619,26.901,9.725,15.816,3.403,14.531,5.622,12.248,1325.0,1325.0,2650.0,2650.0,2650.0,2650.0,2650.0,2650.0,2650.0,0.864,0.864,1.388,1.394,0.795,0.809,0.761,0.761,10.211,3322.0,8677.0,,2.0,
2026-07-08 02:31:45,56.0,2.000               ,423.098,200.0,1200.0,0.0,56.75,56.750              ,56.75,56.75,56.75,56.75,56.75,56.75,56.75,71.98,64.907,78.691,77.247,81.806,67.954,73.037,69.171,73.099,2800.0,2800.0,3500.0,3450.0,2760.0,3325.0,2660.0,2660.0,3500.0,3.393,3.393,4.136,4.107,3.744,3.776,3.625,3.625,24.672,3417.0,8789.0,,3.0,
2026-07-08 02:31:46,58.0,2.000               ,405.449,200.0,933.0,0.0,58.375,58.375              ,58.375,58.375,58.375,58.375,58.375,58.375,58.375,61.371,43.168,72.355,54.362,69.118,46.024,58.558,44.769,56.216,2740.0,2740.0,3425.0,3425.0,2740.0,3425.0,3425.0,3425.0,3425.0,3.29,3.29,4.113,4.149,3.742,3.742,3.138,3.144,23.548,3450.0,8800.0,,4.0,
2026-07-08 02:31:47,59.0,0.000               ,410.871,200.0,933.0,0.0,59.625,59.625              ,59.625,59.625,59.625,59.625,59.625,59.625,59.625,19.019,9.472,21.035,32.426,44.33,12.253,54.841,14.5,25.984,2333.333,2333.333,3500.0,3500.0,2333.333,2333.333,3500.0,3500.0,3500.0,1.322,1.322,2.209,2.167,2.367,2.406,3.04,3.034,17.05,3545.0,8903.0,,5.0,
2026-07-08 02:31:48,58.0,0.000               ,410.871,200.0,933.0,0.0,58.875,58.875              ,58.875,58.875,58.875,58.875,58.875,58.875,58.875,8.122,3.931,2.342,37.948,49.415,5.124,8.443,2.97,14.787,2333.333,2333.333,3500.0,3500.0,2333.333,2333.333,3500.0,3500.0,3500.0,0.673,0.673,1.425,1.453,1.844,1.798,0.682,0.687,13.022,4034.0,9436.0,,6.0,
2026-07-08 02:31:49,59.0,0.000               ,410.871,200.0,933.0,0.0,59.125,59.125              ,59.125,59.125,59.125,59.125,59.125,59.125,59.125,7.899,5.865,2.239,47.792,60.209,3.679,8.952,2.835,17.434,2650.0,2650.0,2650.0,2650.0,2650.0,2650.0,2650.0,2650.0,2650.0,0.742,0.742,2.155,2.221,2.533,2.533,0.643,0.638,14.228,4139.0,9469.0,,7.0,
2026-07-08 02:31:50,60.0,0.000               ,410.871,200.0,933.0,0.0,60.125,60.125              ,60.125,60.125,60.125,60.125,60.125,60.125,60.125,4.173,7.193,0.659,61.382,39.191,1.748,11.869,0.523,15.842,2333.333,2333.333,3500.0,3500.0,2333.333,2333.333,2333.333,2333.333,3500.0,0.857,0.857,3.103,3.043,1.766,1.771,0.819,0.819,14.253,4139.0,9489.0,,8.0,
2026-07-08 02:31:51,60.0,0.000               ,410.871,200.0,933.0,0.0,60.75,60.750              ,60.75,60.75,60.75,60.75,60.75,60.75,60.75,9.803,4.393,2.614,58.958,54.371,3.768,5.725,3.146,17.847,2316.667,2316.667,3475.0,3475.0,3500.0,3500.0,2333.333,2333.333,3500.0,0.605,0.605,2.833,2.865,2.3,2.299,0.632,0.632,13.924,4221.0,9567.0,,9.0,
2026-07-08 02:31:52,61.0,0.000               ,410.871,200.0,1067.0,0.0,61.0,61.000              ,61.0,61.0,61.0,61.0,61.0,61.0,61.0,6.581,3.311,3.046,59.488,22.018,17.557,11.849,3.45,15.913,2333.333,2333.333,3500.0,3500.0,2333.333,2333.333,2333.333,2333.333,3500.0,0.69,0.69,2.766,2.733,1.761,1.758,0.894,0.894,13.664,4307.0,9649.0,,10.0,
2026-07-08 02:31:53,61.0,0.000               ,452.449,200.0,1067.0,0.0,61.5,61.500              ,61.5,61.5,61.5,61.5,61.5,61.5,61.5,24.678,11.33,24.536,50.387,36.347,10.245,49.552,7.06,26.767,2333.333,2333.333,3500.0,3500.0,2333.333,2333.333,2333.333,2333.333,3500.0,1.468,1.468,3.005,3.01,1.864,1.862,2.625,2.625,17.902,4480.0,9886.0,0.0,11.0,
2026-07-08 02:31:54,63.0,0.000               ,481.484,200.0,1067.0,0.0,63.0,63.000              ,63.0,63.0,63.0,63.0,63.0,63.0,63.0,39.645,16.359,34.522,27.315,46.187,53.274,29.094,19.795,33.274,2333.333,2333.333,3500.0,3500.0,3500.0,3500.0,2333.333,2333.333,3500.0,2.091,2.091,2.235,2.235,3.813,3.813,1.894,1.894,19.727,4511.0,10024.0,0.0,12.0,
2026-07-08 02:31:55,64.0,16.000              ,487.324,200.0,933.0,0.0,64.25,64.250              ,64.25,64.25,64.25,64.25,64.25,64.25,64.25,25.969,47.276,35.63,42.061,46.407,20.773,21.838,15.93,31.985,2333.333,2333.333,3500.0,3500.0,2333.333,2333.333,2333.333,2333.333,3500.0,2.58,2.58,2.95,2.96,2.342,2.342,1.152,1.152,18.145,4589.0,10098.0,0.0,13.0,
2026-07-08 02:31:56,64.0,16.000              ,489.926,200.0,933.0,0.0,64.375,64.375              ,64.375,64.375,64.375,64.375,64.375,64.375,64.375,10.018,6.496,4.51,31.565,56.141,5.228,35.625,2.594,19.022,2333.333,2333.333,3500.0,3500.0,2333.333,2333.333,2333.333,2333.333,3500.0,0.88,0.88,1.754,1.773,2.41,2.47,1.738,1.738,14.767,4660.0,10153.0,0.0,14.0,
2026-07-08 02:31:57,64.0,0.000               ,523.168,200.0,1200.0,0.0,64.625,64.625              ,64.625,64.625,64.625,64.625,64.625,64.625,64.625,19.764,27.758,29.45,56.741,46.914,14.634,25.849,15.434,29.568,2333.333,2333.333,3500.0,3500.0,2333.333,2333.333,2333.333,2333.333,3500.0,1.885,1.892,3.029,2.995,2.543,2.483,1.496,1.496,18.153,4719.0,10233.0,0.0,15.0,
2026-07-08 02:31:58,65.0,22.000              ,532.492,200.0,1067.0,0.0,65.875,65.875              ,65.875,65.875,65.875,65.875,65.875,65.875,65.875,28.293,59.645,52.068,46.19,43.264,30.158,65.887,17.429,42.867,3400.0,3400.0,3400.0,3400.0,3400.0,3400.0,1700.0,1700.0,3400.0,3.349,3.342,2.81,2.81,2.315,2.315,3.342,3.342,22.428,4725.0,10259.0,0.0,16.0,
2026-07-08 02:31:59,66.0,45.000              ,532.508,200.0,1067.0,0.0,66.75,66.750              ,66.75,66.75,66.75,66.75,66.75,66.75,66.75,27.636,42.714,53.047,21.43,22.122,52.033,36.537,11.893,33.427,2333.333,2333.333,2800.0,2800.0,3500.0,3500.0,2800.0,2800.0,3500.0,2.951,2.951,2.521,2.526,3.664,3.673,1.702,1.702,20.677,4729.0,10313.0,17.208,17.0,58.11
2026-07-08 02:32:00,67.0,46.000              ,539.68,200.0,1200.0,0.0,67.625,67.625              ,67.625,67.625,67.625,67.625,67.625,67.625,67.625,30.362,38.182,57.13,25.091,66.752,12.889,42.643,12.767,35.727,2800.0,3475.0,2316.667,2316.667,1985.714,1985.714,3475.0,3475.0,3475.0,2.645,2.621,2.811,2.82,3.799,3.795,2.004,2.004,22.046,4758.0,10355.0,29.115,18.0,34.35
2026-07-08 02:32:01,68.0,50.000              ,563.82,200.0,1067.0,0.0,68.5,68.500              ,68.5,68.5,68.5,68.5,68.5,68.5,68.5,38.584,33.852,50.025,46.81,58.246,21.138,43.082,41.822,41.695,2660.0,1942.857,3400.0,3400.0,3400.0,3400.0,1942.857,1942.857,3400.0,2.227,2.245,2.874,2.881,2.815,2.812,3.347,3.347,23.583,4758.0,10377.0,38.872,19.0,25.73
2026-07-08 02:32:02,69.0,58.000              ,585.406,200.0,1067.0,0.0,69.5,69.500              ,69.5,69.5,69.5,69.5,69.5,69.5,69.5,49.734,37.421,60.67,28.105,31.15,12.001,54.333,9.343,35.345,3500.0,3500.0,2333.333,2333.333,2800.0,2800.0,2333.333,2333.333,3500.0,3.545,3.544,2.924,2.916,1.471,1.469,2.881,2.881,21.871,4757.0,10385.0,30.217,20.0,33.09
2026-07-08 02:32:03,70.0,54.000              ,581.328,200.0,933.0,0.0,70.125,70.125              ,70.125,70.125,70.125,70.125,70.125,70.125,70.125,28.982,30.794,39.358,40.415,25.991,18.512,43.244,18.549,30.731,1737.5,1737.5,3475.0,3475.0,3475.0,3475.0,1737.5,1737.5,3475.0,2.404,2.404,2.981,2.976,2.036,2.036,2.752,2.779,19.31,4772.0,10413.0,22.104,21.0,45.24
2026-07-08 02:32:04,69.0,26.000              ,581.355,200.0,933.0,0.0,69.75,69.750              ,69.75,69.75,69.75,69.75,69.75,69.75,69.75,14.665,27.606,36.204,8.44,14.035,4.108,34.595,4.803,18.057,3500.0,3500.0,2333.333,2333.333,2333.333,2333.333,2333.333,2333.333,3500.0,1.971,1.971,1.681,1.681,1.089,1.089,1.797,1.756,15.871,4793.0,10433.0,741.284,22.0,1.35
2026-07-08 02:32:05,69.0,28.000              ,580.125,200.0,933.0,0.0,69.0,69.000              ,69.0,69.0,69.0,69.0,69.0,69.0,69.0,15.757,9.909,56.815,8.279,20.087,7.247,34.391,3.632,19.514,2620.0,2620.0,2300.0,2300.0,2300.0,2300.0,2875.0,2320.0,2875.0,1.166,1.166,2.11,2.11,1.246,1.249,1.33,1.33,15.787,4801.0,10433.0,22.109,23.0,45.23
2026-07-08 02:32:06,68.0,53.000              ,580.125,200.0,933.0,0.0,68.875,68.875              ,68.875,68.875,68.875,68.875,68.875,68.875,68.875,20.617,12.287,47.466,13.607,25.103,11.699,42.041,4.283,22.138,2333.333,2333.333,2333.333,2333.333,2333.333,2333.333,3500.0,3500.0,3500.0,1.24,1.24,1.959,1.959,1.4,1.398,1.552,1.552,16.388,4783.0,10399.0,17.54,24.0,57.01
2026-07-08 02:32:07,68.0,54.000              ,580.164,200.0,933.0,0.0,68.875,68.875              ,68.875,68.875,68.875,68.875,68.875,68.875,68.875,23.739,10.994,43.297,17.682,33.853,5.707,25.286,2.51,20.384,2333.333,2333.333,3500.0,3500.0,2333.333,2333.333,2333.333,2333.333,3500.0,1.413,1.413,2.086,2.086,1.6,1.6,1.311,1.311,16.821,4782.0,10400.0,21.505,25.0,46.5
2026-07-08 02:32:08,69.0,58.000              ,572.941,200.0,1200.0,0.0,69.375,69.375              ,69.375,69.375,69.375,69.375,69.375,69.375,69.375,31.722,30.623,37.255,25.774,61.028,11.472,39.296,24.879,32.756,2540.0,2540.0,3175.0,3175.0,2540.0,2540.0,2540.0,2540.0,3175.0,1.946,1.946,1.942,1.942,2.323,2.323,1.845,1.845,19.201,4812.0,10451.0,96.166,26.0,10.4
2026-07-08 02:32:09,69.0,60.000              ,572.941,200.0,933.0,0.0,69.0,69.000              ,69.0,69.0,69.0,69.0,69.0,69.0,69.0,20.36,12.163,19.591,15.036,21.154,5.323,35.132,22.929,18.961,2333.333,2333.333,2333.333,2333.333,2333.333,2333.333,3500.0,3500.0,3500.0,1.056,1.056,1.103,1.103,0.924,0.924,1.958,1.958,15.271,4815.0,10449.0,25.581,27.0,39.09
2026-07-08 02:32:10,69.0,57.000              ,572.941,200.0,1200.0,0.0,69.75,69.750              ,69.75,69.75,69.75,69.75,69.75,69.75,69.75,62.959,42.347,75.064,52.141,65.539,44.674,64.405,51.294,57.303,2333.333,2333.333,3500.0,3500.0,2333.333,2333.333,2333.333,2333.333,3500.0,2.167,2.172,2.676,2.676,2.34,2.345,2.351,2.351,21.741,4912.0,10651.0,23.348,28.0,42.83
2026-07-08 02:32:11,71.0,53.000              ,572.941,200.0,1067.0,0.0,71.375,71.375              ,71.375,71.375,71.375,71.375,71.375,71.375,71.375,63.148,40.265,67.061,59.111,69.598,49.639,72.424,47.378,58.578,2166.667,2166.667,3250.0,3250.0,3250.0,3250.0,3250.0,3250.0,3250.0,2.469,2.466,3.015,3.015,3.139,3.134,3.006,3.011,25.06,5012.0,10748.0,23.959,29.0,41.74
2026-07-08 02:32:12,72.0,54.000              ,572.941,200.0,1067.0,0.0,72.75,72.750              ,72.75,72.75,72.75,72.75,72.75,72.75,72.75,67.112,32.921,59.647,47.979,65.568,48.828,62.281,51.104,54.43,2200.0,2200.0,3300.0,3300.0,3300.0,3300.0,3300.0,3300.0,3300.0,2.433,2.431,2.534,2.537,3.187,3.187,3.115,3.109,25.033,5122.0,10869.0,20.648,30.0,48.43
2026-07-08 02:32:13,73.0,60.000              ,552.402,200.0,1067.0,0.0,73.25,73.250              ,73.25,73.25,73.25,73.25,73.25,73.25,73.25,49.452,24.705,75.604,40.692,64.355,42.116,60.246,37.733,49.363,2283.333,2283.333,3325.0,3325.0,3325.0,3325.0,3325.0,3325.0,3325.0,2.005,2.005,3.195,3.146,3.117,3.117,3.039,3.039,24.047,5139.0,10866.0,22.673,31.0,44.11
2026-07-08 02:32:14,73.0,62.000              ,552.402,200.0,1200.0,0.0,73.625,73.625              ,73.625,73.625,73.625,73.625,73.625,73.625,73.625,62.071,34.394,55.478,59.808,68.213,32.971,70.077,38.554,52.696,2233.333,2233.333,3350.0,3350.0,3350.0,3350.0,2680.0,2680.0,3350.0,2.433,2.433,2.948,2.962,2.724,2.724,3.059,3.059,24.882,5108.0,10847.0,22.443,32.0,44.56
2026-07-08 02:32:15,74.0,64.000              ,552.402,200.0,1067.0,0.0,74.0,74.000              ,74.0,74.0,74.0,74.0,74.0,74.0,74.0,64.079,45.782,70.032,61.796,67.293,60.717,73.739,67.235,63.834,3300.0,3300.0,3300.0,3350.0,1914.286,1914.286,3350.0,3350.0,3350.0,2.396,2.396,2.938,2.969,3.18,3.18,3.318,3.318,25.773,5148.0,10885.0,20.451,33.0,48.9
2026-07-08 02:32:16,74.0,65.000              ,525.117,200.0,1200.0,0.0,74.25,74.250              ,74.25,74.25,74.25,74.25,74.25,74.25,74.25,61.866,32.008,55.215,66.415,63.312,42.247,63.936,42.418,53.427,2640.0,2640.0,2640.0,2640.0,2640.0,2640.0,3300.0,3300.0,3300.0,2.35,2.35,3.214,3.216,2.875,2.875,2.673,2.673,24.767,5264.0,10986.0,24.294,34.0,41.16
2026-07-08 02:32:17,74.0,62.000              ,525.117,200.0,1200.0,0.0,74.0,74.000              ,74.0,74.0,74.0,74.0,74.0,74.0,74.0,48.505,19.82,65.709,43.31,62.852,41.737,58.26,26.724,45.865,1914.286,1914.286,3350.0,3300.0,3300.0,3300.0,3300.0,3300.0,3350.0,1.852,1.852,2.855,2.849,3.002,3.002,2.452,2.452,23.62,5345.0,11058.0,23.374,35.0,42.78
2026-07-08 02:32:18,74.0,61.000              ,525.117,200.0,1067.0,0.0,74.25,74.250              ,74.25,74.25,74.25,74.25,74.25,74.25,74.25,52.826,31.139,49.553,48.713,43.839,52.683,56.887,20.233,44.484,2316.667,2316.667,1737.5,1971.429,3450.0,3450.0,1971.429,1971.429,3450.0,2.313,2.313,2.715,2.721,2.849,2.849,2.246,2.246,23.687,5372.0,11104.0,19.005,36.0,52.62
2026-07-08 02:32:19,74.0,60.000              ,525.117,200.0,1067.0,0.0,74.125,74.125              ,74.125,74.125,74.125,74.125,74.125,74.125,74.125,63.085,30.223,63.41,52.391,53.775,48.742,48.944,46.473,50.88,3350.0,3350.0,1914.286,2660.0,3325.0,3325.0,3325.0,3325.0,3350.0,2.375,2.375,2.621,2.615,2.555,2.555,2.331,2.331,23.269,5193.0,10892.0,20.585,37.0,48.58
2026-07-08 02:32:20,74.0,58.000              ,525.117,200.0,1067.0,0.0,74.375,74.375              ,74.375,74.375,74.375,74.375,74.375,74.375,74.375,54.868,24.009,74.504,42.607,61.489,34.32,56.217,32.9,47.614,3325.0,3325.0,3325.0,3325.0,3325.0,3325.0,1662.5,1662.5,3325.0,2.163,2.163,3.432,3.432,3.241,3.247,3.07,3.07,24.095,5232.0,10936.0,17.825,38.0,56.1
2026-07-08 02:32:21,74.0,59.000              ,525.117,200.0,1067.0,0.0,74.375,74.375              ,74.375,74.375,74.375,74.375,74.375,74.375,74.375,48.874,27.862,63.598,52.384,65.223,28.303,66.747,33.41,48.3,3250.0,3250.0,3250.0,3300.0,3325.0,3325.0,2660.0,2660.0,3325.0,2.114,2.114,2.953,2.953,2.961,2.955,3.05,3.05,23.886,5168.0,10859.0,18.95,39.0,52.77
2026-07-08 02:32:22,74.0,62.000              ,525.117,200.0,1067.0,0.0,74.375,74.375              ,74.375,74.375,74.375,74.375,74.375,74.375,74.375,62.01,18.117,67.555,45.581,79.625,28.432,68.845,20.673,48.855,3225.0,3225.0,3225.0,3225.0,3225.0,3225.0,3300.0,3300.0,3300.0,2.399,2.404,3.195,3.169,3.375,3.375,3.092,3.092,24.526,5068.0,10871.0,17.962,40.0,55.67
2026-07-08 02:32:23,74.0,63.000              ,525.117,200.0,1067.0,0.0,74.5,74.500              ,74.5,74.5,74.5,74.5,74.5,74.5,74.5,64.473,20.565,68.513,44.074,61.347,22.662,64.92,22.675,46.154,1885.714,1885.714,3275.0,3275.0,3275.0,3325.0,3225.0,3225.0,3325.0,2.45,2.445,3.176,3.201,2.875,2.875,2.923,2.929,23.987,5124.0,10935.0,17.746,41.0,56.35
2026-07-08 02:32:24,74.0,62.000              ,525.117,200.0,1067.0,0.0,74.875,74.875              ,74.875,74.875,74.875,74.875,74.875,74.875,74.875,55.639,20.777,69.831,40.104,56.889,46.206,62.663,20.672,46.598,2216.667,2216.667,3275.0,3275.0,3300.0,3300.0,3300.0,3300.0,3300.0,2.306,2.306,2.965,2.965,3.382,3.382,2.865,2.859,24.544,5227.0,11037.0,17.831,42.0,56.08
2026-07-08 02:32:25,74.0,62.000              ,525.117,200.0,1200.0,0.0,74.75,74.750              ,74.75,74.75,74.75,74.75,74.75,74.75,74.75,48.285,21.53,66.917,45.436,69.681,38.881,55.85,31.06,47.205,2216.667,2216.667,2660.0,2660.0,3475.0,3450.0,1971.429,3325.0,3475.0,1.929,1.929,2.965,2.969,3.204,3.204,2.681,2.681,23.915,5271.0,11199.0,19.795,43.0,50.52
2026-07-08 02:32:26,74.0,63.000              ,516.512,200.0,1200.0,0.0,74.625,74.625              ,74.625,74.625,74.625,74.625,74.625,74.625,74.625,57.955,24.066,65.881,49.003,59.365,26.282,40.577,42.27,45.675,1675.0,3250.0,3350.0,3350.0,2233.333,2233.333,3300.0,3300.0,3350.0,2.228,2.228,2.895,2.866,2.339,2.339,2.28,2.285,23.628,5325.0,11237.0,21.76,44.0,45.96
2026-07-08 02:32:27,74.0,62.000              ,516.512,200.0,1200.0,0.0,74.875,74.875              ,74.875,74.875,74.875,74.875,74.875,74.875,74.875,51.946,35.799,59.011,45.968,72.428,29.93,57.971,24.074,47.141,3225.0,3325.0,2216.667,2216.667,2660.0,2660.0,3325.0,3325.0,3325.0,2.321,2.321,2.59,2.61,2.798,2.798,2.303,2.298,23.922,5347.0,11242.0,17.98,45.0,55.62
2026-07-08 02:32:28,74.0,60.000              ,516.512,200.0,1067.0,0.0,74.875,74.875              ,74.875,74.875,74.875,74.875,74.875,74.875,74.875,59.096,24.712,67.319,50.099,67.949,27.402,61.342,22.199,47.515,1662.5,1662.5,3425.0,3350.0,3325.0,3325.0,1900.0,1900.0,3425.0,2.139,2.139,2.894,2.906,2.554,2.554,2.321,2.321,23.911,5359.0,11275.0,18.629,46.0,53.68
2026-07-08 02:32:29,74.0,59.000              ,516.512,200.0,1200.0,0.0,74.625,74.625              ,74.625,74.625,74.625,74.625,74.625,74.625,74.625,60.228,20.77,72.056,42.665,70.6,23.307,66.061,26.179,47.733,2640.0,2640.0,3325.0,3325.0,3325.0,3325.0,3325.0,3325.0,3325.0,2.055,2.064,2.756,2.748,2.497,2.497,2.471,2.471,23.725,5360.0,11271.0,22.548,47.0,44.35
2026-07-08 02:32:30,74.0,62.000              ,516.512,200.0,1200.0,0.0,74.625,74.625              ,74.625,74.625,74.625,74.625,74.625,74.625,74.625,59.874,20.477,67.512,51.495,55.172,37.973,69.406,19.472,47.673,3225.0,3225.0,3350.0,3425.0,3425.0,3425.0,1957.143,3325.0,3425.0,2.175,2.167,2.796,2.792,2.443,2.443,2.451,2.454,24.027,5446.0,11312.0,21.501,48.0,46.51
2026-07-08 02:32:31,74.0,63.000              ,516.512,200.0,1200.0,0.0,74.75,74.750              ,74.75,74.75,74.75,74.75,74.75,74.75,74.75,65.419,22.114,65.219,46.642,62.213,36.438,60.762,23.627,47.804,2640.0,2640.0,3350.0,3225.0,3325.0,3325.0,3325.0,3225.0,3350.0,2.297,2.297,2.673,2.657,2.652,2.652,2.309,2.306,24.218,5461.0,11343.0,18.089,49.0,55.28
2026-07-08 02:32:32,74.0,64.000              ,516.512,200.0,1200.0,0.0,74.75,74.750              ,74.75,74.75,74.75,74.75,74.75,74.75,74.75,64.623,16.669,69.238,53.296,53.114,33.171,69.129,23.755,47.874,3325.0,3325.0,3325.0,3325.0,1900.0,3350.0,1914.286,1914.286,3350.0,2.151,2.151,2.814,2.839,2.294,2.297,2.596,2.596,24.305,5476.0,11363.0,18.701,50.0,53.47
2026-07-08 02:32:33,74.0,65.000              ,516.512,200.0,1200.0,0.0,74.75,74.750              ,74.75,74.75,74.75,74.75,74.75,74.75,74.75,64.862,26.845,62.107,55.998,62.386,37.69,67.283,27.635,50.601,2266.667,3300.0,2640.0,2640.0,2640.0,2640.0,3250.0,3250.0,3300.0,2.375,2.375,2.717,2.711,2.465,2.449,2.55,2.55,24.468,5447.0,11429.0,18.224,51.0,54.87
2026-07-08 02:32:34,75.0,64.000              ,516.512,200.0,1200.0,0.0,75.25,75.250              ,75.25,75.25,75.25,75.25,75.25,75.25,75.25,63.027,51.466,74.67,62.659,68.857,57.553,67.377,56.045,62.707,3225.0,3225.0,3225.0,3225.0,3225.0,3225.0,2580.0,3225.0,3225.0,2.487,2.487,2.906,2.906,2.8,2.818,2.805,2.805,25.802,5420.0,11475.0,17.961,52.0,55.68
2026-07-08 02:32:35,75.0,64.000              ,516.512,200.0,1200.0,0.0,75.125,75.125              ,75.125,75.125,75.125,75.125,75.125,75.125,75.125,56.683,19.051,62.916,44.997,76.906,24.25,47.059,37.381,46.155,2640.0,2640.0,3300.0,3225.0,3250.0,3250.0,3250.0,3250.0,3300.0,1.98,1.98,2.661,2.661,2.774,2.774,2.395,2.395,24.008,5443.0,11515.0,26.309,53.0,38.01
2026-07-08 02:32:36,75.0,62.000              ,516.262,200.0,1200.0,0.0,75.125,75.125              ,75.125,75.125,75.125,75.125,75.125,75.125,75.125,60.359,22.39,58.827,45.182,68.691,38.976,50.227,41.9,48.319,2200.0,2200.0,3300.0,3300.0,2640.0,2640.0,3300.0,3325.0,3325.0,2.081,2.081,2.633,2.639,2.857,2.857,2.491,2.491,24.274,5482.0,11565.0,18.219,54.0,54.89
2026-07-08 02:32:37,75.0,61.000              ,516.262,200.0,1200.0,0.0,75.25,75.250              ,75.25,75.25,75.25,75.25,75.25,75.25,75.25,51.816,26.508,69.167,48.749,67.106,47.538,51.028,49.416,51.416,3225.0,3300.0,3225.0,3225.0,3450.0,3325.0,3325.0,3325.0,3450.0,1.89,1.89,2.727,2.727,2.991,2.991,2.671,2.671,24.568,5507.0,11600.0,18.365,55.0,54.45
2026-07-08 02:32:38,75.0,64.000              ,516.262,200.0,1200.0,0.0,75.375,75.375              ,75.375,75.375,75.375,75.375,75.375,75.375,75.375,53.57,37.675,60.626,56.042,64.099,47.591,57.192,32.916,51.214,2640.0,2640.0,3300.0,3300.0,3300.0,3300.0,3325.0,3425.0,3425.0,2.365,2.37,2.83,2.798,2.854,2.881,2.427,2.427,25.102,5526.0,11660.0,17.776,56.0,56.26
2026-07-08 02:32:39,75.0,67.000              ,516.262,200.0,1200.0,0.0,75.875,75.875              ,75.875,75.875,75.875,75.875,75.875,75.875,75.875,72.903,53.422,74.296,63.751,72.641,74.714,66.081,56.24,66.756,3225.0,3225.0,3225.0,3225.0,3225.0,3225.0,3225.0,3225.0,3225.0,2.818,2.813,2.963,2.992,3.204,3.176,2.963,2.963,27.391,5452.0,11701.0,18.908,57.0,52.89
2026-07-08 02:32:40,75.0,68.000              ,516.262,200.0,1200.0,0.0,75.25,75.250              ,75.25,75.25,75.25,75.25,75.25,75.25,75.25,72.0,63.086,81.302,77.045,71.264,66.689,72.276,71.821,71.936,2520.0,2520.0,3150.0,3150.0,2500.0,2500.0,2500.0,3150.0,3150.0,2.318,2.318,2.856,2.818,2.534,2.528,2.681,2.697,24.935,5461.0,11727.0,17.705,58.0,56.48
2026-07-08 02:32:41,75.0,69.000              ,516.262,200.0,1200.0,0.0,75.125,75.125              ,75.125,75.125,75.125,75.125,75.125,75.125,75.125,67.485,57.951,75.398,68.517,76.813,66.688,69.481,73.965,69.537,2540.0,2560.0,2560.0,2540.0,3175.0,3200.0,3200.0,3200.0,3200.0,2.207,2.207,2.552,2.59,2.653,2.648,2.756,2.743,24.885,5365.0,11746.0,18.084,59.0,55.3
2026-07-08 02:32:42,75.0,69.000              ,516.262,200.0,1200.0,0.0,75.25,75.250              ,75.25,75.25,75.25,75.25,75.25,75.25,75.25,59.738,31.19,63.336,59.3,67.552,44.686,45.448,39.121,51.296,2660.0,2233.333,2680.0,2680.0,3350.0,3375.0,2680.0,2680.0,3375.0,2.335,2.335,2.911,2.907,2.889,2.9,2.27,2.257,25.105,5336.0,11786.0,17.934,60.0,55.76
2026-07-08 02:32:43,75.0,67.000              ,516.262,200.0,1200.0,0.0,75.25,75.250              ,75.25,75.25,75.25,75.25,75.25,75.25,75.25,64.262,23.8,64.914,56.28,57.54,27.049,64.033,24.279,47.77,2700.0,2700.0,3350.0,3350.0,2680.0,2680.0,2680.0,2680.0,3350.0,2.418,2.418,3.156,3.156,2.279,2.279,2.594,2.603,25.022,5359.0,11812.0,17.994,61.0,55.57
2026-07-08 02:32:44,75.0,65.000              ,516.262,200.0,1200.0,0.0,75.25,75.250              ,75.25,75.25,75.25,75.25,75.25,75.25,75.25,59.231,25.31,58.32,58.519,48.516,43.19,55.784,30.887,47.47,2283.333,2283.333,3400.0,3400.0,2266.667,2266.667,2720.0,2720.0,3400.0,2.351,2.351,3.0,3.009,2.62,2.62,2.471,2.476,25.016,5362.0,11834.0,17.503,62.0,57.13
2026-07-08 02:32:45,75.0,65.000              ,516.262,200.0,1200.0,0.0,75.25,75.250              ,75.25,75.25,75.25,75.25,75.25,75.25,75.25,48.653,20.94,62.807,56.318,64.653,47.056,50.545,41.232,49.025,2283.333,2283.333,3400.0,3400.0,2720.0,3400.0,2740.0,2740.0,3400.0,2.029,2.029,3.132,3.098,2.89,2.896,2.428,2.428,25.021,5404.0,11846.0,17.573,63.0,56.91
2026-07-08 02:32:46,75.0,65.000              ,516.012,200.0,1200.0,0.0,75.25,75.250              ,75.25,75.25,75.25,75.25,75.25,75.25,75.25,58.818,27.267,70.912,51.245,62.301,38.55,45.243,46.576,50.114,2720.0,2720.0,2720.0,3375.0,2680.0,2680.0,3375.0,3375.0,3375.0,2.337,2.323,3.121,3.149,2.471,2.471,2.528,2.528,25.049,5349.0,11858.0,18.165,64.0,55.05
2026-07-08 02:32:47,75.0,64.000              ,516.012,200.0,1200.0,0.0,75.25,75.250              ,75.25,75.25,75.25,75.25,75.25,75.25,75.25,55.464,25.1,68.575,58.679,63.161,38.223,57.414,40.161,50.847,2600.0,2600.0,3275.0,3275.0,2620.0,2640.0,2600.0,2600.0,3275.0,2.017,2.025,3.048,3.044,2.683,2.678,2.523,2.523,24.927,5194.0,11888.0,17.965,65.0,55.66
2026-07-08 02:32:48,75.0,65.000              ,516.012,200.0,1067.0,0.0,75.25,75.250              ,75.25,75.25,75.25,75.25,75.25,75.25,75.25,50.798,24.969,60.142,59.961,57.21,39.298,57.314,36.08,48.222,2700.0,2700.0,2700.0,2700.0,3375.0,3375.0,2700.0,2700.0,3375.0,2.081,2.081,3.026,3.03,2.65,2.65,2.623,2.623,25.013,5190.0,11902.0,17.856,66.0,56.0
2026-07-08 02:32:49,75.0,65.000              ,516.012,200.0,1200.0,0.0,75.25,75.250              ,75.25,75.25,75.25,75.25,75.25,75.25,75.25,56.43,19.468,61.996,43.403,54.135,33.556,54.661,32.341,44.499,2300.0,2300.0,2760.0,2760.0,2760.0,2580.0,3375.0,3375.0,3375.0,2.261,2.261,3.114,3.11,2.645,2.645,2.537,2.537,25.199,5248.0,11924.0,33.707,67.0,29.67
2026-07-08 02:32:50,75.0,64.000              ,516.012,200.0,1200.0,0.0,75.25,75.250              ,75.25,75.25,75.25,75.25,75.25,75.25,75.25,65.394,19.936,55.248,47.721,56.33,24.382,57.701,38.168,45.61,2740.0,2740.0,3400.0,3400.0,2740.0,2740.0,2760.0,2740.0,3400.0,2.402,2.407,2.829,2.829,2.357,2.359,2.816,2.818,24.789,5250.0,11941.0,22.442,68.0,44.56
2026-07-08 02:32:51,75.0,61.000              ,516.012,200.0,1067.0,0.0,75.25,75.250              ,75.25,75.25,75.25,75.25,75.25,75.25,75.25,61.528,16.092,59.592,36.221,53.326,40.157,75.889,19.182,45.248,2740.0,2740.0,3425.0,3425.0,2725.0,2725.0,2760.0,2760.0,3425.0,2.245,2.24,2.614,2.638,2.947,2.945,2.942,2.944,25.15,5250.0,11951.0,17.696,69.0,56.51
2026-07-08 02:32:52,75.0,58.000              ,516.012,200.0,1067.0,0.0,75.25,75.250              ,75.25,75.25,75.25,75.25,75.25,75.25,75.25,56.668,29.396,70.618,52.407,68.301,42.258,54.807,36.657,51.389,2720.0,2780.0,3475.0,3500.0,2333.333,2333.333,2600.0,2600.0,3500.0,2.329,2.329,3.464,3.451,2.826,2.826,2.547,2.546,24.641,5355.0,12055.0,23.873,70.0,41.89
2026-07-08 02:32:53,75.0,58.000              ,516.012,200.0,1200.0,0.0,75.375,75.375              ,75.375,75.375,75.375,75.375,75.375,75.375,75.375,60.52,20.587,61.987,54.679,58.869,51.389,70.133,24.18,50.293,2283.333,2283.333,3350.0,3350.0,2680.0,2740.0,2740.0,2740.0,3350.0,2.21,2.21,3.141,3.129,2.948,2.948,2.66,2.657,25.696,5386.0,12159.0,18.19,71.0,54.98
2026-07-08 02:32:54,74.0,63.000              ,516.012,200.0,1200.0,0.0,74.75,74.750              ,74.75,74.75,74.75,74.75,74.75,74.75,74.75,78.366,63.431,81.198,74.285,79.777,60.802,79.595,56.977,71.804,2620.0,2620.0,3250.0,3275.0,2540.0,2560.0,2560.0,2560.0,3275.0,2.411,2.411,2.806,2.82,2.484,2.489,2.472,2.477,24.686,5307.0,12201.0,21.526,72.0,46.46
2026-07-08 02:32:55,74.0,67.000              ,516.012,200.0,1200.0,0.0,74.75,74.750              ,74.75,74.75,74.75,74.75,74.75,74.75,74.75,62.274,67.181,69.859,70.494,73.479,58.383,72.515,83.077,69.658,2540.0,2540.0,3175.0,3175.0,2560.0,2540.0,3175.0,2520.0,3175.0,2.393,2.372,2.697,2.683,2.747,2.743,3.249,3.244,24.764,5272.0,12221.0,19.562,73.0,51.12
2026-07-08 02:32:56,74.0,65.000              ,516.012,200.0,933.0,0.0,75.0,75.000              ,75.0,75.0,75.0,75.0,75.0,75.0,75.0,51.171,49.515,70.87,58.354,58.915,50.999,53.775,65.589,57.399,2520.0,2520.0,2520.0,2500.0,3075.0,3075.0,3075.0,3075.0,3075.0,2.232,2.251,3.054,3.054,2.879,2.884,3.273,3.273,24.788,5173.0,12265.0,17.743,74.0,56.36
2026-07-08 02:32:57,75.0,62.000              ,516.012,200.0,933.0,0.0,75.625,75.625              ,75.625,75.625,75.625,75.625,75.625,75.625,75.625,40.854,19.734,51.017,59.781,45.06,61.898,48.464,23.774,43.823,1971.429,1971.429,3450.0,3450.0,2560.0,2560.0,2760.0,2580.0,3450.0,1.983,1.983,3.511,3.521,3.995,3.989,2.412,2.412,25.099,5232.0,12328.0,28.574,75.0,35.0
2026-07-08 02:32:58,75.0,59.000              ,516.012,200.0,933.0,0.0,75.625,75.625              ,75.625,75.625,75.625,75.625,75.625,75.625,75.625,36.598,17.71,45.11,58.2,42.988,42.381,31.371,40.57,39.366,2333.333,2333.333,2800.0,2800.0,3500.0,3500.0,2333.333,2333.333,3500.0,1.81,1.81,3.673,3.662,3.239,3.239,2.609,2.609,23.855,5292.0,12395.0,25.315,76.0,39.5
2026-07-08 02:32:59,75.0,57.000              ,514.352,200.0,1200.0,0.0,75.25,75.250              ,75.25,75.25,75.25,75.25,75.25,75.25,75.25,43.604,27.769,43.605,53.483,49.873,46.813,53.12,26.532,43.1,3350.0,3350.0,3400.0,3400.0,3400.0,3400.0,3325.0,3325.0,3400.0,2.228,2.228,3.181,3.181,3.484,3.489,2.652,2.61,24.383,5371.0,12460.0,26.406,77.0,37.87
2026-07-08 02:33:00,75.0,55.000              ,503.66,200.0,1200.0,0.0,75.25,75.250              ,75.25,75.25,75.25,75.25,75.25,75.25,75.25,42.066,33.941,49.342,57.707,48.515,59.607,69.049,40.997,50.153,2800.0,2800.0,2800.0,2800.0,3450.0,3500.0,2800.0,2800.0,3500.0,2.211,2.211,3.134,3.134,3.378,3.37,3.146,3.196,25.989,5355.0,12465.0,22.685,78.0,44.08
2026-07-08 02:33:01,75.0,56.000              ,503.66,200.0,1067.0,0.0,74.875,74.875              ,74.875,74.875,74.875,74.875,74.875,74.875,74.875,48.289,31.382,55.1,46.939,49.875,47.859,48.106,47.379,46.866,3450.0,3450.0,2800.0,2800.0,2800.0,2800.0,3500.0,3500.0,3500.0,2.228,2.228,3.062,3.062,3.19,3.191,3.18,3.18,25.542,5309.0,12559.0,17.643,79.0,56.68
2026-07-08 02:33:02,74.0,59.000              ,503.66,200.0,1067.0,0.0,74.25,74.250              ,74.25,74.25,74.25,74.25,74.25,74.25,74.25,50.658,25.513,62.875,54.829,65.313,38.148,45.451,47.171,48.745,2740.0,2740.0,3400.0,3400.0,3400.0,3400.0,2720.0,2740.0,3400.0,2.141,2.141,3.304,3.304,3.055,3.055,2.586,2.586,24.804,5305.0,12668.0,23.193,80.0,43.12
2026-07-08 02:33:03,73.0,58.000              ,503.66,200.0,1200.0,0.0,73.75,73.750              ,73.75,73.75,73.75,73.75,73.75,73.75,73.75,63.604,49.154,65.116,62.166,65.014,55.309,61.739,82.831,63.117,2580.0,2580.0,2600.0,2600.0,2600.0,2600.0,3250.0,3350.0,3350.0,2.246,2.258,2.69,2.69,2.46,2.46,3.447,3.447,24.766,5255.0,12754.0,23.706,81.0,42.18
2026-07-08 02:33:04,73.0,59.000              ,503.66,200.0,1200.0,0.0,73.75,73.750              ,73.75,73.75,73.75,73.75,73.75,73.75,73.75,52.257,27.525,68.951,47.265,55.814,51.968,48.826,41.641,49.281,2740.0,2740.0,3425.0,3500.0,2800.0,2780.0,2780.0,2780.0,3500.0,2.239,2.226,3.172,3.178,3.07,3.07,2.595,2.595,25.099,5299.0,12795.0,23.351,82.0,42.82
2026-07-08 02:33:05,72.0,61.000              ,503.66,200.0,1067.0,0.0,72.875,72.875              ,72.875,72.875,72.875,72.875,72.875,72.875,72.875,42.795,22.402,53.51,43.026,58.965,24.963,38.983,24.382,38.628,2725.0,2260.0,3425.0,3425.0,1957.143,2740.0,2800.0,2800.0,3425.0,1.997,1.997,2.767,2.761,2.424,2.424,2.089,2.089,22.287,5309.0,12800.0,18.636,83.0,53.66
2026-07-08 02:33:06,71.0,64.000              ,503.66,200.0,933.0,0.0,71.375,71.375              ,71.375,71.375,71.375,71.375,71.375,71.375,71.375,24.611,14.468,34.432,17.189,37.982,6.375,31.136,10.006,22.025,2500.0,2500.0,3125.0,3125.0,2500.0,2500.0,2500.0,2500.0,3125.0,0.955,0.955,1.16,1.16,1.094,1.096,1.058,1.058,13.938,5309.0,12801.0,24.743,84.0,40.42
2026-07-08 02:33:07,70.0,63.000              ,504.66,200.0,1200.0,0.0,70.25,70.250              ,70.25,70.25,70.25,70.25,70.25,70.25,70.25,27.229,14.328,35.145,36.315,36.964,11.973,25.269,14.895,25.265,2340.0,2340.0,2925.0,2925.0,2340.0,2340.0,2340.0,2340.0,2925.0,1.41,1.411,2.013,2.019,1.641,1.64,1.416,1.416,16.542,5318.0,12808.0,54.838,85.0,18.24
2026-07-08 02:33:08,70.0,35.000              ,503.52,200.0,933.0,0.0,70.75,70.750              ,70.75,70.75,70.75,70.75,70.75,70.75,70.75,11.711,3.458,17.0,67.346,32.88,4.816,25.467,7.595,21.284,2333.333,2333.333,3500.0,3500.0,3500.0,3500.0,2333.333,2333.333,3500.0,1.052,1.051,3.848,3.843,1.705,1.705,1.58,1.58,16.301,5230.0,12696.0,0.0,86.0,
2026-07-08 02:33:09,70.0,4.000               ,503.52,200.0,933.0,0.0,70.25,70.250              ,70.25,70.25,70.25,70.25,70.25,70.25,70.25,16.896,4.226,10.065,58.871,39.105,3.601,22.432,5.384,20.073,2380.0,2380.0,2380.0,2380.0,2975.0,2975.0,2380.0,2380.0,2975.0,1.361,1.361,3.726,3.73,1.927,1.933,1.261,1.261,15.601,5259.0,12720.0,0.0,87.0,
2026-07-08 02:33:10,69.0,0.000               ,504.523,200.0,933.0,0.0,69.875,69.875              ,69.875,69.875,69.875,69.875,69.875,69.875,69.875,15.062,2.315,6.049,78.337,28.705,3.468,26.251,6.281,20.808,2333.333,2333.333,3500.0,3500.0,2333.333,2333.333,2333.333,2333.333,3500.0,1.052,1.052,4.205,4.268,1.577,1.582,1.47,1.47,16.003,5218.0,12659.0,2405.866,88.0,0.42
2026-07-08 02:33:11,70.0,0.000               ,504.523,200.0,933.0,0.0,70.0,70.000              ,70.0,70.0,70.0,70.0,70.0,70.0,70.0,7.278,1.461,2.458,96.552,20.492,3.306,18.182,4.01,19.217,2333.333,2333.333,3500.0,3500.0,2333.333,2333.333,2333.333,2333.333,3500.0,0.855,0.944,5.482,5.411,1.107,1.212,1.126,1.126,15.96,5250.0,12692.0,0.0,89.0,
2026-07-08 02:33:12,70.0,0.000               ,504.523,200.0,933.0,0.0,70.25,70.250              ,70.25,70.25,70.25,70.25,70.25,70.25,70.25,12.41,5.632,5.915,93.963,21.176,7.884,19.402,8.623,21.876,2333.333,2333.333,3500.0,3500.0,2333.333,2333.333,2333.333,2333.333,3500.0,1.066,0.981,5.133,5.154,1.364,1.25,1.23,1.232,16.386,5304.0,12760.0,0.0,90.0,
2026-07-08 02:33:13,69.0,0.000               ,499.199,200.0,933.0,0.0,69.25,69.250              ,69.25,69.25,69.25,69.25,69.25,69.25,69.25,14.213,2.923,21.541,64.907,22.778,12.65,17.415,12.923,21.169,2333.333,2333.333,3500.0,3500.0,2333.333,2333.333,2333.333,2333.333,3500.0,1.0,1.0,3.744,3.752,1.46,1.46,1.299,1.297,15.609,5370.0,12766.0,3281.512,91.0,0.3
2026-07-08 02:33:14,68.0,0.000               ,499.199,200.0,1067.0,0.0,68.375,68.375              ,68.375,68.375,68.375,68.375,68.375,68.375,68.375,18.238,3.862,9.362,77.399,33.152,5.495,27.446,9.233,23.023,2333.333,2333.333,3500.0,3500.0,2333.333,2333.333,2333.333,2333.333,3500.0,1.149,1.149,3.438,3.392,1.578,1.578,1.461,1.461,15.962,5316.0,12815.0,0.0,92.0,
2026-07-08 02:33:15,68.0,0.000               ,499.199,200.0,933.0,0.0,68.375,68.375              ,68.375,68.375,68.375,68.375,68.375,68.375,68.375,30.987,32.719,26.178,74.304,40.831,18.193,43.256,21.67,36.017,2720.0,2720.0,3400.0,3400.0,2720.0,2720.0,2720.0,2720.0,3400.0,1.944,1.944,3.352,3.357,1.889,1.889,2.018,2.018,18.819,5192.0,12857.0,0.0,93.0,
2026-07-08 02:33:16,67.0,0.000               ,499.199,200.0,933.0,0.0,67.0,67.000              ,67.0,67.0,67.0,67.0,67.0,67.0,67.0,19.151,3.353,18.098,25.754,59.278,3.958,29.066,8.643,20.913,2440.0,2440.0,3050.0,3050.0,2440.0,2440.0,2440.0,2440.0,3050.0,1.028,1.028,1.606,1.601,2.311,2.311,1.393,1.393,14.316,5232.0,12889.0,0.0,94.0,
2026-07-08 02:33:17,66.0,0.000               ,499.199,200.0,933.0,0.0,66.375,66.375              ,66.375,66.375,66.375,66.375,66.375,66.375,66.375,11.629,7.417,11.699,63.096,40.774,4.653,24.499,8.833,21.575,2333.333,2333.333,2333.333,2333.333,3500.0,3500.0,2333.333,2333.333,3500.0,0.937,0.937,2.818,2.856,1.709,1.709,1.236,1.236,14.547,5282.0,12938.0,0.0,95.0,
2026-07-08 02:33:18,66.0,0.000               ,499.199,200.0,933.0,0.0,66.0,66.000              ,66.0,66.0,66.0,66.0,66.0,66.0,66.0,9.467,10.556,6.873,73.954,29.05,3.137,34.431,5.521,21.624,2333.333,2333.333,3500.0,3500.0,2333.333,2333.333,2333.333,2333.333,3500.0,1.048,1.048,3.138,3.062,1.245,1.247,1.588,1.588,14.97,5325.0,12988.0,0.0,96.0,
2026-07-08 02:33:19,65.0,0.000               ,499.199,200.0,1067.0,0.0,65.75,65.750              ,65.75,65.75,65.75,65.75,65.75,65.75,65.75,21.981,7.695,13.843,77.673,30.516,9.002,31.281,12.591,25.573,2333.333,2333.333,3500.0,3500.0,2333.333,2333.333,2333.333,2333.333,3500.0,1.276,1.276,3.303,3.344,1.471,1.47,1.567,1.569,16.075,5416.0,13043.0,0.0,97.0,
2026-07-08 02:33:20,65.0,0.000               ,499.199,200.0,1067.0,0.0,65.0,65.000              ,65.0,65.0,65.0,65.0,65.0,65.0,65.0,19.291,3.256,15.419,43.947,55.16,4.363,40.888,7.576,23.737,3500.0,3500.0,2333.333,2333.333,2333.333,2333.333,2333.333,2333.333,3500.0,0.958,0.958,2.08,2.087,2.022,2.023,2.168,2.167,16.114,5450.0,13127.0,0.0,98.0,
2026-07-08 02:33:21,65.0,0.000               ,499.199,200.0,933.0,0.0,65.25,65.250              ,65.25,65.25,65.25,65.25,65.25,65.25,65.25,27.067,17.981,21.727,57.598,47.181,12.619,64.698,14.547,32.927,2720.0,2720.0,3400.0,3400.0,2720.0,2720.0,3400.0,3400.0,3400.0,1.573,1.573,2.76,2.708,2.041,2.04,2.273,2.273,17.809,5400.0,13165.0,0.0,99.0,
2026-07-08 02:33:22,64.0,0.000               ,499.199,200.0,933.0,0.0,64.75,64.750              ,64.75,64.75,64.75,64.75,64.75,64.75,64.75,13.505,3.397,32.891,17.191,73.729,3.562,28.742,11.016,23.004,2333.333,2333.333,3500.0,3500.0,2333.333,2333.333,2333.333,2333.333,3500.0,0.844,0.844,1.852,1.88,2.847,2.847,1.474,1.474,15.179,5431.0,13210.0,0.0,100.0,
2026-07-08 02:33:23,64.0,0.000               ,499.199,200.0,1200.0,0.0,64.625,64.625              ,64.625,64.625,64.625,64.625,64.625,64.625,64.625,14.089,6.591,13.688,75.044,27.735,25.192,25.288,7.503,24.391,3050.0,3050.0,2440.0,2300.0,2300.0,2300.0,2300.0,2300.0,3050.0,0.947,0.947,3.274,3.275,1.691,2.189,1.403,1.403,17.02,5524.0,13291.0,0.0,101.0,
2026-07-08 02:33:24,65.0,0.000               ,499.199,200.0,933.0,0.0,65.375,65.375              ,65.375,65.375,65.375,65.375,65.375,65.375,65.375,36.479,28.854,38.61,75.845,51.7,37.033,58.59,30.306,44.677,3425.0,3425.0,3425.0,3425.0,3400.0,3400.0,3400.0,3400.0,3425.0,2.012,2.012,3.216,3.259,2.918,2.515,2.958,2.961,21.252,5369.0,13340.0,0.0,102.0,
2026-07-08 02:33:25,65.0,0.000               ,499.199,200.0,1200.0,0.0,65.0,65.000              ,65.0,65.0,65.0,65.0,65.0,65.0,65.0,10.058,18.29,7.418,81.808,37.477,5.501,23.714,11.577,24.48,2333.333,2333.333,2800.0,2800.0,3500.0,3500.0,3500.0,3500.0,3500.0,1.334,1.334,3.415,3.347,1.494,1.495,1.362,1.36,16.306,5363.0,13395.0,0.0,103.0,
2026-07-08 02:33:26,64.0,0.000               ,499.199,200.0,933.0,0.0,64.375,64.375              ,64.375,64.375,64.375,64.375,64.375,64.375,64.375,19.05,13.168,12.945,52.244,42.133,7.067,22.694,6.886,22.023,2333.333,2333.333,3500.0,3500.0,2333.333,2333.333,2333.333,2333.333,3500.0,1.312,1.312,2.296,2.301,1.729,1.728,1.151,1.151,14.558,5339.0,13455.0,0.0,104.0,
2026-07-08 02:33:27,63.0,0.000               ,499.199,200.0,933.0,0.0,63.75,63.750              ,63.75,63.75,63.75,63.75,63.75,63.75,63.75,16.908,3.837,13.889,57.31,49.16,5.113,19.712,7.618,21.693,2333.333,2333.333,2333.333,2333.333,3500.0,3500.0,2333.333,2333.333,3500.0,0.953,0.953,2.502,2.507,1.886,1.886,1.087,1.087,14.417,5420.0,13513.0,0.0,105.0,
2026-07-08 02:33:28,63.0,0.000               ,499.199,200.0,1067.0,0.0,63.625,63.625              ,63.625,63.625,63.625,63.625,63.625,63.625,63.625,20.871,12.984,10.475,68.977,38.618,7.199,27.642,8.792,24.445,2333.333,2333.333,3500.0,3500.0,2333.333,2333.333,2333.333,2333.333,3500.0,1.36,1.365,2.903,2.899,1.586,1.586,1.31,1.31,15.275,5454.0,13577.0,0.0,106.0,
2026-07-08 02:33:29,63.0,0.000               ,499.199,200.0,1200.0,0.0,63.75,63.750              ,63.75,63.75,63.75,63.75,63.75,63.75,63.75,36.642,40.042,37.546,66.204,62.998,27.17,54.509,26.873,43.998,2333.333,2333.333,2800.0,2800.0,3500.0,3500.0,2800.0,2800.0,3500.0,2.19,2.186,3.017,3.017,2.673,2.673,2.378,2.383,20.877,5291.0,13611.0,15637.77,107.0,0.06
2026-07-08 02:33:30,63.0,0.000               ,499.199,200.0,933.0,0.0,63.625,63.625              ,63.625,63.625,63.625,63.625,63.625,63.625,63.625,18.713,20.751,18.691,49.674,46.988,6.364,35.042,13.451,26.209,2800.0,2800.0,3500.0,3425.0,2740.0,2740.0,2740.0,2740.0,3500.0,1.349,1.349,2.267,2.279,1.798,1.798,1.628,1.624,15.78,5201.0,13645.0,0.0,108.0,
2026-07-08 02:33:31,63.0,0.000               ,499.199,200.0,933.0,0.0,63.375,63.375              ,63.375,63.375,63.375,63.375,63.375,63.375,63.375,8.159,6.369,6.179,84.699,27.135,2.851,16.893,5.737,19.753,2333.333,2333.333,3500.0,3500.0,2333.333,2333.333,2333.333,2333.333,3500.0,0.895,0.895,3.449,3.43,1.191,1.195,1.048,1.048,14.822,5248.0,13702.0,0.0,109.0,
2026-07-08 02:33:32,62.0,0.000               ,499.199,200.0,933.0,0.0,62.75,62.750              ,62.75,62.75,62.75,62.75,62.75,62.75,62.75,12.822,5.838,12.974,64.883,36.918,7.559,26.928,9.534,22.182,2333.333,2333.333,2333.333,2333.333,3500.0,3500.0,2333.333,2333.333,3500.0,0.912,0.912,2.815,2.812,1.519,1.517,1.349,1.349,14.498,5293.0,13743.0,0.0,110.0,
2026-07-08 02:33:33,62.0,0.000               ,499.199,200.0,933.0,0.0,62.5,62.500              ,62.5,62.5,62.5,62.5,62.5,62.5,62.5,11.555,1.932,7.276,73.877,27.675,4.286,27.759,7.517,20.235,2333.333,2333.333,3500.0,3500.0,2333.333,2333.333,2333.333,2333.333,3500.0,0.854,0.854,3.049,3.049,1.248,1.246,1.348,1.348,14.455,5337.0,13793.0,0.0,111.0,
2026-07-08 02:33:34,61.0,0.000               ,499.199,200.0,1067.0,0.0,61.875,61.875              ,61.875,61.875,61.875,61.875,61.875,61.875,61.875,21.591,4.004,14.811,47.49,52.176,4.812,29.945,8.664,22.937,2333.333,2333.333,2333.333,2333.333,3500.0,3500.0,2333.333,2333.333,3500.0,1.104,1.104,2.123,2.123,1.885,1.885,1.432,1.432,14.645,5417.0,13838.0,0.0,112.0,
2026-07-08 02:33:35,61.0,0.000               ,499.199,200.0,1200.0,0.0,61.5,61.500              ,61.5,61.5,61.5,61.5,61.5,61.5,61.5,20.864,5.711,19.605,32.267,62.48,4.632,38.731,9.242,24.191,2333.333,2333.333,2333.333,2333.333,3500.0,3500.0,2333.333,2333.333,3500.0,1.075,1.075,1.743,1.743,2.53,2.53,1.927,1.927,15.866,5450.0,13895.0,0.0,113.0,
2026-07-08 02:33:36,62.0,0.000               ,499.199,200.0,933.0,0.0,62.5,62.500              ,62.5,62.5,62.5,62.5,62.5,62.5,62.5,41.713,37.487,44.888,46.666,68.814,23.264,74.435,28.842,45.764,2800.0,2800.0,3500.0,3500.0,3425.0,3425.0,3425.0,3425.0,3500.0,2.204,2.204,2.594,2.596,2.535,2.535,3.101,3.101,21.591,5327.0,13954.0,7465.28,114.0,0.13
2026-07-08 02:33:37,62.0,0.000               ,499.199,200.0,1067.0,0.0,62.375,62.375              ,62.375,62.375,62.375,62.375,62.375,62.375,62.375,25.718,3.143,21.301,60.914,35.003,6.887,32.117,10.717,24.475,2333.333,2333.333,2333.333,2333.333,3500.0,3500.0,2800.0,2800.0,3500.0,1.22,1.222,3.177,3.184,1.619,1.619,1.783,1.783,16.697,5412.0,14041.0,0.0,115.0,
2026-07-08 02:33:38,62.0,0.000               ,499.199,200.0,933.0,0.0,62.75,62.750              ,62.75,62.75,62.75,62.75,62.75,62.75,62.75,25.998,2.609,22.879,68.35,36.56,4.349,20.57,10.7,24.002,2333.333,2333.333,3500.0,3500.0,2333.333,2333.333,2333.333,2333.333,3500.0,1.196,1.195,3.584,3.576,2.197,2.197,1.21,1.21,16.79,5432.0,14091.0,0.0,116.0,
2026-07-08 02:33:39,64.0,0.000               ,499.199,200.0,1200.0,0.0,64.25,64.250              ,64.25,64.25,64.25,64.25,64.25,64.25,64.25,51.293,48.008,82.989,57.478,78.828,29.146,71.407,21.689,55.105,3400.0,3400.0,2720.0,2720.0,2720.0,2720.0,3400.0,3400.0,3400.0,2.882,2.937,4.051,4.07,2.921,2.938,3.357,3.357,25.167,5108.0,14100.0,0.0,117.0,
2026-07-08 02:33:40,65.0,0.000               ,499.199,200.0,933.0,0.0,65.625,65.625              ,65.625,65.625,65.625,65.625,65.625,65.625,65.625,26.782,29.261,31.216,50.97,55.946,18.523,46.127,37.621,37.056,2333.333,2333.333,2333.333,2333.333,3500.0,3500.0,3500.0,3500.0,3500.0,1.707,1.605,2.907,2.855,2.682,2.666,2.747,2.8,19.49,5006.0,14099.0,0.0,118.0,
2026-07-08 02:33:41,66.0,0.000               ,499.199,200.0,933.0,0.0,66.25,66.250              ,66.25,66.25,66.25,66.25,66.25,66.25,66.25,10.376,3.037,19.018,15.109,56.162,2.583,48.404,7.661,20.294,2333.333,2333.333,3500.0,3500.0,2333.333,2333.333,2333.333,2333.333,3500.0,0.766,0.766,1.333,1.328,2.528,2.524,2.323,2.269,15.275,5011.0,14099.0,0.0,119.0,
2026-07-08 02:33:42,67.0,0.000               ,499.199,200.0,933.0,0.0,67.25,67.250              ,67.25,67.25,67.25,67.25,67.25,67.25,67.25,7.633,1.469,2.652,98.027,17.143,2.609,19.719,4.925,19.272,2333.333,2333.333,3500.0,3500.0,2333.333,2333.333,2333.333,2333.333,3500.0,0.773,0.773,4.603,4.614,1.016,1.016,1.079,1.079,15.77,5015.0,14098.0,0.0,120.0,
2026-07-08 02:33:43,66.0,0.000               ,558.914,200.0,933.0,0.0,66.375,66.375              ,66.375,66.375,66.375,66.375,66.375,66.375,66.375,12.646,3.263,18.511,17.11,37.582,5.262,51.088,23.866,21.166,2333.333,2333.333,2333.333,2333.333,2333.333,2333.333,3500.0,3500.0,3500.0,0.793,0.793,1.41,1.348,1.69,1.69,3.004,3.004,15.282,5062.0,14197.0,0.0,121.0,
2026-07-08 02:33:44,66.0,0.000               ,558.914,200.0,933.0,0.0,66.75,66.750              ,66.75,66.75,66.75,66.75,66.75,66.75,66.75,10.026,3.105,11.143,61.462,49.245,3.145,19.506,4.776,20.301,2333.333,2333.333,3500.0,3500.0,2333.333,2333.333,2333.333,2333.333,3500.0,0.773,0.773,3.151,3.15,2.338,2.338,1.106,1.106,15.838,5060.0,14192.0,0.0,122.0,
2026-07-08 02:33:45,66.0,0.000               ,558.914,200.0,933.0,0.0,66.875,66.875              ,66.875,66.875,66.875,66.875,66.875,66.875,66.875,9.556,2.175,4.438,94.127,20.612,2.502,23.229,6.57,20.401,2333.333,2333.333,3500.0,3500.0,2333.333,2333.333,2333.333,2333.333,3500.0,0.812,0.812,4.436,4.425,1.046,1.046,1.237,1.237,16.073,5076.0,14192.0,0.0,123.0,
2026-07-08 02:33:46,66.0,0.000               ,558.914,200.0,933.0,0.0,66.375,66.375              ,66.375,66.375,66.375,66.375,66.375,66.375,66.375,24.577,2.624,33.883,16.73,59.241,2.973,17.182,16.942,21.769,2333.333,2333.333,3500.0,3500.0,2333.333,2333.333,2333.333,2333.333,3500.0,1.302,1.302,2.129,2.069,2.628,2.628,1.406,1.408,15.77,5080.0,14192.0,0.0,124.0,
2026-07-08 02:33:47,65.0,0.000               ,562.43,200.0,933.0,0.0,65.625,65.625              ,65.625,65.625,65.625,65.625,65.625,65.625,65.625,8.876,1.131,43.067,13.742,19.25,2.003,61.336,5.473,19.36,2333.333,2333.333,3500.0,3500.0,2333.333,2333.333,2333.333,2333.333,3500.0,0.72,0.72,2.408,2.408,0.881,0.881,2.845,2.843,15.015,5085.0,14202.0,0.0,125.0,
2026-07-08 02:33:48,66.0,0.000               ,562.43,200.0,933.0,0.0,66.0,66.000              ,66.0,66.0,66.0,66.0,66.0,66.0,66.0,14.367,2.453,8.289,72.981,36.089,4.418,22.228,6.201,20.878,2333.333,2333.333,3500.0,3500.0,2333.333,2333.333,2333.333,2333.333,3500.0,0.88,0.88,3.5,3.527,1.752,1.752,1.074,1.074,15.612,5092.0,14203.0,0.0,126.0,
2026-07-08 02:33:49,65.0,0.000               ,562.43,200.0,933.0,0.0,65.75,65.750              ,65.75,65.75,65.75,65.75,65.75,65.75,65.75,9.919,2.674,16.658,36.087,73.411,4.201,16.89,6.533,20.797,2333.333,2333.333,3500.0,3500.0,2333.333,2333.333,2333.333,2333.333,3500.0,0.727,0.727,2.065,2.036,3.268,3.268,0.98,0.98,15.569,5099.0,14205.0,0.0,127.0,
2026-07-08 02:33:50,65.0,0.000               ,562.43,200.0,933.0,0.0,65.75,65.750              ,65.75,65.75,65.75,65.75,65.75,65.75,65.75,12.813,4.723,13.989,52.74,62.396,4.193,22.207,9.85,22.864,2333.333,2333.333,3500.0,3500.0,2333.333,2333.333,2333.333,2333.333,3500.0,0.943,0.943,2.789,2.737,2.755,2.758,1.414,1.414,16.229,5115.0,14206.0,0.0,128.0,
2026-07-08 02:33:51,65.0,0.000               ,572.543,200.0,933.0,0.0,64.875,64.875              ,64.875,64.875,64.875,64.875,64.875,64.875,64.875,10.266,42.093,22.346,9.685,24.139,4.651,48.85,6.383,21.052,2333.333,2333.333,2333.333,2333.333,3500.0,3500.0,2333.333,2333.333,3500.0,2.179,2.179,1.179,1.19,1.102,1.099,2.145,2.145,14.999,5118.0,14214.0,15322.26,129.0,0.07
2026-07-08 02:33:52,63.0,7.000               ,572.543,200.0,933.0,0.0,63.625,63.625              ,63.625,63.625,63.625,63.625,63.625,63.625,63.625,3.955,86.212,17.174,3.31,14.174,3.597,11.777,15.991,19.524,3500.0,3500.0,2333.333,2333.333,2333.333,2333.333,2333.333,2333.333,3500.0,3.837,3.837,0.84,0.833,0.842,0.842,1.271,1.376,14.489,5121.0,14214.0,0.0,130.0,
2026-07-08 02:33:53,62.0,7.000               ,572.543,200.0,933.0,0.0,62.625,62.625              ,62.625,62.625,62.625,62.625,62.625,62.625,62.625,8.676,30.464,27.976,4.563,14.925,3.844,64.211,9.969,20.578,2333.333,2333.333,3500.0,3500.0,2333.333,2333.333,2333.333,2333.333,3500.0,1.733,1.733,1.249,1.249,0.769,0.769,3.117,3.041,14.128,5130.0,14217.0,0.0,131.0,
2026-07-08 02:33:54,62.0,0.000               ,572.543,200.0,933.0,0.0,62.625,62.625              ,62.625,62.625,62.625,62.625,62.625,62.625,62.625,7.864,3.253,42.165,41.725,16.786,13.566,20.311,18.505,20.522,2333.333,2333.333,2333.333,2333.333,3500.0,3500.0,2333.333,2333.333,3500.0,0.66,0.66,3.747,3.762,1.213,1.213,1.433,1.433,14.63,5135.0,14216.0,0.0,132.0,
2026-07-08 02:33:55,62.0,0.000               ,572.543,200.0,933.0,0.0,62.5,62.500              ,62.5,62.5,62.5,62.5,62.5,62.5,62.5,6.744,59.052,15.499,3.58,48.46,1.236,13.168,3.642,18.923,3500.0,3500.0,2333.333,2333.333,2333.333,2333.333,2333.333,2333.333,3500.0,3.123,3.123,0.871,0.811,2.408,2.408,0.848,0.848,14.746,5131.0,14214.0,0.0,133.0,
2026-07-08 02:33:56,62.0,0.000               ,572.543,200.0,933.0,0.0,62.5,62.500              ,62.5,62.5,62.5,62.5,62.5,62.5,62.5,32.63,12.484,68.651,3.537,19.353,3.266,13.555,4.995,19.809,3500.0,3500.0,2333.333,2333.333,2333.333,2333.333,2333.333,2333.333,3500.0,2.159,2.159,3.244,3.244,0.83,0.83,0.842,0.842,14.759,5140.0,14212.0,0.0,134.0,
2026-07-08 02:33:57,62.0,0.000               ,572.535,200.0,933.0,0.0,62.75,62.750              ,62.75,62.75,62.75,62.75,62.75,62.75,62.75,14.076,15.336,48.278,40.694,31.565,1.761,19.481,6.977,22.271,3500.0,3500.0,2333.333,2333.333,2333.333,2333.333,2333.333,2333.333,3500.0,1.367,1.356,4.169,4.177,1.284,1.284,1.109,1.109,15.778,4934.0,14212.0,0.0,135.0,
2026-07-08 02:33:58,62.0,0.000               ,572.535,200.0,933.0,0.0,62.625,62.625              ,62.625,62.625,62.625,62.625,62.625,62.625,62.625,5.802,85.853,25.419,14.455,17.698,4.487,12.022,5.741,21.434,2333.333,2333.333,3500.0,3500.0,2333.333,2333.333,2333.333,2333.333,3500.0,3.96,4.013,1.689,1.773,0.836,0.836,0.814,0.814,15.126,4844.0,14212.0,0.0,136.0,
2026-07-08 02:33:59,62.0,0.000               ,572.535,200.0,933.0,0.0,62.5,62.500              ,62.5,62.5,62.5,62.5,62.5,62.5,62.5,5.884,59.928,47.217,6.303,15.451,4.091,16.79,5.732,20.174,2333.333,2333.333,2333.333,2333.333,2333.333,2333.333,3500.0,3500.0,3500.0,3.008,3.084,2.325,2.241,0.886,0.886,1.031,1.031,15.255,4861.0,14227.0,0.0,137.0,
2026-07-08 02:34:00,62.0,0.000               ,600.0,200.0,933.0,0.0,62.5,62.500              ,62.5,62.5,62.5,62.5,62.5,62.5,62.5,33.298,21.876,35.978,53.855,49.322,16.732,37.347,16.21,33.077,2333.333,2333.333,3500.0,3500.0,3500.0,3500.0,2333.333,2333.333,3500.0,2.217,2.132,3.554,3.554,2.424,2.424,2.071,2.071,19.362,5095.0,14411.0,8800.29,138.0,0.11
2026-07-08 02:34:01,61.0,2.000               ,714.816,733.0,1200.0,0.0,61.125,61.125              ,61.125,61.125,61.125,61.125,61.125,61.125,61.125,60.595,49.463,64.354,58.157,59.699,46.285,52.507,40.457,53.94,2740.0,2740.0,3425.0,3425.0,3425.0,3425.0,3425.0,3425.0,3425.0,2.217,2.217,2.348,2.348,2.216,2.232,1.837,1.837,21.962,5237.0,14623.0,452.243,139.0,2.21
2026-07-08 02:34:02,60.0,39.000              ,716.316,200.0,1200.0,0.0,60.375,60.375              ,60.375,60.375,60.375,60.375,60.375,60.375,60.375,52.517,43.288,60.17,50.762,66.531,29.311,65.844,29.05,49.684,2850.0,2850.0,2280.0,2825.0,2260.0,2260.0,3075.0,3075.0,3075.0,1.93,1.925,2.017,2.02,1.955,1.927,1.882,1.882,21.673,5193.0,14627.0,28.205,140.0,35.45
2026-07-08 02:34:03,59.0,71.000              ,714.805,450.0,1200.0,0.0,59.625,59.625              ,59.625,59.625,59.625,59.625,59.625,59.625,59.625,47.795,35.573,48.051,41.126,58.19,27.382,54.469,27.182,42.471,2040.0,2040.0,1700.0,2260.0,2825.0,2825.0,1883.333,1883.333,2825.0,1.636,1.633,1.755,1.752,1.692,1.694,1.674,1.674,20.041,5190.0,14627.0,29.927,141.0,33.41
2026-07-08 02:34:04,59.0,70.000              ,714.43,450.0,1067.0,0.0,59.625,59.625              ,59.625,59.625,59.625,59.625,59.625,59.625,59.625,50.016,35.473,64.227,34.239,53.732,28.51,59.299,28.811,44.288,3200.0,3175.0,2540.0,2540.0,2520.0,2520.0,3150.0,3150.0,3200.0,1.717,1.717,1.95,1.95,1.731,1.733,1.82,1.82,20.61,5153.0,14626.0,23.813,142.0,41.99
2026-07-08 02:34:05,59.0,69.000              ,714.938,563.0,1200.0,0.0,59.75,59.750              ,59.75,59.75,59.75,59.75,59.75,59.75,59.75,57.198,39.108,66.959,39.663,66.319,21.761,65.172,32.137,48.539,3100.0,3100.0,2480.0,2480.0,3100.0,3100.0,2480.0,2480.0,3100.0,1.828,1.83,2.004,2.007,1.76,1.757,1.999,1.999,21.276,5049.0,14627.0,20.651,143.0,48.42
2026-07-08 02:34:06,59.0,69.000              ,714.934,492.0,1200.0,0.0,59.125,59.125              ,59.125,59.125,59.125,59.125,59.125,59.125,59.125,29.837,29.943,34.749,36.74,55.02,8.328,40.29,13.634,31.067,2540.0,2540.0,3125.0,3125.0,1562.5,1562.5,2500.0,2500.0,3125.0,1.208,1.206,1.611,1.611,1.484,1.484,1.219,1.219,18.873,5054.0,14624.0,23.745,144.0,42.11
2026-07-08 02:34:07,59.0,70.000              ,714.938,200.0,1067.0,0.0,59.125,59.125              ,59.125,59.125,59.125,59.125,59.125,59.125,59.125,34.485,28.044,46.584,21.34,57.063,11.628,46.028,13.497,32.334,1900.0,1900.0,1900.0,1900.0,3325.0,3325.0,1900.0,1900.0,3325.0,1.571,1.571,1.643,1.651,1.862,1.865,1.588,1.588,19.647,5055.0,14623.0,21.349,145.0,46.84
2026-07-08 02:34:08,59.0,68.000              ,714.938,393.0,1067.0,0.0,59.5,59.500              ,59.5,59.5,59.5,59.5,59.5,59.5,59.5,43.409,29.077,46.513,26.923,55.211,10.923,40.579,15.352,33.498,3350.0,3350.0,1914.286,1914.286,1914.286,1914.286,1914.286,2800.0,3350.0,1.81,1.814,1.761,1.75,1.816,1.813,1.508,1.51,20.137,5064.0,14623.0,22.022,146.0,45.41
2026-07-08 02:34:09,59.0,69.000              ,715.445,387.0,1067.0,0.0,59.625,59.625              ,59.625,59.625,59.625,59.625,59.625,59.625,59.625,41.931,30.113,49.74,41.452,47.276,11.818,48.904,15.004,35.78,2580.0,2580.0,3225.0,3225.0,2150.0,2150.0,2580.0,2580.0,3225.0,1.711,1.706,2.232,2.232,1.5,1.504,1.702,1.7,20.195,5075.0,14627.0,23.739,147.0,42.12
2026-07-08 02:34:10,59.0,71.000              ,715.441,393.0,1200.0,0.0,59.625,59.625              ,59.625,59.625,59.625,59.625,59.625,59.625,59.625,42.35,31.266,49.581,34.229,42.751,16.464,55.362,13.181,35.648,2800.0,2800.0,2800.0,2800.0,3375.0,3375.0,2250.0,2250.0,3375.0,1.714,1.724,1.893,1.893,1.477,1.475,1.804,1.804,19.981,5076.0,14627.0,23.02,148.0,43.44
2026-07-08 02:34:11,59.0,69.000              ,696.793,469.0,1200.0,0.0,59.625,59.625              ,59.625,59.625,59.625,59.625,59.625,59.625,59.625,36.457,30.298,38.355,41.704,42.082,19.146,43.029,14.745,33.227,2480.0,2420.0,2420.0,2420.0,2420.0,2420.0,3025.0,3025.0,3025.0,1.453,1.443,1.851,1.851,1.334,1.349,1.316,1.316,18.901,5087.0,14613.0,24.531,149.0,40.76
2026-07-08 02:34:12,59.0,69.000              ,689.348,370.0,1200.0,0.0,59.75,59.750              ,59.75,59.75,59.75,59.75,59.75,59.75,59.75,35.382,23.808,59.02,28.824,42.864,13.244,44.534,13.404,32.635,2800.0,2800.0,3500.0,3375.0,1928.571,1928.571,2250.0,2250.0,3500.0,1.509,1.509,2.19,2.19,1.454,1.436,1.544,1.544,19.462,5087.0,14609.0,21.324,150.0,46.9
2026-07-08 02:34:13,59.0,69.000              ,689.344,563.0,1200.0,0.0,59.875,59.875              ,59.875,59.875,59.875,59.875,59.875,59.875,59.875,44.163,34.072,59.453,37.58,57.548,23.325,44.509,24.906,40.695,1900.0,1900.0,3325.0,3325.0,2216.667,3450.0,2760.0,2760.0,3450.0,1.685,1.685,2.279,2.279,1.869,1.869,1.607,1.616,20.894,5106.0,14611.0,23.94,151.0,41.77
2026-07-08 02:34:14,60.0,70.000              ,689.336,272.0,1200.0,0.0,60.0,60.000              ,60.0,60.0,60.0,60.0,60.0,60.0,60.0,42.004,26.287,60.881,22.16,51.641,17.886,43.021,20.409,35.536,2675.0,2675.0,2140.0,2140.0,2140.0,2140.0,2140.0,2140.0,2675.0,1.559,1.559,1.923,1.923,1.554,1.554,1.552,1.543,19.201,5113.0,14601.0,19.875,152.0,50.31
2026-07-08 02:34:15,59.0,70.000              ,689.332,200.0,1067.0,0.0,59.5,59.500              ,59.5,59.5,59.5,59.5,59.5,59.5,59.5,38.196,25.386,45.312,21.162,41.014,13.487,50.64,16.44,31.455,2825.0,2825.0,1883.333,1883.333,1883.333,1883.333,2260.0,2260.0,2825.0,1.26,1.26,1.349,1.349,1.075,1.075,1.54,1.54,18.153,5120.0,14596.0,23.206,153.0,43.09
2026-07-08 02:34:16,59.0,68.000              ,689.328,200.0,1200.0,0.0,59.875,59.875              ,59.875,59.875,59.875,59.875,59.875,59.875,59.875,42.795,30.06,42.082,42.446,39.021,15.411,57.628,13.586,35.379,1900.0,1900.0,3325.0,3325.0,2216.667,1883.333,2600.0,2600.0,3325.0,1.713,1.713,2.147,2.15,1.288,1.288,1.854,1.854,20.221,5130.0,14597.0,24.176,154.0,41.36
2026-07-08 02:34:17,60.0,67.000              ,688.785,200.0,1067.0,0.0,60.125,60.125              ,60.125,60.125,60.125,60.125,60.125,60.125,60.125,35.269,24.174,58.58,25.995,40.984,10.891,56.842,8.497,32.654,2650.0,2650.0,2650.0,2650.0,2120.0,2120.0,2120.0,2120.0,2650.0,1.47,1.47,2.156,2.152,1.321,1.321,1.838,1.838,19.599,5132.0,14586.0,23.517,155.0,42.52
2026-07-08 02:34:18,60.0,68.000              ,687.059,420.0,1200.0,0.0,60.125,60.125              ,60.125,60.125,60.125,60.125,60.125,60.125,60.125,34.597,27.83,58.319,20.696,45.474,13.841,59.33,8.812,33.612,3125.0,2150.0,3250.0,3250.0,2166.667,2166.667,2600.0,2600.0,3250.0,1.47,1.47,1.87,1.87,1.479,1.479,1.842,1.842,19.851,5132.0,14584.0,20.317,156.0,49.22
2026-07-08 02:34:19,60.0,70.000              ,686.137,484.0,1200.0,0.0,60.125,60.125              ,60.125,60.125,60.125,60.125,60.125,60.125,60.125,39.452,29.994,60.595,22.753,39.402,12.13,61.771,10.821,34.615,2480.0,2480.0,3100.0,3100.0,2066.667,2066.667,2360.0,2360.0,3100.0,1.477,1.477,1.858,1.858,1.185,1.185,1.778,1.778,19.346,5134.0,14585.0,21.63,157.0,46.23
2026-07-08 02:34:20,60.0,69.000              ,686.141,200.0,1200.0,0.0,60.125,60.125              ,60.125,60.125,60.125,60.125,60.125,60.125,60.125,36.995,25.625,56.294,25.994,49.152,11.524,58.806,9.177,34.196,2183.333,2183.333,3275.0,3275.0,2620.0,2620.0,2183.333,2183.333,3275.0,1.389,1.389,1.775,1.775,1.378,1.378,1.672,1.672,19.149,5138.0,14588.0,19.139,158.0,52.25
2026-07-08 02:34:21,60.0,69.000              ,676.988,338.0,1200.0,0.0,60.25,60.250              ,60.25,60.25,60.25,60.25,60.25,60.25,60.25,34.532,28.359,57.313,25.988,43.768,19.288,49.295,12.427,33.871,2233.333,2680.0,3350.0,3350.0,2233.333,2233.333,2680.0,2680.0,3350.0,1.571,1.572,2.153,2.153,1.573,1.573,1.735,1.735,20.22,5141.0,14578.0,29.275,159.0,34.16
2026-07-08 02:34:22,60.0,69.000              ,677.0,393.0,1200.0,0.0,60.5,60.500              ,60.5,60.5,60.5,60.5,60.5,60.5,60.5,46.737,28.824,54.578,33.831,51.959,26.409,54.248,18.592,39.397,2800.0,2800.0,3375.0,3375.0,2700.0,2620.0,2620.0,2620.0,3375.0,1.75,1.748,2.106,2.107,1.817,1.817,1.813,1.817,20.878,5114.0,14573.0,23.418,160.0,42.7
2026-07-08 02:34:23,60.0,69.000              ,677.09,200.0,1067.0,0.0,60.5,60.500              ,60.5,60.5,60.5,60.5,60.5,60.5,60.5,45.796,20.165,55.064,25.849,50.728,14.366,47.003,14.951,34.24,2133.333,2133.333,3200.0,3200.0,1828.571,1828.571,2560.0,2560.0,3200.0,1.675,1.675,1.884,1.883,1.593,1.593,1.523,1.519,19.349,5112.0,14571.0,22.515,161.0,44.41
2026-07-08 02:34:24,60.0,69.000              ,677.082,420.0,1067.0,0.0,60.375,60.375              ,60.375,60.375,60.375,60.375,60.375,60.375,60.375,46.155,18.467,52.804,28.503,52.779,12.48,48.416,12.813,34.052,2600.0,2600.0,3225.0,3225.0,2580.0,2580.0,2580.0,2580.0,3225.0,1.586,1.586,1.693,1.697,1.575,1.584,1.477,1.477,19.263,5117.0,14560.0,21.16,162.0,47.26
2026-07-08 02:34:25,60.0,69.000              ,677.074,476.0,1200.0,0.0,60.25,60.250              ,60.25,60.25,60.25,60.25,60.25,60.25,60.25,47.057,23.337,56.802,31.107,55.339,14.681,53.038,13.854,36.902,2560.0,2540.0,3125.0,3125.0,2500.0,2500.0,2500.0,2500.0,3125.0,1.468,1.468,1.714,1.711,1.468,1.459,1.353,1.353,18.673,5123.0,14560.0,19.154,163.0,52.21
2026-07-08 02:34:26,60.0,70.000              ,677.078,442.0,1200.0,0.0,60.125,60.125              ,60.125,60.125,60.125,60.125,60.125,60.125,60.125,53.547,31.783,45.139,35.869,47.305,21.74,40.638,23.481,37.438,2440.0,2440.0,3050.0,3050.0,2440.0,2420.0,2420.0,2420.0,3050.0,1.642,1.642,1.505,1.505,1.299,1.299,1.318,1.318,18.68,5145.0,14561.0,32.876,164.0,30.42
2026-07-08 02:34:27,60.0,70.000              ,677.078,420.0,1200.0,0.0,60.0,60.000              ,60.0,60.0,60.0,60.0,60.0,60.0,60.0,68.489,57.138,63.245,58.34,68.173,36.8,66.128,44.715,57.879,2750.0,2750.0,2200.0,2200.0,2220.0,2220.0,2220.0,2220.0,2750.0,1.499,1.5,1.427,1.427,1.225,1.225,1.315,1.315,18.457,5199.0,14561.0,26.952,165.0,37.1
2026-07-08 02:34:28,59.0,69.000              ,677.074,364.0,1200.0,0.0,59.75,59.750              ,59.75,59.75,59.75,59.75,59.75,59.75,59.75,37.737,31.294,54.514,39.41,52.985,22.338,44.82,21.328,38.053,2360.0,2360.0,2950.0,2950.0,2380.0,2380.0,2380.0,2380.0,2950.0,1.231,1.23,1.65,1.65,1.357,1.357,1.28,1.28,17.92,5209.0,14561.0,23.702,166.0,42.19
2026-07-08 02:34:29,59.0,68.000              ,676.703,352.0,1067.0,0.0,59.75,59.750              ,59.75,59.75,59.75,59.75,59.75,59.75,59.75,43.729,26.705,45.822,23.39,62.211,13.332,40.381,11.957,33.441,2460.0,2460.0,3075.0,3075.0,2460.0,2460.0,2460.0,2460.0,3075.0,1.371,1.371,1.306,1.306,1.661,1.661,1.232,1.236,17.703,5208.0,14560.0,20.647,167.0,48.43
2026-07-08 02:34:30,59.0,69.000              ,676.703,563.0,1067.0,0.0,59.375,59.375              ,59.375,59.375,59.375,59.375,59.375,59.375,59.375,36.184,27.124,40.725,27.069,40.742,17.856,44.533,20.892,31.891,2975.0,2975.0,2380.0,2380.0,2380.0,2380.0,2380.0,2380.0,2975.0,1.223,1.223,1.272,1.274,1.098,1.098,1.327,1.324,17.905,5212.0,14559.0,25.451,168.0,39.29
2026-07-08 02:34:31,59.0,69.000              ,676.754,406.0,1200.0,0.0,59.375,59.375              ,59.375,59.375,59.375,59.375,59.375,59.375,59.375,36.228,26.469,54.633,28.075,47.838,9.024,48.065,10.095,32.553,2460.0,2460.0,3075.0,3075.0,2460.0,2460.0,2460.0,2440.0,3075.0,1.217,1.217,1.615,1.622,1.151,1.153,1.253,1.253,17.565,5212.0,14560.0,22.288,169.0,44.87
2026-07-08 02:34:32,59.0,70.000              ,680.758,442.0,1200.0,0.0,59.25,59.250              ,59.25,59.25,59.25,59.25,59.25,59.25,59.25,40.25,27.824,54.667,30.972,58.091,9.511,52.31,10.451,35.509,2360.0,2360.0,2950.0,2950.0,2360.0,2360.0,2360.0,2360.0,2950.0,1.167,1.17,1.452,1.446,1.208,1.205,1.169,1.169,17.515,5220.0,14566.0,24.802,170.0,40.32
2026-07-08 02:34:33,59.0,71.000              ,678.5,413.0,1067.0,0.0,59.0,59.000              ,59.0,59.0,59.0,59.0,59.0,59.0,59.0,32.873,28.322,63.024,20.531,46.8,7.576,51.867,11.254,32.781,2300.0,2300.0,2850.0,2850.0,2280.0,2280.0,2280.0,2280.0,2850.0,1.121,1.1,1.46,1.457,1.028,1.028,1.218,1.23,17.124,5218.0,14564.0,22.883,171.0,43.7
2026-07-08 02:34:34,58.0,71.000              ,678.891,200.0,1200.0,0.0,58.75,58.750              ,58.75,58.75,58.75,58.75,58.75,58.75,58.75,29.766,26.817,53.912,22.463,34.777,9.996,40.6,13.375,28.963,2380.0,2380.0,2975.0,2975.0,2380.0,2380.0,2380.0,2380.0,2975.0,1.072,1.089,1.507,1.51,0.937,0.937,1.174,1.143,16.998,5217.0,14564.0,23.79,172.0,42.03
2026-07-08 02:34:35,58.0,69.000              ,678.887,364.0,1067.0,0.0,58.75,58.750              ,58.75,58.75,58.75,58.75,58.75,58.75,58.75,37.787,27.501,64.042,25.301,47.231,14.087,38.86,24.262,34.884,2380.0,2380.0,2975.0,2975.0,2380.0,2380.0,2380.0,2380.0,2975.0,1.126,1.126,1.574,1.571,1.106,1.106,1.199,1.219,17.292,5219.0,14564.0,23.576,173.0,42.42
2026-07-08 02:34:36,58.0,69.000              ,687.68,428.0,1067.0,0.0,58.75,58.750              ,58.75,58.75,58.75,58.75,58.75,58.75,58.75,33.597,34.388,66.838,28.66,45.541,19.184,43.053,26.504,37.221,2360.0,2360.0,2950.0,2925.0,2340.0,2340.0,2340.0,2340.0,2950.0,1.127,1.127,1.595,1.595,1.098,1.098,1.241,1.241,17.089,5232.0,14577.0,22.841,174.0,43.78
2026-07-08 02:34:37,58.0,69.000              ,687.672,457.0,1200.0,0.0,58.5,58.500              ,58.5,58.5,58.5,58.5,58.5,58.5,58.5,35.457,28.827,49.539,22.814,43.306,12.878,44.265,16.054,31.643,2380.0,2380.0,2975.0,2975.0,2380.0,2380.0,2380.0,2380.0,2975.0,1.082,1.085,1.28,1.28,0.982,0.982,1.129,1.129,16.839,5235.0,14577.0,23.913,175.0,41.82
2026-07-08 02:34:38,58.0,68.000              ,683.219,358.0,1200.0,0.0,58.5,58.500              ,58.5,58.5,58.5,58.5,58.5,58.5,58.5,40.326,22.638,46.255,26.424,38.913,11.536,56.876,7.23,31.275,2400.0,2400.0,3000.0,3000.0,2400.0,2400.0,2420.0,2420.0,3000.0,1.13,1.128,1.305,1.305,0.974,0.974,1.279,1.281,16.76,5234.0,14575.0,20.945,176.0,47.74
2026-07-08 02:34:39,58.0,68.000              ,683.223,200.0,1200.0,0.0,58.5,58.500              ,58.5,58.5,58.5,58.5,58.5,58.5,58.5,39.462,24.072,49.152,25.501,45.266,15.555,57.075,10.49,33.322,2340.0,2340.0,2925.0,2925.0,2340.0,2340.0,2340.0,2340.0,2925.0,1.068,1.071,1.245,1.245,1.08,1.08,1.298,1.298,16.654,5236.0,14575.0,21.675,177.0,46.14
2026-07-08 02:34:40,58.0,68.000              ,692.098,442.0,1200.0,0.0,58.25,58.250              ,58.25,58.25,58.25,58.25,58.25,58.25,58.25,45.697,27.689,48.269,25.242,50.456,18.713,62.733,14.221,36.628,2850.0,2850.0,2280.0,2280.0,2280.0,2280.0,2850.0,2850.0,2850.0,1.048,1.046,1.048,1.048,1.059,1.059,1.305,1.303,16.708,5234.0,14587.0,21.204,178.0,47.16
2026-07-08 02:34:41,58.0,68.000              ,696.605,450.0,1067.0,0.0,58.0,58.000              ,58.0,58.0,58.0,58.0,58.0,58.0,58.0,43.969,29.098,55.445,32.921,59.207,25.159,56.003,20.092,40.237,2200.0,2200.0,2725.0,2725.0,2725.0,2725.0,2725.0,2725.0,2725.0,0.997,1.0,1.219,1.225,1.149,1.149,1.059,1.059,16.381,5247.0,14592.0,27.385,179.0,36.52
2026-07-08 02:34:42,58.0,69.000              ,697.07,516.0,1200.0,0.0,58.0,58.000              ,58.0,58.0,58.0,58.0,58.0,58.0,58.0,36.193,23.293,58.905,24.054,51.427,13.052,55.011,14.002,34.492,2220.0,2220.0,2775.0,2775.0,2220.0,2200.0,2220.0,2220.0,2775.0,0.956,0.938,1.256,1.249,1.006,1.006,1.113,1.113,16.373,5251.0,14591.0,19.822,180.0,50.45
2026-07-08 02:34:43,57.0,71.000              ,696.07,508.0,1200.0,0.0,57.75,57.750              ,57.75,57.75,57.75,57.75,57.75,57.75,57.75,41.571,29.337,59.049,25.282,49.83,19.354,58.741,15.387,37.319,2180.0,2180.0,2725.0,2725.0,2180.0,2180.0,2725.0,2725.0,2725.0,0.952,0.952,1.165,1.165,0.983,0.985,1.132,1.132,16.336,5253.0,14592.0,19.853,181.0,50.37
2026-07-08 02:34:44,57.0,70.000              ,696.074,484.0,1200.0,0.0,57.75,57.750              ,57.75,57.75,57.75,57.75,57.75,57.75,57.75,34.188,28.648,47.375,24.352,44.3,12.339,57.268,11.453,32.49,2140.0,2140.0,2675.0,2675.0,2140.0,2140.0,2140.0,2120.0,2675.0,0.89,0.906,1.086,1.09,0.825,0.823,1.128,1.129,16.32,5251.0,14593.0,23.655,182.0,42.27
2026-07-08 02:34:45,57.0,69.000              ,696.223,375.0,1200.0,0.0,57.75,57.750              ,57.75,57.75,57.75,57.75,57.75,57.75,57.75,38.995,28.527,53.303,25.841,37.206,14.315,59.993,11.38,33.695,2220.0,2220.0,2220.0,2220.0,2220.0,2220.0,2775.0,2775.0,2775.0,1.016,1.015,1.151,1.147,0.865,0.865,1.199,1.2,15.95,5257.0,14592.0,20.507,183.0,48.76
2026-07-08 02:34:46,57.0,69.000              ,696.176,393.0,1200.0,0.0,57.625,57.625              ,57.625,57.625,57.625,57.625,57.625,57.625,57.625,44.261,32.161,43.186,29.157,50.509,15.887,54.744,15.117,35.628,2200.0,2200.0,2750.0,2750.0,2200.0,2200.0,2200.0,2200.0,2750.0,1.096,1.104,1.062,1.062,1.032,1.029,1.153,1.151,16.145,5256.0,14591.0,25.417,184.0,39.34
2026-07-08 02:34:47,57.0,69.000              ,696.184,420.0,1067.0,0.0,57.5,57.500              ,57.5,57.5,57.5,57.5,57.5,57.5,57.5,35.042,26.74,52.682,27.121,45.89,10.033,44.228,17.172,32.363,2750.0,2750.0,2200.0,2200.0,2750.0,2750.0,2200.0,2200.0,2750.0,0.959,0.958,1.256,1.258,0.921,0.922,1.049,1.049,16.126,5257.0,14591.0,23.625,185.0,42.33
2026-07-08 02:34:48,57.0,70.000              ,696.164,400.0,1200.0,0.0,57.25,57.250              ,57.25,57.25,57.25,57.25,57.25,57.25,57.25,34.975,23.522,51.36,22.309,60.502,7.996,58.693,12.187,33.943,2200.0,2200.0,2750.0,2750.0,2180.0,2180.0,2180.0,2180.0,2750.0,0.88,0.874,1.085,1.083,1.027,1.027,1.1,1.1,15.86,5260.0,14591.0,25.556,186.0,39.13
2026-07-08 02:34:49,57.0,69.000              ,696.164,200.0,1200.0,0.0,57.25,57.250              ,57.25,57.25,57.25,57.25,57.25,57.25,57.25,37.936,19.992,58.746,17.865,57.432,10.273,56.306,9.872,33.553,2200.0,2200.0,2200.0,2200.0,2200.0,2200.0,2750.0,2750.0,2750.0,0.91,0.91,1.114,1.114,1.096,1.096,1.069,1.069,16.006,5259.0,14590.0,21.476,187.0,46.56
2026-07-08 02:34:50,57.0,68.000              ,696.168,525.0,1200.0,0.0,57.0,57.000              ,57.0,57.0,57.0,57.0,57.0,57.0,57.0,44.212,25.049,59.823,23.492,50.446,12.35,64.201,11.381,36.369,2040.0,2040.0,2550.0,2550.0,2040.0,2040.0,2550.0,2060.0,2550.0,0.861,0.861,1.039,1.045,0.809,0.809,1.04,1.04,15.916,5260.0,14591.0,18.601,188.0,53.76
2026-07-08 02:34:51,57.0,68.000              ,691.188,450.0,1067.0,0.0,57.0,57.000              ,57.0,57.0,57.0,57.0,57.0,57.0,57.0,36.526,19.913,50.24,20.155,57.916,11.269,42.736,8.358,30.889,2100.0,2100.0,2625.0,2625.0,2120.0,2120.0,2120.0,2120.0,2625.0,0.816,0.816,0.967,0.961,1.08,1.08,0.831,0.831,15.737,5260.0,14588.0,24.592,189.0,40.66
2026-07-08 02:34:52,57.0,69.000              ,691.188,393.0,1067.0,0.0,57.0,57.000              ,57.0,57.0,57.0,57.0,57.0,57.0,57.0,44.258,24.239,57.981,25.017,48.05,11.284,57.213,13.725,35.221,2160.0,2160.0,2675.0,2675.0,2140.0,2140.0,2140.0,2140.0,2675.0,0.996,0.998,1.167,1.167,0.916,0.916,1.067,1.067,15.638,5257.0,14587.0,22.444,190.0,44.56
2026-07-08 02:34:53,57.0,69.000              ,691.184,387.0,1200.0,0.0,57.0,57.000              ,57.0,57.0,57.0,57.0,57.0,57.0,57.0,43.438,19.514,56.189,27.233,45.513,14.138,57.761,11.279,34.383,2140.0,2140.0,2140.0,2140.0,2140.0,2140.0,2675.0,2675.0,2675.0,0.949,0.947,1.161,1.161,0.905,0.907,1.081,1.081,15.843,5262.0,14588.0,24.893,191.0,40.17
2026-07-08 02:34:54,56.0,70.000              ,691.313,200.0,1200.0,0.0,56.75,56.750              ,56.75,56.75,56.75,56.75,56.75,56.75,56.75,47.798,22.96,58.626,29.473,43.079,19.557,58.905,16.403,37.1,2140.0,2140.0,2650.0,2650.0,2120.0,2120.0,2120.0,2120.0,2650.0,0.969,0.969,1.139,1.139,0.872,0.87,1.066,1.066,15.757,5262.0,14582.0,19.272,192.0,51.89
2026-07-08 02:34:55,56.0,69.000              ,698.324,428.0,1067.0,0.0,56.5,56.500              ,56.5,56.5,56.5,56.5,56.5,56.5,56.5,29.985,26.26,45.922,28.119,54.053,16.251,49.726,12.521,32.855,2140.0,2140.0,2675.0,2675.0,2140.0,2140.0,2160.0,2160.0,2675.0,0.807,0.81,1.05,1.05,1.035,1.038,0.924,0.924,15.373,5268.0,14593.0,22.241,193.0,44.96
2026-07-08 02:34:56,56.0,70.000              ,698.371,476.0,1200.0,0.0,56.5,56.500              ,56.5,56.5,56.5,56.5,56.5,56.5,56.5,32.576,24.132,51.528,33.511,40.517,11.534,43.646,15.944,31.674,2140.0,2140.0,2675.0,2675.0,2140.0,2140.0,2140.0,2140.0,2675.0,0.818,0.815,1.23,1.23,0.757,0.754,0.902,0.902,15.738,5270.0,14593.0,26.42,194.0,37.85
2026-07-08 02:34:57,56.0,70.000              ,698.43,387.0,1200.0,0.0,56.5,56.500              ,56.5,56.5,56.5,56.5,56.5,56.5,56.5,37.344,24.429,55.177,25.931,55.264,8.923,48.81,13.059,33.617,2140.0,2140.0,2675.0,2700.0,2160.0,2160.0,2160.0,2160.0,2700.0,0.914,0.914,1.172,1.157,0.935,0.935,0.944,0.944,15.5,5271.0,14593.0,22.036,195.0,45.38
2026-07-08 02:34:58,56.0,69.000              ,698.434,406.0,1067.0,0.0,56.375,56.375              ,56.375,56.375,56.375,56.375,56.375,56.375,56.375,40.467,24.938,60.914,23.934,59.362,11.934,50.096,17.023,36.084,2080.0,2080.0,2600.0,2600.0,2080.0,2080.0,2080.0,2080.0,2600.0,0.886,0.886,1.112,1.132,1.015,1.015,0.951,0.952,15.71,5272.0,14593.0,24.526,196.0,40.77
2026-07-08 02:34:59,56.0,69.000              ,698.43,476.0,1200.0,0.0,56.375,56.375              ,56.375,56.375,56.375,56.375,56.375,56.375,56.375,36.151,22.746,54.095,20.483,50.47,8.968,45.503,8.91,30.916,2140.0,2140.0,2140.0,2140.0,2700.0,2700.0,2160.0,2160.0,2700.0,0.837,0.837,1.067,1.061,0.879,0.879,0.881,0.881,15.537,5270.0,14593.0,24.557,197.0,40.72
2026-07-08 02:35:00,56.0,70.000              ,698.508,393.0,1067.0,0.0,56.25,56.250              ,56.25,56.25,56.25,56.25,56.25,56.25,56.25,48.389,20.593,49.334,33.23,51.294,14.738,58.267,13.658,36.188,2060.0,2040.0,2550.0,2550.0,2040.0,2040.0,2040.0,2040.0,2550.0,0.934,0.936,1.026,1.026,0.925,0.925,0.987,0.988,15.351,5268.0,14595.0,23.851,198.0,41.93
2026-07-08 02:35:01,56.0,70.000              ,698.516,200.0,1200.0,0.0,56.0,56.000              ,56.0,56.0,56.0,56.0,56.0,56.0,56.0,32.876,22.18,43.162,20.808,56.128,10.966,48.98,11.744,30.856,2600.0,2575.0,2575.0,2575.0,2080.0,2080.0,2080.0,2080.0,2600.0,0.802,0.8,0.849,0.849,1.019,1.019,0.89,0.888,15.261,5273.0,14593.0,23.012,199.0,43.46
2026-07-08 02:35:02,56.0,69.000              ,698.488,442.0,1200.0,0.0,56.0,56.000              ,56.0,56.0,56.0,56.0,56.0,56.0,56.0,38.597,23.254,53.146,24.184,46.546,12.633,64.828,10.522,34.214,2200.0,2200.0,2750.0,2750.0,2200.0,2200.0,2200.0,2200.0,2750.0,0.919,0.927,1.026,1.026,0.857,0.86,1.163,1.163,15.479,5275.0,14592.0,23.117,200.0,43.26
2026-07-08 02:35:03,56.0,70.000              ,698.742,508.0,1200.0,0.0,56.0,56.000              ,56.0,56.0,56.0,56.0,56.0,56.0,56.0,57.309,34.506,63.679,32.783,63.866,22.203,57.112,19.257,43.839,2080.0,2080.0,2625.0,2625.0,2100.0,2100.0,2100.0,2100.0,2625.0,0.96,0.952,1.004,1.011,0.916,0.914,0.864,0.864,15.735,5283.0,14587.0,22.999,201.0,43.48
2026-07-08 02:35:04,56.0,71.000              ,698.746,469.0,1200.0,0.0,56.0,56.000              ,56.0,56.0,56.0,56.0,56.0,56.0,56.0,41.361,19.925,43.401,30.043,58.487,10.577,43.087,10.187,32.133,1960.0,1960.0,2450.0,2450.0,2450.0,2450.0,1960.0,1960.0,2450.0,0.796,0.796,0.912,0.904,0.946,0.945,0.74,0.74,15.039,5280.0,14587.0,22.64,202.0,44.17
2026-07-08 02:35:05,56.0,69.000              ,684.461,364.0,1200.0,0.0,56.0,56.000              ,56.0,56.0,56.0,56.0,56.0,56.0,56.0,41.158,18.432,57.76,26.505,55.139,12.441,47.135,9.692,33.533,2080.0,2080.0,2575.0,2575.0,2060.0,2060.0,2060.0,2060.0,2575.0,0.884,0.884,1.145,1.146,0.968,0.968,0.846,0.846,15.282,5282.0,14576.0,22.214,203.0,45.02
2026-07-08 02:35:06,56.0,68.000              ,683.918,381.0,1200.0,0.0,56.0,56.000              ,56.0,56.0,56.0,56.0,56.0,56.0,56.0,39.561,21.045,50.201,27.556,53.346,10.904,54.032,8.636,33.16,2160.0,2160.0,2700.0,2700.0,2160.0,2160.0,2160.0,2160.0,2700.0,0.898,0.898,1.085,1.084,0.911,0.911,0.983,0.983,15.607,5284.0,14576.0,30.168,204.0,33.15
2026-07-08 02:35:07,56.0,67.000              ,683.914,375.0,1067.0,0.0,56.0,56.000              ,56.0,56.0,56.0,56.0,56.0,56.0,56.0,44.426,22.316,45.004,29.098,61.261,10.898,54.102,12.171,34.909,2100.0,2100.0,2100.0,2100.0,2625.0,2625.0,2100.0,2100.0,2625.0,0.937,0.937,0.906,0.906,1.029,1.029,0.968,0.968,15.105,5283.0,14576.0,23.168,205.0,43.16
2026-07-08 02:35:08,56.0,69.000              ,683.852,375.0,1200.0,0.0,56.0,56.000              ,56.0,56.0,56.0,56.0,56.0,56.0,56.0,34.306,24.363,42.039,37.612,58.194,10.493,49.744,9.895,33.331,2100.0,2100.0,2625.0,2625.0,2100.0,2100.0,2100.0,2100.0,2625.0,0.854,0.854,1.064,1.064,0.989,0.989,0.916,0.916,15.299,5282.0,14569.0,22.097,206.0,45.26
2026-07-08 02:35:09,55.0,69.000              ,683.852,442.0,1200.0,0.0,55.75,55.750              ,55.75,55.75,55.75,55.75,55.75,55.75,55.75,43.126,24.2,43.552,28.132,55.201,13.559,59.982,12.289,35.005,2120.0,2140.0,2140.0,2140.0,2140.0,2140.0,2675.0,2675.0,2675.0,0.903,0.903,0.908,0.908,0.957,0.957,1.093,1.093,15.248,5282.0,14569.0,19.957,207.0,50.11
2026-07-08 02:35:10,55.0,69.000              ,684.461,400.0,1200.0,0.0,55.75,55.750              ,55.75,55.75,55.75,55.75,55.75,55.75,55.75,38.219,22.394,41.598,32.72,40.083,13.58,55.529,11.463,31.948,2140.0,2140.0,2675.0,2675.0,2140.0,2140.0,2140.0,2140.0,2675.0,0.828,0.829,0.97,0.97,0.743,0.743,1.028,1.028,15.406,5283.0,14568.0,24.822,208.0,40.29
2026-07-08 02:35:11,55.0,69.000              ,684.465,381.0,1200.0,0.0,55.75,55.750              ,55.75,55.75,55.75,55.75,55.75,55.75,55.75,36.407,18.795,50.319,25.465,60.586,12.095,54.613,12.397,33.835,2650.0,2650.0,2650.0,2140.0,2140.0,2140.0,2675.0,2675.0,2675.0,0.828,0.83,1.029,1.031,1.069,1.069,0.96,0.96,15.269,5282.0,14563.0,23.082,209.0,43.32
2026-07-08 02:35:12,55.0,68.000              ,684.59,370.0,1200.0,0.0,55.75,55.750              ,55.75,55.75,55.75,55.75,55.75,55.75,55.75,41.321,21.715,62.258,23.303,53.573,13.891,57.448,10.151,35.458,2060.0,2060.0,2575.0,2575.0,2060.0,2060.0,2080.0,2080.0,2575.0,0.838,0.835,1.074,1.073,0.86,0.86,0.896,0.896,15.335,5282.0,14562.0,21.834,210.0,45.8
2026-07-08 02:35:13,55.0,68.000              ,684.59,469.0,1067.0,0.0,55.5,55.500              ,55.5,55.5,55.5,55.5,55.5,55.5,55.5,40.928,20.197,63.034,21.22,50.898,15.447,57.8,12.052,35.197,1960.0,1960.0,2450.0,2450.0,1960.0,1960.0,1960.0,1960.0,2450.0,0.832,0.832,1.023,1.027,0.868,0.868,0.92,0.92,15.06,5280.0,14562.0,20.129,211.0,49.68
2026-07-08 02:35:14,55.0,69.000              ,684.586,370.0,1200.0,0.0,55.5,55.500              ,55.5,55.5,55.5,55.5,55.5,55.5,55.5,37.344,26.555,48.799,25.272,53.483,16.696,54.343,12.647,34.392,2040.0,2040.0,2550.0,2550.0,2040.0,2040.0,2040.0,2040.0,2550.0,0.818,0.818,0.923,0.921,0.864,0.864,0.964,0.966,15.343,5281.0,14562.0,23.627,212.0,42.32
2026-07-08 02:35:15,55.0,70.000              ,684.461,406.0,1200.0,0.0,55.5,55.500              ,55.5,55.5,55.5,55.5,55.5,55.5,55.5,43.383,23.054,44.551,43.733,60.721,18.95,47.743,17.395,37.441,2060.0,2060.0,2060.0,2060.0,2575.0,2575.0,2060.0,2060.0,2575.0,0.835,0.835,1.081,1.079,1.027,1.027,0.853,0.852,15.132,5282.0,14564.0,25.109,213.0,39.83
2026-07-08 02:35:16,55.0,69.000              ,684.531,200.0,1200.0,0.0,55.5,55.500              ,55.5,55.5,55.5,55.5,55.5,55.5,55.5,44.131,21.072,55.601,27.575,54.133,19.686,45.373,15.951,35.44,2000.0,2000.0,2500.0,2500.0,2000.0,2000.0,2000.0,2000.0,2500.0,0.883,0.883,1.034,1.034,0.969,0.971,0.857,0.857,15.114,5281.0,14564.0,21.606,214.0,46.28
2026-07-08 02:35:17,55.0,69.000              ,684.695,476.0,1067.0,0.0,55.25,55.250              ,55.25,55.25,55.25,55.25,55.25,55.25,55.25,48.621,25.098,48.778,30.767,47.485,17.119,56.795,16.149,36.352,2100.0,2100.0,2625.0,2625.0,2100.0,2100.0,2100.0,2100.0,2625.0,0.826,0.826,0.916,0.93,0.807,0.805,1.007,1.009,15.349,5286.0,14564.0,21.014,215.0,47.59
2026-07-08 02:35:18,55.0,69.000              ,684.633,428.0,1200.0,0.0,55.25,55.250              ,55.25,55.25,55.25,55.25,55.25,55.25,55.25,42.426,20.062,50.497,31.5,58.246,12.53,53.561,14.324,35.393,2060.0,2060.0,2575.0,2575.0,2060.0,2060.0,2040.0,2040.0,2575.0,0.808,0.808,0.99,0.976,0.946,0.946,0.893,0.89,15.283,5284.0,14564.0,28.773,216.0,34.75
2026-07-08 02:35:19,55.0,70.000              ,684.637,476.0,1200.0,0.0,55.25,55.250              ,55.25,55.25,55.25,55.25,55.25,55.25,55.25,34.994,26.012,42.181,35.939,45.136,14.011,41.04,12.353,31.458,1960.0,1960.0,1960.0,1960.0,2450.0,2450.0,1960.0,1960.0,2450.0,0.82,0.82,1.048,1.031,0.782,0.784,0.741,0.741,14.855,5283.0,14564.0,24.915,217.0,40.14
2026-07-08 02:35:20,55.0,70.000              ,686.133,393.0,1200.0,0.0,55.25,55.250              ,55.25,55.25,55.25,55.25,55.25,55.25,55.25,39.377,22.249,60.135,30.072,44.357,15.319,57.781,15.163,35.557,2100.0,2100.0,2625.0,2625.0,2100.0,2100.0,2100.0,2100.0,2625.0,0.841,0.841,1.159,1.177,0.834,0.832,0.993,0.993,15.305,5285.0,14568.0,22.529,218.0,44.39
2026-07-08 02:35:21,55.0,70.000              ,686.133,358.0,1200.0,0.0,55.25,55.250              ,55.25,55.25,55.25,55.25,55.25,55.25,55.25,43.518,23.524,60.521,27.06,46.302,17.048,63.508,13.333,36.852,2060.0,2060.0,2575.0,2575.0,2060.0,2040.0,2060.0,2060.0,2575.0,0.855,0.855,1.088,1.088,0.813,0.813,1.023,1.023,15.18,5286.0,14567.0,20.497,219.0,48.79
2026-07-08 02:35:22,55.0,68.000              ,686.137,435.0,1200.0,0.0,55.25,55.250              ,55.25,55.25,55.25,55.25,55.25,55.25,55.25,43.439,25.53,59.355,26.431,45.857,18.794,59.88,15.44,36.841,2040.0,2040.0,2550.0,2550.0,2040.0,2040.0,2040.0,2040.0,2550.0,0.884,0.884,1.048,1.048,0.842,0.842,1.008,1.008,15.129,5285.0,14567.0,18.6,220.0,53.76
2026-07-08 02:35:23,55.0,68.000              ,686.137,200.0,1067.0,0.0,55.25,55.250              ,55.25,55.25,55.25,55.25,55.25,55.25,55.25,44.672,24.003,58.877,24.238,43.722,20.516,53.273,17.716,35.877,2020.0,2020.0,2525.0,2525.0,2020.0,2020.0,2020.0,2020.0,2525.0,0.884,0.887,1.022,1.022,0.854,0.854,0.928,0.928,15.045,5285.0,14568.0,20.123,221.0,49.69
2026-07-08 02:35:24,55.0,68.000              ,686.199,200.0,1200.0,0.0,55.25,55.250              ,55.25,55.25,55.25,55.25,55.25,55.25,55.25,33.474,27.56,40.621,24.764,36.302,14.922,49.857,13.322,30.103,2700.0,2700.0,2700.0,2700.0,2160.0,2160.0,2160.0,2160.0,2700.0,0.855,0.853,0.915,0.919,0.748,0.748,1.011,1.012,14.97,5283.0,14567.0,24.938,222.0,40.1
2026-07-08 02:35:25,55.0,69.000              ,686.195,400.0,1200.0,0.0,55.25,55.250              ,55.25,55.25,55.25,55.25,55.25,55.25,55.25,37.351,22.499,56.572,29.401,49.665,16.79,51.314,13.112,34.588,2240.0,2240.0,2800.0,2800.0,2240.0,2240.0,2240.0,2240.0,2800.0,0.831,0.833,1.181,1.18,0.912,0.912,0.91,0.909,15.238,5286.0,14567.0,22.775,223.0,43.91
2026-07-08 02:35:26,55.0,70.000              ,686.203,413.0,1200.0,0.0,55.125,55.125              ,55.125,55.125,55.125,55.125,55.125,55.125,55.125,33.567,24.91,40.684,30.483,48.036,17.758,45.795,11.21,31.555,2120.0,2120.0,2650.0,2650.0,2650.0,2650.0,2120.0,2120.0,2650.0,0.815,0.814,0.975,0.972,0.945,0.945,0.842,0.843,15.067,5285.0,14566.0,25.398,224.0,39.37
2026-07-08 02:35:27,55.0,70.000              ,686.184,200.0,1200.0,0.0,55.125,55.125              ,55.125,55.125,55.125,55.125,55.125,55.125,55.125,39.456,23.645,64.113,24.259,47.003,14.436,59.111,11.415,35.43,2140.0,2140.0,2675.0,2675.0,2140.0,2140.0,2140.0,2140.0,2675.0,0.863,0.863,1.177,1.177,0.815,0.815,0.954,0.953,15.314,5291.0,14564.0,23.484,225.0,42.58
2026-07-08 02:35:28,55.0,69.000              ,686.047,352.0,1200.0,0.0,55.0,55.000              ,55.0,55.0,55.0,55.0,55.0,55.0,55.0,31.299,28.609,56.826,26.429,46.54,10.753,47.397,13.208,32.633,2080.0,2080.0,2600.0,2600.0,2080.0,2080.0,2080.0,2100.0,2600.0,0.828,0.828,1.182,1.182,0.841,0.841,0.865,0.865,14.942,5290.0,14564.0,22.742,226.0,43.97
2026-07-08 02:35:29,55.0,69.000              ,684.422,387.0,1067.0,0.0,55.0,55.000              ,55.0,55.0,55.0,55.0,55.0,55.0,55.0,36.145,21.612,52.482,29.282,45.732,15.856,58.537,9.174,33.602,2180.0,2180.0,2725.0,2725.0,2160.0,2160.0,2675.0,2675.0,2725.0,0.849,0.855,1.114,1.116,0.884,0.884,0.989,0.989,15.172,5289.0,14564.0,24.037,227.0,41.6
2026-07-08 02:35:30,55.0,70.000              ,686.184,545.0,1200.0,0.0,55.0,55.000              ,55.0,55.0,55.0,55.0,55.0,55.0,55.0,46.473,32.762,57.078,33.324,52.041,27.395,67.34,24.324,42.592,2140.0,2140.0,2140.0,2140.0,2140.0,2140.0,2675.0,2675.0,2675.0,0.884,0.881,0.991,0.984,0.881,0.881,1.073,1.074,15.361,5255.0,14574.0,20.204,228.0,49.5
2026-07-08 02:35:31,55.0,72.000              ,687.445,484.0,1067.0,0.0,55.0,55.000              ,55.0,55.0,55.0,55.0,55.0,55.0,55.0,37.625,26.792,40.537,36.088,54.36,12.958,46.139,13.456,33.494,1920.0,1920.0,2400.0,2400.0,1920.0,1920.0,1920.0,1920.0,2400.0,0.753,0.751,0.913,0.917,0.819,0.82,0.741,0.74,14.882,5255.0,14570.0,22.517,229.0,44.41
2026-07-08 02:35:32,55.0,71.000              ,687.445,200.0,1200.0,0.0,55.0,55.000              ,55.0,55.0,55.0,55.0,55.0,55.0,55.0,41.147,20.675,43.625,22.134,54.779,11.863,59.171,10.323,32.965,2100.0,2100.0,2625.0,2625.0,2120.0,2120.0,2120.0,2120.0,2625.0,0.829,0.829,0.855,0.855,0.921,0.922,1.016,1.016,14.974,5254.0,14567.0,22.642,230.0,44.17
2026-07-08 02:35:33,55.0,69.000              ,686.941,428.0,1200.0,0.0,55.0,55.000              ,55.0,55.0,55.0,55.0,55.0,55.0,55.0,38.532,21.706,36.591,35.312,44.056,17.674,51.041,15.169,32.51,2060.0,2060.0,2575.0,2575.0,2060.0,2060.0,2600.0,2600.0,2600.0,0.797,0.797,0.923,0.923,0.778,0.776,0.927,0.927,15.149,5253.0,14566.0,28.143,231.0,35.53
2026-07-08 02:35:34,55.0,68.000              ,688.066,450.0,1200.0,0.0,55.0,55.000              ,55.0,55.0,55.0,55.0,55.0,55.0,55.0,42.57,34.584,57.856,59.465,60.122,25.362,57.168,21.291,44.802,2120.0,2120.0,2650.0,2650.0,2120.0,2120.0,2120.0,2120.0,2650.0,0.795,0.795,1.168,1.169,0.923,0.923,0.826,0.827,15.555,5243.0,14571.0,22.268,232.0,44.91
2026-07-08 02:35:35,55.0,70.000              ,696.488,200.0,1200.0,0.0,55.0,55.000              ,55.0,55.0,55.0,55.0,55.0,55.0,55.0,70.828,64.968,77.527,81.927,75.302,57.501,72.568,56.752,69.671,1700.0,1700.0,2040.0,2040.0,1716.667,1716.667,1716.667,1700.0,2040.0,0.804,0.793,1.016,1.02,0.791,0.792,0.78,0.78,15.136,5126.0,14584.0,26.589,233.0,37.61
2026-07-08 02:35:36,55.0,74.000              ,696.484,428.0,1200.0,0.0,55.0,55.000              ,55.0,55.0,55.0,55.0,55.0,55.0,55.0,79.125,73.086,80.571,85.069,79.562,68.893,80.856,66.32,76.685,1616.667,1616.667,1940.0,1940.0,1616.667,1616.667,1616.667,1616.667,1940.0,0.802,0.814,0.959,0.954,0.812,0.812,0.817,0.816,15.023,5029.0,14586.0,26.001,234.0,38.46
2026-07-08 02:35:37,55.0,74.000              ,700.523,435.0,1200.0,0.0,55.0,55.000              ,55.0,55.0,55.0,55.0,55.0,55.0,55.0,71.653,68.165,73.142,78.761,73.758,58.664,75.296,51.686,68.891,1716.667,1716.667,2060.0,2060.0,1716.667,1716.667,1716.667,1716.667,2060.0,0.828,0.829,0.985,0.983,0.798,0.788,0.777,0.779,14.955,4937.0,14595.0,24.06,235.0,41.56
2026-07-08 02:35:38,55.0,76.000              ,706.145,457.0,1200.0,0.0,55.0,55.000              ,55.0,55.0,55.0,55.0,55.0,55.0,55.0,65.986,61.815,66.725,72.264,72.085,49.402,71.506,41.885,62.708,1683.333,1683.333,2020.0,2020.0,1683.333,1683.333,1683.333,1683.333,2020.0,0.804,0.802,0.944,0.945,0.815,0.824,0.772,0.772,15.108,4849.0,14603.0,22.099,236.0,45.25
2026-07-08 02:35:39,55.0,78.000              ,706.145,442.0,1200.0,0.0,55.0,55.000              ,55.0,55.0,55.0,55.0,55.0,55.0,55.0,64.033,59.864,68.879,77.09,68.604,48.999,67.634,45.252,62.544,1716.667,1716.667,2060.0,2060.0,1716.667,1716.667,1716.667,1716.667,2060.0,0.795,0.795,1.033,1.031,0.785,0.785,0.77,0.769,14.872,4763.0,14606.0,23.642,237.0,42.3
2026-07-08 02:35:40,55.0,75.000              ,706.137,413.0,1200.0,0.0,55.0,55.000              ,55.0,55.0,55.0,55.0,55.0,55.0,55.0,72.284,68.454,80.969,81.811,74.361,54.799,73.145,50.893,69.59,1700.0,1700.0,2040.0,2040.0,1716.667,1716.667,1716.667,1716.667,2040.0,0.804,0.804,1.039,1.039,0.812,0.813,0.796,0.799,15.31,4651.0,14607.0,20.761,238.0,48.17
2026-07-08 02:35:41,55.0,77.000              ,705.883,435.0,1200.0,0.0,55.0,55.000              ,55.0,55.0,55.0,55.0,55.0,55.0,55.0,66.568,58.722,77.829,79.555,72.744,51.091,68.812,42.887,64.776,1600.0,1600.0,1920.0,1920.0,1600.0,1600.0,1600.0,1600.0,1920.0,0.759,0.767,1.047,1.047,0.792,0.792,0.731,0.729,14.848,4561.0,14608.0,21.449,239.0,46.62
2026-07-08 02:35:42,55.0,74.000              ,705.82,457.0,1200.0,0.0,55.0,55.000              ,55.0,55.0,55.0,55.0,55.0,55.0,55.0,63.017,58.822,75.779,79.673,71.804,45.928,72.691,40.156,63.484,1650.0,1650.0,1980.0,1980.0,1650.0,1650.0,1666.667,1666.667,1980.0,0.777,0.77,1.091,1.095,0.791,0.79,0.79,0.79,15.078,4475.0,14610.0,25.836,240.0,38.71
2026-07-08 02:35:43,55.0,67.000              ,707.457,435.0,1200.0,0.0,55.0,55.000              ,55.0,55.0,55.0,55.0,55.0,55.0,55.0,64.289,59.28,80.777,81.25,70.603,55.027,70.255,43.747,65.654,1666.667,1666.667,2000.0,2000.0,1666.667,1666.667,1666.667,1666.667,2000.0,0.768,0.768,1.109,1.105,0.794,0.795,0.755,0.755,15.044,4384.0,14614.0,21.044,241.0,47.52
2026-07-08 02:35:44,55.0,71.000              ,713.758,200.0,1200.0,0.0,55.0,55.000              ,55.0,55.0,55.0,55.0,55.0,55.0,55.0,61.139,56.022,72.359,69.318,66.273,55.099,68.972,42.702,61.485,1683.333,1683.333,2020.0,2020.0,1683.333,1683.333,1683.333,1700.0,2020.0,0.756,0.758,0.994,0.994,0.795,0.794,0.76,0.76,14.782,4331.0,14626.0,23.89,242.0,41.86
2026-07-08 02:35:45,55.0,70.000              ,711.758,508.0,1200.0,0.0,55.0,55.000              ,55.0,55.0,55.0,55.0,55.0,55.0,55.0,41.314,27.814,48.985,32.801,53.909,18.497,57.55,9.685,36.319,1920.0,1920.0,2400.0,2375.0,1900.0,1900.0,1900.0,1900.0,2400.0,0.775,0.774,0.948,0.948,0.862,0.861,0.838,0.839,15.048,4330.0,14622.0,22.723,243.0,44.01
2026-07-08 02:35:46,54.0,67.000              ,714.012,420.0,1067.0,0.0,54.75,54.750              ,54.75,54.75,54.75,54.75,54.75,54.75,54.75,39.723,27.661,45.131,33.232,65.723,16.241,57.149,12.209,37.134,1920.0,1920.0,2375.0,2375.0,2375.0,2375.0,1900.0,1900.0,2375.0,0.826,0.825,0.888,0.888,1.073,1.073,0.862,0.861,14.915,4332.0,14622.0,23.614,244.0,42.35
2026-07-08 02:35:47,54.0,71.000              ,712.258,469.0,1200.0,0.0,54.75,54.750              ,54.75,54.75,54.75,54.75,54.75,54.75,54.75,40.287,26.739,48.954,35.867,58.272,18.189,56.222,17.567,37.762,2000.0,2000.0,2500.0,2500.0,2000.0,2000.0,2000.0,2000.0,2500.0,0.749,0.749,0.912,0.912,0.93,0.933,0.911,0.911,15.179,4335.0,14621.0,25.494,245.0,39.22
2026-07-08 02:35:48,54.0,71.000              ,713.281,381.0,1200.0,0.0,54.75,54.750              ,54.75,54.75,54.75,54.75,54.75,54.75,54.75,42.226,28.888,49.076,37.591,59.052,15.194,58.517,15.763,38.288,1980.0,1980.0,2475.0,2475.0,1980.0,1980.0,1980.0,1980.0,2475.0,0.843,0.843,0.925,0.926,0.916,0.913,0.917,0.915,14.896,4337.0,14623.0,23.329,246.0,42.87
2026-07-08 02:35:49,54.0,70.000              ,710.438,200.0,1200.0,0.0,54.625,54.625              ,54.625,54.625,54.625,54.625,54.625,54.625,54.625,41.167,17.508,39.976,35.268,59.787,11.55,63.872,12.312,35.18,2040.0,2040.0,2040.0,2040.0,2040.0,2040.0,2550.0,2575.0,2575.0,0.793,0.795,0.89,0.889,0.93,0.93,1.056,1.061,15.116,4343.0,14620.0,21.755,247.0,45.97
2026-07-08 02:35:50,54.0,69.000              ,720.52,484.0,1200.0,0.0,54.625,54.625              ,54.625,54.625,54.625,54.625,54.625,54.625,54.625,44.088,24.851,52.921,33.148,60.609,20.62,60.045,16.176,39.057,1960.0,1960.0,1960.0,1940.0,2400.0,2400.0,2400.0,2400.0,2400.0,0.779,0.781,0.943,0.943,0.92,0.92,0.93,0.915,14.968,4347.0,14636.0,21.342,248.0,46.86
2026-07-08 02:35:51,54.0,69.000              ,717.52,358.0,1200.0,0.0,54.625,54.625              ,54.625,54.625,54.625,54.625,54.625,54.625,54.625,35.236,24.984,45.028,31.221,54.06,16.125,59.768,11.149,34.697,2040.0,2040.0,2550.0,2550.0,2550.0,2550.0,2040.0,2040.0,2550.0,0.793,0.789,0.947,0.947,0.904,0.904,0.97,0.986,15.299,4346.0,14633.0,27.848,249.0,35.91
2026-07-08 02:35:52,54.0,68.000              ,714.27,364.0,1067.0,0.0,54.625,54.625              ,54.625,54.625,54.625,54.625,54.625,54.625,54.625,42.7,23.206,42.023,36.722,59.526,18.329,56.458,15.883,36.856,2040.0,2040.0,2550.0,2575.0,2060.0,2060.0,2060.0,2060.0,2575.0,0.811,0.811,0.967,0.967,0.997,0.997,0.903,0.905,14.965,4345.0,14631.0,24.183,250.0,41.35
2026-07-08 02:35:53,54.0,68.000              ,711.359,200.0,1200.0,0.0,54.625,54.625              ,54.625,54.625,54.625,54.625,54.625,54.625,54.625,34.616,23.684,36.612,51.072,44.375,14.738,45.282,10.891,32.659,2060.0,2060.0,2575.0,2575.0,2060.0,2060.0,2060.0,2060.0,2575.0,0.774,0.776,1.181,1.184,0.757,0.757,0.789,0.789,15.006,4344.0,14626.0,23.299,251.0,42.92
2026-07-08 02:35:54,54.0,68.000              ,712.285,358.0,1200.0,0.0,54.625,54.625              ,54.625,54.625,54.625,54.625,54.625,54.625,54.625,44.041,22.642,45.418,33.286,62.036,14.889,58.281,10.98,36.447,2060.0,2040.0,2550.0,2550.0,2040.0,2040.0,2040.0,2040.0,2550.0,0.874,0.872,0.966,0.964,1.022,1.022,0.918,0.917,15.145,4344.0,14623.0,23.942,252.0,41.77
2026-07-08 02:35:55,54.0,67.000              ,715.211,435.0,1067.0,0.0,54.5,54.500              ,54.5,54.5,54.5,54.5,54.5,54.5,54.5,35.871,29.073,49.146,29.674,61.807,13.552,60.832,11.124,36.385,2000.0,2000.0,2500.0,2500.0,2000.0,2000.0,2500.0,2500.0,2500.0,0.815,0.815,0.936,0.936,0.983,0.983,0.941,0.941,14.958,4345.0,14624.0,21.98,253.0,45.5
2026-07-08 02:35:56,54.0,69.000              ,727.355,420.0,1200.0,0.0,54.5,54.500              ,54.5,54.5,54.5,54.5,54.5,54.5,54.5,42.283,28.031,43.534,38.509,51.299,19.286,56.194,20.548,37.46,2080.0,2080.0,2600.0,2600.0,2080.0,2080.0,2060.0,2060.0,2600.0,0.798,0.788,0.927,0.927,0.786,0.786,0.931,0.931,15.032,4358.0,14646.0,23.178,254.0,43.14
2026-07-08 02:35:57,54.0,71.000              ,726.988,435.0,1200.0,0.0,54.5,54.500              ,54.5,54.5,54.5,54.5,54.5,54.5,54.5,38.15,23.877,43.411,38.164,55.457,15.351,47.944,13.153,34.438,2020.0,2020.0,2525.0,2550.0,2040.0,2040.0,2040.0,2040.0,2550.0,0.761,0.771,1.019,1.021,0.898,0.898,0.808,0.808,15.2,4356.0,14647.0,23.156,255.0,43.19
2026-07-08 02:35:58,54.0,70.000              ,727.367,428.0,1200.0,0.0,54.5,54.500              ,54.5,54.5,54.5,54.5,54.5,54.5,54.5,41.952,26.934,46.569,34.609,62.821,15.102,58.593,13.211,37.474,1980.0,1980.0,1980.0,1980.0,2475.0,2475.0,2475.0,2475.0,2475.0,0.798,0.801,0.936,0.934,0.966,0.966,0.879,0.879,15.036,4360.0,14646.0,22.978,256.0,43.52
2026-07-08 02:35:59,54.0,70.000              ,733.598,400.0,1200.0,0.0,54.5,54.500              ,54.5,54.5,54.5,54.5,54.5,54.5,54.5,41.537,21.593,46.437,25.264,66.923,15.585,66.384,12.396,37.015,1940.0,1940.0,1940.0,1960.0,1960.0,2425.0,2425.0,2425.0,2425.0,0.761,0.758,0.8,0.802,0.994,0.994,0.965,0.973,15.071,4366.0,14657.0,23.995,257.0,41.68
2026-07-08 02:36:00,54.0,69.000              ,735.891,338.0,1200.0,0.0,54.5,54.500              ,54.5,54.5,54.5,54.5,54.5,54.5,54.5,41.463,32.898,52.719,36.302,63.388,18.493,57.814,20.191,40.409,1940.0,1940.0,1940.0,1940.0,1940.0,1940.0,2425.0,2425.0,2425.0,0.779,0.779,0.892,0.877,0.866,0.868,0.891,0.894,14.99,4374.0,14663.0,27.884,258.0,35.86
2026-07-08 02:36:01,54.0,66.000              ,728.625,420.0,1067.0,0.0,54.5,54.500              ,54.5,54.5,54.5,54.5,54.5,54.5,54.5,40.22,25.6,47.568,31.92,65.851,14.699,60.4,13.217,37.434,1980.0,1980.0,1980.0,1980.0,2450.0,2450.0,1960.0,1960.0,2450.0,0.78,0.781,0.872,0.888,0.983,0.981,0.945,0.934,14.989,4376.0,14655.0,23.223,259.0,43.06
2026-07-08 02:36:02,54.0,68.000              ,728.629,200.0,1200.0,0.0,54.5,54.500              ,54.5,54.5,54.5,54.5,54.5,54.5,54.5,38.341,26.031,40.446,34.117,61.292,15.847,50.184,12.378,34.83,2020.0,2020.0,2020.0,2020.0,2525.0,2525.0,2020.0,2000.0,2525.0,0.771,0.77,0.865,0.863,1.005,1.005,0.813,0.813,14.961,4375.0,14654.0,25.727,260.0,38.87
2026-07-08 02:36:03,54.0,70.000              ,729.051,435.0,1200.0,0.0,54.5,54.500              ,54.5,54.5,54.5,54.5,54.5,54.5,54.5,48.846,28.755,48.901,34.255,63.161,18.488,62.725,15.457,40.074,1960.0,1960.0,1960.0,1960.0,1960.0,1960.0,2450.0,2450.0,2450.0,0.848,0.849,0.84,0.84,1.008,1.008,0.902,0.904,15.117,4373.0,14654.0,22.682,261.0,44.09
2026-07-08 02:36:04,54.0,69.000              ,731.98,508.0,1200.0,0.0,54.5,54.500              ,54.5,54.5,54.5,54.5,54.5,54.5,54.5,49.274,35.639,60.757,42.291,56.389,21.388,60.393,19.681,43.227,1860.0,1860.0,2325.0,2325.0,1860.0,1860.0,1860.0,1860.0,2325.0,0.796,0.795,0.994,0.998,0.774,0.774,0.846,0.844,15.422,4378.0,14656.0,21.909,262.0,45.64
2026-07-08 02:36:05,54.0,71.000              ,731.625,400.0,1200.0,0.0,54.5,54.500              ,54.5,54.5,54.5,54.5,54.5,54.5,54.5,66.872,50.091,65.922,71.83,68.672,42.774,67.402,40.009,59.197,1733.333,1733.333,2080.0,2080.0,1733.333,1733.333,1750.0,1750.0,2080.0,0.808,0.812,1.028,1.023,0.809,0.809,0.782,0.783,15.167,4401.0,14661.0,23.223,263.0,43.06
2026-07-08 02:36:06,54.0,73.000              ,732.137,200.0,1200.0,0.0,54.5,54.500              ,54.5,54.5,54.5,54.5,54.5,54.5,54.5,66.907,60.624,74.865,67.916,69.377,61.346,68.076,53.757,65.358,1600.0,1900.0,1900.0,1920.0,1600.0,1600.0,1600.0,1600.0,1920.0,0.768,0.763,0.898,0.898,0.808,0.808,0.75,0.749,14.785,4434.0,14666.0,21.854,264.0,45.76
2026-07-08 02:36:07,54.0,74.000              ,732.137,442.0,1200.0,0.0,54.5,54.500              ,54.5,54.5,54.5,54.5,54.5,54.5,54.5,61.618,42.993,65.462,73.243,64.392,40.646,68.513,35.61,56.56,1716.667,1716.667,2060.0,2080.0,1733.333,1716.667,2060.0,2060.0,2080.0,0.754,0.754,1.059,1.059,0.776,0.777,0.773,0.773,15.177,4441.0,14663.0,23.205,265.0,43.09
2026-07-08 02:36:08,54.0,74.000              ,731.223,461.0,1200.0,0.0,54.5,54.500              ,54.5,54.5,54.5,54.5,54.5,54.5,54.5,50.587,30.73,51.489,32.624,61.453,25.226,62.269,22.093,42.059,1800.0,1800.0,2160.0,2160.0,2160.0,2160.0,2160.0,2160.0,2160.0,0.805,0.805,0.778,0.779,0.857,0.857,0.892,0.892,14.609,4444.0,14663.0,26.599,266.0,37.6
2026-07-08 02:36:09,54.0,71.000              ,738.781,400.0,1200.0,0.0,54.5,54.500              ,54.5,54.5,54.5,54.5,54.5,54.5,54.5,45.372,25.018,47.686,35.801,55.568,16.104,59.933,16.348,37.729,2120.0,2120.0,2120.0,2120.0,2120.0,2120.0,2650.0,2650.0,2650.0,0.816,0.818,0.931,0.931,0.863,0.861,0.969,0.969,15.06,4450.0,14673.0,23.72,267.0,42.16
2026-07-08 02:36:10,54.0,69.000              ,732.258,393.0,1200.0,0.0,54.5,54.500              ,54.5,54.5,54.5,54.5,54.5,54.5,54.5,39.098,24.55,48.51,33.619,56.196,16.598,60.148,12.621,36.417,1920.0,1920.0,2400.0,2400.0,1920.0,1920.0,1920.0,1920.0,2400.0,0.796,0.782,0.934,0.934,0.885,0.886,0.921,0.921,15.036,4444.0,14668.0,23.797,268.0,42.02
2026-07-08 02:36:11,54.0,69.000              ,739.16,200.0,1200.0,0.0,54.5,54.500              ,54.5,54.5,54.5,54.5,54.5,54.5,54.5,38.885,22.473,52.395,32.729,61.533,15.753,63.136,15.247,37.769,2080.0,2080.0,2080.0,2080.0,2080.0,2080.0,2600.0,2600.0,2600.0,0.741,0.756,0.928,0.928,0.926,0.925,0.984,0.975,14.968,4448.0,14672.0,23.531,269.0,42.5
2026-07-08 02:36:12,54.0,69.000              ,739.531,461.0,1200.0,0.0,54.5,54.500              ,54.5,54.5,54.5,54.5,54.5,54.5,54.5,38.333,26.101,43.197,37.57,55.523,13.882,50.818,17.785,35.401,2020.0,2040.0,2550.0,2575.0,2060.0,2060.0,2060.0,2060.0,2575.0,0.833,0.829,1.016,1.018,0.867,0.867,0.911,0.919,15.059,4454.0,14672.0,23.192,270.0,43.12
2026-07-08 02:36:13,54.0,71.000              ,739.535,413.0,1067.0,0.0,54.5,54.500              ,54.5,54.5,54.5,54.5,54.5,54.5,54.5,39.22,26.541,44.789,36.546,59.274,17.225,56.067,19.339,37.375,2000.0,2000.0,2000.0,2000.0,2000.0,2000.0,2500.0,2500.0,2500.0,0.806,0.806,0.903,0.901,0.989,0.989,0.936,0.937,14.959,4456.0,14671.0,23.412,271.0,42.71
2026-07-08 02:36:14,54.0,71.000              ,738.531,333.0,1200.0,0.0,54.5,54.500              ,54.5,54.5,54.5,54.5,54.5,54.5,54.5,38.986,21.851,47.634,25.498,56.968,13.903,56.931,8.849,33.827,2140.0,2140.0,2140.0,2140.0,2140.0,2140.0,2675.0,2675.0,2675.0,0.858,0.858,0.881,0.881,0.997,0.997,0.989,0.989,15.069,4455.0,14668.0,26.836,272.0,37.26
2026-07-08 02:36:15,54.0,69.000              ,731.945,393.0,1200.0,0.0,54.5,54.500              ,54.5,54.5,54.5,54.5,54.5,54.5,54.5,40.424,19.408,44.102,25.808,59.563,17.208,58.63,11.096,34.53,2080.0,2080.0,2600.0,2600.0,2080.0,2080.0,2600.0,2600.0,2600.0,0.813,0.813,0.87,0.87,1.024,1.027,1.032,1.032,15.173,4450.0,14664.0,26.856,273.0,37.24
2026-07-08 02:36:16,54.0,69.000              ,731.727,428.0,1200.0,0.0,54.5,54.500              ,54.5,54.5,54.5,54.5,54.5,54.5,54.5,51.497,20.936,48.492,28.71,45.495,14.771,58.388,13.908,35.275,2600.0,2600.0,2080.0,2080.0,2080.0,2080.0,2080.0,2080.0,2600.0,0.956,0.941,0.936,0.936,0.791,0.789,1.024,1.024,14.863,4455.0,14663.0,26.083,274.0,38.34
2026-07-08 02:36:17,54.0,70.000              ,715.984,387.0,1200.0,0.0,54.5,54.500              ,54.5,54.5,54.5,54.5,54.5,54.5,54.5,43.646,23.47,51.796,27.329,54.546,16.37,51.544,19.17,35.984,2020.0,2020.0,2525.0,2525.0,2040.0,2040.0,2040.0,2040.0,2525.0,0.821,0.821,0.955,0.955,0.878,0.879,0.978,0.978,15.122,4450.0,14651.0,28.931,275.0,34.56
2026-07-08 02:36:18,54.0,68.000              ,715.984,461.0,1200.0,0.0,54.25,54.250              ,54.25,54.25,54.25,54.25,54.25,54.25,54.25,36.284,28.149,34.954,37.938,48.724,12.441,44.209,19.682,32.798,2020.0,2020.0,2575.0,2575.0,2060.0,2060.0,2060.0,2060.0,2575.0,0.785,0.798,0.966,0.966,0.824,0.824,0.873,0.873,15.241,4448.0,14645.0,24.464,276.0,40.88
2026-07-08 02:36:19,54.0,69.000              ,712.977,426.0,1200.0,0.0,54.25,54.250              ,54.25,54.25,54.25,54.25,54.25,54.25,54.25,46.782,19.886,57.271,23.82,61.017,12.65,45.829,15.038,35.287,1960.0,1960.0,2450.0,2450.0,1960.0,1980.0,1980.0,1980.0,2450.0,0.849,0.852,1.027,1.027,0.937,0.945,0.834,0.834,14.981,4447.0,14643.0,22.121,277.0,45.21
2026-07-08 02:36:20,54.0,70.000              ,712.984,387.0,1067.0,0.0,54.25,54.250              ,54.25,54.25,54.25,54.25,54.25,54.25,54.25,35.348,20.229,57.79,28.137,56.4,15.402,45.187,12.219,33.839,2040.0,2040.0,2550.0,2550.0,2040.0,2040.0,2040.0,2060.0,2550.0,0.792,0.791,1.118,1.118,0.974,0.963,0.843,0.845,14.852,4447.0,14627.0,29.265,278.0,34.17
2026-07-08 02:36:21,54.0,70.000              ,713.051,364.0,1200.0,0.0,54.25,54.250              ,54.25,54.25,54.25,54.25,54.25,54.25,54.25,42.83,19.269,50.609,26.644,60.665,11.443,50.375,13.455,34.411,2120.0,2120.0,2650.0,2650.0,2120.0,2120.0,2120.0,2120.0,2650.0,0.872,0.87,1.011,1.012,0.97,0.97,0.917,0.916,15.259,4447.0,14626.0,23.54,279.0,42.48
2026-07-08 02:36:22,54.0,69.000              ,713.047,400.0,1200.0,0.0,54.25,54.250              ,54.25,54.25,54.25,54.25,54.25,54.25,54.25,43.143,22.772,46.252,29.343,57.234,15.735,48.606,12.641,34.466,2020.0,2020.0,2020.0,2020.0,2525.0,2525.0,2020.0,2020.0,2525.0,0.87,0.87,0.931,0.93,1.01,1.01,0.823,0.822,14.952,4446.0,14623.0,26.214,280.0,38.15
2026-07-08 02:36:23,54.0,68.000              ,713.043,435.0,1067.0,0.0,54.25,54.250              ,54.25,54.25,54.25,54.25,54.25,54.25,54.25,44.082,23.758,46.26,28.521,63.249,13.882,53.505,13.693,35.869,2020.0,2020.0,2020.0,2020.0,2525.0,2525.0,2020.0,2020.0,2525.0,0.897,0.9,0.913,0.913,1.055,1.055,0.881,0.883,14.859,4446.0,14622.0,23.022,281.0,43.44
2026-07-08 02:36:24,54.0,70.000              ,713.043,420.0,1067.0,0.0,54.25,54.250              ,54.25,54.25,54.25,54.25,54.25,54.25,54.25,39.466,23.65,48.533,29.668,66.561,14.248,42.125,17.412,35.208,2080.0,2080.0,2600.0,2600.0,2080.0,2080.0,2080.0,2080.0,2600.0,0.811,0.808,0.972,0.974,1.078,1.081,0.803,0.801,15.069,4445.0,14622.0,23.922,282.0,41.8
2026-07-08 02:36:25,54.0,72.000              ,712.668,453.0,1200.0,0.0,54.25,54.250              ,54.25,54.25,54.25,54.25,54.25,54.25,54.25,41.667,28.415,46.706,29.566,52.679,14.983,59.482,9.474,35.371,2040.0,2040.0,2550.0,2550.0,2550.0,2550.0,2040.0,2040.0,2550.0,0.801,0.801,0.861,0.859,0.831,0.83,0.959,0.959,15.202,4445.0,14622.0,23.88,283.0,41.88
2026-07-08 02:36:26,54.0,71.000              ,712.672,428.0,1200.0,0.0,54.25,54.250              ,54.25,54.25,54.25,54.25,54.25,54.25,54.25,40.228,25.572,51.882,27.883,57.735,12.412,58.499,8.248,35.307,2040.0,2040.0,2550.0,2550.0,2040.0,2040.0,2550.0,2550.0,2550.0,0.881,0.881,1.036,1.036,0.928,0.927,0.975,0.975,15.092,4444.0,14624.0,23.11,284.0,43.27
2026-07-08 02:36:27,54.0,70.000              ,714.551,393.0,1200.0,0.0,54.25,54.250              ,54.25,54.25,54.25,54.25,54.25,54.25,54.25,43.037,29.746,49.355,35.623,57.03,20.407,59.028,14.175,38.55,2000.0,2000.0,2500.0,2500.0,2000.0,2000.0,2000.0,2000.0,2500.0,0.799,0.799,0.939,0.94,0.918,0.918,0.888,0.893,14.908,4448.0,14629.0,25.468,285.0,39.26
2026-07-08 02:36:28,54.0,70.000              ,714.598,406.0,1200.0,0.0,54.25,54.250              ,54.25,54.25,54.25,54.25,54.25,54.25,54.25,40.211,27.322,52.142,27.264,52.959,14.56,65.158,11.917,36.442,1940.0,1940.0,2425.0,2450.0,2450.0,2450.0,1960.0,1960.0,2450.0,0.769,0.769,0.871,0.87,0.775,0.775,0.997,0.992,14.927,4450.0,14629.0,21.272,286.0,47.01
2026-07-08 02:36:29,54.0,70.000              ,714.977,400.0,1200.0,0.0,54.25,54.250              ,54.25,54.25,54.25,54.25,54.25,54.25,54.25,41.35,23.832,47.513,27.032,55.508,13.247,66.562,11.665,35.839,2080.0,2080.0,2080.0,2080.0,2600.0,2600.0,2080.0,2080.0,2600.0,0.832,0.832,0.838,0.838,0.884,0.884,1.114,1.114,14.986,4451.0,14628.0,20.434,287.0,48.94
2026-07-08 02:36:30,54.0,68.000              ,714.973,469.0,1200.0,0.0,54.25,54.250              ,54.25,54.25,54.25,54.25,54.25,54.25,54.25,39.697,22.401,41.771,31.452,58.565,14.871,62.298,11.44,35.312,2120.0,2120.0,2120.0,2120.0,2120.0,2120.0,2650.0,2650.0,2650.0,0.774,0.774,0.886,0.894,0.917,0.918,1.034,1.034,15.235,4449.0,14627.0,19.107,288.0,52.34
2026-07-08 02:36:31,54.0,68.000              ,714.98,338.0,1200.0,0.0,54.25,54.250              ,54.25,54.25,54.25,54.25,54.25,54.25,54.25,33.993,16.92,45.096,25.763,51.118,12.677,52.563,13.63,31.47,2100.0,2100.0,2120.0,2120.0,2120.0,2120.0,2650.0,2650.0,2650.0,0.816,0.803,0.969,0.962,0.87,0.874,1.041,1.041,14.892,4448.0,14628.0,25.522,289.0,39.18
2026-07-08 02:36:32,54.0,68.000              ,714.91,387.0,1067.0,0.0,54.25,54.250              ,54.25,54.25,54.25,54.25,54.25,54.25,54.25,41.149,21.751,42.926,31.494,58.495,17.198,59.808,15.685,36.063,2160.0,2160.0,2160.0,2160.0,2700.0,2700.0,2160.0,2160.0,2700.0,0.842,0.856,0.909,0.909,1.071,1.066,1.017,1.017,15.101,4448.0,14628.0,23.947,290.0,41.76
2026-07-08 02:36:33,54.0,69.000              ,714.91,492.0,1200.0,0.0,54.25,54.250              ,54.25,54.25,54.25,54.25,54.25,54.25,54.25,39.469,19.105,47.613,24.139,45.544,13.287,57.824,11.846,32.353,2100.0,2100.0,2625.0,2600.0,2080.0,2080.0,2080.0,2080.0,2625.0,0.782,0.784,0.884,0.891,0.738,0.737,1.016,1.017,15.1,4447.0,14628.0,25.835,291.0,38.71
2026-07-08 02:36:34,54.0,71.000              ,714.922,326.0,1200.0,0.0,54.25,54.250              ,54.25,54.25,54.25,54.25,54.25,54.25,54.25,42.498,19.626,44.074,27.539,50.995,15.318,60.08,10.978,33.888,2080.0,2080.0,2080.0,2080.0,2080.0,2080.0,2600.0,2600.0,2600.0,0.852,0.85,0.907,0.885,0.857,0.857,1.065,1.077,14.969,4448.0,14628.0,21.441,292.0,46.64
2026-07-08 02:36:35,54.0,69.000              ,717.863,413.0,1067.0,0.0,54.25,54.250              ,54.25,54.25,54.25,54.25,54.25,54.25,54.25,35.974,22.665,46.596,28.279,58.791,13.977,59.231,11.413,34.616,2140.0,2140.0,2140.0,2140.0,2140.0,2140.0,2675.0,2675.0,2675.0,0.801,0.801,0.91,0.926,1.02,1.022,1.018,1.005,15.009,4449.0,14631.0,24.139,293.0,41.43
2026-07-08 02:36:36,54.0,69.000              ,720.117,461.0,1200.0,0.0,54.25,54.250              ,54.25,54.25,54.25,54.25,54.25,54.25,54.25,39.657,22.764,49.907,26.081,53.05,11.664,62.404,10.577,34.513,2120.0,2120.0,2650.0,2650.0,2120.0,2120.0,2650.0,2650.0,2650.0,0.833,0.833,0.939,0.937,0.824,0.822,1.061,1.064,15.108,4451.0,14633.0,21.647,294.0,46.2
2026-07-08 02:36:37,54.0,70.000              ,720.105,387.0,1067.0,0.0,54.25,54.250              ,54.25,54.25,54.25,54.25,54.25,54.25,54.25,34.844,21.873,45.428,26.661,54.23,15.242,54.819,10.511,32.951,2140.0,2140.0,2140.0,2140.0,2650.0,2650.0,2120.0,2120.0,2650.0,0.822,0.811,0.905,0.906,0.971,0.971,0.973,0.976,14.909,4454.0,14632.0,29.357,295.0,34.06
2026-07-08 02:36:38,54.0,70.000              ,723.125,200.0,1200.0,0.0,54.25,54.250              ,54.25,54.25,54.25,54.25,54.25,54.25,54.25,38.697,22.965,44.674,31.204,55.984,13.437,61.243,12.046,35.031,2140.0,2140.0,2140.0,2140.0,2675.0,2675.0,2140.0,2140.0,2675.0,0.816,0.829,0.981,0.98,0.954,0.954,1.041,1.035,15.152,4452.0,14638.0,23.746,296.0,42.11
2026-07-08 02:36:39,54.0,69.000              ,723.125,442.0,1200.0,0.0,54.25,54.250              ,54.25,54.25,54.25,54.25,54.25,54.25,54.25,32.279,15.905,38.622,37.192,49.147,11.32,40.25,9.141,29.232,2140.0,2140.0,2675.0,2700.0,2160.0,2160.0,2160.0,2160.0,2700.0,0.741,0.743,1.123,1.123,0.827,0.827,0.803,0.803,15.096,4455.0,14637.0,24.018,297.0,41.64
2026-07-08 02:36:40,54.0,70.000              ,724.496,352.0,1067.0,0.0,54.25,54.250              ,54.25,54.25,54.25,54.25,54.25,54.25,54.25,38.782,24.112,47.214,35.261,58.151,14.729,62.419,13.852,36.815,2120.0,2120.0,2650.0,2650.0,2120.0,2120.0,2120.0,2120.0,2650.0,0.805,0.802,0.984,0.984,0.947,0.947,0.959,0.959,14.929,4455.0,14641.0,23.721,298.0,42.16
2026-07-08 02:36:41,54.0,69.000              ,735.07,200.0,1200.0,0.0,54.25,54.250              ,54.25,54.25,54.25,54.25,54.25,54.25,54.25,38.93,20.254,42.97,31.634,51.436,14.208,52.543,17.15,33.641,2100.0,2100.0,2100.0,2100.0,2100.0,2100.0,2625.0,2625.0,2625.0,0.803,0.803,0.894,0.896,0.881,0.881,1.014,1.015,15.225,4460.0,14661.0,25.086,299.0,39.86
2026-07-08 02:36:42,54.0,68.000              ,735.445,500.0,1200.0,0.0,54.25,54.250              ,54.25,54.25,54.25,54.25,54.25,54.25,54.25,41.693,28.772,47.481,49.567,57.87,20.408,54.999,20.977,40.221,1940.0,1940.0,2425.0,2425.0,1940.0,1940.0,1940.0,1940.0,2425.0,0.746,0.746,1.022,1.022,0.83,0.83,0.829,0.828,15.209,4483.0,14660.0,26.286,300.0,38.04
2026-07-08 02:36:43,54.0,69.000              ,735.461,476.0,1200.0,0.0,54.25,54.250              ,54.25,54.25,54.25,54.25,54.25,54.25,54.25,41.63,27.162,50.888,54.149,56.698,21.022,55.215,17.55,40.539,1900.0,1900.0,2375.0,2350.0,1880.0,1880.0,1880.0,1880.0,2375.0,0.742,0.742,1.123,1.121,0.823,0.823,0.779,0.781,14.906,4488.0,14667.0,24.215,301.0,41.3
2026-07-08 02:36:44,54.0,70.000              ,730.953,428.0,1200.0,0.0,54.25,54.250              ,54.25,54.25,54.25,54.25,54.25,54.25,54.25,37.421,26.167,52.393,36.904,53.504,16.993,59.948,12.599,36.991,1760.0,1760.0,2200.0,2200.0,1760.0,1760.0,1760.0,1760.0,2200.0,0.733,0.733,0.972,0.972,0.781,0.781,0.899,0.897,14.803,4490.0,14667.0,19.383,302.0,51.59
2026-07-08 02:36:45,54.0,69.000              ,730.574,545.0,1200.0,0.0,54.125,54.125              ,54.125,54.125,54.125,54.125,54.125,54.125,54.125,50.478,38.162,60.938,49.951,53.76,31.227,54.483,27.881,45.86,2060.0,2060.0,2060.0,2060.0,2060.0,2060.0,2575.0,2575.0,2575.0,0.807,0.807,1.061,1.061,0.821,0.822,0.87,0.87,15.413,4503.0,14666.0,24.904,303.0,40.15
2026-07-08 02:36:46,54.0,67.000              ,727.27,508.0,1200.0,0.0,54.125,54.125              ,54.125,54.125,54.125,54.125,54.125,54.125,54.125,56.516,46.758,71.367,68.498,65.43,41.721,63.445,39.364,56.637,1840.0,1840.0,2300.0,2300.0,1840.0,1840.0,1840.0,1840.0,2300.0,0.74,0.74,1.049,1.049,0.803,0.802,0.777,0.778,15.013,4522.0,14613.0,25.354,304.0,39.44
2026-07-08 02:36:47,54.0,67.000              ,720.262,400.0,1067.0,0.0,54.0,54.000              ,54.0,54.0,54.0,54.0,54.0,54.0,54.0,36.977,24.594,55.703,25.93,52.712,15.028,59.217,10.609,35.096,1860.0,1860.0,2325.0,2325.0,1860.0,1860.0,2325.0,2325.0,2325.0,0.779,0.779,0.969,0.969,0.838,0.838,0.919,0.918,14.61,4522.0,14602.0,24.441,305.0,40.91
2026-07-08 02:36:48,54.0,69.000              ,720.27,381.0,1200.0,0.0,54.0,54.000              ,54.0,54.0,54.0,54.0,54.0,54.0,54.0,39.318,20.633,58.449,20.273,61.503,13.1,50.828,9.803,34.238,2140.0,2140.0,2140.0,2140.0,2140.0,2140.0,2675.0,2675.0,2675.0,0.818,0.818,1.0,1.001,1.019,1.019,0.84,0.84,15.086,4521.0,14600.0,31.631,306.0,31.61
2026-07-08 02:36:49,54.0,69.000              ,732.324,428.0,1200.0,0.0,54.0,54.000              ,54.0,54.0,54.0,54.0,54.0,54.0,54.0,41.253,20.61,44.213,47.793,46.298,16.033,50.088,15.228,35.19,2100.0,2100.0,2625.0,2625.0,2100.0,2100.0,2100.0,2100.0,2625.0,0.798,0.798,1.2,1.188,0.738,0.739,0.84,0.84,15.026,4524.0,14613.0,25.562,307.0,39.12
2026-07-08 02:36:50,54.0,69.000              ,724.027,393.0,1067.0,0.0,54.0,54.000              ,54.0,54.0,54.0,54.0,54.0,54.0,54.0,44.096,22.903,48.716,40.436,45.916,14.027,55.545,12.899,35.567,2040.0,2040.0,2550.0,2525.0,2020.0,2020.0,2020.0,2020.0,2550.0,0.838,0.838,1.163,1.175,0.767,0.767,0.904,0.904,15.078,4522.0,14606.0,20.915,308.0,47.81
2026-07-08 02:36:51,54.0,70.000              ,724.027,358.0,1200.0,0.0,54.0,54.000              ,54.0,54.0,54.0,54.0,54.0,54.0,54.0,46.35,24.48,52.503,23.591,43.839,13.052,59.489,10.357,34.208,2140.0,2140.0,2140.0,2140.0,2140.0,2140.0,2675.0,2675.0,2675.0,0.929,0.929,0.979,0.977,0.777,0.775,1.008,1.008,14.936,4522.0,14604.0,21.182,309.0,47.21
2026-07-08 02:36:52,54.0,69.000              ,724.027,484.0,1200.0,0.0,54.0,54.000              ,54.0,54.0,54.0,54.0,54.0,54.0,54.0,43.566,23.222,44.85,30.494,46.195,13.78,55.505,14.361,33.997,2140.0,2140.0,2140.0,2140.0,2140.0,2140.0,2675.0,2675.0,2675.0,0.897,0.897,0.939,0.939,0.807,0.807,1.065,1.065,15.189,4522.0,14606.0,24.297,310.0,41.16
2026-07-08 02:36:53,54.0,69.000              ,730.047,428.0,1200.0,0.0,54.0,54.000              ,54.0,54.0,54.0,54.0,54.0,54.0,54.0,38.07,22.948,57.766,24.212,50.904,17.258,55.087,19.524,35.721,2000.0,2000.0,2000.0,2000.0,2000.0,2000.0,2500.0,2500.0,2500.0,0.816,0.817,1.027,1.03,0.861,0.861,1.008,1.008,14.973,4528.0,14609.0,22.949,311.0,43.57
2026-07-08 02:36:54,54.0,70.000              ,730.047,200.0,1067.0,0.0,54.0,54.000              ,54.0,54.0,54.0,54.0,54.0,54.0,54.0,41.167,21.777,54.545,21.094,48.724,12.294,56.097,12.504,33.525,2100.0,2100.0,2625.0,2625.0,2100.0,2100.0,2100.0,2100.0,2625.0,0.859,0.857,1.005,1.002,0.833,0.833,1.026,1.03,14.957,4527.0,14609.0,22.276,312.0,44.89
2026-07-08 02:36:55,54.0,69.000              ,730.055,393.0,1200.0,0.0,54.0,54.000              ,54.0,54.0,54.0,54.0,54.0,54.0,54.0,39.255,22.322,46.804,28.81,52.517,13.85,51.999,12.19,33.469,2625.0,2675.0,2180.0,2180.0,2180.0,2180.0,2200.0,2200.0,2675.0,0.798,0.798,0.995,0.995,0.866,0.866,0.903,0.9,15.253,4527.0,14608.0,25.449,313.0,39.29
2026-07-08 02:36:56,54.0,68.000              ,730.043,450.0,1200.0,0.0,54.0,54.000              ,54.0,54.0,54.0,54.0,54.0,54.0,54.0,38.408,26.733,43.346,27.925,56.653,16.251,46.53,16.921,34.096,1940.0,1960.0,2450.0,2450.0,1940.0,1940.0,1940.0,1940.0,2450.0,0.731,0.731,0.825,0.827,0.905,0.905,0.79,0.79,14.944,4527.0,14608.0,26.328,314.0,37.98
2026-07-08 02:36:57,54.0,68.000              ,734.547,200.0,1200.0,0.0,54.0,54.000              ,54.0,54.0,54.0,54.0,54.0,54.0,54.0,40.615,27.861,52.869,37.587,50.362,16.617,54.837,15.707,37.057,2000.0,2000.0,2475.0,2475.0,1980.0,1980.0,1980.0,1980.0,2475.0,0.809,0.809,1.119,1.122,0.827,0.827,0.882,0.882,14.995,4538.0,14614.0,21.604,315.0,46.29
2026-07-08 02:36:58,54.0,68.000              ,734.297,406.0,1067.0,0.0,54.0,54.000              ,54.0,54.0,54.0,54.0,54.0,54.0,54.0,41.916,25.477,48.653,25.559,43.672,10.892,60.823,8.495,33.186,2060.0,2060.0,2575.0,2575.0,2060.0,2060.0,2040.0,2040.0,2575.0,0.909,0.909,1.008,1.003,0.778,0.778,1.019,1.019,14.884,4536.0,14615.0,23.889,316.0,41.86
2026-07-08 02:36:59,54.0,68.000              ,725.27,428.0,1067.0,0.0,54.0,54.000              ,54.0,54.0,54.0,54.0,54.0,54.0,54.0,35.042,26.122,41.764,30.493,48.686,18.677,50.109,14.376,33.159,2120.0,2100.0,2625.0,2650.0,2120.0,2120.0,2120.0,2120.0,2650.0,0.757,0.757,0.939,0.939,0.891,0.891,0.869,0.869,15.199,4535.0,14607.0,23.463,317.0,42.62
2026-07-08 02:37:00,54.0,69.000              ,725.289,426.0,1067.0,0.0,54.0,54.000              ,54.0,54.0,54.0,54.0,54.0,54.0,54.0,38.207,22.87,59.767,32.209,51.936,17.216,53.271,14.636,36.264,2100.0,2100.0,2625.0,2625.0,2100.0,2100.0,2100.0,2100.0,2625.0,0.805,0.805,1.156,1.161,0.88,0.88,0.887,0.887,15.089,4535.0,14609.0,22.027,318.0,45.4
2026-07-08 02:37:01,54.0,69.000              ,725.266,393.0,1200.0,0.0,54.0,54.000              ,54.0,54.0,54.0,54.0,54.0,54.0,54.0,34.979,24.647,70.613,26.787,53.067,13.047,46.174,15.139,35.556,2060.0,2060.0,2575.0,2575.0,2040.0,2040.0,2040.0,2040.0,2575.0,0.792,0.793,1.254,1.249,0.866,0.866,0.838,0.838,14.885,4535.0,14606.0,25.11,319.0,39.82
2026-07-08 02:37:02,54.0,71.000              ,725.273,364.0,1200.0,0.0,54.0,54.000              ,54.0,54.0,54.0,54.0,54.0,54.0,54.0,39.805,24.223,53.174,31.519,40.302,15.976,57.776,17.048,34.978,2120.0,2120.0,2650.0,2650.0,2120.0,2120.0,2120.0,2120.0,2650.0,0.853,0.852,1.114,1.114,0.802,0.802,1.014,1.017,15.142,4534.0,14598.0,21.954,320.0,45.55
2026-07-08 02:37:03,54.0,69.000              ,725.27,469.0,1200.0,0.0,54.0,54.000              ,54.0,54.0,54.0,54.0,54.0,54.0,54.0,39.199,25.131,38.651,35.182,44.443,16.805,53.518,14.244,33.396,2140.0,2140.0,2675.0,2650.0,2120.0,2120.0,2120.0,2120.0,2675.0,0.796,0.796,0.922,0.922,0.728,0.728,0.94,0.937,14.98,4533.0,14596.0,24.617,321.0,40.62
2026-07-08 02:37:04,54.0,68.000              ,725.273,200.0,1200.0,0.0,54.0,54.000              ,54.0,54.0,54.0,54.0,54.0,54.0,54.0,42.311,13.626,56.868,25.622,58.654,12.336,48.222,9.709,33.419,2100.0,2100.0,2625.0,2625.0,2100.0,2100.0,2100.0,2100.0,2625.0,0.837,0.837,1.1,1.1,0.958,0.958,0.859,0.859,14.919,4533.0,14596.0,23.83,322.0,41.96
2026-07-08 02:37:05,54.0,68.000              ,725.273,393.0,1067.0,0.0,54.0,54.000              ,54.0,54.0,54.0,54.0,54.0,54.0,54.0,36.136,21.777,48.871,24.078,58.076,15.718,56.207,13.332,34.274,2080.0,2080.0,2600.0,2600.0,2080.0,2080.0,2080.0,2080.0,2600.0,0.83,0.83,0.945,0.945,1.023,1.025,0.996,0.996,15.089,4531.0,14596.0,23.579,323.0,42.41
2026-07-08 02:37:06,54.0,69.000              ,725.273,200.0,1200.0,0.0,54.0,54.000              ,54.0,54.0,54.0,54.0,54.0,54.0,54.0,38.565,20.797,38.178,35.989,44.534,12.501,51.367,14.346,32.035,2100.0,2100.0,2625.0,2625.0,2100.0,2100.0,2100.0,2080.0,2625.0,0.818,0.818,0.997,0.983,0.786,0.785,0.943,0.943,14.999,4531.0,14596.0,25.937,324.0,38.55
2026-07-08 02:37:07,54.0,68.000              ,725.27,400.0,1200.0,0.0,54.0,54.000              ,54.0,54.0,54.0,54.0,54.0,54.0,54.0,42.484,18.021,44.022,32.707,55.582,16.388,59.46,14.12,35.348,2040.0,2040.0,2040.0,2040.0,2040.0,2040.0,2550.0,2550.0,2550.0,0.803,0.805,0.938,0.951,0.875,0.874,1.025,1.025,15.016,4533.0,14595.0,22.764,325.0,43.93
2026-07-08 02:37:08,54.0,68.000              ,725.27,400.0,1200.0,0.0,54.0,54.000              ,54.0,54.0,54.0,54.0,54.0,54.0,54.0,36.197,23.372,44.991,32.705,59.805,12.598,61.409,13.196,35.534,2100.0,2100.0,2100.0,2100.0,2100.0,2100.0,2625.0,2625.0,2625.0,0.791,0.79,0.927,0.927,0.941,0.941,1.02,1.02,15.174,4538.0,14595.0,24.054,326.0,41.57
2026-07-08 02:37:09,54.0,70.000              ,729.793,476.0,1200.0,0.0,54.0,54.000              ,54.0,54.0,54.0,54.0,54.0,54.0,54.0,50.198,33.692,55.892,49.516,61.623,27.409,66.949,29.047,46.791,2060.0,2060.0,2060.0,2060.0,2575.0,2575.0,2575.0,2575.0,2575.0,0.799,0.798,0.981,0.981,0.9,0.9,0.954,0.954,15.335,4551.0,14610.0,21.659,327.0,46.17
2026-07-08 02:37:10,54.0,71.000              ,730.047,200.0,1200.0,0.0,54.0,54.000              ,54.0,54.0,54.0,54.0,54.0,54.0,54.0,46.497,27.868,50.569,46.037,59.58,23.189,58.63,18.297,41.334,1716.667,1716.667,2060.0,2060.0,1716.667,1716.667,1700.0,1700.0,2060.0,0.704,0.704,0.928,0.928,0.75,0.75,0.759,0.761,14.659,4563.0,14616.0,21.107,328.0,47.38
2026-07-08 02:37:11,54.0,70.000              ,732.355,370.0,1200.0,0.0,54.0,54.000              ,54.0,54.0,54.0,54.0,54.0,54.0,54.0,39.708,22.232,39.43,29.842,53.625,16.22,57.959,16.129,34.393,2140.0,2140.0,2140.0,2140.0,2675.0,2675.0,2140.0,2140.0,2675.0,0.843,0.843,0.859,0.859,0.946,0.931,1.021,1.019,14.889,4570.0,14617.0,24.774,329.0,40.36
2026-07-08 02:37:12,54.0,68.000              ,732.367,492.0,1200.0,0.0,54.0,54.000              ,54.0,54.0,54.0,54.0,54.0,54.0,54.0,55.582,33.856,69.166,61.826,63.592,28.114,65.77,26.322,50.528,2650.0,2650.0,2160.0,2160.0,2700.0,2700.0,2160.0,2160.0,2700.0,0.778,0.778,1.167,1.15,0.828,0.841,0.865,0.865,15.369,4582.0,14618.0,26.276,330.0,38.06
2026-07-08 02:37:13,54.0,69.000              ,726.348,200.0,1200.0,0.0,54.0,54.000              ,54.0,54.0,54.0,54.0,54.0,54.0,54.0,43.683,21.387,47.57,32.82,54.341,17.41,61.241,14.74,36.649,1880.0,1880.0,2350.0,2350.0,1880.0,1880.0,1880.0,1880.0,2350.0,0.751,0.753,0.861,0.873,0.81,0.81,0.945,0.945,14.824,4581.0,14607.0,23.9,331.0,41.84
2026-07-08 02:37:14,54.0,69.000              ,726.344,406.0,1200.0,0.0,54.0,54.000              ,54.0,54.0,54.0,54.0,54.0,54.0,54.0,39.861,24.0,50.192,26.823,53.615,14.684,56.213,9.382,34.346,2080.0,2080.0,2080.0,2080.0,2600.0,2600.0,2040.0,2040.0,2600.0,0.816,0.814,0.969,0.969,0.894,0.894,0.904,0.904,14.871,4581.0,14606.0,19.441,332.0,51.44
2026-07-08 02:37:15,54.0,69.000              ,726.273,545.0,1200.0,0.0,54.0,54.000              ,54.0,54.0,54.0,54.0,54.0,54.0,54.0,43.402,28.941,54.149,36.417,59.434,20.852,58.752,19.363,40.164,2160.0,2160.0,2160.0,2160.0,2160.0,2160.0,2700.0,2725.0,2725.0,0.798,0.798,0.999,0.999,0.945,0.945,0.935,0.935,15.442,4582.0,14611.0,20.485,333.0,48.82
2026-07-08 02:37:16,54.0,69.000              ,726.523,200.0,1067.0,0.0,54.0,54.000              ,54.0,54.0,54.0,54.0,54.0,54.0,54.0,42.148,26.248,46.995,36.206,58.538,17.707,56.37,16.488,37.587,1920.0,1920.0,2400.0,2400.0,1920.0,1920.0,2400.0,2400.0,2400.0,0.783,0.783,0.948,0.95,0.889,0.889,0.838,0.838,14.723,4579.0,14598.0,30.444,334.0,32.85
2026-07-08 02:37:17,54.0,68.000              ,726.523,508.0,1200.0,0.0,54.0,54.000              ,54.0,54.0,54.0,54.0,54.0,54.0,54.0,35.884,21.63,42.272,24.878,49.852,11.279,44.171,12.944,30.364,2000.0,2000.0,2500.0,2500.0,2500.0,2500.0,2500.0,2500.0,2500.0,0.729,0.729,0.873,0.871,0.819,0.819,0.799,0.799,15.083,4580.0,14597.0,26.82,335.0,37.29
2026-07-08 02:37:18,54.0,68.000              ,726.52,338.0,1200.0,0.0,54.0,54.000              ,54.0,54.0,54.0,54.0,54.0,54.0,54.0,42.219,20.929,45.432,27.555,57.224,14.381,54.627,11.578,34.243,2080.0,2100.0,2100.0,2100.0,2625.0,2625.0,2100.0,2100.0,2625.0,0.86,0.86,0.921,0.921,1.003,1.003,0.923,0.923,14.923,4580.0,14596.0,22.251,336.0,44.94
2026-07-08 02:37:19,54.0,68.000              ,714.48,387.0,1067.0,0.0,54.0,54.000              ,54.0,54.0,54.0,54.0,54.0,54.0,54.0,36.536,23.161,46.496,27.076,56.131,13.681,54.786,8.926,33.349,2160.0,2160.0,2700.0,2700.0,2160.0,2160.0,2160.0,2160.0,2700.0,0.785,0.787,0.914,0.914,0.95,0.95,0.9,0.902,15.255,4578.0,14585.0,26.808,337.0,37.3
2026-07-08 02:37:20,54.0,67.000              ,714.105,413.0,1200.0,0.0,54.0,54.000              ,54.0,54.0,54.0,54.0,54.0,54.0,54.0,41.653,23.594,44.678,27.738,54.889,15.209,57.294,14.262,34.915,2040.0,2040.0,2040.0,2040.0,2550.0,2550.0,2040.0,2040.0,2550.0,0.836,0.836,0.863,0.863,0.949,0.949,0.997,0.996,14.909,4577.0,14586.0,24.713,338.0,40.46
2026-07-08 02:37:21,54.0,69.000              ,714.105,428.0,1067.0,0.0,54.0,54.000              ,54.0,54.0,54.0,54.0,54.0,54.0,54.0,33.53,20.226,29.771,42.323,42.646,14.375,42.568,10.466,29.488,2140.0,2140.0,2140.0,2140.0,2675.0,2675.0,2140.0,2140.0,2675.0,0.835,0.826,1.134,1.134,0.805,0.805,0.806,0.806,14.911,4577.0,14585.0,25.783,339.0,38.79
2026-07-08 02:37:22,54.0,71.000              ,714.551,350.0,1200.0,0.0,54.0,54.000              ,54.0,54.0,54.0,54.0,54.0,54.0,54.0,40.182,18.989,39.211,34.304,60.285,11.571,58.616,10.015,34.147,2100.0,2100.0,2625.0,2625.0,2100.0,2100.0,2100.0,2100.0,2625.0,0.767,0.774,0.943,0.943,0.898,0.898,0.938,0.938,15.233,4577.0,14573.0,24.68,340.0,40.52
2026-07-08 02:37:23,54.0,69.000              ,714.551,350.0,1200.0,0.0,54.0,54.000              ,54.0,54.0,54.0,54.0,54.0,54.0,54.0,35.264,21.085,43.763,28.748,48.96,12.375,56.88,9.013,32.011,2180.0,2180.0,2180.0,2180.0,2180.0,2180.0,2725.0,2725.0,2725.0,0.851,0.851,1.018,1.018,0.864,0.864,1.018,1.018,14.875,4577.0,14573.0,29.014,341.0,34.47
2026-07-08 02:37:24,54.0,67.000              ,713.055,406.0,1067.0,0.0,54.0,54.000              ,54.0,54.0,54.0,54.0,54.0,54.0,54.0,40.308,20.413,58.905,23.429,44.809,16.932,56.2,14.077,34.384,2200.0,2200.0,2750.0,2750.0,2200.0,2200.0,2220.0,2220.0,2750.0,0.88,0.88,1.126,1.128,0.832,0.832,1.024,1.024,15.048,4578.0,14572.0,20.169,342.0,49.58
2026-07-08 02:37:25,54.0,68.000              ,705.512,393.0,1200.0,0.0,54.0,54.000              ,54.0,54.0,54.0,54.0,54.0,54.0,54.0,37.06,21.656,52.897,26.132,49.588,14.045,44.505,11.675,32.195,2160.0,2160.0,2700.0,2700.0,2160.0,2160.0,2160.0,2160.0,2700.0,0.818,0.818,1.111,1.109,0.862,0.862,0.847,0.847,15.168,4576.0,14566.0,23.121,343.0,43.25
2026-07-08 02:37:26,54.0,70.000              ,705.449,333.0,1200.0,0.0,54.0,54.000              ,54.0,54.0,54.0,54.0,54.0,54.0,54.0,54.092,18.083,40.341,23.424,42.611,13.954,45.272,16.402,31.773,2625.0,2625.0,2140.0,2140.0,2675.0,2675.0,2140.0,2140.0,2675.0,1.082,1.082,0.851,0.851,0.847,0.847,0.909,0.909,14.911,4575.0,14567.0,22.77,344.0,43.92
2026-07-08 02:37:27,54.0,69.000              ,705.512,375.0,1200.0,0.0,54.0,54.000              ,54.0,54.0,54.0,54.0,54.0,54.0,54.0,44.362,25.845,44.785,30.074,54.236,17.292,40.867,23.309,35.096,2120.0,2120.0,2650.0,2650.0,2120.0,2120.0,2120.0,2120.0,2650.0,0.956,0.956,0.926,0.926,1.002,1.002,0.912,0.912,14.973,4575.0,14565.0,20.134,345.0,49.67
2026-07-08 02:37:28,54.0,68.000              ,705.516,200.0,1067.0,0.0,54.0,54.000              ,54.0,54.0,54.0,54.0,54.0,54.0,54.0,40.205,23.294,42.409,29.444,66.529,12.623,38.657,17.866,33.878,2180.0,2180.0,2180.0,2180.0,2725.0,2725.0,2180.0,2180.0,2725.0,0.874,0.874,0.889,0.889,1.191,1.191,0.845,0.851,15.016,4574.0,14556.0,18.968,346.0,52.72
2026-07-08 02:37:29,54.0,69.000              ,717.305,428.0,1200.0,0.0,54.0,54.000              ,54.0,54.0,54.0,54.0,54.0,54.0,54.0,41.317,29.802,52.206,28.513,57.128,14.973,51.464,17.948,36.669,2080.0,2060.0,2575.0,2525.0,2020.0,2020.0,2020.0,2020.0,2575.0,0.843,0.843,0.964,0.964,0.898,0.898,0.936,0.93,15.282,4579.0,14580.0,31.446,347.0,31.8
2026-07-08 02:37:30,54.0,70.000              ,721.078,200.0,1200.0,0.0,54.0,54.000              ,54.0,54.0,54.0,54.0,54.0,54.0,54.0,35.279,22.01,36.27,56.463,41.443,16.695,45.122,17.457,33.842,2020.0,2020.0,2020.0,2550.0,2040.0,2040.0,2550.0,2550.0,2550.0,0.76,0.76,1.251,1.253,0.736,0.736,0.828,0.828,14.873,4584.0,14589.0,22.254,348.0,44.94
2026-07-08 02:37:31,54.0,69.000              ,721.074,381.0,1067.0,0.0,54.0,54.000              ,54.0,54.0,54.0,54.0,54.0,54.0,54.0,36.282,18.547,61.168,27.971,48.921,13.528,47.904,20.631,34.369,2100.0,2100.0,2600.0,2600.0,2080.0,2080.0,2080.0,2080.0,2600.0,0.795,0.795,1.206,1.203,0.816,0.818,0.936,0.936,15.078,4584.0,14589.0,23.898,349.0,41.84
2026-07-08 02:37:32,54.0,68.000              ,725.574,450.0,1067.0,0.0,54.0,54.000              ,54.0,54.0,54.0,54.0,54.0,54.0,54.0,34.766,25.855,42.154,38.763,48.977,11.696,45.64,15.419,32.909,2080.0,2080.0,2600.0,2600.0,2080.0,2080.0,2080.0,2080.0,2600.0,0.768,0.768,1.082,1.082,0.759,0.757,0.834,0.839,15.179,4586.0,14594.0,25.91,350.0,38.6
2026-07-08 02:37:33,53.0,69.000              ,725.578,413.0,1067.0,0.0,53.875,53.875              ,53.875,53.875,53.875,53.875,53.875,53.875,53.875,35.382,22.006,56.977,25.386,54.591,13.509,41.558,15.034,33.055,2020.0,2020.0,2525.0,2550.0,2040.0,2040.0,2040.0,2040.0,2550.0,0.817,0.819,1.072,1.072,0.962,0.946,0.829,0.827,14.712,4584.0,14594.0,19.817,351.0,50.46
2026-07-08 02:37:34,53.0,70.000              ,725.578,420.0,1067.0,0.0,53.875,53.875              ,53.875,53.875,53.875,53.875,53.875,53.875,53.875,33.875,19.335,43.048,24.057,42.903,11.984,45.342,12.258,29.1,2160.0,2160.0,2700.0,2700.0,2160.0,2160.0,2160.0,2160.0,2700.0,0.788,0.787,1.013,1.013,0.778,0.792,0.915,0.912,15.04,4584.0,14594.0,25.761,352.0,38.82
2026-07-08 02:37:35,53.0,69.000              ,725.211,387.0,1067.0,0.0,53.875,53.875              ,53.875,53.875,53.875,53.875,53.875,53.875,53.875,44.092,19.622,48.543,27.279,58.462,14.826,38.966,12.977,33.096,2160.0,2160.0,2700.0,2700.0,2160.0,2160.0,2160.0,2160.0,2700.0,0.9,0.9,1.042,1.043,1.051,1.049,0.825,0.825,15.215,4584.0,14594.0,22.675,353.0,44.1
2026-07-08 02:37:36,53.0,69.000              ,738.793,413.0,1200.0,0.0,53.875,53.875              ,53.875,53.875,53.875,53.875,53.875,53.875,53.875,45.286,25.567,48.804,33.851,60.43,17.098,44.023,15.49,36.319,2160.0,2160.0,2160.0,2160.0,2675.0,2675.0,2140.0,2140.0,2675.0,0.863,0.863,0.97,0.97,1.025,1.025,0.811,0.811,14.986,4587.0,14617.0,25.174,354.0,39.72
2026-07-08 02:37:37,53.0,70.000              ,741.418,476.0,1200.0,0.0,53.75,53.750              ,53.75,53.75,53.75,53.75,53.75,53.75,53.75,42.565,24.574,54.091,25.98,52.592,15.226,43.568,17.09,34.461,2080.0,2080.0,2600.0,2600.0,2080.0,2080.0,2080.0,2080.0,2600.0,0.84,0.842,1.022,1.02,0.87,0.87,0.854,0.861,15.174,4592.0,14620.0,19.454,355.0,51.4
2026-07-08 02:37:38,53.0,70.000              ,741.039,200.0,1200.0,0.0,53.75,53.750              ,53.75,53.75,53.75,53.75,53.75,53.75,53.75,34.897,20.336,44.351,29.331,52.967,13.117,44.277,16.83,32.013,2140.0,2140.0,2675.0,2675.0,2140.0,2140.0,2120.0,2120.0,2675.0,0.772,0.77,1.01,1.01,0.9,0.9,0.836,0.828,14.866,4592.0,14620.0,25.749,356.0,38.84
2026-07-08 02:37:39,53.0,69.000              ,741.035,420.0,1067.0,0.0,53.75,53.750              ,53.75,53.75,53.75,53.75,53.75,53.75,53.75,33.608,19.889,40.596,25.622,59.036,9.445,62.29,13.593,33.01,2160.0,2160.0,2160.0,2160.0,2700.0,2700.0,2160.0,2160.0,2700.0,0.791,0.795,0.848,0.852,0.99,0.99,1.125,1.125,15.119,4595.0,14620.0,24.147,357.0,41.41
2026-07-08 02:37:40,53.0,69.000              ,741.035,484.0,1067.0,0.0,53.75,53.750              ,53.75,53.75,53.75,53.75,53.75,53.75,53.75,34.456,22.535,44.177,32.033,53.309,10.288,44.788,10.74,31.541,2180.0,2180.0,2725.0,2725.0,2160.0,2160.0,2700.0,2700.0,2725.0,0.774,0.77,0.978,0.974,0.903,0.903,0.803,0.803,14.954,4594.0,14619.0,27.334,358.0,36.58
2026-07-08 02:37:41,53.0,70.000              ,735.023,406.0,1067.0,0.0,53.75,53.750              ,53.75,53.75,53.75,53.75,53.75,53.75,53.75,39.481,21.587,49.392,24.063,51.469,8.705,59.746,11.766,33.276,2180.0,2180.0,2180.0,2180.0,2180.0,2180.0,2750.0,2775.0,2775.0,0.881,0.881,0.994,0.994,0.911,0.911,1.076,1.076,14.996,4592.0,14614.0,22.868,359.0,43.73
2026-07-08 02:37:42,53.0,70.000              ,735.027,413.0,1200.0,0.0,53.75,53.750              ,53.75,53.75,53.75,53.75,53.75,53.75,53.75,46.633,19.717,49.031,31.469,46.242,11.214,64.086,16.114,35.563,2120.0,2120.0,2120.0,2120.0,2120.0,2120.0,2650.0,2650.0,2650.0,0.858,0.846,0.949,0.949,0.773,0.773,1.096,1.096,15.126,4592.0,14611.0,21.022,360.0,47.57
2026-07-08 02:37:43,53.0,70.000              ,738.027,393.0,1200.0,0.0,53.75,53.750              ,53.75,53.75,53.75,53.75,53.75,53.75,53.75,41.074,26.131,49.78,28.426,49.516,12.684,62.71,13.938,35.532,2040.0,2040.0,2550.0,2550.0,2040.0,2040.0,2040.0,2040.0,2550.0,0.848,0.859,0.948,0.948,0.789,0.789,1.025,1.025,15.008,4593.0,14615.0,26.705,361.0,37.45
2026-07-08 02:37:44,53.0,70.000              ,724.984,200.0,1200.0,0.0,53.75,53.750              ,53.75,53.75,53.75,53.75,53.75,53.75,53.75,36.823,24.849,38.684,29.019,43.469,12.43,49.253,16.706,31.404,2200.0,2200.0,2200.0,2200.0,2200.0,2200.0,2750.0,2750.0,2750.0,0.834,0.834,0.857,0.857,0.743,0.743,0.975,0.975,15.005,4590.0,14604.0,24.974,362.0,40.04
2026-07-08 02:37:45,53.0,69.000              ,716.73,370.0,1200.0,0.0,53.75,53.750              ,53.75,53.75,53.75,53.75,53.75,53.75,53.75,52.001,19.404,51.32,25.278,41.388,11.799,53.691,11.966,33.356,2675.0,2675.0,2140.0,2140.0,2140.0,2140.0,2140.0,2140.0,2675.0,0.998,0.998,0.985,0.985,0.733,0.733,0.952,0.952,15.068,4589.0,14601.0,21.886,363.0,45.69
2026-07-08 02:37:46,53.0,68.000              ,716.73,364.0,1200.0,0.0,53.75,53.750              ,53.75,53.75,53.75,53.75,53.75,53.75,53.75,41.595,24.782,52.77,24.536,48.828,9.296,60.294,9.776,33.985,2060.0,2060.0,2575.0,2575.0,2060.0,2060.0,2060.0,2060.0,2575.0,0.832,0.832,0.988,0.988,0.781,0.773,0.977,0.977,14.998,4589.0,14595.0,20.968,364.0,47.69
2026-07-08 02:37:47,53.0,67.000              ,716.855,476.0,1200.0,0.0,53.75,53.750              ,53.75,53.75,53.75,53.75,53.75,53.75,53.75,36.092,28.018,59.753,25.166,46.971,11.523,59.254,11.282,34.757,2100.0,2100.0,2625.0,2625.0,2100.0,2100.0,2100.0,2100.0,2625.0,0.765,0.765,0.988,0.988,0.707,0.714,0.941,0.941,15.266,4588.0,14581.0,19.085,365.0,52.4
2026-07-08 02:37:48,53.0,69.000              ,716.871,393.0,1067.0,0.0,53.75,53.750              ,53.75,53.75,53.75,53.75,53.75,53.75,53.75,30.325,23.707,56.498,25.353,41.082,9.129,43.296,11.782,30.146,2020.0,2020.0,2525.0,2500.0,2000.0,2000.0,2000.0,2000.0,2525.0,0.787,0.787,1.108,1.108,0.748,0.748,0.847,0.849,14.67,4588.0,14579.0,29.29,366.0,34.14
2026-07-08 02:37:49,53.0,71.000              ,716.867,387.0,1200.0,0.0,53.75,53.750              ,53.75,53.75,53.75,53.75,53.75,53.75,53.75,37.693,24.806,65.636,23.314,44.915,12.065,46.518,18.109,34.132,2220.0,2220.0,2775.0,2775.0,2220.0,2220.0,2220.0,2220.0,2775.0,0.878,0.878,1.257,1.258,0.814,0.814,0.917,0.915,15.269,4588.0,14579.0,25.398,367.0,39.37
2026-07-08 02:37:50,53.0,70.000              ,716.867,450.0,1067.0,0.0,53.75,53.750              ,53.75,53.75,53.75,53.75,53.75,53.75,53.75,37.795,20.585,44.299,28.21,48.219,10.452,52.81,10.653,31.628,2120.0,2120.0,2650.0,2650.0,2120.0,2120.0,2120.0,2100.0,2650.0,0.791,0.791,0.959,0.958,0.77,0.77,0.928,0.927,14.854,4589.0,14578.0,26.413,368.0,37.86
2026-07-08 02:37:51,53.0,70.000              ,717.234,435.0,1067.0,0.0,53.75,53.750              ,53.75,53.75,53.75,53.75,53.75,53.75,53.75,32.344,19.467,45.691,24.807,43.937,7.483,44.965,12.586,28.91,2180.0,2200.0,2750.0,2750.0,2200.0,2200.0,2750.0,2800.0,2800.0,0.847,0.848,1.071,1.071,0.78,0.78,0.932,0.933,14.953,4589.0,14578.0,27.153,369.0,36.83
2026-07-08 02:37:52,53.0,70.000              ,717.227,387.0,1200.0,0.0,53.75,53.750              ,53.75,53.75,53.75,53.75,53.75,53.75,53.75,45.907,21.939,53.559,24.324,53.106,12.207,46.664,10.803,33.564,2180.0,2180.0,2725.0,2725.0,2180.0,2180.0,2180.0,2180.0,2725.0,0.92,0.92,1.07,1.07,0.884,0.884,0.915,0.9,15.134,4589.0,14577.0,22.312,370.0,44.82
2026-07-08 02:37:53,53.0,70.000              ,723.254,375.0,1200.0,0.0,53.75,53.750              ,53.75,53.75,53.75,53.75,53.75,53.75,53.75,38.664,23.276,55.998,25.117,49.548,9.922,67.483,9.253,34.908,2040.0,2040.0,2550.0,2550.0,2000.0,2000.0,2000.0,2000.0,2550.0,0.784,0.783,0.999,0.999,0.776,0.776,1.014,1.03,15.16,4590.0,14589.0,23.044,371.0,43.4
2026-07-08 02:37:54,53.0,69.000              ,723.258,457.0,1200.0,0.0,53.75,53.750              ,53.75,53.75,53.75,53.75,53.75,53.75,53.75,36.349,26.908,58.166,23.364,48.622,12.096,60.162,10.592,34.532,2100.0,2100.0,2100.0,2100.0,2100.0,2100.0,2625.0,2625.0,2625.0,0.828,0.828,1.073,1.073,0.797,0.797,0.994,0.997,15.18,4592.0,14592.0,19.925,372.0,50.19
2026-07-08 02:37:55,53.0,69.000              ,717.234,200.0,1200.0,0.0,53.75,53.750              ,53.75,53.75,53.75,53.75,53.75,53.75,53.75,35.181,23.244,64.322,24.032,47.021,11.234,46.222,11.275,32.816,2100.0,2100.0,2625.0,2650.0,2120.0,2120.0,2120.0,2120.0,2650.0,0.849,0.849,1.186,1.186,0.836,0.836,0.849,0.846,14.946,4591.0,14584.0,30.452,373.0,32.84
2026-07-08 02:37:56,53.0,69.000              ,716.859,200.0,1200.0,0.0,53.75,53.750              ,53.75,53.75,53.75,53.75,53.75,53.75,53.75,32.208,20.697,49.198,14.577,56.223,7.797,42.725,6.403,28.729,2140.0,2140.0,2675.0,2675.0,2140.0,2140.0,2160.0,2160.0,2675.0,0.768,0.768,0.903,0.903,0.99,0.99,0.774,0.775,14.908,4591.0,14582.0,26.5,374.0,37.74
2026-07-08 02:37:57,53.0,67.000              ,712.359,428.0,1200.0,0.0,53.75,53.750              ,53.75,53.75,53.75,53.75,53.75,53.75,53.75,34.619,18.657,44.588,22.832,48.984,8.412,44.63,8.617,28.917,2060.0,2060.0,2060.0,2060.0,2575.0,2575.0,2060.0,2060.0,2575.0,0.811,0.811,1.0,1.0,0.909,0.909,0.858,0.857,14.815,4590.0,14577.0,17.687,375.0,56.54
2026-07-08 02:37:58,53.0,68.000              ,712.23,352.0,1200.0,0.0,53.75,53.750              ,53.75,53.75,53.75,53.75,53.75,53.75,53.75,45.464,24.812,45.679,30.066,46.324,12.768,53.569,11.873,33.819,2220.0,2200.0,2750.0,2750.0,2200.0,2200.0,2200.0,2200.0,2750.0,0.95,0.95,1.054,1.054,0.822,0.822,0.954,0.954,15.341,4590.0,14571.0,22.573,376.0,44.3
2026-07-08 02:37:59,53.0,69.000              ,712.242,200.0,1067.0,0.0,53.75,53.750              ,53.75,53.75,53.75,53.75,53.75,53.75,53.75,42.954,26.975,53.117,26.789,46.033,10.939,56.462,13.777,34.631,2100.0,2100.0,2625.0,2625.0,2100.0,2100.0,2100.0,2100.0,2625.0,0.896,0.896,1.045,1.045,0.768,0.768,0.969,0.969,14.918,4590.0,14570.0,21.306,377.0,46.94
2026-07-08 02:38:00,53.0,68.000              ,714.551,435.0,1200.0,0.0,53.75,53.750              ,53.75,53.75,53.75,53.75,53.75,53.75,53.75,43.436,25.805,50.081,35.477,52.544,14.51,57.773,18.362,37.248,2060.0,2060.0,2040.0,2040.0,2040.0,2040.0,2575.0,2575.0,2575.0,0.823,0.823,1.022,1.023,0.789,0.789,0.981,0.981,15.288,4589.0,14568.0,23.266,378.0,42.98
2026-07-08 02:38:01,53.0,69.000              ,720.57,457.0,1067.0,0.0,53.75,53.750              ,53.75,53.75,53.75,53.75,53.75,53.75,53.75,40.33,24.798,57.058,33.245,48.744,12.76,56.955,13.651,35.943,2000.0,2000.0,2500.0,2500.0,2000.0,2000.0,1980.0,1980.0,2500.0,0.784,0.784,1.085,1.075,0.753,0.753,0.897,0.897,14.811,4588.0,14578.0,24.521,379.0,40.78
2026-07-08 02:38:02,53.0,70.000              ,720.566,469.0,1200.0,0.0,53.75,53.750              ,53.75,53.75,53.75,53.75,53.75,53.75,53.75,32.55,27.937,42.447,41.585,43.112,9.23,45.342,12.623,31.853,1980.0,2000.0,2500.0,2500.0,1980.0,1980.0,1980.0,1980.0,2500.0,0.734,0.734,1.073,1.081,0.675,0.675,0.795,0.802,15.101,4589.0,14577.0,24.55,380.0,40.73
2026-07-08 02:38:03,53.0,70.000              ,714.555,364.0,1067.0,0.0,53.75,53.750              ,53.75,53.75,53.75,53.75,53.75,53.75,53.75,32.637,25.814,67.417,20.296,41.937,10.818,48.144,15.407,32.809,2100.0,2100.0,2625.0,2625.0,2100.0,2100.0,2100.0,2100.0,2625.0,0.826,0.826,1.231,1.231,0.783,0.783,0.929,0.922,14.921,4594.0,14572.0,22.417,381.0,44.61
2026-07-08 02:38:04,53.0,70.000              ,708.531,370.0,1200.0,0.0,53.75,53.750              ,53.75,53.75,53.75,53.75,53.75,53.75,53.75,37.925,18.547,50.351,28.165,59.421,13.478,49.615,12.178,33.71,2120.0,2120.0,2650.0,2650.0,2120.0,2120.0,2120.0,2120.0,2650.0,0.848,0.848,0.973,0.973,1.071,1.071,0.87,0.882,15.081,4593.0,14568.0,21.774,382.0,45.93
2026-07-08 02:38:05,53.0,69.000              ,708.523,381.0,1200.0,0.0,53.75,53.750              ,53.75,53.75,53.75,53.75,53.75,53.75,53.75,45.618,17.978,53.108,23.603,57.7,10.791,53.096,11.858,34.219,2160.0,2160.0,2160.0,2160.0,2700.0,2700.0,2160.0,2140.0,2700.0,0.899,0.899,0.975,0.98,0.957,0.957,0.913,0.9,15.059,4592.0,14568.0,30.552,383.0,32.73
2026-07-08 02:38:06,53.0,69.000              ,708.523,375.0,1067.0,0.0,53.75,53.750              ,53.75,53.75,53.75,53.75,53.75,53.75,53.75,44.288,18.472,47.163,26.104,64.605,7.331,48.607,8.354,33.115,2100.0,2100.0,2100.0,2100.0,2600.0,2600.0,2080.0,2080.0,2600.0,0.875,0.875,0.934,0.929,1.022,1.022,0.859,0.859,15.088,4592.0,14567.0,24.386,384.0,41.01
2026-07-08 02:38:07,53.0,70.000              ,708.523,428.0,1200.0,0.0,53.75,53.750              ,53.75,53.75,53.75,53.75,53.75,53.75,53.75,40.017,23.952,46.004,20.665,63.158,11.049,47.37,8.825,32.63,2180.0,2180.0,2180.0,2180.0,2725.0,2725.0,2180.0,2180.0,2725.0,0.91,0.91,0.848,0.848,1.127,1.127,0.884,0.887,14.913,4592.0,14561.0,22.729,385.0,44.0
2026-07-08 02:38:08,53.0,71.000              ,708.523,370.0,1200.0,0.0,53.75,53.750              ,53.75,53.75,53.75,53.75,53.75,53.75,53.75,36.488,25.543,42.84,36.872,41.652,9.595,43.148,16.017,31.519,2120.0,2120.0,2650.0,2650.0,2120.0,2120.0,2120.0,2120.0,2650.0,0.886,0.886,1.165,1.168,0.788,0.788,0.883,0.882,14.986,4593.0,14563.0,24.697,386.0,40.49
2026-07-08 02:38:09,53.0,70.000              ,708.523,370.0,1200.0,0.0,53.75,53.750              ,53.75,53.75,53.75,53.75,53.75,53.75,53.75,37.077,20.866,66.432,19.603,48.773,10.837,54.439,12.97,33.875,2120.0,2120.0,2650.0,2650.0,2120.0,2120.0,2140.0,2140.0,2650.0,0.826,0.826,1.205,1.203,0.829,0.829,0.967,0.964,15.067,4592.0,14559.0,26.538,387.0,37.68
2026-07-08 02:38:10,53.0,69.000              ,708.527,461.0,1200.0,0.0,53.75,53.750              ,53.75,53.75,53.75,53.75,53.75,53.75,53.75,39.094,25.237,61.123,24.644,42.448,11.432,60.593,12.894,34.683,2180.0,2180.0,2725.0,2725.0,2180.0,2180.0,2180.0,2180.0,2725.0,0.85,0.85,1.146,1.145,0.742,0.742,1.026,1.026,15.078,4592.0,14553.0,19.26,388.0,51.92
2026-07-08 02:38:11,53.0,69.000              ,709.523,476.0,1067.0,0.0,53.75,53.750              ,53.75,53.75,53.75,53.75,53.75,53.75,53.75,33.707,21.536,51.926,20.584,50.148,12.278,57.173,14.258,32.701,2160.0,2160.0,2700.0,2700.0,2160.0,2160.0,2160.0,2160.0,2700.0,0.805,0.807,1.001,1.001,0.89,0.89,1.095,1.081,14.914,4592.0,14554.0,21.591,389.0,46.32
2026-07-08 02:38:12,53.0,70.000              ,709.16,200.0,1200.0,0.0,53.75,53.750              ,53.75,53.75,53.75,53.75,53.75,53.75,53.75,41.345,21.039,57.456,27.38,48.076,11.146,48.49,11.708,33.33,2160.0,2160.0,2725.0,2725.0,2180.0,2180.0,2180.0,2180.0,2725.0,0.851,0.849,1.181,1.181,0.83,0.83,0.875,0.885,15.012,4592.0,14554.0,25.511,390.0,39.2
2026-07-08 02:38:13,53.0,69.000              ,709.281,413.0,1067.0,0.0,53.75,53.750              ,53.75,53.75,53.75,53.75,53.75,53.75,53.75,40.658,27.188,49.314,32.692,43.027,18.578,57.175,15.527,35.52,2160.0,2160.0,2700.0,2675.0,2140.0,2140.0,2140.0,2140.0,2700.0,0.856,0.859,1.038,1.038,0.822,0.822,1.019,1.026,15.183,4591.0,14557.0,26.35,391.0,37.95
2026-07-08 02:38:14,53.0,69.000              ,709.277,200.0,1200.0,0.0,53.75,53.750              ,53.75,53.75,53.75,53.75,53.75,53.75,53.75,37.937,22.805,39.761,29.802,40.483,12.408,46.64,16.103,30.742,2120.0,2120.0,2650.0,2650.0,2100.0,2100.0,2675.0,2675.0,2675.0,0.801,0.798,0.955,0.955,0.706,0.706,0.938,0.931,14.966,4597.0,14554.0,23.601,392.0,42.37
2026-07-08 02:38:15,53.0,69.000              ,700.605,200.0,1200.0,0.0,53.75,53.750              ,53.75,53.75,53.75,53.75,53.75,53.75,53.75,39.176,20.686,53.097,28.812,48.867,12.417,59.792,9.062,33.989,2060.0,2060.0,2575.0,2575.0,2060.0,2060.0,2060.0,2060.0,2575.0,0.803,0.803,1.036,1.038,0.795,0.795,0.926,0.926,15.138,4596.0,14547.0,23.445,393.0,42.65
2026-07-08 02:38:16,53.0,68.000              ,700.602,375.0,1067.0,0.0,53.75,53.750              ,53.75,53.75,53.75,53.75,53.75,53.75,53.75,41.014,15.489,58.807,21.065,39.671,11.248,61.259,10.502,32.382,2100.0,2100.0,2600.0,2600.0,2080.0,2080.0,2600.0,2600.0,2600.0,0.836,0.836,1.076,1.074,0.74,0.74,1.018,1.018,14.846,4595.0,14548.0,18.796,394.0,53.2
2026-07-08 02:38:17,53.0,69.000              ,700.613,200.0,1200.0,0.0,53.75,53.750              ,53.75,53.75,53.75,53.75,53.75,53.75,53.75,31.701,19.626,57.787,20.798,43.985,9.664,42.843,8.034,29.305,2200.0,2200.0,2750.0,2750.0,2220.0,2220.0,2220.0,2220.0,2750.0,0.767,0.767,1.196,1.196,0.787,0.787,0.819,0.819,15.211,4595.0,14548.0,26.318,395.0,38.0
2026-07-08 02:38:18,53.0,68.000              ,700.602,344.0,1200.0,0.0,53.75,53.750              ,53.75,53.75,53.75,53.75,53.75,53.75,53.75,44.738,22.276,53.934,24.176,50.832,13.839,60.222,11.748,35.221,2140.0,2140.0,2675.0,2675.0,2140.0,2140.0,2140.0,2140.0,2675.0,0.887,0.887,1.009,1.009,0.901,0.903,0.973,0.974,14.968,4594.0,14539.0,22.034,396.0,45.38
2026-07-08 02:38:19,53.0,67.000              ,702.102,352.0,1200.0,0.0,53.75,53.750              ,53.75,53.75,53.75,53.75,53.75,53.75,53.75,44.98,19.626,49.655,23.472,43.235,12.823,67.634,9.887,33.914,2140.0,2140.0,2140.0,2140.0,2140.0,2140.0,2675.0,2675.0,2675.0,0.904,0.904,0.935,0.934,0.816,0.814,1.166,1.166,15.02,4595.0,14541.0,19.474,397.0,51.35
2026-07-08 02:38:20,53.0,68.000              ,702.105,406.0,1067.0,0.0,53.75,53.750              ,53.75,53.75,53.75,53.75,53.75,53.75,53.75,38.377,16.862,53.431,22.689,49.453,9.496,65.078,12.026,33.426,2120.0,2120.0,2650.0,2650.0,2120.0,2120.0,2120.0,2120.0,2650.0,0.818,0.82,0.943,0.943,0.904,0.904,1.102,1.101,14.971,4595.0,14541.0,21.385,398.0,46.76
2026-07-08 02:38:21,53.0,69.000              ,702.102,426.0,1067.0,0.0,53.75,53.750              ,53.75,53.75,53.75,53.75,53.75,53.75,53.75,39.284,24.158,45.932,26.433,56.283,12.095,47.077,17.101,33.545,2120.0,2120.0,2120.0,2120.0,2650.0,2650.0,2120.0,2120.0,2650.0,0.83,0.828,0.894,0.895,0.947,0.947,0.933,0.933,15.244,4595.0,14540.0,24.808,399.0,40.31
2026-07-08 02:38:22,54.0,69.000              ,709.379,200.0,1067.0,0.0,54.0,54.000              ,54.0,54.0,54.0,54.0,54.0,54.0,54.0,40.926,27.782,49.677,33.558,64.481,12.238,52.286,17.114,37.258,2080.0,2080.0,2600.0,2600.0,2600.0,2600.0,2080.0,2080.0,2600.0,0.841,0.841,0.997,0.986,0.972,0.972,0.9,0.9,14.994,4596.0,14553.0,22.153,400.0,45.14
2026-07-08 02:38:23,54.0,69.000              ,710.375,484.0,1200.0,0.0,54.0,54.000              ,54.0,54.0,54.0,54.0,54.0,54.0,54.0,44.938,28.419,53.96,30.618,58.001,16.618,55.37,13.908,37.729,1960.0,1960.0,2425.0,2425.0,1940.0,1940.0,1940.0,1940.0,2425.0,0.822,0.822,0.906,0.916,0.937,0.939,0.897,0.897,15.138,4596.0,14555.0,20.092,401.0,49.77
2026-07-08 02:38:24,54.0,70.000              ,710.375,393.0,1200.0,0.0,54.0,54.000              ,54.0,54.0,54.0,54.0,54.0,54.0,54.0,34.217,26.733,44.532,31.345,47.89,10.811,47.094,17.262,32.485,2000.0,2000.0,2500.0,2500.0,2000.0,2000.0,2500.0,2500.0,2500.0,0.784,0.785,0.974,0.973,0.76,0.758,0.902,0.902,14.789,4599.0,14554.0,20.731,402.0,48.24
2026-07-08 02:38:25,54.0,69.000              ,710.379,375.0,1067.0,0.0,54.0,54.000              ,54.0,54.0,54.0,54.0,54.0,54.0,54.0,37.319,22.241,53.551,23.724,57.385,8.967,46.291,18.566,33.505,2100.0,2100.0,2625.0,2625.0,2100.0,2100.0,2100.0,2120.0,2625.0,0.903,0.902,1.068,1.071,0.949,0.949,0.947,0.962,15.039,4599.0,14553.0,22.433,403.0,44.58
2026-07-08 02:38:26,54.0,69.000              ,710.633,420.0,1067.0,0.0,54.125,54.125              ,54.125,54.125,54.125,54.125,54.125,54.125,54.125,40.182,28.017,51.765,28.231,49.777,14.178,55.372,16.557,35.51,2140.0,2140.0,2675.0,2675.0,2675.0,2675.0,2140.0,2140.0,2675.0,0.86,0.86,1.069,1.069,0.869,0.869,1.026,1.01,15.211,4599.0,14555.0,30.417,404.0,32.88
2026-07-08 02:38:27,54.0,71.000              ,708.0,370.0,1200.0,0.0,54.25,54.250              ,54.25,54.25,54.25,54.25,54.25,54.25,54.25,45.48,26.909,49.578,31.929,48.659,15.281,61.37,13.625,36.604,2100.0,2100.0,2625.0,2625.0,2100.0,2100.0,2100.0,2100.0,2625.0,0.889,0.889,0.991,0.988,0.787,0.787,1.019,1.019,14.946,4598.0,14554.0,24.437,405.0,40.92
2026-07-08 02:38:28,54.0,71.000              ,708.004,400.0,1200.0,0.0,54.25,54.250              ,54.25,54.25,54.25,54.25,54.25,54.25,54.25,43.485,28.217,53.383,29.076,47.782,17.183,58.05,14.54,36.465,2060.0,2060.0,2575.0,2575.0,2060.0,2060.0,2060.0,2060.0,2575.0,0.847,0.847,0.962,0.962,0.848,0.848,0.945,0.945,15.021,4597.0,14554.0,21.807,406.0,45.86
2026-07-08 02:38:29,54.0,68.000              ,708.004,476.0,1200.0,0.0,54.25,54.250              ,54.25,54.25,54.25,54.25,54.25,54.25,54.25,41.129,32.115,53.622,27.228,48.334,14.42,51.288,16.475,35.576,2080.0,2080.0,2080.0,2080.0,2080.0,2080.0,2575.0,2575.0,2575.0,0.922,0.907,0.989,0.989,0.807,0.807,0.904,0.905,14.98,4597.0,14555.0,23.213,407.0,43.08
2026-07-08 02:38:30,54.0,68.000              ,709.0,420.0,1200.0,0.0,54.25,54.250              ,54.25,54.25,54.25,54.25,54.25,54.25,54.25,37.569,24.723,48.321,34.21,45.835,13.386,52.025,14.946,33.877,2020.0,2020.0,2525.0,2525.0,2020.0,2020.0,2020.0,2020.0,2525.0,0.771,0.791,1.063,1.063,0.746,0.746,0.83,0.828,15.07,4601.0,14553.0,23.765,408.0,42.08
2026-07-08 02:38:31,54.0,69.000              ,709.0,364.0,1200.0,0.0,54.25,54.250              ,54.25,54.25,54.25,54.25,54.25,54.25,54.25,38.021,21.643,69.189,20.531,46.077,12.31,56.695,10.879,34.418,2040.0,2040.0,2550.0,2550.0,2040.0,2040.0,2040.0,2040.0,2550.0,0.836,0.828,1.204,1.204,0.798,0.799,0.931,0.931,14.862,4601.0,14552.0,23.729,409.0,42.14
2026-07-08 02:38:32,54.0,68.000              ,709.004,200.0,1200.0,0.0,54.25,54.250              ,54.25,54.25,54.25,54.25,54.25,54.25,54.25,40.169,21.302,63.873,22.821,52.68,11.452,62.532,16.637,36.433,2080.0,2080.0,2600.0,2600.0,2080.0,2080.0,2080.0,2080.0,2600.0,0.813,0.813,1.074,1.074,0.796,0.795,1.053,1.053,15.12,4601.0,14552.0,20.899,410.0,47.85
2026-07-08 02:38:33,54.0,69.000              ,709.0,450.0,1200.0,0.0,54.25,54.250              ,54.25,54.25,54.25,54.25,54.25,54.25,54.25,37.185,26.623,59.085,28.124,53.136,14.073,54.549,17.506,36.285,2020.0,2020.0,2525.0,2525.0,2020.0,2020.0,2020.0,2020.0,2525.0,0.786,0.787,1.024,1.024,0.833,0.833,0.96,0.96,15.042,4601.0,14553.0,19.227,411.0,52.01
2026-07-08 02:38:34,54.0,70.000              ,708.965,420.0,1200.0,0.0,54.25,54.250              ,54.25,54.25,54.25,54.25,54.25,54.25,54.25,38.962,23.097,63.833,26.459,52.783,11.544,53.508,16.044,35.779,2060.0,2060.0,2575.0,2575.0,2060.0,2060.0,2060.0,2060.0,2575.0,0.834,0.833,1.145,1.145,0.799,0.799,0.938,0.938,15.218,4604.0,14553.0,22.233,412.0,44.98
2026-07-08 02:38:35,54.0,68.000              ,709.004,400.0,1067.0,0.0,54.25,54.250              ,54.25,54.25,54.25,54.25,54.25,54.25,54.25,35.817,24.553,44.991,31.466,61.585,9.423,45.092,14.477,33.426,2020.0,2020.0,2525.0,2525.0,2525.0,2525.0,2020.0,2020.0,2525.0,0.756,0.758,0.933,0.933,0.923,0.923,0.799,0.799,14.814,4604.0,14543.0,22.262,413.0,44.92
2026-07-08 02:38:36,54.0,67.000              ,709.004,200.0,1200.0,0.0,54.375,54.375              ,54.375,54.375,54.375,54.375,54.375,54.375,54.375,41.754,29.93,52.427,29.584,60.71,11.082,50.306,12.239,36.004,2060.0,2060.0,2040.0,2040.0,2575.0,2575.0,2060.0,2060.0,2575.0,0.893,0.892,1.015,1.015,0.968,0.968,0.88,0.88,15.02,4604.0,14543.0,23.015,414.0,43.45
2026-07-08 02:38:37,54.0,68.000              ,709.004,450.0,1200.0,0.0,54.375,54.375              ,54.375,54.375,54.375,54.375,54.375,54.375,54.375,40.576,24.528,42.695,32.081,50.571,13.127,52.032,18.823,34.304,2060.0,2060.0,2575.0,2575.0,2060.0,2060.0,2060.0,2060.0,2575.0,0.781,0.781,0.942,0.942,0.793,0.793,0.942,0.942,15.226,4604.0,14542.0,24.932,415.0,40.11
2026-07-08 02:38:38,54.0,69.000              ,709.004,387.0,1200.0,0.0,54.375,54.375              ,54.375,54.375,54.375,54.375,54.375,54.375,54.375,40.447,23.31,53.77,26.41,59.025,10.689,57.775,13.635,35.633,2060.0,2040.0,2550.0,2575.0,2040.0,2040.0,2040.0,2040.0,2575.0,0.821,0.821,0.995,0.995,0.92,0.922,0.964,0.966,14.873,4605.0,14542.0,23.271,416.0,42.97
2026-07-08 02:38:39,54.0,70.000              ,709.008,393.0,1067.0,0.0,54.375,54.375              ,54.375,54.375,54.375,54.375,54.375,54.375,54.375,42.171,17.407,64.887,26.614,48.534,14.91,60.898,11.882,35.913,2020.0,2020.0,2525.0,2525.0,2020.0,2020.0,2020.0,2020.0,2525.0,0.769,0.771,1.112,1.112,0.812,0.81,0.937,0.935,15.138,4605.0,14543.0,21.099,417.0,47.4
2026-07-08 02:38:40,54.0,70.000              ,709.012,200.0,1200.0,0.0,54.375,54.375              ,54.375,54.375,54.375,54.375,54.375,54.375,54.375,43.707,17.908,50.061,28.238,58.863,18.627,50.245,14.85,35.312,2080.0,2080.0,2600.0,2600.0,2080.0,2060.0,2060.0,2060.0,2600.0,0.761,0.765,0.912,0.912,1.044,1.044,0.833,0.833,14.858,4604.0,14542.0,24.921,418.0,40.13
2026-07-08 02:38:41,54.0,69.000              ,710.5,413.0,1067.0,0.0,54.375,54.375              ,54.375,54.375,54.375,54.375,54.375,54.375,54.375,44.643,21.285,44.538,28.352,53.988,15.198,54.074,13.795,34.484,2140.0,2140.0,2140.0,2140.0,2140.0,2140.0,2675.0,2675.0,2675.0,0.911,0.905,0.954,0.954,0.994,0.994,0.993,0.993,15.15,4604.0,14545.0,24.811,419.0,40.3
2026-07-08 02:38:42,54.0,69.000              ,710.25,358.0,1200.0,0.0,54.5,54.500              ,54.5,54.5,54.5,54.5,54.5,54.5,54.5,36.962,31.024,52.517,28.631,59.581,13.982,53.016,15.762,36.434,2060.0,2060.0,2575.0,2575.0,2060.0,2060.0,2060.0,2060.0,2575.0,0.853,0.853,1.035,1.038,0.967,0.967,0.962,0.962,14.946,4606.0,14545.0,28.646,420.0,34.91
2026-07-08 02:38:43,54.0,70.000              ,713.324,420.0,1200.0,0.0,54.5,54.500              ,54.5,54.5,54.5,54.5,54.5,54.5,54.5,39.717,31.591,46.418,30.241,58.154,11.393,53.194,18.379,36.136,2550.0,2550.0,2040.0,2040.0,2550.0,2550.0,2060.0,2060.0,2550.0,0.802,0.805,0.871,0.869,0.839,0.839,0.946,0.947,15.127,4607.0,14553.0,24.817,421.0,40.29
2026-07-08 02:38:44,54.0,70.000              ,715.586,393.0,1200.0,0.0,54.5,54.500              ,54.5,54.5,54.5,54.5,54.5,54.5,54.5,40.137,28.353,55.657,26.726,57.74,10.183,54.03,13.336,35.77,1980.0,1980.0,2475.0,2475.0,1960.0,1960.0,1960.0,1960.0,2475.0,0.849,0.847,1.019,1.019,0.868,0.868,0.932,0.93,14.968,4607.0,14552.0,22.473,422.0,44.5
2026-07-08 02:38:45,54.0,71.000              ,716.617,435.0,1200.0,0.0,54.5,54.500              ,54.5,54.5,54.5,54.5,54.5,54.5,54.5,41.083,25.624,54.255,27.983,52.649,10.667,55.953,15.607,35.478,2120.0,2120.0,2675.0,2675.0,2120.0,2120.0,2120.0,2120.0,2675.0,0.879,0.879,1.08,1.08,0.842,0.842,1.046,1.048,15.134,4609.0,14560.0,19.629,423.0,50.95
2026-07-08 02:38:46,54.0,70.000              ,719.621,364.0,1200.0,0.0,54.625,54.625              ,54.625,54.625,54.625,54.625,54.625,54.625,54.625,38.566,26.574,51.583,34.041,51.444,18.649,52.107,21.6,36.82,2060.0,2060.0,2575.0,2575.0,2060.0,2060.0,2060.0,2060.0,2575.0,0.831,0.835,1.083,1.083,0.88,0.88,0.939,0.938,15.059,4608.0,14560.0,24.404,424.0,40.98
2026-07-08 02:38:47,54.0,69.000              ,720.895,370.0,1200.0,0.0,54.625,54.625              ,54.625,54.625,54.625,54.625,54.625,54.625,54.625,45.913,25.794,58.285,27.977,54.091,14.179,58.108,16.762,37.639,2020.0,2020.0,2525.0,2525.0,2020.0,2020.0,2020.0,2020.0,2525.0,0.868,0.864,1.047,1.047,0.834,0.834,0.939,0.94,14.867,4612.0,14560.0,22.663,425.0,44.12
2026-07-08 02:38:48,54.0,69.000              ,720.902,200.0,1067.0,0.0,54.625,54.625              ,54.625,54.625,54.625,54.625,54.625,54.625,54.625,36.789,27.067,63.493,25.69,46.358,12.488,65.375,13.557,36.352,2040.0,2040.0,2040.0,2040.0,2040.0,2040.0,2550.0,2550.0,2550.0,0.834,0.834,1.092,1.093,0.759,0.759,1.05,1.05,15.064,4612.0,14559.0,22.378,426.0,44.69
2026-07-08 02:38:49,54.0,69.000              ,720.902,484.0,1200.0,0.0,54.625,54.625              ,54.625,54.625,54.625,54.625,54.625,54.625,54.625,45.576,24.111,57.839,27.381,43.572,12.768,49.545,17.929,34.84,2060.0,2060.0,2575.0,2575.0,2060.0,2060.0,2060.0,2060.0,2575.0,0.897,0.897,1.126,1.124,0.737,0.737,0.968,0.967,15.095,4610.0,14558.0,25.431,427.0,39.32
2026-07-08 02:38:50,54.0,70.000              ,720.898,200.0,1200.0,0.0,54.625,54.625              ,54.625,54.625,54.625,54.625,54.625,54.625,54.625,38.038,29.874,51.216,40.153,58.644,13.213,51.308,14.471,37.115,2020.0,2020.0,2550.0,2550.0,2040.0,2040.0,2040.0,2040.0,2550.0,0.829,0.829,1.134,1.137,0.905,0.905,0.88,0.88,15.104,4610.0,14557.0,23.891,428.0,41.86
2026-07-08 02:38:51,54.0,70.000              ,720.906,200.0,1200.0,0.0,54.75,54.750              ,54.75,54.75,54.75,54.75,54.75,54.75,54.75,39.859,27.26,47.449,44.1,43.619,18.304,52.244,19.827,36.583,2000.0,2000.0,2500.0,2525.0,2020.0,2020.0,2000.0,2000.0,2525.0,0.823,0.825,1.156,1.153,0.764,0.764,0.906,0.906,14.881,4609.0,14557.0,24.266,429.0,41.21
2026-07-08 02:38:52,54.0,69.000              ,720.906,338.0,1067.0,0.0,54.75,54.750              ,54.75,54.75,54.75,54.75,54.75,54.75,54.75,38.128,24.091,54.484,29.016,43.974,15.478,53.534,18.777,34.685,2120.0,2120.0,2650.0,2650.0,2120.0,2120.0,2120.0,2120.0,2650.0,0.881,0.879,1.095,1.08,0.853,0.853,1.027,1.03,14.933,4611.0,14557.0,19.068,430.0,52.44
2026-07-08 02:38:53,54.0,69.000              ,720.891,428.0,1200.0,0.0,54.75,54.750              ,54.75,54.75,54.75,54.75,54.75,54.75,54.75,32.05,28.569,43.604,30.625,45.895,11.904,52.284,11.594,32.066,2120.0,2120.0,2650.0,2650.0,2120.0,2120.0,2120.0,2120.0,2650.0,0.802,0.802,1.026,1.047,0.813,0.813,0.973,0.97,15.125,4609.0,14557.0,25.999,431.0,38.46
2026-07-08 02:38:54,54.0,69.000              ,720.883,364.0,1200.0,0.0,54.75,54.750              ,54.75,54.75,54.75,54.75,54.75,54.75,54.75,42.056,28.792,54.501,32.381,58.129,14.285,46.177,20.986,37.163,2140.0,2140.0,2675.0,2675.0,2140.0,2140.0,2140.0,2140.0,2675.0,0.879,0.879,1.081,1.077,0.966,0.966,0.929,0.929,15.072,4610.0,14557.0,21.271,432.0,47.01
2026-07-08 02:38:55,54.0,69.000              ,720.895,442.0,1067.0,0.0,54.75,54.750              ,54.75,54.75,54.75,54.75,54.75,54.75,54.75,40.012,29.361,54.555,41.639,50.964,16.041,46.862,19.495,37.366,2100.0,2100.0,2625.0,2625.0,2100.0,2100.0,2100.0,2100.0,2625.0,0.87,0.87,1.198,1.196,0.843,0.843,0.91,0.91,14.949,4608.0,14557.0,21.647,433.0,46.2
2026-07-08 02:38:56,54.0,70.000              ,719.895,200.0,1200.0,0.0,54.75,54.750              ,54.75,54.75,54.75,54.75,54.75,54.75,54.75,44.517,25.967,43.313,38.73,47.687,14.312,58.668,18.173,36.421,2040.0,2020.0,2525.0,2550.0,2040.0,2040.0,2040.0,2040.0,2550.0,0.813,0.813,0.89,0.89,0.696,0.696,0.953,0.953,15.181,4609.0,14557.0,24.812,434.0,40.3
2026-07-08 02:38:57,54.0,69.000              ,720.883,428.0,1200.0,0.0,54.75,54.750              ,54.75,54.75,54.75,54.75,54.75,54.75,54.75,43.388,32.052,47.268,35.222,55.977,16.371,55.407,17.282,37.871,2020.0,2020.0,2525.0,2500.0,2000.0,2000.0,2500.0,2500.0,2525.0,0.864,0.864,0.932,0.932,0.906,0.906,0.955,0.958,15.05,4610.0,14557.0,24.859,435.0,40.23
2026-07-08 02:38:58,54.0,69.000              ,720.891,200.0,1067.0,0.0,54.75,54.750              ,54.75,54.75,54.75,54.75,54.75,54.75,54.75,41.672,27.115,46.365,26.935,60.533,10.494,52.597,12.031,34.718,2040.0,2040.0,2040.0,2040.0,2550.0,2550.0,2040.0,2040.0,2550.0,0.872,0.872,0.872,0.872,0.979,0.979,0.918,0.916,14.832,4614.0,14556.0,22.548,436.0,44.35
2026-07-08 02:38:59,54.0,70.000              ,720.887,387.0,1200.0,0.0,54.75,54.750              ,54.75,54.75,54.75,54.75,54.75,54.75,54.75,40.209,22.665,59.253,29.124,56.887,11.826,53.564,16.54,36.259,2060.0,2060.0,2575.0,2575.0,2060.0,2060.0,2060.0,2060.0,2575.0,0.831,0.832,1.111,1.111,0.893,0.893,0.935,0.935,15.1,4613.0,14556.0,22.776,437.0,43.91
2026-07-08 02:39:00,54.0,69.000              ,720.879,400.0,1067.0,0.0,54.75,54.750              ,54.75,54.75,54.75,54.75,54.75,54.75,54.75,39.129,27.016,47.555,24.841,63.248,14.851,49.653,17.465,35.47,2060.0,2060.0,2060.0,2060.0,2575.0,2575.0,2060.0,2060.0,2575.0,0.788,0.787,0.779,0.781,1.049,1.049,0.839,0.838,15.145,4614.0,14559.0,24.466,438.0,40.87
2026-07-08 02:39:01,54.0,68.000              ,720.895,516.0,1200.0,0.0,54.75,54.750              ,54.75,54.75,54.75,54.75,54.75,54.75,54.75,40.591,22.401,39.544,32.578,52.264,8.928,52.12,14.153,32.822,2040.0,2040.0,2600.0,2600.0,2080.0,2080.0,2080.0,2080.0,2600.0,0.775,0.762,0.916,0.915,0.796,0.796,0.914,0.914,14.838,4613.0,14556.0,25.633,439.0,39.01
2026-07-08 02:39:02,54.0,68.000              ,718.133,400.0,1200.0,0.0,54.875,54.875              ,54.875,54.875,54.875,54.875,54.875,54.875,54.875,46.417,26.307,52.293,32.141,49.119,16.225,53.208,12.692,36.05,2080.0,2080.0,2600.0,2600.0,2080.0,2080.0,2080.0,2080.0,2600.0,0.918,0.932,1.042,1.043,0.853,0.853,0.942,0.942,15.309,4614.0,14558.0,23.685,440.0,42.22
2026-07-08 02:39:03,54.0,70.000              ,718.758,420.0,1200.0,0.0,54.875,54.875              ,54.875,54.875,54.875,54.875,54.875,54.875,54.875,43.823,28.618,56.597,25.35,47.482,16.39,60.576,15.428,36.783,2000.0,2000.0,2500.0,2500.0,2000.0,2000.0,2000.0,2000.0,2500.0,0.855,0.855,0.951,0.951,0.782,0.782,1.015,1.015,14.949,4615.0,14559.0,24.731,441.0,40.44
2026-07-08 02:39:04,54.0,70.000              ,718.637,200.0,1200.0,0.0,54.875,54.875              ,54.875,54.875,54.875,54.875,54.875,54.875,54.875,46.786,27.386,55.863,31.156,43.923,16.98,55.814,15.775,36.71,1980.0,1980.0,1980.0,2475.0,1980.0,1980.0,2475.0,2475.0,2475.0,0.821,0.823,0.991,0.989,0.719,0.719,0.963,0.963,15.048,4616.0,14559.0,20.172,442.0,49.57
2026-07-08 02:39:05,54.0,69.000              ,717.672,500.0,1200.0,0.0,54.875,54.875              ,54.875,54.875,54.875,54.875,54.875,54.875,54.875,46.641,30.53,60.452,31.094,59.49,19.358,60.243,20.599,41.051,1900.0,1900.0,2375.0,2375.0,1900.0,1900.0,2375.0,2375.0,2375.0,0.754,0.752,0.817,0.817,0.825,0.825,0.875,0.876,15.16,4616.0,14558.0,20.821,443.0,48.03
2026-07-08 02:39:06,54.0,68.000              ,722.699,387.0,1200.0,0.0,54.875,54.875              ,54.875,54.875,54.875,54.875,54.875,54.875,54.875,44.02,28.782,52.852,45.904,57.541,17.434,59.16,17.539,40.404,1880.0,1860.0,1880.0,1880.0,2350.0,2350.0,1880.0,1880.0,2350.0,0.776,0.776,1.05,1.05,0.84,0.84,0.88,0.88,15.007,4616.0,14566.0,19.499,444.0,51.28
2026-07-08 02:39:07,54.0,68.000              ,723.07,428.0,1200.0,0.0,54.875,54.875              ,54.875,54.875,54.875,54.875,54.875,54.875,54.875,44.899,29.886,61.093,45.878,46.386,23.581,57.873,19.102,41.087,1960.0,1960.0,2450.0,2450.0,1960.0,1960.0,1960.0,1960.0,2450.0,0.822,0.822,1.212,1.212,0.793,0.793,0.899,0.898,15.023,4621.0,14565.0,24.647,445.0,40.57
2026-07-08 02:39:08,54.0,69.000              ,722.074,435.0,1200.0,0.0,54.875,54.875              ,54.875,54.875,54.875,54.875,54.875,54.875,54.875,49.361,25.943,47.863,54.856,50.105,20.004,59.604,18.905,40.83,1900.0,1900.0,2375.0,2375.0,1900.0,1900.0,1900.0,1900.0,2375.0,0.807,0.794,1.088,1.088,0.746,0.746,0.917,0.917,14.891,4621.0,14563.0,22.773,446.0,43.91
2026-07-08 02:39:09,55.0,70.000              ,726.59,381.0,1200.0,0.0,55.0,55.000              ,55.0,55.0,55.0,55.0,55.0,55.0,55.0,54.614,22.27,56.897,34.061,55.348,16.162,63.281,16.45,39.885,1920.0,1920.0,2400.0,2400.0,1920.0,1920.0,1920.0,1920.0,2400.0,0.866,0.88,0.992,0.992,0.884,0.885,1.005,1.005,15.128,4624.0,14570.0,24.664,447.0,40.54
2026-07-08 02:39:10,55.0,69.000              ,726.336,358.0,1200.0,0.0,55.0,55.000              ,55.0,55.0,55.0,55.0,55.0,55.0,55.0,48.346,27.803,58.511,29.875,56.68,17.536,59.485,18.001,39.53,1980.0,1980.0,2475.0,2475.0,1980.0,1980.0,2475.0,2475.0,2475.0,0.863,0.863,0.974,0.974,0.899,0.898,1.013,1.012,14.854,4626.0,14568.0,20.81,448.0,48.05
2026-07-08 02:39:11,55.0,69.000              ,725.281,420.0,1200.0,0.0,55.0,55.000              ,55.0,55.0,55.0,55.0,55.0,55.0,55.0,46.703,29.638,39.174,65.783,46.053,20.111,51.591,22.081,40.142,1920.0,1920.0,1920.0,1920.0,1920.0,1920.0,2400.0,2400.0,2400.0,0.814,0.814,1.282,1.292,0.74,0.74,0.891,0.891,15.019,4638.0,14569.0,31.61,449.0,31.64
2026-07-08 02:39:12,55.0,69.000              ,723.34,333.0,1067.0,0.0,55.0,55.000              ,55.0,55.0,55.0,55.0,55.0,55.0,55.0,42.107,27.719,47.433,50.72,49.322,15.177,50.266,16.957,37.462,2000.0,2000.0,2500.0,2500.0,2000.0,2000.0,2000.0,2000.0,2500.0,0.896,0.896,1.32,1.31,0.856,0.856,0.914,0.914,14.961,4638.0,14566.0,26.656,450.0,37.52
2026-07-08 02:39:13,55.0,69.000              ,723.398,326.0,1067.0,0.0,55.0,55.000              ,55.0,55.0,55.0,55.0,55.0,55.0,55.0,37.188,27.701,52.193,40.207,42.529,18.027,53.899,15.596,35.918,2080.0,2080.0,2600.0,2600.0,2080.0,2080.0,2080.0,2080.0,2600.0,0.834,0.834,1.271,1.272,0.84,0.84,1.003,1.003,14.895,4638.0,14565.0,23.58,451.0,42.41
2026-07-08 02:39:14,55.0,68.000              ,722.418,200.0,1067.0,0.0,55.0,55.000              ,55.0,55.0,55.0,55.0,55.0,55.0,55.0,37.833,24.838,51.012,23.958,37.621,16.668,60.461,17.711,33.763,2320.0,2320.0,2320.0,2320.0,2320.0,2320.0,2900.0,2900.0,2900.0,0.919,0.919,1.026,1.025,0.863,0.849,1.288,1.288,15.021,4641.0,14563.0,23.819,452.0,41.98
2026-07-08 02:39:15,55.0,69.000              ,721.668,364.0,1200.0,0.0,55.0,55.000              ,55.0,55.0,55.0,55.0,55.0,55.0,55.0,50.753,19.638,41.438,24.469,39.887,11.067,67.856,7.47,32.822,2220.0,2220.0,2220.0,2220.0,2220.0,2220.0,2775.0,2775.0,2775.0,0.99,0.992,0.884,0.884,0.741,0.753,1.271,1.274,15.139,4640.0,14562.0,28.958,453.0,34.53
2026-07-08 02:39:16,55.0,69.000              ,721.672,406.0,1067.0,0.0,55.0,55.000              ,55.0,55.0,55.0,55.0,55.0,55.0,55.0,41.673,26.664,50.113,27.849,45.478,15.724,75.492,13.528,37.065,2100.0,2100.0,2100.0,2100.0,2100.0,2100.0,2625.0,2625.0,2625.0,0.892,0.891,0.894,0.896,0.796,0.796,1.347,1.344,15.178,4643.0,14562.0,25.306,454.0,39.52
2026-07-08 02:39:17,55.0,70.000              ,721.656,358.0,1200.0,0.0,55.0,55.000              ,55.0,55.0,55.0,55.0,55.0,55.0,55.0,36.091,24.162,33.896,42.728,38.016,12.486,53.809,12.06,31.656,2160.0,2160.0,2700.0,2700.0,2160.0,2160.0,2160.0,2160.0,2700.0,0.88,0.882,1.147,1.145,0.756,0.756,1.046,1.046,14.903,4643.0,14561.0,22.295,455.0,44.85
2026-07-08 02:39:18,55.0,70.000              ,721.66,344.0,1067.0,0.0,55.0,55.000              ,55.0,55.0,55.0,55.0,55.0,55.0,55.0,42.418,19.555,47.721,28.55,47.695,9.664,63.979,9.63,33.651,2160.0,2160.0,2160.0,2160.0,2160.0,2160.0,2700.0,2700.0,2700.0,0.897,0.895,1.049,1.052,0.851,0.851,1.165,1.168,14.954,4643.0,14561.0,22.615,456.0,44.22
2026-07-08 02:39:19,55.0,70.000              ,721.66,375.0,1200.0,0.0,55.0,55.000              ,55.0,55.0,55.0,55.0,55.0,55.0,55.0,33.392,19.743,39.81,24.605,39.756,7.742,52.413,7.89,28.169,2240.0,2220.0,2775.0,2775.0,2220.0,2220.0,2220.0,2220.0,2775.0,0.858,0.858,1.068,1.066,0.793,0.793,1.147,1.143,15.108,4642.0,14561.0,26.334,457.0,37.97
2026-07-08 02:39:20,55.0,69.000              ,721.656,344.0,1200.0,0.0,55.0,55.000              ,55.0,55.0,55.0,55.0,55.0,55.0,55.0,40.924,25.046,50.58,27.446,46.045,10.689,61.836,14.002,34.571,2200.0,2200.0,2200.0,2200.0,2200.0,2200.0,2750.0,2750.0,2750.0,0.943,0.945,1.049,1.049,0.846,0.846,1.226,1.226,15.069,4642.0,14561.0,22.805,458.0,43.85
2026-07-08 02:39:21,55.0,69.000              ,721.66,358.0,1067.0,0.0,55.0,55.000              ,55.0,55.0,55.0,55.0,55.0,55.0,55.0,30.612,25.226,66.699,24.739,39.259,15.512,52.292,17.039,33.922,2200.0,2200.0,2750.0,2750.0,2200.0,2200.0,2200.0,2200.0,2750.0,0.833,0.83,1.293,1.293,0.813,0.813,1.037,1.037,15.048,4641.0,14560.0,25.125,459.0,39.8
2026-07-08 02:39:22,55.0,69.000              ,720.406,387.0,1067.0,0.0,55.0,55.000              ,55.0,55.0,55.0,55.0,55.0,55.0,55.0,39.441,25.221,47.985,28.777,41.115,17.392,56.471,14.153,33.819,2180.0,2180.0,2725.0,2725.0,2180.0,2180.0,2180.0,2180.0,2725.0,0.949,0.949,1.076,1.076,0.839,0.839,1.118,1.12,15.113,4641.0,14560.0,25.31,460.0,39.51
2026-07-08 02:39:23,55.0,69.000              ,720.406,333.0,1067.0,0.0,55.0,55.000              ,55.0,55.0,55.0,55.0,55.0,55.0,55.0,47.445,19.974,47.736,23.954,41.849,16.012,57.673,12.69,33.417,2240.0,2240.0,2775.0,2775.0,2220.0,2220.0,2220.0,2220.0,2775.0,0.997,0.997,0.977,0.977,0.875,0.861,1.162,1.162,14.842,4644.0,14561.0,22.334,461.0,44.77
2026-07-08 02:39:24,55.0,69.000              ,720.367,381.0,1067.0,0.0,55.0,55.000              ,55.0,55.0,55.0,55.0,55.0,55.0,55.0,46.527,14.533,44.423,30.857,36.059,12.783,65.507,13.379,33.008,2200.0,2200.0,2200.0,2200.0,2200.0,2200.0,2750.0,2750.0,2750.0,0.914,0.914,0.929,0.929,0.747,0.759,1.36,1.358,15.09,4643.0,14560.0,23.868,462.0,41.9
2026-07-08 02:39:25,55.0,69.000              ,720.41,370.0,1200.0,0.0,55.0,55.000              ,55.0,55.0,55.0,55.0,55.0,55.0,55.0,37.305,24.405,38.401,33.101,39.766,14.34,49.508,18.765,31.949,2160.0,2160.0,2160.0,2160.0,2160.0,2160.0,2675.0,2675.0,2675.0,0.908,0.908,1.0,1.0,0.783,0.783,1.148,1.15,15.218,4643.0,14559.0,23.819,463.0,41.98
2026-07-08 02:39:26,55.0,70.000              ,720.566,375.0,1067.0,0.0,55.0,55.000              ,55.0,55.0,55.0,55.0,55.0,55.0,55.0,41.891,23.005,55.258,22.423,56.128,10.802,59.53,16.622,35.708,2140.0,2140.0,2140.0,2140.0,2140.0,2140.0,2675.0,2675.0,2675.0,0.88,0.88,0.998,1.001,0.962,0.963,1.116,1.115,15.08,4643.0,14558.0,24.023,464.0,41.63
2026-07-08 02:39:27,55.0,70.000              ,720.563,381.0,1067.0,0.0,55.0,55.000              ,55.0,55.0,55.0,55.0,55.0,55.0,55.0,41.459,21.683,58.047,20.596,45.564,8.526,55.853,16.026,33.469,2120.0,2120.0,2120.0,2120.0,2120.0,2120.0,2650.0,2650.0,2650.0,0.927,0.915,1.063,1.061,0.769,0.767,1.087,1.087,14.807,4643.0,14558.0,18.843,465.0,53.07
2026-07-08 02:39:28,55.0,70.000              ,720.566,413.0,1067.0,0.0,55.0,55.000              ,55.0,55.0,55.0,55.0,55.0,55.0,55.0,40.974,22.845,47.742,22.536,45.537,12.801,61.942,14.418,33.599,2220.0,2220.0,2220.0,2220.0,2775.0,2775.0,2775.0,2775.0,2775.0,0.902,0.914,0.953,0.953,0.888,0.888,1.247,1.239,14.961,4643.0,14558.0,23.09,466.0,43.31
2026-07-08 02:39:29,55.0,71.000              ,720.57,375.0,1067.0,0.0,55.0,55.000              ,55.0,55.0,55.0,55.0,55.0,55.0,55.0,39.398,23.093,63.03,22.598,43.975,14.253,61.358,12.736,35.055,2220.0,2220.0,2775.0,2775.0,2220.0,2220.0,2220.0,2220.0,2775.0,0.881,0.881,1.189,1.191,0.849,0.849,1.129,1.135,15.267,4643.0,14558.0,19.485,467.0,51.32
2026-07-08 02:39:30,55.0,69.000              ,721.855,435.0,1067.0,0.0,55.0,55.000              ,55.0,55.0,55.0,55.0,55.0,55.0,55.0,40.044,20.403,35.433,20.874,40.303,9.464,52.652,11.459,28.829,2180.0,2180.0,2180.0,2180.0,2180.0,2180.0,2725.0,2725.0,2725.0,0.891,0.891,0.78,0.79,0.749,0.749,1.138,1.138,14.856,4643.0,14559.0,23.617,468.0,42.34
2026-07-08 02:39:31,55.0,69.000              ,721.848,338.0,1067.0,0.0,55.0,55.000              ,55.0,55.0,55.0,55.0,55.0,55.0,55.0,34.692,15.389,48.203,16.976,34.958,4.701,63.4,5.708,28.004,2300.0,2300.0,2300.0,2300.0,2300.0,2300.0,2875.0,2875.0,2875.0,0.902,0.902,0.987,0.976,0.73,0.731,1.383,1.383,15.059,4640.0,14559.0,20.978,469.0,47.67
2026-07-08 02:39:32,55.0,69.000              ,721.891,428.0,1200.0,0.0,55.0,55.000              ,55.0,55.0,55.0,55.0,55.0,55.0,55.0,42.009,19.613,45.344,24.601,48.501,9.299,56.471,10.759,32.075,2200.0,2200.0,2200.0,2200.0,2200.0,2200.0,2750.0,2750.0,2750.0,0.937,0.937,0.953,0.971,0.841,0.84,1.158,1.16,15.294,4639.0,14569.0,29.582,470.0,33.8
2026-07-08 02:39:33,55.0,70.000              ,729.098,200.0,933.0,0.0,55.0,55.000              ,55.0,55.0,55.0,55.0,55.0,55.0,55.0,36.156,28.426,32.078,63.275,38.883,15.347,43.592,18.405,34.52,2000.0,2000.0,2500.0,2500.0,2000.0,2000.0,2000.0,2000.0,2500.0,0.698,0.698,1.136,1.118,0.637,0.637,0.747,0.745,14.842,4647.0,14563.0,24.805,471.0,40.31
2026-07-08 02:39:34,55.0,61.000              ,729.098,200.0,933.0,0.0,55.625,55.625              ,55.625,55.625,55.625,55.625,55.625,55.625,55.625,5.549,9.213,60.122,12.575,23.46,4.876,13.84,4.144,16.722,1871.429,1871.429,3375.0,3425.0,3000.0,3000.0,2400.0,2400.0,3425.0,0.699,0.699,2.601,2.601,0.948,0.948,0.764,0.764,12.057,4681.0,14552.0,0.0,472.0,
2026-07-08 02:39:35,56.0,25.000              ,729.098,200.0,933.0,0.0,56.0,56.000              ,56.0,56.0,56.0,56.0,56.0,56.0,56.0,10.826,5.77,42.251,20.227,15.937,5.146,23.056,35.023,19.78,2333.333,2333.333,3500.0,3500.0,2680.0,2680.0,2233.333,2333.333,3500.0,0.729,0.729,1.908,1.908,0.809,0.809,1.599,1.601,13.037,4348.0,14174.0,0.0,473.0,
2026-07-08 02:39:36,56.0,0.000               ,729.098,200.0,933.0,0.0,56.625,56.625              ,56.625,56.625,56.625,56.625,56.625,56.625,56.625,13.17,14.37,70.126,8.059,23.636,3.722,8.601,3.969,18.207,2333.333,2333.333,3500.0,3500.0,2333.333,2333.333,2333.333,2333.333,3500.0,1.134,1.134,3.081,3.087,1.105,1.105,0.789,0.787,13.579,4158.0,13174.0,0.0,474.0,
2026-07-08 02:39:37,56.0,0.000               ,729.098,200.0,1067.0,0.0,56.75,56.750              ,56.75,56.75,56.75,56.75,56.75,56.75,56.75,20.908,6.228,64.733,15.79,21.24,7.828,29.106,15.67,22.688,2333.333,2333.333,3500.0,3500.0,2800.0,2800.0,3475.0,3475.0,3500.0,1.031,1.031,2.823,2.817,1.174,1.174,1.529,1.531,14.491,4051.0,13117.0,0.0,475.0,
2026-07-08 02:39:38,56.0,0.000               ,729.098,200.0,1067.0,0.0,56.75,56.750              ,56.75,56.75,56.75,56.75,56.75,56.75,56.75,18.967,15.647,67.611,4.848,13.596,6.024,20.648,4.429,18.971,2316.667,2316.667,2316.667,2316.667,3475.0,3475.0,2800.0,2800.0,3475.0,1.159,1.159,2.686,2.686,0.811,0.811,0.988,0.985,13.22,3763.0,12153.0,0.0,476.0,
2026-07-08 02:39:39,57.0,0.000               ,680.844,200.0,933.0,0.0,57.125,57.125              ,57.125,57.125,57.125,57.125,57.125,57.125,57.125,33.873,4.006,27.116,54.452,34.675,2.645,16.942,12.098,23.226,2740.0,2780.0,2780.0,2780.0,2780.0,2780.0,3475.0,3475.0,3475.0,1.338,1.338,2.988,2.989,1.49,1.49,1.153,1.153,15.103,3478.0,11756.0,5270.478,477.0,0.19
2026-07-08 02:39:40,57.0,0.000               ,680.844,200.0,933.0,0.0,57.625,57.625              ,57.625,57.625,57.625,57.625,57.625,57.625,57.625,15.202,6.033,3.767,79.01,29.157,3.421,11.084,5.269,19.118,2800.0,2800.0,3500.0,3500.0,2333.333,2333.333,2800.0,2800.0,3500.0,0.981,0.981,4.238,4.246,1.449,1.449,0.88,0.88,14.498,3460.0,11778.0,0.0,478.0,
2026-07-08 02:39:41,58.0,0.000               ,640.57,200.0,1200.0,0.0,58.125,58.125              ,58.125,58.125,58.125,58.125,58.125,58.125,58.125,10.678,1.543,2.462,82.801,19.451,9.804,19.409,6.045,19.024,2333.333,2333.333,3500.0,3500.0,2333.333,2333.333,2333.333,2333.333,3500.0,0.622,0.622,3.926,3.919,1.275,1.28,1.096,1.096,14.617,3397.0,11244.0,2295.146,479.0,0.44
2026-07-08 02:39:42,58.0,0.000               ,640.57,200.0,1200.0,0.0,58.25,58.250              ,58.25,58.25,58.25,58.25,58.25,58.25,58.25,24.658,5.782,16.185,60.154,57.261,12.328,32.406,14.41,27.898,2800.0,2800.0,3500.0,3500.0,2800.0,2800.0,2333.333,2333.333,3500.0,1.275,1.275,3.12,3.105,2.901,2.901,1.754,1.754,16.78,3266.0,11197.0,0.0,480.0,
2026-07-08 02:39:43,58.0,0.000               ,640.57,200.0,933.0,0.0,58.625,58.625              ,58.625,58.625,58.625,58.625,58.625,58.625,58.625,9.01,1.364,7.457,78.74,18.265,3.835,6.175,2.632,15.935,2333.333,2333.333,3500.0,3500.0,2333.333,2333.333,2000.0,2000.0,3500.0,0.656,0.656,4.291,4.316,1.13,1.124,0.61,0.61,13.429,3285.0,11227.0,0.0,481.0,
2026-07-08 02:39:44,59.0,0.000               ,640.57,200.0,933.0,0.0,59.25,59.250              ,59.25,59.25,59.25,59.25,59.25,59.25,59.25,8.784,1.446,1.157,95.307,5.726,3.226,4.461,3.055,15.395,2333.333,2333.333,3500.0,3500.0,2333.333,2333.333,2333.333,2333.333,3500.0,0.732,0.732,4.863,4.778,0.665,0.665,0.689,0.689,13.828,3350.0,11246.0,0.0,482.0,
2026-07-08 02:39:45,58.0,0.000               ,630.785,200.0,933.0,0.0,58.5,58.500              ,58.5,58.5,58.5,58.5,58.5,58.5,58.5,19.61,8.826,12.081,75.938,36.833,8.723,16.872,9.108,23.499,2333.333,2333.333,3500.0,3500.0,2800.0,2800.0,2333.333,2333.333,3500.0,1.164,1.164,3.156,3.189,1.697,1.697,1.058,1.063,15.454,3362.0,11050.0,3633.257,483.0,0.28
2026-07-08 02:39:46,57.0,0.000               ,544.23,200.0,1067.0,0.0,57.875,57.875              ,57.875,57.875,57.875,57.875,57.875,57.875,57.875,29.112,9.05,20.864,59.526,37.826,7.095,26.952,11.857,25.285,2333.333,2333.333,3500.0,3500.0,2333.333,2333.333,2333.333,2333.333,3500.0,1.3,1.279,2.651,2.651,1.554,1.554,1.294,1.29,15.765,3288.0,10491.0,1357.078,484.0,0.74
2026-07-08 02:39:47,57.0,23.000              ,544.23,200.0,933.0,0.0,57.0,57.000              ,57.0,57.0,57.0,57.0,57.0,57.0,57.0,37.339,15.309,41.826,30.584,36.177,9.299,34.378,7.098,26.501,2560.0,2560.0,2560.0,2560.0,3200.0,3200.0,2560.0,2560.0,3200.0,1.327,1.348,1.891,1.899,1.357,1.357,1.199,1.199,14.873,3202.0,10483.0,20.111,485.0,49.72
2026-07-08 02:39:48,56.0,48.000              ,544.215,200.0,933.0,0.0,56.625,56.625              ,56.625,56.625,56.625,56.625,56.625,56.625,56.625,23.156,11.582,58.742,17.092,22.269,5.471,16.94,6.626,20.235,2266.667,2266.667,3500.0,3500.0,2333.333,2333.333,2333.333,2333.333,3500.0,1.084,1.084,2.16,2.152,0.982,0.982,0.935,0.935,13.888,3195.0,10486.0,85.304,486.0,11.72
2026-07-08 02:39:49,56.0,47.000              ,573.93,200.0,933.0,0.0,56.375,56.375              ,56.375,56.375,56.375,56.375,56.375,56.375,56.375,38.153,24.828,51.372,27.77,36.652,19.084,37.525,17.48,31.608,2400.0,2400.0,3000.0,3000.0,2400.0,2400.0,2650.0,2650.0,3000.0,1.554,1.554,2.035,2.035,1.478,1.481,1.404,1.404,16.636,3236.0,10468.0,29.117,487.0,34.34
2026-07-08 02:39:50,56.0,53.000              ,573.953,200.0,933.0,0.0,56.375,56.375              ,56.375,56.375,56.375,56.375,56.375,56.375,56.375,26.141,13.717,58.696,14.908,30.701,9.282,29.239,7.255,23.742,2333.333,2333.333,3500.0,3500.0,2333.333,2333.333,2333.333,2333.333,3500.0,1.135,1.135,1.988,1.988,1.289,1.287,1.042,1.042,15.168,3228.0,10467.0,17.956,488.0,55.69
2026-07-08 02:39:51,55.0,65.000              ,573.957,200.0,933.0,0.0,55.5,55.500              ,55.5,55.5,55.5,55.5,55.5,55.5,55.5,12.293,3.622,27.552,3.333,31.631,12.252,10.459,4.447,13.199,2650.0,2650.0,2650.0,2650.0,2650.0,2650.0,2650.0,2650.0,2650.0,0.624,0.624,1.194,1.194,1.244,1.244,0.629,0.629,10.321,2985.0,9546.0,17.723,489.0,56.42
2026-07-08 02:39:52,56.0,33.000              ,387.129,200.0,933.0,0.0,56.125,56.125              ,56.125,56.125,56.125,56.125,56.125,56.125,56.125,22.956,15.817,19.43,40.075,35.357,15.093,20.765,14.633,23.016,2333.333,2333.333,3500.0,3500.0,2333.333,2333.333,2333.333,2333.333,3500.0,1.353,1.353,2.561,2.561,1.941,1.941,1.309,1.313,14.475,2854.0,8736.0,0.0,490.0,
2026-07-08 02:39:53,55.0,0.000               ,387.152,200.0,933.0,0.0,55.125,55.125              ,55.125,55.125,55.125,55.125,55.125,55.125,55.125,15.883,10.151,11.197,12.111,32.189,12.208,19.8,10.524,15.508,2675.0,2675.0,2140.0,2140.0,2140.0,2140.0,2140.0,2120.0,2675.0,0.793,0.793,0.764,0.765,1.368,1.368,0.936,0.932,10.451,2830.0,8568.0,,491.0,
