08-07-2026 02:57:16,GPU temperature,GPU usage,Memory usage,Core clock,Memory clock,Fan tachometer,CPU1 temperature,CPU2 temperature,CPU3 temperature,CPU4 temperature,CPU5 temperature,CPU6 temperature,CPU7 temperature,CPU8 temperature,CPU temperature,CPU1 usage,CPU2 usage,CPU3 usage,CPU4 usage,CPU5 usage,CPU6 usage,CPU7 usage,CPU8 usage,CPU usage,CPU1 clock,CPU2 clock,CPU3 clock,CPU4 clock,CPU5 clock,CPU6 clock,CPU7 clock,CPU8 clock,CPU clock,CPU1 power,CPU2 power,CPU3 power,CPU4 power,CPU5 power,CPU6 power,CPU7 power,CPU8 power,CPU power,RAM usage,Commit charge,frametime,elapsed,fps
2026-07-08 02:57:16,0.0,°C                  ,0.0,100.0,10.0,,,,,,,,,,,,,,,,,,,,,,,,,,,,,,,,,,,,,,,,,0.0,
2026-07-08 02:57:16,1.0,%                   ,0.0,100.0,10.0,,,,,,,,,,,,,,,,,,,,,,,,,,,,,,,,,,,,,,,,,0.0,
2026-07-08 02:57:16,2.0,MB                  ,0.0,8192.0,10.0,,,,,,,,,,,,,,,,,,,,,,,,,,,,,,,,,,,,,,,,,0.0,
2026-07-08 02:57:16,3.0,MHz                 ,0.0,2500.0,10.0,,,,,,,,,,,,,,,,,,,,,,,,,,,,,,,,,,,,,,,,,0.0,
2026-07-08 02:57:16,4.0,MHz                 ,0.0,7500.0,10.0,,,,,,,,,,,,,,,,,,,,,,,,,,,,,,,,,,,,,,,,,0.0,
2026-07-08 02:57:16,5.0,RPM                 ,0.0,10000.0,10.0,,,,,,,,,,,,,,,,,,,,,,,,,,,,,,,,,,,,,,,,,0.0,
2026-07-08 02:57:16,6.0,°C                  ,0.0,100.0,10.0,,,,,,,,,,,,,,,,,,,,,,,,,,,,,,,,,,,,,,,,,0.0,
2026-07-08 02:57:16,7.0,°C                  ,0.0,100.0,10.0,,,,,,,,,,,,,,,,,,,,,,,,,,,,,,,,,,,,,,,,,0.0,
2026-07-08 02:57:16,8.0,°C                  ,0.0,100.0,10.0,,,,,,,,,,,,,,,,,,,,,,,,,,,,,,,,,,,,,,,,,0.0,
2026-07-08 02:57:16,9.0,°C                  ,0.0,100.0,10.0,,,,,,,,,,,,,,,,,,,,,,,,,,,,,,,,,,,,,,,,,0.0,
2026-07-08 02:57:16,10.0,°C                  ,0.0,100.0,10.0,,,,,,,,,,,,,,,,,,,,,,,,,,,,,,,,,,,,,,,,,0.0,
2026-07-08 02:57:16,11.0,°C                  ,0.0,100.0,10.0,,,,,,,,,,,,,,,,,,,,,,,,,,,,,,,,,,,,,,,,,0.0,
2026-07-08 02:57:16,12.0,°C                  ,0.0,100.0,10.0,,,,,,,,,,,,,,,,,,,,,,,,,,,,,,,,,,,,,,,,,0.0,
2026-07-08 02:57:16,13.0,°C                  ,0.0,100.0,10.0,,,,,,,,,,,,,,,,,,,,,,,,,,,,,,,,,,,,,,,,,0.0,
2026-07-08 02:57:16,14.0,°C                  ,0.0,100.0,10.0,,,,,,,,,,,,,,,,,,,,,,,,,,,,,,,,,,,,,,,,,0.0,
2026-07-08 02:57:16,15.0,%                   ,0.0,100.0,10.0,,,,,,,,,,,,,,,,,,,,,,,,,,,,,,,,,,,,,,,,,0.0,
2026-07-08 02:57:16,16.0,%                   ,0.0,100.0,10.0,,,,,,,,,,,,,,,,,,,,,,,,,,,,,,,,,,,,,,,,,0.0,
2026-07-08 02:57:16,17.0,%                   ,0.0,100.0,10.0,,,,,,,,,,,,,,,,,,,,,,,,,,,,,,,,,,,,,,,,,0.0,
2026-07-08 02:57:16,18.0,%                   ,0.0,100.0,10.0,,,,,,,,,,,,,,,,,,,,,,,,,,,,,,,,,,,,,,,,,0.0,
2026-07-08 02:57:16,19.0,%                   ,0.0,100.0,10.0,,,,,,,,,,,,,,,,,,,,,,,,,,,,,,,,,,,,,,,,,0.0,
2026-07-08 02:57:16,20.0,%                   ,0.0,100.0,10.0,,,,,,,,,,,,,,,,,,,,,,,,,,,,,,,,,,,,,,,,,0.0,
2026-07-08 02:57:16,21.0,%                   ,0.0,100.0,10.0,,,,,,,,,,,,,,,,,,,,,,,,,,,,,,,,,,,,,,,,,0.0,
2026-07-08 02:57:16,22.0,%                   ,0.0,100.0,10.0,,,,,,,,,,,,,,,,,,,,,,,,,,,,,,,,,,,,,,,,,0.0,
2026-07-08 02:57:16,23.0,%                   ,0.0,100.0,10.0,,,,,,,,,,,,,,,,,,,,,,,,,,,,,,,,,,,,,,,,,0.0,
2026-07-08 02:57:16,24.0,MHz                 ,0.0,5000.0,10.0,,,,,,,,,,,,,,,,,,,,,,,,,,,,,,,,,,,,,,,,,0.0,
2026-07-08 02:57:16,25.0,MHz                 ,0.0,5000.0,10.0,,,,,,,,,,,,,,,,,,,,,,,,,,,,,,,,,,,,,,,,,0.0,
2026-07-08 02:57:16,26.0,MHz                 ,0.0,5000.0,10.0,,,,,,,,,,,,,,,,,,,,,,,,,,,,,,,,,,,,,,,,,0.0,
2026-07-08 02:57:16,27.0,MHz                 ,0.0,5000.0,10.0,,,,,,,,,,,,,,,,,,,,,,,,,,,,,,,,,,,,,,,,,0.0,
2026-07-08 02:57:16,28.0,MHz                 ,0.0,5000.0,10.0,,,,,,,,,,,,,,,,,,,,,,,,,,,,,,,,,,,,,,,,,0.0,
2026-07-08 02:57:16,29.0,MHz                 ,0.0,5000.0,10.0,,,,,,,,,,,,,,,,,,,,,,,,,,,,,,,,,,,,,,,,,0.0,
2026-07-08 02:57:16,30.0,MHz                 ,0.0,5000.0,10.0,,,,,,,,,,,,,,,,,,,,,,,,,,,,,,,,,,,,,,,,,0.0,
2026-07-08 02:57:16,31.0,MHz                 ,0.0,5000.0,10.0,,,,,,,,,,,,,,,,,,,,,,,,,,,,,,,,,,,,,,,,,0.0,
2026-07-08 02:57:16,32.0,MHz                 ,0.0,5000.0,10.0,,,,,,,,,,,,,,,,,,,,,,,,,,,,,,,,,,,,,,,,,0.0,
2026-07-08 02:57:16,33.0,W                   ,0.0,200.0,10.0,,,%.1f                ,,,,,,,,,,,,,,,,,,,,,,,,,,,,,,,,,,,,,,0.0,
2026-07-08 02:57:16,34.0,W                   ,0.0,200.0,10.0,,,%.1f                ,,,,,,,,,,,,,,,,,,,,,,,,,,,,,,,,,,,,,,0.0,
2026-07-08 02:57:16,35.0,W                   ,0.0,200.0,10.0,,,%.1f                ,,,,,,,,,,,,,,,,,,,,,,,,,,,,,,,,,,,,,,0.0,
2026-07-08 02:57:16,36.0,W                   ,0.0,200.0,10.0,,,%.1f                ,,,,,,,,,,,,,,,,,,,,,,,,,,,,,,,,,,,,,,0.0,
2026-07-08 02:57:16,37.0,W                   ,0.0,200.0,10.0,,,%.1f                ,,,,,,,,,,,,,,,,,,,,,,,,,,,,,,,,,,,,,,0.0,
2026-07-08 02:57:16,38.0,W                   ,0.0,200.0,10.0,,,%.1f                ,,,,,,,,,,,,,,,,,,,,,,,,,,,,,,,,,,,,,,0.0,
2026-07-08 02:57:16,39.0,W                   ,0.0,200.0,10.0,,,%.1f                ,,,,,,,,,,,,,,,,,,,,,,,,,,,,,,,,,,,,,,0.0,
2026-07-08 02:57:16,40.0,W                   ,0.0,200.0,10.0,,,%.1f                ,,,,,,,,,,,,,,,,,,,,,,,,,,,,,,,,,,,,,,0.0,
2026-07-08 02:57:16,41.0,W                   ,0.0,200.0,10.0,,,%.1f                ,,,,,,,,,,,,,,,,,,,,,,,,,,,,,,,,,,,,,,0.0,
2026-07-08 02:57:16,42.0,MB                  ,0.0,16384.0,10.0,,,,,,,,,,,,,,,,,,,,,,,,,,,,,,,,,,,,,,,,,0.0,
2026-07-08 02:57:16,43.0,MB                  ,0.0,16384.0,10.0,,,,,,,,,,,,,,,,,,,,,,,,,,,,,,,,,,,,,,,,,0.0,
2026-07-08 02:57:16,44.0,ms                  ,0.0,50.0,10.0,,,%.1f                ,,,,,,,,,,,,,,,,,,,,,,,,,,,,,,,,,,,,,,0.0,
2026-07-08 02:57:16,44.0,0.000               ,393.52,200.0,933.0,0.0,43.875,43.875              ,43.875,43.875,43.875,43.875,43.875,43.875,43.875,37.415,29.268,29.336,27.339,30.267,19.961,25.33,20.333,27.406,3375.0,3375.0,3375.0,3375.0,2700.0,2700.0,2700.0,2700.0,3375.0,1.456,1.456,1.385,1.385,1.282,1.282,1.116,1.116,12.181,3378.0,8766.0,,0.0,
2026-07-08 02:57:17,44.0,1.000               ,396.914,200.0,1200.0,0.0,44.875,44.875              ,44.875,44.875,44.875,44.875,44.875,44.875,44.875,32.913,23.657,46.897,33.808,36.127,23.039,27.431,37.742,32.702,2650.0,2650.0,2650.0,2650.0,2650.0,2650.0,2650.0,2650.0,2650.0,1.494,1.494,2.311,2.311,1.617,1.617,1.743,1.743,14.694,3417.0,8860.0,,1.0,
2026-07-08 02:57:18,55.0,8.000               ,397.773,200.0,1200.0,0.0,55.0,55.000              ,55.0,55.0,55.0,55.0,55.0,55.0,55.0,78.659,68.119,78.244,81.126,84.656,75.026,83.096,69.141,77.258,3375.0,3500.0,3475.0,3475.0,3475.0,3475.0,3475.0,3475.0,3500.0,3.84,3.84,4.187,4.187,4.334,4.358,3.962,3.962,25.669,3514.0,8936.0,,2.0,
2026-07-08 02:57:19,55.0,7.000               ,405.68,200.0,1067.0,0.0,55.5,55.500              ,55.5,55.5,55.5,55.5,55.5,55.5,55.5,35.41,26.344,32.081,92.001,50.022,36.988,61.501,27.706,45.257,3350.0,3350.0,3350.0,3350.0,3350.0,3350.0,3350.0,3350.0,3350.0,2.145,2.145,4.433,4.424,2.963,2.896,3.179,3.179,20.974,3585.0,8978.0,,3.0,
2026-07-08 02:57:20,54.0,0.000               ,399.805,200.0,1067.0,0.0,54.25,54.250              ,54.25,54.25,54.25,54.25,54.25,54.25,54.25,13.529,7.606,12.207,49.749,58.919,3.526,11.915,6.425,20.485,2333.333,2333.333,3500.0,3500.0,3500.0,3500.0,2333.333,2333.333,3500.0,0.888,0.888,2.464,2.41,2.257,2.257,0.724,0.724,13.232,3720.0,9114.0,,4.0,
2026-07-08 02:57:21,52.0,0.000               ,399.805,200.0,1067.0,0.0,52.75,52.750              ,52.75,52.75,52.75,52.75,52.75,52.75,52.75,8.182,4.912,3.481,54.196,31.495,2.544,10.734,5.104,15.081,2333.333,2333.333,2333.333,2333.333,3500.0,3500.0,3400.0,3400.0,3500.0,0.543,0.543,1.705,1.705,1.216,1.216,0.687,0.688,12.761,4195.0,9586.0,,5.0,
2026-07-08 02:57:22,53.0,0.000               ,399.805,200.0,933.0,0.0,53.5,53.500              ,53.5,53.5,53.5,53.5,53.5,53.5,53.5,5.845,4.906,2.169,79.886,22.147,2.57,22.979,2.887,17.924,2333.333,2333.333,3500.0,3500.0,3500.0,3500.0,2333.333,2333.333,3500.0,0.668,0.668,3.596,3.596,1.122,1.122,1.327,1.326,13.86,4206.0,9606.0,,6.0,
2026-07-08 02:57:23,53.0,0.000               ,399.805,200.0,933.0,0.0,53.875,53.875              ,53.875,53.875,53.875,53.875,53.875,53.875,53.875,5.131,6.588,3.143,86.003,18.01,1.114,14.383,2.321,17.087,3500.0,3500.0,3500.0,3500.0,3500.0,3500.0,3500.0,3500.0,3500.0,0.674,0.674,3.601,3.568,0.981,0.981,0.876,0.876,13.481,4273.0,9664.0,,7.0,
2026-07-08 02:57:24,54.0,0.000               ,399.805,200.0,933.0,0.0,54.125,54.125              ,54.125,54.125,54.125,54.125,54.125,54.125,54.125,3.68,2.884,1.406,91.71,22.787,1.713,5.269,4.947,16.799,2333.333,2333.333,3500.0,3500.0,3500.0,3500.0,2333.333,2333.333,3500.0,0.336,0.336,4.109,4.103,1.056,1.056,0.528,0.528,13.142,4336.0,9736.0,,8.0,
2026-07-08 02:57:25,53.0,0.000               ,399.805,200.0,933.0,0.0,53.25,53.250              ,53.25,53.25,53.25,53.25,53.25,53.25,53.25,14.348,4.285,5.271,64.913,32.798,4.711,13.06,3.479,17.858,2333.333,2333.333,3500.0,3500.0,3500.0,3500.0,2333.333,2333.333,3500.0,0.808,0.808,2.889,2.912,1.498,1.5,0.851,0.851,14.241,4448.0,9807.0,,9.0,
2026-07-08 02:57:26,54.0,0.000               ,437.574,200.0,1200.0,0.0,54.375,54.375              ,54.375,54.375,54.375,54.375,54.375,54.375,54.375,51.304,21.738,44.291,39.196,34.6,43.431,67.278,28.09,41.241,3350.0,3350.0,3350.0,3350.0,3350.0,3350.0,3350.0,3350.0,3350.0,2.245,2.245,2.414,2.412,2.357,2.367,3.042,3.042,19.577,4516.0,10048.0,0.0,10.0,
2026-07-08 02:57:27,55.0,2.000               ,469.273,200.0,1200.0,0.0,55.25,55.250              ,55.25,55.25,55.25,55.25,55.25,55.25,55.25,36.184,18.579,39.678,28.87,51.853,21.282,77.388,14.404,36.03,3500.0,3500.0,2800.0,2800.0,2800.0,2800.0,3500.0,3500.0,3500.0,1.701,1.701,2.162,2.162,2.389,2.378,3.309,3.309,19.142,4634.0,10192.0,0.0,11.0,
2026-07-08 02:57:28,55.0,4.000               ,475.363,200.0,933.0,0.0,55.875,55.875              ,55.875,55.875,55.875,55.875,55.875,55.875,55.875,12.216,7.695,12.186,15.158,62.43,6.665,18.514,30.532,20.675,2333.333,2333.333,2333.333,2333.333,2333.333,2333.333,3500.0,3500.0,3500.0,0.795,0.795,1.059,1.059,2.756,2.756,1.946,1.946,13.656,4715.0,10283.0,0.0,12.0,
2026-07-08 02:57:29,55.0,2.000               ,478.113,200.0,933.0,0.0,55.625,55.625              ,55.625,55.625,55.625,55.625,55.625,55.625,55.625,8.46,5.473,3.749,78.24,22.039,2.467,25.642,3.68,18.719,2333.333,2333.333,3500.0,3500.0,3500.0,3500.0,3500.0,3500.0,3500.0,0.67,0.67,2.927,2.951,1.07,1.07,1.27,1.27,13.556,4791.0,10350.0,0.0,13.0,
2026-07-08 02:57:30,56.0,0.000               ,478.664,200.0,933.0,0.0,56.125,56.125              ,56.125,56.125,56.125,56.125,56.125,56.125,56.125,33.293,27.973,42.301,33.955,38.559,43.495,48.846,46.759,39.398,2680.0,2680.0,3350.0,3350.0,3400.0,3400.0,3400.0,3400.0,3400.0,2.012,2.012,2.54,2.564,1.931,1.931,4.213,4.213,18.306,4768.0,10330.0,0.0,14.0,
2026-07-08 02:57:31,56.0,0.000               ,523.469,200.0,1067.0,0.0,56.25,56.250              ,56.25,56.25,56.25,56.25,56.25,56.25,56.25,34.143,33.3,44.254,25.886,42.06,19.502,43.387,48.058,36.324,2800.0,2800.0,3500.0,3500.0,3500.0,3500.0,2800.0,2800.0,3500.0,2.143,2.143,1.843,1.786,1.744,1.744,3.919,3.913,19.316,4825.0,10423.0,0.0,15.0,
2026-07-08 02:57:32,56.0,22.000              ,543.984,200.0,1200.0,0.0,56.875,56.875              ,56.875,56.875,56.875,56.875,56.875,56.875,56.875,38.658,17.658,39.974,25.591,43.28,10.584,38.987,55.074,33.726,2800.0,2800.0,2800.0,2800.0,3500.0,3500.0,3450.0,3450.0,3500.0,1.699,1.699,1.812,1.82,2.009,2.012,4.179,4.215,19.556,4844.0,10531.0,31.598,16.0,31.65
2026-07-08 02:57:33,57.0,50.000              ,554.797,200.0,1067.0,0.0,57.625,57.625              ,57.625,57.625,57.625,57.625,57.625,57.625,57.625,34.856,26.076,51.748,26.268,35.43,31.016,28.152,9.729,30.409,2333.333,2333.333,2333.333,2333.333,3500.0,3475.0,1985.714,1985.714,3500.0,1.979,1.979,3.422,3.506,2.698,2.698,1.463,1.439,20.322,4850.0,10530.0,28.046,17.0,35.66
2026-07-08 02:57:34,58.0,59.000              ,573.684,200.0,933.0,0.0,58.375,58.375              ,58.375,58.375,58.375,58.375,58.375,58.375,58.375,32.831,17.74,54.554,30.032,37.848,34.774,62.384,8.015,34.772,2333.333,2333.333,3500.0,3500.0,2800.0,2800.0,2333.333,2333.333,3500.0,1.781,1.781,2.709,2.602,2.971,2.967,3.322,3.331,21.679,4834.0,10538.0,32.571,18.0,30.7
2026-07-08 02:57:35,59.0,57.000              ,573.684,200.0,933.0,0.0,59.75,59.750              ,59.75,59.75,59.75,59.75,59.75,59.75,59.75,15.141,8.355,92.145,12.226,25.152,3.682,15.6,7.937,22.53,3500.0,3500.0,2333.333,2333.333,3500.0,3500.0,2333.333,2333.333,3500.0,1.01,1.01,4.725,4.725,1.27,1.251,1.133,1.126,16.29,4852.0,10560.0,692.362,19.0,1.44
2026-07-08 02:57:36,58.0,37.000              ,571.773,200.0,1067.0,0.0,58.5,58.500              ,58.5,58.5,58.5,58.5,58.5,58.5,58.5,29.227,14.509,54.082,16.357,49.399,6.692,25.002,12.951,26.027,2333.333,2333.333,3500.0,3500.0,2333.333,2333.333,3500.0,3500.0,3500.0,1.282,1.282,1.952,1.952,1.642,1.662,1.271,1.271,15.517,4852.0,10571.0,27.622,20.0,36.2
2026-07-08 02:57:37,58.0,39.000              ,571.707,200.0,933.0,0.0,58.0,58.000              ,58.0,58.0,58.0,58.0,58.0,58.0,58.0,27.937,9.953,57.88,11.259,28.617,4.599,28.678,5.453,21.797,2800.0,2800.0,3500.0,3500.0,2333.333,2333.333,2333.333,2333.333,3500.0,1.234,1.238,2.015,2.015,1.207,1.205,1.15,1.15,15.359,4865.0,10571.0,21.842,21.0,45.78
2026-07-08 02:57:38,57.0,59.000              ,571.207,200.0,1200.0,0.0,57.75,57.750              ,57.75,57.75,57.75,57.75,57.75,57.75,57.75,36.312,17.467,54.138,23.818,34.404,8.754,29.975,12.394,27.158,2333.333,2333.333,3500.0,3500.0,2333.333,2333.333,2333.333,2333.333,3500.0,1.502,1.498,2.258,2.263,1.34,1.34,1.292,1.292,16.019,4909.0,10621.0,100.364,22.0,9.96
2026-07-08 02:57:39,58.0,57.000              ,571.207,200.0,933.0,0.0,58.0,58.000              ,58.0,58.0,58.0,58.0,58.0,58.0,58.0,43.434,31.989,53.311,16.915,45.768,23.01,28.435,7.143,31.251,3325.0,3325.0,3325.0,3325.0,2660.0,2216.667,1928.571,1928.571,3325.0,2.159,2.159,2.085,2.081,2.355,2.355,1.18,1.182,18.93,4913.0,10625.0,21.491,23.0,46.53
2026-07-08 02:57:40,57.0,55.000              ,571.207,800.0,1200.0,0.0,57.875,57.875              ,57.875,57.875,57.875,57.875,57.875,57.875,57.875,48.728,36.096,48.914,39.271,51.036,32.308,46.997,28.259,41.451,2650.0,2650.0,2650.0,2650.0,2650.0,2650.0,2650.0,2650.0,2650.0,1.664,1.664,1.932,1.932,1.771,1.771,1.596,1.594,17.176,4899.0,10713.0,26.671,24.0,37.49
2026-07-08 02:57:41,59.0,54.000              ,564.121,200.0,1067.0,0.0,59.25,59.250              ,59.25,59.25,59.25,59.25,59.25,59.25,59.25,57.325,38.034,66.455,47.127,66.544,45.537,64.066,46.901,53.999,3325.0,3325.0,2216.667,2216.667,2216.667,2216.667,3325.0,3325.0,3325.0,2.087,2.092,2.77,2.77,2.769,2.769,2.705,2.705,23.153,5055.0,10890.0,26.81,25.0,37.3
2026-07-08 02:57:42,60.0,55.000              ,564.121,200.0,1200.0,0.0,60.75,60.750              ,60.75,60.75,60.75,60.75,60.75,60.75,60.75,47.806,34.893,57.197,43.253,53.166,40.285,57.601,46.021,47.528,2333.333,2333.333,3500.0,3500.0,3325.0,3325.0,3325.0,3325.0,3500.0,2.137,2.133,2.812,2.812,2.665,2.665,2.881,2.884,23.463,5161.0,10985.0,25.503,26.0,39.21
2026-07-08 02:57:43,61.0,61.000              ,564.121,200.0,1067.0,0.0,61.75,61.750              ,61.75,61.75,61.75,61.75,61.75,61.75,61.75,44.324,24.311,61.388,49.028,64.37,25.558,64.557,32.121,45.707,2266.667,2266.667,3400.0,3400.0,3400.0,3400.0,3400.0,3400.0,3400.0,1.876,1.876,3.086,3.057,2.892,2.892,2.899,2.896,22.581,5190.0,11027.0,24.073,27.0,41.54
2026-07-08 02:57:44,62.0,59.000              ,535.012,200.0,1200.0,0.0,62.875,62.875              ,62.875,62.875,62.875,62.875,62.875,62.875,62.875,49.097,37.775,66.51,56.304,61.408,29.746,61.072,53.831,51.968,1914.286,1914.286,3350.0,3350.0,3350.0,3475.0,2780.0,2780.0,3475.0,2.218,2.218,3.039,3.09,2.64,2.64,3.191,3.191,24.168,5175.0,11007.0,20.406,28.0,49.01
2026-07-08 02:57:45,64.0,58.000              ,514.441,200.0,1200.0,0.0,64.0,64.000              ,64.0,64.0,64.0,64.0,64.0,64.0,64.0,56.039,29.394,67.665,47.065,49.98,54.769,59.191,62.1,53.275,3300.0,3300.0,2200.0,2200.0,3300.0,3350.0,3350.0,3350.0,3350.0,2.303,2.29,2.917,2.894,2.969,2.969,3.371,3.371,24.332,5193.0,11024.0,22.955,29.0,43.56
2026-07-08 02:57:46,65.0,61.000              ,514.441,200.0,1067.0,0.0,65.0,65.000              ,65.0,65.0,65.0,65.0,65.0,65.0,65.0,36.883,27.917,66.113,49.423,56.522,45.507,63.277,36.478,47.765,2680.0,2680.0,3350.0,3350.0,3300.0,3300.0,3300.0,3300.0,3350.0,1.81,1.788,3.243,3.247,3.317,3.317,3.263,3.263,24.424,5329.0,11162.0,20.185,30.0,49.54
2026-07-08 02:57:47,64.0,62.000              ,514.441,200.0,1200.0,0.0,64.75,64.750              ,64.75,64.75,64.75,64.75,64.75,64.75,64.75,44.225,27.307,54.613,44.733,63.783,22.552,57.8,40.367,44.423,2680.0,2680.0,3350.0,2640.0,3300.0,3300.0,3300.0,3300.0,3350.0,1.877,1.91,2.84,2.836,2.53,2.53,2.808,2.808,23.189,5405.0,11189.0,25.944,31.0,38.54
2026-07-08 02:57:48,65.0,64.000              ,514.316,200.0,1200.0,0.0,65.25,65.250              ,65.25,65.25,65.25,65.25,65.25,65.25,65.25,63.101,42.877,66.081,61.868,64.788,54.496,62.568,64.624,60.05,3300.0,3300.0,3300.0,3300.0,3300.0,3275.0,3275.0,3275.0,3300.0,2.137,2.138,2.823,2.823,2.676,2.676,2.846,2.846,24.113,5424.0,11219.0,23.355,32.0,42.82
2026-07-08 02:57:49,65.0,62.000              ,514.316,200.0,1200.0,0.0,65.375,65.375              ,65.375,65.375,65.375,65.375,65.375,65.375,65.375,52.985,43.778,61.944,57.773,58.246,41.169,60.095,64.073,55.008,3275.0,3275.0,3275.0,3275.0,3275.0,3275.0,3275.0,3450.0,3450.0,1.993,1.986,2.727,2.727,2.131,2.133,2.678,2.678,22.663,5208.0,11005.0,27.523,33.0,36.33
2026-07-08 02:57:50,66.0,60.000              ,514.316,200.0,1067.0,0.0,66.0,66.000              ,66.0,66.0,66.0,66.0,66.0,66.0,66.0,42.975,29.973,64.964,43.364,57.226,40.459,59.684,47.976,48.327,3275.0,3275.0,3275.0,3275.0,3275.0,3275.0,3275.0,3275.0,3275.0,1.793,1.793,3.04,3.04,3.039,3.036,3.331,3.331,23.882,5175.0,11068.0,17.92,34.0,55.8
2026-07-08 02:57:51,66.0,58.000              ,514.316,200.0,1067.0,0.0,66.25,66.250              ,66.25,66.25,66.25,66.25,66.25,66.25,66.25,39.469,22.137,61.277,30.109,51.032,21.679,59.113,27.26,39.009,3450.0,3450.0,3450.0,3450.0,2800.0,2800.0,2780.0,2780.0,3450.0,1.824,1.824,3.313,3.322,2.753,2.753,3.017,3.023,22.896,5101.0,10993.0,26.596,35.0,37.6
2026-07-08 02:57:52,66.0,57.000              ,514.316,200.0,1067.0,0.0,66.375,66.375              ,66.375,66.375,66.375,66.375,66.375,66.375,66.375,44.445,18.962,78.357,27.131,70.408,19.1,58.554,12.91,41.233,3300.0,3300.0,3300.0,3300.0,3300.0,3350.0,3425.0,3425.0,3425.0,1.777,1.777,3.746,3.737,3.187,3.187,2.269,2.263,22.505,5108.0,11006.0,17.73,36.0,56.4
2026-07-08 02:57:53,66.0,57.000              ,514.316,200.0,1067.0,0.0,66.75,66.750              ,66.75,66.75,66.75,66.75,66.75,66.75,66.75,44.302,21.236,73.45,31.469,66.006,23.719,65.854,19.154,43.149,3275.0,3275.0,3275.0,3275.0,2620.0,3275.0,3500.0,3500.0,3500.0,1.806,1.806,3.616,3.629,3.172,3.172,2.618,2.618,23.056,5161.0,11058.0,17.681,37.0,56.56
2026-07-08 02:57:54,67.0,58.000              ,505.695,200.0,1067.0,0.0,67.375,67.375              ,67.375,67.375,67.375,67.375,67.375,67.375,67.375,38.158,19.922,60.784,37.616,60.528,21.171,53.682,40.353,41.527,2700.0,2700.0,3275.0,3275.0,3275.0,3275.0,3275.0,3275.0,3275.0,1.699,1.699,3.133,3.12,2.974,2.974,3.282,3.282,23.258,5265.0,11145.0,17.249,38.0,57.97
2026-07-08 02:57:55,68.0,57.000              ,505.695,200.0,1200.0,0.0,68.25,68.250              ,68.25,68.25,68.25,68.25,68.25,68.25,68.25,43.019,23.65,64.225,43.282,59.646,24.427,69.272,26.379,44.238,1900.0,1900.0,3325.0,3325.0,3325.0,3275.0,3275.0,3375.0,3375.0,1.876,1.876,3.323,3.344,2.739,2.739,2.945,2.945,23.491,5327.0,11331.0,22.594,39.0,44.26
2026-07-08 02:57:56,68.0,57.000              ,505.695,200.0,1200.0,0.0,68.25,68.250              ,68.25,68.25,68.25,68.25,68.25,68.25,68.25,40.566,26.091,63.65,40.096,52.424,24.781,63.298,23.234,41.768,3275.0,3275.0,3275.0,3275.0,2620.0,2620.0,2620.0,2620.0,3275.0,1.735,1.735,2.784,2.765,2.199,2.205,2.359,2.359,22.51,5354.0,11369.0,25.654,40.0,38.98
2026-07-08 02:57:57,68.0,60.000              ,505.695,200.0,1200.0,0.0,68.25,68.250              ,68.25,68.25,68.25,68.25,68.25,68.25,68.25,42.285,24.346,58.265,32.673,58.322,33.302,54.362,44.666,43.528,3275.0,3275.0,3325.0,3325.0,3275.0,3275.0,3425.0,3275.0,3425.0,1.661,1.661,2.375,2.373,2.542,2.537,2.73,2.73,22.875,5403.0,11378.0,18.077,41.0,55.32
2026-07-08 02:57:58,68.0,63.000              ,505.695,200.0,1200.0,0.0,68.25,68.250              ,68.25,68.25,68.25,68.25,68.25,68.25,68.25,43.638,18.211,65.806,33.813,80.011,17.579,72.662,16.632,43.544,3275.0,3275.0,3275.0,3275.0,3275.0,3275.0,3275.0,3275.0,3275.0,1.591,1.591,2.685,2.685,2.79,2.795,2.39,2.39,22.936,5409.0,11395.0,18.078,42.0,55.32
2026-07-08 02:57:59,68.0,64.000              ,505.695,200.0,1200.0,0.0,68.25,68.250              ,68.25,68.25,68.25,68.25,68.25,68.25,68.25,45.78,19.414,63.376,41.264,60.271,29.354,75.887,15.543,43.861,3275.0,3275.0,3275.0,3275.0,3275.0,3275.0,3275.0,3275.0,3275.0,1.675,1.675,2.646,2.65,2.529,2.525,2.545,2.545,23.056,5415.0,11410.0,17.938,43.0,55.75
2026-07-08 02:58:00,68.0,62.000              ,505.695,200.0,1200.0,0.0,68.5,68.500              ,68.5,68.5,68.5,68.5,68.5,68.5,68.5,61.939,22.059,60.385,51.469,52.394,21.465,68.038,26.722,45.559,3275.0,3275.0,3275.0,3275.0,3275.0,3275.0,3275.0,3325.0,3325.0,2.207,2.207,2.701,2.674,1.962,1.962,2.545,2.55,22.961,5442.0,11450.0,19.549,44.0,51.15
2026-07-08 02:58:01,68.0,60.000              ,505.695,200.0,1067.0,0.0,68.75,68.750              ,68.75,68.75,68.75,68.75,68.75,68.75,68.75,57.695,25.006,59.851,53.85,56.029,28.994,78.466,16.371,47.033,2166.667,2166.667,3275.0,3325.0,3325.0,3325.0,3325.0,3275.0,3325.0,2.079,2.084,2.703,2.727,2.263,2.266,2.574,2.569,23.339,5495.0,11472.0,21.493,45.0,46.53
2026-07-08 02:58:02,70.0,59.000              ,505.695,200.0,1200.0,0.0,70.0,70.000              ,70.0,70.0,70.0,70.0,70.0,70.0,70.0,74.215,58.373,76.387,73.406,75.302,66.424,77.218,53.728,69.382,3250.0,3250.0,3250.0,3250.0,3275.0,3275.0,3275.0,3275.0,3275.0,2.7,2.695,3.269,3.274,3.037,3.038,2.883,2.883,26.536,5331.0,11504.0,23.29,46.0,42.94
2026-07-08 02:58:03,70.0,63.000              ,505.695,200.0,1200.0,0.0,70.125,70.125              ,70.125,70.125,70.125,70.125,70.125,70.125,70.125,74.413,59.485,69.118,64.215,76.626,56.758,68.105,48.523,64.655,2216.667,3250.0,3250.0,3250.0,3250.0,3250.0,3250.0,3250.0,3250.0,2.524,2.529,2.657,2.652,2.69,2.685,2.521,2.525,24.549,5335.0,11553.0,25.935,47.0,38.56
2026-07-08 02:58:04,70.0,66.000              ,505.445,200.0,1200.0,0.0,70.25,70.250              ,70.25,70.25,70.25,70.25,70.25,70.25,70.25,59.717,51.165,59.805,59.042,62.648,47.949,53.519,58.029,56.484,3250.0,3250.0,3250.0,3250.0,2600.0,3250.0,3250.0,3250.0,3250.0,2.277,2.272,2.593,2.593,2.437,2.437,2.57,2.567,23.982,5262.0,11590.0,18.622,48.0,53.7
2026-07-08 02:58:05,70.0,64.000              ,505.445,200.0,1200.0,0.0,70.375,70.375              ,70.375,70.375,70.375,70.375,70.375,70.375,70.375,46.172,21.479,62.499,46.12,49.865,19.133,55.612,53.503,44.298,2600.0,3275.0,3275.0,3300.0,3275.0,3275.0,3275.0,3275.0,3300.0,1.726,1.726,2.768,2.768,1.883,1.883,2.949,2.949,23.126,5306.0,11636.0,17.925,49.0,55.79
2026-07-08 02:58:06,70.0,61.000              ,505.445,200.0,1200.0,0.0,70.5,70.500              ,70.5,70.5,70.5,70.5,70.5,70.5,70.5,43.878,22.31,61.901,47.845,59.216,26.403,63.506,35.852,45.114,3250.0,3250.0,2600.0,2600.0,2700.0,2700.0,3375.0,3325.0,3375.0,1.78,1.78,2.821,2.795,2.398,2.398,2.684,2.684,23.521,5336.0,11682.0,18.662,50.0,53.58
2026-07-08 02:58:07,70.0,60.000              ,505.445,200.0,1200.0,0.0,70.875,70.875              ,70.875,70.875,70.875,70.875,70.875,70.875,70.875,50.465,23.602,61.29,50.784,56.397,32.999,59.562,46.588,47.711,2760.0,2640.0,3450.0,3450.0,3375.0,3375.0,2760.0,2760.0,3450.0,1.919,1.919,2.905,2.932,2.401,2.401,2.806,2.806,23.984,5353.0,11721.0,17.83,51.0,56.09
2026-07-08 02:58:08,71.0,59.000              ,505.445,200.0,1067.0,0.0,71.25,71.250              ,71.25,71.25,71.25,71.25,71.25,71.25,71.25,59.055,29.088,66.018,52.757,62.258,34.24,56.961,44.557,50.617,1928.571,2250.0,3375.0,3375.0,2760.0,3475.0,2700.0,2700.0,3475.0,2.248,2.248,2.862,2.862,2.478,2.478,2.783,2.783,24.508,5442.0,11764.0,18.11,52.0,55.22
2026-07-08 02:58:09,71.0,59.000              ,505.445,200.0,1200.0,0.0,71.75,71.750              ,71.75,71.75,71.75,71.75,71.75,71.75,71.75,49.805,47.808,65.035,54.486,56.15,49.056,68.636,40.441,53.927,2740.0,2740.0,3425.0,3425.0,2740.0,2740.0,2740.0,2740.0,3425.0,2.336,2.336,3.033,3.04,2.703,2.703,2.902,2.902,25.681,5328.0,11819.0,22.572,53.0,44.3
2026-07-08 02:58:10,72.0,63.000              ,505.445,200.0,1200.0,0.0,72.0,72.000              ,72.0,72.0,72.0,72.0,72.0,72.0,72.0,53.346,23.856,60.355,54.714,48.862,29.43,53.942,62.503,48.376,2266.667,2266.667,2720.0,2720.0,2800.0,2800.0,3500.0,3500.0,3500.0,2.113,2.113,2.691,2.685,2.2,2.2,3.369,3.369,24.769,5351.0,11835.0,24.198,54.0,41.33
2026-07-08 02:58:11,71.0,67.000              ,505.445,200.0,1200.0,0.0,71.75,71.750              ,71.75,71.75,71.75,71.75,71.75,71.75,71.75,54.954,18.375,65.086,54.426,48.04,37.968,50.977,52.357,47.773,2640.0,2640.0,3275.0,3275.0,2620.0,2620.0,2620.0,2620.0,3275.0,1.906,1.911,2.609,2.609,2.072,2.072,2.872,2.88,23.564,5364.0,11875.0,20.112,55.0,49.72
2026-07-08 02:58:12,71.0,67.000              ,505.445,200.0,1200.0,0.0,71.5,71.500              ,71.5,71.5,71.5,71.5,71.5,71.5,71.5,55.478,20.652,66.754,49.179,59.348,28.223,49.527,55.112,48.034,2216.667,2216.667,2680.0,2660.0,2680.0,2680.0,3325.0,3325.0,3325.0,1.906,1.901,2.589,2.555,2.12,2.123,2.6,2.592,23.055,5423.0,11896.0,17.824,56.0,56.1
2026-07-08 02:58:13,71.0,65.000              ,505.445,200.0,1200.0,0.0,71.25,71.250              ,71.25,71.25,71.25,71.25,71.25,71.25,71.25,64.285,29.088,66.823,59.057,52.03,29.198,60.087,36.122,49.586,2620.0,2620.0,3275.0,3250.0,3150.0,3150.0,2520.0,2520.0,3275.0,2.133,2.133,2.664,2.705,1.891,1.888,2.245,2.233,22.58,5450.0,11934.0,19.959,57.0,50.1
2026-07-08 02:58:14,71.0,63.000              ,505.445,200.0,1200.0,0.0,71.0,71.000              ,71.0,71.0,71.0,71.0,71.0,71.0,71.0,52.909,31.955,65.38,55.214,52.063,37.255,67.793,31.043,49.202,2540.0,2540.0,3175.0,3175.0,2500.0,2520.0,2540.0,2540.0,3175.0,1.873,1.873,2.527,2.522,1.947,1.947,2.233,2.245,22.239,5463.0,11957.0,17.528,58.0,57.05
2026-07-08 02:58:15,70.0,64.000              ,505.445,200.0,1200.0,0.0,70.75,70.750              ,70.75,70.75,70.75,70.75,70.75,70.75,70.75,51.481,21.991,68.885,54.513,56.811,35.097,49.539,47.23,48.193,2560.0,2560.0,2560.0,2540.0,2540.0,2540.0,3175.0,3125.0,3175.0,1.7,1.702,2.486,2.486,1.978,1.978,2.129,2.129,21.755,5461.0,11969.0,18.158,59.0,55.07
2026-07-08 02:58:16,70.0,65.000              ,505.445,200.0,1200.0,0.0,70.125,70.125              ,70.125,70.125,70.125,70.125,70.125,70.125,70.125,49.207,22.553,61.835,54.343,51.605,41.565,64.291,40.762,48.27,2520.0,2520.0,3150.0,3150.0,3050.0,3075.0,2460.0,2460.0,3150.0,1.572,1.57,2.285,2.285,1.983,1.983,2.26,2.242,21.245,5516.0,11979.0,21.551,60.0,46.4
2026-07-08 02:58:17,70.0,61.000              ,505.445,200.0,1200.0,0.0,69.875,69.875              ,69.875,69.875,69.875,69.875,69.875,69.875,69.875,62.712,34.556,73.003,55.043,54.427,26.54,57.213,43.159,50.832,2500.0,2500.0,3125.0,3125.0,2400.0,2400.0,2400.0,2400.0,3125.0,1.842,1.842,2.439,2.439,1.609,1.612,1.892,1.905,20.952,5528.0,12002.0,17.698,61.0,56.5
2026-07-08 02:58:18,69.0,60.000              ,505.445,200.0,1200.0,0.0,69.5,69.500              ,69.5,69.5,69.5,69.5,69.5,69.5,69.5,57.227,34.628,70.035,55.845,50.246,44.743,56.709,37.43,50.858,2460.0,2460.0,3075.0,3075.0,2400.0,2400.0,2400.0,2400.0,3075.0,1.725,1.725,2.287,2.291,1.74,1.741,1.754,1.754,20.589,5532.0,12021.0,18.313,62.0,54.61
2026-07-08 02:58:19,69.0,64.000              ,505.445,200.0,1200.0,0.0,69.125,69.125              ,69.125,69.125,69.125,69.125,69.125,69.125,69.125,47.774,23.693,63.973,55.802,58.628,38.963,47.918,55.009,48.97,2440.0,2440.0,2975.0,2975.0,2380.0,2380.0,2975.0,2975.0,2975.0,1.358,1.358,1.958,1.938,1.799,1.799,1.998,1.998,20.075,5588.0,12042.0,22.531,63.0,44.38
2026-07-08 02:58:20,69.0,65.000              ,505.445,200.0,1200.0,0.0,69.0,69.000              ,69.0,69.0,69.0,69.0,69.0,69.0,69.0,52.012,20.681,70.125,54.51,47.368,42.895,59.937,38.996,48.316,2440.0,2440.0,3050.0,2440.0,2440.0,2440.0,2950.0,2950.0,3050.0,1.429,1.429,2.094,2.104,1.636,1.633,1.862,1.866,19.976,5598.0,12055.0,17.594,64.0,56.84
2026-07-08 02:58:21,68.0,63.000              ,505.445,200.0,1200.0,0.0,68.375,68.375              ,68.375,68.375,68.375,68.375,68.375,68.375,68.375,49.188,23.741,60.805,58.959,49.638,49.958,59.71,51.061,50.383,2400.0,2400.0,2400.0,2400.0,3000.0,2925.0,2340.0,2340.0,3000.0,1.315,1.315,1.821,1.829,1.752,1.752,1.926,1.922,19.714,5599.0,12073.0,18.112,65.0,55.21
2026-07-08 02:58:22,68.0,64.000              ,505.445,200.0,1200.0,0.0,68.25,68.250              ,68.25,68.25,68.25,68.25,68.25,68.25,68.25,45.246,25.47,62.943,45.935,60.537,25.165,49.172,51.591,45.757,2440.0,2440.0,3050.0,3050.0,2900.0,2900.0,2320.0,2320.0,3050.0,1.386,1.389,1.919,1.918,1.668,1.668,1.944,1.944,19.257,5613.0,12101.0,29.902,66.0,33.44
2026-07-08 02:58:23,67.0,61.000              ,505.445,200.0,1200.0,0.0,67.875,67.875              ,67.875,67.875,67.875,67.875,67.875,67.875,67.875,47.509,29.376,55.268,60.457,55.602,21.291,70.959,17.874,44.792,2420.0,2420.0,2420.0,2420.0,2420.0,2420.0,3025.0,3025.0,3025.0,1.428,1.425,2.104,2.085,1.573,1.573,1.651,1.651,19.333,5726.0,12227.0,17.779,67.0,56.25
2026-07-08 02:58:24,67.0,57.000              ,505.445,200.0,1200.0,0.0,67.25,67.250              ,67.25,67.25,67.25,67.25,67.25,67.25,67.25,70.269,65.153,77.773,78.776,78.288,64.43,81.629,63.866,72.523,2380.0,2380.0,2975.0,2975.0,2380.0,2360.0,2360.0,2360.0,2975.0,1.425,1.429,1.829,1.819,1.576,1.576,1.7,1.702,19.131,5503.0,12285.0,23.474,68.0,42.6
2026-07-08 02:58:25,66.0,61.000              ,505.445,200.0,1200.0,0.0,66.75,66.750              ,66.75,66.75,66.75,66.75,66.75,66.75,66.75,82.211,78.008,84.883,86.374,87.746,80.701,86.977,84.843,83.968,2525.0,2525.0,2525.0,2525.0,2525.0,2525.0,2020.0,2525.0,2525.0,1.348,1.344,1.568,1.589,1.565,1.565,1.645,1.643,18.54,5321.0,12328.0,17.711,69.0,56.46
2026-07-08 02:58:26,66.0,64.000              ,505.445,200.0,1200.0,0.0,66.75,66.750              ,66.75,66.75,66.75,66.75,66.75,66.75,66.75,55.927,56.356,63.105,69.467,64.435,52.211,57.83,80.393,62.466,2060.0,2060.0,2060.0,2080.0,2080.0,2080.0,2600.0,2600.0,2600.0,1.281,1.281,1.592,1.589,1.387,1.387,1.917,1.917,18.16,5286.0,12346.0,27.34,70.0,36.58
2026-07-08 02:58:27,66.0,62.000              ,505.445,200.0,1200.0,0.0,66.75,66.750              ,66.75,66.75,66.75,66.75,66.75,66.75,66.75,49.924,27.549,59.217,46.289,53.107,26.779,44.7,46.742,44.288,2360.0,2360.0,2950.0,2950.0,2360.0,2360.0,2360.0,2360.0,2950.0,1.319,1.323,2.046,2.049,1.547,1.55,1.714,1.714,18.242,5326.0,12382.0,18.188,71.0,54.98
2026-07-08 02:58:28,66.0,61.000              ,505.445,200.0,1067.0,0.0,66.75,66.750              ,66.75,66.75,66.75,66.75,66.75,66.75,66.75,54.421,38.489,63.8,52.376,52.378,41.002,68.003,51.234,52.713,2160.0,2160.0,2120.0,2120.0,2120.0,2120.0,2650.0,2650.0,2650.0,1.384,1.38,1.758,1.758,1.425,1.422,1.952,1.952,18.0,5361.0,12424.0,17.975,72.0,55.63
2026-07-08 02:58:29,66.0,59.000              ,505.445,200.0,1200.0,0.0,66.375,66.375              ,66.375,66.375,66.375,66.375,66.375,66.375,66.375,63.043,48.338,61.844,69.972,64.941,57.71,66.718,44.608,59.647,2240.0,2240.0,2800.0,2725.0,2180.0,2180.0,2180.0,2180.0,2800.0,1.363,1.363,1.87,1.868,1.605,1.605,1.498,1.5,18.028,5304.0,12474.0,26.297,73.0,38.03
2026-07-08 02:58:30,66.0,58.000              ,505.445,200.0,1200.0,0.0,66.125,66.125              ,66.125,66.125,66.125,66.125,66.125,66.125,66.125,43.454,30.163,54.968,38.831,64.29,34.511,49.01,58.853,46.76,2120.0,2120.0,2650.0,2650.0,2120.0,2120.0,2650.0,2650.0,2650.0,1.141,1.144,1.573,1.573,1.694,1.694,1.904,1.903,17.512,5226.0,12522.0,24.867,74.0,40.21
2026-07-08 02:58:31,65.0,59.000              ,505.445,200.0,1067.0,0.0,65.5,65.500              ,65.5,65.5,65.5,65.5,65.5,65.5,65.5,49.607,34.632,75.907,23.362,45.95,47.407,44.119,82.326,50.414,2140.0,2140.0,2700.0,2700.0,2160.0,2160.0,2700.0,2700.0,2700.0,1.142,1.122,1.339,1.34,1.385,1.387,1.835,1.833,17.118,4982.0,12564.0,18.133,75.0,55.15
2026-07-08 02:58:32,65.0,58.000              ,505.441,200.0,1067.0,0.0,65.5,65.500              ,65.5,65.5,65.5,65.5,65.5,65.5,65.5,30.445,26.724,38.101,31.573,42.939,39.865,35.496,66.423,38.946,1983.333,1983.333,2380.0,2380.0,2975.0,2975.0,2380.0,2380.0,2975.0,1.063,1.082,1.374,1.372,1.782,1.78,2.116,2.12,17.483,5038.0,12619.0,26.239,76.0,38.11
2026-07-08 02:58:33,64.0,57.000              ,505.445,200.0,1067.0,0.0,64.75,64.750              ,64.75,64.75,64.75,64.75,64.75,64.75,64.75,48.298,26.779,43.69,50.654,46.832,24.156,35.601,72.552,43.57,2300.0,2300.0,2875.0,2875.0,2300.0,2300.0,2300.0,2300.0,2875.0,1.111,1.108,1.554,1.554,1.189,1.189,1.843,1.839,17.105,5150.0,12683.0,17.66,77.0,56.63
2026-07-08 02:58:34,64.0,59.000              ,505.445,200.0,1200.0,0.0,64.375,64.375              ,64.375,64.375,64.375,64.375,64.375,64.375,64.375,42.62,26.337,60.95,44.586,52.45,29.116,64.368,45.949,45.797,2240.0,2240.0,2240.0,2240.0,2240.0,2200.0,2750.0,2750.0,2750.0,1.079,1.079,1.445,1.445,1.257,1.257,1.93,1.93,17.114,5258.0,12765.0,22.744,78.0,43.97
2026-07-08 02:58:35,64.0,58.000              ,505.441,200.0,1067.0,0.0,64.25,64.250              ,64.25,64.25,64.25,64.25,64.25,64.25,64.25,45.408,25.958,42.18,51.559,57.086,26.423,40.158,58.15,43.365,2240.0,2240.0,2240.0,2240.0,2675.0,2675.0,2675.0,2675.0,2675.0,1.088,1.088,1.508,1.511,1.362,1.362,1.607,1.607,17.306,5347.0,12845.0,25.799,79.0,38.76
2026-07-08 02:58:36,63.0,58.000              ,505.445,200.0,1200.0,0.0,63.625,63.625              ,63.625,63.625,63.625,63.625,63.625,63.625,63.625,48.423,31.045,58.781,60.665,47.701,56.637,58.105,57.605,52.37,2080.0,2080.0,2600.0,2600.0,2080.0,2600.0,2060.0,2060.0,2600.0,1.076,1.076,1.524,1.523,1.382,1.382,1.463,1.463,16.966,5455.0,12907.0,23.757,80.0,42.09
2026-07-08 02:58:37,63.0,59.000              ,505.445,200.0,1200.0,0.0,63.625,63.625              ,63.625,63.625,63.625,63.625,63.625,63.625,63.625,51.163,33.233,61.964,55.077,77.561,38.766,65.972,44.81,53.568,2260.0,2260.0,2260.0,2260.0,2260.0,2260.0,2825.0,2825.0,2825.0,1.108,1.091,1.36,1.358,1.331,1.334,1.342,1.342,16.67,5393.0,12947.0,24.891,81.0,40.18
2026-07-08 02:58:38,63.0,59.000              ,505.441,200.0,1200.0,0.0,63.375,63.375              ,63.375,63.375,63.375,63.375,63.375,63.375,63.375,61.423,50.479,64.112,69.475,77.116,56.435,61.237,63.871,63.018,2140.0,2140.0,2140.0,2140.0,2140.0,2140.0,2625.0,2625.0,2625.0,1.085,1.101,1.374,1.374,1.473,1.471,1.333,1.333,16.841,5340.0,12984.0,18.392,82.0,54.37
2026-07-08 02:58:39,63.0,60.000              ,505.445,200.0,1200.0,0.0,63.0,63.000              ,63.0,63.0,63.0,63.0,63.0,63.0,63.0,50.201,35.876,63.269,38.397,62.096,36.292,50.391,36.866,46.674,2240.0,2240.0,2800.0,2800.0,2100.0,2100.0,2100.0,2100.0,2800.0,1.142,1.142,1.418,1.42,1.34,1.34,1.148,1.148,16.353,5378.0,12992.0,17.643,83.0,56.68
2026-07-08 02:58:40,63.0,60.000              ,505.445,200.0,1200.0,0.0,63.0,63.000              ,63.0,63.0,63.0,63.0,63.0,63.0,63.0,59.702,37.302,70.29,38.912,71.699,33.874,62.348,26.309,50.055,2280.0,2280.0,2850.0,2850.0,2280.0,2280.0,2240.0,2240.0,2850.0,1.263,1.263,1.411,1.41,1.447,1.447,1.199,1.199,16.709,5340.0,12989.0,17.765,84.0,56.29
2026-07-08 02:58:41,62.0,58.000              ,506.453,200.0,1067.0,0.0,62.75,62.750              ,62.75,62.75,62.75,62.75,62.75,62.75,62.75,53.84,48.509,65.725,38.334,60.732,34.559,56.79,38.223,49.589,2380.0,2380.0,2975.0,2975.0,2380.0,2380.0,2380.0,2380.0,2975.0,1.275,1.275,1.316,1.314,1.326,1.326,1.257,1.257,16.38,5148.0,12998.0,63.472,85.0,15.75
2026-07-08 02:58:42,62.0,62.000              ,505.313,200.0,933.0,0.0,62.625,62.625              ,62.625,62.625,62.625,62.625,62.625,62.625,62.625,35.036,9.557,25.268,21.783,44.427,11.539,29.795,19.411,24.602,2380.0,2380.0,3175.0,3175.0,2540.0,2540.0,2540.0,2540.0,3175.0,1.476,1.476,1.496,1.576,1.779,1.779,1.432,1.432,14.56,5048.0,12859.0,22.511,86.0,44.42
2026-07-08 02:58:43,64.0,33.000              ,505.313,200.0,933.0,0.0,64.0,64.000              ,64.0,64.0,64.0,64.0,64.0,64.0,64.0,10.416,6.195,6.287,88.393,30.751,4.183,18.185,2.465,20.859,2333.333,2333.333,3500.0,3500.0,2333.333,2333.333,2333.333,2333.333,3500.0,0.982,0.982,5.072,5.066,1.447,1.456,1.005,1.005,15.776,5079.0,12885.0,0.0,87.0,
2026-07-08 02:58:44,64.0,0.000               ,506.316,200.0,933.0,0.0,64.875,64.875              ,64.875,64.875,64.875,64.875,64.875,64.875,64.875,10.503,3.347,6.805,91.104,25.498,5.948,19.633,4.059,20.862,2333.333,2333.333,3500.0,3500.0,2333.333,2333.333,2333.333,2333.333,3500.0,0.859,0.859,4.725,4.726,1.239,1.232,1.063,1.063,15.64,5047.0,12838.0,2485.47,88.0,0.4
2026-07-08 02:58:45,65.0,0.000               ,506.316,200.0,933.0,0.0,65.5,65.500              ,65.5,65.5,65.5,65.5,65.5,65.5,65.5,8.577,3.585,13.971,89.335,18.204,3.867,16.028,3.088,19.582,2333.333,2333.333,3500.0,3500.0,2333.333,2333.333,2333.333,2333.333,3500.0,0.829,0.829,5.694,5.705,1.123,1.122,0.968,0.97,15.635,5073.0,12865.0,0.0,89.0,
2026-07-08 02:58:46,65.0,0.000               ,506.316,200.0,933.0,0.0,65.75,65.750              ,65.75,65.75,65.75,65.75,65.75,65.75,65.75,8.286,1.479,6.259,91.487,24.086,2.363,11.223,1.143,18.291,2333.333,2333.333,3500.0,3500.0,2333.333,2333.333,2333.333,2333.333,3500.0,0.822,0.822,5.014,4.964,1.192,1.192,0.867,0.865,15.364,5117.0,12915.0,0.0,90.0,
2026-07-08 02:58:47,65.0,0.000               ,501.016,200.0,933.0,0.0,65.625,65.625              ,65.625,65.625,65.625,65.625,65.625,65.625,65.625,12.457,3.72,9.069,87.009,19.667,2.999,21.286,4.26,20.058,2333.333,2333.333,3500.0,3500.0,2333.333,2333.333,2333.333,2333.333,3500.0,0.89,0.89,4.466,4.492,1.01,1.01,1.086,1.086,15.188,5136.0,12936.0,3297.093,91.0,0.3
2026-07-08 02:58:48,64.0,2.000               ,501.016,200.0,933.0,0.0,64.625,64.625              ,64.625,64.625,64.625,64.625,64.625,64.625,64.625,19.728,7.87,12.381,63.687,36.609,7.268,23.09,9.23,22.483,2800.0,2800.0,3500.0,3500.0,2333.333,2333.333,2333.333,2333.333,3500.0,1.202,1.202,3.0,2.985,1.723,1.723,1.267,1.269,15.512,5194.0,12976.0,0.0,92.0,
2026-07-08 02:58:49,64.0,2.000               ,501.016,200.0,933.0,0.0,64.0,64.000              ,64.0,64.0,64.0,64.0,64.0,64.0,64.0,13.117,5.756,14.2,59.798,42.929,9.163,25.471,2.816,21.656,2333.333,2333.333,3500.0,3500.0,2800.0,2800.0,2333.333,2333.333,3500.0,0.953,0.953,2.716,2.676,1.838,1.838,1.183,1.182,14.529,5242.0,13024.0,0.0,93.0,
2026-07-08 02:58:50,63.0,0.000               ,501.016,200.0,933.0,0.0,63.375,63.375              ,63.375,63.375,63.375,63.375,63.375,63.375,63.375,24.007,24.447,22.895,19.103,58.024,4.916,31.478,5.85,23.84,2780.0,2780.0,2316.667,2316.667,3475.0,3475.0,2316.667,2316.667,3475.0,1.639,1.639,1.387,1.409,2.14,2.144,1.281,1.281,14.347,5082.0,13049.0,0.0,94.0,
2026-07-08 02:58:51,63.0,0.000               ,501.016,200.0,933.0,0.0,63.0,63.000              ,63.0,63.0,63.0,63.0,63.0,63.0,63.0,12.824,5.759,12.54,63.067,39.417,4.682,21.063,3.812,20.396,2333.333,2333.333,3500.0,3500.0,2333.333,2333.333,2333.333,2333.333,3500.0,0.911,0.911,2.749,2.761,1.606,1.602,1.003,1.003,14.14,5140.0,13097.0,0.0,95.0,
2026-07-08 02:58:52,62.0,0.000               ,501.016,200.0,933.0,0.0,62.75,62.750              ,62.75,62.75,62.75,62.75,62.75,62.75,62.75,20.283,11.435,14.332,67.61,33.318,10.539,28.255,7.415,24.148,2660.0,2660.0,2660.0,2520.0,3150.0,3150.0,2520.0,2520.0,3150.0,1.221,1.226,2.966,2.953,1.49,1.49,1.325,1.325,14.898,5193.0,13153.0,0.0,96.0,
2026-07-08 02:58:53,62.0,0.000               ,501.016,200.0,933.0,0.0,62.625,62.625              ,62.625,62.625,62.625,62.625,62.625,62.625,62.625,16.596,5.368,7.412,70.723,35.11,5.437,24.255,3.68,21.072,2333.333,2333.333,3500.0,3500.0,2800.0,2800.0,2333.333,2333.333,3500.0,1.079,1.074,2.94,2.943,1.464,1.464,1.147,1.148,14.822,5260.0,13201.0,0.0,97.0,
2026-07-08 02:58:54,62.0,0.000               ,501.016,200.0,933.0,0.0,62.375,62.375              ,62.375,62.375,62.375,62.375,62.375,62.375,62.375,15.705,5.715,11.886,62.462,37.535,8.028,25.89,4.439,21.458,2333.333,2333.333,2333.333,2333.333,3500.0,3500.0,2333.333,2333.333,3500.0,0.943,0.943,2.657,2.642,1.58,1.581,1.091,1.089,13.836,5330.0,13270.0,0.0,98.0,
2026-07-08 02:58:55,62.0,0.000               ,501.016,200.0,1200.0,0.0,62.375,62.375              ,62.375,62.375,62.375,62.375,62.375,62.375,62.375,32.609,31.254,27.825,75.227,44.14,42.271,37.09,19.757,38.772,2333.333,2333.333,3500.0,3500.0,2800.0,2800.0,2333.333,2333.333,3500.0,1.644,1.644,3.083,3.105,2.203,2.202,1.511,1.511,18.202,5197.0,13326.0,0.0,99.0,
2026-07-08 02:58:56,62.0,0.000               ,501.016,200.0,933.0,0.0,62.0,62.000              ,62.0,62.0,62.0,62.0,62.0,62.0,62.0,22.255,14.678,26.553,39.89,65.869,10.497,30.685,12.063,27.811,2260.0,2260.0,2925.0,2925.0,2340.0,2340.0,2340.0,2340.0,2925.0,0.96,0.96,1.761,1.758,2.213,2.213,1.092,1.094,13.979,5176.0,13377.0,0.0,100.0,
2026-07-08 02:58:57,62.0,0.000               ,501.016,200.0,933.0,0.0,62.0,62.000              ,62.0,62.0,62.0,62.0,62.0,62.0,62.0,11.232,1.494,9.224,79.18,30.993,2.863,17.076,4.964,19.628,2333.333,2333.333,2333.333,2233.333,3350.0,3350.0,2680.0,2680.0,3350.0,0.813,0.813,3.381,3.335,1.342,1.383,1.002,1.0,14.431,5252.0,13437.0,0.0,101.0,
2026-07-08 02:58:58,61.0,0.000               ,501.016,200.0,1067.0,0.0,61.625,61.625              ,61.625,61.625,61.625,61.625,61.625,61.625,61.625,69.649,13.742,28.116,52.946,55.255,12.773,23.141,12.397,33.502,2800.0,2800.0,3500.0,3500.0,2800.0,2800.0,2800.0,2800.0,3500.0,3.111,3.111,2.353,2.387,2.271,2.243,1.262,1.262,18.214,5235.0,13488.0,0.0,102.0,
2026-07-08 02:58:59,61.0,0.000               ,501.016,200.0,933.0,0.0,61.25,61.250              ,61.25,61.25,61.25,61.25,61.25,61.25,61.25,75.49,11.625,22.965,49.355,52.404,9.217,26.592,8.773,32.053,2480.0,2480.0,3100.0,3150.0,2520.0,2520.0,2520.0,2520.0,3150.0,3.12,3.125,1.787,1.768,1.556,1.556,1.067,1.067,15.951,5300.0,13538.0,0.0,103.0,
2026-07-08 02:59:00,61.0,0.000               ,501.016,200.0,933.0,0.0,61.5,61.500              ,61.5,61.5,61.5,61.5,61.5,61.5,61.5,13.814,6.983,9.349,77.56,24.973,12.979,30.723,4.609,22.624,2233.333,2233.333,3350.0,3325.0,2660.0,3300.0,2200.0,2200.0,3350.0,0.863,0.857,2.977,3.006,1.189,1.189,1.161,1.161,14.345,5355.0,13602.0,0.0,104.0,
2026-07-08 02:59:01,61.0,0.000               ,501.016,200.0,933.0,0.0,61.625,61.625              ,61.625,61.625,61.625,61.625,61.625,61.625,61.625,11.695,2.917,10.89,74.086,46.727,4.151,19.934,3.686,21.761,2333.333,2333.333,2800.0,2800.0,3500.0,3500.0,2333.333,2333.333,3500.0,0.758,0.758,2.913,2.889,1.823,1.823,0.909,0.909,14.209,5434.0,13649.0,0.0,105.0,
2026-07-08 02:59:02,61.0,0.000               ,501.016,200.0,1200.0,0.0,61.75,61.750              ,61.75,61.75,61.75,61.75,61.75,61.75,61.75,37.972,25.678,29.55,52.333,67.974,16.91,64.892,15.007,38.79,2333.333,2333.333,3500.0,3500.0,2333.333,2333.333,3500.0,3500.0,3500.0,1.515,1.515,2.217,2.21,2.454,2.454,2.003,2.003,17.772,5331.0,13703.0,0.0,106.0,
2026-07-08 02:59:03,61.0,0.000               ,501.016,200.0,933.0,0.0,61.5,61.500              ,61.5,61.5,61.5,61.5,61.5,61.5,61.5,27.073,2.615,18.23,36.266,36.613,12.433,32.929,2.396,21.069,2600.0,2600.0,2600.0,2600.0,3250.0,3250.0,2600.0,2600.0,3250.0,1.104,1.104,1.754,1.76,1.633,1.633,1.16,1.16,13.776,5380.0,13760.0,0.0,107.0,
2026-07-08 02:59:04,61.0,0.000               ,501.016,200.0,933.0,0.0,61.75,61.750              ,61.75,61.75,61.75,61.75,61.75,61.75,61.75,16.998,4.945,7.308,86.15,31.882,4.009,25.869,2.532,22.462,2800.0,2800.0,3500.0,3500.0,2800.0,2800.0,2800.0,2800.0,3500.0,1.031,1.031,3.49,3.485,1.323,1.323,1.122,1.122,15.643,5448.0,13796.0,16153.004,108.0,0.06
2026-07-08 02:59:05,61.0,0.000               ,501.016,200.0,933.0,0.0,61.5,61.500              ,61.5,61.5,61.5,61.5,61.5,61.5,61.5,24.337,3.669,9.434,64.162,38.911,6.359,26.839,6.067,22.472,3500.0,3500.0,2333.333,2333.333,3475.0,3475.0,3500.0,3500.0,3500.0,1.152,1.152,2.621,2.634,1.468,1.468,1.193,1.193,14.595,5488.0,13838.0,0.0,109.0,
2026-07-08 02:59:06,61.0,0.000               ,501.016,200.0,1067.0,0.0,61.25,61.250              ,61.25,61.25,61.25,61.25,61.25,61.25,61.25,36.324,22.977,31.189,29.871,60.85,26.307,71.495,11.532,36.318,2333.333,2333.333,2333.333,2333.333,3500.0,3500.0,3500.0,3500.0,3500.0,1.57,1.57,1.612,1.6,2.441,2.441,2.532,2.532,17.608,5423.0,13885.0,0.0,110.0,
2026-07-08 02:59:07,60.0,0.000               ,501.016,200.0,1067.0,0.0,60.375,60.375              ,60.375,60.375,60.375,60.375,60.375,60.375,60.375,33.146,44.371,37.74,39.583,68.24,22.128,49.642,22.072,39.615,2380.0,2380.0,2380.0,2380.0,2975.0,2975.0,2975.0,3025.0,3025.0,1.488,1.488,1.562,1.562,1.919,1.919,1.467,1.467,15.66,5190.0,13923.0,0.0,111.0,
2026-07-08 02:59:08,60.0,0.000               ,501.016,200.0,933.0,0.0,60.625,60.625              ,60.625,60.625,60.625,60.625,60.625,60.625,60.625,13.626,3.183,6.243,80.713,27.248,3.599,25.019,2.672,20.288,2333.333,2333.333,3500.0,3500.0,2333.333,2333.333,2333.333,2333.333,3500.0,0.81,0.81,3.15,3.146,1.058,1.058,0.978,0.978,13.772,5257.0,13973.0,0.0,112.0,
2026-07-08 02:59:09,60.0,0.000               ,501.016,200.0,933.0,0.0,60.375,60.375              ,60.375,60.375,60.375,60.375,60.375,60.375,60.375,17.038,5.354,15.415,33.609,56.806,9.468,33.745,3.43,21.858,2780.0,2780.0,2316.667,2316.667,3475.0,3475.0,2316.667,2316.667,3475.0,0.925,0.925,1.67,1.651,2.302,2.302,1.225,1.226,13.976,5302.0,14020.0,0.0,113.0,
2026-07-08 02:59:10,60.0,0.000               ,501.016,200.0,933.0,0.0,60.375,60.375              ,60.375,60.375,60.375,60.375,60.375,60.375,60.375,11.341,3.006,9.397,78.306,25.811,7.866,23.617,1.932,20.159,2316.667,2316.667,2780.0,3500.0,2800.0,2800.0,2333.333,2333.333,3500.0,0.815,0.815,3.244,3.262,1.217,1.217,1.021,1.02,13.887,5340.0,14066.0,0.0,114.0,
2026-07-08 02:59:11,60.0,0.000               ,501.016,200.0,933.0,0.0,60.375,60.375              ,60.375,60.375,60.375,60.375,60.375,60.375,60.375,12.732,5.973,11.52,63.251,44.214,3.455,23.446,4.322,21.114,3475.0,3475.0,2316.667,2316.667,2800.0,2800.0,2333.333,2333.333,3475.0,0.925,0.925,2.711,2.701,1.682,1.682,1.063,1.063,14.264,5398.0,14132.0,7546.772,115.0,0.13
2026-07-08 02:59:12,60.0,0.000               ,501.016,200.0,1200.0,0.0,60.375,60.375              ,60.375,60.375,60.375,60.375,60.375,60.375,60.375,39.572,31.315,37.121,59.899,56.219,23.924,59.789,17.209,40.631,2333.333,2333.333,3500.0,3500.0,2800.0,2800.0,3500.0,3500.0,3500.0,1.735,1.735,2.715,2.712,1.939,1.939,2.069,2.069,17.711,5381.0,14211.0,0.0,116.0,
2026-07-08 02:59:13,60.0,0.000               ,501.016,200.0,933.0,0.0,60.125,60.125              ,60.125,60.125,60.125,60.125,60.125,60.125,60.125,13.775,6.734,15.141,50.856,51.997,3.804,33.793,3.051,22.394,2600.0,2600.0,3250.0,3250.0,2600.0,2600.0,2580.0,2580.0,3250.0,0.832,0.832,2.252,2.362,1.765,1.765,1.184,1.184,14.157,5414.0,14269.0,0.0,117.0,
2026-07-08 02:59:14,61.0,0.000               ,501.016,200.0,933.0,0.0,61.5,61.500              ,61.5,61.5,61.5,61.5,61.5,61.5,61.5,16.851,3.307,11.106,88.046,24.496,8.17,27.602,3.544,22.89,3475.0,3475.0,2316.667,2316.667,3475.0,3475.0,2800.0,2800.0,3475.0,0.953,0.953,4.464,4.314,1.397,1.397,1.296,1.296,16.065,5412.0,14273.0,0.0,118.0,
2026-07-08 02:59:15,62.0,0.000               ,501.016,200.0,933.0,0.0,62.875,62.875              ,62.875,62.875,62.875,62.875,62.875,62.875,62.875,28.107,2.548,8.869,74.05,31.813,4.03,15.139,3.572,21.016,2333.333,2333.333,3500.0,3500.0,3500.0,3500.0,2333.333,2333.333,3500.0,1.412,1.412,3.517,3.579,1.29,1.29,0.801,0.801,15.773,5411.0,14276.0,0.0,119.0,
2026-07-08 02:59:16,64.0,0.000               ,501.016,200.0,933.0,0.0,64.375,64.375              ,64.375,64.375,64.375,64.375,64.375,64.375,64.375,5.412,1.785,14.106,94.351,23.057,2.762,14.625,3.006,19.888,2333.333,2333.333,3500.0,3500.0,2800.0,2800.0,2333.333,2333.333,3500.0,0.463,0.463,4.6,4.624,1.099,1.099,0.886,0.886,15.544,5410.0,14273.0,0.0,120.0,
2026-07-08 02:59:17,65.0,0.000               ,501.016,200.0,933.0,0.0,65.0,65.000              ,65.0,65.0,65.0,65.0,65.0,65.0,65.0,13.716,2.466,9.608,60.902,47.124,10.539,14.964,3.611,20.366,2333.333,2333.333,3500.0,3500.0,2333.333,2333.333,2333.333,2333.333,3500.0,0.891,0.891,3.034,3.009,2.352,2.352,0.854,0.854,15.483,5418.0,14275.0,0.0,121.0,
2026-07-08 02:59:18,65.0,0.000               ,560.742,200.0,933.0,0.0,65.0,65.000              ,65.0,65.0,65.0,65.0,65.0,65.0,65.0,17.383,5.123,61.144,18.461,22.846,4.756,15.116,34.215,22.381,2800.0,2800.0,3500.0,3500.0,2333.333,2333.333,2333.333,2333.333,3500.0,0.972,0.972,3.263,3.264,1.016,1.016,1.953,2.285,15.827,5460.0,14373.0,0.0,122.0,
2026-07-08 02:59:19,65.0,0.000               ,560.742,200.0,933.0,0.0,65.125,65.125              ,65.125,65.125,65.125,65.125,65.125,65.125,65.125,17.692,2.118,18.557,57.92,18.896,5.131,24.322,21.169,20.726,2333.333,2333.333,3500.0,3500.0,2333.333,2333.333,2333.333,2333.333,3500.0,0.929,0.929,3.243,3.241,0.96,0.96,1.933,1.452,15.153,5470.0,14373.0,0.0,123.0,
2026-07-08 02:59:20,65.0,0.000               ,560.742,200.0,933.0,0.0,65.25,65.250              ,65.25,65.25,65.25,65.25,65.25,65.25,65.25,8.91,2.894,12.326,90.195,29.355,2.968,13.316,2.409,20.297,2333.333,2333.333,3500.0,3500.0,2800.0,2800.0,2333.333,2333.333,3500.0,0.738,0.738,4.484,4.47,1.237,1.237,0.818,0.821,15.918,5469.0,14373.0,0.0,124.0,
2026-07-08 02:59:21,65.0,0.000               ,560.742,200.0,933.0,0.0,65.0,65.000              ,65.0,65.0,65.0,65.0,65.0,65.0,65.0,8.361,1.541,72.192,7.296,12.864,28.147,24.1,1.955,19.557,2333.333,2333.333,3500.0,3500.0,2780.0,2780.0,3475.0,3475.0,3500.0,0.7,0.7,3.271,3.246,1.832,1.832,1.14,1.138,15.172,5467.0,14372.0,0.0,125.0,
2026-07-08 02:59:22,64.0,0.000               ,564.25,200.0,933.0,0.0,64.625,64.625              ,64.625,64.625,64.625,64.625,64.625,64.625,64.625,9.486,2.622,64.114,20.866,28.281,3.399,32.745,2.899,20.552,2333.333,2333.333,3500.0,3500.0,2333.333,2333.333,2800.0,2800.0,3500.0,0.688,0.688,3.579,3.579,1.122,1.122,1.538,1.537,15.5,5471.0,14384.0,0.0,126.0,
2026-07-08 02:59:23,64.0,0.000               ,564.25,200.0,933.0,0.0,64.75,64.750              ,64.75,64.75,64.75,64.75,64.75,64.75,64.75,9.578,4.365,5.825,97.168,22.303,2.547,17.344,4.207,20.417,2333.333,2333.333,3500.0,3500.0,3450.0,3450.0,3450.0,3450.0,3500.0,0.721,0.721,4.344,4.349,1.049,1.055,0.911,0.911,15.336,5470.0,14386.0,0.0,127.0,
2026-07-08 02:59:24,64.0,0.000               ,564.25,200.0,933.0,0.0,64.625,64.625              ,64.625,64.625,64.625,64.625,64.625,64.625,64.625,17.377,1.674,3.864,90.252,20.051,2.455,12.321,2.92,18.864,2333.333,2333.333,3500.0,3500.0,2333.333,2333.333,2333.333,2333.333,3500.0,1.02,1.02,4.091,4.087,0.892,0.885,0.802,0.802,15.367,5475.0,14386.0,0.0,128.0,
2026-07-08 02:59:25,64.0,0.000               ,564.25,200.0,933.0,0.0,64.375,64.375              ,64.375,64.375,64.375,64.375,64.375,64.375,64.375,9.971,2.445,19.13,56.38,13.078,39.836,11.784,2.687,19.414,2333.333,2333.333,3500.0,3500.0,2800.0,2800.0,2333.333,2333.333,3500.0,0.717,0.717,3.155,3.165,2.179,2.179,0.774,0.774,15.261,5475.0,14385.0,0.0,129.0,
2026-07-08 02:59:26,64.0,0.000               ,570.93,200.0,933.0,0.0,64.375,64.375              ,64.375,64.375,64.375,64.375,64.375,64.375,64.375,12.03,3.694,16.35,84.781,20.354,3.012,14.637,3.187,19.756,2333.333,2333.333,3500.0,3500.0,2333.333,2333.333,2333.333,2333.333,3500.0,0.792,0.797,4.287,4.26,0.929,0.929,0.838,0.838,15.106,5478.0,14395.0,15379.48,130.0,0.07
2026-07-08 02:59:27,62.0,7.000               ,574.359,200.0,933.0,0.0,62.875,62.875              ,62.875,62.875,62.875,62.875,62.875,62.875,62.875,2.611,99.489,17.216,3.205,17.694,2.843,5.235,3.782,19.009,3500.0,3500.0,2333.333,2333.333,2333.333,2333.333,2333.333,2333.333,3500.0,4.36,4.346,0.921,0.921,0.855,0.855,0.65,0.652,13.937,5484.0,14395.0,0.0,131.0,
2026-07-08 02:59:28,62.0,7.000               ,574.359,200.0,933.0,0.0,62.5,62.500              ,62.5,62.5,62.5,62.5,62.5,62.5,62.5,6.614,23.234,10.753,77.421,18.651,2.829,12.362,3.464,19.416,3500.0,3500.0,2333.333,2333.333,2333.333,2333.333,2333.333,2333.333,3500.0,1.471,1.388,3.992,3.952,0.882,0.981,0.775,0.773,14.283,5485.0,14397.0,0.0,132.0,
2026-07-08 02:59:29,62.0,0.000               ,574.359,200.0,933.0,0.0,62.25,62.250              ,62.25,62.25,62.25,62.25,62.25,62.25,62.25,4.0,95.133,17.236,6.283,16.153,9.504,7.816,3.73,19.982,3500.0,3500.0,2333.333,2333.333,2333.333,2333.333,2333.333,2333.333,3500.0,4.36,4.388,0.99,0.937,0.991,0.894,0.643,0.643,14.248,5485.0,14393.0,0.0,133.0,
2026-07-08 02:59:30,62.0,0.000               ,574.359,200.0,933.0,0.0,62.0,62.000              ,62.0,62.0,62.0,62.0,62.0,62.0,62.0,6.315,14.752,89.636,4.889,18.763,2.879,15.197,3.364,19.474,3500.0,3500.0,2333.333,2333.333,2333.333,2333.333,2333.333,2333.333,3500.0,1.124,1.095,4.316,4.316,0.861,0.861,0.822,0.822,14.612,5484.0,14393.0,0.0,134.0,
2026-07-08 02:59:31,61.0,0.000               ,574.359,200.0,933.0,0.0,61.0,61.000              ,61.0,61.0,61.0,61.0,61.0,61.0,61.0,5.829,34.429,16.465,3.21,17.601,3.064,70.089,1.838,19.066,3500.0,3500.0,2333.333,2333.333,2333.333,2333.333,2800.0,2800.0,3500.0,1.949,1.949,0.799,0.801,0.803,0.803,3.186,3.186,13.935,5486.0,14392.0,0.0,135.0,
2026-07-08 02:59:32,60.0,0.000               ,574.359,200.0,933.0,0.0,60.625,60.625              ,60.625,60.625,60.625,60.625,60.625,60.625,60.625,21.354,15.334,19.648,6.889,19.574,4.514,50.781,30.493,21.073,3500.0,3500.0,2800.0,2800.0,2800.0,2800.0,2333.333,2333.333,3500.0,1.619,1.619,0.902,0.901,0.864,0.864,3.414,3.438,14.136,5486.0,14389.0,0.0,136.0,
2026-07-08 02:59:33,60.0,0.000               ,574.359,200.0,933.0,0.0,60.75,60.750              ,60.75,60.75,60.75,60.75,60.75,60.75,60.75,3.042,88.257,21.388,5.094,21.529,2.775,8.685,5.174,19.493,3500.0,3500.0,2333.333,2333.333,2333.333,2333.333,2333.333,2333.333,3500.0,4.049,4.049,0.988,0.988,1.149,1.149,0.776,0.71,14.272,5497.0,14393.0,0.0,137.0,
2026-07-08 02:59:34,61.0,0.000               ,574.359,200.0,933.0,0.0,61.125,61.125              ,61.125,61.125,61.125,61.125,61.125,61.125,61.125,6.82,78.364,23.473,16.366,31.058,4.385,14.164,4.649,22.41,3500.0,3500.0,2333.333,2333.333,2333.333,2333.333,2333.333,2333.333,3500.0,3.81,3.81,1.535,1.571,1.339,1.339,0.92,0.92,15.615,5536.0,14439.0,0.0,138.0,
2026-07-08 02:59:35,60.0,0.000               ,601.832,200.0,1200.0,0.0,60.0,60.000              ,60.0,60.0,60.0,60.0,60.0,60.0,60.0,63.405,42.871,60.081,47.268,66.433,44.676,82.47,30.984,54.774,2333.333,2333.333,3500.0,3500.0,2800.0,3500.0,2750.0,2750.0,3500.0,1.908,1.926,1.925,1.889,2.167,2.181,2.127,2.13,17.456,5540.0,14599.0,8569.034,139.0,0.12
2026-07-08 02:59:36,58.0,0.000               ,717.895,387.0,1200.0,0.0,58.5,58.500              ,58.5,58.5,58.5,58.5,58.5,58.5,58.5,95.467,94.488,94.767,96.98,97.405,94.181,95.439,92.553,95.16,2450.0,1960.0,2450.0,2450.0,2020.0,2020.0,2020.0,2020.0,2450.0,1.274,1.257,1.268,1.268,1.287,1.275,1.205,1.203,16.318,5499.0,14813.0,610.726,140.0,1.64
2026-07-08 02:59:37,56.0,42.000              ,719.391,600.0,1200.0,0.0,56.875,56.875              ,56.875,56.875,56.875,56.875,56.875,56.875,56.875,52.78,70.142,63.743,57.365,62.005,46.176,64.118,28.69,55.627,1616.667,1616.667,1616.667,1920.0,1920.0,1980.0,1616.667,1616.667,1980.0,0.839,0.838,0.884,0.884,0.818,0.816,0.734,0.736,15.456,5302.0,14813.0,23.26,141.0,42.99
2026-07-08 02:59:38,55.0,73.000              ,717.895,525.0,1200.0,0.0,55.625,55.625              ,55.625,55.625,55.625,55.625,55.625,55.625,55.625,44.841,26.551,47.161,36.438,59.698,18.045,50.225,17.59,37.569,2000.0,2000.0,2000.0,2000.0,2000.0,2000.0,2500.0,2500.0,2500.0,0.833,0.833,0.954,0.955,1.01,1.01,0.833,0.832,15.628,5320.0,14810.0,39.203,142.0,25.51
2026-07-08 02:59:39,55.0,67.000              ,718.895,375.0,1200.0,0.0,55.5,55.500              ,55.5,55.5,55.5,55.5,55.5,55.5,55.5,50.128,30.339,55.975,40.206,49.851,22.78,62.393,21.536,41.651,1880.0,1880.0,2350.0,2350.0,1880.0,1880.0,1880.0,1880.0,2350.0,0.899,0.899,1.037,1.035,0.817,0.817,0.971,0.971,15.41,5357.0,14808.0,28.93,143.0,34.57
2026-07-08 02:59:40,55.0,70.000              ,719.414,420.0,1067.0,0.0,55.5,55.500              ,55.5,55.5,55.5,55.5,55.5,55.5,55.5,48.948,29.387,45.535,36.679,54.008,27.634,56.307,22.086,40.073,2060.0,2040.0,2040.0,2040.0,2550.0,2525.0,2020.0,2020.0,2550.0,0.892,0.892,0.917,0.918,0.92,0.92,0.946,0.946,15.809,5363.0,14809.0,26.185,144.0,38.19
2026-07-08 02:59:41,55.0,68.000              ,719.57,461.0,1200.0,0.0,55.375,55.375              ,55.375,55.375,55.375,55.375,55.375,55.375,55.375,43.299,23.29,44.262,34.798,52.839,10.627,52.043,20.171,35.166,1980.0,1980.0,1980.0,1980.0,1980.0,1980.0,2475.0,2475.0,2475.0,0.816,0.816,0.982,0.981,0.793,0.793,0.942,0.944,15.569,5364.0,14808.0,23.795,145.0,42.03
2026-07-08 02:59:42,55.0,69.000              ,719.574,200.0,1200.0,0.0,55.375,55.375              ,55.375,55.375,55.375,55.375,55.375,55.375,55.375,48.197,30.473,42.56,41.514,60.108,15.762,49.3,26.963,39.36,1940.0,1940.0,1940.0,1940.0,1900.0,1900.0,2375.0,2375.0,2375.0,0.856,0.858,0.975,0.975,0.911,0.911,0.938,0.936,15.706,5368.0,14808.0,25.728,146.0,38.87
2026-07-08 02:59:43,55.0,69.000              ,719.57,428.0,1200.0,0.0,55.25,55.250              ,55.25,55.25,55.25,55.25,55.25,55.25,55.25,35.521,31.468,57.368,33.602,48.648,10.669,60.371,16.599,36.781,1940.0,2375.0,1900.0,1900.0,1900.0,1900.0,1900.0,2400.0,2400.0,0.82,0.818,1.013,1.013,0.74,0.741,1.055,1.055,15.528,5377.0,14808.0,23.763,147.0,42.08
2026-07-08 02:59:44,55.0,69.000              ,720.078,492.0,1200.0,0.0,55.25,55.250              ,55.25,55.25,55.25,55.25,55.25,55.25,55.25,46.393,24.588,59.405,34.394,51.514,16.254,54.184,22.411,38.643,1960.0,1960.0,2450.0,2450.0,2450.0,2450.0,1960.0,2450.0,2450.0,0.859,0.859,1.103,1.103,0.784,0.783,0.903,0.903,15.37,5389.0,14809.0,23.77,148.0,42.07
2026-07-08 02:59:45,55.0,70.000              ,720.074,413.0,1200.0,0.0,55.25,55.250              ,55.25,55.25,55.25,55.25,55.25,55.25,55.25,40.636,25.166,48.575,35.215,57.872,17.1,49.185,13.887,35.954,2000.0,2000.0,2475.0,2475.0,1980.0,1960.0,1960.0,1960.0,2475.0,0.822,0.823,1.01,1.011,0.928,0.928,0.874,0.874,15.406,5392.0,14808.0,30.068,149.0,33.26
2026-07-08 02:59:46,55.0,69.000              ,700.41,200.0,1200.0,0.0,55.25,55.250              ,55.25,55.25,55.25,55.25,55.25,55.25,55.25,47.796,22.873,46.598,32.46,52.384,20.099,51.458,19.871,36.692,2000.0,2000.0,2000.0,2000.0,2500.0,2450.0,1960.0,1960.0,2500.0,0.86,0.859,0.869,0.873,0.96,0.96,0.965,0.965,15.659,5386.0,14793.0,25.664,150.0,38.97
2026-07-08 02:59:47,55.0,69.000              ,692.586,200.0,1200.0,0.0,55.25,55.250              ,55.25,55.25,55.25,55.25,55.25,55.25,55.25,39.284,24.532,40.565,30.524,59.589,17.374,47.355,15.551,34.347,1960.0,1960.0,2450.0,2450.0,1960.0,2425.0,1940.0,1940.0,2450.0,0.74,0.74,0.806,0.801,0.986,0.986,0.752,0.752,15.313,5391.0,14790.0,21.843,151.0,45.78
2026-07-08 02:59:48,55.0,68.000              ,692.586,200.0,1200.0,0.0,55.25,55.250              ,55.25,55.25,55.25,55.25,55.25,55.25,55.25,36.767,19.493,42.765,31.49,41.473,10.908,55.478,13.375,31.469,1960.0,1960.0,1960.0,1960.0,2450.0,2450.0,1960.0,1960.0,2450.0,0.76,0.76,0.962,0.962,0.711,0.711,0.968,0.968,15.277,5393.0,14790.0,17.534,152.0,57.03
2026-07-08 02:59:49,55.0,68.000              ,692.582,420.0,1200.0,0.0,55.25,55.250              ,55.25,55.25,55.25,55.25,55.25,55.25,55.25,39.485,17.509,51.723,28.57,42.935,12.775,60.279,8.703,32.747,2080.0,2080.0,2080.0,2080.0,2060.0,2060.0,2575.0,2575.0,2575.0,0.811,0.811,1.056,1.056,0.752,0.752,1.025,1.025,15.43,5390.0,14778.0,18.418,153.0,54.29
2026-07-08 02:59:50,55.0,69.000              ,692.586,428.0,1200.0,0.0,55.25,55.250              ,55.25,55.25,55.25,55.25,55.25,55.25,55.25,41.143,24.496,60.565,30.349,51.398,14.631,63.758,13.673,37.502,1980.0,1980.0,2500.0,2500.0,2000.0,2000.0,2000.0,2000.0,2500.0,0.801,0.803,1.11,1.11,0.819,0.819,0.913,0.913,15.614,5399.0,14772.0,24.125,154.0,41.45
2026-07-08 02:59:51,55.0,70.000              ,692.586,484.0,1200.0,0.0,55.125,55.125              ,55.125,55.125,55.125,55.125,55.125,55.125,55.125,41.075,20.859,57.482,22.947,56.177,14.143,53.964,18.39,35.63,1920.0,1920.0,2400.0,2400.0,1920.0,1920.0,1920.0,1920.0,2400.0,0.795,0.794,0.963,0.966,0.901,0.903,0.932,0.932,15.19,5402.0,14772.0,19.058,155.0,52.47
2026-07-08 02:59:52,55.0,70.000              ,692.676,200.0,1200.0,0.0,55.125,55.125              ,55.125,55.125,55.125,55.125,55.125,55.125,55.125,45.159,23.946,48.356,31.975,57.749,18.254,54.679,13.278,36.675,1980.0,1980.0,2475.0,2475.0,1980.0,1980.0,1980.0,1980.0,2475.0,0.81,0.808,0.904,0.901,0.957,0.955,0.849,0.849,15.466,5405.0,14766.0,24.214,156.0,41.3
2026-07-08 02:59:53,55.0,69.000              ,692.668,200.0,1067.0,0.0,55.125,55.125              ,55.125,55.125,55.125,55.125,55.125,55.125,55.125,46.732,20.864,50.385,28.081,50.095,13.914,61.091,20.982,36.518,1960.0,1960.0,1960.0,1960.0,1960.0,1960.0,2450.0,2450.0,2450.0,0.832,0.842,0.914,0.9,0.78,0.783,1.069,1.069,15.09,5410.0,14762.0,25.091,157.0,39.85
2026-07-08 02:59:54,55.0,69.000              ,692.664,450.0,1200.0,0.0,55.0,55.000              ,55.0,55.0,55.0,55.0,55.0,55.0,55.0,44.941,19.806,49.55,33.287,46.68,17.923,64.465,15.552,36.525,2060.0,2060.0,2060.0,2060.0,2060.0,2060.0,2575.0,2575.0,2575.0,0.827,0.817,0.904,0.921,0.859,0.856,1.127,1.141,15.316,5408.0,14762.0,19.319,158.0,51.76
2026-07-08 02:59:55,55.0,70.000              ,692.664,461.0,1200.0,0.0,55.0,55.000              ,55.0,55.0,55.0,55.0,55.0,55.0,55.0,39.515,20.005,40.196,37.916,55.77,11.426,46.508,12.186,32.94,2100.0,2100.0,2625.0,2625.0,2100.0,2100.0,2100.0,2100.0,2625.0,0.801,0.801,1.024,1.021,0.95,0.95,0.793,0.781,15.289,5405.0,14760.0,24.783,159.0,40.35
2026-07-08 02:59:56,55.0,70.000              ,692.668,200.0,1067.0,0.0,55.0,55.000              ,55.0,55.0,55.0,55.0,55.0,55.0,55.0,39.426,18.063,58.051,17.16,65.415,8.516,57.331,8.602,34.071,2000.0,2000.0,2500.0,2500.0,2000.0,2000.0,2000.0,2000.0,2500.0,0.756,0.756,0.88,0.88,1.06,1.06,0.926,0.924,15.232,5405.0,14761.0,26.368,160.0,37.92
2026-07-08 02:59:57,55.0,69.000              ,692.668,450.0,1067.0,0.0,55.0,55.000              ,55.0,55.0,55.0,55.0,55.0,55.0,55.0,40.265,14.967,48.95,24.434,44.776,8.387,47.698,12.337,30.227,2100.0,2100.0,2625.0,2625.0,2625.0,2625.0,2100.0,2100.0,2625.0,0.829,0.829,1.058,1.06,0.813,0.813,0.947,0.947,15.189,5402.0,14760.0,24.478,161.0,40.85
2026-07-08 02:59:58,55.0,69.000              ,692.664,413.0,1067.0,0.0,55.0,55.000              ,55.0,55.0,55.0,55.0,55.0,55.0,55.0,39.682,17.427,64.454,25.018,55.887,10.289,52.635,12.374,34.721,2060.0,2060.0,2575.0,2575.0,2060.0,2060.0,2080.0,2080.0,2575.0,0.804,0.804,1.168,1.166,0.907,0.907,0.869,0.869,15.436,5409.0,14762.0,22.859,162.0,43.75
2026-07-08 02:59:59,54.0,69.000              ,692.668,400.0,1067.0,0.0,54.875,54.875              ,54.875,54.875,54.875,54.875,54.875,54.875,54.875,40.996,20.552,60.262,25.199,59.317,12.625,57.741,13.375,36.259,2020.0,2020.0,2525.0,2525.0,2020.0,2020.0,2525.0,2525.0,2525.0,0.788,0.788,0.962,0.964,0.952,0.952,0.888,0.888,15.157,5409.0,14761.0,20.035,163.0,49.91
2026-07-08 03:00:00,54.0,69.000              ,692.672,590.0,1200.0,0.0,54.75,54.750              ,54.75,54.75,54.75,54.75,54.75,54.75,54.75,38.957,22.588,56.62,24.839,56.493,15.503,57.731,23.67,37.05,2020.0,2020.0,2020.0,2020.0,2020.0,2020.0,2525.0,2525.0,2525.0,0.814,0.814,0.948,0.946,0.928,0.933,1.072,1.073,15.222,5421.0,14764.0,20.92,164.0,47.8
2026-07-08 03:00:01,54.0,71.000              ,692.672,442.0,1067.0,0.0,54.75,54.750              ,54.75,54.75,54.75,54.75,54.75,54.75,54.75,41.213,23.828,48.853,30.747,51.652,11.474,66.039,11.318,35.64,1980.0,1980.0,1980.0,2475.0,2475.0,2475.0,1960.0,1960.0,2475.0,0.794,0.794,0.899,0.899,0.781,0.777,1.036,1.035,15.211,5435.0,14761.0,23.401,165.0,42.73
2026-07-08 03:00:02,54.0,72.000              ,692.672,406.0,1200.0,0.0,54.75,54.750              ,54.75,54.75,54.75,54.75,54.75,54.75,54.75,46.896,26.101,54.169,31.275,48.197,11.366,65.093,22.509,38.201,2040.0,2040.0,2040.0,2040.0,2040.0,2040.0,2525.0,2500.0,2525.0,0.84,0.84,0.872,0.872,0.736,0.736,1.115,1.117,15.128,5445.0,14760.0,25.662,166.0,38.97
2026-07-08 03:00:03,54.0,70.000              ,692.676,525.0,1067.0,0.0,54.75,54.750              ,54.75,54.75,54.75,54.75,54.75,54.75,54.75,41.351,29.489,56.586,29.169,52.804,18.05,64.303,17.054,38.601,1940.0,1940.0,2425.0,2425.0,2325.0,2325.0,1860.0,1860.0,2425.0,0.73,0.73,0.866,0.866,0.792,0.781,0.954,0.953,15.13,5444.0,14760.0,20.621,167.0,48.49
2026-07-08 03:00:04,54.0,69.000              ,692.676,508.0,1067.0,0.0,54.75,54.750              ,54.75,54.75,54.75,54.75,54.75,54.75,54.75,40.357,28.56,55.599,35.854,53.519,19.278,52.547,19.136,38.106,1920.0,1920.0,2400.0,2400.0,1920.0,1880.0,1880.0,1880.0,2400.0,0.733,0.734,0.963,0.965,0.852,0.864,0.849,0.849,15.258,5447.0,14759.0,19.151,168.0,52.22
2026-07-08 03:00:05,54.0,69.000              ,692.68,200.0,1200.0,0.0,54.75,54.750              ,54.75,54.75,54.75,54.75,54.75,54.75,54.75,42.981,22.528,43.539,34.141,48.544,18.425,51.629,16.081,34.733,1960.0,1960.0,1960.0,1960.0,2450.0,2400.0,1920.0,1920.0,2450.0,0.8,0.802,0.99,0.989,0.849,0.849,0.921,0.921,14.952,5445.0,14762.0,21.743,169.0,45.99
2026-07-08 03:00:06,54.0,68.000              ,692.676,442.0,1067.0,0.0,54.75,54.750              ,54.75,54.75,54.75,54.75,54.75,54.75,54.75,38.135,23.153,57.083,27.849,56.218,9.437,49.451,15.534,34.608,2040.0,2040.0,2550.0,2550.0,2040.0,2040.0,2040.0,2040.0,2550.0,0.8,0.797,1.096,1.096,0.85,0.851,0.901,0.903,15.357,5444.0,14761.0,22.995,170.0,43.49
2026-07-08 03:00:07,54.0,69.000              ,692.68,469.0,1200.0,0.0,54.75,54.750              ,54.75,54.75,54.75,54.75,54.75,54.75,54.75,39.59,25.982,69.16,23.874,46.288,15.22,56.735,15.379,36.528,2000.0,2000.0,2500.0,2500.0,2000.0,2000.0,2000.0,2000.0,2500.0,0.772,0.772,1.173,1.175,0.765,0.764,0.89,0.889,15.206,5446.0,14762.0,26.582,171.0,37.62
2026-07-08 03:00:08,54.0,70.000              ,692.762,469.0,1200.0,0.0,54.75,54.750              ,54.75,54.75,54.75,54.75,54.75,54.75,54.75,37.773,25.844,49.873,23.715,59.025,7.261,59.281,11.672,34.306,2000.0,2000.0,2500.0,2475.0,1980.0,1980.0,1980.0,1980.0,2500.0,0.755,0.755,0.868,0.867,0.833,0.835,0.965,0.965,14.998,5448.0,14761.0,24.334,172.0,41.09
2026-07-08 03:00:09,54.0,70.000              ,692.746,400.0,1200.0,0.0,54.75,54.750              ,54.75,54.75,54.75,54.75,54.75,54.75,54.75,37.833,24.903,48.854,27.763,62.462,9.321,59.336,10.508,35.122,2060.0,2060.0,2060.0,2060.0,2575.0,2575.0,2060.0,2060.0,2575.0,0.82,0.82,0.894,0.894,1.01,1.008,0.965,0.965,15.214,5450.0,14759.0,32.924,173.0,30.37
2026-07-08 03:00:10,54.0,70.000              ,692.758,200.0,1067.0,0.0,54.75,54.750              ,54.75,54.75,54.75,54.75,54.75,54.75,54.75,42.22,30.237,47.048,27.024,59.077,11.586,62.013,13.204,36.551,1960.0,1960.0,1960.0,1960.0,2450.0,2450.0,2450.0,2450.0,2450.0,0.841,0.841,0.845,0.845,0.91,0.912,1.047,1.047,15.208,5449.0,14759.0,23.432,174.0,42.68
2026-07-08 03:00:11,54.0,69.000              ,692.762,400.0,1067.0,0.0,54.75,54.750              ,54.75,54.75,54.75,54.75,54.75,54.75,54.75,52.053,37.874,52.616,39.12,62.238,20.481,58.18,21.972,43.067,1980.0,1980.0,1980.0,1980.0,2475.0,2475.0,2500.0,2500.0,2500.0,0.918,0.92,0.902,0.902,0.896,0.895,0.836,0.836,15.114,5456.0,14759.0,28.132,175.0,35.55
2026-07-08 03:00:12,54.0,68.000              ,692.758,413.0,1067.0,0.0,54.625,54.625              ,54.625,54.625,54.625,54.625,54.625,54.625,54.625,38.518,21.011,51.512,27.463,66.472,12.232,63.478,8.473,36.145,1980.0,1980.0,1960.0,1960.0,2475.0,2475.0,1980.0,1980.0,2475.0,0.728,0.728,0.868,0.868,0.987,0.986,0.912,0.912,14.989,5459.0,14760.0,23.477,176.0,42.59
2026-07-08 03:00:13,54.0,69.000              ,692.758,476.0,1067.0,0.0,54.625,54.625              ,54.625,54.625,54.625,54.625,54.625,54.625,54.625,46.519,22.517,51.778,26.486,66.898,10.143,61.835,11.491,37.208,2020.0,2020.0,2020.0,2020.0,2525.0,2525.0,2020.0,2020.0,2525.0,0.812,0.812,0.834,0.834,0.989,0.989,0.929,0.929,15.135,5457.0,14759.0,21.054,177.0,47.5
2026-07-08 03:00:14,54.0,69.000              ,692.91,442.0,1200.0,0.0,54.5,54.500              ,54.5,54.5,54.5,54.5,54.5,54.5,54.5,49.981,32.951,60.919,48.618,66.919,23.952,61.889,24.721,46.244,1900.0,1900.0,2375.0,2375.0,2375.0,2375.0,1900.0,1900.0,2375.0,0.767,0.765,1.024,1.009,0.898,0.898,0.858,0.858,15.363,5471.0,14753.0,25.051,178.0,39.92
2026-07-08 03:00:15,54.0,71.000              ,692.906,381.0,1200.0,0.0,54.5,54.500              ,54.5,54.5,54.5,54.5,54.5,54.5,54.5,50.875,27.239,53.766,48.455,56.525,17.78,58.493,23.532,42.083,1733.333,1733.333,2120.0,2160.0,1800.0,1800.0,1800.0,1800.0,2160.0,0.726,0.726,0.965,0.979,0.706,0.706,0.867,0.867,14.96,5470.0,14755.0,22.345,179.0,44.75
2026-07-08 03:00:16,54.0,71.000              ,693.73,200.0,1200.0,0.0,54.5,54.500              ,54.5,54.5,54.5,54.5,54.5,54.5,54.5,48.72,29.573,54.665,35.287,65.847,15.899,46.339,24.588,40.115,1960.0,1960.0,2450.0,2450.0,1960.0,1960.0,1960.0,1960.0,2450.0,0.824,0.824,0.972,0.972,0.995,0.995,0.851,0.851,15.194,5483.0,14754.0,32.967,180.0,30.33
2026-07-08 03:00:17,54.0,68.000              ,693.727,516.0,1200.0,0.0,54.5,54.500              ,54.5,54.5,54.5,54.5,54.5,54.5,54.5,44.113,25.85,47.961,39.557,62.847,13.98,53.798,22.027,38.767,1820.0,1820.0,2275.0,2225.0,1780.0,1780.0,1780.0,1780.0,2275.0,0.772,0.772,0.874,0.874,0.843,0.845,0.875,0.875,14.831,5483.0,14753.0,26.819,181.0,37.29
2026-07-08 03:00:18,54.0,71.000              ,693.664,387.0,1067.0,0.0,54.5,54.500              ,54.5,54.5,54.5,54.5,54.5,54.5,54.5,36.216,23.188,51.814,25.107,47.803,16.342,60.845,15.34,34.582,1940.0,1940.0,1920.0,1920.0,2425.0,2425.0,2350.0,2350.0,2425.0,0.763,0.764,0.908,0.908,0.777,0.774,1.072,1.072,14.994,5480.0,14754.0,35.451,182.0,28.21
2026-07-08 03:00:19,54.0,70.000              ,693.668,426.0,1200.0,0.0,54.5,54.500              ,54.5,54.5,54.5,54.5,54.5,54.5,54.5,36.586,24.047,47.015,25.9,63.165,7.566,49.932,16.69,33.863,2525.0,2525.0,2020.0,2020.0,2475.0,2475.0,1980.0,2000.0,2525.0,0.778,0.777,0.893,0.893,0.96,0.96,0.933,0.938,15.219,5484.0,14753.0,28.665,183.0,34.89
2026-07-08 03:00:20,54.0,69.000              ,693.676,387.0,1067.0,0.0,54.5,54.500              ,54.5,54.5,54.5,54.5,54.5,54.5,54.5,45.1,23.024,50.609,22.798,60.504,8.295,52.333,21.271,35.492,1980.0,1980.0,1980.0,1980.0,2475.0,2475.0,1980.0,1980.0,2475.0,0.847,0.847,0.859,0.859,0.941,0.941,0.999,0.994,14.902,5482.0,14754.0,25.256,184.0,39.59
2026-07-08 03:00:21,54.0,69.000              ,693.676,450.0,1067.0,0.0,54.5,54.500              ,54.5,54.5,54.5,54.5,54.5,54.5,54.5,45.622,23.015,53.629,28.146,45.156,18.454,56.231,24.201,36.807,2100.0,2100.0,2625.0,2625.0,2100.0,2100.0,2100.0,2100.0,2625.0,0.851,0.851,0.964,0.964,0.813,0.813,1.03,1.03,15.173,5484.0,14753.0,19.27,185.0,51.89
2026-07-08 03:00:22,54.0,68.000              ,693.676,516.0,1200.0,0.0,54.5,54.500              ,54.5,54.5,54.5,54.5,54.5,54.5,54.5,42.003,21.859,42.131,29.761,50.537,10.151,57.46,12.682,33.323,2040.0,2040.0,2040.0,2040.0,2020.0,2525.0,2525.0,2525.0,2525.0,0.78,0.782,0.857,0.851,0.698,0.698,0.923,0.923,15.185,5484.0,14752.0,23.672,186.0,42.24
2026-07-08 03:00:23,54.0,69.000              ,693.68,200.0,1067.0,0.0,54.5,54.500              ,54.5,54.5,54.5,54.5,54.5,54.5,54.5,56.343,19.9,53.221,28.899,47.759,14.141,63.327,10.79,36.797,1920.0,1920.0,2400.0,2400.0,1920.0,1920.0,1900.0,1900.0,2400.0,0.873,0.872,0.853,0.861,0.723,0.723,0.925,0.925,14.969,5485.0,14752.0,25.119,187.0,39.81
2026-07-08 03:00:24,54.0,69.000              ,693.68,428.0,1200.0,0.0,54.5,54.500              ,54.5,54.5,54.5,54.5,54.5,54.5,54.5,41.599,20.406,48.795,26.721,58.146,9.826,46.924,11.454,32.984,2020.0,2020.0,2525.0,2525.0,2550.0,2550.0,2550.0,2550.0,2550.0,0.776,0.776,0.915,0.913,0.923,0.923,0.771,0.771,15.099,5486.0,14751.0,24.228,188.0,41.27
2026-07-08 03:00:25,54.0,69.000              ,693.676,442.0,1067.0,0.0,54.5,54.500              ,54.5,54.5,54.5,54.5,54.5,54.5,54.5,39.694,22.7,56.384,24.922,56.26,9.21,53.916,14.848,34.742,1940.0,1940.0,2400.0,2400.0,1920.0,1920.0,1920.0,1920.0,2400.0,0.81,0.812,1.011,1.011,0.814,0.817,0.923,0.923,15.027,5486.0,14752.0,23.805,189.0,42.01
2026-07-08 03:00:26,54.0,70.000              ,693.637,484.0,1067.0,0.0,54.375,54.375              ,54.375,54.375,54.375,54.375,54.375,54.375,54.375,43.134,16.903,52.858,21.74,59.967,10.159,42.144,9.426,32.041,2020.0,2020.0,2020.0,2020.0,2525.0,2525.0,2020.0,2000.0,2525.0,0.757,0.755,0.86,0.862,0.934,0.931,0.704,0.704,15.268,5486.0,14753.0,24.702,190.0,40.48
2026-07-08 03:00:27,54.0,70.000              ,693.633,426.0,1067.0,0.0,54.25,54.250              ,54.25,54.25,54.25,54.25,54.25,54.25,54.25,44.266,20.864,54.775,29.207,61.084,11.568,52.88,13.648,36.036,1900.0,1900.0,2375.0,2375.0,1900.0,1900.0,1880.0,1880.0,2375.0,0.822,0.822,0.972,0.973,0.941,0.928,0.853,0.853,14.825,5484.0,14752.0,23.564,191.0,42.44
2026-07-08 03:00:28,54.0,70.000              ,693.699,428.0,1200.0,0.0,54.25,54.250              ,54.25,54.25,54.25,54.25,54.25,54.25,54.25,51.587,30.996,58.607,38.546,69.542,19.499,56.437,21.837,43.381,1860.0,1860.0,2325.0,2325.0,2325.0,2325.0,1860.0,1860.0,2325.0,0.806,0.809,0.928,0.925,0.934,0.947,0.8,0.801,15.15,5496.0,14753.0,23.172,192.0,43.16
2026-07-08 03:00:29,54.0,70.000              ,693.719,476.0,1067.0,0.0,54.25,54.250              ,54.25,54.25,54.25,54.25,54.25,54.25,54.25,42.682,21.915,53.517,23.693,64.711,14.498,48.101,19.704,36.103,2040.0,2040.0,2040.0,2040.0,2550.0,2550.0,2525.0,2525.0,2550.0,0.818,0.818,0.87,0.874,1.117,1.107,0.875,0.874,15.068,5495.0,14753.0,20.428,193.0,48.95
2026-07-08 03:00:30,54.0,69.000              ,693.715,442.0,1200.0,0.0,54.25,54.250              ,54.25,54.25,54.25,54.25,54.25,54.25,54.25,38.743,21.82,37.485,50.795,43.779,13.425,54.849,12.234,34.141,1980.0,1980.0,1980.0,2500.0,2500.0,2500.0,2000.0,2000.0,2500.0,0.754,0.754,1.131,1.127,0.691,0.695,0.853,0.848,15.05,5492.0,14753.0,21.884,194.0,45.7
2026-07-08 03:00:31,54.0,69.000              ,693.707,200.0,1067.0,0.0,54.25,54.250              ,54.25,54.25,54.25,54.25,54.25,54.25,54.25,44.778,17.326,49.97,24.87,50.031,12.854,61.345,9.563,33.842,2040.0,2040.0,2040.0,2040.0,2020.0,2020.0,2525.0,2525.0,2525.0,0.805,0.803,0.875,0.875,0.878,0.878,1.007,1.015,15.011,5491.0,14753.0,24.049,195.0,41.58
2026-07-08 03:00:32,54.0,70.000              ,693.707,200.0,1200.0,0.0,54.25,54.250              ,54.25,54.25,54.25,54.25,54.25,54.25,54.25,38.042,19.644,43.842,33.158,53.856,13.461,44.932,10.377,32.164,2100.0,2100.0,2625.0,2600.0,2080.0,2080.0,2080.0,2080.0,2625.0,0.758,0.758,1.009,1.01,0.933,0.933,0.765,0.765,15.111,5489.0,14752.0,24.558,196.0,40.72
2026-07-08 03:00:33,54.0,69.000              ,693.707,500.0,1200.0,0.0,54.25,54.250              ,54.25,54.25,54.25,54.25,54.25,54.25,54.25,44.814,27.207,52.756,28.99,58.77,18.054,60.3,19.017,38.739,2020.0,2020.0,2020.0,2020.0,2550.0,2550.0,2040.0,2040.0,2550.0,0.782,0.783,0.845,0.833,0.911,0.911,0.96,0.96,15.135,5492.0,14752.0,24.682,197.0,40.52
2026-07-08 03:00:34,54.0,69.000              ,693.711,200.0,1067.0,0.0,54.25,54.250              ,54.25,54.25,54.25,54.25,54.25,54.25,54.25,46.581,21.956,45.003,28.91,43.517,11.03,57.955,11.914,33.358,2000.0,2000.0,2500.0,2500.0,2000.0,2000.0,2500.0,2500.0,2500.0,0.857,0.858,0.919,0.935,0.732,0.732,1.032,1.032,15.002,5490.0,14751.0,26.014,198.0,38.44
2026-07-08 03:00:35,54.0,70.000              ,693.707,381.0,1067.0,0.0,54.25,54.250              ,54.25,54.25,54.25,54.25,54.25,54.25,54.25,41.508,25.78,55.054,25.286,44.56,8.451,61.275,17.767,34.96,2100.0,2100.0,2625.0,2625.0,2100.0,2100.0,2100.0,2100.0,2625.0,0.827,0.826,0.98,0.976,0.717,0.717,1.131,1.131,14.986,5489.0,14751.0,25.92,199.0,38.58
2026-07-08 03:00:36,54.0,69.000              ,693.711,420.0,1067.0,0.0,54.25,54.250              ,54.25,54.25,54.25,54.25,54.25,54.25,54.25,44.6,26.538,56.885,23.284,41.375,11.246,53.529,13.219,33.835,2140.0,2140.0,2140.0,2140.0,2140.0,2140.0,2675.0,2675.0,2675.0,0.918,0.918,1.038,1.038,0.765,0.765,1.019,1.019,15.094,5489.0,14754.0,18.559,200.0,53.88
2026-07-08 03:00:37,54.0,68.000              ,693.707,516.0,1200.0,0.0,54.25,54.250              ,54.25,54.25,54.25,54.25,54.25,54.25,54.25,45.418,27.178,57.453,30.978,41.599,16.632,53.094,14.719,35.884,2080.0,2080.0,2600.0,2600.0,2080.0,2080.0,2080.0,2080.0,2600.0,0.858,0.858,1.101,1.101,0.76,0.76,0.906,0.903,14.989,5488.0,14753.0,18.781,201.0,53.25
2026-07-08 03:00:38,54.0,69.000              ,693.773,200.0,1067.0,0.0,54.25,54.250              ,54.25,54.25,54.25,54.25,54.25,54.25,54.25,37.314,23.454,51.346,30.753,40.633,11.786,59.63,15.972,33.861,2080.0,2080.0,2600.0,2600.0,2080.0,2080.0,2080.0,2080.0,2600.0,0.786,0.793,1.002,1.002,0.713,0.713,1.073,1.078,15.035,5488.0,14753.0,23.345,202.0,42.84
2026-07-08 03:00:39,54.0,69.000              ,693.84,200.0,1067.0,0.0,54.25,54.250              ,54.25,54.25,54.25,54.25,54.25,54.25,54.25,49.245,30.253,54.332,36.577,54.352,14.921,54.917,14.533,38.641,2040.0,2040.0,2550.0,2550.0,2040.0,2040.0,2040.0,2040.0,2550.0,0.831,0.825,1.024,1.026,0.823,0.81,0.85,0.85,15.142,5493.0,14753.0,29.735,203.0,33.63
2026-07-08 03:00:40,54.0,68.000              ,693.844,500.0,1200.0,0.0,54.25,54.250              ,54.25,54.25,54.25,54.25,54.25,54.25,54.25,57.369,30.783,54.952,46.952,60.617,26.758,66.073,32.337,46.98,1900.0,1900.0,1900.0,1900.0,1900.0,1900.0,2375.0,2375.0,2375.0,0.796,0.796,0.844,0.842,0.785,0.799,0.987,0.987,15.25,5492.0,14753.0,19.419,204.0,51.5
2026-07-08 03:00:41,54.0,72.000              ,693.84,344.0,1200.0,0.0,54.25,54.250              ,54.25,54.25,54.25,54.25,54.25,54.25,54.25,79.164,69.762,83.163,84.371,84.591,74.077,82.75,74.038,78.99,1766.667,1766.667,2120.0,2100.0,1750.0,1750.0,1733.333,1733.333,2120.0,0.829,0.83,0.96,0.961,0.92,0.918,0.924,0.932,15.454,5375.0,14759.0,23.208,205.0,43.09
2026-07-08 03:00:42,54.0,74.000              ,693.848,352.0,1200.0,0.0,54.25,54.250              ,54.25,54.25,54.25,54.25,54.25,54.25,54.25,83.56,73.851,84.361,81.873,84.051,74.951,83.166,76.631,80.305,1533.333,1533.333,1840.0,1840.0,1533.333,1533.333,1533.333,1533.333,1840.0,0.841,0.839,0.912,0.911,0.885,0.873,0.912,0.905,14.858,5190.0,14762.0,25.029,206.0,39.95
2026-07-08 03:00:43,54.0,74.000              ,693.848,381.0,1200.0,0.0,54.25,54.250              ,54.25,54.25,54.25,54.25,54.25,54.25,54.25,78.682,71.285,82.404,80.523,82.36,73.003,81.355,72.242,77.732,1566.667,1566.667,1880.0,1880.0,1566.667,1860.0,1860.0,1860.0,1880.0,0.826,0.827,0.937,0.941,0.893,0.906,0.908,0.909,15.108,5030.0,14764.0,24.128,207.0,41.45
2026-07-08 03:00:44,54.0,75.000              ,693.848,450.0,1200.0,0.0,54.25,54.250              ,54.25,54.25,54.25,54.25,54.25,54.25,54.25,70.459,62.63,72.618,71.904,76.122,49.68,75.38,50.273,66.133,1920.0,1920.0,1920.0,1940.0,1616.667,1616.667,1616.667,1616.667,1940.0,0.816,0.815,0.961,0.958,0.82,0.821,0.816,0.815,14.787,4917.0,14767.0,23.401,208.0,42.73
2026-07-08 03:00:45,54.0,74.000              ,693.852,200.0,1200.0,0.0,54.25,54.250              ,54.25,54.25,54.25,54.25,54.25,54.25,54.25,74.685,68.158,74.801,76.733,79.199,53.766,76.175,59.272,70.349,2020.0,2020.0,2020.0,2020.0,1716.667,1716.667,1716.667,1716.667,2020.0,0.867,0.869,1.004,1.004,0.878,0.877,0.87,0.869,15.073,4776.0,14769.0,23.303,209.0,42.91
2026-07-08 03:00:46,54.0,74.000              ,693.855,457.0,1200.0,0.0,54.25,54.250              ,54.25,54.25,54.25,54.25,54.25,54.25,54.25,70.688,63.874,72.762,72.439,76.255,53.262,72.662,52.148,66.761,2020.0,2020.0,2020.0,2020.0,1683.333,1683.333,1683.333,1683.333,2020.0,0.855,0.854,0.992,0.994,0.843,0.845,0.849,0.836,14.927,4634.0,14770.0,25.408,210.0,39.36
2026-07-08 03:00:47,54.0,76.000              ,693.852,461.0,1200.0,0.0,54.25,54.250              ,54.25,54.25,54.25,54.25,54.25,54.25,54.25,67.66,61.358,69.146,72.041,74.831,52.773,74.759,54.357,65.866,1733.333,1733.333,2080.0,2060.0,1716.667,1716.667,1716.667,1716.667,2080.0,0.808,0.81,0.996,0.994,0.849,0.85,0.882,0.897,15.256,4516.0,14772.0,23.467,211.0,42.61
2026-07-08 03:00:48,54.0,76.000              ,693.855,442.0,1200.0,0.0,54.25,54.250              ,54.25,54.25,54.25,54.25,54.25,54.25,54.25,68.573,57.224,67.94,67.292,71.674,49.676,71.094,46.169,62.455,1750.0,1750.0,2100.0,2100.0,1750.0,1750.0,1750.0,1750.0,2100.0,0.813,0.811,0.978,0.965,0.837,0.834,0.809,0.81,14.886,4383.0,14774.0,23.397,212.0,42.74
2026-07-08 03:00:49,54.0,75.000              ,693.793,442.0,1200.0,0.0,54.25,54.250              ,54.25,54.25,54.25,54.25,54.25,54.25,54.25,70.857,58.575,70.311,70.555,69.408,58.563,68.926,56.541,65.467,1980.0,1980.0,1980.0,2000.0,1666.667,1666.667,1666.667,1666.667,2000.0,0.836,0.837,0.963,0.983,0.854,0.854,0.831,0.831,14.96,4273.0,14776.0,20.692,213.0,48.33
2026-07-08 03:00:50,54.0,76.000              ,693.617,581.0,1200.0,0.0,54.125,54.125              ,54.125,54.125,54.125,54.125,54.125,54.125,54.125,60.794,46.296,60.271,66.75,63.088,41.091,64.311,35.341,54.743,1700.0,1700.0,2040.0,2040.0,1700.0,1700.0,1700.0,1700.0,2040.0,0.733,0.731,0.923,0.927,0.735,0.737,0.739,0.738,14.987,4088.0,14778.0,21.685,214.0,46.11
2026-07-08 03:00:51,54.0,74.000              ,693.625,420.0,1067.0,0.0,54.125,54.125              ,54.125,54.125,54.125,54.125,54.125,54.125,54.125,38.795,24.93,45.407,30.336,56.481,13.321,58.713,13.323,35.163,1820.0,1820.0,2275.0,2275.0,1820.0,1820.0,2275.0,2275.0,2275.0,0.692,0.693,0.778,0.77,0.805,0.804,0.858,0.858,14.826,4088.0,14775.0,23.864,215.0,41.9
2026-07-08 03:00:52,54.0,70.000              ,693.621,457.0,1200.0,0.0,54.125,54.125              ,54.125,54.125,54.125,54.125,54.125,54.125,54.125,34.015,27.128,58.655,23.326,54.048,11.797,57.811,15.639,35.302,1940.0,1940.0,2425.0,2425.0,1940.0,1940.0,1940.0,1940.0,2425.0,0.742,0.74,0.936,0.935,0.824,0.824,0.933,0.933,14.968,4092.0,14772.0,26.303,216.0,38.02
2026-07-08 03:00:53,54.0,70.000              ,693.621,200.0,1067.0,0.0,54.0,54.000              ,54.0,54.0,54.0,54.0,54.0,54.0,54.0,42.991,23.162,52.781,29.905,50.471,12.603,52.967,16.184,35.133,1980.0,2000.0,2000.0,2000.0,2000.0,2000.0,2500.0,2500.0,2500.0,0.792,0.792,0.983,0.98,0.799,0.799,0.908,0.898,15.031,4092.0,14771.0,24.988,217.0,40.02
2026-07-08 03:00:54,54.0,69.000              ,693.617,428.0,1200.0,0.0,54.0,54.000              ,54.0,54.0,54.0,54.0,54.0,54.0,54.0,47.496,27.052,52.432,29.946,56.51,11.734,56.317,13.787,36.909,1960.0,1960.0,2450.0,2450.0,1960.0,1960.0,1960.0,1960.0,2450.0,0.799,0.801,0.873,0.877,0.796,0.796,0.902,0.913,15.133,4092.0,14771.0,26.906,218.0,37.17
2026-07-08 03:00:55,54.0,69.000              ,693.621,200.0,1067.0,0.0,54.0,54.000              ,54.0,54.0,54.0,54.0,54.0,54.0,54.0,38.368,24.426,55.312,21.546,56.476,10.567,52.863,19.149,34.838,2080.0,2080.0,2080.0,2080.0,2080.0,2080.0,2600.0,2600.0,2600.0,0.784,0.782,0.944,0.941,0.929,0.929,0.949,0.951,14.976,4094.0,14772.0,27.253,219.0,36.69
2026-07-08 03:00:56,54.0,69.000              ,693.617,426.0,1200.0,0.0,54.0,54.000              ,54.0,54.0,54.0,54.0,54.0,54.0,54.0,42.042,20.198,43.298,32.471,45.509,8.994,53.051,20.79,33.294,2140.0,2140.0,2140.0,2140.0,2140.0,2140.0,2675.0,2675.0,2675.0,0.782,0.785,0.908,0.908,0.691,0.691,1.093,1.091,15.075,4097.0,14771.0,24.971,220.0,40.05
2026-07-08 03:00:57,54.0,69.000              ,693.582,406.0,1067.0,0.0,54.0,54.000              ,54.0,54.0,54.0,54.0,54.0,54.0,54.0,49.326,22.393,52.438,25.312,49.966,8.357,64.303,12.426,35.565,2020.0,2020.0,2525.0,2525.0,2020.0,2020.0,2020.0,2020.0,2525.0,0.848,0.846,0.879,0.879,0.754,0.754,1.147,1.148,15.064,4096.0,14771.0,26.486,221.0,37.76
2026-07-08 03:00:58,54.0,68.000              ,693.574,393.0,1067.0,0.0,54.0,54.000              ,54.0,54.0,54.0,54.0,54.0,54.0,54.0,43.595,16.974,51.163,30.062,53.627,10.356,41.052,16.041,32.859,2060.0,2060.0,2575.0,2575.0,2060.0,2060.0,2060.0,2060.0,2575.0,0.831,0.833,1.051,1.051,0.877,0.877,0.798,0.798,14.993,4096.0,14771.0,24.838,222.0,40.26
2026-07-08 03:00:59,54.0,68.000              ,693.578,200.0,1200.0,0.0,54.0,54.000              ,54.0,54.0,54.0,54.0,54.0,54.0,54.0,40.42,22.491,61.631,24.858,52.558,11.747,50.593,14.175,34.809,2120.0,2120.0,2650.0,2650.0,2100.0,2100.0,2100.0,2100.0,2650.0,0.826,0.825,1.123,1.123,0.838,0.84,0.902,0.9,15.148,4097.0,14772.0,22.676,223.0,44.1
2026-07-08 03:01:00,54.0,68.000              ,693.574,420.0,1067.0,0.0,54.0,54.000              ,54.0,54.0,54.0,54.0,54.0,54.0,54.0,44.534,23.733,53.453,27.191,63.696,14.842,44.852,16.503,36.101,2080.0,2080.0,2600.0,2600.0,2100.0,2100.0,2100.0,2100.0,2600.0,0.88,0.878,0.945,0.945,1.062,1.061,0.834,0.835,15.044,4096.0,14774.0,25.741,224.0,38.85
2026-07-08 03:01:01,54.0,69.000              ,693.574,400.0,1067.0,0.0,54.0,54.000              ,54.0,54.0,54.0,54.0,54.0,54.0,54.0,46.043,17.438,62.933,19.855,58.994,9.632,48.47,13.054,34.552,2000.0,2000.0,2500.0,2500.0,2000.0,2000.0,2000.0,2000.0,2500.0,0.846,0.846,0.988,0.988,0.965,0.965,0.767,0.768,14.92,4100.0,14772.0,22.474,225.0,44.5
2026-07-08 03:01:02,54.0,69.000              ,693.57,492.0,1200.0,0.0,54.0,54.000              ,54.0,54.0,54.0,54.0,54.0,54.0,54.0,41.093,19.536,63.398,24.854,55.337,17.103,49.905,13.749,35.622,2060.0,2060.0,2575.0,2575.0,2060.0,2060.0,2060.0,2060.0,2575.0,0.792,0.792,1.148,1.14,0.925,0.925,0.807,0.805,15.139,4103.0,14772.0,19.085,226.0,52.4
2026-07-08 03:01:03,54.0,69.000              ,693.574,200.0,1067.0,0.0,54.0,54.000              ,54.0,54.0,54.0,54.0,54.0,54.0,54.0,50.727,19.988,51.308,28.17,57.036,13.915,59.434,12.275,36.607,2000.0,2000.0,2000.0,2000.0,2500.0,2500.0,1980.0,1980.0,2500.0,0.872,0.872,0.837,0.843,0.916,0.916,0.905,0.905,14.988,4104.0,14771.0,23.329,227.0,42.87
2026-07-08 03:01:04,54.0,69.000              ,693.566,435.0,1200.0,0.0,54.0,54.000              ,54.0,54.0,54.0,54.0,54.0,54.0,54.0,41.603,26.839,58.409,20.36,49.045,9.906,52.717,11.377,33.782,2100.0,2100.0,2625.0,2625.0,2625.0,2625.0,2625.0,2625.0,2625.0,0.852,0.852,1.085,1.085,0.831,0.831,0.934,0.936,14.989,4104.0,14771.0,26.751,228.0,37.38
2026-07-08 03:01:05,54.0,69.000              ,693.57,545.0,1200.0,0.0,54.0,54.000              ,54.0,54.0,54.0,54.0,54.0,54.0,54.0,43.811,23.351,63.62,23.94,43.605,9.725,54.74,12.719,34.439,2060.0,2060.0,2575.0,2575.0,2060.0,2060.0,2060.0,2060.0,2575.0,0.805,0.807,1.162,1.16,0.713,0.713,0.928,0.928,15.105,4104.0,14772.0,20.368,229.0,49.1
2026-07-08 03:01:06,54.0,70.000              ,693.566,428.0,1200.0,0.0,54.0,54.000              ,54.0,54.0,54.0,54.0,54.0,54.0,54.0,30.957,24.532,52.521,29.373,45.442,9.23,51.81,11.336,31.9,2020.0,2020.0,2525.0,2525.0,2020.0,2020.0,2020.0,2020.0,2525.0,0.768,0.769,1.137,1.137,0.762,0.762,0.89,0.89,15.107,4105.0,14771.0,21.982,230.0,45.49
2026-07-08 03:01:07,54.0,70.000              ,693.57,420.0,1200.0,0.0,54.0,54.000              ,54.0,54.0,54.0,54.0,54.0,54.0,54.0,36.303,22.776,61.951,25.213,46.529,12.935,55.403,11.592,34.088,2080.0,2080.0,2600.0,2600.0,2080.0,2080.0,2080.0,2600.0,2600.0,0.777,0.775,1.148,1.15,0.767,0.767,0.962,0.96,14.958,4106.0,14772.0,25.687,231.0,38.93
2026-07-08 03:01:08,54.0,70.000              ,693.566,450.0,1200.0,0.0,54.0,54.000              ,54.0,54.0,54.0,54.0,54.0,54.0,54.0,37.518,24.428,46.387,27.297,50.747,9.038,52.638,11.307,32.42,2080.0,2080.0,2600.0,2600.0,2080.0,2080.0,2080.0,2080.0,2600.0,0.793,0.794,0.957,0.954,0.823,0.823,0.905,0.905,14.895,4108.0,14772.0,26.739,232.0,37.4
2026-07-08 03:01:09,54.0,69.000              ,693.57,413.0,1067.0,0.0,54.0,54.000              ,54.0,54.0,54.0,54.0,54.0,54.0,54.0,40.857,19.703,44.593,45.472,45.827,9.576,47.298,11.716,33.13,2080.0,2080.0,2600.0,2600.0,2080.0,2080.0,2080.0,2080.0,2600.0,0.815,0.813,1.239,1.23,0.733,0.733,0.844,0.844,15.142,4108.0,14771.0,22.53,233.0,44.39
2026-07-08 03:01:10,54.0,70.000              ,693.695,200.0,1200.0,0.0,54.0,54.000              ,54.0,54.0,54.0,54.0,54.0,54.0,54.0,41.749,22.054,43.917,32.882,57.341,12.075,53.435,15.571,34.878,2060.0,2060.0,2575.0,2575.0,2060.0,2060.0,2060.0,2060.0,2575.0,0.77,0.77,0.904,0.91,0.891,0.891,0.938,0.938,15.179,4110.0,14770.0,24.941,234.0,40.09
2026-07-08 03:01:11,54.0,69.000              ,693.691,457.0,1067.0,0.0,54.0,54.000              ,54.0,54.0,54.0,54.0,54.0,54.0,54.0,44.375,23.933,50.153,23.577,50.598,9.309,56.563,11.761,33.784,2080.0,2080.0,2600.0,2600.0,2080.0,2080.0,2080.0,2080.0,2600.0,0.88,0.884,0.947,0.936,0.809,0.809,0.972,0.972,14.873,4112.0,14771.0,25.882,235.0,38.64
2026-07-08 03:01:12,54.0,69.000              ,693.32,450.0,1200.0,0.0,54.0,54.000              ,54.0,54.0,54.0,54.0,54.0,54.0,54.0,39.765,19.935,33.375,59.375,46.207,12.332,45.837,8.896,33.215,2040.0,2040.0,2550.0,2550.0,2040.0,2040.0,2040.0,2040.0,2550.0,0.758,0.754,1.27,1.291,0.731,0.731,0.758,0.758,15.171,4112.0,14770.0,23.383,236.0,42.77
2026-07-08 03:01:13,54.0,70.000              ,693.313,581.0,1200.0,0.0,54.0,54.000              ,54.0,54.0,54.0,54.0,54.0,54.0,54.0,41.641,24.796,50.645,38.05,58.567,11.992,53.264,15.068,36.753,2020.0,2020.0,2525.0,2525.0,2020.0,2020.0,2020.0,2020.0,2525.0,0.777,0.779,1.058,1.052,0.893,0.893,0.867,0.867,14.979,4121.0,14769.0,27.529,237.0,36.33
2026-07-08 03:01:14,54.0,70.000              ,693.309,442.0,1200.0,0.0,54.0,54.000              ,54.0,54.0,54.0,54.0,54.0,54.0,54.0,37.766,18.778,45.012,52.564,46.06,10.64,44.173,11.96,33.369,1960.0,1960.0,2450.0,2475.0,1980.0,1980.0,1980.0,1980.0,2475.0,0.734,0.732,1.277,1.28,0.704,0.706,0.768,0.768,14.979,4121.0,14769.0,22.981,238.0,43.51
2026-07-08 03:01:15,53.0,70.000              ,693.316,200.0,1067.0,0.0,53.875,53.875              ,53.875,53.875,53.875,53.875,53.875,53.875,53.875,40.006,18.757,55.937,25.568,61.718,10.752,53.788,13.975,35.063,2020.0,2020.0,2525.0,2525.0,2020.0,2020.0,2020.0,2020.0,2525.0,0.737,0.737,0.978,0.975,0.921,0.918,0.895,0.895,15.236,4120.0,14769.0,24.043,239.0,41.59
2026-07-08 03:01:16,53.0,69.000              ,693.316,381.0,1200.0,0.0,53.875,53.875              ,53.875,53.875,53.875,53.875,53.875,53.875,53.875,45.741,27.4,55.211,38.521,62.754,21.213,54.377,24.544,41.22,1920.0,1920.0,1920.0,1920.0,2400.0,2400.0,1940.0,1940.0,2400.0,0.73,0.73,0.921,0.921,0.914,0.914,0.804,0.804,14.993,4138.0,14772.0,22.647,240.0,44.16
2026-07-08 03:01:17,53.0,68.000              ,693.309,500.0,1067.0,0.0,53.875,53.875              ,53.875,53.875,53.875,53.875,53.875,53.875,53.875,69.82,49.574,64.657,67.278,62.035,49.42,69.844,50.087,60.339,1880.0,1880.0,2350.0,2350.0,1880.0,1880.0,1880.0,1880.0,2350.0,0.861,0.861,1.044,1.041,0.824,0.823,0.905,0.905,15.285,4184.0,14782.0,29.126,241.0,34.33
2026-07-08 03:01:18,53.0,72.000              ,693.313,461.0,1200.0,0.0,53.875,53.875              ,53.875,53.875,53.875,53.875,53.875,53.875,53.875,61.563,34.327,56.35,53.109,60.078,30.23,60.317,30.204,48.272,1766.667,1766.667,2120.0,2120.0,1766.667,1766.667,1766.667,1766.667,2120.0,0.79,0.79,0.925,0.927,0.76,0.761,0.735,0.736,15.027,4194.0,14782.0,20.615,242.0,48.51
2026-07-08 03:01:19,54.0,76.000              ,693.313,442.0,1200.0,0.0,54.0,54.000              ,54.0,54.0,54.0,54.0,54.0,54.0,54.0,47.737,26.149,56.015,40.445,60.208,15.174,51.441,16.705,39.234,1700.0,1700.0,1700.0,1700.0,2040.0,2040.0,1716.667,1716.667,2040.0,0.781,0.781,1.008,1.008,0.782,0.781,0.712,0.701,14.569,4203.0,14781.0,22.704,243.0,44.05
2026-07-08 03:01:20,54.0,73.000              ,693.32,200.0,1200.0,0.0,54.0,54.000              ,54.0,54.0,54.0,54.0,54.0,54.0,54.0,47.59,18.451,52.341,24.253,61.229,8.854,39.854,8.53,32.638,2000.0,2000.0,2500.0,2500.0,2000.0,2000.0,2000.0,2000.0,2500.0,0.896,0.896,0.91,0.91,0.984,0.985,0.714,0.725,15.197,4204.0,14780.0,24.007,244.0,41.65
2026-07-08 03:01:21,54.0,68.000              ,693.32,393.0,1200.0,0.0,54.0,54.000              ,54.0,54.0,54.0,54.0,54.0,54.0,54.0,49.864,18.51,62.335,25.217,55.238,9.782,50.395,13.386,35.591,2060.0,2060.0,2575.0,2575.0,2060.0,2060.0,2060.0,2060.0,2575.0,0.893,0.896,1.107,1.107,0.839,0.838,0.856,0.856,14.987,4203.0,14780.0,24.239,245.0,41.26
2026-07-08 03:01:22,54.0,66.000              ,693.316,476.0,1200.0,0.0,54.0,54.000              ,54.0,54.0,54.0,54.0,54.0,54.0,54.0,60.453,17.173,52.587,28.786,50.347,11.012,47.731,11.425,34.939,2040.0,2040.0,2550.0,2550.0,2040.0,2040.0,2550.0,2550.0,2550.0,1.016,1.013,0.966,0.966,0.717,0.717,0.821,0.821,15.067,4204.0,14783.0,25.192,246.0,39.7
2026-07-08 03:01:23,54.0,68.000              ,693.316,420.0,1067.0,0.0,54.0,54.000              ,54.0,54.0,54.0,54.0,54.0,54.0,54.0,47.522,16.047,51.033,27.502,56.849,9.954,52.772,10.228,33.988,2020.0,2020.0,2525.0,2525.0,2020.0,2020.0,2020.0,2040.0,2525.0,0.89,0.893,0.991,0.991,0.876,0.876,0.882,0.882,15.049,4204.0,14783.0,23.607,247.0,42.36
2026-07-08 03:01:24,54.0,70.000              ,693.32,453.0,1067.0,0.0,54.0,54.000              ,54.0,54.0,54.0,54.0,54.0,54.0,54.0,44.809,20.285,39.957,30.222,47.321,10.469,56.025,13.607,32.837,2020.0,2020.0,2525.0,2525.0,2020.0,2020.0,2020.0,2020.0,2525.0,0.864,0.861,0.858,0.858,0.727,0.727,1.006,1.006,14.868,4203.0,14783.0,24.124,248.0,41.45
2026-07-08 03:01:25,54.0,70.000              ,693.195,428.0,1067.0,0.0,54.0,54.000              ,54.0,54.0,54.0,54.0,54.0,54.0,54.0,42.018,18.162,45.937,28.731,58.374,7.396,55.926,8.586,33.141,2140.0,2140.0,2675.0,2675.0,2140.0,2140.0,2140.0,2140.0,2675.0,0.883,0.883,0.959,0.959,0.951,0.951,0.971,0.971,15.04,4205.0,14780.0,22.324,249.0,44.79
2026-07-08 03:01:26,54.0,70.000              ,693.191,469.0,1200.0,0.0,54.0,54.000              ,54.0,54.0,54.0,54.0,54.0,54.0,54.0,42.869,15.764,47.689,21.517,62.785,9.312,62.218,7.62,33.722,2080.0,2080.0,2600.0,2600.0,2080.0,2080.0,2080.0,2080.0,2600.0,0.863,0.852,0.856,0.856,0.975,0.975,0.998,0.998,15.044,4205.0,14779.0,23.376,250.0,42.78
2026-07-08 03:01:27,54.0,72.000              ,693.195,492.0,1200.0,0.0,54.0,54.000              ,54.0,54.0,54.0,54.0,54.0,54.0,54.0,52.72,19.589,48.785,33.813,45.977,11.366,40.999,14.511,33.47,2060.0,2040.0,2550.0,2550.0,2550.0,2550.0,2040.0,2040.0,2550.0,0.924,0.935,1.042,1.043,0.727,0.727,0.762,0.763,15.161,4204.0,14779.0,24.78,251.0,40.36
2026-07-08 03:01:28,54.0,70.000              ,693.195,200.0,1200.0,0.0,54.0,54.000              ,54.0,54.0,54.0,54.0,54.0,54.0,54.0,50.521,27.473,56.407,32.021,57.188,12.415,54.756,11.991,37.846,1940.0,1940.0,2425.0,2425.0,1940.0,1940.0,1940.0,1940.0,2425.0,0.87,0.873,0.992,0.991,0.782,0.782,0.802,0.801,14.988,4203.0,14781.0,21.663,252.0,46.16
2026-07-08 03:01:29,54.0,68.000              ,693.195,200.0,1200.0,0.0,54.0,54.000              ,54.0,54.0,54.0,54.0,54.0,54.0,54.0,42.933,20.874,51.293,23.246,59.906,11.27,53.666,11.312,34.312,2000.0,2000.0,2500.0,2500.0,2000.0,2000.0,2000.0,2000.0,2500.0,0.901,0.898,0.911,0.911,0.973,0.973,0.902,0.902,14.954,4206.0,14781.0,21.586,253.0,46.33
2026-07-08 03:01:30,54.0,68.000              ,694.191,476.0,1067.0,0.0,54.0,54.000              ,54.0,54.0,54.0,54.0,54.0,54.0,54.0,43.981,20.957,54.365,23.987,61.458,12.828,53.561,11.947,35.386,2140.0,2140.0,2140.0,2140.0,2675.0,2675.0,2140.0,2140.0,2675.0,0.882,0.882,0.992,0.993,1.019,1.019,0.905,0.905,15.042,4207.0,14781.0,19.107,254.0,52.34
2026-07-08 03:01:31,53.0,70.000              ,694.199,200.0,1200.0,0.0,53.875,53.875              ,53.875,53.875,53.875,53.875,53.875,53.875,53.875,48.322,20.542,43.025,31.617,47.935,15.438,55.787,12.481,34.394,2500.0,2500.0,2525.0,2525.0,2550.0,2550.0,2040.0,2040.0,2550.0,0.877,0.877,0.896,0.895,0.777,0.777,0.921,0.921,15.097,4206.0,14781.0,23.119,255.0,43.25
2026-07-08 03:01:32,53.0,69.000              ,694.199,393.0,1200.0,0.0,53.75,53.750              ,53.75,53.75,53.75,53.75,53.75,53.75,53.75,44.586,23.976,38.967,33.392,44.246,10.682,55.093,9.276,32.527,2100.0,2100.0,2625.0,2625.0,2080.0,2080.0,2080.0,2080.0,2625.0,0.902,0.902,0.883,0.883,0.712,0.712,0.892,0.892,15.02,4206.0,14780.0,29.062,256.0,34.41
2026-07-08 03:01:33,53.0,68.000              ,694.207,435.0,1067.0,0.0,53.75,53.750              ,53.75,53.75,53.75,53.75,53.75,53.75,53.75,46.42,22.069,46.04,23.512,49.492,10.28,68.767,9.522,34.513,2060.0,2060.0,2575.0,2575.0,2060.0,2060.0,2575.0,2575.0,2575.0,0.89,0.89,0.84,0.84,0.776,0.776,1.137,1.137,15.118,4206.0,14780.0,25.616,257.0,39.04
2026-07-08 03:01:34,53.0,69.000              ,694.133,461.0,1200.0,0.0,53.75,53.750              ,53.75,53.75,53.75,53.75,53.75,53.75,53.75,38.777,24.382,34.838,33.763,47.72,10.927,41.362,18.966,31.342,2080.0,2080.0,2600.0,2600.0,2080.0,2080.0,2080.0,2080.0,2600.0,0.798,0.798,0.882,0.882,0.783,0.783,0.833,0.833,14.82,4206.0,14781.0,21.835,258.0,45.8
2026-07-08 03:01:35,53.0,69.000              ,694.133,450.0,1200.0,0.0,53.75,53.750              ,53.75,53.75,53.75,53.75,53.75,53.75,53.75,37.715,19.895,52.98,28.489,45.72,11.811,55.994,18.608,33.902,2040.0,2040.0,2550.0,2550.0,2020.0,2020.0,2020.0,2020.0,2550.0,0.798,0.798,1.087,1.087,0.788,0.788,0.993,0.989,15.045,4208.0,14780.0,21.817,259.0,45.84
2026-07-08 03:01:36,53.0,69.000              ,694.137,406.0,1200.0,0.0,53.75,53.750              ,53.75,53.75,53.75,53.75,53.75,53.75,53.75,41.791,21.801,57.119,22.96,52.496,6.555,53.28,18.863,34.358,2100.0,2100.0,2625.0,2625.0,2100.0,2100.0,2080.0,2080.0,2625.0,0.858,0.858,1.024,1.024,0.839,0.839,0.985,0.989,15.07,4210.0,14780.0,22.858,260.0,43.75
2026-07-08 03:01:37,53.0,70.000              ,694.133,469.0,1067.0,0.0,53.75,53.750              ,53.75,53.75,53.75,53.75,53.75,53.75,53.75,42.269,23.02,62.305,23.417,47.865,13.57,54.47,23.02,36.242,2060.0,2060.0,2575.0,2575.0,2060.0,2060.0,2575.0,2575.0,2575.0,0.82,0.821,1.064,1.064,0.805,0.805,1.014,1.014,15.165,4212.0,14780.0,20.595,261.0,48.56
2026-07-08 03:01:38,53.0,70.000              ,694.137,563.0,1200.0,0.0,53.75,53.750              ,53.75,53.75,53.75,53.75,53.75,53.75,53.75,41.035,22.683,43.911,25.335,58.399,12.343,47.085,15.523,33.289,2120.0,2120.0,2650.0,2650.0,2120.0,2120.0,2120.0,2120.0,2650.0,0.802,0.802,0.814,0.814,0.952,0.953,0.83,0.83,15.05,4212.0,14780.0,24.903,262.0,40.16
2026-07-08 03:01:39,53.0,70.000              ,694.137,375.0,1067.0,0.0,53.75,53.750              ,53.75,53.75,53.75,53.75,53.75,53.75,53.75,53.916,12.424,57.002,26.396,52.321,12.535,43.39,13.898,33.985,2060.0,2060.0,2575.0,2575.0,2060.0,2060.0,2060.0,2060.0,2575.0,1.006,1.006,1.055,1.055,0.87,0.869,0.787,0.787,14.858,4212.0,14779.0,24.128,263.0,41.45
2026-07-08 03:01:40,53.0,69.000              ,694.137,545.0,1067.0,0.0,53.75,53.750              ,53.75,53.75,53.75,53.75,53.75,53.75,53.75,47.606,30.136,39.13,33.838,46.497,13.98,41.643,30.504,35.417,2060.0,2060.0,2575.0,2575.0,2600.0,2600.0,2080.0,2080.0,2600.0,0.901,0.902,0.855,0.856,0.728,0.728,0.952,0.95,15.135,4213.0,14780.0,24.205,264.0,41.31
2026-07-08 03:01:41,53.0,67.000              ,694.141,450.0,1200.0,0.0,53.75,53.750              ,53.75,53.75,53.75,53.75,53.75,53.75,53.75,44.462,24.134,49.511,27.367,47.874,9.94,56.58,20.057,34.991,2060.0,2060.0,2040.0,2040.0,2040.0,2040.0,2550.0,2550.0,2550.0,0.843,0.842,0.883,0.882,0.718,0.718,1.089,1.097,15.05,4214.0,14781.0,22.674,265.0,44.1
2026-07-08 03:01:42,53.0,68.000              ,694.207,476.0,1200.0,0.0,53.75,53.750              ,53.75,53.75,53.75,53.75,53.75,53.75,53.75,35.837,22.226,36.19,48.316,44.594,12.413,41.663,15.91,32.144,2080.0,2080.0,2600.0,2600.0,2080.0,2080.0,2080.0,2080.0,2600.0,0.798,0.798,1.182,1.182,0.764,0.764,0.836,0.821,15.006,4217.0,14780.0,24.831,266.0,40.27
2026-07-08 03:01:43,53.0,70.000              ,694.199,387.0,1200.0,0.0,53.75,53.750              ,53.75,53.75,53.75,53.75,53.75,53.75,53.75,43.582,19.3,46.206,33.785,41.801,15.892,58.798,21.906,35.159,2040.0,2040.0,2550.0,2550.0,2040.0,2040.0,2040.0,2040.0,2550.0,0.799,0.799,0.937,0.937,0.718,0.718,1.091,1.107,15.06,4217.0,14782.0,22.369,267.0,44.7
2026-07-08 03:01:44,53.0,68.000              ,694.195,500.0,1200.0,0.0,53.75,53.750              ,53.75,53.75,53.75,53.75,53.75,53.75,53.75,35.844,21.726,49.443,30.767,47.928,10.556,47.536,17.263,32.633,2100.0,2100.0,2625.0,2625.0,2100.0,2100.0,2100.0,2100.0,2625.0,0.727,0.727,1.042,1.042,0.724,0.724,0.894,0.896,15.057,4218.0,14781.0,23.865,268.0,41.9
2026-07-08 03:01:45,53.0,68.000              ,694.195,413.0,1067.0,0.0,53.75,53.750              ,53.75,53.75,53.75,53.75,53.75,53.75,53.75,42.413,15.871,52.743,24.799,49.198,12.288,53.528,18.929,33.721,2060.0,2060.0,2575.0,2575.0,2060.0,2060.0,2060.0,2060.0,2575.0,0.859,0.858,0.997,0.997,0.922,0.908,0.984,0.986,14.846,4218.0,14781.0,22.801,269.0,43.86
2026-07-08 03:01:46,53.0,69.000              ,694.262,666.0,1200.0,0.0,53.75,53.750              ,53.75,53.75,53.75,53.75,53.75,53.75,53.75,46.374,18.306,41.627,27.613,42.102,11.986,52.635,17.228,32.234,2120.0,2120.0,2120.0,2120.0,2140.0,2140.0,2675.0,2675.0,2675.0,0.862,0.862,0.825,0.825,0.681,0.691,1.017,1.014,15.189,4220.0,14780.0,24.71,270.0,40.47
2026-07-08 03:01:47,53.0,69.000              ,694.258,375.0,1067.0,0.0,53.75,53.750              ,53.75,53.75,53.75,53.75,53.75,53.75,53.75,52.614,14.3,51.764,23.788,52.856,13.388,49.032,11.294,33.629,2080.0,2080.0,2080.0,2080.0,2080.0,2080.0,2575.0,2575.0,2575.0,0.957,0.957,0.92,0.92,0.848,0.848,0.884,0.884,14.962,4220.0,14780.0,25.326,271.0,39.49
2026-07-08 03:01:48,53.0,68.000              ,694.262,500.0,1200.0,0.0,53.75,53.750              ,53.75,53.75,53.75,53.75,53.75,53.75,53.75,43.294,28.076,41.635,39.094,43.51,16.58,46.353,25.229,35.471,2100.0,2100.0,2625.0,2625.0,2100.0,2100.0,2100.0,2100.0,2625.0,0.832,0.832,0.971,0.971,0.706,0.706,0.94,0.94,15.232,4220.0,14780.0,24.095,272.0,41.5
2026-07-08 03:01:49,53.0,68.000              ,694.258,516.0,1200.0,0.0,53.75,53.750              ,53.75,53.75,53.75,53.75,53.75,53.75,53.75,51.791,15.889,55.301,28.608,55.19,14.15,54.145,13.338,36.052,2020.0,2020.0,2525.0,2525.0,2020.0,2020.0,2020.0,2020.0,2525.0,0.889,0.889,0.931,0.931,0.819,0.819,0.816,0.816,15.024,4221.0,14779.0,26.59,273.0,37.61
2026-07-08 03:01:50,53.0,69.000              ,694.258,563.0,1067.0,0.0,53.75,53.750              ,53.75,53.75,53.75,53.75,53.75,53.75,53.75,46.435,23.711,53.736,32.564,61.421,17.048,58.417,22.086,39.427,1900.0,1880.0,2350.0,2350.0,1860.0,1860.0,2325.0,2325.0,2350.0,0.745,0.745,0.816,0.816,0.866,0.866,0.858,0.858,14.992,4221.0,14779.0,19.785,274.0,50.54
2026-07-08 03:01:51,53.0,71.000              ,694.387,200.0,1067.0,0.0,53.75,53.750              ,53.75,53.75,53.75,53.75,53.75,53.75,53.75,45.87,16.678,35.118,49.624,47.878,9.059,43.875,11.872,32.497,1900.0,1900.0,2375.0,2375.0,1900.0,1900.0,1900.0,1900.0,2375.0,0.778,0.778,1.076,1.076,0.703,0.703,0.747,0.747,14.846,4221.0,14779.0,21.637,275.0,46.22
2026-07-08 03:01:52,53.0,68.000              ,704.93,442.0,1067.0,0.0,53.75,53.750              ,53.75,53.75,53.75,53.75,53.75,53.75,53.75,45.068,20.613,42.885,37.631,60.94,9.932,42.718,18.911,34.837,2060.0,2060.0,2550.0,2550.0,2040.0,2040.0,2040.0,2040.0,2550.0,0.88,0.882,1.043,1.028,0.933,0.933,0.808,0.808,14.9,4230.0,14797.0,37.226,276.0,26.86
2026-07-08 03:01:53,53.0,68.000              ,704.926,400.0,1067.0,0.0,53.75,53.750              ,53.75,53.75,53.75,53.75,53.75,53.75,53.75,45.655,17.723,50.132,25.266,49.588,8.602,39.671,16.361,31.625,2220.0,2220.0,2200.0,2200.0,2750.0,2750.0,2200.0,2200.0,2750.0,1.012,1.01,1.063,1.079,0.914,0.914,0.902,0.902,15.118,4234.0,14796.0,25.891,277.0,38.62
2026-07-08 03:01:54,53.0,69.000              ,704.922,469.0,1067.0,0.0,53.75,53.750              ,53.75,53.75,53.75,53.75,53.75,53.75,53.75,38.565,24.856,67.432,22.52,49.495,10.318,41.14,19.732,34.257,2100.0,2100.0,2625.0,2625.0,2100.0,2100.0,2100.0,2100.0,2625.0,0.876,0.876,1.212,1.212,0.842,0.842,0.879,0.887,15.086,4236.0,14796.0,19.424,278.0,51.48
2026-07-08 03:01:55,53.0,69.000              ,704.926,200.0,1200.0,0.0,53.75,53.750              ,53.75,53.75,53.75,53.75,53.75,53.75,53.75,41.13,18.27,49.176,24.018,47.795,8.285,52.498,14.876,32.006,2120.0,2120.0,2650.0,2650.0,2120.0,2120.0,2120.0,2120.0,2650.0,0.916,0.919,1.04,1.04,0.769,0.769,1.026,1.018,15.062,4235.0,14795.0,23.744,279.0,42.12
2026-07-08 03:01:56,53.0,69.000              ,704.922,413.0,1200.0,0.0,53.75,53.750              ,53.75,53.75,53.75,53.75,53.75,53.75,53.75,44.575,13.515,52.533,22.343,60.509,11.022,53.316,14.023,33.979,2160.0,2160.0,2700.0,2700.0,2160.0,2160.0,2160.0,2160.0,2700.0,0.884,0.881,0.937,0.937,1.016,1.016,0.978,0.978,15.051,4235.0,14795.0,24.113,280.0,41.47
2026-07-08 03:01:57,53.0,68.000              ,704.863,469.0,1200.0,0.0,53.75,53.750              ,53.75,53.75,53.75,53.75,53.75,53.75,53.75,48.937,24.861,60.188,31.177,66.453,11.625,47.393,20.262,38.862,2040.0,2040.0,2060.0,2060.0,2575.0,2575.0,2060.0,2060.0,2575.0,0.897,0.883,1.006,1.006,0.99,0.99,0.839,0.839,15.262,4235.0,14796.0,30.772,281.0,32.5
2026-07-08 03:01:58,53.0,69.000              ,704.859,461.0,1200.0,0.0,53.75,53.750              ,53.75,53.75,53.75,53.75,53.75,53.75,53.75,47.956,28.574,55.136,28.892,56.844,17.609,55.586,23.081,39.21,1780.0,1780.0,2225.0,2225.0,1780.0,1780.0,1780.0,1780.0,2225.0,0.802,0.814,0.843,0.843,0.799,0.799,0.917,0.917,14.853,4244.0,14795.0,23.324,282.0,42.87
2026-07-08 03:01:59,53.0,69.000              ,709.117,200.0,1200.0,0.0,53.75,53.750              ,53.75,53.75,53.75,53.75,53.75,53.75,53.75,46.206,27.493,52.779,32.892,60.519,14.675,50.785,21.072,38.303,1960.0,1960.0,2450.0,2450.0,2450.0,2450.0,1960.0,1960.0,2450.0,0.804,0.804,0.933,0.933,0.911,0.911,0.855,0.855,15.108,4248.0,14802.0,22.183,283.0,45.08
2026-07-08 03:02:00,53.0,68.000              ,709.113,400.0,1200.0,0.0,53.75,53.750              ,53.75,53.75,53.75,53.75,53.75,53.75,53.75,45.233,19.786,57.522,27.94,57.041,14.209,46.08,17.229,35.63,2040.0,2040.0,2040.0,2040.0,2550.0,2550.0,2040.0,2040.0,2550.0,0.869,0.872,1.046,1.05,0.993,0.993,0.856,0.856,14.916,4249.0,14803.0,24.601,284.0,40.65
2026-07-08 03:02:01,53.0,69.000              ,711.352,435.0,1067.0,0.0,53.75,53.750              ,53.75,53.75,53.75,53.75,53.75,53.75,53.75,43.477,23.796,59.122,25.757,50.062,14.436,55.662,18.122,36.304,2060.0,2080.0,2600.0,2600.0,2080.0,2080.0,2080.0,2080.0,2600.0,0.862,0.862,1.105,1.102,0.853,0.853,0.94,0.946,15.037,4251.0,14805.0,24.282,285.0,41.18
2026-07-08 03:02:02,53.0,71.000              ,711.383,484.0,1200.0,0.0,53.75,53.750              ,53.75,53.75,53.75,53.75,53.75,53.75,53.75,36.765,24.055,39.247,25.355,55.255,8.009,43.854,22.588,31.891,2020.0,2020.0,2525.0,2525.0,2525.0,2525.0,2020.0,2575.0,2575.0,0.768,0.768,0.778,0.779,0.875,0.875,0.925,0.919,14.957,4254.0,14804.0,22.191,286.0,45.06
2026-07-08 03:02:03,53.0,70.000              ,705.371,393.0,1067.0,0.0,53.75,53.750              ,53.75,53.75,53.75,53.75,53.75,53.75,53.75,45.446,18.326,54.732,26.435,61.308,9.657,47.199,15.191,34.787,2080.0,2080.0,2600.0,2600.0,2080.0,2080.0,2080.0,2080.0,2600.0,0.863,0.861,1.021,1.027,0.976,0.976,0.911,0.913,15.141,4250.0,14799.0,23.494,287.0,42.56
2026-07-08 03:02:04,53.0,69.000              ,705.359,387.0,1200.0,0.0,53.75,53.750              ,53.75,53.75,53.75,53.75,53.75,53.75,53.75,44.25,18.946,53.838,24.418,66.689,7.019,39.912,15.195,33.783,2160.0,2160.0,2160.0,2160.0,2675.0,2675.0,2140.0,2140.0,2675.0,0.887,0.887,1.001,0.994,1.08,1.081,0.855,0.853,15.016,4252.0,14799.0,22.391,288.0,44.66
2026-07-08 03:02:05,53.0,70.000              ,705.359,516.0,1067.0,0.0,53.75,53.750              ,53.75,53.75,53.75,53.75,53.75,53.75,53.75,44.8,19.7,55.353,26.947,67.783,9.804,44.491,18.205,35.885,2040.0,2040.0,2550.0,2550.0,2040.0,2040.0,2040.0,2040.0,2550.0,0.824,0.825,0.959,0.959,1.074,1.072,0.864,0.864,15.106,4252.0,14799.0,20.912,289.0,47.82
2026-07-08 03:02:06,53.0,70.000              ,705.379,500.0,1067.0,0.0,53.75,53.750              ,53.75,53.75,53.75,53.75,53.75,53.75,53.75,48.893,20.547,48.077,22.27,60.574,11.649,49.755,22.282,35.506,2000.0,2000.0,2500.0,2500.0,2000.0,2000.0,2000.0,2000.0,2500.0,0.844,0.843,0.821,0.821,0.913,0.913,0.939,0.939,14.82,4256.0,14793.0,20.493,290.0,48.8
2026-07-08 03:02:07,53.0,70.000              ,705.375,358.0,1067.0,0.0,53.75,53.750              ,53.75,53.75,53.75,53.75,53.75,53.75,53.75,29.764,21.69,51.343,25.426,49.455,10.184,43.82,15.918,30.95,2100.0,2100.0,2625.0,2625.0,2100.0,2100.0,2100.0,2100.0,2625.0,0.787,0.787,1.066,1.067,0.873,0.872,0.949,0.951,15.139,4256.0,14793.0,23.326,291.0,42.87
2026-07-08 03:02:08,53.0,69.000              ,702.094,393.0,1067.0,0.0,53.75,53.750              ,53.75,53.75,53.75,53.75,53.75,53.75,53.75,37.509,24.766,49.768,29.369,53.91,15.171,37.419,20.78,33.586,2160.0,2180.0,2180.0,2180.0,2725.0,2725.0,2180.0,2180.0,2725.0,0.873,0.873,1.097,1.101,0.955,0.955,0.9,0.898,14.908,4255.0,14792.0,23.29,292.0,42.94
2026-07-08 03:02:09,53.0,69.000              ,702.09,381.0,1200.0,0.0,53.75,53.750              ,53.75,53.75,53.75,53.75,53.75,53.75,53.75,42.301,20.781,47.489,37.19,59.287,11.73,38.798,17.79,34.421,2180.0,2180.0,2725.0,2725.0,2180.0,2180.0,2180.0,2180.0,2725.0,0.892,0.892,1.102,1.099,1.017,1.017,0.862,0.864,15.149,4257.0,14792.0,22.897,293.0,43.67
2026-07-08 03:02:10,53.0,70.000              ,702.086,461.0,1200.0,0.0,53.75,53.750              ,53.75,53.75,53.75,53.75,53.75,53.75,53.75,37.02,26.437,42.341,29.049,52.515,12.536,41.689,20.73,32.79,2120.0,2120.0,2120.0,2120.0,2650.0,2650.0,2120.0,2120.0,2650.0,0.804,0.804,0.952,0.95,0.915,0.915,0.878,0.876,15.072,4256.0,14792.0,24.589,294.0,40.67
2026-07-08 03:02:11,53.0,70.000              ,701.086,364.0,1200.0,0.0,53.75,53.750              ,53.75,53.75,53.75,53.75,53.75,53.75,53.75,46.544,20.985,43.847,27.699,58.097,8.866,52.309,18.339,34.586,2600.0,2600.0,2600.0,2600.0,2100.0,2100.0,2100.0,2675.0,2675.0,0.9,0.9,0.884,0.884,0.955,0.957,1.018,1.018,15.082,4256.0,14790.0,25.13,295.0,39.79
2026-07-08 03:02:12,53.0,69.000              ,702.578,420.0,1067.0,0.0,53.75,53.750              ,53.75,53.75,53.75,53.75,53.75,53.75,53.75,42.368,19.538,42.937,26.595,60.848,9.764,57.117,13.567,34.092,2040.0,2040.0,2575.0,2575.0,2060.0,2060.0,2060.0,2060.0,2575.0,0.841,0.844,0.9,0.9,0.983,0.984,0.968,0.968,14.987,4256.0,14792.0,19.843,296.0,50.4
2026-07-08 03:02:13,53.0,69.000              ,702.578,442.0,1067.0,0.0,53.75,53.750              ,53.75,53.75,53.75,53.75,53.75,53.75,53.75,37.873,25.483,38.134,46.554,51.043,14.024,43.144,22.825,34.885,2140.0,2140.0,2140.0,2140.0,2140.0,2140.0,2675.0,2675.0,2675.0,0.795,0.793,1.119,1.119,0.813,0.81,0.856,0.856,15.226,4257.0,14791.0,25.123,297.0,39.8
2026-07-08 03:02:14,53.0,71.000              ,702.586,406.0,1067.0,0.0,53.75,53.750              ,53.75,53.75,53.75,53.75,53.75,53.75,53.75,38.891,23.224,45.614,26.454,66.952,10.995,60.944,19.383,36.557,1940.0,1940.0,1940.0,1940.0,2425.0,2425.0,1940.0,1940.0,2425.0,0.762,0.762,0.803,0.803,0.974,0.974,0.955,0.955,14.725,4260.0,14791.0,20.18,298.0,49.55
2026-07-08 03:02:15,53.0,70.000              ,702.578,461.0,1200.0,0.0,53.75,53.750              ,53.75,53.75,53.75,53.75,53.75,53.75,53.75,37.949,24.79,49.699,38.73,61.429,11.025,55.081,18.274,37.122,2100.0,2100.0,2100.0,2100.0,2625.0,2625.0,2100.0,2100.0,2625.0,0.8,0.803,1.026,1.034,0.958,0.958,0.946,0.946,15.222,4271.0,14789.0,25.142,299.0,39.77
2026-07-08 03:02:16,53.0,69.000              ,702.578,381.0,1200.0,0.0,53.75,53.750              ,53.75,53.75,53.75,53.75,53.75,53.75,53.75,41.473,23.992,41.103,46.313,60.48,18.808,54.749,16.977,37.987,2000.0,2000.0,2500.0,2500.0,2500.0,2500.0,2000.0,2000.0,2500.0,0.786,0.784,1.082,1.074,0.948,0.948,0.856,0.857,15.058,4278.0,14788.0,22.363,300.0,44.72
2026-07-08 03:02:17,53.0,69.000              ,702.582,469.0,1067.0,0.0,53.75,53.750              ,53.75,53.75,53.75,53.75,53.75,53.75,53.75,37.421,19.31,40.274,29.334,53.635,11.793,47.751,20.712,32.529,2100.0,2100.0,2100.0,2100.0,2100.0,2100.0,2625.0,2625.0,2625.0,0.75,0.75,0.86,0.86,0.868,0.868,0.965,0.964,14.95,4284.0,14787.0,25.341,301.0,39.46
2026-07-08 03:02:18,53.0,69.000              ,702.594,541.0,1067.0,0.0,53.5,53.500              ,53.5,53.5,53.5,53.5,53.5,53.5,53.5,51.26,35.033,44.028,65.022,64.507,39.629,54.975,33.379,48.479,2040.0,2040.0,2550.0,2550.0,2060.0,2060.0,2060.0,2060.0,2550.0,0.734,0.736,1.002,1.002,0.887,0.887,0.76,0.76,15.267,4302.0,14787.0,25.106,302.0,39.83
2026-07-08 03:02:19,53.0,68.000              ,699.039,590.0,1200.0,0.0,53.5,53.500              ,53.5,53.5,53.5,53.5,53.5,53.5,53.5,59.674,44.896,57.996,63.704,70.44,54.264,68.6,40.357,57.491,1800.0,1783.333,2140.0,2160.0,2140.0,2140.0,1783.333,1783.333,2160.0,0.738,0.738,0.887,0.895,0.911,0.911,0.819,0.819,14.89,4312.0,14744.0,26.168,303.0,38.21
2026-07-08 03:02:20,53.0,68.000              ,699.039,200.0,1200.0,0.0,53.5,53.500              ,53.5,53.5,53.5,53.5,53.5,53.5,53.5,48.06,18.296,50.197,26.167,40.568,17.896,63.532,26.32,36.379,1880.0,1880.0,1900.0,1900.0,1900.0,1900.0,2375.0,2375.0,2375.0,0.767,0.765,0.783,0.775,0.677,0.677,1.13,1.132,14.903,4314.0,14741.0,19.199,304.0,52.09
2026-07-08 03:02:21,53.0,69.000              ,697.977,563.0,1067.0,0.0,53.5,53.500              ,53.5,53.5,53.5,53.5,53.5,53.5,53.5,35.362,21.7,40.492,18.859,54.343,8.554,54.432,16.294,31.255,2120.0,2120.0,2120.0,2120.0,2120.0,2120.0,2650.0,2650.0,2650.0,0.755,0.755,0.73,0.729,0.894,0.896,1.041,1.052,15.048,4313.0,14740.0,24.443,305.0,40.91
2026-07-08 03:02:22,53.0,69.000              ,697.977,200.0,1067.0,0.0,53.5,53.500              ,53.5,53.5,53.5,53.5,53.5,53.5,53.5,45.728,21.247,46.46,25.827,43.06,13.002,58.989,21.953,34.533,2020.0,2020.0,2020.0,2020.0,2020.0,2020.0,2525.0,2525.0,2525.0,0.878,0.878,0.847,0.847,0.724,0.722,1.151,1.139,14.826,4312.0,14737.0,23.003,306.0,43.47
2026-07-08 03:02:23,53.0,68.000              ,697.977,200.0,1067.0,0.0,53.5,53.500              ,53.5,53.5,53.5,53.5,53.5,53.5,53.5,51.112,19.898,43.482,27.488,58.698,10.027,41.136,16.179,33.503,2600.0,2600.0,2080.0,2080.0,2080.0,2080.0,2080.0,2080.0,2600.0,0.986,0.986,0.889,0.889,0.98,0.98,0.87,0.87,15.208,4312.0,14737.0,20.292,307.0,49.28
2026-07-08 03:02:24,53.0,68.000              ,697.973,476.0,1200.0,0.0,53.5,53.500              ,53.5,53.5,53.5,53.5,53.5,53.5,53.5,45.767,22.214,47.125,28.044,56.083,10.991,47.757,18.519,34.563,2120.0,2120.0,2120.0,2120.0,2650.0,2650.0,2120.0,2120.0,2650.0,0.875,0.875,0.881,0.881,0.986,0.986,0.966,0.977,15.114,4313.0,14735.0,19.301,308.0,51.81
2026-07-08 03:02:25,53.0,69.000              ,697.977,442.0,1067.0,0.0,53.5,53.500              ,53.5,53.5,53.5,53.5,53.5,53.5,53.5,37.419,22.811,36.624,52.872,41.896,11.562,38.2,17.256,32.33,2575.0,2575.0,2060.0,2060.0,2060.0,2060.0,2060.0,2060.0,2575.0,0.852,0.852,1.218,1.206,0.733,0.733,0.836,0.824,14.896,4312.0,14735.0,21.718,309.0,46.04
2026-07-08 03:02:26,53.0,70.000              ,697.973,420.0,1067.0,0.0,53.5,53.500              ,53.5,53.5,53.5,53.5,53.5,53.5,53.5,40.09,24.044,54.719,29.687,53.076,10.834,47.416,17.961,34.728,2060.0,2060.0,2575.0,2575.0,2060.0,2060.0,2060.0,2060.0,2575.0,0.857,0.857,1.125,1.136,0.887,0.887,0.889,0.889,15.088,4311.0,14736.0,24.84,310.0,40.26
2026-07-08 03:02:27,53.0,70.000              ,697.973,435.0,1200.0,0.0,53.5,53.500              ,53.5,53.5,53.5,53.5,53.5,53.5,53.5,39.569,22.308,49.804,29.235,58.391,12.09,55.759,19.832,35.873,2080.0,2080.0,2625.0,2625.0,2100.0,2100.0,2625.0,2625.0,2625.0,0.84,0.84,1.003,1.003,0.897,0.897,1.013,1.015,15.202,4310.0,14736.0,20.787,311.0,48.11
2026-07-08 03:02:28,53.0,70.000              ,696.477,533.0,1200.0,0.0,53.5,53.500              ,53.5,53.5,53.5,53.5,53.5,53.5,53.5,39.243,22.143,40.773,38.069,52.268,9.621,53.57,15.544,33.904,1980.0,1980.0,2475.0,2475.0,1980.0,1980.0,2475.0,2475.0,2475.0,0.717,0.717,0.929,0.931,0.762,0.762,0.864,0.869,14.987,4310.0,14734.0,24.599,312.0,40.65
2026-07-08 03:02:29,53.0,70.000              ,696.477,406.0,1200.0,0.0,53.5,53.500              ,53.5,53.5,53.5,53.5,53.5,53.5,53.5,46.943,19.668,52.062,26.113,52.177,12.403,57.575,15.958,35.362,2080.0,2080.0,2600.0,2600.0,2100.0,2100.0,2100.0,2100.0,2600.0,0.887,0.888,0.903,0.901,0.922,0.922,0.992,0.985,14.832,4312.0,14734.0,21.837,313.0,45.79
2026-07-08 03:02:30,53.0,69.000              ,696.543,200.0,1067.0,0.0,53.625,53.625              ,53.625,53.625,53.625,53.625,53.625,53.625,53.625,42.043,20.861,42.23,24.516,58.818,9.262,54.79,16.462,33.623,2040.0,2040.0,2040.0,2040.0,2040.0,2040.0,2550.0,2550.0,2550.0,0.828,0.829,0.826,0.826,0.972,0.972,1.048,1.049,14.988,4313.0,14733.0,23.875,314.0,41.88
2026-07-08 03:02:31,53.0,69.000              ,696.582,563.0,1067.0,0.0,53.75,53.750              ,53.75,53.75,53.75,53.75,53.75,53.75,53.75,41.687,24.053,47.832,31.978,55.489,8.331,46.98,22.68,34.879,2100.0,2100.0,2625.0,2625.0,2100.0,2100.0,2120.0,2120.0,2625.0,0.833,0.831,1.046,1.046,0.817,0.819,0.939,0.939,15.184,4313.0,14734.0,28.274,315.0,35.37
2026-07-08 03:02:32,53.0,71.000              ,696.59,400.0,1200.0,0.0,53.875,53.875              ,53.875,53.875,53.875,53.875,53.875,53.875,53.875,44.841,26.408,53.975,30.096,65.572,16.173,55.107,20.472,39.08,1980.0,1980.0,1980.0,2500.0,2500.0,2500.0,2000.0,2000.0,2500.0,0.76,0.76,0.83,0.83,1.002,1.0,0.869,0.869,15.069,4322.0,14733.0,21.704,316.0,46.07
2026-07-08 03:02:33,53.0,71.000              ,697.078,484.0,1067.0,0.0,53.875,53.875              ,53.875,53.875,53.875,53.875,53.875,53.875,53.875,36.109,28.342,48.936,29.705,57.095,9.132,48.633,20.605,34.82,2080.0,2080.0,2080.0,2080.0,2600.0,2600.0,2080.0,2080.0,2600.0,0.789,0.793,0.929,0.929,0.872,0.872,0.898,0.9,15.076,4321.0,14731.0,26.009,317.0,38.45
2026-07-08 03:02:34,53.0,69.000              ,697.082,563.0,1200.0,0.0,53.875,53.875              ,53.875,53.875,53.875,53.875,53.875,53.875,53.875,37.995,23.918,44.779,25.851,47.921,10.019,39.496,31.373,32.669,2020.0,2020.0,2525.0,2525.0,2020.0,2020.0,2500.0,2500.0,2525.0,0.766,0.763,0.867,0.867,0.714,0.714,0.96,0.958,14.93,4324.0,14734.0,24.022,318.0,41.63
2026-07-08 03:02:35,54.0,69.000              ,697.078,400.0,1200.0,0.0,54.0,54.000              ,54.0,54.0,54.0,54.0,54.0,54.0,54.0,49.763,20.045,51.347,31.488,57.505,12.678,43.575,18.672,35.634,1920.0,1920.0,2375.0,2375.0,1900.0,1900.0,1900.0,1900.0,2375.0,0.864,0.864,0.959,0.959,0.903,0.903,0.839,0.839,14.893,4325.0,14734.0,24.189,319.0,41.34
2026-07-08 03:02:36,54.0,69.000              ,697.09,461.0,1200.0,0.0,54.0,54.000              ,54.0,54.0,54.0,54.0,54.0,54.0,54.0,41.305,29.447,50.311,28.85,55.754,9.183,44.514,19.139,34.813,2525.0,2525.0,2020.0,2020.0,2020.0,2020.0,2020.0,2525.0,2525.0,0.921,0.925,0.977,0.978,0.855,0.855,0.88,0.866,14.932,4325.0,14732.0,30.807,320.0,32.46
2026-07-08 03:02:37,54.0,70.000              ,697.09,387.0,1200.0,0.0,54.125,54.125              ,54.125,54.125,54.125,54.125,54.125,54.125,54.125,45.858,25.474,46.444,32.445,57.961,13.58,49.382,21.614,36.595,2060.0,2060.0,2575.0,2600.0,2080.0,2080.0,2080.0,2080.0,2600.0,0.868,0.863,1.019,1.02,0.908,0.908,0.914,0.929,15.326,4326.0,14735.0,20.925,321.0,47.79
2026-07-08 03:02:38,54.0,69.000              ,697.102,442.0,1200.0,0.0,54.125,54.125              ,54.125,54.125,54.125,54.125,54.125,54.125,54.125,37.946,27.104,46.981,30.207,59.404,11.671,47.884,20.957,35.269,2020.0,2020.0,2525.0,2525.0,2040.0,2040.0,2550.0,2550.0,2550.0,0.78,0.781,0.905,0.904,0.907,0.907,0.908,0.899,14.935,4329.0,14731.0,23.576,322.0,42.42
2026-07-08 03:02:39,54.0,69.000              ,697.098,554.0,1200.0,0.0,54.125,54.125              ,54.125,54.125,54.125,54.125,54.125,54.125,54.125,38.268,24.616,43.079,39.06,47.716,7.118,43.602,22.178,33.205,1960.0,1960.0,2450.0,2450.0,1960.0,1960.0,1960.0,1960.0,2450.0,0.779,0.778,1.048,1.056,0.723,0.723,0.902,0.911,15.101,4335.0,14731.0,27.98,323.0,35.74
2026-07-08 03:02:40,54.0,71.000              ,697.102,200.0,1200.0,0.0,54.125,54.125              ,54.125,54.125,54.125,54.125,54.125,54.125,54.125,43.047,22.975,50.43,34.091,61.777,12.283,47.421,22.928,36.869,1980.0,1980.0,2475.0,2475.0,1980.0,1980.0,1980.0,1980.0,2475.0,0.809,0.799,1.024,1.015,0.905,0.905,0.87,0.87,14.99,4338.0,14732.0,23.622,324.0,42.33
2026-07-08 03:02:41,54.0,69.000              ,698.555,572.0,1200.0,0.0,54.125,54.125              ,54.125,54.125,54.125,54.125,54.125,54.125,54.125,40.887,30.87,54.299,29.824,68.192,14.233,51.235,24.503,39.255,2000.0,2000.0,2000.0,2000.0,2500.0,2500.0,2000.0,2000.0,2500.0,0.789,0.801,0.92,0.92,1.002,1.004,0.894,0.894,15.257,4338.0,14733.0,22.429,325.0,44.59
2026-07-08 03:02:42,54.0,70.000              ,698.484,435.0,1200.0,0.0,54.25,54.250              ,54.25,54.25,54.25,54.25,54.25,54.25,54.25,43.555,24.973,55.49,33.126,54.939,13.663,53.529,22.293,37.696,1860.0,1860.0,2350.0,2350.0,1880.0,1880.0,1880.0,1880.0,2350.0,0.789,0.787,1.045,1.032,0.763,0.761,0.889,0.89,14.89,4340.0,14734.0,33.298,326.0,30.03
2026-07-08 03:02:43,54.0,72.000              ,698.496,469.0,1200.0,0.0,54.25,54.250              ,54.25,54.25,54.25,54.25,54.25,54.25,54.25,38.751,26.447,51.73,29.462,57.214,14.515,54.403,21.929,36.806,1940.0,1920.0,2400.0,2400.0,1920.0,1920.0,2400.0,2425.0,2425.0,0.734,0.734,0.922,0.933,0.875,0.875,0.909,0.908,14.875,4340.0,14734.0,28.849,327.0,34.66
2026-07-08 03:02:44,54.0,69.000              ,698.5,200.0,1067.0,0.0,54.25,54.250              ,54.25,54.25,54.25,54.25,54.25,54.25,54.25,42.825,32.172,47.954,63.163,49.406,18.732,63.579,19.634,42.183,1920.0,1920.0,2400.0,2400.0,1920.0,1920.0,1920.0,1920.0,2400.0,0.758,0.758,1.204,1.204,0.741,0.741,0.874,0.874,15.297,4344.0,14734.0,24.585,328.0,40.68
2026-07-08 03:02:45,54.0,68.000              ,698.5,200.0,1200.0,0.0,54.25,54.250              ,54.25,54.25,54.25,54.25,54.25,54.25,54.25,39.666,26.109,34.705,52.439,55.902,10.256,41.314,14.784,34.397,1860.0,1860.0,2325.0,2325.0,1860.0,1860.0,1860.0,1860.0,2325.0,0.743,0.745,1.071,1.071,0.767,0.767,0.709,0.71,14.781,4348.0,14733.0,23.419,329.0,42.7
2026-07-08 03:02:46,54.0,67.000              ,698.508,428.0,1200.0,0.0,54.25,54.250              ,54.25,54.25,54.25,54.25,54.25,54.25,54.25,40.563,24.231,58.198,29.93,53.002,14.413,40.597,24.481,35.677,1960.0,1960.0,2450.0,2450.0,2450.0,2450.0,1960.0,1960.0,2450.0,0.818,0.817,1.092,1.093,0.835,0.838,0.851,0.85,15.007,4349.0,14734.0,31.179,330.0,32.07
2026-07-08 03:02:47,54.0,68.000              ,698.496,200.0,1067.0,0.0,54.375,54.375              ,54.375,54.375,54.375,54.375,54.375,54.375,54.375,43.836,26.793,58.28,30.173,49.263,12.94,55.835,27.623,38.093,1940.0,1940.0,2425.0,2425.0,1960.0,1960.0,1960.0,1960.0,2425.0,0.789,0.789,0.932,0.93,0.751,0.749,1.009,1.009,15.085,4348.0,14734.0,26.155,331.0,38.23
2026-07-08 03:02:48,54.0,71.000              ,698.512,387.0,1200.0,0.0,54.375,54.375              ,54.375,54.375,54.375,54.375,54.375,54.375,54.375,41.078,24.039,48.047,30.774,46.264,11.459,52.298,19.353,34.164,1920.0,1920.0,2400.0,2400.0,1920.0,1920.0,1940.0,1940.0,2400.0,0.785,0.785,0.92,0.92,0.737,0.737,0.925,0.925,15.06,4349.0,14734.0,25.177,332.0,39.72
2026-07-08 03:02:49,54.0,69.000              ,698.508,563.0,1200.0,0.0,54.375,54.375              ,54.375,54.375,54.375,54.375,54.375,54.375,54.375,50.487,29.689,52.923,38.702,57.735,24.824,57.342,25.045,42.093,1920.0,1920.0,1920.0,1920.0,1920.0,1920.0,2375.0,2375.0,2375.0,0.773,0.773,0.889,0.889,0.841,0.841,0.842,0.842,15.092,4347.0,14729.0,21.117,333.0,47.36
2026-07-08 03:02:50,54.0,68.000              ,698.512,492.0,1067.0,0.0,54.375,54.375              ,54.375,54.375,54.375,54.375,54.375,54.375,54.375,39.968,27.912,43.985,27.958,57.532,11.601,42.419,22.024,34.175,1860.0,1860.0,1880.0,1880.0,1880.0,1880.0,2350.0,2375.0,2375.0,0.76,0.76,0.785,0.785,0.842,0.843,0.815,0.815,15.025,4348.0,14727.0,21.15,334.0,47.28
2026-07-08 03:02:51,54.0,68.000              ,698.512,200.0,1200.0,0.0,54.375,54.375              ,54.375,54.375,54.375,54.375,54.375,54.375,54.375,37.614,24.037,39.992,31.472,55.741,11.764,42.926,15.691,32.405,2040.0,2040.0,2550.0,2550.0,2040.0,2040.0,2040.0,2040.0,2550.0,0.784,0.786,0.955,0.955,0.908,0.907,0.794,0.794,14.836,4348.0,14727.0,26.277,335.0,38.06
2026-07-08 03:02:52,54.0,68.000              ,698.52,387.0,1067.0,0.0,54.5,54.500              ,54.5,54.5,54.5,54.5,54.5,54.5,54.5,45.866,17.02,46.007,24.271,45.998,11.376,54.092,16.439,32.634,2575.0,2575.0,2060.0,2060.0,2060.0,2060.0,2575.0,2575.0,2575.0,0.9,0.897,0.949,0.949,0.794,0.797,1.063,1.063,15.13,4347.0,14727.0,23.288,336.0,42.94
2026-07-08 03:02:53,54.0,69.000              ,698.52,393.0,1200.0,0.0,54.5,54.500              ,54.5,54.5,54.5,54.5,54.5,54.5,54.5,35.91,24.69,40.539,28.884,49.974,9.134,41.644,24.34,31.889,2080.0,2080.0,2600.0,2600.0,2080.0,2080.0,2080.0,2080.0,2600.0,0.819,0.823,0.977,0.979,0.816,0.816,0.949,0.949,14.807,4347.0,14727.0,23.916,337.0,41.81
2026-07-08 03:02:54,54.0,70.000              ,700.031,200.0,1067.0,0.0,54.5,54.500              ,54.5,54.5,54.5,54.5,54.5,54.5,54.5,35.665,21.483,59.112,28.866,54.253,8.751,46.237,17.361,33.966,2180.0,2180.0,2725.0,2725.0,2180.0,2180.0,2180.0,2180.0,2725.0,0.843,0.842,1.201,1.2,0.906,0.904,0.927,0.927,15.321,4345.0,14724.0,24.189,338.0,41.34
2026-07-08 03:02:55,54.0,69.000              ,701.289,200.0,1067.0,0.0,54.5,54.500              ,54.5,54.5,54.5,54.5,54.5,54.5,54.5,34.859,17.462,57.285,19.421,58.827,6.903,42.476,14.673,31.488,2040.0,2040.0,2525.0,2525.0,2020.0,2020.0,2020.0,2020.0,2525.0,0.799,0.796,1.035,1.035,0.985,0.985,0.891,0.891,14.825,4348.0,14726.0,21.941,339.0,45.58
2026-07-08 03:02:56,54.0,68.000              ,700.906,200.0,1067.0,0.0,54.5,54.500              ,54.5,54.5,54.5,54.5,54.5,54.5,54.5,35.316,22.736,45.185,29.313,47.023,9.52,45.065,23.263,32.178,2140.0,2140.0,2675.0,2675.0,2100.0,2100.0,2100.0,2100.0,2675.0,0.802,0.802,1.021,1.023,0.814,0.814,1.019,1.019,15.07,4348.0,14726.0,26.016,340.0,38.44
2026-07-08 03:02:57,54.0,69.000              ,700.879,200.0,1200.0,0.0,54.5,54.500              ,54.5,54.5,54.5,54.5,54.5,54.5,54.5,38.538,24.289,44.151,53.472,52.399,7.281,40.141,13.585,34.232,2120.0,2120.0,2650.0,2650.0,2120.0,2120.0,2120.0,2120.0,2650.0,0.857,0.857,1.388,1.386,0.807,0.809,0.804,0.804,15.296,4348.0,14725.0,24.015,341.0,41.64
2026-07-08 03:02:58,54.0,69.000              ,700.879,200.0,1200.0,0.0,54.5,54.500              ,54.5,54.5,54.5,54.5,54.5,54.5,54.5,34.9,22.926,56.91,35.512,46.26,9.627,50.695,14.325,33.894,2040.0,2040.0,2525.0,2525.0,2020.0,2020.0,2020.0,2020.0,2525.0,0.788,0.79,1.228,1.228,0.743,0.741,0.892,0.892,14.844,4348.0,14726.0,22.991,342.0,43.5
2026-07-08 03:02:59,54.0,68.000              ,700.863,370.0,1067.0,0.0,54.5,54.500              ,54.5,54.5,54.5,54.5,54.5,54.5,54.5,33.226,20.705,49.325,31.63,55.03,10.132,42.809,18.406,32.658,2040.0,2040.0,2550.0,2550.0,2040.0,2040.0,2040.0,2040.0,2550.0,0.778,0.777,1.109,1.109,0.905,0.905,0.88,0.882,14.963,4347.0,14726.0,25.978,343.0,38.49
2026-07-08 03:03:00,54.0,68.000              ,700.863,508.0,1200.0,0.0,54.5,54.500              ,54.5,54.5,54.5,54.5,54.5,54.5,54.5,46.376,23.5,61.522,23.094,55.156,13.31,49.053,26.476,37.311,2000.0,2000.0,2500.0,2500.0,2020.0,2020.0,2020.0,2020.0,2500.0,0.851,0.853,1.033,1.033,0.856,0.856,0.959,0.956,15.378,4342.0,14727.0,25.389,344.0,39.39
2026-07-08 03:03:01,54.0,70.000              ,700.867,200.0,1200.0,0.0,54.625,54.625              ,54.625,54.625,54.625,54.625,54.625,54.625,54.625,40.508,22.58,53.862,29.635,57.686,8.839,46.58,18.03,34.715,1960.0,1960.0,2425.0,2425.0,1940.0,1940.0,1940.0,1940.0,2425.0,0.832,0.83,1.078,1.078,0.855,0.857,0.873,0.873,14.797,4342.0,14726.0,23.511,345.0,42.53
2026-07-08 03:03:02,54.0,70.000              ,701.867,375.0,1200.0,0.0,54.625,54.625              ,54.625,54.625,54.625,54.625,54.625,54.625,54.625,46.131,19.76,59.394,23.345,53.48,8.231,47.195,18.809,34.543,2060.0,2060.0,2575.0,2575.0,2060.0,2060.0,2060.0,2060.0,2575.0,0.907,0.907,1.058,1.058,0.857,0.857,0.917,0.917,15.172,4343.0,14726.0,24.482,346.0,40.85
2026-07-08 03:03:03,54.0,69.000              ,701.941,435.0,1067.0,0.0,54.625,54.625              ,54.625,54.625,54.625,54.625,54.625,54.625,54.625,35.912,24.597,56.81,25.54,58.529,10.313,48.637,15.373,34.464,2060.0,2060.0,2575.0,2575.0,2060.0,2060.0,2060.0,2060.0,2575.0,0.822,0.825,1.03,1.03,0.936,0.935,0.95,0.951,15.056,4342.0,14725.0,20.114,347.0,49.72
2026-07-08 03:03:04,54.0,70.000              ,701.938,406.0,1200.0,0.0,54.75,54.750              ,54.75,54.75,54.75,54.75,54.75,54.75,54.75,39.245,25.938,49.467,26.971,53.44,10.973,47.175,21.375,34.323,2040.0,2040.0,2550.0,2550.0,2040.0,2040.0,2040.0,2060.0,2550.0,0.866,0.863,1.005,1.008,0.849,0.849,0.956,0.955,14.969,4342.0,14726.0,22.72,348.0,44.01
2026-07-08 03:03:05,54.0,70.000              ,701.934,364.0,1200.0,0.0,54.75,54.750              ,54.75,54.75,54.75,54.75,54.75,54.75,54.75,36.836,22.09,55.639,26.135,54.07,8.196,42.784,20.395,33.268,2080.0,2080.0,2080.0,2080.0,2575.0,2575.0,2060.0,2060.0,2575.0,0.819,0.82,1.067,1.064,0.873,0.873,0.912,0.914,14.909,4342.0,14726.0,24.366,349.0,41.04
2026-07-08 03:03:06,54.0,70.000              ,701.938,413.0,1200.0,0.0,54.75,54.750              ,54.75,54.75,54.75,54.75,54.75,54.75,54.75,42.724,19.644,58.437,24.75,52.352,11.305,39.658,22.909,33.972,2060.0,2060.0,2575.0,2575.0,2060.0,2060.0,2060.0,2060.0,2575.0,0.84,0.841,1.085,1.085,0.901,0.901,0.905,0.903,14.961,4341.0,14727.0,22.107,350.0,45.23
2026-07-08 03:03:07,54.0,69.000              ,700.684,370.0,1200.0,0.0,54.75,54.750              ,54.75,54.75,54.75,54.75,54.75,54.75,54.75,36.118,20.655,43.548,31.611,52.891,8.799,43.244,15.641,31.563,2160.0,2160.0,2700.0,2700.0,2160.0,2160.0,2160.0,2160.0,2700.0,0.845,0.847,1.104,1.104,0.894,0.894,0.902,0.902,15.023,4341.0,14726.0,28.311,351.0,35.32
2026-07-08 03:03:08,54.0,69.000              ,700.688,200.0,1067.0,0.0,54.75,54.750              ,54.75,54.75,54.75,54.75,54.75,54.75,54.75,46.879,22.022,50.632,29.99,56.11,11.116,40.416,20.469,34.704,2080.0,2080.0,2600.0,2600.0,2080.0,2080.0,2080.0,2080.0,2600.0,0.922,0.921,1.101,1.101,0.956,0.956,0.903,0.903,15.246,4342.0,14727.0,23.699,352.0,42.2
2026-07-08 03:03:09,54.0,69.000              ,700.313,200.0,1067.0,0.0,54.75,54.750              ,54.75,54.75,54.75,54.75,54.75,54.75,54.75,40.256,25.708,52.653,22.881,57.001,11.04,52.85,16.795,34.898,2080.0,2080.0,2575.0,2575.0,2060.0,2060.0,2060.0,2060.0,2575.0,0.855,0.855,0.975,0.975,0.932,0.932,0.999,0.999,15.009,4342.0,14727.0,26.572,353.0,37.63
2026-07-08 03:03:10,54.0,70.000              ,700.309,400.0,1067.0,0.0,54.75,54.750              ,54.75,54.75,54.75,54.75,54.75,54.75,54.75,40.384,20.103,54.498,21.798,65.771,9.54,45.177,13.913,33.898,2080.0,2080.0,2575.0,2575.0,2060.0,2060.0,2060.0,2060.0,2575.0,0.832,0.83,0.957,0.957,1.099,1.081,0.86,0.86,14.828,4344.0,14727.0,19.004,354.0,52.62
2026-07-08 03:03:11,54.0,70.000              ,700.535,500.0,1200.0,0.0,54.75,54.750              ,54.75,54.75,54.75,54.75,54.75,54.75,54.75,42.854,18.373,55.512,23.451,53.985,12.258,53.227,12.044,33.963,2080.0,2080.0,2600.0,2600.0,2080.0,2080.0,2080.0,2080.0,2600.0,0.865,0.865,1.009,1.009,0.915,0.93,0.997,0.997,15.186,4343.0,14727.0,22.37,355.0,44.7
2026-07-08 03:03:12,54.0,72.000              ,700.535,406.0,1200.0,0.0,54.75,54.750              ,54.75,54.75,54.75,54.75,54.75,54.75,54.75,40.103,19.784,57.744,25.151,54.066,13.349,56.178,15.431,35.226,2040.0,2040.0,2040.0,2040.0,2040.0,2040.0,2550.0,2550.0,2550.0,0.826,0.826,1.025,1.019,0.907,0.907,0.99,0.99,15.052,4349.0,14728.0,24.942,356.0,40.09
2026-07-08 03:03:13,54.0,72.000              ,700.539,435.0,1200.0,0.0,54.75,54.750              ,54.75,54.75,54.75,54.75,54.75,54.75,54.75,38.692,22.578,39.862,32.437,48.679,10.121,40.446,22.958,31.972,2080.0,2080.0,2600.0,2600.0,2080.0,2080.0,2080.0,2080.0,2600.0,0.834,0.834,0.991,1.001,0.87,0.87,0.865,0.867,15.047,4351.0,14727.0,23.834,357.0,41.96
2026-07-08 03:03:14,54.0,70.000              ,700.473,375.0,1200.0,0.0,54.75,54.750              ,54.75,54.75,54.75,54.75,54.75,54.75,54.75,38.373,19.89,53.364,32.49,54.287,11.169,54.662,16.939,35.147,2040.0,2040.0,2550.0,2550.0,2040.0,2040.0,2040.0,2040.0,2550.0,0.755,0.755,1.071,1.067,0.815,0.815,0.879,0.878,15.064,4352.0,14727.0,22.773,358.0,43.91
2026-07-08 03:03:15,54.0,69.000              ,700.477,393.0,1067.0,0.0,54.75,54.750              ,54.75,54.75,54.75,54.75,54.75,54.75,54.75,38.412,16.533,56.711,19.387,47.062,10.105,66.884,14.615,33.714,1980.0,1980.0,2475.0,2475.0,1980.0,1980.0,2000.0,2000.0,2475.0,0.811,0.806,0.923,0.923,0.795,0.795,1.182,1.184,14.924,4352.0,14722.0,22.503,359.0,44.44
2026-07-08 03:03:16,54.0,69.000              ,700.473,457.0,1200.0,0.0,54.75,54.750              ,54.75,54.75,54.75,54.75,54.75,54.75,54.75,41.398,21.127,59.87,25.629,54.12,12.498,59.421,18.282,36.543,2100.0,2100.0,2625.0,2625.0,2100.0,2100.0,2100.0,2100.0,2625.0,0.8,0.807,1.066,1.066,0.879,0.879,1.031,1.029,15.118,4352.0,14722.0,21.557,360.0,46.39
2026-07-08 03:03:17,54.0,70.000              ,700.473,476.0,1200.0,0.0,54.75,54.750              ,54.75,54.75,54.75,54.75,54.75,54.75,54.75,37.217,17.734,43.118,28.624,50.576,10.924,42.224,12.317,30.342,2060.0,2060.0,2550.0,2550.0,2040.0,2040.0,2040.0,2040.0,2550.0,0.774,0.772,0.956,0.956,0.934,0.934,0.78,0.78,14.904,4352.0,14722.0,22.676,361.0,44.1
2026-07-08 03:03:18,54.0,70.000              ,700.473,358.0,1067.0,0.0,54.75,54.750              ,54.75,54.75,54.75,54.75,54.75,54.75,54.75,42.723,22.326,53.567,25.893,57.651,13.207,55.13,15.84,35.792,2040.0,2040.0,2040.0,2040.0,2575.0,2575.0,2040.0,2040.0,2575.0,0.841,0.841,0.994,0.994,1.0,1.0,0.912,0.912,15.216,4352.0,14721.0,22.342,362.0,44.76
2026-07-08 03:03:19,54.0,68.000              ,700.473,457.0,1200.0,0.0,54.75,54.750              ,54.75,54.75,54.75,54.75,54.75,54.75,54.75,42.563,23.638,39.384,31.447,57.654,10.237,47.274,17.894,33.762,2600.0,2600.0,2080.0,2080.0,2080.0,2080.0,2080.0,2625.0,2625.0,0.817,0.817,0.859,0.859,0.934,0.934,0.88,0.88,15.056,4354.0,14720.0,22.911,363.0,43.65
2026-07-08 03:03:20,54.0,68.000              ,700.477,358.0,1067.0,0.0,54.75,54.750              ,54.75,54.75,54.75,54.75,54.75,54.75,54.75,43.374,24.616,41.207,41.318,47.618,16.449,54.083,17.956,35.828,2040.0,2040.0,2550.0,2550.0,2575.0,2575.0,2060.0,2060.0,2575.0,0.807,0.807,0.975,0.975,0.762,0.763,0.88,0.88,14.728,4355.0,14720.0,26.026,364.0,38.42
2026-07-08 03:03:21,54.0,69.000              ,699.473,413.0,1067.0,0.0,54.75,54.750              ,54.75,54.75,54.75,54.75,54.75,54.75,54.75,38.773,18.236,57.888,23.392,52.588,10.374,52.566,15.65,33.684,2140.0,2140.0,2675.0,2675.0,2140.0,2140.0,2140.0,2140.0,2675.0,0.895,0.884,1.143,1.143,0.889,0.888,0.97,0.973,15.147,4354.0,14721.0,27.138,365.0,36.85
2026-07-08 03:03:22,54.0,69.000              ,699.473,435.0,1067.0,0.0,54.75,54.750              ,54.75,54.75,54.75,54.75,54.75,54.75,54.75,38.336,26.534,55.572,23.83,55.638,19.052,49.692,16.872,35.691,2080.0,2080.0,2080.0,2080.0,2600.0,2600.0,2080.0,2080.0,2600.0,0.821,0.831,0.988,0.988,1.055,1.055,0.867,0.864,15.206,4354.0,14721.0,19.638,366.0,50.92
2026-07-08 03:03:23,54.0,69.000              ,699.473,420.0,1200.0,0.0,54.75,54.750              ,54.75,54.75,54.75,54.75,54.75,54.75,54.75,45.507,16.842,44.568,26.841,49.298,8.621,48.17,15.198,31.881,1960.0,1960.0,1960.0,1960.0,1960.0,1960.0,2450.0,2450.0,2450.0,0.863,0.865,0.939,0.939,0.76,0.76,0.87,0.87,14.934,4354.0,14721.0,22.6,367.0,44.25
2026-07-08 03:03:24,54.0,68.000              ,699.473,338.0,1200.0,0.0,54.75,54.750              ,54.75,54.75,54.75,54.75,54.75,54.75,54.75,46.898,16.584,61.508,25.075,50.339,8.979,42.562,16.372,33.54,2040.0,2040.0,2550.0,2550.0,2040.0,2040.0,2040.0,2040.0,2550.0,0.934,0.932,1.135,1.135,0.801,0.801,0.833,0.833,14.916,4354.0,14720.0,22.531,368.0,44.38
2026-07-08 03:03:25,54.0,68.000              ,699.473,426.0,1200.0,0.0,54.75,54.750              ,54.75,54.75,54.75,54.75,54.75,54.75,54.75,43.955,18.289,42.375,23.668,54.841,6.495,38.363,12.335,30.04,2120.0,2120.0,2650.0,2650.0,2120.0,2120.0,2120.0,2120.0,2650.0,0.926,0.926,0.935,0.935,0.919,0.921,0.793,0.793,15.169,4354.0,14719.0,24.225,369.0,41.28
2026-07-08 03:03:26,54.0,68.000              ,699.504,381.0,1067.0,0.0,54.75,54.750              ,54.75,54.75,54.75,54.75,54.75,54.75,54.75,42.7,19.015,40.122,24.039,60.707,10.332,51.126,15.542,32.948,2080.0,2080.0,2600.0,2600.0,2625.0,2625.0,2100.0,2100.0,2625.0,0.878,0.878,0.867,0.867,1.075,1.073,0.938,0.94,14.766,4354.0,14719.0,22.322,370.0,44.8
2026-07-08 03:03:27,54.0,69.000              ,699.512,200.0,1200.0,0.0,54.75,54.750              ,54.75,54.75,54.75,54.75,54.75,54.75,54.75,37.268,21.838,40.525,28.236,51.367,7.854,45.34,17.032,31.183,2180.0,2180.0,2180.0,2180.0,2180.0,2180.0,2725.0,2725.0,2725.0,0.832,0.832,0.986,0.988,0.841,0.841,0.962,0.96,15.224,4354.0,14719.0,26.343,371.0,37.96
2026-07-08 03:03:28,54.0,68.000              ,699.508,352.0,1067.0,0.0,54.75,54.750              ,54.75,54.75,54.75,54.75,54.75,54.75,54.75,39.967,22.197,37.681,34.967,64.93,8.846,51.251,15.671,34.439,2020.0,2020.0,2020.0,2020.0,2525.0,2525.0,2020.0,2020.0,2525.0,0.799,0.799,0.892,0.893,1.023,1.023,0.89,0.89,15.126,4359.0,14719.0,22.643,372.0,44.16
2026-07-08 03:03:29,54.0,67.000              ,699.512,461.0,1067.0,0.0,54.75,54.750              ,54.75,54.75,54.75,54.75,54.75,54.75,54.75,32.475,24.608,40.681,25.975,56.905,9.74,38.115,19.668,31.021,2120.0,2120.0,2120.0,2120.0,2120.0,2120.0,2625.0,2625.0,2625.0,0.74,0.741,0.867,0.864,0.951,0.951,0.818,0.819,14.984,4362.0,14717.0,25.568,373.0,39.11
2026-07-08 03:03:30,54.0,69.000              ,699.512,200.0,1067.0,0.0,54.75,54.750              ,54.75,54.75,54.75,54.75,54.75,54.75,54.75,41.901,19.418,44.379,27.685,47.447,6.807,48.22,19.751,31.951,2080.0,2080.0,2080.0,2080.0,2080.0,2080.0,2600.0,2600.0,2600.0,0.883,0.882,1.031,1.031,0.805,0.805,1.074,1.076,15.029,4362.0,14717.0,21.178,374.0,47.22
2026-07-08 03:03:31,54.0,69.000              ,699.383,375.0,1200.0,0.0,54.75,54.750              ,54.75,54.75,54.75,54.75,54.75,54.75,54.75,43.217,16.021,45.74,26.929,39.309,8.339,61.123,18.256,32.367,2140.0,2140.0,2675.0,2675.0,2140.0,2140.0,2675.0,2675.0,2675.0,0.85,0.852,0.991,0.991,0.716,0.716,1.214,1.211,14.931,4363.0,14717.0,23.991,375.0,41.68
2026-07-08 03:03:32,54.0,70.000              ,699.324,364.0,1200.0,0.0,54.75,54.750              ,54.75,54.75,54.75,54.75,54.75,54.75,54.75,45.558,18.168,43.698,30.183,46.562,10.502,52.846,20.706,33.528,2200.0,2200.0,2200.0,2200.0,2200.0,2200.0,2750.0,2750.0,2750.0,0.893,0.892,0.986,0.986,0.829,0.829,1.117,1.117,15.114,4363.0,14717.0,21.125,376.0,47.34
2026-07-08 03:03:33,54.0,70.000              ,699.32,420.0,1200.0,0.0,54.75,54.750              ,54.75,54.75,54.75,54.75,54.75,54.75,54.75,48.203,23.593,42.282,27.156,45.088,12.465,50.08,24.337,34.15,2040.0,2040.0,2040.0,2040.0,2040.0,2040.0,2550.0,2575.0,2575.0,0.917,0.917,0.873,0.874,0.799,0.799,1.085,1.085,14.984,4362.0,14718.0,18.674,377.0,53.55
2026-07-08 03:03:34,54.0,69.000              ,699.32,508.0,1200.0,0.0,54.75,54.750              ,54.75,54.75,54.75,54.75,54.75,54.75,54.75,38.559,21.805,42.875,21.775,48.222,8.304,47.88,13.782,30.4,2200.0,2200.0,2200.0,2200.0,2200.0,2200.0,2750.0,2750.0,2750.0,0.859,0.859,0.905,0.903,0.798,0.798,0.994,0.997,15.116,4370.0,14719.0,24.561,378.0,40.71
2026-07-08 03:03:35,54.0,70.000              ,699.324,200.0,1067.0,0.0,54.75,54.750              ,54.75,54.75,54.75,54.75,54.75,54.75,54.75,44.818,18.996,46.442,28.038,61.035,13.416,41.356,16.947,33.881,2060.0,2060.0,2575.0,2625.0,2100.0,2100.0,2080.0,2080.0,2625.0,0.861,0.861,0.968,0.968,1.039,1.039,0.845,0.843,15.093,4371.0,14719.0,22.486,379.0,44.47
2026-07-08 03:03:36,54.0,69.000              ,697.816,450.0,1067.0,0.0,54.75,54.750              ,54.75,54.75,54.75,54.75,54.75,54.75,54.75,35.75,25.479,38.191,34.403,48.509,9.762,43.147,18.195,31.679,2080.0,2080.0,2080.0,2080.0,2600.0,2600.0,2080.0,2080.0,2600.0,0.808,0.808,0.98,0.983,0.779,0.779,0.858,0.858,14.963,4370.0,14718.0,25.048,380.0,39.92
2026-07-08 03:03:37,54.0,69.000              ,697.813,387.0,1200.0,0.0,54.75,54.750              ,54.75,54.75,54.75,54.75,54.75,54.75,54.75,37.654,18.959,66.757,20.958,51.418,9.222,50.667,8.889,33.066,2080.0,2080.0,2600.0,2600.0,2080.0,2080.0,2080.0,2080.0,2600.0,0.823,0.813,1.174,1.171,0.849,0.849,0.904,0.904,15.109,4370.0,14718.0,23.79,381.0,42.03
2026-07-08 03:03:38,54.0,69.000              ,697.813,200.0,1200.0,0.0,54.75,54.750              ,54.75,54.75,54.75,54.75,54.75,54.75,54.75,35.288,22.056,46.071,20.482,52.636,9.019,42.532,14.708,30.349,2040.0,2040.0,2550.0,2550.0,2040.0,2040.0,2040.0,2040.0,2550.0,0.771,0.781,0.92,0.921,0.909,0.909,0.861,0.861,14.974,4370.0,14718.0,22.809,382.0,43.84
2026-07-08 03:03:39,54.0,69.000              ,697.809,393.0,1067.0,0.0,54.75,54.750              ,54.75,54.75,54.75,54.75,54.75,54.75,54.75,42.752,17.633,49.624,25.932,42.972,8.901,51.12,10.709,31.205,2675.0,2675.0,2675.0,2140.0,2675.0,2675.0,2140.0,2140.0,2675.0,0.872,0.872,1.105,1.104,0.785,0.785,0.98,0.98,14.942,4370.0,14716.0,21.974,383.0,45.51
2026-07-08 03:03:40,54.0,70.000              ,697.809,469.0,1200.0,0.0,54.75,54.750              ,54.75,54.75,54.75,54.75,54.75,54.75,54.75,37.263,20.464,55.007,23.605,45.334,10.441,42.706,19.788,31.826,2160.0,2160.0,2700.0,2675.0,2140.0,2140.0,2675.0,2675.0,2700.0,0.77,0.77,1.09,1.097,0.752,0.752,0.924,0.924,15.234,4381.0,14718.0,26.853,384.0,37.24
2026-07-08 03:03:41,54.0,70.000              ,697.813,381.0,1200.0,0.0,54.75,54.750              ,54.75,54.75,54.75,54.75,54.75,54.75,54.75,36.271,20.851,58.634,19.74,50.032,11.926,52.281,8.924,32.332,2040.0,2040.0,2550.0,2550.0,2040.0,2040.0,2040.0,2040.0,2550.0,0.815,0.815,1.095,1.087,0.864,0.864,0.907,0.907,14.926,4380.0,14719.0,22.143,385.0,45.16
2026-07-08 03:03:42,54.0,69.000              ,697.809,435.0,1200.0,0.0,54.75,54.750              ,54.75,54.75,54.75,54.75,54.75,54.75,54.75,41.686,21.157,42.611,27.823,52.138,15.099,49.087,16.806,33.301,2060.0,2060.0,2060.0,2060.0,2575.0,2575.0,2060.0,2060.0,2575.0,0.801,0.801,0.867,0.855,0.877,0.878,0.917,0.917,15.083,4380.0,14718.0,23.606,386.0,42.36
2026-07-08 03:03:43,54.0,69.000              ,697.813,200.0,1067.0,0.0,54.75,54.750              ,54.75,54.75,54.75,54.75,54.75,54.75,54.75,47.662,21.871,47.755,29.37,48.87,12.391,55.661,11.411,34.374,1900.0,1900.0,2375.0,2375.0,1900.0,1900.0,1900.0,1900.0,2375.0,0.845,0.845,0.974,0.987,0.832,0.831,0.939,0.939,15.031,4380.0,14721.0,21.653,387.0,46.18
2026-07-08 03:03:44,54.0,70.000              ,697.809,426.0,1200.0,0.0,54.75,54.750              ,54.75,54.75,54.75,54.75,54.75,54.75,54.75,49.714,25.513,51.796,36.078,59.468,17.818,56.405,14.931,38.965,2080.0,2080.0,2600.0,2600.0,2080.0,2080.0,2080.0,2080.0,2600.0,0.831,0.819,1.02,1.02,0.848,0.848,0.893,0.895,15.078,4387.0,14721.0,27.987,388.0,35.73
2026-07-08 03:03:45,54.0,70.000              ,699.254,406.0,1200.0,0.0,54.75,54.750              ,54.75,54.75,54.75,54.75,54.75,54.75,54.75,48.972,23.188,51.49,25.179,45.978,9.91,58.823,11.482,34.378,1980.0,1980.0,1980.0,1980.0,1980.0,1980.0,2475.0,2475.0,2475.0,0.899,0.913,0.995,0.995,0.764,0.765,0.968,0.977,14.998,4390.0,14725.0,24.508,389.0,40.8
2026-07-08 03:03:46,54.0,71.000              ,699.258,428.0,1200.0,0.0,54.75,54.750              ,54.75,54.75,54.75,54.75,54.75,54.75,54.75,48.78,19.303,47.316,27.058,47.991,11.699,54.35,10.865,33.42,2040.0,2040.0,2040.0,2040.0,2040.0,2040.0,2575.0,2575.0,2575.0,0.901,0.901,0.996,0.996,0.848,0.847,0.979,0.968,14.8,4390.0,14722.0,19.207,390.0,52.06
2026-07-08 03:03:47,54.0,70.000              ,699.258,435.0,1067.0,0.0,54.75,54.750              ,54.75,54.75,54.75,54.75,54.75,54.75,54.75,51.016,24.996,48.859,32.78,47.849,17.389,51.856,14.461,36.151,2060.0,2060.0,2575.0,2575.0,2060.0,2060.0,2575.0,2575.0,2575.0,0.887,0.887,1.025,1.027,0.842,0.842,0.905,0.905,15.279,4390.0,14724.0,20.24,391.0,49.41
2026-07-08 03:03:48,54.0,70.000              ,699.242,484.0,1200.0,0.0,54.875,54.875              ,54.875,54.875,54.875,54.875,54.875,54.875,54.875,51.016,30.092,52.999,36.021,54.547,26.187,57.569,25.864,41.787,2000.0,2000.0,2500.0,2475.0,1980.0,1980.0,1980.0,1980.0,2500.0,0.86,0.861,0.88,0.878,0.873,0.875,0.969,0.97,15.191,4390.0,14721.0,28.822,392.0,34.7
2026-07-08 03:03:49,54.0,69.000              ,699.313,545.0,1200.0,0.0,54.875,54.875              ,54.875,54.875,54.875,54.875,54.875,54.875,54.875,38.068,28.586,46.278,24.661,56.056,12.217,51.632,14.247,33.968,1860.0,1860.0,1860.0,1860.0,2325.0,2325.0,2325.0,2325.0,2325.0,0.733,0.732,0.744,0.744,0.819,0.816,0.834,0.833,14.751,4389.0,14721.0,21.446,393.0,46.63
2026-07-08 03:03:50,54.0,68.000              ,699.305,387.0,1200.0,0.0,54.875,54.875              ,54.875,54.875,54.875,54.875,54.875,54.875,54.875,49.12,23.012,46.999,27.924,49.118,16.674,51.547,12.39,34.598,2020.0,2020.0,2525.0,2525.0,2020.0,2020.0,2525.0,2525.0,2525.0,0.95,0.95,0.995,0.995,0.851,0.851,0.957,0.957,15.072,4389.0,14721.0,22.786,394.0,43.89
2026-07-08 03:03:51,54.0,70.000              ,699.293,413.0,1200.0,0.0,54.875,54.875              ,54.875,54.875,54.875,54.875,54.875,54.875,54.875,45.789,31.245,57.265,36.34,50.603,18.362,54.593,22.863,39.632,2575.0,2575.0,2575.0,2575.0,2080.0,2080.0,2080.0,2080.0,2575.0,0.868,0.868,1.047,1.047,0.826,0.826,0.951,0.951,15.017,4396.0,14723.0,24.262,395.0,41.22
2026-07-08 03:03:52,54.0,70.000              ,699.297,200.0,1200.0,0.0,54.875,54.875              ,54.875,54.875,54.875,54.875,54.875,54.875,54.875,35.136,23.322,40.119,32.942,42.996,18.48,45.084,19.532,32.201,2080.0,2080.0,2080.0,2080.0,2100.0,2100.0,2625.0,2625.0,2625.0,0.773,0.773,1.015,1.015,0.822,0.823,0.922,0.922,14.97,4396.0,14722.0,23.326,396.0,42.87
2026-07-08 03:03:53,54.0,68.000              ,699.293,393.0,1200.0,0.0,54.875,54.875              ,54.875,54.875,54.875,54.875,54.875,54.875,54.875,39.232,25.372,60.231,26.257,49.277,14.178,54.626,10.757,34.991,2100.0,2080.0,2600.0,2600.0,2080.0,2080.0,2080.0,2080.0,2600.0,0.87,0.87,1.174,1.18,0.851,0.851,0.926,0.926,15.072,4396.0,14723.0,22.039,397.0,45.37
2026-07-08 03:03:54,54.0,69.000              ,698.293,375.0,1200.0,0.0,54.875,54.875              ,54.875,54.875,54.875,54.875,54.875,54.875,54.875,41.141,21.927,59.891,25.286,49.125,13.712,52.615,12.73,34.554,2060.0,2060.0,2575.0,2575.0,2060.0,2060.0,2060.0,2060.0,2575.0,0.85,0.85,1.141,1.136,0.852,0.852,0.938,0.938,15.029,4396.0,14723.0,23.47,398.0,42.61
2026-07-08 03:03:55,54.0,71.000              ,698.355,338.0,1200.0,0.0,54.875,54.875              ,54.875,54.875,54.875,54.875,54.875,54.875,54.875,35.19,20.877,66.032,19.777,46.973,13.646,60.585,12.435,34.439,2080.0,2080.0,2600.0,2600.0,2080.0,2080.0,2080.0,2080.0,2600.0,0.815,0.819,1.134,1.134,0.825,0.825,1.041,1.043,15.12,4401.0,14722.0,23.49,399.0,42.57
2026-07-08 03:03:56,55.0,69.000              ,698.359,358.0,1200.0,0.0,55.0,55.000              ,55.0,55.0,55.0,55.0,55.0,55.0,55.0,37.986,18.263,51.178,24.6,53.988,13.409,46.311,8.671,31.801,2080.0,2080.0,2600.0,2600.0,2080.0,2080.0,2080.0,2080.0,2600.0,0.851,0.847,1.051,1.051,0.974,0.975,0.848,0.846,14.874,4400.0,14723.0,26.582,400.0,37.62
2026-07-08 03:03:57,55.0,69.000              ,698.348,442.0,1200.0,0.0,55.0,55.000              ,55.0,55.0,55.0,55.0,55.0,55.0,55.0,32.551,22.797,47.944,24.008,50.47,14.822,46.617,12.4,31.451,2100.0,2100.0,2625.0,2625.0,2625.0,2625.0,2100.0,2100.0,2625.0,0.765,0.767,0.972,0.973,0.889,0.887,0.895,0.895,15.067,4408.0,14722.0,25.501,401.0,39.21
2026-07-08 03:03:58,55.0,70.000              ,698.348,326.0,1200.0,0.0,55.0,55.000              ,55.0,55.0,55.0,55.0,55.0,55.0,55.0,36.932,21.972,48.996,23.162,65.707,10.888,50.218,9.879,33.469,2120.0,2120.0,2120.0,2120.0,2650.0,2650.0,2120.0,2120.0,2650.0,0.856,0.854,0.956,0.955,1.124,1.124,0.853,0.855,14.887,4408.0,14722.0,22.765,402.0,43.93
2026-07-08 03:03:59,55.0,69.000              ,698.352,200.0,1200.0,0.0,55.0,55.000              ,55.0,55.0,55.0,55.0,55.0,55.0,55.0,40.473,23.556,52.874,24.41,50.553,12.65,48.955,12.284,33.22,2080.0,2080.0,2600.0,2600.0,2080.0,2100.0,2100.0,2100.0,2600.0,0.859,0.859,1.05,1.058,0.932,0.932,0.931,0.93,15.176,4408.0,14722.0,21.43,403.0,46.66
2026-07-08 03:04:00,55.0,68.000              ,698.352,469.0,1067.0,0.0,55.0,55.000              ,55.0,55.0,55.0,55.0,55.0,55.0,55.0,41.584,26.569,51.558,29.28,49.922,15.553,56.07,14.548,35.636,2060.0,2060.0,2575.0,2575.0,2060.0,2060.0,2080.0,2080.0,2575.0,0.892,0.888,1.064,1.055,0.863,0.863,0.979,0.979,15.072,4408.0,14724.0,18.822,404.0,53.13
2026-07-08 03:04:01,55.0,70.000              ,698.352,200.0,1200.0,0.0,55.0,55.000              ,55.0,55.0,55.0,55.0,55.0,55.0,55.0,38.336,26.155,44.357,32.599,46.938,17.62,45.293,15.231,33.316,1960.0,1980.0,2475.0,2475.0,2000.0,2000.0,2000.0,2000.0,2475.0,0.802,0.804,1.003,1.003,0.834,0.834,0.837,0.837,15.026,4412.0,14722.0,22.583,405.0,44.28
2026-07-08 03:04:02,55.0,70.000              ,702.395,393.0,1067.0,0.0,55.0,55.000              ,55.0,55.0,55.0,55.0,55.0,55.0,55.0,39.928,20.726,59.767,26.612,50.387,11.145,54.677,13.987,34.654,2060.0,2060.0,2575.0,2575.0,2060.0,2060.0,2060.0,2060.0,2575.0,0.817,0.819,1.122,1.122,0.852,0.852,0.903,0.903,15.03,4414.0,14730.0,23.55,406.0,42.46
2026-07-08 03:04:03,55.0,69.000              ,702.52,406.0,1067.0,0.0,55.0,55.000              ,55.0,55.0,55.0,55.0,55.0,55.0,55.0,39.592,21.939,66.168,21.364,51.312,15.228,54.912,14.403,35.615,2080.0,2080.0,2600.0,2600.0,2080.0,2080.0,2080.0,2080.0,2600.0,0.843,0.845,1.146,1.152,0.852,0.853,0.948,0.948,15.026,4416.0,14731.0,24.515,407.0,40.79
2026-07-08 03:04:04,55.0,71.000              ,704.824,435.0,1200.0,0.0,55.0,55.000              ,55.0,55.0,55.0,55.0,55.0,55.0,55.0,41.719,24.429,60.619,25.197,55.489,16.761,51.428,16.633,36.534,2100.0,2100.0,2625.0,2625.0,2100.0,2120.0,2120.0,2120.0,2625.0,0.824,0.82,1.082,1.076,0.942,0.941,0.891,0.891,14.956,4416.0,14734.0,19.531,408.0,51.2
2026-07-08 03:04:05,55.0,70.000              ,704.824,393.0,1067.0,0.0,55.0,55.000              ,55.0,55.0,55.0,55.0,55.0,55.0,55.0,36.3,21.982,44.233,30.924,48.749,13.578,45.467,13.585,31.852,2080.0,2080.0,2600.0,2600.0,2100.0,2100.0,2100.0,2100.0,2600.0,0.819,0.819,1.094,1.095,0.862,0.862,0.852,0.852,15.046,4419.0,14734.0,23.795,409.0,42.03
2026-07-08 03:04:06,55.0,69.000              ,704.824,393.0,1067.0,0.0,55.0,55.000              ,55.0,55.0,55.0,55.0,55.0,55.0,55.0,49.329,20.625,48.742,31.262,49.689,15.414,48.26,14.588,34.739,2080.0,2080.0,2600.0,2600.0,2080.0,2080.0,2080.0,2080.0,2600.0,0.95,0.953,1.054,1.052,0.85,0.85,0.88,0.885,14.974,4420.0,14733.0,23.351,410.0,42.82
2026-07-08 03:04:07,55.0,70.000              ,707.75,508.0,1200.0,0.0,55.0,55.000              ,55.0,55.0,55.0,55.0,55.0,55.0,55.0,50.164,23.715,52.885,26.663,51.156,13.944,48.02,14.222,35.096,2650.0,2650.0,2120.0,2120.0,2120.0,2120.0,2120.0,2120.0,2650.0,0.99,0.987,1.017,1.018,0.901,0.901,0.881,0.874,15.125,4421.0,14739.0,20.563,411.0,48.63
2026-07-08 03:04:08,55.0,71.000              ,707.688,358.0,1200.0,0.0,55.0,55.000              ,55.0,55.0,55.0,55.0,55.0,55.0,55.0,39.616,19.742,55.154,26.788,47.678,13.816,46.834,14.476,33.013,2080.0,2080.0,2600.0,2600.0,2080.0,2080.0,2080.0,2080.0,2600.0,0.851,0.854,1.155,1.154,0.814,0.814,0.866,0.867,14.886,4421.0,14736.0,24.864,412.0,40.22
2026-07-08 03:04:09,55.0,71.000              ,700.664,381.0,1200.0,0.0,55.0,55.000              ,55.0,55.0,55.0,55.0,55.0,55.0,55.0,38.258,18.323,63.817,20.527,51.416,9.514,49.689,8.482,32.503,2080.0,2080.0,2600.0,2600.0,2080.0,2080.0,2080.0,2080.0,2600.0,0.791,0.789,1.155,1.155,0.865,0.865,0.87,0.87,15.275,4419.0,14730.0,26.481,413.0,37.76
2026-07-08 03:04:10,55.0,69.000              ,700.668,450.0,1200.0,0.0,55.0,55.000              ,55.0,55.0,55.0,55.0,55.0,55.0,55.0,42.925,18.798,62.485,23.196,43.507,11.227,56.866,11.403,33.801,2080.0,2080.0,2600.0,2600.0,2080.0,2080.0,2080.0,2080.0,2600.0,0.826,0.826,1.134,1.134,0.753,0.742,0.943,0.943,14.835,4422.0,14730.0,19.739,414.0,50.66
2026-07-08 03:04:11,55.0,69.000              ,700.664,420.0,1200.0,0.0,55.0,55.000              ,55.0,55.0,55.0,55.0,55.0,55.0,55.0,32.202,19.394,48.63,19.411,48.176,10.62,38.829,9.692,28.369,2120.0,2120.0,2650.0,2650.0,2120.0,2120.0,2120.0,2120.0,2650.0,0.801,0.804,1.034,1.034,0.843,0.855,0.823,0.825,15.127,4421.0,14730.0,25.633,415.0,39.01
2026-07-08 03:04:12,55.0,70.000              ,700.105,387.0,1067.0,0.0,55.0,55.000              ,55.0,55.0,55.0,55.0,55.0,55.0,55.0,40.44,23.024,56.799,27.759,46.341,11.81,48.28,11.864,33.29,2160.0,2160.0,2700.0,2700.0,2160.0,2160.0,2160.0,2160.0,2700.0,0.891,0.888,1.176,1.176,0.862,0.862,0.891,0.89,15.025,4421.0,14729.0,23.193,416.0,43.12
2026-07-08 03:04:13,55.0,70.000              ,695.098,352.0,1200.0,0.0,55.0,55.000              ,55.0,55.0,55.0,55.0,55.0,55.0,55.0,42.94,24.858,52.504,30.363,48.637,14.701,43.77,13.025,33.85,2160.0,2160.0,2700.0,2700.0,2140.0,2140.0,2140.0,2140.0,2700.0,0.872,0.872,1.097,1.099,0.904,0.904,0.832,0.832,15.168,4423.0,14729.0,30.153,417.0,33.16
2026-07-08 03:04:14,55.0,70.000              ,695.102,200.0,1200.0,0.0,55.0,55.000              ,55.0,55.0,55.0,55.0,55.0,55.0,55.0,47.415,22.381,52.822,29.22,41.761,16.902,53.001,14.289,34.724,2040.0,2040.0,2550.0,2550.0,2040.0,2040.0,2040.0,2040.0,2550.0,0.863,0.863,1.042,1.04,0.765,0.765,0.913,0.913,14.878,4424.0,14729.0,24.175,418.0,41.37
2026-07-08 03:04:15,55.0,69.000              ,691.656,370.0,1200.0,0.0,55.0,55.000              ,55.0,55.0,55.0,55.0,55.0,55.0,55.0,43.784,22.567,54.845,28.703,43.434,13.472,49.554,11.731,33.511,2080.0,2080.0,2600.0,2600.0,2080.0,2080.0,2080.0,2080.0,2600.0,0.895,0.895,1.157,1.157,0.79,0.79,0.873,0.873,15.058,4422.0,14722.0,29.399,419.0,34.01
2026-07-08 03:04:16,55.0,69.000              ,691.656,442.0,1067.0,0.0,55.0,55.000              ,55.0,55.0,55.0,55.0,55.0,55.0,55.0,41.055,23.711,62.488,26.231,48.562,14.317,60.154,16.787,36.663,2020.0,2020.0,2500.0,2500.0,2000.0,2000.0,2000.0,2000.0,2500.0,0.842,0.834,1.1,1.107,0.813,0.813,0.985,0.985,15.167,4422.0,14715.0,24.496,420.0,40.82
2026-07-08 03:04:17,55.0,69.000              ,693.602,457.0,1200.0,0.0,55.0,55.000              ,55.0,55.0,55.0,55.0,55.0,55.0,55.0,42.304,28.519,56.016,33.784,54.784,16.775,62.004,18.482,39.083,1960.0,1960.0,2450.0,2450.0,1960.0,1960.0,1960.0,1960.0,2450.0,0.798,0.805,1.025,1.018,0.788,0.788,0.945,0.947,15.063,4428.0,14717.0,19.487,421.0,51.32
2026-07-08 03:04:18,55.0,69.000              ,696.492,450.0,1200.0,0.0,55.0,55.000              ,55.0,55.0,55.0,55.0,55.0,55.0,55.0,43.575,23.628,44.931,33.073,51.328,14.917,49.212,13.757,34.303,1980.0,1980.0,2475.0,2475.0,1980.0,1980.0,1980.0,1960.0,2475.0,0.826,0.818,0.99,0.99,0.806,0.806,0.851,0.849,14.835,4430.0,14720.0,23.239,422.0,43.03
2026-07-08 03:04:19,55.0,69.000              ,696.602,381.0,1067.0,0.0,55.0,55.000              ,55.0,55.0,55.0,55.0,55.0,55.0,55.0,45.58,26.752,47.865,36.101,50.525,16.668,55.67,16.764,36.991,2040.0,2040.0,2550.0,2550.0,2040.0,2040.0,2040.0,2040.0,2550.0,0.886,0.895,1.057,1.057,0.849,0.853,0.965,0.965,15.168,4430.0,14720.0,20.865,423.0,47.93
2026-07-08 03:04:20,55.0,70.000              ,696.598,387.0,1200.0,0.0,55.0,55.000              ,55.0,55.0,55.0,55.0,55.0,55.0,55.0,48.369,18.797,43.607,30.245,47.314,14.031,50.889,13.229,33.31,2080.0,2080.0,2600.0,2600.0,2080.0,2080.0,2080.0,2080.0,2600.0,0.954,0.956,0.989,0.989,0.807,0.803,0.958,0.958,14.86,4433.0,14720.0,27.905,424.0,35.84
2026-07-08 03:04:21,55.0,71.000              ,696.602,413.0,1200.0,0.0,55.0,55.000              ,55.0,55.0,55.0,55.0,55.0,55.0,55.0,49.686,27.292,55.081,26.603,48.161,14.828,58.722,17.55,37.241,2100.0,2100.0,2625.0,2625.0,2100.0,2100.0,2100.0,2100.0,2625.0,0.889,0.887,0.978,0.978,0.768,0.767,0.979,0.983,15.304,4432.0,14718.0,25.023,425.0,39.96
2026-07-08 03:04:22,55.0,70.000              ,700.055,435.0,1200.0,0.0,55.0,55.000              ,55.0,55.0,55.0,55.0,55.0,55.0,55.0,37.725,27.884,43.1,33.418,53.586,17.073,43.631,16.326,34.093,1940.0,1940.0,1940.0,1940.0,2425.0,2425.0,1940.0,1940.0,2425.0,0.738,0.739,0.921,0.921,0.866,0.866,0.748,0.744,14.955,4433.0,14723.0,25.485,426.0,39.24
2026-07-08 03:04:23,55.0,69.000              ,700.066,400.0,1200.0,0.0,55.0,55.000              ,55.0,55.0,55.0,55.0,55.0,55.0,55.0,41.752,25.136,55.523,26.773,46.502,12.274,56.95,13.581,34.811,2020.0,2020.0,2525.0,2525.0,2525.0,2525.0,2020.0,2020.0,2525.0,0.882,0.88,1.036,1.042,0.796,0.796,0.935,0.935,14.926,4437.0,14723.0,22.146,427.0,45.15
2026-07-08 03:04:24,55.0,70.000              ,700.074,484.0,1200.0,0.0,55.0,55.000              ,55.0,55.0,55.0,55.0,55.0,55.0,55.0,50.394,30.659,57.062,39.556,58.239,29.496,65.626,25.93,44.62,1960.0,1960.0,2450.0,2450.0,1960.0,1960.0,1960.0,1960.0,2450.0,0.852,0.854,1.031,1.032,0.93,0.93,0.995,0.995,15.384,4321.0,14609.0,22.542,428.0,44.36
2026-07-08 03:04:25,55.0,71.000              ,701.32,420.0,1067.0,0.0,55.0,55.000              ,55.0,55.0,55.0,55.0,55.0,55.0,55.0,59.19,50.866,64.928,56.916,73.706,47.897,69.571,50.165,59.155,1633.333,1633.333,1940.0,1940.0,1940.0,1940.0,1940.0,1940.0,1940.0,0.783,0.781,0.871,0.864,0.884,0.884,0.926,0.926,14.749,4326.0,14534.0,27.711,429.0,36.09
2026-07-08 03:04:26,55.0,71.000              ,711.309,461.0,1200.0,0.0,55.0,55.000              ,55.0,55.0,55.0,55.0,55.0,55.0,55.0,41.907,25.541,53.187,27.261,52.75,19.337,49.906,18.413,36.038,1800.0,1800.0,1800.0,1780.0,2225.0,2225.0,2225.0,2225.0,2225.0,0.761,0.761,0.91,0.91,0.821,0.826,0.84,0.84,14.888,4334.0,14552.0,23.393,430.0,42.75
2026-07-08 03:04:27,55.0,71.000              ,710.313,352.0,1200.0,0.0,55.0,55.000              ,55.0,55.0,55.0,55.0,55.0,55.0,55.0,49.873,25.906,43.512,30.363,43.468,17.368,51.329,14.139,34.495,2020.0,2020.0,2525.0,2525.0,2020.0,2020.0,2020.0,2020.0,2525.0,1.038,1.038,1.014,1.014,0.867,0.862,0.938,0.939,15.164,4347.0,14553.0,23.848,431.0,41.93
2026-07-08 03:04:28,55.0,70.000              ,712.152,200.0,1200.0,0.0,55.0,55.000              ,55.0,55.0,55.0,55.0,55.0,55.0,55.0,32.616,25.822,49.257,32.435,43.235,11.038,50.322,10.866,31.949,2060.0,2060.0,2575.0,2575.0,2060.0,2060.0,2060.0,2060.0,2575.0,0.834,0.837,1.174,1.174,0.77,0.77,0.891,0.89,14.798,4345.0,14554.0,30.89,432.0,32.37
2026-07-08 03:04:29,55.0,69.000              ,712.023,375.0,1067.0,0.0,55.0,55.000              ,55.0,55.0,55.0,55.0,55.0,55.0,55.0,37.734,25.341,58.593,31.114,42.127,14.751,49.134,14.148,34.118,2100.0,2100.0,2625.0,2625.0,2100.0,2100.0,2100.0,2100.0,2625.0,0.862,0.859,1.197,1.197,0.813,0.814,0.945,0.945,15.246,4345.0,14554.0,26.061,433.0,38.37
2026-07-08 03:04:30,55.0,70.000              ,713.953,200.0,1067.0,0.0,55.0,55.000              ,55.0,55.0,55.0,55.0,55.0,55.0,55.0,39.018,23.632,44.994,32.446,43.121,12.081,43.222,16.659,31.897,2160.0,2160.0,2700.0,2700.0,2180.0,2180.0,2180.0,2180.0,2700.0,0.894,0.894,1.14,1.14,0.79,0.789,0.903,0.903,14.858,4348.0,14565.0,28.508,434.0,35.08
2026-07-08 03:04:31,55.0,69.000              ,714.012,413.0,1067.0,0.0,55.0,55.000              ,55.0,55.0,55.0,55.0,55.0,55.0,55.0,44.083,23.636,51.868,26.401,39.314,11.415,45.487,14.981,32.148,2200.0,2200.0,2750.0,2750.0,2200.0,2200.0,2120.0,2120.0,2750.0,0.962,0.962,1.211,1.211,0.812,0.815,0.919,0.919,15.019,4352.0,14564.0,24.592,435.0,40.66
2026-07-08 03:04:32,55.0,69.000              ,714.012,375.0,1067.0,0.0,55.0,55.000              ,55.0,55.0,55.0,55.0,55.0,55.0,55.0,38.71,25.604,59.324,22.538,41.056,11.441,49.222,19.739,33.454,2675.0,2675.0,2140.0,2140.0,2140.0,2140.0,2120.0,2120.0,2675.0,0.906,0.912,1.177,1.165,0.791,0.787,1.011,1.011,15.017,4351.0,14564.0,21.331,436.0,46.88
2026-07-08 03:04:33,55.0,71.000              ,715.02,387.0,1200.0,0.0,55.0,55.000              ,55.0,55.0,55.0,55.0,55.0,55.0,55.0,42.801,27.232,52.779,28.924,40.612,12.748,47.547,19.365,34.001,2675.0,2675.0,2140.0,2140.0,2140.0,2140.0,2140.0,2140.0,2675.0,0.912,0.907,1.134,1.146,0.777,0.777,0.973,0.963,14.962,4351.0,14557.0,19.414,437.0,51.51
2026-07-08 03:04:34,55.0,70.000              ,715.066,350.0,1200.0,0.0,55.0,55.000              ,55.0,55.0,55.0,55.0,55.0,55.0,55.0,30.226,23.426,52.221,28.159,39.806,10.402,40.1,8.542,29.11,2180.0,2180.0,2725.0,2725.0,2180.0,2180.0,2180.0,2180.0,2725.0,0.84,0.84,1.215,1.215,0.814,0.814,0.857,0.865,15.105,4350.0,14557.0,26.562,438.0,37.65
2026-07-08 03:04:35,55.0,69.000              ,715.07,200.0,1067.0,0.0,55.0,55.000              ,55.0,55.0,55.0,55.0,55.0,55.0,55.0,46.646,21.286,43.945,30.507,39.932,12.961,49.473,16.795,32.693,2080.0,2100.0,2625.0,2625.0,2100.0,2100.0,2100.0,2100.0,2625.0,0.923,0.923,1.076,1.076,0.769,0.769,0.968,0.968,14.998,4351.0,14557.0,24.11,439.0,41.48
2026-07-08 03:04:36,55.0,69.000              ,715.066,375.0,1067.0,0.0,55.0,55.000              ,55.0,55.0,55.0,55.0,55.0,55.0,55.0,40.803,22.899,53.148,25.273,43.977,11.551,51.357,11.857,32.608,2240.0,2240.0,2800.0,2800.0,2200.0,2200.0,2200.0,2200.0,2800.0,0.906,0.906,1.15,1.15,0.841,0.841,0.962,0.962,15.141,4350.0,14555.0,22.557,440.0,44.33
2026-07-08 03:04:37,55.0,69.000              ,713.566,420.0,1067.0,0.0,55.0,55.000              ,55.0,55.0,55.0,55.0,55.0,55.0,55.0,42.029,22.729,56.761,27.947,43.409,13.06,49.248,12.376,33.445,2200.0,2180.0,2725.0,2725.0,2180.0,2180.0,2180.0,2180.0,2725.0,0.87,0.872,1.231,1.24,0.829,0.83,0.884,0.886,14.991,4348.0,14553.0,22.726,441.0,44.0
2026-07-08 03:04:38,55.0,71.000              ,713.613,393.0,1200.0,0.0,55.0,55.000              ,55.0,55.0,55.0,55.0,55.0,55.0,55.0,32.997,20.053,37.272,31.442,44.591,9.642,40.369,12.586,28.619,2180.0,2180.0,2725.0,2725.0,2180.0,2180.0,2180.0,2180.0,2725.0,0.866,0.864,1.141,1.131,0.877,0.876,0.907,0.892,14.824,4349.0,14553.0,25.478,442.0,39.25
2026-07-08 03:04:39,55.0,71.000              ,713.602,344.0,1200.0,0.0,55.0,55.000              ,55.0,55.0,55.0,55.0,55.0,55.0,55.0,43.656,21.978,46.403,28.49,40.464,11.931,47.61,16.79,32.165,2240.0,2240.0,2240.0,2240.0,2240.0,2240.0,2800.0,2800.0,2800.0,0.921,0.921,1.117,1.119,0.806,0.806,1.026,1.042,15.342,4349.0,14553.0,25.909,443.0,38.6
2026-07-08 03:04:40,55.0,70.000              ,706.684,358.0,1200.0,0.0,55.0,55.000              ,55.0,55.0,55.0,55.0,55.0,55.0,55.0,47.489,23.439,45.734,32.32,44.732,15.652,44.2,16.977,33.818,2140.0,2140.0,2675.0,2750.0,2200.0,2200.0,2200.0,2200.0,2750.0,0.942,0.942,1.12,1.118,0.866,0.866,0.904,0.904,14.82,4345.0,14548.0,19.998,444.0,50.01
2026-07-08 03:04:41,55.0,69.000              ,715.719,428.0,1067.0,0.0,55.0,55.000              ,55.0,55.0,55.0,55.0,55.0,55.0,55.0,54.894,25.387,47.726,27.737,36.926,19.949,46.182,14.039,34.105,2775.0,2775.0,2220.0,2220.0,2220.0,2220.0,2220.0,2220.0,2775.0,1.095,1.097,1.04,1.043,0.851,0.851,0.903,0.905,15.226,4344.0,14560.0,20.403,445.0,49.01
2026-07-08 03:04:42,55.0,69.000              ,717.0,400.0,1067.0,0.0,55.0,55.000              ,55.0,55.0,55.0,55.0,55.0,55.0,55.0,42.948,23.537,48.227,28.018,38.936,9.089,42.617,12.611,30.748,2200.0,2200.0,2750.0,2775.0,2220.0,2220.0,2220.0,2220.0,2775.0,1.018,1.017,1.162,1.159,0.789,0.789,0.902,0.894,14.959,4349.0,14560.0,31.756,446.0,31.49
2026-07-08 03:04:43,55.0,70.000              ,716.934,358.0,1200.0,0.0,55.0,55.000              ,55.0,55.0,55.0,55.0,55.0,55.0,55.0,47.477,24.007,50.127,31.128,42.52,11.573,38.92,15.264,32.627,2020.0,2020.0,2525.0,2525.0,2020.0,2020.0,2020.0,2040.0,2525.0,0.901,0.901,1.141,1.143,0.784,0.784,0.826,0.831,15.211,4345.0,14560.0,22.51,447.0,44.42
2026-07-08 03:04:44,55.0,70.000              ,716.938,200.0,1067.0,0.0,55.0,55.000              ,55.0,55.0,55.0,55.0,55.0,55.0,55.0,43.973,28.286,53.357,28.849,41.326,14.456,44.051,15.734,33.754,2120.0,2120.0,2625.0,2625.0,2100.0,2100.0,2120.0,2120.0,2625.0,0.93,0.93,1.12,1.125,0.797,0.785,0.848,0.848,14.841,4344.0,14559.0,23.918,448.0,41.81
2026-07-08 03:04:45,55.0,69.000              ,707.906,200.0,1200.0,0.0,55.0,55.000              ,55.0,55.0,55.0,55.0,55.0,55.0,55.0,35.795,21.357,47.582,24.757,47.359,12.027,44.028,11.529,30.554,2160.0,2160.0,2725.0,2725.0,2180.0,2180.0,2180.0,2180.0,2725.0,0.839,0.839,1.077,1.072,0.882,0.895,0.876,0.876,15.023,4340.0,14553.0,28.066,449.0,35.63
2026-07-08 03:04:46,55.0,69.000              ,707.902,387.0,1067.0,0.0,55.0,55.000              ,55.0,55.0,55.0,55.0,55.0,55.0,55.0,46.208,25.191,49.776,33.916,40.865,15.574,44.184,13.585,33.662,2140.0,2140.0,2675.0,2675.0,2140.0,2140.0,2140.0,2140.0,2675.0,0.911,0.914,1.171,1.168,0.826,0.828,0.875,0.875,15.213,4347.0,14553.0,25.652,450.0,38.98
2026-07-08 03:04:47,55.0,69.000              ,708.457,400.0,1067.0,0.0,55.0,55.000              ,55.0,55.0,55.0,55.0,55.0,55.0,55.0,33.867,20.715,50.619,30.205,34.836,14.985,39.375,12.863,29.683,2180.0,2180.0,2725.0,2725.0,2180.0,2160.0,2160.0,2160.0,2725.0,0.846,0.843,1.228,1.228,0.765,0.763,0.849,0.849,14.881,4346.0,14553.0,28.926,451.0,34.57
2026-07-08 03:04:48,55.0,71.000              ,708.457,200.0,1067.0,0.0,55.0,55.000              ,55.0,55.0,55.0,55.0,55.0,55.0,55.0,31.677,25.247,59.035,27.861,44.257,10.89,48.062,10.299,32.166,2180.0,2180.0,2725.0,2725.0,2180.0,2180.0,2180.0,2180.0,2725.0,0.819,0.82,1.224,1.232,0.844,0.844,0.868,0.868,14.955,4345.0,14553.0,23.616,452.0,42.34
2026-07-08 03:04:49,55.0,69.000              ,706.199,387.0,1067.0,0.0,55.0,55.000              ,55.0,55.0,55.0,55.0,55.0,55.0,55.0,30.419,21.9,65.767,24.711,41.713,9.775,45.438,12.252,31.497,2200.0,2200.0,2750.0,2750.0,2200.0,2200.0,2200.0,2200.0,2750.0,0.817,0.816,1.297,1.296,0.784,0.784,0.93,0.93,15.252,4347.0,14554.0,20.336,453.0,49.17
2026-07-08 03:04:50,55.0,69.000              ,706.199,406.0,1200.0,0.0,55.0,55.000              ,55.0,55.0,55.0,55.0,55.0,55.0,55.0,37.093,27.031,68.734,24.292,38.804,15.198,50.078,12.689,34.24,2180.0,2180.0,2725.0,2725.0,2180.0,2180.0,2180.0,2180.0,2725.0,0.854,0.854,1.24,1.233,0.779,0.779,0.906,0.906,15.08,4345.0,14546.0,20.32,454.0,49.21
2026-07-08 03:04:51,55.0,70.000              ,706.199,428.0,1067.0,0.0,55.0,55.000              ,55.0,55.0,55.0,55.0,55.0,55.0,55.0,34.276,25.701,67.831,22.047,33.806,16.696,44.662,11.446,32.058,2160.0,2160.0,2700.0,2700.0,2160.0,2160.0,2160.0,2160.0,2700.0,0.835,0.835,1.289,1.289,0.781,0.781,0.859,0.859,14.936,4345.0,14547.0,19.293,455.0,51.83
2026-07-08 03:04:52,55.0,69.000              ,706.199,450.0,1067.0,0.0,55.0,55.000              ,55.0,55.0,55.0,55.0,55.0,55.0,55.0,32.837,20.694,36.385,23.597,44.565,13.623,40.107,12.936,28.093,2220.0,2220.0,2775.0,2775.0,2220.0,2220.0,2220.0,2220.0,2775.0,0.875,0.878,0.955,0.955,0.965,0.965,0.922,0.922,14.81,4344.0,14541.0,26.327,456.0,37.98
2026-07-08 03:04:53,55.0,70.000              ,691.598,364.0,1200.0,0.0,55.0,55.000              ,55.0,55.0,55.0,55.0,55.0,55.0,55.0,39.775,21.616,44.257,29.403,46.378,10.243,48.221,9.354,31.156,2300.0,2300.0,2875.0,2875.0,2300.0,2300.0,2280.0,2280.0,2875.0,0.878,0.876,1.097,1.097,0.864,0.864,0.895,0.895,15.306,4334.0,14530.0,21.512,457.0,46.49
2026-07-08 03:04:54,55.0,69.000              ,691.598,435.0,1067.0,0.0,55.0,55.000              ,55.0,55.0,55.0,55.0,55.0,55.0,55.0,53.485,23.971,41.565,27.745,44.472,11.863,49.252,11.818,33.021,2500.0,2500.0,2000.0,2000.0,2000.0,2000.0,2000.0,2000.0,2500.0,0.993,0.992,0.871,0.871,0.793,0.794,0.878,0.878,15.041,4340.0,14530.0,27.019,458.0,37.01
2026-07-08 03:04:55,55.0,69.000              ,691.598,406.0,1067.0,0.0,55.0,55.000              ,55.0,55.0,55.0,55.0,55.0,55.0,55.0,33.556,20.006,46.536,33.009,38.771,11.031,38.473,15.274,29.582,2180.0,2180.0,2725.0,2725.0,2180.0,2180.0,2180.0,2180.0,2725.0,0.843,0.843,1.225,1.225,0.772,0.771,0.841,0.841,15.015,4340.0,14527.0,28.707,459.0,34.83
2026-07-08 03:04:56,55.0,70.000              ,691.535,400.0,1200.0,0.0,55.0,55.000              ,55.0,55.0,55.0,55.0,55.0,55.0,55.0,37.218,20.528,60.609,29.515,44.614,12.279,44.182,15.901,33.106,2200.0,2200.0,2750.0,2750.0,2200.0,2200.0,2200.0,2200.0,2750.0,0.829,0.829,1.285,1.285,0.801,0.801,0.898,0.898,15.115,4338.0,14513.0,23.623,460.0,42.33
2026-07-08 03:04:57,55.0,70.000              ,690.285,400.0,1200.0,0.0,55.0,55.000              ,55.0,55.0,55.0,55.0,55.0,55.0,55.0,27.968,22.929,35.618,32.651,44.032,9.639,40.776,6.962,27.572,2140.0,2140.0,2675.0,2675.0,2120.0,2120.0,2120.0,2120.0,2675.0,0.782,0.784,1.102,1.109,0.808,0.808,0.828,0.828,14.896,4338.0,14513.0,24.672,461.0,40.53
2026-07-08 03:04:58,55.0,70.000              ,690.293,381.0,1200.0,0.0,55.0,55.000              ,55.0,55.0,55.0,55.0,55.0,55.0,55.0,30.09,26.096,37.283,30.607,45.42,9.459,45.318,6.588,28.858,2260.0,2260.0,2825.0,2825.0,2260.0,2260.0,2260.0,2260.0,2825.0,0.845,0.843,1.088,1.08,0.842,0.844,0.85,0.85,15.078,4340.0,14512.0,19.34,462.0,51.71
2026-07-08 03:04:59,55.0,69.000              ,690.344,393.0,1067.0,0.0,55.0,55.000              ,55.0,55.0,55.0,55.0,55.0,55.0,55.0,47.806,26.121,41.992,38.581,43.618,12.319,45.156,13.207,33.6,2100.0,2100.0,2625.0,2625.0,2100.0,2100.0,2100.0,2100.0,2625.0,0.972,0.972,1.115,1.117,0.778,0.776,0.86,0.86,15.067,4336.0,14512.0,23.44,463.0,42.66
2026-07-08 03:05:00,55.0,69.000              ,690.332,457.0,1067.0,0.0,55.0,55.000              ,55.0,55.0,55.0,55.0,55.0,55.0,55.0,33.946,21.967,38.355,30.571,44.458,14.055,44.14,17.71,30.65,2120.0,2120.0,2650.0,2650.0,2100.0,2100.0,2100.0,2100.0,2650.0,0.805,0.807,1.007,1.009,0.857,0.858,0.919,0.919,14.908,4335.0,14514.0,27.538,464.0,36.31
2026-07-08 03:05:01,55.0,70.000              ,690.461,387.0,1200.0,0.0,55.0,55.000              ,55.0,55.0,55.0,55.0,55.0,55.0,55.0,45.559,25.973,45.736,36.632,40.402,13.149,45.83,13.648,33.366,2160.0,2160.0,2700.0,2700.0,2160.0,2160.0,2160.0,2160.0,2700.0,0.942,0.94,1.179,1.178,0.799,0.798,0.877,0.877,15.252,4333.0,14512.0,25.136,465.0,39.78
2026-07-08 03:05:02,55.0,70.000              ,690.465,370.0,1200.0,0.0,55.0,55.000              ,55.0,55.0,55.0,55.0,55.0,55.0,55.0,35.464,23.671,44.582,33.316,39.821,13.652,46.861,12.302,31.209,2100.0,2100.0,2625.0,2625.0,2100.0,2100.0,2100.0,2120.0,2625.0,0.839,0.839,1.176,1.173,0.805,0.793,0.868,0.868,14.673,4335.0,14511.0,29.364,466.0,34.06
2026-07-08 03:05:03,55.0,68.000              ,690.461,393.0,1200.0,0.0,55.0,55.000              ,55.0,55.0,55.0,55.0,55.0,55.0,55.0,29.447,21.991,65.31,24.62,43.118,8.908,41.318,8.383,30.387,2200.0,2200.0,2750.0,2750.0,2220.0,2220.0,2220.0,2220.0,2750.0,0.81,0.81,1.369,1.369,0.798,0.811,0.812,0.812,15.078,4335.0,14511.0,23.492,467.0,42.57
2026-07-08 03:05:04,55.0,69.000              ,690.469,387.0,1067.0,0.0,55.0,55.000              ,55.0,55.0,55.0,55.0,55.0,55.0,55.0,36.07,21.677,64.272,25.633,42.855,12.435,44.097,15.312,32.794,2140.0,2140.0,2675.0,2675.0,2140.0,2140.0,2140.0,2140.0,2675.0,0.811,0.811,1.238,1.238,0.803,0.803,0.89,0.89,15.226,4336.0,14511.0,23.881,468.0,41.87
2026-07-08 03:05:05,55.0,70.000              ,690.48,393.0,1067.0,0.0,55.0,55.000              ,55.0,55.0,55.0,55.0,55.0,55.0,55.0,31.296,23.29,41.574,31.282,40.835,10.398,45.72,7.213,28.951,2100.0,2100.0,2625.0,2625.0,2100.0,2100.0,2100.0,2100.0,2625.0,0.826,0.826,1.132,1.122,0.775,0.775,0.859,0.859,14.876,4336.0,14511.0,30.208,469.0,33.1
2026-07-08 03:05:06,55.0,70.000              ,690.469,387.0,1067.0,0.0,55.0,55.000              ,55.0,55.0,55.0,55.0,55.0,55.0,55.0,43.019,21.865,54.401,26.76,39.948,14.323,39.989,16.655,32.12,2200.0,2200.0,2750.0,2750.0,2200.0,2200.0,2200.0,2200.0,2750.0,0.886,0.886,1.175,1.185,0.818,0.818,0.879,0.879,15.164,4335.0,14511.0,24.565,470.0,40.71
2026-07-08 03:05:07,55.0,71.000              ,689.461,364.0,1200.0,0.0,55.0,55.000              ,55.0,55.0,55.0,55.0,55.0,55.0,55.0,40.373,25.107,47.264,32.04,39.119,13.973,50.429,16.106,33.051,2160.0,2160.0,2725.0,2725.0,2180.0,2180.0,2675.0,2675.0,2725.0,0.893,0.893,1.105,1.105,0.818,0.818,0.988,0.988,14.912,4336.0,14511.0,20.702,471.0,48.3
2026-07-08 03:05:08,55.0,70.000              ,690.336,406.0,1200.0,0.0,55.0,55.000              ,55.0,55.0,55.0,55.0,55.0,55.0,55.0,36.079,21.596,51.445,22.094,49.037,7.545,44.417,11.514,30.466,2200.0,2200.0,2750.0,2750.0,2200.0,2200.0,2200.0,2200.0,2750.0,0.859,0.859,1.078,1.078,0.871,0.871,0.894,0.894,15.074,4336.0,14511.0,29.833,472.0,33.52
2026-07-08 03:05:09,55.0,69.000              ,690.336,370.0,1200.0,0.0,55.0,55.000              ,55.0,55.0,55.0,55.0,55.0,55.0,55.0,44.397,22.454,49.645,28.443,40.448,10.805,47.258,9.104,31.569,2160.0,2160.0,2700.0,2700.0,2160.0,2180.0,2180.0,2180.0,2700.0,0.942,0.935,1.16,1.16,0.79,0.792,0.888,0.888,15.105,4336.0,14510.0,24.382,473.0,41.01
2026-07-08 03:05:10,55.0,68.000              ,694.059,200.0,1067.0,0.0,55.0,55.000              ,55.0,55.0,55.0,55.0,55.0,55.0,55.0,47.529,24.877,47.466,26.637,47.788,13.085,48.025,11.514,33.365,2120.0,2120.0,2650.0,2650.0,2120.0,2120.0,2140.0,2140.0,2650.0,0.95,0.959,1.063,1.063,0.831,0.829,0.89,0.892,15.096,4335.0,14517.0,20.565,474.0,48.63
2026-07-08 03:05:11,55.0,68.000              ,694.059,200.0,1067.0,0.0,55.0,55.000              ,55.0,55.0,55.0,55.0,55.0,55.0,55.0,30.431,22.027,40.337,29.207,43.156,10.246,49.782,10.351,29.442,2140.0,2140.0,2675.0,2675.0,2160.0,2180.0,2180.0,2180.0,2675.0,0.838,0.837,1.083,1.083,0.828,0.828,0.939,0.936,14.867,4341.0,14517.0,28.381,475.0,35.23
2026-07-08 03:05:12,55.0,69.000              ,709.242,406.0,1067.0,0.0,55.0,55.000              ,55.0,55.0,55.0,55.0,55.0,55.0,55.0,34.805,25.238,59.652,28.598,40.461,15.116,51.467,12.58,33.49,2240.0,2240.0,2800.0,2800.0,2240.0,2240.0,2240.0,2240.0,2800.0,0.851,0.851,1.246,1.247,0.821,0.824,0.937,0.937,15.214,4348.0,14544.0,23.497,476.0,42.56
2026-07-08 03:05:13,55.0,69.000              ,709.246,200.0,1067.0,0.0,55.0,55.000              ,55.0,55.0,55.0,55.0,55.0,55.0,55.0,31.753,28.385,64.512,29.595,41.648,14.346,48.374,14.697,34.164,2040.0,2040.0,2550.0,2550.0,2040.0,2040.0,2040.0,2040.0,2550.0,0.809,0.812,1.24,1.241,0.782,0.779,0.864,0.864,14.881,4357.0,14544.0,21.768,477.0,45.94
2026-07-08 03:05:14,55.0,69.000              ,709.242,457.0,1067.0,0.0,55.0,55.000              ,55.0,55.0,55.0,55.0,55.0,55.0,55.0,33.028,26.769,64.632,23.53,43.578,17.555,52.769,13.497,34.42,2080.0,2080.0,2600.0,2600.0,2080.0,2080.0,2080.0,2080.0,2600.0,0.818,0.815,1.187,1.185,0.829,0.829,0.927,0.933,15.116,4356.0,14543.0,19.163,478.0,52.18
2026-07-08 03:05:15,55.0,69.000              ,709.242,469.0,1200.0,0.0,55.0,55.000              ,55.0,55.0,55.0,55.0,55.0,55.0,55.0,35.348,24.151,57.315,26.791,41.335,16.253,49.871,19.359,33.803,2120.0,2120.0,2650.0,2650.0,2120.0,2120.0,2120.0,2120.0,2650.0,0.807,0.807,1.133,1.133,0.807,0.809,0.98,0.986,15.089,4356.0,14545.0,18.901,479.0,52.91
2026-07-08 03:05:16,55.0,70.000              ,709.246,420.0,1067.0,0.0,55.0,55.000              ,55.0,55.0,55.0,55.0,55.0,55.0,55.0,44.037,27.328,49.133,26.542,51.65,13.7,54.891,13.81,35.136,2625.0,2625.0,2100.0,2100.0,2100.0,2100.0,2100.0,2100.0,2625.0,0.876,0.879,0.999,0.999,0.855,0.853,0.939,0.927,14.882,4340.0,14539.0,32.007,480.0,31.24
2026-07-08 03:05:17,55.0,69.000              ,716.516,492.0,1067.0,0.0,55.0,55.000              ,55.0,55.0,55.0,55.0,55.0,55.0,55.0,51.264,26.187,52.901,30.01,47.501,16.76,49.108,12.914,35.831,2060.0,2060.0,2575.0,2575.0,2060.0,2060.0,2060.0,2060.0,2575.0,0.956,0.956,1.019,1.019,0.824,0.824,0.867,0.869,15.213,4335.0,14551.0,21.551,481.0,46.4
2026-07-08 03:05:18,55.0,71.000              ,716.516,435.0,1200.0,0.0,55.0,55.000              ,55.0,55.0,55.0,55.0,55.0,55.0,55.0,48.721,26.2,45.922,32.892,45.258,15.629,51.394,13.128,34.893,2040.0,2040.0,2550.0,2550.0,2040.0,2040.0,2040.0,2040.0,2550.0,0.929,0.928,0.991,0.991,0.801,0.801,0.898,0.897,14.834,4344.0,14551.0,21.523,482.0,46.46
2026-07-08 03:05:19,55.0,72.000              ,716.516,406.0,1200.0,0.0,55.0,55.000              ,55.0,55.0,55.0,55.0,55.0,55.0,55.0,34.968,23.238,47.199,35.884,40.67,15.86,42.976,12.602,31.675,2120.0,2120.0,2650.0,2650.0,2120.0,2120.0,2120.0,2120.0,2650.0,0.817,0.816,1.206,1.206,0.812,0.812,0.834,0.834,15.009,4344.0,14551.0,27.04,483.0,36.98
2026-07-08 03:05:20,55.0,70.000              ,718.332,200.0,1200.0,0.0,55.0,55.000              ,55.0,55.0,55.0,55.0,55.0,55.0,55.0,38.878,22.867,56.799,28.541,46.797,13.129,57.652,12.054,34.59,2080.0,2080.0,2600.0,2600.0,2080.0,2080.0,2080.0,2080.0,2600.0,0.842,0.842,1.103,1.103,0.814,0.814,0.959,0.959,15.075,4343.0,14553.0,23.776,484.0,42.06
2026-07-08 03:05:21,55.0,69.000              ,718.391,442.0,1067.0,0.0,55.0,55.000              ,55.0,55.0,55.0,55.0,55.0,55.0,55.0,35.117,22.546,62.969,22.8,46.415,11.571,57.407,11.765,33.824,2060.0,2060.0,2575.0,2575.0,2060.0,2060.0,2060.0,2060.0,2575.0,0.771,0.773,1.134,1.139,0.786,0.786,0.933,0.933,15.163,4344.0,14552.0,22.223,485.0,45.0
2026-07-08 03:05:22,55.0,69.000              ,716.887,525.0,1200.0,0.0,55.0,55.000              ,55.0,55.0,55.0,55.0,55.0,55.0,55.0,36.854,26.074,41.251,30.928,49.366,11.878,42.869,10.524,31.218,2040.0,2040.0,2550.0,2550.0,2040.0,2040.0,2040.0,2040.0,2550.0,0.776,0.774,0.971,0.965,0.803,0.805,0.74,0.74,14.938,4344.0,14551.0,25.481,486.0,39.24
2026-07-08 03:05:23,55.0,70.000              ,718.172,400.0,1067.0,0.0,55.0,55.000              ,55.0,55.0,55.0,55.0,55.0,55.0,55.0,33.621,21.125,53.637,34.599,41.746,9.646,42.751,10.618,30.968,2000.0,2000.0,2500.0,2500.0,2000.0,2000.0,2000.0,2000.0,2500.0,0.795,0.795,1.261,1.261,0.77,0.768,0.792,0.792,15.067,4344.0,14551.0,21.928,487.0,45.6
2026-07-08 03:05:24,55.0,68.000              ,718.203,581.0,1067.0,0.0,55.0,55.000              ,55.0,55.0,55.0,55.0,55.0,55.0,55.0,30.187,20.934,28.125,38.142,41.372,9.809,46.144,6.89,27.7,2100.0,2100.0,2625.0,2625.0,2100.0,2100.0,2100.0,2100.0,2625.0,0.705,0.705,0.996,0.982,0.743,0.743,0.819,0.819,14.961,4342.0,14552.0,23.695,488.0,42.2
2026-07-08 03:05:25,55.0,68.000              ,720.289,563.0,1200.0,0.0,55.0,55.000              ,55.0,55.0,55.0,55.0,55.0,55.0,55.0,46.781,28.975,49.129,44.746,56.828,18.447,55.543,17.293,39.718,1940.0,1940.0,2425.0,2425.0,1940.0,1940.0,1920.0,1920.0,2425.0,0.661,0.661,0.861,0.877,0.674,0.674,0.691,0.691,15.33,4341.0,14560.0,26.752,489.0,37.38
2026-07-08 03:05:26,55.0,75.000              ,720.285,200.0,933.0,0.0,55.5,55.500              ,55.5,55.5,55.5,55.5,55.5,55.5,55.5,23.848,9.763,47.832,26.889,27.607,6.378,14.925,8.678,20.74,2080.0,2100.0,2625.0,2625.0,2100.0,2100.0,2100.0,2100.0,2625.0,0.984,0.984,2.416,2.412,0.975,0.975,0.789,0.789,12.463,4349.0,14549.0,20.156,490.0,49.61
2026-07-08 03:05:27,55.0,41.000              ,720.285,200.0,933.0,0.0,55.625,55.625              ,55.625,55.625,55.625,55.625,55.625,55.625,55.625,8.345,2.664,52.425,11.01,16.94,6.122,45.008,6.391,18.613,2333.333,2333.333,3500.0,3500.0,2333.333,2333.333,2333.333,2333.333,3500.0,0.675,0.675,1.906,1.906,0.896,0.896,1.548,1.548,12.903,4174.0,14304.0,0.0,491.0,
2026-07-08 03:05:28,56.0,0.000               ,720.285,200.0,933.0,0.0,56.25,56.250              ,56.25,56.25,56.25,56.25,56.25,56.25,56.25,17.464,13.646,69.353,10.783,22.342,5.206,9.006,5.24,19.13,2316.667,2316.667,2316.667,2316.667,3475.0,3500.0,2333.333,2333.333,3500.0,1.174,1.174,3.016,3.016,1.012,1.012,0.759,0.759,13.31,3870.0,13329.0,0.0,492.0,
2026-07-08 03:05:29,56.0,0.000               ,720.285,200.0,933.0,0.0,56.75,56.750              ,56.75,56.75,56.75,56.75,56.75,56.75,56.75,13.802,5.079,54.427,14.455,20.458,5.74,27.012,13.345,19.29,2333.333,2333.333,2800.0,2800.0,2333.333,2333.333,3500.0,3500.0,3500.0,0.911,0.911,2.769,2.769,1.033,1.036,1.479,1.483,13.456,3884.0,13157.0,0.0,493.0,
2026-07-08 03:05:30,56.0,0.000               ,720.285,200.0,933.0,0.0,56.625,56.625              ,56.625,56.625,56.625,56.625,56.625,56.625,56.625,21.731,9.414,78.455,10.717,19.817,3.495,19.11,7.832,21.321,2800.0,2800.0,3500.0,3500.0,2800.0,2800.0,2800.0,2800.0,3500.0,1.175,1.175,2.919,2.919,0.985,0.982,1.099,1.095,14.299,3530.0,12587.0,0.0,494.0,
2026-07-08 03:05:31,56.0,0.000               ,720.281,200.0,933.0,0.0,56.75,56.750              ,56.75,56.75,56.75,56.75,56.75,56.75,56.75,22.173,6.838,44.994,40.815,24.062,3.229,28.412,13.111,22.954,2333.333,2333.333,3500.0,3500.0,2333.333,2333.333,2333.333,2800.0,3500.0,1.131,1.131,2.909,2.909,1.038,1.038,1.39,1.39,14.264,3354.0,11727.0,5514.958,495.0,0.18
2026-07-08 03:05:32,57.0,0.000               ,672.184,200.0,933.0,0.0,57.5,57.500              ,57.5,57.5,57.5,57.5,57.5,57.5,57.5,19.546,14.216,6.785,78.639,22.387,1.297,23.035,3.245,21.144,2800.0,2800.0,3500.0,3500.0,2333.333,2333.333,2333.333,2333.333,3500.0,1.38,1.381,3.693,3.693,1.164,1.164,1.165,1.165,14.853,3341.0,11768.0,0.0,496.0,
2026-07-08 03:05:33,57.0,0.000               ,631.918,200.0,933.0,0.0,57.75,57.750              ,57.75,57.75,57.75,57.75,57.75,57.75,57.75,11.498,4.183,3.161,69.563,47.583,1.403,17.658,4.088,19.892,2800.0,2800.0,3500.0,3500.0,2800.0,2800.0,2800.0,2800.0,3500.0,0.875,0.874,3.244,3.234,2.493,2.493,1.066,1.066,14.692,3252.0,11377.0,2270.194,497.0,0.44
2026-07-08 03:05:34,58.0,3.000               ,631.918,200.0,933.0,0.0,58.75,58.750              ,58.75,58.75,58.75,58.75,58.75,58.75,58.75,19.855,16.887,7.197,84.776,30.683,2.027,42.086,7.007,26.315,2800.0,2800.0,3500.0,3500.0,2333.333,2333.333,2333.333,2333.333,3500.0,1.294,1.294,4.521,4.55,1.489,1.489,1.864,1.864,16.83,3096.0,11181.0,0.0,498.0,
2026-07-08 03:05:35,58.0,3.000               ,631.918,200.0,933.0,0.0,58.875,58.875              ,58.875,58.875,58.875,58.875,58.875,58.875,58.875,6.273,1.151,1.151,96.346,5.414,1.015,6.404,9.425,15.897,2000.0,2000.0,3500.0,3500.0,2000.0,2000.0,2333.333,2333.333,3500.0,0.53,0.53,5.207,5.168,0.579,0.579,0.739,0.739,13.747,3136.0,11220.0,0.0,499.0,
2026-07-08 03:05:36,59.0,0.000               ,631.918,200.0,933.0,0.0,59.25,59.250              ,59.25,59.25,59.25,59.25,59.25,59.25,59.25,2.542,0.0,4.866,95.166,3.078,0.0,3.537,2.081,13.909,1555.556,1555.556,3500.0,3500.0,2333.333,2333.333,2333.333,2333.333,3500.0,0.04,0.04,5.067,5.043,0.577,0.577,0.657,0.658,13.223,3198.0,11216.0,0.0,500.0,
2026-07-08 03:05:37,58.0,0.000               ,628.797,200.0,933.0,0.0,58.25,58.250              ,58.25,58.25,58.25,58.25,58.25,58.25,58.25,9.739,3.195,5.422,63.651,41.557,2.994,17.13,3.413,18.388,2333.333,2333.333,3500.0,3500.0,2333.333,2333.333,2333.333,2333.333,3500.0,0.689,0.689,2.444,2.422,1.667,1.667,0.924,0.922,13.611,3207.0,11016.0,3320.357,501.0,0.3
2026-07-08 03:05:38,57.0,0.000               ,548.82,200.0,933.0,0.0,57.625,57.625              ,57.625,57.625,57.625,57.625,57.625,57.625,57.625,31.708,18.719,21.121,40.384,51.878,3.688,28.619,7.889,25.501,3500.0,3500.0,2333.333,2333.333,2800.0,2800.0,3500.0,3500.0,3500.0,1.537,1.537,2.003,2.003,1.829,1.83,1.216,1.216,15.464,3145.0,10459.0,1310.542,502.0,0.76
2026-07-08 03:05:39,56.0,23.000              ,548.82,200.0,933.0,0.0,56.75,56.750              ,56.75,56.75,56.75,56.75,56.75,56.75,56.75,31.786,11.658,38.691,25.258,51.345,12.329,29.975,8.116,26.145,2333.333,2333.333,3500.0,3500.0,2800.0,2800.0,2333.333,2333.333,3500.0,1.256,1.256,1.77,1.77,1.683,1.682,1.179,1.179,15.405,3064.0,10459.0,61.129,503.0,16.36
2026-07-08 03:05:40,56.0,47.000              ,548.793,200.0,933.0,0.0,56.5,56.500              ,56.5,56.5,56.5,56.5,56.5,56.5,56.5,29.849,16.718,41.368,17.148,43.824,5.828,19.491,5.949,22.522,3400.0,3400.0,2720.0,2720.0,2266.667,2266.667,2720.0,2720.0,3400.0,1.345,1.345,1.64,1.64,1.445,1.449,0.905,0.905,14.325,3064.0,10459.0,44.519,504.0,22.46
2026-07-08 03:05:41,56.0,46.000              ,578.52,200.0,933.0,0.0,56.375,56.375              ,56.375,56.375,56.375,56.375,56.375,56.375,56.375,22.752,11.368,53.741,12.98,48.597,1.961,20.145,5.609,22.144,2333.333,2333.333,2333.333,2333.333,3500.0,3500.0,2333.333,2333.333,3500.0,1.149,1.149,1.875,1.875,1.521,1.517,0.989,0.989,15.16,3074.0,10440.0,33.538,505.0,29.82
2026-07-08 03:05:42,56.0,51.000              ,578.52,200.0,933.0,0.0,56.25,56.250              ,56.25,56.25,56.25,56.25,56.25,56.25,56.25,28.726,14.703,50.561,13.889,45.719,5.101,27.515,7.582,24.225,2800.0,2800.0,3500.0,3500.0,2800.0,2800.0,2800.0,2800.0,3500.0,1.259,1.259,1.797,1.797,1.396,1.396,1.115,1.115,14.966,3085.0,10439.0,17.859,506.0,55.99
2026-07-08 03:05:43,56.0,58.000              ,578.539,200.0,933.0,0.0,56.25,56.250              ,56.25,56.25,56.25,56.25,56.25,56.25,56.25,19.974,9.836,75.001,8.058,21.5,0.594,17.548,3.144,19.457,2333.333,2333.333,3500.0,3500.0,2333.333,2333.333,2333.333,2333.333,3500.0,1.075,1.075,2.44,2.445,0.998,0.998,0.929,0.933,15.217,3084.0,10439.0,17.847,507.0,56.03
2026-07-08 03:05:44,56.0,63.000              ,405.762,200.0,933.0,0.0,56.125,56.125              ,56.125,56.125,56.125,56.125,56.125,56.125,56.125,10.436,4.433,52.829,21.692,9.983,2.292,9.969,4.036,14.459,2560.0,2560.0,3200.0,3200.0,2560.0,2560.0,2560.0,2560.0,3200.0,0.706,0.706,2.683,2.679,0.67,0.67,0.688,0.684,11.903,2704.0,9128.0,17.457,508.0,57.28
2026-07-08 03:05:45,56.0,34.000              ,388.738,200.0,933.0,0.0,56.0,56.000              ,56.0,56.0,56.0,56.0,56.0,56.0,56.0,26.007,14.983,17.181,36.122,43.28,20.112,22.636,16.275,24.574,2760.0,2760.0,2760.0,3500.0,2800.0,2800.0,2800.0,2800.0,3500.0,1.339,1.339,1.864,1.864,2.042,2.042,1.341,1.342,13.952,2688.0,8673.0,0.0,509.0,
